8000 14 6 10000
2 4 0 2 5 3 4 3 2 3 4 1 2 5
1 3 4 4 0 4 3 2 2 5 3 1 2 4
1 3 4 1 2 4 3 3 0 4 2 1 4 4
5 3 0 5 3 5 0 2 1 0 3 5 3 3
3 1 0 2 0 0 2 5 4 0 4 5 2 1
1 2 0 3 1 2 0 5 2 2 0 3 1 0
4 5 2 1 5 4 3 0 0 1 0 3 4 5
2 5 2 0 1 0 3 5 1 2 2 0 3 3
5 3 4 5 5 1 4 4 5 2 3 3 5 5
4 2 1 0 2 3 4 2 2 5 0 4 2 0
1 0 4 4 4 3 3 3 5 1 2 3 1 0
1 1 3 3 1 1 4 2 5 2 3 3 2 5
5 3 5 0 4 4 5 5 0 0 2 0 2 0
0 2 2 5 4 4 5 4 0 3 0 3 0 2
2 0 1 4 5 2 1 4 4 1 1 1 0 2
1 0 5 2 2 1 3 3 5 5 1 1 4 1
4 0 2 3 2 0 3 0 2 1 1 4 5 4
3 1 5 1 2 0 1 2 5 2 1 3 4 3
2 0 5 3 4 2 2 2 2 1 4 4 3 4
0 0 3 1 4 4 1 1 0 5 2 5 4 4
2 2 2 4 3 4 0 2 4 4 5 2 5 0
1 5 4 1 1 5 2 3 1 3 1 0 2 1
1 5 4 5 1 5 2 2 5 2 1 5 2 3
2 0 3 5 4 3 2 3 4 3 4 3 2 5
2 2 5 5 1 1 5 1 1 1 1 4 4 4
0 4 5 4 1 4 3 0 2 5 1 3 5 0
2 1 0 2 1 4 0 1 1 3 0 1 1 4
0 0 1 4 3 2 5 3 3 3 5 3 0 0
3 3 3 3 4 2 5 3 1 0 1 2 2 2
3 4 4 3 0 2 0 4 3 1 3 1 3 3
4 4 2 3 2 1 3 4 3 5 3 0 3 1
3 1 4 5 1 4 1 1 4 2 4 0 4 0
1 2 5 4 2 3 1 5 2 1 2 1 2 0
4 5 0 3 4 3 2 4 1 3 2 5 3 0
3 1 2 3 3 2 5 3 5 3 1 1 0 1
1 4 2 3 0 3 1 0 2 0 4 3 3 3
0 4 4 0 2 2 2 0 0 0 5 5 5 2
4 3 5 1 1 1 1 0 0 0 5 1 2 0
1 4 0 4 1 3 1 4 3 5 5 3 0 5
0 4 5 3 3 3 2 4 3 2 0 5 1 4
5 3 3 3 1 4 3 4 1 4 2 1 0 0
5 1 0 5 4 3 5 0 3 0 4 1 0 1
4 4 0 2 5 2 5 0 5 1 0 2 5 5
2 5 3 2 0 2 2 0 4 3 2 3 1 2
2 3 3 3 4 4 5 0 4 2 5 1 4 4
2 2 1 4 2 1 5 5 0 2 3 2 2 1
5 0 4 0 5 1 5 2 1 2 4 0 4 0
3 1 1 0 5 4 2 0 5 4 2 0 1 5
5 3 0 5 0 3 3 2 2 3 0 1 3 5
4 3 5 0 0 5 5 4 2 5 4 2 0 2
1 2 4 3 0 3 0 3 1 4 5 1 3 0
1 4 5 1 5 4 3 5 3 3 4 5 2 1
5 5 4 2 1 1 0 2 4 2 3 0 3 0
0 1 2 4 3 2 3 2 5 1 2 4 3 4
0 5 1 0 5 0 5 4 0 5 5 5 1 5
5 5 3 1 2 3 0 4 4 5 5 1 5 4
3 4 2 0 3 1 2 3 1 0 1 5 0 4
2 5 3 3 3 1 3 1 2 3 2 0 1 3
2 3 2 5 5 2 0 4 2 3 2 4 0 4
1 5 0 5 1 2 1 3 5 0 1 5 0 0
3 5 0 3 2 3 0 3 2 3 1 1 2 5
3 0 5 1 5 1 5 5 3 5 2 1 1 3
1 1 0 2 2 1 4 2 3 5 4 5 5 4
2 4 5 3 4 4 2 3 4 4 4 3 0 3
1 3 0 0 5 3 1 2 0 2 4 1 3 4
5 4 1 3 0 4 3 4 5 0 1 3 0 1
2 0 4 4 5 2 0 1 0 2 3 0 4 4
2 5 5 5 3 3 3 3 1 3 1 0 2 1
2 2 4 0 0 5 3 1 5 5 0 3 2 5
2 3 1 1 4 4 4 5 5 0 3 4 5 3
3 3 2 4 5 2 5 2 2 4 4 1 3 3
1 4 0 5 4 1 4 4 5 0 3 5 2 0
3 5 2 0 4 4 4 3 1 1 2 1 3 4
1 3 4 3 2 0 3 2 1 5 2 0 0 0
0 3 0 1 5 3 2 3 5 5 2 0 1 1
1 3 3 5 1 5 5 5 4 1 1 0 0 1
3 5 4 3 4 2 1 2 1 2 2 3 5 1
5 3 1 3 1 0 2 2 2 4 4 4 0 5
5 3 0 4 4 1 5 3 5 1 4 4 1 3
0 2 5 5 3 2 3 5 3 3 4 4 4 0
1 5 0 3 5 0 1 3 4 2 1 4 2 2
5 5 4 4 2 4 2 2 2 4 1 1 1 5
3 2 2 0 3 4 1 0 5 4 1 5 4 5
1 4 5 3 4 0 0 1 5 0 1 4 4 2
3 4 4 5 0 4 1 0 2 5 3 3 3 3
0 1 3 4 5 1 5 0 4 4 5 3 4 2
1 1 2 0 2 5 3 5 5 2 1 3 3 5
2 5 2 5 5 5 0 4 4 4 4 5 2 2
3 3 4 4 4 1 5 0 1 1 3 0 4 4
0 0 2 3 4 2 5 4 0 0 4 1 4 3
0 5 1 5 4 1 4 4 1 5 3 5 5 1
4 2 1 4 3 4 2 4 0 2 2 0 4 3
3 1 4 0 1 5 0 1 1 4 0 2 2 2
5 4 0 0 0 0 1 5 1 4 5 0 4 2
1 5 0 1 5 3 1 0 0 2 3 2 2 1
2 0 1 4 1 3 1 2 1 4 5 5 4 3
3 0 5 1 1 0 5 3 4 4 2 0 1 5
0 5 3 1 1 4 3 2 5 0 3 2 0 2
5 0 2 2 2 2 4 0 2 0 1 4 3 0
1 2 1 0 2 2 3 0 2 2 5 0 1 2
2 0 0 2 1 5 4 2 5 5 4 4 2 0
2 2 5 5 3 5 3 1 3 5 1 5 3 4
0 0 3 4 2 3 5 2 4 4 0 1 1 2
4 1 2 1 0 3 1 2 1 0 3 4 5 4
3 5 2 0 4 2 0 5 0 1 2 3 0 0
5 5 3 3 3 2 1 1 0 2 3 4 5 1
1 3 4 1 2 1 3 1 3 3 3 1 1 2
3 4 2 1 3 3 2 1 1 3 1 2 0 1
1 4 3 5 5 2 5 5 1 5 3 2 1 4
1 0 2 3 3 3 4 2 4 3 3 0 5 1
0 3 4 0 1 3 4 3 4 0 0 0 3 0
1 0 4 1 5 0 0 0 5 2 5 5 0 0
4 1 5 3 2 3 3 4 4 5 4 2 4 1
5 2 1 2 4 5 3 1 2 2 4 2 0 1
3 1 0 4 5 5 0 4 2 2 3 5 5 0
1 1 3 5 5 2 0 3 2 5 0 5 4 1
4 5 2 3 2 0 2 4 5 3 5 3 0 2
3 1 0 2 3 2 0 5 5 3 5 0 2 5
0 0 4 0 2 2 1 0 3 1 5 5 4 5
4 0 4 5 1 5 2 3 3 2 1 1 1 1
2 0 5 0 5 5 0 3 4 0 5 1 2 5
1 1 2 3 2 2 3 3 2 2 5 5 0 1
3 5 3 1 4 2 0 4 2 0 3 2 1 5
4 0 1 2 2 5 0 3 3 0 1 4 5 3
1 1 4 2 2 2 2 4 0 1 4 2 2 3
2 4 5 1 2 4 5 5 3 5 2 5 2 4
0 3 4 3 0 1 3 3 1 1 5 3 3 3
3 2 5 0 4 5 1 1 5 4 1 3 0 4
3 1 5 3 4 0 4 5 4 3 5 2 1 4
2 4 1 0 5 2 1 4 3 5 3 3 2 4
1 2 1 5 5 2 1 3 4 2 1 5 1 0
0 4 0 3 5 4 3 2 2 0 3 0 3 0
4 0 2 5 5 4 5 5 4 1 5 2 1 2
1 4 1 0 0 0 5 3 1 3 2 1 1 1
4 4 0 4 0 0 1 2 2 4 3 0 4 0
2 3 2 4 0 4 2 2 5 2 2 5 1 4
5 5 2 3 1 3 3 1 2 1 3 1 0 1
5 2 0 0 1 0 4 0 3 4 0 1 5 0
1 5 3 0 4 0 0 3 0 2 0 0 1 2
1 5 1 0 2 5 0 2 3 4 5 4 3 0
3 1 5 3 2 5 2 1 0 5 0 2 2 0
5 5 3 2 4 4 3 1 0 3 0 0 5 5
0 2 4 5 2 4 5 5 4 4 5 5 5 0
2 4 2 3 1 1 0 0 5 0 2 4 3 4
0 2 4 2 2 3 5 0 4 4 0 0 5 1
1 2 3 1 4 5 4 2 0 1 0 1 0 5
5 3 5 2 1 1 1 3 5 3 3 1 1 5
1 5 0 3 3 0 2 1 4 1 4 5 2 2
0 4 4 0 0 0 3 1 2 0 2 0 2 3
2 2 5 4 5 1 1 0 3 2 2 0 4 5
4 1 3 0 5 4 0 1 2 3 4 3 0 5
1 1 2 2 1 3 5 0 1 0 2 4 4 0
2 1 2 5 3 1 0 1 5 2 1 5 1 4
2 1 5 0 2 1 3 2 5 0 5 3 5 2
4 0 2 2 3 0 5 3 1 1 5 5 0 5
0 3 3 5 5 2 1 5 3 1 0 2 4 0
1 0 3 1 2 4 0 1 4 0 5 2 2 5
5 1 0 0 5 4 5 1 4 3 5 5 3 2
1 0 4 0 4 5 0 5 1 2 3 0 5 3
4 1 1 1 2 3 2 3 2 1 1 4 4 2
4 5 4 1 1 2 3 2 0 5 5 1 1 0
1 4 5 2 5 5 0 1 4 1 0 4 3 4
0 2 0 0 1 5 0 3 3 5 2 0 1 3
0 0 0 3 1 4 1 4 3 0 4 2 3 0
3 3 0 1 4 1 2 0 4 0 3 0 3 0
1 3 3 3 5 1 2 0 0 5 5 1 4 1
4 5 2 1 5 5 1 2 3 3 0 3 4 1
3 3 2 5 4 3 3 1 4 0 4 0 0 1
5 0 2 5 0 0 2 5 0 0 1 0 5 0
3 2 5 2 2 2 1 5 2 0 5 2 3 0
4 0 0 3 1 2 5 5 1 1 5 5 5 3
3 0 4 1 3 5 5 0 2 5 4 4 2 0
2 4 5 4 3 4 0 5 5 4 0 3 3 3
1 2 4 4 0 0 3 4 1 5 5 2 0 4
2 0 0 4 5 5 3 0 1 5 1 1 3 3
0 3 0 2 2 3 0 4 0 2 1 4 1 3
0 5 5 4 3 3 1 0 3 1 5 4 5 2
0 1 2 2 5 5 2 2 5 3 5 1 1 4
1 2 1 4 5 2 2 3 3 5 4 1 5 2
2 2 1 4 2 0 3 4 3 3 5 0 1 3
4 2 4 2 0 1 0 0 3 0 0 1 4 4
0 4 2 3 3 5 1 4 0 0 2 0 0 3
3 4 4 5 4 4 5 5 5 1 5 0 4 1
0 1 3 5 1 5 1 3 2 1 4 1 0 1
2 1 3 0 2 5 2 2 5 0 4 2 4 5
2 1 2 1 4 5 4 3 4 3 0 3 1 4
3 0 0 3 4 2 3 1 2 2 3 1 2 3
1 1 5 1 3 1 1 3 3 2 3 2 4 0
2 3 2 2 2 4 3 5 3 1 3 1 3 2
4 2 1 0 5 0 5 3 4 3 2 3 2 1
2 5 3 2 1 3 2 4 2 0 2 1 4 2
2 3 0 5 4 3 5 2 5 4 3 2 2 2
4 5 5 4 3 5 5 4 5 1 2 3 1 2
3 3 3 2 2 3 4 5 0 3 5 5 5 2
2 5 5 2 5 5 0 5 0 0 3 0 2 5
0 0 2 1 4 5 0 5 0 0 0 5 3 0
5 5 4 3 1 5 5 3 4 3 5 5 5 3
5 0 1 5 2 2 0 4 3 4 0 3 4 2
1 3 0 2 0 4 3 3 0 2 3 4 1 5
2 2 5 5 4 4 0 0 4 5 1 5 1 1
4 0 4 4 3 1 3 2 3 3 2 3 0 1
0 4 0 4 0 4 5 1 4 1 1 1 4 1
5 4 2 1 2 3 1 1 5 5 5 0 0 1
4 3 3 0 5 3 0 4 5 5 0 4 3 0
5 0 3 2 3 4 5 2 0 2 2 3 4 1
4 3 4 2 3 2 1 0 1 2 5 5 5 2
0 3 1 0 0 4 0 2 4 4 4 4 3 3
0 5 3 0 4 2 2 1 2 2 2 3 0 5
2 1 2 0 0 5 3 0 2 0 4 5 1 0
2 2 4 0 0 2 2 3 5 5 3 2 0 0
4 5 3 3 5 3 2 4 3 2 2 4 1 0
4 1 5 4 1 1 2 5 5 3 4 1 0 4
0 5 1 4 3 5 3 4 3 1 1 2 3 4
2 1 3 5 4 0 2 5 4 4 5 3 1 4
3 0 5 4 4 4 1 4 0 0 1 0 0 5
2 0 1 5 4 5 1 2 0 5 4 1 3 2
0 1 1 1 5 1 2 4 0 0 2 4 5 5
2 4 5 3 5 3 5 1 1 0 4 5 2 5
4 2 4 5 3 3 1 3 2 0 4 5 5 1
0 4 4 4 5 4 2 1 3 5 1 0 3 0
5 0 2 0 4 2 2 5 2 0 1 3 5 3
4 2 2 5 2 3 5 5 3 4 4 3 0 2
5 5 3 2 4 3 1 2 3 1 5 5 4 0
5 4 4 2 3 5 3 1 0 4 3 5 1 0
5 3 5 5 0 3 4 2 1 4 0 1 0 2
5 0 5 0 5 1 5 1 2 5 3 2 5 5
3 0 0 1 3 5 3 4 2 5 0 0 1 1
4 2 4 1 3 2 0 4 0 2 0 2 5 3
0 4 0 0 3 5 5 5 4 4 0 0 1 4
2 5 3 4 2 4 5 4 0 3 1 2 4 1
1 0 2 1 1 3 4 1 3 0 1 2 2 0
3 1 1 3 0 2 3 4 2 1 1 1 4 4
0 3 2 2 4 2 1 0 0 3 4 0 0 4
0 0 2 3 4 4 5 2 4 0 2 0 4 5
5 0 1 5 2 0 5 2 2 5 1 4 2 4
3 4 1 5 3 0 2 3 3 5 5 3 2 1
5 2 4 2 0 2 5 0 5 2 3 3 2 1
1 4 5 1 4 4 3 1 2 1 0 5 1 3
3 1 5 3 2 2 3 5 1 3 0 2 0 3
2 4 1 4 1 5 4 4 1 4 4 4 5 3
1 5 3 5 1 1 5 5 2 0 1 0 1 1
4 3 0 4 3 0 5 4 0 5 4 5 0 2
2 5 5 1 5 4 3 4 3 4 3 5 2 1
2 1 4 4 3 4 5 1 4 5 1 2 5 1
4 0 4 1 0 3 3 5 3 3 5 4 0 1
3 3 1 5 5 5 0 4 5 3 0 3 3 4
0 5 3 1 1 0 1 1 0 0 0 2 2 5
3 1 3 0 3 2 3 1 4 3 2 0 4 0
5 1 4 5 5 1 1 2 5 3 1 3 2 2
3 0 3 0 2 1 3 1 3 4 5 0 3 2
1 3 1 3 4 0 4 4 2 4 2 4 2 4
4 1 4 1 3 3 0 1 4 2 4 2 2 3
4 1 0 0 4 5 1 5 2 2 3 4 0 5
1 5 3 2 1 2 0 1 1 5 5 3 3 5
4 0 1 5 3 0 2 3 5 1 0 3 4 3
0 2 0 2 1 4 0 2 5 1 5 0 2 3
4 3 1 3 5 3 1 4 5 0 0 0 0 1
3 2 5 1 0 2 5 3 4 2 3 0 1 4
5 3 4 0 0 4 2 3 0 4 2 0 5 4
2 5 4 2 1 5 2 1 1 1 0 3 3 0
4 2 4 5 0 0 1 4 1 2 4 4 3 3
5 4 0 5 3 2 3 3 0 0 4 0 2 3
2 5 4 4 1 3 0 3 0 0 4 0 0 4
1 3 4 1 2 0 4 1 4 1 5 3 2 0
4 2 2 2 1 0 4 0 0 4 3 3 4 0
1 5 0 1 1 5 5 4 4 3 5 4 2 1
0 2 3 3 1 3 0 1 0 5 3 0 4 0
5 3 5 3 3 0 3 3 2 5 0 2 4 4
1 0 2 0 0 4 3 0 3 0 1 4 1 4
0 5 0 0 0 0 2 0 2 1 2 1 4 4
0 0 5 4 1 2 2 3 1 5 3 4 1 0
3 2 2 0 2 1 2 3 5 2 1 1 3 5
3 2 2 1 2 4 5 0 3 0 0 3 0 1
5 5 3 0 2 1 5 4 2 0 0 3 4 1
3 1 1 2 4 4 5 3 0 4 0 5 1 3
5 2 0 5 1 0 5 1 0 3 4 0 2 0
1 1 5 0 2 2 1 3 2 4 3 5 2 3
0 1 5 4 5 0 5 1 0 4 0 3 3 0
5 2 5 3 2 3 4 0 5 5 5 5 0 4
2 4 0 1 0 4 0 5 1 4 0 0 2 3
4 0 2 0 3 4 5 4 2 3 1 3 2 0
3 1 0 4 2 3 5 5 5 0 4 2 1 3
3 3 4 2 5 2 4 0 5 2 4 4 3 0
5 2 4 5 1 3 3 3 1 0 2 2 4 0
4 3 2 5 4 3 4 4 2 2 2 2 2 1
3 2 1 3 3 5 1 1 3 0 4 5 1 1
5 0 4 4 4 2 1 1 2 4 5 0 2 1
1 0 3 0 5 4 0 1 3 3 4 1 0 0
5 5 2 1 4 4 3 2 5 1 1 5 5 1
0 2 4 5 2 4 1 0 1 1 2 4 1 4
4 2 5 4 1 5 3 3 1 1 5 5 4 1
1 1 0 3 1 1 3 1 2 3 5 0 4 2
0 3 5 5 5 5 5 1 4 0 4 2 0 1
5 0 3 3 4 3 5 4 4 4 0 5 2 2
2 3 3 5 3 4 5 0 1 3 5 4 4 1
1 0 4 5 4 1 3 4 4 4 5 0 4 3
2 0 4 5 1 4 5 4 2 2 4 0 3 5
3 5 3 0 1 3 4 2 1 5 1 1 5 4
2 0 2 2 5 3 5 1 4 4 0 1 0 5
2 3 5 3 4 0 0 0 4 0 1 0 3 2
4 0 1 0 1 3 5 3 1 0 0 3 3 2
3 2 3 0 2 5 2 2 4 5 0 2 1 0
0 4 2 3 5 0 4 0 0 3 2 5 1 5
2 0 1 5 4 2 0 0 5 4 4 1 5 2
0 1 0 3 5 4 1 3 3 5 2 3 3 1
4 2 1 4 4 3 2 3 3 5 1 3 0 3
0 4 3 3 2 5 2 2 0 2 1 2 2 4
0 3 3 3 3 2 1 0 2 1 1 2 3 4
2 3 1 2 4 0 0 1 0 5 5 0 0 3
1 0 3 2 2 4 0 0 2 0 2 4 4 4
3 0 2 0 5 5 0 4 1 1 4 4 1 3
3 5 3 2 5 2 1 1 0 4 3 2 2 2
0 1 3 2 4 2 1 4 3 2 1 2 3 4
4 4 4 3 2 1 3 4 3 3 1 5 3 4
4 2 4 2 5 3 0 0 1 4 2 3 3 2
4 3 3 2 0 5 0 4 0 2 0 2 4 1
5 1 3 2 3 4 5 4 3 2 5 5 5 5
3 5 1 3 4 0 4 3 3 0 1 5 2 3
4 5 4 1 5 3 1 2 2 2 4 2 3 2
3 2 4 2 2 5 5 2 2 0 4 3 4 5
4 1 2 2 4 1 4 4 5 1 0 5 1 4
1 3 1 4 1 4 2 3 1 1 2 2 3 3
0 5 3 4 4 5 3 4 1 3 5 2 5 1
3 2 3 2 3 4 0 5 4 1 5 0 2 1
0 1 0 0 5 2 3 2 2 3 5 3 3 0
0 4 2 2 3 5 4 3 1 5 2 3 0 4
2 5 2 2 4 0 0 5 5 5 5 0 4 3
3 4 0 4 0 1 1 5 3 4 4 2 3 5
3 1 2 2 0 1 3 3 3 2 4 5 2 3
5 1 5 2 2 1 1 2 4 5 1 4 2 2
5 5 3 1 1 5 3 3 3 4 1 4 5 3
2 2 5 3 5 0 5 3 1 4 5 2 5 1
0 3 4 5 4 0 3 4 1 3 4 5 3 3
2 0 5 4 1 0 3 0 4 3 3 1 5 3
5 4 3 5 5 2 3 3 3 2 5 5 3 4
5 5 0 0 1 2 3 5 2 5 1 3 4 0
5 5 3 0 1 2 4 0 2 2 1 0 1 4
2 4 1 3 4 0 0 3 3 3 4 2 1 1
1 3 2 2 1 0 1 5 1 2 0 0 1 5
1 3 5 4 3 1 0 3 2 0 3 3 3 2
1 0 3 2 4 0 5 5 2 0 3 0 3 0
4 5 4 3 5 4 4 4 0 0 5 0 2 2
2 4 0 2 0 5 5 5 0 2 3 3 5 1
3 5 4 3 1 1 4 2 3 0 2 4 4 5
1 4 1 0 4 4 2 0 1 3 2 1 1 1
2 4 1 1 1 4 3 1 1 4 3 3 2 3
1 4 4 1 1 0 0 5 5 2 1 0 4 2
4 1 1 4 3 1 4 4 4 3 2 3 2 5
3 4 2 5 3 0 0 3 2 4 2 2 2 4
5 5 1 2 1 2 5 0 5 2 4 4 5 3
4 1 1 0 0 3 5 0 3 2 1 2 1 2
2 3 0 3 1 0 2 4 0 3 0 2 1 4
5 1 5 2 1 4 3 4 3 2 3 0 1 4
5 1 4 3 0 4 1 0 0 0 5 4 5 2
0 1 0 2 3 4 2 2 0 3 5 3 5 2
5 3 1 2 4 3 0 0 1 3 0 0 5 4
3 2 2 3 2 2 5 1 0 2 4 4 2 5
3 4 2 2 4 0 2 0 5 0 3 4 5 3
0 1 5 0 0 1 0 3 2 0 4 0 2 5
3 4 1 0 2 4 4 2 4 4 3 0 4 5
0 2 2 5 2 2 3 4 0 0 0 5 3 4
3 2 0 2 5 0 0 2 3 0 2 2 4 5
2 1 3 0 3 1 0 4 0 5 5 0 2 5
1 0 3 0 5 0 3 3 5 4 5 2 2 0
3 0 2 1 2 1 3 0 1 0 1 3 2 4
4 0 2 1 4 3 3 5 5 1 0 4 5 1
0 5 3 4 5 5 5 0 2 5 3 2 5 0
2 5 3 4 3 1 4 5 5 0 0 1 0 3
2 1 2 4 1 3 2 0 0 0 2 0 4 0
5 4 0 5 3 1 3 0 1 1 0 4 3 4
0 0 1 1 5 2 2 0 3 1 2 5 2 0
1 0 5 4 2 0 5 5 0 5 1 3 1 4
3 3 3 3 5 5 0 3 1 5 3 4 2 3
2 0 4 3 1 3 4 3 0 2 2 5 4 5
3 3 4 4 3 2 1 0 3 1 4 5 1 5
4 4 3 3 4 0 3 5 3 5 2 4 5 1
5 5 1 0 1 5 5 1 1 3 2 0 0 3
3 5 0 0 2 0 4 2 1 3 0 5 3 2
3 5 3 0 0 3 2 3 1 3 0 2 0 0
0 2 1 3 2 2 5 0 4 4 5 2 4 0
5 2 2 1 3 3 1 3 3 3 5 0 1 1
1 3 1 2 5 4 5 4 5 5 5 1 2 4
5 2 0 0 2 1 2 3 0 0 3 0 5 0
1 1 1 1 1 4 0 0 5 3 2 3 2 3
3 1 4 0 4 5 5 4 2 2 1 4 4 4
3 5 0 2 1 5 4 0 5 5 3 2 1 5
2 3 3 4 5 5 5 4 3 3 2 0 5 5
5 0 3 3 4 3 4 0 0 2 4 4 4 1
4 0 3 1 3 2 4 0 5 2 3 3 3 1
0 5 0 1 5 4 5 3 0 2 2 0 4 3
0 1 1 4 1 1 3 3 1 5 4 3 1 0
5 0 3 3 0 3 1 3 4 4 1 1 1 0
2 4 4 4 5 2 4 0 0 0 2 4 2 5
3 1 5 3 3 3 4 0 1 4 0 0 3 4
1 0 1 1 2 3 0 2 4 0 5 5 0 1
1 4 3 2 4 1 2 4 5 5 5 1 3 0
5 5 2 5 3 4 1 2 2 5 1 4 2 5
5 3 5 2 3 2 5 4 3 4 1 5 1 3
3 2 3 3 0 0 1 1 3 5 5 1 2 4
3 5 4 5 3 0 3 3 2 1 3 1 5 4
5 1 1 2 4 3 2 2 2 1 5 4 2 4
3 1 5 2 5 1 4 2 5 0 0 4 1 1
2 4 1 1 5 3 5 5 2 1 0 2 3 3
2 2 4 3 2 5 0 3 5 3 2 5 5 4
1 3 4 5 5 5 3 2 2 5 1 3 4 0
4 4 0 1 5 0 1 5 1 2 3 5 1 1
5 3 3 5 4 4 3 0 2 5 4 3 3 5
5 3 1 4 4 0 1 5 4 3 0 2 4 3
3 2 0 4 0 2 5 3 0 3 3 2 2 2
3 2 4 5 1 3 1 3 3 3 1 5 3 2
0 0 4 0 4 2 1 0 3 4 2 1 5 0
5 2 1 0 5 4 4 0 4 0 4 5 5 4
5 2 5 1 5 4 5 3 2 3 5 2 1 2
5 0 1 1 2 4 5 4 4 2 3 5 4 0
2 1 2 0 5 1 1 2 3 1 0 2 4 1
0 3 4 4 5 5 4 0 0 1 2 3 2 0
3 4 4 4 1 0 4 4 0 1 0 2 4 5
5 3 2 5 3 5 0 2 3 2 3 5 1 3
3 1 0 2 2 1 5 1 3 5 5 0 3 1
1 4 4 2 3 1 1 2 4 5 4 0 1 1
4 3 1 5 3 5 2 3 4 1 3 2 1 3
1 4 0 3 2 2 4 2 5 2 2 5 1 1
5 4 0 3 4 0 1 1 3 2 3 2 1 2
4 0 5 2 0 4 3 3 1 0 4 1 1 4
2 3 1 0 1 0 5 4 5 4 1 3 4 2
1 3 4 2 5 2 5 5 5 2 0 3 4 3
4 4 2 1 3 1 1 1 4 3 5 5 2 2
1 1 2 5 4 4 0 4 3 5 4 5 2 1
5 4 2 5 0 2 0 2 1 5 0 1 4 2
2 5 0 4 4 1 5 0 0 0 5 5 5 3
0 3 0 5 5 4 3 2 4 0 0 1 0 5
4 0 2 4 3 4 2 4 1 3 4 5 4 0
4 1 3 4 3 3 2 3 1 1 1 5 1 4
4 3 0 1 2 5 0 1 0 4 0 5 3 5
5 5 0 1 0 0 1 3 5 3 2 1 5 2
4 2 4 5 5 4 0 3 1 5 2 0 2 2
5 5 0 2 2 4 0 5 0 2 0 0 2 5
4 3 3 3 2 4 0 5 2 3 3 5 3 0
0 4 0 3 2 1 4 1 4 1 1 0 4 5
3 5 0 4 0 2 0 1 4 3 5 0 4 3
1 5 4 3 5 5 3 2 5 2 2 3 0 0
1 4 4 0 5 1 1 4 5 0 1 4 5 2
0 1 2 1 3 0 3 3 5 5 0 2 1 0
3 3 3 0 1 5 2 3 2 3 5 3 4 5
1 3 0 2 3 4 2 4 2 0 1 4 5 5
0 4 1 4 0 3 1 0 3 4 2 3 5 4
4 4 3 3 3 2 0 4 3 3 5 4 0 5
4 2 5 3 3 2 3 3 5 3 4 0 0 1
2 2 0 2 4 4 3 5 1 0 1 3 4 3
2 4 0 3 1 3 1 1 3 3 5 4 5 1
1 3 0 4 5 2 3 1 4 4 4 0 2 3
5 2 2 2 1 2 4 3 5 4 5 3 3 0
4 5 2 1 2 0 3 1 1 4 1 1 0 0
2 0 1 4 1 0 5 4 4 1 0 3 3 0
3 2 1 4 4 4 3 5 0 3 5 5 2 4
3 0 3 2 0 4 0 4 2 5 5 3 2 1
5 1 2 3 0 3 2 0 5 5 3 3 4 0
1 2 4 3 5 4 2 4 3 1 0 0 4 2
3 5 0 0 5 3 0 5 1 4 0 4 5 4
2 0 3 0 0 2 1 0 2 3 4 5 2 3
4 4 4 1 5 5 3 4 3 4 4 2 2 5
4 0 0 4 2 1 3 1 2 1 4 0 3 3
0 4 4 5 2 5 4 3 5 1 2 2 1 4
1 1 2 0 5 4 0 4 2 3 5 2 5 2
1 3 0 1 1 5 1 3 0 1 2 3 3 4
0 3 4 5 1 3 3 5 4 5 2 5 0 3
4 1 5 3 2 4 5 3 5 0 1 3 1 4
0 5 4 4 3 0 1 1 0 2 3 1 2 0
3 1 0 2 1 2 1 4 1 4 2 5 0 1
4 3 0 5 2 0 3 5 5 1 4 0 3 5
2 1 4 3 2 5 0 0 4 5 2 5 1 1
0 2 0 3 0 2 3 2 0 2 2 4 3 0
3 3 3 4 0 3 5 3 0 5 5 2 3 5
5 4 3 5 2 3 5 4 4 2 4 5 0 5
4 5 3 3 5 4 3 0 5 4 0 2 5 2
4 3 2 4 3 1 1 0 2 0 5 2 3 0
4 5 1 3 5 1 0 0 5 0 3 3 4 3
4 1 3 4 4 4 3 1 1 2 3 1 1 1
0 5 3 3 1 2 0 4 1 0 1 3 4 0
5 2 3 5 2 3 4 3 0 1 0 3 5 2
5 5 1 4 4 1 3 2 1 5 2 5 4 5
1 2 4 5 4 5 3 4 3 0 0 1 5 1
5 0 3 3 2 5 4 4 4 1 3 2 5 0
0 5 0 2 4 4 4 4 4 0 3 0 4 1
2 5 0 3 0 0 1 3 3 5 1 2 4 2
2 3 1 0 1 5 4 0 3 3 3 5 5 1
1 1 1 2 5 5 4 2 1 5 3 0 1 1
0 3 2 4 1 5 0 5 4 3 4 3 1 4
5 5 0 0 5 2 0 5 2 5 2 5 1 4
5 0 2 0 5 5 2 2 2 4 1 0 2 2
2 1 2 3 2 1 5 1 2 2 3 1 5 4
0 0 0 0 2 0 0 4 3 4 2 2 4 4
5 5 1 4 2 2 2 1 4 5 5 3 1 5
0 1 1 1 0 4 0 1 2 5 0 3 3 2
4 3 5 0 3 2 2 3 3 1 1 2 4 5
2 1 5 1 3 3 3 2 1 0 4 0 4 2
2 4 3 4 0 3 5 2 4 2 5 2 3 5
4 5 5 4 2 5 5 0 2 1 4 4 1 2
3 1 2 4 4 5 2 3 4 4 2 2 2 5
0 4 3 1 4 0 1 4 5 4 5 0 0 2
3 0 0 0 3 3 5 4 1 2 1 5 0 4
2 5 1 3 0 3 5 0 4 0 2 0 4 4
0 5 5 3 5 2 0 0 2 3 1 0 0 5
1 0 5 3 0 4 1 0 2 3 3 0 0 4
4 0 1 4 0 5 4 5 4 2 0 3 0 2
3 3 0 1 5 5 4 1 1 0 5 5 3 0
1 4 0 2 2 0 4 3 4 3 1 4 5 4
2 4 4 4 4 2 1 2 2 4 2 1 1 4
3 3 5 3 0 3 5 5 2 2 4 4 1 2
4 3 3 1 0 5 5 1 4 0 5 5 5 1
4 1 0 2 2 3 5 0 4 4 2 3 2 4
4 1 2 4 5 5 4 2 2 4 3 2 1 0
5 1 1 1 0 5 2 3 2 4 3 4 3 2
1 2 0 1 1 5 5 1 5 3 1 3 4 1
0 2 3 0 3 1 3 4 0 4 3 3 2 4
2 3 5 2 4 3 1 4 3 4 5 4 4 0
3 4 5 1 3 2 2 2 0 5 3 4 0 4
1 4 2 1 3 0 5 2 4 4 2 5 4 4
0 0 2 2 4 2 5 2 2 1 3 3 0 5
5 0 4 3 5 0 3 0 5 2 2 0 0 5
4 3 2 0 4 2 2 1 1 0 1 2 5 5
1 1 0 5 2 2 5 5 5 3 4 5 3 1
5 4 0 2 2 2 5 2 1 5 3 0 4 2
2 1 2 3 4 0 0 2 2 3 4 5 3 3
3 2 5 4 0 1 4 2 2 3 4 3 0 0
3 3 1 3 1 3 3 1 4 5 0 5 0 0
4 5 4 0 3 0 4 2 2 5 1 2 1 3
2 4 3 2 4 5 5 3 4 2 4 4 5 1
3 1 5 1 1 3 0 5 0 5 2 4 5 2
5 2 1 4 2 0 5 3 0 3 2 4 3 3
1 2 5 3 5 4 0 5 5 1 3 0 5 1
3 0 3 4 5 0 2 1 0 0 4 2 2 0
2 1 5 5 1 0 3 4 3 0 0 2 1 1
0 2 3 3 5 5 5 2 1 2 0 1 4 0
2 3 0 2 3 4 3 0 5 3 0 4 2 4
4 4 3 2 0 2 4 5 5 5 1 4 0 2
5 3 1 3 5 5 3 0 3 2 4 0 5 3
0 3 4 5 4 0 4 1 1 3 2 4 3 5
2 0 1 2 0 3 3 1 0 0 2 0 3 3
1 0 2 5 2 5 3 5 2 1 4 4 5 1
2 1 0 2 2 0 1 2 2 3 5 2 5 3
3 5 3 5 5 4 5 5 1 1 1 2 4 4
4 0 1 3 5 2 0 5 3 0 0 2 0 2
5 1 4 1 5 1 5 3 3 1 0 5 5 1
0 0 0 0 2 2 3 5 3 4 4 4 5 3
4 5 4 3 0 2 2 0 0 5 3 5 5 3
3 1 0 2 4 5 3 2 3 4 2 1 2 3
5 4 3 4 4 0 3 0 4 3 2 5 2 0
2 4 4 2 1 3 1 0 3 3 2 1 3 0
5 0 3 0 0 1 0 3 0 2 0 4 2 1
3 0 3 3 2 1 3 2 5 3 4 4 3 3
1 3 1 5 1 4 2 4 0 2 4 4 0 3
1 1 1 4 5 4 1 3 2 0 4 4 3 1
4 5 0 5 1 1 2 0 3 4 2 3 1 0
3 2 3 3 5 1 2 4 0 2 4 3 4 3
5 5 3 1 5 3 4 2 2 0 0 1 0 0
2 0 3 1 1 2 2 0 2 0 4 3 0 2
1 3 4 3 1 3 0 1 1 2 5 3 4 3
5 1 1 3 4 0 1 2 4 4 1 5 5 2
5 3 3 1 1 0 5 5 3 2 5 0 2 2
3 5 1 1 0 5 5 0 5 4 0 5 0 2
3 5 0 4 4 4 5 4 3 0 0 1 5 0
1 1 0 4 4 2 3 3 4 3 5 1 4 4
2 1 4 4 0 4 5 1 0 3 3 2 3 4
1 1 5 5 2 5 3 4 5 4 3 4 2 4
2 5 3 2 2 3 0 0 0 4 3 1 2 1
3 1 5 4 3 0 4 5 3 3 3 0 5 2
2 2 3 2 0 3 5 1 3 3 3 1 0 1
0 5 1 3 0 3 5 0 4 2 1 1 1 0
2 5 4 4 3 2 2 2 5 3 3 2 0 4
3 4 1 2 1 5 4 1 5 5 5 4 5 1
4 2 3 2 4 3 5 2 0 0 5 3 1 2
3 3 4 1 1 1 5 3 0 4 2 1 3 4
2 5 0 3 1 4 4 2 2 1 2 2 3 4
3 1 2 1 5 2 4 2 5 1 5 4 5 4
1 4 2 5 1 0 4 0 2 1 0 5 5 0
0 0 3 5 0 1 1 2 2 4 0 4 4 1
4 0 1 2 0 3 1 5 1 3 0 4 2 5
4 3 1 3 4 1 2 4 0 1 4 1 2 4
4 3 5 0 1 1 0 1 1 4 0 4 5 1
3 4 0 4 2 4 0 2 2 2 3 0 2 0
1 3 5 5 1 4 1 4 2 1 2 4 5 4
2 5 4 1 1 2 0 1 4 4 5 5 0 5
2 4 5 3 5 4 2 4 1 0 0 0 1 4
5 4 5 4 5 2 0 1 5 4 3 3 0 2
4 1 4 5 4 4 2 0 1 0 0 0 4 5
1 1 2 1 5 1 1 2 2 5 4 2 0 0
0 5 2 3 4 4 5 4 1 1 4 3 4 2
0 4 4 2 5 5 0 4 5 3 3 5 3 3
0 1 3 2 4 1 0 3 3 4 3 5 0 2
1 5 4 0 5 2 3 0 3 3 2 4 0 5
0 4 4 4 2 0 2 0 3 2 2 4 0 1
3 5 2 3 4 1 0 5 5 4 5 4 2 4
2 0 5 0 5 3 3 1 3 4 1 5 4 2
3 5 4 0 5 2 0 4 0 1 3 0 3 1
4 1 0 1 0 0 1 2 1 1 0 5 0 5
1 5 5 4 5 3 3 4 3 5 4 4 1 1
5 0 5 4 5 4 1 1 0 4 5 1 4 2
4 3 2 1 2 1 3 4 4 2 1 0 4 4
4 4 4 3 1 5 3 1 1 1 3 1 0 4
5 0 2 3 5 2 5 0 5 0 2 1 2 4
0 5 2 1 2 4 4 2 4 4 3 5 0 3
5 1 2 4 1 3 3 4 2 5 4 0 1 3
3 1 1 0 2 3 2 3 3 1 5 3 3 2
4 5 1 2 0 0 5 5 3 1 1 4 4 0
3 0 3 4 1 4 4 3 2 4 2 0 2 5
3 2 3 4 2 1 0 5 2 5 5 3 1 3
4 5 5 0 4 3 1 2 0 2 0 1 5 5
3 2 3 4 0 3 1 5 4 5 4 3 2 5
4 4 5 3 5 4 1 0 1 1 5 4 2 2
4 2 4 4 0 2 0 5 4 3 5 3 3 1
4 4 5 2 5 5 5 5 2 0 3 0 1 0
3 4 5 2 2 1 4 2 0 5 0 1 1 4
0 1 2 2 5 4 4 3 2 4 0 5 2 0
4 3 2 0 3 0 2 5 4 2 2 4 3 1
1 2 2 1 1 4 4 5 3 1 4 4 1 5
2 5 1 4 1 4 1 5 3 5 0 0 4 5
0 2 1 1 5 5 0 1 3 3 0 1 0 2
1 1 0 4 1 2 1 2 4 3 5 4 4 4
4 3 2 1 3 1 0 2 4 1 5 4 1 5
3 1 0 4 0 2 4 5 3 3 5 0 3 1
4 4 1 1 0 3 0 5 0 0 1 5 2 4
3 5 1 4 3 3 2 0 2 2 3 1 5 4
1 3 4 5 5 0 3 4 5 2 1 5 1 0
0 1 1 2 3 5 3 2 2 5 3 2 0 1
2 1 0 5 0 2 2 5 5 5 4 0 4 5
2 3 3 1 2 3 5 3 0 2 5 3 0 5
3 0 2 4 3 4 3 0 3 0 5 1 1 4
1 1 1 4 2 4 2 1 2 0 3 3 1 4
2 5 1 3 3 3 4 0 2 3 4 3 1 2
5 5 1 2 4 1 3 4 5 3 1 5 2 5
4 2 1 2 4 3 0 3 1 2 1 1 4 4
0 0 4 5 2 5 4 5 2 4 4 5 4 2
1 1 5 0 4 4 4 1 2 1 0 3 1 2
4 4 1 4 4 2 2 3 1 4 5 1 0 1
0 5 0 5 4 4 1 1 2 4 3 5 1 0
2 1 0 5 2 0 5 5 2 5 3 4 1 4
2 2 1 1 4 1 3 0 5 0 0 0 1 4
0 4 4 0 4 4 1 3 3 0 0 4 0 5
3 5 2 5 3 5 2 4 0 5 1 2 1 0
3 0 3 1 0 5 4 1 3 4 2 5 0 1
4 0 0 1 4 2 5 3 0 1 0 0 3 1
0 2 5 0 0 5 4 4 4 2 1 4 0 5
1 2 3 5 1 1 0 2 3 3 2 5 3 3
2 2 1 5 5 1 5 3 5 5 3 1 5 3
5 1 3 4 2 5 3 0 3 4 0 2 2 1
2 4 0 4 0 2 0 2 5 2 0 5 3 4
5 2 4 1 5 0 3 0 2 2 1 4 2 0
3 5 1 1 3 2 0 1 2 2 3 5 1 4
2 0 4 2 3 2 1 2 0 1 4 2 2 3
5 5 4 1 0 4 5 5 4 0 3 5 3 1
2 0 0 2 0 2 4 3 0 5 4 4 3 4
5 5 5 0 0 1 0 2 3 5 1 1 0 1
0 3 5 1 4 4 2 5 3 4 2 5 3 0
2 3 5 3 2 0 0 0 5 5 5 0 0 2
1 3 1 2 4 1 3 5 4 1 3 4 0 5
0 4 0 0 2 2 5 3 5 2 4 5 4 0
2 2 3 3 1 0 5 4 0 3 1 5 5 2
1 0 0 5 3 5 2 0 5 2 0 4 5 3
5 5 1 2 5 0 3 5 3 2 1 1 5 3
5 0 2 0 1 3 4 5 5 3 4 2 0 5
4 5 4 4 0 2 3 5 4 0 5 2 4 3
2 3 0 5 4 3 5 0 5 4 3 5 0 3
1 4 4 5 3 0 2 3 4 2 5 1 5 5
3 1 0 4 2 1 1 0 4 4 2 3 0 5
3 1 5 3 3 0 5 4 2 2 1 3 0 0
5 4 5 3 1 1 3 2 4 2 1 5 5 5
4 4 0 2 1 3 0 1 5 5 4 4 3 4
4 5 0 4 3 5 3 0 0 3 0 3 4 5
3 0 1 4 4 3 1 0 3 2 0 3 2 0
0 4 1 4 5 4 0 1 0 1 2 5 3 4
3 0 3 4 0 3 2 0 3 0 1 5 3 5
2 2 5 3 1 4 1 5 4 2 5 5 5 0
0 5 1 1 0 4 1 4 0 3 1 5 1 2
1 4 0 5 5 1 4 1 5 2 1 4 3 5
1 5 0 2 5 2 3 5 3 3 4 4 0 5
0 2 3 3 0 2 5 5 1 3 2 2 1 2
2 1 1 2 3 4 3 4 0 0 2 5 4 2
5 4 4 2 2 2 4 1 3 4 4 3 3 4
1 0 3 5 4 5 4 1 2 1 0 4 5 1
1 4 1 2 4 1 1 5 0 0 0 3 5 2
2 1 4 1 3 5 2 1 4 4 2 4 1 3
3 2 4 5 0 4 0 0 5 2 2 1 3 3
2 0 1 3 0 5 4 4 3 1 1 3 3 4
0 4 1 2 1 1 2 0 3 1 5 5 4 0
3 1 1 4 1 0 0 0 1 0 4 0 0 5
5 5 5 3 5 1 5 5 4 1 2 2 2 2
3 3 0 0 5 3 3 2 0 2 4 4 4 0
2 2 4 4 2 4 1 3 2 3 0 1 4 3
1 4 3 5 4 4 4 0 0 4 4 3 2 5
1 2 1 1 3 3 0 0 0 2 3 5 4 0
2 3 4 4 2 4 1 4 2 1 0 4 4 0
1 2 5 2 3 5 5 3 1 4 3 5 5 4
4 5 4 4 0 3 3 2 2 3 4 0 4 5
2 5 3 5 3 2 5 1 5 0 4 5 4 1
0 3 4 3 5 0 1 4 0 4 1 5 1 0
4 1 2 1 5 2 4 5 2 4 0 1 3 4
5 2 0 0 2 4 4 2 1 5 2 2 0 5
5 0 0 2 2 1 5 4 4 5 1 3 2 5
5 5 5 1 1 5 3 1 1 1 2 2 5 4
0 0 5 4 3 1 2 3 0 2 2 0 3 2
4 2 0 2 2 0 0 4 0 3 3 3 5 0
5 5 2 3 4 3 3 0 5 2 2 2 0 3
2 4 2 0 3 4 2 1 0 5 4 3 5 0
1 5 2 1 4 1 5 5 3 0 5 3 1 3
4 1 4 4 5 5 5 2 5 4 3 1 4 0
1 3 3 1 2 2 2 0 5 4 4 3 5 0
1 4 4 1 1 4 4 3 3 3 4 3 0 0
5 1 0 5 3 0 3 2 5 4 4 2 3 3
5 4 1 2 2 1 0 4 2 0 4 3 4 0
3 2 1 0 0 2 5 2 3 2 2 0 0 2
1 1 1 3 5 1 5 0 2 4 0 5 0 1
3 4 3 1 5 1 3 2 2 4 2 3 0 1
0 5 4 5 1 3 0 3 3 3 0 5 4 1
1 2 5 1 4 4 1 2 2 0 4 0 1 1
5 2 0 1 2 2 3 1 2 1 4 1 1 3
3 3 0 3 5 5 1 5 4 2 5 4 2 3
1 5 5 5 0 3 5 0 2 3 5 3 3 0
2 5 1 5 1 1 0 4 2 3 2 3 4 5
2 3 3 0 0 5 3 3 1 5 4 4 0 1
5 4 4 2 4 3 1 0 5 0 1 2 0 3
2 0 0 0 5 5 0 4 4 3 5 4 0 4
5 1 5 0 5 2 5 3 1 0 2 0 3 3
5 0 3 1 5 3 2 1 1 3 4 1 5 3
0 1 1 4 0 3 5 3 2 5 5 2 4 1
0 1 1 0 5 2 2 1 0 1 0 0 2 3
5 2 1 0 3 3 5 0 2 0 1 1 2 1
1 2 2 5 5 1 5 4 0 4 2 2 3 1
3 1 0 3 5 0 1 1 5 5 0 1 1 3
5 5 3 4 2 4 4 3 3 3 1 3 4 1
5 1 2 3 2 3 1 5 4 4 2 4 1 3
2 3 4 4 0 2 4 5 3 5 4 3 0 4
1 0 5 1 3 2 0 3 5 5 2 5 5 4
2 0 4 3 1 4 1 4 3 5 2 3 0 3
1 5 2 3 0 0 5 3 5 1 0 0 2 0
3 2 3 4 3 3 3 2 1 1 4 3 0 4
0 2 5 3 0 5 1 2 3 1 0 4 4 2
2 3 0 0 0 2 0 2 5 3 2 5 4 4
1 5 3 4 5 4 2 0 2 4 2 3 0 3
3 5 2 0 3 0 4 0 5 3 0 2 2 4
2 4 1 2 0 5 4 0 3 5 2 4 4 5
5 0 0 2 0 0 0 1 1 3 0 2 4 1
2 1 1 3 1 0 4 1 3 0 1 3 0 0
3 4 0 4 5 5 3 0 4 2 1 0 5 1
2 1 5 5 2 3 5 2 4 1 0 3 1 5
5 4 3 0 0 1 0 5 4 0 4 2 0 1
0 0 1 4 0 3 4 2 5 4 3 3 4 4
1 2 5 2 0 5 4 5 2 0 1 5 0 5
1 1 1 5 0 4 0 0 5 2 1 3 5 1
2 5 0 0 2 1 3 4 0 3 5 0 1 0
5 2 5 2 4 5 5 4 1 4 5 4 5 0
5 3 4 4 5 4 3 4 2 3 0 2 2 4
1 5 5 4 2 3 0 3 2 0 0 5 2 4
0 0 5 1 2 1 5 2 1 2 5 2 3 0
2 1 4 3 4 4 3 5 5 1 1 5 3 0
3 0 5 0 4 5 1 3 3 1 0 4 1 5
3 1 3 2 1 1 4 0 0 3 0 5 5 4
0 1 2 1 5 3 4 5 5 3 2 1 5 2
2 0 3 3 1 2 1 4 4 3 0 1 5 4
4 0 3 2 0 3 3 1 4 5 4 0 1 4
0 3 5 0 5 2 2 4 2 3 4 2 1 4
2 4 0 5 5 2 4 0 3 5 2 3 1 0
4 1 4 0 1 3 4 5 2 4 0 0 1 1
0 1 3 0 3 0 2 2 3 3 0 3 1 2
1 0 4 5 2 3 0 3 3 5 0 5 4 3
3 3 4 5 1 1 5 1 2 4 5 5 5 4
3 1 2 4 5 0 4 4 0 1 1 0 4 5
0 2 0 5 2 4 4 2 0 3 3 5 3 5
0 4 3 4 5 5 5 4 2 5 4 1 3 4
1 0 5 0 2 4 5 2 3 0 2 2 2 1
1 4 2 2 1 2 0 2 0 3 2 0 4 3
2 2 3 1 2 0 0 5 3 4 5 1 4 1
2 5 3 3 5 0 2 1 3 5 4 1 5 4
2 1 4 3 3 2 3 3 0 3 1 0 4 3
2 4 1 5 4 1 2 2 2 0 2 2 0 2
4 1 0 4 1 1 4 3 4 3 0 3 1 5
1 0 4 5 3 4 3 4 1 2 4 1 0 4
4 5 4 4 4 2 1 5 2 3 1 1 1 1
0 4 1 2 4 4 1 0 2 1 0 1 3 2
2 1 3 2 1 5 5 2 2 4 5 5 3 2
4 5 0 3 5 0 1 5 0 0 1 3 1 1
1 3 1 5 2 0 4 1 0 4 2 4 3 1
5 3 5 0 4 5 2 0 0 1 4 1 2 3
1 1 3 2 4 5 4 2 2 2 4 4 0 5
1 1 0 0 3 3 5 2 0 2 2 5 1 5
3 3 0 2 2 0 3 4 5 5 1 5 2 5
1 3 4 2 0 4 2 4 5 1 5 0 0 5
4 1 2 3 2 0 1 1 4 0 2 0 3 2
0 5 1 0 0 5 0 0 2 0 4 1 1 0
5 3 2 3 2 3 3 3 2 3 1 2 5 3
4 1 0 1 3 4 4 1 1 0 5 4 1 4
0 0 5 3 1 2 2 5 5 0 4 3 5 5
5 3 0 4 1 2 5 0 4 1 1 2 0 5
2 4 2 1 5 1 4 4 4 1 5 3 1 0
5 0 0 5 0 2 2 5 1 1 0 3 1 3
1 1 5 3 0 5 5 1 5 2 3 0 5 2
4 5 3 3 1 0 5 3 1 3 1 3 1 4
5 5 1 1 0 3 3 2 4 0 1 0 1 3
0 5 2 4 3 0 1 3 5 4 1 0 2 3
3 4 5 5 5 3 3 4 4 0 5 5 5 5
4 1 4 1 0 1 2 3 2 5 0 3 3 3
4 2 3 4 1 5 0 2 4 2 1 2 3 2
2 1 5 5 0 1 5 1 4 0 4 1 0 1
0 3 0 5 0 0 0 2 2 1 4 3 1 5
4 5 5 1 5 2 3 1 2 5 4 2 1 5
0 0 2 5 5 0 5 5 4 0 0 3 5 2
5 1 3 1 4 1 1 4 0 3 5 1 0 5
3 2 2 3 2 1 1 0 5 1 1 5 1 2
4 0 5 0 4 3 2 3 5 2 2 0 0 2
2 2 1 5 1 5 0 5 2 2 0 5 3 0
3 4 4 0 2 0 3 0 1 0 3 4 4 0
0 0 1 0 5 1 3 5 3 1 0 1 1 4
1 3 2 2 1 4 0 5 5 2 2 2 0 1
0 3 4 5 1 2 1 4 1 0 2 3 1 0
2 0 0 5 5 5 3 2 5 5 5 3 2 0
5 5 0 5 0 0 2 4 2 3 4 5 1 3
5 4 1 2 1 4 1 0 3 0 2 5 1 2
2 3 2 0 3 5 0 1 5 2 1 0 3 4
0 1 5 0 3 0 4 5 0 5 1 2 5 4
3 4 3 3 5 5 2 4 3 5 3 2 2 2
2 0 1 1 1 5 5 1 1 0 4 2 5 0
5 4 4 0 1 0 3 4 0 2 3 0 5 1
3 2 5 2 4 2 3 4 4 3 0 1 2 3
5 1 3 3 1 0 0 3 1 3 0 4 0 4
5 3 0 2 3 3 1 2 1 2 4 4 2 4
3 5 1 0 4 0 2 2 4 2 1 0 3 2
3 4 3 4 5 3 2 4 3 3 4 1 5 3
0 0 3 5 3 4 0 3 4 4 5 1 1 4
2 2 0 5 0 5 1 0 5 1 0 2 5 5
2 4 5 0 3 4 4 4 5 2 2 4 0 5
2 1 5 3 2 2 2 3 5 2 1 4 5 3
4 0 0 5 4 3 4 1 5 4 1 3 1 0
0 2 0 5 0 5 5 5 4 1 5 2 1 2
5 3 5 0 3 0 5 2 3 4 3 5 0 0
0 1 4 5 4 4 5 3 2 3 2 3 3 2
4 4 5 0 4 0 1 1 3 4 4 3 3 4
0 4 0 4 3 1 5 0 5 5 2 1 0 2
3 0 5 3 3 2 0 1 4 5 5 0 1 2
5 2 2 3 3 0 2 5 4 2 4 4 5 0
0 3 0 5 5 2 0 5 5 2 0 5 3 0
5 0 1 0 1 0 4 2 5 4 5 1 1 5
1 3 3 3 3 0 4 3 0 1 3 1 1 4
1 5 3 1 0 5 2 4 0 2 5 0 5 4
5 0 3 1 0 3 3 5 3 3 5 5 1 5
5 5 3 5 2 5 3 1 5 5 4 3 3 0
1 1 3 4 1 4 5 1 0 1 0 2 5 3
2 3 0 2 1 5 3 0 3 2 4 5 4 3
1 0 5 3 2 4 0 0 3 2 5 3 3 0
1 0 1 0 3 3 0 1 0 2 1 2 1 4
4 3 2 3 4 4 3 2 4 4 3 0 5 2
1 3 3 3 0 3 5 1 2 0 5 3 1 1
0 2 5 3 3 0 2 3 1 4 2 1 3 5
0 1 3 0 1 2 2 3 3 5 3 3 1 0
0 2 4 2 3 0 4 2 2 3 5 2 5 3
1 3 0 5 4 4 0 0 1 0 0 0 3 3
3 0 2 1 1 5 5 3 4 3 3 2 4 2
1 0 5 5 1 3 3 2 5 1 2 5 0 0
2 5 4 2 4 5 1 4 5 4 5 3 3 4
4 0 1 4 3 1 5 3 5 5 5 0 2 2
1 4 2 5 5 3 2 0 2 2 5 5 0 2
4 1 2 4 0 5 1 0 3 4 4 0 4 3
0 4 4 3 2 1 4 2 3 2 3 1 3 2
1 3 4 0 0 2 2 4 1 5 3 5 0 3
4 4 4 4 0 1 2 2 1 5 2 2 3 4
1 2 3 0 5 1 3 4 5 0 1 1 4 2
4 0 4 5 5 2 2 4 3 1 1 0 0 1
1 5 0 4 0 2 4 0 0 3 4 1 1 1
0 0 2 4 1 4 3 0 0 2 4 3 4 2
1 0 3 0 0 3 4 4 2 1 5 2 3 1
4 2 0 1 0 4 0 1 3 3 3 5 2 5
4 1 3 2 5 2 5 5 3 0 3 4 0 5
5 2 5 0 3 4 4 2 2 3 5 5 4 5
0 1 2 3 2 1 2 3 1 3 1 4 5 5
2 1 2 0 0 3 5 1 4 3 4 0 3 4
5 0 2 4 5 1 2 0 5 2 4 3 2 5
0 3 0 1 5 1 2 2 5 0 3 5 3 5
1 1 4 1 4 4 5 5 4 0 4 1 3 2
3 2 1 3 4 0 3 1 0 0 0 2 1 0
4 5 5 0 5 0 1 1 4 4 1 4 4 4
1 2 3 3 5 0 4 5 4 2 5 3 4 2
3 0 2 4 4 3 5 4 0 4 0 5 4 5
5 3 1 2 5 3 0 1 3 0 5 0 1 0
4 3 0 0 4 0 2 5 0 0 5 1 5 1
0 0 3 5 4 3 2 5 2 2 0 3 1 2
4 1 4 3 4 5 3 5 3 3 5 2 0 5
1 0 1 0 3 3 2 3 4 3 3 0 4 3
2 2 2 1 1 5 4 3 3 2 3 4 5 3
5 3 0 4 0 4 4 5 3 4 0 3 2 1
4 3 4 1 3 1 2 0 5 5 1 5 5 3
2 5 3 0 0 4 5 1 4 1 1 3 0 1
2 3 5 3 5 0 0 2 3 5 3 2 2 3
3 5 4 3 2 3 3 3 2 3 4 5 3 4
2 1 3 4 0 4 3 0 3 0 4 2 5 1
5 1 0 5 0 4 0 5 3 5 3 3 3 0
3 0 1 1 1 5 3 1 2 0 2 5 5 3
4 5 0 5 2 3 5 0 5 2 3 5 2 3
2 5 1 1 0 1 1 1 3 0 5 4 5 4
5 4 5 0 0 2 0 0 1 5 2 4 2 2
0 3 2 3 0 0 2 0 1 5 2 4 3 2
4 4 1 4 1 0 3 3 5 5 1 3 1 2
5 4 5 5 4 2 2 0 4 4 2 2 5 3
4 3 0 0 3 2 5 2 0 0 0 2 1 2
3 3 1 0 4 2 3 4 1 2 3 0 1 4
2 2 4 2 5 2 5 5 2 5 0 3 3 3
1 3 0 5 0 0 1 2 0 4 5 5 5 1
5 0 3 5 5 3 1 3 3 5 4 0 0 0
1 0 0 4 5 4 1 4 3 2 5 5 0 0
0 4 4 1 5 0 5 5 5 0 2 0 0 2
5 2 2 0 5 0 5 1 5 2 0 5 0 1
3 2 4 4 1 1 3 2 3 3 2 4 0 2
3 1 5 1 2 2 1 1 0 4 5 5 0 1
5 4 3 3 5 4 0 4 3 1 3 0 3 3
2 0 4 4 4 1 0 5 2 1 3 5 0 4
5 4 3 1 1 0 2 4 2 3 1 2 4 2
4 1 1 5 0 0 2 4 2 2 3 5 3 4
0 5 0 0 2 5 2 3 5 2 1 3 3 3
4 2 0 5 1 3 4 4 1 0 0 2 5 3
3 2 4 1 5 0 1 0 5 2 3 3 5 3
2 2 1 2 5 3 4 2 0 0 4 3 5 0
0 5 5 1 4 5 0 3 4 3 4 3 5 5
2 5 0 5 3 0 5 3 0 1 0 4 0 5
5 2 2 2 0 5 4 5 5 1 2 1 0 3
4 2 5 1 0 3 3 2 2 3 2 5 5 4
5 0 2 1 4 2 1 5 0 3 0 4 4 2
2 2 0 0 1 3 2 5 1 0 3 2 1 2
1 0 3 3 0 2 3 0 4 3 3 1 3 5
3 0 0 1 1 2 2 5 0 5 0 0 4 3
4 1 4 5 2 2 5 4 4 0 4 1 1 1
1 4 3 3 3 0 3 3 0 4 1 4 2 4
2 0 1 1 5 1 4 4 0 5 0 0 5 0
4 4 5 3 5 1 0 5 5 5 5 3 2 4
1 0 1 3 5 3 2 0 1 5 5 1 3 3
5 0 5 4 4 1 3 3 2 3 1 2 0 2
5 0 0 3 4 1 4 3 5 5 5 2 4 2
3 1 0 3 3 5 5 4 2 3 1 3 2 5
1 2 2 3 4 4 1 5 3 4 2 1 4 3
0 4 0 1 0 1 4 3 1 4 5 2 0 5
3 0 5 3 1 4 5 4 5 4 0 2 1 0
4 1 3 4 1 4 2 2 1 0 1 3 2 5
5 4 1 3 4 1 0 0 0 1 3 4 1 2
4 4 0 3 0 1 2 5 5 3 1 3 1 5
4 5 5 4 3 2 4 3 1 3 5 4 2 5
2 4 0 5 1 5 2 5 0 1 3 0 4 4
5 0 5 4 3 3 3 3 5 3 3 1 1 1
5 3 0 5 3 0 0 3 0 3 4 2 1 4
0 1 3 5 0 2 3 5 3 0 2 0 1 0
0 5 3 4 1 1 4 1 5 4 4 4 1 1
5 3 2 2 4 4 4 2 3 5 0 4 2 1
5 0 5 5 1 5 1 1 5 4 0 0 2 4
2 2 5 5 2 5 2 4 2 0 1 3 4 5
3 3 4 0 1 3 3 5 5 5 1 3 4 3
1 1 1 0 4 2 3 2 2 4 3 4 3 2
2 0 5 4 2 5 1 4 0 1 2 2 4 3
0 1 5 3 4 5 3 0 1 5 3 2 0 1
0 4 2 1 1 0 2 0 5 1 1 5 1 5
2 5 3 2 4 2 5 3 1 0 5 5 2 3
0 3 2 5 1 1 3 0 4 0 1 4 2 3
1 3 5 0 2 2 0 0 0 2 0 3 0 2
0 5 3 4 1 0 0 1 5 4 4 0 4 4
2 2 2 3 1 3 3 3 0 0 4 1 2 5
0 3 1 2 3 3 1 0 2 1 2 5 2 4
1 3 5 5 1 4 5 2 2 1 5 3 5 0
0 5 1 3 3 1 2 4 0 1 3 2 4 0
3 1 5 4 1 0 5 2 0 0 2 5 0 1
3 5 0 3 1 5 5 1 5 2 1 3 3 5
1 1 1 5 3 5 0 2 0 5 0 4 0 1
5 0 2 1 4 4 5 4 2 0 1 0 2 4
2 4 5 0 5 0 5 3 2 1 1 3 1 1
3 0 0 2 1 0 1 5 2 0 2 4 0 3
0 4 5 4 1 5 5 2 4 3 5 4 5 4
0 5 1 4 1 1 0 2 5 4 5 3 5 2
4 3 4 5 1 5 2 1 4 5 1 1 1 5
3 1 3 0 0 0 5 3 3 3 4 2 5 5
1 1 1 4 3 4 5 5 1 2 5 3 0 2
0 0 5 2 0 3 1 2 1 0 1 5 2 3
3 5 5 2 2 4 0 4 4 5 5 0 2 3
4 1 5 1 5 3 4 0 2 0 2 4 4 1
5 5 2 5 4 4 4 3 5 0 0 2 2 1
4 0 0 4 4 2 4 5 0 2 3 2 5 4
0 0 3 0 5 0 0 2 2 0 1 4 3 4
5 1 4 4 1 4 5 1 4 1 5 1 0 4
1 1 0 1 2 0 5 3 3 4 2 4 3 1
5 5 0 3 5 3 4 3 2 0 2 5 3 4
2 4 4 3 5 0 3 3 2 4 3 4 2 0
3 0 5 2 1 1 0 5 3 0 5 2 4 1
3 1 5 1 2 1 4 5 2 5 0 5 1 5
2 2 0 5 5 5 1 0 2 2 4 0 2 0
1 3 2 3 3 0 1 0 5 1 1 4 4 0
3 2 1 2 1 3 4 4 1 4 5 4 3 1
5 1 1 3 3 5 5 0 5 4 2 0 4 0
5 0 4 2 4 5 4 0 0 3 2 1 5 0
5 2 4 2 2 2 4 0 1 5 2 2 5 0
4 3 4 3 1 0 5 0 1 5 2 3 4 0
2 3 3 3 4 3 5 0 4 5 3 4 0 0
4 2 2 4 5 4 5 0 0 0 5 2 1 1
4 4 1 2 0 0 4 0 5 2 4 1 1 4
0 5 1 5 2 3 0 4 1 0 1 0 0 4
1 4 1 4 4 2 0 4 2 0 1 5 3 1
2 5 3 3 0 4 5 4 3 5 5 0 1 0
2 3 2 4 3 5 3 5 4 5 3 5 0 5
3 4 0 4 4 2 4 4 0 4 2 4 2 4
0 0 4 4 2 0 5 3 2 3 5 1 3 3
0 2 3 1 3 2 1 1 2 4 4 3 4 3
5 3 5 0 2 5 5 4 3 5 0 5 1 3
4 4 1 0 1 3 4 4 0 4 5 0 1 5
1 1 0 5 3 1 0 5 5 0 1 3 1 1
2 5 1 3 2 1 3 2 5 5 5 0 4 4
4 3 2 1 4 4 5 0 3 4 4 4 5 5
4 0 0 2 1 1 1 3 5 2 2 3 0 4
2 5 4 3 1 1 4 5 4 0 1 5 5 2
2 4 1 2 2 4 1 5 3 3 1 0 0 3
3 5 0 5 1 3 3 0 1 2 5 3 3 3
1 5 0 2 3 0 1 0 1 3 5 1 0 3
0 2 5 5 2 4 1 0 0 5 3 5 2 4
2 0 5 5 3 4 2 1 2 2 2 5 0 4
2 0 4 1 0 3 5 2 2 4 0 0 2 3
0 1 5 1 2 4 5 4 5 5 3 0 0 3
0 0 2 5 4 4 5 2 4 4 5 5 5 4
0 0 2 4 4 0 3 0 0 0 0 2 1 5
2 3 4 3 5 0 0 1 5 5 0 5 0 3
0 3 2 1 3 0 4 4 1 3 4 3 2 2
5 5 2 1 1 1 2 0 4 1 3 0 1 5
3 5 2 3 1 2 4 4 5 0 3 3 5 5
1 4 3 2 4 4 0 3 3 5 4 5 2 1
4 2 4 2 2 5 4 2 4 1 1 2 4 0
5 0 5 5 1 0 2 3 4 2 2 4 2 5
1 2 2 0 0 4 5 1 4 4 1 0 5 1
3 3 4 3 1 0 3 1 0 4 4 1 4 4
0 4 0 5 0 3 1 5 5 2 5 3 3 5
5 5 4 2 2 3 2 3 5 1 1 5 5 4
5 5 1 4 2 5 3 5 4 3 4 4 4 5
3 5 2 4 2 0 2 2 1 3 2 3 0 3
3 0 4 2 2 0 0 5 0 5 0 1 5 4
0 0 4 1 4 1 3 1 5 3 1 5 1 4
2 3 2 5 1 3 4 0 3 2 5 3 4 1
5 2 0 2 0 3 1 3 4 4 3 1 1 0
4 1 4 4 2 0 0 1 3 3 5 2 1 1
5 5 3 2 1 1 5 5 1 0 2 1 5 1
2 4 5 4 0 0 1 3 0 0 5 3 1 4
0 4 1 1 5 1 3 2 4 1 5 0 3 0
0 2 4 4 3 5 1 2 0 5 1 4 3 0
3 0 4 1 4 2 1 1 1 4 2 3 2 3
0 3 5 1 1 1 0 4 0 5 1 4 4 1
5 4 2 5 2 0 0 3 0 2 1 3 5 0
5 0 3 1 1 1 0 0 0 3 2 1 3 5
3 1 2 4 1 3 0 5 2 3 1 2 1 4
3 3 2 0 2 2 0 2 4 0 3 1 2 1
2 5 5 2 4 5 1 0 3 0 0 4 1 5
5 4 0 1 4 3 0 3 2 4 4 5 1 1
2 3 2 0 3 0 4 2 5 0 1 3 5 0
3 2 0 0 5 3 3 2 3 2 3 1 4 0
4 1 4 4 2 0 2 2 0 2 0 3 1 4
1 1 5 5 3 1 0 2 1 0 0 0 4 4
5 2 0 2 5 3 1 0 5 2 1 3 0 5
1 5 1 0 5 0 3 0 4 0 5 3 0 2
4 4 1 0 2 2 2 2 2 0 3 4 3 5
4 3 0 0 3 3 5 1 0 3 0 3 5 2
4 4 2 5 0 3 4 2 3 5 1 4 5 2
0 5 2 0 1 3 4 4 2 4 1 5 3 3
1 3 1 2 2 5 2 5 3 1 1 0 3 5
1 5 3 3 4 4 4 3 5 5 1 0 4 4
3 3 5 1 2 5 5 1 4 2 0 3 1 2
3 2 1 0 1 1 1 1 0 4 4 0 2 4
3 1 0 0 4 1 3 1 2 5 4 5 1 4
0 1 3 0 0 2 5 3 2 0 2 1 1 1
0 2 0 3 1 1 4 4 0 5 3 3 3 1
4 5 5 4 0 0 1 0 0 1 4 3 1 2
1 5 5 2 1 4 4 0 4 0 3 5 5 3
1 2 1 3 5 1 1 1 5 2 5 4 5 0
5 5 2 0 1 5 1 4 4 5 5 5 1 1
2 0 4 1 3 3 3 1 1 0 4 5 0 3
5 3 1 2 5 0 0 0 2 0 3 0 5 3
4 1 0 5 3 0 2 1 5 1 3 3 5 0
4 0 2 4 2 4 1 3 5 4 0 5 0 4
2 0 4 5 3 2 2 3 1 4 4 2 2 0
5 4 4 1 0 5 0 3 2 1 5 1 0 5
0 1 0 5 3 0 1 4 3 5 5 3 2 3
2 1 3 2 5 0 5 4 1 4 5 5 2 1
0 4 2 1 5 4 4 2 4 3 2 1 1 4
5 4 5 4 1 5 4 4 1 0 3 3 2 3
5 1 4 0 1 1 0 4 0 0 3 3 2 0
1 0 3 1 1 0 1 1 5 4 5 2 2 3
2 0 4 4 4 2 5 0 2 4 0 1 5 0
2 2 3 5 1 3 1 1 0 2 4 5 1 1
3 4 3 2 5 0 1 1 0 4 2 2 5 1
0 4 4 5 0 4 3 5 3 3 0 5 4 1
1 3 5 2 5 3 3 0 5 0 1 5 4 0
0 5 3 0 3 2 4 4 0 4 1 0 0 5
3 4 5 0 5 4 2 5 1 3 5 4 4 5
2 0 2 5 2 3 5 5 5 4 4 1 4 0
2 4 4 4 2 4 2 0 3 0 1 5 4 1
0 1 1 0 2 4 4 2 4 1 2 0 4 3
5 3 5 2 3 2 1 4 5 0 1 4 4 4
5 2 4 5 3 3 2 4 4 0 0 2 3 3
3 2 2 0 5 1 4 2 0 0 3 0 2 2
4 3 3 1 0 3 4 1 0 0 1 3 4 4
3 4 3 2 1 0 4 2 4 0 1 0 1 5
1 5 5 1 4 5 2 3 1 1 4 4 1 4
4 3 5 4 0 3 3 4 0 5 0 0 1 0
4 2 5 3 5 1 0 4 5 1 2 5 3 2
5 2 0 5 3 0 1 2 2 0 0 3 4 4
4 4 1 4 5 2 2 2 0 3 3 2 3 4
3 3 2 3 0 3 0 5 3 3 4 3 5 3
0 4 4 0 4 5 5 4 0 0 0 1 0 1
5 0 5 1 3 5 5 4 2 3 1 2 1 5
4 4 2 5 5 5 5 1 4 1 3 0 2 1
3 0 2 3 5 4 5 4 4 5 1 4 4 5
2 5 3 5 2 2 5 0 4 4 2 2 2 1
4 2 1 2 4 1 1 4 0 0 5 4 4 2
0 0 2 1 5 3 4 5 3 1 0 3 0 1
2 5 3 3 2 1 5 0 5 1 1 4 3 3
2 5 2 2 5 3 1 3 2 5 5 0 2 2
5 0 1 0 0 3 5 4 2 0 5 0 4 0
1 4 0 3 3 5 1 0 1 4 1 0 4 1
5 5 5 5 3 4 5 1 3 1 1 0 0 3
3 0 0 5 1 0 0 4 1 4 0 1 3 2
3 5 5 3 3 1 5 0 3 3 3 3 0 1
2 0 3 1 0 4 0 5 1 4 4 3 0 5
2 1 5 3 1 1 5 0 0 3 1 2 2 5
3 1 1 1 3 1 0 2 4 3 0 3 1 4
1 1 5 2 1 4 4 5 0 0 0 2 3 0
4 2 5 3 3 3 0 1 3 2 5 1 1 3
4 1 0 4 1 3 4 3 2 3 3 2 2 0
4 3 1 3 2 1 4 1 4 0 1 5 0 5
0 3 5 0 0 5 1 5 5 5 3 2 2 5
1 2 0 4 2 4 4 3 4 5 4 4 1 4
5 0 5 2 1 3 1 4 0 0 1 1 5 4
1 1 3 5 4 1 4 0 5 0 1 2 4 2
2 5 5 1 1 4 3 1 0 0 2 3 5 2
0 1 4 4 5 3 1 2 4 2 3 1 5 0
2 5 3 3 0 1 3 3 4 0 0 2 4 2
5 3 2 0 0 2 2 1 4 0 4 0 0 0
3 2 3 4 5 4 3 3 4 5 3 5 5 5
2 0 5 4 3 2 1 2 3 2 1 4 5 4
3 3 4 2 0 1 5 3 0 4 4 0 4 3
5 0 5 1 4 2 0 4 1 2 3 0 1 5
2 1 2 5 3 2 3 0 0 0 1 4 2 0
5 2 1 1 5 2 0 1 4 0 2 1 4 2
4 4 1 3 1 5 3 4 3 3 2 3 5 2
4 4 2 2 5 4 3 0 2 5 1 3 3 1
1 3 4 4 1 5 5 0 3 5 4 5 4 3
4 1 4 2 3 3 2 3 5 5 5 5 1 3
3 2 0 1 0 3 2 5 3 3 1 0 1 2
3 0 4 1 3 3 0 2 0 3 1 1 0 1
1 4 2 1 4 4 2 3 4 5 1 2 5 3
3 5 3 5 5 1 2 0 2 3 5 2 3 5
3 4 1 3 4 4 2 5 5 0 5 5 2 4
0 0 4 2 5 0 2 1 0 0 4 2 3 0
4 2 3 2 3 4 5 4 5 0 0 1 0 0
2 5 0 3 0 3 3 3 5 5 4 3 4 4
0 3 0 1 2 1 5 1 1 3 0 0 2 3
0 0 3 5 1 0 2 3 1 5 4 3 4 5
5 1 4 2 3 3 0 2 2 5 4 1 1 0
5 1 5 1 0 1 4 4 0 0 3 3 2 1
5 3 2 1 0 0 3 4 1 0 2 3 4 2
3 4 1 2 4 4 1 5 4 5 1 5 1 1
4 0 3 4 3 4 2 4 2 3 4 2 3 1
1 0 5 4 3 3 5 5 3 0 2 4 1 3
0 0 5 4 1 3 0 0 2 5 4 5 2 2
4 2 4 2 4 1 2 5 4 4 0 3 1 1
1 2 3 4 5 2 1 3 3 0 5 5 2 1
3 0 3 4 1 3 2 4 1 5 4 4 1 3
5 0 5 3 1 3 3 3 2 5 5 1 2 3
2 5 2 2 3 1 3 1 4 0 0 5 1 5
1 4 3 2 2 1 0 2 1 3 5 0 3 2
2 5 2 2 5 3 4 5 5 1 0 0 2 4
4 4 4 2 5 1 0 1 2 0 0 0 0 0
4 4 5 4 0 5 5 2 1 0 1 1 0 0
4 5 3 4 5 2 4 0 1 3 3 5 2 3
3 5 1 0 1 5 5 4 0 4 2 2 3 1
4 0 2 3 4 4 0 5 0 1 4 5 0 2
2 0 5 4 0 0 3 4 4 2 0 4 2 3
3 4 4 5 5 5 5 3 4 1 1 5 0 4
1 5 0 1 4 1 0 2 3 4 2 1 2 0
3 1 4 4 3 5 0 3 4 5 5 0 4 5
0 3 0 2 5 5 4 2 3 1 5 0 2 3
2 2 5 5 0 4 2 2 0 0 1 2 2 0
4 2 3 0 1 5 2 2 3 2 4 2 5 2
0 0 1 4 2 0 2 0 1 2 4 3 1 1
5 0 1 1 2 3 1 1 0 3 5 5 4 2
3 4 4 3 4 5 1 4 0 3 2 1 0 0
4 1 3 5 5 3 4 5 1 5 0 5 1 0
2 1 5 0 5 0 0 2 5 1 1 4 0 0
4 5 3 1 4 0 5 2 4 4 0 2 3 0
1 4 4 2 2 3 3 2 3 0 2 4 1 2
2 2 3 5 5 1 3 4 0 2 3 5 5 3
0 5 4 1 0 4 3 5 5 5 4 4 5 1
2 3 0 0 4 5 5 4 5 1 4 0 5 1
4 5 1 0 3 1 4 2 4 2 5 1 1 0
3 1 1 1 0 3 4 4 4 4 1 3 0 0
5 4 1 4 1 5 0 0 4 5 3 1 3 4
1 3 4 4 1 4 0 4 2 4 5 2 1 0
3 3 1 1 5 1 1 5 1 2 3 5 1 4
3 2 1 5 0 5 4 3 0 0 3 1 4 4
0 3 4 2 4 2 3 3 2 1 5 3 4 0
4 3 5 0 3 3 1 1 4 0 0 5 2 5
3 2 3 5 5 2 1 2 1 3 1 1 3 1
4 0 4 3 0 5 0 2 3 3 3 1 1 4
3 3 5 0 4 3 3 2 1 2 3 2 3 0
0 5 1 0 5 4 4 5 5 4 3 3 0 1
5 1 3 4 2 2 2 4 2 1 1 0 1 2
2 5 3 5 5 4 3 1 2 5 5 5 0 1
4 3 2 3 1 1 4 2 0 3 1 4 4 0
4 1 4 4 2 0 3 5 1 3 5 1 1 0
4 5 0 1 1 3 4 3 1 0 1 3 0 2
1 3 1 3 4 1 5 1 4 2 4 3 0 0
3 0 0 1 1 3 2 4 0 2 0 3 5 0
4 0 5 1 2 4 5 5 4 3 3 3 3 5
1 1 3 1 2 0 4 0 4 4 2 5 2 2
4 2 3 3 5 1 5 2 4 2 0 2 5 3
4 0 2 4 3 5 5 4 5 5 2 1 3 4
1 5 2 1 4 0 4 1 1 2 1 3 4 5
3 1 3 3 5 4 2 2 1 3 2 0 3 0
4 0 1 0 4 3 5 4 5 4 4 3 5 3
2 2 5 0 1 0 3 0 0 1 2 5 3 5
0 5 4 5 3 0 4 0 5 3 5 3 4 0
3 2 4 3 2 2 4 4 4 2 1 2 0 0
2 4 2 1 0 4 3 1 1 4 4 2 4 1
1 2 0 5 4 0 0 1 4 2 2 0 4 5
4 2 1 0 1 3 4 4 3 3 3 5 2 2
4 5 1 3 0 2 0 0 5 2 5 1 1 2
4 3 2 3 0 4 1 4 3 2 3 2 0 5
0 2 1 4 3 4 3 1 4 2 4 0 1 1
2 3 2 3 1 1 4 5 3 3 0 2 3 5
0 0 2 0 3 5 1 2 0 3 3 0 5 4
0 5 1 0 2 5 2 2 5 0 0 4 3 4
0 1 5 4 0 5 0 5 1 0 2 0 0 5
5 2 4 1 0 4 2 4 3 4 1 3 1 3
2 1 0 5 2 0 3 0 1 2 1 5 4 0
0 5 1 4 0 4 2 2 0 3 1 4 1 1
5 5 4 3 2 4 2 1 2 0 3 0 4 1
2 4 5 4 5 3 4 1 3 1 1 0 3 1
1 3 0 1 5 1 1 5 1 4 4 4 2 0
4 5 3 2 3 3 1 5 4 0 0 2 3 4
4 4 4 4 4 4 1 0 3 0 0 4 2 2
1 1 5 5 4 2 2 2 2 3 0 2 5 4
3 4 1 4 3 2 2 0 4 0 2 2 2 0
5 3 2 1 5 1 2 3 5 2 4 1 5 2
4 0 3 3 4 4 2 4 1 5 3 5 2 3
3 2 3 0 1 3 5 3 5 4 1 5 0 3
1 5 5 1 2 0 1 2 2 2 2 4 1 2
0 5 1 0 0 2 2 5 5 2 5 0 0 2
4 2 5 4 0 0 1 3 2 3 2 5 3 2
0 0 5 5 3 3 1 4 2 2 0 3 2 2
5 5 2 5 1 5 3 5 1 4 1 4 3 5
1 4 0 1 0 4 0 3 4 4 3 3 0 1
3 5 2 0 2 3 1 2 0 4 3 3 2 0
3 4 2 3 4 4 5 0 4 4 4 3 0 1
3 5 0 5 1 0 0 2 2 0 5 4 3 4
1 4 5 2 3 5 1 5 0 3 0 4 0 5
3 1 2 5 5 3 5 5 3 3 0 5 0 5
1 0 2 2 5 3 2 3 2 4 3 4 3 3
4 1 2 1 0 0 2 5 2 3 0 5 4 2
0 5 1 4 5 1 0 2 1 2 0 0 5 1
5 3 1 2 1 3 3 2 4 5 2 5 3 2
5 3 3 1 1 5 5 4 2 2 0 3 5 5
5 4 0 2 4 3 0 3 2 2 3 5 0 3
1 4 0 1 0 3 5 3 5 0 1 2 0 3
5 0 0 1 5 5 5 1 2 0 5 1 5 1
5 1 4 3 4 0 0 4 1 4 2 0 2 4
3 2 0 0 0 2 1 5 0 0 4 1 3 3
4 3 4 5 2 4 4 0 5 3 4 1 2 5
0 3 2 4 2 5 4 5 3 5 2 0 4 5
1 5 3 3 5 4 2 0 3 0 4 0 4 1
5 0 2 5 3 3 1 2 3 2 1 5 0 3
4 4 5 0 3 4 2 4 4 5 2 2 4 2
5 0 2 4 4 0 3 1 1 0 1 1 0 5
0 1 5 4 3 0 4 0 1 3 4 5 5 4
2 5 5 2 4 5 1 1 0 2 1 4 5 1
1 1 2 0 5 3 2 1 5 0 0 3 4 4
3 5 2 0 0 5 2 2 2 5 0 5 3 1
2 3 0 1 0 4 2 1 0 4 3 3 1 3
4 5 1 5 5 1 4 2 0 2 4 3 4 1
0 2 0 5 2 3 2 0 3 5 1 0 5 1
0 1 2 3 1 4 3 2 1 3 2 5 5 0
3 3 3 0 1 5 1 5 3 2 0 2 3 2
4 1 3 3 5 1 1 3 3 3 3 2 4 0
5 0 5 2 0 1 1 1 0 0 4 4 4 0
4 2 2 4 1 1 4 0 5 2 2 5 1 5
4 0 2 0 5 0 5 3 5 3 1 4 1 5
2 0 2 0 4 4 3 0 2 2 1 0 1 2
3 0 5 2 2 1 1 3 2 5 4 1 2 2
5 0 1 3 1 3 4 4 0 4 3 5 5 0
3 5 1 3 2 2 4 5 0 2 2 5 0 4
4 2 1 0 3 4 2 3 3 3 2 0 2 4
5 0 2 0 1 3 0 5 2 2 2 1 4 0
0 5 5 0 2 4 2 3 1 5 5 4 2 4
4 1 3 1 4 4 0 2 5 5 5 5 3 5
5 2 1 5 2 3 2 0 4 1 4 4 5 3
2 5 2 2 2 1 2 4 1 1 1 5 5 5
1 1 2 3 3 4 4 5 4 5 4 3 2 3
5 0 3 3 1 5 0 3 2 4 5 1 4 2
5 0 1 3 2 3 5 4 2 0 2 5 4 4
4 3 4 3 5 4 1 4 4 5 0 2 2 5
2 0 5 0 3 4 1 4 2 3 0 5 4 2
4 3 4 5 1 4 4 5 3 4 0 0 2 5
3 4 1 0 2 3 1 3 4 5 4 1 3 0
4 0 0 0 4 3 4 0 5 2 3 0 0 0
0 1 2 2 0 5 3 4 5 2 0 2 4 4
4 1 3 3 3 4 5 2 2 4 2 1 0 4
5 4 4 3 0 4 0 1 4 4 4 0 1 0
4 0 1 3 0 2 2 1 4 1 4 4 1 1
0 3 2 2 0 2 4 1 1 5 3 3 0 3
4 1 2 1 5 2 5 3 3 1 1 0 5 3
1 3 2 1 3 0 3 5 4 2 0 4 4 0
3 2 3 5 5 1 2 1 4 1 3 1 5 4
3 5 1 5 1 1 2 3 5 3 5 1 4 4
1 0 4 0 4 5 4 4 2 3 0 4 5 2
5 1 4 0 0 5 1 0 2 1 3 3 1 0
0 1 4 4 0 3 5 5 1 4 5 3 4 0
2 4 0 5 1 4 0 5 1 3 1 3 0 3
1 1 5 0 1 3 1 3 2 2 0 5 1 1
1 2 2 1 4 5 5 1 4 5 3 3 3 1
4 0 1 3 0 3 0 0 4 2 5 1 3 1
3 0 3 1 3 3 3 1 2 0 2 0 5 1
5 2 2 4 1 2 4 4 5 4 2 5 3 5
5 2 2 4 2 4 1 1 1 3 0 4 5 0
2 3 3 3 0 1 2 1 0 4 0 5 0 0
3 3 1 1 1 1 5 1 1 5 3 0 0 1
3 0 0 3 5 1 4 3 2 1 3 4 0 3
4 3 5 1 3 1 5 5 2 4 1 5 1 0
1 4 2 1 3 0 0 4 0 0 2 0 5 5
2 1 3 1 0 0 1 0 0 0 3 4 5 3
2 1 4 5 3 0 5 5 2 1 2 2 4 0
4 5 4 2 2 4 0 1 0 4 5 4 2 5
4 2 2 4 2 2 3 0 3 1 1 3 0 5
1 3 0 4 0 0 2 0 1 4 2 1 5 3
2 1 1 1 2 5 4 3 5 1 3 2 0 0
3 4 1 3 2 1 5 3 3 0 1 5 2 3
0 0 5 1 1 1 5 2 0 0 0 4 1 5
0 1 1 5 0 2 5 4 1 0 4 3 5 5
5 2 4 1 1 0 4 2 1 1 3 0 3 3
4 5 4 4 3 0 1 4 5 5 4 2 2 2
0 4 1 1 2 0 2 4 3 0 2 0 2 3
5 4 4 2 4 1 2 4 4 1 0 1 1 4
3 5 2 5 0 2 1 0 4 3 0 0 2 4
2 0 2 2 5 4 0 5 2 4 5 2 3 3
1 5 0 0 4 1 2 5 5 4 4 2 3 5
3 1 3 4 2 4 5 2 2 4 5 1 3 0
5 5 5 0 4 5 0 3 1 3 0 3 1 0
3 5 3 3 4 4 0 2 3 4 0 4 5 3
5 2 1 5 1 4 5 1 2 5 0 0 0 0
0 0 4 5 2 0 5 1 4 2 3 0 4 0
1 3 0 5 2 0 2 4 5 1 2 0 4 2
2 4 0 1 3 1 2 4 3 2 2 2 5 2
3 1 2 4 5 1 3 1 2 3 0 0 1 1
5 0 3 3 1 3 3 4 4 4 3 5 3 4
3 4 1 1 1 5 1 2 4 5 2 2 1 4
2 1 5 1 2 1 5 5 1 0 0 5 4 2
4 2 1 1 3 1 4 3 2 1 4 0 5 0
0 0 3 1 1 4 3 4 4 5 5 1 2 0
1 5 5 5 2 1 1 4 4 0 4 3 1 1
5 3 1 4 5 4 4 5 2 1 4 4 2 2
0 2 1 2 2 3 1 5 5 2 2 2 3 1
5 4 0 2 1 2 5 5 4 0 0 0 0 5
0 0 4 5 5 0 1 1 1 3 1 5 5 2
0 0 2 2 2 4 2 0 1 3 4 5 0 3
3 4 2 3 5 5 3 0 0 1 2 1 2 3
2 3 2 0 4 4 1 4 3 4 0 3 5 3
1 2 5 2 5 1 1 1 5 1 4 1 0 1
5 5 5 5 2 0 3 2 5 4 0 5 2 5
5 4 5 4 0 0 1 2 2 3 3 1 1 3
1 0 4 2 4 4 1 0 1 4 2 5 0 2
4 2 0 3 1 5 1 4 5 4 3 5 4 1
2 4 5 2 4 4 2 4 1 2 1 5 4 5
5 0 2 3 4 0 2 0 3 4 1 0 0 3
0 3 4 4 3 0 5 5 5 3 3 0 1 4
4 4 0 4 1 1 4 4 5 5 4 1 5 5
0 4 0 3 3 5 0 4 5 5 1 2 0 0
4 0 3 2 5 0 5 4 1 2 0 2 2 1
3 3 1 5 1 2 1 3 2 3 5 0 1 5
2 4 3 2 3 4 2 5 0 3 3 2 5 5
4 4 4 1 3 1 1 3 0 5 3 5 1 1
1 5 4 0 2 1 0 3 2 1 3 4 0 5
0 4 3 2 3 5 0 1 0 4 0 0 3 2
3 2 2 3 0 0 0 1 0 2 1 0 5 2
1 1 4 4 5 5 3 0 1 5 3 1 5 5
5 3 5 2 1 3 5 2 2 5 3 1 3 0
2 3 5 1 3 2 3 5 1 3 0 0 3 2
2 5 0 1 2 5 5 4 0 2 3 4 1 5
0 2 4 3 0 4 4 0 4 4 4 1 2 2
1 2 4 0 2 3 4 3 3 3 5 4 0 5
4 0 3 1 2 5 5 0 1 3 0 4 4 2
2 4 2 3 2 1 2 4 0 2 2 4 0 4
4 1 5 5 4 3 2 1 0 4 4 1 5 2
0 3 2 3 4 3 1 3 4 1 4 2 0 2
2 4 5 5 4 4 2 3 2 0 0 3 1 0
0 4 3 3 2 2 3 4 0 4 1 5 5 2
5 2 0 1 5 5 1 4 4 2 0 5 1 1
4 2 2 2 0 4 3 2 4 3 0 5 1 3
3 5 3 5 1 0 1 2 0 4 3 1 1 5
0 0 5 2 2 2 5 5 3 1 0 5 2 3
0 5 2 5 5 2 5 3 5 1 4 2 2 0
5 3 2 4 4 3 2 5 5 1 3 2 0 4
0 4 3 5 4 3 1 5 3 5 2 3 2 2
1 0 5 5 5 4 2 3 4 1 3 5 4 5
1 5 5 2 3 0 2 2 3 4 2 1 2 3
0 4 2 3 0 4 4 4 0 5 0 5 5 2
2 4 2 1 4 3 2 2 2 2 3 1 0 0
4 2 2 4 0 5 0 0 0 2 5 5 0 1
1 1 5 5 3 5 4 1 1 0 0 2 1 5
3 0 0 0 3 3 4 3 2 3 2 1 4 0
4 4 2 4 5 3 2 4 2 4 4 1 0 1
4 5 0 1 4 2 3 1 0 5 0 0 1 1
0 2 5 3 4 1 4 0 5 2 2 2 4 3
0 2 1 2 0 0 5 3 4 5 0 3 0 3
0 5 4 3 1 5 3 5 2 5 4 4 5 4
5 1 4 3 2 5 3 5 4 3 2 2 3 5
5 5 2 3 4 4 0 3 1 4 0 1 5 5
4 5 0 1 5 5 5 1 4 0 0 5 4 3
4 4 2 2 2 3 4 2 2 1 0 1 0 2
2 4 5 5 3 2 3 0 2 4 5 0 1 1
5 2 2 4 0 5 1 5 5 0 3 4 2 2
3 3 0 5 2 2 1 1 4 3 2 4 4 1
4 0 5 3 5 4 3 2 4 4 3 4 3 3
5 3 1 5 2 2 3 5 5 0 4 2 0 4
1 4 1 3 3 3 5 0 5 1 2 1 4 1
0 0 5 3 0 0 1 1 3 1 4 4 5 2
2 0 0 3 3 1 4 0 1 4 4 5 5 5
3 5 0 3 0 4 5 4 3 3 2 5 1 2
3 1 2 4 5 0 3 5 0 1 4 2 2 2
2 4 2 1 3 0 1 5 0 0 0 1 3 2
5 0 0 0 4 2 3 5 5 5 5 2 0 0
1 4 5 1 0 4 0 2 5 1 1 0 3 3
4 0 4 5 1 0 4 4 3 1 2 1 2 3
1 4 2 2 3 0 1 4 1 4 5 5 4 2
1 2 3 3 0 1 4 2 4 4 2 2 2 2
4 1 3 3 1 2 4 3 0 0 3 5 5 5
0 3 5 3 1 5 4 1 5 4 1 4 3 0
2 2 5 0 4 1 3 4 0 1 5 5 4 0
5 4 2 0 1 5 4 2 1 0 4 2 3 5
5 4 1 4 0 2 2 4 0 0 5 1 3 1
0 4 0 2 4 0 4 5 3 0 5 4 3 5
5 0 0 4 1 3 3 2 0 4 3 2 4 0
4 3 5 5 2 0 2 2 2 2 3 5 1 2
0 2 2 5 5 2 4 5 5 2 1 5 2 1
0 1 4 0 3 0 0 2 3 0 2 5 0 5
4 5 5 2 2 1 0 3 0 0 3 1 5 5
5 4 1 3 3 3 2 2 0 5 4 5 1 5
2 5 1 5 3 1 2 4 1 4 5 0 5 1
4 0 3 3 4 2 1 4 1 3 3 4 3 1
1 2 5 2 4 5 1 3 5 2 2 4 0 4
0 5 4 3 1 1 5 0 0 5 3 5 3 1
1 0 1 4 4 1 4 3 1 4 1 0 4 5
1 1 4 5 4 1 5 2 5 3 2 5 0 5
5 0 0 4 4 2 3 0 3 3 2 3 2 0
1 4 3 0 2 3 5 2 4 3 4 4 5 3
2 1 5 3 4 4 3 3 2 1 3 3 3 2
0 0 4 3 0 5 2 2 3 2 2 5 4 1
3 2 3 5 2 4 2 0 3 1 0 4 2 5
5 1 5 3 3 4 1 5 1 3 4 0 0 4
3 4 4 4 2 2 2 1 0 4 3 2 4 3
1 5 5 2 5 1 4 1 3 4 1 1 4 1
4 3 4 2 3 1 4 0 4 0 5 5 3 0
5 5 3 3 4 1 5 1 5 4 2 5 2 5
5 5 5 1 5 4 0 1 5 2 3 4 5 2
1 2 5 5 3 2 0 5 4 0 3 3 3 3
3 1 0 2 4 3 1 0 4 1 1 0 5 1
1 3 4 2 2 2 3 2 4 2 3 4 4 0
3 0 0 1 0 3 1 4 5 2 3 5 1 3
2 1 4 3 1 1 0 0 0 0 3 5 1 1
2 3 3 2 4 3 0 3 0 5 2 1 4 5
0 0 2 1 4 4 5 0 0 5 1 1 2 5
5 2 0 3 1 3 5 4 4 2 5 0 1 2
5 0 2 3 2 1 3 1 1 2 3 1 2 5
3 2 1 5 3 4 5 5 3 3 0 5 1 5
2 4 5 0 4 4 0 1 4 5 5 2 1 5
0 0 2 5 0 0 4 0 3 2 2 0 2 2
1 2 0 3 4 0 1 3 3 1 1 2 2 0
0 3 1 2 5 3 2 2 2 4 4 0 0 0
5 2 1 0 1 0 2 0 3 4 3 3 1 0
1 4 3 1 0 1 1 1 3 0 5 2 4 2
3 3 2 2 5 0 0 0 3 1 3 2 5 1
2 0 1 0 0 3 4 4 5 2 5 4 4 0
5 3 0 5 1 1 4 2 4 4 1 5 2 2
0 5 4 1 1 3 1 1 4 1 2 4 1 2
3 5 3 3 4 3 3 3 3 2 0 3 4 1
4 0 3 5 0 1 1 3 4 0 3 0 5 1
0 2 0 0 3 0 0 3 4 4 1 0 3 2
0 2 2 4 3 4 1 4 0 5 4 5 4 0
3 1 3 3 0 4 4 5 3 5 1 5 5 4
2 2 1 1 1 3 4 3 5 1 4 0 0 1
1 4 1 5 4 1 3 3 1 0 0 3 4 1
5 0 4 2 2 2 0 2 3 2 0 0 3 2
2 5 0 1 3 2 2 3 3 1 2 1 2 5
3 1 0 5 2 0 0 4 5 0 5 3 0 1
4 2 2 5 4 3 3 5 4 4 3 4 4 5
5 2 2 2 2 2 2 0 1 5 1 3 5 4
0 1 4 5 3 5 0 1 2 5 4 3 4 5
5 2 2 3 1 3 3 4 2 5 1 0 2 0
3 5 4 5 3 3 5 4 3 3 5 1 5 0
1 5 1 2 0 2 3 0 3 4 4 4 0 1
2 0 2 1 2 5 0 2 3 5 1 0 2 5
5 1 0 0 0 4 4 3 2 0 3 2 3 1
5 4 2 4 3 1 3 3 3 2 0 4 2 0
5 0 4 4 5 3 5 5 5 3 3 2 4 5
0 3 0 3 2 5 5 2 4 5 3 2 3 5
5 2 3 3 5 5 5 0 4 3 1 5 5 3
2 0 0 2 2 4 2 2 3 2 3 5 0 1
0 1 4 3 2 1 0 3 5 5 2 4 3 1
5 4 1 4 5 2 2 0 2 3 0 1 2 0
0 1 4 0 3 5 0 4 0 5 2 0 1 0
1 0 1 0 1 2 0 5 1 3 5 3 5 4
2 0 2 0 5 4 0 4 2 0 4 2 1 2
4 5 4 3 1 1 3 0 2 1 3 0 3 0
1 4 0 4 4 3 3 2 0 5 5 3 2 4
3 3 3 3 3 2 4 3 3 0 1 1 0 0
1 5 0 3 4 1 5 5 2 3 4 2 4 4
5 2 5 5 2 3 3 5 2 4 4 1 3 5
3 5 1 0 2 3 5 5 2 2 4 2 1 3
1 1 2 0 4 5 1 2 3 5 5 5 1 4
5 2 0 2 5 3 3 1 0 2 0 4 5 0
3 5 4 1 2 3 0 5 4 1 5 2 0 1
5 0 5 3 0 4 0 1 1 4 4 2 1 5
4 1 4 5 2 2 2 4 4 1 3 1 1 0
5 5 0 1 2 5 5 0 1 3 5 2 3 1
3 3 4 5 4 3 0 3 4 0 1 4 4 1
2 1 4 3 2 3 2 0 2 4 4 4 4 0
4 4 5 2 3 1 2 3 3 4 2 0 3 4
1 5 5 2 4 0 0 0 0 2 2 4 5 3
5 5 5 2 4 5 1 2 4 1 4 4 5 3
1 5 3 4 5 5 4 2 4 4 0 3 1 0
0 4 5 5 5 2 4 0 4 2 2 4 5 0
5 3 5 0 5 2 5 4 3 3 1 3 1 3
2 0 1 3 4 5 5 4 1 4 2 3 0 2
4 2 0 3 3 0 1 5 0 1 4 1 4 0
5 0 5 3 5 4 5 4 5 3 1 5 5 4
2 2 0 3 1 0 1 0 5 2 5 1 1 3
1 0 1 0 1 4 5 0 1 3 2 2 4 2
2 1 3 1 0 3 4 0 3 1 1 0 4 3
5 3 4 1 2 3 5 1 4 3 5 2 1 3
5 3 1 3 3 3 3 3 0 3 2 4 0 2
0 2 2 4 3 4 4 0 4 1 5 0 0 1
5 5 5 5 4 2 4 5 5 2 1 2 2 0
5 4 5 5 2 2 3 3 0 3 2 5 4 5
0 5 3 5 0 0 0 3 4 4 5 2 1 3
3 0 0 0 3 3 2 1 3 2 5 0 4 2
5 0 3 1 1 4 2 3 5 2 2 5 1 0
3 0 2 0 2 0 5 4 5 3 5 0 2 2
3 2 5 3 3 5 1 5 1 0 3 0 0 3
4 0 3 3 1 2 1 5 2 1 5 2 4 5
3 5 3 1 3 1 4 0 3 0 0 2 2 2
2 5 0 0 5 2 4 5 1 3 0 2 0 1
2 2 0 5 1 4 1 5 3 3 5 2 0 0
1 4 3 5 2 2 0 5 0 0 5 3 2 1
4 0 0 1 0 3 3 0 4 5 0 0 1 0
0 3 3 4 2 4 2 1 2 5 1 3 1 0
0 1 2 0 3 3 0 1 3 2 4 0 2 0
1 3 1 0 4 3 0 5 0 4 4 5 0 3
0 3 2 3 2 5 3 0 1 0 1 2 5 5
4 3 5 4 3 0 2 1 4 1 5 2 1 5
4 3 5 3 1 4 0 0 4 3 4 1 0 4
4 0 2 0 3 0 0 0 1 1 3 2 5 0
2 1 1 0 4 5 5 3 1 5 3 4 4 1
3 4 4 0 1 1 4 0 4 1 0 0 0 1
4 3 2 0 0 4 3 5 3 4 0 2 1 4
0 5 1 1 1 4 2 0 3 2 0 0 5 4
5 3 1 4 5 0 0 4 3 2 4 1 1 4
5 1 2 4 4 3 1 4 4 5 4 1 3 1
1 3 5 2 1 0 4 0 0 5 5 3 2 0
5 3 3 5 1 5 4 4 5 4 4 4 0 2
1 5 5 1 5 2 4 4 2 3 1 0 4 2
1 3 2 3 5 2 5 0 2 3 0 2 1 3
5 4 4 2 5 4 1 4 1 4 5 3 1 1
5 3 3 3 3 3 2 5 0 0 1 5 0 2
5 4 0 0 3 3 2 0 0 0 4 1 5 4
0 0 4 5 0 0 1 5 0 2 3 5 5 0
5 0 2 1 4 2 1 4 5 5 4 3 5 0
2 2 3 0 4 3 4 5 0 2 4 0 0 2
2 3 0 3 0 2 2 5 0 2 1 3 1 3
3 4 5 2 0 3 0 3 4 5 5 5 1 1
3 2 2 3 2 2 1 4 4 2 1 4 2 1
1 1 4 5 5 5 3 3 3 1 4 5 3 3
4 0 4 0 4 4 1 5 0 1 1 5 0 2
4 1 0 4 1 4 2 0 0 4 2 4 1 4
1 5 0 0 1 0 2 2 2 3 0 0 1 2
3 0 1 2 4 1 4 4 5 0 1 0 2 1
2 4 0 2 5 0 3 4 3 2 5 0 3 4
0 2 0 2 1 3 2 1 4 1 1 1 1 2
3 4 4 3 4 2 5 3 0 2 0 2 3 5
4 3 1 4 0 4 1 2 2 4 2 5 4 3
0 4 5 0 3 0 1 5 3 4 3 4 5 2
1 4 1 1 1 0 0 2 2 1 3 3 4 2
3 5 2 4 1 5 5 5 0 1 3 5 5 1
4 3 5 0 1 0 0 5 3 3 2 0 2 4
0 1 4 4 1 2 1 3 5 4 4 3 3 3
4 0 0 2 0 3 1 0 0 3 1 0 3 1
2 2 5 3 2 5 3 2 5 5 4 3 4 5
2 2 3 1 0 4 3 5 2 1 5 1 2 4
2 4 5 2 5 0 0 1 5 3 1 1 1 0
0 1 2 3 0 1 3 3 2 5 2 1 1 2
4 5 3 2 1 1 5 5 2 5 3 5 4 1
1 5 0 0 2 2 3 4 0 2 3 1 1 0
5 4 0 5 2 0 3 4 5 5 2 3 0 3
0 4 0 2 3 0 4 0 5 4 3 4 3 5
2 5 1 3 2 0 0 1 0 5 4 3 5 5
5 2 4 2 2 4 1 3 2 3 3 4 1 0
0 2 5 3 4 4 2 1 5 3 0 2 5 3
4 5 3 4 0 2 0 3 4 4 3 5 2 4
2 1 3 0 0 0 2 5 0 4 0 2 2 2
3 5 0 0 2 3 0 2 3 2 4 4 2 3
4 5 1 1 0 5 4 0 1 3 5 4 5 1
1 2 1 2 3 4 4 4 1 1 5 3 1 4
1 0 5 0 3 5 2 5 5 5 5 1 0 0
0 4 4 2 0 2 2 1 2 3 1 0 0 4
5 5 5 2 4 5 3 3 0 1 4 4 0 4
2 5 4 3 3 4 1 0 0 1 0 4 3 4
1 3 0 5 3 5 3 0 1 5 2 3 2 3
3 2 4 2 0 1 5 4 0 1 1 1 2 0
4 5 4 4 2 3 1 1 1 0 1 3 1 0
2 0 0 2 1 4 4 3 1 1 1 3 3 4
3 5 2 3 2 5 2 3 0 0 1 5 4 5
1 4 1 2 5 2 5 2 1 0 2 0 4 4
1 2 0 5 0 5 5 4 0 4 3 2 4 3
2 5 3 3 0 2 2 0 3 4 2 4 4 4
4 0 5 0 4 2 3 3 0 4 0 3 5 4
0 5 1 4 2 4 2 2 0 0 0 1 0 2
0 1 0 2 0 1 1 2 5 4 3 0 4 3
3 2 5 3 2 2 3 2 5 3 4 2 1 1
1 0 5 5 5 3 1 3 1 1 5 2 4 0
4 4 0 4 1 4 1 5 1 0 5 0 4 1
0 5 4 5 5 5 0 2 2 0 0 3 0 4
0 1 0 3 0 5 0 5 2 3 0 5 0 5
2 1 1 0 4 1 0 4 1 5 2 2 1 3
2 2 5 4 5 1 4 0 1 0 5 3 0 0
3 4 1 5 0 0 3 1 3 5 5 5 5 5
5 2 2 4 0 4 0 2 2 0 2 0 0 0
0 3 1 1 5 4 4 2 1 4 0 0 2 1
0 3 1 3 2 3 4 2 4 0 5 0 1 3
1 1 0 0 4 3 4 2 0 1 0 1 3 4
5 4 3 5 3 0 2 5 2 0 3 4 0 1
2 3 3 0 2 1 0 5 1 2 4 4 5 1
3 4 4 0 4 0 0 4 1 5 0 0 4 4
5 2 1 4 2 0 4 2 5 5 4 1 1 3
4 1 4 3 0 3 2 3 2 0 4 0 2 4
1 0 4 0 4 4 5 3 2 1 5 0 2 4
1 3 3 5 5 1 4 1 0 0 1 3 0 4
1 1 0 5 5 1 5 1 0 3 2 4 4 4
2 4 2 2 1 3 0 4 2 2 4 3 1 3
3 0 1 1 1 0 4 5 1 1 0 1 4 0
5 3 3 3 1 4 2 3 5 5 1 0 4 3
1 0 0 0 4 5 0 0 0 1 5 5 2 5
5 1 0 1 2 1 2 4 2 5 0 3 2 4
4 4 3 5 2 1 4 2 2 3 2 1 1 4
0 1 5 5 3 0 3 4 2 4 4 0 2 4
2 3 2 0 1 4 3 5 1 0 4 2 5 4
3 0 5 3 2 4 3 4 3 1 5 0 1 5
4 2 1 5 5 2 1 1 2 2 3 1 0 5
2 3 1 5 0 4 2 2 0 2 0 5 3 2
4 1 4 1 2 2 5 4 0 0 4 4 0 1
2 3 2 1 4 1 2 5 2 1 0 3 5 2
0 2 1 1 1 3 0 1 0 1 4 4 3 2
4 1 0 1 1 1 2 3 5 1 1 1 5 0
5 2 3 3 4 0 4 4 4 4 4 0 4 4
0 3 3 0 3 5 2 3 4 5 1 4 0 2
2 2 0 5 4 1 1 2 5 3 5 2 3 5
4 2 1 1 4 3 1 0 4 0 1 5 3 2
1 3 4 1 1 1 4 3 5 4 3 2 5 0
1 5 3 1 0 0 2 2 1 5 2 4 0 5
2 2 4 3 3 5 2 2 0 0 1 4 2 1
2 5 3 4 0 5 1 1 0 4 3 3 1 5
4 4 2 4 5 1 2 2 0 3 5 3 0 1
5 4 5 5 2 3 4 2 1 4 0 0 1 0
2 2 2 4 2 2 2 1 3 1 5 0 5 0
1 5 1 4 5 1 4 5 4 0 5 1 1 4
4 5 1 2 1 3 5 0 5 3 4 0 4 2
2 3 4 0 1 2 5 4 2 4 5 0 0 0
3 5 3 0 1 3 2 2 0 2 3 4 1 4
5 5 1 1 4 3 0 0 4 0 4 5 5 0
4 0 4 5 0 4 2 4 2 2 4 1 2 0
2 4 0 1 5 2 3 5 0 0 1 0 4 4
2 3 3 3 1 0 4 1 0 4 2 0 4 3
2 3 2 1 4 2 2 3 0 3 4 2 0 3
3 4 4 3 4 0 1 4 0 0 0 0 3 0
0 4 2 4 1 1 0 1 1 5 4 5 2 1
5 1 4 1 4 4 1 3 4 5 4 5 0 5
3 0 0 4 1 4 1 0 5 2 1 1 2 3
2 3 5 0 2 4 2 1 1 2 0 2 5 1
3 4 0 1 4 1 3 3 5 4 5 0 4 2
1 0 4 2 4 2 0 4 4 4 1 3 5 2
4 0 3 0 4 2 3 1 2 2 4 5 3 3
5 2 0 3 3 1 5 3 2 0 4 3 0 2
4 0 5 3 5 5 0 0 0 5 2 1 0 4
0 2 2 5 0 2 5 3 2 1 1 4 0 4
3 0 2 0 5 3 5 0 5 5 5 0 4 2
3 5 2 5 5 2 1 5 5 5 3 1 2 2
5 0 0 5 3 3 5 0 1 3 2 2 5 2
2 4 1 5 0 3 2 5 4 3 5 4 2 4
2 1 0 3 2 5 5 1 4 1 3 5 4 0
1 0 1 0 2 3 1 2 5 2 3 0 0 5
1 4 1 2 4 2 3 4 4 3 0 0 3 2
1 3 1 2 2 1 5 2 0 0 1 0 0 1
5 4 1 1 1 0 5 3 1 2 3 4 4 4
4 5 0 0 1 5 1 4 4 5 1 4 2 1
4 0 0 5 0 4 0 0 5 0 1 5 3 0
5 3 2 2 4 1 5 2 5 1 2 5 0 4
4 2 0 2 1 5 0 2 0 0 2 3 2 4
3 4 2 5 1 2 4 5 1 0 3 4 5 4
1 2 0 0 4 4 5 3 0 0 2 2 1 4
4 4 4 4 5 2 3 1 5 5 2 2 3 4
1 2 2 4 1 4 1 3 2 0 1 3 5 5
2 2 2 2 5 5 0 0 0 4 3 3 0 2
0 4 3 0 1 1 5 0 1 5 1 3 3 3
3 0 2 2 4 0 2 3 4 2 4 1 4 1
2 0 0 3 4 0 5 4 1 0 2 3 1 1
2 3 3 4 3 1 5 5 3 1 1 1 5 0
3 0 5 2 3 4 5 4 5 0 5 2 0 0
3 3 0 1 1 5 4 5 2 1 1 3 2 0
0 4 0 0 3 4 0 4 4 2 2 5 0 0
0 1 2 4 4 1 2 3 2 5 3 0 5 1
0 1 0 3 1 0 4 1 3 0 4 2 4 0
5 0 5 5 1 5 0 1 3 5 1 2 4 0
1 3 1 0 0 4 5 0 3 4 2 2 1 3
5 5 3 1 2 0 4 5 5 3 4 4 3 0
1 4 2 1 1 4 5 4 2 1 2 5 1 2
3 1 3 5 4 5 2 1 4 2 3 0 2 0
5 4 4 5 4 0 4 4 4 2 2 4 0 0
3 2 2 4 2 5 0 5 5 2 3 1 1 4
1 3 3 3 1 5 4 3 3 0 4 4 5 3
2 1 1 0 0 5 1 3 2 0 4 4 5 2
4 1 1 3 0 5 3 2 0 2 2 2 5 4
1 5 0 3 0 5 3 0 2 5 3 4 1 5
0 2 5 0 0 4 0 2 4 0 1 3 2 3
3 0 1 4 0 0 1 0 3 0 1 0 3 4
0 0 0 0 2 1 5 1 1 4 1 0 5 1
5 4 1 2 0 4 3 4 3 4 3 2 0 5
0 1 5 5 1 5 1 5 4 4 2 3 4 2
5 1 5 2 1 1 5 5 4 0 2 1 2 3
3 3 1 2 0 3 1 2 1 3 4 4 1 2
2 5 1 0 5 2 1 4 2 1 5 4 0 0
2 2 1 0 0 5 4 3 4 3 0 4 2 4
0 1 2 5 1 2 2 2 0 0 5 4 3 3
0 2 3 1 1 2 2 1 3 1 2 2 5 3
4 0 0 2 5 3 4 0 0 5 5 3 0 2
5 4 4 1 2 5 1 5 1 4 5 1 4 0
3 5 2 1 2 2 1 2 0 0 3 0 3 2
2 1 2 5 4 2 0 1 4 2 2 5 2 5
2 3 2 3 5 3 1 3 5 5 4 1 4 3
3 5 2 0 4 1 4 5 5 3 1 1 3 4
4 2 0 0 1 2 4 2 0 5 2 3 5 2
2 1 0 2 1 2 0 0 4 1 2 5 4 0
3 2 4 1 0 2 4 5 4 1 4 2 1 0
5 1 5 0 3 5 4 0 2 0 4 3 3 0
5 2 3 4 1 0 2 3 3 1 4 1 4 1
0 4 2 3 5 1 5 1 3 2 2 0 4 2
2 5 1 1 2 0 4 5 0 4 1 2 0 4
2 2 0 2 4 0 5 5 3 3 5 5 1 2
5 2 4 0 3 1 1 1 5 1 5 2 2 5
3 5 0 4 4 3 4 1 0 3 1 4 1 3
1 3 3 0 1 4 0 0 4 1 0 5 1 0
4 2 4 5 1 0 2 2 5 2 4 4 1 5
1 0 4 5 1 4 4 4 2 3 1 5 1 5
5 2 0 2 0 1 0 4 3 3 1 2 0 4
3 5 1 2 1 5 0 0 4 5 3 4 3 0
2 2 2 4 5 1 4 3 4 3 3 4 3 2
1 3 4 1 3 5 0 3 0 0 4 2 3 3
0 2 4 4 3 3 1 5 1 3 3 4 1 3
5 4 5 3 3 3 0 3 5 1 3 3 2 0
5 0 3 5 5 5 1 5 1 0 3 0 1 0
4 2 5 0 1 5 4 5 1 0 2 0 4 0
5 5 1 3 5 5 3 0 1 2 4 5 4 3
0 4 0 4 4 4 3 4 3 5 5 2 1 3
2 3 1 3 1 0 2 3 0 0 1 4 5 0
3 0 0 0 3 2 5 5 3 3 5 5 3 5
2 2 4 3 0 3 1 3 3 5 1 3 1 4
4 1 5 0 0 1 0 5 4 0 4 3 5 4
1 1 5 2 0 4 2 4 4 5 4 3 4 2
5 0 0 5 2 5 1 0 4 1 2 4 1 1
3 5 2 5 4 3 0 0 0 1 1 1 2 2
3 1 2 3 5 4 1 3 3 3 1 0 1 1
2 4 4 1 3 2 0 0 3 2 1 4 1 5
3 5 1 5 5 4 3 3 1 2 3 0 3 1
1 4 0 3 3 4 5 5 3 4 2 4 1 2
1 3 5 3 5 4 3 2 3 0 2 3 5 0
4 4 2 2 2 3 4 5 4 1 5 5 0 3
1 5 4 0 2 5 5 0 4 1 5 0 4 0
1 3 0 2 0 0 5 1 5 3 5 3 2 5
0 0 3 4 0 4 1 4 3 0 4 3 2 0
0 2 1 5 2 3 2 2 3 2 3 3 5 0
0 2 0 0 5 0 1 3 4 2 4 1 1 1
5 4 4 1 2 3 3 4 5 3 0 2 3 3
4 1 1 0 5 5 5 5 0 0 4 4 1 3
0 5 1 5 5 5 5 0 1 1 1 4 4 0
1 0 1 1 2 3 5 3 3 1 5 0 5 4
0 4 2 0 2 2 1 2 2 4 5 3 5 2
4 1 3 2 2 0 2 2 4 1 0 5 2 3
5 4 2 4 0 3 5 4 1 2 4 2 2 4
3 4 0 3 2 3 4 1 4 0 3 1 3 5
2 5 3 2 2 3 5 1 3 3 1 0 3 0
4 2 0 3 0 4 1 3 5 5 3 2 5 3
0 4 0 5 3 2 3 5 4 4 1 2 0 3
1 1 1 5 2 4 1 5 1 4 5 2 5 4
2 4 4 5 5 3 1 1 1 1 5 5 2 0
0 2 1 0 5 0 5 1 3 5 3 1 0 2
2 0 4 5 0 0 3 2 4 0 1 1 3 2
3 2 4 1 3 4 5 1 3 2 3 5 1 2
5 3 4 4 3 3 0 2 5 5 1 3 2 4
4 1 5 0 0 1 5 4 0 4 0 4 1 0
3 2 3 5 2 5 0 1 3 0 5 0 1 0
2 2 1 1 2 4 4 0 1 4 2 0 0 0
5 4 3 5 1 3 1 3 3 5 5 0 2 4
5 1 3 1 2 1 4 5 1 2 0 5 5 4
5 3 1 1 2 1 0 4 1 3 4 1 4 3
5 3 3 3 4 4 5 2 4 3 3 5 3 4
5 0 4 4 1 5 1 3 5 3 1 0 1 4
3 1 2 3 2 1 4 2 5 1 3 4 0 5
3 5 3 1 1 2 0 0 4 3 4 4 5 4
5 4 0 1 4 4 2 2 2 0 4 4 1 0
1 3 4 2 5 2 2 3 3 5 4 1 3 1
0 4 4 2 0 2 4 4 0 4 5 5 4 3
3 2 1 0 3 1 1 0 5 1 1 3 0 5
5 2 4 4 5 1 0 0 4 2 2 4 0 2
3 5 5 5 0 1 5 1 2 3 5 2 0 3
3 4 1 2 4 4 4 4 5 1 1 4 2 3
5 2 1 5 2 2 4 3 2 2 0 5 5 0
1 4 2 1 3 5 4 3 0 1 5 0 3 3
2 2 3 1 2 0 4 4 5 3 2 5 5 2
2 3 5 0 2 2 1 1 1 2 0 2 3 4
5 4 5 4 5 5 1 2 2 0 2 5 3 2
3 5 0 3 4 3 0 2 2 3 5 3 1 0
1 3 5 0 4 5 2 5 1 3 2 2 5 5
1 0 0 5 4 0 0 3 4 5 2 5 0 3
5 3 5 5 5 1 4 2 0 3 4 2 0 4
5 4 3 4 5 2 1 0 5 3 5 1 2 5
1 5 1 0 2 5 3 3 0 1 1 0 4 1
1 0 2 5 1 1 2 0 5 5 5 1 0 5
1 0 0 5 4 5 5 3 5 3 1 1 0 0
4 0 4 4 1 1 5 4 3 2 4 5 1 2
2 5 1 1 4 4 0 5 5 2 5 5 0 2
1 2 1 3 3 5 4 3 1 5 3 4 5 4
5 5 2 4 1 1 5 1 0 0 5 1 1 3
0 5 0 4 4 1 2 2 0 0 4 0 2 5
2 0 4 2 5 1 0 0 4 4 3 3 5 2
3 4 5 2 4 2 4 3 4 2 5 0 4 4
0 3 0 1 0 3 3 5 1 4 4 4 2 1
5 4 1 4 0 1 0 1 3 2 3 5 4 3
3 0 0 4 5 5 1 4 3 2 5 0 4 1
2 1 1 3 2 5 3 5 2 2 0 5 4 5
4 1 0 2 1 1 2 2 4 3 1 4 4 4
2 1 5 4 1 3 1 4 0 1 4 2 3 2
5 5 5 4 2 4 2 0 2 5 1 0 2 5
0 5 0 3 0 4 2 1 0 1 3 1 4 3
1 2 4 1 4 1 2 0 4 4 0 5 2 0
4 1 5 5 0 3 2 0 0 2 2 2 5 2
2 5 1 1 4 5 2 3 0 2 2 3 5 0
2 3 1 2 2 0 5 2 2 1 5 0 0 3
5 2 5 4 1 1 2 2 1 3 2 5 1 2
0 3 4 0 1 2 2 1 0 4 5 1 2 2
0 1 2 1 0 1 5 0 3 0 3 3 2 0
3 2 4 2 5 1 0 3 3 1 3 2 3 3
2 1 0 3 2 4 0 3 0 4 3 4 0 4
0 2 1 2 5 2 0 4 5 2 3 1 4 0
4 4 5 3 0 0 5 2 5 5 5 5 0 1
0 3 1 3 1 2 1 0 4 5 4 0 4 4
2 1 3 5 3 4 1 1 0 1 2 5 3 5
1 3 3 3 5 4 5 5 2 5 3 0 1 0
0 3 2 0 5 3 4 4 3 2 1 2 0 4
3 5 1 5 0 0 5 5 2 4 3 5 5 1
4 3 1 1 1 4 4 1 4 4 5 1 5 3
1 5 3 1 5 1 1 4 0 4 1 4 0 0
3 5 0 4 2 3 5 3 5 5 1 2 5 2
3 3 2 1 2 2 5 1 4 1 0 5 4 2
1 4 0 3 3 3 1 0 2 0 5 4 2 5
0 0 0 1 0 2 5 5 3 1 1 5 3 0
5 2 5 1 3 4 2 5 3 5 1 5 1 3
5 3 3 3 4 1 5 1 1 3 4 0 2 2
4 5 5 3 5 4 3 2 5 4 1 4 1 5
3 2 5 2 5 0 5 2 4 1 4 2 5 4
5 3 5 5 4 2 0 0 5 5 3 4 5 4
2 4 0 1 3 2 0 1 5 5 4 2 4 0
2 3 5 4 5 0 3 2 4 5 2 2 3 2
2 2 4 2 0 1 3 5 0 2 1 3 2 1
3 2 3 2 5 0 2 1 3 3 0 2 2 0
1 2 5 3 0 3 3 3 5 1 5 3 5 1
3 0 1 5 4 2 1 4 2 5 3 5 1 3
4 3 3 1 2 5 3 1 4 2 2 3 4 2
0 3 4 1 1 5 4 5 4 1 0 2 1 4
1 5 1 0 3 0 5 3 5 3 5 5 1 4
5 5 4 5 5 5 0 0 4 4 5 5 4 5
2 4 1 2 3 3 1 3 3 1 3 5 0 4
5 4 0 4 3 2 5 4 2 4 3 4 3 1
0 3 1 2 3 0 2 0 1 0 3 3 4 2
5 5 2 4 5 4 5 4 3 0 1 5 1 1
3 3 4 1 1 0 1 5 4 2 1 5 2 1
1 3 5 0 2 0 1 1 5 1 4 0 0 2
5 4 4 3 0 3 4 2 2 2 3 3 1 3
2 2 3 1 2 0 4 4 5 3 5 4 0 4
3 3 3 3 2 3 4 4 3 1 4 1 5 1
3 0 1 1 4 4 2 2 0 3 1 3 5 4
4 5 2 3 5 3 0 2 2 5 3 5 5 5
5 5 0 2 4 4 2 1 4 3 0 1 5 2
0 1 3 3 4 2 0 2 5 3 3 2 3 2
4 1 0 1 4 1 1 5 4 4 2 4 0 4
5 2 5 0 1 3 0 2 4 4 1 1 3 2
4 4 4 2 4 2 5 2 3 2 5 5 0 3
0 2 3 0 5 4 2 3 0 2 2 5 3 3
5 2 5 4 2 4 2 5 2 2 1 1 1 3
3 4 0 4 2 0 5 2 5 5 1 5 4 4
4 4 4 4 0 3 2 2 5 1 2 2 2 3
0 1 5 1 2 4 1 1 3 2 5 4 3 5
2 0 1 5 0 5 4 1 0 4 2 2 1 3
4 1 3 3 3 3 4 2 5 4 1 4 5 1
4 2 2 4 2 4 5 0 5 0 3 1 5 2
4 4 3 4 4 5 3 4 2 4 5 5 5 2
5 3 4 1 1 4 3 0 2 0 5 3 4 3
3 5 3 3 0 5 2 3 3 1 2 2 0 5
4 2 0 3 0 3 3 1 1 2 2 2 2 2
4 0 3 0 3 0 5 1 3 1 3 1 2 1
2 2 5 0 1 3 5 5 0 0 0 2 5 0
3 1 2 4 3 2 4 3 0 5 5 1 2 5
0 1 3 0 5 1 2 3 5 5 3 2 0 0
2 2 0 1 1 1 0 5 5 1 3 4 0 0
3 2 5 3 2 4 0 5 2 0 4 0 2 2
0 4 5 4 4 5 4 5 1 2 3 2 5 5
3 1 1 5 4 3 5 1 1 0 2 3 2 5
0 5 1 1 3 1 0 1 2 4 4 0 2 4
1 0 2 2 0 5 4 2 0 3 2 4 0 2
5 1 1 2 4 4 3 3 0 3 3 0 3 5
2 4 5 0 4 5 1 5 3 5 0 4 4 0
0 3 5 4 2 0 4 0 0 2 5 3 0 3
0 5 4 5 1 1 3 2 0 3 0 1 3 3
4 2 0 1 2 4 3 2 3 3 3 3 2 4
4 4 5 1 1 1 1 2 2 4 1 3 2 5
5 0 1 3 1 2 2 4 1 2 3 3 1 0
1 5 2 3 0 0 3 3 5 0 5 0 1 2
3 1 0 4 5 3 0 2 4 5 1 4 3 1
0 5 3 5 0 2 3 4 4 2 3 2 5 2
0 0 3 1 1 2 0 0 1 5 4 2 1 5
5 5 2 2 5 4 5 3 4 4 0 1 2 0
4 4 2 4 4 1 0 2 0 4 4 1 0 0
1 2 4 2 4 3 4 0 5 2 1 3 4 3
3 1 3 1 4 1 2 3 3 1 5 1 0 2
1 2 5 1 1 4 4 4 4 2 4 0 5 5
0 1 3 3 5 2 2 0 1 2 2 4 3 3
4 5 0 5 2 2 3 4 4 1 4 2 0 1
3 4 4 3 0 4 1 4 3 5 2 4 4 4
0 4 5 1 3 4 3 5 5 4 3 2 0 1
1 5 5 1 4 3 5 1 3 2 2 4 4 4
2 3 3 2 4 0 3 3 0 1 4 5 1 2
2 5 5 0 5 5 1 5 2 0 0 1 3 0
4 1 3 4 3 1 1 1 2 0 4 4 1 4
3 2 0 5 5 3 5 5 0 5 1 5 5 3
2 0 1 4 0 5 5 1 1 2 4 4 2 0
1 5 2 2 4 5 2 2 3 0 5 4 4 0
5 5 3 2 5 1 4 3 3 1 3 1 2 5
4 3 1 0 1 5 0 4 0 2 3 5 2 0
1 5 3 5 3 5 1 2 4 2 5 2 2 0
4 1 3 1 2 4 3 3 2 3 4 4 2 1
1 1 2 1 1 2 0 1 4 0 1 3 4 3
3 3 1 5 5 5 4 2 2 3 5 4 0 4
4 5 5 1 1 0 5 4 0 2 1 3 4 2
1 1 0 0 4 3 3 1 5 4 2 1 1 1
5 1 1 4 0 5 4 4 2 2 3 4 4 2
1 4 2 0 3 1 1 0 2 2 0 5 3 3
1 3 4 2 5 4 2 3 4 0 2 4 3 0
4 4 3 1 0 3 2 0 1 5 0 5 3 4
1 4 0 3 2 0 4 0 3 2 4 3 5 3
2 3 2 1 3 5 3 0 5 0 5 1 2 2
0 2 1 1 1 0 5 3 2 5 3 4 1 1
4 3 2 0 5 0 4 1 2 3 1 2 5 0
0 1 0 5 4 0 5 2 2 5 0 3 3 1
3 0 2 0 0 4 1 2 1 0 5 3 1 2
1 5 0 5 3 4 4 5 0 2 4 1 1 1
0 1 0 4 5 0 3 1 1 5 5 5 5 4
1 3 1 0 0 2 4 1 3 1 3 5 1 3
1 2 3 1 2 2 5 1 4 0 5 2 2 0
3 2 3 2 1 1 2 4 4 0 0 3 4 3
5 2 4 4 5 5 4 0 3 2 1 1 1 2
3 4 4 2 4 1 1 0 5 5 5 3 3 4
1 1 2 3 0 5 3 3 5 1 0 2 0 3
0 4 1 5 5 5 4 4 2 0 4 3 4 3
3 3 2 5 1 5 2 3 4 0 2 4 3 0
1 2 1 2 3 5 5 4 2 5 3 0 4 2
3 4 4 1 0 5 5 4 2 0 1 4 2 2
2 5 5 3 0 2 1 2 5 5 1 1 1 2
0 2 4 2 0 5 5 1 2 0 0 3 3 5
1 0 0 3 3 5 5 5 1 5 4 3 1 5
1 5 4 0 2 3 3 1 5 1 2 3 1 3
2 0 2 1 0 0 1 1 2 2 3 3 3 0
5 5 0 3 4 1 4 5 4 4 1 2 1 1
4 1 5 1 1 4 5 5 2 3 5 3 1 5
4 1 3 5 2 4 2 2 4 1 3 4 4 1
4 3 3 4 2 3 0 2 3 5 3 5 3 2
2 5 3 3 5 4 0 2 2 4 0 2 3 5
3 2 5 2 0 4 0 0 2 2 2 3 3 5
1 0 5 0 3 3 1 0 2 0 5 0 2 4
1 5 5 0 5 3 4 3 3 2 0 0 5 4
3 1 4 1 1 4 1 3 3 4 4 4 4 1
5 0 2 1 3 1 1 0 2 3 5 2 0 1
4 1 1 0 5 5 5 0 1 4 0 4 3 0
5 3 2 1 3 4 4 3 1 5 1 1 2 0
2 4 2 0 4 3 4 1 4 0 2 2 2 1
1 5 0 4 4 1 5 1 2 1 4 3 0 0
1 5 3 2 0 1 3 5 2 4 4 0 1 1
2 0 5 0 0 3 4 4 3 0 5 5 0 5
2 3 4 5 3 2 5 0 5 2 1 5 3 4
3 2 3 5 5 3 1 3 4 3 2 3 5 2
2 2 0 3 3 0 5 1 2 4 1 1 2 2
1 0 0 1 4 2 5 5 2 2 5 0 0 5
5 2 1 5 5 4 2 1 3 1 2 0 4 4
0 2 0 0 0 2 3 0 4 2 1 2 3 4
2 1 3 2 1 2 4 4 3 2 3 1 2 3
0 4 1 3 4 4 3 0 1 4 2 0 1 0
2 0 5 4 0 5 1 1 3 0 2 1 2 2
4 5 3 4 4 0 5 1 4 0 0 0 2 5
3 0 2 3 2 1 0 1 1 2 3 4 1 0
1 1 1 1 5 0 1 4 4 4 4 5 5 2
1 3 5 5 1 2 3 1 5 4 0 4 0 5
4 3 0 2 4 3 4 4 4 0 1 1 4 0
1 0 4 2 1 2 1 3 0 0 4 1 4 3
3 4 2 0 1 3 5 1 3 3 5 5 5 2
3 1 5 5 4 3 5 5 4 1 2 5 2 1
3 5 2 4 0 3 3 0 4 2 0 5 2 3
3 0 1 2 5 3 3 1 2 4 3 4 5 2
5 0 2 5 5 2 0 1 2 5 2 4 1 1
0 0 1 1 3 4 4 3 3 2 2 1 2 2
0 3 3 3 0 4 1 3 0 2 1 4 0 5
4 4 0 4 4 3 1 5 0 3 5 1 5 2
0 1 0 3 0 2 5 4 1 1 5 1 2 0
2 4 4 3 3 2 2 0 1 1 3 1 5 0
0 0 4 5 4 4 0 0 0 5 3 3 1 5
1 2 1 0 1 0 1 0 2 4 4 2 5 3
4 3 2 1 3 3 4 3 1 2 3 2 5 1
0 5 0 1 5 0 2 0 0 4 4 2 3 0
3 2 0 2 5 0 4 2 2 5 2 0 2 0
1 4 3 3 4 0 3 2 4 4 5 4 3 5
5 1 1 0 5 5 5 5 5 0 2 0 2 0
0 1 2 5 3 1 2 1 4 5 0 3 2 2
3 4 5 2 0 5 5 2 4 5 3 0 5 5
5 0 0 2 1 1 1 2 3 0 3 2 4 3
2 4 1 2 2 3 3 0 5 3 5 4 2 1
2 5 5 5 4 2 4 0 5 1 3 3 2 5
5 2 5 3 1 1 3 5 2 3 0 3 2 2
0 3 3 2 1 2 0 2 4 2 2 1 3 1
3 2 0 1 3 0 1 5 4 3 4 3 0 0
0 3 0 2 1 4 2 2 1 3 2 1 4 0
3 1 0 2 4 2 2 1 3 4 1 3 5 3
5 5 5 3 3 3 5 2 0 5 3 2 3 0
3 5 5 4 0 5 3 4 0 1 3 1 0 3
4 5 3 4 1 3 3 5 0 1 0 4 5 0
3 4 1 0 2 0 0 5 4 0 0 3 4 0
1 4 4 3 2 1 1 0 5 4 1 1 1 4
4 1 4 2 5 4 2 0 3 0 2 2 0 4
1 3 3 2 3 0 5 2 5 2 5 3 4 0
2 4 4 5 2 0 2 4 1 3 1 5 2 3
3 2 5 0 1 3 4 5 4 1 0 4 3 2
3 0 2 5 2 3 3 1 1 1 4 4 4 3
3 0 5 1 1 3 3 1 5 0 5 5 2 3
0 1 2 3 4 3 4 4 0 2 5 3 5 2
4 1 4 4 5 3 3 2 0 5 0 4 0 3
5 0 4 0 0 0 1 4 2 4 1 0 3 0
0 2 2 0 1 0 0 3 1 5 4 4 2 3
0 3 1 5 1 4 1 2 0 3 2 4 5 0
2 4 1 4 5 1 5 5 0 4 0 5 0 1
1 2 5 3 3 0 0 0 4 2 1 0 5 0
4 0 3 0 1 4 1 5 4 3 4 1 3 3
4 4 4 3 3 3 5 4 3 5 0 5 5 4
0 4 5 0 1 4 4 5 1 1 5 2 0 0
3 2 2 3 5 0 4 0 1 3 3 2 3 3
2 4 0 1 3 3 0 1 5 4 3 1 3 3
3 1 1 5 1 2 2 3 0 3 4 1 4 2
1 1 4 4 1 3 1 4 4 0 2 1 3 4
0 4 1 5 2 2 5 3 2 0 0 5 1 5
0 2 3 3 1 3 5 3 4 2 1 5 4 1
1 2 2 4 1 2 4 5 0 4 1 2 0 1
5 5 1 4 0 1 5 3 5 3 2 0 0 4
0 1 1 0 4 5 5 5 1 0 0 5 0 4
5 3 4 0 4 5 5 2 5 5 0 3 4 2
3 1 2 0 4 0 1 2 5 1 1 2 2 0
5 3 5 5 0 3 3 5 5 4 0 3 0 3
3 5 5 0 1 1 1 3 2 0 5 3 0 0
3 2 1 4 1 0 3 4 2 0 0 4 0 2
2 2 1 4 2 1 3 3 1 2 1 5 2 3
5 1 0 2 5 2 3 2 1 4 2 5 4 0
1 5 4 4 4 1 5 2 1 3 4 4 3 3
1 3 5 1 1 4 4 1 0 0 1 4 5 0
3 3 0 3 5 4 3 2 4 3 5 2 1 0
4 5 5 5 3 2 0 0 0 5 3 3 4 4
0 2 5 1 3 2 1 5 1 3 3 2 0 3
2 1 0 4 2 0 2 0 1 2 1 2 4 0
2 5 1 4 4 3 3 1 5 3 3 3 0 5
4 1 4 3 3 3 5 0 1 4 4 5 0 0
1 5 4 4 2 5 3 3 3 1 2 0 0 3
3 5 3 4 3 4 2 5 3 5 1 1 1 4
3 2 2 1 1 0 1 0 1 1 4 5 2 0
4 5 0 2 0 3 2 5 0 3 2 5 0 0
2 1 0 2 5 3 5 2 4 1 0 1 3 1
4 5 4 5 1 4 2 0 4 2 2 2 5 4
5 2 3 5 2 2 0 1 0 5 4 1 5 0
4 3 0 2 3 1 4 2 5 3 4 0 0 3
2 1 0 1 2 5 2 2 4 4 4 1 0 3
2 3 0 3 4 1 3 1 1 1 0 4 0 3
1 5 0 4 1 3 4 4 2 4 3 0 3 5
4 2 0 1 0 3 3 5 2 2 3 0 4 2
4 4 1 5 3 5 1 3 3 1 5 4 2 5
3 2 1 3 0 4 3 1 5 1 3 3 1 3
1 1 2 2 1 3 0 5 5 4 0 0 2 4
5 5 4 4 4 4 0 3 5 3 2 2 1 0
4 0 1 2 0 2 5 2 3 0 1 0 2 0
1 5 1 0 2 5 4 2 1 1 1 3 4 2
4 0 0 0 3 4 4 3 3 1 3 0 0 3
4 5 1 5 0 0 0 5 4 1 0 4 3 3
0 1 3 5 0 1 0 2 5 4 2 2 0 4
4 2 4 4 5 5 1 4 4 4 2 5 5 1
2 4 1 0 4 5 4 1 5 1 4 1 0 1
3 0 4 3 1 4 3 3 5 4 0 2 4 2
2 3 1 5 1 3 0 4 3 5 2 0 4 3
3 4 0 2 3 4 5 4 1 2 2 5 0 0
3 0 0 1 5 1 0 1 4 2 1 5 3 1
5 4 1 4 3 1 4 5 5 3 3 1 4 3
4 1 5 0 4 3 2 3 3 4 3 5 5 4
5 5 3 2 4 2 1 2 4 3 4 3 0 1
2 4 1 4 3 2 4 0 2 2 3 4 0 5
1 2 1 4 3 3 3 0 0 4 1 5 4 1
3 5 2 1 4 2 5 1 3 4 5 4 5 4
5 3 5 0 5 0 4 1 3 0 4 3 1 1
2 0 3 0 3 0 5 4 0 3 0 5 2 5
4 1 2 0 5 3 4 5 5 2 0 4 4 1
4 1 2 2 1 3 5 1 0 2 5 3 4 1
0 3 1 0 1 3 4 1 3 0 2 3 0 4
1 4 2 0 2 1 5 2 1 0 0 4 0 0
0 3 5 5 5 1 0 3 4 5 2 0 2 4
4 3 3 5 4 0 2 0 2 5 3 5 4 0
2 4 1 4 2 2 5 3 0 3 0 2 0 5
2 2 4 3 1 3 1 1 1 5 4 2 3 3
1 5 2 2 2 2 3 4 4 4 1 1 2 2
1 0 0 4 5 3 2 0 0 5 4 1 2 1
2 4 3 4 0 2 4 4 2 3 4 1 4 1
3 4 5 1 2 4 4 5 1 0 0 4 0 3
4 0 1 5 0 2 3 0 0 2 2 3 5 4
2 5 4 3 2 0 1 2 0 5 2 2 4 3
0 1 3 0 0 0 5 2 2 2 3 3 1 2
5 2 5 5 4 5 1 5 2 4 4 0 1 5
1 4 0 4 1 1 1 0 4 4 5 3 3 5
3 5 2 2 2 4 5 3 4 0 4 0 1 0
5 4 0 3 0 3 5 5 0 5 0 2 5 0
1 2 2 3 1 2 5 2 5 5 1 1 0 3
2 4 2 4 0 5 3 2 5 1 5 3 5 4
3 4 3 2 2 0 3 2 3 2 2 0 2 4
1 1 3 2 0 3 0 3 4 0 3 2 1 2
1 3 0 2 3 0 1 3 5 2 4 2 4 2
3 4 5 1 3 0 5 5 0 2 1 0 2 0
5 0 4 5 3 3 4 4 4 4 5 2 1 5
0 0 5 3 5 0 5 1 0 4 0 5 2 3
5 4 1 0 2 1 4 1 1 0 2 5 2 5
0 4 5 4 1 0 2 1 2 3 3 3 0 0
0 1 0 2 5 1 5 0 4 2 1 1 0 5
2 4 3 1 5 5 1 4 3 2 4 3 3 3
0 3 3 2 1 2 4 4 3 3 0 5 1 1
3 0 0 3 5 5 0 0 5 0 1 0 5 2
2 2 4 3 3 4 2 4 4 0 2 4 4 1
1 2 4 3 5 3 0 5 0 2 5 4 2 0
0 0 0 3 4 2 1 5 5 0 2 2 0 3
3 3 0 5 4 1 1 0 5 4 4 0 5 5
3 3 0 3 3 2 3 1 4 4 1 0 1 0
0 0 1 3 0 1 2 2 5 3 4 3 4 3
1 5 1 3 0 5 4 2 1 5 2 1 2 2
3 1 0 4 0 0 5 4 1 5 4 2 0 1
2 4 2 2 3 2 0 5 5 5 1 1 2 0
0 5 2 2 0 5 3 0 0 2 2 3 2 5
0 2 0 2 2 0 5 2 1 1 3 4 3 1
3 5 2 2 5 1 1 0 5 4 3 2 0 0
1 1 3 1 0 0 1 3 4 4 2 2 1 4
3 5 2 3 1 2 2 4 5 1 5 5 0 5
0 5 0 0 5 0 3 3 2 0 2 1 0 4
0 2 0 3 5 2 4 3 5 4 3 4 0 4
1 0 2 3 0 3 4 0 0 3 4 1 4 4
5 1 4 1 3 0 0 3 5 5 2 5 2 4
1 4 0 1 2 5 0 0 4 4 0 2 5 1
0 4 4 5 5 3 3 1 1 5 5 0 2 3
5 2 0 3 0 3 2 4 1 5 5 4 2 0
3 2 0 0 4 0 3 1 3 4 3 4 1 3
5 3 1 2 2 5 3 3 0 5 1 3 1 0
0 2 1 0 3 0 5 4 1 1 2 2 4 3
5 0 5 2 4 2 2 4 3 4 5 0 0 5
3 3 3 3 5 1 0 3 5 4 2 5 1 4
2 1 5 3 1 1 1 4 3 2 3 5 4 5
3 0 0 4 1 5 2 4 2 3 4 4 1 3
1 1 5 0 3 4 1 1 1 0 2 3 3 3
3 5 2 4 2 5 5 4 2 0 3 4 3 4
0 4 5 3 2 2 5 0 3 3 3 2 1 0
3 0 2 5 4 4 4 1 1 2 1 1 1 2
3 4 0 2 4 5 4 3 2 4 2 3 4 4
5 1 5 4 0 0 3 1 3 3 2 1 2 5
5 3 4 3 4 0 0 4 2 3 3 4 0 1
4 3 1 1 5 2 5 3 3 2 4 1 0 5
2 2 1 0 0 2 4 5 2 4 4 2 2 0
3 1 2 0 1 2 5 3 3 2 5 3 5 4
0 3 3 0 4 0 4 0 1 2 1 4 3 2
5 3 0 4 2 0 3 0 0 5 5 5 1 1
2 1 2 0 1 5 4 1 3 1 1 1 2 3
3 4 1 0 4 1 5 0 3 1 4 0 5 3
3 2 5 1 2 2 2 3 3 0 4 1 0 2
3 3 1 1 3 0 4 3 0 5 5 2 1 4
5 5 1 0 0 1 1 4 1 2 0 3 1 0
3 2 3 4 5 1 2 1 2 3 1 1 0 0
4 2 3 2 1 1 1 1 5 3 3 1 2 0
2 3 5 5 2 0 5 4 1 1 0 4 2 3
5 4 1 0 2 4 0 1 3 0 3 3 1 3
5 5 3 2 0 2 4 4 0 0 0 5 0 2
3 2 0 4 0 0 1 0 1 1 4 2 3 5
2 2 4 4 3 5 4 1 1 4 3 2 3 1
2 3 5 3 1 1 3 2 0 4 0 0 2 5
0 1 5 2 4 3 3 4 0 1 3 0 1 1
4 4 3 3 4 0 1 4 5 0 4 4 0 4
3 5 2 1 2 5 1 1 5 4 4 0 4 2
4 0 0 5 3 1 2 4 2 4 1 2 3 4
5 4 2 2 4 2 4 1 1 5 4 2 4 4
3 4 0 3 1 5 5 4 4 2 3 4 0 3
4 0 1 2 4 3 5 5 5 0 2 4 5 5
2 0 1 4 2 4 5 5 0 2 3 4 1 3
2 5 1 2 4 3 3 3 0 5 4 2 4 5
4 2 2 3 5 4 2 1 1 3 3 5 0 4
2 4 0 2 3 4 4 1 4 5 1 2 5 5
4 1 0 2 3 2 4 1 2 4 3 1 4 1
0 2 2 4 0 0 3 4 4 4 0 0 2 4
2 2 3 2 2 0 0 2 4 3 1 2 0 1
1 1 2 1 0 5 3 0 5 1 2 1 2 2
2 4 2 3 5 2 0 3 2 5 2 3 1 2
2 3 4 4 0 0 3 4 5 4 5 3 1 2
4 2 0 5 5 4 5 3 3 2 5 1 2 2
5 5 3 0 4 5 0 5 2 5 5 0 4 1
3 3 2 0 3 2 5 1 5 1 1 4 3 0
3 2 4 0 1 4 5 0 1 5 0 4 4 2
3 0 3 5 4 4 3 5 2 2 1 4 1 0
3 3 4 3 4 4 1 2 2 3 1 1 0 4
1 3 5 3 3 2 5 5 0 2 3 5 2 2
4 1 2 5 2 1 3 2 4 2 5 4 5 4
3 1 0 0 5 0 0 2 0 1 2 3 1 5
2 5 0 5 3 0 0 4 2 0 3 4 5 0
0 2 5 2 0 1 2 5 5 3 1 1 1 2
1 2 5 0 5 4 3 5 3 0 4 5 3 2
0 2 4 0 4 3 3 1 3 1 5 5 1 0
1 1 5 3 5 0 3 5 4 1 4 4 4 3
4 0 2 1 1 5 2 5 1 5 4 1 3 1
2 5 0 2 3 5 2 4 1 5 1 5 5 0
0 4 3 0 2 0 3 0 5 5 4 4 4 5
2 4 4 5 0 2 2 3 5 4 2 4 0 1
2 1 2 1 2 5 5 2 3 0 1 1 5 1
1 5 2 0 2 5 2 3 1 0 4 1 3 1
3 1 0 3 2 4 4 1 3 4 1 2 1 4
1 2 4 2 5 2 3 3 5 5 3 2 3 3
0 4 1 0 0 1 5 3 2 5 3 5 2 5
1 5 3 3 5 3 0 5 1 1 3 4 1 1
0 4 0 4 0 4 4 2 1 2 4 0 4 4
0 1 2 0 5 4 0 4 2 5 5 5 0 0
5 0 3 2 2 0 3 0 4 3 5 3 4 3
1 2 0 2 3 1 5 5 2 2 4 1 0 4
2 5 3 2 1 2 5 3 0 3 3 0 1 0
0 1 1 4 2 4 0 1 0 3 0 0 4 5
2 5 3 5 2 3 3 2 5 1 5 3 2 2
2 4 2 1 1 1 3 0 2 1 0 3 0 2
4 5 2 0 1 1 5 0 0 5 1 4 1 0
4 2 1 5 5 3 5 2 5 1 4 5 4 2
1 1 0 5 5 4 1 4 1 1 5 3 3 4
1 1 3 3 2 4 2 4 0 5 3 2 2 4
1 1 4 4 2 1 3 2 0 5 3 1 4 2
1 2 3 3 0 1 2 5 4 5 0 4 5 4
2 1 5 2 2 4 5 4 4 3 2 2 5 3
3 5 3 2 2 1 0 5 2 4 0 0 2 5
4 3 1 2 0 5 2 5 0 0 3 2 0 1
5 1 5 2 5 2 4 2 2 2 3 4 2 5
4 3 4 1 1 2 0 4 1 3 4 1 1 0
2 2 5 2 1 3 1 5 4 2 4 0 4 1
5 2 4 0 1 2 1 2 4 2 3 3 5 1
3 0 4 1 5 2 3 5 2 5 5 1 0 1
0 0 1 3 5 4 2 0 3 5 2 4 5 0
5 4 0 5 2 1 4 3 4 0 5 1 3 4
5 0 0 0 2 3 3 0 3 3 4 5 5 5
2 2 5 5 3 0 1 1 4 3 4 5 2 2
2 3 2 3 0 5 3 3 0 5 4 4 5 4
0 0 2 2 1 4 3 0 5 5 4 2 3 3
3 1 5 4 3 2 4 3 2 3 0 1 0 2
3 3 0 2 4 1 3 3 4 5 1 1 1 1
5 0 5 2 0 3 3 1 2 1 5 2 4 0
1 3 1 2 5 5 5 4 4 1 5 2 2 2
3 2 3 5 0 5 3 1 0 2 5 2 3 2
5 2 3 1 5 2 3 5 5 4 2 3 1 3
4 1 3 3 5 5 5 4 5 5 5 1 3 0
5 5 3 1 0 3 2 4 0 2 4 2 5 0
5 5 0 5 1 2 0 3 3 5 2 3 5 0
4 2 2 2 2 4 0 4 0 4 2 1 0 2
1 5 4 5 3 3 1 3 0 0 3 0 4 2
5 3 5 2 2 5 1 4 5 5 5 4 1 0
5 3 2 0 0 0 3 3 1 4 1 1 3 1
3 1 3 1 2 5 2 5 4 3 3 3 1 1
4 4 5 5 3 1 0 0 2 0 1 1 4 2
3 4 5 3 1 3 4 3 0 4 2 2 4 5
3 4 1 3 5 2 1 4 5 0 3 4 3 3
0 3 4 4 4 2 0 4 4 2 4 3 3 0
4 1 5 1 5 2 3 3 2 5 2 1 2 4
3 2 1 1 3 4 1 5 5 5 0 2 3 4
5 4 3 2 4 3 1 1 2 3 1 1 5 5
3 3 2 3 4 5 3 5 2 0 2 4 2 4
2 3 0 2 1 4 2 1 5 2 3 4 1 1
4 0 5 4 1 0 5 2 3 3 1 4 0 3
0 0 0 3 0 3 4 5 1 0 5 3 0 3
4 0 2 0 2 3 1 3 3 3 1 3 0 4
5 4 2 3 1 5 3 1 4 2 4 4 1 2
2 2 2 4 4 5 2 4 1 3 3 0 0 3
2 0 5 1 5 5 3 1 4 5 0 2 1 1
3 4 0 5 0 1 2 2 1 4 2 1 1 2
5 2 0 5 1 3 3 4 1 4 4 4 1 4
1 4 3 5 2 1 5 5 2 4 2 2 1 2
0 0 2 5 0 5 1 2 1 3 2 4 3 0
0 5 1 0 2 0 2 5 0 3 2 3 1 2
3 5 3 2 0 4 3 2 0 3 5 3 2 5
5 5 3 1 1 1 5 2 2 4 3 5 2 3
1 3 5 0 5 4 5 4 0 4 0 4 4 5
5 4 4 4 1 1 1 2 0 3 4 2 2 1
3 5 3 0 3 0 4 3 3 1 0 1 2 0
4 0 4 4 4 1 0 3 2 0 5 0 3 4
2 1 3 1 4 1 1 4 0 2 3 5 1 3
2 4 5 2 5 5 5 5 4 5 2 3 3 0
4 2 0 3 1 5 5 5 4 4 4 2 3 3
5 0 1 0 3 0 4 1 2 1 3 2 4 5
0 2 4 4 1 0 3 3 5 5 5 2 2 5
0 4 1 5 3 2 4 1 3 3 0 2 4 3
5 0 0 2 3 4 3 0 5 4 5 0 0 2
2 1 3 4 2 2 3 4 0 5 4 2 2 3
4 5 1 0 2 3 2 1 1 5 4 4 4 3
4 5 5 5 3 1 0 2 0 0 2 1 2 3
0 2 4 1 1 1 0 1 2 3 5 5 4 4
4 2 4 3 0 3 2 3 3 1 0 3 1 5
0 1 4 1 5 5 4 3 4 5 0 3 4 2
0 3 1 1 1 2 5 0 4 2 0 2 3 2
4 3 3 2 3 4 4 0 2 3 2 0 5 1
5 0 4 5 1 0 3 2 0 0 1 0 0 3
3 4 4 2 0 5 5 3 3 4 2 3 1 1
5 4 0 3 3 2 2 1 5 4 2 0 3 1
3 0 1 1 0 2 5 5 1 5 4 2 2 1
4 4 0 0 2 3 5 1 0 3 2 0 3 3
1 2 0 1 0 5 3 3 1 2 3 1 5 0
2 3 2 3 5 5 0 4 0 4 1 3 2 3
1 3 1 4 2 0 4 4 3 2 2 3 3 5
4 2 4 4 2 3 3 3 4 4 3 4 1 4
2 2 3 0 0 4 0 3 0 4 1 2 5 2
5 1 5 5 4 5 4 3 0 3 5 5 1 5
1 1 3 3 0 3 4 3 2 2 5 1 1 3
4 3 1 1 4 1 2 4 1 1 3 1 5 5
1 4 0 4 2 3 2 1 2 1 2 3 4 5
4 5 0 4 4 4 3 5 5 5 0 2 1 0
4 5 4 0 4 2 5 5 3 1 5 5 2 5
3 4 0 4 0 4 3 5 1 3 4 5 4 1
2 5 1 1 2 2 5 0 3 5 1 4 0 0
0 5 1 3 2 0 2 2 3 0 1 4 3 5
4 3 2 0 1 2 4 3 0 1 1 0 4 1
5 2 1 2 4 3 3 3 2 5 3 0 1 3
1 4 1 5 2 2 2 2 0 2 4 4 2 0
2 4 2 2 4 5 5 0 0 3 4 3 3 2
0 5 1 0 3 2 4 2 1 5 2 4 1 2
0 1 0 4 1 1 2 2 2 3 3 4 2 2
5 5 3 4 4 4 2 5 0 2 4 5 4 0
0 4 5 4 0 3 5 0 4 1 3 3 2 3
3 3 2 3 4 5 5 5 3 5 3 1 1 0
3 3 0 3 0 0 4 4 1 0 5 2 4 4
5 4 2 5 4 4 0 3 1 4 4 5 1 2
0 4 0 5 4 1 0 4 0 4 3 0 2 3
4 1 4 3 4 3 2 2 1 4 4 3 3 2
5 4 1 5 0 4 4 1 1 2 1 4 1 0
2 4 2 3 5 2 3 0 5 1 4 2 5 2
3 2 3 1 5 3 3 4 1 3 4 3 5 5
4 4 1 1 0 1 4 5 5 4 4 1 3 5
0 1 4 3 1 3 1 3 2 0 5 3 4 1
3 3 3 3 0 1 1 4 3 2 4 5 4 5
3 5 2 3 5 0 0 1 0 3 4 5 5 1
3 3 0 4 1 2 4 2 2 1 4 1 1 1
0 2 5 0 4 3 3 2 5 4 0 0 1 5
0 2 4 0 1 0 5 2 5 1 3 5 0 0
0 1 4 0 2 5 2 0 4 1 3 1 2 2
1 1 2 2 5 1 2 5 3 5 4 0 0 4
2 2 3 0 3 3 0 4 0 2 1 3 0 0
0 5 5 4 0 4 0 0 1 4 5 5 2 4
0 2 2 1 2 0 4 4 2 5 0 4 2 3
2 2 3 5 5 2 4 3 0 4 1 5 2 1
5 0 2 1 1 1 4 1 3 2 0 3 2 2
5 2 1 0 0 1 1 5 2 1 0 2 5 5
0 5 3 2 3 4 4 3 3 4 1 4 2 1
0 5 5 4 3 0 5 5 2 5 0 3 2 4
0 3 4 5 2 5 0 5 4 1 5 0 3 2
3 3 0 2 0 2 5 3 0 0 1 3 3 4
0 3 5 3 1 0 3 2 2 2 5 3 1 1
1 5 3 1 5 0 0 2 0 0 4 2 5 4
1 2 3 1 3 0 5 2 5 4 5 5 2 5
0 5 3 5 0 0 4 3 0 3 1 5 5 1
0 4 5 5 5 1 0 5 2 1 4 4 0 5
2 4 0 0 1 4 0 1 5 4 5 0 4 2
5 3 0 3 3 5 2 2 1 0 4 2 1 3
1 2 5 5 4 1 5 1 1 4 3 3 1 5
5 0 1 0 1 0 3 1 3 3 0 4 1 3
2 5 4 4 4 5 2 3 1 4 5 5 4 5
5 3 5 4 3 4 2 3 0 2 0 4 4 1
2 0 4 2 5 4 1 0 3 1 3 4 0 2
0 4 3 5 1 3 3 3 4 5 0 1 4 2
2 0 4 4 1 0 1 4 3 0 2 4 4 3
3 4 3 0 3 3 5 0 0 4 5 3 1 4
0 0 1 1 0 3 2 2 2 4 0 2 0 2
5 3 5 5 4 5 0 5 4 4 0 4 0 2
2 0 1 0 2 3 3 2 1 4 4 0 3 2
0 0 1 3 4 4 5 2 1 1 3 5 0 3
0 3 0 5 5 1 1 3 5 5 1 2 3 3
4 3 4 3 2 4 4 3 4 2 3 1 2 0
4 2 1 1 3 0 0 1 1 2 3 3 1 2
1 2 4 1 2 4 3 4 3 1 4 0 1 0
3 1 1 5 0 3 3 4 5 1 5 4 5 0
0 3 2 1 3 1 3 5 1 1 5 2 1 2
5 5 2 4 4 2 5 2 5 3 5 2 1 3
0 4 0 4 3 2 5 4 3 3 3 4 1 1
4 4 1 3 1 2 2 5 2 3 2 3 0 5
5 0 0 1 0 5 2 4 0 4 3 4 2 1
0 1 4 3 3 4 1 5 2 3 0 0 2 3
3 4 1 5 5 3 3 2 4 5 4 3 2 3
3 0 1 5 0 4 5 3 1 0 3 0 2 0
5 3 4 0 2 3 2 2 2 0 3 4 5 5
4 4 4 3 1 1 0 1 2 5 2 4 1 0
4 4 0 3 0 2 4 1 3 0 3 4 4 1
3 3 1 4 5 5 3 1 0 4 0 5 3 2
1 5 5 0 2 0 1 5 5 1 5 2 4 5
3 5 2 2 3 2 5 4 3 1 0 0 3 0
4 4 1 2 4 4 1 2 4 5 1 2 5 5
0 4 4 4 1 2 5 3 0 5 0 0 0 0
5 4 2 4 4 0 3 3 2 4 3 0 3 4
0 1 0 2 2 0 2 0 2 4 4 1 4 2
1 5 1 0 0 2 2 3 0 5 5 1 4 2
1 4 5 1 4 2 0 1 1 3 4 5 1 2
5 1 5 1 3 3 0 1 4 3 1 2 2 0
2 2 0 0 2 5 4 1 1 4 5 5 0 1
4 3 5 4 5 0 5 0 5 0 5 2 0 2
1 4 3 2 2 1 1 0 3 3 0 2 2 5
5 0 0 1 0 4 4 1 5 3 0 3 2 2
0 5 0 3 0 2 5 1 1 5 0 5 1 1
4 0 0 4 3 2 4 0 2 2 1 4 3 4
2 4 0 1 5 4 0 0 3 2 5 1 4 0
0 1 5 0 0 2 3 1 4 1 1 2 0 2
4 5 4 0 0 4 3 1 1 3 0 4 3 2
0 0 0 3 5 0 5 0 3 0 5 5 4 5
1 2 1 0 5 3 3 3 5 2 1 4 5 1
5 5 5 3 1 5 5 2 5 3 3 1 2 4
3 2 1 1 5 4 2 3 5 0 2 5 1 3
1 0 1 4 1 0 3 4 1 1 5 2 2 3
3 3 3 2 5 5 2 5 1 1 0 0 0 0
4 2 4 3 3 1 3 5 3 4 2 2 1 0
5 4 5 3 4 3 3 0 2 5 1 5 0 1
4 3 0 1 3 4 4 5 4 3 1 5 2 5
1 0 4 4 0 5 3 0 3 4 2 0 2 4
0 0 1 4 2 2 5 3 3 3 4 0 0 5
3 0 1 4 2 1 2 3 3 3 0 2 2 1
0 5 3 5 0 0 2 1 1 1 3 5 1 2
4 4 2 5 1 0 5 5 4 3 4 0 4 1
1 3 1 5 0 3 2 5 5 5 1 1 2 2
0 5 3 2 1 4 0 2 1 0 3 0 2 0
0 4 5 4 4 5 0 4 2 4 1 0 4 3
3 2 1 4 1 0 4 5 3 1 2 1 5 0
4 0 0 0 5 5 0 0 3 0 2 1 5 2
3 2 1 1 1 0 0 1 5 1 4 4 2 2
5 4 1 3 5 5 0 2 2 2 0 5 5 0
0 0 4 0 1 1 1 0 1 5 4 2 5 0
0 4 3 0 2 1 0 3 3 1 0 3 5 3
3 1 4 0 0 2 1 2 3 4 5 4 4 1
5 2 5 1 5 4 2 1 1 2 5 0 0 5
4 4 4 1 5 2 1 0 2 1 5 4 4 3
5 5 0 2 4 5 4 1 4 5 1 4 0 4
2 5 5 0 1 5 4 3 0 4 0 0 0 2
2 2 1 4 2 4 3 1 1 3 4 1 3 1
1 1 5 2 5 0 5 1 3 4 3 2 0 3
0 2 0 0 0 5 1 3 0 4 1 5 5 0
3 2 2 3 4 5 0 4 3 4 4 4 5 4
1 5 3 3 1 0 3 4 3 2 4 3 1 4
2 1 5 5 4 2 1 5 0 1 1 2 5 1
4 2 5 3 0 4 1 5 4 3 3 5 1 0
3 1 2 2 4 3 2 1 2 3 3 2 5 4
5 1 3 3 0 5 2 2 5 0 5 2 3 5
0 4 0 2 2 4 1 5 0 4 2 3 5 2
5 2 0 3 2 1 5 0 4 4 3 3 5 4
3 3 3 5 0 4 0 0 3 2 5 3 2 0
3 4 1 0 3 4 2 1 0 4 2 3 0 4
5 5 3 5 4 0 0 4 0 0 3 3 0 0
0 3 3 0 0 5 5 5 0 2 4 2 2 0
1 4 3 0 3 5 3 1 2 5 0 1 1 1
1 4 4 0 0 2 4 3 0 5 3 5 4 4
1 3 5 5 4 1 3 5 3 5 1 0 2 0
3 2 4 1 3 0 0 3 0 5 3 0 4 1
4 3 0 2 0 1 4 5 1 5 3 5 3 3
1 4 1 4 4 5 0 4 3 1 3 2 2 0
3 5 4 4 5 4 3 3 1 3 0 2 4 4
3 5 5 0 4 4 3 3 2 5 5 3 3 0
5 0 0 2 1 5 1 1 5 4 5 1 2 4
4 2 2 3 5 0 3 5 4 5 4 4 2 0
5 5 1 0 1 5 2 0 0 4 1 0 2 4
2 2 4 3 1 4 0 4 0 2 1 4 4 5
5 1 3 5 1 5 5 5 5 5 1 3 2 0
1 2 5 4 1 4 0 3 5 3 5 3 0 5
5 5 2 2 2 1 0 3 5 1 0 1 1 4
4 4 0 5 2 4 2 2 4 3 1 0 2 2
1 5 1 3 3 2 4 4 2 0 4 2 0 2
1 1 3 3 0 0 0 1 0 4 0 2 2 4
1 5 4 4 0 1 0 2 1 3 5 4 2 3
1 3 2 1 4 2 5 2 0 4 1 3 2 1
0 3 4 1 2 2 3 5 1 3 4 3 4 3
0 3 1 0 2 1 1 1 5 0 3 3 4 0
1 1 4 2 4 2 1 3 1 0 3 4 2 5
2 0 2 4 0 2 4 0 4 0 3 2 0 3
0 5 2 0 0 0 5 1 1 1 1 5 1 3
2 5 5 2 3 3 2 2 3 5 5 5 4 2
2 0 3 0 3 3 4 4 1 3 2 1 1 2
1 4 2 0 4 5 4 1 2 5 1 0 5 2
0 5 4 2 5 2 0 0 5 3 4 2 1 2
5 0 5 0 4 3 1 5 5 4 2 2 1 4
5 0 1 1 0 4 2 3 0 0 2 2 0 4
2 5 1 4 5 4 4 4 2 3 3 4 5 1
3 4 0 4 1 4 5 2 3 4 0 5 1 1
2 1 5 3 4 4 2 3 4 4 4 0 5 1
3 3 3 5 3 4 3 4 5 3 2 4 1 2
0 5 5 1 0 0 5 3 5 4 1 4 4 5
3 4 5 0 0 3 4 4 2 1 5 5 0 3
1 5 3 0 5 1 0 2 3 5 5 4 4 0
0 5 2 3 4 5 5 2 1 5 0 3 5 3
5 1 5 2 2 3 5 2 2 3 0 5 4 3
2 0 3 4 1 5 5 2 4 1 0 2 2 0
4 0 4 4 2 4 2 5 3 4 0 0 3 5
3 0 4 5 2 4 4 1 1 0 2 3 5 3
3 5 3 4 0 2 1 3 1 2 5 1 1 2
3 3 4 2 4 5 4 1 0 3 4 3 3 0
3 0 4 2 5 1 5 3 4 2 1 1 2 2
2 5 5 4 4 2 3 2 5 2 1 2 0 5
4 2 2 3 3 4 2 4 0 3 3 4 5 4
5 1 5 1 1 2 3 3 4 3 4 1 1 5
0 5 2 3 1 5 5 5 5 0 3 5 3 0
2 5 4 3 1 4 0 2 1 3 2 1 2 4
5 5 3 5 5 4 2 2 2 1 1 3 2 0
3 3 5 2 4 0 5 5 1 4 5 4 4 4
2 3 5 4 1 2 1 3 5 5 2 1 0 4
5 4 1 0 1 4 1 5 5 0 3 5 4 5
5 0 4 5 4 1 3 3 5 2 1 0 4 3
3 3 5 3 0 2 3 4 1 5 5 4 3 0
4 1 2 4 4 4 4 5 4 0 5 5 2 0
3 5 1 2 5 1 0 3 1 1 1 0 1 0
1 3 1 4 3 2 5 1 5 2 0 0 0 4
0 2 4 1 1 0 3 2 2 5 1 0 3 0
1 2 4 3 3 3 5 1 3 4 5 3 0 2
4 3 0 4 0 1 4 4 1 3 3 0 2 2
4 2 0 3 5 5 3 2 1 2 1 5 1 5
5 2 5 1 5 3 4 2 2 1 2 1 3 1
5 1 4 0 1 3 4 0 5 3 1 5 3 0
5 0 5 3 4 0 5 1 1 1 5 1 4 5
3 3 3 4 5 2 3 0 2 1 4 3 5 0
1 5 0 2 4 5 2 1 1 2 1 1 0 1
4 3 1 4 1 5 0 2 4 1 5 1 2 0
2 2 1 1 4 5 4 2 5 5 0 1 2 3
4 0 4 2 1 3 1 2 2 2 5 3 3 0
2 3 4 3 4 2 3 3 4 0 3 0 3 3
4 0 1 3 5 5 4 4 0 0 1 5 0 3
4 3 0 0 1 0 0 4 0 3 4 3 4 2
1 3 1 1 4 0 5 1 5 3 2 4 2 0
3 5 3 2 3 2 4 4 3 2 2 0 0 5
4 0 5 2 3 4 1 0 3 5 3 0 4 1
5 5 4 3 5 4 5 4 5 5 1 2 5 5
5 2 4 5 4 5 2 0 2 2 3 1 4 2
5 1 1 3 4 3 0 1 4 0 0 2 4 2
2 3 3 2 4 4 3 2 2 2 5 4 1 0
5 0 5 3 1 0 5 3 2 1 2 1 3 0
4 2 1 2 5 5 4 3 5 1 1 1 0 2
2 0 4 5 1 0 2 2 5 4 3 0 5 4
3 5 5 5 2 5 4 3 3 2 1 0 0 1
1 4 5 4 4 3 3 3 4 1 3 4 1 5
2 0 5 2 3 4 1 3 4 1 0 5 4 1
4 1 5 4 2 1 4 1 0 4 0 0 4 2
0 2 2 5 2 0 0 4 3 3 2 3 4 2
3 3 4 3 0 5 1 5 3 0 4 3 3 5
0 2 5 0 5 5 3 4 2 0 1 2 3 1
2 1 1 3 0 3 3 4 0 1 0 5 3 3
1 4 5 1 3 3 0 2 2 1 0 4 3 3
5 5 1 1 1 3 4 1 0 0 1 5 5 1
0 0 3 0 1 5 2 2 4 1 3 2 4 0
1 0 1 2 3 0 0 1 1 5 2 1 3 4
2 0 0 2 4 1 2 1 5 0 1 2 1 3
2 5 1 0 2 1 1 0 2 3 3 0 0 5
4 1 2 1 1 1 0 1 1 0 4 3 3 3
0 2 3 5 3 0 1 3 4 5 1 2 2 5
2 5 2 0 3 3 3 0 3 3 2 2 3 0
2 5 3 4 0 0 5 0 4 1 4 0 2 3
4 0 5 3 3 3 1 0 0 1 5 3 4 4
3 5 4 0 5 1 5 5 5 1 4 4 4 0
4 3 0 1 0 5 5 0 0 5 2 0 4 3
5 5 3 2 0 3 4 1 2 5 4 0 3 4
3 3 3 0 0 1 1 1 5 4 3 1 5 5
3 2 4 1 1 3 5 4 4 1 0 0 3 1
5 4 0 3 3 4 2 5 1 2 4 1 3 5
4 0 1 5 0 1 5 0 4 5 2 0 3 4
3 3 3 5 3 1 3 2 3 5 2 2 4 3
0 4 5 4 4 1 2 3 1 0 5 1 1 3
2 1 2 3 1 0 2 2 1 4 3 4 0 4
2 5 3 2 0 3 5 5 2 2 5 3 2 3
5 4 0 0 1 0 1 0 4 5 4 0 3 1
4 4 2 0 1 0 3 4 1 5 1 3 3 5
4 5 5 0 3 3 5 3 1 1 0 0 1 0
5 5 1 4 3 1 4 1 3 1 3 2 4 3
1 0 2 1 2 0 1 5 0 1 4 5 0 5
2 4 5 0 4 5 5 3 4 2 0 0 2 2
2 2 3 3 2 5 1 5 1 2 5 5 3 0
3 1 3 1 5 3 2 4 2 0 1 0 1 0
0 3 3 5 2 3 1 3 5 5 1 5 2 2
4 2 4 2 0 4 2 5 3 3 0 2 5 0
3 1 3 5 5 0 3 0 2 4 3 0 5 2
1 0 0 5 2 0 2 4 0 4 1 3 3 0
3 5 0 1 4 5 2 5 1 2 1 1 2 5
5 1 3 0 5 5 1 3 3 4 0 3 5 1
5 4 4 0 1 1 5 5 4 0 5 3 0 5
1 0 2 4 4 2 0 5 2 1 4 4 4 0
3 1 5 4 3 3 4 2 0 1 0 3 2 1
3 4 2 4 3 5 5 4 1 0 0 0 5 5
2 1 1 2 5 0 5 0 3 4 0 3 3 3
0 0 2 2 2 4 0 1 0 2 1 1 2 0
0 5 0 1 5 2 0 0 0 2 2 4 3 1
1 2 3 5 2 2 3 1 4 5 0 3 2 1
0 3 4 3 2 0 5 0 3 4 1 4 2 2
5 4 0 0 4 1 5 4 3 5 1 4 4 3
4 1 5 2 1 4 5 4 5 1 5 2 2 5
4 2 1 3 1 2 3 5 4 5 0 4 3 1
4 1 5 5 3 4 4 3 1 3 3 5 0 0
2 4 1 5 1 4 2 5 4 5 1 2 4 3
1 1 5 4 3 1 3 4 3 2 2 0 4 0
0 3 1 3 3 1 0 2 3 2 5 3 0 1
0 4 4 1 2 4 2 5 2 1 3 0 5 1
5 4 5 3 2 4 5 4 1 3 2 1 1 5
4 5 1 2 2 4 5 3 0 4 4 4 2 2
4 5 5 4 5 2 3 2 1 4 4 2 0 4
4 2 3 0 5 2 4 5 3 0 0 4 1 4
4 4 0 5 4 1 0 5 0 4 5 0 1 0
2 4 5 5 5 2 2 3 4 3 3 5 2 0
1 2 4 0 5 5 4 2 1 4 0 5 3 2
5 5 0 4 3 1 4 3 4 5 1 3 0 0
4 1 4 4 3 4 2 2 0 3 0 2 0 2
0 3 4 0 3 3 2 5 3 0 2 0 4 5
4 3 4 4 5 2 1 2 0 1 1 3 2 5
1 0 5 3 5 2 3 3 3 3 5 3 0 4
2 3 2 1 3 5 2 1 1 2 4 3 5 4
0 0 2 5 0 0 0 4 1 0 3 2 1 4
3 0 2 5 5 2 0 4 3 4 3 4 0 1
4 3 3 3 1 3 4 3 2 5 1 0 5 2
5 0 0 4 3 5 3 1 5 3 5 0 0 2
5 2 1 0 5 0 3 0 5 0 0 0 1 1
1 5 0 0 1 4 1 1 5 1 1 5 4 0
3 5 5 0 1 3 5 4 2 4 0 5 1 1
1 5 5 4 3 2 2 5 1 5 3 0 2 5
5 2 1 4 4 1 0 4 5 0 4 0 0 1
0 0 5 3 0 3 4 2 2 2 3 5 4 4
5 5 0 5 1 2 3 2 4 5 4 3 0 5
3 5 5 3 0 5 4 4 1 2 0 0 3 3
1 3 0 5 2 1 4 2 5 2 0 1 0 1
4 5 1 2 3 0 0 4 0 2 1 3 0 2
3 1 0 3 4 4 4 0 2 4 4 3 0 3
4 1 2 2 3 3 0 2 2 0 5 0 0 4
2 2 5 3 5 5 5 1 4 1 5 1 0 3
0 1 4 3 5 4 0 2 5 5 3 4 0 1
2 4 5 0 1 2 1 1 2 2 4 5 2 5
5 4 2 4 5 3 4 3 3 0 3 5 1 4
3 4 0 5 2 0 3 5 4 2 2 2 2 5
5 0 0 3 1 2 0 0 3 4 1 4 2 5
0 1 1 2 5 1 5 0 0 5 2 3 5 5
5 3 4 3 5 2 3 2 2 5 3 3 4 2
2 2 4 3 3 0 3 2 1 2 3 1 0 4
4 1 1 5 1 0 5 2 2 3 1 1 2 2
2 3 0 5 2 3 5 4 3 4 2 5 0 1
1 5 0 3 1 5 3 4 5 2 5 4 3 3
2 2 1 2 5 5 0 1 5 5 1 0 0 5
1 4 2 4 2 1 4 0 0 0 2 1 4 2
0 0 3 0 0 0 4 2 5 0 4 3 0 4
5 4 0 3 5 5 3 5 4 0 2 3 1 5
4 3 4 5 0 0 0 2 3 4 3 4 1 2
5 5 1 5 2 5 4 3 1 4 4 5 3 3
5 3 2 0 0 4 1 3 0 3 4 2 4 3
1 0 1 3 5 4 1 1 5 1 2 4 4 5
5 1 1 1 3 4 2 1 0 5 4 4 1 1
2 3 4 0 0 2 3 4 4 5 0 5 0 3
4 5 1 3 0 4 3 0 0 1 4 3 3 0
0 5 4 5 1 5 5 5 1 3 2 4 3 2
5 5 5 0 5 0 5 1 3 4 0 0 0 1
5 2 3 1 4 4 5 0 0 2 4 2 3 0
4 2 4 1 2 1 4 1 1 5 1 1 0 5
1 3 1 1 5 3 0 0 4 4 5 4 1 0
0 1 0 2 2 3 3 5 3 1 5 2 2 2
4 3 5 1 4 5 1 5 5 3 4 1 3 0
1 0 4 4 5 2 4 0 3 1 5 4 3 2
0 2 5 5 4 0 0 4 1 4 4 0 0 5
5 5 1 0 4 2 3 5 3 5 0 2 4 4
1 4 2 3 0 3 3 5 0 3 2 0 4 5
5 0 1 4 2 0 1 0 4 5 5 5 5 2
4 0 3 3 5 5 0 2 2 5 1 3 5 0
4 0 4 1 2 5 0 1 4 4 3 3 3 3
0 4 2 5 0 2 0 1 4 5 1 3 3 2
2 0 0 3 5 1 0 2 4 4 0 3 2 0
3 3 5 4 1 1 3 4 0 4 0 5 5 1
3 2 1 2 0 0 3 1 5 3 2 0 2 3
1 1 5 1 4 2 5 5 0 3 1 3 5 5
2 4 4 3 0 5 5 1 0 4 2 1 2 3
3 5 5 2 0 1 0 2 4 0 2 2 3 2
1 4 2 4 3 5 4 0 0 5 4 4 2 4
2 5 1 1 1 3 5 3 3 3 4 1 0 3
2 1 5 0 4 0 4 2 0 3 0 3 2 0
5 2 1 2 5 4 0 3 0 1 4 2 2 1
5 3 2 5 4 4 1 3 3 4 3 5 1 4
1 0 5 4 4 1 5 2 4 5 1 4 5 3
0 1 3 2 2 0 5 2 1 2 3 4 3 1
1 2 1 0 2 3 0 0 3 4 4 4 3 1
2 3 1 5 0 1 1 0 0 4 1 2 3 3
5 2 2 2 1 4 0 0 3 0 1 2 5 5
1 5 0 3 5 5 1 5 1 5 0 5 2 2
3 1 2 5 3 4 2 3 4 2 3 0 3 1
3 0 3 2 3 5 0 0 5 2 2 2 4 2
3 4 2 5 3 3 2 2 2 0 1 2 0 4
0 3 5 4 4 2 4 2 4 5 4 0 5 4
5 0 5 4 0 4 3 4 1 5 3 0 4 2
0 2 0 0 5 4 3 0 4 1 3 2 4 2
0 4 3 5 0 5 4 3 0 2 1 5 0 5
4 2 1 3 3 4 4 5 0 5 0 5 3 3
0 1 3 4 4 4 1 5 2 4 1 1 5 3
2 5 1 3 3 4 0 3 4 5 4 1 0 2
1 3 1 5 4 1 0 4 2 3 5 0 4 2
0 1 5 4 1 2 0 4 0 5 2 1 2 5
1 4 0 0 4 2 4 2 3 1 3 1 0 0
0 4 5 5 0 2 3 5 1 5 4 1 1 1
3 0 4 0 4 5 4 1 0 0 5 2 1 3
3 4 5 1 1 5 2 2 4 3 3 0 0 5
5 2 3 3 0 2 4 0 1 1 0 2 4 2
5 1 4 2 4 2 4 2 2 0 0 2 5 2
0 4 5 0 0 4 5 2 2 4 4 4 2 5
5 0 3 5 3 5 0 4 1 3 0 4 3 4
5 2 0 1 4 3 0 5 5 2 4 2 3 5
5 4 0 5 4 1 0 3 2 3 3 4 5 5
3 4 5 5 2 0 5 5 0 2 2 1 3 5
5 3 0 5 1 0 0 0 2 5 3 5 0 4
1 5 2 1 0 1 3 4 2 0 1 1 0 5
5 3 4 3 3 4 0 4 3 4 1 3 5 0
3 0 5 3 2 0 3 4 3 0 1 2 1 1
1 4 2 0 2 3 2 1 5 3 2 1 2 1
1 5 4 1 0 1 5 1 5 2 5 2 2 1
2 1 4 5 3 2 1 1 0 3 0 1 0 3
5 5 4 1 3 3 0 1 2 3 1 2 5 4
5 1 1 0 0 3 0 4 2 2 2 4 2 5
3 2 0 4 1 4 1 5 4 2 1 3 1 4
1 2 3 2 0 2 0 3 2 1 2 0 4 0
0 4 1 3 3 2 4 3 1 5 3 1 0 4
1 4 5 4 4 0 1 5 0 3 3 0 3 3
3 1 3 5 5 5 4 3 0 1 3 4 1 5
0 5 3 5 2 3 1 2 2 1 1 5 4 2
5 5 3 5 1 3 1 2 5 3 0 5 0 0
4 3 2 3 3 3 4 1 1 3 4 2 4 1
1 5 3 3 1 3 1 2 1 3 5 5 3 4
2 1 3 0 4 2 4 4 4 3 1 0 1 1
0 0 3 1 1 4 2 3 5 1 5 5 0 4
0 5 5 0 3 2 0 4 4 3 0 0 1 4
0 2 3 1 0 0 3 2 3 0 3 3 1 0
4 1 1 1 0 3 1 1 3 5 1 2 1 4
5 3 3 5 3 4 3 5 5 5 1 0 3 2
2 2 1 4 3 1 4 2 5 4 2 4 5 3
2 5 4 5 3 1 1 2 0 2 1 2 4 4
1 5 0 5 0 2 3 5 4 1 5 5 3 2
3 0 2 1 3 1 5 4 2 1 3 4 0 1
5 5 0 3 4 2 2 1 0 3 1 3 2 5
2 5 0 1 4 4 4 3 4 2 2 4 0 4
1 5 3 1 5 5 2 0 1 1 3 1 1 2
5 0 1 4 0 1 3 3 3 0 3 3 2 2
3 1 4 1 2 5 3 0 5 2 0 2 4 0
2 1 4 4 4 3 2 1 2 4 5 4 1 0
1 5 4 5 5 1 2 0 1 0 4 2 0 3
2 1 3 4 4 1 5 1 5 4 2 3 1 3
0 3 5 0 0 3 3 2 5 3 0 4 2 2
4 0 2 4 0 4 3 4 4 5 5 0 0 3
2 0 3 5 2 4 4 2 3 0 1 0 1 5
2 1 5 4 1 1 5 0 5 4 2 3 1 5
1 1 5 5 4 0 1 5 2 2 1 5 3 2
1 4 3 0 0 2 0 5 4 2 2 2 2 4
4 0 1 1 2 4 4 2 4 4 1 1 4 1
2 0 2 0 1 0 0 3 4 5 4 3 3 3
0 0 1 2 0 3 5 4 3 3 3 3 0 0
0 4 2 1 0 3 4 5 5 0 5 0 4 3
1 2 4 0 0 4 5 2 1 2 5 0 3 1
5 0 4 2 1 5 5 2 2 4 1 0 2 1
5 1 2 2 0 4 3 5 3 2 5 5 1 5
1 1 4 0 3 0 0 3 2 1 0 4 5 3
3 3 0 0 0 1 3 5 4 4 2 1 2 0
0 1 1 5 1 3 5 1 3 5 5 4 5 1
5 5 3 5 3 5 4 5 5 4 0 1 3 3
4 3 0 3 0 5 3 2 4 5 3 0 4 0
3 1 4 1 2 3 3 3 0 1 0 0 5 3
4 0 5 3 3 5 1 5 4 0 2 0 5 2
2 0 0 4 0 4 4 1 1 3 3 2 0 2
5 1 4 1 2 1 4 5 3 4 0 2 5 2
0 2 4 4 3 2 0 0 3 3 4 1 5 5
1 1 3 5 4 1 1 3 5 5 0 1 2 5
0 2 0 3 5 5 2 1 0 1 2 4 5 0
0 3 4 0 3 5 1 1 4 1 0 3 0 3
1 4 3 0 5 2 2 0 2 4 2 1 2 4
0 2 2 1 5 1 0 1 5 4 3 3 3 4
2 0 4 4 1 1 1 5 1 3 4 4 1 1
4 2 2 3 0 1 1 2 5 5 1 3 2 4
5 0 3 5 2 0 0 4 4 3 2 2 4 4
0 4 5 3 3 3 5 4 5 2 4 0 4 3
0 3 4 5 1 5 1 3 1 1 5 3 1 1
1 5 1 1 2 0 2 3 2 0 1 4 1 1
3 4 5 1 5 2 5 1 1 4 0 5 2 5
4 4 0 2 5 3 1 1 0 1 2 4 0 3
0 3 2 4 0 3 5 4 3 2 3 2 2 1
3 1 4 1 4 2 2 2 5 1 5 4 0 5
2 2 3 4 1 0 2 1 4 2 5 3 4 4
3 0 2 3 4 2 1 3 0 3 3 1 3 0
0 5 0 2 0 3 5 3 1 2 0 5 2 1
2 3 5 4 0 1 4 5 5 3 0 5 1 1
5 4 4 0 3 1 5 4 5 2 0 2 1 4
4 4 1 1 2 4 0 0 3 1 4 0 2 5
2 1 2 2 3 3 2 3 3 3 0 2 3 2
5 2 5 4 4 2 2 2 5 4 4 4 0 5
5 3 0 3 3 0 3 3 4 2 3 2 2 3
4 5 2 5 1 4 2 3 4 0 3 4 4 4
0 0 2 2 0 0 3 0 5 2 5 0 0 4
4 4 4 1 1 2 0 1 2 2 3 4 3 5
4 1 3 4 0 5 3 4 0 2 3 5 5 4
3 1 0 0 2 1 2 5 3 4 3 3 0 5
0 0 4 4 3 0 5 1 0 5 2 4 3 5
2 1 4 0 3 1 5 2 3 2 2 5 5 4
0 3 5 0 1 4 2 0 4 1 1 3 1 4
4 2 3 2 2 1 4 2 1 5 1 5 2 4
1 4 4 3 2 4 1 3 5 3 5 5 3 3
4 2 5 2 2 3 3 1 0 0 0 4 4 0
5 3 2 1 5 3 5 2 4 1 2 1 3 5
0 1 0 3 4 0 1 3 0 4 1 3 0 3
3 5 4 2 1 3 1 1 4 1 1 5 3 0
2 4 4 5 3 0 5 0 5 0 5 1 2 5
2 3 0 0 1 2 2 0 1 0 2 1 2 2
2 4 1 3 4 2 3 4 2 2 0 4 2 4
4 5 1 5 0 1 4 1 5 1 5 5 1 5
2 4 1 4 4 5 0 5 0 4 5 2 2 1
1 4 3 3 0 4 3 2 3 2 0 4 3 4
2 1 0 3 2 5 2 0 1 3 0 2 5 0
3 1 2 3 3 4 0 5 4 5 2 1 2 3
5 4 1 3 2 5 0 1 4 1 5 1 2 4
1 5 3 3 3 2 0 1 3 0 4 3 2 4
0 0 1 5 3 2 2 1 0 3 4 2 1 3
3 0 0 3 4 3 4 4 3 0 2 2 5 0
0 3 1 1 5 5 3 0 5 3 2 3 0 5
3 4 4 1 1 5 3 4 2 0 4 4 2 5
5 1 3 1 1 5 2 5 4 5 2 5 5 0
3 3 3 4 4 2 1 4 1 1 3 2 3 2
1 1 3 3 3 4 2 4 5 4 3 0 4 3
0 2 0 5 0 0 1 5 0 2 1 4 0 2
4 5 0 2 4 0 4 0 3 5 2 0 4 5
4 4 2 5 0 5 4 4 1 2 1 5 2 5
0 0 4 3 4 1 4 3 2 0 5 3 4 1
4 4 0 0 0 2 0 0 2 1 3 1 4 4
4 3 0 1 5 3 4 1 5 5 2 2 5 5
4 1 0 4 1 2 2 2 5 0 2 0 5 5
1 5 3 3 0 4 1 5 1 1 3 1 3 0
4 4 4 4 4 0 0 0 3 1 1 5 1 1
3 0 4 5 5 4 4 5 3 1 1 5 0 3
2 4 2 0 0 3 4 5 2 1 2 0 5 4
4 5 3 3 2 5 5 0 0 3 3 2 3 3
0 2 5 1 1 1 0 2 3 5 0 4 5 2
5 1 5 4 5 4 1 1 1 4 3 1 3 3
5 4 3 5 3 4 3 3 3 3 3 1 5 2
2 3 0 1 1 4 2 3 0 1 4 4 4 1
2 4 0 5 5 2 4 1 4 4 2 1 2 5
2 5 3 3 4 4 2 3 1 0 0 3 2 2
0 1 2 4 5 2 0 1 1 1 0 2 1 1
1 2 5 4 2 5 2 0 0 4 3 4 0 5
2 5 0 3 0 4 4 5 2 3 3 0 1 3
1 1 0 0 5 0 5 0 2 2 3 1 4 5
4 0 2 4 0 0 1 1 5 0 0 5 4 0
1 2 4 2 5 2 1 1 0 3 4 2 5 5
4 2 4 2 1 2 1 1 2 1 1 0 2 4
3 1 0 4 5 3 5 4 2 2 0 5 5 2
1 3 1 3 3 3 1 2 3 0 0 0 3 3
0 3 5 2 4 5 3 3 1 2 1 3 5 4
5 0 0 1 3 5 4 5 3 2 5 2 2 4
4 1 1 3 5 5 0 4 3 3 2 2 0 1
2 1 5 0 2 4 4 3 3 1 2 3 1 2
0 1 1 0 1 0 3 4 5 4 5 5 0 4
1 2 1 4 2 4 5 1 0 0 4 2 3 0
0 0 4 0 5 2 5 3 5 4 3 4 2 0
3 3 2 0 1 5 2 0 1 1 5 3 3 5
3 1 3 0 3 0 5 3 0 2 3 4 5 5
5 3 2 1 4 4 1 4 0 2 1 3 0 4
0 1 0 5 5 0 1 5 2 2 2 4 4 1
3 1 3 5 2 4 5 5 4 5 1 5 3 2
2 2 3 2 1 4 3 0 0 4 5 2 0 3
1 5 0 1 4 1 0 4 1 5 3 5 0 0
3 5 2 1 0 3 4 4 3 5 3 2 2 4
3 5 1 1 2 5 3 4 5 4 1 1 0 3
2 5 5 0 1 3 2 2 2 5 3 2 0 0
4 4 1 5 0 1 1 1 5 4 1 5 5 0
1 2 5 0 2 2 2 0 0 1 5 1 2 0
5 5 1 0 3 4 2 3 3 4 2 4 1 3
5 0 1 3 2 1 3 0 4 1 0 5 5 0
1 2 2 2 0 3 3 5 5 0 0 4 1 5
2 4 5 2 2 1 3 5 5 3 5 2 5 1
0 0 4 3 3 3 2 3 1 2 1 2 1 0
1 0 1 4 1 1 1 3 0 0 1 1 0 4
5 3 2 5 3 4 5 3 5 4 0 3 3 4
3 1 0 4 4 3 3 2 0 3 0 3 2 1
5 0 4 0 2 0 5 0 3 5 0 4 1 4
3 5 3 0 5 2 1 5 1 4 2 2 5 4
2 1 1 2 2 0 1 1 2 5 0 3 3 4
1 5 1 2 0 0 1 0 3 5 2 0 5 4
5 2 1 4 5 2 1 4 4 1 3 0 4 4
0 3 4 0 0 3 3 2 3 0 5 3 4 0
2 4 4 2 1 0 0 5 2 3 3 5 4 3
3 0 4 2 3 2 1 1 3 2 3 4 2 0
0 0 3 4 0 4 3 3 4 4 0 5 4 1
1 0 0 1 5 4 1 1 4 2 5 3 2 5
0 0 3 5 2 5 3 0 2 0 3 2 5 5
3 5 4 3 5 4 0 5 5 1 3 0 0 0
4 3 3 1 1 0 5 3 2 5 0 0 1 5
2 4 4 2 2 1 2 0 3 3 3 4 2 0
4 5 4 5 4 0 5 1 3 0 2 3 2 0
1 5 1 3 0 5 5 0 4 5 3 0 0 2
3 0 3 0 4 3 0 4 2 4 3 4 3 0
3 3 2 1 1 2 0 1 3 5 0 5 0 3
1 5 3 5 1 0 0 0 4 4 2 0 1 5
2 1 2 2 2 2 4 4 4 5 2 2 2 4
3 4 0 2 1 0 2 1 3 2 3 0 1 5
0 3 3 0 2 0 5 1 0 1 2 1 0 4
4 0 0 2 3 5 4 1 1 1 0 0 1 0
0 2 2 4 4 4 1 1 5 4 4 1 2 0
4 3 5 3 4 0 5 2 5 4 3 3 4 2
0 4 1 5 5 0 0 5 2 3 2 2 4 1
3 3 4 2 1 2 2 1 3 4 4 1 2 3
2 3 1 2 1 2 1 1 3 3 5 0 5 0
0 4 5 2 2 4 5 0 1 0 3 4 0 2
1 3 4 2 4 2 1 5 5 0 4 0 1 1
3 0 0 0 4 5 2 0 2 2 1 2 4 1
3 5 3 5 0 2 5 0 5 5 0 4 4 4
5 3 1 2 2 3 1 4 5 5 2 2 5 4
0 3 0 4 5 0 0 2 1 0 2 4 4 3
2 4 2 5 0 4 4 4 1 4 5 4 4 2
0 4 5 1 5 4 0 4 2 3 4 2 0 4
1 5 5 4 2 4 3 2 3 3 3 5 1 0
1 3 0 0 2 5 1 3 3 2 1 3 3 1
3 5 5 1 5 0 5 0 5 1 2 5 3 0
4 5 1 3 2 4 0 2 4 0 0 3 0 5
2 4 5 2 0 3 4 0 3 4 2 1 3 4
3 2 5 4 3 4 0 4 0 4 0 2 0 0
2 4 1 1 4 3 4 3 3 5 0 0 5 4
0 3 1 0 1 4 0 2 0 4 3 0 2 2
1 1 0 0 0 2 2 1 1 0 0 3 4 4
3 4 4 0 0 1 2 4 4 0 1 1 0 3
2 5 2 3 4 4 4 4 5 1 3 2 3 5
1 3 3 0 5 2 1 0 1 5 5 5 0 5
1 3 1 1 3 5 2 2 4 3 2 0 5 4
2 4 0 3 2 5 3 1 2 1 0 1 5 0
0 4 5 1 0 4 2 0 4 4 3 2 2 3
5 1 5 4 1 3 4 4 5 0 4 4 4 0
2 5 4 3 0 3 2 3 2 1 4 5 5 2
3 2 4 3 0 5 4 0 2 4 2 5 2 1
1 2 5 4 0 3 1 1 5 1 5 5 5 3
5 4 2 3 5 3 1 2 0 5 2 4 2 4
3 2 3 5 3 1 3 4 4 0 5 4 5 0
0 2 2 0 2 3 2 4 4 5 2 0 1 0
1 4 0 3 3 3 0 4 1 4 3 5 3 1
1 4 4 1 4 4 5 5 0 2 1 3 3 4
3 5 4 2 5 4 1 4 1 4 0 1 3 3
5 3 4 2 5 3 3 1 1 4 5 4 5 2
1 3 0 0 3 0 4 1 2 4 1 5 3 0
0 3 2 5 1 0 5 0 3 4 0 0 5 1
0 2 4 5 2 2 5 2 3 2 3 5 5 2
5 5 3 0 5 2 5 3 0 3 0 5 4 2
1 4 3 4 5 2 3 1 0 1 3 2 4 3
0 0 0 5 0 1 4 2 4 5 1 3 1 3
2 5 5 4 1 4 3 3 3 2 3 1 0 4
0 3 1 3 4 0 3 2 5 5 2 5 3 1
5 4 3 0 3 5 5 1 4 1 1 2 3 2
2 5 4 1 2 3 2 5 0 0 4 0 3 0
5 0 5 5 5 0 2 3 0 5 3 1 1 0
2 5 3 3 1 1 1 0 2 4 0 0 3 2
0 4 4 4 0 4 2 0 4 2 2 0 0 5
0 5 5 4 3 0 1 2 0 3 2 5 3 1
2 4 4 2 4 4 4 2 1 2 5 3 2 1
3 3 1 3 0 4 2 3 0 4 3 1 5 0
4 3 5 2 3 3 5 0 2 0 2 2 5 1
4 5 2 3 5 4 5 5 1 3 5 3 0 0
3 3 3 3 3 3 0 1 2 5 2 0 2 3
5 4 1 5 4 4 0 5 0 1 3 0 3 4
0 2 4 0 5 2 4 4 5 0 4 4 4 0
0 4 2 4 1 4 4 0 4 3 4 1 1 3
4 4 3 4 5 1 2 1 3 5 1 5 1 1
1 2 2 4 1 1 3 1 0 5 5 2 5 3
5 2 4 4 4 5 3 4 1 5 2 0 0 2
1 4 0 3 0 5 4 0 1 0 5 4 2 2
4 5 3 5 2 5 1 5 4 2 2 4 5 3
1 4 3 0 1 5 3 2 2 5 1 2 2 4
0 0 0 2 5 1 2 0 3 0 1 1 2 1
4 1 2 1 0 4 1 3 5 3 2 0 3 3
1 4 5 4 4 4 4 5 3 5 3 0 0 5
2 5 0 5 2 0 1 5 4 0 4 5 0 3
5 5 4 5 1 2 2 5 4 3 2 0 0 4
4 3 1 1 4 5 5 1 0 5 1 3 3 4
4 5 3 5 5 5 2 3 0 3 3 2 0 5
4 3 1 2 5 1 3 5 2 1 2 0 1 4
0 5 1 1 2 0 1 5 2 3 3 1 4 0
4 2 1 2 1 1 2 2 2 5 0 0 3 4
0 3 3 3 2 3 1 2 3 1 3 4 2 2
5 1 4 3 0 2 5 0 3 3 0 0 0 3
0 4 5 5 4 2 2 1 0 1 5 5 1 1
5 0 3 5 3 0 2 4 4 0 3 0 3 1
0 0 2 4 4 5 3 4 1 3 0 4 4 5
0 3 1 0 5 1 0 0 2 3 3 0 5 2
3 4 0 5 2 2 3 4 1 0 0 4 2 3
4 3 5 1 5 2 2 2 4 0 4 3 2 3
5 3 2 1 4 0 0 4 4 2 2 3 4 5
1 5 4 2 1 1 0 1 5 0 5 5 1 5
2 4 1 3 3 1 3 3 0 3 2 2 1 2
0 2 1 2 1 4 2 2 0 1 4 5 4 2
5 4 3 0 2 2 4 2 1 3 0 1 2 3
4 1 3 3 0 4 3 0 0 2 2 5 1 1
2 2 1 3 1 3 3 3 3 5 3 2 5 5
4 3 2 0 3 4 3 3 2 1 5 5 0 3
0 4 3 1 1 2 0 3 4 4 2 3 4 1
3 5 2 1 1 0 0 2 2 5 2 4 1 2
0 5 5 2 1 1 5 0 5 3 0 5 0 1
0 1 5 1 1 0 3 0 3 1 5 5 5 3
5 5 1 1 0 0 3 0 3 4 1 1 3 5
1 1 1 0 0 3 4 5 3 5 1 2 5 3
2 2 3 3 0 2 3 3 4 1 2 3 2 4
5 2 2 4 0 1 4 4 3 1 1 4 5 2
2 5 5 0 4 5 2 3 1 4 5 5 1 3
0 0 0 5 2 3 3 0 1 4 2 4 0 2
3 1 0 2 1 5 3 5 0 5 0 0 2 1
1 2 4 1 2 3 1 3 4 1 2 4 3 5
3 2 3 2 0 2 3 5 1 3 0 2 2 2
5 1 5 4 5 3 3 1 5 5 3 5 3 2
4 1 1 3 4 0 0 5 1 4 4 1 0 1
0 2 5 4 0 0 2 4 4 2 5 4 0 4
5 5 5 3 3 2 3 1 4 3 2 5 2 4
0 2 3 5 2 1 1 4 2 4 3 2 2 3
3 4 4 5 5 3 2 0 2 3 0 4 5 4
1 2 3 0 4 3 2 1 3 0 3 0 2 0
2 4 2 3 2 1 5 1 3 3 3 0 5 1
3 1 2 2 0 1 5 2 5 2 4 3 2 4
4 4 1 5 0 1 2 3 4 4 2 3 4 3
4 5 2 2 0 5 0 0 1 2 4 1 3 0
4 1 1 4 0 0 1 5 2 1 1 4 3 1
2 5 4 5 3 4 0 4 2 2 0 2 3 2
0 2 2 0 5 4 3 5 5 4 2 4 0 2
1 4 2 1 1 5 4 4 2 1 3 4 1 2
5 5 0 0 2 5 1 1 3 5 0 3 2 5
3 4 3 5 0 4 5 2 3 1 1 5 1 1
1 2 3 5 0 1 5 1 5 5 3 2 0 4
0 5 4 3 0 4 2 5 0 5 4 5 4 3
4 2 4 5 0 2 0 5 5 2 5 1 0 3
2 2 3 4 3 1 4 5 3 4 2 4 3 0
2 0 4 3 4 5 3 0 5 2 3 5 0 0
5 1 0 2 3 5 2 1 3 4 4 5 2 0
3 0 1 3 4 3 5 0 1 0 5 2 5 3
1 1 5 2 4 1 1 5 3 0 0 5 0 5
1 4 2 5 5 3 0 2 4 1 2 5 4 4
0 3 4 5 5 0 3 0 0 3 2 4 2 0
5 3 0 1 0 4 1 2 2 3 4 2 3 2
3 1 1 4 5 3 2 1 3 0 4 2 5 1
1 5 0 4 5 1 1 1 1 2 0 2 3 5
3 1 2 1 5 1 0 2 0 0 5 4 4 1
4 2 5 4 3 0 4 5 0 2 1 3 0 2
4 0 5 5 5 4 3 0 2 1 0 0 2 1
1 3 0 1 3 4 1 3 4 0 4 4 1 3
5 1 0 2 1 1 5 1 1 4 1 4 5 3
0 0 2 3 0 4 3 3 0 2 1 1 5 4
3 5 2 4 5 1 1 1 5 5 3 5 5 2
5 1 1 3 4 4 5 0 1 4 0 1 4 3
3 4 3 3 0 1 3 3 0 2 0 1 0 2
5 1 5 1 3 1 4 4 2 2 5 5 1 2
0 2 3 5 4 2 1 1 5 3 3 3 3 5
1 0 2 2 0 1 1 2 4 3 5 5 2 4
5 2 5 4 0 2 5 5 5 4 1 0 5 3
5 1 1 1 2 5 1 3 0 1 3 1 5 2
0 0 5 0 3 0 4 1 4 0 3 0 4 3
3 4 0 0 5 2 3 2 4 3 5 0 3 4
1 0 4 1 4 4 2 2 5 2 5 0 2 4
5 3 2 2 4 2 3 1 2 3 0 2 1 1
4 4 4 5 5 0 3 5 5 3 3 5 0 1
3 4 4 2 2 4 1 3 0 5 0 0 1 1
3 5 5 2 3 5 4 3 1 4 0 2 0 5
0 4 5 4 0 2 4 4 3 3 1 5 4 2
2 5 5 2 2 2 5 2 3 2 2 4 5 2
4 0 2 1 1 5 0 2 2 0 5 1 2 2
0 0 2 1 2 2 0 4 4 0 0 0 3 4
0 1 3 5 0 1 2 1 5 3 2 5 3 0
0 2 4 3 0 2 0 1 5 5 3 3 4 3
5 4 3 3 1 5 4 0 5 1 1 5 1 4
4 3 2 2 1 1 1 0 5 1 3 2 1 0
5 0 4 0 2 2 3 0 0 3 5 3 2 2
1 0 0 0 5 5 4 1 3 0 0 1 3 5
0 1 0 3 4 4 0 4 1 3 0 2 5 3
1 5 1 2 4 4 1 5 0 2 3 1 1 4
1 2 5 3 4 1 5 5 5 2 3 5 2 3
4 2 3 4 3 4 0 3 0 1 0 3 2 3
3 4 0 3 4 0 4 2 1 1 2 4 3 5
0 0 1 3 5 1 5 3 0 3 1 3 0 1
5 5 2 5 3 0 0 2 1 0 1 2 4 0
3 5 0 2 1 2 1 0 0 2 1 5 0 2
2 2 2 3 2 1 2 1 2 1 5 4 3 3
0 0 4 2 1 3 4 0 3 0 4 2 5 0
4 2 2 1 2 4 3 1 0 2 4 1 5 2
2 2 3 1 2 2 4 1 1 1 1 5 0 2
1 3 2 4 2 1 3 5 0 3 4 2 0 2
3 0 2 1 3 4 3 5 5 3 4 0 5 3
1 0 5 4 5 5 3 0 5 5 1 2 4 4
5 0 3 2 2 4 4 3 1 5 4 5 5 5
5 5 5 1 3 4 3 4 4 0 0 3 2 1
5 2 3 5 4 3 5 2 1 3 0 2 4 3
1 5 0 3 3 5 1 4 4 3 0 5 3 5
0 1 0 2 0 2 5 1 4 4 5 3 4 5
5 3 5 3 2 2 4 5 1 0 2 1 4 1
5 4 5 2 5 5 5 2 0 4 2 3 2 4
2 3 1 1 1 2 2 2 2 3 3 4 4 2
1 5 0 1 1 5 0 4 0 3 3 0 1 5
5 3 2 0 0 2 4 0 3 2 2 5 1 5
1 5 2 5 3 2 1 2 4 2 4 1 0 1
1 5 0 3 0 2 1 5 4 0 0 2 0 2
5 0 3 2 1 3 5 4 0 0 1 0 3 0
1 2 0 0 4 3 0 4 3 0 1 5 2 4
4 2 5 2 0 3 1 3 0 1 0 3 1 5
4 4 2 5 1 2 5 1 4 4 2 4 0 0
4 1 3 3 5 0 1 2 5 3 1 2 3 4
2 3 2 4 4 3 1 2 1 4 2 4 1 0
2 5 4 4 3 3 1 4 5 5 0 4 0 5
2 4 2 1 5 5 1 3 3 5 1 4 2 4
3 0 1 3 3 2 4 5 1 5 2 4 5 5
4 3 4 2 1 0 5 3 5 2 2 0 0 2
0 0 0 0 0 5 2 3 4 1 5 5 2 3
5 4 0 0 2 4 5 3 2 0 5 5 4 5
1 1 3 3 1 5 2 4 0 0 1 3 1 4
4 5 2 1 5 3 0 2 3 0 0 3 1 4
0 0 1 3 0 3 1 1 0 2 4 0 4 1
1 5 4 1 1 4 0 1 5 2 5 0 2 5
2 4 3 5 4 0 1 0 3 5 4 1 5 1
4 5 2 1 3 3 3 3 2 3 5 1 0 0
0 4 3 3 1 1 2 3 5 0 4 2 4 5
1 0 3 4 3 2 2 2 4 1 1 1 0 1
4 2 4 2 1 5 4 3 5 2 2 2 0 0
3 0 2 4 5 5 1 5 1 4 2 4 1 3
5 5 3 1 0 5 2 3 3 1 2 1 3 5
4 2 2 1 2 5 3 4 4 1 0 1 3 2
1 2 1 5 0 5 0 2 4 2 3 4 1 4
1 5 5 0 0 5 4 3 4 2 5 5 5 2
1 2 5 5 5 0 3 5 3 2 5 4 0 3
4 3 4 1 1 0 2 3 5 4 0 5 0 1
2 4 1 4 4 0 5 4 4 2 4 1 5 4
2 5 0 4 1 4 5 3 2 4 1 5 2 0
0 4 4 0 5 3 2 0 3 2 5 3 5 2
3 1 2 5 0 3 4 4 2 2 3 1 0 1
1 1 0 1 3 3 2 5 5 4 1 1 4 2
1 3 0 4 2 4 1 2 0 4 4 1 3 0
0 2 1 0 5 1 3 3 3 1 2 0 3 2
5 0 4 3 5 4 0 3 2 5 4 2 4 1
3 2 4 0 0 5 1 1 0 1 0 4 3 0
5 1 1 4 2 0 1 0 1 2 5 4 4 1
3 1 3 2 0 4 5 2 3 4 3 3 4 3
4 4 3 0 1 5 1 3 5 2 3 5 0 4
0 5 0 2 0 0 1 0 3 1 1 2 1 0
5 5 2 2 2 2 4 2 4 4 2 0 5 3
2 3 1 5 3 3 2 5 4 3 0 0 1 4
4 2 5 4 1 0 2 2 0 0 4 5 4 0
1 1 5 3 2 1 5 4 0 2 4 4 5 0
2 0 0 2 0 0 4 3 5 4 0 1 2 0
5 0 3 3 3 4 3 0 1 4 0 0 1 3
1 3 3 4 1 5 4 2 1 1 4 5 4 1
4 0 4 1 2 3 0 0 4 0 5 1 2 5
5 1 2 4 1 0 1 1 4 4 5 2 0 0
1 0 3 3 3 1 3 3 5 5 1 1 1 4
2 1 0 3 3 5 2 0 3 1 1 3 5 0
5 0 1 4 5 1 0 1 5 3 2 1 2 5
5 5 3 1 3 2 5 4 5 0 1 1 1 5
3 4 4 5 3 1 0 3 4 1 2 0 2 0
4 1 5 5 5 3 3 2 1 0 5 4 1 3
0 0 4 1 0 4 3 1 4 5 0 5 3 5
4 0 2 4 4 1 4 2 2 0 4 0 2 4
3 5 2 1 0 2 1 3 1 2 3 0 0 1
2 0 3 0 2 1 0 2 4 5 0 0 2 3
5 0 1 2 3 1 4 3 0 1 5 4 3 2
5 0 5 0 0 4 2 4 5 5 4 5 2 1
4 4 1 1 4 5 4 0 0 0 4 1 4 3
5 3 2 1 1 3 1 5 3 1 1 4 1 0
5 3 1 1 0 3 4 5 5 4 1 1 1 2
2 2 5 4 0 2 4 5 2 3 3 3 4 5
3 3 0 4 5 2 0 1 1 4 2 1 5 1
4 0 5 5 2 4 0 5 0 5 3 0 4 3
0 4 1 4 2 1 3 2 3 3 0 2 2 5
5 3 2 4 3 3 1 0 1 3 4 2 3 1
1 2 4 1 4 1 1 4 2 2 4 0 4 5
2 4 1 2 1 5 0 5 2 3 1 1 4 2
1 2 3 1 5 0 1 5 3 4 2 0 2 2
2 0 0 1 5 2 3 2 4 5 1 2 3 4
3 2 5 2 2 2 2 2 4 1 4 0 3 2
0 2 2 3 1 4 1 2 3 3 4 3 5 4
4 2 3 1 2 5 3 1 2 5 0 1 3 2
4 5 3 4 2 0 2 3 1 5 2 1 0 1
0 2 1 2 4 5 4 3 0 1 3 3 0 3
0 1 0 1 4 1 0 5 5 4 2 5 3 1
3 3 2 0 0 5 5 3 5 2 2 4 4 1
3 1 0 0 3 5 1 0 4 5 3 3 0 1
1 4 0 3 0 3 3 5 4 0 5 5 2 4
0 5 3 3 4 0 4 3 1 5 0 5 2 4
2 4 1 4 2 1 3 5 3 4 2 4 1 1
4 3 1 0 0 0 0 1 2 5 3 2 3 4
5 0 2 1 2 2 5 0 5 5 1 3 4 5
5 2 4 0 0 2 2 5 3 3 2 1 3 1
3 2 3 4 0 0 0 2 5 3 4 2 5 3
1 4 5 2 5 4 5 4 4 0 5 0 4 1
5 1 5 3 5 2 2 5 2 4 5 3 1 2
4 5 0 3 4 0 5 5 5 3 1 5 3 3
3 0 1 4 3 5 2 1 2 5 5 2 5 0
4 1 1 3 0 1 0 2 4 2 5 3 5 1
0 1 3 5 0 5 5 3 3 5 5 0 2 3
4 1 3 3 2 1 5 5 0 0 0 2 4 0
5 0 2 5 0 3 5 4 3 3 1 3 0 1
2 1 3 4 4 0 3 5 3 5 5 0 5 1
5 2 1 1 1 0 5 5 2 4 0 2 1 3
3 1 0 3 4 3 2 3 3 3 2 4 2 3
1 4 3 1 1 3 3 3 2 0 5 1 2 3
2 3 2 5 5 0 1 0 5 3 1 4 5 0
1 5 2 0 2 2 3 2 1 2 1 4 2 4
4 4 4 1 3 4 2 0 0 1 0 1 1 5
1 1 0 3 2 3 0 2 4 2 3 1 4 1
0 3 2 2 4 1 0 1 0 5 0 4 3 3
4 1 2 2 2 0 3 2 0 3 5 1 1 2
5 5 3 3 4 4 0 1 5 2 2 3 2 3
0 5 5 1 4 5 3 5 4 2 5 4 0 3
3 1 0 1 1 0 4 1 0 5 1 4 5 5
2 3 2 1 0 4 5 5 4 4 5 0 3 5
3 2 5 0 2 2 4 0 0 5 2 2 0 0
0 1 1 4 1 0 4 5 3 3 1 3 5 2
4 4 3 4 2 2 4 5 3 5 3 5 3 5
1 5 4 0 0 1 1 5 4 5 5 0 4 3
2 5 3 3 4 3 0 0 1 4 4 2 2 2
4 0 2 2 1 1 5 5 0 4 2 2 4 4
3 1 2 5 0 5 4 5 3 3 2 2 0 1
4 2 2 1 0 5 0 4 1 3 0 3 1 3
5 3 5 2 4 3 5 1 5 4 4 1 0 0
0 5 0 5 0 0 0 5 2 1 4 2 5 2
2 5 2 2 3 5 0 1 1 5 3 5 1 4
3 2 0 4 1 2 3 0 2 5 5 5 5 0
1 4 5 5 1 0 5 3 2 0 5 1 2 4
4 5 2 4 2 4 0 5 2 1 1 3 4 2
4 3 4 2 4 3 4 4 1 1 2 3 2 5
0 3 2 4 0 1 1 1 3 4 0 1 5 5
3 4 1 0 4 1 2 1 1 0 2 2 4 3
3 5 5 4 3 0 1 0 4 3 5 4 4 5
3 0 5 5 2 2 1 0 5 3 2 0 5 3
2 4 3 2 1 1 0 2 0 0 1 0 4 4
2 5 5 4 5 0 1 0 4 4 4 5 5 2
5 0 1 1 0 0 3 3 4 4 4 3 1 0
1 1 1 1 1 0 4 1 2 0 5 0 1 3
4 2 3 0 4 4 0 2 4 4 0 3 0 3
2 3 3 1 0 2 3 0 0 5 2 2 2 5
0 0 5 1 3 3 1 0 1 2 1 2 5 5
1 3 3 2 3 3 4 0 0 5 2 1 4 5
1 2 5 4 2 4 4 4 3 3 2 0 3 3
2 2 1 5 0 1 4 3 4 0 0 3 5 3
5 0 0 0 3 3 2 2 1 1 5 1 1 0
5 3 0 4 1 3 0 5 0 4 1 3 3 4
2 4 4 4 5 0 2 0 2 3 0 2 0 5
1 5 1 0 1 3 2 1 4 4 0 2 3 2
4 2 4 3 0 5 4 2 2 4 2 4 4 0
1 4 0 4 0 3 3 1 2 4 0 0 1 3
0 2 1 3 5 4 4 5 1 0 1 4 1 4
5 0 0 4 0 0 5 3 5 1 4 5 2 2
1 5 3 1 3 3 5 0 5 0 4 4 4 2
1 2 0 2 5 2 4 5 0 0 2 4 1 0
0 0 1 0 1 3 5 1 1 4 5 1 0 4
0 0 5 1 4 4 1 5 0 4 3 2 5 5
3 2 2 3 0 3 4 3 0 1 3 2 1 5
1 3 0 3 0 5 2 1 3 5 4 1 1 4
2 5 0 3 4 3 4 4 2 5 5 0 4 3
1 5 5 2 0 5 1 1 0 0 3 2 5 2
3 1 4 5 0 4 1 4 2 5 4 1 4 3
5 2 4 4 4 5 1 4 1 5 0 2 2 0
2 2 1 4 1 3 1 0 0 2 5 0 3 3
0 3 5 2 2 2 0 5 0 2 5 2 1 4
1 4 2 1 4 1 2 1 5 0 2 4 0 2
2 2 0 3 1 1 5 0 3 0 4 1 1 1
4 3 1 2 1 5 5 0 5 0 3 0 4 1
3 2 4 4 4 3 2 0 0 0 5 4 0 1
0 5 4 5 4 0 1 3 1 1 5 3 5 1
2 1 4 5 5 0 0 1 3 4 1 1 2 1
1 5 3 4 5 0 3 4 4 0 4 1 0 2
3 3 3 1 0 4 1 5 2 0 4 0 5 4
4 2 0 2 3 5 5 1 0 5 4 4 0 5
0 1 0 5 1 2 4 1 1 0 5 2 5 3
0 3 5 2 5 4 3 3 2 4 3 2 0 2
1 1 2 0 0 3 2 0 1 3 2 2 2 3
3 4 1 4 2 5 1 2 2 2 3 2 3 3
1 2 2 0 2 5 4 0 5 1 2 2 2 2
3 4 1 5 5 5 1 4 4 3 1 3 3 5
1 5 3 5 4 4 4 4 2 5 2 5 4 4
2 3 5 3 2 2 4 2 3 4 3 4 4 4
3 5 5 4 0 2 5 2 4 0 5 0 4 5
2 3 1 4 1 2 5 3 0 5 5 4 4 5
3 3 2 4 0 2 5 5 4 1 1 3 5 4
3 3 0 3 2 3 3 3 0 3 2 2 5 3
1 0 2 0 5 0 4 3 2 3 2 3 0 1
3 0 4 1 2 5 1 4 4 4 2 1 4 5
2 3 2 3 4 3 4 3 2 1 0 4 1 4
3 3 1 3 2 2 0 4 0 4 5 4 2 1
0 1 5 4 5 3 5 5 3 5 5 4 5 0
0 1 3 5 1 0 0 3 3 4 3 2 1 5
3 4 0 0 3 3 2 4 0 3 1 2 2 4
5 4 5 5 0 0 3 1 4 1 4 0 2 4
3 2 0 2 0 2 4 3 1 0 0 3 1 5
0 0 4 4 3 0 1 5 4 2 0 0 1 0
0 5 0 2 2 0 2 3 0 2 2 0 4 3
3 4 1 2 0 1 2 4 5 4 5 3 1 0
1 0 4 4 5 5 5 1 2 3 4 2 0 0
3 0 0 5 4 2 5 0 2 3 5 5 1 0
2 0 0 0 0 4 2 0 2 2 0 1 1 0
5 5 2 1 4 0 1 1 2 0 0 3 3 4
5 1 1 3 1 4 0 1 4 3 4 0 1 5
2 3 1 5 3 1 0 4 4 3 0 1 1 5
0 0 4 3 3 2 0 0 5 5 0 0 3 4
0 0 5 1 5 5 5 0 4 5 4 1 1 4
5 5 4 1 3 3 3 2 4 1 1 0 0 2
4 3 0 3 1 3 2 5 2 5 4 0 2 1
5 2 4 5 2 5 4 4 0 1 3 5 1 5
4 4 4 2 1 3 2 2 3 3 0 0 0 3
0 5 1 2 4 0 0 0 3 4 2 0 0 5
0 1 1 3 1 2 0 4 3 5 5 3 4 4
2 3 1 2 2 1 5 3 5 4 0 1 2 2
3 1 5 2 1 5 4 4 0 1 3 5 2 0
5 0 4 2 4 4 3 2 0 2 1 0 2 2
4 0 0 2 0 4 2 4 5 3 3 0 4 1
3 1 1 0 1 2 1 4 2 5 4 5 1 3
1 4 1 5 5 3 2 2 5 2 4 1 0 0
2 1 1 2 3 3 3 4 0 5 3 2 0 5
4 4 1 1 2 5 3 0 4 5 0 0 3 0
1 5 2 0 5 5 0 1 5 1 4 2 5 2
4 4 5 1 1 4 5 4 1 5 3 4 5 4
5 0 0 1 4 4 3 1 4 5 4 3 1 3
3 1 2 4 0 3 3 5 3 0 3 2 5 0
5 4 4 2 1 0 1 2 4 1 0 4 0 1
4 1 0 1 4 5 5 5 5 5 3 0 4 5
3 3 0 3 3 3 3 4 3 4 2 3 2 2
0 5 4 1 5 3 5 2 3 5 4 3 3 3
1 3 2 0 2 1 0 4 5 4 4 1 1 2
4 4 1 2 0 4 1 0 1 5 1 1 4 0
4 2 4 4 2 1 1 0 0 3 1 3 1 2
5 5 0 3 0 4 4 2 2 4 4 2 0 1
1 3 0 0 4 0 4 0 4 5 1 2 0 4
1 2 3 2 1 0 4 5 0 2 2 4 2 2
1 4 3 3 5 3 2 2 4 5 0 3 1 2
2 5 3 1 4 0 0 4 0 2 2 1 0 4
0 0 3 2 4 2 2 0 2 4 2 5 2 1
1 2 2 2 0 0 2 3 0 2 4 2 4 3
2 0 5 3 4 4 5 1 2 5 0 0 2 0
0 4 0 0 3 4 0 3 1 3 2 5 4 0
5 1 3 2 1 2 4 4 0 1 3 0 4 0
4 2 4 0 4 0 1 5 4 1 2 3 1 4
1 2 3 5 3 5 2 3 3 4 1 5 0 5
1 3 4 3 3 1 0 3 5 3 5 0 0 1
3 0 0 5 5 1 1 2 2 1 3 3 4 0
5 3 0 2 4 5 2 4 4 2 4 2 3 2
5 4 3 2 4 1 1 2 5 4 2 5 1 4
5 5 4 0 3 1 3 3 1 5 0 4 0 0
0 5 4 2 3 3 3 5 3 5 1 4 4 2
4 5 4 0 5 3 0 3 5 5 5 2 2 5
4 5 1 5 2 4 0 0 5 3 2 2 2 4
1 4 1 3 1 0 4 2 0 5 3 4 1 2
2 1 5 5 4 5 4 1 5 4 1 1 0 3
1 4 0 4 1 2 5 5 3 4 0 2 1 2
2 5 5 1 1 0 5 5 1 4 3 4 3 2
2 0 5 1 0 0 0 4 3 1 1 1 0 3
4 5 4 5 2 3 4 5 1 5 0 0 1 5
3 3 3 2 5 2 0 5 3 2 4 4 4 0
2 4 1 4 5 5 2 4 1 5 1 0 0 1
2 2 2 0 2 4 5 0 4 3 3 4 4 1
0 0 4 4 1 5 5 5 1 0 1 1 5 5
5 0 5 2 2 3 4 4 5 1 5 4 1 1
1 0 5 1 4 1 2 3 1 3 0 0 1 0
1 5 0 2 2 1 3 3 4 3 4 2 4 4
5 5 5 2 4 3 2 4 5 4 2 4 5 5
3 4 2 5 5 0 0 5 5 4 4 5 2 0
2 0 0 1 4 0 5 2 1 4 3 2 0 2
1 0 5 0 3 1 0 5 5 2 2 4 4 0
3 0 0 5 4 2 2 3 5 0 3 1 2 1
1 4 1 4 4 0 5 1 4 1 1 0 1 4
2 4 3 0 0 5 4 1 1 4 2 4 5 0
2 2 0 3 1 1 1 4 3 1 3 5 1 5
3 3 0 3 1 2 0 4 4 4 2 5 5 4
5 1 1 0 4 2 3 0 5 5 0 5 2 4
1 1 5 2 1 2 0 5 5 1 3 5 2 4
4 0 2 4 2 5 5 0 2 3 0 3 0 2
4 4 3 4 2 1 1 5 4 5 5 5 2 3
5 1 4 0 2 2 0 3 1 5 1 0 2 1
4 2 2 2 2 2 5 3 3 1 4 1 1 1
1 4 5 2 3 2 0 1 4 1 3 5 2 5
1 0 5 5 4 3 0 4 1 0 5 4 5 3
0 4 5 4 4 2 5 2 1 1 0 1 5 2
4 5 3 5 2 2 3 2 2 4 5 0 2 4
4 0 0 2 5 2 1 3 2 0 1 3 0 1
2 2 2 2 5 5 0 0 5 1 2 4 4 3
4 5 3 0 4 0 5 0 0 1 5 4 0 2
2 3 5 2 1 3 0 5 2 5 0 0 5 1
3 2 4 5 0 4 2 5 5 1 0 3 1 5
1 4 2 2 2 3 1 4 4 5 0 5 2 3
1 1 0 4 3 3 0 0 0 4 5 0 0 1
2 0 2 3 1 5 4 5 2 2 0 4 0 4
1 5 5 3 4 4 2 5 0 4 5 1 5 2
3 2 1 0 5 0 2 0 2 3 2 5 2 2
1 5 1 4 0 5 0 1 2 2 2 5 5 2
4 3 4 1 4 2 3 1 2 3 2 4 1 2
3 4 1 1 2 1 2 0 1 0 1 1 4 0
1 2 2 0 1 2 5 2 3 3 3 4 1 0
5 1 0 0 2 3 5 3 5 3 4 4 4 0
3 4 1 0 3 5 5 3 5 5 2 0 0 4
3 2 5 2 2 1 4 1 5 1 4 0 3 0
5 0 4 5 0 0 2 4 4 0 2 0 5 2
3 3 0 3 5 4 2 1 3 4 1 1 4 0
3 5 3 5 0 2 3 0 5 4 3 3 2 3
5 3 4 1 5 1 3 4 0 5 1 0 3 2
0 4 3 2 3 3 3 2 5 5 1 0 4 2
5 0 1 4 2 2 5 3 2 4 3 1 0 3
2 1 4 5 2 4 2 4 2 1 2 2 5 1
0 2 1 3 1 1 1 5 5 1 1 1 2 1
2 4 4 1 1 1 4 2 0 4 5 2 2 5
4 0 3 2 3 4 1 3 3 1 0 3 5 2
2 2 5 5 0 0 5 0 1 3 3 0 3 0
5 2 0 1 0 0 5 0 3 1 4 3 0 5
1 1 1 4 5 0 1 4 2 1 1 1 5 1
2 0 1 5 1 5 1 0 3 3 3 0 4 4
5 2 5 5 0 5 0 0 1 1 3 3 0 5
0 0 0 5 2 5 5 1 0 3 5 4 0 4
2 0 2 4 3 5 1 1 3 1 3 1 2 2
0 1 3 0 0 1 1 0 5 5 5 4 2 1
4 0 1 2 5 2 2 5 0 0 2 3 3 0
3 1 1 3 2 3 1 0 3 2 5 4 1 4
5 2 4 1 1 4 3 4 4 3 2 2 4 0
0 0 4 1 2 3 1 4 3 4 1 0 3 0
0 2 4 0 3 2 0 0 0 2 3 1 0 3
4 5 5 1 0 3 4 5 0 5 4 4 3 0
0 3 4 0 2 4 5 3 4 4 1 1 3 2
0 4 4 4 2 2 4 2 0 0 5 3 4 2
5 0 1 4 2 1 2 5 5 5 3 3 2 4
0 0 4 4 1 4 3 2 0 5 1 5 5 2
3 4 3 2 5 5 0 0 4 2 2 5 5 4
1 3 1 0 3 2 2 0 1 1 4 3 0 1
3 2 0 1 3 0 2 0 3 4 1 0 1 0
5 5 3 3 0 2 1 2 1 1 3 4 0 4
3 0 0 5 2 3 3 2 4 1 2 4 5 5
0 3 5 5 3 4 1 4 0 4 1 3 5 3
5 3 0 4 5 0 5 4 0 1 1 5 2 2
2 4 1 4 5 5 0 1 2 0 0 0 0 4
1 4 4 4 3 0 0 4 0 2 2 0 5 1
2 5 3 5 5 1 0 2 2 5 4 5 0 0
3 5 2 1 4 1 0 4 0 0 1 4 0 3
2 4 3 5 4 4 3 4 4 4 5 4 3 2
4 0 0 4 2 0 5 0 0 5 4 4 4 0
1 1 5 5 2 3 3 5 1 1 1 1 5 5
4 2 1 2 2 2 1 4 4 3 2 2 2 5
5 2 1 3 0 0 4 4 4 3 2 5 2 2
0 0 1 4 0 4 0 2 1 5 2 1 4 5
0 1 2 0 0 4 4 1 0 3 5 3 1 2
1 4 4 2 1 2 1 3 3 2 2 1 3 0
5 0 5 5 4 0 5 4 2 1 1 1 1 4
3 3 5 1 4 5 1 1 5 4 5 5 1 3
3 1 3 4 5 5 0 5 1 3 5 4 1 5
1 5 1 1 2 3 4 2 3 4 3 3 3 1
1 0 2 2 0 0 4 0 4 0 5 5 3 3
5 4 1 0 0 1 4 2 4 0 0 2 2 1
4 0 4 4 0 4 2 1 4 4 5 2 5 1
4 4 4 0 5 5 5 2 1 0 1 3 0 3
1 5 3 3 5 4 0 2 2 3 5 2 4 4
1 2 5 1 2 2 5 2 1 3 4 4 5 5
2 4 2 0 5 5 2 5 0 5 2 5 1 1
1 3 1 4 0 3 4 3 3 2 2 2 1 0
2 1 3 2 0 2 1 5 4 4 1 5 5 5
4 2 0 5 0 4 4 3 4 1 1 2 3 0
1 3 1 2 4 3 3 1 2 3 2 1 4 1
3 2 5 0 5 4 2 2 3 1 3 4 0 2
2 0 3 4 1 1 0 0 5 0 1 2 5 0
0 4 0 2 1 1 1 3 4 3 0 3 1 0
3 3 1 0 1 2 1 4 4 2 2 1 1 1
4 1 3 4 5 4 4 3 5 1 0 3 1 0
0 1 3 5 3 2 2 1 0 2 2 2 1 3
1 0 4 4 4 5 1 0 5 3 4 2 0 4
2 5 2 2 1 4 0 5 5 4 2 4 1 3
1 1 5 2 2 5 3 2 5 5 0 0 0 4
2 3 2 1 3 3 3 2 3 5 3 0 4 0
1 0 3 3 4 0 4 2 2 2 0 5 0 1
4 1 2 4 0 4 1 3 0 0 3 1 5 3
5 1 4 3 4 3 4 0 1 5 4 5 1 2
2 5 0 5 3 0 0 5 5 3 4 0 2 0
0 3 0 2 5 0 2 1 2 1 0 1 5 2
4 4 3 4 2 4 3 1 0 4 3 3 4 3
5 3 1 1 5 2 2 5 2 4 4 2 5 1
4 2 3 3 2 5 2 2 0 3 1 0 1 0
5 3 0 0 1 5 3 4 1 4 1 2 2 5
4 2 5 4 2 5 0 3 3 1 5 2 2 2
1 2 0 0 2 2 5 5 0 1 3 2 0 3
0 0 4 3 4 4 3 2 5 1 2 0 3 1
1 2 0 1 0 5 4 4 4 4 3 2 2 3
4 4 0 5 2 0 4 0 3 1 4 4 4 4
2 2 1 3 4 2 1 5 5 1 5 5 0 4
1 0 2 3 2 4 0 3 0 4 0 4 0 4
0 1 0 1 2 4 5 4 2 0 1 0 2 2
2 1 2 4 2 3 5 2 2 1 0 5 5 5
5 3 1 1 4 5 0 1 0 2 4 2 4 1
3 3 0 3 4 1 2 0 5 1 4 1 5 5
3 0 1 0 1 0 3 5 5 5 0 4 3 5
0 1 0 2 0 3 3 4 2 3 5 1 1 5
5 5 1 0 4 3 4 4 5 0 3 1 3 2
2 2 5 4 1 5 2 5 4 4 1 1 0 0
4 1 3 5 4 5 2 3 2 2 5 5 5 5
4 0 2 5 1 1 5 0 3 2 5 0 2 1
4 3 4 5 4 2 0 2 4 2 1 5 1 1
3 3 0 4 1 0 2 4 2 4 2 0 3 5
3 4 4 2 1 4 3 0 0 0 0 4 4 1
2 1 1 2 0 1 1 2 4 2 5 0 5 0
4 5 0 1 2 3 1 1 1 2 4 2 4 2
4 5 0 4 2 5 3 3 2 1 4 5 1 5
0 3 2 1 1 0 4 1 1 4 0 5 5 0
1 1 0 1 2 4 2 0 0 0 2 3 4 4
2 1 0 1 5 2 5 4 4 5 3 2 1 4
5 2 3 2 1 3 2 0 4 4 4 3 4 3
4 2 2 3 4 5 2 4 4 2 5 1 5 2
2 3 2 4 5 3 5 0 2 0 1 4 4 5
2 2 5 4 5 1 4 0 2 3 0 0 1 4
4 0 0 1 3 5 0 3 1 2 4 3 4 0
4 4 1 5 2 4 4 0 1 4 3 1 4 2
2 4 4 5 1 0 2 5 4 1 4 1 5 5
3 1 2 2 4 0 5 0 0 3 5 4 2 0
5 1 5 1 3 4 3 1 0 5 0 2 4 4
3 0 0 1 0 4 1 0 1 1 0 4 4 1
1 5 0 5 2 5 4 1 5 0 1 4 5 0
2 3 0 2 3 5 2 3 0 3 0 2 0 2
0 2 1 1 1 3 2 3 0 1 5 5 2 4
0 5 2 4 0 2 4 0 1 5 0 5 5 1
2 0 2 1 5 2 3 5 0 0 1 1 5 2
3 3 5 0 3 1 3 0 2 5 1 0 1 1
1 2 4 5 0 2 2 1 5 5 1 1 5 5
3 1 3 1 1 1 5 1 0 0 2 4 1 2
2 4 0 1 2 3 2 4 2 0 1 3 3 2
1 1 5 4 5 4 3 2 4 0 5 0 1 2
1 3 0 3 1 1 2 5 4 5 4 2 0 2
4 1 4 3 3 2 1 3 5 2 0 0 3 4
0 2 4 1 0 1 1 3 0 2 4 1 4 3
5 2 4 2 0 0 3 1 4 3 4 0 5 3
0 4 0 0 5 5 3 0 1 1 2 3 2 0
5 4 4 4 4 1 1 1 0 5 3 2 4 0
5 5 3 3 1 1 4 2 1 2 0 3 4 4
4 1 1 3 3 1 4 2 4 2 2 5 4 1
4 5 4 2 1 0 1 2 2 4 3 0 0 1
1 1 0 1 4 1 1 5 0 1 1 4 1 3
2 1 5 1 3 4 1 0 3 0 3 3 2 5
3 1 0 1 3 3 0 5 4 0 0 4 3 3
2 5 5 4 1 0 3 3 4 4 0 2 5 5
2 3 2 0 0 4 1 4 5 5 0 2 4 5
3 2 2 2 1 0 3 2 5 3 3 1 5 2
4 0 5 3 3 5 4 0 0 5 4 4 5 4
2 4 2 0 4 2 1 1 2 2 0 0 2 0
1 0 3 5 4 1 0 5 2 0 2 2 3 5
4 5 1 3 1 2 5 0 4 2 3 4 2 0
5 2 5 3 3 2 3 5 4 3 4 0 3 3
1 0 2 1 2 4 2 2 5 5 5 2 1 5
3 5 3 3 4 2 5 2 4 1 1 2 5 5
3 2 5 4 1 0 1 3 2 0 1 2 0 5
1 3 4 4 0 1 4 2 0 1 3 1 4 5
3 4 2 0 1 1 0 2 5 1 2 0 3 0
2 5 5 5 3 5 2 5 3 2 0 0 4 0
0 1 1 4 5 1 0 4 0 2 2 2 0 3
3 2 3 0 3 4 5 3 0 0 0 4 2 1
5 3 0 2 0 2 4 4 4 3 5 3 3 0
3 1 3 3 0 4 5 5 0 3 1 3 3 4
3 0 4 4 0 2 4 0 1 4 1 1 2 4
3 0 0 3 3 1 1 2 2 3 2 2 2 2
2 5 3 0 1 3 3 0 2 0 3 5 3 4
5 1 0 0 2 2 1 1 5 0 5 2 1 2
4 3 4 0 3 2 2 0 4 4 2 0 3 4
2 3 1 2 3 0 3 3 4 4 3 3 1 0
4 5 4 1 3 2 5 3 0 4 5 4 0 0
3 2 4 2 2 4 4 1 3 1 1 3 0 2
2 3 1 1 3 4 2 3 2 2 0 2 4 5
3 5 4 1 0 1 2 3 3 4 5 1 2 2
2 5 1 5 2 1 5 2 3 5 5 3 0 5
4 4 0 3 3 5 4 5 0 0 5 3 4 2
4 2 3 4 4 3 4 4 5 2 3 0 4 2
0 0 1 3 2 5 5 0 0 3 5 0 4 0
4 3 3 1 2 0 5 0 4 2 2 4 3 0
0 4 2 5 3 5 3 1 5 0 0 3 1 1
1 3 0 5 1 2 3 5 0 3 3 5 5 0
5 0 0 5 0 5 3 0 5 1 2 3 1 3
3 4 1 2 4 5 3 5 1 3 1 5 1 0
2 4 5 3 1 1 4 5 4 3 2 0 3 3
5 5 5 1 2 5 2 4 1 4 4 3 2 0
5 2 2 0 3 2 5 4 0 5 2 2 2 3
4 2 2 4 0 4 2 3 3 4 4 2 4 2
5 1 1 3 2 1 1 0 3 1 5 0 1 4
3 1 1 2 0 1 4 3 2 4 1 1 3 4
5 5 0 2 1 2 1 4 3 4 4 1 5 4
3 1 2 4 0 5 4 5 2 0 0 1 3 0
0 1 1 5 4 2 0 4 4 2 1 5 5 2
1 0 5 2 2 4 2 1 5 1 5 4 0 3
3 4 1 5 2 3 0 1 4 3 1 2 1 5
1 3 0 5 3 3 3 1 1 2 2 4 5 3
2 3 0 5 2 2 1 3 1 1 3 5 2 1
3 2 3 5 2 0 4 5 0 4 2 4 1 0
3 0 1 5 1 5 0 2 5 2 3 2 0 1
3 1 3 3 2 0 4 2 3 3 0 5 2 2
0 0 0 4 2 1 1 5 4 2 5 1 4 1
2 3 3 0 5 0 1 0 4 4 4 2 3 1
4 1 5 5 0 1 4 4 5 2 0 3 3 1
5 4 0 3 4 1 2 3 4 5 0 4 0 4
0 0 1 2 2 4 2 2 2 0 3 3 3 3
0 3 3 0 1 3 3 4 0 0 1 1 3 1
0 1 5 0 3 0 5 0 1 2 5 0 2 2
1 0 0 1 3 3 2 0 2 4 3 1 2 3
0 4 0 0 2 1 5 1 5 3 5 3 0 4
1 3 5 1 3 3 0 5 4 1 0 4 1 3
5 0 3 3 1 0 1 3 2 0 1 3 5 4
3 1 1 4 4 0 0 5 5 0 1 5 5 0
2 3 1 0 0 1 5 0 3 3 2 2 2 2
5 2 3 3 0 0 5 2 3 5 5 5 1 1
1 1 2 5 3 5 0 1 1 2 5 3 0 0
2 3 0 5 0 4 0 3 1 0 1 5 5 3
5 3 2 1 3 5 2 4 0 0 5 1 5 0
2 0 3 4 1 1 0 4 0 5 0 1 4 3
0 1 2 4 5 1 4 5 5 2 2 5 5 1
0 4 4 5 0 2 2 3 4 5 5 2 1 3
2 2 0 1 3 1 0 4 4 0 5 5 5 0
5 3 5 0 4 5 3 3 2 4 2 4 4 0
5 3 4 4 2 1 0 3 1 4 3 0 1 2
3 2 2 4 3 1 0 5 3 4 0 4 3 4
5 4 3 1 5 1 2 4 5 0 3 2 0 5
4 2 3 4 3 5 4 0 1 2 1 3 2 5
3 4 2 5 3 3 3 4 1 2 1 4 2 5
3 1 5 0 2 5 1 5 2 1 3 5 5 2
5 0 3 2 0 5 1 2 2 5 5 4 1 2
2 2 3 2 4 4 2 5 1 5 5 5 4 2
5 5 0 4 3 4 4 5 1 3 4 4 3 0
4 3 0 1 3 4 0 3 3 5 0 2 3 3
1 4 2 4 5 2 5 4 4 5 0 5 0 2
3 1 1 0 2 0 1 3 0 5 3 0 5 3
5 0 2 0 3 5 4 1 4 4 5 3 1 3
0 3 4 4 3 1 1 2 3 3 2 1 3 2
3 2 1 3 2 0 3 3 3 3 5 2 2 0
5 5 5 0 2 1 5 3 0 5 0 0 0 5
4 2 2 4 3 2 2 0 5 2 4 0 5 5
0 4 0 3 4 1 0 2 1 5 0 4 2 3
0 1 3 0 2 5 2 0 4 4 3 2 2 2
5 5 0 4 5 1 1 5 5 1 2 3 5 0
2 5 0 0 0 4 2 0 1 0 3 5 3 1
5 1 2 3 2 1 3 2 3 4 0 1 2 0
3 2 0 5 0 5 3 5 0 0 5 1 3 2
3 1 5 2 4 5 2 0 3 3 0 1 3 2
2 0 0 4 3 3 3 0 4 1 3 5 3 5
3 3 5 5 3 5 3 3 5 3 2 3 2 2
0 4 1 5 3 1 0 5 2 5 4 4 0 2
0 5 2 1 0 5 5 2 5 2 0 5 4 1
1 2 3 1 5 4 3 1 4 5 3 0 3 3
1 5 1 5 5 3 4 2 4 5 1 4 4 0
2 5 0 3 0 5 1 5 0 2 4 1 0 1
3 4 3 3 0 5 2 2 2 5 0 2 5 4
0 1 5 5 4 2 4 3 5 1 2 5 1 0
5 1 2 3 4 1 3 0 4 0 3 0 5 2
5 1 0 3 4 3 2 4 0 3 5 0 4 2
5 0 0 0 0 2 3 5 0 2 1 2 5 1
2 1 2 5 2 3 5 1 1 5 3 5 4 2
1 0 3 4 1 5 1 3 2 4 5 3 0 0
4 5 4 1 3 0 1 4 4 3 2 5 5 2
5 4 4 2 1 2 0 4 2 0 1 0 4 5
2 5 4 2 1 2 1 2 4 4 3 1 1 1
0 5 4 1 0 1 1 1 4 3 0 5 1 4
0 5 0 1 1 3 0 5 3 4 2 1 1 5
2 0 1 4 0 1 5 0 4 5 3 3 4 0
4 2 1 4 5 2 4 0 0 2 3 1 5 1
2 2 4 5 4 2 0 4 0 0 1 1 1 0
5 2 3 3 0 5 5 1 4 4 0 3 0 2
5 4 5 1 4 3 1 3 0 2 1 3 0 5
2 1 0 0 0 0 1 2 1 1 0 1 3 3
2 1 1 0 4 0 5 0 5 4 2 4 3 5
0 2 4 5 4 3 1 4 2 5 1 0 2 5
0 0 5 4 2 2 5 1 1 1 1 3 2 3
3 5 2 3 3 2 3 2 1 2 0 1 5 0
3 3 0 2 4 3 4 3 1 4 2 4 4 4
1 5 0 2 5 1 1 2 3 1 0 1 3 0
3 2 3 1 0 0 4 4 2 2 0 3 5 2
4 3 0 0 2 5 3 5 2 4 2 2 2 5
2 3 3 4 0 5 1 3 4 2 2 0 2 2
1 0 5 5 4 0 1 1 0 2 0 5 3 4
4 5 4 5 4 3 3 4 1 4 2 1 2 2
4 5 4 2 4 1 4 2 3 1 4 1 3 0
0 2 2 1 3 0 0 2 5 3 5 2 3 0
1 4 3 4 2 0 0 5 5 4 5 1 2 1
4 0 1 0 4 2 2 1 2 0 0 4 3 0
3 1 1 2 0 1 1 4 3 2 0 4 5 4
0 4 3 0 2 3 1 5 1 0 5 1 1 0
3 0 3 0 5 2 5 0 2 2 3 5 5 2
4 5 3 2 4 2 5 5 3 3 5 1 0 2
4 5 5 1 0 2 5 4 0 5 2 3 3 1
0 4 3 5 1 2 4 0 1 2 0 1 2 1
0 0 1 2 1 0 2 4 0 0 0 3 4 0
2 3 4 5 0 0 1 4 2 1 4 1 3 3
2 1 0 0 2 4 4 4 1 0 2 0 0 1
5 4 2 0 4 3 0 1 3 4 2 1 0 2
3 5 4 2 3 0 4 0 3 1 2 2 2 2
4 2 0 3 4 1 5 4 5 1 3 5 1 2
5 1 0 2 0 2 1 1 1 3 3 5 5 4
3 0 0 1 4 3 2 2 5 2 4 2 3 1
1 2 0 5 4 0 4 1 5 0 2 2 4 0
4 5 5 0 2 4 3 4 0 1 3 3 0 0
2 4 3 0 2 5 4 3 0 1 0 0 3 4
2 3 5 2 3 2 3 5 5 1 1 5 0 0
3 4 0 3 0 4 0 5 2 4 0 1 3 4
3 1 4 4 4 3 4 0 0 3 1 2 2 1
4 5 4 4 3 1 3 0 5 5 4 1 2 4
1 4 2 1 1 2 4 2 4 2 5 1 0 5
3 2 2 0 3 3 0 4 3 5 0 2 1 4
3 0 3 5 2 4 3 3 1 2 4 4 0 5
4 5 2 0 3 4 2 5 0 3 3 1 0 0
1 4 4 5 4 3 1 0 1 3 5 4 1 2
0 0 4 1 0 1 4 4 5 0 2 1 0 3
5 4 0 0 3 4 1 1 0 1 5 3 3 0
0 3 1 2 5 1 1 5 4 5 2 5 4 2
1 2 2 2 3 1 4 5 0 4 2 0 0 1
2 5 2 0 1 3 3 5 1 2 2 5 0 1
3 4 3 2 3 2 5 1 1 3 3 3 1 0
3 3 2 3 5 4 2 4 5 2 2 3 1 2
1 4 1 4 5 1 4 4 2 4 4 2 1 5
5 5 3 1 2 3 5 5 4 1 5 5 5 4
1 2 0 2 3 5 3 3 4 2 5 5 4 2
1 1 0 1 2 5 4 5 0 4 1 2 5 1
2 2 4 1 5 0 0 3 2 0 2 5 3 5
2 0 0 2 1 2 3 1 2 2 2 3 3 0
2 4 0 1 4 0 3 4 3 5 5 3 5 3
0 0 3 0 5 3 3 0 0 4 5 2 5 5
0 1 3 5 2 0 2 2 4 0 2 5 5 3
5 5 0 5 5 0 3 1 1 3 5 1 1 1
3 0 5 2 4 3 4 0 1 5 0 5 3 0
1 3 2 2 1 1 2 2 5 2 3 3 3 2
5 1 0 4 1 4 4 2 0 5 1 1 4 2
0 4 5 4 1 3 0 3 1 5 1 2 2 0
1 3 3 0 4 4 5 0 1 5 0 1 1 1
4 3 2 3 5 2 1 0 1 1 2 4 1 5
1 3 2 5 0 2 4 0 1 1 4 1 3 2
5 0 5 3 5 1 5 4 5 3 0 1 4 2
3 0 0 4 2 0 3 1 1 0 0 1 2 4
0 5 0 0 2 2 0 1 2 4 2 4 0 3
5 5 3 5 2 4 0 0 2 3 1 5 5 0
0 4 3 4 0 1 2 3 4 4 1 0 4 5
1 5 1 4 1 3 0 4 5 3 1 1 5 0
1 1 2 3 1 5 0 1 5 0 0 5 4 4
5 2 2 0 1 0 1 1 2 4 2 4 4 0
0 2 3 5 3 0 2 3 4 1 3 3 0 4
2 5 4 4 1 0 5 1 0 4 4 1 3 3
4 5 1 3 1 5 4 5 2 3 1 1 2 2
0 5 0 5 4 3 5 5 4 2 0 0 1 3
2 5 1 2 4 0 3 1 0 5 0 1 0 3
3 0 5 4 0 3 4 0 4 3 5 1 4 1
1 5 3 5 4 0 1 4 1 3 2 3 0 5
5 5 5 1 2 2 4 1 0 4 0 0 0 2
4 3 1 2 4 1 3 4 0 4 4 4 2 1
3 3 0 5 3 0 4 1 3 5 1 1 2 2
5 3 0 3 2 0 2 0 1 0 2 5 1 0
0 3 2 2 2 0 5 1 5 2 5 1 4 3
2 2 3 4 4 3 2 2 1 5 3 2 4 3
2 0 1 4 3 2 3 5 2 1 0 1 5 3
3 3 5 3 4 3 4 0 4 5 5 0 3 4
3 2 3 0 5 3 1 4 0 1 5 3 4 4
5 5 3 0 5 5 1 3 5 0 4 4 5 5
0 4 5 5 3 0 2 2 0 0 5 0 1 2
1 4 1 0 4 4 4 1 2 1 4 1 5 2
5 0 5 4 0 3 3 5 3 3 5 5 3 3
2 0 1 1 0 5 0 4 2 0 0 2 3 0
5 3 2 3 5 3 4 3 4 5 5 1 0 5
3 4 1 4 2 3 1 3 5 4 4 4 0 2
1 0 1 5 3 2 2 3 2 0 0 2 1 0
4 0 4 1 5 2 5 5 5 5 1 2 3 2
5 5 3 5 5 5 1 5 5 1 3 1 2 2
2 4 1 2 0 1 0 4 1 3 0 5 2 2
4 0 2 0 2 2 5 4 4 0 0 2 2 0
3 4 5 0 4 0 5 3 1 0 5 5 4 4
2 4 0 4 2 0 5 1 5 1 1 1 2 2
0 5 5 4 5 0 2 2 0 2 3 5 0 1
2 1 5 0 0 3 3 5 4 3 0 3 2 0
3 5 4 1 5 5 0 1 5 4 5 3 1 1
5 4 4 1 3 1 2 5 1 4 3 4 3 4
0 0 3 2 4 4 2 5 3 1 3 3 5 0
3 3 0 1 3 4 3 1 5 5 1 2 1 5
4 0 0 5 5 3 5 2 3 4 1 5 0 1
2 3 4 0 2 2 2 2 2 2 2 1 2 0
3 4 0 3 4 0 4 0 0 4 2 2 5 4
1 5 3 2 2 4 5 1 1 1 5 1 1 5
4 3 4 3 0 1 3 3 5 4 3 3 5 0
4 2 5 1 1 5 2 5 4 0 1 4 4 1
5 2 0 1 0 4 4 2 0 4 0 4 0 3
1 2 5 2 5 0 3 2 5 1 4 3 4 5
2 5 2 4 0 1 0 0 4 3 2 5 1 1
2 1 3 2 1 5 5 3 1 0 1 5 2 0
5 1 3 0 3 4 5 5 0 3 0 3 4 4
4 2 3 0 2 2 4 3 3 3 2 4 0 3
0 4 1 3 5 0 2 5 3 2 5 3 0 2
0 2 2 2 1 4 0 4 4 1 3 5 0 3
1 1 1 1 1 1 3 3 2 0 0 0 3 1
1 1 0 1 2 5 5 0 4 5 3 1 4 1
1 2 0 5 5 3 1 2 2 3 3 4 2 3
4 2 1 4 3 2 0 1 0 1 3 5 4 2
1 2 5 2 0 1 1 1 2 5 0 1 2 2
2 5 5 4 3 3 3 4 2 3 0 4 0 3
0 4 0 1 0 0 5 2 1 0 4 2 1 4
4 5 4 4 0 2 4 4 4 1 5 5 1 2
3 5 0 2 1 2 1 4 2 5 5 3 5 3
1 5 1 0 3 1 5 1 5 3 1 4 0 5
0 0 4 2 1 4 2 5 2 4 5 5 0 1
1 5 3 3 1 5 5 4 3 3 5 3 5 1
2 4 1 5 4 5 4 2 0 2 4 5 5 5
0 5 5 2 4 0 1 2 0 2 1 5 5 0
0 5 5 0 3 2 4 1 0 0 3 4 0 3
5 1 2 5 1 1 5 3 2 1 2 0 0 1
5 5 0 1 3 0 5 1 4 3 4 4 1 3
5 4 5 5 1 5 1 4 4 2 2 5 2 3
0 1 1 5 2 5 0 1 1 4 3 4 0 4
4 2 1 2 2 3 5 2 2 0 4 5 1 2
4 4 4 2 5 2 5 3 5 0 0 3 0 0
5 4 0 0 4 0 3 5 1 5 3 5 5 3
0 4 1 1 2 2 5 2 2 4 1 2 5 3
3 3 2 1 2 3 0 5 4 2 0 4 1 3
3 3 2 2 3 3 1 4 5 5 3 3 0 3
5 5 5 4 0 4 5 4 3 5 2 2 5 2
1 0 2 3 2 0 2 3 3 4 1 5 5 3
3 0 2 4 2 3 0 4 5 2 1 5 5 4
5 5 1 0 5 2 0 5 0 5 3 2 0 1
2 2 5 4 2 2 1 0 2 2 2 4 5 3
0 0 1 2 5 4 4 3 5 2 1 2 4 1
2 2 2 2 5 4 0 3 5 3 3 5 0 3
0 1 3 5 0 2 4 5 2 5 2 1 0 0
5 4 1 0 0 0 4 3 4 1 1 5 2 0
1 1 3 1 4 3 2 2 1 0 3 4 4 4
0 2 4 5 5 0 5 5 2 5 2 1 2 4
1 4 1 3 2 4 3 1 2 1 0 5 5 1
2 5 2 4 5 5 1 5 5 0 5 5 0 0
0 1 5 5 4 3 4 2 5 5 3 0 2 1
4 2 2 0 5 4 0 4 3 3 5 3 5 1
3 3 3 5 0 5 0 5 4 4 2 2 0 0
2 2 4 5 2 0 2 1 0 2 3 1 1 2
5 2 5 4 0 0 3 3 4 2 2 2 3 2
5 5 5 5 2 3 5 4 5 3 4 4 1 4
2 2 0 1 1 5 3 0 4 3 2 2 1 1
4 3 1 2 5 5 3 4 0 3 3 4 1 2
3 1 3 5 5 4 2 1 4 0 3 2 1 0
0 0 3 0 1 0 4 4 3 5 4 4 0 3
2 1 2 1 2 0 1 0 5 2 0 3 4 4
0 3 4 3 0 1 1 3 2 0 0 1 1 2
4 0 0 3 4 2 3 3 2 4 2 3 1 5
2 1 1 4 3 2 3 3 2 3 3 5 1 4
0 2 0 5 2 2 2 0 3 1 0 3 5 0
2 3 3 3 4 4 4 2 3 1 5 1 1 5
3 2 3 1 0 5 3 4 4 3 0 4 2 0
3 0 1 0 2 0 0 2 3 5 0 0 3 2
2 1 4 4 5 2 0 1 4 2 1 5 5 5
0 2 1 4 0 5 0 0 1 0 1 1 5 3
4 3 3 0 3 5 5 0 4 3 2 2 2 4
2 5 4 1 0 1 4 1 2 1 4 2 1 5
2 5 4 4 5 4 0 2 3 4 0 2 2 2
3 0 1 2 0 3 3 2 4 5 5 2 1 4
3 1 5 1 3 2 4 1 1 5 5 1 5 5
5 1 2 2 0 3 4 0 5 4 2 2 1 2
5 2 2 4 5 3 3 0 3 4 2 5 3 3
0 1 1 1 2 3 0 5 5 3 1 1 2 3
0 3 3 3 4 1 2 3 2 4 0 2 2 0
3 4 1 5 0 3 5 3 0 0 5 1 3 2
3 1 0 0 4 5 1 0 4 5 3 4 3 5
0 3 2 4 2 0 0 0 1 2 2 3 2 2
5 0 2 0 0 3 1 3 3 3 5 2 1 0
1 2 1 1 4 4 1 3 2 5 0 5 4 4
0 3 5 3 3 4 3 0 1 3 1 4 1 2
5 5 4 1 5 1 5 4 0 5 0 1 1 4
0 1 3 4 2 0 2 2 0 3 2 5 4 3
5 2 0 2 5 3 3 5 3 4 5 3 0 5
4 4 3 2 5 5 2 3 0 1 0 1 0 3
1 5 0 4 2 0 0 3 4 5 3 1 1 1
4 2 5 0 3 2 1 0 4 5 5 3 2 1
1 3 4 3 3 4 5 5 0 3 1 3 2 0
3 5 5 4 3 5 5 3 4 3 3 3 1 2
2 0 2 1 3 0 0 4 2 0 5 4 2 1
3 0 2 1 2 4 4 5 0 3 0 4 2 0
5 1 5 0 5 2 5 5 5 4 1 1 4 3
3 3 3 3 2 0 0 2 4 1 1 0 5 2
4 4 3 4 4 1 1 5 4 3 1 4 2 4
4 4 4 2 3 3 0 5 0 4 0 5 4 2
1 1 0 3 1 1 5 2 1 1 2 0 2 4
3 0 2 3 3 5 0 0 1 2 4 2 4 4
3 2 3 5 5 4 4 3 5 3 4 3 1 1
1 5 0 0 0 0 4 5 0 5 1 4 3 5
3 4 1 5 3 5 4 5 0 0 1 4 1 2
4 1 1 0 3 5 3 1 4 4 5 4 5 2
4 5 4 0 5 4 3 1 5 0 2 1 2 4
1 1 0 5 3 4 5 0 5 3 0 0 4 0
5 2 0 3 5 0 5 0 0 3 3 4 4 1
5 4 0 0 0 2 0 2 5 2 4 4 2 1
4 5 2 4 5 0 3 0 4 2 4 3 1 1
2 4 3 5 3 1 4 0 4 3 4 4 3 4
1 4 1 2 0 0 3 5 0 4 4 1 4 0
5 5 2 3 0 0 2 3 2 0 3 1 4 0
5 5 5 4 5 5 0 2 5 2 0 4 3 0
4 5 2 4 4 0 1 3 2 4 3 2 2 4
4 5 4 5 3 1 0 4 3 2 1 1 3 0
1 4 5 2 1 4 5 4 4 1 1 3 2 1
2 3 4 0 1 0 5 1 1 5 5 5 1 0
3 4 5 2 5 3 2 3 4 5 5 5 3 0
4 3 5 3 4 4 1 0 1 1 0 0 4 2
3 5 0 0 3 1 1 4 3 3 1 3 0 3
3 3 5 3 4 0 1 2 3 2 1 5 3 0
5 5 3 5 0 2 3 0 4 4 2 1 0 4
3 5 3 0 3 4 2 0 4 3 1 3 4 5
1 4 3 3 4 2 5 4 1 4 1 5 1 4
2 0 5 4 4 0 3 5 4 3 2 3 0 2
0 3 1 1 4 5 2 5 4 2 1 1 4 2
5 4 2 5 1 2 5 5 4 5 1 4 1 0
5 3 4 3 2 2 5 3 2 4 4 2 2 4
4 3 4 0 5 5 0 5 3 1 3 2 1 4
3 3 1 5 1 3 4 4 2 3 0 1 1 5
1 4 0 1 5 5 1 5 1 0 0 5 2 0
0 2 4 5 1 1 4 4 1 2 2 5 0 1
3 1 1 1 3 4 4 2 3 5 4 5 3 3
4 0 1 2 0 4 0 4 0 5 5 0 0 4
0 4 0 0 3 0 0 4 3 4 0 1 2 0
5 0 3 0 4 2 0 1 3 3 2 0 5 3
0 4 4 1 3 4 3 4 4 3 1 5 3 0
3 0 4 0 1 0 0 1 5 0 5 2 5 1
2 5 0 4 5 2 3 5 4 5 0 3 3 2
1 5 1 2 4 4 2 3 2 3 5 0 5 2
5 4 4 3 0 2 3 4 2 2 4 0 5 2
3 1 3 2 3 2 2 5 3 1 4 4 2 0
5 5 3 2 1 5 5 5 5 1 4 2 1 4
4 4 2 0 0 5 1 1 1 0 3 5 4 2
1 5 1 0 4 4 5 5 4 5 5 3 4 4
5 3 4 4 3 5 5 1 2 2 0 0 1 0
4 2 5 5 4 4 1 3 1 1 4 0 5 0
3 4 5 1 1 0 2 5 1 4 1 5 2 1
0 1 4 1 0 1 1 0 1 5 3 4 5 5
0 4 3 4 0 0 3 5 4 1 1 2 4 3
3 5 5 4 2 2 5 2 1 2 5 3 2 5
4 5 2 5 3 5 5 3 3 5 5 0 0 1
0 0 4 5 2 0 1 4 0 2 2 1 1 5
4 2 4 0 2 4 5 3 1 1 5 1 1 4
0 1 0 1 5 3 0 5 1 2 1 3 0 1
2 2 5 2 0 1 4 3 5 1 2 1 0 4
1 2 5 3 0 1 2 5 1 3 0 3 1 1
5 4 2 2 0 2 0 1 3 1 3 1 5 5
2 5 3 5 2 3 4 1 1 0 0 1 0 2
5 5 3 4 5 3 0 2 1 0 5 4 0 5
2 5 4 4 1 4 4 4 5 2 1 5 1 5
0 1 1 1 4 4 0 3 5 0 4 0 0 0
3 4 2 4 2 3 4 1 1 4 0 4 0 4
5 4 2 0 2 1 3 5 2 3 3 0 5 2
1 4 4 3 5 0 1 1 5 1 5 0 1 0
2 3 0 0 5 3 0 4 2 2 0 4 1 4
5 2 2 2 5 2 0 1 4 3 5 1 2 0
1 5 3 0 5 4 1 3 0 3 5 2 5 4
1 3 1 0 2 1 5 2 0 2 0 0 4 4
2 4 4 2 2 4 1 1 5 4 0 3 5 2
1 0 0 2 5 2 4 1 1 5 1 4 2 1
0 2 3 0 3 4 2 0 2 4 2 1 3 5
3 1 3 5 4 2 4 4 0 3 2 5 4 3
3 3 2 0 5 3 2 3 0 4 4 1 5 1
4 4 0 1 0 2 0 3 1 4 1 0 3 3
0 2 0 3 1 5 2 5 4 4 0 1 0 2
3 2 1 1 1 4 1 1 2 4 5 1 1 1
0 1 4 5 5 5 5 4 5 2 2 5 5 2
3 2 3 3 2 5 1 2 0 4 2 0 0 3
3 0 2 2 5 1 5 1 4 4 3 1 1 5
1 5 3 4 3 3 4 0 5 3 1 1 0 4
3 1 3 4 5 1 4 1 1 3 0 3 2 2
1 0 0 0 1 1 2 5 5 3 5 0 0 1
2 2 0 4 1 4 2 2 2 1 1 0 3 2
1 2 1 4 5 1 2 4 4 0 1 4 0 3
2 0 3 2 3 2 0 0 5 0 5 1 2 4
4 4 5 5 4 5 0 5 0 1 2 1 1 1
1 3 4 4 2 2 3 2 0 2 2 1 4 5
0 0 4 0 0 1 0 5 5 5 5 2 5 2
5 4 4 3 0 4 4 0 0 4 3 4 3 5
5 0 0 5 1 4 4 3 3 4 4 0 2 3
2 0 5 3 2 5 3 0 0 4 5 2 4 3
4 5 4 2 4 1 0 4 3 1 4 1 3 0
4 4 1 1 4 5 2 1 5 0 0 5 5 0
5 2 0 3 5 2 1 4 0 0 3 3 3 0
1 4 3 0 4 0 2 5 2 2 0 5 1 5
3 2 2 4 4 4 3 5 5 2 3 3 2 3
3 0 1 5 1 4 5 5 2 2 5 0 0 4
0 0 2 2 3 5 3 2 5 3 0 5 2 3
4 3 0 4 0 4 1 1 0 5 1 2 1 3
1 4 3 1 1 1 0 3 2 4 1 2 1 3
1 1 4 0 1 4 4 2 3 1 4 5 2 3
5 1 1 3 5 1 2 2 4 5 2 2 5 1
0 5 1 4 2 2 0 1 2 2 0 5 3 0
1 0 0 2 5 2 3 5 5 3 3 1 5 0
1 1 1 5 2 3 0 0 2 0 2 0 3 4
1 3 1 0 0 0 2 4 4 3 1 5 2 3
2 2 2 2 4 0 0 0 4 2 4 5 2 0
0 2 5 2 0 2 0 4 2 1 1 1 2 1
5 3 0 3 0 1 1 5 2 4 1 2 0 1
0 5 4 4 3 5 1 2 4 4 3 5 3 1
4 4 0 4 2 4 5 4 5 5 2 1 1 4
2 5 1 4 3 5 4 0 5 3 5 0 0 1
5 5 2 1 2 2 2 3 3 2 0 4 3 2
4 1 5 5 2 1 1 5 1 1 3 2 1 1
5 3 0 3 5 2 1 0 4 3 3 0 1 5
2 4 4 3 3 3 4 4 5 3 4 5 2 3
1 3 2 3 0 0 0 5 2 0 3 2 3 5
2 1 0 4 3 0 2 3 1 3 1 1 4 5
1 3 1 0 4 3 0 4 2 5 2 2 2 2
5 2 2 2 4 4 5 4 5 3 2 5 4 0
5 4 3 3 3 2 4 1 2 3 0 0 1 3
2 5 2 0 0 4 2 4 0 3 5 5 4 4
5 2 3 5 3 3 4 1 5 3 4 0 2 5
3 2 0 4 5 3 1 2 2 1 3 5 2 1
5 0 0 4 4 2 0 5 5 2 4 2 3 5
3 5 3 3 3 4 0 1 2 1 1 5 1 0
0 1 2 0 0 3 4 5 2 4 0 3 0 1
0 1 1 0 3 1 3 1 5 2 1 3 1 5
2 0 3 3 5 3 0 4 0 3 1 1 1 5
0 2 1 5 2 2 4 1 2 4 1 1 4 2
5 0 3 3 0 3 1 3 2 4 5 0 3 3
4 2 5 4 1 5 3 4 2 0 3 5 2 5
3 2 1 1 1 0 1 0 0 5 4 1 3 5
5 4 1 4 2 1 4 5 1 5 4 1 0 0
0 0 0 3 1 2 2 3 2 0 5 2 0 0
1 1 3 1 5 5 5 3 3 0 1 5 5 0
0 4 1 2 0 2 4 5 0 4 4 4 1 0
2 2 2 2 1 5 0 4 4 1 2 1 5 3
5 1 0 5 1 4 4 5 3 1 4 2 3 5
0 4 0 3 2 3 4 1 5 2 4 1 2 0
2 2 3 2 4 3 3 5 1 4 3 5 3 0
0 2 5 2 5 5 2 2 1 5 1 1 0 5
0 0 1 2 3 4 3 0 2 1 5 1 4 1
4 4 5 1 3 5 5 0 3 4 1 0 0 5
5 5 5 0 4 1 3 5 2 1 3 3 5 0
1 1 5 4 4 2 3 2 0 0 2 1 0 5
3 4 0 3 4 0 5 5 0 0 4 1 5 3
5 5 5 1 2 4 3 5 5 3 4 0 0 4
5 3 2 5 0 5 4 2 4 3 3 2 3 3
0 2 1 5 0 0 3 1 0 0 5 0 4 0
0 3 3 2 1 3 5 0 4 1 4 0 0 3
3 3 3 4 0 5 5 4 1 0 0 0 4 1
5 3 0 3 0 5 0 2 5 0 4 2 3 0
1 2 5 2 2 4 2 4 1 1 1 2 3 0
1 1 0 0 1 5 0 4 4 3 3 4 4 5
1 1 1 5 3 0 2 0 5 1 2 0 2 0
5 2 1 1 0 1 1 4 1 4 2 3 1 0
5 3 2 0 5 1 4 1 1 0 4 4 2 5
1 1 4 0 3 2 0 2 2 4 2 1 0 4
1 0 1 0 0 5 3 0 0 3 5 3 1 3
4 2 5 1 2 4 2 4 1 3 1 3 1 0
4 1 2 3 0 3 0 4 4 2 4 2 2 5
3 5 0 4 3 3 2 0 4 0 0 3 5 1
5 3 1 0 2 4 4 0 3 3 2 4 0 3
2 5 5 3 2 0 4 1 2 3 3 2 3 1
0 3 3 4 4 4 3 1 2 4 4 0 2 2
5 1 2 5 2 1 4 2 2 3 0 1 4 1
5 4 4 4 3 2 3 0 5 1 0 5 3 2
4 1 2 1 3 1 3 1 3 4 4 0 2 2
4 5 5 0 4 0 4 4 1 3 5 0 2 0
2 4 1 3 3 5 5 3 0 5 5 2 0 0
0 5 5 1 4 3 2 0 4 4 4 3 5 1
1 5 0 1 5 4 1 5 4 1 0 3 0 2
1 5 0 4 4 5 5 2 0 3 0 0 0 4
4 2 1 0 2 0 2 5 0 1 1 3 3 2
5 2 4 2 3 4 4 5 1 3 3 1 0 1
3 0 3 1 0 1 3 3 2 2 3 4 5 0
1 4 1 1 4 3 4 3 2 4 4 3 4 1
5 1 0 2 5 1 4 3 3 4 4 2 3 4
4 4 3 3 2 3 0 2 1 3 4 2 0 0
5 3 0 0 5 2 2 4 3 2 0 5 2 3
1 3 1 1 2 0 0 5 4 1 5 5 0 4
4 4 2 5 4 3 4 5 1 2 2 1 3 5
1 5 0 2 4 1 5 1 4 4 2 5 3 3
2 0 5 4 2 3 5 1 2 4 1 1 1 3
3 5 0 1 1 1 2 0 4 5 4 2 4 3
3 5 3 0 2 3 4 3 4 4 1 4 4 0
4 0 0 4 2 1 0 5 5 0 5 0 4 1
0 4 5 4 5 5 3 4 3 1 2 2 5 1
1 2 3 3 3 4 1 1 2 0 1 2 2 5
5 1 2 1 2 5 1 1 0 4 3 2 1 4
2 4 1 0 5 5 4 2 0 4 5 1 4 0
4 0 3 2 5 4 4 2 3 5 4 4 1 5
3 0 3 4 2 2 0 4 2 1 3 3 5 1
2 1 1 1 2 2 2 3 2 3 1 4 0 4
1 1 0 1 1 0 0 1 4 3 4 1 4 2
3 5 0 1 5 2 4 0 0 4 3 1 5 1
2 2 1 1 0 5 3 4 2 5 5 0 3 5
1 5 0 0 5 3 5 2 2 4 4 0 0 3
1 3 4 0 2 0 4 3 3 3 3 2 4 3
5 4 2 5 1 0 1 1 0 2 5 3 4 0
0 3 0 4 5 1 0 3 4 1 1 4 2 5
5 0 2 3 1 4 4 4 3 5 0 4 3 5
4 1 3 3 5 0 1 5 3 1 2 1 2 4
1 0 3 5 0 5 0 2 2 0 2 4 4 4
5 3 2 5 4 1 1 5 2 2 2 3 4 4
0 2 1 0 1 0 3 4 3 4 2 3 2 5
5 4 4 2 2 2 0 1 4 0 2 3 1 5
1 4 2 2 2 4 4 3 0 0 3 3 3 3
4 3 2 0 2 1 3 1 0 4 5 2 0 3
5 4 0 4 4 0 0 3 4 3 5 5 4 2
2 5 0 5 4 1 1 5 0 4 1 4 5 4
5 1 0 1 1 2 4 3 2 0 4 1 1 4
0 4 5 0 5 0 1 2 1 2 0 5 2 2
4 4 5 5 1 1 3 1 3 5 1 4 1 5
2 2 3 2 5 5 5 5 5 4 0 1 2 2
0 4 5 0 1 0 5 0 1 4 3 4 2 0
3 5 3 2 3 0 3 1 0 0 0 2 0 3
4 3 3 1 2 5 0 1 4 0 3 0 5 0
5 4 3 3 0 0 4 3 4 0 4 0 3 1
1 3 0 2 4 1 0 3 0 5 5 0 3 4
0 3 3 3 5 2 1 4 2 2 5 2 3 3
1 4 1 3 2 4 3 1 0 4 1 1 4 5
1 2 3 2 5 3 4 3 2 4 5 5 2 3
1 2 4 3 5 2 2 2 3 4 4 2 3 2
3 1 2 3 1 5 0 4 4 2 4 2 1 5
4 2 3 1 2 5 1 3 4 3 2 5 3 2
1 1 2 3 4 5 1 3 3 5 3 5 3 4
2 0 3 2 2 3 0 2 0 5 5 2 5 2
0 1 0 3 3 4 2 1 2 2 0 0 4 3
0 0 3 4 4 2 0 2 5 3 0 2 5 0
3 4 1 2 2 5 3 5 5 4 5 4 4 2
4 4 3 4 2 0 2 5 4 5 1 0 0 1
2 2 3 0 3 0 4 4 3 3 3 3 0 1
3 3 0 5 2 5 3 1 0 0 0 3 5 1
0 4 0 0 1 2 5 4 4 3 0 1 1 5
2 1 4 3 2 0 2 5 3 0 0 2 0 5
2 1 4 2 2 1 5 5 1 3 0 1 1 3
4 2 1 0 1 5 3 3 5 4 3 5 2 2
2 1 3 3 5 4 0 0 2 3 3 1 4 1
0 2 2 3 1 4 5 0 2 3 3 2 1 1
5 5 4 2 0 5 0 4 1 1 1 5 2 2
5 2 4 3 4 5 4 2 4 2 0 1 0 1
1 3 4 2 3 5 2 0 5 3 2 2 4 2
4 5 5 2 3 4 3 4 1 4 4 1 3 5
1 2 5 2 1 0 2 4 0 5 3 4 0 0
2 5 2 5 1 1 0 0 1 5 4 5 3 5
3 0 3 3 3 5 0 0 3 0 1 1 0 1
1 1 3 3 4 0 5 5 1 5 4 1 4 0
1 0 2 1 5 5 0 3 1 1 5 1 2 4
4 4 0 0 3 0 2 3 5 1 3 2 1 5
3 0 3 5 4 4 0 4 0 1 2 4 2 4
5 4 1 4 3 5 4 3 2 4 5 3 5 0
4 1 3 4 3 0 1 1 5 5 0 1 2 3
3 0 0 5 2 1 0 1 1 4 2 3 4 4
2 0 1 1 4 0 4 0 2 4 0 2 3 0
0 0 2 1 4 5 1 1 1 1 4 1 1 0
1 0 0 4 5 3 5 5 3 3 2 2 4 4
4 4 2 0 3 0 0 3 2 4 4 0 4 2
3 2 1 4 0 1 5 2 3 2 5 4 4 2
2 2 3 1 3 0 0 2 0 5 5 5 1 1
3 2 1 4 4 4 0 5 2 5 4 0 1 4
0 5 1 3 0 2 4 1 5 1 5 4 0 3
3 0 5 1 5 2 1 4 4 5 1 0 3 1
1 1 5 5 5 3 0 3 3 4 1 4 3 4
1 3 2 4 4 2 5 5 5 2 4 4 0 4
5 4 1 3 1 1 5 2 4 3 4 5 1 3
4 5 5 0 5 0 4 4 1 5 4 2 2 1
4 4 0 4 1 0 5 3 2 3 4 3 4 0
0 2 1 5 0 3 5 3 0 1 3 4 2 0
3 4 4 3 4 5 3 1 4 2 3 1 2 0
4 3 2 0 0 4 5 5 5 3 1 2 4 5
0 5 1 5 0 5 3 1 5 4 4 5 1 1
3 3 0 0 4 3 2 2 4 2 5 1 3 3
1 0 1 1 0 0 1 5 0 5 1 5 0 5
3 5 3 1 2 4 5 1 5 4 4 1 1 5
4 5 0 5 2 0 4 3 4 2 5 3 4 5
5 5 4 4 3 1 3 1 0 5 0 5 5 2
2 0 0 2 5 3 0 0 5 5 3 0 1 4
4 4 0 3 0 3 5 1 1 4 4 3 2 3
3 4 0 4 1 2 2 0 5 4 5 2 3 0
2 4 2 3 0 2 4 1 5 0 2 4 4 2
4 5 1 1 5 5 3 4 2 4 2 5 0 1
3 2 5 5 0 4 2 5 3 1 2 1 5 2
5 1 0 4 4 0 5 0 4 2 4 0 3 1
5 2 3 2 0 3 2 4 4 4 1 4 3 2
5 1 0 1 0 5 2 2 2 1 5 1 1 4
1 1 3 3 0 3 0 3 3 3 2 1 2 4
3 1 3 2 1 4 5 1 2 4 4 2 0 3
1 1 4 3 0 3 3 3 4 0 4 3 0 0
0 5 3 5 1 3 4 0 4 4 0 1 1 3
5 0 5 5 0 0 4 4 3 3 1 3 5 2
1 3 0 5 2 3 0 4 3 0 5 3 2 5
2 5 4 3 2 0 1 4 5 5 1 3 1 1
5 3 4 0 4 3 5 3 5 5 3 1 2 4
5 5 0 0 2 5 5 3 2 0 0 5 0 3
3 2 1 4 4 3 5 1 0 4 0 1 1 4
3 2 5 0 0 2 1 5 2 1 0 2 0 3
5 2 0 5 5 3 5 1 2 4 1 5 3 2
2 4 3 4 3 3 3 5 1 2 2 1 3 1
5 2 1 4 3 1 1 4 1 3 2 2 4 3
1 1 3 1 2 1 4 5 0 1 5 2 4 5
1 3 0 5 4 4 3 3 4 0 3 5 0 0
1 5 2 1 5 2 2 2 4 4 3 1 1 4
5 2 2 5 5 0 5 0 5 3 5 1 2 0
3 3 0 3 3 4 4 4 5 1 1 2 0 1
3 2 0 5 1 2 0 5 5 5 0 2 1 5
3 5 1 3 1 0 5 4 3 0 2 2 4 0
3 1 4 2 0 4 3 2 2 1 0 2 5 4
2 4 0 3 4 0 2 4 1 5 0 0 4 5
5 5 2 1 1 3 4 3 4 0 1 2 1 2
0 2 1 1 3 5 2 4 3 4 5 0 1 2
2 4 4 5 0 5 0 0 2 0 1 0 2 2
5 0 2 5 3 0 4 1 3 0 3 0 2 0
5 3 0 2 0 1 5 5 1 4 0 2 3 2
4 0 2 0 5 1 3 4 4 0 4 0 4 2
4 0 2 1 4 0 0 3 3 3 4 1 5 4
1 5 4 1 0 5 5 5 4 1 5 2 4 2
4 3 3 0 0 3 2 1 0 1 5 1 3 2
4 3 1 3 4 3 3 2 0 3 2 0 1 1
0 3 4 0 3 0 2 0 2 4 5 0 2 4
4 4 5 1 0 5 1 3 1 1 5 4 3 2
0 5 5 3 5 5 3 2 5 0 5 5 5 4
1 5 2 1 0 0 3 3 0 0 2 3 4 2
3 3 2 0 4 0 0 3 3 2 0 0 3 0
2 2 3 1 4 5 0 4 5 4 2 2 0 0
5 5 5 1 4 0 4 0 1 3 5 4 5 2
0 4 2 1 5 5 5 4 3 3 5 4 2 4
2 3 2 1 1 3 5 0 0 1 2 4 2 5
2 3 1 5 2 0 2 4 4 0 3 3 2 1
5 1 4 0 2 5 5 1 0 1 5 0 0 2
0 5 2 4 3 2 0 3 2 2 5 3 4 5
0 3 5 3 4 2 1 3 3 4 4 1 0 0
4 5 5 4 0 2 5 5 3 5 5 2 4 5
1 1 1 3 1 1 0 4 2 1 2 5 5 3
4 0 5 2 1 0 1 3 0 2 3 1 3 0
3 4 3 0 2 5 2 0 3 5 5 5 5 3
2 1 1 2 2 4 5 1 0 4 5 4 3 3
1 3 1 2 1 1 4 5 5 0 4 1 2 0
4 2 3 3 2 3 2 3 1 2 5 0 1 5
4 3 1 3 0 5 4 1 3 0 5 0 2 4
1 0 2 2 5 0 5 1 0 0 0 1 1 3
2 0 1 5 5 3 0 1 2 2 2 5 0 4
1 0 4 1 4 5 1 5 4 4 0 4 2 3
3 1 1 2 5 4 4 0 3 2 0 4 1 1
5 3 3 1 4 2 3 3 1 5 5 0 5 1
0 2 2 0 2 4 5 1 5 3 1 4 4 0
2 5 3 5 0 4 1 4 4 2 3 4 1 4
4 3 3 0 4 0 0 4 5 2 4 3 4 4
0 5 4 4 2 4 0 1 5 3 3 4 4 2
3 2 1 0 1 3 1 0 2 5 5 1 5 0
4 5 1 2 5 1 0 3 4 5 1 0 0 5
2 1 4 1 4 4 3 3 4 3 1 3 4 2
0 1 0 4 5 1 2 1 3 0 0 0 0 3
2 4 0 0 1 0 0 5 2 4 0 5 3 0
3 2 1 0 4 3 2 5 0 3 1 0 3 2
0 0 0 4 2 2 4 2 3 1 4 0 0 2
1 3 5 2 5 1 5 5 0 4 5 4 2 0
5 0 4 0 3 0 3 3 4 0 2 2 5 3
2 0 5 4 4 1 3 5 0 0 2 3 1 4
5 3 1 3 2 3 2 4 1 0 0 5 2 0
3 0 1 2 4 1 2 3 4 0 3 1 3 3
1 4 3 4 4 3 3 4 4 0 0 3 2 1
1 2 2 3 5 4 3 1 5 3 1 0 4 0
2 4 4 2 1 5 4 2 4 1 3 5 0 0
1 0 1 2 2 5 1 4 2 0 1 5 4 0
5 3 0 5 0 5 2 1 3 5 0 4 1 4
3 5 4 4 2 5 3 3 5 0 1 0 5 2
5 0 5 4 1 5 4 3 3 1 5 1 2 0
2 0 5 0 3 4 2 0 4 4 0 0 5 3
5 2 0 1 0 5 4 1 4 4 4 2 1 5
0 3 4 5 4 2 3 0 4 2 0 4 4 2
4 3 5 1 2 4 1 2 3 0 5 5 0 2
1 0 5 2 0 4 2 5 5 2 0 0 2 4
3 0 5 4 1 2 1 4 5 4 1 5 2 0
0 5 1 1 5 4 2 2 5 3 0 5 3 4
2 5 4 1 0 5 1 1 1 3 0 1 5 5
1 4 2 3 3 4 0 2 4 2 1 2 4 2
3 2 3 1 5 3 3 4 1 5 4 1 0 2
3 3 2 2 2 2 0 3 5 5 4 0 1 0
5 3 5 3 4 3 3 2 5 1 5 2 2 5
4 1 5 0 0 1 5 1 2 1 1 3 3 2
0 5 3 2 2 2 1 4 3 0 5 3 2 3
2 2 0 4 1 0 2 2 3 1 5 1 0 0
4 5 1 2 1 3 1 1 3 5 2 4 2 2
3 2 3 3 1 0 4 0 3 2 3 3 3 5
3 4 5 3 4 3 4 4 2 4 2 5 3 5
5 5 1 5 5 2 0 0 4 1 0 5 3 4
0 4 0 1 5 5 0 0 3 2 4 4 5 5
4 4 1 1 5 3 2 2 1 4 0 3 2 4
3 0 2 3 5 1 2 0 0 1 5 1 1 4
3 0 2 2 0 5 0 1 0 1 3 2 3 1
3 3 3 4 5 0 1 3 2 1 5 5 0 2
5 5 5 2 0 2 2 1 3 1 4 2 1 2
5 0 4 3 0 1 4 0 0 5 3 0 1 3
2 2 2 2 5 5 0 0 1 1 3 3 0 0
4 3 3 2 5 1 2 5 5 2 3 1 1 2
5 5 5 4 0 4 0 3 4 1 3 2 2 0
0 2 3 2 4 1 0 0 3 3 0 0 1 1
1 1 1 5 4 2 1 1 1 3 0 3 1 2
2 1 2 3 3 0 2 2 5 4 0 2 1 1
1 4 3 0 3 4 1 0 5 4 4 3 0 3
4 3 0 4 0 2 0 3 4 2 1 4 0 0
1 3 0 5 4 1 1 4 2 2 2 5 1 1
3 4 1 4 4 4 3 1 4 4 4 4 5 0
3 1 0 5 2 1 4 2 4 1 5 3 1 2
5 5 2 2 3 4 5 5 1 0 1 1 4 1
0 5 1 4 1 2 2 5 4 4 4 2 1 3
5 3 5 5 4 2 4 0 3 4 5 5 5 3
5 1 0 0 3 2 3 1 2 3 4 2 3 0
4 5 4 4 2 4 3 5 2 1 4 4 3 5
1 4 1 1 1 1 1 2 5 1 2 5 2 4
2 1 2 1 5 3 4 0 0 0 2 3 4 4
0 3 5 0 0 2 1 1 1 0 1 4 0 1
5 0 1 0 5 5 5 1 2 3 5 0 1 5
3 3 2 3 0 0 4 0 3 2 0 4 1 4
3 1 1 5 0 0 5 2 3 4 5 1 0 4
5 4 2 5 0 2 0 4 1 4 5 2 0 1
3 0 5 2 4 3 3 3 1 5 0 0 1 5
5 0 3 2 4 2 5 4 2 4 3 4 2 3
3 2 1 2 5 3 1 1 0 1 0 0 2 3
5 1 0 1 5 5 1 0 0 1 5 5 5 5
3 4 3 5 5 2 0 2 0 5 3 1 3 3
2 5 1 2 3 2 4 4 4 0 0 1 1 3
5 2 5 1 1 1 3 5 0 0 1 0 5 0
2 0 1 2 3 3 3 3 0 2 2 1 3 0
4 5 2 3 3 1 3 2 1 4 4 4 4 1
2 3 0 5 2 5 3 3 4 0 5 4 5 3
4 1 0 4 0 0 5 0 0 0 1 1 0 4
2 5 2 0 0 1 4 0 3 5 3 0 3 1
5 0 4 2 4 1 1 3 5 5 1 0 0 0
3 0 2 1 0 3 4 5 5 1 3 2 5 3
4 1 0 1 4 5 1 1 4 1 0 1 4 0
3 1 0 0 4 1 3 5 2 2 4 5 5 0
2 3 2 0 3 3 1 1 5 2 1 0 0 1
0 4 0 0 5 2 4 0 5 0 1 4 5 5
4 3 0 1 1 5 0 1 4 2 3 3 3 1
0 3 2 3 2 2 3 4 2 0 2 4 0 2
4 0 4 3 3 1 3 1 0 3 2 2 2 4
4 5 2 4 1 2 3 1 3 1 5 5 4 3
0 4 0 5 2 0 0 4 2 1 4 1 4 1
1 0 3 3 5 4 5 2 3 0 0 4 5 1
2 4 1 5 4 2 1 2 5 3 5 3 3 5
0 5 2 1 5 5 5 3 2 1 2 5 0 3
0 3 0 3 3 0 2 4 2 0 2 2 2 5
5 0 5 3 5 3 2 1 1 4 2 5 2 1
2 0 0 0 1 4 0 4 0 3 5 1 2 2
3 5 0 1 0 3 5 4 4 1 5 0 5 5
4 3 1 4 5 0 5 5 0 2 0 4 2 4
2 4 0 1 5 1 3 4 3 0 3 5 4 2
2 0 5 2 1 3 5 0 3 5 3 0 5 1
2 3 3 5 1 1 0 5 2 4 2 2 3 5
3 3 2 2 5 2 1 5 3 2 5 3 3 0
3 1 3 1 2 5 0 1 1 2 1 5 1 3
5 3 1 5 0 5 2 5 0 4 3 5 4 4
2 5 0 5 4 3 0 3 5 2 1 2 3 3
4 0 2 5 3 1 5 0 0 3 5 2 3 1
5 3 1 1 3 3 1 2 5 2 0 1 3 3
2 0 2 1 4 0 5 0 1 1 5 4 0 1
4 5 1 0 1 1 0 3 2 0 1 2 0 3
2 4 5 5 4 0 3 5 2 1 5 3 0 0
0 1 0 5 5 0 4 5 4 1 2 5 0 0
3 0 0 4 4 2 2 0 2 2 5 3 2 4
5 4 1 1 2 2 2 1 4 4 5 3 1 0
3 2 5 4 2 0 2 3 4 1 5 3 1 3
5 1 1 3 2 4 0 3 3 4 1 0 2 5
3 0 1 0 1 5 1 3 4 3 4 2 3 2
0 1 4 0 0 4 1 5 2 4 1 0 4 4
3 0 3 0 2 1 4 3 0 5 4 1 2 3
1 3 4 3 5 3 5 2 3 1 2 5 5 4
2 3 3 3 1 1 2 3 0 1 5 5 0 2
3 4 2 2 5 2 2 3 2 1 5 3 2 2
1 0 2 1 5 4 0 1 5 0 4 1 2 3
2 4 3 3 2 1 3 3 1 5 3 1 3 3
2 0 4 1 4 1 3 1 2 3 1 4 3 5
1 1 4 0 1 5 3 5 1 3 3 0 1 2
4 3 4 3 1 1 3 1 3 2 0 0 1 2
1 2 4 2 0 5 3 4 5 1 4 1 3 3
0 5 3 1 2 0 5 3 1 3 0 2 3 3
5 0 0 4 3 2 3 1 1 3 0 3 3 4
5 3 1 3 2 1 5 2 2 3 4 3 2 2
4 1 4 3 4 4 2 4 5 4 4 5 2 5
5 1 1 5 5 3 2 1 4 4 2 0 3 1
5 2 5 4 1 0 4 5 1 0 4 3 5 1
4 0 4 3 4 0 4 0 2 4 3 4 1 3
1 1 3 3 1 3 3 5 2 3 2 2 1 1
3 4 0 0 2 5 5 1 2 4 0 5 2 5
5 0 5 5 0 4 0 2 1 4 5 2 5 4
3 2 1 2 3 2 2 1 3 4 0 3 3 5
3 2 2 3 2 2 2 5 4 1 0 2 5 0
1 4 0 1 1 1 4 0 0 0 4 1 4 1
5 1 4 0 0 3 2 1 1 5 0 1 1 2
3 2 2 1 2 4 1 4 3 5 5 2 5 5
3 2 0 4 1 4 4 3 5 0 4 5 0 2
1 2 2 1 0 5 3 3 2 4 1 0 4 0
2 2 4 2 0 0 5 4 0 5 2 4 3 2
3 1 5 3 3 1 5 4 4 4 2 4 2 5
3 4 4 3 5 3 2 4 3 1 0 3 3 1
3 0 0 0 4 3 2 2 0 0 3 1 2 4
1 5 3 3 0 0 5 5 1 2 5 5 1 2
1 1 5 3 4 3 0 2 4 2 1 5 1 1
0 0 1 3 0 2 4 3 1 1 3 0 2 1
5 3 3 5 0 4 0 3 4 2 2 2 0 0
2 5 2 2 4 3 3 5 4 5 0 4 1 4
1 2 4 3 1 5 3 3 1 4 5 0 2 1
4 1 0 4 4 3 2 0 4 0 3 1 1 3
5 3 0 4 5 5 1 5 0 2 2 0 2 2
4 0 5 3 0 3 3 1 0 1 1 2 2 2
4 4 4 1 5 0 2 0 5 5 0 1 1 4
4 1 5 1 0 5 0 4 2 2 0 4 4 1
5 5 5 4 1 3 3 0 5 0 5 2 4 4
3 4 4 2 0 0 1 4 5 0 1 0 2 3
0 5 3 2 1 1 4 5 1 3 2 0 5 4
0 0 2 5 0 4 4 5 4 2 2 3 5 2
5 4 3 0 1 4 2 2 2 5 4 5 0 4
3 2 4 1 0 4 4 4 5 2 3 2 5 1
2 5 5 1 2 2 0 1 5 3 5 3 2 4
5 3 4 2 1 2 4 4 4 0 4 5 5 4
0 3 5 5 1 5 2 0 0 0 5 0 3 0
0 2 2 1 1 2 4 3 4 0 2 2 5 1
2 1 5 1 4 2 4 3 0 1 1 0 3 1
0 1 2 3 5 2 5 3 3 2 4 1 2 2
3 4 1 5 3 2 1 2 1 5 5 4 3 3
2 0 2 0 1 4 4 0 0 5 1 1 3 2
0 3 4 3 2 4 3 4 0 5 1 0 0 2
5 1 2 2 0 3 3 4 3 5 2 2 3 0
4 3 5 4 5 3 3 0 1 4 2 4 5 5
1 4 4 4 0 2 3 1 3 0 0 1 1 5
2 3 5 1 0 1 4 3 5 1 0 0 3 3
4 4 4 3 0 0 3 2 5 0 4 0 0 4
5 2 3 1 5 4 5 2 4 2 2 3 0 1
1 2 1 4 1 4 4 1 2 0 2 5 4 3
1 2 3 4 5 3 5 1 0 4 2 4 5 0
3 3 4 2 3 5 1 5 1 0 0 1 3 0
1 5 4 3 3 1 3 4 4 3 4 2 4 2
1 4 1 4 5 5 3 3 3 3 5 3 0 3
2 3 5 0 3 2 0 0 5 5 5 0 1 1
0 5 2 5 2 5 4 0 3 2 1 5 1 2
1 3 5 2 3 4 2 2 2 0 3 1 5 0
1 2 4 4 0 2 2 5 5 5 4 4 0 3
2 0 5 4 0 5 5 5 4 0 4 2 0 5
2 3 0 4 2 5 0 0 3 3 1 3 4 3
3 1 3 5 5 4 4 0 2 0 3 1 3 1
0 3 5 1 3 5 0 2 0 3 5 2 1 3
0 0 2 5 3 4 4 4 4 4 0 5 0 3
5 4 5 0 5 5 3 2 0 4 0 4 1 1
2 0 5 4 1 0 0 0 2 3 3 1 2 3
5 5 1 2 3 2 2 2 1 0 4 5 4 0
1 3 4 2 5 3 5 5 3 0 1 4 4 4
5 4 2 2 1 4 1 0 3 3 5 0 0 0
1 4 4 5 3 2 4 4 2 0 3 1 3 1
1 0 4 2 1 1 0 0 0 2 2 1 3 2
1 1 0 1 2 4 1 4 2 0 3 3 1 4
4 3 5 0 1 3 5 5 0 3 1 2 5 4
1 0 4 5 2 4 5 5 5 4 5 4 3 5
2 3 0 0 2 5 2 1 5 4 2 4 3 2
2 5 4 3 5 0 0 4 1 3 5 5 4 2
4 0 3 3 3 5 4 1 4 3 2 0 4 1
2 1 4 4 2 1 0 1 2 5 5 3 1 3
1 2 1 3 5 2 0 1 1 0 3 5 4 5
5 2 1 3 4 4 0 0 3 3 3 2 0 0
0 5 0 3 2 0 2 0 3 4 4 5 4 1
4 3 4 3 2 5 1 4 5 5 4 2 0 5
2 1 2 4 2 3 2 1 0 4 3 1 0 5
1 4 2 5 3 5 0 0 4 5 5 2 5 4
2 1 1 0 1 0 5 0 0 4 0 1 2 0
4 3 3 2 3 0 3 5 4 5 5 1 3 5
5 1 3 4 0 4 4 5 4 3 1 3 1 1
2 3 1 2 1 5 0 2 3 4 3 2 3 1
2 1 3 2 1 2 4 1 1 5 3 4 2 2
3 1 2 4 2 5 4 4 5 4 4 4 4 0
3 0 3 0 1 0 1 1 3 0 5 4 5 5
2 1 2 5 1 2 1 4 0 2 3 0 3 4
3 1 1 0 5 3 0 0 0 2 1 3 3 5
1 2 3 0 5 2 2 1 1 1 5 0 0 1
1 0 4 4 4 4 1 0 4 2 3 1 0 0
1 3 1 4 5 3 3 1 3 4 2 1 0 1
3 3 3 5 5 1 4 4 2 2 5 4 3 5
5 4 0 3 5 4 3 0 0 2 0 3 5 1
0 1 3 1 3 3 0 2 4 0 3 3 0 3
4 1 0 4 4 0 3 1 1 5 0 4 0 5
1 3 3 5 2 3 2 1 4 5 5 0 0 0
5 2 3 2 5 1 3 0 1 3 5 4 4 4
3 1 1 5 1 4 2 1 0 4 3 1 5 5
1 3 4 2 0 4 0 4 2 5 5 3 1 3
4 0 2 4 4 1 1 3 3 5 2 4 1 4
4 2 4 4 3 2 2 1 3 0 1 3 5 2
1 2 1 5 1 1 1 1 4 4 1 1 1 3
4 4 1 1 0 2 3 3 3 3 4 0 3 2
0 5 3 4 4 1 2 4 1 5 3 5 0 3
1 3 1 2 0 0 5 4 5 5 0 2 0 3
1 0 5 0 1 0 0 0 0 3 2 3 5 1
0 1 0 3 5 0 3 2 2 4 2 3 5 3
2 1 4 5 0 3 0 4 5 5 5 1 5 5
1 1 5 2 1 0 0 4 4 5 1 5 0 0
2 3 0 3 3 0 1 1 0 3 0 5 2 5
5 1 3 3 5 5 1 0 0 1 5 5 4 4
1 0 0 0 1 5 4 1 1 0 2 2 5 1
5 0 1 4 5 1 4 0 5 3 1 0 2 0
1 1 4 3 2 0 0 0 5 3 1 0 4 4
5 3 0 0 2 2 3 2 1 1 1 5 5 2
1 2 1 2 4 2 1 1 2 2 3 0 2 3
4 3 1 3 2 0 4 0 5 3 3 4 0 3
4 4 4 3 5 2 4 4 0 5 4 2 5 0
5 5 3 2 5 3 4 0 3 2 5 4 3 1
0 2 1 4 2 0 4 4 4 2 4 0 0 3
2 5 3 3 2 2 5 4 4 1 2 3 0 0
1 5 2 1 4 0 1 1 2 2 2 4 2 1
4 1 5 2 2 0 2 3 0 1 5 2 2 3
5 3 2 2 0 5 5 4 4 4 1 2 1 4
1 2 5 3 5 2 4 4 1 4 5 2 5 5
3 3 3 3 4 4 3 3 3 2 4 4 2 2
1 5 5 4 2 1 0 4 5 4 3 0 3 1
2 3 4 4 0 1 3 0 2 1 5 2 2 5
2 4 2 4 3 3 1 4 5 0 3 3 0 1
2 2 1 1 3 0 0 1 5 3 1 1 5 4
5 5 5 2 3 3 4 2 1 3 3 2 0 1
2 4 1 4 0 1 0 0 1 5 3 4 3 3
1 5 0 0 2 1 2 2 3 2 5 4 1 0
2 4 3 1 2 2 4 5 2 4 1 4 4 5
3 2 3 1 0 1 5 2 1 3 3 4 3 2
1 0 1 0 2 2 1 0 2 4 1 4 3 3
1 5 3 0 4 3 5 2 4 4 2 3 3 3
4 2 5 2 5 5 0 3 5 2 5 0 1 5
2 1 4 5 2 2 1 1 1 2 0 4 1 2
4 1 3 2 2 0 2 5 5 3 5 5 0 3
1 4 2 0 1 3 0 4 5 2 3 0 2 4
4 2 5 0 5 4 2 1 5 2 5 2 1 3
3 2 4 1 0 4 4 4 0 0 5 4 0 2
3 4 0 2 4 4 5 1 1 5 5 2 3 1
1 4 0 0 1 3 0 4 2 5 0 3 0 5
0 1 3 4 4 1 4 0 0 4 2 5 4 2
2 2 1 2 0 3 2 5 1 2 0 5 2 1
0 0 5 5 3 2 4 2 4 1 3 1 0 0
2 1 0 0 5 5 3 4 5 5 5 4 1 4
2 2 0 4 0 2 1 3 4 3 5 2 0 0
1 2 4 1 2 4 2 4 2 4 0 4 2 4
2 1 5 2 1 0 2 2 2 5 3 1 5 0
2 4 4 1 3 4 2 1 4 5 4 2 4 5
3 1 5 0 4 3 5 0 5 1 4 3 5 2
3 3 0 0 2 2 3 1 3 3 0 1 2 0
4 5 0 1 4 3 4 0 1 4 5 3 1 2
4 4 4 1 2 2 3 0 3 3 3 2 0 2
1 1 4 5 2 2 5 5 3 3 2 2 1 5
3 4 5 5 5 4 2 3 0 3 2 5 3 5
0 1 1 0 4 0 1 3 3 4 3 0 0 3
5 2 5 2 4 2 1 2 0 4 3 1 1 5
5 1 4 0 0 0 5 0 5 4 4 2 5 5
4 5 5 0 1 3 4 5 5 2 5 4 0 4
5 3 5 0 0 5 3 5 2 5 4 0 1 3
4 1 5 2 3 2 4 4 0 0 4 5 4 1
5 4 2 0 4 4 1 4 3 3 0 2 5 2
0 5 2 5 0 5 4 5 1 1 1 0 0 2
2 0 4 0 0 2 1 4 4 4 3 1 5 2
5 1 2 0 0 1 5 5 5 0 0 0 4 0
4 0 5 3 2 2 0 5 2 5 3 4 2 5
0 2 5 4 5 4 5 1 1 4 5 0 0 5
0 1 1 0 0 5 2 4 3 4 2 4 2 3
3 1 3 0 3 2 4 5 0 2 2 1 0 1
1 5 1 3 1 2 3 3 4 3 4 3 2 1
2 1 3 2 5 0 2 0 1 5 5 2 0 2
2 2 5 4 5 2 3 1 4 3 1 1 4 4
3 1 2 0 1 3 4 5 0 1 5 4 4 2
5 2 3 2 5 4 3 0 4 5 0 2 3 3
1 0 4 4 2 4 4 3 3 0 5 1 1 1
3 3 2 2 3 2 2 4 3 0 5 5 0 2
0 5 4 0 1 5 0 0 1 4 4 4 4 4
3 2 4 4 5 1 0 3 5 2 1 0 2 2
3 3 5 4 0 2 0 4 3 4 5 5 2 1
5 4 5 0 2 2 2 1 0 2 3 4 0 4
1 5 1 3 1 3 1 0 3 1 4 4 5 2
0 3 5 1 5 0 0 1 3 4 2 1 0 0
1 0 5 5 4 5 4 1 5 0 0 1 5 5
1 5 3 1 1 1 0 5 5 5 4 2 1 1
0 1 2 2 2 0 4 5 3 0 5 0 5 1
5 3 5 3 1 0 4 4 4 3 5 3 3 2
2 2 3 0 5 1 5 1 1 2 3 0 1 3
2 2 2 0 1 3 5 5 4 4 0 0 4 5
2 1 0 0 1 4 5 3 4 1 1 4 5 2
4 1 5 4 5 5 4 4 4 2 0 5 3 0
1 2 0 5 1 2 1 2 4 0 0 5 3 5
4 3 0 4 4 3 4 1 2 4 3 1 5 2
1 2 3 5 5 0 5 3 2 3 3 5 0 5
0 5 0 2 4 0 3 1 3 5 0 5 3 1
1 0 1 4 3 1 1 0 2 3 5 1 3 4
3 5 5 0 3 4 5 2 3 2 5 0 2 3
4 1 4 2 2 1 1 4 0 4 1 0 4 3
0 2 4 5 1 1 3 0 2 2 5 0 5 3
2 4 2 2 0 4 5 5 2 0 1 1 2 3
2 5 5 5 1 0 1 4 0 2 1 4 2 1
3 0 3 3 5 3 3 1 2 1 1 4 0 3
1 2 0 2 2 4 5 2 3 2 0 1 1 4
1 5 1 3 5 5 0 4 3 4 3 4 3 0
2 4 5 1 5 2 1 3 5 1 4 2 0 2
1 1 5 3 0 0 5 2 2 5 0 2 4 0
3 0 1 2 2 2 2 1 1 1 2 5 5 0
2 4 2 2 1 0 3 4 2 3 5 3 4 3
5 1 1 4 4 5 2 1 3 1 2 0 0 2
0 3 4 5 0 2 1 2 4 2 2 1 5 3
5 3 1 3 5 5 1 5 2 0 4 4 0 3
4 3 4 1 4 0 1 2 4 1 3 5 1 2
0 4 0 2 2 4 5 3 4 3 5 3 5 5
2 2 2 1 2 3 4 3 5 2 4 0 5 3
4 3 1 0 3 1 2 4 1 2 2 1 0 0
2 0 4 1 1 2 0 0 2 2 5 5 1 0
0 0 5 1 3 4 4 0 2 0 4 0 2 5
2 3 5 5 2 2 1 0 1 1 1 3 5 0
1 0 3 4 1 5 0 0 2 2 2 5 0 4
2 0 1 3 2 1 3 0 3 4 0 3 4 2
2 5 3 4 1 4 2 4 5 2 2 1 4 3
5 3 4 3 0 1 2 2 2 5 4 5 4 3
1 4 4 5 5 0 3 1 1 4 0 0 0 4
5 0 4 1 2 5 1 1 4 2 3 5 3 0
0 4 3 4 4 5 5 0 2 3 2 5 2 2
1 1 4 1 4 1 0 1 3 0 1 3 5 2
1 3 2 4 1 5 5 5 5 0 2 4 1 3
0 3 1 5 3 0 1 1 0 0 2 4 3 4
4 3 3 0 1 5 3 0 4 0 5 5 1 5
1 5 0 4 2 2 5 4 5 3 0 1 5 1
5 4 3 0 4 1 2 2 3 5 5 1 4 4
1 3 1 4 3 5 2 5 3 0 0 2 0 0
4 2 3 3 0 5 4 3 4 2 2 4 1 1
5 0 4 4 0 3 1 4 3 3 1 5 0 2
0 0 5 2 1 5 1 3 5 3 2 0 2 3
3 2 0 0 3 1 2 4 4 0 4 2 0 4
4 5 5 2 3 2 3 1 0 0 5 3 3 2
5 5 1 4 0 3 0 5 3 5 5 0 0 0
4 2 0 3 5 0 1 4 2 4 5 0 0 1
5 0 3 5 1 0 4 2 0 5 0 2 5 0
4 5 1 3 0 1 5 2 2 3 2 2 3 1
3 4 4 3 2 5 5 4 2 3 5 3 1 0
5 1 2 5 5 1 1 3 0 1 3 2 2 0
4 4 4 2 4 1 4 3 2 2 1 0 4 1
4 4 2 3 0 1 4 3 4 1 3 0 0 5
0 1 4 4 4 5 2 2 4 0 4 4 1 4
0 2 2 0 2 0 1 1 1 5 2 5 2 4
5 2 3 0 3 4 4 2 4 2 1 1 0 4
3 0 1 1 0 5 1 3 5 2 3 1 0 1
3 3 3 4 3 5 0 4 5 0 3 1 5 0
3 1 5 4 2 4 4 5 5 1 1 0 0 0
5 5 2 1 1 2 0 1 1 4 4 0 1 0
3 3 0 4 2 3 5 0 0 4 2 3 4 3
4 5 5 5 1 5 3 3 2 1 1 0 1 0
1 4 4 1 5 5 0 5 2 2 3 5 1 3
0 4 5 1 3 5 5 0 5 0 1 5 4 3
3 3 2 5 3 0 1 1 1 0 1 1 5 4
2 4 1 1 0 2 3 1 4 0 1 5 0 4
5 2 1 1 0 3 3 3 1 0 0 1 1 3
2 5 3 5 4 4 3 3 1 2 1 0 3 2
4 4 5 0 0 5 3 1 0 3 5 2 3 1
5 1 0 3 3 2 2 1 1 2 1 2 4 5
5 2 4 4 3 5 2 2 1 3 2 4 0 1
3 0 5 5 4 1 0 2 2 2 1 2 4 2
1 4 1 0 3 0 0 3 3 1 0 1 5 2
5 5 2 0 2 3 3 3 4 3 1 5 4 2
4 1 5 1 0 0 1 0 5 0 3 0 5 1
4 5 0 5 1 0 3 5 0 2 4 1 0 5
1 1 1 1 5 4 0 5 0 4 1 1 1 1
4 2 3 2 3 3 1 5 2 5 3 4 3 5
0 4 1 3 5 2 0 5 5 3 3 5 5 1
1 0 3 0 5 3 3 4 4 0 1 3 1 4
0 1 1 3 3 0 2 5 0 3 0 5 3 4
5 4 2 5 4 0 4 2 0 0 0 3 3 5
5 5 1 1 4 2 0 5 0 1 4 1 0 2
1 3 2 3 3 0 5 4 2 4 5 1 4 3
5 2 2 2 3 0 0 1 0 0 1 3 4 2
4 1 1 1 1 2 1 4 1 0 5 1 3 4
3 3 3 0 1 2 5 0 5 5 0 5 1 2
5 4 3 2 5 2 4 4 1 3 5 5 2 0
5 5 2 1 0 2 2 2 1 1 0 4 4 1
5 3 1 1 0 5 1 4 2 1 1 1 4 3
5 3 2 5 1 2 1 3 5 5 4 2 3 0
0 2 2 1 2 5 1 2 2 4 4 5 5 5
5 3 3 0 1 0 3 1 5 1 2 4 4 4
2 3 3 4 2 5 2 1 2 5 2 2 0 4
1 1 0 4 2 2 3 0 2 0 0 1 4 5
3 3 5 1 3 1 3 2 0 1 5 5 0 5
5 0 1 5 5 2 2 3 0 2 4 0 1 1
4 1 3 2 0 3 3 4 2 3 0 4 5 3
1 5 2 2 4 0 2 1 4 5 0 2 3 1
2 0 3 0 3 3 0 3 3 5 2 3 0 5
3 1 4 3 2 1 0 1 0 1 1 4 0 0
0 3 2 2 1 5 5 5 5 4 5 2 5 1
2 4 3 3 0 1 1 4 1 2 4 5 1 0
2 0 3 3 2 2 0 1 5 5 3 5 0 1
5 1 3 0 4 5 3 5 1 1 1 1 2 2
4 2 1 0 1 1 2 3 0 4 3 3 3 3
1 0 5 4 3 5 4 3 4 4 5 1 4 1
1 3 5 0 5 5 4 1 1 1 4 1 5 3
3 3 5 4 2 1 1 4 2 1 1 1 2 5
0 2 5 2 5 5 2 2 2 3 5 3 5 1
4 4 5 5 5 3 4 5 0 3 4 2 3 1
1 1 1 1 5 0 0 0 2 2 1 0 0 0
3 5 1 4 2 2 1 0 4 4 2 2 0 0
3 5 2 0 2 3 2 5 5 2 0 3 0 0
1 1 1 5 1 4 4 0 1 4 0 2 4 2
3 0 4 0 1 0 0 3 0 3 2 3 4 2
1 1 3 2 4 3 0 1 5 1 2 5 4 2
5 5 0 1 0 5 0 1 1 0 2 1 4 2
0 0 3 0 1 0 4 3 1 5 2 4 0 2
0 0 1 2 5 0 2 0 4 5 3 5 4 5
3 4 2 0 3 5 0 4 0 2 0 3 1 4
3 0 2 1 2 0 1 5 5 4 4 1 1 4
3 5 1 2 5 3 5 3 0 3 1 3 0 4
2 1 2 5 3 3 1 5 4 0 4 4 4 4
1 3 5 0 1 2 5 5 1 4 1 1 0 4
3 5 5 1 4 1 3 1 0 5 0 5 5 1
0 1 1 4 4 1 1 3 5 2 1 2 1 4
3 5 1 4 0 5 0 5 4 0 1 1 5 0
0 1 1 0 4 4 1 3 5 3 0 3 1 2
3 1 3 4 5 5 5 3 4 2 0 0 4 4
5 1 2 4 5 3 0 0 3 3 3 4 5 3
3 3 3 4 2 0 0 2 0 0 4 1 3 0
4 0 1 1 2 4 3 1 0 3 5 1 0 4
0 4 5 2 3 0 1 5 4 2 5 0 5 2
1 5 3 4 3 3 0 0 5 2 1 0 4 5
0 4 2 3 5 1 3 1 2 0 0 1 3 3
5 2 5 3 5 0 1 2 5 2 3 0 0 1
3 1 2 2 3 4 4 5 1 3 2 3 0 5
4 2 5 5 3 2 5 4 1 0 4 3 0 4
4 1 5 2 4 5 4 0 3 0 1 2 5 1
2 2 0 2 5 2 3 4 3 3 4 3 5 1
1 0 5 0 5 2 5 5 1 4 3 2 3 2
3 5 1 2 1 0 4 2 4 4 2 2 3 4
4 2 1 1 1 3 2 1 2 3 1 5 1 4
3 5 4 1 2 4 3 5 4 0 0 1 4 4
4 1 4 4 3 5 4 0 3 2 5 1 0 3
1 2 2 4 1 4 0 5 1 3 4 0 1 1
2 2 5 4 1 3 2 0 4 0 2 5 3 4
0 2 3 2 4 0 3 5 0 3 0 5 3 4
2 0 2 5 4 1 4 2 4 0 0 3 3 3
3 1 3 5 5 2 0 3 2 0 4 2 0 0
4 3 3 1 2 4 1 2 3 4 3 4 5 3
0 3 4 2 4 2 0 4 4 1 3 4 5 5
0 2 5 4 4 3 1 4 5 4 4 1 2 5
5 1 0 2 3 3 0 2 0 1 3 1 1 2
4 3 5 4 1 0 5 4 1 3 5 5 4 4
5 2 1 2 0 1 3 3 1 3 2 5 0 5
1 3 4 4 4 0 0 5 5 4 2 4 2 4
4 1 2 1 4 2 3 3 3 1 5 3 1 5
4 4 3 0 5 1 0 3 2 5 2 2 0 4
1 4 2 1 0 3 3 3 3 3 3 5 4 3
4 4 1 5 1 4 2 4 1 1 0 5 1 3
1 3 0 4 3 2 1 1 0 2 0 2 3 3
4 4 3 5 4 4 1 2 3 0 5 4 1 3
1 5 5 5 5 2 5 2 2 4 0 5 4 0
1 0 1 4 1 5 5 2 1 3 4 1 0 2
5 1 1 0 5 5 5 3 0 5 0 3 1 5
2 4 5 3 4 4 1 0 0 5 0 5 1 5
0 5 1 0 3 0 4 0 0 0 1 4 5 1
0 1 4 2 4 4 0 1 3 1 3 3 2 2
1 1 2 4 0 3 1 2 1 2 1 2 2 4
0 0 5 3 1 1 2 0 2 0 5 4 2 2
1 1 4 3 2 0 2 2 4 0 3 0 3 3
3 3 2 1 0 0 1 3 2 0 5 3 2 0
1 1 3 4 3 0 5 5 2 4 0 1 3 2
4 2 2 1 5 0 5 2 0 4 1 4 2 5
2 0 0 5 2 1 5 2 1 0 4 1 1 0
0 0 5 3 5 5 1 0 3 1 2 1 3 4
0 3 0 1 3 0 2 2 2 4 4 1 5 1
4 2 4 2 5 1 0 0 1 3 5 5 5 5
0 3 3 5 5 2 1 4 3 3 2 1 3 5
1 5 1 2 1 2 5 0 4 2 3 1 4 0
5 3 2 5 2 0 0 4 4 1 3 4 3 2
1 3 3 1 5 0 0 4 4 4 1 1 0 3
0 4 4 3 3 4 5 0 4 1 3 2 0 3
3 3 1 4 5 3 3 4 4 4 5 5 2 3
2 4 0 3 1 5 4 5 2 4 1 2 1 1
3 3 1 3 0 5 3 2 0 1 5 4 1 5
5 0 4 2 5 3 1 3 5 3 1 1 5 2
4 0 2 5 2 0 1 1 5 1 2 4 1 1
2 0 0 4 5 2 5 4 0 0 5 0 1 4
2 5 0 5 5 0 1 4 2 3 1 1 1 4
5 4 1 4 3 5 5 2 3 1 0 3 5 0
5 4 2 3 1 1 0 1 2 2 1 2 3 5
4 3 3 3 1 5 5 2 4 1 1 2 5 4
0 3 1 5 0 5 5 5 1 2 2 4 2 2
1 2 5 0 5 3 5 3 4 1 5 4 3 1
2 3 1 2 0 5 4 3 5 0 3 3 4 3
5 5 2 5 2 5 5 4 1 3 4 5 3 0
5 3 5 5 5 4 0 4 5 3 1 1 4 0
3 1 2 3 1 0 5 5 1 2 0 2 0 3
2 1 0 5 2 4 3 0 2 0 0 5 0 0
5 3 4 5 1 3 1 1 4 2 5 5 2 5
5 4 3 3 4 0 1 3 5 4 2 5 3 4
1 1 5 0 1 3 5 0 0 1 0 1 4 0
4 2 4 3 4 2 5 1 1 1 1 3 0 0
5 5 5 3 3 0 4 4 1 2 0 4 5 3
2 4 2 1 0 5 4 1 0 0 5 5 4 0
1 0 2 1 1 4 0 4 2 5 0 5 0 1
2 1 3 3 1 0 3 2 2 2 1 0 1 2
1 1 4 1 5 4 3 1 1 2 4 3 2 4
1 0 5 0 5 3 3 1 0 5 3 5 2 1
3 0 2 1 4 1 4 5 5 4 0 3 2 2
2 2 4 2 3 5 2 0 5 2 5 5 2 1
3 4 3 4 2 2 2 5 3 4 5 0 1 4
5 4 1 4 5 3 3 2 4 0 2 0 3 1
0 5 1 0 0 1 3 3 2 5 1 0 0 0
4 0 0 0 5 3 5 3 5 5 2 5 1 3
0 2 5 5 2 5 3 1 4 0 1 0 2 5
2 3 2 2 1 1 3 5 2 5 1 3 0 3
5 3 4 2 1 1 0 5 4 1 0 3 3 1
1 0 1 4 2 3 2 2 4 4 4 2 2 3
0 0 0 3 1 5 0 5 4 1 1 2 2 4
1 2 0 3 0 5 0 1 1 3 2 0 5 4
3 2 4 0 1 5 3 3 5 0 2 3 4 3
0 0 4 3 3 3 2 1 1 2 5 4 1 4
2 2 3 2 0 4 3 5 1 4 1 2 4 4
2 4 3 2 3 3 5 1 1 0 5 3 4 4
5 4 1 0 3 4 5 2 2 1 4 1 2 4
5 1 4 3 0 1 0 3 3 3 5 0 4 3
4 2 2 4 3 4 1 5 3 1 2 3 1 4
2 3 2 2 3 2 3 0 2 1 4 0 4 5
0 3 0 1 4 5 4 0 3 2 5 1 2 3
4 5 0 5 5 3 5 1 4 3 5 5 2 1
2 2 0 0 2 3 2 4 2 3 5 4 5 1
3 3 3 0 1 0 0 4 2 0 3 0 0 4
2 0 4 4 5 2 5 3 1 0 5 2 1 4
5 1 2 3 0 1 4 3 1 1 4 5 5 1
3 3 5 1 1 4 1 4 1 1 1 1 3 3
5 4 2 2 5 5 2 3 4 5 1 0 4 0
2 4 1 3 4 4 2 4 3 1 0 5 0 4
2 0 2 4 0 4 4 1 4 1 5 1 4 5
0 3 5 5 1 0 0 1 4 4 4 2 0 3
0 3 4 2 1 3 3 5 3 2 1 2 5 3
2 4 2 0 0 4 1 3 1 0 4 3 4 4
5 2 3 3 2 1 1 2 4 1 3 1 2 5
3 2 4 1 5 2 0 1 5 2 5 5 0 5
4 2 4 4 0 5 5 5 1 4 1 2 0 2
2 2 0 0 3 5 4 5 4 4 2 3 4 0
3 5 5 1 3 2 1 0 1 3 1 5 4 1
1 1 0 5 2 1 3 5 5 5 2 3 4 5
2 0 2 5 1 4 2 5 4 1 3 2 3 1
1 4 1 0 5 1 0 0 0 2 1 2 0 4
3 1 0 3 4 0 3 1 1 5 5 3 4 5
4 5 2 0 3 2 2 4 1 5 5 2 1 4
5 4 1 2 4 3 3 5 0 0 3 3 5 4
0 1 4 1 1 3 0 5 2 3 4 2 5 3
5 4 1 5 3 5 2 3 2 0 4 4 2 4
3 2 3 0 0 5 3 1 0 3 2 4 4 5
3 5 4 2 1 4 1 4 0 3 5 3 5 3
3 4 0 1 1 0 5 3 4 4 3 4 4 5
3 3 4 4 4 0 0 5 0 2 1 2 4 4
1 2 1 1 1 2 2 5 4 4 3 1 1 2
1 1 4 4 3 2 4 5 2 0 3 0 0 0
2 0 3 5 2 4 4 0 3 4 2 3 3 3
0 3 0 5 0 1 3 4 4 0 5 0 1 4
1 1 0 3 4 1 1 4 1 5 3 3 3 5
1 4 5 2 4 5 2 3 3 5 5 0 1 3
3 5 3 4 2 0 4 3 3 4 5 2 1 2
0 3 1 2 4 1 0 2 3 5 1 3 5 5
3 2 4 2 2 1 3 5 0 2 5 2 5 1
4 1 3 4 4 4 1 4 3 2 1 3 1 0
1 5 4 1 0 4 1 4 1 2 1 4 1 2
5 3 1 1 2 4 1 0 5 2 1 0 0 2
5 1 5 0 0 0 5 0 4 4 0 2 4 0
4 0 3 4 1 4 0 4 1 4 5 5 4 0
1 4 5 2 0 0 3 3 4 3 2 1 2 0
0 3 3 2 3 4 0 5 2 1 1 1 4 2
2 4 0 1 1 0 1 1 0 4 5 2 5 1
2 4 3 5 4 3 2 0 5 0 5 0 2 1
0 1 2 2 0 1 0 5 0 0 0 3 0 2
4 1 1 0 3 4 3 4 4 4 5 4 1 2
5 4 5 2 5 3 4 5 3 2 2 5 0 4
1 2 0 1 4 5 4 3 2 4 5 1 2 0
2 4 5 0 3 5 5 1 1 4 2 4 0 4
5 0 0 5 1 0 3 0 2 4 3 0 3 2
5 1 0 2 5 5 0 3 1 2 4 0 2 4
2 4 0 5 4 1 4 0 3 1 1 4 5 4
0 5 1 0 2 2 0 3 0 4 1 3 0 3
5 1 3 5 4 3 5 1 3 1 5 4 1 2
2 3 1 2 3 1 2 0 4 2 4 2 0 3
3 3 0 0 4 4 4 1 0 1 5 3 5 5
3 3 2 1 0 5 2 0 5 5 4 0 3 1
1 1 4 4 5 1 5 5 3 0 0 4 2 3
1 3 0 4 5 4 0 5 2 2 2 2 2 1
0 3 4 4 4 0 0 0 5 1 2 2 1 2
0 0 3 5 2 3 1 4 0 2 0 4 4 5
2 2 0 2 0 2 2 4 4 5 4 1 1 2
2 1 0 4 3 4 3 3 2 4 4 5 3 0
4 2 5 2 3 2 4 2 2 2 4 5 3 3
0 2 3 0 0 0 5 1 4 4 0 1 3 5
0 5 5 5 3 4 2 3 2 0 5 0 1 2
2 0 3 1 2 2 5 5 0 2 1 5 1 1
0 3 5 0 0 5 3 3 0 0 1 3 3 0
0 4 2 2 0 0 2 3 4 3 3 2 0 0
5 4 3 4 3 4 0 4 4 3 4 0 5 2
3 2 4 1 3 3 1 5 0 5 4 4 1 3
0 2 3 3 0 1 0 2 3 2 2 3 5 2
5 4 4 1 1 2 0 5 3 1 1 2 5 4
1 5 4 2 1 4 2 3 4 5 0 5 1 4
0 4 0 4 2 1 4 0 2 4 2 5 4 2
5 3 2 1 4 1 3 2 5 4 2 5 3 3
4 1 0 4 4 5 3 4 1 1 5 5 0 1
2 5 2 4 3 4 2 3 1 4 0 0 0 3
3 4 4 0 1 4 2 2 3 3 3 2 4 2
3 0 1 4 3 0 4 4 5 1 5 0 5 5
5 0 1 0 1 4 4 0 3 4 1 3 0 1
5 3 1 1 1 3 3 0 3 0 4 2 2 4
1 1 1 5 4 1 3 0 4 5 1 5 3 1
5 3 3 2 2 3 1 1 2 4 2 0 2 1
2 3 4 2 4 0 5 4 4 4 3 3 2 1
1 0 4 3 1 4 0 1 2 4 2 5 5 5
0 2 2 1 2 0 2 5 5 0 1 3 1 1
0 3 2 2 3 5 5 0 3 3 0 3 3 5
2 4 2 4 4 3 3 3 5 1 5 0 2 4
4 5 4 3 1 3 1 2 2 1 4 5 3 1
0 1 3 1 2 2 5 3 5 5 0 3 1 0
3 4 5 2 0 4 4 1 4 0 2 2 3 5
2 0 0 3 5 5 5 4 4 2 5 1 1 1
5 4 2 4 1 3 1 2 2 3 1 2 3 3
5 4 1 3 1 4 2 4 4 0 1 2 3 1
3 1 3 3 2 0 1 3 1 4 5 1 3 1
1 5 0 3 4 5 5 3 2 3 4 5 2 1
3 4 3 5 5 4 3 4 4 4 1 5 4 4
0 4 3 5 4 3 0 2 0 5 5 0 0 0
0 2 2 0 4 2 0 4 2 0 0 4 4 1
2 4 4 1 3 5 4 2 4 1 2 5 1 2
3 4 1 3 0 0 3 5 0 1 5 3 1 2
2 1 5 3 2 1 2 3 3 3 5 3 5 3
1 4 2 3 1 2 5 2 4 2 5 5 5 4
5 2 0 2 5 0 2 5 0 4 1 1 1 2
2 5 4 5 3 1 5 3 1 2 5 4 0 3
2 1 4 0 4 5 5 4 4 3 2 2 2 5
0 0 3 5 3 1 5 4 5 0 3 5 2 4
4 0 4 2 1 1 0 1 4 3 2 5 4 0
5 4 1 0 3 5 4 0 3 0 0 3 4 3
1 1 4 2 4 4 3 2 1 1 2 5 0 5
0 2 0 3 2 1 4 3 4 1 0 4 1 0
4 2 4 5 0 1 2 4 1 4 2 5 0 1
4 1 3 1 1 0 1 2 2 3 0 0 3 3
2 2 4 1 4 5 5 4 3 4 5 3 5 5
5 1 3 5 3 4 2 5 0 0 0 5 5 2
5 3 2 2 0 2 4 5 5 5 3 4 4 1
1 0 0 4 4 3 2 0 3 4 3 2 3 0
3 5 1 1 3 1 2 1 2 4 4 3 0 3
2 2 1 0 1 3 5 3 4 3 1 4 0 4
2 2 0 3 3 3 5 0 1 0 0 4 2 1
5 0 0 3 5 3 3 2 2 3 3 5 5 0
3 4 0 2 0 3 1 4 5 5 4 2 4 1
2 4 4 0 5 5 2 2 1 5 1 5 0 1
1 1 0 4 2 1 1 0 4 0 0 2 1 0
5 0 4 4 1 3 2 0 2 3 0 3 4 2
4 4 2 5 3 3 3 3 1 3 5 3 3 5
0 0 3 1 0 2 1 2 2 4 0 3 5 5
1 4 0 1 5 4 3 1 1 5 4 3 1 2
1 4 5 3 4 3 3 3 0 1 3 3 1 0
3 1 1 1 2 0 3 1 0 5 3 4 5 0
4 3 1 2 5 0 0 3 3 5 1 0 2 2
1 2 2 1 1 0 5 4 3 2 0 1 2 0
2 5 3 5 4 3 4 0 5 4 1 2 2 1
0 4 0 1 1 0 0 5 2 2 4 0 4 0
5 0 4 4 0 2 2 1 4 3 3 4 2 3
3 3 4 5 1 1 5 4 3 5 2 4 5 4
1 5 0 0 3 1 0 4 2 4 2 0 0 4
2 0 4 3 0 0 2 0 0 2 3 5 1 4
2 3 5 3 4 4 1 1 4 1 1 4 4 4
4 5 2 1 4 3 4 2 1 4 0 0 0 1
1 5 3 5 4 1 4 0 4 5 1 0 3 1
2 4 2 1 3 0 5 4 1 3 2 1 1 1
1 2 0 5 0 0 4 4 1 1 1 3 2 2
2 4 5 2 2 4 0 2 0 5 5 3 4 2
2 4 0 5 2 0 1 1 4 0 3 0 1 2
2 1 1 1 1 2 0 5 5 5 4 2 2 3
4 1 2 2 2 3 4 1 4 4 5 1 1 4
1 2 0 2 5 5 5 5 2 4 5 0 5 5
3 5 1 4 5 0 4 5 1 4 4 2 0 3
1 0 1 1 5 3 3 4 5 3 2 5 4 0
3 3 3 0 0 2 2 1 0 3 4 0 5 4
1 4 3 5 1 4 5 3 4 3 0 1 4 5
3 3 4 1 0 1 4 4 0 0 0 1 0 4
2 4 2 0 4 3 4 0 3 1 5 3 0 1
2 2 0 1 3 5 0 1 4 3 1 0 5 2
2 5 2 1 2 4 3 3 4 0 5 3 5 4
5 0 4 2 0 3 2 2 1 3 2 5 2 5
1 3 5 0 4 3 5 5 1 2 2 4 1 0
4 5 0 4 2 0 5 5 5 2 3 5 4 4
1 2 1 2 0 5 1 1 0 4 5 4 1 5
2 1 3 4 3 4 0 5 3 4 5 4 1 3
3 0 1 0 1 2 1 5 1 2 2 4 1 0
4 1 5 4 2 1 3 2 4 4 2 0 3 4
3 5 5 5 5 4 3 1 2 0 0 3 0 0
2 3 3 3 3 4 2 5 1 3 0 0 5 5
3 3 2 3 4 1 1 3 4 5 0 1 0 0
2 1 2 4 2 4 0 1 4 4 5 5 2 3
5 5 2 3 2 3 3 1 4 5 5 1 1 4
1 0 4 2 1 3 5 0 0 3 2 2 5 3
2 1 1 4 0 0 4 3 2 2 3 1 2 2
5 5 2 1 2 1 4 4 0 4 1 0 1 4
5 0 0 4 1 3 5 0 1 4 1 3 4 2
4 1 2 2 0 0 4 1 1 1 1 4 2 3
5 3 5 0 4 4 4 3 0 5 2 5 3 2
0 0 2 1 5 2 2 5 5 2 5 5 1 4
5 2 2 3 5 4 5 4 1 2 0 3 3 0
5 0 4 3 5 1 1 5 0 3 3 1 5 1
5 0 3 0 2 4 3 2 5 2 5 3 0 1
0 4 5 0 2 0 1 4 4 4 4 3 2 4
2 1 2 5 1 1 4 0 5 1 4 3 5 2
3 2 2 3 3 3 0 0 1 3 4 5 3 4
5 3 2 4 2 2 1 2 2 0 4 5 2 1
1 1 2 0 2 3 5 3 2 0 2 0 5 0
5 4 4 1 4 0 4 0 0 2 0 1 1 2
2 5 4 1 2 3 1 3 4 5 4 2 5 4
2 4 4 4 3 1 4 0 1 1 3 2 4 5
5 1 5 4 5 5 5 5 3 0 2 5 0 2
5 2 2 1 4 4 1 5 3 0 0 5 1 0
5 1 2 2 1 1 0 3 5 3 4 3 1 0
0 2 3 2 4 1 1 2 0 1 1 2 2 2
1 2 2 5 4 4 5 5 5 4 2 4 0 3
4 4 3 3 4 3 2 0 5 5 0 0 5 2
4 2 4 3 1 0 2 0 1 1 5 2 5 2
4 1 1 4 0 0 4 4 4 1 1 5 1 0
1 5 2 5 4 2 4 2 2 2 0 0 4 1
0 2 1 2 4 0 3 5 2 4 2 5 1 4
5 3 5 3 0 4 2 1 5 3 1 5 2 5
1 3 3 0 4 2 2 2 0 3 0 2 2 5
0 1 0 5 3 2 0 4 1 0 3 0 2 1
2 4 2 0 4 2 1 2 4 2 3 0 4 3
1 0 4 5 2 4 3 1 4 5 0 2 5 0
1 2 2 3 2 3 2 3 4 2 1 2 0 5
3 3 5 2 3 3 5 2 1 5 4 4 3 2
1 4 0 1 1 4 1 4 5 4 4 0 4 3
4 5 0 3 3 3 1 2 2 5 2 3 2 5
5 4 5 1 5 1 1 3 3 2 5 0 2 0
4 3 3 0 4 5 1 3 1 2 0 1 0 3
5 5 1 1 5 1 5 2 1 1 1 4 0 1
2 5 4 4 0 4 2 2 5 2 2 2 1 2
4 4 1 4 0 3 3 2 3 0 4 5 1 5
0 1 1 1 1 1 1 1 1 3 0 5 3 1
2 0 3 3 4 2 1 2 1 2 5 2 0 4
3 0 1 1 3 2 0 3 1 3 4 1 0 5
2 3 3 3 4 5 0 5 2 1 3 2 5 2
4 2 3 0 1 2 5 3 3 0 5 3 1 0
4 3 2 5 0 0 4 1 4 1 4 0 2 2
4 0 5 3 2 2 2 3 4 5 3 0 4 1
1 3 2 3 4 3 5 0 5 3 1 0 2 2
2 3 5 3 4 3 0 1 4 5 0 4 5 2
5 2 0 4 0 4 5 2 1 5 4 2 2 3
2 4 4 3 4 5 4 2 3 5 2 3 1 3
5 4 3 5 4 2 3 4 5 1 3 2 4 3
0 5 2 2 4 1 2 1 4 5 1 0 4 0
3 4 5 5 5 4 1 4 1 1 3 3 0 5
5 1 2 2 1 0 2 5 5 3 5 3 2 4
4 0 1 1 0 5 5 0 4 3 0 3 5 0
0 4 4 2 0 1 2 5 3 2 4 1 2 0
3 3 1 3 2 2 2 5 1 0 1 2 1 1
3 5 0 3 2 5 0 5 0 3 5 5 4 0
3 1 4 4 3 0 5 3 0 1 0 0 2 4
1 4 2 4 4 5 3 0 5 5 4 5 2 3
5 2 5 5 1 0 5 1 1 2 1 1 4 1
1 0 0 3 0 4 4 2 0 3 2 3 2 0
1 3 3 2 4 1 3 2 0 1 2 2 0 2
1 1 3 4 0 3 5 1 1 0 3 5 2 4
0 1 3 3 5 4 5 2 2 0 5 0 2 4
5 2 2 3 1 1 5 5 1 5 3 2 4 3
4 0 1 5 4 5 5 5 0 1 3 0 5 4
3 0 2 0 4 0 5 3 0 3 2 2 2 4
3 1 2 3 4 0 1 3 0 4 2 5 0 5
2 0 1 0 0 3 0 3 3 3 4 2 1 4
2 2 0 0 1 3 3 4 4 3 4 1 5 1
3 3 2 3 4 4 4 0 1 1 4 4 0 1
3 2 3 2 1 0 5 2 4 3 3 3 5 2
2 0 1 1 2 0 4 2 3 3 1 1 3 0
3 3 2 3 2 4 0 1 4 0 2 4 1 3
0 5 4 3 3 0 2 5 3 2 4 0 2 2
5 3 5 4 4 2 1 2 0 3 0 1 4 2
3 1 3 4 2 1 1 1 5 3 0 1 3 5
3 2 4 2 3 3 1 3 2 1 2 1 0 1
2 5 1 5 5 2 1 2 1 1 0 4 2 4
1 4 5 3 2 2 5 4 4 1 3 0 3 2
1 1 4 3 5 1 2 1 3 1 5 3 2 1
4 2 5 2 3 1 2 5 5 3 3 3 1 4
3 4 4 3 1 1 4 3 0 4 1 4 0 5
1 2 0 2 0 3 3 4 5 1 2 0 1 4
2 1 5 2 2 5 1 3 5 5 5 2 5 4
5 5 2 4 4 5 3 3 4 4 0 4 2 0
5 4 4 3 5 0 2 3 2 1 0 1 0 5
2 3 0 2 5 1 0 0 2 5 4 1 2 4
0 2 3 3 5 0 4 0 0 0 3 2 2 5
2 0 4 1 2 4 4 0 0 3 0 4 2 5
1 1 5 2 4 5 0 0 3 5 0 2 5 1
3 0 2 2 4 2 2 2 1 4 1 4 5 5
5 0 2 2 0 4 1 1 0 1 5 5 1 4
0 4 2 4 1 4 4 0 2 2 3 1 3 3
3 0 5 5 0 2 1 3 2 2 3 3 4 0
5 0 2 3 1 4 1 5 1 2 3 1 1 5
5 1 1 0 3 3 4 5 0 2 2 5 3 0
5 1 1 5 3 1 3 1 0 4 3 5 5 3
1 0 3 0 4 0 3 3 4 3 3 5 3 2
4 0 2 0 5 2 3 1 5 3 1 3 3 5
4 0 4 4 4 0 0 0 4 4 0 3 5 3
1 4 3 1 0 3 2 1 3 1 4 0 5 0
5 0 3 3 4 3 0 3 2 0 5 0 0 0
1 4 1 3 5 3 0 4 0 1 1 5 5 1
2 4 4 4 2 3 4 1 2 0 3 0 3 1
4 0 2 3 2 5 4 4 0 2 2 2 5 5
0 5 4 3 5 0 4 3 3 3 4 5 3 2
5 5 3 3 4 4 4 0 0 2 2 5 2 0
4 3 2 3 0 5 1 5 2 5 4 3 2 4
0 3 3 2 5 2 2 3 0 0 2 3 5 5
5 3 4 0 1 3 4 0 3 5 2 5 4 0
4 5 1 4 4 1 1 2 3 1 3 5 2 0
4 3 3 0 0 4 1 1 4 4 3 1 3 2
4 3 1 5 3 1 1 2 4 4 4 5 5 0
1 3 1 2 2 4 4 3 2 0 3 2 3 4
4 4 5 5 5 3 4 0 5 0 2 1 1 5
0 5 3 2 4 3 5 1 5 0 3 3 3 0
2 3 2 3 2 0 1 1 1 2 4 2 1 3
3 0 0 4 2 3 3 2 1 0 4 3 3 1
5 4 2 5 2 2 3 3 4 5 2 5 1 3
0 4 4 3 3 1 5 0 1 2 1 3 1 3
0 4 3 3 3 4 2 4 3 1 4 3 4 3
2 1 2 0 0 5 5 4 4 3 1 0 2 5
2 3 0 4 5 0 3 5 3 2 4 5 5 3
2 5 5 2 2 1 5 1 4 2 2 4 2 4
4 2 5 3 3 3 4 4 3 2 4 2 4 1
1 1 3 2 3 1 4 5 4 3 5 5 0 0
2 3 1 2 3 3 5 2 2 1 3 0 2 2
4 3 3 0 1 2 2 0 2 5 2 5 3 4
0 2 0 5 2 5 5 4 2 0 4 1 4 5
3 5 4 3 2 0 1 2 2 5 3 1 1 3
2 1 3 4 4 2 0 2 1 2 5 1 1 4
2 2 1 3 2 5 1 5 1 3 3 3 4 3
0 3 5 1 2 1 1 5 1 5 1 0 1 4
5 5 3 0 1 5 4 0 3 4 1 3 2 0
0 2 3 4 5 5 0 2 4 1 0 2 4 0
5 5 0 3 5 1 0 2 1 2 4 1 2 0
4 3 5 0 2 0 4 2 4 5 0 1 5 4
3 2 2 0 1 3 3 0 3 2 4 3 1 0
0 4 0 1 5 1 3 4 1 4 4 1 3 1
2 0 5 3 1 3 0 3 4 5 3 4 4 0
5 4 4 4 1 5 0 1 0 0 1 2 2 1
1 2 2 5 1 0 5 0 3 2 2 3 0 0
5 2 2 3 0 0 3 2 5 1 0 0 1 3
2 0 0 1 3 3 1 5 3 5 3 5 2 2
4 1 1 4 0 0 0 1 3 2 5 1 1 1
3 0 2 0 1 5 2 5 2 2 2 4 5 4
5 1 1 5 2 2 0 4 3 3 3 1 1 2
5 0 2 2 2 2 0 1 1 3 0 2 1 4
0 1 5 5 1 1 3 3 1 1 5 0 4 3
0 3 2 0 0 5 1 3 0 1 1 1 0 2
2 3 3 4 0 1 2 5 2 0 1 2 4 3
0 4 4 1 1 1 5 3 4 0 4 2 5 5
3 3 0 1 3 5 0 3 0 3 2 0 2 0
5 5 3 3 1 4 2 1 2 4 1 2 2 3
5 4 3 2 1 3 5 4 3 3 3 5 5 5
2 4 0 4 0 3 4 0 5 0 0 0 2 4
4 3 0 0 2 3 4 3 4 4 4 3 2 3
5 5 4 5 3 3 1 1 0 5 0 0 1 0
4 1 0 2 5 5 2 5 5 2 2 3 0 3
4 4 0 0 0 3 5 5 0 1 2 0 0 4
0 0 0 5 0 1 0 0 5 3 2 5 0 0
4 4 1 5 0 5 4 1 5 3 2 3 3 3
5 5 2 5 2 5 1 0 3 0 0 4 3 1
5 4 1 4 0 3 2 2 0 4 0 2 1 5
2 0 0 3 1 4 1 5 0 1 4 1 2 0
0 0 1 2 2 2 5 3 3 2 0 3 0 5
4 4 1 4 3 5 4 1 3 5 4 2 0 4
2 1 2 4 4 1 1 3 4 5 3 1 0 0
1 5 4 0 4 4 5 4 5 1 5 2 5 0
1 3 1 0 4 1 5 1 3 3 4 5 4 4
0 5 1 5 1 2 2 1 2 4 1 4 1 1
0 1 2 2 0 0 4 4 4 2 3 0 1 4
3 3 5 4 1 1 5 3 1 0 4 2 1 4
2 4 1 4 0 5 3 1 4 3 0 2 2 4
4 3 2 3 2 4 3 4 4 4 2 4 4 4
4 2 5 1 1 4 1 3 4 0 0 3 1 3
2 1 3 3 1 0 3 1 5 2 4 4 5 3
0 5 1 0 2 5 2 0 2 0 1 3 3 5
5 3 4 1 0 0 4 2 2 5 4 2 5 5
1 0 4 5 2 3 1 5 4 0 0 3 5 1
4 5 1 2 5 1 5 2 2 0 5 4 4 1
5 2 4 0 4 3 3 0 5 5 0 1 2 3
3 4 4 0 5 1 2 2 1 0 5 3 2 4
3 3 0 5 1 5 4 2 2 4 2 2 0 4
5 3 3 2 1 1 1 2 3 3 0 5 4 0
5 2 2 0 5 1 4 4 4 2 2 4 0 2
4 3 0 5 5 2 1 3 0 5 3 2 4 3
5 2 0 0 1 2 4 0 5 4 1 1 0 4
3 0 3 0 3 4 5 0 4 0 0 3 4 1
4 5 2 4 5 1 2 4 4 0 5 2 4 4
2 1 0 3 5 3 3 3 1 5 3 2 1 4
5 2 2 0 0 1 3 3 2 4 5 4 4 2
0 2 0 3 3 0 0 5 4 4 0 1 2 2
4 2 5 1 1 5 3 2 3 4 4 1 2 4
5 2 1 2 4 3 0 4 1 2 5 1 5 1
1 3 0 5 5 3 3 3 2 1 1 0 1 1
3 5 4 1 4 3 2 1 1 0 5 3 3 0
4 3 2 0 5 4 2 5 0 3 0 1 5 5
5 0 3 5 4 5 1 2 5 2 0 4 2 5
2 4 4 1 5 1 4 2 1 5 3 4 4 2
3 1 1 2 1 4 0 0 4 0 0 4 2 3
3 5 1 1 4 4 1 3 3 1 5 5 4 1
0 3 5 3 1 2 4 1 5 0 1 4 1 5
1 4 0 0 4 5 2 5 3 4 0 0 5 4
3 0 1 4 3 0 4 3 3 1 5 3 5 0
4 2 2 2 0 2 0 4 0 5 1 0 2 4
1 4 0 4 0 2 3 5 0 4 4 2 1 4
3 0 2 1 3 3 4 0 4 2 4 2 2 2
0 1 5 2 2 5 1 1 3 4 3 3 3 3
4 5 3 0 5 0 4 3 4 1 4 5 5 0
1 1 2 2 4 4 2 5 2 1 0 3 1 0
1 4 4 2 0 5 3 3 1 1 5 4 1 3
1 3 5 5 0 5 3 2 5 2 3 5 4 0
0 0 5 5 0 3 0 5 1 2 3 3 4 5
5 1 2 1 0 1 3 4 5 4 3 1 1 3
1 3 0 4 3 4 2 0 0 1 1 3 3 3
0 0 3 2 1 5 0 1 2 5 4 1 2 2
2 4 1 5 5 1 5 1 2 2 0 4 4 0
1 1 4 4 4 1 3 4 0 0 2 0 3 3
2 4 4 0 5 2 1 2 1 0 5 3 1 0
2 4 2 1 1 5 4 2 1 0 1 4 1 5
0 5 3 3 2 0 4 2 3 5 3 1 0 0
5 2 4 5 4 3 5 4 5 2 1 5 0 4
3 1 5 1 5 2 0 2 3 3 5 5 5 0
3 2 1 4 0 0 3 2 1 0 1 1 3 4
3 0 0 5 5 4 4 4 2 4 0 4 2 0
0 3 3 5 3 1 2 1 3 4 0 3 1 2
5 5 0 5 1 5 5 5 3 2 3 5 1 5
5 4 0 2 5 4 1 4 1 2 5 5 5 3
1 1 4 5 5 3 2 0 1 0 2 0 5 2
1 3 4 1 0 3 1 2 3 4 2 3 4 3
5 4 1 4 1 5 5 4 3 2 3 2 0 2
5 3 1 2 2 0 3 1 5 5 5 4 5 2
2 0 1 1 4 5 0 5 2 2 4 3 0 3
1 2 2 3 0 0 5 2 4 0 2 5 5 5
5 2 5 5 1 0 0 1 5 1 2 1 5 3
0 3 0 1 5 3 2 0 1 1 4 1 3 0
5 0 3 5 2 4 3 5 1 2 5 1 3 2
5 1 1 2 4 2 5 1 3 5 4 5 4 1
0 5 0 2 3 5 5 1 2 1 0 2 0 5
0 1 3 1 3 1 2 0 1 5 1 3 1 4
2 3 1 2 2 1 1 2 5 0 5 5 4 5
0 0 0 0 2 2 5 1 2 1 1 4 2 0
0 3 5 2 2 3 4 2 0 4 4 5 3 5
1 5 2 3 0 3 0 5 2 2 2 0 0 5
4 0 4 4 1 3 0 3 4 3 4 4 4 4
0 5 5 0 2 4 5 3 5 1 0 4 0 4
0 0 4 4 1 5 2 5 0 0 3 5 2 2
4 2 4 5 5 4 5 3 3 3 1 5 4 4
5 2 3 2 1 5 1 5 5 4 4 4 1 3
0 4 0 0 1 1 5 3 1 1 0 3 4 3
0 5 2 5 4 4 3 3 5 4 5 3 1 5
5 3 3 2 0 5 3 5 2 1 4 3 0 5
4 4 4 5 3 0 3 3 3 2 5 1 3 1
4 5 3 1 5 4 4 0 4 0 4 0 3 1
1 5 5 5 0 4 4 4 1 2 4 1 3 1
0 0 1 4 2 4 4 2 3 1 5 4 5 1
3 0 5 2 5 4 0 5 3 3 4 5 3 1
2 3 0 3 4 2 1 3 1 4 2 1 5 0
3 3 4 1 5 0 5 3 0 4 0 4 3 0
5 1 4 4 0 5 2 0 4 2 1 5 4 0
0 3 0 5 4 0 3 1 2 5 3 2 3 5
3 0 3 1 5 3 5 1 5 2 1 2 2 5
4 4 2 1 5 1 5 0 5 3 0 0 4 5
0 3 5 0 1 1 0 1 0 4 4 4 4 5
0 0 1 0 1 4 2 2 5 1 5 5 3 0
1 1 0 1 3 2 0 3 3 4 1 2 5 0
3 2 2 2 5 3 5 3 3 3 4 2 0 1
2 0 2 1 3 3 1 2 2 0 2 2 3 1
3 4 4 3 4 5 4 4 0 5 5 0 3 4
0 0 0 3 4 5 1 5 4 4 3 4 5 1
0 2 4 1 3 3 3 1 1 2 2 4 0 3
1 5 3 0 3 4 5 0 3 5 2 1 5 1
4 2 4 0 0 1 4 4 3 2 0 1 2 2
5 0 1 0 4 5 4 2 5 5 3 4 0 2
5 5 2 0 1 4 5 1 4 1 0 1 2 2
5 0 2 2 4 2 2 3 1 4 1 3 2 3
3 1 5 4 3 2 0 4 3 2 0 2 4 0
3 1 4 5 4 4 4 5 3 1 0 4 2 2
2 0 4 2 4 3 0 5 2 0 1 5 2 2
2 0 0 4 2 3 3 1 2 2 5 3 3 4
1 0 5 2 0 4 0 4 1 5 2 2 5 1
3 2 5 1 3 0 4 0 2 1 4 2 1 1
0 3 5 4 3 0 0 1 0 2 5 0 4 4
4 3 1 4 0 2 4 1 4 1 1 4 0 3
0 3 3 3 1 0 2 1 5 2 4 3 4 5
0 0 1 5 5 5 4 3 5 4 1 0 0 3
2 0 3 2 3 2 3 2 5 0 0 0 4 3
4 0 0 1 2 0 1 3 3 4 1 4 3 1
4 5 2 3 1 2 2 2 4 5 5 4 3 5
1 2 0 0 5 2 0 5 2 3 0 4 4 2
1 2 0 2 5 5 3 5 2 0 1 5 3 3
0 5 5 2 2 5 1 3 4 4 5 0 2 0
0 3 3 2 3 3 5 4 0 3 3 1 4 0
3 3 2 0 5 3 4 0 1 0 5 1 5 2
2 1 2 5 4 0 1 2 1 4 5 1 2 3
4 0 1 5 5 5 1 5 0 3 5 5 0 4
4 4 0 2 2 1 4 0 2 5 5 4 4 1
0 3 5 0 5 3 3 1 2 2 5 4 3 3
2 5 5 1 4 0 5 0 2 4 5 4 5 4
0 3 5 4 3 2 0 2 4 0 5 5 0 1
5 5 4 5 1 5 2 1 4 5 1 1 3 3
4 2 4 5 3 1 5 3 1 2 1 5 1 1
2 3 3 3 2 1 4 4 4 5 3 0 5 5
5 4 2 3 2 4 3 0 1 1 1 1 3 3
4 4 2 5 1 1 4 0 0 0 3 0 4 5
1 3 0 0 2 4 1 1 5 0 5 0 4 4
2 3 2 3 3 3 1 3 3 1 0 1 3 2
0 0 1 2 1 1 1 2 2 4 4 3 1 4
3 1 4 3 3 5 4 0 1 1 3 3 0 0
2 1 5 0 3 1 0 5 1 3 3 4 5 2
3 5 5 2 5 3 2 5 0 4 3 1 3 0
3 4 4 2 1 0 1 5 5 2 0 5 5 3
0 1 2 3 0 0 5 3 2 3 5 5 1 1
3 0 4 5 5 4 4 1 2 2 3 1 0 1
5 5 0 3 4 0 3 3 1 1 3 5 2 5
5 1 5 0 1 5 5 0 3 3 5 3 5 1
3 1 5 2 0 5 4 5 3 2 1 2 1 1
5 2 4 5 3 0 4 5 4 1 3 4 2 0
2 1 1 1 3 3 4 1 0 5 5 2 2 4
2 2 2 4 5 3 1 1 4 1 2 0 4 4
1 3 4 4 4 1 0 1 2 2 0 0 1 5
2 3 5 1 5 0 0 0 2 4 4 1 0 1
0 0 0 1 0 1 5 0 0 0 0 2 3 5
0 2 4 0 4 3 5 0 2 4 2 0 0 1
1 1 3 3 4 5 2 0 5 0 2 3 3 4
4 3 4 0 1 5 2 2 3 4 2 5 1 3
5 4 0 5 0 1 4 2 2 5 1 0 0 5
1 0 0 0 3 0 4 5 1 2 3 2 3 1
1 0 4 3 2 0 4 1 2 2 0 3 1 3
5 3 2 0 2 5 2 3 3 5 4 0 4 0
5 5 5 4 4 5 0 2 4 2 5 5 2 3
0 3 3 0 3 3 3 2 2 0 4 3 2 5
3 5 2 2 1 3 2 2 2 5 1 3 0 5
4 5 0 3 4 4 2 5 3 5 4 0 1 4
4 2 3 1 5 2 1 0 4 5 2 4 2 4
3 0 1 3 3 2 5 2 5 5 0 5 4 2
1 3 4 3 5 3 1 0 1 5 0 2 3 4
0 5 5 3 3 1 5 2 4 3 2 2 1 1
1 1 4 2 2 0 2 0 5 4 2 2 5 4
4 0 1 2 0 4 5 0 3 0 5 0 1 4
5 5 1 2 0 4 3 5 3 0 2 0 3 3
5 5 0 2 5 5 3 2 0 2 4 1 4 4
5 0 5 1 5 2 4 0 4 2 1 4 2 2
0 1 3 0 5 1 0 0 3 4 1 2 3 3
4 0 4 0 3 4 3 4 4 0 1 0 4 3
0 1 2 2 3 4 4 3 0 5 0 1 0 1
4 3 2 2 4 5 5 5 3 3 2 4 0 3
2 4 3 4 4 4 0 0 4 1 2 4 1 3
3 1 1 2 5 1 3 2 3 3 4 0 5 2
3 0 2 1 2 5 0 1 5 4 3 1 2 5
4 5 5 3 4 4 2 3 5 1 3 5 5 3
1 0 2 1 5 5 4 5 1 2 1 2 1 2
4 2 1 3 0 0 5 3 1 1 0 4 2 5
2 0 1 0 4 1 3 2 2 3 1 4 2 5
3 1 4 2 1 5 0 2 4 2 3 2 5 2
4 4 0 0 3 1 2 3 0 3 3 3 0 2
5 3 5 4 5 0 3 2 4 1 0 0 4 1
2 5 3 4 4 2 1 5 1 0 0 4 2 2
1 1 0 0 5 1 0 4 5 4 2 2 4 2
2 3 1 1 4 2 4 4 2 4 4 4 1 3
3 5 2 3 1 2 4 3 5 5 2 0 3 3
1 1 2 0 2 2 3 2 0 3 0 2 1 3
5 5 3 2 3 2 4 1 4 4 5 1 5 3
4 2 2 0 4 2 1 2 1 5 1 0 0 3
2 1 0 5 3 0 5 3 4 1 1 0 2 2
3 4 4 4 0 4 1 3 1 5 2 4 4 5
2 0 1 0 0 5 3 1 1 2 4 5 4 4
5 3 5 0 5 0 3 4 0 1 5 4 3 3
3 0 3 2 3 4 5 1 5 4 5 0 1 3
2 1 5 3 4 0 3 1 3 0 4 0 3 0
5 5 1 4 3 5 0 2 2 5 4 5 0 4
5 0 5 3 0 3 5 1 4 3 5 0 3 5
2 1 5 5 4 3 2 1 0 4 1 2 3 0
5 3 3 0 1 1 2 1 5 4 3 4 4 5
0 3 4 1 3 3 5 0 3 0 1 5 0 1
1 2 1 1 0 3 1 3 0 1 4 3 5 5
1 4 0 5 4 1 2 1 4 0 3 2 4 5
5 0 0 2 1 5 0 1 3 5 0 3 1 1
3 4 3 0 0 2 5 5 0 5 5 1 2 4
3 0 2 5 4 3 4 3 2 4 1 0 5 1
4 2 4 4 5 2 1 3 2 4 2 0 5 4
1 2 0 5 0 4 0 4 3 0 3 1 1 3
4 2 3 2 5 3 2 2 5 2 0 2 0 4
0 0 1 1 5 3 4 5 5 2 4 3 3 3
4 1 4 5 5 3 1 1 2 5 0 3 0 3
2 1 1 2 2 0 1 3 2 4 1 0 4 3
1 3 1 5 2 1 1 0 4 5 5 3 2 5
0 1 2 2 1 2 1 3 1 4 1 3 0 0
2 1 4 5 4 2 5 0 2 0 5 4 5 0
3 5 3 3 5 4 5 2 3 2 0 0 4 3
0 5 4 5 3 0 1 5 2 4 3 5 0 0
5 3 4 3 1 3 3 1 3 4 5 0 3 2
5 4 5 4 2 3 3 4 3 0 3 0 0 5
5 1 3 1 1 1 3 3 0 3 3 5 1 5
1 5 5 5 3 3 5 5 1 3 5 0 3 4
0 0 3 2 5 0 1 1 3 3 3 0 5 2
1 1 1 3 0 4 0 3 0 2 1 1 3 4
0 0 3 4 4 4 2 2 1 1 0 0 4 1
0 0 5 4 3 2 5 4 1 1 5 1 1 4
4 4 5 0 2 0 0 5 3 4 0 0 4 0
2 1 0 4 1 5 3 2 2 0 3 1 2 4
5 3 5 3 3 2 4 2 0 3 4 4 1 2
0 1 5 3 3 3 1 2 4 2 0 5 1 4
4 4 4 1 4 2 1 0 4 0 1 5 3 0
3 5 0 5 3 2 5 0 2 4 1 2 5 1
2 5 5 1 0 4 3 2 5 5 2 0 2 5
1 3 3 0 2 2 1 1 0 5 5 0 5 1
1 0 0 5 1 1 4 2 5 2 4 0 5 3
4 5 3 3 0 1 0 0 0 3 3 4 1 5
5 4 5 4 2 4 1 3 1 4 0 0 3 5
2 1 0 1 3 5 1 2 2 0 4 0 0 3
3 3 4 2 1 2 0 3 5 1 1 2 3 2
0 4 5 4 0 2 4 2 2 0 3 4 2 3
2 3 1 2 3 3 1 0 1 0 5 3 5 5
0 4 1 4 4 0 4 5 3 4 0 1 0 4
4 4 4 1 0 4 0 0 4 5 3 1 4 1
3 1 5 4 0 1 4 4 4 2 0 4 4 4
3 2 4 3 5 1 2 2 4 5 2 4 0 0
4 5 2 4 2 1 4 0 3 2 4 3 0 0
5 2 4 2 0 5 1 0 1 4 1 2 1 5
3 0 0 2 3 5 1 5 4 5 5 1 3 1
1 5 3 1 1 4 3 4 3 5 3 2 4 3
1 5 5 3 1 2 5 3 0 1 1 5 4 0
4 2 4 1 1 2 0 4 3 4 4 4 5 3
3 1 5 2 3 4 4 1 5 3 4 3 2 5
4 0 5 1 3 5 5 3 3 2 3 5 3 3
4 4 5 1 2 2 1 5 2 0 4 2 3 3
5 3 4 2 0 2 0 4 2 3 3 1 1 0
1 2 1 0 0 2 5 4 1 2 1 2 4 3
5 3 2 5 0 1 5 0 0 5 5 1 4 2
1 1 3 3 1 0 5 1 5 1 3 3 5 5
2 5 0 1 4 3 5 2 2 0 0 5 4 2
4 1 3 1 3 0 2 2 4 3 4 4 1 0
2 2 2 2 4 4 1 4 0 4 2 0 4 2
3 5 4 5 3 3 4 1 0 2 4 2 4 2
2 2 3 4 3 3 1 3 4 0 2 3 4 1
2 5 0 0 2 4 5 5 5 3 0 5 5 3
0 4 0 1 3 2 1 4 2 3 0 0 2 2
1 0 5 0 0 2 0 3 1 2 5 4 1 3
3 3 5 5 2 1 2 2 0 4 5 0 3 4
3 4 1 5 5 3 5 1 2 3 3 3 3 2
0 0 5 4 1 3 2 3 0 3 1 2 4 2
3 4 3 4 3 5 2 3 0 3 0 2 4 2
2 2 2 0 2 1 0 4 1 1 5 5 2 0
1 2 4 5 1 4 5 5 2 1 4 1 4 5
0 0 5 2 2 3 1 4 2 0 2 1 0 2
0 1 4 3 5 3 4 3 2 2 1 3 2 0
5 4 2 2 4 2 1 1 4 4 5 4 4 5
1 2 4 4 5 1 2 4 5 0 5 2 2 1
1 2 0 2 3 2 1 0 2 0 4 0 0 2
5 0 2 1 4 3 3 5 1 0 2 5 2 5
1 2 1 0 3 3 3 1 5 4 4 3 1 1
5 2 5 5 0 1 2 1 1 4 5 1 3 0
0 4 5 1 1 3 1 5 5 4 4 2 2 5
5 5 0 2 1 5 0 5 1 5 3 3 2 0
2 0 2 2 2 4 4 2 0 2 4 1 1 5
1 2 5 0 3 4 1 0 1 1 3 0 1 0
1 2 0 4 1 3 0 2 2 5 2 5 3 1
0 5 4 0 2 1 5 2 5 2 2 3 4 4
4 5 4 3 0 5 5 1 1 3 1 3 0 0
2 5 3 0 2 1 3 5 1 4 4 0 4 1
4 4 0 4 2 4 5 5 2 5 1 2 1 1
5 4 1 2 1 0 4 4 5 2 5 2 2 5
5 1 4 4 3 1 0 0 1 1 5 0 3 2
5 0 1 0 1 1 0 2 1 5 5 1 0 4
0 3 4 2 4 1 4 3 4 3 1 3 2 0
1 2 2 2 3 4 4 5 4 0 4 4 4 4
2 4 0 3 2 0 2 4 1 3 3 5 2 4
0 2 1 4 0 1 3 0 3 1 2 5 4 1
1 1 3 1 4 3 0 0 3 3 4 4 1 5
0 4 1 5 2 0 1 1 2 3 5 3 2 2
0 5 4 4 4 2 5 2 2 4 1 2 0 3
3 3 3 0 1 4 2 1 0 5 2 1 2 4
5 1 4 0 3 5 1 2 1 2 2 2 1 5
0 4 4 1 3 5 1 5 5 1 4 5 1 3
0 0 2 5 0 1 3 2 4 1 4 3 2 0
0 5 1 2 4 4 2 3 4 4 1 5 5 4
1 5 2 4 3 1 5 5 0 2 5 4 4 1
5 0 5 0 1 5 3 1 3 3 5 4 3 3
5 0 1 1 1 3 0 0 1 1 0 5 1 1
2 4 4 5 1 5 0 4 1 4 5 3 1 4
0 1 0 3 0 2 3 5 4 5 3 3 5 0
1 5 5 1 5 2 0 0 1 5 4 4 1 4
2 3 3 4 0 3 2 4 5 5 1 0 0 1
0 4 2 2 5 4 1 2 5 2 1 5 5 5
5 2 2 0 3 0 3 0 0 5 4 3 3 5
3 0 2 4 3 0 3 5 3 1 0 3 3 3
1 0 1 0 0 0 0 3 2 1 1 5 0 2
0 2 4 1 1 5 3 5 5 4 5 3 5 3
1 0 5 1 0 3 1 3 0 5 1 0 0 5
1 5 2 3 4 0 3 2 2 1 5 2 2 3
1 5 5 5 0 0 0 5 3 1 0 4 3 1
3 3 0 0 5 0 5 3 4 5 3 1 2 0
1 3 5 3 3 2 2 5 0 5 0 5 5 1
3 5 2 5 3 3 5 4 3 5 2 5 3 1
5 5 4 2 2 0 1 3 2 4 1 2 3 1
5 2 5 4 2 2 2 1 4 4 5 4 0 5
1 5 0 3 3 0 4 4 3 5 1 5 0 2
4 4 4 5 4 5 5 0 5 2 1 1 5 5
3 4 3 0 3 5 1 1 1 1 2 5 5 1
1 1 0 5 1 5 5 5 1 2 2 0 2 4
4 4 1 2 4 0 0 0 1 5 2 3 5 3
1 5 0 0 1 0 1 1 1 2 4 2 1 5
0 0 2 1 4 1 5 3 0 3 5 5 2 2
3 2 0 0 2 2 1 5 4 0 0 4 2 3
2 1 5 4 3 5 0 4 2 0 2 1 2 5
4 2 2 2 3 2 3 2 3 2 5 0 1 5
5 0 0 2 3 5 3 0 4 1 3 2 4 3
1 4 0 3 2 3 5 4 1 1 3 2 4 3
3 4 2 4 0 1 4 0 2 0 1 2 1 2
2 2 4 4 5 5 5 4 5 3 1 4 2 1
0 4 5 3 1 2 2 2 3 3 0 4 5 2
0 5 5 1 1 3 4 4 2 1 5 2 3 3
3 5 5 0 5 5 3 0 2 4 2 2 2 4
3 2 5 4 0 4 2 4 2 4 2 0 0 2
3 2 1 0 3 0 1 1 5 5 3 2 2 4
4 3 4 2 3 0 2 5 5 0 2 2 4 5
3 5 1 1 2 4 5 1 4 4 2 4 5 3
3 1 1 4 3 3 2 4 3 5 0 0 3 5
2 0 3 1 3 1 4 0 0 1 4 2 2 1
3 3 4 5 2 3 0 2 2 5 2 3 5 3
3 1 2 3 1 5 0 3 0 4 0 4 2 0
4 3 4 0 0 4 2 0 3 0 1 3 1 0
3 5 2 4 0 3 2 2 1 0 0 4 2 2
0 1 0 2 3 5 5 0 3 5 3 1 5 5
4 2 4 0 1 5 2 1 1 2 2 5 2 1
0 2 2 3 3 0 4 1 1 3 4 3 4 0
4 0 4 1 0 1 5 5 4 2 0 3 1 1
4 2 0 0 1 1 5 4 1 3 3 5 5 1
0 3 4 5 3 5 5 4 3 1 1 2 2 4
0 5 0 0 1 4 1 5 2 2 0 5 1 2
4 1 5 2 2 2 0 5 2 0 0 0 3 1
3 5 5 2 1 5 5 5 2 4 3 2 1 2
1 1 0 3 3 2 1 4 2 2 3 2 4 1
3 5 5 0 0 5 4 0 5 2 3 4 3 2
0 3 2 5 2 5 1 4 3 1 1 3 4 1
4 4 5 0 5 1 4 5 4 3 3 1 2 1
1 2 1 5 5 5 1 5 2 0 3 0 1 4
0 1 5 5 2 0 0 0 3 2 4 1 4 5
5 1 0 0 3 2 0 3 0 3 0 1 3 3
4 3 3 3 0 2 4 1 5 0 3 5 1 1
0 4 2 4 2 3 4 3 5 3 5 3 2 2
0 3 2 2 0 1 0 1 4 5 1 1 1 5
3 2 4 3 3 2 1 5 4 0 0 3 0 4
1 3 3 4 4 5 0 5 4 0 3 2 4 2
3 1 5 2 1 4 5 3 2 4 0 0 5 5
4 4 0 0 1 0 1 0 3 3 5 5 5 5
1 2 0 1 5 3 5 3 2 0 0 3 2 3
4 0 3 5 2 0 1 1 4 2 2 4 2 1
3 5 2 2 5 4 2 3 1 3 4 0 3 3
2 1 2 5 4 3 4 5 5 1 0 2 1 5
3 3 3 4 2 1 4 4 0 4 4 3 5 1
0 1 4 4 3 1 5 1 2 5 3 3 2 5
3 5 4 2 5 4 3 5 4 4 0 4 3 4
1 0 2 1 0 2 4 2 3 0 3 5 3 5
1 1 2 4 5 1 4 3 2 1 3 3 2 4
1 3 0 5 3 1 3 1 4 2 4 0 2 3
2 3 5 4 1 0 0 3 5 3 1 3 4 1
1 4 5 0 3 5 4 1 0 0 1 0 4 2
0 5 1 1 1 2 1 0 5 0 4 2 0 0
1 3 0 5 2 5 4 0 3 3 1 4 5 3
4 2 2 3 4 2 3 5 0 0 5 1 3 0
5 3 3 2 5 2 2 3 1 4 5 5 3 2
4 4 5 5 0 0 5 5 2 3 0 5 3 3
3 1 0 1 1 3 4 1 3 0 5 5 4 2
2 0 1 3 0 2 2 0 1 4 5 4 4 0
5 4 4 0 2 4 5 4 3 0 2 1 0 2
4 0 0 3 5 5 5 0 1 2 2 1 4 5
0 1 1 1 0 1 3 3 1 2 4 2 1 1
2 3 5 4 1 4 4 5 5 2 2 5 1 4
5 5 5 2 3 4 3 2 4 1 3 4 2 4
1 1 2 0 1 1 5 4 2 0 4 5 4 4
1 2 1 2 5 1 0 5 3 4 5 5 0 5
1 1 0 4 0 5 5 1 1 0 1 5 3 0
2 0 4 2 0 2 5 5 3 4 3 4 5 2
1 2 5 5 0 0 3 4 2 5 0 2 1 3
2 5 2 5 1 3 0 1 3 4 2 0 3 3
0 2 4 3 1 5 2 2 1 0 1 4 0 3
5 1 1 3 3 1 0 1 3 0 5 0 1 1
0 0 4 1 2 0 3 1 3 5 4 1 5 0
4 0 5 5 2 3 2 4 4 5 2 2 2 3
1 4 2 4 3 5 1 1 1 3 1 3 2 2
4 5 2 4 1 3 0 0 5 0 2 0 5 0
3 3 2 2 1 1 5 5 0 3 1 3 4 5
5 4 2 4 5 2 5 4 2 1 5 3 0 2
0 2 4 1 2 1 5 2 2 1 1 2 3 0
1 4 2 2 5 3 3 0 0 3 3 5 3 1
4 5 3 5 0 0 5 0 0 1 5 3 1 3
1 3 1 0 3 0 3 1 2 1 3 1 1 5
5 1 2 2 4 2 2 4 1 2 3 1 0 0
1 4 3 4 0 2 5 2 0 0 3 1 2 4
2 0 2 3 0 0 2 0 1 5 1 1 0 0
2 1 3 2 5 1 4 3 2 2 3 1 3 5
0 5 0 0 4 2 3 0 5 4 4 5 2 0
0 0 1 2 4 4 4 5 4 2 4 1 4 4
5 1 3 3 4 4 1 3 2 1 2 0 1 0
2 5 1 5 0 3 0 4 3 0 2 5 1 0
4 1 0 5 0 2 1 1 1 2 4 3 2 2
4 1 1 0 2 2 5 5 2 3 1 2 1 2
0 5 4 1 5 3 2 0 4 4 0 3 5 0
0 0 4 1 2 0 0 1 5 0 1 1 0 2
3 0 1 1 2 5 4 2 1 4 2 0 0 4
0 1 2 2 1 5 4 1 1 2 4 1 4 2
2 1 3 3 3 1 0 0 4 3 4 1 3 1
1 1 0 5 5 4 2 5 1 3 2 0 0 3
3 1 0 1 3 0 5 2 4 0 3 3 0 0
0 1 2 2 4 0 2 2 1 5 3 2 2 3
4 1 1 2 1 3 5 4 3 0 4 0 5 0
2 1 3 1 0 0 5 3 4 1 4 4 2 4
3 4 1 1 4 4 0 2 2 0 3 2 0 1
5 3 0 3 3 5 3 0 2 4 5 4 2 3
4 5 0 2 5 3 1 2 0 5 4 4 5 3
2 0 0 1 1 3 2 3 1 3 2 5 3 5
2 4 5 3 1 5 3 3 2 1 4 0 1 0
2 0 3 0 5 3 2 2 5 0 4 2 4 3
5 3 4 2 2 0 3 4 3 4 0 3 2 0
0 1 1 2 4 1 3 1 2 1 4 1 0 2
4 1 0 0 1 0 1 4 3 3 3 1 2 3
5 1 4 1 5 1 2 0 0 3 3 3 1 4
0 2 4 1 0 0 0 3 1 1 5 2 1 3
4 0 0 2 0 1 3 5 5 0 3 5 4 5
5 1 2 4 4 3 2 2 4 4 2 3 2 4
5 0 1 4 5 1 5 0 4 2 2 4 0 1
0 2 3 3 5 4 5 5 0 1 5 1 5 5
5 0 1 4 2 3 0 4 4 4 3 5 4 1
0 4 2 3 0 2 4 0 4 0 0 2 1 1
3 3 2 5 4 3 1 4 0 0 1 2 0 3
5 1 2 0 3 0 3 1 4 4 0 3 2 5
3 5 5 4 1 5 0 0 0 4 1 2 2 4
4 3 1 1 0 5 1 5 3 2 2 4 4 5
3 3 4 2 0 0 1 1 4 5 2 0 5 4
5 1 4 2 3 4 1 3 3 1 4 2 5 2
2 4 0 4 1 1 0 3 2 3 3 3 3 4
3 4 0 5 4 2 4 3 4 0 2 3 2 3
1 2 5 3 4 5 5 2 1 3 3 2 0 4
3 3 1 5 5 5 1 4 1 2 5 2 2 5
1 2 3 0 5 4 1 4 2 4 4 0 3 3
2 4 2 3 4 2 0 1 4 2 2 3 4 3
1 1 3 0 1 4 5 4 4 0 1 4 0 5
5 4 5 0 5 1 3 5 1 5 4 3 5 3
5 0 4 1 0 3 1 2 1 5 0 4 1 2
1 1 5 5 5 2 1 3 5 0 3 3 0 5
2 5 4 1 5 5 2 2 2 1 1 0 0 2
0 4 5 1 0 5 2 5 2 3 3 5 5 3
0 2 3 0 3 2 5 3 5 4 3 4 0 5
1 1 4 2 4 2 3 1 5 3 1 1 2 2
1 5 3 1 2 5 3 1 0 4 1 0 5 0
1 1 0 4 0 5 3 1 1 1 0 1 0 3
0 4 1 0 4 5 5 1 3 0 4 4 0 0
4 2 3 4 4 4 3 5 0 0 4 3 3 2
4 1 1 5 1 0 4 2 1 5 2 2 2 1
0 4 2 3 2 4 0 2 1 3 2 5 5 1
2 3 5 3 0 1 1 4 0 5 2 3 4 1
5 0 5 5 0 0 2 0 0 5 0 2 4 3
0 0 5 0 5 4 5 1 2 2 3 2 1 2
0 4 2 4 5 2 2 4 5 3 4 3 2 1
3 0 1 5 0 0 1 5 3 0 3 0 1 3
0 1 3 2 3 3 0 1 4 1 4 5 0 0
4 4 3 0 2 4 3 4 1 3 3 4 4 5
4 4 5 1 5 2 3 1 1 5 5 1 3 4
0 4 1 5 1 3 4 3 1 4 2 4 4 1
5 1 0 5 1 3 2 0 1 3 0 4 5 1
1 0 4 2 2 0 3 4 4 3 1 0 2 5
3 1 5 5 5 5 4 2 2 2 2 4 3 4
4 3 2 4 4 2 0 3 3 5 1 3 5 2
0 3 2 5 3 2 5 3 5 5 2 3 4 2
1 2 0 3 4 5 1 5 0 0 5 2 5 4
0 0 2 5 1 2 1 3 0 5 4 2 3 1
5 2 4 1 0 4 5 3 5 1 5 4 5 0
3 0 1 5 5 3 1 1 4 0 3 0 3 2
2 1 5 1 5 3 0 1 2 5 0 5 4 5
2 5 0 3 3 2 0 0 5 0 5 0 0 3
0 2 1 2 0 3 0 0 5 3 0 2 4 4
0 5 2 3 4 3 2 4 2 5 0 4 2 5
5 2 2 3 1 5 4 1 1 0 5 3 3 3
1 3 2 0 5 5 5 1 3 5 0 3 1 1
1 4 1 2 2 2 0 4 3 5 5 4 2 2
0 5 3 0 4 1 5 1 4 3 4 4 3 2
1 2 0 3 2 1 1 4 4 5 3 1 0 0
3 1 3 5 0 5 0 2 4 4 3 0 2 4
5 2 2 2 4 5 5 1 5 2 4 4 1 2
2 4 1 3 1 2 0 4 4 3 2 5 4 1
3 0 2 5 2 0 1 1 5 3 3 2 1 0
1 0 0 4 4 1 5 5 5 3 5 1 2 3
1 5 3 4 3 1 2 0 2 1 3 1 4 1
1 4 5 5 2 3 5 1 2 5 1 1 4 3
3 2 1 4 0 3 1 0 4 0 3 0 4 1
0 1 4 4 3 4 1 3 4 3 1 3 5 4
0 3 1 2 1 0 0 5 1 5 3 4 5 2
0 1 4 4 3 4 4 5 0 5 2 2 0 4
2 5 0 5 5 4 5 4 0 3 1 3 5 3
5 4 1 0 1 4 5 5 1 2 0 3 2 2
1 3 5 5 4 0 4 1 5 0 3 2 4 0
5 1 5 2 3 1 2 2 1 2 5 5 1 0
2 4 2 1 2 2 0 2 5 0 0 4 1 1
4 4 3 1 3 4 3 0 2 4 2 2 5 1
2 0 0 3 0 3 3 4 1 3 1 0 0 2
0 2 0 3 5 3 4 5 5 5 1 1 4 5
2 2 1 2 2 3 5 5 1 3 1 5 4 4
4 5 3 2 4 1 1 0 5 1 2 4 0 3
4 1 5 4 3 5 2 5 3 5 2 1 5 1
1 5 4 3 1 5 1 5 4 0 2 3 1 1
2 3 0 2 1 2 4 1 3 3 2 3 1 2
5 1 1 1 5 4 1 5 3 5 0 1 2 1
4 0 4 3 5 0 2 3 1 0 5 2 5 0
0 4 4 4 0 4 4 5 2 4 1 4 4 2
1 2 3 2 1 2 0 5 5 4 1 5 4 2
0 4 2 1 0 2 4 0 4 3 0 2 4 2
1 3 2 2 4 4 5 0 4 5 4 1 0 4
4 0 5 5 0 5 5 1 5 2 5 4 1 3
5 0 5 1 2 0 3 4 0 2 3 3 4 2
4 4 3 3 0 4 0 2 2 3 4 5 3 5
1 5 3 5 4 2 0 3 3 4 5 3 5 4
3 4 1 1 0 0 0 1 4 0 0 5 4 0
5 5 5 0 5 0 5 2 5 1 5 1 1 4
4 3 3 1 5 5 4 2 3 1 2 3 2 1
2 3 4 2 5 4 0 5 0 5 0 5 0 0
5 4 3 3 3 2 4 0 3 3 2 5 1 1
5 4 5 0 1 3 5 1 4 1 0 4 4 0
3 0 5 5 4 3 4 1 0 4 0 3 5 4
2 3 4 3 2 0 0 4 4 3 5 2 4 1
2 5 5 0 2 2 2 4 3 5 1 3 0 2
4 2 0 2 2 2 2 2 4 5 4 4 3 3
0 2 4 3 1 1 5 0 2 4 2 4 2 0
3 2 0 0 1 1 1 5 1 2 1 3 0 2
5 3 3 0 4 2 2 3 3 5 0 3 1 1
5 3 4 4 3 1 3 4 2 0 4 5 4 4
2 2 4 0 1 0 1 0 4 1 1 1 0 0
2 0 4 1 2 2 0 4 5 3 4 4 4 4
0 0 4 1 3 2 5 1 3 2 5 3 5 4
2 5 5 0 4 3 0 2 3 3 2 0 2 3
1 4 3 5 1 3 5 5 3 5 1 0 0 5
0 2 3 1 2 2 1 4 2 0 2 5 2 1
2 2 4 2 5 2 3 1 4 3 0 5 5 5
5 2 3 2 3 5 0 3 0 3 3 3 2 0
4 2 3 5 2 2 4 5 2 1 5 1 2 4
2 3 5 4 0 2 2 1 4 5 2 1 1 3
1 5 4 5 5 4 5 4 0 1 0 3 1 3
4 4 5 4 3 4 2 0 0 4 3 0 4 1
1 4 3 3 4 4 3 3 2 3 3 1 4 5
5 4 1 1 2 5 2 1 3 5 1 1 2 5
5 3 3 3 3 4 0 3 4 4 1 5 0 1
1 4 4 4 0 3 4 5 3 1 3 4 3 5
5 2 5 3 3 3 0 5 2 2 2 4 0 5
4 1 5 1 0 3 2 4 4 0 5 3 3 4
4 4 4 1 4 2 4 4 4 4 2 2 2 1
1 0 5 5 1 3 4 1 0 3 5 5 0 2
3 5 3 0 1 4 5 3 3 5 0 2 0 0
2 1 3 2 1 0 3 2 0 0 1 3 2 0
1 0 4 0 4 5 3 3 2 4 1 0 5 5
5 1 5 5 2 0 2 0 5 5 3 3 5 1
3 1 5 0 1 0 1 4 2 1 3 5 0 4
4 4 1 1 2 5 2 1 3 2 0 1 5 1
5 0 4 2 5 1 2 1 2 3 4 2 5 4
2 4 1 3 0 2 4 3 3 2 5 2 2 4
0 2 3 1 5 4 0 4 2 0 5 5 1 0
2 4 3 5 4 0 5 2 5 1 1 3 3 5
0 5 1 3 0 3 0 0 2 2 4 5 1 0
2 4 5 3 5 0 3 0 3 3 5 0 4 4
2 4 1 1 1 1 4 5 1 4 2 5 0 3
1 0 2 0 1 3 4 3 1 0 2 3 1 1
4 5 3 3 4 2 1 1 2 1 3 5 3 4
5 3 4 5 5 0 5 5 0 1 3 4 4 0
4 2 1 2 0 1 3 2 0 2 0 4 0 4
0 5 0 3 5 5 4 1 2 0 1 2 1 3
0 0 2 0 0 1 1 2 2 5 5 5 4 4
3 3 3 2 0 5 5 4 5 4 5 1 5 2
3 2 0 1 1 2 4 4 3 3 3 4 3 4
2 4 1 4 2 5 4 1 2 1 1 1 5 4
3 1 2 0 3 0 2 0 2 3 4 1 3 2
2 2 5 1 2 0 1 1 1 5 2 4 2 0
0 5 2 1 0 3 3 5 2 5 4 0 3 5
2 1 5 2 3 0 2 2 3 5 0 2 5 0
1 1 2 2 0 3 0 5 5 3 0 0 5 4
5 3 1 2 4 3 5 0 4 0 5 3 4 3
3 5 3 4 4 0 3 0 0 5 4 4 1 0
3 1 0 0 1 3 5 1 4 5 4 1 4 1
0 1 4 1 2 5 1 1 3 4 2 4 2 3
5 3 2 5 5 2 2 5 4 1 5 2 5 3
2 5 5 4 5 2 5 1 4 1 4 3 4 0
0 2 2 0 0 2 5 5 2 2 5 0 2 4
1 2 2 5 4 5 4 3 3 3 0 3 4 0
4 5 3 0 2 0 0 5 2 1 2 4 0 1
0 5 4 5 4 0 0 4 2 5 2 2 0 5
3 4 0 5 0 4 5 1 3 1 4 4 0 5
2 2 1 5 1 0 2 1 4 0 0 2 5 2
0 0 1 4 4 0 4 2 5 5 5 2 4 5
0 2 3 0 0 1 2 1 5 2 5 5 4 4
5 2 2 3 0 0 4 3 4 4 3 2 5 0
3 2 4 2 5 2 3 4 3 0 4 0 4 2
1 5 4 0 5 3 1 5 3 4 5 2 1 1
5 4 2 3 5 4 3 5 4 3 3 3 4 5
1 2 1 4 3 4 0 3 3 1 5 4 1 2
4 0 5 4 1 5 3 2 2 2 5 5 4 5
0 1 0 5 3 5 4 1 4 3 0 1 4 0
5 4 5 3 2 2 2 2 5 2 4 3 2 4
2 2 0 2 0 5 0 1 4 0 1 2 2 4
0 1 1 4 5 3 4 5 5 5 5 1 0 5
1 1 1 2 4 2 5 1 4 4 1 0 0 5
2 5 2 1 1 1 3 1 1 3 5 5 3 5
4 4 1 5 1 3 3 5 4 3 5 5 2 4
0 4 2 4 5 3 5 3 2 4 0 2 2 1
5 4 1 0 1 2 1 3 0 4 2 5 2 5
2 5 2 2 5 3 2 1 1 2 1 4 4 5
4 5 4 1 2 0 1 0 5 1 0 2 3 4
2 5 5 1 0 0 2 2 2 3 4 4 2 5
4 1 0 2 3 3 0 0 4 4 2 4 2 0
3 1 3 2 2 4 0 2 1 4 5 1 4 3
1 3 3 1 0 4 3 1 4 2 1 4 0 0
0 3 5 1 0 3 4 4 0 0 5 3 1 2
0 2 3 0 5 5 1 2 4 1 5 5 0 1
3 3 5 0 2 3 3 5 1 4 5 3 1 1
5 3 3 4 3 0 0 3 0 3 1 4 5 3
1 0 2 0 5 4 4 4 2 0 1 1 4 3
4 3 0 3 2 4 4 0 2 4 3 3 3 5
3 4 1 4 5 2 5 3 0 0 3 5 2 0
4 3 1 4 2 5 3 5 5 2 4 2 5 5
5 5 3 3 1 4 3 1 3 5 5 4 1 4
4 1 4 4 3 5 3 0 5 3 5 5 1 0
1 5 4 4 0 5 5 4 1 1 2 4 1 3
0 0 1 0 4 0 5 1 0 3 0 2 3 3
2 0 2 2 3 2 2 0 5 3 4 4 4 2
2 5 0 4 5 0 0 4 2 4 1 1 4 2
3 3 3 5 5 1 0 4 4 4 4 3 5 5
4 4 5 3 4 3 4 5 3 2 3 0 4 3
2 3 1 3 0 1 3 4 0 2 2 3 2 2
2 0 0 0 4 1 0 5 3 1 4 0 4 2
1 2 1 5 3 2 1 2 1 0 5 2 2 5
2 1 3 0 3 5 0 5 2 1 5 3 5 0
5 4 0 5 0 0 4 4 2 2 5 2 3 5
1 0 1 1 0 2 2 3 2 2 0 0 1 1
1 0 5 5 0 5 0 1 1 4 5 1 1 0
5 2 1 1 1 0 5 3 4 3 3 1 4 4
3 0 4 0 2 3 0 4 1 1 5 5 4 2
3 0 5 4 5 4 0 2 3 3 2 2 2 1
4 5 3 0 0 1 1 0 2 5 5 2 2 1
0 3 3 0 1 1 1 1 3 0 0 5 3 3
3 4 0 5 4 0 1 5 3 3 3 0 3 2
2 1 2 5 0 3 3 0 5 5 4 5 4 2
2 5 0 1 1 4 5 2 3 4 5 0 1 3
0 1 5 1 2 1 0 5 1 2 5 4 4 5
1 0 1 1 3 4 1 2 4 5 1 4 1 5
2 0 2 5 0 1 5 1 1 2 1 1 5 4
2 1 5 5 0 4 4 0 1 3 3 5 0 3
1 0 5 2 1 0 2 3 5 2 2 2 1 5
4 4 4 2 3 4 0 2 0 3 1 4 0 2
4 1 3 0 1 0 3 1 1 5 0 2 0 4
4 2 4 1 5 5 0 0 4 2 0 3 0 3
3 0 2 0 3 0 0 5 3 3 5 1 4 4
2 5 1 0 3 2 4 0 1 5 3 2 5 4
0 4 1 2 0 0 5 3 2 0 0 0 2 3
0 4 2 0 3 0 3 3 4 5 0 2 2 4
3 0 1 0 2 3 1 4 4 2 4 4 4 2
0 2 4 1 2 3 4 5 2 2 1 1 3 3
0 2 2 2 3 2 4 1 1 4 5 4 3 5
1 1 1 4 1 2 5 3 3 5 2 1 2 5
1 5 1 0 0 0 2 0 5 0 4 3 4 5
3 3 1 4 0 1 4 5 0 0 1 1 5 4
0 0 2 4 2 0 3 3 5 5 3 4 2 1
5 1 4 0 2 4 5 2 3 1 5 4 3 0
4 3 2 1 1 1 3 4 0 4 0 0 4 1
0 5 2 0 3 3 4 5 0 0 3 2 4 2
0 3 0 2 5 1 3 0 5 5 4 4 1 4
3 2 3 0 0 4 2 5 1 1 0 5 5 4
3 4 3 4 4 2 0 2 0 3 0 5 1 1
3 3 3 1 4 0 0 5 0 3 0 1 0 2
4 5 3 5 3 2 4 4 3 1 5 0 4 0
3 0 3 1 5 0 0 1 3 0 1 2 5 5
4 5 3 0 5 4 4 0 5 0 3 3 1 4
0 4 5 1 5 0 2 4 5 4 3 0 2 4
3 1 2 4 4 4 4 0 1 2 3 2 2 0
5 0 2 0 5 4 4 3 3 0 4 1 4 0
4 1 2 0 2 0 3 3 3 3 3 1 2 0
0 5 5 4 0 4 2 0 2 2 1 2 0 5
1 0 3 5 1 5 3 2 2 0 0 4 5 1
1 4 1 2 0 0 5 0 4 3 2 5 5 0
2 1 0 0 1 2 4 0 5 3 2 0 3 5
5 5 5 3 4 5 5 1 5 1 3 4 0 3
2 2 3 5 3 3 2 4 5 5 0 5 5 2
3 2 1 2 3 1 5 3 4 3 1 3 5 0
4 1 3 5 3 1 1 1 0 0 2 3 3 3
4 3 3 5 4 1 1 3 1 4 3 5 4 4
4 2 3 2 4 1 5 4 5 5 2 2 4 0
0 5 0 4 2 5 2 0 2 3 2 1 4 3
5 0 5 2 1 1 3 3 0 3 3 4 3 1
4 4 4 0 2 2 4 2 4 4 0 2 5 4
5 4 3 4 1 2 4 5 5 4 2 3 0 1
4 5 0 2 5 4 4 5 4 3 1 4 2 5
2 2 0 3 1 5 5 5 1 5 3 2 1 1
0 4 4 2 5 1 2 4 3 2 0 1 1 2
1 3 3 0 2 5 0 0 0 1 3 0 0 1
4 0 2 0 1 1 3 4 4 1 3 3 3 4
5 3 5 5 4 2 5 0 4 5 0 0 5 3
5 1 4 3 2 0 3 1 0 5 3 0 1 0
3 5 3 4 3 2 2 3 2 3 1 4 2 1
4 3 3 3 3 1 5 4 4 0 1 4 3 3
4 5 1 1 1 1 2 5 4 1 2 3 2 4
2 0 3 1 5 1 2 1 4 2 3 1 1 2
3 5 4 0 0 3 3 2 4 0 0 3 3 5
2 5 1 2 0 0 4 3 1 0 0 2 5 2
5 1 2 0 1 1 3 1 0 2 2 0 2 3
1 3 5 3 2 5 4 5 5 2 5 3 2 0
1 1 5 3 1 2 0 3 4 5 0 5 1 5
5 2 0 2 1 2 3 5 3 1 3 0 2 3
2 1 5 0 4 3 5 5 4 4 4 5 5 3
3 5 3 5 4 1 1 4 0 1 3 0 4 4
3 5 4 0 0 0 3 2 4 3 5 5 1 0
4 3 0 3 4 2 1 0 2 2 2 3 0 1
1 5 2 4 0 0 3 1 0 4 4 5 1 0
1 2 4 2 2 5 3 4 2 3 5 1 1 0
2 3 4 2 3 0 1 0 1 1 4 5 2 4
1 1 4 0 5 2 1 1 5 5 3 2 0 0
0 2 0 4 4 3 4 4 5 2 0 0 1 4
2 5 0 5 4 1 0 3 5 5 3 3 5 3
2 2 4 5 0 5 5 5 1 1 3 5 5 2
3 1 0 0 3 3 1 1 5 2 3 2 4 0
1 3 3 1 0 0 4 1 3 2 2 5 3 4
3 2 3 5 0 3 1 0 3 1 1 5 0 1
0 1 4 0 1 4 3 2 3 4 4 1 5 4
5 4 0 1 5 2 3 3 1 2 5 2 2 0
5 3 1 4 1 0 4 2 3 3 0 5 2 0
1 5 2 0 1 2 2 3 5 2 1 2 4 4
4 4 5 1 1 0 3 1 3 3 3 2 2 5
5 4 3 2 1 3 5 3 3 1 3 0 1 4
2 4 5 3 2 4 0 5 5 3 2 3 1 1
3 1 1 1 4 5 4 0 4 4 4 0 2 5
3 5 2 5 4 1 2 5 3 4 3 5 2 2
4 3 3 2 1 0 1 2 4 2 1 5 4 1
1 0 2 2 5 5 3 5 3 0 4 2 5 4
2 1 3 1 4 3 5 0 4 0 4 3 0 5
5 1 1 0 5 5 3 5 0 0 5 1 0 3
0 5 5 0 3 1 5 3 3 3 3 0 5 5
0 1 4 3 3 1 2 2 4 5 4 5 1 3
5 3 1 0 4 1 4 0 2 3 0 4 4 4
3 4 2 5 2 0 3 2 2 1 1 1 5 3
2 1 1 1 5 4 3 5 5 5 2 2 0 2
4 1 0 0 2 2 5 1 5 2 2 0 1 1
1 0 4 2 1 2 2 5 1 5 1 5 4 4
0 5 2 3 3 2 0 3 1 0 0 0 4 3
0 5 4 2 2 0 2 5 1 5 0 5 2 1
4 2 1 0 5 1 0 0 4 4 5 3 0 4
0 5 0 2 5 2 5 4 2 4 0 1 0 5
5 4 2 2 0 1 0 0 0 1 4 4 4 2
3 0 5 2 5 1 5 1 2 1 5 2 0 0
1 1 3 4 5 4 1 5 5 3 5 0 3 3
0 5 4 1 3 1 2 1 1 4 1 1 3 2
2 2 0 3 5 5 1 0 3 5 0 5 4 1
4 2 1 0 5 3 3 1 3 1 1 3 1 5
1 5 0 5 2 3 0 3 2 0 5 0 1 4
1 5 1 5 3 3 4 5 2 1 0 1 1 4
0 5 1 2 0 0 2 2 4 4 1 1 5 3
0 4 4 4 1 1 5 4 5 4 3 5 1 3
1 3 2 4 0 4 5 5 5 4 5 2 5 2
5 0 2 4 3 3 3 0 0 0 0 4 0 0
1 3 2 4 3 1 2 1 2 4 1 0 3 0
4 1 2 3 2 2 5 5 1 0 3 1 4 5
5 4 5 0 1 1 2 1 0 3 5 0 1 4
2 2 0 5 0 5 2 2 4 1 2 4 5 3
1 4 0 2 0 0 4 4 4 4 0 1 4 0
3 4 1 2 5 0 1 0 4 1 5 1 0 1
0 1 4 5 1 4 0 1 1 0 3 2 5 1
1 2 5 0 3 0 5 4 4 3 1 4 3 4
1 2 3 5 5 2 2 0 5 2 3 3 0 4
4 4 2 2 2 5 1 0 3 4 2 2 0 5
5 1 3 4 4 0 5 0 4 0 0 0 0 1
2 3 5 1 0 4 5 5 0 4 1 1 1 1
5 5 3 3 1 0 0 5 3 2 0 5 4 4
3 1 5 4 0 1 1 4 4 5 1 5 3 0
2 5 0 3 2 2 1 3 3 5 1 3 0 2
5 5 4 4 5 2 5 5 0 2 5 0 2 0
0 2 5 3 3 2 5 2 4 4 4 1 1 1
1 0 1 2 3 3 0 5 1 0 1 5 0 1
4 5 5 5 0 1 1 1 5 1 1 2 3 2
3 0 5 1 5 0 4 0 1 2 2 1 2 3
2 5 3 2 3 3 2 5 5 5 3 3 1 2
2 0 3 2 1 4 2 1 3 4 0 4 3 2
5 3 2 3 2 5 4 1 3 4 4 0 4 2
2 5 4 0 4 2 5 1 5 4 2 2 5 2
2 3 4 5 5 1 0 1 3 1 3 2 1 1
2 3 5 0 5 4 2 0 0 4 4 2 5 0
5 5 3 2 5 2 5 3 3 1 5 0 1 2
0 0 5 5 4 2 3 5 2 1 5 5 4 0
5 5 0 2 1 0 1 2 5 5 0 1 3 1
3 2 3 5 5 4 5 1 1 0 4 2 4 1
0 5 4 1 4 2 4 4 0 0 0 5 0 1
1 2 5 2 0 0 4 5 0 4 3 3 0 3
2 2 0 2 3 4 4 5 5 1 2 3 1 0
2 0 2 1 0 4 1 4 5 3 1 0 4 1
1 1 4 5 0 1 0 2 1 0 5 3 0 3
5 4 0 3 1 3 4 2 5 1 2 2 1 2
4 4 2 2 2 0 1 4 1 0 2 3 2 5
1 0 4 3 5 1 5 2 2 0 0 1 3 5
4 2 5 3 3 0 1 4 0 1 3 0 1 4
0 0 3 4 5 1 5 2 5 3 2 0 2 1
0 5 1 1 2 4 5 4 0 5 4 3 0 1
5 0 4 4 4 5 1 4 0 2 2 2 3 1
5 3 0 4 2 0 0 5 3 2 2 2 5 5
5 2 2 0 1 5 0 4 3 1 4 2 0 0
4 4 1 5 1 2 0 1 2 5 4 0 1 2
3 0 1 3 2 0 2 4 2 3 4 0 0 1
2 5 0 2 1 3 5 3 5 2 3 4 3 5
2 0 4 3 1 0 5 5 5 4 5 4 5 5
3 3 4 1 3 0 0 1 5 2 4 2 5 4
3 5 5 1 2 2 2 4 5 5 1 3 0 0
4 5 0 0 1 3 4 1 2 1 4 2 1 4
2 4 4 1 5 3 0 2 2 5 5 3 1 3
5 4 3 2 1 5 1 5 1 2 5 3 0 0
2 3 5 5 1 4 5 1 1 0 0 5 0 0
0 3 5 0 5 3 2 2 0 0 2 1 0 4
0 3 3 2 1 3 3 5 0 5 4 3 4 0
5 1 5 3 4 3 3 3 4 1 3 4 1 4
2 0 0 0 0 2 1 4 5 4 1 0 0 4
3 5 4 0 1 1 4 3 0 5 5 5 5 4
5 5 3 3 4 1 3 2 5 3 4 4 4 2
5 3 5 4 4 4 2 4 2 2 5 1 2 0
0 0 3 5 0 3 3 5 2 1 0 5 0 2
4 5 5 1 5 5 1 0 0 2 1 4 5 2
0 1 1 2 4 1 4 4 0 2 2 4 5 4
4 4 2 4 2 0 1 5 4 1 2 1 5 1
4 0 0 0 0 4 2 1 4 4 0 0 2 5
3 1 1 1 2 3 2 0 5 4 3 3 0 0
4 0 0 5 0 5 0 2 5 0 5 5 2 1
3 5 4 1 0 0 0 4 3 2 1 4 5 0
0 0 0 5 3 5 3 4 1 0 0 4 3 2
3 4 0 2 3 3 2 3 4 3 3 2 5 2
0 3 2 2 1 1 5 2 0 4 0 0 1 4
4 0 3 5 5 5 1 2 5 4 4 5 4 5
0 1 4 3 1 3 4 3 0 3 5 2 3 3
5 3 5 0 3 1 1 1 5 1 2 3 2 0
3 3 2 2 5 4 4 0 1 0 4 0 0 3
3 1 4 5 3 0 4 2 2 5 2 1 5 2
2 4 0 4 4 5 4 1 3 5 3 0 3 4
2 5 1 1 4 5 1 4 5 4 5 3 2 5
0 5 0 0 4 2 3 2 0 2 5 5 3 1
5 4 5 3 4 2 2 5 0 0 0 4 4 3
4 1 2 1 0 4 2 1 2 2 4 3 3 0
5 1 0 0 3 4 3 5 2 1 1 4 3 2
5 5 2 5 2 1 0 2 0 2 4 5 0 0
5 4 5 1 5 0 3 1 1 4 3 1 1 0
2 1 4 1 1 5 1 2 5 5 0 0 5 1
4 4 0 4 3 0 2 3 2 1 0 2 1 4
4 4 1 5 1 5 3 3 1 0 1 0 5 4
3 1 5 0 4 4 1 5 1 0 1 1 4 3
5 5 5 3 4 5 1 2 5 2 0 5 1 5
5 1 3 2 2 1 4 0 0 5 0 1 0 1
4 5 0 1 5 3 4 5 1 0 2 2 3 4
5 0 1 4 5 0 4 4 5 4 3 0 1 3
0 2 3 1 1 3 4 0 3 2 5 5 2 5
0 3 1 0 2 0 2 1 3 3 0 4 0 3
3 5 0 2 1 5 2 4 3 2 5 0 3 2
4 0 0 2 5 0 0 3 5 2 5 1 5 3
0 5 2 2 5 3 3 1 3 1 2 2 4 0
4 3 4 4 0 1 0 3 1 5 5 2 2 1
3 1 1 0 0 1 2 1 1 5 1 2 4 0
5 4 0 2 5 4 5 3 0 0 1 3 4 0
2 2 3 2 0 2 1 0 0 3 0 2 2 5
4 3 0 3 0 0 5 1 4 3 2 0 5 5
4 3 2 4 2 0 3 5 2 4 1 2 2 5
4 4 4 2 2 4 1 5 0 2 1 1 1 5
4 2 1 2 4 1 2 2 4 5 3 5 3 4
5 0 1 1 0 3 1 2 2 1 2 3 4 5
2 1 1 4 3 4 4 1 0 0 5 3 5 3
1 2 2 1 4 3 4 3 3 2 5 1 4 3
5 2 3 1 0 2 0 1 5 0 0 4 2 0
0 4 4 1 2 5 1 4 5 4 4 4 4 1
5 4 0 4 4 5 3 4 2 4 4 5 5 0
0 5 1 4 3 3 0 1 1 4 4 3 5 0
2 1 2 4 4 1 2 2 3 2 4 5 2 0
0 0 0 4 5 3 2 0 4 4 3 4 1 5
4 5 5 2 3 4 3 1 5 5 4 2 3 5
5 0 0 3 2 4 2 2 0 0 0 5 1 3
3 3 1 1 2 0 1 0 4 2 2 1 3 3
4 4 1 0 3 1 2 4 3 0 0 4 1 2
0 0 0 1 5 2 5 1 1 5 5 2 0 1
1 2 4 5 4 4 0 4 2 1 3 5 1 2
4 0 0 1 5 2 1 4 4 4 2 4 2 0
1 2 3 1 5 1 1 4 5 5 0 4 0 0
0 3 4 3 4 1 3 5 5 4 1 4 4 4
5 4 5 3 0 2 4 2 0 2 0 0 3 4
4 4 0 2 2 2 5 4 3 3 1 3 2 0
5 4 2 0 0 4 2 2 0 0 4 2 2 3
2 0 2 0 3 0 5 2 4 3 4 5 0 5
1 3 4 4 0 2 1 0 3 0 5 4 5 3
5 3 2 4 4 4 3 2 4 5 1 0 5 3
4 1 1 1 4 3 3 3 3 3 3 4 3 2
4 4 0 5 2 3 3 5 3 2 2 1 0 5
5 2 0 0 3 2 0 4 4 3 0 5 4 5
0 0 4 1 0 5 2 2 2 3 5 4 0 1
3 1 1 3 3 1 3 2 0 2 1 1 2 2
5 2 2 1 0 3 5 2 4 3 2 1 3 2
5 1 1 1 1 0 4 0 2 4 0 1 2 1
5 0 0 4 5 5 5 3 3 1 0 3 1 3
1 2 3 1 1 2 1 4 1 5 4 5 1 4
3 3 0 3 3 1 2 5 0 1 0 1 2 2
5 4 5 2 2 2 2 2 4 5 2 5 4 5
3 4 0 3 1 2 5 5 1 2 4 3 3 3
5 5 3 4 2 0 3 2 1 2 5 1 5 0
5 5 4 2 1 4 2 4 5 2 1 0 1 1
5 5 2 0 0 2 3 5 2 3 2 0 3 4
5 1 0 2 3 3 5 1 2 5 0 5 4 2
4 1 0 0 4 2 0 1 4 2 4 5 0 5
5 5 5 2 4 4 2 0 0 3 5 5 0 3
1 0 3 1 4 0 5 0 1 2 5 1 2 5
2 3 0 5 2 4 5 2 2 4 4 0 4 3
5 1 3 4 0 1 4 4 1 0 1 5 1 0
3 3 0 5 1 2 4 1 3 5 1 3 5 5
3 4 4 2 2 1 4 2 4 2 0 0 5 4
4 5 1 3 0 1 3 5 4 5 5 4 2 0
1 3 5 2 1 5 4 2 2 1 0 4 2 0
1 3 4 1 2 3 3 2 3 0 2 4 0 3
5 0 3 3 1 2 5 0 5 1 5 3 5 3
0 3 5 2 5 0 4 2 3 0 5 0 5 1
2 5 2 1 1 5 1 0 0 3 1 5 2 4
1 4 1 0 4 1 5 1 3 1 1 4 2 0
1 2 2 0 4 4 5 4 4 3 3 5 4 4
5 3 0 3 4 1 3 2 1 3 5 1 0 0
3 2 2 5 2 2 0 0 0 0 2 2 1 0
4 5 0 0 0 3 1 3 2 4 2 0 5 0
2 1 3 1 2 1 2 1 0 0 3 4 3 3
0 4 0 4 2 0 2 5 1 4 0 1 2 4
1 4 1 3 4 5 1 4 5 1 5 2 2 5
4 4 2 5 2 0 2 0 2 0 4 0 1 1
5 4 1 0 5 5 3 3 2 0 3 5 0 3
5 5 1 4 5 5 4 0 1 0 2 4 2 3
5 0 3 1 5 4 5 1 3 3 1 0 4 1
0 2 2 3 3 3 4 1 0 3 0 1 0 0
4 0 3 2 0 2 5 2 2 5 1 5 4 5
3 1 4 3 1 1 1 1 2 4 2 1 1 3
1 5 2 4 1 5 0 3 4 3 0 0 1 4
0 1 1 0 1 3 0 2 2 3 2 2 1 5
1 1 2 0 4 3 1 4 2 5 1 3 0 3
1 1 0 4 0 5 4 3 1 1 4 2 2 4
4 2 3 0 0 4 2 5 5 1 3 1 3 2
4 5 0 0 2 1 5 3 4 2 4 1 5 2
3 5 4 4 0 3 1 5 0 0 3 5 1 0
4 4 4 1 0 5 1 2 3 5 2 3 2 5
0 1 3 2 0 2 4 1 2 5 3 0 5 3
1 3 3 4 0 4 4 1 5 2 2 1 4 4
3 5 2 3 0 2 4 2 5 5 3 4 4 5
2 0 2 3 4 4 3 0 5 3 3 0 1 0
0 0 2 4 0 1 3 3 0 1 4 3 0 5
0 3 5 0 0 4 3 3 2 4 3 5 2 0
2 5 5 5 4 0 4 1 1 4 3 2 5 4
2 2 5 5 4 2 4 1 5 2 2 4 3 4
0 1 2 0 0 2 5 3 0 0 2 0 4 1
3 2 5 4 1 0 5 1 5 3 4 3 1 1
1 3 4 0 5 2 0 5 5 5 0 0 2 5
5 0 1 3 4 0 3 1 3 1 3 1 4 4
3 1 1 2 5 5 4 0 5 0 2 2 5 2
1 1 4 2 2 2 1 3 4 3 1 2 0 2
3 1 3 2 0 5 4 4 5 3 5 3 3 0
3 1 0 1 5 4 4 5 0 0 0 3 2 5
3 5 3 2 1 1 3 3 4 3 5 1 5 3
1 5 3 3 4 4 5 3 5 1 2 1 2 5
4 5 5 4 1 1 4 0 0 4 3 3 1 3
0 5 4 3 4 3 2 1 0 2 4 4 0 4
3 2 2 1 1 4 1 2 2 4 1 3 1 3
0 3 5 5 5 4 5 2 4 1 0 1 5 3
1 1 2 1 0 3 3 2 3 1 3 1 3 1
4 5 0 0 3 5 0 2 3 5 2 1 0 2
5 5 0 0 4 4 2 5 4 2 0 2 4 5
4 0 2 0 4 1 4 5 5 0 2 3 4 2
5 3 5 2 1 0 0 0 2 1 5 2 5 5
3 1 5 5 2 0 3 4 4 5 4 0 0 5
3 4 4 4 3 5 2 1 4 2 2 3 5 5
3 3 1 3 1 2 5 3 4 1 3 5 4 2
3 3 2 5 1 4 3 4 0 5 5 3 4 3
5 1 1 0 5 5 1 4 1 2 0 4 1 2
4 3 3 1 3 3 0 0 4 5 3 3 2 5
3 4 3 4 1 0 1 4 5 5 5 2 2 3
4 5 0 0 4 2 2 2 2 5 4 3 1 5
2 2 1 0 3 4 1 4 3 4 1 5 4 2
4 1 4 2 4 3 2 2 5 0 5 2 3 2
2 3 1 4 1 5 2 1 5 5 2 4 1 0
0 2 5 2 0 1 0 2 2 2 0 0 2 0
4 0 4 4 1 1 1 1 2 3 2 4 2 1
4 5 2 3 2 4 1 4 2 4 2 1 1 3
4 1 3 0 3 3 1 0 1 3 3 5 2 3
1 5 1 1 4 3 5 5 1 2 1 0 3 4
2 3 4 2 4 5 4 5 4 2 1 5 2 3
1 5 2 3 2 4 5 5 2 3 3 2 5 3
3 5 2 2 4 2 3 5 1 0 4 1 1 4
3 5 2 0 3 1 2 5 1 3 2 3 5 2
0 5 0 0 4 3 4 0 1 3 5 0 2 2
5 4 2 4 1 2 3 3 1 0 5 0 1 2
2 5 2 0 1 0 1 2 3 1 0 3 4 4
2 5 3 2 0 3 0 5 2 5 2 1 0 5
0 5 5 1 4 5 1 0 3 0 3 0 5 0
0 4 1 4 1 2 2 5 3 3 4 0 4 2
4 5 3 5 5 2 5 0 3 4 1 3 5 3
3 4 1 0 2 0 0 2 3 5 0 5 0 1
0 0 3 1 3 1 5 5 5 3 2 0 1 2
4 3 0 2 1 4 4 3 3 2 5 4 2 4
3 4 5 2 0 2 0 1 5 3 3 4 4 3
2 4 5 1 2 4 4 0 0 1 4 5 5 1
2 5 0 3 1 2 4 0 4 0 2 2 2 1
0 1 5 1 2 1 2 0 4 3 0 3 1 4
3 0 2 0 5 4 4 5 3 0 3 5 3 4
0 4 1 2 0 5 1 5 4 3 5 5 2 2
2 1 5 2 0 5 4 5 2 3 3 4 4 5
1 0 3 1 0 0 1 0 2 0 1 1 4 1
2 4 1 2 5 5 5 3 3 3 0 5 2 4
5 3 3 5 5 5 4 5 2 1 1 5 2 0
3 1 3 5 5 3 1 2 5 1 0 5 2 4
1 0 5 2 2 5 2 5 4 2 5 3 3 5
4 1 0 1 0 3 0 2 4 5 0 0 0 1
1 0 4 3 2 3 3 3 2 0 5 3 0 4
5 5 2 2 1 5 5 0 5 5 4 1 2 2
1 5 2 0 0 5 4 2 1 2 1 4 2 0
0 0 4 3 4 4 2 4 1 4 0 2 3 2
1 4 1 4 4 0 4 5 1 3 5 3 3 1
3 0 1 1 5 5 2 1 1 3 4 2 4 4
5 3 4 5 1 0 3 0 4 5 4 2 3 5
3 5 4 3 3 4 5 3 2 3 3 4 3 4
3 3 5 1 4 3 3 3 0 0 5 3 0 1
2 3 2 5 3 0 4 2 5 4 1 4 4 2
2 0 4 1 2 3 0 5 0 0 4 3 4 3
3 4 4 1 2 3 2 5 0 5 2 3 1 0
1 4 3 0 3 3 2 2 5 4 0 0 1 1
0 0 0 5 0 2 5 1 5 5 3 3 1 4
1 1 1 0 0 2 5 1 5 5 4 1 3 4
1 0 2 4 3 2 2 3 5 5 0 1 0 4
5 0 5 4 3 0 0 4 2 1 3 1 3 2
4 4 4 0 0 0 2 1 0 1 0 5 1 0
0 4 2 4 3 1 5 2 4 2 0 4 4 4
1 4 3 4 5 0 1 1 5 5 4 2 5 2
1 0 0 1 3 1 3 5 2 3 0 4 3 3
1 1 2 3 5 1 5 0 1 2 5 2 4 4
2 3 4 3 5 0 4 1 3 2 2 2 4 2
3 5 0 4 1 4 3 1 5 1 1 1 3 4
4 4 4 4 5 4 1 0 4 1 4 2 3 3
1 1 3 0 4 4 0 0 5 4 3 5 5 3
0 4 0 1 1 0 1 0 3 5 3 3 5 0
4 4 4 4 4 1 3 0 0 1 1 5 3 0
3 4 4 2 4 0 1 5 3 5 2 1 4 5
4 2 5 4 0 3 5 1 2 4 5 0 1 5
2 2 3 5 2 3 4 4 5 0 0 4 4 3
2 3 2 3 2 1 1 5 0 1 4 4 3 4
5 4 3 5 1 5 4 0 5 4 1 2 3 1
4 2 4 3 0 2 2 3 2 3 2 4 0 1
3 5 2 1 2 0 2 2 1 5 4 5 0 1
2 5 2 4 0 5 0 4 4 1 1 4 1 0
0 5 1 4 0 4 0 0 5 1 5 3 1 4
3 5 2 3 5 2 3 5 1 3 1 0 2 0
1 0 2 3 3 0 1 0 5 1 2 5 0 0
3 0 3 3 0 1 5 5 3 1 3 1 4 1
2 2 5 3 1 1 2 3 5 4 1 5 4 2
4 2 2 2 3 5 2 0 3 3 1 5 2 3
2 0 4 5 5 5 3 1 0 5 3 5 0 1
5 1 1 3 1 5 3 1 2 2 0 3 4 5
0 5 1 5 0 3 0 4 0 1 1 4 1 0
0 2 1 1 0 5 2 1 4 3 1 3 0 2
3 3 3 5 2 1 5 4 5 2 1 4 0 4
0 0 4 5 1 2 3 4 3 4 3 3 0 1
3 2 5 0 4 5 1 1 4 1 2 2 3 5
0 5 2 0 3 4 3 5 0 2 5 4 1 0
0 0 0 1 3 5 0 2 4 5 0 2 2 2
4 3 4 5 4 0 4 3 5 4 3 5 1 1
1 1 5 0 1 1 4 2 2 4 1 2 1 5
5 5 5 4 4 1 4 0 5 0 2 5 4 1
4 4 5 5 4 3 2 3 3 4 4 4 1 5
5 2 1 2 0 2 1 2 4 5 2 2 5 2
4 1 2 4 2 0 1 1 1 0 2 1 1 1
4 4 1 4 4 3 2 4 1 0 0 2 0 1
1 4 1 5 4 4 1 4 3 3 1 2 0 2
2 5 2 0 1 4 0 1 0 5 3 4 5 5
0 4 3 2 1 2 3 2 5 2 0 2 3 4
3 0 1 1 3 4 1 0 4 4 5 1 1 5
0 3 4 1 4 4 2 4 0 4 1 3 4 2
0 4 5 0 0 1 5 4 0 0 3 3 4 2
3 0 5 0 4 4 3 3 1 0 0 3 3 2
4 0 1 3 0 5 1 3 0 1 2 3 1 1
2 4 2 5 5 1 3 1 5 3 5 3 2 5
3 0 3 5 2 1 5 4 5 3 5 0 3 1
4 4 0 4 4 5 0 2 5 0 1 0 4 4
4 3 5 3 0 0 1 5 2 2 0 3 1 5
4 0 1 0 4 2 4 4 5 2 5 0 4 0
0 3 1 4 1 5 1 0 3 3 3 3 5 5
0 1 5 1 0 4 4 1 0 2 2 1 0 0
3 5 1 4 2 4 4 0 3 1 1 2 1 5
0 3 2 0 5 2 5 4 5 2 1 2 0 0
0 1 1 5 0 2 5 5 0 4 4 5 2 2
4 1 4 4 1 5 3 4 2 1 4 0 2 2
1 3 4 1 2 0 4 0 1 2 5 4 1 4
5 1 3 5 0 2 2 0 1 1 5 3 2 1
1 4 3 0 4 4 1 4 0 3 4 3 5 5
1 5 1 0 3 4 4 4 0 4 4 0 5 3
2 2 4 0 1 0 2 2 0 5 2 1 3 2
3 5 1 0 1 2 4 4 3 3 2 2 0 3
0 4 4 1 5 5 0 3 4 1 4 0 0 1
1 5 5 3 4 0 4 4 0 3 0 3 0 0
5 3 5 3 0 2 3 5 5 1 2 0 1 1
2 5 4 0 2 0 3 0 4 1 2 3 2 5
4 0 3 1 5 5 2 1 4 2 4 3 2 0
2 2 4 5 4 2 2 4 0 1 2 1 2 2
5 2 1 0 3 2 0 0 4 1 1 4 0 3
2 4 1 1 2 3 2 0 4 2 4 1 2 1
0 5 5 0 5 3 3 3 5 5 5 2 5 1
1 0 5 1 1 2 3 4 4 1 0 0 0 0
1 5 3 1 0 0 1 1 5 4 4 1 5 2
0 1 1 4 1 2 1 4 3 2 3 4 4 3
2 4 4 0 4 1 4 2 5 3 2 2 3 5
2 5 4 3 3 0 4 3 2 0 5 2 4 4
2 0 1 4 4 1 1 1 2 3 3 5 0 4
3 0 0 3 5 5 5 5 4 2 5 3 4 0
2 0 3 0 2 3 4 0 4 0 3 2 1 0
5 5 2 5 0 0 3 1 2 1 4 1 1 5
0 0 3 4 4 5 5 1 2 5 5 0 4 0
1 5 0 4 3 5 5 2 3 4 3 1 0 5
2 1 5 2 0 1 3 3 5 4 4 2 1 5
3 5 4 5 3 3 4 1 0 0 0 1 0 4
4 5 1 4 4 3 5 5 0 5 2 0 3 0
2 3 0 2 5 5 4 1 1 0 4 2 5 5
0 0 2 2 2 4 0 3 5 1 3 2 0 3
1 1 4 2 1 3 5 0 3 1 2 3 0 2
1 1 2 2 0 0 0 0 2 3 0 2 2 1
5 0 1 2 3 4 3 5 2 3 5 5 0 5
5 4 2 0 3 4 5 1 4 5 0 5 3 2
3 1 2 1 3 5 2 3 5 5 2 2 1 3
3 3 1 1 5 5 4 3 3 1 2 3 1 2
0 2 0 3 3 4 4 2 3 4 1 0 0 3
3 3 1 0 1 3 5 3 2 5 5 2 0 2
1 4 0 5 3 2 2 1 3 3 4 3 5 0
4 5 2 3 0 3 2 4 3 0 5 3 1 1
4 5 2 2 0 2 0 3 1 2 1 0 5 3
2 5 0 0 3 2 4 5 5 0 5 0 0 2
0 4 2 0 1 1 3 3 5 4 5 5 1 1
4 0 2 0 5 2 5 5 1 3 2 1 4 3
2 2 1 5 1 1 2 5 2 0 3 1 1 4
3 4 5 0 0 0 3 1 3 3 2 2 0 0
0 5 2 3 2 1 3 0 3 4 3 2 5 2
0 2 1 3 5 5 2 2 4 4 1 0 2 1
3 4 2 0 3 0 5 0 4 1 1 4 3 5
5 0 4 3 2 5 0 5 5 2 3 0 1 1
1 0 0 5 3 1 4 5 4 2 3 5 2 2
0 1 1 1 3 3 2 2 4 5 3 5 4 2
4 3 0 2 4 1 0 4 5 3 1 4 3 3
4 0 3 1 4 0 0 5 0 0 4 2 4 2
1 5 2 1 4 2 0 1 5 0 0 4 4 5
1 1 1 2 5 1 1 5 4 4 0 0 1 0
0 1 0 5 3 5 2 0 5 3 3 5 2 5
4 1 1 5 2 4 2 3 5 5 0 5 2 3
2 0 3 1 3 5 2 4 3 1 1 2 5 3
3 3 2 0 0 4 2 3 2 2 3 5 5 4
0 4 5 1 5 3 5 0 3 3 2 3 4 4
4 3 4 0 2 3 1 2 1 5 3 5 5 2
2 0 0 2 0 5 0 2 1 5 4 5 4 4
2 2 5 5 3 1 3 2 4 3 5 3 0 3
5 4 3 4 4 3 1 5 2 0 4 0 5 0
2 3 1 0 3 4 3 4 1 4 5 1 4 4
2 5 3 1 5 2 5 2 3 4 3 4 3 5
5 0 1 2 2 4 2 1 0 3 4 0 1 0
1 4 1 2 3 1 3 3 4 4 4 2 3 4
1 1 0 5 1 4 0 0 5 0 5 4 1 5
1 4 5 0 5 2 3 4 3 5 4 4 4 1
4 0 0 1 1 3 3 1 5 0 2 2 5 5
3 4 1 3 3 4 4 4 1 5 2 2 4 5
1 2 2 5 5 4 0 0 2 4 2 0 4 5
2 3 0 2 5 4 1 0 0 3 5 1 1 2
3 5 2 5 1 5 1 0 1 3 5 0 5 5
2 2 3 2 5 1 1 4 3 4 3 2 1 0
5 3 1 5 2 0 1 2 0 1 2 1 4 0
5 0 3 1 1 2 5 2 5 2 2 0 0 4
3 0 5 5 3 4 1 2 2 3 5 2 1 4
2 1 5 3 3 0 3 1 4 2 0 4 1 3
0 4 0 3 3 2 4 3 2 5 5 0 4 1
2 2 5 2 3 0 3 3 4 3 1 0 4 4
5 2 1 1 5 1 0 3 4 4 1 5 2 4
0 1 5 4 2 3 4 1 0 3 2 2 2 0
5 3 4 1 1 2 4 1 1 1 1 1 5 4
2 2 1 0 0 3 3 5 4 5 3 1 1 2
1 4 3 5 0 0 1 0 4 1 4 0 0 0
0 5 1 5 3 3 0 1 1 2 1 5 1 2
4 0 0 0 4 4 5 2 0 2 4 0 1 4
0 5 1 4 2 0 4 0 0 0 2 3 1 3
2 2 5 2 1 3 5 5 4 1 3 2 5 1
5 3 4 3 2 5 2 3 0 0 2 4 4 5
3 3 4 4 2 4 2 1 3 4 0 2 0 4
5 4 0 3 0 3 4 5 2 2 3 2 4 1
1 4 3 5 2 2 2 1 5 1 3 1 2 1
0 3 1 3 0 4 2 3 2 4 3 2 3 2
1 1 4 4 2 2 5 5 0 5 3 3 0 5
1 4 1 1 0 2 2 4 2 0 5 3 5 5
1 1 5 0 1 5 1 0 2 3 3 2 4 3
2 3 1 0 2 2 2 4 2 4 0 3 3 5
4 4 3 4 1 4 0 5 5 4 1 1 1 4
0 0 0 3 2 2 0 3 3 4 2 0 1 3
3 2 3 5 0 0 5 3 3 5 5 4 4 0
2 0 0 2 1 2 0 5 3 1 3 5 2 1
0 2 5 0 3 3 4 0 4 1 0 3 1 3
0 1 4 2 1 0 3 4 0 5 1 2 4 4
0 5 2 3 4 4 2 5 1 1 4 0 2 2
4 4 5 2 3 0 2 3 0 2 2 2 5 3
5 0 0 1 2 4 3 2 3 3 3 1 1 1
5 2 4 1 4 4 5 0 0 5 0 0 0 5
3 2 5 2 1 5 4 2 0 4 4 0 2 0
4 1 3 4 5 2 4 2 0 2 3 4 2 2
3 3 5 3 5 0 4 2 4 1 3 5 1 0
3 5 1 1 0 4 4 2 4 4 3 2 0 5
4 1 0 3 5 4 3 0 2 2 0 1 3 0
1 3 4 1 1 3 4 1 4 2 4 1 3 1
2 4 3 1 4 0 5 4 2 4 1 3 1 2
4 0 0 1 5 3 5 0 1 3 0 3 0 5
4 1 4 5 3 2 2 1 2 0 1 4 2 0
0 3 4 4 4 4 4 2 4 3 3 5 3 4
5 1 3 0 3 0 5 1 1 0 5 0 5 2
5 0 1 3 2 3 2 4 4 5 3 5 1 3
0 4 5 3 0 0 1 5 0 2 4 5 2 4
3 4 0 2 0 0 1 5 1 4 2 0 2 1
4 1 5 4 1 3 2 0 4 1 2 1 0 2
4 1 4 0 0 2 5 5 3 5 4 2 1 2
1 4 0 3 5 0 5 1 5 2 3 1 2 2
4 5 0 0 3 4 4 4 4 2 2 4 3 3
5 3 4 2 3 2 1 0 1 1 1 3 0 2
2 5 2 3 0 3 2 4 4 1 1 3 5 2
4 1 5 0 1 0 2 0 5 3 3 1 2 5
2 0 5 4 0 3 0 4 3 0 3 1 1 5
2 2 4 5 5 5 0 2 3 1 0 0 4 3
4 3 5 1 5 4 4 3 1 1 0 0 3 5
2 0 5 4 1 4 2 3 3 0 4 0 5 1
2 0 0 3 4 3 0 2 5 3 0 1 3 0
0 5 0 5 4 5 3 3 0 3 3 1 5 0
5 2 5 0 1 1 0 0 0 4 1 3 4 4
0 1 4 1 0 2 0 2 1 4 0 1 0 5
1 2 5 0 2 2 5 5 5 3 4 4 5 5
0 3 0 2 5 5 1 3 5 3 1 3 1 1
1 3 5 5 3 3 1 0 0 5 5 3 0 2
5 4 2 5 3 4 3 5 0 1 4 3 3 2
0 4 3 0 2 4 1 2 1 1 2 2 4 2
4 2 0 4 3 1 0 3 0 5 4 3 5 1
4 3 4 0 3 4 3 1 5 2 5 1 3 3
2 0 5 2 2 0 0 5 3 3 1 1 1 0
2 0 4 3 1 3 0 5 4 2 2 4 1 2
3 1 4 4 5 5 2 1 2 2 0 0 2 2
2 1 1 1 1 5 5 2 4 5 0 1 2 4
3 4 2 4 2 5 1 0 5 4 3 4 0 4
2 2 1 5 5 4 3 0 0 0 4 0 2 0
0 1 0 1 1 2 4 4 4 4 5 4 2 5
0 0 3 5 3 2 0 5 2 0 2 1 5 2
5 4 5 3 0 4 3 2 4 0 1 3 1 4
5 4 4 3 0 0 0 0 4 5 2 0 4 2
3 2 4 5 2 2 4 2 5 1 0 5 3 4
2 0 3 4 1 5 3 5 0 0 0 0 2 2
0 2 0 5 5 2 1 3 2 3 3 1 0 5
2 0 2 5 2 1 1 1 0 4 3 1 2 2
4 1 5 0 4 5 4 4 4 1 1 4 1 4
2 2 3 4 1 3 3 5 0 3 2 1 5 0
4 5 1 0 2 1 0 5 5 4 1 0 0 0
4 4 3 5 5 5 4 3 3 0 3 5 2 4
4 2 4 1 2 4 1 4 1 0 3 4 5 3
1 2 0 2 1 4 1 2 1 2 2 1 5 0
3 5 0 4 3 5 3 4 5 2 3 5 0 1
0 0 0 2 3 2 4 5 0 2 5 5 5 5
5 1 2 0 2 5 3 4 5 5 3 3 4 1
2 0 5 0 1 2 0 1 2 4 5 4 3 1
5 0 5 2 3 2 5 1 1 1 1 1 3 0
5 0 0 5 5 0 1 5 1 0 3 3 2 1
3 5 5 2 2 3 4 5 0 5 2 0 5 5
4 3 5 0 2 0 0 4 1 5 5 2 1 3
1 2 1 5 1 5 1 3 3 3 2 2 2 1
2 2 3 1 0 1 2 0 2 2 4 4 0 5
2 5 1 0 5 0 4 3 1 5 1 1 1 3
1 1 2 2 1 5 4 0 3 2 4 4 0 1
5 2 4 5 4 5 0 5 3 2 5 3 1 5
5 4 0 5 2 3 5 2 5 4 1 1 4 1
5 1 5 4 2 5 5 5 3 4 5 1 4 1
0 4 3 3 1 2 2 1 1 4 5 4 5 4
0 2 3 4 1 0 3 2 3 3 1 1 4 5
2 2 3 2 1 5 3 4 1 3 5 4 5 5
1 4 2 2 5 2 2 4 1 4 0 1 2 3
5 2 1 2 2 3 4 1 5 4 3 5 1 1
1 4 3 3 5 0 4 3 2 1 2 1 4 5
0 1 0 0 0 1 2 4 0 2 4 5 0 4
5 1 4 0 4 1 0 2 5 0 2 4 1 5
5 2 0 1 5 4 3 3 1 3 4 1 2 5
1 0 5 0 1 0 2 0 3 2 5 2 1 5
2 5 0 2 2 4 4 1 2 5 2 4 2 0
1 5 1 0 2 3 2 2 0 0 2 5 0 4
2 1 2 0 1 1 0 1 1 3 3 1 0 4
1 3 3 4 2 3 4 0 2 4 2 5 4 4
2 5 5 2 0 5 3 0 3 4 1 1 3 3
5 3 3 1 0 0 2 0 5 0 0 5 0 3
0 1 1 4 4 2 4 0 0 3 4 4 2 0
0 3 4 2 3 1 1 2 0 0 2 4 4 5
3 5 0 2 5 4 5 5 1 3 2 1 0 4
1 4 1 3 1 4 2 3 1 1 4 5 1 5
3 5 5 2 3 5 5 1 4 0 0 5 5 4
0 2 5 5 5 1 0 3 3 2 2 3 0 0
3 0 0 4 5 0 5 3 0 5 2 5 0 2
3 5 3 0 2 2 4 1 3 2 2 3 1 2
2 4 4 0 4 1 5 5 2 4 1 0 1 2
1 3 2 2 0 1 1 4 1 3 2 0 0 5
2 1 0 1 2 0 2 0 4 5 4 3 4 3
2 3 3 1 0 0 4 4 3 0 4 5 1 4
4 0 4 0 3 4 0 3 3 2 3 0 4 1
1 5 1 1 0 1 2 1 1 1 3 3 4 0
2 0 4 0 1 1 1 3 4 3 4 0 5 2
0 5 3 1 4 0 5 3 5 0 1 4 1 2
2 3 2 3 2 4 4 0 3 0 5 0 0 5
3 2 3 2 3 3 1 4 5 0 5 1 0 3
5 4 4 2 0 4 2 5 1 1 4 5 5 0
0 1 4 3 5 5 2 4 2 3 3 0 0 0
2 2 1 1 0 3 5 0 4 5 4 3 2 3
4 3 3 4 4 2 4 0 1 3 4 5 1 0
2 0 5 3 4 5 1 1 2 2 1 3 0 3
0 0 4 3 0 2 1 3 5 5 4 1 5 3
0 5 2 3 5 5 4 0 0 3 0 3 4 2
1 4 2 1 2 4 0 1 3 5 4 2 2 2
5 2 0 3 4 5 3 4 3 1 5 5 2 0
5 3 2 1 2 5 3 0 2 3 1 3 3 0
3 5 0 0 2 1 5 1 5 4 2 3 0 2
5 2 5 5 0 3 4 3 5 3 2 2 5 5
2 5 0 1 1 5 3 1 4 2 2 1 3 3
1 4 4 4 1 5 4 5 2 4 4 5 1 2
4 0 5 2 2 4 1 3 3 0 3 0 5 3
1 0 2 2 5 1 3 1 4 1 2 1 2 5
0 3 4 3 5 4 5 1 1 2 0 0 4 2
3 3 2 4 1 2 0 0 3 2 5 2 2 4
3 1 0 4 0 2 0 2 1 5 1 2 2 3
5 5 3 4 4 4 4 2 0 4 2 1 3 0
5 5 0 3 2 2 4 5 0 3 2 1 1 4
1 3 5 0 5 4 2 4 3 1 1 1 4 4
3 3 1 1 2 4 2 5 3 0 2 0 1 0
3 5 2 1 2 3 0 4 0 4 3 3 0 0
4 1 1 2 5 4 1 1 4 3 1 1 3 1
2 4 3 3 0 5 5 3 5 1 0 2 0 3
1 1 4 0 4 5 2 0 3 2 3 5 2 2
2 4 2 0 2 5 1 5 5 2 4 0 0 1
3 4 5 2 1 4 2 5 5 4 5 2 3 4
4 4 1 4 5 5 3 5 5 3 3 1 4 1
5 3 0 5 4 2 4 4 3 4 0 3 4 3
4 5 5 4 1 3 2 0 0 5 0 1 3 0
5 4 2 4 4 3 5 5 5 2 2 0 2 4
5 4 1 5 4 2 2 2 3 2 5 4 5 3
0 5 4 1 2 4 0 4 5 5 4 0 3 1
0 3 4 5 4 4 1 0 2 5 1 2 1 1
2 4 2 3 5 3 5 0 5 3 0 5 0 0
0 1 3 5 1 5 4 0 0 5 2 1 3 1
4 1 2 0 1 0 3 1 2 4 4 1 5 4
5 5 0 0 3 0 2 2 1 1 5 4 3 5
4 5 1 1 5 4 3 3 3 4 1 2 5 4
2 5 0 4 4 4 4 1 4 5 1 3 3 4
4 1 4 5 0 4 0 3 3 4 5 3 3 3
2 3 5 1 5 0 0 1 2 5 4 5 5 0
5 3 2 0 3 1 0 1 3 3 0 5 0 2
2 3 3 3 1 3 2 5 2 2 3 0 5 5
5 5 4 5 2 4 4 0 0 5 5 2 2 4
5 1 3 1 4 1 5 5 5 4 2 5 5 2
0 0 5 2 1 5 1 5 0 3 5 1 0 0
1 0 5 0 2 5 3 4 3 0 1 1 1 1
4 0 0 1 3 1 3 3 2 1 1 3 5 0
5 1 0 4 5 3 2 4 1 1 0 4 3 0
1 5 1 1 3 3 2 4 4 1 5 2 5 5
5 4 0 3 0 1 3 2 2 5 0 3 1 5
1 3 0 1 0 2 1 4 4 4 1 4 5 4
3 4 1 4 1 3 5 4 3 4 5 4 2 1
3 3 2 2 2 1 2 2 5 2 0 1 5 3
4 0 3 5 3 5 4 1 1 2 5 3 5 0
0 0 2 3 3 4 4 4 4 1 5 4 0 4
4 4 2 5 4 5 3 3 5 5 4 4 5 2
1 3 1 3 0 1 5 1 1 5 5 4 5 3
4 5 1 0 5 4 2 2 0 4 2 0 1 2
0 4 3 3 4 1 3 3 3 1 5 1 4 0
1 0 3 3 0 0 4 5 3 1 4 0 1 5
3 3 3 4 5 1 4 4 0 0 0 1 3 2
0 1 5 0 4 2 5 1 3 1 4 3 4 5
5 1 2 4 0 1 3 0 0 5 5 5 4 1
1 2 2 3 5 3 1 2 3 5 1 5 0 2
5 4 1 2 2 5 0 1 3 1 4 5 2 5
1 2 2 3 0 4 1 1 5 5 2 0 5 1
0 0 3 1 1 3 0 0 2 2 0 4 5 5
2 3 4 0 0 3 1 2 0 0 2 1 5 0
5 1 3 5 4 0 1 5 4 1 1 2 5 5
5 5 5 5 4 4 3 3 4 1 4 2 1 5
1 5 1 3 1 1 4 2 2 3 1 3 4 4
2 5 3 2 0 5 4 3 5 5 4 3 1 3
2 3 0 2 1 0 0 1 5 4 1 5 2 4
4 1 2 4 2 4 0 1 3 1 4 2 4 3
5 2 3 2 2 2 4 5 3 4 5 5 4 4
4 1 2 0 0 5 4 3 2 5 3 5 5 4
2 3 4 2 1 4 0 3 2 3 5 4 0 4
2 1 4 1 1 0 5 5 0 4 0 1 3 4
4 2 2 4 2 2 0 4 1 3 4 2 1 4
3 0 2 3 3 0 2 0 4 2 5 0 0 0
5 3 5 5 3 4 2 1 2 0 2 1 1 2
0 1 3 4 2 3 0 2 4 4 5 3 3 0
0 0 2 0 4 5 4 1 4 4 0 4 2 5
0 3 0 4 2 2 1 3 5 5 1 4 0 3
4 0 2 0 4 0 0 5 2 1 2 1 2 3
5 4 1 5 5 0 0 2 5 5 3 2 4 1
4 2 1 3 1 3 4 0 0 1 2 0 5 0
3 2 5 1 2 3 0 4 4 1 5 5 0 1
5 3 2 5 4 4 2 1 5 0 2 4 3 2
5 2 4 2 1 4 2 5 0 3 3 2 2 0
5 5 0 5 5 2 4 5 4 3 4 1 3 2
5 4 5 4 5 2 4 1 1 1 3 1 4 3
5 3 3 5 3 3 0 0 2 4 5 0 4 0
1 2 5 4 2 2 1 0 0 0 0 1 5 5
3 1 1 2 2 1 0 1 1 0 0 5 5 1
4 1 1 1 1 0 3 0 0 3 3 5 0 0
0 4 4 0 2 4 5 0 4 1 2 5 0 5
1 0 0 1 3 2 0 4 0 2 5 0 4 5
0 4 1 2 3 5 4 1 2 4 2 1 5 2
3 1 1 5 3 3 0 1 5 2 2 5 5 3
2 4 2 0 1 2 1 3 4 2 5 3 3 2
5 1 3 1 0 0 3 4 3 1 1 5 0 3
4 0 5 0 1 4 3 2 4 4 5 3 5 2
4 2 0 3 1 4 0 2 5 2 1 4 5 2
4 3 4 0 3 5 2 0 0 0 5 1 0 5
2 3 4 0 1 5 0 0 1 4 0 0 2 2
2 2 3 4 3 4 5 1 2 0 5 0 3 2
1 2 5 4 0 5 0 5 3 4 0 3 2 4
0 5 0 3 0 5 3 2 5 2 2 0 3 3
4 0 2 2 2 3 0 5 5 1 3 1 0 3
5 0 5 3 1 5 1 4 4 4 2 3 0 3
3 1 5 3 5 5 4 3 5 3 3 3 3 3
0 4 2 1 1 1 3 2 3 0 3 5 3 2
3 3 0 2 0 0 4 5 2 1 4 5 4 4
3 1 5 5 5 1 1 5 5 1 1 4 0 2
0 3 1 3 5 2 3 2 1 3 1 2 2 4
2 1 3 2 2 1 1 0 3 1 0 4 3 4
5 2 3 0 3 4 0 5 2 4 2 1 2 1
0 1 0 4 1 5 5 3 1 1 5 1 4 4
0 0 4 2 3 4 2 2 0 5 1 0 2 0
0 0 4 1 1 3 3 5 3 4 1 4 3 4
3 1 4 3 1 1 2 0 0 0 1 5 3 3
1 3 4 0 5 2 5 4 2 0 1 3 3 2
4 1 0 3 3 0 5 1 1 5 0 2 0 5
1 5 5 4 5 2 2 5 3 2 1 4 5 0
5 2 0 4 4 4 4 1 1 3 5 4 5 3
3 1 2 0 4 3 4 4 3 5 4 5 1 3
3 1 4 4 2 4 1 1 2 2 4 3 0 5
2 4 5 2 2 1 3 4 5 1 3 4 4 5
4 4 1 1 1 3 1 2 0 5 4 4 2 2
3 3 0 1 2 5 4 3 5 3 2 2 2 5
5 4 3 2 1 2 5 4 5 4 4 3 3 1
4 3 1 2 0 0 0 4 5 0 0 0 0 1
0 1 2 1 3 4 3 0 3 1 4 4 3 1
3 0 2 1 2 4 2 3 4 3 4 4 1 2
0 4 4 2 5 3 0 1 2 4 1 4 5 0
2 5 5 3 3 4 2 0 0 5 0 1 3 3
3 0 0 3 1 2 0 3 2 0 1 1 2 1
0 5 2 5 3 3 1 3 0 2 1 2 4 2
0 5 1 4 4 1 0 1 1 0 1 4 0 5
0 3 0 2 1 1 5 5 4 2 0 5 3 0
0 3 5 5 4 0 3 3 5 4 5 3 1 5
5 4 1 3 4 5 1 3 5 0 5 3 5 4
1 2 3 2 3 1 3 1 5 3 2 2 1 5
4 5 2 3 4 2 5 4 4 0 0 3 4 3
5 0 2 4 2 3 0 4 5 5 2 5 4 4
1 4 3 3 1 5 0 0 1 2 1 4 3 1
4 2 5 4 2 4 4 2 5 0 1 3 5 3
5 1 4 0 2 0 4 2 2 1 3 4 4 1
5 3 3 2 4 2 2 1 3 4 0 4 4 5
3 4 0 2 2 2 0 5 3 4 5 3 2 0
3 4 2 5 2 4 4 1 1 1 1 5 0 0
3 0 5 0 3 3 5 2 3 4 0 1 3 1
4 3 0 1 4 5 2 5 0 1 1 4 2 4
5 1 5 5 1 0 4 3 4 4 4 5 0 1
1 3 1 5 5 4 5 0 1 2 3 1 0 0
5 0 2 1 2 0 3 3 5 3 4 5 2 5
5 0 5 1 3 5 5 0 3 1 1 5 5 1
5 1 3 4 3 4 1 0 0 4 0 4 3 0
2 1 2 2 3 5 0 0 2 2 1 5 1 1
5 1 1 5 2 2 1 0 0 3 0 1 5 4
1 4 1 0 0 4 1 2 2 3 0 5 5 0
3 2 1 2 0 0 1 4 4 0 4 0 0 0
1 5 3 1 4 1 0 2 3 3 3 1 3 0
5 3 5 0 2 5 0 3 0 1 3 0 1 0
3 5 5 0 4 1 1 2 4 4 2 2 0 5
1 1 1 0 1 2 2 0 2 3 0 5 2 5
1 0 4 5 1 3 3 4 3 5 5 1 3 3
5 4 4 3 5 1 1 4 2 1 5 3 2 3
3 5 0 2 0 3 5 2 1 5 4 2 2 1
4 1 2 3 5 2 0 4 4 4 5 1 4 1
4 3 0 4 2 5 1 5 5 2 2 0 0 3
4 3 5 2 4 1 0 3 5 3 1 0 2 3
0 5 2 3 0 2 4 4 4 4 1 2 1 3
5 0 1 1 0 1 0 5 5 0 1 4 1 3
1 0 0 4 3 4 4 1 3 5 3 0 0 4
5 2 5 3 2 4 2 1 2 5 4 0 2 5
1 1 0 4 1 0 5 0 5 4 5 1 2 5
2 1 2 0 4 2 5 2 0 0 4 1 2 1
1 3 2 1 0 2 2 1 0 0 2 4 5 5
1 5 0 2 4 2 5 0 0 0 2 3 3 5
4 4 2 2 5 4 1 4 4 1 3 2 2 3
4 1 5 5 4 0 2 1 0 2 1 5 4 4
1 0 0 5 3 0 1 5 0 2 2 1 5 0
0 0 3 0 1 1 1 0 0 2 1 0 0 1
2 1 3 1 2 1 3 2 3 2 4 5 3 2
5 3 2 1 2 1 0 1 0 2 5 4 0 1
0 1 5 1 2 0 3 3 1 4 2 3 0 4
0 3 3 2 2 3 1 0 3 3 0 4 2 3
0 4 5 0 3 3 3 5 0 5 2 0 3 5
5 4 0 0 4 5 3 5 5 5 3 3 0 2
2 0 4 4 0 2 5 3 1 3 2 1 5 5
2 0 0 2 5 3 4 0 2 5 1 2 0 4
2 4 1 4 0 1 0 5 4 3 0 2 2 1
0 0 5 0 0 4 4 0 4 5 3 5 4 5
5 1 5 5 4 5 4 4 3 1 1 1 5 5
5 0 1 3 3 1 2 4 4 1 2 3 1 0
1 4 3 1 2 2 5 5 3 4 1 3 3 0
5 2 2 1 0 3 0 1 1 1 0 5 5 1
2 5 5 4 4 3 4 3 3 0 1 5 4 2
4 2 4 5 4 5 0 5 2 1 4 2 0 5
0 3 2 0 0 3 1 4 3 3 3 0 0 0
1 4 2 2 0 3 4 0 3 4 1 1 0 5
2 3 2 3 4 5 4 3 2 1 1 3 1 3
3 2 2 3 2 1 5 0 1 2 4 3 5 2
1 1 4 4 0 4 4 4 1 2 0 0 5 1
3 0 2 1 3 1 5 2 0 3 5 0 4 2
4 0 0 1 0 1 3 1 5 2 3 0 0 1
3 1 4 0 3 5 1 0 3 4 2 3 3 2
5 2 2 1 3 1 4 2 1 5 5 3 1 0
2 5 2 3 4 5 5 4 0 2 1 0 5 1
2 3 3 2 4 3 3 3 1 0 0 4 3 2
2 4 0 5 3 3 5 2 1 0 2 5 2 0
1 0 4 3 3 5 0 3 2 1 4 4 4 4
4 5 4 4 5 0 2 0 1 2 0 4 1 3
5 5 5 0 2 3 1 4 3 2 5 2 5 0
3 2 2 3 0 2 0 2 3 2 5 2 5 2
5 5 1 5 1 0 0 2 2 3 0 1 5 5
4 0 2 1 4 1 2 1 1 2 4 2 3 4
2 3 5 1 3 1 1 0 1 1 4 4 4 3
3 1 1 2 4 5 0 3 1 3 5 3 5 2
4 0 1 3 3 1 1 5 4 0 2 1 0 3
4 3 4 1 1 0 1 2 3 4 4 3 2 1
1 4 2 5 0 1 0 0 3 2 1 4 1 4
2 4 0 2 1 3 0 0 5 3 4 4 5 2
2 2 4 0 3 1 5 1 1 4 5 4 3 2
2 0 4 5 2 5 0 4 1 5 1 0 5 1
0 3 5 0 5 1 5 2 4 3 1 5 4 1
1 3 1 3 0 2 4 3 1 1 3 4 5 1
4 4 3 1 2 0 1 0 1 2 4 1 2 1
1 5 5 5 1 4 0 0 2 2 0 3 5 1
4 5 1 4 2 0 3 4 5 1 2 5 5 3
4 3 1 5 2 0 2 5 2 3 1 4 0 0
2 1 4 1 4 0 0 4 3 5 5 3 3 0
2 0 2 2 2 4 0 0 1 4 5 2 0 2
1 0 5 3 3 2 2 0 4 5 0 0 5 1
0 0 0 0 1 0 0 3 1 4 5 1 3 3
0 0 3 3 3 3 0 5 2 2 3 2 2 1
2 4 2 1 2 0 0 2 1 3 1 5 2 4
0 3 4 1 2 5 4 0 3 0 1 1 2 0
0 4 1 2 4 0 0 1 1 1 1 4 5 5
5 3 4 3 4 5 3 1 2 0 5 4 0 0
1 4 1 5 5 5 3 2 0 1 5 2 2 4
3 2 3 1 1 2 5 5 2 5 3 0 3 0
5 0 4 3 3 4 1 3 3 5 4 2 5 2
3 0 1 3 0 0 1 0 5 1 1 3 0 2
3 2 4 0 3 1 0 2 2 1 5 0 3 1
3 1 4 2 3 3 0 3 4 0 3 4 3 3
0 1 1 0 0 5 1 4 3 0 2 2 3 2
2 0 3 3 2 4 1 3 1 0 2 4 4 1
4 1 2 4 3 0 1 2 5 0 1 3 0 3
3 0 0 5 5 4 4 4 0 4 1 2 0 3
0 1 4 5 5 3 1 2 0 0 4 5 2 5
2 3 2 2 1 5 3 2 0 4 5 4 4 4
4 0 1 4 0 0 3 5 1 3 0 3 5 0
0 4 2 3 1 4 4 1 5 4 5 2 5 5
5 3 2 1 3 2 4 2 2 2 4 0 4 0
3 2 5 3 0 2 1 4 3 3 1 5 1 1
2 1 0 3 1 3 3 4 1 4 3 3 2 1
3 1 1 1 4 2 4 1 2 1 0 3 1 0
2 2 3 2 2 4 3 1 5 0 5 4 4 5
0 5 4 3 0 0 4 5 3 1 0 0 3 3
5 2 4 5 1 3 4 0 2 1 2 1 1 0
4 0 4 1 2 3 2 1 4 1 1 5 4 0
5 4 2 2 2 1 1 1 1 2 2 0 1 4
3 1 2 1 2 5 5 1 1 5 4 4 1 0
2 0 4 0 5 1 4 3 0 2 3 1 0 5
5 0 3 0 4 3 3 2 3 4 5 2 3 3
4 5 3 1 1 2 1 1 5 3 2 0 0 2
4 1 3 3 4 4 2 2 3 3 2 4 5 3
3 4 4 0 3 1 1 4 4 1 1 0 5 1
1 0 2 2 5 0 2 0 4 5 1 2 5 3
1 1 0 3 2 4 1 5 1 3 1 2 0 4
3 2 1 0 5 5 5 1 4 5 5 1 0 2
4 0 0 4 0 1 1 1 5 5 2 0 1 1
1 2 5 3 0 4 3 1 4 2 1 1 2 4
5 5 5 1 4 5 0 4 5 5 1 3 1 0
0 5 5 2 5 3 4 3 4 1 0 0 2 2
2 1 0 1 5 3 1 3 0 4 3 4 1 4
3 1 0 3 4 3 0 1 3 1 3 1 4 3
2 1 5 2 3 3 3 2 2 1 4 4 5 3
4 2 4 2 2 5 5 4 2 1 1 2 0 2
0 1 4 5 5 3 5 5 2 3 0 0 0 1
5 5 5 5 0 4 2 4 5 0 1 0 0 0
4 2 5 5 5 1 4 4 5 4 2 3 4 0
0 3 2 3 0 1 5 1 0 5 5 4 3 3
5 5 4 5 4 5 3 0 5 4 0 0 4 3
4 1 5 1 5 2 0 5 3 1 2 4 3 5
5 1 5 0 0 2 1 0 0 1 2 4 4 1
1 0 2 0 5 4 4 2 5 1 5 4 4 1
4 2 1 2 2 1 1 0 5 3 2 3 5 3
2 5 1 5 4 1 4 0 3 4 4 3 2 2
0 4 0 1 3 3 1 0 2 3 3 1 5 3
2 0 2 1 4 1 1 0 4 1 1 5 0 2
4 3 2 0 2 3 3 5 1 0 5 0 4 1
0 2 5 2 5 4 0 3 3 5 5 4 3 1
3 5 3 1 2 1 5 0 2 1 1 1 2 4
2 2 1 1 1 1 3 3 5 1 3 2 5 2
4 0 0 3 2 0 1 0 4 4 2 5 2 3
0 2 1 0 2 5 5 0 1 5 0 3 2 1
5 5 1 3 0 4 5 0 2 2 4 5 0 0
4 1 3 4 1 3 3 1 3 5 5 3 0 0
3 1 3 5 3 0 2 5 5 4 2 2 4 2
4 1 5 4 3 3 3 5 2 5 3 0 2 4
0 2 5 4 3 1 1 4 5 3 4 0 2 3
0 2 5 5 2 1 4 4 2 3 5 2 2 5
4 1 3 3 4 3 4 5 4 2 1 5 2 5
1 5 1 0 1 3 3 4 3 0 1 2 4 0
4 0 3 0 3 1 4 1 4 0 5 0 3 4
2 0 4 1 1 2 5 1 0 4 1 1 3 3
4 0 4 2 1 4 5 2 4 4 0 3 0 4
4 5 2 1 5 5 0 3 0 1 5 0 1 2
0 2 2 0 0 1 5 5 0 0 2 4 2 2
0 4 2 0 5 1 0 1 4 1 0 4 1 2
4 1 1 5 5 4 0 4 1 2 3 3 3 2
1 4 4 1 2 3 3 0 2 4 5 2 3 4
2 2 2 0 3 5 5 1 1 2 4 4 3 5
2 2 2 4 1 5 3 2 2 1 1 2 4 3
4 4 2 2 3 2 2 4 0 0 2 1 5 3
2 4 3 3 2 3 4 4 4 1 2 3 0 4
0 2 0 5 1 5 4 0 2 0 4 5 3 4
4 4 3 4 0 1 1 1 0 3 5 1 4 5
1 5 5 0 1 2 0 0 3 1 3 1 0 2
5 5 4 0 2 2 0 4 2 2 5 4 4 2
4 2 5 5 0 0 5 2 3 1 1 3 1 4
2 5 1 4 5 1 2 0 3 2 1 5 4 5
5 0 5 5 2 2 3 4 3 4 2 4 5 0
3 3 1 5 2 1 3 4 2 5 1 1 2 5
1 0 4 1 5 5 5 3 5 3 3 4 4 4
5 3 4 4 1 3 3 4 1 0 1 0 5 3
0 1 0 3 3 1 2 2 0 2 4 1 4 2
0 2 3 2 4 3 1 0 3 5 1 0 5 0
5 2 4 1 2 4 4 0 4 1 5 0 1 0
3 1 0 3 4 3 2 3 3 3 5 0 0 1
4 2 2 4 4 5 2 3 1 2 0 1 2 2
0 0 3 2 2 5 5 0 1 1 4 3 1 5
3 2 1 2 1 3 4 5 2 4 0 3 4 2
4 5 2 5 3 4 1 5 0 3 3 0 0 0
3 4 3 4 4 3 3 2 4 5 5 1 3 2
2 4 2 1 3 3 1 1 0 5 2 1 3 1
5 2 0 0 3 0 2 2 4 5 0 0 4 0
2 0 0 4 3 2 5 1 2 0 0 0 5 3
3 4 4 2 3 2 4 5 3 4 2 0 3 5
3 1 5 2 0 3 1 0 1 5 0 4 4 4
3 0 1 5 3 3 3 3 5 4 4 1 3 2
2 1 2 1 2 3 4 4 1 0 2 0 5 0
5 2 3 4 0 2 4 3 0 1 3 1 2 5
5 3 2 5 3 4 2 0 2 0 2 1 2 5
2 4 5 5 2 0 1 3 1 5 4 5 2 0
5 2 1 1 5 3 1 4 1 2 1 4 3 3
1 0 2 0 0 4 5 2 0 5 2 0 2 4
4 5 4 2 0 3 2 3 5 4 3 5 3 3
1 5 1 0 3 3 0 0 2 3 1 1 3 3
4 5 5 1 0 3 2 3 4 1 4 0 1 4
1 1 4 3 4 2 1 1 3 5 1 0 1 2
3 1 2 5 2 5 3 4 0 0 0 2 0 4
4 2 3 1 4 5 4 4 3 3 5 5 4 4
5 1 5 1 4 1 4 4 4 5 5 4 4 5
4 4 3 3 0 4 2 4 1 1 3 3 5 3
2 1 3 4 4 0 4 3 2 4 1 5 1 0
4 0 3 5 5 2 3 4 1 1 3 2 4 4
2 1 0 4 1 1 4 4 1 4 1 5 2 1
3 1 4 4 0 1 1 2 0 5 5 2 0 1
4 4 0 2 4 2 0 5 2 3 3 3 3 4
5 3 2 1 4 1 2 1 1 2 5 4 2 3
1 4 2 3 0 4 5 2 5 1 5 2 3 4
0 0 4 0 0 3 5 0 0 1 4 0 2 5
1 1 3 3 5 2 3 1 2 5 4 3 3 2
2 5 4 5 0 2 5 1 2 2 1 2 2 2
5 4 5 0 0 3 0 4 4 3 1 1 3 3
5 3 4 0 0 0 3 5 5 4 3 2 1 4
1 5 5 4 2 1 3 4 3 3 3 0 1 0
3 2 1 3 0 4 4 0 4 5 5 5 1 3
0 3 3 0 0 2 4 5 1 5 0 5 4 5
5 4 4 3 5 4 5 3 0 3 2 4 1 0
4 2 0 5 5 2 0 2 5 4 3 4 2 1
2 1 3 3 0 1 2 0 0 3 5 3 0 1
2 4 0 4 3 4 1 5 3 2 3 0 1 1
5 4 0 4 4 5 1 3 5 1 2 2 4 3
4 5 4 0 2 3 3 5 4 5 0 2 2 2
4 0 2 1 3 0 4 4 1 4 4 5 3 1
0 1 4 5 5 2 3 5 5 1 0 1 2 2
3 5 0 0 2 5 2 0 5 0 2 4 0 2
0 4 3 3 4 1 4 3 4 1 1 2 2 2
3 0 2 2 1 1 1 4 4 5 2 0 5 0
3 1 5 1 0 1 1 4 5 0 5 4 3 5
5 2 4 5 4 2 4 2 3 3 1 5 1 3
5 4 0 2 5 4 2 5 0 2 3 3 5 0
0 4 2 3 0 5 5 2 4 1 4 0 0 2
0 2 1 1 3 5 5 0 2 4 5 2 2 2
3 3 2 1 0 1 2 2 1 2 5 3 1 1
3 0 4 2 4 0 2 2 5 5 0 2 3 2
2 4 4 5 1 1 1 0 1 3 5 2 5 1
0 2 0 4 0 5 1 1 4 3 3 0 0 3
3 1 0 3 1 3 4 5 5 5 1 5 2 2
1 5 2 4 0 2 2 1 3 4 3 0 2 5
5 1 0 5 4 2 3 2 0 3 1 0 2 1
0 1 1 4 1 4 0 2 4 2 1 1 2 3
2 0 2 3 1 3 3 4 2 0 1 0 3 2
4 1 5 5 3 5 4 4 5 4 3 1 4 2
3 0 0 5 4 3 3 2 1 0 1 0 2 4
4 2 5 3 4 5 1 2 0 4 5 5 5 2
5 1 1 3 4 3 1 2 3 3 4 0 5 1
0 1 1 1 1 0 1 4 2 3 5 0 1 5
4 5 5 4 0 3 4 0 2 0 2 2 4 0
4 4 5 2 4 4 3 2 3 4 4 4 3 0
3 4 1 4 0 1 5 1 1 2 0 1 0 0
5 1 3 5 0 5 0 1 0 2 3 2 1 2
0 4 0 4 1 3 3 4 3 3 4 2 5 0
2 3 3 1 2 2 2 3 5 0 2 1 0 5
2 0 2 3 5 5 1 5 4 4 0 0 0 4
3 5 0 3 0 5 5 1 5 2 4 0 2 4
1 4 2 0 3 1 4 4 4 5 0 2 5 2
5 3 0 0 4 4 2 1 3 4 3 5 4 0
2 0 1 1 4 3 1 1 3 2 2 1 4 3
5 2 0 4 1 1 2 4 4 1 2 4 3 0
0 5 0 1 4 4 0 0 2 4 1 0 2 4
2 2 2 5 2 2 4 0 4 2 3 2 0 4
3 1 2 4 2 4 3 4 4 0 2 2 3 1
0 2 2 0 1 4 2 4 0 3 1 1 4 1
1 1 2 4 4 0 1 5 3 1 5 5 1 3
5 1 1 1 1 1 0 5 3 1 3 2 1 3
5 1 2 1 2 1 3 1 3 4 2 3 3 0
5 5 1 1 2 0 2 1 2 5 2 1 5 4
5 4 1 1 4 2 5 4 3 4 0 4 2 3
4 2 1 4 1 0 5 1 1 3 2 0 4 2
1 3 0 4 0 5 2 4 0 4 1 3 5 0
0 2 1 5 4 1 3 0 2 2 4 5 4 3
3 5 0 3 1 4 2 0 2 5 1 5 0 0
1 2 3 5 4 4 3 4 0 1 5 3 3 4
5 0 5 2 2 4 4 5 2 1 4 2 2 5
5 2 2 1 1 4 4 4 4 2 4 0 2 4
0 1 1 3 5 3 5 5 0 1 0 3 3 4
1 3 4 4 1 4 3 3 4 2 2 2 3 2
0 5 3 0 1 0 4 1 0 2 2 3 0 5
4 2 4 5 0 2 4 5 5 3 3 4 3 4
2 2 1 4 0 3 5 5 5 3 3 3 2 1
5 0 2 3 3 0 5 0 3 5 1 2 2 0
3 1 2 3 1 4 3 5 0 1 0 4 2 4
0 2 4 1 2 1 1 3 5 0 3 4 4 5
0 5 4 3 2 2 1 3 3 5 3 2 2 0
1 0 1 0 3 3 2 3 4 3 3 1 4 0
5 1 4 4 1 4 1 2 2 1 5 4 1 5
0 2 5 2 1 2 0 3 3 5 3 0 1 5
2 2 1 1 0 5 1 0 1 1 0 3 1 1
1 5 5 0 2 3 5 5 3 0 5 4 2 4
2 5 3 2 2 0 1 5 2 4 1 1 3 3
5 3 3 4 1 4 3 4 4 4 5 1 0 2
1 2 0 4 0 4 4 5 3 1 4 2 1 2
3 0 0 1 4 1 1 1 1 5 0 4 3 4
1 3 0 3 0 0 1 0 4 4 3 0 5 1
2 4 3 3 0 3 5 4 0 4 3 1 1 4
1 3 2 5 0 5 3 2 5 3 2 4 3 5
3 2 1 0 2 2 4 4 0 4 4 2 0 4
0 1 1 0 2 1 2 0 2 2 0 4 0 4
1 3 0 0 5 1 2 5 5 0 0 5 1 5
2 4 1 5 3 1 0 1 4 5 0 1 2 0
4 4 2 0 3 0 5 4 5 5 2 2 3 3
1 5 4 2 2 4 3 2 5 2 3 1 3 5
2 0 3 3 2 3 4 5 4 2 5 4 3 0
3 1 3 0 2 5 3 2 2 1 1 4 4 1
1 2 4 1 2 3 1 3 0 0 4 2 4 4
1 4 5 4 2 0 5 5 1 4 2 2 3 4
0 4 3 1 1 1 5 5 0 1 1 5 1 1
1 1 5 4 4 0 1 5 3 4 2 4 0 4
5 2 4 1 4 4 3 2 3 3 4 2 0 3
3 5 0 4 3 1 0 4 4 5 5 0 5 3
5 2 4 3 5 5 4 3 0 2 0 5 2 0
1 3 4 5 3 1 5 3 0 0 3 5 4 2
1 2 1 3 5 4 2 2 1 3 2 1 1 4
5 1 1 5 5 1 3 0 0 1 4 4 3 1
4 1 0 1 2 1 3 3 0 0 4 4 1 5
2 3 2 1 2 2 0 2 4 4 4 0 0 0
0 5 2 5 2 5 4 1 4 1 0 2 0 3
2 1 4 3 3 5 5 2 5 2 4 5 4 5
5 0 5 5 5 2 5 3 2 4 3 3 3 1
4 2 0 1 4 0 3 2 0 0 3 4 5 4
2 4 2 2 4 0 4 1 1 0 2 2 1 2
3 5 2 5 2 3 2 0 0 5 1 0 0 5
2 5 1 2 5 0 1 5 4 4 5 0 3 1
1 5 5 0 5 3 0 1 1 1 4 4 2 2
1 5 4 5 5 1 2 1 5 2 4 1 4 2
0 0 2 1 3 5 5 5 4 4 0 4 0 3
2 3 3 2 0 3 1 5 1 2 1 3 1 3
3 0 4 1 3 2 1 0 4 1 3 0 4 5
3 1 2 2 5 3 2 2 0 0 2 3 5 3
1 0 5 4 5 1 1 3 4 3 2 2 2 0
0 2 4 3 1 5 0 4 1 5 1 5 5 0
4 2 5 1 0 0 4 0 1 5 0 4 4 3
5 4 1 2 1 4 5 0 5 1 4 0 4 1
4 3 1 2 1 0 3 1 0 1 3 4 0 0
2 2 2 3 3 5 1 1 3 0 0 3 3 2
0 1 2 0 4 4 1 3 3 1 2 3 3 3
4 3 3 5 3 3 2 0 3 1 5 2 3 0
0 1 0 4 3 2 0 4 1 4 1 3 2 5
0 4 1 1 2 5 4 3 0 5 4 1 3 4
5 4 2 3 2 0 5 0 4 5 0 2 0 2
1 3 5 5 0 1 5 2 1 4 5 5 5 2
0 3 5 0 0 1 5 5 4 5 2 3 3 1
5 5 3 2 2 1 4 1 0 0 1 2 5 5
5 1 0 4 5 4 3 0 2 2 3 5 0 1
1 3 0 4 4 1 1 2 4 2 1 5 3 3
5 4 5 1 3 1 3 1 2 1 1 5 0 1
3 1 3 2 1 2 5 4 3 4 2 3 5 2
5 1 5 3 3 0 0 4 3 0 2 1 2 1
1 1 2 1 4 0 5 5 2 0 3 0 1 2
1 0 2 2 5 5 4 3 0 3 5 4 5 5
3 2 5 3 1 1 2 4 1 0 1 0 1 4
5 0 2 5 1 1 3 2 2 1 3 0 1 1
2 2 4 0 2 0 2 2 2 3 5 5 1 5
1 3 1 3 2 2 2 3 4 2 0 5 5 0
4 4 1 5 5 1 4 3 4 2 2 5 3 2
0 3 1 2 1 0 3 0 3 2 2 5 4 0
0 2 5 4 1 0 3 1 0 2 1 3 5 1
3 0 2 5 1 1 2 1 0 1 1 5 4 4
5 1 5 0 0 0 1 1 4 4 3 3 4 3
5 2 1 2 4 1 3 3 3 1 5 0 2 3
2 1 0 5 1 5 5 3 2 4 4 3 3 4
2 4 2 1 3 5 5 5 2 3 5 3 1 4
3 1 1 0 4 5 2 4 5 5 2 4 1 5
4 2 4 4 0 3 3 2 2 2 5 3 1 0
5 4 3 5 2 0 4 0 3 4 0 2 1 3
5 1 3 4 3 3 1 5 1 0 3 5 0 3
3 5 0 4 4 3 0 0 4 3 4 4 2 2
1 2 3 2 5 5 2 2 0 5 3 3 4 5
3 1 4 3 5 2 0 0 3 2 3 4 4 4
0 2 1 0 0 2 0 4 4 4 4 4 3 3
4 4 4 2 5 2 1 4 0 0 1 3 3 4
0 0 3 1 1 5 0 1 3 5 5 4 5 2
3 3 2 4 3 3 2 3 1 3 2 2 3 5
3 0 4 5 1 2 2 4 2 5 4 5 2 5
2 0 5 2 5 5 0 1 4 0 2 4 5 5
0 2 3 0 0 4 1 5 2 3 4 3 5 4
3 0 3 3 0 3 0 4 0 5 0 1 3 2
3 2 4 0 4 2 3 2 5 1 1 3 3 4
0 4 0 5 3 5 3 3 1 4 4 2 0 4
0 0 4 1 1 3 1 0 5 3 3 2 4 3
5 0 2 0 2 5 4 5 0 4 2 4 1 1
2 5 5 4 4 5 4 0 4 3 0 2 5 0
1 3 5 5 0 1 0 5 0 1 3 1 5 5
3 0 5 2 4 5 3 0 2 2 3 0 0 3
1 0 2 4 2 2 3 2 2 4 1 5 0 1
5 0 2 1 3 4 0 4 5 3 0 1 4 3
0 2 1 1 5 4 5 3 1 3 0 1 3 5
0 3 1 2 1 4 4 4 2 0 1 4 5 3
1 0 5 3 4 5 2 0 2 1 0 1 4 2
2 4 5 5 0 5 3 4 2 1 0 1 2 1
0 3 2 1 0 1 3 4 0 1 1 4 0 5
4 4 3 1 5 2 2 0 2 5 1 3 0 0
0 2 1 2 0 4 4 3 5 1 3 2 3 4
2 2 4 1 0 5 5 0 3 2 4 4 2 5
1 2 5 3 3 5 0 1 5 0 1 5 0 4
5 4 4 1 5 1 4 0 2 4 2 2 4 5
4 3 5 0 5 2 5 5 1 2 1 1 2 1
5 2 5 4 3 0 5 2 1 0 4 0 3 4
4 1 5 5 0 0 4 1 0 3 5 4 3 1
5 1 0 2 4 4 0 4 2 4 1 5 1 4
0 3 4 5 2 4 3 5 4 5 1 0 0 3
0 2 1 3 4 4 2 2 4 1 4 5 0 3
0 0 1 1 2 1 2 4 5 1 1 3 2 5
1 5 5 4 1 1 0 3 2 5 4 1 0 5
4 5 1 0 5 2 4 2 2 3 4 5 2 2
0 1 1 0 1 1 0 1 2 4 4 5 3 0
1 4 5 0 5 5 1 4 0 5 2 3 3 3
0 2 2 3 1 0 5 5 4 3 2 0 0 0
0 1 5 0 4 5 2 0 3 3 4 4 1 4
4 5 0 2 3 1 2 4 1 3 5 1 1 4
3 1 1 4 4 0 4 2 2 2 3 3 2 5
2 2 5 0 2 1 2 1 5 0 0 0 1 5
5 5 3 5 0 5 4 5 2 3 5 1 0 4
3 5 4 1 1 5 5 2 3 4 3 0 0 0
3 2 4 3 4 5 2 4 3 5 5 1 4 5
0 0 3 5 1 0 2 0 1 3 0 3 2 1
4 4 3 5 3 4 4 4 2 1 1 3 0 2
0 3 4 5 1 0 3 0 5 1 0 2 5 2
2 1 0 2 2 5 4 2 5 4 3 5 4 2
2 1 1 1 5 4 1 2 4 2 1 2 1 3
2 3 2 2 1 3 5 5 0 0 5 4 2 5
2 2 0 1 3 3 2 3 1 5 5 2 2 0
5 2 3 5 1 1 2 0 0 3 2 4 4 2
3 1 3 2 3 1 3 4 4 3 3 4 1 2
4 0 2 3 2 4 2 0 1 3 2 3 1 4
0 3 3 4 0 0 0 0 3 2 3 3 3 5
5 1 4 1 1 3 4 2 2 3 3 3 1 1
1 4 0 0 1 4 3 5 5 0 3 1 5 1
0 1 4 5 4 4 1 3 3 0 0 2 2 0
5 5 2 3 5 2 0 1 5 4 2 1 2 3
5 2 4 0 2 5 1 0 4 5 3 0 1 2
3 2 2 4 1 3 2 1 2 2 4 2 0 1
2 5 3 5 5 1 5 2 4 3 1 2 2 2
5 4 1 3 4 0 1 2 4 3 3 3 1 2
0 3 2 1 0 4 1 1 0 3 0 5 2 5
1 1 0 1 4 2 0 1 5 5 4 3 4 4
0 4 1 0 5 1 2 2 1 1 5 3 4 3
1 0 4 4 5 4 5 3 5 4 3 0 0 0
3 2 1 4 2 0 1 2 4 2 4 4 4 5
1 3 2 2 1 2 5 0 2 2 5 1 1 4
1 1 5 0 1 4 1 3 5 5 5 2 3 0
3 3 4 0 0 3 3 2 0 5 0 5 2 5
3 5 4 1 2 3 4 1 4 5 4 1 3 5
1 2 1 4 3 2 1 5 4 4 3 1 0 3
3 3 5 2 1 2 3 1 4 4 0 0 2 2
1 0 0 3 0 0 3 2 0 2 0 2 0 5
3 3 3 1 2 3 0 1 1 0 0 0 2 4
3 3 0 5 5 1 0 4 2 0 0 4 3 1
1 5 2 4 4 1 5 2 0 2 3 2 2 3
2 4 0 4 4 1 0 5 5 2 0 3 4 1
2 1 0 4 3 4 1 0 2 1 1 3 3 4
1 0 3 3 5 0 0 5 5 4 5 3 4 3
4 4 1 3 3 2 3 4 3 1 5 0 4 0
5 5 3 1 3 0 4 1 2 2 1 1 4 2
0 5 3 3 0 2 1 5 3 3 5 3 4 2
5 5 4 0 3 3 3 5 5 1 0 1 4 3
4 1 0 2 2 2 3 0 0 5 5 0 5 2
5 3 3 1 1 1 5 2 5 5 3 3 4 2
4 5 1 5 5 2 3 4 1 4 0 2 1 0
4 3 5 1 0 4 4 2 2 4 3 4 1 1
3 1 0 1 1 2 4 4 1 1 0 0 0 5
5 1 5 5 3 1 2 1 0 1 4 1 3 2
1 0 3 1 5 2 4 5 2 2 1 2 0 1
3 5 2 2 3 5 3 1 2 4 5 1 4 4
2 2 2 0 3 0 2 2 3 4 0 0 1 1
0 3 2 3 0 3 3 0 0 4 0 0 5 0
0 3 3 0 2 2 2 0 0 4 0 0 0 4
4 1 2 0 5 1 5 3 0 5 1 1 0 1
0 0 1 1 3 5 2 3 3 2 2 1 1 0
0 3 3 3 4 5 0 4 3 3 2 4 0 1
1 5 5 2 3 4 0 0 3 1 1 2 3 2
5 3 5 4 5 5 3 4 4 2 0 5 2 2
3 4 4 2 4 1 0 4 5 0 5 3 0 2
2 1 2 2 0 1 3 1 0 2 0 0 5 4
4 1 2 3 1 1 5 1 1 5 2 3 3 2
1 4 2 3 0 0 4 3 3 2 5 4 3 4
1 3 3 2 2 3 5 0 1 3 5 2 1 5
1 5 3 4 2 4 5 2 3 2 1 1 3 5
4 1 2 3 0 2 1 2 2 4 0 5 0 3
1 2 4 1 2 2 3 0 0 4 4 2 5 5
3 4 0 3 2 1 3 5 0 2 4 5 5 3
2 1 3 2 5 0 1 2 0 2 1 3 2 0
2 2 1 4 2 5 1 4 0 0 4 0 4 4
5 0 3 1 0 5 2 4 5 2 3 0 2 0
1 0 1 4 2 1 1 0 0 4 2 4 0 3
1 1 1 4 2 3 0 0 4 0 3 0 5 0
0 2 0 4 4 1 5 5 2 5 0 1 0 4
0 5 2 5 3 1 0 0 3 4 4 3 1 0
1 5 1 2 3 1 2 5 3 5 5 2 2 4
3 4 4 3 5 5 4 0 5 0 0 2 4 5
1 5 2 3 4 5 0 5 4 5 3 5 4 2
3 4 4 3 3 3 1 1 5 3 5 3 5 3
0 5 5 5 0 3 4 1 0 4 1 2 3 0
5 5 0 4 4 4 4 3 2 0 5 4 5 5
1 0 4 1 2 2 2 4 1 4 4 3 0 0
2 3 5 1 4 4 4 3 4 2 0 3 5 3
4 0 4 1 3 2 0 3 1 2 3 5 3 5
3 4 1 5 3 3 1 3 5 1 4 3 4 4
3 0 5 5 0 5 5 1 0 2 3 4 5 4
5 1 0 5 2 2 2 0 0 0 1 5 2 2
2 3 1 2 4 0 1 5 3 4 1 5 0 1
5 1 0 5 0 5 4 4 1 2 0 3 3 2
4 3 2 1 3 5 3 3 5 5 4 4 5 0
1 2 4 0 2 1 4 4 1 3 3 5 3 0
1 5 5 5 0 3 0 5 5 4 0 0 3 1
2 1 3 0 4 3 3 0 1 2 2 1 3 4
0 2 1 4 2 1 5 2 4 3 2 0 1 3
2 2 3 3 1 3 3 4 2 0 4 5 1 2
5 3 1 4 1 2 1 0 5 3 0 0 3 0
2 4 2 1 4 1 0 4 3 3 2 5 2 1
5 2 5 0 1 5 1 5 5 1 1 4 2 4
2 2 3 1 4 5 5 0 1 5 0 3 2 4
1 5 2 5 4 5 1 3 1 4 4 3 4 5
0 5 4 0 5 4 1 1 2 5 1 5 5 1
1 2 0 3 4 1 1 0 3 5 0 2 2 0
5 3 0 0 2 4 1 2 0 1 3 5 1 3
4 0 1 3 1 0 2 2 2 2 0 0 4 5
0 1 3 4 3 5 4 0 4 2 5 0 0 3
1 4 2 2 0 3 4 3 2 3 0 2 0 5
0 0 0 1 1 2 0 1 2 5 3 5 5 3
4 3 1 1 1 4 2 4 2 2 0 5 2 5
0 2 1 5 5 5 5 5 2 4 5 4 0 2
0 0 3 4 2 1 0 5 4 3 2 2 4 4
2 0 3 5 0 3 4 1 4 4 1 4 3 3
1 3 3 2 1 4 0 1 2 3 0 2 3 2
5 2 4 5 2 0 5 1 4 2 2 2 3 0
3 1 0 0 1 5 4 1 3 1 5 5 4 0
3 1 1 1 0 0 4 4 0 3 0 2 4 5
2 2 5 5 1 2 1 2 2 3 4 0 0 2
5 2 4 1 1 0 0 5 2 3 0 0 4 2
2 3 3 3 2 5 2 4 5 4 1 1 1 0
5 4 0 5 4 5 1 2 0 4 3 1 3 5
4 4 1 5 0 3 4 5 5 3 1 3 3 1
0 3 3 3 5 0 2 4 2 3 4 1 4 1
1 5 4 0 0 1 4 0 2 0 0 5 2 0
3 5 5 5 5 0 2 0 0 3 0 5 4 0
3 1 1 0 4 1 3 4 1 2 3 5 1 1
5 0 5 5 5 5 5 3 1 1 0 4 1 3
4 3 3 2 1 0 5 3 3 1 3 0 3 4
3 5 0 1 3 0 1 0 2 5 0 1 1 3
2 5 3 2 0 2 1 0 3 3 4 3 3 5
3 1 5 0 5 2 2 2 0 4 5 5 2 1
3 5 5 2 3 3 1 3 4 5 2 0 4 0
5 1 0 0 3 0 5 0 0 5 0 5 2 0
5 4 5 5 2 4 2 3 5 4 0 2 5 5
5 1 3 2 1 4 0 5 5 5 5 0 3 2
5 2 3 1 3 3 2 1 2 2 1 3 5 0
0 5 2 1 2 2 4 5 1 2 1 2 0 2
4 5 2 1 2 0 2 5 1 3 4 3 4 1
0 0 3 2 1 1 4 3 4 4 5 2 3 5
1 0 5 2 4 5 2 0 1 3 3 4 0 1
4 4 0 4 4 2 4 5 4 0 4 0 0 3
1 2 2 3 5 4 0 0 4 1 1 5 3 4
1 5 1 0 1 2 0 5 1 4 5 4 2 0
5 1 1 1 0 5 1 3 5 0 1 4 2 1
3 2 5 1 4 3 1 0 5 0 5 0 0 3
1 5 4 2 2 1 5 3 2 5 0 3 0 2
4 1 4 3 4 1 4 0 1 0 1 4 0 5
3 0 4 5 2 3 0 0 0 2 3 0 1 2
1 2 0 3 2 0 1 0 4 1 3 4 1 1
1 4 1 3 3 1 3 2 2 2 0 3 2 2
0 4 3 3 4 1 0 4 2 2 1 3 4 4
4 1 3 4 5 1 5 1 0 0 4 5 5 3
5 2 2 2 4 4 1 5 4 4 5 2 1 3
2 0 1 2 1 4 0 2 4 2 5 2 5 2
1 5 0 3 1 3 0 0 4 1 5 4 1 0
4 0 1 5 5 0 0 3 1 4 2 3 0 1
2 5 4 2 5 3 2 5 3 3 2 0 5 0
2 3 1 3 1 4 3 3 2 5 4 5 5 4
3 5 3 1 0 4 2 1 4 3 5 5 4 1
0 4 2 3 4 2 5 0 3 5 2 0 0 5
5 2 0 0 2 4 1 2 1 4 1 1 3 0
0 3 5 1 5 5 2 2 2 5 5 2 0 1
5 5 0 4 2 1 2 4 4 0 3 2 1 0
3 0 0 3 2 4 4 0 1 2 3 2 3 4
0 0 0 4 5 0 2 2 5 0 5 3 5 2
5 1 5 4 0 4 2 3 0 2 1 5 3 4
5 2 0 5 3 2 2 4 2 3 1 2 0 5
3 1 0 2 4 4 1 5 5 4 4 0 3 1
4 3 4 0 4 2 1 4 3 1 1 2 4 2
0 3 2 5 4 2 2 2 3 4 0 2 5 2
0 3 1 0 1 3 0 5 0 3 0 0 4 0
3 1 1 0 1 1 5 0 1 5 4 5 1 1
1 2 3 0 3 0 5 2 2 4 4 5 1 3
2 0 5 3 3 0 3 1 1 3 1 3 0 3
1 4 3 2 3 1 4 2 2 1 2 5 1 4
1 4 1 2 1 5 0 0 1 3 5 5 0 5
0 4 1 4 1 3 3 5 3 4 0 0 3 0
4 4 0 0 4 2 5 0 3 3 3 0 2 3
2 2 0 1 4 1 0 5 4 1 0 4 1 1
5 0 4 4 4 2 5 3 4 5 5 0 1 1
1 1 4 5 2 3 5 2 4 2 5 2 4 0
4 2 1 1 3 0 2 3 5 0 1 4 1 3
5 2 2 5 3 0 2 3 0 3 1 3 5 3
4 2 5 2 2 3 5 3 2 5 3 2 0 4
4 5 1 1 4 1 5 0 3 0 1 0 4 4
0 5 1 2 2 2 0 4 3 1 3 1 4 1
1 3 2 5 4 5 3 4 1 3 4 1 3 5
5 2 4 5 1 0 5 2 1 1 4 0 2 2
2 0 3 0 1 3 4 3 5 5 1 4 0 5
0 5 5 1 0 3 1 2 5 1 4 3 5 1
3 2 3 2 0 4 3 0 3 1 3 1 4 5
2 4 4 0 5 5 5 3 0 1 2 3 2 1
5 2 4 3 5 3 4 3 5 4 5 3 4 5
2 1 1 0 3 1 3 2 4 2 4 4 5 0
1 1 5 5 5 1 5 1 2 0 1 4 0 0
4 1 3 5 0 3 1 0 0 4 3 4 1 2
3 5 1 3 0 1 4 5 3 4 4 0 3 4
2 2 3 1 4 2 2 3 3 5 4 5 2 5
3 5 4 5 4 4 4 3 4 1 0 3 0 1
4 1 0 3 2 5 2 1 3 0 0 3 0 2
1 4 0 4 4 3 4 3 0 2 5 0 2 2
0 2 4 5 0 0 0 3 1 4 3 5 2 0
1 4 3 3 4 1 2 0 2 1 1 0 4 0
2 4 3 2 1 2 1 5 4 5 4 4 2 0
1 4 0 1 5 2 2 2 2 4 2 1 0 2
4 5 4 4 0 2 0 4 3 5 2 1 4 5
4 1 4 5 1 2 1 3 4 0 3 1 2 5
2 3 4 0 3 5 1 0 5 0 2 1 1 1
5 4 1 5 3 4 4 0 2 3 1 3 5 2
1 5 3 3 4 4 0 0 2 2 5 0 2 5
5 2 4 1 4 3 5 2 0 4 5 5 4 2
0 0 2 4 4 5 4 5 3 5 2 1 2 4
5 0 4 5 0 4 2 4 1 1 0 4 2 0
4 0 5 1 1 5 5 2 0 0 4 2 2 5
2 3 2 1 1 0 1 0 0 3 1 1 3 1
3 0 1 0 0 1 2 3 2 1 3 2 0 1
5 1 4 1 4 1 1 4 1 4 3 1 0 1
1 4 4 3 2 3 5 0 3 1 0 0 3 1
3 5 3 2 5 0 2 0 0 0 0 2 0 3
3 0 5 5 2 1 5 3 3 5 5 4 0 3
4 1 2 3 2 2 2 5 4 4 1 0 1 0
2 3 5 5 2 1 5 0 0 2 2 4 2 5
2 1 3 5 2 0 4 4 0 0 5 1 4 2
5 5 1 3 4 0 4 3 0 1 1 2 4 2
3 0 1 1 0 1 0 3 1 4 3 1 4 4
4 4 2 4 3 2 3 1 3 5 5 2 0 2
5 3 2 3 3 2 1 0 4 2 0 1 1 2
1 1 4 2 4 0 3 1 3 2 3 3 5 4
2 5 4 4 0 0 3 4 4 2 4 4 3 2
0 4 4 2 3 5 2 2 0 2 4 2 3 3
1 5 2 1 5 1 1 1 4 3 3 0 4 4
5 3 5 3 3 4 1 2 1 0 2 4 1 2
0 3 0 4 2 0 0 3 3 4 2 0 3 1
0 0 1 3 0 0 1 3 1 4 4 2 1 0
3 4 2 2 1 3 5 2 1 4 5 4 5 1
0 2 1 1 2 4 3 4 2 0 1 3 1 4
0 5 0 3 5 1 2 5 0 5 1 4 1 5
5 2 4 5 0 2 0 5 5 3 0 5 4 1
0 4 3 4 5 2 1 4 5 2 5 4 1 2
4 3 1 5 2 0 4 3 4 4 3 5 2 2
5 0 0 5 4 1 5 0 4 5 2 1 3 4
2 5 4 4 0 2 0 3 5 4 5 4 1 5
2 3 3 4 4 2 4 0 5 4 4 5 5 2
2 5 3 3 1 0 3 0 0 4 4 5 2 1
2 2 0 0 4 3 4 3 1 0 2 4 5 1
4 0 3 5 0 2 3 2 0 4 3 1 2 0
5 2 1 3 1 2 4 5 2 0 3 1 1 0
1 1 0 5 0 0 2 1 3 5 4 1 3 3
1 5 2 4 1 1 1 1 0 3 0 5 5 0
2 2 1 5 3 5 0 2 1 1 1 2 0 3
1 2 3 4 3 1 0 4 1 5 4 1 3 2
2 2 0 2 4 3 2 2 0 2 2 0 5 4
5 0 3 5 5 1 0 5 5 3 4 2 3 4
3 0 4 5 0 4 4 4 3 1 0 3 2 2
0 2 5 3 5 2 1 0 0 1 1 1 2 2
0 4 3 3 4 3 1 4 4 1 5 3 0 3
5 4 3 3 3 3 0 3 0 3 4 3 0 1
4 1 3 5 0 0 5 5 3 4 5 5 0 2
5 3 5 2 0 0 5 1 3 2 4 0 3 3
1 2 2 2 3 1 3 3 5 5 4 0 1 4
4 5 3 5 3 3 2 5 5 4 0 1 2 2
1 3 0 3 1 1 2 1 3 4 1 0 3 1
0 5 1 1 5 3 2 3 1 3 4 5 0 1
1 1 3 1 5 3 3 3 1 5 4 3 3 3
4 0 0 1 5 3 1 5 3 4 4 4 3 1
2 5 3 2 4 2 5 1 1 5 5 1 0 2
4 0 0 4 5 4 0 0 4 3 1 5 2 3
1 2 2 1 5 5 5 2 0 0 5 2 0 3
3 4 4 0 0 4 4 2 2 3 4 1 2 5
4 0 0 3 4 2 0 0 2 1 2 4 4 3
4 1 4 2 2 1 4 2 5 2 0 2 5 3
4 0 0 1 0 5 0 2 3 5 4 4 2 1
4 4 5 4 5 4 0 0 4 3 1 5 5 0
5 5 2 0 5 5 1 0 0 1 0 3 2 5
2 3 0 2 3 0 0 1 0 5 2 3 5 4
4 5 4 0 5 1 4 0 1 0 3 1 3 2
4 1 1 1 2 4 0 1 5 2 5 3 2 5
4 5 5 2 1 3 3 3 1 4 4 4 2 5
0 4 4 5 4 5 2 1 4 2 4 4 5 0
4 1 3 5 4 1 1 1 3 4 2 0 0 0
2 4 1 3 0 2 4 2 2 4 1 3 5 1
2 3 0 2 3 1 5 0 1 0 1 0 4 4
5 1 1 0 5 2 5 3 2 0 0 0 0 5
0 0 3 4 2 5 3 5 3 3 3 2 4 5
3 2 4 0 1 1 0 2 5 2 5 1 2 3
2 1 2 0 4 3 4 3 5 4 0 1 1 4
5 5 5 2 0 4 5 2 5 4 3 4 2 1
4 4 4 1 3 2 2 0 5 5 5 4 2 2
3 1 4 0 1 4 0 3 0 4 4 3 5 2
4 4 2 0 0 3 1 2 1 5 4 2 1 1
3 2 5 4 0 1 1 4 2 2 4 1 4 3
5 4 5 0 1 5 5 3 1 3 3 5 5 5
3 4 3 3 3 1 1 0 2 2 4 3 5 3
0 4 1 5 4 4 1 3 0 3 5 2 3 4
5 0 2 3 2 3 3 5 3 1 4 1 0 1
5 1 5 4 2 5 4 2 4 5 0 1 3 5
1 4 1 5 1 0 2 3 1 4 5 0 4 3
5 0 1 2 5 1 4 5 1 5 1 0 4 0
0 3 4 2 5 0 0 0 2 0 1 2 2 1
3 3 4 2 0 0 0 4 4 2 1 0 3 1
3 0 1 5 3 4 3 3 1 3 2 1 3 2
5 5 5 2 0 5 5 0 4 1 2 5 4 1
3 5 2 0 5 5 0 1 4 0 5 2 2 0
1 4 3 0 0 5 2 1 4 5 2 2 5 4
2 1 1 3 0 1 0 4 2 4 0 4 5 2
2 3 2 4 5 2 5 4 5 5 0 1 2 2
3 4 1 1 5 1 0 3 5 3 5 5 5 1
2 3 4 3 0 4 3 3 4 5 5 2 0 2
1 1 4 5 1 5 0 0 2 4 1 3 1 1
0 3 4 5 1 1 4 3 2 4 1 1 1 4
5 3 4 2 4 5 0 3 2 3 0 1 0 5
3 4 0 4 5 0 4 2 4 5 4 4 3 2
2 3 1 5 0 5 1 1 2 2 1 5 1 4
1 4 1 3 5 4 4 5 2 3 2 3 3 3
2 2 3 1 0 0 5 0 2 2 4 1 5 2
3 2 1 3 4 5 0 5 0 4 3 0 4 5
2 0 5 2 2 3 0 5 5 5 0 4 3 5
1 0 1 1 4 3 4 4 4 1 3 1 0 1
5 3 3 4 0 5 0 2 4 4 2 5 5 5
5 3 4 1 1 1 4 0 0 0 2 1 3 1
0 2 5 1 2 4 4 5 3 5 1 2 5 5
3 5 5 2 2 1 5 3 2 2 2 4 1 1
4 4 1 1 5 0 4 4 3 4 4 4 2 4
4 2 4 2 4 1 3 3 5 0 5 4 0 4
5 4 3 2 0 3 2 4 5 1 1 4 4 4
5 0 1 3 4 2 3 4 2 5 1 4 5 4
3 5 0 4 5 3 0 1 3 1 4 2 5 2
2 3 1 3 3 2 4 0 3 0 2 2 0 2
3 5 5 3 5 1 4 4 3 5 0 0 4 3
5 0 1 5 1 5 1 5 1 1 0 0 0 0
0 5 2 4 3 2 2 3 0 0 0 5 3 2
3 4 1 5 2 4 1 5 4 4 2 5 2 4
0 3 1 1 5 0 3 1 2 4 2 3 1 3
4 4 1 4 4 0 2 1 3 0 3 2 4 4
5 2 0 2 2 3 3 5 5 1 2 5 1 2
0 0 3 1 3 3 4 0 3 3 1 5 4 5
3 2 4 1 1 4 1 5 0 4 0 2 4 4
0 2 3 3 0 5 0 2 5 5 2 0 5 4
2 5 5 1 2 3 5 4 5 1 1 3 5 0
0 5 5 4 3 1 2 4 3 3 1 2 3 0
5 5 4 5 2 4 0 2 2 2 0 0 3 4
0 0 5 4 4 5 2 0 1 4 4 3 3 5
2 2 1 1 3 3 3 4 5 5 3 2 2 3
0 4 5 1 1 1 0 2 4 3 0 2 5 2
4 2 4 0 3 0 3 2 4 0 3 4 2 1
2 3 1 1 4 4 2 3 0 4 0 5 0 4
4 3 5 1 3 4 2 1 0 0 4 3 3 3
5 4 5 3 0 2 3 3 1 5 4 2 3 0
2 0 3 3 4 5 0 2 2 1 0 0 4 0
1 4 5 1 4 0 2 5 5 3 4 3 2 3
2 1 4 4 3 5 2 1 3 5 3 1 3 5
3 4 1 4 3 0 3 4 0 2 3 4 4 0
3 0 3 2 5 3 0 5 5 4 5 5 1 5
5 0 0 3 1 5 4 2 3 5 3 4 3 0
2 1 2 5 4 0 4 1 3 1 0 5 2 5
5 2 0 4 0 1 2 1 5 3 4 2 5 4
4 0 5 5 1 2 2 5 3 3 5 1 1 4
3 0 4 0 5 1 2 1 1 4 5 4 3 5
0 0 1 2 4 2 3 2 2 4 5 4 3 1
4 4 4 3 0 5 0 0 2 0 3 5 5 3
5 1 4 2 3 0 4 5 4 4 2 3 5 1
5 2 5 4 4 1 4 4 5 4 5 4 4 4
1 1 1 0 3 2 1 5 5 2 3 0 0 0
4 1 4 3 5 1 1 1 1 1 3 0 5 2
3 1 1 1 5 1 5 5 5 3 3 1 3 2
1 4 5 2 1 1 5 0 3 0 2 3 0 5
1 1 4 5 4 2 3 4 2 0 5 4 3 0
4 1 1 4 4 5 3 1 3 5 1 3 4 5
5 1 5 2 4 4 4 1 2 0 5 5 0 4
0 1 1 4 1 1 2 2 0 5 3 3 1 3
2 3 2 3 1 1 5 1 3 4 3 5 4 2
2 3 5 4 3 5 5 0 4 4 4 4 2 5
1 3 4 3 0 3 3 3 3 1 5 3 3 0
1 4 4 0 1 4 2 1 0 2 0 3 5 3
1 5 0 3 1 5 2 1 1 4 0 3 2 0
2 2 2 1 5 2 1 3 3 4 2 2 3 4
1 5 2 0 2 2 2 0 5 0 3 5 1 5
2 4 1 1 0 3 4 5 0 5 3 4 0 0
0 2 3 5 0 1 3 4 4 4 5 2 0 0
2 1 0 4 2 5 0 2 5 0 1 2 0 0
0 2 0 5 5 5 4 2 3 4 3 3 1 2
5 2 2 5 2 1 1 0 3 3 4 5 0 4
3 2 2 0 4 2 5 3 2 0 0 2 1 0
3 3 5 3 0 3 0 4 1 3 1 2 1 3
1 3 1 0 5 4 1 4 2 0 3 2 0 4
0 0 0 3 5 0 2 1 0 2 5 0 3 4
4 4 1 0 2 3 5 5 0 4 2 4 4 3
5 4 4 1 1 0 5 1 1 4 1 0 4 3
1 5 1 5 4 3 1 2 0 3 1 5 3 4
1 1 4 3 1 5 3 1 4 4 4 2 3 4
5 4 1 0 5 5 1 5 3 2 0 0 5 0
5 5 0 1 1 3 5 0 2 2 4 2 3 2
2 5 5 2 1 2 4 4 3 2 2 5 3 4
1 1 5 2 0 0 2 3 4 4 1 4 5 4
3 2 3 2 1 0 3 5 4 0 0 1 4 2
2 3 4 5 5 1 1 4 0 3 4 0 4 2
2 0 0 3 5 0 2 2 2 0 3 3 4 2
0 2 3 0 0 1 5 2 5 4 1 0 0 0
2 3 4 0 5 5 0 2 2 0 0 0 3 2
0 3 3 2 0 3 0 4 5 0 1 2 3 3
1 3 4 3 2 1 2 5 0 3 5 4 1 3
2 5 3 1 4 3 0 5 1 4 4 1 5 3
5 3 3 5 0 5 1 4 4 5 3 4 1 4
1 0 3 0 5 5 5 0 4 5 4 5 1 2
4 2 5 5 3 4 5 2 1 3 0 4 1 0
3 0 3 0 1 0 1 4 5 3 1 1 3 3
1 3 2 1 4 0 3 4 3 5 4 0 0 3
0 1 0 4 2 5 5 5 5 1 4 5 3 2
2 2 5 2 0 3 5 4 2 3 4 3 1 5
2 0 1 3 0 4 3 4 1 0 5 1 3 2
0 2 4 4 4 4 1 1 3 1 1 4 3 4
1 5 4 1 1 0 5 0 1 3 5 3 0 1
1 3 3 5 0 2 3 3 2 4 4 3 2 1
0 2 5 4 0 2 1 0 0 2 3 5 5 5
2 4 2 3 4 4 0 2 2 2 5 4 4 3
3 5 0 4 2 4 0 1 0 4 1 4 4 3
4 2 1 5 1 2 0 1 4 0 1 2 0 2
2 2 5 4 4 1 1 3 1 3 2 1 3 3
3 1 2 3 4 3 0 0 0 3 3 5 4 3
1 0 1 4 5 1 4 3 3 5 2 1 4 5
2 3 2 3 4 5 3 5 3 2 2 5 2 5
2 3 4 4 0 4 2 3 3 2 1 4 2 0
2 4 0 2 3 0 4 3 1 5 3 0 2 3
5 2 5 5 0 4 0 0 2 3 2 2 2 0
1 4 4 4 3 3 0 4 5 5 0 2 0 4
3 3 4 3 4 4 0 1 4 3 3 1 4 5
4 3 4 3 3 2 0 5 0 0 2 0 3 0
2 5 3 0 3 0 1 0 1 3 3 0 5 2
4 1 2 5 5 0 5 3 3 1 1 1 2 1
4 0 2 1 2 5 0 3 2 2 3 5 3 1
1 1 2 1 1 1 5 4 2 4 4 1 3 4
0 4 3 5 0 5 3 0 3 1 1 4 4 5
0 5 1 1 3 4 0 5 4 1 3 5 0 5
4 1 5 2 2 1 3 5 1 4 5 2 2 2
5 4 0 4 3 5 3 5 1 5 5 2 2 1
5 1 3 5 0 0 0 5 0 0 2 2 4 5
1 4 2 0 1 2 2 3 1 2 4 1 5 2
0 5 1 2 1 1 3 1 0 3 1 1 1 5
5 1 5 4 5 5 2 4 0 5 2 4 3 1
1 1 4 5 2 0 3 4 0 1 1 3 5 0
3 2 4 4 3 5 4 4 5 3 2 1 5 3
4 3 2 5 3 3 2 0 5 2 2 1 2 5
2 1 4 3 2 1 2 2 4 3 1 0 4 0
5 4 0 5 1 2 0 1 0 4 5 1 5 4
5 2 0 4 5 3 1 4 1 4 3 5 4 5
0 4 2 3 2 4 0 5 2 4 1 2 3 4
5 0 1 0 2 5 5 4 5 2 1 0 5 0
3 0 1 2 0 1 2 2 3 4 3 4 0 4
0 5 1 2 0 3 4 4 1 5 3 3 2 3
4 3 0 2 1 2 5 5 4 1 5 0 0 2
4 0 4 5 0 4 3 0 5 0 3 0 0 5
2 5 2 0 4 0 2 0 5 0 1 4 2 3
5 4 1 5 4 5 1 4 1 3 4 0 2 2
4 2 5 1 1 1 3 4 5 0 3 3 2 1
3 5 0 1 5 3 4 0 5 3 3 3 1 3
4 3 0 3 3 0 1 5 5 0 3 1 5 1
3 4 3 3 3 4 5 5 3 1 4 0 2 2
3 5 5 1 0 0 1 4 3 0 1 3 5 5
4 0 4 4 5 3 3 5 1 4 0 1 2 1
4 0 5 2 4 1 0 5 3 5 2 0 3 1
5 3 4 2 2 5 5 1 1 2 1 1 2 1
2 5 3 3 5 3 3 4 0 3 0 2 3 0
2 1 1 2 4 2 4 4 4 0 1 4 4 0
0 0 5 5 4 1 4 2 5 4 5 3 5 0
3 3 0 5 3 2 3 3 4 2 4 3 5 3
4 3 5 0 5 1 5 0 0 5 3 5 1 4
2 1 1 1 5 1 5 0 5 4 5 0 5 2
4 0 2 0 0 1 5 0 3 1 3 5 4 3
0 5 5 1 2 0 1 3 2 5 4 0 4 1
4 0 5 4 3 5 4 2 3 2 3 1 5 1
4 0 5 1 0 0 2 2 5 2 1 4 0 1
0 5 2 4 1 1 5 4 5 4 2 0 5 0
2 2 5 2 2 3 4 1 1 4 1 1 3 0
2 2 1 3 0 4 2 3 2 0 5 5 1 3
3 5 1 2 2 4 2 3 0 2 3 2 5 3
3 1 5 3 3 3 2 1 2 0 4 1 3 4
0 2 5 4 5 1 0 3 3 5 0 1 0 0
5 2 5 1 3 3 1 2 1 0 5 1 5 3
2 3 2 1 5 5 1 1 3 1 5 1 2 0
0 1 3 0 5 0 5 2 5 5 1 5 2 4
1 5 4 0 0 1 3 5 4 4 2 5 5 0
2 4 4 1 1 3 3 1 3 3 5 1 3 3
2 2 0 0 5 3 4 0 1 5 3 4 0 4
1 4 2 0 5 4 1 5 0 1 3 1 1 3
4 4 1 3 3 0 3 4 2 2 2 0 5 5
4 2 0 3 5 0 4 0 2 5 0 3 4 3
5 1 3 3 2 1 2 2 3 1 3 5 5 4
0 5 1 0 4 3 2 0 4 3 5 1 5 5
4 0 3 1 2 0 1 2 1 3 3 2 1 1
4 0 0 3 4 4 4 4 1 5 1 5 3 1
1 3 3 4 2 2 3 4 0 2 2 2 1 4
0 4 5 2 3 4 1 3 1 0 1 1 1 5
0 0 3 0 4 5 3 5 1 3 1 2 3 0
4 1 4 4 2 0 1 5 0 5 5 5 1 2
5 0 1 2 2 3 0 1 3 4 1 3 4 2
4 5 0 2 4 3 4 2 4 1 1 2 4 2
2 3 3 2 1 0 0 4 4 1 5 2 5 0
0 1 2 5 0 4 5 4 2 1 5 4 2 1
0 5 0 1 5 0 4 5 0 2 4 5 2 0
3 1 2 0 3 2 1 5 5 4 4 5 5 3
1 5 2 5 0 2 5 3 5 5 4 5 4 2
2 2 4 0 4 2 3 2 4 0 1 4 4 0
0 2 5 1 1 3 5 1 0 5 3 2 5 2
0 5 3 2 4 4 5 0 1 2 5 4 0 5
1 1 5 1 4 5 1 2 1 1 1 1 1 4
4 3 3 5 0 0 2 1 0 0 4 5 1 2
1 4 2 3 0 5 1 4 1 3 2 2 3 0
0 4 1 0 1 0 4 1 5 3 5 3 1 3
1 2 0 4 5 3 3 4 2 2 2 0 3 5
5 0 2 5 5 1 3 3 3 2 2 2 4 1
1 3 1 0 5 2 1 1 4 5 2 1 4 5
3 4 1 3 2 1 2 0 2 4 1 2 2 0
5 3 3 3 2 4 1 2 4 1 1 0 1 3
1 5 4 5 4 5 4 2 3 0 4 3 0 2
4 3 4 1 0 0 5 3 0 4 5 5 2 0
0 2 5 5 2 4 2 4 4 0 4 1 5 0
1 3 4 0 0 4 3 4 5 3 0 4 5 0
3 5 4 2 0 1 4 1 3 3 3 4 4 3
1 0 3 3 5 1 4 1 3 1 3 3 1 2
5 4 5 3 1 0 3 3 3 2 3 5 2 2
3 4 2 0 4 3 4 3 4 0 2 0 4 0
0 3 2 1 4 1 5 3 5 5 1 0 1 0
1 3 5 5 4 2 4 1 0 1 3 5 4 4
3 0 4 3 2 3 2 4 5 5 3 5 2 2
0 3 4 1 3 0 2 0 1 2 0 0 2 5
4 0 1 4 1 0 1 2 2 0 5 4 4 5
4 0 1 5 4 4 2 0 4 5 5 3 0 3
3 1 3 2 5 0 5 0 5 1 1 3 1 4
1 3 4 4 0 0 3 5 1 4 2 2 3 1
3 4 2 3 1 2 0 5 3 4 5 3 5 4
4 1 1 5 3 0 0 3 0 1 3 0 4 2
5 0 5 0 1 5 3 2 3 2 3 0 5 5
4 1 3 4 5 4 3 4 3 4 1 4 3 2
3 2 0 4 5 5 0 1 0 2 2 2 0 5
4 1 0 5 2 3 0 5 4 4 3 2 2 4
4 1 2 3 5 0 1 3 0 4 3 5 5 1
2 0 3 1 5 0 5 3 4 1 3 4 2 2
3 2 3 1 5 1 5 4 2 5 3 0 5 2
4 5 5 3 5 3 5 0 3 1 4 1 3 5
5 3 5 2 2 4 5 3 5 2 5 3 2 4
3 1 5 2 2 3 5 5 1 2 1 5 0 3
1 1 2 1 1 2 2 3 1 5 3 5 4 2
5 5 3 3 0 2 2 5 2 0 0 4 3 1
4 2 1 2 1 1 1 4 4 4 4 1 4 3
4 2 2 2 3 0 2 5 3 0 1 2 1 1
4 5 1 1 5 0 4 3 0 0 2 3 4 3
4 0 3 5 0 5 3 1 1 0 0 4 0 5
3 3 4 5 2 3 4 3 0 4 3 1 5 0
4 5 3 2 2 4 1 4 1 5 0 5 2 0
5 0 3 4 0 1 1 0 4 1 3 1 3 0
4 2 5 4 3 0 1 0 5 5 4 0 4 1
4 2 4 0 2 2 3 3 0 3 1 5 2 5
5 0 5 3 3 1 4 2 0 2 1 0 0 4
4 3 3 1 2 5 3 0 3 2 5 2 4 3
4 5 5 2 0 2 4 4 0 2 1 5 3 5
5 4 2 0 1 2 4 0 0 5 4 5 1 2
2 4 0 4 2 1 0 1 4 5 4 4 0 0
5 5 2 3 0 1 5 3 2 0 3 5 1 0
4 5 1 2 1 5 3 4 2 0 2 0 3 3
5 3 0 2 5 5 3 5 4 5 2 4 4 3
2 1 4 1 5 4 1 0 4 4 2 5 3 1
2 2 5 0 4 3 2 0 4 5 1 5 0 2
0 0 5 2 3 0 1 0 2 1 2 2 1 5
2 0 5 5 4 1 3 4 1 2 2 0 1 5
5 2 5 4 2 2 1 2 4 3 2 2 0 4
3 1 0 0 5 5 2 2 3 5 5 4 1 3
2 4 1 4 2 4 4 3 2 4 5 2 5 1
0 2 1 4 4 0 3 3 2 1 5 4 0 4
2 0 0 4 3 4 3 4 3 2 3 0 2 5
4 5 0 1 1 2 2 5 3 4 3 1 2 3
1 5 2 3 0 3 4 1 2 1 2 1 1 4
5 4 5 2 5 4 3 1 1 4 4 0 1 1
2 5 1 0 1 1 2 5 1 2 2 5 5 5
0 5 2 1 3 3 5 1 5 0 5 4 4 0
2 3 1 4 3 2 3 2 2 0 2 0 0 2
1 2 4 2 4 4 4 5 4 5 3 1 0 3
4 2 3 0 3 3 2 4 5 1 0 0 4 4
2 0 3 5 5 2 2 0 0 2 1 0 2 4
0 2 1 3 2 2 4 5 3 2 0 2 2 2
3 0 4 3 1 4 2 1 4 2 5 3 1 2
5 2 0 0 4 4 4 4 5 2 0 3 0 5
0 5 1 4 0 2 3 2 5 5 0 2 0 5
1 0 1 3 4 4 4 0 1 4 3 5 5 4
0 4 4 4 3 2 3 1 5 5 0 1 2 5
4 0 2 2 3 5 3 1 0 5 0 5 3 1
5 2 3 5 0 4 3 3 5 4 2 0 5 4
5 0 4 0 0 2 4 4 2 0 4 4 0 2
4 4 2 1 0 5 0 4 0 3 4 1 3 0
0 4 4 4 4 1 5 0 5 4 0 5 2 1
4 4 3 5 3 5 2 1 1 0 1 4 3 3
4 4 3 2 3 0 5 1 5 4 3 0 0 3
3 1 1 2 4 3 0 1 5 1 4 3 3 0
0 2 1 5 0 4 2 1 3 5 2 3 4 2
0 0 1 3 2 4 0 2 4 1 1 3 3 2
5 3 3 3 0 5 1 0 5 0 0 1 5 4
3 3 0 3 4 2 2 1 0 3 1 0 4 2
4 3 5 0 4 1 3 5 5 1 0 1 5 3
5 1 0 4 3 4 5 3 0 0 3 4 3 3
4 2 3 0 0 3 1 4 5 4 4 1 2 1
1 2 2 0 4 4 1 1 5 3 1 0 3 3
4 5 3 1 0 3 3 1 0 5 3 4 5 2
1 4 5 5 0 2 3 4 2 0 3 1 5 3
4 2 1 0 1 5 0 1 4 2 5 3 3 5
3 4 1 4 1 4 0 5 4 2 4 1 2 5
3 3 1 3 4 4 4 3 2 1 5 5 5 0
5 5 2 5 0 0 1 3 1 5 0 5 4 2
1 4 1 0 0 1 0 1 1 3 5 1 4 2
2 5 0 1 1 5 1 4 3 2 1 3 3 4
0 1 2 4 1 2 4 3 5 1 0 2 2 0
5 5 0 2 5 0 3 4 2 2 3 4 4 3
1 4 4 0 5 3 1 2 4 0 1 2 3 2
5 4 5 2 4 2 4 2 1 5 0 3 4 5
5 4 2 3 5 5 0 4 4 0 5 4 0 1
1 2 4 4 0 0 3 3 0 2 4 5 4 1
4 2 1 1 3 4 0 1 3 2 2 2 4 5
1 3 5 2 3 3 4 1 0 0 0 3 4 4
2 5 5 2 0 5 0 1 0 5 5 4 2 4
1 1 0 5 4 2 5 5 4 2 0 5 0 0
4 1 4 4 4 0 5 4 5 2 4 5 5 0
4 5 4 1 5 5 2 0 0 5 5 0 0 4
5 4 2 0 4 3 5 3 5 5 4 5 2 1
2 3 2 1 2 5 0 2 0 0 3 0 2 2
3 0 1 2 0 5 1 3 4 1 1 4 0 1
4 2 4 2 0 1 4 3 1 4 1 3 1 1
1 5 5 4 0 3 4 0 2 3 4 5 4 2
1 4 5 4 0 1 1 1 4 4 0 4 1 0
3 1 2 3 1 5 0 3 1 2 1 3 1 0
1 5 5 1 4 4 0 2 3 3 3 5 0 4
1 0 2 0 5 2 5 4 0 0 5 3 3 2
5 0 4 5 0 5 2 4 1 2 1 1 5 2
5 4 2 1 1 4 3 5 5 2 5 4 1 0
4 0 2 2 2 2 1 0 0 4 3 4 3 3
0 3 2 4 2 1 5 0 5 0 2 5 2 0
2 3 1 4 0 0 4 2 2 4 0 0 0 1
0 3 2 4 2 0 2 2 2 5 5 5 1 3
5 2 2 3 3 5 4 1 1 5 2 2 1 1
5 5 2 4 5 0 5 5 5 5 1 3 2 4
4 0 1 5 0 1 2 2 5 2 1 4 1 2
5 3 3 2 5 1 4 2 3 5 5 1 0 1
0 2 3 2 4 3 5 3 1 5 0 1 1 3
5 4 5 3 3 4 2 0 0 2 2 1 0 0
2 5 5 2 3 3 3 1 4 3 0 2 2 0
5 5 0 3 3 4 2 2 1 5 5 5 2 4
1 1 3 3 4 5 2 1 3 4 2 1 0 0
2 1 0 1 2 0 1 1 2 0 2 3 2 3
3 4 4 0 5 4 1 2 4 1 2 3 4 5
3 2 0 5 3 0 3 4 2 3 5 0 5 3
2 2 3 2 2 4 2 1 5 5 1 4 2 5
1 1 0 4 3 1 4 4 4 4 2 2 5 3
1 2 5 4 1 0 4 1 3 3 2 0 3 1
5 5 0 1 2 2 0 2 2 1 1 0 2 0
2 4 4 5 0 5 1 4 3 0 5 2 0 1
2 1 1 0 2 1 0 3 5 5 1 0 3 0
4 4 4 2 2 2 2 3 5 1 1 0 0 4
1 4 1 1 2 1 1 1 0 3 4 1 0 5
2 2 2 1 1 1 5 2 3 0 4 5 2 4
2 1 0 5 2 0 2 5 0 5 0 5 0 3
3 2 5 2 4 0 0 0 5 5 4 4 0 4
3 3 5 1 0 1 0 4 1 5 3 5 2 5
3 1 5 4 4 2 1 5 4 3 4 0 4 3
5 1 0 2 2 1 2 1 1 2 2 5 3 5
0 2 4 0 1 5 0 2 5 4 5 2 2 5
0 1 5 3 4 3 5 2 5 1 1 5 4 3
2 3 4 2 1 5 2 1 1 0 2 3 4 0
4 0 2 1 4 0 3 5 0 5 3 2 5 3
1 4 4 2 4 2 5 4 0 3 5 2 4 5
5 1 1 3 4 0 2 5 0 0 5 4 0 2
3 0 5 2 2 1 3 0 1 1 0 3 4 5
2 5 3 0 3 0 0 5 4 3 3 1 1 1
5 1 1 4 4 0 1 3 5 1 1 3 3 1
0 3 4 3 0 4 5 4 4 2 2 4 2 5
3 0 5 1 4 0 5 3 1 0 3 3 3 1
3 5 4 4 4 4 1 1 3 5 3 2 3 5
2 3 2 1 5 4 1 0 3 2 4 2 2 2
3 1 1 0 0 1 1 0 3 2 4 2 1 2
2 3 5 4 3 2 3 3 5 0 1 4 2 2
4 2 4 4 0 2 3 4 3 1 3 5 2 5
1 0 4 1 3 2 1 0 1 3 4 0 0 1
1 1 1 0 2 5 3 0 5 2 0 4 2 3
3 2 4 2 3 0 0 3 4 1 4 2 2 4
4 2 0 2 1 2 5 5 5 4 5 5 2 2
0 0 5 3 2 4 2 5 4 4 4 4 5 1
4 3 4 0 5 2 5 5 1 4 3 1 0 0
2 1 4 5 0 1 1 3 3 0 0 5 0 4
3 5 4 2 2 3 0 4 5 0 2 1 1 4
2 1 2 5 4 2 0 5 4 5 2 5 4 0
2 5 1 5 4 5 4 0 3 4 0 5 1 2
4 4 0 1 5 1 1 3 0 3 0 0 4 0
1 0 3 3 5 0 1 5 5 4 4 5 3 3
5 3 1 5 4 2 4 5 4 4 4 3 3 3
5 3 2 2 5 4 2 4 3 3 4 1 1 0
0 1 3 1 1 5 3 3 3 5 4 5 5 5
2 5 0 0 2 5 3 4 4 2 1 5 1 4
3 2 2 2 4 2 5 1 5 4 2 0 0 5
4 3 0 3 1 4 0 4 4 5 5 2 5 4
4 3 2 1 3 2 0 3 4 1 3 4 3 0
0 2 2 0 5 2 4 5 5 2 5 5 0 2
1 1 0 1 4 0 2 3 2 5 4 5 1 4
1 1 3 2 1 5 1 5 1 4 3 5 1 0
5 2 1 1 1 2 2 2 4 2 0 4 5 2
2 1 0 2 5 0 2 0 4 0 5 0 0 2
0 5 5 4 3 4 1 3 4 2 0 5 0 4
0 1 4 4 0 4 3 5 5 5 4 1 2 3
2 4 1 3 0 1 3 3 3 4 5 5 2 4
2 0 2 1 4 2 0 2 5 0 0 0 2 3
0 0 2 4 3 5 4 0 4 5 2 5 2 1
1 1 0 5 5 3 2 0 1 5 5 1 3 1
3 1 2 5 5 1 5 1 3 2 5 0 2 0
5 0 3 3 3 5 3 1 5 2 5 3 3 4
1 3 0 3 4 3 2 3 4 0 3 5 1 3
3 2 1 2 4 1 2 4 5 0 5 2 5 2
0 1 1 1 0 4 4 2 3 3 2 0 0 2
5 3 5 2 1 3 1 1 3 5 1 0 4 0
3 4 5 3 5 3 2 0 0 5 0 2 0 4
2 1 1 5 5 4 3 4 2 3 1 3 5 4
0 2 0 4 3 1 1 0 4 5 2 3 4 4
0 5 1 5 0 4 4 5 0 1 0 4 1 3
1 0 0 2 0 1 1 3 2 0 2 3 1 4
2 0 2 0 0 2 0 1 3 3 0 5 3 2
0 5 3 4 2 3 3 2 2 1 3 2 3 0
3 4 1 4 0 0 5 2 1 2 1 3 3 2
4 5 5 0 2 4 1 4 2 3 0 4 5 2
5 0 1 0 4 2 3 3 4 4 5 5 0 0
4 2 2 5 3 3 5 5 5 1 5 5 2 3
1 1 5 0 0 4 1 1 3 4 4 0 0 2
1 2 5 2 4 5 3 1 5 3 1 4 4 4
4 0 1 5 1 5 0 0 0 4 5 3 4 5
1 5 4 2 5 4 5 0 4 4 3 2 5 5
2 3 3 1 5 0 2 4 4 2 2 3 2 0
4 4 0 1 2 2 1 0 2 1 5 2 0 5
3 3 3 4 3 2 3 5 5 4 4 0 5 3
3 5 1 0 4 5 5 1 5 2 4 4 3 4
1 5 0 2 1 1 2 1 1 1 3 5 3 2
5 1 2 1 2 0 1 5 4 1 0 1 5 4
4 0 5 4 0 1 2 4 2 5 2 0 3 5
2 5 4 0 5 0 0 2 2 3 5 4 0 5
2 2 4 1 3 0 3 4 4 4 0 1 0 3
3 1 1 1 2 3 0 4 2 1 3 2 5 1
4 2 3 0 1 1 5 1 5 4 4 0 4 1
4 4 0 1 4 5 2 2 1 0 1 2 5 0
1 1 0 5 4 5 0 4 5 2 5 0 1 3
2 5 4 2 3 2 5 2 2 1 0 5 1 1
1 4 1 2 1 4 5 3 1 0 4 5 1 3
5 3 1 4 0 4 0 1 2 0 5 0 3 4
4 5 4 1 4 1 5 0 0 0 1 2 5 2
5 3 0 1 4 2 1 4 3 4 2 5 5 4
2 2 0 5 4 4 0 5 5 0 2 1 5 2
0 4 3 3 0 5 2 1 5 1 4 0 4 1
3 4 1 0 0 3 0 2 5 3 5 0 5 3
5 2 2 2 1 3 5 1 3 5 1 0 2 1
2 2 3 4 0 0 4 4 2 1 0 4 0 4
1 0 1 2 5 2 5 1 3 4 1 3 4 1
4 2 0 4 4 1 0 5 5 5 0 1 1 4
1 2 1 2 3 4 3 1 2 2 3 0 1 5
0 5 3 2 0 3 1 0 5 2 5 0 1 3
4 1 5 0 4 1 2 5 1 4 5 0 2 4
1 1 1 5 0 5 3 5 3 5 5 5 1 5
0 0 1 5 5 0 3 4 0 0 3 5 4 2
1 0 0 1 4 4 3 3 4 2 1 5 3 4
2 2 1 1 5 5 2 1 4 5 3 4 3 2
3 2 5 1 0 2 2 2 2 2 2 3 0 0
3 5 2 5 4 5 1 0 5 5 1 1 2 3
2 1 3 1 3 0 0 5 1 2 4 2 4 5
3 4 5 1 3 5 0 1 5 2 4 3 5 2
4 1 4 2 2 5 2 3 3 0 2 3 0 2
1 2 3 0 1 0 1 5 2 5 1 5 3 4
1 3 3 2 1 4 0 1 3 0 1 5 0 5
2 1 5 4 3 2 1 4 4 1 0 5 4 5
2 2 1 2 1 3 5 0 2 4 5 0 1 5
3 2 4 4 1 1 3 3 2 0 0 1 1 1
3 2 0 2 4 4 1 3 5 3 1 4 5 2
0 4 0 5 0 0 2 2 5 4 4 1 2 0
5 1 3 1 1 5 4 5 5 0 5 4 4 3
1 4 2 3 5 4 5 5 4 3 2 3 4 3
1 1 2 3 3 2 0 1 5 4 3 5 3 5
2 2 2 1 4 5 5 2 0 0 2 2 5 0
2 2 3 4 5 1 5 3 5 3 2 0 3 4
4 0 5 2 4 1 5 4 1 4 3 0 5 1
1 5 0 2 3 2 5 1 0 1 1 2 5 5
5 2 0 0 4 1 4 4 4 0 3 1 4 5
0 1 0 3 1 4 2 2 3 5 0 5 2 3
5 0 3 4 4 1 1 4 4 5 3 2 1 1
1 0 2 0 4 4 5 0 2 3 2 4 0 2
2 1 2 0 1 2 4 3 3 1 1 1 3 5
3 3 0 1 5 1 0 1 4 2 5 4 3 1
4 3 4 4 1 0 5 2 1 3 2 5 4 5
5 1 1 3 4 3 0 2 3 1 4 4 2 4
2 1 2 5 5 5 2 1 5 4 3 1 2 2
1 1 1 4 1 2 4 0 4 1 0 0 2 0
5 1 5 5 2 0 5 3 4 3 1 3 2 2
2 2 1 5 2 0 5 3 4 0 3 4 5 4
3 0 0 2 0 1 2 2 4 1 3 2 5 1
0 5 0 0 3 1 0 0 2 5 2 5 5 0
3 5 2 0 3 5 4 1 1 1 2 0 1 5
5 2 3 4 2 2 0 5 1 0 4 2 4 2
2 4 4 2 1 4 3 5 0 3 0 0 4 0
1 4 0 0 0 4 3 2 0 4 0 0 0 1
3 1 0 4 3 5 5 2 2 2 1 0 0 5
5 5 5 1 4 4 1 1 5 2 3 1 1 3
2 2 4 4 1 1 0 4 0 4 3 3 5 4
0 3 5 5 0 2 0 2 3 3 3 3 0 3
1 3 1 4 0 1 5 0 3 0 1 4 1 3
5 1 3 3 4 1 2 1 4 4 0 5 1 3
3 3 5 3 0 3 5 0 3 5 3 4 5 2
0 1 2 2 2 4 5 5 1 2 0 2 5 0
3 5 3 3 1 4 4 2 5 5 3 0 4 1
1 3 0 3 4 1 3 3 1 2 4 4 3 4
4 2 5 5 3 0 3 2 0 5 4 4 0 5
5 4 2 3 1 1 4 1 1 1 5 3 2 3
0 3 0 1 4 3 2 3 1 5 5 4 5 5
2 0 1 2 5 5 3 3 1 1 5 0 1 5
4 4 3 4 1 5 1 5 2 1 2 4 3 3
4 1 2 5 4 1 5 1 2 5 3 3 0 3
3 2 4 1 4 2 5 4 5 1 5 5 4 0
1 3 0 2 1 3 0 1 5 5 5 3 1 1
4 4 0 4 1 0 3 1 2 3 3 1 5 0
4 1 1 4 3 1 1 3 4 3 1 4 5 5
0 4 1 2 4 2 0 4 4 1 3 3 3 2
0 5 5 2 3 3 4 5 5 3 5 1 4 3
0 0 2 3 1 4 3 5 1 3 2 4 1 0
4 4 4 4 1 1 3 3 5 5 1 0 5 3
5 1 3 0 5 2 1 4 1 1 4 2 3 0
1 3 4 3 4 5 0 0 4 5 2 1 0 4
0 5 0 5 0 1 0 4 2 3 2 4 5 0
3 3 5 1 3 4 0 5 2 4 2 2 2 0
0 2 3 4 2 3 4 4 2 2 0 1 0 2
4 3 1 1 4 0 0 5 3 0 4 1 0 3
0 5 3 1 5 0 0 3 0 1 2 4 4 1
5 0 0 3 2 0 4 1 2 3 1 2 4 1
2 5 5 1 4 2 4 1 1 2 5 4 2 0
5 5 2 0 3 1 0 3 2 2 0 5 2 0
1 2 5 0 5 3 1 1 2 4 2 1 4 5
1 1 3 1 5 1 3 3 2 4 5 3 3 0
0 1 3 1 4 1 0 4 0 3 5 0 5 0
3 5 5 1 5 4 1 5 2 4 3 4 3 2
1 4 1 5 3 2 0 2 3 0 2 5 1 5
0 4 4 4 2 2 4 1 4 4 5 4 2 2
5 3 3 0 5 0 3 5 2 1 2 0 3 1
0 1 2 3 2 0 2 5 0 5 4 2 0 1
2 4 3 0 2 5 1 3 1 4 2 3 2 2
1 0 3 2 3 3 3 3 3 2 3 5 0 5
2 5 0 1 4 5 1 3 1 3 2 1 1 0
1 2 0 5 3 4 3 4 1 3 5 2 4 2
5 0 0 3 3 0 0 4 3 2 5 2 4 2
2 0 1 3 5 1 5 3 1 0 1 3 1 4
5 2 3 3 5 5 3 1 1 5 1 3 5 0
2 3 4 4 3 1 2 4 5 1 3 5 0 4
4 2 2 4 4 1 4 5 0 5 0 5 3 5
2 3 4 5 4 1 0 3 2 4 3 0 0 4
0 5 5 3 0 4 1 0 0 0 2 3 1 3
0 0 5 3 5 2 3 2 1 3 1 4 1 4
4 5 1 5 3 3 3 4 2 4 2 3 5 2
5 2 0 3 4 1 4 5 2 4 5 3 3 3
2 3 4 0 3 5 5 4 1 3 4 5 4 4
3 5 4 1 5 5 0 1 2 2 1 4 3 1
0 2 5 4 1 1 5 5 1 0 5 0 5 2
0 3 0 3 1 5 5 4 5 4 0 3 1 0
3 0 1 2 4 3 4 5 2 0 1 2 5 1
3 1 0 0 3 4 2 5 0 0 1 1 5 4
2 0 5 5 4 5 3 3 2 2 5 1 2 1
2 1 5 4 0 5 5 3 1 4 3 3 3 4
3 3 2 0 3 0 5 3 2 1 0 1 3 4
1 2 5 5 0 0 2 2 5 0 5 0 1 2
5 1 0 5 5 5 4 4 2 4 1 2 2 2
0 2 1 5 4 1 5 1 4 0 3 3 2 5
3 5 1 3 0 4 3 5 1 0 1 2 1 4
4 3 1 0 5 4 3 1 1 3 1 5 0 0
1 3 5 4 5 2 2 3 1 0 3 5 2 1
4 4 5 1 1 3 5 3 1 3 4 5 3 2
4 3 2 1 5 5 5 2 3 1 0 1 2 0
3 2 2 4 1 4 1 3 1 1 2 2 1 3
1 3 1 5 4 3 2 5 0 0 5 2 2 0
5 0 0 3 5 5 0 5 4 3 5 3 3 4
5 2 3 2 2 1 3 5 5 0 3 3 3 4
3 1 0 2 4 0 3 3 5 4 4 5 3 4
0 0 4 1 3 1 0 2 0 3 0 5 0 0
1 0 5 2 1 5 2 2 5 4 1 3 2 2
0 1 4 4 4 5 4 4 0 3 4 4 4 1
0 0 2 3 2 3 4 3 1 0 1 2 1 5
2 3 3 0 3 4 0 1 1 4 1 2 3 1
5 5 4 5 0 5 5 1 3 1 3 2 4 5
3 4 3 5 5 5 1 2 4 1 1 5 3 4
1 4 3 4 5 2 2 3 0 1 4 2 1 1
3 1 5 1 4 2 0 5 5 0 0 4 5 1
0 4 5 3 4 4 1 5 2 0 2 1 1 1
3 0 2 0 2 0 1 4 2 1 5 2 1 5
5 2 5 1 2 3 5 1 0 4 2 0 2 0
5 4 4 1 0 4 1 3 5 4 1 5 5 2
0 2 5 5 0 0 4 4 3 0 5 2 3 0
5 3 5 3 5 4 3 2 1 0 5 3 2 5
2 1 0 1 4 1 5 0 3 0 5 5 0 5
0 5 4 3 1 4 0 4 1 0 2 2 2 3
2 4 3 3 0 4 5 0 3 3 0 0 3 0
2 5 3 0 1 1 4 3 3 2 4 5 1 0
5 3 4 1 4 1 5 4 2 3 0 4 1 1
5 3 0 0 0 2 2 5 1 4 3 0 3 5
5 1 5 4 0 2 3 2 5 4 2 2 0 3
0 4 5 5 5 4 5 0 2 5 3 0 1 2
3 2 1 4 5 4 5 2 0 5 2 1 3 5
3 3 0 3 5 4 0 5 4 4 3 3 0 2
5 2 0 1 3 2 1 5 5 2 3 5 2 1
1 3 3 1 5 0 4 2 1 3 2 5 0 3
4 5 5 4 5 1 1 0 5 3 4 5 1 5
4 0 0 0 4 4 5 2 5 2 4 0 5 4
0 2 1 5 0 1 1 5 5 5 4 4 1 3
2 2 0 1 0 2 1 5 3 2 4 4 3 1
2 1 3 1 3 5 5 2 0 3 2 0 5 2
4 0 5 2 4 2 5 1 1 4 1 3 1 3
0 3 2 4 0 5 2 4 3 5 3 3 5 4
3 0 5 5 0 0 4 1 0 1 0 2 1 0
1 3 0 1 4 3 1 3 3 2 2 2 0 3
3 5 4 4 3 3 4 3 0 0 0 1 5 1
3 5 1 4 3 1 0 5 2 2 3 4 3 3
5 4 0 4 0 0 5 4 5 3 5 2 0 4
1 0 1 3 3 0 5 0 0 5 5 3 0 5
2 1 0 3 0 1 3 4 0 5 1 0 2 2
2 2 4 4 1 1 2 0 3 5 4 3 4 5
0 5 3 3 0 3 2 4 2 2 4 4 2 1
1 3 4 1 5 3 0 2 1 4 5 4 3 1
2 3 1 1 1 3 2 0 2 5 2 5 3 2
2 1 1 2 4 3 4 1 1 0 0 4 2 0
1 3 3 1 2 4 5 2 1 4 4 0 0 2
5 0 2 5 2 0 1 5 2 3 0 0 5 3
3 4 5 4 4 3 3 3 2 0 0 5 5 0
1 4 2 0 1 1 0 0 0 1 2 5 5 1
4 2 0 2 1 3 3 0 5 1 4 1 4 4
2 5 3 4 5 3 1 0 0 2 5 5 4 0
1 3 3 1 5 3 3 0 2 2 2 3 1 3
5 2 1 1 1 3 1 1 2 4 1 3 0 0
4 2 3 0 5 5 2 5 0 2 0 0 5 2
1 0 1 5 0 5 2 4 2 0 0 0 2 3
4 4 3 2 3 4 5 3 3 0 5 0 0 1
5 2 2 3 1 0 4 5 3 2 0 0 0 1
5 5 1 5 5 0 0 5 3 4 0 4 5 0
4 1 2 5 4 1 1 2 0 2 3 2 3 2
4 0 2 0 4 3 1 4 5 1 3 3 1 2
1 2 4 1 1 4 1 2 0 0 0 2 2 2
1 4 0 0 0 3 1 0 5 0 1 3 0 4
5 1 5 4 5 5 0 3 1 5 5 4 5 2
4 1 4 0 4 2 4 0 1 3 1 4 1 2
2 2 2 4 1 2 5 3 0 1 4 3 5 1
3 3 3 2 5 1 3 3 3 0 2 1 4 3
0 3 1 2 1 4 3 3 1 0 4 3 0 2
3 2 3 0 1 5 1 5 2 4 4 2 4 4
5 4 3 0 2 2 0 5 5 5 3 0 3 4
4 1 5 3 3 5 4 5 4 0 3 0 5 1
1 4 1 5 2 0 1 3 2 3 3 3 4 4
0 2 3 0 5 5 4 3 5 2 3 1 3 2
4 1 3 4 4 5 2 0 4 2 2 0 0 4
5534 5534 0 0 0 0 0 0 0 0 0 0 0 0 0 0
4981 4988 1 3 5 5 3 0 1 1 2 1 3 4 4 1
7770 7782 4 0 2 0 2 4 0 0 2 2 4 4 0 0
4949 4949 0 5 0 2 4 2 4 1 5 2 3 5 4 4
3819 3820 2 5 5 2 4 0 5 2 5 3 4 4 2 1
4338 4342 1 0 4 3 3 1 1 2 3 4 5 0 3 3
4696 4704 2 2 3 0 1 0 3 5 2 0 5 3 0 4
7773 7784 1 1 4 4 1 1 4 1 2 2 1 4 1 5
1505 1505 4 2 4 0 4 4 0 0 2 4 0 0 0 0
7160 7173 0 0 0 4 1 5 5 1 1 0 5 3 3 3
1886 1895 0 1 2 2 4 2 2 0 4 4 1 1 5 1
3244 3250 2 2 2 1 1 5 1 5 2 0 3 1 4 5
2366 2366 3 5 2 3 5 0 0 1 0 3 4 5 5 1
1162 1169 3 0 3 0 3 3 0 0 3 3 0 0 3 3
1735 1741 1 2 4 4 2 4 3 1 5 4 5 2 5 2
100 492 4 5 4 4 2 2 3 3 2 0 0 3 3 1
2722 2734 0 1 5 1 1 2 1 0 3 0 3 5 0 2
6780 6791 1 5 3 4 3 2 1 5 1 4 0 3 4 1
7894 7912 5 0 0 3 3 0 0 4 3 2 5 2 4 2
3852 5960 5 4 4 2 4 5 4 5 5 0 2 0 0 5
23 32 1 5 4 2 0 5 4 2 5 0 0 5 1 1
2846 2855 0 0 0 2 2 2 2 0 3 3 1 5 3 5
695 704 4 1 5 2 5 1 2 1 5 0 2 3 4 1
750 2736 2 3 0 3 5 1 0 0 0 3 3 5 2 0
4267 4273 2 2 3 3 5 4 2 0 1 1 2 1 3 2
2029 2032 3 3 2 0 0 1 4 5 0 4 4 2 1 4
4922 4928 2 2 2 4 2 3 4 2 0 1 2 5 0 1
7680 7952 4 1 4 3 5 0 4 1 4 5 1 1 2 3
1997 2007 4 2 2 2 0 5 3 3 2 3 0 5 2 3
2443 2445 4 1 4 3 1 4 1 2 1 4 5 0 0 2
1396 1399 1 2 2 4 0 4 1 3 4 3 0 3 3 1
4357 4368 1 1 0 1 4 1 1 3 3 5 2 2 3 0
5710 5720 5 2 5 1 0 1 0 0 0 0 3 4 3 0
2931 2932 4 0 4 2 3 3 0 0 4 2 2 2 1 3
2227 2232 3 3 3 3 3 0 3 3 0 0 3 3 0 0
1379 1379 5 0 4 0 5 2 4 5 0 1 3 5 1 3
2019 2031 2 0 4 3 5 1 0 4 1 0 1 1 2 1
818 822 5 0 5 1 3 1 0 0 1 3 3 2 2 4
4369 4388 1 3 1 1 5 4 2 2 5 1 4 4 2 0
7368 7372 3 3 0 0 2 2 3 2 0 2 2 0 1 2
3579 3579 4 1 5 1 4 5 1 4 3 1 1 3 0 1
3752 3761 0 5 5 4 2 1 3 2 0 0 4 2 2 1
3938 3949 4 5 3 2 3 2 2 2 2 5 5 5 3 2
6648 7007 0 0 0 2 0 0 2 2 4 4 2 4 2 4
3456 3456 0 0 0 0 0 0 0 0 0 0 0 0 0 0
682 686 2 3 5 5 1 3 4 1 0 1 3 4 5 2
351 356 5 3 1 3 4 2 1 0 3 2 3 4 3 2
1101 5259 0 4 1 4 5 0 0 0 0 2 5 2 1 1
7285 7285 0 0 2 0 0 0 2 0 2 2 2 4 2 0
1780 1783 0 0 5 4 4 1 1 4 5 4 2 0 0 1
1237 1241 4 4 1 1 4 3 1 1 2 5 2 4 4 0
4516 4525 3 5 3 3 5 0 0 2 0 2 4 2 0 3
3865 3865 3 0 3 3 0 3 3 3 0 0 3 3 3 0
742 754 2 4 4 1 4 1 1 5 2 5 0 1 5 2
825 834 1 3 3 1 3 0 1 3 3 1 4 1 3 5
368 3989 4 1 0 1 5 0 1 3 2 5 2 3 4 1
1946 1956 4 3 2 5 2 2 0 0 1 3 5 5 0 4
6644 6651 2 4 0 1 2 4 0 5 3 0 2 3 4 0
3151 3163 1 5 5 5 1 2 5 3 2 5 0 4 4 0
965 3307 3 5 2 2 0 1 1 3 4 3 2 0 2 5
4804 4804 3 3 3 0 3 0 0 0 0 0 3 0 0 0
1325 1335 0 1 0 5 0 0 5 4 2 0 5 0 1 4
6477 6491 2 3 5 4 1 0 3 3 0 3 5 4 0 5
2410 2415 4 5 3 4 5 3 2 2 5 0 1 2 4 5
5202 5202 5 0 0 4 0 0 1 2 1 3 2 2 0 0
5720 5733 5 5 5 3 0 4 0 0 3 3 5 1 5 1
4147 4159 5 5 3 3 5 3 1 3 3 1 5 3 0 1
4777 4787 1 1 2 0 1 2 1 5 1 4 4 0 4 4
6657 6660 2 5 5 1 3 4 4 2 1 4 2 2 1 4
6647 6651 0 5 3 3 1 2 5 4 4 1 2 2 4 2
7330 7332 5 4 4 3 5 1 5 0 5 0 0 1 1 0
7013 7022 2 2 1 1 0 0 4 2 4 1 5 5 4 1
3749 3749 0 3 0 0 3 0 3 3 0 0 0 3 3 3
6474 6483 4 4 3 5 0 0 1 1 2 4 3 3 5 0
1224 1230 4 4 3 3 3 0 0 5 4 3 0 0 0 3
2898 2909 2 5 0 4 3 1 4 0 0 0 0 1 3 5
1575 1582 0 3 5 2 2 1 0 3 4 2 1 3 4 5
1520 1521 5 5 5 2 4 2 4 2 4 4 4 4 5 3
2320 2328 2 1 3 4 2 2 3 4 0 5 4 2 2 3
3296 7821 4 2 5 0 5 5 1 1 4 2 5 5 4 2
5823 5823 1 3 2 4 2 0 2 5 0 0 0 3 2 4
4356 4367 1 2 4 2 3 2 0 1 2 1 1 1 0 0
2063 2071 3 4 4 5 2 4 0 2 4 4 4 0 2 1
5495 5507 3 5 4 3 0 2 0 1 3 3 1 2 5 5
2690 2693 0 2 0 4 2 4 1 4 1 4 0 0 0 1
6473 6481 0 4 0 4 3 0 2 5 1 0 1 2 0 3
426 447 5 4 2 2 3 1 3 2 1 4 1 2 1 0
5682 5689 0 4 3 3 1 3 0 2 5 4 0 4 4 5
4739 4739 2 2 4 2 0 0 2 4 2 4 2 4 4 2
814 823 0 1 3 5 4 2 5 4 1 3 1 2 0 0
696 719 2 1 4 1 3 5 4 2 3 5 3 1 1 4
95 100 5 2 3 5 1 2 5 1 4 4 0 4 3 5
30 30 0 0 0 0 0 0 0 0 0 0 0 0 0 0
1973 1975 5 5 5 0 0 5 4 2 5 5 4 1 1 2
7376 7385 1 1 5 3 1 4 3 4 1 5 4 2 5 2
6631 6636 3 0 1 4 2 1 1 4 4 1 2 0 4 2
6094 6096 3 2 4 3 2 5 3 2 1 5 3 1 5 5
7689 7689 2 0 5 1 0 5 4 4 1 4 5 2 5 4
6548 6562 0 2 1 0 5 4 2 5 5 4 5 4 2 1
3178 3985 5 4 1 4 3 4 2 2 4 4 0 1 3 1
2354 2354 0 4 2 4 0 0 2 0 4 4 0 0 2 0
528 532 3 2 4 0 2 5 2 2 4 5 0 4 0 0
2323 2328 0 4 3 3 1 0 5 0 0 0 3 4 1 0
5423 5431 1 4 4 0 3 1 0 1 3 5 2 1 3 4
1619 1626 2 4 0 4 1 5 0 0 3 5 3 4 1 2
4273 4282 2 0 3 2 0 5 1 5 4 1 4 4 0 4
6249 6259 1 0 5 1 4 5 4 3 4 4 4 3 5 4
6405 6414 1 1 0 5 3 4 4 2 0 0 3 0 2 3
1269 1278 2 2 2 2 4 3 3 1 1 1 3 4 4 3
7787 7797 3 0 2 3 1 4 1 0 1 1 3 5 5 3
7145 7148 1 4 3 5 5 1 5 4 2 3 4 1 3 5
248 2422 4 0 4 2 4 4 0 2 2 4 0 4 2 2
4616 4626 4 0 0 4 3 4 1 4 3 4 1 4 2 3
1129 1134 0 5 0 4 5 1 3 0 4 2 3 5 5 2
7810 7835 2 0 3 0 1 1 3 4 2 2 3 4 1 3
7477 7480 3 5 3 1 0 4 2 0 2 1 2 2 1 3
3140 3140 4 2 2 1 2 5 3 4 4 1 0 1 3 2
396 408 5 3 1 2 1 2 4 3 3 2 3 3 0 2
1651 1658 1 1 5 0 4 3 5 4 0 5 4 4 5 1
7687 7689 4 5 1 1 0 3 5 3 3 5 3 5 3 5
3697 3702 2 0 5 0 3 0 1 1 3 1 2 2 3 2
74 80 4 3 4 2 5 1 3 1 0 0 3 2 1 5
3391 3417 4 4 4 4 1 1 0 0 1 5 4 2 2 3
726 6637 5 0 2 4 0 1 4 5 5 0 2 3 2 2
1675 1675 0 4 2 4 1 1 0 1 1 5 4 5 2 1
5894 5899 2 5 2 0 1 0 0 0 1 1 3 4 5 5
6427 6432 4 2 2 3 2 4 2 4 1 4 3 2 2 2
2082 2090 3 2 4 4 4 4 5 3 3 1 0 2 3 3
7339 7351 4 4 1 4 0 1 0 2 1 0 0 0 4 3
5014 5020 5 4 1 1 5 1 3 2 5 2 4 1 2 1
6897 6919 2 4 2 4 0 4 2 4 4 0 0 2 0 2
1159 1263 1 1 4 4 0 3 2 1 5 5 1 1 1 0
2047 2047 3 0 4 1 4 3 3 5 5 5 2 2 2 3
4607 4612 3 3 5 1 3 0 3 3 2 2 5 4 3 1
6585 6586 2 5 2 3 2 3 5 3 1 0 5 4 3 1
5309 5319 5 2 0 5 5 2 2 2 3 0 5 1 4 5
264 271 0 2 5 4 5 1 4 1 4 0 4 0 2 0
1041 1053 3 4 1 1 2 5 4 4 0 4 4 2 4 3
6612 6617 3 1 2 3 5 4 4 5 3 0 3 1 2 1
5543 5552 4 1 2 5 5 1 5 3 5 0 4 4 4 2
6219 6231 1 5 2 1 4 2 2 0 5 0 2 5 4 5
6216 6222 0 0 1 1 4 5 2 0 0 2 0 1 4 5
7948 7952 5 3 1 4 0 2 5 2 5 0 4 2 4 5
4982 4988 5 2 1 1 5 1 2 5 1 2 3 0 0 0
2064 2065 5 5 3 4 1 4 1 4 5 1 2 1 3 5
4471 4473 1 1 5 1 1 2 2 5 2 0 5 1 3 5
7357 7371 3 4 0 5 2 4 0 2 1 1 1 4 5 4
4120 4131 0 5 1 2 3 0 5 4 3 3 3 1 4 5
7643 7643 0 4 4 2 4 0 0 4 2 4 4 0 0 0
4798 4809 5 2 5 1 4 4 2 5 3 1 1 2 3 4
3552 3564 5 5 0 4 4 4 1 4 4 2 5 0 0 4
5613 6801 3 5 5 4 4 2 1 3 0 3 3 0 2 3
7969 7969 0 2 0 0 0 0 2 4 2 2 4 4 2 4
2303 2308 4 4 0 5 2 1 5 2 5 1 2 2 1 2
3160 3169 5 4 2 3 5 1 3 2 3 0 0 1 4 0
350 358 0 0 3 2 4 0 0 0 2 1 3 4 3 1
2568 2571 5 1 3 5 0 1 5 1 4 2 2 5 3 2
2536 2541 4 5 4 5 1 1 1 0 3 2 4 0 5 2
3947 3947 2 0 4 4 1 1 5 2 0 4 3 3 0 5
6732 7935 3 3 1 1 0 5 3 5 1 4 5 0 0 0
2078 2087 5 2 4 4 1 3 1 2 2 1 0 1 1 3
3742 3745 1 1 0 1 4 5 0 3 4 3 2 1 1 3
2315 2323 4 0 2 0 3 0 5 5 1 5 3 4 2 1
428 3396 2 4 5 2 1 3 1 1 2 0 5 1 2 1
3650 3650 4 0 0 2 3 3 3 0 2 5 3 1 3 1
1954 1967 2 1 3 1 1 1 0 1 0 1 0 1 1 2
4923 4930 1 5 3 2 3 2 0 2 5 2 5 3 1 2
1296 1301 1 3 1 2 4 1 1 5 1 0 3 3 0 2
5576 5576 0 3 3 3 0 3 0 0 3 0 0 3 3 0
6143 6152 2 4 1 3 1 4 4 0 1 3 0 5 5 1
3322 3325 2 0 4 4 0 2 4 2 2 2 4 2 0 0
7455 7460 5 0 3 2 0 0 2 2 5 4 0 5 3 5
390 395 5 3 3 5 2 5 1 1 0 0 2 1 3 3
2130 2139 4 0 0 0 4 4 4 2 2 2 2 4 0 2
5273 5281 1 4 1 2 3 5 3 3 0 1 3 3 4 4
3112 4968 3 5 2 3 5 0 3 5 5 5 3 1 0 2
7924 7924 5 0 5 3 4 0 3 1 0 3 1 2 1 4
1242 1254 0 3 2 0 1 3 0 5 5 2 1 1 3 0
3807 3834 4 3 4 1 5 5 3 1 1 5 5 1 2 3
7276 7281 5 4 1 5 1 3 0 1 2 1 5 4 5 2
5186 5186 3 0 0 3 3 3 0 0 0 0 0 0 0 0
7287 7287 1 1 3 4 5 4 0 0 3 5 1 2 5 3
3277 3278 4 2 5 0 2 1 1 1 5 5 4 0 0 1
5191 5939 1 2 3 2 0 1 1 3 3 4 4 4 1 0
6917 6917 1 3 4 4 1 4 3 3 4 2 2 2 3 2
4811 4822 1 4 4 0 1 0 0 0 0 1 2 4 1 4
6411 6418 0 5 3 4 0 2 3 0 3 3 5 3 3 5
4317 5037 4 3 4 1 3 3 4 2 0 3 2 1 4 5
1773 1778 5 5 2 2 2 3 3 3 1 1 2 4 4 5
1670 1681 2 3 2 3 1 1 2 3 0 1 4 3 1 0
7700 7702 3 5 3 3 1 4 4 4 4 3 2 4 1 2
2157 2157 4 2 3 5 1 3 4 3 1 1 4 3 5 4
2085 2085 3 4 4 5 5 0 5 0 5 5 2 1 4 0
57 68 1 5 3 2 5 3 4 4 1 5 2 1 5 2
4776 4781 5 2 0 0 1 5 2 3 2 5 1 0 2 1
2901 2912 2 4 3 2 2 4 4 0 5 0 5 3 5 0
5408 5408 5 4 5 0 0 4 1 2 5 4 5 4 2 3
5808 5813 0 0 1 3 5 3 1 3 4 3 4 5 4 1
963 975 3 3 1 1 0 3 5 5 3 3 3 1 4 5
4924 5804 5 1 0 5 5 1 2 2 0 4 5 4 5 0
4892 4894 2 0 1 1 4 0 1 5 4 1 4 2 2 5
4575 4576 0 0 0 3 3 3 3 0 0 0 3 0 3 3
1192 1215 1 4 0 4 4 3 0 2 3 0 3 3 3 4
1931 3066 4 2 0 0 3 4 0 3 4 5 0 5 2 5
3887 3887 3 2 3 5 5 4 4 3 5 3 4 3 1 1
122 126 4 2 5 3 3 2 4 1 4 3 0 0 0 0
6608 6616 1 2 3 2 4 3 5 3 3 0 0 1 4 3
7830 7837 2 3 2 0 2 1 5 3 0 0 4 0 2 0
3573 3585 0 3 3 2 3 1 0 3 5 2 0 3 5 1
3077 3086 4 4 5 4 2 0 2 4 5 1 3 3 0 4
4567 4580 2 2 3 2 3 5 4 2 1 5 5 4 0 4
5436 7104 1 3 4 5 2 0 2 0 3 4 3 0 5 0
5627 5627 2 2 0 2 0 4 0 2 2 2 0 2 0 0
3531 3540 1 2 0 3 5 0 1 5 3 3 0 4 1 2
1804 1809 0 3 5 5 3 5 4 5 5 0 2 5 2 0
14 17 1 4 4 1 1 3 1 5 1 3 1 1 0 0
3638 3650 2 4 4 0 4 3 3 0 2 1 3 0 0 0
1602 1603 2 4 5 0 2 5 2 5 3 1 3 3 4 5
6431 6435 4 3 3 2 1 2 5 2 1 4 5 0 0 2
3719 3724 1 3 4 5 4 2 5 4 0 2 1 2 3 3
5672 5672 1 3 5 5 4 0 4 1 5 0 3 2 4 0
5282 5283 4 5 1 3 4 5 0 0 2 5 5 2 3 3
6854 6856 5 5 1 4 2 1 3 2 1 5 3 4 3 2
849 2093 0 2 2 0 2 0 0 4 2 2 0 0 2 0
3045 3045 3 0 3 3 0 0 3 0 3 3 3 3 3 3
4331 4342 0 0 2 2 2 2 4 2 0 2 2 0 0 0
3857 3857 2 2 4 4 0 4 4 4 2 4 4 2 4 2
4655 4660 2 3 4 2 2 4 5 2 3 4 4 0 5 1
276 284 5 1 4 1 4 4 0 3 5 1 2 4 5 2
5662 5665 1 3 4 0 1 2 2 2 5 3 5 4 1 2
3112 3112 0 5 5 3 4 0 5 5 5 2 4 5 4 3
2638 2643 2 3 1 3 1 0 1 4 1 3 0 1 4 1
2071 2077 1 5 4 3 2 1 5 3 2 3 3 2 4 0
6064 6076 4 2 4 5 1 4 0 3 3 2 3 0 4 2
1893 1901 3 4 4 2 0 0 3 2 5 3 2 2 1 2
370 547 0 0 4 2 5 3 3 0 4 2 0 1 5 4
1790 1797 5 5 5 1 5 5 5 1 3 5 0 4 3 0
453 455 4 2 2 2 5 5 3 2 2 4 4 2 1 3
7811 7819 4 5 0 0 4 5 4 3 3 0 0 5 4 0
787 838 2 5 4 0 3 1 4 5 1 4 3 0 1 4
4707 4710 1 2 0 3 2 1 5 3 1 2 2 0 3 3
29 32 1 2 3 0 2 0 3 3 0 2 0 0 3 1
181 185 2 3 3 5 1 0 0 5 1 1 2 3 4 5
814 6205 3 1 5 4 0 2 1 2 1 0 1 2 1 2
4795 4803 1 4 1 0 2 1 0 5 0 3 5 4 1 1
4769 4771 1 2 3 1 2 5 0 1 3 0 1 3 3 2
5551 5555 1 0 5 4 3 1 4 1 3 2 3 5 4 1
104 4210 0 3 1 0 1 0 3 5 0 3 1 1 2 3
3545 3553 0 2 3 0 4 3 3 4 4 0 4 0 3 0
2234 2247 4 3 4 1 3 1 4 1 0 3 3 3 5 1
2565 2574 0 0 2 5 1 1 1 4 1 2 0 1 5 2
6797 7108 0 5 0 2 0 4 2 4 3 4 4 4 0 0
6706 6707 0 0 1 5 2 3 4 5 1 2 0 2 3 1
5686 5696 1 2 4 1 5 3 5 5 3 4 1 3 1 4
3398 3410 4 5 4 4 3 2 1 2 5 1 0 1 1 2
3645 7618 2 5 2 5 4 3 5 3 0 4 4 4 1 3
1620 1620 5 0 1 1 1 3 5 3 5 5 1 4 2 0
116 122 2 1 4 3 4 0 4 2 1 3 1 3 0 4
5633 5637 3 0 1 5 3 0 1 5 0 3 3 3 1 0
269 3405 4 1 0 5 0 5 3 0 4 5 0 2 2 1
4157 4168 1 5 1 4 0 1 1 4 5 1 1 0 5 3
4826 4829 3 1 0 3 0 4 0 2 0 0 1 5 5 4
7814 7826 2 5 1 0 0 3 3 4 1 5 3 1 2 2
2097 4491 0 4 2 0 2 0 4 0 4 0 2 0 2 4
6041 6041 2 4 4 4 0 4 4 4 0 0 2 0 2 0
2795 2801 0 1 0 0 3 0 2 5 0 4 4 0 5 1
5091 5091 4 4 4 2 1 5 1 3 2 2 0 5 3 3
357 3800 5 5 3 5 0 3 3 1 2 3 3 1 5 0
4744 4753 1 4 5 4 2 3 5 3 3 2 1 4 4 0
5717 5729 4 1 4 3 5 0 2 1 5 4 4 2 2 4
4770 4777 3 0 0 2 4 4 4 2 5 5 3 1 5 0
2362 3282 5 2 1 2 3 1 2 2 0 3 3 2 1 3
1957 1957 1 4 0 3 2 0 4 0 3 2 4 3 5 3
3900 3911 4 5 1 0 2 3 2 2 5 0 0 4 0 4
7003 7030 2 1 5 5 3 0 0 1 1 4 4 3 2 3
53 577 4 4 4 4 0 3 1 0 0 2 5 5 4 3
3732 3732 0 0 0 0 0 0 0 0 0 0 0 0 0 0
4915 4926 1 4 4 0 5 3 1 4 1 0 0 1 2 1
5412 5436 3 4 2 2 1 0 3 0 2 0 2 4 0 0
6914 6919 4 0 0 5 1 2 4 2 1 4 4 4 3 1
3412 3412 2 0 4 2 0 0 2 4 4 0 2 0 2 2
5395 5406 2 0 1 4 0 4 5 5 0 0 4 2 0 0
6767 6767 5 5 5 5 0 4 2 4 5 0 1 0 0 0
3457 3467 5 3 2 5 3 2 5 5 2 3 2 1 1 1
5430 5430 0 0 0 0 0 0 0 0 0 0 0 0 0 0
158 167 4 1 4 4 5 1 0 5 0 4 1 1 5 3
946 958 1 0 5 0 0 3 2 0 2 3 5 2 1 5
718 1143 1 5 5 1 1 4 2 2 0 3 2 2 4 2
4985 4992 1 2 2 5 5 2 4 3 2 3 1 5 0 1
7346 7347 2 4 2 4 2 2 4 2 4 2 0 4 0 2
1774 1784 3 3 2 0 0 2 1 0 0 5 3 5 4 0
4933 5034 2 4 1 2 1 3 3 0 0 4 5 4 2 0
942 942 0 0 0 0 0 0 0 0 0 0 0 0 0 0
5658 5661 3 0 4 3 0 5 3 0 4 3 5 1 4 2
5191 5203 0 5 0 3 2 3 0 2 2 4 2 2 1 4
2074 2615 2 4 5 0 2 1 1 0 2 0 2 1 4 5
3370 3372 4 2 5 1 5 4 1 0 5 0 2 0 2 5
3108 3114 4 3 0 2 0 4 3 5 2 4 5 5 4 1
4196 4203 4 3 0 2 5 0 3 2 0 0 1 0 5 1
314 319 5 4 0 4 4 4 3 0 4 1 4 4 0 3
3950 3950 5 4 2 0 2 1 3 5 2 3 3 0 5 2
1562 1573 0 4 0 4 2 2 5 2 3 4 1 2 5 1
5972 5978 2 4 3 5 1 1 5 3 5 4 3 1 4 2
3869 3879 1 3 2 2 4 3 2 3 4 2 0 1 2 1
5476 5482 1 5 2 1 5 5 5 0 5 0 0 1 4 5
6356 6357 5 3 1 0 3 1 0 4 2 0 5 0 0 1
4758 4762 1 3 2 5 0 1 4 2 1 2 2 3 1 0
803 2106 4 0 2 4 1 4 0 5 5 5 4 1 3 2
6670 6682 3 3 5 1 2 3 1 1 5 4 2 4 1 5
2051 2057 0 0 0 2 2 1 0 2 4 3 4 2 1 2
7382 7385 5 3 1 2 4 5 5 1 4 0 1 2 5 5
6073 6076 3 3 4 3 3 0 3 5 5 2 2 2 3 2
2835 2837 0 4 4 4 4 4 3 3 0 4 2 3 3 4
5501 5501 5 3 5 1 4 5 4 4 0 3 1 3 4 2
260 272 4 1 2 0 3 1 4 3 4 2 2 0 0 0
3159 3164 5 1 4 2 2 1 3 3 1 3 2 4 1 0
2878 2878 0 0 0 0 0 0 0 0 0 0 0 0 0 0
1824 1829 4 4 0 2 4 3 2 3 3 0 4 3 5 5
1700 1705 0 4 2 5 2 0 5 4 5 2 4 1 5 1
776 1021 3 1 4 0 0 2 4 0 2 5 0 1 1 5
5477 5477 3 3 0 3 3 0 0 0 3 3 3 3 0 0
5583 5589 3 0 2 1 2 2 3 0 5 0 0 3 2 2
136 157 2 3 0 3 5 5 4 3 5 4 5 1 5 0
4141 4994 1 0 5 2 4 2 5 0 1 4 5 0 0 1
1801 1808 4 5 3 3 1 3 0 1 4 5 1 4 1 0
2296 2302 2 4 4 3 2 3 5 2 4 4 1 3 5 5
6556 6569 3 3 3 3 0 0 0 3 0 3 0 3 0 3
1722 1722 4 1 0 4 2 4 2 4 1 5 2 2 2 1
703 703 1 1 4 3 2 3 3 0 1 4 4 4 0 3
106 110 0 5 1 4 5 4 2 5 2 4 4 4 5 4
1833 1834 5 5 0 3 2 0 3 1 2 5 3 5 1 2
4473 4914 1 2 5 3 2 1 0 3 2 1 3 4 2 1
1717 1722 1 0 5 1 4 2 0 4 4 3 2 2 1 0
3799 3800 3 0 0 3 3 3 3 0 0 3 3 0 0 3
5769 5772 0 0 3 4 4 2 4 0 2 3 0 3 3 3
2228 4978 3 0 0 5 1 0 5 0 4 4 5 0 2 5
3767 3768 5 2 4 0 2 0 5 2 2 2 0 4 1 1
4675 4686 5 0 5 5 4 4 4 2 2 5 5 1 5 2
271 283 2 1 3 3 0 4 4 2 3 4 2 2 4 5
905 2123 4 2 4 2 2 0 2 4 2 2 0 0 0 0
4128 4128 0 2 2 3 1 4 5 0 2 3 3 2 1 1
2336 2347 4 3 1 1 4 2 4 2 3 0 5 2 1 3
1955 1962 0 3 5 0 1 4 5 2 4 3 1 4 5 0
5481 5493 3 4 4 2 3 2 0 4 0 4 3 3 4 4
7982 7993 5 5 1 5 4 1 4 4 5 2 1 4 1 4
3401 3402 0 0 0 0 0 0 0 0 0 0 0 0 0 0
4581 4582 5 5 1 3 0 0 1 4 4 1 0 4 2 0
1887 1893 2 0 4 0 3 4 1 0 0 0 5 2 5 4
4893 4893 2 4 2 4 4 0 0 0 2 4 2 0 2 4
4139 4146 3 4 3 4 5 5 2 1 0 2 5 3 1 2
3839 3854 0 5 4 2 1 2 4 5 0 4 4 0 0 0
3820 4987 2 4 4 2 2 5 5 5 2 3 3 5 0 5
4846 4846 0 0 0 4 0 2 0 4 4 2 2 2 2 4
4519 4521 4 4 4 0 0 2 2 0 0 2 0 2 4 2
2050 2056 3 5 3 2 1 0 2 0 1 5 2 3 4 0
3305 3317 1 5 0 5 3 5 0 2 5 4 5 4 3 0
5517 5519 3 0 1 1 0 5 0 1 3 1 5 4 5 3
5282 5291 2 5 5 1 5 0 1 4 4 0 3 1 4 0
1856 1859 3 2 5 1 1 5 5 2 4 4 5 4 5 4
2462 2470 3 1 4 4 3 4 2 3 3 4 5 3 5 2
6050 6055 2 5 4 0 4 4 5 5 4 2 4 5 2 5
2309 2318 2 2 3 2 1 4 4 2 3 0 2 2 4 0
1915 1925 4 4 5 4 5 5 2 3 5 0 4 5 3 3
462 6997 4 4 3 2 0 1 2 0 5 3 4 4 3 3
384 384 1 1 1 1 1 4 0 0 5 3 2 3 2 3
2728 2735 5 4 3 2 0 2 4 0 5 1 1 1 5 5
3562 3573 2 3 0 4 3 5 1 4 5 2 3 5 1 5
6311 6317 3 1 4 4 1 0 5 4 0 1 4 0 2 2
6871 6872 3 0 2 2 2 3 3 5 5 2 0 5 2 5
6338 6346 0 0 4 2 1 0 5 0 0 3 1 5 0 1
1087 1112 4 2 0 2 4 4 2 2 5 2 3 5 4 3
2537 6167 1 5 1 4 3 1 1 2 3 5 2 0 1 2
638 640 0 0 2 5 4 5 3 1 5 5 0 2 3 2
4488 4497 5 0 2 0 3 3 3 4 3 1 3 3 0 0
3249 3275 5 4 1 1 2 3 5 3 2 3 0 5 0 5
6175 6187 1 3 5 0 0 5 4 1 0 5 5 1 3 5
387 387 2 3 3 4 5 5 5 4 3 3 2 0 5 5
2773 2777 4 2 4 0 4 0 0 4 4 0 0 0 0 4
2602 2612 1 0 2 4 1 3 1 4 1 2 0 0 3 1
439 5285 5 2 3 5 3 4 5 3 0 3 0 5 5 4
7440 7440 1 5 1 5 4 3 1 2 0 3 1 5 3 4
7409 7412 4 3 4 5 2 2 0 0 3 2 4 2 3 3
2747 2768 4 1 0 3 3 1 3 0 4 0 5 0 2 4
267 268 3 3 0 1 0 5 3 1 2 2 4 3 0 1
5096 5096 0 0 0 4 2 0 0 2 4 0 4 0 0 4
2704 2714 1 5 2 4 2 3 5 0 1 0 5 0 1 2
6000 6010 3 4 1 3 1 5 1 0 2 5 2 0 5 3
3873 3877 0 4 5 5 2 4 3 4 3 1 0 3 0 2
7872 7872 4 4 4 4 4 4 0 0 2 2 4 0 2 0
6481 6486 4 0 4 1 0 3 2 3 2 3 0 3 0 0
1505 1507 5 4 5 0 2 5 5 2 0 1 5 4 2 5
3144 5194 4 1 2 0 4 1 2 5 5 1 3 3 3 5
5090 5090 2 0 0 0 0 2 2 2 2 2 0 2 0 4
2872 2880 4 3 5 5 1 5 0 4 3 5 2 0 2 5
5332 5340 3 5 0 3 3 2 5 0 1 2 3 1 1 3
2353 5383 1 3 5 1 0 3 5 3 1 1 5 4 2 1
252 252 2 2 2 2 0 0 0 2 2 4 2 4 4 0
7581 7583 5 5 3 2 0 0 5 4 4 2 4 3 0 5
1754 1759 3 0 3 1 4 2 2 4 0 5 0 0 2 3
6977 7232 4 5 2 2 3 2 4 5 4 0 3 0 1 2
6486 6488 4 2 5 0 5 4 2 0 2 5 1 1 2 3
4561 4571 5 3 1 0 3 0 2 3 3 5 3 2 5 5
4351 4376 5 4 1 2 5 3 2 1 1 4 2 3 3 4
199 200 1 4 5 4 3 3 2 0 2 5 2 4 3 4
183 192 4 0 2 3 2 1 1 2 0 0 1 3 5 4
1081 1089 4 5 0 2 2 4 0 2 4 0 0 4 5 1
6527 6550 5 2 5 1 4 4 4 1 3 3 0 4 5 3
3888 3888 3 1 3 2 0 4 0 3 5 1 2 1 5 0
954 954 0 4 2 0 4 2 0 0 4 2 0 2 0 4
3125 3128 0 1 3 4 0 2 1 4 3 5 1 1 3 4
5595 5603 5 5 2 0 0 1 5 5 3 3 3 1 3 5
187 194 1 3 1 5 4 1 1 3 2 5 5 1 5 4
2630 2630 4 2 4 4 4 4 4 0 2 0 0 4 4 0
2510 2511 0 0 0 0 0 0 0 0 0 0 0 0 0 0
821 829 1 1 3 4 0 4 4 0 0 4 5 4 1 0
2513 2523 5 5 4 2 3 4 1 4 0 1 0 0 5 0
5076 5076 1 0 3 0 4 0 3 3 4 3 3 5 3 2
4811 4817 4 0 2 2 2 4 2 4 0 0 4 2 4 0
3459 3481 1 1 5 1 0 5 3 5 1 2 5 3 1 5
5467 5473 5 5 2 1 3 2 3 2 2 2 5 2 2 2
4634 4644 3 5 3 3 2 4 1 2 4 5 3 1 0 4
7565 7565 0 0 0 0 0 0 0 0 0 0 0 0 0 0
5778 5790 1 3 2 5 3 0 0 1 3 5 2 1 4 0
3803 3804 5 2 5 5 3 0 1 5 5 2 2 5 5 3
2402 2414 5 1 5 1 3 4 0 5 3 5 2 4 4 0
5825 5831 5 5 3 0 0 2 4 5 4 2 2 3 3 2
2328 2338 3 0 4 1 4 5 3 5 3 4 3 3 5 0
4955 4964 1 3 4 5 5 1 2 3 4 2 0 1 0 2
2680 2682 0 0 3 1 1 0 0 0 2 2 3 5 2 2
2302 2313 0 0 0 4 0 2 0 4 2 4 4 4 0 4
7870 7874 4 4 2 1 4 0 3 0 0 2 5 5 1 5
4886 4894 3 1 5 3 4 5 4 5 1 4 1 4 3 1
6630 6642 3 1 4 2 1 4 2 4 2 1 4 5 2 0
1198 1206 0 2 1 1 0 2 2 0 0 0 1 3 5 5
2417 2417 0 4 3 3 1 3 1 5 3 2 3 5 5 5
1019 4395 5 4 5 0 5 1 5 0 2 5 3 0 0 3
7676 7678 0 0 5 4 5 0 2 0 3 1 0 3 0 2
5433 5435 1 2 0 0 2 2 1 3 3 0 5 1 3 1
2912 2928 0 3 5 1 2 2 0 2 2 0 3 3 0 3
6531 6535 0 0 3 1 1 0 0 4 4 2 0 0 2 0
3267 3267 0 0 0 0 0 0 0 0 0 0 0 0 0 0
5797 5807 3 3 5 3 3 2 4 2 1 1 3 0 1 1
2459 2461 2 2 3 3 3 2 0 1 3 2 5 5 4 3
5114 5117 0 1 4 5 3 3 4 2 4 0 4 5 5 2
1184 1184 2 4 0 2 2 0 4 4 2 2 0 4 0 0
836 845 2 0 2 2 2 0 3 3 5 2 1 5 1 2
2437 2444 0 0 0 5 1 5 2 4 3 4 2 1 0 2
3005 3078 2 0 0 0 1 1 4 5 5 4 1 0 1 5
2402 2409 1 2 1 5 0 4 1 5 4 4 1 4 1 5
239 251 2 3 4 2 3 0 5 0 0 5 0 3 0 0
801 824 1 1 1 0 0 3 2 4 5 3 0 1 5 5
146 244 3 2 1 4 1 2 3 4 5 1 4 3 4 5
1619 1619 0 2 2 0 2 2 0 2 2 0 4 2 4 4
2639 2650 4 3 3 4 1 4 0 4 1 0 1 5 4 1
6778 6787 4 5 4 4 0 5 2 1 3 1 1 1 4 0
1985 6181 4 3 0 5 0 2 2 2 3 4 1 3 1 5
6908 6908 2 4 4 4 4 2 2 4 0 4 0 4 2 0
6716 6727 5 2 5 1 1 1 3 4 0 5 1 4 4 2
3391 3393 0 2 5 5 5 0 2 5 1 3 5 3 5 2
130 894 4 1 3 5 4 5 5 0 0 2 1 5 3 4
6430 6441 2 1 3 1 4 2 5 3 5 5 4 3 5 0
5909 5918 0 5 5 0 3 3 3 5 1 5 1 2 5 1
1357 1362 0 4 5 3 2 2 0 3 0 1 2 1 2 3
4331 4339 4 4 5 1 1 1 1 1 0 1 1 1 4 1
1833 1833 2 0 4 2 2 4 0 0 4 4 0 0 2 2
5798 5811 2 0 0 2 4 2 2 4 4 2 2 2 0 2
29 32 3 5 4 5 2 0 5 0 2 1 1 3 5 1
2274 2283 1 4 1 1 2 0 0 4 1 3 4 3 0 3
4044 4044 4 4 2 2 0 2 2 2 2 2 4 0 2 0
7084 7087 1 3 0 0 2 0 0 1 3 4 3 1 5 3
3948 3951 0 1 0 2 2 1 5 3 5 0 5 0 1 4
1077 3816 1 3 0 3 4 2 0 2 3 1 0 1 0 4
1495 1495 1 2 4 2 3 5 3 3 3 4 0 2 4 0
6948 6957 4 0 4 1 5 0 5 2 5 5 2 3 2 1
6308 6320 2 2 4 1 4 0 4 5 1 0 5 1 3 4
1716 4187 3 3 3 5 3 1 4 1 0 2 5 1 3 0
5193 5193 5 1 1 4 1 1 2 3 1 4 2 2 0 5
5008 5015 3 4 4 1 5 4 3 4 3 0 0 4 2 3
2918 2918 0 4 0 3 2 4 3 1 1 1 2 2 0 5
1755 1763 2 4 5 2 0 2 2 2 4 2 3 3 1 0
318 321 2 2 0 5 4 2 3 0 5 2 3 1 1 0
7346 7348 2 1 1 1 3 3 5 0 2 3 4 5 0 0
6893 6899 1 0 0 0 4 1 2 1 0 0 3 1 4 4
4057 4067 1 2 5 0 4 1 4 1 1 2 5 2 4 0
3858 3858 0 3 0 0 3 0 0 0 3 0 0 0 0 0
6896 6900 1 5 0 4 2 2 4 5 1 2 5 3 4 0
7936 7939 1 3 2 4 1 2 3 2 1 1 3 3 0 0
1795 2783 2 4 4 0 0 2 4 2 0 2 4 4 2 2
3624 3631 3 4 2 1 1 4 0 4 5 1 5 0 0 2
2477 2486 5 5 5 3 2 2 5 0 2 1 0 4 4 1
4648 4658 1 1 3 0 0 4 1 1 3 5 3 2 3 3
4331 4334 0 0 2 2 1 1 4 1 3 3 2 4 2 0
5839 5839 4 2 2 0 4 2 4 4 0 2 4 2 0 0
7827 7838 4 4 5 4 5 0 2 1 1 3 1 0 1 3
1725 1736 2 5 4 5 0 0 3 2 5 3 4 1 1 0
135 1029 4 4 2 3 5 5 0 0 4 1 1 2 1 2
859 870 0 5 1 1 2 3 1 4 5 0 5 3 3 4
1495 1495 0 3 4 2 2 5 4 1 2 1 2 2 4 1
3719 3742 5 0 4 1 5 2 5 2 2 3 5 5 2 1
5423 5435 5 3 1 1 5 3 2 0 5 1 0 4 1 3
4115 4127 2 2 4 2 1 1 5 0 4 5 4 0 3 2
5986 5992 0 5 5 5 3 1 2 4 2 0 1 0 5 2
3155 3180 0 4 0 4 0 0 2 0 0 2 2 4 2 0
6950 6961 3 3 5 3 0 1 1 5 5 1 4 1 2 4
3876 3876 0 0 0 0 0 0 0 0 0 0 0 0 0 0
2 4 1 4 0 4 4 0 5 2 0 2 4 0 4 0
835 841 5 1 0 1 0 5 5 3 3 5 0 3 4 4
555 2544 2 4 5 1 4 3 3 4 5 2 2 2 5 0
3331 3331 0 0 0 0 0 0 0 0 0 0 0 0 0 0
3919 3919 1 4 5 3 2 1 1 5 4 2 2 3 2 0
258 278 1 1 4 3 1 4 0 2 2 1 0 5 0 3
108 140 0 4 3 1 4 4 0 5 3 5 5 1 0 2
7386 7386 2 2 0 2 2 0 0 2 2 4 2 2 4 2
6702 6714 1 4 2 1 2 1 5 2 0 5 5 4 3 4
1600 1603 2 4 3 0 0 0 3 5 3 2 3 5 5 1
6358 6365 4 1 1 5 3 5 3 1 3 5 4 3 4 5
5842 5842 0 0 0 4 4 2 0 0 4 4 2 2 2 2
174 175 0 0 0 0 0 0 0 0 0 0 0 0 0 0
5910 5930 0 0 0 5 5 5 2 2 2 3 4 2 5 5
2563 3198 5 4 5 2 4 2 5 4 4 2 2 0 4 1
2645 2645 5 1 1 2 3 4 4 1 5 1 3 0 4 1
3335 3336 0 0 0 0 0 0 0 0 0 0 0 0 0 0
5705 5713 5 2 1 4 5 3 5 2 5 5 1 4 0 1
630 2262 2 1 3 0 2 4 3 5 0 5 3 5 2 3
3672 3672 5 2 3 3 0 5 5 1 4 4 0 3 0 2
683 684 5 1 3 3 3 2 0 5 1 2 3 2 1 0
3460 3473 1 5 3 3 2 1 0 5 2 0 5 5 1 1
4490 4496 3 4 0 2 1 0 1 4 4 3 2 5 4 3
1259 1259 3 0 0 3 3 3 3 3 0 0 3 3 3 3
6421 6423 3 2 4 5 2 2 4 2 5 1 0 5 3 4
6871 6879 3 2 3 3 0 0 3 3 0 0 0 4 3 2
6525 6525 1 3 0 0 0 2 0 3 1 0 3 1 0 1
2433 2442 1 3 5 4 3 4 3 4 3 0 1 5 5 1
4996 5009 5 3 4 1 4 2 0 4 2 4 0 4 2 5
6370 6380 1 2 4 5 4 5 5 4 1 4 2 4 4 2
4974 4986 0 0 5 2 3 1 0 1 2 5 1 1 1 0
7057 7057 2 2 3 1 3 2 2 2 4 5 5 3 0 4
7701 7711 5 0 4 2 4 4 2 5 3 5 5 3 0 2
2444 2453 4 3 1 3 4 2 5 3 0 3 5 2 0 0
1383 1389 3 0 3 5 5 0 1 2 1 2 0 1 4 3
4762 4762 4 2 4 0 2 2 0 2 4 4 2 4 0 4
5611 5620 2 4 5 3 0 3 0 3 4 5 3 0 3 3
3078 3087 4 4 0 5 2 4 5 2 1 4 1 2 4 1
5819 7988 4 2 3 1 1 4 4 3 3 0 5 4 4 4
6660 6660 5 2 5 3 2 4 2 1 2 5 4 0 2 5
7861 7865 2 0 0 2 2 0 0 5 1 1 4 5 3 5
5178 5180 1 3 2 4 5 2 2 4 3 5 3 0 5 4
6127 6132 4 0 3 0 2 5 0 1 5 2 1 5 1 3
7699 7710 3 1 2 3 4 2 5 2 4 1 5 0 5 2
5322 5323 3 1 2 0 4 5 0 5 5 1 3 2 3 3
4489 4492 5 4 2 2 5 1 0 0 3 0 0 0 5 5
5500 5509 5 1 2 0 5 2 2 3 5 2 4 5 5 2
4589 4589 0 0 0 0 0 0 0 0 0 0 0 0 0 0
2694 2701 3 1 2 0 2 5 4 2 1 4 3 5 4 3
817 840 2 5 3 0 3 0 4 5 2 3 5 0 5 2
550 4295 4 2 2 2 3 0 4 5 4 5 3 4 5 5
7376 7376 1 2 3 4 0 3 4 2 1 5 5 2 2 2
4901 4904 5 0 5 1 1 5 3 0 1 1 1 5 1 0
4541 4546 1 1 0 0 4 5 5 3 3 4 0 2 2 4
1177 6655 0 5 1 1 5 4 2 5 5 2 4 3 0 0
1165 1170 0 3 4 1 4 2 3 3 4 1 3 3 2 1
7053 7057 5 5 0 3 3 5 5 4 1 0 1 4 4 0
3067 3077 1 2 5 1 1 0 2 3 3 0 2 5 2 3
4067 6648 5 1 5 2 1 2 1 5 0 1 3 1 5 1
6190 6197 4 4 5 2 0 0 0 4 1 3 2 4 3 4
1637 1643 1 2 1 3 5 2 2 1 5 5 0 1 2 2
7449 7461 5 4 4 5 2 0 5 2 3 3 1 4 4 4
1608 1796 1 2 5 2 2 1 4 2 2 2 3 5 0 1
6072 6076 4 0 4 1 0 1 1 1 1 3 0 5 5 2
803 811 2 5 1 4 3 3 1 3 1 4 0 2 5 3
5759 5771 0 4 2 2 5 0 0 3 4 1 2 5 3 1
243 336 2 4 0 2 0 2 0 0 0 0 4 0 2 0
7101 7101 0 0 0 0 0 0 0 0 0 0 0 0 0 0
101 103 0 0 4 1 3 5 1 4 3 1 3 3 3 0
823 825 5 1 0 4 4 5 2 0 5 4 4 2 1 2
6000 6294 5 5 1 0 1 3 4 0 3 4 2 2 0 1
4720 4720 0 0 0 0 0 0 0 0 0 0 0 0 0 0
6675 6675 0 3 1 4 0 1 3 0 3 1 5 5 2 2
2027 2038 4 4 0 4 2 2 1 4 0 5 0 2 5 2
5103 5837 4 5 4 5 2 1 3 4 5 3 1 2 4 5
3986 3986 4 3 0 4 0 4 1 1 0 5 1 2 1 3
5137 5149 1 4 4 4 1 1 1 5 2 1 5 3 3 5
3833 3845 5 1 2 5 1 1 0 3 5 3 0 4 0 1
2513 7354 5 2 1 5 5 3 3 2 0 0 0 4 1 4
3003 3003 4 0 0 4 0 0 4 2 2 0 0 0 0 2
2134 2145 2 4 0 0 4 2 0 0 2 0 0 4 0 0
3206 3213 0 5 5 2 4 1 2 4 2 3 5 0 5 3
6766 6769 2 1 0 0 4 0 0 3 3 2 2 2 5 4
7122 7133 4 4 4 0 2 3 1 2 5 1 1 4 5 3
7694 7702 3 2 5 4 2 4 0 5 1 1 5 0 1 5
3441 3446 0 2 3 3 5 4 2 2 5 2 0 1 4 4
1750 5285 4 3 4 5 0 1 5 5 3 5 3 2 4 1
3836 3845 5 4 5 1 0 1 4 1 4 4 2 2 2 3
7856 7866 4 2 2 5 0 3 0 5 3 2 1 4 3 2
4202 4228 1 1 2 2 2 5 4 4 0 1 1 0 5 2
3295 3302 2 3 0 1 2 2 3 0 0 2 5 4 5 5
860 860 3 0 0 3 3 3 0 0 0 0 3 3 0 0
383 394 1 1 1 3 2 4 0 1 1 5 1 5 0 2
7826 7827 4 4 4 5 2 1 1 4 0 0 4 4 1 0
7388 7400 4 0 5 4 3 1 0 4 0 4 2 4 0 4
970 976 3 5 0 2 3 4 4 4 4 2 3 3 5 2
820 827 4 0 3 5 2 1 5 1 2 3 4 0 0 0
3961 3968 4 0 3 1 0 4 2 0 0 4 1 5 3 4
1651 1857 0 4 0 2 2 2 4 4 0 2 0 2 2 4
7529 7529 5 2 5 1 3 3 1 2 1 0 5 1 5 3
3379 3391 2 5 4 0 0 0 0 5 4 4 2 0 4 1
1010 1014 0 3 3 0 1 1 2 4 0 0 0 5 1 4
125 244 2 5 3 2 0 3 2 3 2 0 0 5 5 3
1417 1417 4 4 4 0 0 0 2 0 2 4 2 4 4 4
2995 2998 5 2 1 2 3 3 0 1 0 1 2 1 1 5
329 356 5 5 5 2 1 1 4 3 0 4 3 1 5 0
4228 5903 3 2 0 2 1 1 4 2 1 3 1 1 1 1
3989 4000 0 3 1 3 3 0 1 0 1 0 5 0 5 5
534 535 2 2 3 5 5 3 5 2 3 2 0 5 0 4
3671 3678 5 0 5 3 4 5 5 3 0 3 4 0 2 4
6954 7977 2 3 5 0 5 3 1 0 3 2 2 1 5 1
7548 7555 4 5 4 4 1 2 0 4 4 2 5 3 0 2
4938 4947 1 4 0 2 0 5 5 1 4 4 1 5 0 4
33 53 0 0 0 0 0 0 0 0 0 0 0 0 0 0
2314 7976 2 4 0 2 3 2 1 5 1 5 1 5 1 1
221 221 1 0 4 0 2 4 4 1 4 0 5 3 1 3
6502 6514 0 0 3 0 0 4 1 3 3 5 4 1 2 5
7118 7122 2 4 3 3 2 5 1 5 3 2 1 3 3 5
212 224 2 1 4 0 5 0 2 5 2 5 0 1 5 4
2322 2322 4 2 2 2 0 4 0 2 0 0 2 4 2 0
7748 7755 0 5 4 1 4 5 3 3 5 5 4 5 4 3
4313 4318 5 3 3 4 5 2 5 4 5 1 3 0 0 1
1241 1244 5 2 5 4 1 2 4 5 4 5 0 2 1 5
6774 6774 2 4 5 4 4 5 5 0 1 3 4 3 1 3
7809 7814 4 0 0 4 4 4 0 0 4 2 4 2 0 4
2203 2208 2 2 2 1 3 5 2 4 0 5 3 0 3 5
1223 4458 1 5 0 5 5 3 1 3 1 0 5 1 2 3
5564 5564 1 2 4 2 1 4 1 2 4 5 1 3 0 4
3543 3543 1 5 0 0 5 4 2 1 1 3 1 4 5 4
1902 1907 1 0 3 5 1 4 1 4 1 1 4 0 3 5
3513 3516 5 1 2 3 1 5 2 4 1 5 3 5 1 1
2927 2927 2 3 1 2 1 2 1 1 3 3 5 0 5 0
5153 5157 0 5 3 4 4 3 0 4 2 2 5 1 3 5
2249 2262 4 3 5 3 3 4 4 2 4 1 1 5 1 2
3275 3287 0 1 5 5 2 1 0 1 4 5 0 0 0 0
32 32 3 3 0 3 3 0 3 3 0 0 0 0 0 0
1838 1847 1 4 0 5 4 1 2 2 4 0 4 1 4 4
7866 7866 1 2 4 4 5 4 3 4 2 1 0 1 5 3
3945 3954 3 4 0 3 1 0 5 2 5 3 4 4 4 0
2346 2348 3 4 0 0 1 3 5 3 5 3 4 3 5 2
890 892 1 4 3 0 5 3 3 1 1 4 5 5 1 5
5848 5853 0 4 5 1 0 4 1 5 0 3 5 3 4 5
2499 2536 5 4 5 2 0 3 4 3 5 4 0 3 4 4
6466 6471 3 0 1 1 1 2 2 0 1 1 5 3 3 4
6221 6222 2 1 2 3 0 4 5 2 4 4 3 1 4 1
5155 5162 5 1 0 1 2 1 4 2 3 1 5 3 3 0
1065 2046 0 3 0 0 3 2 2 2 3 0 2 2 3 5
6574 6586 5 2 0 1 5 1 5 5 5 4 0 1 4 2
6440 6444 5 5 4 2 1 5 0 2 3 2 2 0 4 5
7626 7638 3 0 0 4 3 5 5 1 4 1 2 3 3 3
3747 3757 0 3 2 3 5 3 2 0 3 2 4 0 0 1
6240 6250 4 5 0 4 4 4 3 5 2 5 0 0 5 4
13 25 0 0 0 4 4 4 4 4 0 2 2 2 4 4
6477 6485 0 3 0 3 0 3 3 0 0 0 3 0 0 0
3467 3476 5 2 4 5 1 0 3 2 2 0 4 5 3 3
3436 3447 5 0 2 2 2 5 0 2 4 0 5 0 5 3
1232 1240 4 3 4 4 0 2 4 2 3 3 2 0 5 5
1377 1388 0 3 4 0 2 0 1 2 2 4 5 2 5 5
2673 2676 1 2 5 0 5 5 2 5 5 4 4 2 5 3
3076 3079 0 4 1 2 0 3 2 4 4 1 5 4 2 1
2223 2229 0 4 2 2 2 3 4 5 1 3 5 5 3 3
7484 7490 1 1 5 2 1 2 4 1 1 1 1 0 3 3
296 5077 0 4 3 4 3 2 5 4 3 4 1 4 0 5
2050 2050 0 0 0 0 0 0 0 0 0 0 0 0 0 0
6663 6665 1 3 5 2 3 3 0 4 3 4 4 4 5 2
7023 7046 1 4 3 0 4 0 5 3 0 4 2 1 3 4
6166 7170 4 0 4 0 0 1 1 3 1 3 3 2 0 3
3803 3810 3 4 2 2 0 0 5 0 2 0 5 2 0 3
3962 3972 0 4 0 0 1 4 2 4 0 5 1 0 3 0
1211 1220 1 3 1 0 0 4 3 4 1 5 5 4 0 0
1024 1790 3 0 4 5 3 3 4 2 2 0 2 3 5 2
5705 5705 4 0 0 0 2 4 4 0 0 4 0 0 2 2
5474 5487 2 2 4 5 1 5 2 0 5 4 3 2 5 5
6255 6265 0 1 4 2 3 4 1 4 5 4 3 0 2 4
804 3142 4 5 1 3 3 0 0 5 2 3 2 5 3 1
95 95 1 5 0 1 5 3 1 0 0 2 3 2 2 1
296 305 3 1 3 3 5 1 4 3 0 5 5 0 0 4
5099 5114 0 4 0 2 0 0 0 4 4 4 0 2 2 4
6032 6033 2 2 3 0 5 3 0 0 3 1 2 1 5 3
3484 3484 4 0 0 0 4 0 4 2 2 2 0 2 0 4
74 87 2 2 2 1 4 2 5 0 3 3 3 5 1 3
2345 2345 0 0 0 0 0 0 0 0 0 0 0 0 0 0
4336 4348 4 4 0 1 1 5 5 3 4 0 3 0 3 1
4808 4808 3 0 0 0 3 3 0 3 0 3 3 0 0 0
1905 1914 5 3 4 4 5 1 2 0 1 5 3 1 5 3
5595 5601 1 0 2 4 5 3 5 0 5 3 1 4 2 5
944 5648 0 0 1 2 1 1 3 0 0 5 4 2 3 0
3564 3565 5 4 4 1 5 4 4 0 3 1 1 4 5 3
4048 4052 3 4 5 1 2 0 4 2 3 2 1 3 2 4
7514 7533 3 0 4 2 0 1 3 1 4 0 0 1 0 1
497 501 0 1 4 1 0 5 5 5 5 3 4 2 5 1
1370 1375 3 5 5 1 4 1 5 1 4 2 4 0 0 5
7744 7747 0 3 0 0 0 3 3 0 0 0 3 3 3 0
7114 7118 0 5 1 5 2 3 1 3 4 1 0 4 4 1
98 289 0 0 1 3 4 3 3 0 0 3 5 1 3 2
6198 6198 0 0 0 0 0 0 0 0 0 0 0 0 0 0
6948 6956 4 5 3 0 3 2 0 1 5 0 0 5 5 1
1995 2005 0 3 4 3 1 0 3 0 5 0 3 5 1 4
1857 1865 5 0 5 1 2 2 3 4 5 0 0 1 1 5
4671 4682 0 1 5 3 1 4 2 5 4 2 5 5 5 5
2704 2706 1 5 4 0 2 3 3 0 0 4 1 4 0 4
7743 7766 2 3 1 5 5 1 5 5 1 1 4 3 1 1
1274 1283 5 2 4 0 5 0 0 3 3 0 0 2 5 0
5100 5100 2 4 2 0 0 2 2 4 4 0 4 0 2 2
1329 1329 1 3 0 0 2 1 3 0 4 5 5 5 0 1
4886 4888 3 1 1 4 0 1 1 1 0 0 0 2 2 5
1436 1978 3 1 3 1 1 1 0 5 4 4 3 0 5 1
4935 4940 2 4 3 3 0 4 4 1 5 1 3 1 0 1
6557 6562 0 5 0 0 5 2 1 1 5 4 0 5 3 4
1685 1711 0 4 4 1 3 2 2 5 0 5 4 5 4 5
2111 7331 3 5 5 0 2 3 4 4 5 3 3 2 5 5
3421 3421 0 0 0 0 0 0 0 0 0 0 0 0 0 0
3708 3710 1 4 4 1 0 0 0 1 0 4 4 3 5 0
6456 6462 4 4 2 2 2 4 2 4 2 2 4 2 2 0
78 1521 3 4 1 4 1 2 5 1 5 3 1 4 4 4
4005 4005 4 2 0 2 0 0 4 0 2 0 2 2 2 4
3847 3860 0 0 0 0 0 0 0 0 0 0 0 0 0 0
5485 5489 4 4 0 4 0 4 2 2 4 2 4 4 0 0
236 1177 1 5 4 3 0 5 0 0 3 5 1 3 5 1
1131 1131 0 0 0 0 0 0 0 0 0 0 0 0 0 0
7179 7188 1 3 4 3 4 2 3 3 2 3 0 3 0 4
3781 3783 3 0 0 1 3 1 0 1 5 2 1 2 1 2
3079 3089 2 3 0 4 0 0 2 3 2 5 0 2 1 3
7598 7599 5 3 1 5 1 4 5 2 1 5 2 3 1 1
1236 1245 3 3 4 2 2 4 3 0 1 1 3 3 3 5
5645 5648 4 0 0 4 1 4 1 5 3 1 1 3 5 5
1703 4197 2 0 3 1 4 4 5 0 3 5 2 5 3 5
2483 2495 4 2 2 1 2 2 3 0 3 1 4 2 1 5
4746 4752 2 0 4 2 2 4 2 2 2 4 0 4 0 2
7300 7312 4 3 4 1 5 0 5 5 3 4 4 2 2 4
1906 7716 4 1 2 0 2 2 4 1 2 0 4 2 1 3
3914 3916 4 2 1 4 1 5 5 5 4 4 3 4 0 4
3455 3460 5 4 2 0 3 2 5 5 1 4 4 3 5 2
2651 2653 4 2 1 2 0 3 0 4 0 2 4 3 0 2
2416 2426 3 3 5 4 3 3 5 4 2 2 1 2 1 5
157 157 1 0 3 1 2 4 0 1 4 0 5 2 2 5
7214 7214 2 1 1 5 4 0 1 0 0 2 2 3 3 0
7668 7683 2 4 0 4 0 5 4 5 5 2 3 5 5 5
1467 1847 3 5 1 3 2 0 4 1 5 5 2 0 1 4
7136 7136 0 0 0 0 0 0 0 0 0 0 0 0 0 0
2057 2059 3 0 4 3 3 4 2 2 5 1 5 4 3 3
4212 4230 3 2 5 0 1 1 2 5 3 0 1 4 2 5
6859 6867 1 2 5 3 1 4 1 1 4 5 1 1 3 2
5203 5203 0 0 0 0 0 0 0 0 0 0 0 0 0 0
3297 3297 3 3 0 3 0 3 3 3 0 3 0 0 3 3
1994 2008 2 4 0 0 0 0 0 2 0 2 2 4 4 2
305 886 0 4 2 0 4 2 4 4 0 2 4 4 0 0
1129 1139 0 5 4 4 3 4 1 1 2 1 3 1 4 2
1848 1852 1 1 4 5 1 4 1 3 0 5 0 5 1 5
4322 4330 2 3 5 3 3 3 4 1 2 5 4 3 3 4
4629 5816 3 4 3 2 0 3 1 2 1 4 2 3 1 0
7809 7812 1 3 4 4 3 0 2 2 5 4 2 5 5 4
3006 3006 5 0 5 5 2 5 0 1 3 5 4 0 2 3
2475 2480 3 5 0 5 1 4 2 0 0 1 4 5 4 0
943 1576 0 2 0 1 1 2 1 5 3 3 4 5 0 5
3504 3504 0 0 0 0 0 0 0 0 0 0 0 0 0 0
6888 6888 2 2 4 3 5 0 5 2 4 0 5 0 1 3
2252 2272 3 3 1 3 5 1 5 0 3 2 5 1 5 0
3648 3651 5 5 2 4 4 2 5 0 3 5 1 5 2 2
3238 3249 1 5 2 0 4 1 2 1 5 3 1 0 0 0
1026 1031 3 3 5 3 0 5 4 0 3 0 2 2 5 4
2665 2677 2 4 1 1 4 5 4 2 1 2 0 4 0 0
359 361 5 2 2 0 0 2 1 4 3 3 1 1 2 0
2723 2723 3 0 0 0 0 3 0 3 0 0 3 0 3 3
153 155 0 0 0 0 0 0 0 0 0 0 0 0 0 0
1418 1430 5 0 1 3 5 5 5 5 5 3 5 3 0 0
2029 6621 4 0 5 2 5 1 3 5 4 1 5 1 4 3
4744 4753 5 2 0 3 5 0 1 1 1 2 3 3 1 4
3662 3665 0 2 2 0 4 2 2 2 2 2 0 0 2 4
3446 3449 2 5 5 1 1 1 0 4 2 1 2 2 2 2
6292 6301 0 0 1 4 1 2 5 4 4 5 1 4 5 3
1899 1904 0 2 1 5 0 3 4 2 1 1 3 2 2 2
367 379 3 5 1 2 1 0 5 5 2 5 3 1 4 4
1071 1080 3 5 5 2 1 0 4 2 2 2 3 0 5 3
2035 7762 4 4 0 3 4 5 0 2 4 2 3 3 4 0
1549 1549 3 3 3 0 0 3 0 3 0 0 0 3 0 3
511 517 0 5 0 0 0 1 3 4 0 4 0 3 2 4
2155 2167 0 4 5 0 0 0 4 5 2 4 0 1 3 2
6537 6548 0 4 5 0 1 0 2 1 3 5 2 1 3 2
97 99 1 0 5 3 3 4 4 4 2 4 4 1 3 4
4539 4551 5 4 2 5 5 2 1 5 4 4 1 4 1 0
5785 5811 5 1 0 4 2 4 0 0 2 4 4 4 0 1
1933 1941 4 4 2 1 0 3 5 4 2 4 1 5 4 5
2654 2664 1 4 3 2 2 3 2 4 0 4 5 5 4 1
2853 2859 5 2 4 3 3 4 0 4 2 3 1 3 2 4
6815 6838 5 5 5 4 0 3 3 5 3 1 2 0 5 1
4657 4662 4 2 4 2 1 5 5 1 0 0 4 5 5 0
4918 4918 4 4 0 4 4 0 4 2 2 0 0 0 0 0
508 508 2 5 1 4 2 4 1 1 1 5 4 4 1 2
5654 5672 0 2 0 4 0 4 2 2 0 0 4 4 4 2
499 1053 1 0 2 5 4 2 1 4 1 5 1 2 5 1
5703 5707 5 5 0 0 0 3 2 4 3 4 3 0 1 2
6352 6363 0 0 1 3 3 0 1 5 0 5 3 4 2 0
6304 6315 2 0 5 1 2 3 2 2 0 2 3 0 3 4
2078 3069 4 4 2 2 4 4 0 4 4 0 2 5 3 1
7317 7317 0 3 3 0 0 0 3 3 3 3 3 3 0 0
1649 1660 3 5 1 5 4 0 2 4 5 3 2 2 0 1
7839 7840 0 2 0 0 0 4 0 4 0 2 0 4 4 2
3693 3702 1 0 3 2 1 1 0 5 0 4 2 1 4 5
1868 1868 3 4 1 4 1 0 1 4 2 5 2 4 1 2
6991 6996 1 1 4 1 1 3 0 5 1 3 0 1 3 3
836 848 1 1 1 4 1 2 5 3 2 5 4 2 1 1
2079 5039 2 0 2 4 4 4 0 4 4 0 0 0 4 2
3040 3040 4 1 1 4 0 0 1 5 2 1 1 4 3 1
996 1008 2 3 2 2 1 5 1 3 2 5 3 5 2 1
4669 4673 4 4 2 2 3 4 3 2 2 1 0 5 0 5
1700 4715 1 1 0 5 2 4 5 1 0 2 5 5 1 3
7975 7975 3 2 1 2 2 3 3 3 4 0 0 1 1 0
7376 7378 1 1 0 3 5 5 4 0 1 5 1 0 3 5
4477 4478 3 1 1 0 2 5 5 0 3 0 2 4 3 5
1397 2176 2 4 0 4 0 0 0 4 2 4 2 0 4 2
379 379 3 5 3 0 0 3 2 3 1 3 0 2 0 0
6723 6733 4 2 2 2 2 4 0 0 2 4 0 4 0 4
2905 2913 5 0 0 5 1 5 5 5 5 1 4 3 4 1
5419 7794 2 5 1 1 1 0 5 5 1 3 4 2 0 5
234 234 0 0 0 0 0 0 0 0 0 0 0 0 0 0
899 905 1 5 0 1 2 4 3 0 0 4 3 5 1 5
6324 6349 1 5 4 3 1 4 0 0 1 2 1 4 3 1
5526 5528 1 1 3 4 0 3 0 5 2 2 1 4 3 2
3724 3724 5 5 3 1 2 3 5 5 4 1 5 5 5 4
5397 5403 3 5 5 3 1 0 4 4 5 3 2 0 2 3
985 1000 4 1 4 3 2 5 2 4 3 2 0 3 4 0
7709 7712 4 0 5 3 1 5 0 2 2 5 5 2 0 1
1721 1727 2 0 2 5 4 2 1 3 3 3 5 1 3 4
7863 7870 5 0 2 2 4 1 4 0 0 4 1 3 1 2
4559 4566 3 2 1 1 1 0 2 1 3 3 4 3 4 5
5277 5288 5 0 2 1 3 1 1 3 2 3 3 2 3 4
2489 2489 3 3 3 0 3 3 0 0 0 0 3 0 0 0
94 102 4 0 0 1 0 3 1 2 2 4 3 0 2 1
4817 4817 0 0 5 5 3 0 1 4 1 5 1 0 0 5
474 480 1 5 3 1 5 4 2 5 5 5 2 4 1 5
6322 6322 0 0 3 3 3 3 0 0 3 3 3 0 3 3
5178 5191 5 2 0 2 0 1 1 3 5 3 3 2 1 3
4709 4736 2 0 4 0 0 0 0 4 4 2 2 0 0 0
170 1772 5 0 1 4 0 2 1 2 2 4 0 5 5 1
4235 4244 3 2 2 2 5 5 2 1 0 4 3 0 4 4
1371 1384 2 5 1 3 1 2 1 3 5 5 0 4 1 2
167 172 2 4 2 3 3 2 4 0 5 5 3 1 1 2
501 1596 2 5 4 4 0 3 4 0 2 1 4 1 4 5
5724 5729 4 1 5 0 3 2 0 0 5 5 2 1 1 2
6017 6024 0 5 2 0 1 3 4 4 4 1 4 1 5 1
2757 2769 0 1 1 2 0 3 1 1 1 0 2 5 5 5
848 1319 1 3 5 2 3 4 4 0 5 0 1 0 1 4
6438 6450 1 2 0 4 1 3 1 0 0 4 0 2 0 1
5768 5774 4 1 3 4 3 1 2 3 0 1 1 0 4 2
3713 3733 5 4 5 0 4 0 2 3 0 3 1 2 1 4
3404 4729 2 3 2 4 5 0 2 3 5 0 1 1 4 2
6675 6675 0 0 0 0 0 0 0 0 0 0 0 0 0 0
3017 3023 0 5 3 2 3 5 1 0 1 1 2 3 2 5
53 54 4 5 0 3 1 3 0 0 3 3 4 0 1 2
540 546 2 1 2 3 1 0 1 5 3 0 0 0 4 0
194 198 4 2 2 1 5 4 4 5 0 4 4 0 2 5
2548 2557 4 3 4 0 5 3 4 5 4 0 5 0 0 4
476 484 4 3 1 5 3 0 0 0 5 0 5 1 4 4
3918 4635 4 1 4 4 4 0 3 5 1 1 2 3 4 1
1667 1667 0 0 0 0 0 0 0 0 0 0 0 0 0 0
5419 5422 3 1 1 1 0 3 0 2 0 4 3 4 5 2
469 474 4 0 4 3 3 3 2 2 3 4 1 0 0 1
39 915 2 1 0 2 5 0 3 3 2 1 5 0 3 3
7850 7854 5 1 2 3 2 2 4 4 5 0 1 2 1 5
5335 5339 1 2 3 2 1 4 4 3 5 2 3 5 5 5
7538 7556 3 4 2 2 3 2 3 2 0 5 3 4 2 4
6866 6872 4 5 4 3 4 3 1 2 1 1 4 4 2 0
1905 1905 3 3 0 3 3 0 3 0 0 0 3 3 0 3
5028 5029 0 4 4 4 2 2 4 2 2 4 2 0 2 0
4756 4758 0 3 1 1 3 0 3 5 0 5 1 4 4 4
119 2176 0 4 1 3 3 4 0 4 4 2 0 1 3 0
4670 4670 0 0 0 0 0 0 0 0 0 0 0 0 0 0
5376 5376 5 3 5 5 4 4 4 3 2 2 2 1 2 0
7287 7297 2 0 5 5 0 5 1 4 1 2 1 3 1 4
2823 2827 0 1 0 2 3 1 4 1 4 3 2 2 4 0
156 156 2 1 4 0 0 1 2 0 1 1 0 1 0 1
1851 1864 4 4 1 0 3 0 3 1 5 1 2 0 1 3
4300 4317 1 3 2 0 4 1 0 2 3 0 5 1 4 4
6771 6776 4 0 0 1 2 4 4 2 2 1 3 3 3 2
1903 1903 0 0 0 0 0 0 0 0 0 0 0 0 0 0
2159 2161 5 2 2 0 3 3 5 1 2 2 0 2 1 4
1526 1552 1 2 3 1 0 0 3 3 4 3 2 3 4 3
7079 7083 2 5 1 5 4 4 2 3 0 2 2 0 0 0
7463 7472 0 0 1 4 5 5 1 5 3 4 0 3 4 0
360 361 0 4 4 4 4 4 0 2 0 0 0 4 0 2
3993 4019 4 2 0 4 4 2 4 2 2 2 2 1 2 4
4929 6854 1 5 3 0 0 3 2 5 2 0 1 3 3 0
3131 3135 1 1 5 1 2 4 1 3 0 1 1 1 4 0
1166 1168 4 1 4 0 0 2 4 4 3 1 0 0 2 4
6458 6459 5 3 0 0 3 5 2 5 2 0 0 1 1 4
401 2199 4 4 5 4 3 4 0 1 0 0 3 3 4 1
3160 3160 0 0 3 0 3 0 0 0 0 0 0 3 0 0
6683 6685 0 2 1 2 2 0 3 1 5 1 5 3 4 5
602 615 3 0 1 0 4 5 2 4 4 3 0 3 1 4
2484 6530 5 0 4 4 0 3 2 2 1 4 5 2 3 2
3256 3256 2 2 1 5 0 1 4 3 4 0 0 3 5 3
1402 1402 0 4 5 3 5 1 2 5 5 3 4 4 5 0
3163 3188 0 4 0 0 4 0 4 2 0 4 0 4 2 0
421 3345 5 0 0 5 3 1 0 2 5 4 5 0 2 5
2771 2779 4 1 2 3 2 0 0 5 3 4 1 1 5 2
4998 5006 4 0 0 0 4 2 2 2 0 0 0 2 2 2
3252 3263 0 2 5 5 1 1 3 1 0 5 5 3 3 4
6995 7006 0 4 0 5 5 2 5 2 2 0 1 2 4 4
4612 4618 4 1 5 4 0 3 4 3 3 1 5 3 1 1
1178 1185 1 4 5 4 3 4 5 1 5 2 0 0 5 4
267 272 1 0 3 3 5 0 1 3 2 5 1 1 1 2
4008 4010 1 1 4 2 0 2 4 0 5 1 0 0 1 2
1564 1570 3 1 3 2 4 4 4 3 3 1 1 5 3 1
2103 2109 5 5 5 5 0 1 2 2 1 1 5 1 5 4
2554 2577 4 3 5 5 4 5 5 0 0 3 0 5 5 1
5852 5864 3 5 3 0 4 1 4 3 0 3 5 0 3 2
2076 2080 3 5 0 5 4 0 2 3 0 2 2 2 1 4
4092 4102 2 4 1 2 1 5 2 2 0 1 3 2 2 3
6012 6020 0 5 0 0 4 2 3 2 0 2 5 5 3 1
7390 7391 2 1 3 3 5 5 4 1 0 1 3 0 3 4
7136 7136 4 3 1 5 2 2 2 3 2 4 0 3 1 3
1055 1059 3 2 0 0 4 4 3 5 4 0 0 4 5 2
2919 2924 1 3 4 5 2 1 3 0 1 0 4 3 3 1
115 868 0 2 4 5 5 5 0 1 5 3 1 0 1 3
7168 7168 3 5 5 5 0 0 2 2 0 3 0 4 2 1
6891 6896 3 2 3 3 0 2 1 4 3 4 2 3 5 5
5658 5663 3 0 5 0 3 3 5 4 4 4 1 0 2 5
1456 2983 3 2 3 5 1 2 2 3 2 0 0 1 4 2
5379 5390 5 0 0 0 5 0 2 4 0 4 1 0 0 4
4129 4139 4 1 2 4 5 0 3 4 3 5 4 5 3 5
4789 4814 1 2 5 0 1 2 1 4 4 5 0 1 0 4
4335 4335 4 4 1 2 5 0 3 3 1 1 3 4 3 5
1239 1240 1 4 5 5 4 3 1 5 0 3 3 3 3 3
2961 2962 5 5 3 5 5 1 2 1 3 3 1 4 3 0
1551 1577 0 1 3 2 1 5 1 1 1 3 3 0 1 0
503 1759 3 5 3 5 1 1 2 3 2 3 3 3 3 2
561 562 4 1 4 3 1 3 0 1 0 3 1 5 1 5
3751 3760 0 3 3 0 0 3 3 0 0 0 0 0 0 3
7949 7960 5 5 0 3 4 0 3 1 0 0 0 0 4 3
85 2851 4 4 0 4 2 4 4 0 2 4 0 4 2 4
6746 6747 1 1 5 2 4 3 4 5 3 3 2 0 5 3
6891 6891 5 2 5 5 5 4 4 1 5 0 1 5 5 1
7717 7722 3 1 3 3 0 2 2 3 4 4 5 0 0 4
7463 7463 0 2 5 3 3 4 5 1 1 0 5 2 5 1
858 858 2 5 4 2 4 5 1 4 5 4 5 3 3 4
188 193 2 1 3 0 3 5 4 2 0 4 2 3 2 0
3587 3596 5 2 4 0 4 0 5 3 2 3 0 1 1 5
57 879 2 4 2 3 3 3 5 1 1 3 4 0 0 1
4147 4156 2 5 0 5 4 3 4 0 0 0 2 5 4 2
2199 2211 2 4 4 0 1 0 2 1 1 0 3 3 4 1
3289 3291 0 4 4 1 5 2 4 2 2 5 0 5 0 0
1475 1482 3 4 4 5 4 5 2 1 4 4 2 3 4 1
4205 4212 5 4 3 4 2 5 1 4 5 1 2 4 0 2
381 390 3 4 2 0 0 3 0 5 2 4 3 0 5 0
1965 1967 5 5 0 4 3 1 1 1 3 1 3 1 2 1
638 644 1 4 5 2 0 3 4 4 3 0 4 0 0 4
7679 7679 2 4 4 2 2 2 0 4 0 0 0 4 0 2
4323 4329 4 0 0 4 4 2 0 4 4 2 0 0 0 4
823 827 5 0 1 2 4 4 5 0 0 1 2 3 2 1
3851 3854 0 4 4 5 0 3 1 0 5 1 1 2 2 2
6239 6239 0 0 0 0 0 0 0 0 0 0 0 0 0 0
1729 1740 2 0 3 4 4 3 2 3 0 1 4 0 0 4
1036 1038 4 0 1 3 3 1 0 3 0 3 5 1 5 0
4074 4079 4 1 5 1 1 3 3 3 2 2 0 0 1 4
1699 1704 2 2 1 0 2 0 2 0 2 5 2 3 3 0
3776 3786 0 4 2 2 4 4 0 2 4 2 4 0 2 2
1045 1057 1 0 3 2 3 2 0 5 3 2 3 0 3 0
4151 7984 3 0 2 1 2 3 4 5 0 5 2 1 3 3
5966 5976 2 1 5 0 1 5 3 2 0 4 1 0 0 2
2212 2223 0 0 3 4 0 2 3 2 1 4 3 3 5 4
2006 2027 1 0 5 3 3 5 3 2 2 0 3 4 5 4
1127 3634 0 0 0 4 4 0 2 4 0 2 0 0 2 0
2941 2946 2 1 4 5 3 3 0 3 2 1 0 5 0 5
4873 4881 3 5 2 0 1 4 5 3 3 2 1 4 1 0
4165 4171 0 4 3 0 3 5 4 1 5 2 0 3 0 2
2255 2266 4 3 1 3 3 3 4 5 5 2 5 5 1 0
2947 2947 5 3 3 0 1 4 5 0 5 1 1 1 0 1
818 818 2 3 2 0 3 5 0 1 5 2 1 0 3 4
3341 3350 0 4 4 3 0 3 5 5 2 3 4 0 4 5
3181 3193 1 1 2 2 0 1 5 2 2 2 3 4 2 1
3672 3672 4 4 0 0 0 4 4 2 2 2 0 0 0 4
7930 7930 0 2 4 4 1 0 2 1 1 3 0 0 2 5
6023 6030 4 1 3 1 1 4 1 5 3 0 4 4 4 3
5037 5049 0 0 1 3 0 2 0 4 0 5 0 3 3 1
3487 3497 3 0 1 2 5 4 4 3 5 0 5 4 1 1
5523 5536 4 4 0 2 4 4 2 2 2 0 2 2 0 2
794 818 1 4 4 4 0 4 5 0 5 2 3 0 0 0
371 968 0 2 5 0 4 5 3 2 5 5 1 4 2 5
4257 4257 2 0 5 0 3 4 2 0 4 4 0 0 5 3
5618 5624 2 0 4 2 3 5 5 5 3 1 4 0 3 3
1011 1014 4 0 3 0 5 3 2 4 4 2 0 2 4 3
1146 2872 3 5 5 4 4 3 0 1 1 3 4 5 2 3
3221 3221 4 4 0 0 2 0 0 2 4 2 0 4 4 4
7821 7833 1 2 3 2 0 5 3 4 0 5 5 2 1 5
25 37 2 2 4 4 0 0 4 2 0 5 4 5 3 5
6777 6789 2 2 0 2 3 5 1 2 5 2 3 2 0 3
3360 3360 0 5 4 2 3 3 3 5 3 5 1 4 4 2
6044 6045 0 2 2 5 4 1 5 2 1 2 2 2 2 5
6970 6995 4 2 1 2 4 4 0 5 3 1 1 4 0 0
3642 7744 4 2 0 4 4 0 2 4 4 2 2 4 2 4
6583 6583 3 3 3 3 3 3 0 3 3 0 0 3 3 3
7021 7027 0 0 1 1 5 4 3 2 3 2 3 5 1 4
5049 5074 1 5 2 0 4 0 4 0 1 5 0 5 0 1
7890 7897 5 4 4 1 2 2 4 0 3 0 1 2 3 5
5448 5450 2 0 5 5 1 0 2 5 3 1 0 1 0 0
5966 5970 4 0 2 4 4 2 1 0 1 4 0 5 4 5
5441 5445 2 2 0 2 4 2 4 4 4 4 2 4 2 2
4159 4169 2 4 1 2 5 4 0 3 1 5 2 0 5 3
4128 4130 0 0 1 2 3 1 2 3 2 1 0 5 5 0
2943 2952 2 4 0 0 1 1 4 4 2 3 2 0 5 3
2079 2084 3 3 0 1 3 2 4 0 3 2 5 1 3 4
2509 2511 3 5 1 3 3 1 4 5 0 1 1 2 2 5
1773 1773 4 4 0 0 0 4 2 2 0 4 2 4 4 2
2254 2262 3 0 3 3 0 3 0 3 0 3 0 0 3 0
1587 1595 4 0 0 5 1 5 2 5 3 4 4 1 0 5
774 2645 5 5 5 0 1 3 3 3 3 5 5 4 0 0
6097 6103 5 1 0 1 3 1 3 5 2 4 4 4 3 0
5004 5008 0 5 4 2 3 3 2 5 2 5 4 3 0 2
3827 3838 2 1 0 4 1 2 5 0 5 2 4 0 4 4
433 1725 1 2 0 4 2 2 1 3 5 5 4 2 5 4
2552 2552 2 0 5 3 1 1 2 2 0 0 5 1 0 3
3079 3081 3 0 3 4 0 0 3 1 2 2 1 2 5 5
4884 4907 2 2 4 4 5 2 1 1 0 0 0 5 3 2
5633 5634 1 5 5 1 3 4 2 4 4 3 3 4 3 4
3007 3010 3 4 4 5 0 2 5 0 2 4 3 0 5 2
4884 4895 1 2 4 4 1 3 5 5 2 4 0 5 0 1
4995 4996 2 4 1 4 2 5 1 4 4 5 1 2 0 0
1143 3246 3 2 0 4 4 2 5 4 2 2 2 0 0 0
3050 3050 0 0 0 3 0 3 3 0 3 0 3 3 0 0
3886 3896 5 2 1 4 0 0 4 0 3 1 2 4 1 2
227 230 1 0 4 4 3 4 2 3 4 3 0 2 3 4
147 1064 1 1 1 4 3 4 4 0 0 2 2 4 4 5
2105 2105 0 0 0 0 0 0 0 0 0 0 0 0 0 0
966 978 2 2 1 1 2 2 3 0 2 3 4 1 5 2
1468 1471 4 0 0 3 5 4 2 3 4 2 5 5 2 5
1832 4989 0 3 1 4 2 1 0 2 4 5 1 3 1 5
2985 2986 4 3 1 3 3 1 3 2 4 2 1 0 0 4
4112 4116 0 0 5 1 4 3 3 1 2 4 0 1 0 1
2544 2557 5 3 2 4 1 0 3 3 3 2 4 0 5 5
385 390 3 0 3 3 5 5 1 4 5 2 5 5 3 2
5618 5626 5 2 1 3 5 4 1 4 4 3 4 1 5 1
3892 3895 5 5 2 4 1 5 5 0 2 1 4 2 0 1
5794 5802 5 1 5 5 2 3 1 1 4 5 3 2 2 2
1077 1088 0 0 3 0 1 3 3 5 0 1 3 1 1 5
3651 3652 3 0 3 3 1 2 1 5 4 0 2 5 2 0
1615 1624 2 1 1 3 4 4 0 4 1 2 2 2 4 0
587 590 1 3 0 5 2 4 1 0 1 0 1 3 3 5
3468 7348 4 3 1 1 0 3 3 1 1 2 3 4 1 2
1490 1490 0 0 0 0 0 0 0 0 0 0 0 0 0 0
5032 5033 0 1 3 5 2 0 0 0 3 0 3 1 2 1
7696 7699 4 2 2 2 3 4 2 5 4 2 3 2 3 0
3137 3139 5 2 2 5 0 5 1 0 5 5 0 0 1 3
2841 2841 0 3 5 5 1 1 3 0 1 3 4 3 0 1
3559 3567 1 2 0 1 4 0 2 0 3 1 3 2 1 5
3060 3068 3 1 1 3 5 5 4 4 4 0 5 5 3 0
1091 1099 2 5 1 2 2 0 0 4 2 2 5 2 5 3
4955 4960 2 5 1 4 5 3 5 5 0 0 0 5 4 1
2694 2703 1 5 4 0 2 3 5 4 0 0 3 3 1 3
699 713 0 0 1 2 0 5 4 2 4 3 2 1 2 2
4640 4643 5 2 5 3 1 4 4 5 3 1 1 0 4 5
5610 5610 0 0 4 2 0 0 4 4 4 2 2 0 2 4
2841 2843 3 2 2 5 5 1 3 2 4 0 2 2 4 1
4852 4853 4 5 4 1 3 4 0 1 2 1 2 4 2 0
529 529 2 3 2 0 5 1 3 5 5 5 1 3 1 1
3374 3376 3 4 3 2 3 5 4 5 0 2 3 1 1 1
7030 7032 0 0 0 0 0 0 0 0 0 0 0 0 0 0
6326 6327 4 5 1 4 0 5 5 5 5 2 2 1 5 2
6589 6592 3 1 1 3 4 5 4 3 3 4 5 1 1 4
2995 3004 5 1 5 5 4 5 5 4 1 4 2 2 0 3
3699 3703 0 1 3 0 3 0 3 2 4 4 3 0 2 3
6371 6385 2 1 2 5 5 0 4 1 3 0 2 5 5 5
3913 4196 2 1 4 0 2 5 0 3 5 1 0 2 2 2
6538 6544 5 2 4 0 1 3 2 0 1 2 2 0 3 3
1357 1368 4 3 3 4 2 0 2 4 3 1 0 0 1 0
117 124 0 2 2 4 5 4 2 1 1 0 0 5 1 0
6396 6402 2 1 4 5 0 3 1 3 2 2 1 2 1 4
7928 7928 0 3 1 4 2 2 5 5 3 5 5 3 3 4
1481 1481 2 3 0 2 1 2 2 5 3 0 2 2 5 5
5112 5117 4 2 3 5 2 0 0 2 4 0 5 0 0 0
4998 5007 2 5 1 2 4 4 3 0 3 0 5 3 5 2
1378 1378 4 0 4 4 2 0 4 4 4 4 0 2 0 0
3745 3748 2 2 4 0 2 4 0 2 4 0 0 4 2 2
2906 2926 0 5 4 5 4 4 1 5 3 0 4 3 4 0
2367 6803 2 0 2 2 0 1 4 1 3 2 3 3 1 1
3842 3853 0 5 0 1 5 4 5 5 4 3 0 4 0 5
3654 3661 3 5 4 1 1 4 2 5 0 0 2 2 1 3
1156 1179 4 1 0 0 3 4 5 0 5 5 3 4 4 5
1188 1242 0 5 1 4 2 4 0 5 3 5 2 0 1 3
3336 3340 5 2 1 5 2 2 3 0 0 1 1 2 2 1
2895 2906 4 2 4 4 4 0 2 0 4 4 4 0 2 2
2061 2071 1 0 2 1 2 2 4 0 0 4 4 4 4 5
5402 5402 2 3 0 5 1 3 1 3 5 2 2 1 2 4
5739 5745 4 2 1 0 5 0 5 2 2 0 2 3 1 2
4026 4028 1 4 2 5 2 1 5 2 0 2 5 5 5 1
5454 5457 4 0 4 4 4 4 5 4 5 5 1 3 0 4
6104 6108 3 3 2 5 1 1 4 3 0 1 4 5 2 3
3485 3485 4 4 2 4 0 4 4 0 0 0 0 4 2 0
116 120 1 2 3 3 3 1 2 2 1 4 0 4 0 2
3988 4000 5 2 2 2 1 0 3 3 1 5 1 5 5 0
6482 6492 1 1 3 3 3 3 1 5 4 0 3 5 2 2
7428 7428 0 0 0 0 0 0 0 0 0 0 0 0 0 0
2006 2009 0 2 5 2 2 4 5 0 5 5 0 0 5 1
827 832 0 5 5 5 5 5 0 0 1 4 0 1 3 2
447 4179 3 4 3 2 0 0 0 0 5 5 2 1 2 4
7258 7261 2 2 2 3 4 0 4 2 3 3 5 0 0 2
4345 4352 0 1 2 0 1 5 3 1 3 0 3 2 4 5
4228 4231 1 0 4 4 1 2 1 5 4 4 0 1 5 3
3487 4493 4 2 2 4 4 0 4 0 0 4 4 4 2 0
4028 4037 3 4 5 4 2 4 2 5 2 3 4 0 4 3
4712 4713 3 3 3 0 3 3 3 0 0 3 3 0 3 0
2102 2118 4 0 1 2 0 5 4 3 5 3 0 3 0 5
3058 4633 5 1 4 2 1 5 5 1 5 1 3 3 5 0
7482 7484 0 2 4 4 2 3 0 2 3 4 2 0 0 5
5364 5366 5 1 0 3 5 3 0 1 4 0 0 4 0 5
3161 3162 1 1 5 3 2 1 5 1 3 2 4 1 5 0
111 375 4 0 0 3 5 1 4 3 1 4 1 5 5 1
7627 7638 0 1 5 0 1 1 3 0 3 5 3 5 4 5
6649 6653 1 0 3 3 5 1 5 4 0 4 3 1 1 1
2596 2607 3 0 5 1 3 4 1 3 0 3 0 1 4 5
1923 1930 2 3 0 2 0 1 1 0 3 3 1 2 1 0
1742 1750 1 2 1 1 5 3 3 3 2 2 3 0 1 4
7815 7816 1 3 5 1 5 0 2 2 4 4 4 0 1 0
2544 2549 5 5 4 4 4 3 2 3 1 4 1 5 4 1
360 404 3 4 3 3 4 3 2 4 2 0 0 4 0 1
4863 4869 3 5 5 2 1 5 1 3 4 2 5 0 0 1
4003 4015 1 1 1 0 0 5 4 2 0 3 4 4 2 2
421 439 4 5 1 4 0 3 4 3 0 0 5 2 3 0
3083 3086 5 1 1 1 2 3 2 0 2 5 0 2 4 1
3006 3006 0 2 0 4 4 4 0 2 2 0 0 2 4 0
4286 4287 2 1 4 4 5 1 5 4 5 3 1 3 5 1
1196 1196 2 4 0 3 3 5 0 0 5 2 2 2 5 5
2783 4406 0 5 4 3 4 5 2 0 0 5 2 5 3 3
7344 7347 5 2 0 0 5 0 1 0 5 0 3 0 5 5
3060 3065 3 3 1 4 2 5 1 1 2 4 1 2 5 1
973 974 5 1 5 2 3 2 5 1 5 4 3 1 4 2
3716 3728 0 1 2 4 0 5 4 2 3 1 0 3 2 5
3618 3618 4 4 2 2 0 2 0 4 4 2 2 0 0 0
5631 5642 3 4 0 0 4 0 4 3 1 0 4 3 0 5
7782 7786 2 0 5 5 3 0 2 2 3 1 0 1 2 3
2112 2356 0 0 4 4 3 0 4 1 4 2 0 2 2 2
5271 5282 3 1 5 0 4 0 3 3 2 3 3 2 5 4
1820 1832 3 4 3 2 2 2 1 1 0 3 5 0 4 4
7305 7314 5 1 0 1 4 4 2 4 4 2 0 3 5 4
4480 6615 4 4 1 0 0 5 2 3 4 4 5 1 5 3
2810 2813 1 5 5 0 4 4 0 1 0 3 1 1 4 1
2600 2607 5 3 0 3 4 1 4 3 3 4 5 3 4 5
5633 5633 2 0 2 2 0 0 2 0 0 2 0 2 4 0
1123 1123 5 1 0 5 1 0 2 5 4 5 1 2 1 2
6931 6931 5 3 3 4 1 4 3 4 4 4 5 1 0 2
7277 7289 0 5 4 4 2 4 0 1 5 0 4 0 1 1
3689 3705 0 1 1 3 2 0 1 3 0 1 0 1 0 3
949 1527 3 1 1 3 0 4 2 0 5 1 1 2 2 4
7140 7143 4 1 1 2 1 3 4 0 5 0 1 2 5 2
1038 1041 3 3 3 3 2 0 1 0 5 1 5 5 0 5
2064 2090 4 0 1 0 2 4 5 4 1 1 4 2 0 2
1 5931 0 1 1 2 5 1 3 1 3 0 4 5 1 5
6492 6492 4 1 0 5 5 1 3 5 2 4 4 5 3 3
504 510 4 1 3 0 1 5 5 1 5 3 0 3 5 4
1745 1748 2 4 2 0 4 0 5 3 5 5 3 5 1 0
7020 7023 3 2 1 0 5 5 2 3 2 0 3 0 2 1
2598 2598 2 0 4 2 4 0 2 4 0 2 2 4 0 4
86 92 4 5 5 4 2 4 0 1 1 3 3 0 0 2
6064 6079 4 2 2 4 5 5 4 0 0 4 2 1 5 4
912 1497 1 4 4 1 4 4 0 3 1 0 1 2 3 0
6953 6963 2 0 4 1 2 2 2 4 0 2 5 3 3 4
26 38 5 5 2 0 5 0 4 3 0 0 2 1 3 5
2892 2893 1 4 0 1 5 1 0 1 4 2 4 3 4 5
303 306 4 4 5 4 4 0 4 5 4 2 3 5 4 2
873 873 0 5 4 3 4 5 4 3 5 3 5 2 1 1
2694 2702 1 3 1 3 2 0 3 3 4 1 3 1 5 5
4469 4471 0 4 4 2 4 4 2 4 0 4 0 4 2 2
155 3756 4 2 2 0 2 2 4 2 2 2 0 0 2 4
2397 2409 5 1 5 4 3 1 0 2 5 1 3 3 4 0
6059 6072 4 0 3 5 2 0 5 0 3 4 2 0 3 1
2443 2444 4 2 0 2 3 2 4 3 3 3 2 5 4 3
1377 1386 3 2 1 3 4 1 1 1 0 2 5 4 1 0
762 763 1 4 5 1 4 1 5 4 0 4 0 3 0 3
7381 7381 4 2 1 1 0 5 2 0 1 2 1 3 3 1
7941 7943 4 1 0 3 2 0 1 0 3 1 1 0 2 5
5237 5237 5 4 1 5 3 5 1 4 2 3 1 5 3 3
2474 2480 3 0 1 0 4 2 3 4 5 5 5 3 5 5
3930 3941 2 5 4 5 1 4 0 4 5 4 4 0 0 3
1256 1266 2 0 3 5 5 1 0 3 5 2 0 3 5 2
175 175 3 3 2 5 1 1 4 2 5 2 4 4 0 4
107 110 3 4 5 0 3 3 2 4 5 0 4 0 2 1
5810 5817 4 5 5 1 1 4 5 3 1 1 1 5 3 1
4162 4172 1 3 2 0 2 0 5 3 5 2 1 5 2 0
2827 4110 2 4 0 2 4 4 2 2 4 4 0 4 2 4
5309 5319 1 5 5 1 4 0 1 2 3 3 0 0 1 2
4111 4123 4 0 3 4 2 2 0 1 2 3 1 0 2 1
6251 6261 5 3 5 2 2 3 1 3 5 3 5 0 2 4
3125 3133 2 0 3 4 4 0 3 1 3 2 4 1 1 0
6922 6922 3 5 4 3 5 2 3 1 0 5 0 2 4 2
4373 4374 5 2 4 1 4 1 3 3 2 2 1 1 1 4
3445 3470 2 0 2 0 0 4 4 0 4 2 0 4 4 2
667 668 1 4 1 3 1 1 0 1 3 1 2 1 4 2
5443 5446 3 0 1 2 1 4 3 2 1 1 2 3 0 1
1643 1651 4 4 4 1 5 1 0 4 4 5 0 1 1 5
4815 4822 1 1 5 2 5 1 1 2 4 5 3 4 2 5
3405 7417 3 5 4 3 4 4 2 5 5 5 0 4 4 3
5958 5958 5 3 3 0 1 1 2 2 1 3 5 2 0 0
2553 2560 5 0 4 3 0 2 1 4 3 4 5 5 3 5
4389 4391 5 1 5 0 4 4 5 5 1 0 0 0 4 4
6067 6072 2 5 2 0 4 3 0 3 1 1 4 2 1 3
6797 6798 5 4 1 4 5 3 4 0 1 5 4 2 1 0
2548 2554 5 4 0 3 0 3 3 0 1 1 0 1 3 4
5014 5024 5 1 1 5 5 2 1 3 1 2 1 2 3 5
1464 2649 1 2 4 3 0 3 3 2 4 5 4 2 3 3
7878 7881 1 1 2 5 3 4 3 4 0 1 1 1 5 3
5713 5713 4 4 2 4 4 4 0 2 2 0 0 4 4 4
568 593 4 1 4 1 4 0 5 0 1 3 4 5 2 0
962 2947 1 0 1 5 2 0 5 5 0 5 1 1 3 0
4556 4559 0 3 4 3 3 0 5 4 1 0 1 3 0 3
5383 5393 4 1 2 2 2 3 5 3 4 1 5 3 0 5
3436 3438 1 5 2 2 3 5 0 2 2 4 1 1 3 2
2318 2327 3 5 0 3 4 5 4 3 5 0 3 5 0 2
3781 3781 1 2 2 5 3 5 4 1 5 2 3 2 3 2
1225 1229 3 3 2 3 2 5 0 3 4 1 5 4 1 1
3285 3288 4 0 4 3 3 2 0 3 5 5 5 5 1 5
7780 7791 4 0 2 5 5 2 5 0 3 1 3 1 1 5
5476 5476 0 0 0 0 0 0 0 0 0 0 0 0 0 0
3663 3673 4 1 0 3 5 1 1 1 4 5 4 1 3 2
5572 5596 2 4 3 4 0 3 0 1 2 3 2 3 1 1
3631 6618 5 4 2 4 4 2 2 1 1 4 2 4 5 4
6294 6294 1 5 4 1 1 3 1 0 2 5 1 0 2 4
3630 3638 0 5 3 3 1 2 1 3 2 3 3 1 0 1
6319 6324 3 5 1 4 3 1 5 5 2 4 3 0 1 4
7685 7697 0 5 2 1 2 0 5 2 2 5 0 1 2 0
6037 6037 0 3 0 0 0 0 3 3 0 0 3 0 0 3
4136 4148 1 0 2 5 3 3 5 0 2 3 0 0 5 0
5728 5729 5 5 2 4 2 1 3 2 3 3 4 1 0 2
6290 6293 5 0 2 0 0 5 0 2 5 3 1 0 4 0
1935 1935 2 4 0 4 4 4 0 2 2 2 2 4 0 2
2617 2625 1 0 4 4 4 3 3 4 5 5 5 2 4 1
5626 5636 4 4 0 0 5 3 0 4 3 2 1 5 0 1
6351 7175 4 2 5 3 5 2 3 1 3 1 4 5 3 5
3332 3332 3 3 0 0 3 3 0 3 3 3 0 0 3 0
7217 7229 4 4 3 0 4 5 1 3 1 1 5 0 5 2
5139 5157 1 0 0 3 4 3 3 2 4 0 0 3 0 4
166 2339 5 0 0 4 0 4 4 1 2 5 2 4 3 4
4443 4443 4 0 0 0 4 4 4 2 4 2 4 2 0 4
3916 3929 2 0 0 4 5 2 0 0 1 0 0 1 2 2
1373 1378 3 5 0 4 0 1 0 1 4 3 3 0 4 5
1569 1570 2 3 4 0 5 1 1 2 4 3 3 2 3 2
7689 7692 4 3 2 2 1 4 3 2 5 3 2 2 2 0
518 528 4 1 1 1 3 2 3 0 4 0 2 5 2 4
548 559 5 3 2 4 2 5 3 0 5 3 4 0 3 2
2467 7861 5 3 5 2 4 4 5 5 3 4 5 5 2 4
4090 4090 5 0 2 3 1 4 4 4 3 5 0 4 3 5
2432 2432 0 0 0 0 3 0 0 0 0 0 3 0 3 0
2224 2240 2 2 2 2 2 0 4 0 0 4 0 4 0 4
1819 1827 2 3 1 5 5 2 3 1 5 0 4 5 0 4
4247 4249 3 2 1 5 3 2 1 0 4 2 2 2 1 4
2436 2439 0 0 5 3 0 3 3 1 5 5 5 4 3 2
6541 6546 3 5 4 0 4 5 0 2 1 2 0 5 5 2
3542 3553 5 2 4 1 5 2 3 1 1 5 1 3 2 0
7310 7318 5 4 3 0 2 3 1 0 5 5 2 5 3 4
4409 4410 0 3 1 5 2 1 2 4 4 4 1 5 0 4
2926 2927 4 2 3 4 4 1 5 2 0 3 4 4 1 5
5079 5079 5 1 0 0 3 3 2 0 3 5 1 0 4 2
1789 1799 1 5 5 3 0 4 3 1 5 5 5 4 1 3
4111 4120 3 2 0 5 1 2 3 5 3 4 1 1 0 2
5449 5457 0 1 2 4 4 0 4 3 3 5 5 3 3 3
4333 4333 4 4 3 0 4 1 2 0 4 0 3 1 2 3
295 295 4 3 0 2 1 2 3 4 0 2 2 5 4 0
2639 2644 5 2 3 3 2 1 5 4 1 0 2 5 3 2
2391 2391 4 2 3 1 4 5 3 3 0 0 0 5 5 1
176 187 0 5 5 5 2 5 2 5 0 0 0 4 0 5
2526 2526 4 2 2 0 0 4 2 4 0 0 0 4 2 4
2962 2972 3 2 3 3 2 2 3 1 3 4 0 4 4 3
1201 1210 1 3 2 0 0 4 0 2 2 1 4 0 3 5
602 2472 3 5 5 3 0 2 4 5 3 4 3 4 1 2
4633 4645 2 5 4 5 3 2 0 5 5 2 1 0 4 4
6401 6401 0 5 0 5 4 5 3 3 0 3 3 1 5 0
2597 2608 0 2 1 3 4 0 3 0 0 1 1 1 2 4
3444 7668 4 1 3 1 3 2 0 1 0 4 4 3 3 1
3163 3163 4 3 5 5 0 5 1 5 2 3 5 5 2 5
6790 6792 2 0 5 1 2 0 0 3 4 4 2 4 4 1
319 332 2 5 4 4 2 2 2 5 1 2 0 4 2 2
908 910 4 2 0 2 0 5 5 5 3 2 2 5 1 0
6568 6571 4 0 4 4 4 1 0 0 4 2 4 4 3 1
6912 6917 3 3 2 3 5 0 4 0 1 4 2 0 4 0
6214 6224 2 5 4 0 4 1 2 4 0 5 5 4 1 0
1414 1423 0 4 3 5 2 0 3 3 5 4 5 5 1 1
6954 6957 4 4 4 4 4 2 1 5 2 2 1 2 5 4
3806 3816 0 4 0 2 5 0 2 3 4 2 3 3 4 1
1626 1633 0 2 0 2 4 4 0 1 0 2 1 0 2 0
2938 5367 0 2 4 4 2 4 4 0 4 0 4 0 2 2
2400 2400 0 0 2 0 2 2 4 4 2 2 0 4 0 0
4104 4113 1 3 0 2 0 3 4 1 2 1 1 2 3 4
7913 7920 0 2 3 3 1 5 3 3 3 3 2 3 5 2
717 2211 4 3 5 4 4 3 5 4 2 2 0 4 1 0
1464 1464 1 4 0 3 5 3 1 2 2 4 1 0 5 4
4839 4843 5 3 2 5 3 2 5 1 0 3 4 0 2 1
54 58 5 0 2 5 4 0 3 0 1 4 4 4 4 4
74 76 4 1 4 1 0 0 4 2 5 2 2 4 0 2
4597 4597 0 3 3 0 3 0 0 0 3 0 0 3 0 3
4364 4373 2 1 0 0 0 0 4 3 0 5 0 1 3 3
3930 3939 5 4 1 5 1 2 2 1 1 0 1 1 0 1
846 909 5 5 2 5 2 0 0 0 1 4 2 0 5 1
6865 6868 3 0 5 0 4 3 3 4 2 1 5 0 2 5
4378 4380 5 0 0 3 4 4 5 4 4 2 2 1 5 0
6812 6813 0 0 0 0 0 0 0 0 0 0 0 0 0 0
613 1046 5 0 1 2 4 3 3 4 3 4 4 1 0 2
4721 4721 0 0 4 2 4 2 0 4 4 4 0 4 2 2
2533 2533 1 2 5 0 5 2 5 1 1 0 3 1 2 1
7439 7443 5 1 3 5 4 5 1 2 0 3 1 5 3 2
7822 7830 0 0 1 3 1 0 2 0 1 3 0 3 2 3
5001 5001 0 4 5 4 2 0 3 1 4 2 4 1 5 2
7755 7767 5 0 2 5 4 3 4 4 3 5 1 0 1 0
4587 4593 4 0 2 5 2 1 2 3 1 4 2 0 3 5
3162 3172 0 4 0 2 2 3 2 0 0 4 5 3 3 2
7334 7334 3 3 3 0 3 0 3 3 0 0 0 0 0 3
5301 5311 1 3 2 0 0 2 1 1 1 0 4 4 4 3
3093 3107 5 5 1 5 5 0 1 2 4 0 2 5 4 3
542 4189 2 1 5 2 1 4 2 2 2 5 1 4 1 5
3072 3084 5 3 2 3 3 2 5 3 4 5 2 2 3 1
1861 1867 0 2 1 1 3 0 2 2 5 5 2 2 0 2
3740 3750 4 1 1 1 0 5 0 5 5 3 5 0 4 2
2472 5032 1 2 3 1 5 0 0 2 1 3 5 1 3 1
3539 3539 2 0 0 0 2 2 4 4 2 4 2 4 0 4
845 856 5 3 3 1 2 5 3 0 5 0 0 3 3 0
6665 6673 4 4 5 2 2 1 4 1 4 4 3 2 5 0
343 351 5 5 2 4 0 2 4 5 5 2 5 2 1 5
6057 6067 5 4 3 5 0 5 1 0 3 4 5 0 0 4
52 61 2 4 2 2 0 5 2 2 3 5 4 3 5 1
3592 3593 4 4 2 3 4 3 0 1 4 1 3 4 2 4
3865 4081 3 2 2 0 5 1 4 5 2 2 4 1 5 1
5528 5528 2 0 0 4 4 0 2 2 2 4 4 2 4 2
3167 3173 2 3 1 1 5 1 3 4 5 0 5 4 5 5
4283 4286 5 3 5 4 5 4 4 0 0 2 1 4 4 4
232 5234 2 1 3 2 0 0 4 5 4 1 0 3 4 2
1157 1157 4 0 3 4 3 4 2 4 2 3 4 2 3 1
3247 3255 5 5 2 5 2 3 2 5 4 0 4 0 5 3
7515 7542 5 3 4 4 3 1 2 3 3 5 3 3 1 2
584 1901 1 1 4 1 5 5 1 4 1 1 4 5 1 5
1295 1301 5 0 0 1 1 1 2 3 3 3 5 1 2 3
7178 7183 4 4 0 4 0 0 0 2 2 0 2 4 4 4
2000 2003 0 5 0 3 5 2 5 3 1 3 4 0 5 2
497 5713 2 0 2 0 4 4 4 4 0 4 0 4 0 0
3915 3915 4 3 4 0 5 5 0 5 3 1 3 2 1 4
4222 4225 2 2 3 1 3 4 5 3 5 4 4 2 3 3
2199 2203 2 0 5 3 3 5 2 3 4 5 3 5 3 2
4172 4172 3 5 3 2 3 2 2 0 5 1 4 5 0 4
1122 1122 4 2 5 3 3 3 0 1 3 2 5 1 1 3
5154 5159 2 3 1 0 3 4 5 4 5 1 5 0 1 2
1033 1057 2 4 5 2 0 4 0 0 0 4 5 2 1 1
766 767 4 1 4 1 5 4 4 4 4 5 4 0 3 1
2965 2965 2 5 1 5 5 2 0 4 4 1 3 5 1 2
6249 6259 5 2 3 1 3 0 4 0 3 2 5 0 3 4
5877 5878 4 2 0 3 2 1 1 2 1 0 3 4 3 3
2024 5284 3 2 4 5 2 1 2 4 1 0 2 2 5 0
1709 1709 0 0 0 0 3 0 0 0 0 0 0 3 0 0
4112 4124 2 3 0 5 2 0 0 5 3 2 2 2 2 5
3773 3787 0 2 4 4 0 4 3 3 3 3 3 1 4 0
1178 7249 3 0 4 4 5 5 1 4 3 5 3 0 5 5
6409 6409 4 2 0 4 3 1 0 3 0 5 4 3 5 1
607 617 1 5 5 4 5 1 2 1 0 1 4 1 4 1
6912 6935 3 2 2 2 1 2 0 0 3 2 3 0 1 2
2676 2682 2 2 1 3 2 4 1 0 2 0 2 5 4 0
7558 7570 4 3 3 1 1 5 2 1 0 4 5 0 5 1
3167 3171 5 2 4 1 4 3 4 2 1 5 4 0 3 5
6560 6568 4 0 2 2 2 4 2 2 3 5 4 0 5 0
3602 3930 2 1 5 2 5 0 1 3 4 3 5 5 5 2
3455 3457 2 4 5 1 0 0 4 1 1 5 1 2 3 4
3740 3750 1 4 4 0 3 0 5 3 2 0 4 0 2 2
606 627 0 2 2 2 4 2 4 0 2 2 2 2 4 0
4005 5503 1 3 3 4 2 4 2 5 0 2 1 0 5 4
7164 7175 0 4 0 5 0 2 1 0 4 3 2 2 5 3
3295 3299 5 1 1 5 2 0 0 3 4 4 0 4 3 5
3815 3825 5 2 5 0 0 0 1 0 1 0 3 0 2 0
6154 6322 3 2 3 2 3 4 0 2 2 1 1 0 2 5
748 759 5 5 2 0 0 4 0 3 5 4 2 0 5 4
1014 1020 2 2 3 4 1 5 1 3 1 1 2 1 0 1
2114 2125 4 3 3 0 4 2 1 4 3 1 4 0 4 5
383 2719 4 5 3 0 3 0 2 2 3 5 0 1 1 2
2570 2570 0 4 4 0 4 4 0 2 4 0 2 4 0 2
4799 4800 0 5 4 0 3 0 1 2 2 5 0 0 2 3
1730 1752 2 2 4 0 0 2 4 0 4 0 0 4 2 4
2228 2228 2 4 0 5 0 5 5 5 1 2 2 1 0 2
5407 5407 2 0 4 2 0 2 0 4 2 0 0 4 4 0
4518 4531 3 3 5 5 3 2 1 5 1 4 3 4 0 0
7665 7665 5 0 4 3 5 4 5 0 2 3 5 4 0 3
7119 7119 2 2 4 0 5 3 0 5 2 2 5 4 4 2
14 14 0 2 2 2 4 4 2 4 0 0 0 0 0 2
4372 4372 2 3 3 3 2 3 3 3 1 4 1 0 1 0
761 765 5 2 0 1 2 5 4 4 0 5 5 3 3 1
2433 3687 5 2 2 3 0 4 5 2 5 4 4 2 1 0
6980 6980 2 4 2 0 2 0 2 0 4 2 0 2 0 2
2565 2566 4 1 5 0 1 5 4 0 0 3 1 2 2 4
4518 4530 4 5 0 0 5 5 3 4 1 1 1 4 3 2
7941 7941 4 3 1 5 0 0 3 3 4 4 1 4 3 2
109 115 1 3 2 0 2 0 3 1 3 1 5 0 1 3
7044 7055 0 1 1 0 5 3 4 1 2 0 4 3 3 0
1392 1402 4 0 3 5 2 4 3 1 5 5 3 2 2 1
1956 4346 3 3 5 3 3 4 5 1 2 3 5 1 1 2
3145 3154 2 2 4 1 4 0 0 5 1 5 4 3 0 1
2581 2587 3 0 4 5 2 3 5 3 4 0 2 2 4 0
6921 6942 2 2 0 4 0 2 2 2 0 4 0 0 2 0
107 107 0 1 0 3 4 4 2 3 0 3 3 1 0 4
5251 5251 1 5 3 0 3 4 5 0 3 5 2 1 5 1
4155 4160 3 1 5 4 2 2 4 5 2 4 2 2 5 4
3467 3493 3 0 4 4 2 2 2 0 2 1 5 3 2 2
6481 6493 1 0 0 0 1 5 5 2 5 5 5 4 4 3
4635 4636 3 0 2 2 1 2 0 4 1 1 4 0 0 1
1899 1905 4 5 1 5 0 2 0 5 4 0 4 5 2 3
342 352 1 2 3 2 2 2 2 3 0 1 4 4 4 1
1980 4626 3 5 5 5 3 5 0 3 0 2 4 2 3 3
1666 1668 5 1 3 0 4 0 0 5 0 1 4 2 2 4
5969 5974 2 3 4 3 2 3 5 0 2 2 2 3 2 3
5341 5353 1 0 5 0 2 0 4 5 1 2 4 1 4 3
3228 3238 3 5 4 2 5 0 0 2 4 1 5 5 0 5
7511 7520 2 3 2 0 3 5 0 0 0 4 1 3 1 1
6210 6218 3 0 3 2 2 4 4 0 5 1 1 3 2 0
139 143 5 2 0 5 4 3 4 1 5 3 3 2 3 5
2238 4119 3 4 5 1 2 0 4 0 2 3 2 5 0 2
643 650 5 4 0 0 1 5 3 0 1 5 4 4 5 5
3526 3531 0 1 0 2 1 4 3 4 3 0 0 5 2 3
6910 6917 4 3 1 1 1 1 3 3 4 5 2 5 3 2
6506 6508 4 4 1 4 3 1 3 1 1 1 2 0 5 5
115 123 2 5 0 0 4 5 2 4 5 4 5 5 3 3
4343 4351 4 5 4 3 1 5 3 3 5 2 4 0 3 0
5090 5092 2 3 3 0 0 2 5 5 2 2 3 5 3 4
1375 4277 5 2 2 3 5 4 5 3 4 3 3 1 4 1
5758 5758 0 0 0 0 0 0 0 0 0 0 0 0 0 0
5377 5381 0 5 3 4 2 1 2 2 3 5 2 2 1 0
122 126 2 5 5 3 2 3 5 1 2 1 3 1 1 4
2481 4365 2 4 3 3 1 2 3 2 5 3 1 4 4 3
6622 6625 1 2 3 0 3 5 2 0 2 1 3 3 0 0
1358 1362 1 1 0 0 5 4 1 5 5 2 4 1 3 5
3378 3402 0 4 3 4 5 3 1 2 0 4 4 3 5 1
5252 5264 4 4 1 0 3 3 3 0 3 4 2 0 1 0
7410 7418 1 2 0 3 4 1 0 0 2 1 5 2 4 3
7166 7171 5 4 1 5 3 0 1 4 4 4 2 4 4 5
1798 1800 2 3 5 4 3 3 5 5 2 2 1 1 3 5
4386 4397 3 1 0 3 0 1 0 3 3 2 4 0 5 1
178 189 1 0 0 5 1 4 3 3 5 1 2 5 5 5
2 4 5 3 4 0 4 3 5 0 0 5 3 0 2 1
6830 6851 0 3 5 1 2 5 0 5 4 3 0 2 1 0
2179 2186 5 4 3 1 5 5 3 3 1 2 1 4 1 5
7201 7203 1 2 2 4 4 2 2 4 4 1 4 2 3 3
1148 1153 2 0 5 2 4 2 4 2 0 3 1 0 0 3
2702 2721 2 2 1 5 2 5 5 3 4 1 1 5 0 3
4010 4013 5 3 5 5 2 1 0 1 5 3 3 2 3 5
6825 6826 0 5 1 0 4 2 1 2 2 3 1 4 5 4
3106 3110 4 3 4 3 2 3 5 4 2 2 2 3 0 0
2349 2361 2 2 2 0 0 4 3 2 1 4 2 3 3 3
7659 7769 3 1 3 2 3 1 0 5 0 2 2 3 2 4
5094 5094 0 1 3 4 2 3 1 5 1 0 3 3 3 0
6418 6418 0 0 0 2 0 2 0 2 2 0 2 4 2 2
3139 3146 3 3 3 2 0 4 3 2 2 2 3 5 0 2
2569 2752 3 5 5 0 3 5 1 5 1 2 2 3 1 3
614 614 0 4 2 2 2 4 4 0 2 4 0 2 2 0
6736 6739 0 0 1 4 2 4 3 5 5 1 4 3 3 0
4388 4409 1 1 3 5 4 2 2 5 0 4 0 4 0 4
1823 1926 5 4 5 0 5 1 0 0 5 1 4 3 3 4
7788 7788 4 4 2 2 0 0 0 2 2 2 0 2 0 0
7101 7110 4 5 5 0 2 4 4 3 1 3 3 0 4 2
5765 5766 2 3 2 0 0 4 4 0 5 3 5 0 5 2
3090 3091 4 2 0 0 3 2 4 2 5 0 4 5 1 5
1564 1564 3 0 0 0 3 0 3 0 3 0 3 3 3 3
3132 3140 3 2 5 4 2 2 1 0 3 2 5 1 2 1
7587 7613 3 3 3 3 1 3 4 0 0 1 3 4 0 5
122 1706 0 3 1 5 5 2 5 4 4 2 1 0 5 0
3762 3764 0 0 2 2 0 3 3 2 2 4 5 4 3 0
4304 4309 5 1 5 5 0 5 1 3 4 3 2 5 1 2
5058 5058 5 5 4 4 1 3 5 2 0 1 2 2 1 5
7238 7249 1 2 3 1 3 1 4 3 0 4 4 0 4 2
2501 2507 0 3 2 3 2 1 0 3 1 2 4 4 3 1
5866 5868 4 5 0 5 2 1 1 2 1 0 4 4 5 2
2137 2155 5 3 5 3 5 3 1 1 1 1 5 5 5 3
317 912 2 5 5 4 3 2 0 5 5 5 3 1 3 2
2925 2925 0 2 2 0 1 2 3 2 0 0 1 0 4 5
6656 6667 4 5 3 4 0 5 0 2 4 1 3 3 4 2
5982 5992 1 2 3 2 0 5 1 0 4 1 0 1 5 4
1020 3215 0 2 3 4 1 4 5 2 3 3 3 4 0 3
5199 5209 2 1 5 3 3 0 1 3 4 2 3 4 1 5
6460 6463 5 0 5 0 5 2 0 1 2 4 1 5 4 4
4053 4061 3 3 2 2 5 1 4 4 1 0 1 1 0 4
6645 6652 0 2 2 2 1 3 1 4 2 1 2 4 5 2
5190 5199 3 3 3 4 0 4 2 1 3 1 2 5 0 4
5444 5450 3 5 2 3 1 3 4 2 3 2 4 3 2 3
7966 7972 0 4 1 4 0 2 2 4 1 5 0 2 2 0
4743 4752 2 4 5 2 2 1 3 3 0 3 0 4 5 1
6990 6990 1 0 2 2 5 5 4 3 0 3 5 4 5 5
2215 2216 2 2 0 4 0 4 2 2 4 2 0 2 2 2
2662 2673 0 4 0 5 0 2 3 0 1 4 0 1 2 1
2592 5618 0 2 2 0 0 5 2 1 1 5 1 2 1 1
7584 7591 3 3 5 5 3 5 5 5 2 5 5 1 5 0
412 420 4 1 0 1 1 2 2 1 5 1 0 1 2 2
4123 4149 0 4 2 0 3 4 0 4 4 5 1 2 4 0
4184 4190 0 0 3 4 1 0 1 5 1 3 4 2 0 5
4864 4873 5 2 0 1 0 4 0 4 2 2 4 3 5 1
5801 5808 1 2 2 1 3 0 0 5 1 1 2 1 3 4
7230 7238 1 4 3 3 0 1 2 0 5 1 5 3 1 5
6004 6005 1 5 1 3 1 2 2 5 0 5 1 0 2 3
473 473 3 3 3 2 0 3 1 3 0 1 1 4 3 1
3421 3424 4 5 1 3 1 2 2 4 5 3 1 3 1 0
5598 5620 3 4 4 5 0 4 0 5 2 1 3 1 0 0
1878 3570 0 1 1 0 2 4 2 5 3 3 4 2 3 3
4248 4248 1 3 5 3 4 3 4 2 5 0 0 1 4 0
3772 3778 4 3 2 1 5 1 1 0 0 1 2 0 2 4
6007 6034 1 5 0 2 5 1 5 2 3 4 0 0 0 2
7697 7706 5 1 1 0 1 0 3 2 0 0 1 0 5 2
755 755 2 1 4 3 4 4 3 5 5 1 1 5 3 0
4559 4563 5 2 0 1 3 1 1 2 5 1 5 4 3 0
3897 3905 0 5 5 0 5 3 0 1 2 2 2 4 0 0
5628 5636 3 4 3 0 0 3 0 3 3 2 2 4 5 1
7492 7492 0 4 2 2 0 4 2 2 4 0 4 2 4 0
1807 1813 1 1 4 2 3 0 5 0 1 2 0 2 1 0
5298 5305 5 5 3 4 2 2 3 0 1 0 4 5 0 1
2124 2408 4 0 5 4 2 4 5 2 4 2 0 1 4 2
1188 1188 2 0 0 0 4 2 2 4 2 4 4 0 2 4
5733 5738 1 2 2 2 1 1 2 1 0 1 2 0 5 2
4542 4555 2 0 1 0 3 4 1 1 2 5 3 5 0 0
6850 6858 1 1 4 5 0 2 5 3 3 4 4 3 4 0
1584 1585 3 0 4 1 2 0 0 4 4 1 3 0 3 4
4024 4034 4 1 3 5 4 3 0 5 0 2 2 5 0 4
4398 4418 3 3 3 4 1 3 4 5 4 4 4 5 4 4
92 734 3 2 4 3 3 1 4 1 3 0 5 4 0 5
2781 2781 4 4 3 4 4 4 4 2 5 2 0 4 3 0
6217 6226 1 2 4 1 3 5 3 1 5 0 5 0 2 2
202 202 5 5 4 2 0 1 4 0 5 5 0 2 2 1
174 1723 5 3 2 3 3 4 1 2 5 2 3 5 3 4
1929 1929 1 4 3 3 3 0 0 5 4 4 5 0 1 4
4363 4367 5 5 0 5 2 5 2 4 2 3 0 5 0 4
4737 4745 4 1 0 0 5 2 2 1 4 0 1 2 3 5
4515 4527 0 1 0 0 2 2 5 3 0 5 3 3 1 2
4005 4015 1 1 2 1 0 1 4 0 1 0 3 5 2 1
4131 4144 1 2 2 2 0 4 0 4 4 1 4 4 3 2
604 605 4 0 2 3 4 0 2 1 0 2 0 2 3 3
372 1044 1 4 4 5 3 5 0 1 5 3 2 0 1 2
3924 3924 0 0 2 0 2 0 0 2 4 0 4 4 4 2
2976 2988 3 0 1 3 0 4 2 3 0 1 3 4 5 0
6572 6574 2 2 5 2 1 4 3 2 1 1 4 1 0 3
848 1144 3 0 1 3 5 5 0 5 3 4 1 5 5 1
7811 7811 4 4 2 2 4 4 4 2 2 4 0 2 0 4
527 528 4 2 4 0 0 0 4 2 2 2 4 2 4 0
5940 5965 2 4 4 2 0 4 2 3 5 1 5 3 1 2
4895 7851 1 2 2 4 5 1 5 3 2 1 5 4 1 0
953 963 0 5 3 2 4 0 1 0 1 4 0 2 1 2
3076 3076 3 3 0 0 0 0 3 3 0 3 0 0 3 3
3138 3150 5 2 5 1 2 0 3 3 5 0 2 0 4 1
1656 3770 3 5 2 3 5 2 4 1 2 4 4 2 5 3
7215 7215 3 0 0 3 0 0 0 0 3 0 3 0 3 0
3581 3592 1 1 4 5 3 4 5 3 2 5 3 5 1 4
3702 3724 0 3 3 5 3 5 2 5 5 1 3 5 3 0
2009 2011 2 2 1 1 3 0 4 1 5 5 4 1 4 2
6891 6900 4 4 5 0 1 2 4 3 2 2 1 1 1 4
4185 4190 5 0 2 4 3 5 4 4 3 3 2 3 3 4
6872 6889 0 5 5 5 1 1 5 2 4 5 4 2 0 1
623 630 1 3 1 1 5 5 2 5 0 1 5 5 2 5
4558 4569 2 4 1 2 4 5 5 5 1 5 1 3 4 5
7856 7868 3 5 2 1 3 4 4 4 0 3 0 3 0 1
4067 4068 3 3 0 0 3 0 0 0 3 0 0 3 0 3
4346 4348 3 4 1 4 5 0 4 0 1 2 4 3 4 5
2597 2597 2 2 4 4 0 4 4 4 0 4 0 2 4 0
3345 3354 5 4 0 2 4 0 0 5 4 0 0 2 2 1
4567 4577 2 5 0 5 0 0 4 4 2 4 5 3 4 3
1427 3387 3 5 5 2 5 4 5 0 3 5 5 1 0 5
730 730 4 4 0 2 4 2 2 0 0 0 2 0 2 2
7886 7889 4 1 4 3 1 1 5 0 2 4 3 1 1 0
4993 5005 4 0 0 0 4 0 1 0 4 4 5 4 4 5
5823 5832 5 2 5 1 4 3 1 0 5 4 4 4 4 2
3923 3926 3 2 3 0 5 5 2 4 3 4 5 4 1 0
5307 5316 3 4 1 5 4 2 2 2 4 2 4 0 2 2
2089 2112 3 5 0 5 5 0 4 3 0 5 5 5 0 3
492 928 4 3 0 4 2 3 5 0 1 3 1 5 3 2
5883 5885 0 3 1 4 1 2 2 2 5 1 4 2 2 3
2908 2919 5 3 3 5 4 1 3 2 2 5 5 4 0 4
4844 4844 4 0 0 4 4 4 0 4 4 4 2 2 4 0
3019 3608 5 1 3 5 1 0 1 1 5 0 1 2 5 4
7919 7919 5 0 1 3 5 2 2 2 3 2 0 2 0 0
674 676 5 0 1 2 1 4 0 0 0 0 2 4 3 1
6110 6112 3 5 5 4 0 4 2 0 1 0 5 2 2 4
3939 3948 2 5 4 0 1 4 5 0 5 2 4 5 2 2
3885 3885 2 2 0 0 2 2 4 4 2 2 4 0 4 2
1712 1725 4 2 1 5 1 3 3 2 3 3 2 0 5 2
1489 1495 1 5 4 4 4 2 4 3 2 0 3 2 1 5
72 1228 3 5 3 3 4 4 3 0 3 5 3 5 1 2
2765 2775 1 3 1 4 3 0 4 5 4 3 1 2 1 2
285 292 2 5 4 5 3 3 0 2 0 5 4 4 2 1
4026 4043 5 2 3 2 0 2 0 2 1 5 5 0 3 0
2055 2631 2 3 1 4 4 3 1 1 2 5 3 2 5 4
1082 1083 1 5 4 1 3 0 3 3 1 0 3 5 5 1
6665 6677 3 2 4 1 5 0 5 3 2 2 4 3 5 2
6414 6425 0 2 3 5 5 2 4 3 2 0 0 1 3 2
248 249 5 3 1 0 5 3 5 1 2 5 3 2 2 5
3703 3715 1 5 2 3 4 2 4 2 5 0 0 3 4 0
5051 5051 5 4 4 0 5 4 4 5 3 2 0 3 1 1
7627 7633 3 4 3 3 4 4 3 4 5 2 2 0 4 3
5264 5265 2 4 4 5 5 5 0 5 2 3 3 3 0 2
4295 4302 2 2 1 3 4 4 3 1 4 1 4 0 5 3
1289 1295 1 1 5 0 1 5 5 0 4 0 4 2 5 2
4182 4182 3 0 5 1 5 0 1 1 3 1 5 1 2 5
1280 3015 3 5 1 0 5 5 2 1 5 5 4 4 0 0
4831 4831 0 0 0 0 0 0 0 0 0 0 0 0 0 0
5801 5813 0 4 0 2 2 2 4 2 2 4 4 2 2 0
3820 3826 3 0 3 5 2 0 5 5 4 3 5 3 3 5
291 400 4 4 2 4 4 4 2 4 4 0 0 4 0 0
7391 7391 0 5 5 4 3 1 2 4 3 3 1 2 3 0
4121 4122 3 1 5 0 0 0 4 5 4 3 3 2 1 5
6009 6021 0 2 4 2 2 5 3 2 4 3 2 1 0 5
2809 3198 2 4 1 5 5 0 0 2 2 3 2 4 4 4
4138 4138 2 2 0 0 3 0 4 3 1 5 3 4 5 1
502 505 0 5 5 3 2 5 3 0 2 0 4 0 0 2
7079 7091 5 1 0 1 4 4 0 2 5 5 0 0 1 4
74 2297 2 5 1 2 3 5 2 3 2 3 4 5 3 4
7871 7871 0 0 4 3 5 2 3 1 5 3 4 2 5 0
5277 5285 1 2 4 0 1 2 0 0 5 5 5 2 0 0
7263 7263 0 0 2 4 4 5 4 5 3 5 2 1 2 4
2446 5968 1 3 0 2 0 4 5 3 3 2 5 3 2 1
3790 3790 1 4 0 5 0 2 2 4 0 2 0 2 0 3
1153 1159 5 2 4 0 5 0 1 5 4 5 4 1 2 5
5131 5142 3 2 0 4 4 3 5 0 5 3 0 2 1 0
2622 2623 0 3 3 5 4 2 4 1 2 1 1 2 3 0
6974 6974 4 0 4 2 4 0 0 4 0 4 0 4 0 0
2989 2996 0 1 3 1 2 1 3 5 2 5 3 1 1 2
5420 5438 0 4 2 1 5 4 4 0 0 3 3 5 4 4
1397 1409 4 0 1 0 4 5 4 5 0 2 1 1 5 1
750 752 2 3 2 0 1 2 4 5 4 1 5 1 4 1
39 40 3 3 4 0 0 1 5 0 5 3 0 2 5 0
4060 4080 2 2 0 5 4 5 2 3 5 4 4 1 3 5
2740 2742 0 0 0 2 5 4 2 2 3 0 2 4 2 4
3526 3527 5 3 3 4 0 0 5 1 3 5 3 1 2 2
4282 4282 5 0 4 3 0 1 4 0 0 5 3 0 1 3
7203 7215 0 0 5 2 3 2 2 4 4 2 4 3 5 0
7289 7289 5 1 3 5 4 3 5 0 3 0 1 3 5 2
4704 4704 0 0 0 0 0 0 0 0 0 0 0 0 0 0
1081 1089 2 5 4 2 2 3 2 5 1 2 3 5 3 5
6148 6148 2 2 1 5 5 1 2 5 4 4 4 0 5 1
4501 4507 1 1 4 5 0 5 2 4 3 4 0 3 4 2
1078 1078 2 4 0 2 2 0 2 4 4 4 2 2 2 4
6151 6154 0 5 2 4 0 5 4 0 0 4 1 3 3 0
2363 2377 4 0 5 0 1 1 4 2 2 0 5 5 4 4
4596 4608 2 2 0 2 1 1 5 3 4 0 1 0 5 0
2604 2604 3 5 3 1 1 0 3 0 4 2 3 0 1 4
4650 4659 2 1 5 3 0 1 4 5 5 1 5 1 5 2
2629 2632 5 1 2 2 5 5 2 3 4 3 3 5 2 0
3694 3703 4 4 2 3 5 1 4 4 1 1 0 1 4 3
3506 3517 5 3 0 1 3 3 5 1 5 4 2 4 4 2
3310 3321 4 1 3 1 3 1 0 1 5 0 1 3 3 3
180 190 2 2 3 3 2 3 1 0 2 2 2 0 4 1
6461 6462 0 2 4 0 3 4 4 1 5 5 0 0 5 4
754 764 4 3 2 0 3 4 1 5 1 5 5 3 1 0
2634 2640 1 3 1 0 0 3 4 5 1 5 0 0 5 3
1010 1014 1 3 5 5 0 4 5 2 4 0 5 4 1 5
4912 4924 5 0 2 2 3 2 3 1 0 0 2 2 5 1
615 615 4 0 2 0 0 0 2 2 4 2 2 4 0 4
3907 3916 2 3 2 0 1 1 0 1 3 5 3 4 5 2
7648 7669 0 0 3 4 5 1 0 5 2 0 5 5 1 5
4991 4998 4 3 1 2 5 1 5 4 2 1 5 4 0 2
1104 1116 1 0 3 0 3 1 2 0 3 0 0 5 1 3
2462 2465 2 2 4 4 5 1 0 1 4 0 4 1 3 4
6877 6883 0 3 5 2 3 2 4 0 4 0 3 1 0 5
3268 3278 2 4 3 5 2 1 1 0 3 5 5 5 1 2
628 628 3 0 4 2 3 2 3 0 3 0 1 5 5 2
6855 6856 3 4 1 3 1 1 4 1 3 5 2 2 0 3
7419 7419 5 2 4 4 0 0 1 4 2 3 5 3 2 2
4422 4434 4 3 5 4 0 4 1 4 3 1 4 3 0 4
6570 6576 0 5 2 1 4 3 2 5 3 1 5 5 2 0
2765 2771 5 5 3 4 0 4 5 0 3 5 4 2 4 4
6771 6777 1 1 4 0 0 3 4 0 3 0 4 1 1 4
1750 1754 5 3 5 0 5 5 2 0 0 0 3 0 2 4
5105 5112 3 1 5 0 1 5 4 0 1 5 4 2 0 0
1345 1358 1 1 5 4 1 2 4 3 4 3 2 2 4 4
2506 2525 4 4 1 4 2 0 3 3 0 0 0 0 3 5
681 7305 1 0 1 4 3 0 1 4 0 0 2 0 5 3
4883 4893 2 3 4 2 0 4 4 5 5 4 4 4 5 1
7456 7468 1 4 2 1 3 5 5 4 0 1 0 3 2 4
3394 3394 0 5 3 3 4 0 1 1 3 5 5 3 5 5
1199 7219 3 5 2 3 5 4 2 2 3 4 0 3 3 0
2884 2884 0 2 0 4 4 2 4 4 2 4 2 4 0 4
381 390 2 4 3 2 5 3 5 1 2 4 0 2 5 0
4131 4149 1 0 3 4 5 0 2 2 0 3 5 2 4 4
1639 7464 5 1 4 4 0 5 5 1 2 5 1 3 2 3
2411 2412 5 4 1 5 5 5 4 0 2 0 5 2 2 3
3863 3870 3 1 0 2 4 3 1 2 5 0 2 3 1 0
954 963 4 2 4 1 4 2 5 5 0 1 4 1 5 4
244 3001 1 3 2 0 5 2 4 5 1 3 4 4 5 1
120 120 0 0 0 3 3 3 0 3 3 0 3 3 3 3
7428 7433 5 4 2 1 2 5 1 4 1 1 0 1 0 4
243 262 5 1 3 5 1 5 2 0 5 5 4 5 5 0
3906 3912 0 2 4 2 4 1 4 2 2 4 0 0 1 5
6458 6462 1 0 2 0 4 3 4 2 1 1 5 3 0 1
7879 7891 1 0 5 3 4 3 5 1 1 4 4 4 0 1
6715 6722 0 0 0 0 2 0 0 2 4 4 4 4 2 4
7570 7576 3 4 0 5 2 3 1 4 3 2 3 3 4 0
6976 6976 0 4 2 0 4 4 4 0 0 4 2 0 0 0
7815 7826 5 0 0 4 3 5 5 3 0 4 2 5 3 1
1482 1492 2 0 0 2 2 4 0 0 0 3 5 5 4 2
3516 5258 3 4 2 4 3 4 0 1 5 1 5 1 0 1
6943 6943 4 4 2 0 0 5 2 0 0 4 4 0 4 0
6743 6745 5 5 4 3 4 0 3 2 3 5 1 2 0 0
2617 2632 2 4 3 3 1 0 0 1 2 5 3 2 4 5
4772 4779 0 2 5 2 0 5 2 5 3 0 5 5 4 2
6489 6489 2 0 2 4 2 2 0 0 2 0 4 0 0 0
940 952 2 0 1 4 5 5 0 3 1 0 3 3 3 2
3317 3317 2 2 1 1 5 4 2 3 0 4 5 5 5 0
313 2440 1 5 4 3 1 4 5 1 3 1 0 1 1 3
2946 2947 5 2 3 5 2 3 1 5 1 1 4 5 1 4
1294 1299 2 4 0 1 0 2 4 5 3 1 1 0 4 2
3705 3716 4 4 0 0 2 1 3 5 2 2 2 1 1 5
1610 1988 0 1 3 0 2 3 4 1 4 0 2 5 5 0
5931 5931 0 0 0 0 3 3 3 0 3 0 3 3 3 3
4349 4356 3 3 5 3 2 4 5 0 2 0 2 1 3 4
4265 4270 2 1 3 3 3 1 5 1 0 2 4 4 2 2
261 265 2 0 1 5 0 3 0 0 3 5 2 3 0 0
3147 3158 4 5 3 5 1 0 4 2 1 1 5 0 5 2
4088 4095 3 0 2 5 1 0 4 0 5 5 2 2 1 3
460 487 2 0 3 2 4 5 3 5 1 1 5 2 4 3
429 437 3 1 4 4 1 2 4 0 4 0 4 4 1 4
6171 6171 0 0 3 5 3 5 1 1 1 3 4 0 5 4
7783 7786 0 0 0 2 3 5 5 4 0 0 3 5 3 1
59 75 5 0 1 0 5 4 5 2 0 4 4 1 1 5
6917 6924 3 1 3 4 5 0 1 1 3 3 0 0 0 4
6631 6631 2 4 1 2 4 2 2 4 1 0 5 3 1 3
5828 5832 4 2 3 2 3 4 4 0 4 1 0 4 0 5
5314 5324 2 3 0 0 3 1 2 1 1 3 3 4 2 4
3207 5738 0 4 2 5 2 3 1 2 0 0 5 1 5 3
7250 7257 5 2 0 2 5 0 0 3 3 1 5 1 5 2
6713 6720 2 2 1 2 4 0 5 0 3 4 0 0 1 5
2658 2669 3 1 2 3 2 1 4 3 4 1 3 1 2 2
5412 5414 5 3 5 2 4 4 3 4 0 0 2 4 2 0
6906 6906 2 4 2 4 2 4 0 4 0 4 2 0 0 0
2575 2580 4 2 0 5 5 2 0 1 1 5 2 0 5 5
653 670 5 2 1 3 3 5 1 0 4 4 5 1 1 5
1055 4187 1 5 4 0 3 3 5 2 5 1 5 2 0 0
4962 4962 2 0 4 2 0 0 2 2 4 0 2 2 2 2
5771 5781 0 0 4 0 0 1 0 5 2 2 1 4 2 4
5162 5179 2 4 0 3 2 0 2 5 4 2 4 3 4 0
6655 6667 3 0 5 0 5 5 5 5 2 2 2 5 2 1
7335 7341 5 3 1 2 4 4 1 3 2 4 1 5 4 2
3689 3695 1 0 5 5 3 4 0 1 2 4 1 3 1 0
7016 7033 1 3 4 5 3 4 5 0 5 3 2 2 3 5
1967 5543 3 4 0 3 4 1 0 4 4 2 4 1 2 3
3361 3361 0 3 0 0 3 3 0 3 3 3 3 0 0 3
5797 5806 2 2 4 4 2 1 2 5 1 3 4 4 0 4
108 132 3 2 5 2 0 1 3 5 2 2 4 4 4 5
4588 4822 2 1 0 3 3 1 3 0 0 5 3 4 4 5
237 237 2 2 1 4 2 1 2 5 5 1 3 1 1 5
1562 1574 1 4 3 5 0 3 5 3 2 5 1 2 0 0
2754 2773 3 2 3 5 3 4 1 0 5 5 0 1 3 5
4632 4638 2 5 4 1 5 4 5 2 4 2 2 1 3 0
2104 2104 0 0 0 0 0 0 0 0 0 0 0 0 0 0
1907 1916 3 1 0 3 5 1 3 2 4 3 4 5 0 0
265 271 1 3 2 3 0 1 3 0 0 3 4 1 4 1
126 822 3 5 0 1 3 0 0 2 1 1 4 3 3 4
3010 3010 4 2 5 3 3 5 3 3 0 3 4 4 5 4
5387 5387 1 0 0 4 3 5 0 1 3 1 5 3 5 0
5192 5205 1 1 1 5 1 2 2 5 2 4 4 2 3 3
2729 2739 2 0 2 0 5 1 3 1 5 0 5 0 3 2
6308 6308 2 2 4 2 4 4 2 2 2 0 0 4 4 4
7860 7867 3 4 2 0 4 4 5 5 0 5 2 3 4 4
924 935 3 5 1 1 5 0 1 2 3 2 3 2 0 0
2031 2036 2 0 0 3 0 5 3 0 0 0 5 1 1 2
4444 4444 4 1 2 3 1 0 0 2 5 3 1 1 2 4
3079 3087 5 3 4 0 1 5 1 0 5 5 4 1 2 0
880 890 2 5 1 2 0 4 1 1 4 1 5 1 0 5
5010 5013 4 5 5 4 2 1 0 0 0 0 5 3 4 3
669 669 0 0 0 0 0 0 0 0 0 0 0 0 0 0
4329 4341 4 1 0 0 1 4 3 5 2 1 1 4 5 4
5620 5623 4 5 0 1 5 3 0 0 2 3 5 0 0 0
470 470 3 4 1 4 0 4 5 0 0 4 0 2 4 4
4913 4919 1 5 4 3 1 2 0 0 2 3 0 2 4 4
6103 6112 5 1 0 0 3 3 4 3 0 5 0 0 1 4
4166 4173 0 0 2 5 2 2 2 1 1 4 4 4 4 4
3 9 1 1 2 1 5 5 2 4 4 1 4 1 3 2
153 165 1 3 1 2 5 1 4 0 0 4 5 1 4 2
5367 5373 3 5 1 3 4 5 2 2 5 4 4 4 5 1
7921 7938 3 3 4 4 2 3 4 3 0 4 4 1 1 3
6301 6309 1 4 3 0 5 1 3 1 2 0 1 3 3 1
450 455 1 2 1 0 0 4 3 1 4 0 0 2 0 5
3922 3923 5 3 3 3 4 3 5 2 3 1 2 4 3 3
2660 2670 5 3 1 5 5 5 5 0 4 5 3 2 2 2
760 5645 0 1 4 2 4 3 2 0 2 1 3 4 5 0
1367 1376 5 3 1 1 2 5 5 4 2 2 2 0 1 2
4461 4464 1 0 1 4 1 4 4 3 1 5 3 4 0 3
1826 1852 4 1 5 2 2 2 3 4 4 4 4 4 3 4
759 1947 2 1 2 3 5 2 3 5 1 5 0 2 2 4
6296 6296 3 0 3 0 3 0 3 3 0 3 3 3 0 3
5337 5349 2 0 1 3 2 2 4 4 2 2 3 0 0 3
2613 2614 5 0 1 4 4 0 2 5 1 2 0 0 2 1
5059 5060 2 1 5 3 5 0 4 3 1 2 2 5 2 1
1968 1973 4 3 0 0 4 2 1 5 0 0 2 0 3 1
2884 2890 1 5 5 3 3 3 3 2 1 1 0 0 0 3
1118 1143 4 4 1 5 5 5 0 1 5 2 1 5 1 1
5431 5432 4 4 4 5 4 4 0 4 2 2 5 5 3 2
3852 3852 0 4 0 2 0 4 0 2 2 0 0 2 4 0
5627 5637 4 1 2 3 4 5 0 5 4 1 2 0 0 0
1988 2011 3 4 2 2 1 1 4 5 1 0 0 3 0 4
59 4753 5 4 1 3 3 5 1 1 4 4 0 3 5 5
4013 4013 0 4 0 0 0 2 0 2 4 2 2 4 2 0
6875 6884 3 0 3 5 0 5 0 1 2 5 3 5 2 4
2663 2675 4 1 2 1 2 4 4 0 3 0 5 4 1 2
2525 2531 1 3 4 0 3 0 2 4 4 0 4 5 3 0
662 668 3 4 4 5 3 2 2 4 1 5 2 4 3 4
807 814 4 1 3 0 0 3 1 5 5 4 2 4 4 0
1421 1425 3 4 2 4 0 0 3 3 5 5 5 2 4 4
698 1866 3 5 3 4 5 2 1 4 2 0 4 0 3 0
7147 7147 4 2 0 2 1 2 5 2 3 0 2 3 1 0
1726 1731 1 3 3 4 4 1 3 2 3 3 4 0 3 4
174 185 3 3 5 5 4 3 0 1 4 0 3 1 0 0
3588 5825 4 5 2 4 1 3 5 4 5 1 3 0 2 5
5469 5478 3 5 2 1 2 2 5 3 5 2 1 1 0 5
6171 6171 5 4 5 0 1 4 5 5 3 2 0 0 0 0
3604 3612 1 2 5 4 5 3 1 5 3 2 0 1 0 0
7701 7701 3 1 0 5 4 2 3 5 2 2 4 4 2 3
4629 4629 0 0 0 2 4 0 4 0 0 2 4 0 2 0
4844 4856 4 0 0 0 1 1 5 0 3 1 4 4 0 4
772 790 4 1 3 1 3 4 0 5 2 4 3 5 1 5
7915 7923 1 1 1 0 5 0 1 1 1 1 3 0 3 0
5384 5386 5 5 3 2 2 3 0 4 3 3 5 5 2 2
18 28 1 5 1 5 2 2 1 0 2 0 4 0 3 2
3153 3169 0 4 3 2 3 5 3 5 5 0 1 1 0 4
7688 7726 1 3 4 2 0 1 2 5 5 2 4 4 1 2
3732 3742 1 5 2 1 2 4 3 5 2 4 5 5 1 5
2512 2523 2 1 2 4 4 2 1 3 0 4 1 4 4 3
5452 5456 4 2 1 1 3 2 2 3 5 2 5 2 5 3
469 471 4 0 3 1 2 0 4 4 3 4 3 0 2 4
2647 2647 0 0 5 3 0 3 4 2 2 2 3 5 4 4
3900 3904 1 5 1 4 5 3 3 4 0 3 4 5 5 2
4384 4392 1 5 1 3 3 5 3 2 2 0 2 2 0 3
2427 3142 3 1 4 3 2 2 0 5 1 3 4 3 5 1
6220 6220 0 2 2 4 2 0 2 2 4 2 4 2 0 4
2372 2381 3 5 3 1 2 3 2 2 0 0 1 3 4 5
7457 7460 0 2 0 2 4 4 4 4 4 2 2 4 0 4
5981 6033 1 0 0 3 5 2 0 0 2 1 4 5 4 4
139 142 1 3 5 3 2 5 0 5 2 4 3 5 3 5
6060 6063 5 5 3 1 0 2 3 3 0 1 2 0 0 2
7263 7286 1 1 1 1 5 4 0 2 4 1 2 2 0 5
2462 2500 0 3 5 0 1 3 2 5 4 5 5 2 4 5
6841 6841 5 1 5 1 4 1 4 4 4 5 5 4 4 5
4792 4800 4 4 0 1 0 3 3 0 0 3 5 5 0 4
1540 1551 0 5 3 2 2 5 5 4 5 3 1 4 2 4
396 1211 2 1 3 2 4 5 4 1 4 5 0 0 5 4
3619 3619 2 0 0 2 0 4 0 0 4 0 4 2 2 0
4667 4676 0 5 4 5 2 2 0 0 3 5 1 3 4 0
3573 3600 5 1 0 5 1 4 1 1 0 3 5 5 3 2
4418 6496 3 2 5 4 2 2 0 3 4 0 0 0 3 3
4793 4795 3 0 4 1 5 2 0 5 3 4 3 2 5 4
4882 4883 3 3 5 4 2 1 5 5 3 4 3 0 1 2
7100 7125 5 2 4 0 4 2 4 0 0 1 2 2 0 5
285 292 3 2 4 0 5 5 1 5 3 1 5 5 3 5
2559 2559 3 3 3 3 0 3 0 3 0 0 0 0 0 0
7564 7577 5 3 5 5 2 4 0 5 2 3 5 5 0 4
6766 6791 3 3 4 3 2 3 1 2 1 4 2 2 4 3
848 2672 0 1 3 0 4 1 5 4 4 2 3 2 4 3
7396 7396 0 0 0 0 3 0 3 0 0 0 3 0 0 3
4447 4453 3 4 5 1 0 4 4 2 1 1 5 2 2 2
2274 2283 1 1 4 3 5 5 2 5 5 4 3 5 0 2
3166 4951 4 1 1 5 5 5 0 0 2 5 0 5 4 3
5869 5869 0 0 0 0 3 3 0 0 3 0 0 3 3 0
7291 7297 1 2 1 3 3 4 5 2 1 4 2 5 5 2
398 403 3 4 0 5 4 3 3 5 1 1 1 3 5 0
573 573 2 0 0 1 1 5 3 5 4 2 4 2 0 3
4684 4684 0 0 4 0 4 0 0 0 0 0 2 0 4 2
6942 6949 3 3 4 0 4 0 1 2 5 0 3 3 1 3
2243 2270 0 1 2 5 2 4 4 1 2 5 3 0 0 2
5724 5732 4 4 4 5 1 4 3 1 5 0 4 3 3 2
7876 7876 3 3 1 5 3 2 0 1 4 2 4 4 4 0
2827 2833 0 5 3 1 4 1 1 4 2 4 2 5 0 4
583 588 3 0 5 3 3 5 5 4 1 4 3 3 4 4
7945 7950 1 5 3 5 1 4 4 0 1 0 3 4 0 5
3275 3285 4 5 1 4 3 5 0 1 1 3 3 3 4 4
4094 4098 3 0 4 0 2 4 4 5 4 2 3 5 5 3
7805 7832 0 5 0 4 5 5 5 1 0 5 4 1 3 0
2000 2004 3 1 2 1 0 5 4 5 5 0 3 2 4 2
4237 4247 1 0 1 4 0 3 5 3 4 4 0 3 0 1
543 544 2 2 1 4 3 5 2 2 4 0 5 1 1 4
6261 6265 2 2 5 0 3 1 4 3 2 2 2 4 2 0
131 1877 4 4 5 5 2 3 0 2 2 4 1 5 0 5
7876 7876 3 3 3 3 3 0 0 3 0 0 0 0 0 0
2274 2280 3 1 5 2 0 0 5 4 3 5 4 3 0 5
2121 2146 0 1 0 5 4 0 3 2 4 5 0 0 0 5
1015 5615 1 4 3 0 2 1 4 0 5 0 1 5 3 0
2152 2152 3 0 0 3 3 3 0 3 0 0 3 0 0 0
2924 2936 2 2 0 3 5 2 1 2 4 0 3 4 1 2
1888 1893 0 0 1 5 0 0 4 0 4 1 3 2 2 4
2955 2956 3 0 4 5 4 4 0 5 4 0 5 3 5 3
879 879 0 0 0 0 0 0 0 0 0 0 0 0 0 0
6134 6139 3 3 1 4 4 2 4 4 2 5 3 2 4 0
820 829 3 5 3 1 0 2 2 5 4 5 2 3 3 1
3004 3638 2 0 4 3 1 4 4 1 4 2 5 2 5 4
4024 4024 0 2 2 4 0 4 2 4 0 2 2 2 2 0
2549 2556 4 2 0 2 3 5 3 0 0 0 1 1 5 0
5697 5707 4 1 4 4 2 4 0 0 2 0 5 2 4 0
3936 3942 0 4 4 0 2 3 1 0 1 0 3 3 2 5
4712 4712 0 1 3 3 3 1 5 0 0 2 1 4 1 4
5668 5672 4 0 0 1 0 0 5 2 1 1 5 5 2 5
1659 1661 3 2 4 4 0 0 3 0 3 0 1 1 2 0
5905 5910 2 3 1 5 4 3 4 3 3 3 0 4 1 3
7978 7978 4 4 0 2 4 0 2 0 0 4 4 4 2 0
732 735 4 1 2 2 2 0 2 3 1 1 0 3 4 2
1288 1292 4 2 3 4 2 2 2 4 5 2 2 5 1 0
3252 3253 0 2 4 5 4 2 2 5 2 1 2 3 5 0
6336 6345 3 4 1 1 4 2 3 3 4 5 2 2 4 0
7048 7056 5 4 3 4 2 3 1 5 0 2 4 5 2 0
7263 7264 1 2 3 2 0 0 0 1 2 5 0 1 3 3
558 645 3 5 3 4 4 5 0 5 5 5 1 1 5 0
6350 6350 4 4 5 0 0 3 3 1 2 1 3 5 5 4
665 673 3 1 5 3 3 0 5 4 2 2 1 3 0 0
1796 1800 5 2 3 2 0 5 4 1 4 4 4 4 0 5
2287 2329 2 4 0 5 1 1 5 5 0 4 2 0 1 5
2412 2417 4 4 0 4 3 3 0 5 1 3 1 3 4 0
6821 6830 3 5 0 1 0 0 1 0 1 3 5 0 1 5
3647 3667 5 5 1 1 5 5 2 2 0 3 3 0 0 0
4890 4896 2 0 4 3 1 0 1 2 1 0 1 5 2 2
64 64 2 4 2 0 4 4 2 0 4 4 4 0 0 0
796 802 1 5 3 2 3 2 1 1 0 1 5 0 0 2
5175 5180 3 0 5 0 5 5 2 5 2 2 5 5 4 0
425 4173 4 5 1 0 3 1 5 3 0 2 4 3 1 4
1025 1030 5 2 5 1 4 2 1 3 0 4 2 3 3 1
7347 7358 1 5 3 1 0 1 2 1 1 1 2 5 1 4
3472 3496 2 1 0 0 4 4 1 1 0 4 1 5 1 3
71 540 2 5 5 2 2 0 5 2 0 3 5 2 0 1
3677 3688 4 1 5 2 4 2 2 1 1 2 0 0 1 2
5538 5546 0 2 4 4 4 2 4 0 2 0 4 2 0 0
2433 2448 4 3 5 0 2 4 5 2 3 4 4 2 2 4
2720 2721 4 0 5 1 5 0 4 4 3 2 4 2 1 3
4505 4505 4 2 2 2 0 2 0 0 2 4 0 2 0 0
1025 1037 3 0 1 5 3 0 4 1 0 0 0 0 2 3
1047 1058 4 3 1 5 2 5 5 4 2 1 2 4 1 5
90 608 5 0 3 2 2 4 2 5 1 1 3 5 0 5
1689 1696 0 2 4 1 4 5 5 3 4 3 3 5 2 2
1207 1208 0 0 0 4 4 0 2 4 0 2 0 0 2 0
4349 4350 0 5 0 1 1 0 2 1 2 5 4 1 0 0
1593 1988 0 4 2 3 1 4 3 4 4 4 4 4 4 5
4143 4143 2 0 1 1 4 0 4 0 2 4 0 2 3 0
7322 7334 3 2 3 0 3 1 4 1 0 3 4 4 4 2
4937 4943 1 3 0 0 0 1 4 3 0 0 1 3 5 2
5217 5229 3 3 2 3 4 5 5 5 2 0 2 2 2 3
4101 4101 0 0 0 0 0 0 0 0 0 0 0 0 0 0
5462 5474 1 2 0 0 4 2 2 1 4 3 3 0 4 2
3868 3878 2 5 1 0 5 1 2 2 1 0 4 1 0 3
3397 4726 1 4 0 1 0 5 0 3 0 3 3 1 4 3
3149 3159 3 2 0 1 3 3 1 4 4 0 1 3 2 3
3814 3816 4 5 4 3 3 5 3 3 3 5 2 1 3 3
6686 6697 2 3 3 2 2 3 1 1 0 0 0 5 1 2
2572 2574 2 1 5 1 2 3 0 2 5 1 4 4 5 1
1495 1495 1 2 4 2 3 5 3 3 3 4 0 2 4 0
3858 3861 5 5 4 4 2 1 0 2 3 4 0 2 5 2
7323 7335 2 3 4 1 0 0 0 2 3 0 3 5 1 2
1204 1205 3 0 1 5 0 0 4 5 0 1 5 3 2 0
2865 2865 0 0 0 0 0 0 0 0 0 0 0 0 0 0
575 579 3 3 5 4 1 3 4 0 0 2 0 0 1 4
1952 1960 1 0 3 2 5 1 4 5 4 5 4 4 1 2
7237 7239 3 1 4 3 3 3 3 0 3 3 4 0 4 1
2795 2795 0 0 0 3 3 3 0 3 3 0 3 3 3 0
3406 3411 1 1 3 2 3 2 4 2 1 1 5 0 0 0
1579 1587 4 3 4 4 2 4 4 2 2 3 3 0 3 0
4062 4067 0 0 5 1 3 4 2 5 2 4 0 0 4 4
7432 7432 0 2 0 2 2 2 4 2 0 4 0 0 4 2
4557 4558 4 2 4 0 4 4 4 2 0 4 0 2 0 2
1166 1170 5 2 2 5 3 2 0 0 2 5 5 4 1 5
304 5205 4 1 3 4 3 0 3 1 2 4 3 3 1 0
2289 2289 0 2 2 0 4 4 2 2 4 0 0 2 0 0
963 974 1 5 1 0 4 3 5 2 0 4 2 1 3 3
5945 5958 0 0 2 1 2 0 1 3 1 2 2 1 2 3
6203 6209 1 4 1 1 5 5 5 0 1 4 5 4 3 2
4794 4794 0 0 2 3 3 3 4 5 5 4 1 2 5 2
6834 6847 0 2 0 0 1 5 1 4 2 4 4 3 0 2
2757 2758 3 1 0 1 2 4 0 2 1 0 0 0 0 4
769 2318 1 3 2 1 5 0 1 1 3 5 4 3 2 4
7247 7247 0 3 3 3 0 3 3 0 0 0 3 0 3 0
46 46 2 4 5 2 1 4 4 2 2 5 5 0 4 5
2749 2758 3 0 3 2 2 3 0 5 1 0 1 2 0 4
944 1387 2 0 3 1 0 3 1 2 4 4 5 0 5 2
7034 7034 2 2 4 4 0 2 2 0 0 2 4 4 2 2
5819 5831 4 2 2 1 2 2 5 3 5 3 1 0 4 2
4925 4935 3 5 0 5 4 3 0 0 3 0 1 1 2 0
4534 4543 5 3 4 5 3 4 0 1 3 5 5 2 4 3
1 1 4 2 0 4 4 0 2 0 4 0 2 2 4 4
2627 2635 0 5 4 2 5 0 5 2 4 3 5 3 2 5
4592 4610 0 0 4 4 0 2 2 0 4 2 0 4 0 4
1838 1986 5 0 1 4 4 3 0 0 5 2 4 2 3 3
3270 3279 5 5 0 2 4 2 0 4 0 0 3 2 5 0
940 943 0 0 2 5 3 1 2 5 0 3 3 2 0 2
3851 3852 4 2 5 5 5 1 3 5 3 2 1 3 4 1
995 5903 0 2 0 5 5 3 4 3 2 0 4 2 0 4
324 332 4 5 3 3 2 1 5 5 2 0 2 5 4 2
5809 5818 2 3 4 4 5 0 5 4 2 2 4 0 5 0
2006 2012 5 0 4 4 5 1 3 5 1 5 3 5 3 4
4212 4218 4 5 2 1 1 1 1 1 5 3 5 5 0 5
6266 6278 1 3 1 1 5 5 3 5 5 4 1 0 2 1
4955 4961 4 4 5 4 0 2 0 3 5 3 1 3 5 4
7576 7581 0 0 0 0 4 0 1 3 4 5 0 5 4 4
7010 7014 0 0 3 4 0 1 4 0 1 2 2 1 4 4
4278 4284 3 5 0 5 5 5 3 2 0 2 0 3 0 1
5844 5854 0 1 2 2 4 0 1 5 1 1 5 5 0 0
5060 5068 0 2 0 4 1 1 1 1 0 0 2 4 5 0
4433 4445 0 3 1 1 3 5 2 2 3 0 4 3 2 3
1276 1284 0 2 1 5 1 0 0 1 3 0 0 3 4 3
166 177 2 0 3 4 3 5 4 5 2 4 2 1 5 1
1873 1890 5 4 0 2 0 1 5 2 0 3 3 5 3 3
5858 5864 2 0 0 5 1 1 1 2 0 1 2 5 3 1
1526 1527 2 0 3 2 0 4 0 2 1 2 1 1 4 3
6559 6567 4 2 1 0 4 5 1 3 3 5 2 5 5 1
3175 3188 4 5 4 2 2 3 0 5 3 4 1 2 0 4
929 938 3 4 1 0 5 4 3 5 2 4 1 3 4 3
470 470 0 0 0 0 0 0 0 0 0 0 0 0 0 0
5963 5974 1 1 2 5 5 3 4 1 4 3 5 0 5 5
2552 2558 1 5 3 4 3 2 0 2 3 2 4 0 2 5
356 4312 4 5 1 2 5 1 2 2 2 3 1 5 0 3
2934 2934 4 2 4 1 0 2 2 2 5 2 1 2 2 4
2679 2681 0 1 2 5 0 4 2 5 0 1 3 0 5 2
5857 5863 1 3 1 2 5 0 3 4 4 5 0 1 2 4
713 6544 0 0 1 5 0 4 5 1 5 4 5 4 5 1
3853 3859 0 1 3 4 1 1 5 0 2 5 2 2 1 2
6833 6842 5 2 3 3 0 1 3 2 2 1 0 5 5 0
6942 6946 0 2 4 4 3 5 0 3 1 0 2 5 4 5
5580 5584 0 3 2 0 0 4 5 4 0 5 0 0 1 1
5397 5397 3 4 2 3 1 5 4 4 2 1 4 2 0 0
5377 5389 2 4 2 4 2 4 4 0 4 4 0 0 0 2
1941 1949 1 5 3 4 4 3 1 2 0 4 2 4 5 3
5109 5121 0 5 5 1 5 4 5 1 5 5 4 0 1 1
2372 2377 2 4 2 2 5 3 1 2 3 1 0 2 3 2
1401 1413 3 4 2 2 0 2 5 2 4 1 0 5 2 3
6300 6301 0 0 0 0 0 0 0 0 0 0 0 0 0 0
4253 5597 0 1 2 4 4 0 1 5 1 3 5 1 1 4
3555 3555 3 2 1 2 2 5 2 1 1 1 4 0 3 2
2867 2872 3 4 4 3 3 1 2 5 3 4 0 1 5 5
2164 2186 0 5 2 2 3 4 1 2 4 3 1 2 4 1
1561 1714 1 5 2 0 3 4 4 3 5 2 5 3 5 1
2783 2783 0 3 3 3 3 3 3 3 3 3 3 0 3 3
5594 5602 0 0 3 4 1 3 0 0 1 2 2 2 4 1
4729 4748 2 0 1 1 2 0 3 4 0 1 2 1 3 1
6918 6922 1 4 2 3 4 0 0 2 0 0 5 3 0 0
356 356 0 0 0 0 0 0 0 0 0 0 0 0 0 0
2384 2389 3 5 2 1 5 2 2 0 3 4 1 0 3 1
1534 1541 2 1 3 4 4 0 4 1 3 1 1 2 5 4
3943 4613 4 1 5 0 5 4 3 3 5 3 1 0 5 0
6149 6160 3 0 2 5 1 0 2 2 1 0 0 5 4 2
5628 5638 0 5 3 0 4 3 5 1 0 3 1 0 5 5
5806 5813 4 4 5 2 5 0 1 3 2 3 0 5 5 5
5260 5271 0 1 1 4 5 0 2 1 4 0 2 0 2 3
3469 3472 3 3 0 5 1 4 2 5 5 4 3 4 3 4
1110 1123 2 0 4 1 1 3 4 3 3 5 2 3 4 3
5456 5467 1 1 4 5 0 3 4 4 5 4 4 1 4 5
847 943 2 1 3 5 4 0 3 0 3 3 2 4 3 0
7419 7423 2 3 3 3 5 4 1 4 3 2 1 1 3 2
3207 3218 2 1 4 1 4 3 0 5 1 4 5 1 4 3
2153 2156 4 4 4 3 4 4 2 5 2 4 4 1 2 1
5747 6822 0 0 1 4 4 1 1 3 5 4 3 5 3 2
587 587 0 0 0 0 0 0 0 0 0 0 0 0 0 0
3476 3487 2 0 3 3 0 0 1 2 4 4 3 0 4 3
6887 6889 0 4 2 0 2 4 2 0 3 4 2 4 5 3
5177 5179 4 3 2 0 0 0 0 3 0 2 1 5 4 4
6862 6862 3 0 0 0 0 3 3 3 3 3 0 0 0 3
1585 1597 5 4 0 5 3 1 5 2 0 0 5 3 5 5
6639 6650 4 3 0 3 2 0 0 0 5 3 1 1 0 1
6005 6017 1 0 0 3 2 4 4 3 1 4 2 5 3 4
1260 1260 5 3 2 5 4 5 3 4 1 4 1 0 5 5
5227 5231 5 4 4 0 2 2 3 0 1 0 3 0 0 1
7029 7033 4 2 1 4 2 3 2 3 2 5 2 5 2 4
3188 3190 0 3 2 0 0 5 4 2 5 2 3 4 0 4
3909 3919 2 3 5 0 0 2 2 5 4 4 3 1 1 4
4064 4074 0 4 0 4 3 3 5 1 5 0 4 2 1 0
4153 4173 4 2 2 2 4 2 4 0 0 4 2 4 0 4
70 356 5 2 0 3 4 5 3 4 3 5 0 2 0 2
6752 6752 2 4 0 2 2 4 2 2 4 0 4 0 0 4
6967 6978 5 3 2 1 2 4 3 5 4 4 1 4 3 3
7432 7432 1 4 3 1 2 4 3 4 1 5 3 2 5 0
2132 2597 2 3 3 2 0 2 1 4 3 4 5 1 3 0
3020 3022 3 5 5 0 1 4 0 2 4 2 3 2 3 2
217 223 1 0 1 1 1 2 0 2 5 4 2 5 3 1
6319 6331 5 1 3 3 3 3 0 2 5 3 5 1 0 1
2756 2761 3 5 4 0 1 4 2 4 4 3 4 2 0 1
7213 7213 3 1 1 3 5 0 0 5 2 1 3 2 2 1
6505 6508 5 4 2 2 5 5 1 4 1 4 4 0 4 2
3386 3394 3 5 5 4 2 2 3 4 1 2 5 1 3 4
3746 3753 2 4 0 4 0 0 3 3 1 3 0 5 1 4
3357 3359 5 3 5 5 0 3 1 1 2 1 3 2 1 5
3653 3655 2 2 5 1 5 1 3 4 5 0 0 0 0 1
7001 7005 1 1 2 1 3 2 4 3 3 2 1 3 0 1
5287 5289 3 5 5 2 1 3 5 5 4 0 0 0 0 3
5471 5471 5 1 1 1 0 0 0 1 3 5 0 2 3 5
5079 5092 1 3 4 4 1 0 3 5 1 3 4 5 0 0
3440 3466 2 0 0 3 0 3 3 2 2 3 5 5 3 3
4510 4517 0 5 1 3 4 4 0 3 0 4 0 3 5 2
893 901 3 2 4 4 5 2 3 0 0 3 2 2 4 3
6132 6133 0 2 0 5 1 1 0 0 1 0 5 4 5 0
2124 2145 1 2 5 3 0 3 5 1 0 1 3 5 3 3
1945 1957 0 1 3 2 3 5 1 0 0 2 4 1 4 2
6281 6289 0 3 4 3 0 3 4 0 0 1 1 3 1 3
5244 5254 4 4 0 4 0 2 0 0 0 4 4 2 2 0
6891 6918 2 3 4 1 0 4 1 0 4 5 2 1 0 1
2227 2230 5 3 2 2 1 3 4 1 2 2 0 5 0 1
3419 3428 4 1 5 0 2 2 5 3 0 2 4 2 0 3
7057 7067 0 4 3 3 3 0 3 2 3 4 5 1 3 5
4646 4664 2 4 2 4 4 0 4 0 4 0 4 2 4 4
4122 4133 3 5 2 3 3 0 2 5 2 4 3 1 0 0
6070 6073 1 0 0 4 2 5 2 1 4 5 1 5 0 3
6503 6513 0 3 4 0 3 4 0 5 5 2 2 5 1 4
6189 6193 0 2 4 1 1 0 3 4 3 4 2 1 1 3
4334 4345 0 5 3 1 0 4 0 3 0 5 4 4 5 2
3285 3295 4 0 5 4 5 3 1 0 5 4 1 3 1 0
6429 6442 4 4 4 2 5 2 2 1 0 2 3 3 5 3
2287 2290 1 1 5 2 5 2 3 0 4 5 3 4 1 0
274 3539 3 3 3 1 5 1 3 4 4 2 4 2 0 4
980 980 1 2 5 2 2 5 5 2 1 4 2 5 1 5
6652 6665 2 0 2 5 0 1 5 1 4 4 4 1 4 0
6793 6801 0 2 0 4 0 4 0 2 4 5 0 4 5 2
3 153 0 3 1 3 3 1 0 0 4 4 2 0 3 0
6701 6708 5 0 0 0 5 1 1 3 2 4 0 4 5 2
2040 2041 4 0 4 4 0 0 0 4 4 4 0 4 0 0
6947 6951 4 1 2 5 1 0 0 0 5 1 0 2 5 0
1050 1055 4 4 4 5 2 1 2 2 2 4 5 5 1 3
7993 7998 1 5 2 2 1 2 3 1 2 2 1 1 5 3
5511 5513 0 2 0 1 2 2 2 4 4 5 4 1 0 0
3952 3953 1 0 0 0 1 0 0 5 4 1 3 5 2 2
2159 2171 0 3 0 1 4 5 5 2 5 5 0 3 4 3
4783 4791 0 5 0 1 0 2 1 2 5 0 4 0 4 5
747 757 3 5 1 5 5 0 3 3 4 1 1 4 3 2
6340 6344 0 4 0 2 2 4 4 4 2 4 2 4 2 4
5456 5460 4 5 3 1 5 4 3 0 2 3 2 3 1 2
6991 6993 1 1 1 5 0 0 2 0 2 0 2 5 4 3
381 391 3 1 0 1 2 4 1 5 1 1 4 0 0 5
4110 4119 3 3 0 3 5 0 0 2 4 4 0 5 2 4
1318 4982 3 0 1 2 5 3 1 0 4 3 5 5 3 2
7527 7533 0 4 3 0 4 1 5 4 1 5 4 2 3 1
5916 5922 4 3 5 2 4 0 2 4 2 1 0 1 1 1
1720 1742 2 5 1 3 0 5 1 0 4 0 0 4 5 4
5773 5781 2 0 0 5 1 4 4 4 5 4 5 1 1 0
4319 4319 0 0 4 2 0 0 2 4 4 2 0 4 4 0
4980 4992 5 5 5 3 1 0 0 0 3 0 2 1 3 3
7821 7828 2 5 2 4 2 3 2 2 5 3 3 1 2 4
5463 6473 2 1 4 2 0 3 3 0 3 1 4 1 3 0
1255 1263 0 3 2 4 0 5 5 1 4 0 4 3 0 5
701 702 2 4 4 0 4 2 4 2 0 1 1 3 1 4
6107 6119 4 2 0 3 4 1 3 2 3 0 4 5 2 4
5347 5347 0 5 2 3 5 0 1 4 5 3 4 4 2 3
6549 6549 3 0 0 3 0 0 3 3 3 3 0 0 3 3
7518 7529 2 0 1 5 0 0 4 4 1 4 5 2 0 5
5489 5489 3 2 4 2 0 5 2 0 4 0 5 4 5 4
1083 4260 2 4 5 0 5 2 4 1 2 4 5 1 0 4
5759 5763 5 5 3 3 2 3 1 4 4 2 4 1 3 3
4970 4975 0 2 3 3 2 0 1 4 1 5 3 4 0 5
3820 3833 4 4 4 2 4 4 4 2 2 4 4 2 0 0
4306 5123 1 2 0 1 3 1 3 5 0 3 1 1 1 5
7131 7131 2 4 4 0 2 4 0 4 2 4 0 4 2 4
3541 3544 0 2 0 3 1 4 0 3 5 5 4 0 4 3
2406 2415 1 3 1 3 4 0 1 3 5 0 1 1 4 3
6137 6144 2 5 5 5 5 3 0 1 0 2 4 4 5 0
353 353 3 3 3 0 3 0 3 0 3 0 3 0 3 0
3900 3911 5 5 3 5 5 1 0 4 0 4 5 4 3 4
3570 3589 5 3 2 5 4 5 4 3 5 2 1 1 4 2
3146 3150 1 1 0 5 3 0 4 5 0 4 0 4 3 3
595 602 1 4 0 5 1 5 5 3 5 0 2 4 5 3
6193 6198 0 0 4 4 4 0 4 0 2 4 0 4 0 2
5094 5094 4 5 2 2 2 5 0 2 1 2 3 2 0 3
2513 3267 1 1 4 5 3 3 5 1 1 4 3 2 3 1
1584 1595 2 4 1 5 1 3 1 4 4 3 5 0 3 0
4676 4676 3 3 3 0 3 3 0 3 3 3 0 3 3 3
248 250 2 5 1 5 2 0 3 3 2 5 3 1 1 1
4609 4747 4 0 1 3 0 5 1 2 0 2 0 2 1 0
4377 4377 3 2 2 3 2 2 2 5 4 1 0 2 5 0
317 322 3 2 5 5 0 5 2 5 1 1 0 1 4 3
2486 2500 5 5 1 4 0 0 3 1 4 3 1 3 5 0
5950 5951 4 3 4 4 0 2 1 2 5 1 4 4 1 0
6832 6843 2 0 5 2 3 5 2 0 4 5 5 2 0 2
7323 7327 5 5 4 2 1 5 3 0 2 3 2 1 4 3
6707 6714 1 0 1 0 2 4 5 2 4 0 0 3 4 3
7074 7083 2 4 5 1 1 0 2 4 2 0 2 4 2 2
3890 3894 2 5 5 0 2 4 3 0 2 1 4 3 5 5
7209 7221 0 0 0 0 2 4 4 0 4 2 0 2 0 4
1315 1337 5 3 3 0 2 0 2 2 1 1 2 0 3 2
3811 3818 4 5 3 5 1 1 2 1 5 0 2 5 2 5
5388 5388 0 0 0 0 0 0 0 0 0 0 0 0 0 0
1314 1322 4 0 0 2 4 1 1 1 4 5 1 4 1 2
5771 5774 0 1 3 3 3 1 2 2 0 3 4 5 3 3
952 960 0 5 0 1 0 2 4 3 1 2 4 1 2 1
5589 5590 2 4 3 4 1 2 3 0 4 0 2 2 3 1
908 919 2 2 1 0 5 1 2 2 4 5 4 4 5 3
114 120 5 0 3 1 0 2 3 0 4 5 3 4 1 1
3645 3653 0 0 4 5 4 4 3 3 1 1 5 2 2 5
5472 5478 4 3 2 4 4 2 0 1 0 1 4 2 4 0
1117 1117 3 1 1 3 3 5 1 0 3 3 3 3 0 5
426 436 1 2 2 4 0 0 1 2 4 4 4 1 0 0
3428 7083 0 0 3 5 0 5 1 3 2 2 0 1 4 5
4599 4599 5 1 2 0 5 1 2 2 1 0 5 0 5 3
2880 2884 2 0 5 4 4 4 4 1 0 5 4 0 3 4
4412 4435 5 4 3 0 5 0 2 3 0 0 0 5 0 1
366 693 1 0 5 3 1 2 4 5 1 4 2 0 5 5
6413 6413 3 3 0 0 3 3 0 3 0 0 0 0 0 0
7327 7329 2 3 2 2 3 2 5 4 2 5 3 2 1 3
5077 5093 2 3 1 4 5 2 4 5 4 0 0 3 1 5
1449 3105 2 5 0 3 3 3 1 5 0 3 4 0 5 1
7313 7313 0 0 0 0 0 0 0 0 0 0 0 0 0 0
3169 3172 5 2 4 1 1 3 0 1 2 3 4 2 2 0
5027 5054 1 5 5 2 2 5 1 1 3 2 5 3 0 0
7690 7697 2 1 0 3 0 4 3 1 5 0 0 4 1 3
7876 7876 3 3 3 3 3 0 0 3 0 0 0 0 0 0
2450 2460 3 1 1 3 3 1 0 2 5 5 5 3 5 0
7626 7630 0 4 0 2 2 2 4 4 0 5 3 1 0 4
2580 2581 4 2 4 3 0 1 1 1 4 4 1 5 0 4
6395 6395 0 3 3 0 3 0 0 0 3 3 3 3 0 3
7014 7016 2 4 1 5 5 0 5 3 3 3 3 1 0 1
2542 2554 0 3 4 0 0 1 3 4 1 2 5 2 2 5
2023 2035 1 1 3 5 3 5 2 4 1 4 5 5 1 4
1187 1199 4 2 1 1 0 4 3 2 0 0 4 4 1 4
5186 5194 5 3 4 4 0 4 0 1 4 1 0 1 5 0
2940 2941 2 5 5 2 1 4 2 4 3 0 2 4 5 5
547 934 3 5 4 2 1 1 4 0 5 0 4 4 3 0
667 667 5 4 5 3 1 1 3 2 4 2 1 5 5 5
6055 6067 4 3 2 0 0 1 1 5 0 1 1 4 3 1
5348 5355 0 4 2 4 5 3 4 0 4 1 2 0 0 4
4514 4524 4 3 1 3 3 2 4 4 1 3 1 5 2 4
1762 1771 1 4 1 0 2 0 3 2 4 0 5 0 2 0
6846 6855 0 4 0 5 1 5 2 2 1 1 4 0 3 4
2708 2733 3 3 5 1 0 5 1 0 0 3 0 3 0 0
273 408 3 1 1 0 1 0 1 2 5 3 3 1 3 2
393 397 0 1 1 2 5 1 0 3 4 4 1 0 0 0
4601 4608 4 5 3 3 4 4 0 1 2 5 4 0 5 4
2625 2633 1 4 1 5 2 4 0 1 4 1 5 2 4 2
6311 6320 4 0 0 2 3 1 5 5 3 0 5 0 4 1
4674 4674 4 2 1 0 1 1 2 3 0 4 3 3 3 3
4568 4577 3 3 1 1 1 5 5 2 0 4 2 5 2 3
2262 2264 4 3 1 1 4 5 3 1 1 3 4 1 1 3
3306 3311 0 1 0 1 0 3 3 2 5 2 3 2 2 3
1783 1783 2 3 4 3 5 4 1 1 2 3 2 4 1 4
1870 1872 3 2 4 2 0 1 2 2 3 0 2 0 3 0
4749 4755 2 3 0 3 5 2 1 1 5 4 2 2 3 4
5906 6770 2 0 4 2 0 4 4 3 3 0 0 1 5 1
1739 1739 0 4 4 0 2 2 2 4 4 0 2 2 0 2
2644 2655 3 1 4 3 5 4 3 2 2 5 0 1 0 1
5289 5292 3 3 3 4 3 3 0 1 2 0 3 3 5 0
925 5537 0 4 4 4 0 4 4 0 2 2 2 1 2 4
339 339 1 0 1 2 2 1 4 1 0 0 3 4 0 0
6090 6090 1 2 1 4 0 4 0 1 4 5 5 1 2 4
6397 6402 4 4 2 4 4 4 0 4 0 2 0 0 2 0
6427 6841 0 3 4 2 3 4 0 1 3 0 0 0 2 5
4089 4089 0 0 0 4 2 4 0 0 4 4 4 4 2 2
3564 3568 3 1 0 5 2 2 3 1 2 0 2 0 1 1
2062 2068 4 0 5 1 5 3 0 1 3 4 3 4 0 4
1917 1929 4 3 4 2 3 4 0 4 1 5 4 2 3 4
2702 2713 0 5 4 3 1 2 5 3 1 5 0 4 5 0
5847 5855 2 5 2 5 0 1 5 5 1 0 1 0 3 2
4067 4083 2 2 4 4 0 2 4 0 4 2 0 0 2 4
5128 5129 1 2 0 1 0 1 3 0 3 2 2 4 4 1
4258 4258 5 2 0 1 0 5 4 1 4 4 4 2 1 5
4909 4918 5 1 0 1 4 0 3 1 5 0 0 5 1 5
561 571 5 3 0 3 0 0 4 0 0 5 1 1 2 4
890 1003 3 0 4 4 4 3 4 3 1 3 4 5 4 5
5290 5290 0 2 2 2 2 0 2 2 0 4 0 4 0 0
2284 2291 1 2 3 1 3 2 2 4 3 3 1 0 5 3
1610 1611 2 1 0 5 4 4 2 5 1 5 4 2 2 2
389 1253 0 0 2 1 5 1 3 0 1 5 1 3 2 0
6467 6467 0 2 2 2 2 4 0 0 0 2 2 0 0 0
1118 1121 5 4 4 1 2 1 1 5 0 2 4 0 5 4
426 433 5 3 2 1 0 5 3 2 3 1 4 5 4 4
3705 4110 4 2 3 3 2 3 1 4 3 5 4 5 0 2
7795 7795 1 3 5 2 0 2 0 5 4 0 1 0 3 2
2916 2921 2 5 5 4 5 4 3 2 4 1 3 3 3 4
2115 2116 5 3 5 0 5 0 4 1 3 0 4 3 1 1
428 1731 4 4 4 4 2 4 2 2 0 4 5 2 1 5
7294 7294 4 3 3 2 2 4 2 0 1 2 2 1 1 4
5617 5626 2 4 5 1 2 5 2 1 4 5 1 5 1 3
4026 4030 1 0 0 1 1 1 4 3 4 1 4 1 4 4
5782 6551 3 3 0 5 3 3 1 4 1 5 1 0 1 1
3552 3552 2 0 2 0 0 4 4 4 2 2 0 2 4 2
6918 6921 3 0 2 1 5 0 5 4 5 5 3 4 0 2
6292 6295 0 5 4 2 1 1 2 2 0 3 5 2 5 0
415 2071 3 4 0 2 2 0 3 3 4 5 0 5 2 2
6080 6080 2 2 0 0 2 4 0 2 2 4 2 4 0 4
3981 3988 4 0 1 4 3 5 3 3 2 4 4 3 2 1
3874 3877 4 3 5 0 1 5 4 3 0 4 3 1 2 0
2322 4167 2 2 2 0 4 0 2 0 4 2 0 2 2 4
4376 4379 0 2 4 0 0 0 2 1 5 3 3 0 0 0
6356 6364 1 4 5 5 0 0 4 4 4 2 1 5 1 3
1254 1265 0 4 3 4 3 1 4 2 4 2 4 3 2 0
2661 2669 3 3 2 1 3 1 4 2 2 3 4 2 0 0
3666 3671 1 3 3 4 4 5 1 1 5 3 3 2 4 1
2209 2217 5 0 4 1 2 1 0 0 0 0 2 4 4 1
5045 5057 5 1 4 1 1 4 5 2 3 3 1 5 0 3
5457 5459 1 2 3 2 1 1 3 3 5 1 5 2 3 0
3051 3052 1 5 5 0 1 1 1 1 1 2 5 1 0 3
5156 5169 1 0 2 2 4 5 1 4 3 3 4 1 0 5
392 392 2 1 1 2 4 4 2 3 1 1 0 4 3 3
18 319 5 3 3 3 3 0 4 0 2 4 2 2 2 2
2820 2831 0 5 4 1 2 4 4 4 4 5 1 3 1 1
4749 4749 4 3 1 1 4 0 0 2 5 1 4 0 4 1
6963 6972 4 3 0 5 4 0 3 0 2 2 2 5 1 0
2635 2644 2 0 4 1 0 5 4 3 4 1 2 3 1 5
2208 2218 5 5 4 0 1 3 2 5 5 0 4 3 1 3
6186 6198 5 3 5 5 0 3 4 2 2 4 1 4 1 5
5338 5344 3 0 3 1 4 0 5 4 0 1 2 3 3 1
3441 6360 1 0 2 5 0 3 5 4 5 1 0 2 5 4
1571 1571 0 2 4 4 0 0 0 0 2 4 4 4 2 2
4281 4288 1 3 0 3 5 5 2 0 1 4 4 5 5 3
5108 5111 2 0 1 2 4 2 0 2 5 3 1 0 4 2
778 930 3 2 3 2 4 1 0 2 4 3 3 4 1 3
4104 4109 3 0 1 1 0 4 0 3 2 5 2 0 0 3
4365 4368 2 1 0 2 4 1 4 3 5 4 1 0 4 5
5049 5071 5 0 3 0 4 0 1 3 3 2 5 0 4 1
3487 3498 5 3 0 1 4 1 2 0 0 1 2 3 4 4
7849 7855 1 3 0 0 4 1 1 1 4 1 4 4 0 5
6229 6230 2 4 2 0 0 5 4 2 0 2 0 5 0 5
2146 2150 5 4 0 4 2 0 4 3 0 5 2 1 5 1
132 339 1 0 0 1 2 4 1 0 2 0 0 3 4 4
5114 5124 0 1 0 0 4 1 0 4 3 0 3 4 5 1
2415 2424 1 0 1 1 4 1 5 4 1 4 4 4 5 0
4442 4464 2 2 1 1 4 0 1 0 5 3 4 5 2 0
1590 2734 0 5 3 2 3 4 3 0 3 2 2 3 4 0
7423 7423 1 3 5 4 1 2 5 3 1 4 3 0 1 2
6014 6018 0 4 2 0 5 4 2 2 4 3 0 3 3 1
6952 6956 4 5 2 3 0 1 2 3 5 4 1 5 3 0
6607 6612 1 3 0 5 2 3 0 1 1 0 1 2 1 4
4778 4778 0 3 3 3 3 0 3 0 0 0 3 0 3 0
67 68 4 4 4 4 0 0 0 0 2 0 2 0 4 2
6473 6496 2 3 0 1 3 5 3 5 3 5 3 2 3 1
3122 3132 0 3 4 3 0 2 1 4 0 4 0 1 0 5
2996 2996 2 4 0 4 4 4 4 0 0 0 0 4 0 4
5583 5590 0 0 0 1 2 4 1 0 5 5 2 3 4 1
2449 2461 4 2 1 0 3 1 0 5 5 4 4 3 0 4
4392 4394 4 5 0 4 2 4 2 4 2 5 0 2 3 4
1521 1531 1 4 3 3 3 5 3 1 5 0 2 3 4 0
920 931 3 0 3 1 1 5 2 5 0 5 0 3 1 0
3501 3506 4 4 4 5 0 1 1 2 3 5 0 3 5 2
6692 6703 2 3 2 2 4 4 0 2 0 3 2 4 2 2
6187 6197 0 1 5 4 5 1 1 4 4 4 5 1 4 1
6992 7005 2 4 1 1 1 5 0 5 4 1 1 4 4 1
2676 2698 4 2 0 2 2 0 2 2 0 4 4 4 4 2
1618 4441 4 1 2 2 2 4 1 4 5 4 0 4 1 3
7542 7542 3 3 3 0 0 0 3 0 0 0 0 0 3 0
26 38 2 0 4 5 0 4 4 0 3 3 4 2 0 3
2025 2037 2 4 0 0 3 1 1 1 3 3 3 4 0 0
984 3087 4 4 0 2 2 1 2 4 0 2 2 3 2 5
4436 4436 3 3 0 0 3 3 3 3 3 0 3 0 0 0
5393 5405 1 1 2 5 0 1 4 1 4 2 5 0 1 0
4771 4784 3 0 0 3 3 0 0 3 0 0 3 0 0 3
791 3844 5 2 2 1 2 2 4 1 1 1 2 2 3 4
2611 2611 3 4 2 4 3 5 5 4 1 0 0 0 5 5
4025 4034 3 3 4 3 1 2 3 5 0 3 2 4 4 0
5156 5165 3 3 2 0 0 4 3 5 3 3 0 2 3 3
1545 2241 4 0 3 4 3 5 0 3 5 0 2 2 4 0
3155 3155 3 5 3 4 0 2 1 4 3 2 3 3 2 3
4112 4114 2 2 1 3 1 1 1 4 0 4 0 2 3 0
57 71 3 3 2 0 5 4 1 4 4 4 0 3 3 3
3403 5415 4 1 3 4 1 0 0 5 2 0 1 4 0 3
1108 1108 0 0 0 0 0 0 0 0 0 0 0 0 0 0
2416 2428 2 0 3 5 1 3 4 4 5 1 1 5 4 0
5557 5566 4 5 1 1 1 5 4 2 4 3 3 5 1 3
2389 2400 0 2 0 0 5 3 4 5 2 1 5 4 0 1
4607 4607 0 0 0 0 0 0 0 0 0 0 0 0 0 0
3404 3409 1 1 2 2 4 1 5 5 3 3 2 0 0 4
7427 7427 2 2 5 4 2 4 2 0 0 4 5 3 2 5
131 190 4 0 0 2 4 4 0 0 2 0 0 4 4 2
2789 2800 0 5 3 4 3 3 1 2 3 4 0 1 3 2
2915 2919 0 0 4 2 2 4 0 2 0 4 0 4 0 0
7811 7812 0 4 1 2 1 5 4 3 5 4 5 1 0 3
3161 4438 2 4 4 2 5 4 1 3 2 0 4 5 5 0
2810 2812 4 1 4 5 2 0 0 2 1 2 4 5 1 2
2806 2814 1 4 3 2 0 2 2 0 5 2 5 0 4 3
4412 4422 3 5 3 3 5 4 5 0 5 2 5 0 5 2
6920 6920 4 3 4 0 2 3 2 5 5 5 2 4 4 1
6610 6610 0 0 0 0 0 0 0 0 0 0 0 0 0 0
6980 6980 1 2 4 3 4 0 1 0 2 1 0 4 0 4
3497 3509 3 2 5 1 4 3 4 3 3 1 5 4 0 0
6173 6176 2 5 2 0 2 5 2 5 3 0 5 5 2 2
2939 2946 2 4 4 5 3 2 0 2 2 3 5 4 1 0
1158 1170 4 1 0 0 4 2 2 3 1 5 2 5 1 2
2634 2657 0 4 3 5 5 5 1 1 4 1 3 5 0 5
3155 7556 0 2 4 4 0 4 0 4 2 4 4 4 0 0
2973 2978 1 2 1 1 2 0 1 0 0 0 5 4 2 5
3202 3213 3 2 4 3 2 2 2 1 2 4 1 2 3 1
351 355 4 2 0 5 4 5 2 5 2 2 4 4 4 0
1467 2620 2 2 4 3 1 1 3 0 2 2 1 0 3 3
2093 2093 3 1 5 3 3 0 3 5 0 5 1 3 5 3
590 598 2 1 5 0 4 4 0 3 3 3 1 5 0 1
3164 3170 5 4 0 4 5 1 0 2 4 0 3 1 1 4
1686 1695 3 3 4 3 1 4 3 5 2 2 0 3 5 5
1116 1116 3 0 0 1 5 0 0 2 5 2 0 5 3 4
5488 5493 4 0 1 4 1 4 5 3 0 5 2 5 2 0
5085 5091 4 0 0 4 5 0 2 5 3 4 5 3 3 4
469 766 3 0 4 3 3 4 1 2 0 2 4 3 2 4
1108 1110 2 3 5 0 0 4 4 2 3 4 1 2 3 4
2417 2427 4 2 0 3 5 0 3 2 3 3 0 2 1 3
2032 2054 0 5 5 4 3 5 3 1 0 1 0 4 3 0
4244 4248 3 0 0 2 4 5 5 4 2 2 5 3 3 4
5555 5555 3 0 3 3 0 0 3 0 0 3 0 0 3 3
1965 1967 5 5 2 2 2 3 4 2 2 2 4 3 4 2
119 120 3 2 5 0 1 0 2 0 2 4 2 4 4 4
383 384 3 4 5 2 3 2 3 1 3 3 1 0 5 3
2828 2828 0 2 4 2 4 0 4 4 4 4 4 2 0 0
5222 5231 2 5 3 0 1 3 0 2 4 4 2 0 2 3
765 771 3 4 4 4 4 2 5 5 0 4 5 0 3 2
905 2469 5 4 3 0 0 0 3 5 4 1 3 5 0 4
3325 3325 0 0 0 0 0 0 0 0 0 0 0 0 0 0
3123 3135 1 0 3 4 3 5 4 4 3 5 0 3 1 4
756 759 1 3 1 5 5 5 2 3 2 3 4 1 1 4
823 1391 1 5 0 0 5 0 2 4 2 3 4 0 0 2
258 258 3 0 3 3 0 0 3 3 0 0 3 0 3 0
7610 7620 0 5 2 3 1 0 5 4 2 4 4 1 5 1
4360 4383 0 1 1 1 4 3 1 4 3 3 2 3 4 1
25 31 4 2 0 3 2 3 3 2 3 3 3 4 3 1
4327 4327 4 2 2 4 4 2 0 4 0 4 2 2 4 0
7228 7229 0 4 1 4 1 3 3 5 3 4 0 0 3 0
7026 7038 5 3 5 0 4 2 5 0 0 2 1 1 0 1
1458 1458 1 5 3 3 4 0 5 0 3 4 3 0 5 2
388 388 3 0 3 3 0 3 0 0 0 0 0 0 0 3
5624 5636 4 4 1 3 2 2 2 2 5 1 5 5 1 5
7460 7468 4 4 5 0 2 4 0 3 3 5 2 2 5 3
2130 2967 4 3 2 4 1 2 5 2 4 4 2 0 4 5
2796 2796 2 0 4 4 1 1 1 5 1 3 4 4 1 1
853 857 5 3 0 1 2 2 0 0 5 0 0 0 3 3
1405 1416 3 2 4 4 2 5 5 3 0 2 3 5 2 3
2958 2965 1 3 0 0 5 0 3 2 0 5 2 5 1 2
951 951 0 0 2 0 2 0 0 4 4 4 2 0 2 0
415 415 0 0 0 0 0 0 0 0 0 0 0 0 0 0
3590 3597 1 1 3 4 3 1 2 3 3 0 1 5 0 2
7176 7180 0 4 5 1 5 3 5 5 5 2 0 5 4 3
5323 5323 0 0 0 0 0 0 0 0 0 0 0 0 0 0
6771 6782 2 2 2 0 2 4 0 0 2 2 0 2 2 2
1911 1915 3 3 4 0 0 5 4 2 4 4 2 2 4 0
4957 4958 2 4 2 3 1 0 0 4 4 0 3 1 2 0
5895 5895 3 5 0 0 3 3 5 5 1 4 3 4 2 0
2713 2723 0 4 4 2 0 2 2 4 2 2 4 0 2 0
1152 1158 4 3 1 4 0 2 5 3 1 3 0 3 2 5
224 246 2 0 4 0 2 2 2 4 4 0 4 2 0 2
5126 5126 4 0 4 4 4 4 0 2 2 0 0 4 2 2
6374 6384 2 4 1 4 0 1 1 1 0 1 1 5 3 4
2714 2723 3 5 5 2 2 2 5 3 0 1 1 4 1 4
2099 2108 4 2 1 3 1 0 4 5 2 4 1 4 1 2
7001 7013 1 2 2 2 3 1 3 2 1 3 4 1 1 4
6606 6608 0 0 0 0 0 0 0 0 0 0 0 0 0 0
6101 6107 5 4 3 4 1 1 3 5 2 2 3 3 4 3
569 797 4 4 0 4 2 4 2 0 2 4 0 0 0 4
2417 2417 3 3 1 4 5 5 3 1 0 4 0 5 3 2
7568 7576 5 3 4 2 2 0 3 2 1 3 0 4 1 2
236 247 0 1 3 1 1 2 3 0 3 2 1 3 4 1
477 1437 0 3 3 0 3 0 0 3 3 3 3 0 0 3
5082 5092 3 1 5 2 3 2 1 3 1 1 1 4 4 3
4288 4291 3 5 0 3 0 2 3 2 5 4 5 1 1 4
5369 5369 1 1 3 5 4 1 5 0 0 5 2 4 2 2
5697 5706 2 1 2 2 2 4 0 0 5 3 4 2 2 5
2521 2522 5 2 5 1 0 1 4 4 3 0 1 3 1 3
1451 1459 3 1 5 2 3 3 2 3 3 4 5 1 4 5
6134 6144 1 2 3 3 5 1 2 1 4 1 1 4 3 1
2203 2214 1 2 0 0 2 2 5 5 0 2 1 3 0 5
1236 1246 3 4 2 2 4 0 4 1 2 4 3 1 5 5
2530 2540 5 2 5 1 4 3 3 4 2 3 0 5 4 1
1031 1038 0 5 1 2 2 4 3 5 5 1 2 5 0 3
93 5516 0 0 1 2 5 3 3 3 5 4 4 3 5 4
3552 3552 2 0 2 0 0 4 4 4 2 2 0 2 4 2
701 710 3 2 5 0 4 1 0 2 2 5 5 4 1 0
5781 5788 2 2 4 0 0 0 4 0 0 0 0 0 2 0
1024 2299 1 3 3 2 0 4 2 3 3 1 3 1 1 1
6481 6491 1 3 0 3 1 2 5 2 4 3 3 1 5 2
7300 7305 0 2 2 5 2 2 1 1 0 1 5 0 2 2
1724 1739 1 1 0 5 1 0 5 0 0 0 2 5 2 3
1866 1871 1 2 2 4 1 3 0 2 5 5 2 3 3 1
4907 4919 3 3 4 2 3 0 1 2 0 5 4 0 3 4
6839 6839 3 1 0 0 5 3 5 2 4 3 1 4 4 3
3825 3828 1 1 3 4 4 4 1 2 5 1 2 0 5 1
6516 6517 1 2 0 5 0 1 0 2 0 3 1 0 3 5
4077 4080 3 4 1 1 4 4 3 3 5 1 1 5 2 3
3227 3229 4 0 4 2 0 2 4 4 2 2 4 0 0 4
202 219 2 4 4 3 3 3 3 0 3 3 5 3 5 1
3001 4678 1 1 4 0 2 1 4 0 5 2 1 1 5 0
7569 7573 3 4 4 5 0 0 3 1 3 4 2 5 4 3
1338 1339 2 0 5 1 5 1 5 1 0 2 1 2 4 3
4797 4805 3 3 5 5 0 1 4 4 0 2 2 0 2 4
343 7202 3 2 1 2 3 5 0 0 3 4 0 0 3 3
3397 3400 4 3 2 2 4 1 5 2 0 5 5 1 5 0
3793 3800 4 5 1 4 1 4 4 2 3 0 1 3 3 1
1410 1422 2 1 0 0 5 3 3 5 5 0 5 4 1 3
390 659 3 3 0 1 1 5 1 0 0 5 4 1 2 2
5619 5630 3 3 4 3 1 4 3 4 2 1 0 0 2 5
5464 5471 0 4 2 2 2 4 0 4 4 2 4 0 4 0
7853 7876 2 5 0 1 1 3 1 2 3 4 4 1 2 1
5321 5324 0 4 2 4 0 4 1 4 3 3 0 4 1 5
1036 1036 5 2 0 2 0 3 1 3 4 4 3 1 1 0
2734 2734 2 0 4 0 0 4 0 4 0 4 4 0 2 0
2446 2458 0 4 0 2 0 0 0 2 4 4 4 2 4 4
225 233 0 5 1 4 4 3 4 2 5 2 0 0 5 1
4377 4377 0 0 0 0 0 0 0 0 0 0 0 0 0 0
3489 3498 4 0 1 3 2 1 2 3 0 4 3 0 0 0
2119 2125 0 0 2 2 2 4 0 0 4 2 2 0 2 4
104 741 3 4 1 5 1 3 0 2 5 1 2 3 1 1
7564 7564 2 0 0 0 2 4 4 2 4 4 4 0 4 0
3942 3945 5 5 4 0 3 0 4 3 1 0 3 3 3 0
1101 1103 4 4 2 4 2 2 2 0 0 0 2 2 4 4
3123 3134 0 5 5 2 2 4 5 2 2 1 2 1 2 0
949 958 0 1 4 2 5 3 2 3 1 0 0 0 0 5
7803 7804 2 5 3 4 4 4 1 4 0 4 2 1 2 0
2140 2147 4 5 2 3 1 4 3 1 4 2 5 3 4 4
3138 5638 3 3 5 0 4 3 0 4 2 0 0 5 5 5
2404 2416 5 4 4 4 1 0 0 5 2 0 5 4 5 2
6771 6781 5 1 1 1 2 5 1 3 5 1 5 5 2 2
4491 4492 2 2 0 2 2 0 4 0 0 2 2 4 0 4
5842 5847 3 0 4 2 4 4 3 5 1 2 1 2 1 4
3374 3374 1 4 1 3 1 3 3 2 3 5 1 3 3 2
4582 4592 0 2 2 0 2 2 1 1 4 5 3 1 1 1
4033 4045 0 5 5 3 3 5 3 4 5 3 4 2 0 1
71 81 2 1 4 1 0 3 2 4 3 3 4 4 5 4
5784 5786 1 0 4 1 4 4 1 0 1 1 5 5 0 0
3246 3253 0 1 1 0 1 1 1 2 5 0 2 5 5 0
5516 5528 0 1 4 3 4 2 2 0 1 4 4 5 0 0
200 313 4 3 1 4 1 3 0 1 0 3 4 4 4 5
328 331 0 5 5 1 3 0 1 1 4 4 4 1 3 3
5242 5253 0 0 5 4 5 2 3 1 1 0 5 4 4 1
5293 5308 4 0 4 2 4 0 0 0 4 2 2 2 0 2
6323 6396 1 5 3 3 5 4 5 5 1 5 2 0 5 0
585 592 2 4 3 2 5 0 0 4 2 2 3 5 4 5
3381 3389 4 3 3 1 2 5 4 1 2 3 2 0 1 1
2733 2745 3 3 2 0 2 2 3 0 4 2 1 5 2 0
5840 5841 2 4 4 0 0 2 2 0 3 2 2 3 3 1
5807 5818 0 4 3 4 1 1 1 1 0 0 4 5 5 4
3989 3996 4 1 1 2 2 2 4 3 2 2 2 0 1 2
2839 2855 4 1 2 3 1 3 4 2 4 4 3 5 3 4
6600 6603 3 0 5 3 3 0 3 3 1 0 0 3 2 2
7789 7791 5 4 1 5 1 2 0 2 5 3 0 0 1 5
7820 7824 2 0 2 4 5 3 0 2 1 3 1 5 4 3
354 356 3 4 4 5 1 5 3 4 3 2 0 4 5 1
1786 5050 1 4 1 5 4 2 2 5 3 5 2 5 3 0
1351 1356 0 3 0 5 5 0 1 4 4 1 4 5 4 2
5308 5309 5 0 2 3 4 0 2 5 4 4 0 3 5 3
3288 3295 3 3 0 1 0 1 4 2 0 4 0 4 3 1
6902 6905 5 1 3 3 2 0 4 3 0 4 4 3 0 2
3355 3362 3 5 3 3 4 2 3 3 1 1 3 3 5 1
7203 7205 1 5 4 0 3 5 2 4 5 3 4 3 2 5
7380 7397 1 1 3 0 3 3 1 0 1 1 1 0 3 5
2474 2478 4 3 4 4 1 3 1 0 1 1 0 5 5 5
5094 5094 0 4 0 4 2 0 4 2 4 0 0 0 0 0
7276 7279 5 5 4 0 3 5 2 4 5 5 0 3 5 4
2598 2601 0 4 3 2 4 5 3 1 0 0 0 0 2 0
93 93 3 5 4 4 2 5 3 3 0 1 3 3 1 5
1079 1084 4 4 3 0 5 5 4 2 3 4 2 0 0 3
7787 7787 4 4 2 0 4 0 0 4 4 0 4 2 0 4
7153 7153 3 3 0 3 0 3 3 3 3 0 0 3 0 3
323 832 3 4 4 1 2 5 4 5 5 0 1 2 1 1
4802 4806 1 3 1 3 0 5 5 1 2 5 2 0 0 3
5969 5980 1 5 3 0 3 0 2 1 4 4 2 3 2 0
6842 6853 1 1 5 2 3 4 1 1 0 0 3 5 2 3
314 1792 5 1 5 4 3 0 5 4 3 1 4 2 4 5
1103 1103 0 0 0 0 0 0 0 0 0 0 0 0 0 0
5790 5798 5 5 5 0 0 4 4 1 3 2 0 4 3 4
3261 3262 4 0 1 0 4 5 2 3 1 5 0 1 2 3
3119 3128 5 3 4 2 1 5 0 5 4 3 2 1 4 5
1129 1134 1 5 3 4 1 0 0 2 0 2 0 1 4 1
4847 4856 4 2 0 1 5 2 5 3 0 2 5 2 1 5
7228 7235 5 3 4 2 5 5 4 4 5 3 4 5 2 2
338 6234 5 4 4 0 4 3 3 0 5 2 5 4 0 3
125 125 3 3 0 0 0 0 0 0 0 3 0 0 0 3
2396 2401 0 0 1 5 2 5 2 2 0 4 0 2 0 4
1688 1697 4 1 1 3 2 3 1 1 2 0 4 5 0 1
6076 6082 5 5 0 5 5 1 2 0 5 2 2 5 2 2
5893 5894 2 1 2 2 2 2 5 2 4 1 1 4 0 3
1839 1849 0 5 5 1 4 3 4 0 4 2 2 2 1 0
5373 5380 4 0 4 1 0 1 1 5 1 1 3 3 1 2
4045 4057 4 0 0 4 1 1 2 4 2 4 0 1 0 4
7386 7386 3 0 0 0 0 3 3 3 3 3 0 3 3 0
5443 5445 3 0 2 0 3 2 5 5 4 4 5 4 4 3
2149 2155 0 0 0 5 1 2 4 4 0 0 0 2 4 1
90 4718 0 2 0 2 5 1 2 4 3 2 4 5 3 5
3938 3950 4 1 2 2 0 4 4 1 5 0 1 5 3 5
3456 3461 0 0 2 0 3 3 0 4 0 3 3 5 3 5
3592 3606 0 4 4 2 5 0 0 1 1 3 4 2 1 2
2587 2590 1 1 2 5 0 3 0 2 4 3 1 2 0 1
4345 4345 4 0 2 2 0 0 2 4 4 4 0 2 0 0
2653 2661 4 5 3 1 4 3 3 0 0 3 1 0 1 0
1108 1131 2 1 2 0 2 5 1 3 4 0 1 1 0 3
6105 7518 1 5 1 2 4 2 0 0 0 4 5 5 1 3
6308 6319 4 4 2 0 1 0 5 2 1 5 4 4 0 2
225 227 3 0 0 5 5 3 1 0 0 3 0 4 3 1
4429 4448 1 3 3 0 3 4 5 1 3 0 3 2 0 3
199 2458 3 2 4 4 4 0 0 2 1 5 3 3 5 4
1001 1006 4 0 5 1 0 2 3 4 2 4 4 3 3 5
3076 3084 4 0 5 1 5 4 5 1 2 0 2 0 2 5
5867 5879 3 0 2 1 5 2 5 0 2 4 2 2 3 1
187 3317 4 2 3 0 0 4 1 4 2 1 5 1 1 3
2328 2328 4 0 2 4 2 0 0 4 0 0 2 0 0 0
3110 3117 5 4 1 0 1 5 3 2 4 4 0 3 2 2
3745 3747 5 1 2 1 4 1 5 5 0 0 5 1 4 2
334 1703 4 3 0 4 2 5 4 1 4 3 4 2 2 0
1608 1608 3 3 0 3 3 3 3 0 3 3 0 3 0 3
6048 6053 0 0 2 4 2 0 0 0 4 0 4 4 2 4
5431 5432 0 3 2 3 1 2 2 4 4 4 3 1 2 3
5312 5323 4 5 2 5 4 1 2 5 5 2 2 2 5 4
7814 7825 1 4 1 0 0 0 0 3 1 5 4 4 4 0
7691 7691 1 4 3 1 3 1 3 4 4 5 0 3 2 5
2746 2747 0 4 5 1 2 5 3 2 1 4 3 4 1 0
909 917 2 5 2 4 1 4 5 2 2 3 5 2 2 3
3268 3268 0 0 4 2 2 2 2 4 0 2 0 4 4 4
7304 7313 3 0 2 2 1 1 1 2 1 3 2 0 1 5
5849 5863 5 2 4 3 0 5 3 5 3 1 3 1 0 4
1368 3445 4 2 0 0 3 1 1 5 4 2 4 0 0 2
1265 1265 1 0 4 1 3 3 5 4 3 4 5 1 0 3
2788 2798 2 4 0 3 3 2 4 1 4 0 0 5 5 2
2377 2388 1 5 1 4 2 3 3 1 5 3 5 2 1 3
309 422 5 1 4 1 2 0 2 5 1 4 4 0 2 0
1406 1406 0 0 3 0 0 0 3 3 0 3 0 3 0 3
2361 2367 1 3 1 1 3 0 1 4 2 3 0 3 1 4
4668 4675 4 3 2 0 4 3 2 0 2 3 3 0 3 1
3720 3732 5 0 5 5 5 1 1 4 2 3 4 1 4 4
4558 4558 5 1 5 3 5 3 5 0 3 5 2 2 1 4
3394 3400 1 5 4 3 4 5 2 4 2 4 4 3 4 3
694 698 3 5 0 2 0 5 0 1 3 2 3 1 0 2
4301 4902 0 4 4 4 0 0 0 4 2 0 0 2 4 0
7651 7662 3 5 5 3 1 2 3 0 3 5 4 0 0 4
2353 2360 1 5 4 4 2 2 4 1 0 2 1 0 0 2
798 809 2 0 0 0 2 0 0 0 2 0 0 2 0 2
946 5994 2 2 0 0 0 4 2 0 4 4 2 0 2 4
2872 2877 2 5 5 1 1 5 2 4 1 1 1 3 5 4
5493 5501 5 3 3 4 5 5 3 2 4 4 4 2 4 0
4284 4293 3 1 0 4 0 4 0 2 2 3 0 4 0 2
3449 3452 2 3 2 3 1 5 4 2 3 4 0 5 0 3
7023 7033 0 3 2 4 0 5 5 0 5 2 2 5 0 2
6373 6383 0 0 4 3 3 1 1 4 3 0 1 0 2 5
3455 3467 4 5 3 3 2 1 2 3 3 2 3 0 5 5
3213 5844 2 4 0 3 5 4 0 0 4 5 0 4 0 4
7159 7159 4 4 2 2 0 0 4 0 2 0 0 2 0 2
7537 7543 3 2 0 0 1 5 5 4 4 0 3 2 4 3
5457 5458 4 5 1 4 1 3 3 3 2 0 4 4 2 0
2735 2743 3 2 2 1 4 2 0 2 4 5 0 2 1 0
7739 7744 2 1 1 4 4 5 1 0 0 3 4 2 2 4
7571 7579 5 0 3 0 3 4 3 5 1 0 0 5 4 1
1209 1213 3 0 4 1 1 3 0 0 4 0 2 5 2 1
1841 1844 2 0 0 0 3 0 4 3 4 2 0 3 1 0
7244 7250 5 0 5 0 4 1 3 3 4 4 5 0 3 4
4467 4477 0 2 0 4 3 5 3 1 2 2 4 4 3 5
3583 3585 5 4 4 2 4 2 4 3 1 1 3 2 1 5
1688 1692 0 2 5 1 5 2 2 2 5 5 2 2 3 0
4283 4283 0 0 0 0 0 0 0 0 0 0 0 0 0 0
3501 3510 0 0 5 4 1 0 5 3 1 0 5 1 3 4
1782 1788 2 5 2 3 4 0 2 1 1 0 4 4 5 4
416 762 4 1 4 4 5 3 1 2 0 3 1 2 3 1
1166 1166 0 3 0 0 3 3 0 3 3 3 0 0 0 0
4342 4351 2 1 2 2 1 0 1 1 3 4 0 0 5 0
5962 5971 0 5 0 5 1 2 3 0 1 3 3 2 3 2
3633 3640 3 2 2 3 1 1 1 0 0 1 3 4 4 3
2720 2720 0 2 4 2 2 4 0 2 0 4 4 2 4 4
585 595 0 2 4 1 5 1 1 1 2 0 2 4 3 3
3644 3652 1 1 1 2 2 3 3 5 3 2 3 2 1 3
7402 7411 4 1 2 0 2 2 2 5 1 1 2 4 1 1
3017 3023 1 5 5 2 5 2 3 4 5 5 1 2 4 2
7758 7769 4 4 2 1 3 4 1 1 3 2 2 0 2 3
7376 7384 3 0 0 1 5 0 2 2 5 3 0 0 5 3
236 3990 4 0 4 5 0 1 4 0 4 0 0 0 0 5
2632 2634 2 4 3 4 3 4 3 4 1 3 2 5 5 1
3924 3929 2 2 0 3 2 4 5 1 5 3 0 5 2 2
4633 4654 1 5 4 3 3 1 4 0 1 2 4 5 4 1
5269 5275 3 0 3 0 4 2 3 5 4 3 2 4 3 0
7012 7012 0 0 3 5 5 1 0 5 3 1 1 2 1 4
6881 6893 0 2 1 2 1 3 4 2 5 2 0 2 3 4
7271 7293 4 0 1 1 4 2 1 1 3 0 4 0 3 4
4249 5003 4 0 0 4 4 4 2 2 4 2 2 4 0 2
7451 7458 1 3 4 0 0 3 0 2 0 2 3 0 3 3
7521 7531 2 0 4 0 2 4 0 2 0 0 0 2 2 0
3968 3971 5 3 5 3 4 4 4 5 1 2 0 1 2 0
6431 6431 2 5 2 5 4 0 4 1 0 2 3 5 5 0
5205 5205 0 0 0 2 0 4 2 4 0 4 0 0 4 2
3331 3337 2 3 4 5 1 3 4 1 3 3 2 1 3 3
1123 1129 4 4 2 5 4 3 4 2 1 4 4 4 4 5
5928 5937 0 1 5 3 1 4 4 3 4 3 5 2 3 1
6402 6402 5 2 5 0 1 1 0 0 0 4 1 3 4 4
3027 3027 0 0 0 0 0 0 0 0 0 0 0 0 0 0
3714 3727 5 2 0 3 5 5 5 5 3 3 3 4 3 5
2667 7058 4 5 1 0 1 3 1 0 0 4 1 1 5 2
7404 7413 5 2 1 1 0 2 5 5 5 1 4 1 0 1
2161 2171 1 1 0 3 0 0 1 0 0 1 3 3 4 5
45 56 3 4 1 1 3 0 5 1 3 0 3 4 0 5
2895 2906 3 5 0 0 3 2 4 1 5 5 5 1 5 4
3648 3648 4 5 5 2 2 1 2 0 0 3 2 5 0 1
4477 4488 2 1 0 5 0 0 0 0 5 1 1 1 0 3
7451 7451 3 1 3 1 3 5 2 3 2 2 5 0 3 1
3023 3124 2 5 1 1 0 0 4 1 5 2 0 1 0 2
1066 1076 5 0 1 4 3 3 2 4 4 2 5 1 5 0
5759 5764 4 5 3 0 2 0 3 2 2 1 5 4 0 1
2071 2081 2 5 5 3 5 4 5 3 3 4 5 3 2 5
1903 1903 4 3 3 1 3 2 5 0 2 5 5 0 0 0
1740 1740 0 0 0 0 0 0 0 0 0 0 0 0 0 0
2360 2365 3 4 4 0 4 3 4 0 2 0 5 3 4 1
2375 2383 3 4 2 2 5 3 4 2 5 5 1 3 3 1
4666 6013 4 0 0 2 1 1 0 5 2 3 2 1 1 1
524 535 3 3 1 0 0 4 0 0 0 3 1 2 2 3
4351 4358 1 2 3 1 5 1 2 0 2 2 4 2 4 1
7382 7394 2 2 5 1 5 3 0 1 1 5 5 1 5 4
1029 1502 3 3 0 5 5 5 4 3 0 0 4 4 2 2
1509 1509 4 5 2 2 4 0 5 5 1 3 3 1 0 0
1871 1880 5 4 5 0 3 0 0 1 5 1 4 4 2 4
3203 3206 5 0 2 1 5 2 2 0 2 2 4 3 1 5
1128 1131 5 2 5 5 2 1 1 2 4 0 0 2 1 1
3621 3621 4 0 3 2 5 5 0 2 0 1 0 5 2 3
1359 1359 0 0 0 0 0 0 0 0 0 0 0 0 0 0
6668 6679 1 1 2 3 5 5 1 1 5 4 0 2 2 3
1081 6278 5 0 1 2 5 0 3 2 1 5 3 3 5 4
1057 1057 0 0 0 0 0 0 0 0 0 0 0 0 0 0
7107 7117 5 5 4 3 0 0 5 3 3 4 4 2 3 2
1300 1300 0 2 1 3 4 3 4 4 4 3 5 0 5 1
733 6759 3 0 1 5 5 0 2 2 0 4 1 1 0 5
2115 2120 4 0 3 0 4 4 0 0 5 5 5 1 5 2
4993 4995 2 4 5 2 4 1 3 0 2 3 1 0 4 0
4850 4857 2 2 0 5 4 5 2 0 1 1 5 2 1 0
3277 3288 0 4 5 0 2 3 4 5 4 5 0 1 4 5
7920 7928 5 2 2 2 0 4 0 4 5 2 3 0 2 4
4630 4636 2 1 4 4 1 3 0 2 4 1 0 1 1 2
1216 1227 1 4 0 1 5 2 2 4 3 2 3 0 2 1
2084 7316 2 2 5 1 0 4 0 0 3 3 1 3 3 3
5622 5623 1 2 3 3 3 5 4 0 5 3 0 0 3 3
2687 2694 0 0 3 3 4 0 1 0 0 1 5 5 5 4
5512 5535 2 1 5 5 0 4 4 4 4 0 4 5 5 1
239 5023 5 4 5 5 1 5 3 4 3 0 4 3 1 1
6260 6260 0 0 4 0 4 4 4 2 4 4 2 4 0 0
7825 7829 3 0 1 2 0 0 4 0 1 0 5 4 2 2
7967 7970 3 5 5 1 4 3 2 0 1 0 5 1 5 5
471 974 5 3 5 5 2 3 2 4 2 0 4 1 5 3
4013 4018 2 0 1 2 1 5 1 1 3 2 1 3 3 4
7002 7008 2 4 4 3 1 1 3 1 4 5 1 1 1 2
345 349 5 5 2 0 5 5 4 0 5 0 4 2 5 2
79 5377 2 0 0 2 5 5 5 0 2 5 1 0 0 2
2193 2193 0 0 0 0 0 0 0 0 0 0 0 0 0 0
3914 3918 1 3 0 4 1 2 2 5 4 0 4 0 3 4
3635 3644 4 5 0 1 3 0 3 2 0 0 2 1 5 3
5953 5995 2 1 4 2 3 3 5 5 1 3 0 1 5 1
4780 4780 0 0 0 0 0 0 0 0 0 0 0 0 0 0
5746 5759 0 5 0 1 1 0 1 1 2 0 4 4 3 0
7266 7266 0 3 1 4 0 4 3 3 0 3 3 2 5 3
4283 4288 0 4 2 5 0 0 3 3 0 0 4 2 3 2
4879 4891 0 3 4 2 5 4 1 5 4 5 4 3 5 1
4973 4986 1 1 0 4 2 2 2 0 2 2 0 2 4 2
350 353 2 1 2 1 1 4 2 2 4 1 2 0 3 2
4672 7648 1 4 4 4 2 5 5 1 3 2 1 0 3 5
3796 3797 2 2 1 3 4 3 0 3 4 0 1 4 5 2
6661 6663 1 1 5 4 0 3 5 3 0 3 2 5 1 4
5521 5533 4 3 0 2 3 2 2 5 1 1 2 3 0 3
5050 5060 0 3 1 5 2 3 4 2 2 1 0 4 1 1
2736 2740 4 3 3 2 5 0 5 3 0 2 1 3 5 1
6168 6181 5 3 1 3 1 2 2 1 3 3 5 4 2 0
1447 1456 5 0 4 4 2 3 2 2 4 1 3 0 3 5
3371 7577 1 3 3 3 3 1 4 0 1 5 5 5 0 5
5371 5373 5 2 1 1 0 2 5 0 4 4 4 2 2 0
525 533 1 0 1 0 4 1 2 2 2 3 2 5 0 0
7905 7905 5 1 2 3 0 0 0 5 1 4 5 4 1 0
900 2237 1 1 0 4 3 0 1 3 0 3 5 0 5 1
3960 3970 4 0 5 0 5 3 0 4 0 0 3 4 2 4
5225 5230 2 4 2 1 4 5 4 0 0 0 5 4 2 5
5692 5696 4 4 1 2 4 1 4 0 4 0 2 1 1 3
4625 4637 3 3 5 4 1 1 0 2 1 5 5 2 5 2
2680 2680 4 2 4 1 2 1 4 1 1 5 1 1 0 5
3645 3650 4 0 1 3 1 5 4 0 2 2 1 2 4 1
3037 3044 1 5 4 4 2 5 0 5 0 3 3 2 3 4
1147 1150 4 2 2 2 5 2 3 2 1 1 1 3 0 1
7143 7143 2 0 4 2 0 4 0 0 4 4 2 2 4 0
4685 4687 3 5 5 5 1 3 1 0 3 1 1 0 5 3
3315 3336 2 2 2 4 0 2 0 0 0 2 4 0 2 4
1562 1566 5 0 1 3 0 3 5 1 4 2 2 5 0 2
1841 1841 1 1 1 2 4 2 4 0 4 1 5 0 4 1
1662 1674 0 4 2 2 1 0 2 4 4 3 5 1 3 3
282 287 2 0 4 3 3 5 0 0 4 2 4 4 1 4
5679 5689 4 2 1 5 2 2 0 2 5 3 2 4 3 1
6080 6082 4 4 2 3 2 0 2 2 1 3 0 5 0 2
1987 1989 5 0 2 1 3 1 1 0 2 3 5 2 0 1
2704 2708 2 3 5 0 4 5 3 3 2 3 4 0 4 2
91 1179 2 5 0 1 2 5 5 0 1 4 0 3 2 4
5554 5558 2 1 0 4 0 4 3 4 1 0 2 2 1 3
4122 4124 1 3 4 5 4 3 1 0 3 4 5 2 2 0
3765 3776 1 3 1 3 3 4 5 5 5 3 4 5 0 0
154 6021 5 1 1 4 0 1 0 2 3 5 3 3 4 4
6418 6418 0 0 3 1 3 4 0 1 4 0 4 5 1 4
3041 3047 0 5 2 2 0 0 2 2 5 0 1 4 2 4
7966 7970 5 1 3 1 1 3 0 5 0 5 0 0 3 3
2215 2938 2 2 0 0 2 2 2 0 0 4 4 2 4 2
5016 5020 2 4 0 4 3 2 2 0 4 3 4 0 1 4
960 961 0 3 5 4 3 3 5 0 4 5 4 1 4 2
4138 4144 5 4 0 1 3 5 2 3 2 2 3 1 0 4
4671 4673 3 4 0 1 2 2 2 4 0 4 3 1 5 0
6720 6730 4 3 0 4 2 0 2 4 2 4 3 2 5 3
2904 2917 3 0 1 2 4 5 4 2 2 0 3 2 5 0
2340 2343 1 0 0 4 0 5 4 3 2 3 4 1 4 1
6558 7002 3 0 1 0 0 4 2 1 1 5 4 2 1 3
5769 5769 0 4 2 4 4 4 0 2 0 0 2 0 2 4
330 335 5 5 3 0 0 4 4 4 3 0 2 3 4 1
13 17 2 2 3 3 3 0 0 2 4 4 1 4 0 4
1912 1913 1 0 5 3 2 0 5 3 2 0 4 4 2 1
2348 2357 5 3 1 3 1 2 2 3 5 4 1 5 0 2
5450 5460 4 5 1 3 0 0 2 5 0 5 4 1 0 3
117 127 2 1 3 1 0 2 0 3 5 2 2 5 4 4
6910 6914 0 3 3 2 5 3 1 0 5 2 4 3 0 4
7191 7199 0 4 0 4 3 3 3 1 5 3 3 5 3 5
851 863 4 3 5 1 3 2 0 3 1 2 5 0 2 4
6412 6417 4 2 4 2 4 4 0 4 0 0 0 2 0 2
5043 5052 3 5 0 3 3 2 0 4 4 5 5 2 4 2
3545 3545 2 2 0 0 4 4 4 2 4 2 0 0 4 4
43 52 4 2 4 4 0 2 0 2 2 4 4 4 2 4
4224 4234 4 3 2 1 2 1 4 0 5 3 0 5 4 0
2140 3777 2 0 5 5 3 2 5 1 1 2 2 5 1 1
6183 6183 0 2 0 4 4 0 2 4 4 2 0 4 4 2
2141 2153 4 1 4 5 4 2 4 3 3 0 1 3 0 3
7830 7833 2 4 0 2 3 4 5 3 5 5 2 3 2 5
7477 7477 3 5 3 2 0 0 3 2 5 4 1 2 1 5
6628 6632 4 1 3 2 4 0 4 4 2 2 0 3 1 3
245 255 1 0 5 5 1 1 3 2 4 3 0 3 4 3
2685 2691 3 5 0 3 4 5 4 0 1 2 4 1 3 4
4301 6189 5 2 2 0 0 2 5 5 4 2 0 4 2 1
1706 1712 5 1 2 1 4 0 1 0 5 4 4 1 5 3
1768 1780 4 5 5 2 0 4 3 0 0 1 2 2 2 4
1257 1258 4 0 2 1 4 5 1 0 5 4 2 3 3 5
528 1530 3 3 5 3 4 3 5 0 4 2 3 1 0 1
7465 7465 0 0 3 0 0 0 3 0 0 0 3 3 3 3
2288 2300 4 5 1 2 0 3 0 2 2 5 0 4 3 1
5016 5027 3 0 0 3 3 3 3 3 3 4 2 1 2 3
855 3366 0 0 3 3 3 0 3 3 0 0 3 3 0 3
4937 4946 3 4 4 5 4 1 1 1 1 3 2 3 3 5
3434 3444 5 4 3 5 4 2 0 1 5 3 4 1 3 4
5261 5261 2 0 4 4 3 5 3 2 2 2 5 1 4 1
2252 5666 0 3 5 3 4 1 4 2 0 2 3 3 3 2
4306 4306 3 0 1 4 2 3 3 3 5 1 0 0 5 1
2462 2471 0 0 4 1 4 5 2 1 2 3 5 2 2 0
4463 4485 0 1 0 5 1 1 4 3 1 3 4 1 2 5
4921 4921 2 0 0 4 4 1 2 0 0 1 4 4 4 2
1067 1072 3 3 1 1 0 1 2 1 3 5 4 5 2 0
5929 5937 3 2 5 2 1 1 1 4 5 3 3 4 5 1
7974 7977 3 1 4 3 0 4 4 1 5 3 2 2 2 2
3698 4783 4 1 5 4 2 4 0 0 2 0 2 2 3 5
1237 1237 3 0 3 0 3 0 0 0 0 0 0 0 0 0
7040 7042 3 0 0 2 0 3 0 0 1 5 4 0 0 2
953 959 2 5 1 2 4 3 0 0 4 1 4 5 5 2
1461 1467 0 3 5 0 5 2 5 2 1 0 2 2 1 5
2089 2092 2 1 4 3 5 3 2 3 0 3 5 5 4 1
2115 2121 1 4 0 2 2 3 0 2 0 2 4 0 1 5
5267 5275 3 4 4 5 3 5 0 5 2 0 1 0 4 1
7056 7067 1 1 2 2 0 0 5 1 0 2 0 4 0 4
5113 5113 0 4 3 2 1 1 0 4 2 5 0 4 2 0
7039 7045 1 4 1 2 0 0 3 5 4 4 0 0 3 0
1510 1533 2 0 4 0 0 0 0 0 0 0 2 4 0 2
4228 4232 0 2 4 5 5 5 3 4 2 1 1 0 5 3
6055 6063 2 4 3 2 3 5 1 0 3 3 0 1 3 5
6933 6933 0 0 5 4 1 1 4 0 5 0 5 5 0 1
4879 4888 3 3 5 2 0 3 5 5 4 2 4 0 4 1
72 7767 0 2 2 2 2 1 1 5 0 2 3 2 1 4
7374 7381 2 2 1 0 2 1 4 4 2 3 5 4 4 4
1981 1988 0 5 5 5 5 0 0 0 0 2 4 2 3 5
2782 2799 1 3 2 2 1 0 1 2 3 5 3 1 4 1
6553 6994 4 3 5 3 1 4 2 2 3 1 3 0 5 3
493 497 5 5 0 3 0 2 3 0 1 4 4 3 1 0
209 217 2 3 2 2 3 1 4 4 0 5 0 4 4 2
4722 4724 0 3 2 2 4 4 5 0 4 3 1 1 3 4
38 332 5 2 1 5 5 1 0 5 4 5 0 3 3 3
833 842 1 1 4 3 4 1 0 0 0 0 2 4 1 3
5797 5798 5 5 1 1 5 4 3 5 5 1 3 4 3 2
7541 7543 2 2 0 4 4 1 4 1 3 3 0 3 1 4
2067 3380 2 0 4 0 0 0 4 0 0 2 0 2 2 2
1862 1862 3 3 0 3 0 0 3 3 0 3 0 3 0 0
5611 5619 2 1 3 4 3 5 3 3 1 4 1 5 4 0
4578 4584 5 1 5 5 1 5 1 0 3 0 5 2 4 0
6413 6418 0 5 4 3 3 1 4 3 2 2 5 3 4 4
5354 5365 4 3 3 5 4 3 1 5 0 5 4 4 5 1
250 262 4 0 4 5 5 5 3 1 1 3 4 0 4 4
1912 1939 1 3 3 2 1 3 2 1 3 0 4 3 3 1
4911 6484 3 4 3 3 1 1 5 1 5 2 0 4 5 5
7476 7476 5 2 2 2 3 3 0 2 1 1 0 4 0 2
5218 5228 0 5 5 4 2 5 0 0 2 2 4 1 3 1
3313 3338 2 0 4 2 4 0 4 0 4 4 2 4 2 0
4970 4977 1 1 3 3 3 3 4 2 4 1 2 3 5 1
3736 3736 3 2 0 1 0 2 2 0 2 1 0 1 1 3
153 163 2 1 4 1 5 2 4 4 2 3 5 2 5 0
4607 4617 3 2 1 0 0 5 3 0 1 0 1 2 2 4
7327 7327 5 1 5 0 1 0 1 3 1 0 0 1 2 4
7359 7359 4 0 2 0 0 2 0 0 2 4 4 4 0 4
5526 5528 3 0 0 3 0 3 0 3 3 3 3 0 3 0
1423 1432 2 3 3 5 5 0 5 0 2 4 2 5 3 5
3270 7140 2 4 0 2 0 4 2 2 4 1 0 5 3 2
4821 4821 1 4 1 0 5 1 0 0 0 2 1 2 0 4
97 109 3 4 1 4 0 0 1 4 4 0 5 4 3 4
191 218 1 2 2 5 3 5 0 1 5 0 1 1 4 2
6823 6825 2 5 3 1 1 2 0 4 0 4 4 4 1 2
1058 1058 4 4 2 5 0 3 4 2 3 5 1 4 5 2
893 902 2 1 3 5 4 1 5 1 4 5 0 4 0 3
7052 7060 3 4 1 3 0 3 3 5 2 2 5 2 3 5
4195 4200 1 5 5 5 1 2 3 5 3 1 5 1 0 2
85 85 0 0 0 0 0 0 0 0 0 0 0 0 0 0
6808 6808 3 5 0 5 2 1 1 3 3 5 1 4 3 5
7446 7455 5 2 0 5 5 0 2 1 2 2 3 5 5 0
2256 2300 1 2 3 0 2 4 4 5 0 0 4 3 3 5
1740 1740 0 2 3 2 0 4 3 5 2 3 4 4 3 0
4131 4135 4 1 4 1 5 5 0 0 5 1 2 1 3 1
4372 4374 2 2 4 5 4 1 3 3 3 3 1 2 5 1
1775 7633 2 1 1 2 0 2 0 2 4 1 5 2 1 5
6670 6670 4 0 4 2 4 2 0 2 0 4 4 2 0 2
7510 7517 1 4 2 3 0 3 3 4 4 0 4 3 5 5
5994 5994 0 4 5 4 3 0 1 5 3 4 4 4 1 0
7376 7378 1 4 3 4 1 1 2 1 5 1 0 3 4 2
4216 4220 1 5 3 2 0 1 1 1 1 0 2 0 2 1
4946 4949 5 3 3 4 3 1 5 5 0 3 4 2 0 0
2560 2561 2 5 0 2 5 1 1 3 4 2 4 3 3 0
2926 4956 2 4 0 4 0 2 0 0 2 0 0 2 4 0
6910 6916 4 5 2 2 4 5 2 1 0 5 3 0 3 2
5062 5069 2 5 5 2 1 2 4 3 4 5 3 5 0 2
6163 6172 2 5 2 5 3 3 4 5 5 0 5 0 1 2
5229 5237 4 5 2 0 2 0 2 3 1 0 2 1 0 3
6344 6344 2 1 5 3 3 0 3 1 4 2 0 4 1 3
4753 4755 2 2 3 2 4 1 0 4 2 4 1 5 3 0
5559 5584 4 5 0 1 2 2 5 5 3 4 4 1 2 0
5608 7933 0 5 0 2 4 2 4 2 0 1 5 3 1 4
3686 3695 0 2 2 4 2 0 3 0 2 3 1 4 3 4
1891 1902 3 4 2 4 4 1 5 5 1 5 1 1 3 0
7122 7122 0 0 0 0 0 0 0 0 0 0 0 0 0 0
1447 2237 3 1 3 4 0 1 0 5 5 1 3 1 4 1
1635 1635 4 1 4 3 0 3 2 3 2 0 4 0 2 4
2150 2155 1 5 1 2 4 0 4 0 0 2 2 3 2 0
6225 6238 3 5 4 1 0 4 2 1 3 0 2 1 1 3
381 4937 5 3 0 5 0 1 2 3 3 2 0 4 3 2
4361 4362 1 0 5 0 2 2 2 2 5 2 5 5 5 5
3472 3478 1 1 0 1 3 0 1 4 1 5 4 5 4 5
4472 4493 2 5 2 3 2 0 5 4 2 5 4 5 1 3
1960 3966 5 1 3 3 0 3 3 4 0 2 3 3 5 3
6602 6606 4 1 1 5 2 0 1 1 2 1 2 1 0 3
6208 6218 4 0 0 3 4 2 2 5 5 5 0 0 3 0
2295 2297 3 0 0 4 5 5 2 3 2 2 1 5 5 1
5838 6099 5 1 3 3 4 2 5 0 1 3 3 0 5 2
4067 4067 2 2 0 0 4 0 0 4 2 0 2 4 0 0
1686 1689 1 5 4 4 1 3 5 1 2 1 5 5 4 1
5055 5067 2 2 4 4 2 4 4 0 4 0 0 2 2 2
7668 7670 2 2 2 4 5 3 5 1 2 3 3 2 5 4
4696 4698 3 0 2 2 0 5 0 4 0 1 3 2 5 5
2936 2936 0 2 4 3 0 2 4 0 2 2 1 4 0 4
5037 5049 1 0 4 3 2 0 0 2 2 5 4 5 2 2
424 588 3 5 0 4 5 1 2 2 5 5 4 1 0 5
3820 3825 5 5 4 1 0 5 2 0 0 2 2 2 3 4
2275 2275 0 0 0 0 0 0 0 0 0 0 0 0 0 0
4912 4923 4 4 5 5 0 1 2 1 2 5 4 1 0 4
430 3796 3 3 3 3 3 0 3 0 3 3 0 0 3 0
1400 1410 4 1 2 1 4 3 5 5 4 2 3 3 1 1
4388 4390 5 0 5 2 2 1 0 4 1 4 5 0 0 2
5140 5151 1 5 2 2 1 0 4 1 5 3 3 1 5 2
2335 2345 3 3 3 4 4 2 5 5 2 0 4 1 4 4
155 165 4 4 5 3 5 0 2 2 0 1 2 5 2 2
519 524 2 5 2 2 0 4 0 1 5 0 0 3 5 5
3555 3556 4 2 4 0 2 4 2 2 4 4 0 0 4 0
5693 5695 3 0 0 4 1 3 5 0 3 5 4 5 3 0
1799 1799 0 0 0 0 0 0 0 0 0 0 0 0 0 0
7170 7171 2 0 0 0 2 2 2 4 2 4 4 4 4 0
1143 1152 5 4 5 3 1 4 1 2 1 1 3 2 5 2
5321 5413 1 4 1 0 5 4 5 0 0 4 1 2 4 2
5114 5123 2 5 1 2 0 4 0 2 2 3 1 2 2 3
7011 7011 4 4 4 2 5 2 1 4 0 0 1 3 3 4
385 405 4 4 1 3 3 5 1 1 2 3 0 0 3 3
120 131 5 5 2 1 3 1 0 5 3 1 5 1 3 4
4478 4478 3 3 3 0 0 0 3 0 3 3 0 0 0 3
1155 1163 4 0 4 2 4 2 4 4 2 2 4 4 0 2
1828 1831 5 3 1 0 5 5 4 4 0 1 3 4 4 5
3773 4471 3 0 0 1 4 1 5 5 0 4 3 2 1 0
425 425 1 4 3 3 5 0 3 3 5 4 4 3 1 2
7406 7413 5 3 4 1 4 1 1 5 2 5 2 2 0 5
5370 5384 5 3 4 1 4 4 4 4 1 4 5 1 3 2
6691 7673 2 4 4 0 4 4 2 0 2 4 0 4 2 0
374 374 4 0 2 0 2 0 2 0 0 4 4 4 2 4
5166 5175 0 2 4 2 4 5 1 4 2 1 0 4 0 4
4069 4075 5 5 4 2 3 2 5 0 0 2 3 5 3 1
2754 2763 0 2 4 4 3 1 1 4 1 3 4 2 1 0
3733 3734 1 4 4 3 2 3 2 5 5 2 5 3 2 1
6743 6750 3 2 1 4 2 0 4 3 2 3 0 0 1 0
7869 7879 1 3 0 0 0 3 4 4 1 3 3 3 1 2
2735 5487 2 5 2 3 2 3 1 4 2 0 2 5 1 3
2625 2632 0 0 5 2 3 0 0 2 5 0 1 2 0 1
7593 7605 1 5 4 2 1 2 1 0 5 0 3 0 5 4
2398 2399 1 5 5 1 4 0 3 0 0 1 4 4 1 1
2852 2863 2 4 0 5 5 2 4 1 4 4 2 1 2 5
3130 3130 2 4 4 2 4 0 0 4 0 0 0 0 2 2
5365 5377 3 4 0 3 2 1 0 4 4 4 4 0 4 4
3036 3057 0 3 2 5 5 0 0 4 4 0 2 2 3 4
1038 1046 1 3 2 1 2 1 2 3 2 1 5 2 4 0
2891 2902 0 5 0 3 0 5 5 3 3 1 1 2 3 0
4751 4759 2 5 3 4 4 2 3 5 2 3 2 5 2 5
133 142 1 1 3 4 2 3 4 2 5 4 5 0 5 4
1792 1804 4 4 3 4 3 3 2 3 2 1 3 0 0 3
1018 1019 3 3 4 3 2 2 4 1 3 5 2 3 1 0
6516 6522 0 3 3 4 1 4 5 5 0 1 5 2 3 5
7092 7095 5 0 3 4 0 3 5 1 4 4 5 3 1 5
3251 5648 2 1 0 4 2 4 3 4 3 1 5 4 1 1
973 984 1 5 3 2 4 1 4 0 4 4 0 3 2 3
3328 3328 0 0 0 0 0 0 0 0 0 0 0 0 0 0
7243 7251 3 4 1 5 2 4 3 2 0 3 3 2 2 4
504 2683 3 0 5 0 5 3 2 4 2 0 2 3 4 4
5209 5209 5 3 2 5 0 3 5 4 3 2 4 3 2 3
6781 6787 0 0 3 5 2 5 2 3 0 2 4 2 1 2
6950 6951 3 0 0 3 4 1 5 1 2 2 5 5 0 1
7001 7005 5 5 4 5 3 4 2 2 3 4 0 1 3 4
6900 6900 0 1 0 5 2 2 0 0 4 2 5 0 4 2
5557 5560 0 4 2 0 2 4 4 4 2 0 2 2 0 0
258 258 0 2 2 4 0 2 2 0 4 2 0 0 4 4
1612 4651 3 5 2 4 1 1 2 2 3 4 0 3 3 1
3458 3470 2 0 0 0 4 3 3 1 5 5 0 4 2 0
6681 6692 5 2 1 1 4 0 5 5 3 2 3 3 5 4
4830 4836 0 4 1 0 5 3 5 5 2 1 2 0 0 0
4084 4088 3 3 1 0 4 1 4 0 0 5 1 5 4 2
6051 6055 1 0 3 5 4 0 5 0 5 1 2 0 4 0
7288 7301 4 2 1 0 4 1 1 2 0 5 5 4 5 2
6819 6843 2 0 5 5 0 5 3 0 4 2 4 5 4 1
7939 7946 4 5 5 4 4 0 2 1 2 5 3 1 3 3
1128 1128 3 3 3 3 0 3 0 0 3 0 3 0 0 0
3655 3663 4 2 0 0 2 0 4 2 0 0 4 0 2 4
5517 5529 3 5 1 1 1 0 5 4 2 3 5 3 2 1
3491 5032 5 4 3 2 1 2 2 1 3 3 1 3 5 1
7776 7788 1 3 0 4 4 4 5 3 0 3 2 1 4 3
6124 6137 0 2 2 0 0 2 4 0 0 0 0 4 2 2
2483 2491 1 4 3 0 4 1 2 2 3 5 5 0 0 0
101 5753 0 3 5 4 0 3 4 0 2 3 5 0 5 0
5212 5213 1 2 1 2 3 1 5 1 4 4 4 2 3 3
3239 3246 4 0 4 0 4 4 3 3 2 4 4 2 4 3
3455 3478 3 5 3 4 1 4 5 1 2 2 1 5 1 3
5900 5903 4 1 0 4 5 4 0 3 2 1 1 2 3 4
4919 4919 0 0 0 0 0 0 0 0 0 0 0 0 0 0
7952 7952 1 4 0 5 3 4 5 1 1 4 3 1 4 5
7682 7692 4 0 0 2 2 2 0 0 2 4 4 2 4 2
6101 6105 5 2 2 5 2 0 4 2 5 3 5 3 1 2
5838 5838 0 0 0 0 0 0 3 3 3 3 3 0 0 3
18 27 0 0 2 0 4 0 4 2 4 0 2 2 0 4
5811 5826 0 0 0 3 0 5 3 3 3 2 3 3 3 2
7615 7909 5 0 3 1 3 3 0 1 4 0 5 2 2 4
1699 1705 5 2 0 0 5 3 2 0 3 5 3 5 5 2
4153 4161 2 1 0 0 2 0 0 2 3 3 3 5 3 3
5239 5248 3 5 2 3 5 4 2 5 3 4 1 0 3 2
2470 2474 3 3 1 3 4 5 3 3 0 4 5 3 2 3
6056 6062 2 1 3 4 2 3 0 2 0 4 2 4 0 0
6615 6617 3 1 0 4 5 0 1 4 2 4 4 5 3 0
6546 6548 4 2 5 3 5 0 1 5 0 2 1 2 0 5
93 652 2 0 1 1 4 2 2 0 0 0 1 2 0 3
7599 7599 3 3 4 5 2 3 4 3 0 4 3 1 5 0
5365 5369 5 0 3 2 4 2 2 4 3 5 0 3 5 0
7027 7034 0 4 5 5 1 2 1 3 5 3 0 5 3 1
5973 5982 4 5 3 1 0 1 5 5 2 5 0 0 5 5
3886 3886 0 0 4 0 0 4 0 0 2 4 2 4 2 2
4734 4740 1 0 0 2 2 5 1 1 0 5 3 3 4 0
2133 2141 4 5 5 4 4 0 4 3 3 3 2 3 4 0
1978 1988 5 2 2 2 5 1 3 3 4 0 5 2 1 3
7054 7062 4 4 2 2 5 5 3 2 3 4 5 2 0 3
461 473 3 5 5 1 3 4 0 3 4 1 3 0 3 4
6176 6178 0 0 2 0 0 0 3 3 0 3 4 0 3 4
78 179 0 4 1 1 0 5 2 4 5 0 2 3 5 1
6339 6339 0 2 2 2 4 2 4 0 4 0 2 0 2 2
5391 5400 5 1 4 2 1 2 5 3 3 1 5 0 3 3
5949 5963 1 5 2 1 5 1 3 1 4 3 1 0 4 5
601 609 2 2 1 2 2 3 3 4 4 1 1 0 5 5
426 430 3 2 5 5 2 4 2 1 4 0 4 1 3 3
1360 1362 0 3 0 2 0 5 3 3 2 4 5 3 0 3
7919 7925 5 1 2 4 4 5 1 4 2 3 5 0 5 5
3974 3984 0 3 3 0 3 4 1 2 4 3 0 3 0 1
6127 6135 4 2 5 1 3 1 5 5 4 3 2 0 4 1
1970 1977 2 3 3 5 4 3 0 0 0 5 0 1 5 4
1884 1891 0 0 5 3 2 2 3 2 0 4 2 2 5 2
4615 5485 0 3 2 2 1 0 4 4 5 5 1 0 1 4
7622 7629 0 1 2 4 3 3 0 1 4 0 4 3 4 2
2849 2860 0 2 3 1 5 0 1 0 4 5 4 5 0 1
2767 2781 3 3 3 4 3 3 1 1 3 4 1 5 3 1
1203 1953 3 4 5 5 1 2 1 3 2 4 0 2 5 2
6134 6134 2 4 4 2 2 2 2 0 0 2 0 0 2 0
7028 7039 2 5 3 4 1 0 2 2 0 0 3 0 5 1
453 458 1 2 3 5 0 4 3 0 3 4 2 5 3 2
7290 7302 1 4 0 4 0 1 0 4 3 1 2 2 0 2
6559 6559 0 0 0 0 0 0 0 0 0 0 0 0 0 0
6008 6012 1 5 1 5 3 4 2 1 2 5 5 3 4 0
6398 6423 2 1 1 1 2 4 4 5 3 2 1 3 3 1
5613 5623 2 1 1 3 1 1 5 2 1 1 3 1 0 0
646 654 2 3 4 0 0 4 5 5 5 2 5 1 5 0
6300 6303 0 0 3 2 2 4 3 4 4 0 2 4 4 3
5793 5805 0 4 4 1 1 0 2 4 3 0 5 4 4 0
3948 3953 1 3 1 2 2 1 0 2 0 5 5 1 4 5
7329 7338 3 0 5 4 4 1 5 2 0 1 3 5 4 2
5772 5777 3 1 4 0 0 3 0 4 4 4 0 3 3 3
5413 5413 2 2 2 2 4 4 4 4 0 4 2 0 4 2
3336 5324 0 1 0 4 4 3 4 1 2 3 5 5 1 5
2939 2940 3 0 3 4 2 1 1 4 1 1 1 1 1 2
707 720 5 4 3 2 4 1 2 0 4 2 2 1 4 0
6142 6142 5 3 5 2 1 0 0 0 2 1 5 2 5 5
3976 3988 1 3 4 0 4 0 2 5 4 1 4 0 1 5
621 621 0 0 0 0 0 0 0 0 0 0 0 0 0 0
4925 4925 2 2 2 2 5 4 2 5 0 2 4 4 4 1
1448 1448 0 0 0 0 0 0 0 0 0 0 0 0 0 0
6610 6617 4 3 0 2 4 1 1 2 0 4 0 0 2 5
1283 1283 2 0 4 0 4 0 4 4 0 4 0 2 2 0
3047 3054 0 4 2 5 2 1 1 4 3 4 3 3 2 0
3141 3152 5 0 0 5 2 1 3 1 0 2 0 3 1 5
79 140 3 4 1 4 4 3 3 3 5 0 3 3 4 2
4938 4949 2 3 1 0 1 5 0 1 4 2 2 4 1 3
5886 5892 0 4 2 5 0 4 2 2 4 5 5 4 5 1
3284 3299 2 2 4 4 5 3 5 5 0 5 4 0 0 5
1042 1050 2 5 1 3 2 3 3 5 1 5 3 1 5 1
2341 2351 0 1 4 1 3 3 4 5 3 4 5 5 4 0
127 133 4 5 2 5 2 3 1 3 5 3 3 5 1 3
5036 5038 4 5 2 3 4 0 3 5 3 4 5 5 1 5
878 5757 3 4 5 0 0 5 3 1 1 4 1 2 2 4
3977 3977 0 0 0 0 0 0 0 0 0 0 0 0 0 0
1706 1713 0 4 0 2 5 2 2 2 2 4 4 5 4 0
7497 7504 4 5 3 2 4 1 2 0 5 3 5 3 0 3
6173 6182 5 3 3 1 1 0 3 2 3 5 2 4 0 4
2872 2872 0 0 0 0 0 0 0 0 0 0 0 0 0 0
3485 3487 5 2 3 3 1 4 0 1 1 1 0 5 0 0
479 487 4 1 4 3 5 3 5 2 2 2 3 0 2 3
3637 3641 4 3 2 3 1 4 1 3 3 2 2 1 1 5
2050 2062 1 3 4 4 5 3 2 0 1 1 4 0 5 0
6546 6549 5 4 1 4 0 1 4 1 3 1 0 3 4 3
1047 1051 4 0 3 5 5 1 3 2 1 0 3 4 5 2
4713 4724 0 2 3 3 3 1 5 3 3 4 3 5 1 0
6086 6087 4 0 4 5 4 5 2 0 2 0 2 3 3 3
7931 7931 4 3 3 0 3 2 0 5 5 2 5 4 3 5
2688 2695 4 4 2 5 1 0 1 3 0 5 3 1 2 0
5701 5701 4 3 3 1 1 3 0 2 3 1 1 2 5 3
1200 1200 0 3 3 0 3 0 0 3 3 0 3 3 0 3
3518 3525 5 3 2 5 5 1 1 1 2 5 0 0 4 3
1909 1914 5 5 2 0 2 1 5 0 2 0 0 4 3 5
7514 7517 1 1 4 3 1 3 1 3 3 2 2 4 5 0
2391 2398 3 2 5 4 5 5 2 2 0 1 0 1 2 1
730 737 5 1 2 5 0 4 1 5 3 1 0 0 2 2
4226 4235 2 3 1 4 1 4 3 5 2 2 4 2 0 2
61 3466 2 2 2 2 0 2 2 4 2 0 2 0 2 2
5532 5532 0 3 0 0 3 3 3 3 0 3 3 3 0 3
3837 3839 3 3 3 4 0 1 0 4 2 2 1 1 3 0
5295 5298 3 0 4 5 0 5 0 0 2 0 1 3 2 2
2699 6185 1 5 3 0 2 4 5 5 0 4 1 0 2 3
3956 3956 2 4 4 2 2 4 1 1 5 4 0 3 5 2
6007 6007 0 1 4 3 1 3 4 3 0 3 5 2 3 3
1697 1711 1 0 5 2 2 4 5 4 5 4 1 5 4 4
7289 7295 2 2 2 5 4 0 3 1 3 0 1 4 4 3
1538 1538 0 0 0 0 0 0 0 0 0 0 0 0 0 0
512 519 3 2 3 3 3 4 0 4 0 1 3 0 2 4
6704 6725 5 3 0 3 1 5 3 5 5 0 2 4 2 3
6686 6695 0 0 0 1 1 0 4 1 2 4 5 4 3 1
1997 1997 1 1 3 4 2 2 0 5 1 0 3 1 3 4
1328 1328 4 5 5 5 4 1 2 3 1 5 3 4 0 0
7433 7433 4 4 5 1 5 2 0 4 2 5 2 3 0 4
7619 7620 3 1 3 4 0 3 0 1 2 0 0 4 0 2
7739 7740 2 1 5 1 3 3 4 3 0 1 2 2 5 0
2272 2275 1 2 2 4 5 1 3 3 5 1 5 2 0 2
1061 1081 2 5 3 4 4 4 1 5 2 2 5 1 2 2
5669 5678 2 4 3 4 3 3 0 0 5 3 4 5 3 0
2000 2012 2 0 3 5 1 0 1 0 2 4 2 3 3 2
4099 4101 5 3 4 1 5 2 0 1 4 4 4 5 5 2
1813 1816 3 5 5 5 0 1 5 1 2 3 5 2 0 3
4523 7641 5 0 1 4 1 1 3 1 1 5 4 1 5 1
4468 4472 1 3 4 1 2 1 3 2 4 3 0 3 5 0
845 853 0 4 2 2 5 0 0 5 1 1 3 1 2 3
3509 3520 5 2 1 0 2 4 3 0 5 0 4 1 4 3
2997 3388 5 3 4 4 5 0 4 0 5 0 5 5 3 3
7927 7927 0 0 0 3 3 3 0 0 0 3 0 3 0 0
6544 6546 0 4 2 0 4 2 2 4 0 4 4 0 4 2
6031 6049 2 4 2 0 1 1 4 0 2 2 3 4 1 3
1173 3824 4 4 1 4 2 5 0 4 3 2 5 5 5 0
17 21 3 2 0 0 0 5 0 2 5 1 2 0 1 3
1121 1132 2 0 5 2 1 1 4 0 2 3 3 2 4 5
2700 2724 1 2 3 0 2 4 3 2 1 5 3 2 2 2
1951 1963 4 5 3 3 3 2 3 0 5 5 4 2 5 4
6098 6098 0 3 3 3 0 3 0 3 0 0 3 0 3 3
5335 5345 1 3 4 0 0 3 0 0 1 5 4 2 3 2
304 304 2 0 2 2 4 0 2 1 4 0 4 0 0 3
1838 2684 5 0 1 0 4 0 4 4 1 2 3 4 4 5
6825 6830 1 2 1 2 5 1 4 5 3 3 1 3 2 4
7721 7724 3 3 0 0 0 0 3 3 3 3 3 0 3 3
496 499 3 2 2 5 0 1 4 4 1 3 4 2 5 3
7225 7225 1 0 2 4 4 5 4 0 4 2 3 2 1 0
7937 7937 3 0 0 0 0 0 3 0 0 3 3 0 3 3
4528 4539 2 1 0 3 0 0 4 0 1 0 1 1 2 4
7865 7869 3 1 2 0 4 0 1 3 3 3 3 3 2 5
6195 6196 0 1 5 0 3 0 1 4 3 4 1 2 2 5
6818 6818 4 1 2 2 2 3 5 2 2 4 4 2 5 0
7000 7012 4 1 5 4 5 4 2 0 0 0 3 0 1 5
5593 5605 3 0 0 1 2 5 0 2 3 0 2 0 0 0
2783 6396 4 0 2 4 1 2 0 0 1 0 1 0 0 1
2073 2076 3 0 4 0 4 1 3 0 5 1 5 4 3 5
2651 2662 2 2 5 1 1 3 1 5 2 3 3 5 4 5
3308 3311 0 0 3 5 4 5 5 0 5 3 2 2 4 0
3991 3994 5 1 3 5 5 4 1 1 4 2 1 4 5 0
510 510 0 3 3 3 0 3 3 3 0 0 3 3 3 3
5569 5570 0 3 3 0 0 0 3 0 3 0 0 0 0 0
2492 2505 2 2 5 3 5 3 2 4 1 0 1 5 5 0
481 491 4 1 5 1 4 0 4 5 1 5 3 3 2 1
5838 5838 0 0 0 0 0 0 0 0 0 0 0 0 0 0
2375 2376 2 2 0 2 2 2 4 0 0 4 4 2 2 4
1755 1767 0 3 3 4 5 0 1 5 3 2 1 0 4 1
94 196 4 0 2 2 3 3 4 5 2 1 4 0 3 2
814 821 2 3 4 5 1 1 4 4 1 0 3 4 4 1
7111 7121 5 4 1 4 5 1 1 3 5 5 1 0 5 1
7737 7747 0 1 3 0 2 4 3 0 1 0 1 5 3 0
6980 6989 1 2 5 2 1 4 3 4 4 1 2 2 5 2
1903 1905 5 0 2 3 4 1 0 3 0 2 4 4 4 5
7467 7479 5 2 1 0 2 3 4 1 4 3 2 4 1 4
1804 1812 4 5 2 5 3 1 4 3 0 1 2 5 0 3
1824 1830 1 5 1 1 0 0 1 0 1 0 2 2 1 2
6814 6822 3 2 2 4 0 5 2 0 5 0 3 3 3 4
5356 5358 1 4 0 5 4 1 2 1 4 0 3 2 4 5
7533 7542 4 2 3 2 3 5 4 1 5 4 2 4 5 1
5315 5321 3 1 0 4 3 3 3 4 2 4 0 4 1 2
173 183 3 1 2 4 0 4 3 5 3 2 3 0 4 3
5084 5087 5 0 4 3 3 4 2 1 4 4 2 0 1 5
1033 1034 0 0 4 1 4 1 3 1 5 3 1 5 1 4
3596 3598 3 5 5 1 5 4 2 1 1 5 4 3 2 1
2431 2431 0 2 0 0 0 2 2 4 4 2 0 2 4 4
1774 1775 5 1 1 5 1 4 1 4 1 4 4 5 5 0
4714 4716 1 4 1 0 4 1 4 3 1 1 0 1 0 1
3389 3399 4 2 3 0 3 2 1 0 3 4 1 2 3 3
19 19 4 0 4 0 2 4 4 4 4 2 2 2 0 2
1278 1289 2 4 1 4 0 3 5 0 0 5 5 4 0 4
3304 3309 3 4 5 5 3 0 4 2 2 1 4 2 1 4
145 2134 0 5 5 4 4 3 0 3 3 4 3 4 1 5
3908 3908 3 3 3 3 0 0 3 0 0 0 0 3 0 0
5154 5158 5 5 1 0 0 2 3 4 1 4 3 0 1 2
6504 6505 2 4 0 0 0 2 2 0 2 4 0 2 0 0
250 2815 2 4 2 0 0 0 4 2 0 0 4 2 0 0
5182 5194 2 1 0 4 2 4 0 1 1 4 0 0 5 3
2845 2855 0 0 2 2 2 0 5 0 2 4 3 5 2 5
5395 5407 4 4 2 2 4 4 1 0 4 1 2 3 5 4
1176 6328 4 0 0 0 4 0 2 2 4 4 2 2 2 4
1210 1210 2 4 0 0 4 2 4 4 2 4 0 4 4 0
3187 3187 3 1 0 2 4 2 5 4 5 0 2 0 0 2
1927 1944 3 2 4 2 2 3 4 2 1 4 5 3 4 5
591 1899 2 0 0 4 0 4 3 0 5 0 0 2 2 2
7017 7021 5 4 0 0 3 1 0 4 1 1 3 1 3 1
4498 4509 4 3 5 1 4 1 2 3 3 0 2 1 0 5
428 441 1 1 0 4 5 4 5 2 2 0 4 3 1 0
1625 5230 3 5 1 3 5 4 3 4 3 4 4 4 5 0
1648 1651 4 4 3 5 4 5 4 4 5 3 1 2 0 0
734 743 0 5 4 5 2 0 3 5 5 3 2 2 5 3
6347 6352 1 2 5 0 5 0 5 4 1 4 3 5 5 0
6768 6770 1 1 3 0 0 4 3 0 1 3 4 0 5 1
2796 2796 2 0 4 4 1 1 1 5 1 3 4 4 1 1
1233 1235 0 2 4 2 4 4 0 4 2 0 0 2 2 4
3472 3484 2 4 2 4 0 1 2 1 5 0 5 4 1 1
3388 3394 3 4 5 2 1 4 2 2 3 3 5 1 2 1
264 264 3 3 0 3 0 0 0 3 0 3 3 3 0 0
3608 3610 0 3 3 0 5 3 3 2 0 0 5 5 3 5
1967 1975 5 5 5 0 0 0 2 4 5 3 2 5 1 0
1198 3307 1 4 5 4 4 1 2 1 1 5 3 4 0 0
3640 3640 3 4 5 3 4 0 3 3 3 3 1 4 4 0
3013 3016 2 4 3 5 5 0 0 3 2 3 5 4 1 4
1241 1252 4 3 5 4 5 2 2 1 5 2 0 1 0 5
1082 1091 4 4 3 4 4 1 4 4 0 0 2 3 3 3
4952 4952 2 2 4 4 4 0 2 2 2 2 4 2 2 2
1241 1254 3 5 5 2 4 3 3 0 4 4 3 1 1 2
4600 4610 3 5 1 5 5 0 5 4 5 2 0 0 0 4
1867 1877 4 2 2 4 4 0 0 3 5 0 5 3 4 5
1836 1837 2 5 2 3 2 3 2 0 0 0 3 2 0 4
5526 5534 0 5 1 2 0 0 3 3 4 3 1 4 0 5
5949 5964 5 0 1 2 2 2 5 4 3 0 0 0 4 1
2651 2654 0 3 5 0 3 4 0 4 3 5 5 2 1 3
2802 2810 1 4 0 2 1 4 4 0 5 2 3 3 1 4
6303 6315 1 3 3 1 5 5 0 4 1 4 0 0 2 2
5719 5728 0 3 2 5 3 1 1 0 4 2 5 1 4 1
2597 5287 3 4 1 4 4 1 2 3 3 3 1 5 5 3
3769 3769 5 3 2 3 5 3 4 3 4 5 5 1 0 5
4095 4099 0 3 2 3 4 3 1 5 0 5 2 0 4 5
6882 6901 0 2 1 2 4 1 1 3 3 0 5 5 0 1
3461 5201 5 3 3 3 3 2 0 2 5 3 4 2 0 0
3563 3574 5 5 5 0 4 4 1 4 2 0 4 0 4 2
3625 3634 0 4 0 2 2 2 4 2 0 4 4 4 2 0
6746 6760 0 2 4 4 0 3 3 3 3 3 2 0 1 1
3484 3485 2 3 4 4 5 5 2 2 4 5 1 2 5 5
6113 6119 3 5 5 4 4 0 2 2 0 3 0 1 0 4
4765 4772 5 2 2 5 5 5 2 1 4 1 0 4 4 3
3646 3649 1 1 3 0 0 5 4 0 5 3 0 1 3 2
6945 6956 5 4 1 1 2 5 2 2 2 0 4 4 1 3
996 1004 3 2 4 1 4 0 5 3 1 1 2 0 1 0
343 356 1 0 3 1 3 5 1 4 4 5 5 3 5 3
5209 5210 0 2 4 4 2 4 0 0 0 0 4 4 2 4
1133 3311 4 4 5 2 4 3 2 5 4 5 1 3 1 5
6713 6713 2 2 3 5 4 0 5 0 5 4 2 5 4 5
7663 7672 4 0 1 2 1 1 5 0 0 5 2 0 1 5
5727 5734 2 1 0 4 0 2 3 1 3 2 4 0 4 1
212 223 2 0 0 1 5 5 4 0 0 2 4 1 5 3
2884 2884 2 5 5 1 4 4 1 2 0 3 0 0 2 5
3933 3935 4 0 1 3 2 4 3 5 5 5 2 2 1 4
7025 7026 0 3 5 3 1 3 0 4 4 3 0 3 1 2
6860 6860 4 5 4 2 0 0 0 3 0 3 5 4 0 5
6942 6942 5 1 2 4 4 2 3 4 1 4 3 5 3 1
6325 6330 2 4 5 3 1 0 0 1 3 5 5 5 4 5
3892 3906 4 2 0 2 5 2 5 3 3 5 1 5 2 4
2746 5868 0 0 5 3 1 4 5 3 4 2 0 3 0 4
1544 1544 0 0 0 3 3 0 3 3 3 3 3 0 0 0
2847 2856 0 5 5 4 0 1 2 4 0 4 0 1 5 1
314 318 4 5 0 2 2 2 5 1 2 4 4 4 3 5
3719 5347 0 1 0 1 5 3 5 0 5 2 3 5 2 3
5707 5707 4 4 2 0 2 0 2 0 2 2 2 2 0 0
2558 2558 3 2 0 1 5 1 3 3 4 3 2 5 5 2
4599 4618 5 3 5 5 5 2 3 2 0 1 1 0 3 3
2017 2324 0 4 2 0 2 1 0 5 1 3 1 5 0 4
7754 7754 0 5 2 2 0 2 3 1 1 1 2 5 4 3
6410 6422 0 0 4 2 2 0 0 2 4 0 2 4 2 2
451 476 4 0 3 4 2 4 3 4 2 1 4 3 0 3
3963 5438 5 2 0 1 4 3 2 0 3 5 1 4 1 4
7743 7750 2 5 1 3 2 0 1 2 0 3 3 2 3 0
636 644 5 2 5 3 1 1 3 4 0 2 3 3 4 5
5108 5120 5 0 2 0 3 3 0 0 0 2 4 2 1 0
6316 6322 1 3 0 0 0 3 0 2 3 2 3 4 2 4
3949 3959 2 2 1 4 1 3 3 1 5 4 4 0 1 5
7081 7089 1 5 5 1 4 1 2 5 3 2 0 2 2 0
897 901 4 2 5 4 5 2 0 1 1 3 5 0 5 0
3128 3140 3 4 3 4 3 4 4 3 4 2 2 2 2 5
3539 3550 1 4 1 0 0 1 5 4 3 3 2 2 0 5
2674 2679 2 0 3 2 1 1 2 5 1 2 4 1 0 2
2055 2055 3 2 2 2 0 5 2 0 0 0 1 3 0 0
1180 5152 5 4 1 0 0 2 3 4 3 0 2 4 0 1
899 903 1 5 4 0 3 0 1 5 5 3 1 1 4 1
474 475 4 2 2 4 3 0 0 2 3 5 1 4 5 5
7813 7839 3 1 3 3 5 4 5 4 4 1 1 4 5 5
2940 4060 0 0 5 1 3 0 1 3 0 4 3 5 4 3
3510 3510 0 3 0 3 0 0 0 0 0 0 3 3 3 3
3744 3745 3 5 0 2 3 2 4 3 5 5 2 3 5 1
5646 5649 5 0 4 0 2 3 0 3 3 5 4 5 4 0
960 972 2 5 0 2 5 5 1 0 5 3 5 0 2 4
7932 7932 4 4 2 4 0 4 4 2 0 2 0 4 2 4
5740 5741 3 0 0 0 3 3 0 3 3 0 0 3 3 3
2302 2309 3 4 2 3 1 3 1 1 0 3 1 0 5 1
546 5902 4 2 0 4 2 2 0 2 4 2 2 2 2 0
7274 7274 2 4 0 2 2 0 4 4 0 0 2 4 4 2
2322 2322 3 3 0 3 0 5 5 4 5 4 3 0 4 5
1624 1646 2 0 0 0 4 1 2 0 5 5 4 3 4 3
318 2064 5 5 2 0 0 1 0 4 0 1 1 3 3 2
4151 4151 0 0 0 0 0 0 0 0 0 0 0 0 0 0
3015 3023 1 4 5 1 1 1 5 0 1 1 0 3 5 4
4962 4968 2 5 2 0 0 3 5 1 4 3 2 0 2 0
7354 7366 5 2 0 3 3 3 4 4 3 1 2 1 0 3
6345 6345 0 2 0 0 0 4 2 0 4 4 4 0 2 2
6600 6603 0 5 3 2 2 3 1 4 1 3 4 0 1 0
6027 6037 3 1 2 5 3 4 4 3 2 5 4 3 2 2
2063 3685 3 2 5 1 2 0 2 3 4 1 2 0 0 0
397 403 3 2 3 1 1 5 3 3 5 3 5 0 4 4
1752 1754 4 2 2 0 2 0 2 0 4 0 0 0 2 2
6326 6335 4 0 4 3 2 3 1 5 0 2 1 0 1 0
4098 4104 5 1 3 4 3 1 0 5 0 4 3 1 2 0
3743 3745 2 3 2 5 1 0 0 1 3 3 0 5 5 4
6289 6299 2 0 1 3 4 3 4 2 4 5 0 3 5 2
7971 7985 2 2 5 0 1 0 1 5 3 2 3 0 0 1
353 2034 3 5 3 4 2 1 2 2 2 2 0 1 1 4
7995 7995 0 2 0 0 4 2 4 2 2 4 4 2 4 4
7775 7778 2 2 3 4 4 2 5 5 5 5 4 2 0 2
7457 7458 1 5 4 2 0 4 5 0 2 4 0 5 4 3
1311 4695 2 3 4 5 0 4 2 3 5 1 2 3 5 3
6947 6947 0 4 0 4 4 4 2 2 0 4 4 2 4 4
7255 7255 4 2 0 4 2 4 2 4 2 4 2 2 4 0
2592 2603 4 4 4 4 4 5 0 5 4 3 0 3 2 3
797 1543 0 0 2 0 2 0 0 4 0 4 2 4 4 4
4034 4044 3 2 5 3 4 4 1 3 0 1 5 3 4 5
3729 3729 2 4 0 1 4 0 3 4 3 5 5 3 5 3
7378 7384 3 1 5 3 0 1 0 3 0 3 3 2 3 1
947 1889 5 1 2 1 4 5 0 4 1 5 3 3 3 5
3343 3343 2 2 0 0 0 4 4 2 2 4 4 2 0 4
230 238 3 2 2 3 3 4 2 4 1 5 1 1 3 4
852 852 0 4 4 0 0 0 4 0 2 2 4 2 0 4
2048 2405 2 2 2 1 1 4 2 2 5 3 5 0 3 1
800 800 0 0 0 0 0 0 0 0 0 0 0 0 0 0
272 278 3 1 1 5 1 3 4 3 5 1 1 4 1 5
5809 5829 2 5 3 0 5 0 3 5 5 1 0 4 0 2
1105 1111 0 2 4 3 1 1 5 4 0 0 2 0 0 4
2821 2824 4 0 4 1 4 4 0 1 4 5 5 1 3 2
4205 4210 0 4 2 2 4 4 2 0 0 4 4 4 4 4
1000 1008 4 0 3 3 4 1 2 3 2 3 2 4 5 0
841 844 5 5 2 3 5 3 3 0 0 1 3 1 3 2
6846 6846 3 3 0 0 0 3 3 0 0 3 3 0 0 3
1585 1592 0 2 1 1 5 3 5 0 1 0 0 3 5 2
5339 5344 5 3 1 2 5 0 3 1 5 5 0 1 5 0
1438 4988 5 4 4 5 3 0 1 1 3 3 1 2 2 0
6248 6258 5 4 2 3 4 3 0 2 4 0 4 1 2 4
236 247 5 5 3 3 1 3 2 2 3 5 0 3 5 0
7684 7694 2 2 1 2 4 3 3 2 5 2 0 3 0 1
4618 4623 1 2 5 4 2 5 1 5 0 0 1 2 2 1
4418 4426 0 4 5 4 4 3 1 1 2 3 2 3 4 1
1671 1677 3 4 2 4 1 4 3 4 1 2 1 5 2 1
5637 5645 5 3 1 1 1 0 1 3 5 1 1 3 1 2
5175 5176 0 0 2 0 4 2 0 1 1 0 5 5 5 1
7979 7979 5 3 3 5 1 3 3 0 4 4 4 3 5 3
4684 4691 2 2 1 4 3 0 3 5 5 5 4 3 2 0
7259 7261 4 5 0 1 5 2 1 5 4 1 3 3 5 5
1768 2049 0 2 4 5 1 0 2 1 1 3 5 3 2 5
1338 1342 5 1 3 0 4 1 5 0 3 5 5 3 4 3
2471 2476 3 1 5 1 4 1 2 4 5 2 5 2 1 1
7279 7286 5 4 3 5 5 0 3 5 4 2 3 4 0 4
19 1172 2 2 5 5 4 0 2 0 2 5 1 0 5 0
6834 6836 5 5 1 0 2 3 3 2 0 1 2 4 1 4
6833 6834 1 4 4 5 1 4 0 4 1 1 1 2 0 2
7668 7677 3 0 5 5 0 3 2 3 2 2 1 3 3 0
5 11 2 2 0 0 3 3 1 3 3 1 1 5 4 0
1748 1748 2 2 4 0 0 4 4 4 2 4 2 2 2 2
1903 1915 2 0 1 5 5 4 0 5 2 1 4 5 3 2
2446 2455 2 5 1 5 5 4 4 1 4 4 3 5 4 1
3687 3690 5 1 3 4 2 0 4 3 3 5 3 4 2 4
7539 7542 2 2 0 1 1 1 5 1 4 4 3 5 5 3
922 934 0 0 3 3 3 3 0 0 0 3 0 0 3 0
5080 5084 1 3 0 4 3 4 1 2 2 2 1 0 4 2
4042 4133 1 4 3 3 0 3 2 5 0 0 3 0 3 5
4173 4173 3 0 3 0 0 3 0 0 0 0 3 0 3 0
4164 4164 4 5 0 5 2 0 4 3 4 2 5 3 4 5
3963 3967 3 1 4 1 2 3 1 3 3 5 2 0 3 3
3380 3390 3 4 0 0 3 1 1 5 3 5 2 4 1 2
5812 5812 0 0 0 0 0 0 0 0 0 0 0 0 0 0
3692 3703 2 4 3 4 5 1 3 5 5 0 1 4 3 0
6589 6614 0 2 3 0 0 1 1 0 5 3 1 2 0 1
2291 3111 4 5 3 5 3 5 5 1 4 2 2 0 1 0
510 512 0 1 0 5 1 3 4 1 3 0 5 3 0 3
3483 3494 0 1 5 2 4 0 4 2 5 3 1 1 3 3
2927 2936 1 1 3 1 0 3 2 1 0 1 0 1 3 3
6170 7014 4 4 2 2 2 5 4 3 4 3 2 5 3 3
2419 2423 2 5 4 3 4 0 5 0 1 1 3 3 5 2
211 218 2 1 0 1 1 0 4 4 3 4 3 5 0 4
977 987 3 3 0 0 2 0 3 0 5 0 5 3 4 0
4417 4418 5 5 4 3 1 3 4 2 0 1 1 0 0 0
4100 4111 5 2 1 1 5 2 5 5 0 1 0 3 5 0
994 1007 4 0 2 2 0 0 0 4 0 4 4 0 0 2
840 855 3 1 3 3 1 4 4 3 4 5 3 5 3 2
3138 4467 0 3 5 2 3 0 2 1 5 3 1 5 0 4
1033 1037 4 5 3 1 1 2 0 0 1 0 3 0 2 2
4467 4468 1 2 4 5 3 1 5 3 3 1 0 5 1 2
516 525 0 1 4 5 1 4 2 1 0 5 1 4 5 2
2455 2460 4 5 4 0 0 4 5 5 0 1 3 4 0 5
2548 2549 5 4 2 4 1 1 1 1 2 3 1 0 0 5
6241 6254 4 0 0 2 2 4 2 2 0 0 4 0 0 2
6931 6941 5 5 2 0 5 1 0 1 1 0 4 1 1 1
2217 6506 0 0 1 5 1 4 3 0 0 2 2 0 0 2
6691 6696 5 4 2 5 0 2 5 2 0 0 1 4 0 3
7172 7172 0 1 5 0 5 0 3 4 2 3 2 2 2 2
5090 5098 5 1 0 1 5 1 3 4 1 2 4 5 3 3
7986 7993 3 2 0 1 4 0 1 2 1 0 4 0 4 3
7397 7405 5 2 0 4 2 2 1 1 3 4 1 3 1 2
3134 3135 0 0 0 0 0 0 0 0 0 0 0 0 0 0
3463 3471 0 0 2 4 2 0 4 0 2 4 4 0 2 2
397 1154 4 2 0 0 4 2 0 2 4 4 4 2 2 0
6274 6277 2 2 5 5 4 3 0 2 0 0 0 2 2 1
5783 5789 3 0 3 3 3 3 3 3 0 0 3 0 0 0
4506 4512 3 5 0 5 5 3 1 2 3 0 4 3 2 0
4950 4959 1 5 0 3 0 5 1 5 0 0 5 5 1 5
2142 2142 3 2 1 5 3 0 1 1 0 4 5 0 4 0
593 601 0 2 2 5 5 5 3 3 1 5 5 3 2 0
6909 6916 0 0 5 5 5 5 3 1 3 5 5 4 1 2
2937 5155 3 3 5 0 3 2 1 3 0 0 0 4 4 5
3587 3595 3 1 5 0 4 0 3 0 1 1 5 2 1 2
4986 4994 5 3 3 4 5 1 2 4 5 2 0 3 3 0
4703 4709 5 4 2 1 1 0 0 3 0 4 3 5 1 1
1437 4999 0 0 2 4 3 4 2 1 5 1 4 2 2 4
3039 3047 5 3 3 4 1 4 1 5 5 5 3 1 3 5
7184 7196 0 0 5 0 3 1 0 2 3 2 5 5 2 0
864 874 1 4 3 2 1 3 4 2 3 5 0 1 2 5
75 81 2 2 4 4 0 1 4 4 4 1 1 4 0 2
3413 3423 3 3 5 2 2 3 2 5 3 4 4 1 0 5
5025 5036 1 0 4 2 3 3 0 0 1 3 0 4 3 4
885 900 0 1 0 1 0 0 2 0 3 1 0 0 1 2
140 780 1 4 2 0 2 4 0 1 0 1 3 2 4 2
3853 3858 0 4 4 3 0 4 2 5 3 0 0 3 2 1
6590 6602 2 5 3 5 2 2 3 0 5 2 4 5 1 3
3442 3449 4 3 3 1 3 5 2 0 2 3 2 5 0 2
1257 1259 1 1 5 4 2 2 1 5 5 2 5 5 1 3
4299 4299 0 0 0 0 0 0 0 0 0 0 0 0 0 0
2386 2397 0 0 3 0 5 4 2 1 3 1 2 4 1 5
3734 3744 1 1 0 0 5 2 0 4 2 3 5 1 0 2
1031 1032 2 3 3 5 4 4 3 5 2 4 3 5 0 2
4043 4047 5 2 1 2 3 2 5 3 1 4 1 2 2 0
4953 4966 2 2 1 3 5 3 2 5 1 0 2 5 2 3
7911 7934 4 3 0 5 2 3 4 2 4 0 5 2 1 2
900 6595 1 1 4 5 4 1 0 5 0 3 5 1 4 1
5539 5539 0 5 1 1 1 2 1 0 5 0 4 2 0 0
3637 3642 0 5 1 1 0 4 5 2 0 4 0 1 1 2
4404 4415 2 3 3 1 2 5 1 4 0 0 3 2 4 1
1456 3537 4 3 5 5 3 3 3 0 0 4 4 5 0 0
2280 2283 4 2 3 0 0 0 1 1 1 5 4 1 0 5
7111 7112 3 5 1 2 1 0 1 2 3 1 2 2 4 5
5170 5187 1 0 3 4 5 4 2 1 1 1 3 5 1 4
4697 4708 3 3 2 2 0 1 5 5 4 3 1 0 2 4
2747 2747 0 0 0 0 0 0 0 0 0 0 0 0 0 0
6375 6375 5 4 4 4 0 5 1 0 3 4 0 3 4 1
572 594 4 5 2 1 0 0 2 4 3 0 0 2 4 5
2686 4514 1 4 0 3 2 1 5 1 4 0 0 0 5 2
1621 1623 3 4 2 3 3 1 1 1 2 2 1 0 4 3
4862 4863 5 2 3 0 4 1 2 4 4 3 0 4 4 1
6671 6683 1 5 2 3 4 4 2 3 5 0 1 5 5 2
6952 6959 4 2 4 1 5 2 4 4 3 0 3 2 3 5
7434 7434 3 4 3 5 3 2 5 4 0 0 1 1 1 0
6688 6698 3 3 5 1 0 2 5 1 3 1 5 4 1 4
1559 1573 0 1 5 4 3 2 1 4 5 4 1 3 3 4
1963 1963 0 5 3 0 4 1 0 0 0 1 5 3 5 2
1817 1822 2 1 2 0 0 1 5 2 2 3 4 0 2 2
6415 6427 2 4 1 1 1 2 2 5 2 2 2 5 3 4
3599 3606 4 5 0 3 4 3 0 3 2 0 3 5 3 0
5088 5089 2 3 3 2 5 2 0 3 4 0 0 5 3 3
7001 7001 2 1 0 5 1 5 5 3 2 4 4 3 3 4
7399 7408 2 0 4 0 2 0 1 3 2 1 4 1 2 1
2976 2986 1 2 5 3 1 0 0 0 1 1 4 1 4 3
81 1593 0 1 5 2 5 1 0 2 3 5 4 2 2 4
7235 7240 5 3 1 5 3 5 0 5 4 5 0 0 1 0
7220 7224 4 4 5 2 1 4 2 3 1 0 0 2 0 4
3778 3784 5 2 1 3 0 0 0 5 1 0 3 1 4 3
1230 1844 2 4 0 3 5 2 4 4 4 5 5 1 3 1
7499 7499 0 3 2 5 1 2 5 2 1 2 0 4 2 2
5110 5116 4 4 3 3 0 0 4 2 4 0 5 4 4 0
1863 1871 4 3 3 2 0 5 2 5 3 3 3 5 5 5
456 4482 5 3 0 1 5 2 5 4 4 0 2 5 4 5
363 363 2 1 3 0 3 1 0 4 0 5 5 0 2 5
6881 6883 4 1 0 0 3 2 1 4 4 1 0 1 2 5
1745 1745 3 0 1 1 5 5 4 3 0 3 2 5 0 4
266 1522 1 5 3 0 2 0 5 4 3 4 0 3 2 2
1282 1282 0 0 2 2 2 4 4 0 2 2 4 4 2 2
524 527 1 1 3 1 2 1 4 0 0 0 0 4 3 3
2945 2964 3 2 0 0 4 3 4 0 0 4 5 3 0 1
941 945 5 0 3 4 0 3 4 4 1 2 1 3 2 4
5347 5347 0 0 0 0 0 0 0 0 0 0 0 0 0 0
2730 2733 0 3 0 0 3 3 0 3 0 0 0 3 3 3
1386 1395 2 2 1 5 2 0 0 1 4 2 2 5 1 4
2146 3539 1 1 3 0 3 3 5 1 2 5 0 1 2 2
888 888 2 0 0 4 0 4 4 2 0 4 0 0 2 4
1635 1648 0 1 1 5 2 4 0 5 2 2 3 3 3 3
1419 1419 0 0 0 0 0 0 0 0 0 0 0 0 0 0
6625 6630 1 4 1 5 0 0 2 1 1 1 1 5 1 1
5931 5937 3 2 3 2 5 1 5 4 0 4 2 2 3 4
2456 2462 4 1 2 3 2 2 0 0 1 3 0 2 1 1
441 451 4 0 5 3 0 1 3 1 5 5 1 4 2 5
1621 3467 0 4 4 4 2 2 1 1 2 1 0 5 2 2
3221 3224 1 5 4 4 5 0 5 0 0 0 5 2 0 0
3696 3701 4 0 4 1 2 1 1 4 3 1 1 5 1 4
3982 3986 2 2 3 3 4 3 1 5 0 0 2 4 5 2
7620 7626 3 4 0 1 1 0 3 5 3 4 1 0 3 3
2235 2240 5 5 0 4 0 4 4 5 0 3 1 2 2 1
1136 1147 5 3 1 3 5 0 0 3 2 3 4 1 4 2
899 902 1 2 1 1 2 4 4 0 2 2 4 4 1 3
5096 5683 0 3 0 3 0 0 0 3 0 3 0 0 0 3
679 679 4 2 2 4 4 4 2 2 0 2 2 0 0 2
3590 3591 0 2 0 1 4 0 0 5 1 1 4 0 5 1
2098 2102 4 2 2 0 4 4 0 2 2 4 0 2 0 0
4401 5464 0 5 0 3 4 2 5 4 2 5 3 3 3 2
7778 7778 0 0 3 3 3 3 0 0 0 0 3 3 0 3
4144 4154 2 0 0 2 2 2 0 4 2 0 4 0 4 0
5387 5389 4 3 5 1 0 4 2 0 2 5 0 2 2 4
1839 1840 2 3 4 3 0 5 3 1 0 3 5 4 1 5
5217 5225 4 5 4 0 5 5 0 4 5 3 1 0 3 0
7448 7449 0 0 0 3 3 0 0 0 0 0 3 3 0 0
1715 1735 1 2 5 4 4 1 4 1 2 4 2 4 1 0
1309 1533 0 0 5 3 4 0 5 0 2 3 0 1 0 1
3840 3840 5 2 5 4 0 0 3 3 4 2 2 2 3 2
1138 1148 4 0 4 2 0 0 2 4 2 2 2 4 0 0
5295 5300 3 4 3 1 2 0 5 4 5 2 2 3 0 0
2111 2112 5 2 2 0 4 4 1 3 5 4 1 2 5 4
2160 2160 0 0 0 0 0 0 0 0 0 0 0 0 0 0
3718 3720 5 1 1 4 2 0 3 2 1 1 2 5 1 1
5248 5274 2 3 3 2 5 4 2 3 0 2 5 4 4 2
4325 4332 3 0 3 4 5 2 4 2 5 1 4 2 1 4
7754 7758 5 0 4 4 1 2 1 3 1 0 5 1 4 4
4668 4671 3 0 1 1 2 1 1 1 4 2 4 1 1 2
2563 2571 3 0 4 1 5 5 1 0 2 5 3 2 5 5
1623 1634 1 3 5 2 0 4 5 3 3 1 0 4 3 4
4203 4205 1 5 1 3 0 1 4 5 4 3 4 2 4 4
761 773 5 5 2 0 5 3 4 3 1 3 0 2 3 1
6317 6323 4 5 4 3 5 0 3 5 5 0 4 3 1 2
1401 1410 5 2 3 3 3 4 2 4 2 4 1 1 2 3
4406 4411 0 2 0 3 3 0 1 5 5 3 4 2 1 5
1793 1803 5 1 3 4 5 4 1 2 4 5 3 2 5 4
4819 4830 4 0 4 5 1 1 2 0 4 0 2 5 4 0
986 986 5 4 4 4 4 2 2 1 0 1 4 5 3 5
1586 1586 0 5 2 2 5 4 5 3 1 2 2 3 3 3
3634 3635 1 5 0 0 3 0 4 5 1 1 4 2 3 0
4367 4374 3 4 3 0 3 2 2 3 2 0 3 1 1 5
179 1599 5 4 0 5 0 5 5 1 2 5 0 2 1 3
7115 7115 2 2 4 0 2 2 4 2 2 4 4 0 0 4
6963 6973 2 2 2 3 5 4 1 0 1 3 0 0 0 1
7899 7901 2 2 2 2 2 4 4 4 0 4 4 4 2 4
5056 5057 4 3 0 2 3 3 1 1 0 3 2 4 4 0
6092 6093 2 0 3 2 3 4 5 5 1 5 0 4 2 2
864 875 1 4 1 0 4 2 5 4 2 1 5 3 4 2
6816 6822 5 5 4 3 1 5 5 4 0 5 0 5 0 3
940 4227 0 0 1 5 4 5 0 1 5 3 3 2 0 2
312 312 0 4 0 4 4 4 2 2 0 2 0 4 4 4
4744 4747 0 2 4 0 0 0 2 4 4 2 4 0 0 0
4087 4087 0 0 0 0 0 0 0 0 0 0 0 0 0 0
3110 3343 0 0 3 4 0 0 2 0 0 1 5 2 3 3
5769 5769 3 0 0 0 3 0 3 0 3 0 0 0 0 0
723 735 0 1 1 1 5 5 2 2 3 1 0 2 0 5
294 298 4 0 2 4 2 2 4 2 4 4 2 0 0 4
1680 5648 2 1 4 0 4 4 4 3 2 0 2 5 3 2
2058 2063 4 4 3 5 4 5 4 1 4 0 2 2 3 1
7586 7595 4 4 0 2 3 3 1 3 4 1 2 1 5 2
5975 5975 2 0 4 4 4 2 4 4 0 2 2 2 0 4
673 679 1 2 2 5 4 3 5 0 5 0 3 2 3 5
711 719 3 0 4 5 1 1 4 4 4 2 3 0 1 5
4128 4139 0 4 1 3 1 0 3 4 4 1 3 2 2 2
2361 2367 2 3 5 0 4 3 4 4 2 2 1 5 1 3
515 974 4 0 5 2 4 3 2 5 3 5 5 5 2 5
28 32 2 3 1 1 1 3 3 5 0 1 0 5 0 4
2011 2018 3 1 1 5 5 1 5 5 1 4 0 4 2 3
1678 1697 3 4 2 0 2 2 2 4 2 0 1 1 3 0
4677 4689 4 5 1 0 2 2 1 3 1 4 4 0 4 4
5486 5492 0 0 3 4 5 4 1 5 2 3 0 1 1 1
4142 4143 0 0 0 4 4 2 0 2 2 2 4 0 2 2
2329 2342 2 0 4 4 2 3 1 3 0 0 5 2 5 4
2310 3352 4 1 4 4 5 4 2 4 5 2 1 0 4 1
6154 6156 0 0 5 1 1 2 5 1 1 2 4 4 2 2
4205 4218 0 4 4 5 0 1 1 0 5 3 3 4 3 2
3839 3842 5 3 5 4 2 1 5 2 0 2 0 2 5 0
4672 5991 5 5 4 2 1 2 2 5 5 1 2 5 1 0
1751 1760 1 2 4 5 0 3 4 0 2 3 5 2 4 3
5829 5840 4 4 4 2 1 4 2 5 1 0 3 0 3 5
2937 2945 4 2 3 4 0 0 1 2 0 1 0 1 4 3
6110 7310 2 0 4 4 2 1 2 4 3 1 2 1 0 4
6388 6399 5 1 2 0 0 0 4 0 1 3 3 0 5 0
1193 1194 0 4 5 5 0 4 2 5 0 1 3 5 2 0
6686 6691 5 4 4 3 1 2 3 2 3 4 0 2 1 2
766 6323 2 3 0 2 0 5 0 1 0 2 2 2 5 3
4546 4547 1 3 5 2 3 5 5 5 4 5 2 3 3 4
2735 2735 1 0 2 2 2 1 5 1 4 5 4 1 5 5
2986 2991 5 2 0 1 3 0 4 4 4 4 4 3 2 1
180 192 1 2 3 3 3 5 0 3 5 4 3 4 4 0
1094 1102 3 3 2 3 4 0 5 5 5 1 2 4 1 2
2329 2329 3 5 0 3 5 2 3 0 3 4 0 2 0 2
1990 1997 0 4 0 4 3 0 4 0 2 0 1 4 0 2
883 5115 1 5 2 3 1 3 1 0 0 1 0 2 3 4
7208 7208 2 2 4 2 2 0 2 2 0 0 2 0 2 0
4923 4926 3 3 1 3 1 3 0 3 0 0 4 3 4 3
4130 4134 2 1 5 0 2 3 4 0 5 4 1 0 2 2
742 754 3 1 5 4 5 4 2 0 3 4 1 5 2 5
862 862 0 2 2 3 4 5 2 4 3 4 3 5 3 4
2925 2937 2 3 3 4 4 5 3 4 2 3 0 1 3 3
3262 3273 2 2 1 3 3 3 3 4 1 4 3 0 0 5
7654 7960 1 0 0 4 2 1 5 0 4 2 3 4 4 2
5687 5699 0 3 4 2 0 0 1 0 2 5 4 4 2 3
4874 4883 3 0 5 2 1 4 0 2 0 1 2 2 1 4
4311 4316 2 0 1 2 3 3 3 3 0 2 2 1 3 0
4337 4344 0 0 3 0 3 1 2 4 3 3 3 0 5 2
882 893 2 3 4 3 4 0 4 2 1 5 2 5 1 5
6043 6056 0 3 3 5 4 1 1 2 2 1 1 1 3 5
2960 2961 5 4 3 3 3 5 1 0 2 1 5 3 0 0
3319 3330 4 1 5 4 1 3 3 3 3 2 3 2 0 1
4896 4896 2 2 2 2 1 2 1 0 3 1 2 0 3 1
6635 6641 3 1 0 3 1 1 3 3 3 2 4 4 0 3
7427 7430 1 3 2 5 1 0 2 4 0 1 1 3 2 1
2288 3526 4 5 3 4 5 0 3 5 0 3 1 5 2 4
1479 1479 0 0 0 0 3 0 0 3 0 0 3 0 3 0
4861 4863 0 1 0 1 3 5 5 2 3 3 5 2 0 0
6081 6096 0 2 1 4 2 0 3 5 2 3 1 4 2 0
4267 6920 0 2 2 4 2 2 5 1 0 0 5 4 2 2
5050 5059 1 4 5 4 2 3 3 5 3 0 2 1 0 1
5318 5324 2 3 4 4 4 1 1 2 3 4 1 0 4 5
6877 6889 1 5 2 3 3 3 5 3 3 1 2 0 0 1
7457 7467 5 5 5 2 2 3 5 1 5 4 1 4 5 1
7072 7072 3 0 0 0 3 3 0 3 0 0 0 0 0 3
7459 7469 5 1 2 3 4 4 0 5 2 2 2 4 4 0
7493 7504 5 5 2 5 5 5 3 2 0 1 1 0 1 3
1917 1924 4 3 1 4 5 5 3 3 2 0 4 4 5 0
6805 6805 0 0 0 0 0 0 0 0 0 0 0 0 0 0
6080 6080 4 4 0 0 4 2 0 4 4 2 4 2 0 2
5678 5687 5 5 4 1 4 5 5 2 1 0 4 0 5 2
5303 5313 2 1 1 0 2 3 1 0 5 5 0 4 1 3
659 659 1 0 0 5 3 5 2 0 5 2 0 4 5 3
2099 2101 0 2 0 2 0 3 1 5 5 5 3 5 4 2
2191 2192 1 2 0 5 1 5 5 2 3 3 2 4 5 5
3455 3465 3 5 3 2 2 5 4 4 5 5 1 5 5 3
3859 3870 2 3 5 1 4 1 1 0 1 5 0 1 3 0
3541 3541 0 3 5 1 1 3 4 3 0 3 3 2 5 3
714 724 3 2 2 5 1 2 4 2 3 2 2 3 0 5
4537 4537 5 3 3 2 5 4 2 2 5 5 0 2 5 5
4669 4669 3 1 4 3 2 1 0 1 0 1 1 4 0 0
3294 3295 4 4 3 0 5 3 4 0 3 2 4 1 4 1
419 427 5 0 5 1 3 4 1 0 5 2 0 4 2 0
2017 2028 0 4 5 4 0 5 1 2 4 4 4 5 5 5
2878 2884 3 0 1 2 5 3 2 3 2 5 0 3 0 2
1233 1240 5 1 3 1 0 4 3 3 3 2 5 5 5 1
7661 7663 3 5 1 1 4 5 1 5 5 2 5 1 2 0
5460 7820 0 3 5 2 1 3 0 1 3 4 4 1 5 0
2850 2850 0 0 0 0 0 0 0 0 0 0 0 0 0 0
7474 7479 3 3 4 3 4 4 0 1 4 3 3 1 4 5
4608 4608 0 5 0 4 3 4 3 2 1 5 0 3 3 4
7444 7456 0 3 5 5 2 1 0 1 1 5 4 1 2 5
6509 6511 1 5 1 3 3 0 3 5 1 2 2 1 2 4
95 101 4 2 0 4 3 5 2 0 3 3 4 0 2 4
326 328 2 0 4 4 1 5 4 5 3 1 4 3 4 4
7806 7818 0 5 3 5 5 4 4 4 0 3 4 5 1 1
2463 2468 4 4 1 4 2 0 1 5 4 1 3 4 2 4
4524 4527 5 5 4 5 0 4 2 1 0 2 3 2 0 4
1301 1304 5 0 5 0 0 4 4 2 2 5 2 2 2 5
512 2691 0 4 5 1 0 2 4 2 5 3 0 2 0 1
4661 4671 4 3 3 0 0 0 2 1 2 5 1 2 0 3
5412 5418 4 2 0 0 0 5 4 5 4 1 3 5 3 4
7879 7893 2 1 4 5 0 1 5 0 0 0 5 5 4 2
195 689 0 4 3 0 0 1 5 3 0 0 2 0 1 3
572 572 2 4 3 4 2 3 1 4 0 0 1 3 5 4
7005 7005 4 0 2 2 2 3 2 2 3 0 0 5 0 1
7301 7313 5 5 3 0 5 1 3 0 4 4 1 2 5 5
6011 6016 1 1 0 4 2 4 2 2 4 0 3 2 3 1
2320 2320 4 5 2 2 3 0 0 5 1 1 2 2 1 3
2581 2591 5 1 4 0 5 3 1 1 1 3 2 1 3 4
6381 6381 1 5 0 4 4 3 5 5 4 5 3 4 0 4
7866 7874 5 0 2 1 0 2 2 1 5 4 4 3 2 1
5207 5219 0 1 2 1 1 5 4 2 3 0 5 4 1 0
2232 2240 5 0 0 2 3 3 5 1 1 5 0 0 2 1
6868 6869 0 4 0 2 4 0 2 0 0 5 0 5 0 0
2097 2108 3 4 2 4 3 3 4 3 0 4 3 5 4 2
3082 3082 4 0 2 1 1 5 0 2 2 0 5 1 2 2
7179 7187 2 0 4 1 3 1 4 1 4 4 1 4 2 2
1377 1397 3 1 1 0 3 3 4 0 0 5 3 0 1 3
803 808 1 0 1 4 5 2 4 5 1 4 3 5 3 5
2684 2689 4 5 2 3 1 5 5 5 5 4 4 0 4 0
1839 1850 5 2 3 4 5 4 4 5 3 2 0 4 1 0
6249 6260 5 1 0 3 1 1 1 1 4 0 3 1 2 1
2226 2237 5 3 0 2 5 1 0 0 1 5 5 1 4 5
4709 4709 2 2 0 2 2 2 0 4 0 0 4 0 2 4
7040 7045 2 5 4 4 3 4 4 5 0 0 4 0 5 3
2974 2986 4 3 3 4 1 4 1 4 4 2 3 4 0 4
1165 1633 4 0 0 2 2 0 2 4 2 4 2 0 4 2
2079 2085 2 3 0 1 5 5 5 1 5 3 5 0 0 0
6537 6541 3 1 5 0 1 1 1 0 5 3 2 4 4 0
2040 2059 2 2 1 5 3 5 4 1 5 2 5 3 0 2
287 349 3 3 1 2 1 4 4 1 1 3 4 0 5 1
7926 7926 4 2 5 3 5 5 3 1 1 5 5 0 1 3
5893 5894 1 1 1 2 2 3 5 1 5 3 1 3 2 3
7387 7394 4 2 4 5 5 3 4 0 2 1 0 1 3 3
118 560 5 4 1 0 5 5 4 3 2 0 0 3 0 5
231 231 1 0 2 1 1 3 4 1 3 0 1 2 2 0
6827 6839 4 0 1 4 5 4 2 4 0 5 1 2 0 3
2194 2211 2 5 5 4 3 3 1 5 1 4 5 0 5 0
3103 5346 4 4 0 4 4 2 4 2 0 4 2 4 0 0
7543 7552 2 5 1 2 5 2 1 3 3 3 3 2 0 2
7499 7504 4 2 1 1 5 5 2 5 0 2 3 3 0 0
4750 4754 1 1 3 3 0 0 3 0 4 5 5 3 2 5
7435 7438 4 5 4 0 0 3 5 4 2 2 2 3 0 2
481 481 5 5 1 4 4 1 3 2 1 5 2 5 4 5
5582 5588 5 5 0 1 3 4 5 2 2 0 1 1 0 4
3324 3345 1 0 0 3 1 3 1 4 1 0 3 5 5 3
2768 2768 4 4 1 4 1 1 0 2 0 3 4 0 5 3
3803 3803 2 2 2 4 0 0 0 4 2 0 0 4 0 0
6321 6330 0 0 3 5 1 1 1 4 0 1 1 1 4 3
334 357 5 5 5 2 2 4 1 1 5 1 3 3 2 1
4581 7668 1 3 5 1 2 1 1 5 1 5 5 0 1 0
5929 5929 1 5 1 5 3 3 4 5 2 1 0 1 1 4
1058 1063 4 2 1 2 3 1 3 0 3 4 2 2 1 4
1530 1539 1 3 2 3 0 3 3 3 0 3 1 2 3 1
3587 3595 1 3 5 0 1 5 0 5 3 2 5 2 5 1
1539 1539 4 0 0 0 5 2 0 0 0 5 3 3 4 1
1278 1286 1 2 0 4 0 3 3 2 0 0 0 2 3 2
3182 3190 5 3 4 2 2 0 3 0 3 4 1 1 0 5
6087 6091 1 4 5 1 2 2 1 3 3 0 3 0 5 1
6662 6662 0 0 0 0 0 0 0 0 0 0 0 0 0 0
4547 4554 0 5 1 2 4 0 5 3 0 3 4 3 2 0
956 958 3 0 0 0 0 0 3 3 3 0 3 0 0 3
518 1188 0 1 0 4 2 4 3 5 4 3 5 3 3 1
5681 5681 2 4 2 0 2 4 2 4 2 0 4 0 2 2
6373 6374 1 0 0 5 4 2 3 4 3 3 3 5 5 5
5454 5458 0 1 0 1 3 5 5 3 1 2 2 0 3 3
7731 7736 3 4 2 0 5 1 1 0 3 0 1 5 4 0
2243 2243 4 3 3 5 5 3 0 0 0 3 5 3 0 4
7412 7413 2 4 4 2 0 0 4 2 4 4 2 0 2 4
4395 4398 2 5 1 5 0 1 0 2 4 4 0 2 2 5
7424 7426 5 0 3 2 5 2 0 1 1 3 3 0 4 1
3713 3713 3 0 3 5 2 4 3 3 1 2 4 4 0 5
1106 1108 4 4 4 5 1 3 1 5 2 3 1 4 0 3
5447 5459 3 1 0 3 4 2 0 3 5 2 4 5 2 4
2053 3943 3 1 5 2 1 3 1 1 3 0 0 0 5 5
4720 4720 2 3 3 5 4 2 5 4 3 2 3 2 1 3
7926 7931 1 1 0 2 4 2 3 5 1 0 0 3 3 0
773 778 4 1 2 2 5 5 4 1 4 4 2 1 3 4
211 219 5 5 1 2 4 1 3 2 0 5 4 0 1 5
798 808 5 0 0 1 5 0 5 5 5 4 4 1 2 4
6877 6882 0 1 3 5 4 2 3 3 0 1 0 2 3 1
399 409 1 0 4 4 1 1 2 5 0 3 0 5 0 5
973 7241 2 4 3 5 5 4 1 0 5 1 2 4 3 4
3648 3648 0 0 0 0 0 0 0 0 0 0 0 0 0 0
885 895 1 4 5 4 3 1 4 3 2 3 1 2 4 1
163 170 0 1 0 1 1 3 3 4 1 1 2 5 2 3
800 5494 0 3 1 3 5 1 2 3 2 0 2 3 0 2
5544 5546 3 3 4 4 2 2 3 0 0 1 0 0 4 0
1568 1574 4 1 2 1 2 1 2 1 5 3 0 5 2 5
2107 2134 5 4 2 4 2 5 3 0 5 0 2 4 4 0
2949 2960 3 4 3 5 3 3 3 3 4 3 0 0 0 3
777 777 5 0 2 1 3 2 3 2 5 4 2 5 0 2
2652 2663 0 4 0 4 0 0 3 4 4 0 5 5 2 4
2343 2368 1 2 4 5 3 3 3 5 4 1 2 4 0 5
1418 2376 2 4 3 0 2 5 0 5 1 3 1 5 3 4
2448 2448 0 2 0 2 0 0 2 4 4 4 0 2 4 2
4385 4393 3 3 2 4 3 3 4 5 2 3 3 4 4 3
1793 1798 3 2 4 1 3 4 5 1 3 2 3 5 1 2
107 114 1 5 1 5 0 3 1 2 3 5 1 3 1 1
1259 1268 4 1 1 0 4 3 5 2 5 0 2 1 3 3
3757 3767 2 3 5 3 2 5 5 3 0 1 3 4 0 3
7288 7296 2 3 3 5 4 4 2 3 4 2 5 1 0 4
598 751 2 4 4 4 2 0 2 3 2 1 5 0 5 4
5100 5110 4 3 2 0 3 1 5 4 2 0 3 1 3 5
1217 1220 1 0 0 5 4 0 2 4 4 0 1 2 2 2
3159 3162 0 1 5 3 5 3 4 3 0 1 2 2 5 4
3165 4060 1 4 1 4 1 1 3 5 3 2 2 3 5 4
204 209 0 1 0 4 3 5 2 5 1 3 2 5 0 4
2442 2451 1 2 5 1 0 5 5 5 4 1 0 3 4 3
3202 3210 2 1 2 1 0 0 1 3 2 1 4 1 1 2
359 1629 2 3 2 0 3 0 1 2 5 3 4 0 5 3
5123 5123 4 1 1 4 0 0 0 1 3 2 5 1 1 1
802 809 2 3 1 1 3 3 3 3 3 1 5 4 5 1
5216 5216 5 2 1 5 1 5 3 2 1 5 3 1 1 3
1236 2879 0 0 5 4 0 0 1 5 3 3 3 3 0 3
3090 3090 0 5 0 3 2 2 0 2 5 3 0 4 1 3
5991 6000 5 0 1 1 3 5 3 5 2 2 1 5 4 4
2202 2210 1 5 1 5 2 3 5 2 1 2 1 1 1 2
3650 4879 1 4 4 3 5 2 3 4 4 2 3 0 1 0
3473 3473 1 3 1 2 4 3 3 1 2 3 2 1 4 1
3239 3246 0 2 3 1 0 2 5 1 3 3 3 4 2 2
1381 1381 4 2 5 0 2 1 2 3 1 4 2 5 4 1
6834 6843 4 1 4 5 4 0 4 1 4 1 5 1 2 4
1594 1595 2 2 0 1 4 0 0 3 0 1 2 3 5 0
2526 2531 0 1 4 5 1 4 3 0 1 1 5 3 5 2
6880 6890 5 4 3 5 2 5 2 2 2 2 1 2 1 2
4741 7153 1 5 5 5 0 5 5 0 4 0 3 1 5 0
4276 4287 4 2 3 5 2 2 1 0 2 4 0 1 5 0
7164 7174 3 1 1 5 2 2 2 0 0 3 4 2 0 1
1680 1688 3 2 0 2 4 3 3 4 3 5 3 2 1 0
3337 3345 4 2 2 2 4 0 0 0 4 5 5 3 0 3
5197 5203 1 1 5 3 1 5 3 3 3 1 0 1 1 0
5039 5046 3 5 5 2 3 1 1 5 1 2 2 3 5 1
1694 1705 4 3 1 5 5 3 1 5 2 2 1 0 4 3
2686 2689 3 3 2 1 1 4 0 5 1 2 1 0 5 5
4579 4581 0 2 3 0 5 1 1 2 3 1 1 3 2 2
5614 5619 2 3 0 0 4 4 0 0 5 3 3 0 3 5
2861 2869 3 2 5 2 2 3 3 3 1 4 3 2 1 3
667 5000 3 1 5 2 3 4 1 2 2 1 5 3 4 2
5525 5525 3 5 1 4 5 2 1 3 4 2 0 0 1 1
3888 3890 4 0 2 0 0 4 2 0 2 0 0 4 4 2
565 584 4 0 1 1 0 1 5 4 0 4 0 2 0 3
4909 6230 5 2 3 5 0 2 1 2 4 5 0 2 1 3
4911 4918 5 1 3 5 3 4 2 5 1 1 2 1 1 2
3722 3723 2 1 4 3 4 3 4 3 5 2 4 0 4 0
5187 5194 0 1 5 4 0 5 2 1 3 2 2 1 1 5
6383 6392 4 0 3 4 1 5 1 4 4 4 4 3 4 1
5342 5342 1 1 3 4 3 4 2 5 2 2 1 5 1 3
535 540 2 0 4 0 2 2 0 0 0 2 4 0 2 0
397 416 2 2 1 5 0 1 5 1 1 5 5 3 2 5
1 1590 0 5 4 5 3 0 3 3 1 1 0 4 5 0
2269 2271 0 4 5 3 0 3 1 0 2 5 3 3 0 3
3189 3190 1 4 3 0 0 2 2 3 1 1 5 2 1 2
7705 7709 5 1 4 3 3 4 5 4 1 4 0 1 2 2
272 284 5 0 4 2 0 2 5 4 1 0 3 5 0 5
1996 1996 4 3 2 1 3 4 1 0 1 4 5 1 3 2
2992 3000 4 2 3 0 4 2 2 4 0 3 0 3 0 0
1741 1746 0 3 0 0 0 3 0 3 3 3 0 0 3 3
4997 4999 1 5 3 0 4 1 4 0 0 2 2 2 5 5
2390 2398 1 3 3 5 2 0 3 0 1 1 5 5 5 3
7025 7027 5 4 0 4 2 0 1 4 0 2 5 3 0 3
5835 5845 1 4 4 0 0 3 5 4 0 3 3 1 3 2
3231 3235 4 2 0 0 4 3 2 0 1 2 3 4 3 4
6659 6669 1 2 0 2 1 0 0 3 3 0 2 4 1 1
6332 6334 1 0 4 5 0 2 2 0 2 1 4 5 0 5
6881 6885 5 2 0 4 5 1 2 3 4 2 1 4 2 4
376 420 2 5 4 0 3 5 5 5 2 2 4 3 0 2
6409 6414 1 5 2 3 4 5 2 4 0 1 1 2 3 3
5336 5347 2 4 5 0 0 2 4 3 4 3 1 2 0 4
1763 1783 4 4 3 1 0 3 2 4 1 2 3 1 5 0
5633 6554 2 0 3 2 3 5 0 1 0 1 0 4 5 5
3627 3627 0 4 4 2 0 2 0 4 0 2 0 2 0 2
1526 1532 5 4 1 4 5 2 5 0 5 1 0 0 0 2
3895 3897 3 2 0 5 0 1 4 0 0 5 2 0 4 0
4476 4482 5 3 1 5 1 4 0 3 0 3 3 4 3 4
2123 2134 1 4 2 1 0 2 4 4 1 1 5 5 4 1
4622 4624 5 1 2 0 2 5 4 2 5 0 1 1 3 2
1414 1420 0 2 4 0 4 2 4 4 1 5 4 5 2 1
619 6038 5 4 4 0 5 3 3 2 5 0 4 4 0 2
6926 6926 2 4 4 4 4 4 4 2 2 4 2 4 4 2
2649 2653 1 2 3 5 1 0 0 2 0 4 5 4 0 1
4913 4917 0 0 0 0 0 0 0 0 0 0 0 0 0 0
684 2235 1 2 5 2 4 5 5 0 2 0 5 5 2 2
3082 3091 5 2 1 0 0 0 5 5 4 3 5 3 3 1
7170 7175 3 4 2 3 1 0 0 0 0 0 1 1 3 5
7040 7043 3 0 3 3 3 4 0 3 3 4 5 4 0 1
2845 2848 0 4 2 4 0 5 4 2 3 1 2 3 3 1
4008 4015 0 1 1 4 3 5 5 4 3 3 0 4 2 1
5164 5171 3 1 1 4 3 0 3 3 4 1 3 1 1 1
1043 1049 4 0 0 0 3 3 4 1 5 3 5 2 5 3
554 1441 3 3 2 4 2 4 0 3 3 0 1 2 3 4
1450 1450 0 4 0 4 4 2 4 0 0 2 0 2 4 4
46 48 0 2 2 0 4 2 4 0 4 2 4 0 2 4
4393 4398 2 1 2 5 4 2 0 1 0 5 5 0 0 4
1318 1323 2 2 1 0 4 1 1 2 4 4 4 3 5 3
6589 6592 5 4 4 2 1 0 1 1 1 3 1 2 3 3
1201 1208 1 5 3 0 4 2 4 4 4 1 3 0 1 0
312 315 3 5 3 3 5 5 3 2 3 0 1 2 3 2
5440 5441 2 2 3 3 4 3 1 4 0 4 4 1 0 2
4037 4044 1 1 0 3 0 5 3 2 4 3 5 5 4 4
5278 5283 2 2 3 2 4 3 3 5 0 4 1 1 0 2
3115 3140 1 2 0 3 4 3 3 5 1 1 2 2 2 5
1714 1724 0 0 4 0 2 0 4 2 5 4 5 2 2 2
6242 6252 1 3 0 0 3 5 4 3 3 4 2 1 5 3
1284 1291 4 3 1 5 4 0 3 0 4 0 5 2 0 0
7639 7663 0 4 5 3 2 0 2 2 2 1 3 5 3 2
2794 2795 0 5 5 5 3 2 5 1 2 2 0 2 2 0
171 177 4 2 0 2 3 3 0 2 4 4 4 1 5 0
6662 6675 2 2 2 0 4 2 2 0 0 2 0 4 2 4
2967 2986 5 1 0 2 3 4 1 3 2 0 0 1 2 0
6637 6673 1 5 3 3 0 5 4 1 2 4 5 3 2 1
4591 4591 4 3 1 0 3 1 2 4 1 2 2 1 0 0
6138 6146 1 3 2 2 0 4 4 1 4 4 0 4 0 3
640 651 3 5 5 5 3 4 3 1 1 0 0 5 1 3
635 1103 4 3 1 0 4 4 2 1 4 0 2 2 5 2
5575 5582 3 4 3 2 5 1 0 3 5 0 2 1 5 2
4184 4187 5 0 3 2 1 2 2 0 4 0 2 5 4 2
5935 5959 2 0 5 3 5 4 5 3 3 1 1 5 5 0
3364 3376 4 4 4 1 2 2 0 5 0 1 4 0 1 1
1425 1431 1 5 0 4 4 4 1 3 5 4 5 4 1 0
5181 5190 1 1 5 5 1 2 2 1 5 3 5 2 4 0
176 192 2 1 2 5 2 5 3 2 2 3 3 2 3 3
1329 2277 3 3 5 1 4 1 4 4 3 5 0 1 5 5
7530 7538 0 5 1 2 0 1 3 4 2 5 4 0 2 1
4686 4690 2 3 5 2 1 3 0 3 0 4 3 1 4 5
6889 6894 3 4 1 3 3 2 0 4 1 2 2 1 0 2
991 997 5 0 2 5 4 2 4 5 3 5 3 2 0 0
3868 3868 4 0 4 0 0 0 2 0 0 0 4 4 2 0
1145 1150 1 1 2 4 1 1 5 3 1 2 1 5 2 3
4164 4176 5 0 2 3 0 2 3 2 5 3 3 0 1 0
3072 3607 2 4 2 3 4 0 3 5 2 4 2 2 1 5
1793 1793 4 2 2 4 4 0 2 2 2 2 4 4 4 0
565 570 4 5 4 2 2 4 4 5 0 3 4 1 2 1
1974 1979 4 5 4 0 2 4 5 2 1 3 5 3 2 2
6654 6655 0 2 3 0 2 4 3 1 2 0 3 5 3 3
1776 1776 3 3 0 0 0 3 3 0 0 3 3 0 0 0
6915 6927 3 5 0 2 4 2 0 5 5 0 4 4 4 3
3562 3565 1 0 0 0 2 0 2 3 1 4 4 3 4 5
1980 3442 0 4 5 1 5 3 0 2 1 5 3 1 4 2
434 434 3 3 4 5 1 4 5 3 3 5 4 3 5 1
5957 5967 5 1 1 3 1 0 4 5 4 0 4 4 5 1
3019 3020 0 4 2 4 4 0 0 0 0 4 2 2 2 0
312 7412 1 0 1 5 1 0 1 1 5 0 5 0 0 5
4329 4333 1 2 1 1 1 0 3 4 2 5 5 1 0 2
5608 5615 0 1 0 2 2 5 2 4 3 1 2 2 5 3
4632 4633 2 3 2 5 1 1 0 4 2 2 2 3 2 4
2614 2614 0 5 3 4 5 5 4 1 3 0 2 0 4 0
5477 5477 5 1 0 3 3 0 2 2 3 1 5 1 0 4
1642 1651 5 5 4 5 0 1 4 4 2 3 2 3 2 4
5106 5124 2 0 3 3 0 3 5 1 1 5 5 1 2 1
1872 1914 5 4 1 2 5 4 1 0 3 2 2 1 0 2
3999 3999 0 0 0 0 0 0 0 0 0 0 0 0 0 0
4599 4611 5 4 0 0 2 2 3 1 4 0 3 4 4 1
7705 7707 5 3 5 3 0 0 2 5 2 4 5 4 5 4
2543 6176 5 2 4 1 4 1 1 4 1 0 5 0 1 0
6796 6801 5 4 0 4 5 2 5 2 1 2 2 2 3 0
58 63 2 2 0 4 3 1 5 0 5 3 4 0 4 1
5397 5402 4 2 2 4 0 2 5 0 3 4 2 1 1 0
7234 7245 2 0 0 1 4 5 5 5 3 2 2 1 1 0
790 802 3 2 5 0 5 1 3 4 5 1 5 3 3 5
5671 5673 2 0 4 3 5 5 3 4 5 4 2 5 2 4
5491 5500 1 1 1 0 3 0 4 3 5 2 3 2 4 2
5005 5011 1 4 2 1 5 3 5 3 1 4 5 2 5 3
274 274 3 3 3 0 0 3 3 0 0 0 0 3 0 3
2381 2383 3 2 0 3 4 1 5 1 5 0 3 5 3 3
4317 4341 2 1 1 4 4 5 4 5 3 5 1 1 4 1
6487 6886 5 1 0 5 4 0 3 0 1 0 4 1 0 5
5493 5493 0 4 4 0 4 4 0 0 4 2 4 4 4 2
5416 5417 2 0 3 4 1 1 3 3 0 1 2 0 1 1
1627 1637 1 2 4 0 2 0 4 0 1 3 0 4 4 2
5611 5686 3 2 4 4 2 3 4 3 4 2 3 4 2 3
4308 4320 5 0 2 1 0 4 3 3 5 3 0 3 0 5
3211 3216 4 0 2 2 4 0 2 4 4 2 4 0 0 0
4460 4462 0 3 0 3 3 0 3 0 0 0 3 0 3 0
2237 5536 0 4 5 5 3 1 2 4 3 0 3 3 3 4
101 101 2 0 0 2 1 5 4 2 5 5 4 4 2 0
1256 1258 3 1 3 1 3 1 1 2 0 0 0 5 1 1
7238 7245 5 2 5 3 5 2 2 4 3 5 4 1 4 1
5494 5502 5 0 1 1 4 3 3 2 0 3 0 4 3 3
7880 7884 2 0 3 4 0 0 1 2 5 3 0 4 2 4
4589 4598 1 1 5 2 4 2 1 0 3 1 0 3 3 2
6159 6184 2 1 3 2 0 3 4 1 0 1 2 3 4 5
228 6139 5 2 2 0 5 0 0 4 2 5 0 1 1 0
3607 3612 0 3 5 3 1 0 1 4 4 2 4 4 0 1
2680 2685 5 4 2 0 1 4 2 0 3 5 1 2 3 4
7815 7824 1 3 5 2 4 1 3 5 4 0 4 4 5 1
1756 2928 2 0 4 3 5 5 5 4 3 0 1 4 0 3
5994 6004 0 4 3 1 2 4 3 0 0 0 0 2 1 3
5357 5357 5 0 0 2 1 5 0 1 3 5 0 3 1 1
6312 6331 1 0 0 5 0 1 1 5 4 5 3 5 5 5
1115 5424 2 2 0 4 0 4 2 2 4 4 0 0 4 2
7983 7988 4 0 1 1 5 2 5 0 4 0 5 5 2 0
1146 1153 5 0 4 5 3 4 3 5 2 0 3 4 4 2
123 134 1 4 1 1 1 4 5 3 0 2 3 5 5 2
873 6172 5 2 3 1 0 0 1 3 4 1 3 5 5 4
4348 4359 0 1 4 2 4 4 3 5 1 5 2 1 2 1
1208 1219 2 4 5 5 5 2 3 4 4 3 5 4 2 0
6454 6470 1 4 0 1 1 2 0 1 4 2 4 2 4 4
2871 4662 4 2 3 5 5 3 1 0 1 5 2 3 1 5
4026 4026 1 5 0 1 5 2 2 1 3 5 2 4 3 1
3595 3598 5 2 3 2 0 0 4 1 3 3 3 0 4 1
7450 7459 0 3 3 3 2 5 1 0 0 5 1 5 0 4
155 2433 5 1 2 3 1 2 5 3 3 2 0 3 3 5
2581 2581 0 3 3 0 0 0 3 0 0 3 0 0 0 3
1522 1534 1 5 3 5 4 2 3 0 3 2 2 5 2 4
544 550 5 4 0 5 1 2 5 1 0 5 0 0 5 1
241 6964 0 1 5 2 0 2 3 3 4 5 1 5 4 3
1371 1379 3 2 3 3 0 5 3 4 0 3 5 1 2 0
5179 5190 2 4 4 3 1 5 1 1 0 0 4 0 3 0
5095 5104 0 1 3 2 4 1 5 5 2 4 0 0 4 2
2711 2718 0 1 3 1 2 0 5 5 5 5 5 1 5 2
1902 1910 3 0 5 4 3 0 2 3 5 3 5 2 5 0
1796 1804 0 3 5 2 4 1 5 2 2 4 4 2 5 4
3659 3686 0 1 1 0 2 1 1 3 0 4 4 2 2 4
276 2525 1 3 1 3 4 4 5 0 1 1 2 0 2 0
3691 3702 5 5 2 2 5 2 0 3 3 1 4 4 4 5
7412 7414 0 0 0 4 4 0 2 0 4 0 2 4 4 4
4127 4133 3 3 0 0 0 3 0 0 3 3 3 3 0 0
1277 1280 0 2 3 0 1 4 2 4 4 2 3 5 2 3
1309 1320 2 0 0 2 4 3 4 4 5 5 4 0 1 2
6441 6449 3 3 2 5 2 2 5 4 3 4 1 0 1 5
6123 6146 1 2 4 2 4 4 0 1 0 2 5 0 1 3
1815 3468 4 2 2 2 4 3 0 4 0 2 1 5 0 4
3996 4004 3 0 3 5 3 4 3 0 5 2 3 2 3 1
3056 3064 5 0 4 2 3 2 2 1 0 2 5 1 3 5
6608 6633 5 2 1 1 4 3 1 3 5 2 3 5 5 2
5443 5453 5 0 4 2 0 2 4 3 2 4 0 4 3 3
4790 4790 5 0 5 2 4 3 4 4 2 2 2 4 4 3
7742 7750 4 3 1 5 1 3 2 4 2 3 3 3 3 5
971 972 2 1 0 5 2 1 2 4 0 0 3 2 4 2
368 371 3 2 1 5 0 5 5 1 1 4 3 1 4 2
7523 7530 4 4 0 3 5 3 4 0 5 1 3 0 2 4
1870 1875 3 1 2 3 4 4 3 5 0 0 2 4 0 3
7441 7448 5 2 1 1 3 3 1 3 2 5 5 2 1 2
72 73 4 2 4 0 4 3 0 1 2 0 4 2 3 3
5429 5432 5 2 5 3 2 2 1 5 3 3 1 4 0 0
3170 3170 3 2 4 1 0 0 5 3 3 0 2 2 4 5
2928 2936 2 5 3 3 5 0 3 4 1 4 4 1 5 0
3457 5267 1 1 3 3 5 2 4 2 4 2 3 1 3 3
6965 6965 0 0 0 0 0 0 0 0 0 0 0 0 0 0
3238 3250 0 1 5 2 1 2 1 0 0 2 4 3 3 2
6216 6225 0 1 3 3 2 2 0 2 1 3 5 0 5 3
1868 4619 2 4 4 2 2 4 1 0 2 4 4 4 0 2
4642 4642 1 1 4 0 4 3 3 3 2 3 5 1 2 4
1692 1698 2 2 0 0 0 2 4 0 4 4 2 4 4 0
7444 7445 4 0 1 0 2 5 4 2 3 3 4 5 5 2
5897 7094 1 4 0 5 3 3 4 3 0 4 5 5 3 4
6739 6747 0 2 3 0 0 1 1 5 0 0 1 1 4 2
4558 4561 0 3 3 3 1 4 2 1 5 0 4 3 2 2
3111 3129 4 2 5 5 4 1 2 0 3 5 2 3 0 4
4933 4942 1 5 1 0 0 0 0 0 0 3 4 1 4 4
2763 2763 4 0 2 2 0 2 0 0 0 0 0 0 4 4
3053 3060 5 1 0 3 4 0 5 4 0 1 0 2 1 4
4671 4674 0 0 0 0 0 0 0 0 0 0 0 0 0 0
3168 3177 1 4 2 1 2 5 1 3 0 3 2 0 1 2
4922 4922 0 0 0 0 0 0 0 0 0 0 0 0 0 0
6073 6073 3 0 1 3 4 0 2 0 3 5 1 4 1 0
4884 4888 1 4 2 5 5 0 4 3 5 2 1 3 0 4
2366 2377 0 0 0 5 0 0 2 3 4 0 2 1 0 1
1752 1764 0 1 3 2 0 2 2 0 2 3 4 0 4 0
4026 4038 5 1 4 3 1 1 0 3 3 1 3 4 5 5
2620 2628 1 0 1 5 5 1 2 4 4 2 4 2 3 4
4600 4957 1 2 0 4 2 5 0 4 5 2 1 2 3 0
3580 3580 0 0 0 3 3 3 0 3 0 0 3 3 0 0
4997 5003 2 2 3 4 3 5 4 4 0 0 3 2 4 2
4704 4716 3 5 3 0 1 4 2 0 4 4 4 4 1 0
5201 7085 0 2 5 0 3 5 5 2 0 2 3 3 4 1
7004 7005 0 5 3 1 5 2 4 0 2 5 4 4 5 2
7651 7655 3 2 0 1 3 1 1 3 0 2 2 0 0 2
1694 1703 2 0 2 1 2 2 2 4 5 0 1 3 1 0
367 1556 0 1 2 5 0 1 4 2 2 1 5 4 0 2
3752 3756 4 4 1 1 4 1 3 0 5 4 3 3 2 3
1302 1315 3 1 1 1 3 5 4 1 3 1 5 5 0 2
1562 1581 1 0 5 1 0 2 0 0 0 5 5 2 1 2
5561 6656 0 5 3 1 1 5 0 1 5 5 0 0 3 3
6001 6008 4 0 4 1 0 2 4 4 5 3 1 0 1 3
2342 2342 0 3 0 0 0 0 3 3 3 3 0 0 3 0
1303 1311 4 2 5 5 5 3 3 4 4 0 2 2 3 0
648 653 0 5 3 4 3 1 0 1 0 4 3 3 5 5
4612 4612 3 2 0 0 3 1 2 4 4 0 4 2 0 4
1665 1677 1 2 5 1 3 3 5 0 1 2 5 0 5 4
2864 2871 2 0 5 0 3 1 5 0 2 5 5 2 5 2
97 7807 3 0 0 0 5 3 0 0 5 5 1 5 3 0
4563 4569 3 0 5 1 1 5 5 3 2 4 2 0 4 0
7268 7279 3 3 2 3 3 3 4 3 1 1 4 1 3 3
6466 6474 1 4 5 1 0 5 4 2 4 2 2 4 1 0
845 3374 2 0 4 5 5 3 4 2 2 4 3 3 2 2
2299 2299 1 2 4 3 5 1 3 5 2 4 2 2 5 4
6073 6083 1 2 1 5 3 1 1 1 2 5 4 3 3 0
5502 5522 0 0 5 1 3 1 5 4 0 1 3 5 5 5
966 973 2 4 5 2 2 2 1 5 1 3 0 3 2 4
5335 5335 4 4 0 0 0 4 2 0 0 0 0 0 0 2
2383 2390 4 0 3 0 5 2 4 5 5 5 2 4 2 0
3868 3870 3 4 1 2 0 5 3 1 3 4 2 2 1 5
2633 2643 2 3 3 5 3 4 4 2 0 0 1 1 4 3
2260 2260 3 3 3 0 0 3 0 3 0 0 0 0 0 3
6082 6085 3 3 0 1 5 4 2 5 3 1 5 3 1 1
3386 3386 2 0 4 5 4 5 1 0 4 3 0 5 2 5
3906 6074 4 3 1 0 3 0 2 3 0 2 3 5 0 4
4396 4404 0 0 3 5 1 2 2 2 5 2 3 3 4 5
3100 3112 3 3 4 1 0 2 3 5 0 4 0 3 4 5
3636 3642 0 0 2 3 4 2 4 0 3 3 4 1 1 1
1746 2834 1 2 4 5 5 3 4 2 4 2 3 2 5 1
1999 1999 5 0 0 5 2 4 1 1 4 4 1 0 0 1
3004 3005 1 5 3 1 4 2 4 3 4 3 3 3 5 3
7331 7352 0 5 1 2 3 1 1 3 0 4 0 4 3 5
2109 2118 4 2 5 4 1 1 1 1 2 1 5 1 0 5
4269 4280 0 3 2 3 0 0 5 0 3 2 1 1 4 3
2944 2944 1 1 5 1 5 4 3 5 5 0 2 2 1 0
3616 3639 4 1 4 5 0 4 4 0 3 4 2 2 1 5
2356 5208 1 0 2 3 3 1 0 4 3 2 4 5 0 2
6396 6396 2 0 5 4 0 3 0 4 3 0 3 1 1 5
789 792 5 0 3 2 1 5 1 3 4 1 2 1 5 4
6162 6167 2 1 4 2 2 5 1 0 2 5 3 5 2 4
475 496 3 5 2 3 2 2 1 3 5 5 5 4 0 4
4365 4365 1 2 4 2 0 5 3 4 5 1 4 1 3 3
7523 7532 3 5 5 0 0 2 0 5 4 0 3 0 1 1
7019 7021 1 0 0 2 0 1 4 1 4 2 4 0 1 5
1275 2197 5 5 5 5 4 0 5 2 1 4 4 3 4 1
5198 5198 0 0 0 0 3 0 3 0 3 0 3 3 3 0
1960 1964 4 1 2 3 0 2 4 5 5 3 5 5 0 1
4692 4701 1 0 1 3 3 2 1 0 3 5 0 2 2 0
539 540 5 0 4 4 1 5 0 4 1 1 3 2 5 3
7223 7231 1 0 1 0 3 1 1 4 1 2 1 0 5 4
3920 3921 2 2 5 5 5 1 3 2 0 2 0 2 4 2
2886 2893 0 4 4 5 0 3 5 2 0 4 3 4 1 2
1386 3995 3 2 0 2 5 3 2 1 4 1 5 2 1 0
4964 4964 0 3 0 0 0 0 3 3 3 0 3 3 0 0
1001 1001 0 4 0 4 4 2 4 4 0 4 2 4 2 4
5436 5437 3 2 1 0 4 1 5 1 5 5 3 4 3 5
385 386 4 3 3 0 4 4 1 2 1 3 3 0 4 4
5618 5618 4 4 0 0 4 4 2 4 4 0 4 4 0 2
4778 4788 0 1 1 1 1 4 3 2 2 0 5 0 1 4
1359 1385 2 0 4 3 4 0 4 4 4 0 2 3 4 2
5408 5979 1 5 3 1 2 5 5 0 5 2 4 2 4 3
5275 5275 4 0 4 2 2 2 4 2 0 0 2 2 0 4
7555 7558 1 3 0 4 0 5 0 0 2 5 1 3 3 2
3721 3723 3 1 2 5 5 0 4 2 3 2 2 3 5 2
1918 2571 2 4 3 2 2 0 0 4 5 2 3 2 4 3
3858 3858 2 5 4 4 5 4 0 2 3 4 0 2 2 2
2575 2575 0 1 1 0 4 1 0 3 2 1 3 1 0 4
5185 5188 5 1 2 4 3 5 2 5 5 0 1 3 0 3
2061 2061 5 1 0 4 2 2 1 2 1 3 4 0 4 2
3573 3573 4 0 4 0 0 2 2 0 4 4 2 0 0 4
3903 3909 0 1 0 0 3 2 3 1 1 3 5 3 1 2
6457 6476 5 3 1 5 4 2 4 0 5 2 0 5 0 1
5005 5016 4 0 2 4 3 0 5 4 2 4 1 4 3 5
1108 1113 1 1 5 5 2 1 4 3 3 2 2 1 2 4
1104 1117 3 0 0 0 0 3 3 3 3 0 3 3 0 0
3041 3047 3 4 0 5 0 1 5 5 3 1 1 2 1 4
419 428 3 0 4 1 0 1 0 1 0 4 1 0 3 2
5594 5594 0 0 0 0 0 0 0 0 0 0 0 0 0 0
4239 4247 2 2 4 0 2 4 2 0 0 2 4 2 4 0
2595 2595 4 4 2 0 4 0 0 4 4 2 4 0 0 2
872 2474 4 2 0 0 2 0 2 2 2 2 4 4 4 4
2253 2253 2 4 4 0 2 2 4 0 0 4 2 2 2 0
7921 7924 1 5 1 4 4 3 3 1 5 5 3 3 3 0
3727 3736 1 1 0 1 1 0 1 2 1 5 3 5 0 5
7932 7933 3 0 4 1 5 1 1 4 4 3 0 1 5 1
6440 6440 0 0 0 0 0 0 0 0 0 0 0 0 0 0
5770 5773 2 4 2 0 2 4 0 2 4 0 0 0 4 2
690 694 2 3 4 5 3 1 0 0 5 5 2 5 4 4
4950 4957 1 2 3 4 5 2 2 3 2 0 5 2 2 3
393 400 3 1 0 5 2 3 4 0 0 1 5 5 5 5
7099 7108 2 1 0 5 0 3 3 2 2 4 2 2 5 0
1168 1174 5 3 2 3 2 5 0 0 1 2 2 5 4 2
3203 3203 3 5 4 1 1 5 4 3 5 5 4 3 0 1
7996 7997 1 3 0 1 4 1 3 4 5 0 0 3 3 0
7634 7643 1 0 5 2 5 5 0 2 2 4 0 0 4 5
1459 1466 1 3 3 1 2 0 3 3 3 1 1 2 5 4
4504 6185 1 1 4 2 2 1 4 5 4 1 3 3 3 4
68 79 4 4 1 0 0 0 5 1 1 2 0 5 0 4
4272 4278 3 4 5 4 2 0 0 3 3 2 1 2 0 1
1674 1681 0 5 3 2 4 2 1 2 5 3 3 1 3 3
610 616 1 4 1 1 2 4 4 4 0 4 4 0 0 3
3372 3383 4 2 3 5 4 5 5 0 2 2 0 3 2 5
1177 1177 0 0 1 1 2 4 4 0 1 3 2 2 0 0
674 674 4 0 1 1 5 4 3 0 2 0 4 0 2 3
6389 6399 2 0 1 5 1 1 4 3 2 3 0 2 5 3
2176 2183 0 1 4 3 2 0 3 5 0 2 4 2 5 4
6745 6747 2 2 4 2 4 0 4 0 2 4 2 4 4 0
2061 2080 3 3 5 1 3 1 2 3 3 1 2 5 4 3
893 988 5 0 2 0 1 5 2 5 0 5 1 3 5 0
138 146 3 0 5 4 0 3 4 3 5 5 0 5 0 3
6934 6941 2 5 5 3 3 3 3 2 4 2 3 5 2 0
7442 7461 3 4 3 3 2 5 3 3 3 0 5 5 1 2
659 1719 4 4 0 3 2 3 5 3 1 0 4 3 4 0
2344 2344 3 0 0 0 0 0 3 3 3 3 0 3 0 3
5312 5319 3 5 4 1 4 2 5 4 3 1 0 3 4 1
7738 7742 1 3 4 4 1 2 4 2 3 3 2 5 5 0
486 1119 3 3 1 5 0 3 5 2 1 1 4 4 1 3
145 145 0 2 4 2 2 3 5 0 4 4 0 0 5 1
4877 4880 3 2 2 5 3 2 4 5 5 5 5 2 5 0
3274 3284 5 3 0 2 1 1 1 3 1 5 1 3 1 2
991 2262 2 1 0 0 1 1 2 3 2 5 5 5 5 5
4693 4693 0 0 3 4 1 4 2 0 2 4 5 2 0 5
4049 4057 0 0 0 2 2 2 0 2 4 2 2 0 4 4
4422 4435 5 2 5 5 5 5 5 0 0 0 0 0 5 2
2756 6025 4 0 4 1 4 2 2 5 4 4 4 1 3 5
3746 3749 1 1 0 2 0 4 5 4 2 3 5 5 0 0
4139 4144 4 3 4 3 1 4 0 4 5 4 4 2 1 3
7288 7294 1 1 4 0 1 5 1 4 2 1 1 0 4 0
4262 4880 3 5 0 0 2 2 4 3 0 5 5 5 3 5
464 464 1 1 2 0 5 4 0 4 2 3 5 2 5 2
5397 5403 1 1 3 0 0 1 4 0 0 0 3 5 4 5
3013 3019 5 5 2 1 4 5 4 3 4 3 3 3 2 3
6674 6684 0 3 5 3 1 3 5 5 4 4 4 0 4 0
3295 3295 4 3 5 2 5 4 1 3 0 1 1 2 2 1
3456 3461 5 0 4 0 3 4 5 0 2 3 4 1 4 1
3182 3195 4 0 5 5 2 4 0 5 0 5 3 0 4 3
6846 6854 0 5 3 1 4 5 3 1 2 4 1 2 1 5
2648 2648 1 1 3 2 4 4 3 2 0 5 1 3 0 3
4631 4642 0 5 1 2 4 2 2 2 1 5 0 1 2 4
6364 6367 5 5 3 1 5 1 0 5 3 4 0 4 4 5
213 358 1 1 2 1 1 4 1 3 2 2 2 3 4 0
7031 7033 3 4 0 4 0 1 3 4 1 0 0 1 4 1
4089 4099 2 2 4 4 2 4 2 2 4 3 3 2 3 3
6881 6900 4 1 4 4 4 0 3 3 4 4 3 3 4 2
3435 3435 0 4 0 3 4 4 0 5 4 5 4 2 0 3
4478 4478 5 1 2 0 5 5 0 5 2 5 4 4 5 0
4593 4595 0 3 2 4 3 4 1 0 5 3 1 3 5 5
2173 2194 3 4 1 5 4 4 4 3 3 0 2 5 0 4
3592 3601 5 3 2 3 2 5 3 3 2 0 3 1 5 2
7254 7254 2 2 0 0 2 2 4 0 4 2 2 0 2 0
1932 1945 2 1 4 4 5 1 1 1 3 0 4 2 5 3
381 387 4 0 5 3 3 3 1 1 4 4 4 1 4 0
4925 4932 2 4 0 2 1 4 2 4 0 1 3 1 5 4
7998 7998 5 2 5 1 4 0 5 3 4 3 3 3 2 2
7119 7125 2 1 3 4 1 1 4 0 2 2 1 3 5 0
203 206 0 1 0 3 5 1 0 1 2 2 5 0 3 5
96 744 4 2 5 0 2 5 3 1 4 4 0 0 3 5
6195 6195 0 0 0 0 0 0 0 0 0 0 0 0 0 0
3686 3689 2 5 4 5 3 5 1 4 4 3 1 4 4 5
4839 4855 5 5 0 3 0 4 2 3 1 0 0 3 5 5
4567 4570 5 2 5 2 2 4 4 3 0 4 1 2 5 0
2886 2896 2 3 2 5 3 5 4 0 5 2 5 1 4 0
1095 1101 3 4 4 2 5 1 0 2 4 0 1 4 0 2
6630 6636 0 4 4 0 3 3 5 0 1 0 0 0 1 5
1780 2601 4 1 3 0 4 0 0 2 4 1 5 4 0 5
2531 2531 3 3 1 4 2 0 1 1 5 2 1 2 2 2
5978 5983 0 5 0 3 3 4 3 5 0 0 2 3 5 4
6455 6460 3 3 5 2 2 5 0 3 5 2 4 0 2 5
4693 4698 2 4 4 4 3 5 0 1 1 1 3 5 2 5
2789 2797 5 3 0 3 3 2 1 0 4 5 3 0 3 3
6687 6690 1 5 2 4 1 0 2 4 0 3 5 3 0 5
1054 1069 0 1 2 0 5 5 2 2 0 2 5 3 1 5
6201 6201 5 1 3 2 1 5 4 1 2 1 0 1 3 5
1370 1370 4 0 3 2 5 0 5 4 1 2 0 2 2 1
6504 6513 2 0 1 3 4 3 3 3 1 1 0 0 2 5
4063 4077 2 5 2 4 1 2 1 2 2 1 2 1 4 3
1715 1716 4 4 4 3 5 2 2 5 3 5 1 5 2 2
7436 7437 5 0 3 1 3 0 5 2 1 3 1 3 0 3
7368 7376 0 1 0 4 2 1 0 4 4 5 1 0 4 5
3005 3020 2 0 5 1 1 1 1 1 1 1 5 0 5 1
1565 3620 3 0 5 5 3 5 3 2 4 1 4 5 2 1
1849 1849 0 0 0 0 0 0 0 0 0 0 0 0 0 0
3700 3704 0 1 4 0 4 0 4 0 5 2 0 0 2 1
2858 2859 1 5 1 2 1 2 5 5 5 2 3 5 3 3
2582 2588 4 5 4 4 0 3 3 0 2 1 1 5 5 4
4889 4891 4 0 3 0 5 2 0 3 3 3 4 1 4 1
47 52 1 5 1 3 2 2 3 5 5 1 5 3 1 0
3019 3032 0 5 0 1 1 5 1 5 2 1 0 4 1 5
4518 4528 4 1 3 4 4 2 5 3 3 4 2 1 3 2
330 335 3 2 3 2 4 5 0 0 3 3 2 2 5 5
5346 5353 4 0 0 2 0 1 3 2 2 1 3 4 5 0
2032 2053 3 4 2 5 2 1 3 5 1 5 0 0 4 3
1868 1868 3 5 0 4 1 4 1 2 1 2 0 5 5 3
287 287 1 0 2 2 2 4 5 5 4 2 1 0 4 5
7657 7662 0 5 4 3 3 1 0 1 5 3 5 3 3 2
5867 5873 3 0 3 1 0 5 1 3 5 4 4 0 0 5
2523 3077 1 3 1 0 3 1 5 4 2 5 0 3 1 1
3944 3944 5 4 2 2 0 2 0 1 3 1 3 1 5 5
7276 7283 3 5 3 5 0 1 5 2 1 2 0 0 3 2
3703 3706 2 5 0 2 3 3 2 0 4 2 4 1 4 3
5342 5345 3 1 2 4 2 2 4 3 1 4 4 0 5 4
941 941 2 2 0 0 0 2 4 4 4 0 2 0 2 4
5877 5878 5 1 2 4 2 1 5 2 0 2 0 1 1 3
4474 4493 5 1 4 1 4 3 4 3 1 0 1 5 1 3
6652 6653 0 2 5 0 0 1 3 1 3 4 1 5 2 4
4404 4404 0 3 3 3 0 0 0 3 3 3 3 3 0 0
407 419 4 5 2 1 0 1 5 5 5 3 4 4 0 1
403 415 0 4 4 2 4 2 2 1 0 5 0 4 5 1
179 883 0 2 0 1 5 0 5 4 0 1 5 2 5 4
2545 2545 3 0 3 3 0 0 3 3 3 3 3 3 0 3
5151 5160 2 2 0 2 4 2 2 0 0 4 4 2 2 2
1960 1967 0 0 5 3 3 3 5 0 3 1 3 1 2 2
5953 5956 4 0 0 5 4 5 2 3 4 3 4 0 4 0
1871 1871 0 0 0 0 0 0 0 0 0 0 0 0 0 0
5778 5780 0 2 5 5 5 3 5 0 4 2 2 4 0 2
4487 4510 4 0 0 4 1 0 0 5 3 0 5 0 4 1
45 193 4 0 0 2 3 3 4 3 5 1 2 2 5 3
7837 7837 0 3 0 0 3 0 3 0 3 3 0 3 0 3
1732 1738 1 4 2 2 2 4 4 1 1 4 2 2 5 1
6933 6938 3 1 3 1 4 2 3 5 5 1 4 2 3 4
3307 3316 3 2 4 5 4 3 5 1 1 1 2 1 1 1
995 1004 5 3 4 5 0 4 1 3 4 0 0 4 3 0
7818 7829 5 2 0 0 1 3 5 5 4 0 2 5 3 3
3963 3988 2 2 2 4 0 4 0 0 2 0 0 0 0 2
1359 5574 0 1 0 1 1 2 5 2 4 5 3 2 4 0
6890 6890 3 0 3 0 0 3 3 3 3 0 0 3 0 0
1548 1561 0 0 4 0 0 0 4 4 4 0 4 4 0 2
1178 1190 0 4 2 1 2 2 5 0 3 2 5 1 4 3
4248 5896 2 4 5 3 1 4 2 2 4 3 3 3 0 0
6891 6894 5 2 5 3 5 4 4 5 3 2 4 3 2 1
2988 2999 5 0 5 3 2 2 1 5 1 1 3 0 5 0
443 443 0 1 2 1 3 0 3 3 5 5 0 2 1 0
1249 2076 1 5 5 2 0 1 2 0 3 5 1 3 5 0
2360 2362 4 0 2 1 2 4 5 0 5 3 0 1 5 0
6155 6158 1 1 5 5 5 4 2 0 5 5 3 2 3 5
562 580 5 2 2 1 5 2 0 4 0 5 4 3 3 0
3703 7189 0 2 4 1 5 1 0 3 4 2 5 4 4 5
829 829 2 2 0 5 0 5 1 0 5 1 0 2 5 5
1933 1942 2 3 4 4 1 1 5 1 1 0 4 0 5 3
7310 7319 3 5 1 1 0 1 0 2 4 4 4 3 2 1
841 6182 5 0 5 1 5 4 1 3 5 1 4 1 3 2
2860 2860 0 0 0 0 0 0 0 0 0 0 0 0 0 0
7908 7921 0 2 1 5 1 1 5 1 1 3 0 3 5 2
7156 7174 4 2 0 2 1 5 4 3 0 4 5 2 3 4
941 3295 4 5 2 0 0 2 3 5 5 4 3 5 2 0
464 464 4 4 2 0 2 4 0 4 2 0 2 2 2 2
3687 3691 5 3 4 4 2 2 3 0 3 4 4 3 3 1
7343 7362 4 2 0 2 1 3 1 1 1 2 5 1 1 2
2661 2665 1 0 0 3 4 5 2 5 2 4 0 2 3 1
4939 4949 1 4 4 5 2 3 3 2 1 1 0 2 2 4
3810 3818 1 4 3 2 3 0 1 2 3 1 1 2 0 1
6526 6536 2 0 0 4 2 4 3 2 2 3 0 0 3 2
192 1041 4 4 5 5 3 1 4 1 3 5 2 3 0 2
415 418 5 0 3 4 2 2 3 5 1 3 4 4 2 3
6217 6228 0 0 2 5 5 3 1 0 0 4 5 2 4 0
1438 1443 2 4 0 0 5 0 4 4 0 2 0 5 1 5
4204 4600 2 3 4 2 0 1 1 0 4 0 0 2 5 5
5355 5355 4 2 4 4 0 0 4 0 0 4 4 0 2 2
2065 2073 5 1 1 4 2 3 0 5 4 3 0 1 4 3
559 561 1 5 5 3 2 0 5 4 2 2 5 1 1 4
127 276 2 4 5 1 3 4 2 0 3 0 4 5 1 3
5793 5793 2 0 4 0 4 2 2 2 4 0 2 2 2 0
3320 3321 1 1 3 3 2 2 5 4 5 4 2 0 5 4
1564 1580 3 0 3 0 3 2 1 2 0 5 5 4 5 4
4282 4291 4 4 2 0 1 3 0 3 4 4 2 0 1 2
6119 6119 2 0 2 0 4 4 0 0 2 0 0 0 4 0
7192 7193 0 4 2 2 4 2 2 1 0 4 0 2 0 1
7314 7337 4 0 4 4 3 1 3 2 3 4 3 1 5 3
483 4172 0 3 1 1 4 0 5 4 2 3 0 5 5 3
196 196 0 0 0 0 0 0 0 0 0 0 0 0 0 0
5199 5199 1 3 3 3 2 2 2 3 2 2 0 4 0 5
4235 4246 2 2 1 3 0 4 5 4 5 1 3 1 5 1
78 6016 2 3 0 2 1 1 3 5 4 1 2 1 5 4
6267 6267 0 0 0 0 3 0 0 0 0 3 0 3 3 0
916 919 3 5 1 5 5 0 3 3 2 3 3 2 2 2
892 901 2 2 3 5 4 0 4 4 2 1 1 1 0 3
175 5771 2 3 2 4 5 3 5 1 1 2 0 4 1 5
763 772 0 3 2 3 5 1 2 3 1 3 0 0 4 5
1338 1340 1 1 4 0 2 1 0 3 5 0 0 0 5 3
454 465 5 4 4 4 4 2 0 5 2 1 1 4 1 0
3000 3204 4 0 4 0 0 0 4 2 2 0 0 0 0 0
1520 1520 1 5 5 2 4 0 0 0 0 2 2 4 5 3
6302 6314 5 3 2 2 3 5 4 5 0 3 3 0 0 1
7822 7833 5 2 2 1 5 5 0 1 1 2 3 0 5 2
7593 7594 4 1 5 5 2 0 2 2 1 4 0 5 4 4
889 889 0 3 0 3 3 3 0 0 3 3 3 3 3 3
1921 1921 0 0 4 1 4 3 0 3 4 2 3 5 2 0
7307 7307 0 0 0 0 2 2 0 1 0 4 4 3 2 4
3082 3146 0 2 0 0 2 4 0 2 4 2 4 0 2 2
522 522 0 0 0 0 0 0 0 0 0 0 0 0 0 0
5751 5762 3 0 2 5 5 4 4 0 4 4 2 3 5 4
2276 2276 1 4 5 5 4 2 1 4 5 1 3 5 5 0
122 2573 5 5 1 3 5 0 5 4 5 5 0 4 2 3
4040 4040 3 3 0 3 0 3 0 0 3 0 0 0 3 0
6002 6011 4 4 2 5 3 2 2 2 2 4 5 1 2 1
3916 3918 0 2 3 1 4 0 2 5 5 4 0 2 1 3
4843 4852 0 3 4 3 4 3 3 1 2 4 2 2 0 2
6605 6615 4 2 5 4 1 1 1 2 2 2 5 4 0 3
3962 3967 0 1 5 0 0 4 3 3 1 1 2 4 1 3
2604 2610 5 4 0 1 1 5 3 3 0 5 4 1 1 3
403 406 5 2 0 0 0 1 1 1 1 1 0 2 0 5
6075 6075 0 4 0 0 4 2 2 2 4 2 4 0 0 0
2881 2884 4 4 1 5 0 4 5 5 0 5 2 2 5 3
6764 6764 2 4 2 2 0 0 0 2 2 4 4 4 2 0
555 1575 3 1 4 0 2 1 5 3 1 5 2 3 2 0
6730 6738 1 2 2 0 4 2 4 5 5 2 4 2 0 2
4592 4603 2 3 4 5 0 3 3 0 4 0 4 4 4 4
5670 5683 4 0 4 3 1 5 4 5 5 5 5 1 1 1
1716 3128 3 1 4 4 4 3 0 2 4 1 4 2 5 2
7775 7776 5 5 4 5 0 3 1 4 0 2 2 5 5 2
3352 3354 0 3 0 4 4 2 1 2 5 5 2 2 3 4
2975 2980 4 5 5 4 5 2 5 4 5 1 1 0 1 2
5093 5099 1 2 2 2 3 1 1 1 2 3 5 3 4 5
7138 7138 0 4 4 2 0 0 4 0 2 4 4 0 4 4
1464 1464 1 5 5 3 5 0 5 5 1 3 5 0 1 4
4663 4690 3 2 5 4 0 2 5 0 0 3 0 1 0 2
1955 3978 0 1 2 5 4 1 5 5 3 2 1 0 1 2
7084 7084 0 0 0 0 0 0 0 0 0 0 0 0 0 0
2098 2099 4 4 2 2 2 2 0 0 4 0 4 4 2 0
1078 1104 3 5 5 1 4 4 3 3 1 1 4 5 1 3
1921 6692 1 5 4 1 3 5 3 1 4 5 5 4 0 4
2569 2569 3 3 0 3 0 3 3 3 3 0 0 3 3 3
4733 4736 4 3 0 4 5 5 5 4 5 2 2 1 1 0
1856 1857 3 0 1 1 2 4 2 3 0 3 0 2 2 3
1097 7450 0 1 3 5 5 3 4 3 0 3 2 4 3 2
4890 4891 3 4 3 2 4 0 4 2 1 4 1 1 0 2
4009 4012 4 0 0 2 2 4 0 4 4 4 2 4 0 4
4192 4217 5 3 3 3 2 3 5 3 2 3 4 4 3 0
317 351 5 1 3 3 3 0 4 2 1 4 2 0 4 3
5957 5957 2 2 4 0 4 2 2 4 2 4 2 2 2 2
4156 4162 0 0 4 5 4 4 1 1 3 0 3 5 2 1
6107 6114 2 3 3 5 3 3 1 1 5 2 4 3 3 0
4269 4466 0 3 0 5 4 2 4 3 4 2 4 1 3 2
6391 6401 5 0 4 1 0 1 0 0 4 0 2 2 0 0
3478 3487 5 2 1 4 1 0 5 4 2 5 3 1 5 3
3952 3962 3 4 3 4 2 4 5 4 1 2 5 2 2 4
5122 5128 2 1 0 5 3 3 5 4 3 1 5 1 2 2
1816 1819 3 4 0 0 5 3 0 5 5 5 1 1 2 1
5730 5741 4 3 0 4 5 2 0 1 1 0 3 4 4 4
4206 4212 5 4 5 0 3 2 3 1 5 1 5 2 5 3
3574 3581 4 1 3 4 0 0 2 3 3 3 0 0 0 1
318 318 3 3 3 3 0 0 0 3 3 0 3 3 0 3
4181 4193 4 1 3 3 1 5 4 1 4 5 5 4 0 0
3796 3806 5 5 2 3 0 5 5 4 4 3 3 1 0 3
1099 1158 0 5 2 4 4 5 5 3 4 0 5 5 0 2
2441 2451 2 5 4 4 5 3 0 4 3 0 1 3 4 1
6326 6329 0 3 5 2 3 1 3 4 0 1 5 4 0 0
385 396 5 4 2 0 3 2 3 3 5 1 5 4 4 4
4679 7770 1 4 4 1 4 2 1 2 2 1 5 5 5 0
6957 6957 0 2 2 2 2 2 4 4 4 4 0 2 0 0
5185 5187 0 5 3 2 4 1 3 5 1 4 1 5 5 5
617 622 2 1 5 2 3 0 1 3 3 5 0 4 4 1
6276 6283 2 4 5 5 3 2 3 0 0 3 4 5 1 0
7513 7513 0 0 0 0 0 0 0 0 0 0 0 0 0 0
5920 5924 5 2 0 2 1 0 4 3 0 2 5 4 4 3
5988 5989 2 5 5 3 3 1 5 5 4 2 5 3 0 2
1758 1759 1 4 2 5 4 5 4 2 5 1 4 3 0 4
7750 7762 3 4 3 2 3 4 0 1 1 5 2 2 4 2
2788 2797 2 4 5 5 4 2 1 4 3 5 4 4 3 5
7721 7730 3 0 5 5 5 3 4 0 2 2 2 0 0 3
6337 6343 5 0 5 3 5 4 3 3 3 1 4 5 3 3
3248 3248 4 1 1 2 1 0 5 0 2 2 2 1 1 4
7575 7584 2 5 3 1 4 0 0 1 1 3 3 1 4 0
1778 1790 1 5 3 0 0 1 4 3 2 5 3 5 2 3
1391 2719 0 0 2 4 0 2 2 4 4 0 4 2 0 4
6155 6162 2 3 0 5 3 3 3 0 5 3 2 0 0 4
2286 2295 0 3 1 2 3 3 0 4 1 1 4 4 5 4
110 125 3 5 1 2 5 3 2 5 0 3 3 3 4 2
876 952 0 0 0 5 1 5 2 4 3 1 1 3 1 1
6505 6505 0 0 0 0 0 0 0 0 0 0 0 0 0 0
6624 6628 3 2 1 3 3 5 5 0 3 5 3 0 1 1
736 752 4 3 5 2 1 5 3 5 4 3 0 4 4 5
4250 5284 2 1 5 3 3 3 4 5 0 1 3 3 0 2
858 858 0 3 0 0 0 3 3 0 3 0 3 3 3 0
6675 6682 4 0 1 0 2 5 3 0 0 5 3 0 2 3
7730 7739 2 3 4 2 1 4 5 5 1 4 1 5 0 0
1074 1086 4 1 5 3 3 1 0 2 1 0 5 1 5 4
7263 7263 0 0 0 0 0 3 0 3 3 3 0 3 0 0
3612 3614 4 0 0 0 2 0 2 0 4 0 2 0 4 2
1409 1425 0 3 1 2 5 2 0 2 2 1 4 3 0 0
703 718 3 3 1 5 3 2 4 5 5 1 0 2 2 5
2214 2214 4 2 0 4 3 2 2 5 2 1 5 4 1 1
7297 7299 5 5 4 5 3 3 3 1 0 3 2 0 3 4
6258 6267 4 1 4 3 1 0 2 4 0 5 5 1 1 1
2806 2816 4 0 0 1 0 1 2 2 4 3 1 3 3 3
3740 3740 4 0 4 0 4 2 4 2 4 0 0 2 2 4
6441 6444 3 0 0 5 4 5 2 1 3 2 3 5 5 3
4217 4227 5 3 3 1 5 2 1 0 3 0 3 2 2 2
2438 2442 5 3 1 4 3 5 3 2 1 2 4 1 2 4
7735 7739 0 4 5 3 0 0 5 1 5 5 4 5 1 0
4069 4072 3 2 0 0 4 0 0 0 3 4 2 5 3 2
4349 4350 2 5 5 4 2 5 1 1 2 1 0 4 0 5
361 4646 1 5 3 3 1 3 5 2 0 4 0 0 2 3
6927 6930 0 2 2 3 1 4 1 1 4 3 2 1 5 0
7308 7308 2 0 2 4 3 3 2 5 0 2 0 2 1 4
3129 3129 3 3 3 3 3 3 0 0 0 0 3 3 3 0
1521 1527 5 3 2 2 0 2 2 4 3 5 4 5 2 1
4810 4810 0 0 0 0 0 0 0 3 0 3 3 3 0 3
2090 2101 3 3 0 2 4 2 4 3 3 1 4 4 3 0
6826 6835 2 2 5 5 0 0 3 3 2 3 3 3 2 0
5795 5806 5 2 2 5 0 5 1 5 4 0 5 3 2 1
462 462 1 1 5 0 2 1 3 0 4 4 2 2 4 0
1398 1399 2 4 1 5 3 4 1 2 4 0 3 5 3 2
7867 7878 4 2 2 0 5 5 5 1 3 5 5 4 5 1
5476 5482 2 3 1 5 3 4 2 2 3 0 3 0 0 5
4411 4422 2 3 2 1 3 5 2 5 2 1 2 0 4 3
7352 7364 5 3 1 2 0 5 1 1 2 2 1 2 4 4
2104 2119 5 0 2 3 5 3 4 1 0 0 1 3 1 1
1444 1486 3 1 3 3 2 0 4 3 5 5 1 3 5 4
7571 7571 1 2 1 3 5 0 3 3 3 4 3 1 4 4
3708 3721 2 5 5 2 0 1 0 5 2 1 3 0 0 0
3166 3186 4 3 2 0 3 5 0 2 5 5 2 4 3 5
4946 4950 5 1 3 0 4 2 5 0 5 3 3 1 3 3
1280 1280 4 0 2 0 5 0 5 3 5 3 1 4 1 5
3908 3910 1 1 3 3 4 2 5 4 4 4 4 5 4 4
2158 2169 4 0 3 0 3 1 2 5 4 5 4 0 1 2
1212 1219 0 1 5 0 5 0 4 3 3 1 2 3 3 5
55 55 0 3 3 0 3 0 3 0 0 3 3 3 3 3
2180 2180 3 0 2 0 5 4 1 5 5 2 1 5 0 4
3637 3646 4 5 4 1 0 0 4 3 2 2 3 3 4 3
6953 6962 2 1 1 4 1 1 5 1 0 5 5 1 1 4
6691 6691 4 0 0 1 0 1 3 1 5 2 3 0 0 1
17 29 2 2 1 0 3 2 1 5 1 1 3 5 2 0
3107 3126 2 4 2 2 2 2 2 2 2 4 4 2 0 2
1957 1958 2 0 3 0 5 2 4 3 3 4 4 4 4 1
7733 7735 3 0 4 3 5 4 2 3 3 2 3 2 0 4
1054 1063 4 2 0 1 5 5 0 5 3 5 1 0 2 1
1446 1468 5 0 1 5 0 3 5 1 1 1 0 0 1 5
2195 2205 2 4 5 0 0 4 2 2 5 0 2 0 5 2
343 343 4 2 0 4 0 4 4 4 0 4 0 0 4 2
1224 1227 1 2 0 2 2 4 2 2 5 0 1 2 1 5
6890 6906 4 4 2 1 2 4 2 2 2 4 5 2 2 2
1690 1701 1 3 0 1 3 4 3 2 2 0 5 4 3 2
5648 5648 0 0 0 0 0 0 0 0 0 0 0 0 0 0
659 668 1 4 2 4 2 0 0 3 0 5 1 1 0 1
3990 3998 0 5 4 4 2 2 3 4 2 2 3 5 0 3
3941 3952 0 2 3 5 3 3 3 2 4 1 5 1 0 2
6485 6488 2 0 5 3 3 1 5 0 4 1 1 2 1 1
7282 7294 2 1 4 5 5 0 5 4 5 5 1 0 2 0
1790 1802 3 1 0 1 1 3 1 1 2 3 1 2 0 4
2054 4598 0 2 0 4 2 2 2 0 2 4 4 4 0 0
4902 4914 1 4 0 3 3 2 1 1 1 3 4 4 1 2
1639 1648 1 2 1 2 5 0 0 0 0 3 4 3 3 2
4850 4860 0 1 5 2 4 0 0 1 1 5 1 3 5 1
783 6418 5 2 3 3 3 3 5 1 1 0 5 1 3 2
516 522 3 0 4 2 0 3 1 5 5 0 0 0 1 3
6447 6455 2 3 5 0 5 4 3 5 2 2 5 2 0 2
404 410 1 5 1 0 3 2 4 3 1 1 3 2 0 0
5454 5454 1 3 1 5 5 5 4 4 2 1 4 1 3 0
3567 3567 2 0 0 2 0 2 4 4 4 0 2 0 0 0
7351 7355 3 0 5 1 3 2 3 3 5 3 4 5 3 4
2346 2356 3 3 0 5 1 5 2 3 5 4 4 2 2 0
4685 5843 4 3 4 3 2 3 0 3 5 0 1 5 2 5
6058 6058 2 4 2 0 0 2 4 2 0 2 0 0 0 4
6698 6709 0 5 3 5 3 0 0 0 0 1 3 5 3 4
2804 2815 5 2 3 2 0 0 5 3 3 2 5 5 1 1
3241 3250 4 5 2 3 3 0 0 1 3 0 5 5 0 2
6038 6049 5 3 1 3 4 3 1 0 1 1 2 4 3 0
4422 4433 4 5 1 0 4 0 3 1 3 0 5 3 3 0
347 359 3 4 2 0 4 5 0 5 5 0 3 5 2 4
808 1560 1 0 2 2 3 3 1 2 4 4 1 5 5 1
5368 5369 1 3 4 2 3 2 2 1 2 5 5 2 3 4
1636 1649 2 3 2 0 0 5 5 1 2 0 0 3 2 5
4023 4025 4 2 2 0 5 3 4 4 2 3 2 3 5 3
133 738 3 4 2 3 0 0 1 1 5 5 0 5 0 5
1893 1893 0 0 0 0 0 0 0 0 0 0 0 0 0 0
7299 7303 0 4 0 2 0 1 4 0 4 0 0 0 3 2
3775 3775 4 4 2 4 3 2 2 0 5 3 1 2 2 0
7018 7028 4 0 5 3 3 5 1 2 2 2 4 0 0 0
890 890 2 2 0 0 0 4 2 4 4 4 4 0 0 4
2468 2471 4 3 4 2 0 5 0 4 5 2 2 1 2 1
4460 4466 5 0 5 5 2 5 2 3 5 4 3 5 3 3
3596 6892 0 4 2 2 4 4 4 4 2 0 4 2 2 0
1139 1139 2 2 5 3 5 1 3 2 3 3 4 3 1 4
3106 3113 4 5 5 3 5 2 2 0 0 5 1 2 4 2
2930 2933 5 2 4 4 4 3 4 4 2 2 1 4 2 1
185 195 2 3 0 3 3 2 4 5 0 1 2 2 2 0
528 528 0 0 0 0 0 0 0 0 0 0 0 0 0 0
5398 5406 0 4 3 1 4 0 3 3 0 4 0 0 3 1
2671 2678 3 2 1 0 2 2 3 4 1 0 2 5 5 0
3728 3731 5 0 2 4 4 2 5 1 2 2 3 5 1 0
3768 3768 4 0 2 2 0 4 0 2 4 0 0 4 0 0
7229 7242 2 2 2 3 4 5 4 5 4 1 2 2 3 3
5154 5158 4 4 3 0 4 2 5 5 3 1 4 4 3 0
3348 3355 4 1 3 3 4 5 2 0 0 0 5 1 2 3
6218 6227 1 1 2 0 1 0 4 1 1 4 1 4 2 4
5918 5927 0 5 0 4 0 4 5 1 3 0 4 5 1 5
499 504 1 5 0 5 5 3 1 2 1 4 4 5 4 2
3572 3577 5 1 3 0 4 2 4 2 1 0 2 2 2 0
3254 3254 4 0 0 2 0 0 4 0 0 2 2 4 4 2
6368 6370 4 4 4 4 2 4 2 4 2 4 0 4 0 2
4046 4065 4 4 1 5 0 4 4 4 5 1 5 3 3 4
4631 4636 2 3 4 3 3 2 2 1 1 1 4 1 2 1
5491 5491 0 4 2 0 4 2 2 2 0 0 0 4 2 2
6655 6664 4 2 1 4 4 1 1 2 1 0 1 5 4 2
1434 1435 1 3 0 2 0 4 2 1 0 5 0 5 0 1
28 32 5 5 1 3 4 2 3 5 3 4 3 0 0 2
6290 6290 3 5 4 5 3 3 4 1 0 0 0 1 0 4
3631 3633 0 4 2 0 2 2 4 2 2 4 0 2 2 2
4316 4335 1 1 5 1 2 3 5 5 4 2 3 0 3 5
1496 1841 3 0 2 1 0 1 1 2 4 2 3 4 2 1
7285 7294 2 2 1 2 5 2 1 5 1 2 0 3 5 2
5112 5123 2 0 1 2 4 1 4 3 3 4 3 0 4 0
404 416 0 0 1 4 2 3 4 3 5 0 5 1 2 2
3938 3944 3 2 0 1 2 1 2 1 3 1 1 3 4 1
5363 5363 0 0 3 3 3 3 0 3 3 0 0 3 3 3
822 822 3 0 5 5 3 2 4 1 1 5 1 4 2 1
5891 5898 1 5 5 0 1 0 2 0 2 4 4 4 0 5
3258 3270 4 4 0 1 0 0 3 3 5 2 3 2 4 5
5980 5982 1 5 0 1 0 0 3 3 0 5 1 5 0 5
6980 6981 5 2 0 5 4 4 3 2 0 5 2 0 2 0
520 529 5 4 0 2 4 2 5 3 4 5 4 1 5 1
815 4154 3 3 1 0 2 2 0 1 2 3 3 0 1 4
5341 5349 3 0 3 0 4 4 0 1 3 1 3 1 5 5
1177 1185 2 4 1 2 4 2 0 4 5 2 2 1 3 3
3570 3570 2 4 5 1 4 2 0 3 1 4 3 1 3 4
1781 1786 3 5 1 0 1 4 0 4 0 0 5 2 2 5
2816 2823 4 4 3 5 4 2 4 0 2 2 5 1 0 5
4967 4973 2 0 3 4 2 4 2 1 4 3 4 5 5 5
2208 2218 0 4 4 0 5 0 4 2 0 1 0 5 3 1
3539 3608 3 5 3 2 4 5 5 1 0 5 3 3 4 1
1206 1215 1 0 5 3 5 0 4 3 1 3 1 2 3 0
3919 3924 5 0 2 4 3 2 0 5 3 4 1 0 3 5
4668 4668 1 2 4 3 2 4 4 0 3 2 3 2 0 5
5660 5880 2 1 5 5 0 5 3 5 2 5 5 1 0 2
5266 5266 0 0 0 0 0 0 0 0 0 0 0 0 0 0
3466 3474 3 5 2 2 3 3 3 4 2 5 5 2 1 1
2320 2322 1 5 4 0 3 2 3 2 2 3 1 0 2 4
5828 6388 3 0 4 1 3 1 2 1 3 2 1 3 0 2
4947 4947 2 5 0 5 3 0 4 2 3 3 4 4 5 2
1025 1028 1 0 1 1 5 0 4 3 2 4 4 2 4 1
7812 7827 2 0 2 2 4 4 0 0 4 4 0 2 0 0
2299 3553 0 4 2 3 0 2 4 5 5 4 5 0 0 5
5422 5422 3 4 3 4 3 5 2 3 0 3 0 2 4 2
6095 6103 5 3 2 3 3 1 2 1 5 0 2 0 0 5
7213 7219 3 2 5 5 4 1 2 3 1 4 5 5 3 0
652 832 2 1 1 4 0 2 2 4 1 1 2 1 4 0
4842 4842 0 5 1 5 4 1 4 4 3 4 1 2 1 3
2136 2137 1 4 3 2 3 2 1 2 0 4 5 5 2 3
7057 7074 0 1 1 2 2 0 1 5 4 1 5 4 3 5
175 7709 3 5 2 3 0 1 5 4 3 2 4 2 0 3
3787 3787 4 2 0 2 2 4 2 4 4 4 2 4 4 2
3185 3191 0 5 2 4 0 5 4 4 4 0 4 3 0 1
2942 2954 2 2 2 2 4 2 4 0 2 2 0 2 0 2
4382 4392 3 3 5 4 1 1 2 5 3 4 1 5 5 3
7540 7540 2 0 3 5 4 0 5 4 5 3 3 4 5 5
5863 5870 2 4 0 5 3 0 5 1 3 1 3 4 3 3
2480 2490 0 5 3 0 5 2 0 4 1 1 5 1 4 3
230 240 5 1 2 3 1 3 2 5 5 1 0 3 2 3
4326 4335 2 1 1 2 2 1 1 4 0 0 3 4 0 3
4511 4520 5 1 4 4 3 3 1 2 5 2 3 1 4 0
5056 5059 1 0 3 2 2 0 5 5 1 3 2 0 1 3
5812 5821 2 5 5 2 5 4 2 3 4 1 5 5 4 1
6509 6509 4 4 4 4 2 2 0 2 2 0 0 4 4 4
1023 1030 4 2 1 5 3 1 5 4 2 2 2 3 0 5
7822 7824 3 5 3 3 4 2 0 3 4 2 3 0 3 4
4327 4333 1 5 2 5 2 0 1 0 2 0 5 5 3 2
4794 4798 4 2 3 2 1 4 1 5 0 3 4 1 1 4
2887 2892 1 1 5 5 2 4 3 0 5 5 2 1 3 1
43 57 5 1 1 1 0 4 1 5 1 2 5 3 2 3
2278 2564 5 2 0 0 1 3 2 2 5 4 0 0 2 5
5957 5969 4 2 0 1 0 2 2 5 2 3 5 0 1 5
3771 3778 0 1 1 4 3 0 4 3 0 3 1 4 2 1
3022 3048 2 5 5 3 2 0 0 1 5 2 2 5 0 5
1176 1501 2 5 2 0 5 1 0 4 3 2 2 4 1 5
1272 1276 3 0 5 3 3 2 0 3 2 5 1 1 2 3
2126 2138 0 3 5 3 2 1 4 5 0 4 5 5 3 3
4019 4026 3 3 5 5 3 4 2 0 5 1 0 2 2 5
7948 7958 2 4 2 5 5 1 3 4 0 3 2 4 2 2
2510 2510 4 4 2 2 4 2 2 2 4 0 0 2 4 2
125 128 2 5 2 1 4 1 1 1 3 3 5 5 5 3
671 676 1 1 1 3 2 0 3 2 2 0 2 0 2 3
3656 3659 4 2 2 0 3 0 3 4 0 5 5 1 4 3
5858 5858 4 4 3 1 3 3 4 2 1 1 0 1 1 4
5654 5658 3 3 4 4 2 5 3 5 5 0 3 4 5 0
1649 1659 4 3 4 1 1 1 4 3 2 1 3 5 2 3
402 2515 4 3 3 1 5 0 3 1 2 1 0 4 1 1
4276 4285 3 2 1 0 3 5 5 0 4 3 2 2 3 0
3092 3101 3 3 4 0 5 5 5 5 0 5 3 0 3 3
5056 5063 5 3 3 0 3 2 2 3 1 3 5 3 1 1
292 1794 4 5 5 5 1 5 3 1 4 5 4 5 5 1
6827 6827 3 1 5 2 0 3 1 0 1 5 0 4 4 4
4608 4610 0 1 1 2 2 2 5 3 5 2 2 5 0 3
6631 6633 2 1 2 0 5 0 5 3 2 0 2 5 4 3
617 7731 2 5 1 0 0 3 3 4 0 5 5 2 0 1
4986 4986 0 4 4 0 0 0 0 0 2 0 2 4 0 2
869 880 3 4 5 0 2 3 3 5 0 0 1 0 2 4
1069 1069 3 5 3 5 3 2 1 4 1 2 4 2 3 5
6244 6251 1 5 2 5 1 5 2 3 5 5 5 5 4 5
554 565 1 2 2 2 5 3 2 0 2 1 5 5 5 3
3355 3367 3 1 4 3 3 4 4 3 5 3 2 1 5 3
1015 1017 4 3 1 4 0 5 4 2 1 1 1 4 0 2
215 1100 3 5 2 0 3 1 5 2 3 0 2 0 2 4
1939 1947 1 3 3 2 4 1 0 5 2 2 3 0 2 2
4016 4025 5 4 5 4 5 3 3 2 3 4 3 4 4 1
2371 2371 5 5 4 4 1 5 4 1 3 1 2 0 0 2
6195 6198 0 2 3 1 5 2 1 4 5 5 1 1 2 2
7702 7703 1 1 2 0 5 4 1 1 5 4 2 4 5 4
778 784 0 5 1 5 5 3 3 4 5 4 5 0 1 5
5561 5572 5 3 5 3 0 1 0 2 0 4 1 1 3 0
1570 5840 3 3 2 2 3 1 5 4 3 0 2 2 5 2
5108 5108 5 1 4 3 5 2 2 0 5 0 1 2 3 2
3617 3619 4 2 2 4 0 0 4 2 2 0 4 0 4 2
6376 6402 5 0 1 2 2 3 3 3 4 0 3 1 5 4
155 1966 5 4 0 3 1 1 5 1 5 5 3 5 2 2
6690 6697 3 0 5 2 1 2 2 3 1 1 3 2 0 4
6949 6950 1 0 4 1 2 4 0 4 2 3 1 0 2 3
4114 4114 2 4 3 5 4 1 5 3 2 3 4 1 3 4
2618 2622 1 2 1 2 3 2 4 5 4 5 4 3 4 2
114 119 2 5 5 3 2 4 4 4 3 3 4 4 0 1
5337 5349 5 2 0 4 2 2 1 3 2 1 5 2 4 4
4131 4132 5 4 1 4 0 5 3 2 2 5 2 5 3 1
5389 7395 5 1 3 5 0 5 3 2 5 4 2 5 3 1
5259 5270 3 0 0 4 1 3 2 2 2 3 0 1 0 4
3457 3460 2 4 2 4 2 5 2 3 0 3 3 3 1 4
4248 4263 0 1 5 5 1 2 4 4 1 3 0 1 3 2
3343 3850 5 2 5 3 4 4 3 2 2 4 2 4 0 0
7540 7540 4 0 0 4 2 0 4 2 4 0 0 2 4 4
1783 1785 1 0 5 5 0 5 3 1 4 4 3 1 0 4
3500 3519 3 2 4 0 3 3 1 0 4 1 5 3 2 4
4638 4649 2 4 4 2 1 4 4 2 2 4 2 0 3 2
3773 3775 5 3 2 1 3 5 5 3 2 4 0 1 4 1
1706 1717 4 5 0 5 2 2 4 5 4 4 2 1 0 1
2248 2250 5 3 1 0 3 3 5 4 0 3 0 3 2 5
1697 7214 2 5 5 2 1 3 2 2 3 1 2 1 3 3
7770 7778 4 1 1 2 1 0 3 5 3 5 0 0 2 4
4984 4986 3 4 0 3 1 3 2 2 3 5 0 5 1 0
4004 4004 3 3 0 3 0 0 0 3 0 0 3 0 3 3
5684 5690 1 2 5 1 0 4 2 5 0 1 1 5 1 4
2781 2787 1 2 3 5 4 1 1 4 1 2 5 3 1 5
1835 1848 4 0 0 2 4 2 4 0 4 4 4 2 2 4
7981 7984 5 3 1 1 1 1 2 2 2 1 0 4 0 4
5251 5253 1 3 2 0 2 0 4 4 5 5 3 2 3 5
7987 7987 2 0 4 0 2 3 5 2 1 5 3 3 5 4
684 690 3 1 3 3 1 5 3 5 2 5 4 2 4 0
5577 5579 0 3 3 0 0 0 3 3 0 3 3 0 3 0
2297 2307 1 1 5 5 4 0 0 1 5 4 3 4 4 0
6897 6897 0 0 0 0 0 0 0 0 0 0 0 0 0 0
5061 5061 4 4 1 4 2 4 3 0 0 3 1 3 0 2
7552 7555 1 0 4 3 1 2 4 0 0 0 2 4 0 3
3609 5949 1 5 1 4 0 5 0 4 1 5 2 5 3 5
1155 1161 4 0 2 5 2 3 2 4 2 1 0 4 4 3
4119 4128 4 3 4 2 0 3 3 3 5 1 2 5 3 1
7027 7027 4 0 4 2 5 3 0 4 2 0 0 2 0 4
4559 4567 0 1 2 2 0 2 4 1 1 3 5 0 5 4
5029 5031 3 1 4 1 0 4 3 1 0 5 1 5 2 3
2973 2980 2 0 0 5 0 3 0 1 5 1 4 2 0 2
6566 6567 5 4 2 5 5 2 3 2 5 0 2 3 2 0
228 234 0 2 4 4 3 2 5 3 5 5 2 0 4 2
4785 4785 0 5 1 0 0 1 3 3 2 5 1 0 0 0
1885 1894 0 0 0 2 0 4 2 0 0 4 4 2 0 2
5553 5560 3 3 1 4 5 1 0 5 2 2 4 5 3 4
3519 3523 3 3 0 5 0 1 0 1 3 3 0 1 3 3
5557 5557 3 5 4 1 4 4 0 4 4 2 5 4 3 1
2800 2812 4 0 2 0 2 2 2 2 4 0 4 0 4 2
4994 5005 4 0 2 3 2 2 5 2 3 0 4 5 4 2
4383 6546 5 4 2 4 2 1 2 4 3 3 3 5 0 2
2878 2881 0 0 1 4 4 4 5 3 1 5 3 1 5 0
6087 6094 4 5 5 4 1 4 2 0 1 2 3 4 3 5
7072 7075 3 0 2 3 3 0 0 1 2 2 4 2 0 0
796 5490 5 5 5 0 4 2 1 4 1 0 4 2 2 1
7277 7288 3 4 3 0 0 0 4 0 0 1 2 5 2 5
2688 2692 3 4 4 3 3 2 0 3 5 2 2 2 3 5
1308 1309 1 2 5 1 0 3 0 2 2 0 2 4 5 2
7678 7681 5 3 4 1 1 2 3 4 3 3 0 2 5 0
3468 3468 4 2 2 4 2 2 2 2 4 0 4 4 2 2
2045 2046 4 0 5 4 3 1 2 2 1 4 4 0 5 1
3867 3886 4 0 5 3 5 5 5 5 0 1 0 0 0 3
536 5682 1 4 5 1 0 1 5 0 4 2 0 0 2 2
4836 4836 3 0 3 0 0 3 0 3 3 3 3 0 3 3
6000 6013 3 3 5 1 1 5 4 0 0 5 2 4 2 4
1236 1240 3 4 5 0 0 1 2 0 0 3 5 1 3 5
90 227 2 2 3 2 4 5 0 0 3 3 3 5 2 0
5346 5346 0 0 0 0 0 0 0 0 0 0 0 0 0 0
4489 4492 0 5 0 3 2 3 5 0 4 2 5 4 3 2
5555 5580 2 2 4 3 2 4 1 5 3 5 4 3 3 2
4153 7838 2 3 3 5 3 1 5 5 2 5 3 4 3 5
6824 6835 5 0 5 3 1 3 5 4 3 1 0 3 5 2
7727 7731 2 3 2 4 0 3 5 3 2 5 2 2 0 1
4915 4922 5 1 1 3 2 1 5 3 3 2 0 3 5 5
6548 6552 0 5 3 3 4 1 5 3 4 4 2 5 1 1
5157 5168 0 4 1 5 1 5 3 3 1 5 4 1 0 3
4403 4408 4 1 2 2 5 0 1 2 0 5 5 3 3 3
3919 3940 2 3 5 1 1 5 0 4 0 1 1 3 1 1
843 1196 4 0 2 5 3 0 3 2 2 0 5 4 0 3
4440 4440 4 4 0 4 2 4 4 4 2 0 0 0 4 4
2367 2372 4 4 2 2 2 1 2 5 3 2 4 3 3 1
4112 4125 2 4 0 5 0 1 3 2 2 4 3 1 5 1
5399 6354 2 3 3 1 0 2 2 5 5 5 5 4 1 2
686 695 3 5 4 4 1 1 5 3 1 5 0 4 1 4
4310 4321 4 2 0 4 2 0 4 0 0 0 4 0 0 0
4737 4740 3 1 0 5 1 0 5 4 4 2 3 2 5 3
4830 4830 5 4 0 1 2 2 0 1 4 0 0 4 0 1
5606 5610 5 2 1 2 1 1 1 2 3 2 0 1 5 3
7484 7491 5 2 3 0 3 1 1 0 0 5 5 2 2 1
4393 4401 1 4 3 4 1 3 0 1 2 5 4 1 1 5
1274 1285 4 1 0 5 0 2 2 0 0 2 2 1 1 3
455 460 2 4 5 0 5 2 1 5 2 0 3 0 4 5
6614 6617 3 4 5 3 0 1 4 5 2 5 4 1 4 0
7021 7032 4 5 2 2 2 0 5 1 3 3 4 2 5 5
4972 7096 4 0 0 5 4 2 3 4 3 1 1 0 1 4
2072 2079 1 1 4 2 3 0 5 3 3 3 5 1 0 2
4724 4736 0 3 5 0 3 1 3 3 0 3 4 3 4 4
7933 7955 5 3 4 5 2 2 4 4 4 3 0 0 3 3
6706 6713 5 4 2 3 1 2 5 2 0 0 2 4 1 1
7065 7067 0 5 5 1 5 3 4 5 2 5 2 4 3 0
2085 2091 2 5 5 1 4 0 5 5 2 3 4 5 1 5
2514 2514 4 5 5 2 1 1 1 0 2 1 5 1 4 5
6287 6380 5 2 1 5 4 0 0 1 4 0 1 1 0 4
4128 4137 4 4 4 3 4 0 3 4 3 3 0 1 2 4
2513 2524 1 1 0 5 2 4 2 2 0 0 5 1 5 0
2417 2424 4 5 1 4 4 5 5 5 1 3 2 2 2 4
5245 5256 2 3 1 4 1 3 4 2 3 0 1 4 2 0
1070 1070 0 0 0 0 0 0 0 0 0 0 0 0 0 0
159 170 5 3 4 1 0 5 1 5 2 4 0 2 2 1
5933 5941 2 4 4 4 0 0 4 4 4 4 0 0 4 0
5774 5776 0 1 5 3 5 2 0 0 3 5 5 0 0 5
7018 7021 0 1 4 3 5 2 5 1 5 2 0 4 3 1
6808 6812 1 5 0 3 5 1 1 2 2 4 5 5 3 3
2968 2978 0 3 3 3 1 4 2 1 4 2 5 2 2 4
2268 3504 1 1 1 0 4 1 2 0 4 0 4 2 3 4
3306 3306 0 0 0 0 0 0 0 0 0 0 0 0 0 0
2093 2105 4 2 4 5 3 0 0 0 0 3 1 4 0 0
5790 5800 4 4 1 3 0 1 5 2 4 4 2 5 4 2
4905 4910 1 2 5 0 1 0 2 0 0 5 4 5 4 3
1847 1853 0 3 2 2 2 0 4 3 0 1 1 2 2 1
1466 1478 5 3 5 0 5 1 4 5 3 5 5 3 0 2
6004 6024 5 3 0 2 4 0 1 1 4 5 5 2 4 0
5735 7955 5 5 5 1 3 2 4 2 1 2 4 5 0 5
6750 6758 2 0 1 5 4 3 3 5 3 1 1 0 3 5
6550 6551 0 0 0 0 0 0 0 0 0 0 0 0 0 0
5874 5885 5 0 3 2 0 3 1 1 3 0 0 5 2 3
238 520 0 4 4 0 3 3 4 5 3 0 4 4 5 2
3803 3814 1 4 0 2 0 5 5 1 0 0 1 0 4 3
3752 3765 1 3 0 5 1 0 2 1 5 5 5 5 4 2
3918 3918 0 4 2 1 5 5 2 2 5 4 4 1 0 5
705 6754 0 0 3 3 0 2 1 3 5 3 4 0 4 0
937 948 3 4 2 3 0 5 2 5 0 1 1 3 3 3
1572 1581 1 3 3 1 0 0 5 4 4 3 5 2 1 4
4100 4107 2 4 2 2 4 0 0 4 2 4 4 0 2 4
4792 4793 4 5 0 5 1 1 3 3 5 1 5 1 0 5
7193 7193 3 0 0 3 3 0 0 0 0 3 3 3 3 0
5623 5625 2 5 1 0 5 5 2 2 1 5 0 0 0 3
2532 2556 4 0 3 4 1 2 1 0 4 1 3 2 3 0
2333 2915 5 3 3 5 1 1 0 0 5 4 1 5 2 0
4196 4196 0 0 0 0 0 0 0 0 0 0 0 0 0 0
571 581 0 5 2 3 5 2 0 4 0 5 4 0 5 0
2384 2389 0 2 0 4 2 2 2 0 2 4 0 0 2 0
2932 2940 4 5 5 0 3 3 5 3 2 5 0 2 2 3
6026 6034 3 3 5 4 0 3 2 5 0 3 5 1 0 0
4373 4380 0 0 0 3 3 3 0 3 3 1 3 4 0 4
6986 6986 0 4 1 3 4 3 4 4 5 3 0 5 5 4
3243 7056 1 3 2 1 2 1 5 4 1 5 1 3 1 5
1851 1851 1 0 2 0 0 4 5 2 2 1 1 5 5 4
3485 3497 5 5 2 0 1 1 5 2 1 0 1 2 0 5
4354 4356 5 2 4 1 4 1 2 4 4 4 2 3 2 4
656 3870 1 4 5 3 3 4 4 4 0 1 1 2 0 0
5714 5714 2 2 0 2 0 2 0 0 0 0 0 0 2 0
3425 3425 0 0 3 3 3 3 3 0 3 3 3 0 0 0
7437 7439 0 2 4 2 0 2 2 3 2 1 5 4 4 3
2703 2713 0 0 5 2 4 3 2 2 2 1 4 2 1 5
173 185 0 4 1 0 0 3 5 2 5 0 2 0 2 3
541 547 5 4 3 1 2 2 0 1 0 3 5 3 5 2
2891 2907 5 0 3 1 4 1 3 5 5 1 2 0 1 0
4053 5282 4 4 4 0 4 3 1 0 1 2 1 2 4 4
4960 4960 2 2 0 1 3 5 0 1 4 3 1 0 5 2
7935 7937 4 4 2 4 1 1 0 2 1 3 1 1 1 2
4485 4499 2 4 5 4 3 4 3 2 5 0 2 0 0 3
1641 2079 2 0 5 1 1 1 0 4 1 4 4 4 4 0
7592 7602 2 2 0 3 5 4 4 5 3 0 2 1 2 5
6785 6795 0 0 1 3 0 2 4 2 0 1 1 4 1 4
5927 5935 2 4 2 0 4 0 0 2 0 2 2 0 2 4
87 270 0 3 3 0 3 2 1 2 5 1 0 4 4 2
460 471 3 1 3 1 0 0 4 5 4 1 4 3 5 2
2205 2207 4 0 0 2 0 4 2 4 2 4 4 2 0 4
285 292 4 1 0 4 4 4 4 0 0 0 4 1 4 2
4943 4946 0 5 1 0 4 1 2 1 3 1 5 0 3 1
5369 5375 0 3 1 4 1 3 4 5 4 2 4 2 4 0
2499 2504 5 1 2 1 4 2 5 5 5 4 4 4 3 1
2919 2927 4 2 4 2 0 4 2 0 4 0 2 4 0 2
582 6250 1 0 1 4 1 4 5 3 1 3 3 2 4 3
189 190 2 0 1 3 2 1 0 0 1 5 4 3 0 1
1426 1436 1 2 0 2 1 3 4 1 2 0 4 4 1 0
5259 5268 0 1 5 1 3 2 1 4 3 3 1 5 1 2
5129 5139 0 5 3 1 4 1 0 5 3 4 5 3 3 0
3719 3724 0 5 2 0 1 3 5 2 1 3 5 4 2 5
2615 2618 1 1 3 2 0 4 4 1 5 5 3 3 4 1
1779 1790 0 4 4 3 2 0 4 0 4 3 0 2 1 3
7666 7678 4 2 3 5 2 2 3 2 0 5 5 5 4 4
6561 6567 4 3 2 3 3 2 0 1 2 3 4 2 0 3
177 183 4 1 3 1 2 4 3 3 5 5 4 5 3 0
4130 4140 1 1 3 0 3 5 0 4 3 4 4 2 0 3
1611 4212 1 4 0 0 2 0 5 4 2 4 5 1 3 0
885 885 4 1 4 3 4 5 3 5 3 3 5 2 0 5
5845 5857 0 5 5 3 2 5 2 0 0 3 5 4 3 3
576 600 2 1 2 1 2 5 4 5 5 3 4 0 5 0
5087 7017 0 1 3 5 1 3 2 1 4 5 2 0 2 3
7564 7564 0 0 0 0 0 0 0 0 0 0 0 0 0 0
6902 6910 5 2 3 2 5 4 2 4 1 5 5 1 0 2
5112 5119 4 0 2 0 1 1 0 1 5 4 2 2 5 0
7086 7096 4 5 3 0 4 3 0 5 5 2 1 0 1 5
162 163 5 5 0 2 0 1 3 5 1 3 0 1 2 5
1515 1518 5 1 4 3 2 3 2 3 2 4 1 4 4 3
1897 1902 0 0 2 4 2 4 0 4 4 0 2 2 0 4
7467 7909 1 2 2 1 1 2 2 5 2 3 1 0 2 3
7945 7951 4 4 0 3 4 4 4 3 4 5 1 4 3 2
343 351 1 4 4 1 5 2 2 3 3 4 3 0 0 2
993 997 4 2 2 4 2 4 2 0 0 0 2 2 4 4
1673 3158 3 3 4 3 4 1 3 5 4 4 0 3 5 4
2783 2787 5 3 4 3 2 4 5 1 0 3 2 1 1 5
2792 2792 0 0 0 3 3 3 0 3 0 3 0 0 3 0
4824 4829 3 5 0 4 5 1 2 0 0 0 0 2 0 0
51 6169 1 1 3 4 3 1 3 2 0 4 3 0 3 2
6099 6105 3 1 3 1 5 3 0 4 0 1 1 3 0 4
6960 6960 5 3 3 2 1 3 0 2 1 0 5 2 2 2
731 753 0 4 0 5 5 2 4 0 5 2 1 2 1 2
3442 3442 5 3 5 5 1 2 3 0 4 4 3 0 5 5
3967 3972 5 3 4 2 2 2 0 5 3 5 1 4 4 2
3672 3678 0 4 0 3 3 3 5 0 3 2 0 0 4 1
4227 4234 1 2 1 4 2 3 3 1 2 3 2 0 3 2
3223 3235 5 3 0 3 4 0 0 5 5 4 5 4 1 2
1313 1319 2 4 5 1 0 4 2 4 4 0 0 0 3 2
5380 5388 0 1 5 4 1 4 0 1 3 3 1 2 2 2
3177 3186 2 5 5 4 4 2 1 3 0 2 2 0 0 4
3857 4671 4 4 0 1 5 5 4 2 1 2 2 2 1 1
2135 2144 3 4 5 3 1 4 2 2 1 4 1 0 0 1
6778 6784 1 3 3 3 2 3 1 0 4 1 5 5 2 0
4403 4415 1 4 4 0 2 0 3 3 5 0 2 5 1 5
375 828 3 1 5 1 2 4 1 1 4 4 5 5 0 2
6713 6716 0 0 1 3 5 0 5 0 0 2 5 1 4 4
1586 1595 2 1 2 0 0 5 4 5 0 1 1 3 3 5
1254 1262 1 0 2 5 0 4 5 0 4 5 5 0 4 5
3578 3583 2 0 3 0 4 0 3 3 4 2 0 3 2 0
7319 7327 3 0 0 1 5 0 2 1 4 5 3 5 0 3
3804 3815 2 1 5 4 4 4 5 2 4 2 5 1 1 0
709 729 0 2 5 0 3 1 5 5 3 3 1 0 2 5
2422 4236 0 5 2 5 0 5 3 5 3 5 3 1 2 4
5485 5485 2 4 2 4 0 2 0 4 2 0 2 4 2 2
2905 2916 0 0 1 2 2 2 1 1 0 0 0 5 2 3
7013 7015 1 1 0 2 0 4 3 1 4 0 4 4 5 0
6108 6111 5 2 3 2 0 5 3 3 3 4 3 0 4 1
4675 4685 4 3 4 2 0 2 1 2 0 0 0 3 0 4
2435 2441 1 5 1 0 3 4 0 1 4 0 3 4 3 5
6361 6371 1 4 3 3 0 4 3 2 3 3 5 4 1 4
244 249 1 3 5 1 2 0 0 3 1 2 0 4 0 2
4141 4141 4 1 3 4 3 0 1 1 5 5 0 1 2 3
3760 3769 1 1 5 1 4 0 1 1 2 5 4 4 4 0
3385 3389 5 4 5 1 0 3 4 2 1 1 5 0 4 0
1916 1925 4 2 2 1 4 2 4 1 1 1 4 5 1 5
7715 7723 0 0 1 5 4 5 0 4 2 4 1 5 4 2
6082 6090 2 5 5 5 3 0 0 1 4 5 1 1 2 4
5224 5235 1 0 3 5 2 4 1 0 0 0 4 1 3 5
5012 5018 2 4 4 1 0 5 1 1 2 0 0 4 2 2
6717 6717 0 0 0 0 0 0 0 0 0 0 0 0 0 0
2383 2393 4 0 4 4 2 0 5 1 1 5 0 1 5 4
2825 2850 1 1 1 5 1 3 4 3 0 3 4 3 5 4
1638 1647 5 5 4 1 4 0 3 5 1 2 1 3 1 3
573 575 1 2 2 5 0 2 2 2 0 4 3 3 1 5
3008 3020 4 1 5 4 5 1 3 4 0 5 3 5 3 3
7087 7102 2 5 1 0 1 3 4 5 4 3 1 0 4 2
1314 1317 0 5 2 0 4 4 2 1 5 5 5 1 1 4
309 309 4 0 2 4 2 0 0 2 0 4 4 0 0 0
1130 1137 5 4 1 0 3 0 1 5 4 3 5 1 5 1
2177 2198 1 5 5 0 5 2 3 3 5 2 2 5 3 3
5188 6089 0 2 2 2 2 2 4 2 4 4 0 2 2 4
6596 6596 0 4 2 1 1 1 3 2 3 0 3 5 3 2
197 201 0 4 2 2 0 2 2 2 2 0 0 2 0 4
6720 6740 2 4 0 1 2 5 0 5 3 4 0 4 5 1
493 5411 2 4 2 0 5 4 3 0 2 0 2 3 1 5
2593 2593 1 5 3 0 3 2 1 3 1 5 4 4 2 1
4559 4567 2 2 1 2 2 2 1 0 2 0 3 5 0 5
7738 7748 3 4 4 4 5 4 1 2 4 2 1 3 0 1
1831 2133 3 4 4 3 1 5 0 1 0 0 1 3 2 2
3905 3905 4 3 5 3 4 4 1 0 1 1 0 0 4 2
6527 6538 4 3 5 3 2 5 0 4 3 0 4 1 4 1
1883 1890 4 4 1 3 2 4 4 4 1 3 5 2 2 0
5696 5700 3 3 5 2 0 1 0 1 4 0 3 4 4 5
3700 3700 0 4 2 4 0 0 2 0 0 2 4 4 4 4
681 690 5 1 4 3 1 0 2 3 4 1 5 3 1 1
3137 3140 5 5 2 3 5 2 5 0 3 1 5 4 1 1
5735 5743 3 1 1 1 5 5 5 3 2 3 2 3 1 0
6587 6587 0 0 0 0 0 0 0 0 0 0 0 0 0 0
7745 7753 1 3 5 3 3 4 3 0 4 4 1 3 3 4
158 167 3 5 3 1 1 1 4 4 2 3 3 3 2 3
7769 7778 2 4 0 5 3 5 2 2 0 4 3 4 4 3
6444 6456 5 5 5 5 1 2 0 0 2 3 4 0 2 1
3511 3514 5 5 3 2 4 3 5 3 5 5 2 2 1 1
7830 7849 3 1 3 4 1 5 2 4 5 4 5 5 1 0
4118 4120 1 2 1 0 2 5 2 2 0 4 5 3 1 5
6422 6422 2 0 3 4 1 5 3 5 0 0 0 0 2 2
6853 6858 1 1 5 3 5 4 5 2 5 4 2 3 5 1
3810 3811 4 3 2 1 0 1 2 1 3 1 3 2 0 5
1854 3555 5 0 1 3 5 2 1 2 5 2 0 2 1 1
355 355 0 0 0 0 0 0 0 0 0 0 0 0 0 0
5535 5547 3 0 0 4 2 0 2 1 4 0 2 1 3 3
2030 2055 0 5 5 5 4 2 2 4 5 1 3 5 2 3
7070 7073 4 5 5 5 4 1 3 3 0 5 4 3 1 2
6161 6164 3 4 3 0 5 0 2 2 3 0 5 5 4 5
7564 7573 1 1 2 5 2 3 2 4 5 1 3 0 5 1
3381 3408 0 0 0 3 0 3 3 3 3 3 0 3 3 0
654 663 3 4 0 0 3 5 4 5 5 3 2 1 5 1
830 831 5 5 1 2 2 5 3 5 1 4 5 5 0 0
1298 1310 2 4 4 2 4 1 4 4 5 0 1 0 4 0
1402 1427 0 1 2 3 5 1 3 1 4 1 2 2 1 2
458 3568 5 2 3 1 4 5 1 5 3 5 2 3 0 4
5 5 0 4 0 2 0 0 2 2 4 0 4 2 2 4
5206 5210 2 2 0 2 4 2 2 2 0 2 0 2 4 2
1588 1598 4 4 3 5 0 0 2 1 3 1 3 3 3 3
4010 4017 4 0 4 0 2 5 3 2 3 5 4 0 4 5
7208 7208 2 2 4 2 2 0 2 2 0 0 2 0 2 0
6050 6061 4 0 1 3 4 2 0 0 4 2 1 3 4 1
7578 7591 4 4 4 4 3 4 0 3 0 3 4 0 3 4
72 1100 0 4 5 4 3 1 3 0 5 4 0 0 0 3
4319 4319 2 3 5 4 3 2 4 3 4 3 2 5 2 3
1114 1119 5 0 0 3 1 4 0 0 5 2 4 1 3 4
994 1018 2 4 1 5 4 4 3 2 0 1 1 5 4 2
1593 1596 5 5 3 5 1 2 1 0 1 4 4 1 2 2
5796 5797 1 1 1 1 4 5 0 4 5 3 3 0 0 5
2197 2209 3 3 1 1 0 4 2 5 0 3 0 2 2 1
7150 7165 3 0 3 0 3 0 0 3 3 3 3 0 0 0
670 5082 3 3 5 5 2 0 2 2 1 3 4 3 0 0
7927 7931 4 2 1 0 4 1 3 2 0 1 3 0 4 2
2967 2967 4 2 2 4 2 3 2 1 4 3 0 2 5 3
6522 6546 4 2 1 3 2 0 4 1 3 4 4 5 5 4
814 7514 3 5 5 1 5 5 0 3 1 3 2 4 2 3
536 543 1 1 2 0 2 4 4 4 4 0 5 4 1 2
230 239 4 0 4 2 5 2 5 4 4 4 5 2 4 0
5111 5112 0 0 0 0 0 0 0 0 0 0 0 0 0 0
2044 2048 4 3 3 3 0 1 3 1 0 4 3 4 3 1
3027 3027 0 0 0 0 0 0 0 0 0 0 0 0 0 0
4952 4959 5 4 0 4 0 4 4 3 2 4 5 3 5 5
3353 3356 3 3 4 1 2 3 1 0 5 2 4 2 2 1
3846 4901 3 5 1 1 4 2 0 3 0 5 5 5 0 2
1769 1769 0 0 0 0 0 0 0 0 0 0 0 0 0 0
4555 4555 0 5 5 4 2 4 5 3 4 5 3 3 1 2
7953 7953 3 4 1 0 0 1 1 4 1 5 3 0 4 4
1357 1361 3 1 3 2 3 4 2 4 0 3 5 3 0 5
5810 5819 5 2 3 2 4 1 5 5 0 5 5 5 5 1
1633 1641 0 4 4 0 4 0 0 4 4 2 0 0 4 4
3499 3519 5 5 1 5 5 1 1 2 4 2 5 5 4 3
6130 6135 3 1 5 3 2 3 5 1 2 2 2 2 5 5
5832 5839 0 0 4 2 4 4 2 0 3 0 3 5 3 2
3900 3912 4 2 5 0 4 2 3 5 2 1 4 1 0 0
3293 3298 5 3 5 5 5 2 3 2 3 3 3 0 2 0
690 1690 2 5 2 2 4 0 0 5 3 3 1 4 5 5
5356 5357 4 0 2 4 5 2 2 1 5 2 5 4 3 1
5022 5034 1 0 4 5 4 5 5 2 2 4 0 2 0 2
6192 6198 3 3 2 4 4 3 3 0 3 3 2 0 0 3
6951 6962 3 5 3 1 5 2 1 4 5 1 2 4 0 1
5681 5681 3 3 0 3 3 3 3 3 0 0 0 3 3 3
6463 6470 2 0 3 3 3 5 0 0 4 2 2 4 3 2
152 153 2 5 4 1 5 3 4 3 5 0 1 5 5 0
4722 6821 2 1 4 3 0 4 1 1 5 0 5 5 1 3
4178 4180 5 0 4 4 5 3 4 1 2 5 4 5 2 4
3701 3710 3 0 0 3 0 0 0 3 0 0 0 3 3 0
5724 5733 5 0 2 0 2 1 3 3 4 2 5 0 1 1
2049 2060 1 5 4 0 1 1 5 3 2 5 3 4 4 3
7808 7808 4 4 4 2 0 2 0 2 0 2 2 2 4 2
5610 5622 3 0 0 0 4 5 0 4 4 5 0 0 5 4
937 940 0 3 3 1 3 0 4 0 4 1 1 5 5 1
217 323 0 5 4 2 3 5 0 3 3 3 0 1 1 4
4440 4440 5 5 0 5 4 2 5 2 4 0 3 3 5 2
266 268 3 5 3 0 4 0 3 1 0 2 0 0 4 3
1301 1307 5 3 5 0 3 4 1 2 2 5 2 2 5 5
1342 1531 1 2 4 2 0 5 4 1 5 3 4 3 5 2
1746 1746 2 5 1 1 2 0 4 5 0 4 1 2 0 4
3198 3209 3 4 1 4 1 4 3 0 0 4 3 2 2 5
6911 6913 3 0 5 1 0 0 5 0 0 3 3 3 5 0
3375 4703 3 3 3 0 0 3 0 3 0 0 3 0 0 0
2978 2978 0 0 0 0 0 0 0 0 0 0 0 0 0 0
3898 3907 5 1 3 5 3 3 3 5 5 3 5 0 0 1
3396 3399 3 4 4 5 4 5 2 1 4 3 2 1 5 1
158 1467 1 1 3 1 4 1 3 1 2 0 0 4 1 4
5009 5015 4 3 1 0 0 1 4 1 2 3 4 4 5 5
865 868 1 2 5 4 3 5 3 4 5 2 5 1 2 4
78 90 0 5 5 2 1 5 0 0 0 0 3 1 2 5
316 1400 1 4 2 5 0 0 5 5 0 2 2 2 0 2
5347 5356 5 3 0 4 3 1 5 1 0 1 0 1 0 4
5286 5286 0 0 0 0 0 0 0 0 0 0 0 0 0 0
3814 3828 3 1 4 5 5 2 3 1 4 1 0 4 3 1
6886 7732 4 1 1 4 5 0 5 4 1 0 0 3 2 2
2211 2219 4 3 0 5 1 1 2 0 5 3 0 3 1 4
2637 2640 5 3 1 4 0 1 2 5 1 3 2 2 1 3
3364 3380 5 0 1 4 1 3 0 5 1 2 0 4 4 0
4377 7858 5 5 1 2 3 1 3 4 5 2 1 4 4 4
7577 7577 4 0 4 4 4 0 4 2 2 0 2 4 4 2
2885 2893 4 2 1 5 4 3 1 5 1 4 3 1 5 0
737 759 5 3 5 0 2 0 1 3 2 1 3 2 3 1
7209 7215 2 1 3 3 3 3 3 4 1 4 5 3 4 0
3083 3087 3 1 5 4 1 0 1 2 5 1 3 0 5 3
2411 2418 0 3 0 3 1 0 1 4 4 0 0 4 1 3
13 15 0 3 4 3 4 1 1 3 3 1 0 1 2 2
4015 4020 2 0 0 4 4 1 0 0 3 4 1 4 5 3
7663 7663 4 2 4 4 2 4 2 4 2 4 0 0 2 4
2677 2682 5 2 3 5 1 1 5 0 0 3 0 5 0 0
4259 4268 5 4 0 5 3 4 2 3 4 0 4 1 1 3
5029 5029 2 5 2 4 2 3 4 3 3 2 3 5 0 1
4685 4685 1 1 3 2 4 3 0 1 5 1 2 5 4 2
1957 1969 2 2 1 2 2 2 5 1 3 4 3 3 5 1
528 537 0 4 4 1 5 1 1 0 1 2 1 0 2 0
805 5322 0 4 5 5 2 5 5 1 1 3 2 5 4 1
3231 3231 2 4 5 3 4 1 3 2 1 0 2 1 4 1
1389 1392 4 0 1 5 0 2 0 4 1 4 5 2 1 0
1504 1506 1 1 2 3 0 0 0 2 0 3 0 1 5 5
7833 7845 5 2 3 3 2 1 2 5 1 5 2 3 3 4
2267 2274 4 2 5 0 0 5 1 1 3 3 5 5 1 2
7761 7768 2 2 2 2 3 5 1 2 0 3 4 5 0 2
7770 7772 0 2 0 4 2 0 0 2 2 4 0 2 0 0
4466 4475 0 4 4 2 3 5 4 4 4 4 5 3 0 1
2012 2012 0 0 0 0 0 0 0 0 0 0 0 0 0 0
3246 3250 4 0 2 1 2 2 5 4 2 3 2 2 2 4
1654 1670 4 0 4 2 4 3 5 0 0 0 4 4 1 0
1670 1672 2 3 2 2 4 5 2 0 1 3 5 4 0 5
5119 5119 2 4 4 4 4 2 0 4 0 0 4 2 2 4
7465 7472 2 5 2 3 0 3 5 1 3 2 2 3 0 1
7145 7153 4 2 5 2 1 1 4 1 0 2 4 1 4 2
492 1054 2 5 0 5 3 5 1 3 2 3 0 3 2 3
4970 4976 1 1 3 1 2 4 0 4 4 1 1 4 3 4
1694 1707 5 1 5 2 2 5 4 0 1 1 4 4 4 5
3637 3638 0 2 2 0 4 0 2 0 0 4 0 0 4 0
4842 4854 1 3 1 4 0 5 1 1 3 3 2 4 4 0
6023 6023 4 4 4 0 2 4 2 4 4 4 0 4 2 4
4017 4022 1 4 5 1 0 5 5 5 0 4 1 0 5 1
907 909 3 2 2 5 4 0 4 1 4 0 1 3 0 4
2443 5743 2 5 4 5 3 3 0 5 5 1 0 1 2 2
404 404 0 0 0 3 0 3 0 3 3 3 0 3 3 0
4348 4361 4 1 3 2 3 3 5 3 5 3 1 4 4 0
3863 3875 5 5 2 4 2 1 1 4 5 1 5 1 3 5
9 24 1 3 5 5 2 4 3 0 5 2 1 1 4 1
848 858 1 5 5 0 5 4 2 4 3 5 4 1 2 1
7396 7404 3 2 5 2 3 0 3 2 0 4 3 2 2 0
3557 3565 5 1 2 3 1 0 4 2 3 5 4 0 4 3
579 1765 1 3 2 5 4 2 1 4 1 3 0 5 1 3
711 719 0 2 0 0 3 2 2 4 3 4 3 2 5 2
37 41 3 2 0 2 1 5 5 4 5 3 5 5 0 1
3054 3072 2 2 2 0 2 0 2 4 0 2 4 4 0 4
1206 4543 0 0 4 0 1 2 5 3 2 0 1 2 5 4
5735 5735 1 5 2 3 1 3 5 2 5 0 3 3 1 1
3720 3731 4 5 5 5 0 0 4 4 0 4 2 3 3 1
6750 6758 1 4 3 2 4 5 0 2 1 0 2 1 0 3
4697 4701 2 0 0 0 0 2 5 2 2 5 2 2 2 0
4795 4799 5 1 0 2 1 3 5 1 5 2 1 4 0 4
149 152 2 3 0 4 2 1 1 1 5 5 4 3 0 2
948 959 4 1 5 3 5 1 0 5 5 5 1 1 4 1
6573 6575 5 5 3 5 5 0 4 1 1 1 3 3 5 0
6821 6821 0 0 0 0 0 0 0 0 0 0 0 0 0 0
5977 5977 0 0 0 0 0 0 0 0 0 0 0 0 0 0
7623 7639 2 3 5 0 5 2 5 0 5 5 0 4 1 2
77 134 2 2 0 5 5 5 1 3 5 1 2 4 1 3
5060 5060 0 4 4 0 4 4 4 0 0 4 4 4 0 2
3111 3113 1 2 3 4 1 5 3 4 0 0 0 3 4 2
1129 1129 3 1 0 1 2 4 2 0 5 1 5 1 1 1
4332 6041 2 0 0 3 5 4 5 0 4 1 2 2 4 2
3834 3842 0 5 3 3 5 5 0 2 5 5 0 1 0 1
454 458 0 3 1 0 0 1 2 5 4 0 3 5 0 2
5924 5950 2 4 2 0 4 5 4 2 1 1 0 4 5 0
980 3508 1 1 0 0 4 1 3 1 0 4 5 1 4 3
3356 3356 0 0 0 4 4 2 2 4 4 2 0 0 2 0
7091 7097 0 1 4 0 3 0 2 1 5 4 5 2 5 5
3589 3593 0 4 4 0 2 4 4 0 0 0 0 2 0 4
23 808 0 4 3 2 5 2 3 1 3 4 5 1 5 2
4659 4671 1 2 0 0 3 0 3 1 5 5 2 4 1 5
5520 5529 3 2 0 3 5 3 4 1 2 1 1 1 2 3
5857 5882 3 0 1 1 0 2 3 4 5 1 3 2 2 2
3910 3914 3 4 5 5 4 4 0 4 4 5 0 5 5 0
6401 6401 0 5 0 5 4 5 3 3 0 3 3 1 5 0
4640 4640 0 1 4 2 4 3 3 4 2 3 2 4 3 4
370 380 4 0 5 0 5 3 5 3 0 4 1 1 2 1
1935 4338 5 5 3 0 0 5 2 0 2 4 1 2 4 4
6867 6875 5 3 4 4 3 0 0 5 0 1 4 5 5 0
6735 6742 1 5 1 3 1 4 4 4 3 1 2 0 5 3
322 328 0 5 3 2 3 1 3 2 4 1 2 0 2 4
1319 2291 5 4 3 3 3 2 1 1 3 1 1 4 0 0
1015 1015 0 0 0 0 0 0 0 0 0 0 0 0 0 0
5216 5221 5 4 1 1 4 5 5 3 0 5 1 5 1 5
6281 6285 5 0 2 2 1 4 0 4 2 0 2 3 4 2
4473 4911 2 1 5 5 1 4 1 1 4 0 3 5 1 1
5587 5587 0 0 0 0 0 0 0 0 0 0 0 0 0 0
1727 1738 5 2 1 3 2 5 4 1 2 1 5 4 0 3
4434 4436 4 0 4 2 2 0 2 2 0 0 4 4 4 4
613 6493 4 3 4 1 2 5 2 5 1 4 5 3 0 0
3992 3992 5 5 5 1 4 3 0 0 4 0 4 0 3 2
3280 3292 5 5 4 2 5 4 5 5 1 5 3 2 4 4
1396 1401 3 5 4 0 2 2 2 3 4 5 2 0 4 4
1558 1691 0 5 1 1 5 5 0 5 2 4 1 3 5 5
5102 5102 0 0 0 0 0 0 0 0 0 0 0 0 0 0
2674 2684 2 0 4 1 4 0 4 2 2 1 2 5 5 5
6039 6045 3 3 3 1 5 5 4 2 3 4 2 2 3 0
3642 3649 4 4 2 0 3 3 2 0 2 5 4 4 4 4
7275 7275 4 4 2 0 2 0 2 0 0 2 2 4 2 4
1927 1934 4 5 4 4 3 4 1 2 4 5 2 4 3 4
7160 7173 2 0 2 2 4 0 2 2 2 4 2 4 4 0
3864 3961 1 5 0 4 1 4 4 0 3 2 0 5 4 1
3477 3482 4 3 0 1 3 0 1 5 2 2 1 4 2 4
3158 3161 2 1 2 0 3 4 3 5 0 5 4 2 5 5
7987 7990 4 4 1 4 5 2 5 1 4 4 1 2 0 1
23 63 2 2 4 0 4 2 0 2 0 4 0 0 0 2
4601 4612 4 1 4 4 4 5 2 4 4 3 1 5 5 3
2972 2975 2 2 2 0 2 2 1 3 4 3 4 4 1 0
1481 1487 5 0 1 1 2 2 5 1 2 0 2 3 3 3
7186 7198 3 1 0 3 1 4 5 0 1 2 1 2 3 0
2801 2805 1 1 5 3 5 2 3 3 5 0 5 4 5 2
7983 7990 4 2 3 0 2 0 1 2 2 3 4 0 4 1
1672 1680 4 5 0 5 0 4 1 4 0 2 2 1 2 4
110 3802 4 2 5 1 2 3 4 5 2 2 3 5 4 4
3434 3434 0 4 2 0 0 4 0 0 0 4 0 2 0 0
3771 3771 3 1 0 2 1 3 4 5 1 4 5 2 3 3
4605 4606 2 4 5 5 0 2 4 1 1 4 2 4 4 5
4721 4730 2 0 1 3 5 3 0 5 3 5 4 0 3 3
7014 7014 0 0 4 2 4 2 2 4 2 2 4 2 2 2
2877 2885 4 5 5 2 5 4 1 4 5 4 5 1 0 0
5242 5251 5 5 4 2 4 5 5 2 2 0 1 0 1 3
2388 2396 0 3 1 4 1 4 5 5 2 0 1 5 0 0
4987 4988 0 1 2 5 0 4 2 5 0 4 5 2 2 3
3074 3077 4 0 4 0 2 4 4 1 0 4 3 1 1 5
1182 1194 3 3 2 4 0 1 4 0 0 3 4 0 4 5
5534 5542 3 0 3 4 0 4 1 0 0 1 0 3 5 0
3171 3171 3 0 0 3 3 3 0 3 0 3 0 0 0 0
4493 4497 1 5 5 0 5 5 4 4 0 3 0 1 0 0
6756 6757 4 4 0 0 2 4 4 2 4 0 4 2 0 4
2450 2461 4 0 3 2 2 1 1 1 1 5 3 5 1 5
3953 3960 2 1 4 1 4 2 5 4 5 5 0 3 2 5
6997 7000 0 1 0 3 3 5 0 2 2 4 2 5 5 4
6878 6878 4 3 3 1 1 1 1 5 5 4 4 2 1 0
4680 5208 3 4 5 2 5 0 0 5 4 2 2 2 5 2
4037 4037 0 4 5 1 0 0 3 5 0 0 1 0 2 0
4935 4944 5 5 2 5 0 0 3 2 1 3 5 5 1 3
2224 2240 2 5 1 0 2 0 0 3 4 3 2 3 5 2
6002 6011 5 5 0 4 2 3 1 2 5 1 3 3 2 4
2142 2142 0 2 4 2 0 0 4 4 0 4 2 0 4 0
1754 1766 0 0 1 5 3 0 3 0 3 0 5 1 1 5
5724 5736 2 2 1 0 1 4 0 0 5 4 5 1 3 1
7497 7498 3 4 0 1 4 0 2 2 2 1 5 0 0 4
3440 3440 3 0 3 0 3 3 0 0 0 0 0 3 3 0
2729 2741 3 3 3 3 1 1 4 5 1 0 3 1 3 1
6836 6838 0 5 1 1 1 1 4 2 2 4 5 4 5 4
1025 1934 3 5 3 3 2 2 0 2 4 0 3 1 1 5
7567 7567 0 4 4 4 4 2 4 2 2 0 2 2 4 0
5250 5255 2 4 0 2 2 0 0 4 4 2 0 2 0 2
1371 1395 3 5 3 1 4 2 0 5 1 2 3 2 2 1
1082 2093 0 5 1 1 0 5 5 5 1 3 2 0 2 3
4477 4483 2 3 4 1 0 0 3 1 0 4 3 4 0 1
2870 2877 4 3 1 1 3 5 2 4 1 5 0 4 4 1
1872 1873 2 0 3 0 0 5 3 0 3 2 3 5 2 3
2338 2339 1 2 0 4 3 2 4 2 0 1 1 3 1 0
4210 4210 0 1 1 3 1 1 3 4 1 0 1 1 1 2
2739 2739 1 2 4 0 2 1 0 2 0 4 5 4 4 4
4099 4109 4 3 3 0 3 0 4 0 1 5 4 2 2 1
1229 7841 0 0 4 1 2 1 4 3 0 1 0 3 5 0
2654 2654 2 2 5 3 5 5 5 1 4 1 5 1 0 3
1407 1419 0 1 0 5 0 0 4 0 0 3 0 3 4 3
4991 5012 1 4 3 5 3 3 5 0 0 5 0 1 3 5
2989 2993 4 3 5 3 3 4 2 4 5 5 3 1 2 4
3548 3560 3 3 2 0 2 2 3 2 0 3 4 1 4 3
2983 2986 1 1 2 4 3 5 2 4 5 1 1 4 5 4
4259 4281 2 3 5 1 1 2 4 1 1 3 3 2 5 2
7520 7658 2 1 3 1 2 0 0 0 5 4 4 0 3 5
5411 5411 4 1 0 5 2 3 1 4 4 0 0 1 2 4
1283 1291 4 2 0 4 3 2 4 2 2 1 3 3 0 5
3348 3361 1 0 2 5 2 4 5 0 0 0 2 2 4 1
7094 7097 5 4 0 3 1 4 2 0 5 3 5 0 3 2
3281 3281 0 3 0 3 0 0 3 3 3 3 3 3 3 3
1449 1461 3 1 0 0 5 1 4 0 1 2 1 1 4 3
7672 7683 3 4 2 3 4 1 0 2 2 2 0 3 2 5
1006 7761 0 1 0 3 1 1 5 5 0 5 4 0 4 2
1792 1799 3 5 1 1 2 2 0 5 1 0 3 0 1 5
5646 5657 4 2 3 3 0 2 5 3 2 4 2 2 3 4
899 909 1 0 1 0 0 3 1 3 1 1 2 3 0 1
592 603 0 3 0 5 0 3 2 0 4 0 4 0 2 5
7879 7891 2 3 2 2 3 1 3 2 1 1 5 2 3 2
2117 2124 5 5 1 3 3 3 3 5 3 3 4 5 1 2
5079 5096 5 5 0 3 3 5 3 3 2 5 4 2 2 5
2693 4488 3 5 4 2 1 1 2 3 0 2 1 3 3 4
5127 5127 0 3 3 3 3 3 3 3 3 3 3 0 0 3
553 557 3 5 2 2 2 4 1 1 3 5 5 4 3 2
17 17 0 0 0 3 0 0 3 0 0 3 3 0 3 0
2473 7437 4 1 5 2 0 5 1 0 1 3 3 4 2 1
112 112 5 0 2 5 1 0 0 0 1 4 1 1 0 0
3787 3787 5 1 3 4 4 2 1 5 5 5 1 5 5 1
4417 4421 2 0 4 3 1 1 2 2 3 4 0 4 2 4
7848 7853 0 3 5 3 2 5 3 5 3 1 2 4 5 3
2260 2260 3 1 3 4 4 5 0 1 4 2 0 0 4 1
5496 5497 1 1 2 0 5 2 3 4 0 1 5 1 5 4
6592 6597 2 5 0 4 0 1 0 2 3 0 0 1 5 3
295 6068 1 5 3 1 4 1 3 2 4 2 5 4 2 4
6616 6616 4 0 4 2 0 0 0 4 2 0 0 0 0 4
5559 5559 0 2 1 0 2 5 4 2 1 5 5 5 0 5
1670 1685 1 2 3 1 1 3 4 0 0 4 4 0 1 3
5653 5664 3 3 2 0 2 4 2 4 2 4 1 5 2 2
6565 6575 2 0 2 1 3 5 3 0 1 5 4 2 0 3
7627 7640 0 4 0 0 1 4 3 5 1 3 0 3 4 3
29 30 3 5 4 0 5 4 2 2 2 5 3 4 0 0
5184 5187 4 1 1 5 5 1 4 3 3 5 4 0 5 2
288 288 0 0 0 0 0 0 0 0 0 0 0 0 0 0
798 804 5 2 4 3 5 4 2 1 4 1 1 3 0 5
5205 5230 5 3 0 5 2 0 4 2 4 3 3 2 5 2
3032 3043 5 2 0 1 2 1 1 3 4 5 3 5 1 2
5876 5876 0 3 3 3 3 3 0 3 0 3 0 3 0 0
7915 7927 4 4 4 1 2 1 4 3 0 4 0 0 0 5
7079 7103 4 5 2 4 0 1 1 1 1 5 5 1 1 1
3489 4197 0 0 4 0 1 4 1 0 5 2 2 4 5 2
4718 4718 0 0 0 3 0 3 0 0 0 0 0 3 3 3
4466 4478 5 2 4 4 1 1 4 1 1 0 5 0 2 4
4548 4560 3 4 0 1 4 4 3 1 4 3 0 4 4 3
2856 2866 2 4 0 4 0 2 3 4 1 5 3 3 5 5
384 384 1 1 1 1 1 4 0 0 5 3 2 3 2 3
2844 2853 0 4 3 2 5 1 1 3 3 3 4 1 3 1
1434 1436 4 3 1 0 4 3 4 3 0 1 0 5 4 5
618 839 3 3 3 3 1 5 1 2 4 4 2 5 0 1
3638 3650 4 4 0 5 0 2 2 2 5 5 2 0 1 1
6942 6943 4 3 1 1 4 3 1 5 5 5 0 5 4 3
5956 5982 0 3 0 3 0 0 0 0 0 0 0 3 0 3
7593 7599 2 2 1 5 5 3 4 5 4 2 1 4 3 2
3263 3263 0 4 2 0 4 2 2 4 2 0 2 2 2 2
4582 4582 3 1 1 2 1 1 4 3 3 1 4 2 1 2
4332 4356 3 3 3 1 0 1 4 5 0 0 5 3 4 2
2843 3607 0 2 2 0 4 0 0 0 0 0 0 0 2 2
56 56 3 1 2 3 5 4 1 4 3 3 3 2 1 2
673 684 0 0 0 0 0 3 3 3 0 0 3 3 0 0
5192 5197 1 1 2 4 4 5 0 0 5 2 0 3 4 5
1226 7345 4 5 5 0 2 2 1 4 3 1 5 4 5 3
7386 7386 1 4 0 4 4 3 3 1 1 5 4 1 5 4
5424 5435 1 2 3 2 3 5 1 3 5 0 4 3 3 5
2393 2405 4 3 4 3 2 4 4 3 4 2 3 1 2 0
2236 2487 5 0 3 5 5 5 4 4 4 4 0 5 3 0
349 349 3 4 2 5 3 0 0 3 2 4 2 2 2 4
1088 1096 2 4 2 3 1 0 5 3 5 4 5 5 5 1
4903 4916 2 2 0 5 2 3 2 5 0 1 4 4 1 5
7434 7446 4 2 1 3 5 4 2 0 1 0 4 2 0 0
4106 4116 2 1 4 4 0 2 4 4 2 3 1 4 5 5
1341 1349 2 1 0 2 0 1 3 0 2 5 0 3 2 4
5513 5514 2 5 3 5 0 3 2 3 0 0 0 0 1 0
1560 1562 3 2 4 5 0 4 0 0 5 3 5 1 4 2
2150 2161 2 3 2 1 5 5 1 3 1 1 4 3 4 0
7885 7898 4 5 3 3 4 3 0 0 2 1 3 2 1 2
2186 2211 0 3 0 4 2 4 1 2 1 4 4 4 1 0
4084 6362 3 2 1 4 3 3 4 4 2 4 3 1 3 0
6602 6602 0 2 0 2 2 4 4 0 2 2 4 2 2 2
7758 7760 3 5 0 1 1 1 4 2 3 5 5 5 3 1
6503 6514 1 3 0 1 0 5 2 4 0 0 3 5 2 2
1290 5470 4 1 3 5 4 1 4 1 2 2 0 5 1 4
528 529 1 3 2 2 0 3 1 1 2 1 5 0 5 2
7842 7846 3 0 0 1 0 2 1 4 5 2 3 4 1 2
2890 2899 4 2 0 4 4 2 2 0 2 4 4 0 4 0
648 649 4 1 5 5 5 0 3 1 0 2 4 4 0 2
4830 4839 4 1 0 3 1 1 2 1 3 2 1 0 3 4
7161 7165 5 0 3 5 1 1 2 4 4 2 0 5 2 0
5951 5961 2 3 4 5 0 0 4 2 5 4 3 0 5 1
32 3790 0 1 2 5 0 5 1 3 3 0 4 2 4 3
1294 1294 2 3 2 3 1 2 5 2 2 1 0 4 4 1
2607 2610 1 1 3 5 0 3 1 4 4 0 4 4 0 0
3937 3941 4 2 4 2 5 2 0 3 3 1 5 4 1 3
6677 6685 1 3 2 2 3 5 5 1 0 2 2 5 1 5
7742 7742 3 1 1 0 3 0 0 0 4 0 0 2 1 2
4151 4160 0 1 3 4 1 3 4 5 1 3 0 3 3 1
3414 3417 5 0 3 1 2 3 1 0 3 1 3 2 2 5
1769 1774 2 0 3 4 2 0 0 5 2 2 1 0 1 1
3998 4005 3 2 2 5 1 3 1 1 2 4 4 2 1 3
223 234 4 0 0 0 3 4 0 5 0 1 1 5 5 0
7163 7169 5 1 4 3 0 2 5 5 0 0 2 2 3 0
2017 2945 0 1 3 5 0 2 4 2 5 3 0 3 5 4
4094 4102 0 2 2 5 4 3 4 4 2 3 1 4 0 2
2594 2597 1 2 5 3 3 3 0 4 0 1 1 3 3 1
3201 3209 0 2 3 3 0 3 4 3 2 1 2 3 4 1
7270 7276 1 4 4 3 3 1 1 0 4 0 4 3 5 5
7645 7645 0 0 5 3 4 2 0 4 2 5 5 3 3 4
5307 5310 5 3 0 3 5 1 2 3 0 3 5 1 4 2
7164 7164 2 5 2 0 2 3 1 0 3 5 1 1 3 4
4475 7249 0 4 2 1 0 0 5 0 5 2 5 0 5 1
6783 6790 3 5 1 0 3 5 2 4 1 2 2 3 0 5
810 822 4 5 3 3 4 0 4 5 5 4 2 1 5 2
2345 2353 4 4 1 3 1 0 3 1 5 2 2 2 0 5
3709 3711 5 2 4 5 5 4 2 4 2 4 1 5 0 1
5532 5532 0 2 2 2 0 2 4 2 4 4 0 0 4 4
2666 2668 2 2 1 2 4 2 2 0 3 0 4 5 2 4
6493 6499 5 1 5 1 2 0 0 1 5 2 1 2 2 0
1790 1813 5 2 2 4 1 2 5 4 5 5 1 1 4 2
2141 2141 0 0 0 0 0 0 0 0 0 0 0 0 0 0
709 720 3 5 4 5 3 2 1 2 1 2 2 0 3 1
3240 3260 1 4 0 0 0 0 0 4 1 1 3 5 1 3
7439 7485 3 3 5 4 3 3 3 0 1 2 5 1 3 1
1356 1360 4 2 3 4 2 3 0 5 4 2 0 1 0 4
3030 3042 1 0 5 5 5 3 1 0 0 4 2 1 0 5
3101 3110 4 5 1 4 3 2 2 4 3 0 4 1 1 0
1921 3312 2 0 2 2 5 2 0 1 2 5 2 1 1 4
1714 1714 5 5 3 1 2 0 4 5 5 3 4 4 3 0
2907 2907 1 0 0 2 5 2 3 1 4 5 4 2 0 3
7034 7060 4 5 0 2 3 1 2 4 1 3 5 1 1 4
327 1091 4 4 0 4 0 1 2 0 1 5 0 4 1 4
3121 3124 5 4 5 3 4 1 4 0 3 5 3 3 3 2
1239 1251 2 3 5 0 0 0 4 3 5 0 5 0 4 4
5585 5593 3 1 2 2 1 1 2 3 4 1 1 1 4 1
4643 4961 0 4 5 3 4 4 3 4 4 4 0 1 1 1
5627 5627 4 4 0 4 0 2 0 4 4 4 0 4 0 0
4329 4334 4 4 2 2 2 5 5 3 2 4 0 0 2 5
409 416 0 5 1 1 3 5 0 0 4 2 5 2 0 2
2063 5695 5 2 2 0 0 1 4 5 5 2 0 2 4 1
7413 7413 0 0 0 0 0 0 0 0 0 0 0 0 0 0
7532 7535 3 5 4 0 2 3 1 3 2 0 4 5 5 0
6829 6833 4 0 3 4 4 2 5 0 4 0 3 2 0 2
7630 7642 3 2 4 4 1 5 2 4 0 0 3 3 4 4
2970 2970 2 4 0 0 0 2 2 4 4 4 4 2 0 2
5160 5166 3 1 2 1 0 1 5 3 1 5 0 3 0 3
5102 5106 4 5 2 5 5 3 0 2 5 4 2 5 2 1
3724 3735 2 4 2 0 4 2 2 3 5 3 2 1 0 2
5434 5434 3 2 1 2 1 1 5 4 2 3 5 2 3 2
7055 7056 1 5 2 5 4 3 3 0 1 2 5 5 1 2
363 376 0 3 5 2 5 1 3 4 4 3 5 4 1 0
1886 3136 4 0 3 1 4 0 5 5 1 2 4 2 3 1
18 18 3 5 1 5 4 0 5 4 1 4 5 3 2 3
7269 7279 0 3 3 5 4 2 2 0 1 4 1 0 2 5
6513 6538 5 1 4 3 4 2 1 4 4 4 2 3 1 2
6322 6329 1 5 3 0 4 3 4 2 5 2 3 3 1 2
3793 3793 4 5 3 4 5 1 1 3 5 0 5 1 4 0
4981 4992 1 0 0 3 3 1 3 3 4 3 1 1 3 3
750 756 4 1 1 1 2 3 3 3 0 4 5 4 1 2
6731 6740 3 2 2 0 2 5 1 4 2 2 3 3 3 0
2276 2284 5 5 5 1 0 2 0 2 1 1 3 3 0 2
6105 6110 0 0 0 0 0 0 0 0 0 0 0 0 0 0
5016 5018 1 4 4 0 5 3 0 0 4 2 2 0 5 2
4868 4880 2 4 5 5 2 3 2 5 1 3 0 1 1 5
2342 2342 4 2 0 4 4 4 0 2 2 2 0 2 4 0
3364 3371 0 4 4 4 4 4 2 0 4 4 0 4 0 0
7161 7170 2 3 2 1 2 0 0 5 0 3 1 0 4 0
6341 6353 1 0 3 0 4 3 4 2 4 0 4 2 5 3
437 437 5 5 0 2 2 4 0 5 0 2 0 0 2 5
4778 4781 2 1 3 4 3 1 4 5 3 0 2 5 4 2
2409 2418 4 0 5 4 0 0 0 3 3 3 2 0 2 1
2291 4224 1 2 1 0 0 4 4 3 1 0 5 1 4 2
7369 7369 2 0 2 2 2 0 2 2 2 2 0 2 0 2
5606 5609 4 1 0 0 1 3 1 3 2 4 0 4 5 2
7200 7221 3 2 4 2 4 1 3 2 5 1 2 4 1 4
295 307 5 3 5 5 1 2 5 2 1 4 1 5 4 3
1029 1029 0 5 1 0 4 3 3 1 2 4 0 2 4 5
88 88 0 3 0 3 3 3 0 0 0 0 0 3 0 0
4739 4761 0 4 4 0 4 0 0 4 0 4 4 0 4 2
5516 5526 3 1 1 3 1 1 1 0 0 5 1 5 2 4
5497 5507 0 5 5 4 2 0 2 3 2 2 0 0 2 5
3233 3245 4 1 1 0 1 1 1 2 4 0 0 2 5 3
1264 1290 4 3 1 4 1 4 0 0 3 1 1 3 3 0
2747 7164 3 1 1 2 2 3 0 1 1 3 1 5 1 2
2561 2561 1 0 1 3 5 0 1 3 4 5 4 5 3 0
5854 5854 0 0 0 0 0 0 0 0 0 0 0 0 0 0
909 917 3 5 1 5 3 5 3 4 0 1 2 3 2 1
7974 7977 3 5 2 1 0 2 5 3 0 5 2 5 5 0
5054 5054 3 5 3 2 4 5 5 5 1 3 0 5 3 1
2764 2775 0 0 4 0 3 2 1 4 0 4 0 2 4 3
6009 6009 5 4 2 3 4 3 1 4 4 5 1 0 4 3
7488 7493 3 4 4 2 5 3 0 2 4 2 2 2 3 0
6728 6732 4 5 1 0 1 3 3 5 2 4 4 5 3 1
7408 7412 0 0 5 4 5 2 3 1 5 3 1 2 4 5
2892 2897 0 4 3 4 5 5 3 1 1 1 1 2 3 5
1426 5798 4 4 2 3 2 4 2 1 2 3 3 4 3 4
2331 2331 3 0 1 1 0 2 5 5 1 5 4 2 2 1
7764 7768 4 1 1 4 1 3 2 5 2 2 5 3 2 0
7231 7237 2 4 4 1 1 3 1 0 1 1 0 4 3 5
1328 4184 0 3 5 5 0 5 1 1 2 5 2 3 2 3
801 807 5 0 1 3 3 2 5 5 4 0 4 0 3 4
4224 4231 5 4 2 2 5 3 3 1 1 5 0 4 4 3
4092 4099 5 2 5 2 4 4 0 4 3 4 0 1 1 2
6382 6781 3 4 2 0 3 0 0 3 0 1 5 4 2 4
1197 1207 2 1 4 2 1 1 1 3 2 0 2 5 1 4
7023 7035 4 0 1 1 4 3 2 5 0 3 5 3 2 5
428 438 2 4 5 4 2 1 4 1 4 2 5 0 2 5
4041 4041 0 0 4 2 0 1 0 5 4 3 5 5 3 2
5757 5760 0 1 2 5 1 1 0 2 0 0 0 0 5 0
4946 4946 3 3 5 5 5 4 2 3 5 3 4 5 1 1
2439 2460 3 1 1 2 1 3 2 5 1 5 4 4 4 2
581 3023 0 4 0 1 3 1 2 2 0 4 3 0 3 1
4934 4935 2 1 3 2 4 5 0 4 4 1 1 3 2 4
1738 1741 5 2 5 1 0 3 0 1 0 4 1 3 5 4
4438 4444 3 3 2 3 4 0 1 1 4 4 2 2 3 4
1923 1923 3 2 3 4 0 1 2 3 5 1 3 2 1 4
2274 2275 4 2 4 5 3 0 0 3 4 0 4 1 5 2
5372 5385 5 0 4 4 0 4 4 1 3 1 5 5 0 0
6336 6348 2 3 5 4 1 5 4 1 2 4 3 2 0 3
6811 6821 3 2 1 3 5 3 2 3 0 2 3 2 5 1
3614 3614 5 4 2 4 3 0 0 0 0 2 0 2 3 3
3925 3926 3 0 2 1 1 1 3 5 1 0 2 3 3 0
5145 5150 3 1 4 0 3 0 1 3 1 4 5 1 0 2
3735 3735 1 0 5 1 5 1 4 3 3 5 3 3 3 2
7900 7900 4 0 2 4 2 2 0 0 4 2 0 0 0 2
6 9 5 4 4 2 4 5 3 0 3 5 3 0 5 4
1197 1224 3 1 4 3 5 5 3 0 0 3 4 3 2 5
1769 6271 0 5 5 1 0 1 1 2 4 4 4 0 0 2
670 670 3 0 3 0 0 3 3 0 3 0 0 3 0 0
7983 7991 2 0 0 5 5 5 0 5 1 5 1 3 1 0
608 619 1 5 2 4 5 2 1 0 4 1 5 0 2 4
2757 5605 1 4 0 1 2 3 3 2 4 1 5 4 3 2
2541 2541 2 0 0 2 0 2 2 2 2 0 0 0 4 4
5868 5869 5 0 3 0 1 5 4 4 2 3 0 3 3 2
2084 2107 4 0 2 0 4 4 4 4 2 0 2 2 0 2
1340 1904 1 3 5 2 0 2 5 2 2 3 0 1 4 0
2101 2109 0 2 0 4 4 4 3 4 4 2 4 3 5 4
2576 2578 4 3 1 2 0 4 1 0 5 5 3 1 5 2
397 423 0 4 5 5 4 0 5 4 0 3 3 0 2 4
5817 5828 4 4 4 3 5 0 5 2 2 4 2 0 4 2
426 437 4 0 5 0 5 1 0 1 1 1 4 4 2 4
1167 1178 3 4 5 4 3 3 5 4 3 1 3 3 2 5
6182 6189 4 4 4 3 2 2 4 2 1 2 0 4 1 4
1754 7926 0 4 1 5 3 0 1 2 4 3 4 0 0 1
4209 4209 4 4 2 4 0 2 4 0 4 4 2 4 0 2
2587 2590 2 0 5 1 0 2 4 3 5 4 4 3 3 2
4135 4139 5 0 5 0 0 4 2 2 1 2 0 3 3 1
2206 7053 4 0 3 4 5 5 3 3 4 5 3 0 2 5
2697 2697 3 5 5 2 0 1 0 2 4 0 2 2 3 2
1565 1571 0 5 5 1 4 2 2 1 2 2 3 2 3 2
5553 5555 1 2 1 1 0 0 3 4 2 1 2 2 5 5
3666 3669 2 0 0 0 5 4 0 4 4 0 4 4 4 5
4108 4109 5 3 3 2 0 0 3 4 3 1 5 0 1 1
3301 3309 0 4 0 2 2 0 0 2 0 2 4 4 2 2
5218 5232 4 2 4 2 5 1 5 3 3 3 4 5 4 1
7085 7094 1 5 2 1 5 4 5 0 2 3 5 5 2 0
6844 6844 2 0 3 1 1 4 3 2 5 5 3 4 2 2
7037 7044 3 5 2 0 4 0 4 3 0 4 3 1 5 5
5987 5994 4 0 3 3 3 4 3 2 2 0 4 1 1 1
3225 3228 4 3 0 0 1 5 4 5 2 0 2 0 5 4
7271 7283 1 0 0 5 3 4 3 2 1 2 4 5 0 1
7814 7816 0 5 3 1 2 0 4 2 0 0 1 4 4 1
4168 4178 4 1 0 1 3 5 3 3 4 2 2 0 1 0
353 694 3 3 3 1 4 2 2 2 5 3 5 2 4 1
2312 2314 2 0 2 2 4 3 1 2 1 0 2 4 1 1
7711 7723 2 0 5 1 3 0 2 0 4 0 2 3 4 3
5446 5467 3 2 0 4 1 0 5 1 1 5 0 3 3 1
2210 6362 1 0 3 4 5 3 3 1 5 4 4 2 3 4
2060 2064 0 1 1 1 1 3 3 1 2 3 5 4 4 4
4623 4634 5 1 3 0 1 3 5 1 0 0 5 0 0 3
3099 3104 1 1 0 2 4 1 5 5 2 5 2 4 0 4
816 2801 2 0 5 4 1 4 1 5 3 1 5 0 2 2
3998 3998 4 4 0 4 2 4 2 4 2 2 2 4 4 4
398 403 2 0 5 5 3 5 5 1 0 1 4 2 1 3
451 453 2 0 1 4 2 3 0 0 1 3 0 5 0 1
5589 5592 0 0 3 3 1 1 2 3 0 2 4 3 4 2
4747 4747 0 3 0 3 3 0 0 0 0 0 0 3 3 3
3075 3080 5 4 3 3 3 5 1 4 4 4 1 1 2 5
725 727 0 3 0 1 2 3 0 0 4 0 0 1 3 0
2541 4195 2 1 3 0 5 2 5 3 4 4 1 5 5 0
3196 3196 0 1 0 1 4 1 0 5 5 4 2 5 3 1
2901 2901 3 1 3 0 1 4 5 1 5 2 4 4 1 2
1430 1433 4 2 4 2 0 2 4 4 0 2 0 2 2 2
7641 7644 4 5 0 4 2 5 3 0 4 5 3 2 1 2
2022 2030 4 3 2 0 2 0 2 0 2 4 1 3 1 5
6992 6996 4 4 5 5 5 4 1 0 0 0 3 0 4 5
579 594 5 1 0 5 4 2 3 2 5 4 1 1 1 5
751 762 0 3 4 2 4 1 0 1 5 0 2 2 0 5
5041 5041 0 3 3 3 3 0 3 0 0 0 3 0 0 0
7026 7037 2 2 1 4 2 2 0 5 3 5 1 2 1 2
2354 2374 3 1 4 2 5 5 4 3 3 3 2 2 2 4
3804 7200 0 0 5 1 2 1 2 5 5 0 1 0 0 4
1940 1948 4 2 0 0 4 4 5 3 3 5 5 2 3 1
2488 2495 4 5 5 0 1 0 4 5 3 4 1 0 2 1
832 839 3 1 0 4 2 0 1 5 3 0 5 0 1 2
531 4751 4 2 5 0 0 1 4 0 1 0 4 5 5 5
373 377 2 5 0 0 4 3 0 1 2 1 0 1 2 1
947 949 5 5 4 2 1 2 4 0 3 2 5 3 4 1
7402 7403 1 5 4 2 1 3 1 0 0 3 0 1 2 1
4150 6180 0 3 1 5 2 0 0 0 3 1 1 0 4 1
5130 5140 1 3 2 4 0 4 4 4 3 1 3 3 5 5
7501 7505 2 5 5 3 0 0 4 4 1 0 0 5 0 0
2356 2365 4 0 2 0 1 2 0 2 1 4 4 2 5 4
5228 5238 0 5 0 0 1 2 0 0 2 2 3 4 1 5
1899 1899 0 0 0 0 0 0 0 0 0 0 0 0 0 0
3020 3032 2 4 5 1 2 3 0 2 4 4 2 5 0 3
7392 7412 0 4 2 4 3 4 0 4 1 3 5 3 2 3
6118 6119 2 1 2 1 2 0 0 4 4 1 2 4 5 2
6393 6393 0 0 0 0 0 0 0 0 0 0 0 0 0 0
6180 6183 2 0 3 4 2 2 0 4 3 5 5 3 2 4
7308 7330 3 2 3 0 5 3 1 3 2 2 0 2 1 5
2538 7025 3 4 3 5 2 1 3 1 2 3 5 0 2 5
681 685 3 1 1 2 1 2 1 2 5 4 4 1 0 3
4092 4101 0 1 0 1 0 1 1 5 2 4 5 2 1 2
5946 5951 3 4 4 4 1 5 4 5 1 5 1 5 0 4
5415 6662 0 3 0 1 3 3 2 0 2 3 4 1 4 4
3972 3974 0 1 0 1 5 1 1 0 3 4 0 1 1 4
6853 6858 0 0 0 4 1 4 3 5 2 1 1 1 4 4
3841 3844 1 4 0 4 0 5 2 1 0 3 5 2 1 1
2285 4797 1 2 1 0 3 5 1 3 2 5 0 0 1 4
1495 1498 5 5 3 2 3 4 0 1 3 2 5 2 2 3
6336 6348 4 0 1 1 3 4 1 3 1 2 4 3 1 3
6203 6204 0 0 0 0 0 0 0 3 0 3 0 3 3 0
7985 7987 3 0 0 3 1 4 5 0 3 5 1 2 2 5
6359 6366 1 2 4 1 0 3 2 1 1 2 3 2 5 0
5678 5683 1 1 1 3 3 4 5 3 4 0 2 5 1 0
6160 6168 2 5 1 1 5 4 0 3 0 2 4 3 0 2
2387 2395 3 5 5 5 5 3 1 5 0 0 0 2 1 5
3533 3533 4 0 4 2 4 4 0 4 0 0 2 2 4 4
7741 7745 2 5 2 2 4 1 5 0 4 2 5 3 1 4
4801 4810 3 5 0 3 2 5 5 2 4 2 0 2 1 4
3031 5231 1 5 1 2 5 2 0 0 2 4 0 4 1 5
62 68 2 2 1 3 5 5 2 3 4 5 5 5 1 2
3501 3511 3 4 1 3 4 4 5 1 2 5 2 3 1 4
5784 5806 0 3 1 1 0 5 3 4 2 2 4 1 0 4
175 182 0 2 4 5 4 4 5 5 0 1 3 3 1 1
5091 5102 3 4 4 5 5 4 2 3 3 3 5 3 1 1
1748 1755 4 0 2 1 3 5 5 2 3 5 2 0 3 2
5085 5098 4 4 3 3 2 5 1 2 5 4 2 1 2 4
78 85 0 0 5 3 4 2 2 2 2 2 5 5 3 3
3768 3769 3 1 5 2 4 4 5 3 3 5 5 5 5 5
2898 2899 3 2 3 2 3 1 2 4 2 4 5 3 4 3
7833 7837 3 3 0 4 3 5 2 0 5 2 3 4 0 0
3648 4143 5 5 5 1 3 0 4 0 1 5 4 0 4 0
5471 5481 1 3 4 0 5 0 1 1 0 3 0 5 4 5
5340 5352 3 3 5 2 5 2 3 3 1 1 2 3 3 4
6305 6306 5 4 5 4 5 1 2 1 3 5 4 5 3 5
608 956 3 5 1 0 5 0 0 3 2 3 0 3 2 4
6827 6827 0 4 2 2 0 0 4 0 4 2 0 4 4 4
3920 3927 2 5 4 4 3 2 3 3 0 5 2 5 5 0
1825 1851 4 5 4 5 2 1 5 4 3 5 4 0 1 4
2441 3556 4 0 3 2 0 0 4 0 1 0 1 2 2 3
4044 4044 0 0 0 0 0 0 0 0 0 0 0 0 0 0
7887 7891 4 0 3 4 4 3 5 1 5 2 0 1 2 0
4734 4748 3 4 3 2 5 1 5 2 3 3 2 5 4 0
3908 3910 3 5 5 0 3 3 2 0 2 5 5 1 1 4
809 809 4 0 5 0 4 3 2 3 5 2 2 0 0 2
7551 7562 2 5 1 4 0 0 4 0 2 0 5 1 4 2
1853 1868 0 1 2 0 1 5 0 3 3 3 5 5 5 1
2714 3770 5 3 2 4 2 0 1 2 4 4 3 3 5 4
7250 7250 3 3 0 3 0 0 0 3 0 3 0 3 0 3
2951 2961 3 4 1 5 0 1 2 0 0 0 0 0 5 5
6647 6656 1 4 0 1 1 1 1 0 5 5 3 5 5 3
1175 1895 1 2 1 4 1 2 4 4 3 3 5 0 5 1
6152 6152 2 2 2 4 2 0 4 4 4 0 4 4 0 4
3711 3719 5 5 5 1 5 0 5 0 5 3 1 5 2 1
4029 4035 4 4 0 0 4 4 0 4 2 2 0 2 2 4
2321 2331 5 1 3 1 2 3 3 2 0 3 3 2 2 1
4414 4419 3 2 1 5 1 4 1 5 4 0 1 1 0 1
2266 2276 2 3 1 5 5 3 4 4 5 1 3 3 2 0
1615 1615 0 3 2 2 3 1 1 5 0 0 0 3 4 0
7614 7614 3 2 3 3 3 1 0 4 1 1 0 4 3 0
4686 4686 5 5 0 1 0 5 0 1 1 0 2 1 4 2
2021 2032 4 2 3 2 0 5 5 2 3 3 3 2 0 5
5621 5627 3 3 3 3 0 3 3 3 0 0 3 0 3 0
154 7207 1 2 3 5 5 1 0 1 4 1 0 2 4 1
7287 7287 0 0 0 0 0 0 0 0 0 0 0 0 0 0
5441 5450 1 0 5 0 1 1 1 5 3 2 4 1 3 3
2409 2411 0 0 5 0 2 5 2 2 4 5 3 1 5 1
3364 3375 4 0 5 4 3 5 0 4 3 3 2 2 1 2
4976 4976 2 2 2 4 2 4 4 4 0 4 4 0 4 4
1894 1898 2 1 0 1 0 2 0 1 2 3 0 4 1 1
6005 6007 1 0 3 5 5 1 3 4 4 4 4 0 2 0
5644 5656 1 3 2 3 2 5 0 5 1 4 0 4 3 5
4211 4211 3 3 0 3 0 0 3 3 0 0 0 3 0 0
7699 7711 0 3 3 3 0 2 1 2 3 5 3 5 5 5
3478 3481 0 3 2 3 4 0 1 2 3 1 4 2 0 0
1922 1923 1 1 4 4 2 5 1 4 0 2 5 1 5 1
5448 5460 4 1 1 5 4 5 2 5 2 3 4 4 0 5
4607 4607 2 4 0 0 4 4 2 2 0 2 2 4 4 4
2911 2936 4 0 2 4 2 4 5 5 3 0 4 3 4 0
448 2571 3 0 3 2 3 3 3 0 2 3 4 3 5 2
3018 3018 0 0 0 0 0 0 0 0 0 0 0 0 0 0
1313 1313 0 0 0 0 0 0 0 0 0 0 0 0 0 0
34 35 3 3 0 3 3 0 3 3 3 3 3 3 0 3
126 6861 5 4 0 3 2 0 3 2 5 3 4 1 0 3
2538 2538 3 3 3 0 3 0 3 3 3 0 0 0 0 0
5062 5065 0 1 4 4 1 5 0 0 4 1 4 3 0 4
2309 2323 4 5 5 0 4 4 5 0 4 1 0 2 2 3
1356 1360 3 0 2 5 5 5 3 4 1 4 4 4 2 3
6066 6066 4 4 0 0 0 4 0 2 2 0 0 4 2 4
1468 1472 3 2 0 3 0 2 0 4 3 5 3 0 4 0
7149 7166 4 4 1 5 1 0 0 1 2 4 1 2 2 0
54 140 3 3 4 0 0 4 0 0 4 1 2 0 0 3
6946 6951 5 0 3 4 0 2 3 0 1 4 4 2 2 0
7857 7868 1 4 1 3 0 1 5 4 2 2 1 1 1 0
5296 5315 1 0 5 2 4 0 3 4 0 1 5 2 5 2
4753 4758 2 1 0 2 5 4 4 0 4 0 0 5 4 0
4729 4731 2 5 2 2 1 3 1 0 2 3 1 0 3 1
3519 3529 3 0 2 2 0 0 0 5 4 2 5 3 0 3
5390 5401 3 1 4 2 0 3 0 4 1 0 1 5 1 4
232 359 1 5 2 3 1 5 5 5 4 1 1 4 2 0
2766 2766 3 3 0 3 3 3 0 0 3 0 0 0 0 3
6086 6099 1 1 1 5 1 5 2 5 5 1 1 3 0 1
6529 6533 2 3 1 0 1 0 4 2 2 1 3 2 0 5
688 696 3 0 2 2 5 2 5 5 1 4 1 0 4 1
2368 2376 2 1 5 0 1 1 3 3 1 5 4 4 1 0
4453 4463 5 2 5 5 5 0 2 4 2 5 2 5 1 1
4917 4926 2 1 5 1 3 2 1 2 2 5 4 4 3 5
1535 3389 0 5 3 5 2 1 5 4 2 3 2 5 3 1
5528 5529 1 4 2 5 4 5 4 5 1 5 1 5 5 3
4263 4267 3 4 0 5 4 3 3 2 2 4 2 5 0 1
2160 2166 3 0 4 0 0 5 1 5 2 3 0 5 3 1
7753 7755 5 5 5 5 1 2 0 0 4 0 5 2 0 5
929 929 4 4 0 0 0 0 0 0 0 4 4 4 2 4
5751 5761 0 0 4 2 0 2 4 4 0 0 0 2 0 0
2487 2493 3 4 1 0 1 0 2 5 5 5 5 5 4 3
4003 5628 4 5 2 4 0 3 2 5 5 5 0 2 2 4
991 1002 2 0 5 5 0 1 0 0 0 1 1 0 0 2
7949 7952 3 1 5 2 0 0 5 1 4 1 0 3 1 0
7704 7727 3 1 4 1 1 1 2 2 4 5 1 1 1 2
386 2980 2 4 4 0 4 2 0 0 2 2 2 0 4 0
5687 5687 0 4 2 4 0 2 4 0 4 0 0 2 4 2
5020 5028 2 4 1 1 5 1 5 1 4 1 4 2 0 5
2173 2198 3 3 0 0 3 0 3 0 3 0 0 3 3 3
1237 5224 4 3 2 2 5 1 4 3 3 4 2 5 1 3
2631 2637 5 0 2 1 2 2 2 0 0 1 3 5 4 3
7795 7805 0 2 0 3 0 4 4 2 4 5 2 3 5 5
1499 1522 3 3 2 1 0 5 2 0 4 4 4 0 5 2
111 1017 3 0 0 2 3 3 2 2 4 4 4 4 5 4
1962 1962 3 0 4 0 0 2 5 4 5 0 1 3 5 4
2388 2389 5 4 1 1 2 5 1 5 5 2 3 3 5 1
4792 4817 0 0 3 0 2 3 0 1 5 3 4 2 2 3
561 1628 0 0 3 4 0 5 0 3 3 4 1 2 2 1
2062 2062 3 3 0 0 3 3 3 0 0 0 0 3 3 0
4341 4344 5 3 3 3 0 5 0 1 3 4 5 1 1 3
695 701 5 5 2 5 1 5 4 0 2 5 0 0 3 1
1272 6681 0 0 0 2 1 0 4 4 0 4 5 5 2 3
952 952 3 3 3 0 0 0 3 0 0 0 3 0 3 0
6376 6376 0 3 3 0 3 0 0 0 0 0 3 0 0 0
7784 7794 5 3 3 5 1 5 2 5 0 1 3 2 1 1
3751 3752 5 3 0 4 5 3 3 3 4 2 1 3 2 2
7178 7178 5 0 5 5 5 5 5 3 1 1 0 4 1 3
914 925 4 3 5 3 5 0 0 1 1 1 0 2 2 1
5244 5250 2 0 4 4 2 0 4 0 0 2 4 4 4 0
6205 6209 5 2 4 5 0 1 5 1 0 5 3 5 0 4
5617 5625 1 4 0 1 0 1 3 2 1 5 0 3 5 4
757 767 4 5 2 3 0 2 3 2 5 2 0 4 4 0
476 487 0 2 0 4 1 3 2 0 2 2 1 2 5 0
2382 4291 1 3 0 1 2 2 2 3 1 5 1 1 4 4
6127 6127 3 0 3 3 0 0 3 3 3 3 3 3 0 0
3426 3433 2 4 0 3 0 0 3 1 4 0 2 0 5 3
3589 3593 1 4 4 0 3 4 1 5 3 1 4 4 4 3
4426 7780 0 4 0 5 0 0 1 5 1 4 2 0 2 4
3571 3571 0 3 3 0 3 3 3 0 0 0 3 3 3 0
1246 1256 4 2 4 4 4 2 0 2 0 4 2 2 0 4
3285 3301 2 3 5 3 1 0 1 2 5 0 3 3 1 4
6618 6622 0 2 4 1 0 3 3 4 5 4 0 0 5 0
1456 1456 2 2 2 4 2 4 0 4 2 2 0 4 2 2
5706 5711 5 0 3 5 3 5 3 2 1 3 5 0 1 5
6093 6099 2 0 1 2 5 0 2 3 3 5 3 2 3 4
2974 2976 1 1 2 1 5 3 1 3 1 1 4 2 2 0
5701 5705 4 1 1 4 3 5 1 3 5 5 3 5 3 4
5220 5220 2 3 1 2 2 1 1 2 5 0 5 5 4 5
815 821 1 4 1 4 3 0 1 2 5 2 4 5 3 2
1262 1273 3 0 2 0 0 5 3 5 5 0 4 0 2 5
3681 3682 2 4 1 0 3 1 1 5 4 1 1 5 3 2
4451 4461 0 4 0 4 0 4 1 2 2 2 3 4 5 3
579 584 5 1 0 4 0 2 5 4 5 5 2 4 2 0
5716 5725 3 3 4 0 2 3 0 1 2 3 2 1 1 2
3809 3809 4 2 0 0 4 2 2 4 0 0 2 0 2 4
2902 2903 1 3 0 3 3 4 5 2 1 3 5 1 1 0
3092 3108 0 0 3 5 3 0 1 4 0 1 2 0 5 5
852 1168 4 4 5 1 0 3 4 0 5 1 3 1 1 3
1788 1792 1 3 0 5 0 5 4 2 3 0 4 0 3 2
5524 5533 5 3 3 0 4 5 0 5 2 0 1 0 0 0
3086 3107 5 2 0 3 5 5 4 2 2 5 2 4 4 5
7364 7373 0 1 0 4 3 3 3 3 4 1 3 1 0 1
7647 7647 3 3 0 3 0 0 0 3 0 3 3 0 0 0
7247 7249 2 3 2 4 2 3 4 4 1 1 4 2 1 2
169 171 3 1 1 4 2 5 2 3 2 1 1 2 1 0
2152 2154 0 1 5 1 4 5 4 2 2 2 4 4 2 5
4146 4146 4 4 2 0 3 0 0 3 2 4 4 0 4 2
4054 4061 3 3 0 0 4 2 0 4 1 2 1 2 5 0
3343 3362 5 5 0 4 5 1 2 1 1 1 0 1 5 4
1513 1517 3 0 1 1 5 5 4 4 4 4 4 2 2 5
7411 7411 2 2 2 0 0 4 0 0 4 0 0 4 4 0
6498 6504 1 1 0 5 2 2 2 1 0 5 4 5 3 0
2585 2588 1 3 3 2 0 3 5 5 1 0 5 3 1 1
3121 3916 0 2 4 4 2 4 2 3 4 2 4 1 5 3
4366 4366 0 1 3 5 4 0 1 3 5 3 0 4 3 3
4736 4745 1 5 5 3 5 1 1 4 2 5 3 4 0 0
5956 5959 0 1 5 4 1 2 2 4 4 0 0 0 1 0
2375 2381 3 0 0 4 4 4 5 5 3 4 2 5 1 4
1307 1307 0 0 0 0 0 0 0 0 0 0 0 0 0 0
3811 3814 0 1 2 3 2 5 3 3 3 3 2 4 0 4
7322 7328 4 4 4 2 5 4 4 2 2 2 3 5 2 3
3790 6055 4 3 1 1 1 4 1 3 1 1 0 5 0 4
1526 1536 0 2 1 4 5 0 4 0 1 1 1 1 0 1
6990 6997 4 2 1 2 5 4 5 5 4 2 3 1 3 3
7398 7408 3 3 1 5 3 3 1 2 4 0 1 1 0 1
1622 2939 2 0 4 2 1 1 4 0 5 1 2 3 5 4
2274 2282 0 1 0 3 4 4 1 0 3 0 4 5 4 1
6388 6398 4 4 4 2 4 4 0 2 0 0 0 2 0 0
4571 4571 2 1 1 3 5 1 5 4 2 1 5 4 4 1
3345 5774 2 1 5 1 1 0 0 4 4 5 5 1 4 3
2130 2132 5 4 5 0 1 2 3 0 0 2 1 4 2 1
2792 2792 4 1 0 2 1 5 5 5 5 1 3 5 3 0
997 1012 4 5 1 5 5 0 5 1 2 2 2 5 4 3
7393 7393 3 2 4 5 4 2 1 5 5 3 0 5 4 0
4022 4026 2 5 3 3 3 2 0 1 4 4 5 2 2 1
1905 1913 3 4 2 5 2 0 4 1 5 4 3 2 4 1
5959 5969 2 5 3 5 2 3 0 5 3 2 2 4 2 0
183 3026 0 3 1 3 1 4 5 0 4 2 2 0 3 3
591 591 5 1 2 0 1 4 3 0 3 3 4 2 0 1
2895 2903 3 4 4 2 2 4 0 3 3 4 2 1 2 0
4955 4961 0 1 4 4 3 0 1 3 2 2 4 3 4 4
7632 7643 0 4 5 0 2 0 1 5 0 5 5 3 3 0
446 447 5 5 5 0 3 2 3 0 2 2 0 3 1 2
3398 3406 3 1 4 3 3 3 0 0 0 3 2 0 1 0
5107 5108 4 3 2 2 2 1 2 2 4 2 5 3 1 4
1288 2818 3 5 2 0 5 1 2 4 4 5 1 2 5 4
972 972 4 3 4 5 1 5 2 1 4 5 1 1 1 5
25 28 4 5 1 5 0 5 2 4 1 0 2 2 4 0
2165 2170 4 5 1 5 3 1 4 5 0 1 4 1 4 1
1955 2155 0 3 4 3 5 5 3 4 2 3 5 0 4 5
1379 1382 0 2 0 5 5 1 0 2 5 1 2 4 3 3
2493 2500 1 0 5 1 4 5 2 5 3 4 4 0 2 1
3434 3440 0 4 1 1 0 3 3 4 4 2 0 0 3 1
395 4441 0 2 1 2 5 3 1 1 2 3 1 0 0 4
95 102 3 1 0 2 0 0 1 2 2 1 1 5 0 2
6290 6298 4 4 5 5 2 1 5 2 1 3 1 2 3 5
2980 2989 0 1 2 2 4 0 3 4 2 3 1 3 3 4
976 2110 0 1 5 3 2 1 3 1 4 4 2 0 4 0
2944 2951 0 4 4 4 4 2 4 1 2 0 3 1 0 1
6337 6343 0 1 1 1 1 1 5 4 0 5 4 4 0 1
3409 3415 5 5 3 3 3 5 5 0 2 2 2 3 1 3
7166 7171 2 0 4 2 3 2 3 4 3 0 4 5 5 5
5720 5730 0 4 3 4 5 3 1 0 3 4 1 3 4 1
7955 7966 2 0 4 3 1 4 4 5 5 4 3 0 2 0
5350 5374 2 0 2 0 3 0 0 5 0 4 2 5 1 4
1936 1939 4 4 3 4 5 4 3 1 2 0 0 3 0 4
972 974 2 1 2 5 4 5 0 5 2 1 5 1 2 2
2447 2457 0 5 3 2 5 5 1 4 5 2 2 0 5 1
4018 4029 0 0 4 1 4 1 1 3 0 0 2 0 0 4
4711 4716 5 1 1 1 5 4 3 1 4 1 5 5 4 3
956 962 0 0 3 1 5 4 3 2 2 5 0 4 3 3
345 349 2 5 1 4 4 5 5 5 2 1 4 5 1 5
2191 2198 1 2 1 2 5 5 0 1 2 5 0 2 3 3
3866 3981 4 4 0 2 4 1 2 5 1 2 1 5 0 4
4239 4239 4 5 1 2 5 1 0 3 4 5 1 0 0 5
5598 5600 1 5 2 5 1 5 4 0 0 3 3 3 5 2
6923 6936 2 2 0 1 4 5 0 4 4 2 4 0 0 2
2304 4430 4 2 2 5 2 4 3 4 4 1 5 5 3 3
7529 7530 3 0 0 3 5 5 3 0 1 3 4 3 3 1
3981 3985 1 3 0 5 1 3 0 3 1 5 5 2 2 2
4024 4030 0 3 5 0 5 1 0 4 0 0 1 5 4 1
3636 5170 0 3 0 4 5 0 1 2 4 4 5 5 0 3
2430 2432 3 5 0 4 1 4 2 5 3 5 4 0 3 0
538 545 0 1 4 2 4 2 5 5 4 1 1 5 3 2
6485 6491 2 3 3 4 4 2 4 1 3 0 4 4 5 4
781 1373 0 3 0 4 4 2 2 4 1 0 3 0 4 1
3519 3527 5 1 5 4 2 3 4 2 0 2 4 5 5 4
160 168 4 5 4 4 2 1 4 2 2 2 1 1 5 5
5304 5309 4 0 2 3 1 3 4 3 3 5 0 4 5 2
2421 2903 4 2 2 2 0 0 4 4 2 4 2 2 4 0
7626 7626 2 0 4 4 0 2 0 2 2 0 2 0 0 2
7583 7596 1 1 2 3 2 4 0 2 2 2 5 4 5 0
1174 1179 2 1 4 0 3 3 4 0 1 1 5 4 4 5
2268 5177 3 3 1 4 5 3 1 4 3 4 1 0 0 0
5443 5443 5 1 4 4 3 1 0 0 1 1 5 0 3 2
5906 5910 3 3 0 3 0 3 0 3 3 0 3 3 0 0
2222 2247 3 1 5 5 5 4 1 1 0 0 1 1 4 2
2886 5472 5 2 0 2 3 5 5 3 0 3 4 1 0 1
1938 1941 2 5 2 3 1 5 4 3 4 1 1 4 2 1
3020 3033 2 4 0 0 0 0 4 4 2 4 0 4 4 2
6167 6175 3 0 0 2 5 3 5 5 2 1 1 4 1 2
1144 3228 4 5 1 3 0 5 5 3 5 1 3 4 5 4
4314 4314 4 5 2 3 3 1 3 2 1 4 4 4 4 1
2956 2966 3 4 5 1 4 4 4 1 3 1 0 1 1 1
1562 1571 3 1 2 0 3 0 1 1 0 4 1 5 2 3
3875 3877 4 1 2 4 2 0 2 3 3 5 4 5 3 0
7969 7973 1 1 2 4 1 1 2 3 5 5 2 3 5 2
4717 4725 0 0 2 0 4 2 0 0 4 0 4 4 2 2
2047 2065 2 1 1 4 2 0 2 1 1 2 3 1 1 1
417 2197 5 0 4 1 5 3 0 1 0 2 1 1 1 1
5647 5648 2 2 0 0 4 2 4 0 2 2 3 5 0 1
619 630 1 3 1 3 0 4 1 5 5 5 1 2 4 5
7572 7576 4 4 0 3 1 4 3 2 4 5 2 4 0 5
20 21 5 0 2 4 3 1 3 3 5 5 2 1 5 1
3322 3329 4 0 0 4 5 1 3 3 5 2 1 5 0 2
2294 2306 3 2 1 3 3 0 3 0 5 4 5 0 3 1
5433 5446 0 0 0 0 0 2 3 3 1 3 1 3 5 1
872 882 1 5 4 3 1 3 3 5 4 0 0 0 4 2
4527 4530 0 2 3 5 5 1 2 5 4 0 4 5 5 2
3243 3251 1 5 2 4 2 2 0 5 0 4 1 5 5 3
7426 7451 3 1 0 5 0 2 0 4 3 5 0 5 3 0
1219 1227 1 0 4 5 3 1 4 3 1 5 5 1 4 5
4681 4681 0 4 2 2 4 4 2 0 2 2 4 4 0 0
5244 5257 4 0 2 0 2 4 2 4 4 4 0 2 0 4
7300 7300 2 4 4 2 2 2 2 2 0 0 0 4 4 0
6845 7426 5 1 3 2 3 0 5 0 5 5 2 0 4 3
6454 6454 4 4 0 2 4 2 0 0 2 0 2 2 4 4
7623 7633 3 0 0 3 1 4 1 2 5 5 1 3 1 2
2838 2845 0 3 5 1 3 5 5 2 3 5 4 1 0 5
819 4271 3 4 0 5 5 2 0 4 3 0 0 5 5 1
6496 6496 0 3 0 3 3 0 3 3 3 0 0 0 0 0
5690 5694 5 0 3 3 5 5 1 5 4 5 1 2 0 0
1435 1450 2 4 4 2 4 2 2 4 2 0 4 2 2 2
979 985 2 0 3 1 5 4 4 1 0 3 3 0 0 1
6408 6410 0 2 0 3 5 0 3 4 4 4 5 2 0 0
4917 4918 0 0 0 0 0 0 0 0 0 0 0 0 0 0
5503 5522 2 2 2 0 5 3 1 4 5 5 5 5 1 5
1583 4264 5 3 1 4 2 3 2 2 3 4 0 1 3 5
742 752 2 3 3 4 2 2 5 5 2 3 5 4 0 0
6148 6149 3 0 3 0 3 0 3 0 3 3 3 0 0 3
6167 6168 0 2 2 2 2 4 4 4 0 0 2 0 2 4
7880 7884 5 0 3 5 2 0 5 4 3 2 3 3 1 5
2797 2797 2 4 4 3 0 5 5 4 1 1 5 3 4 2
1475 1487 1 5 3 4 0 2 2 4 5 4 5 1 2 2
12 12 5 4 0 4 3 5 1 1 1 2 1 2 5 3
1464 2453 2 2 0 4 2 4 4 2 2 0 0 0 4 2
4689 4701 5 5 4 4 1 3 5 5 2 0 4 1 4 2
2752 2761 1 2 0 2 2 1 0 0 4 0 4 1 2 5
7601 7609 3 4 3 3 1 5 1 1 0 5 2 3 4 5
7197 7199 3 0 0 3 0 3 0 0 0 0 3 0 3 0
4457 4469 5 0 0 0 1 5 4 4 5 2 2 5 2 5
5777 5788 2 4 3 4 5 2 0 2 5 4 0 0 2 3
6147 6158 0 5 1 5 3 1 5 1 3 3 4 2 4 4
4319 4326 3 3 2 4 4 4 0 1 2 4 3 5 5 3
5124 5129 3 3 0 2 3 3 5 5 2 0 5 0 2 1
4828 4830 3 3 4 0 2 4 0 1 4 4 5 4 0 2
1146 1155 2 4 2 4 0 4 4 4 0 0 0 0 2 4
296 375 2 4 0 1 0 0 1 1 3 3 1 5 3 0
6250 6250 3 0 1 0 2 2 3 3 5 0 0 3 3 4
7712 7717 0 5 4 0 2 4 0 3 0 4 3 1 4 1
5891 5894 0 4 0 3 1 5 3 5 1 5 3 3 5 4
1799 1983 1 1 3 5 4 2 1 2 2 3 0 4 4 4
7488 7488 5 2 4 0 5 4 4 3 5 4 2 5 1 4
3076 3082 3 5 2 5 0 5 2 4 3 3 0 4 3 2
1790 1802 3 5 0 1 4 0 0 4 2 2 2 3 5 4
4465 6433 4 5 1 3 4 2 1 0 0 5 0 3 4 3
3744 3751 3 1 5 0 0 4 4 5 5 2 4 1 5 4
7790 7802 0 2 5 1 0 2 5 1 0 3 5 0 3 5
5220 5245 5 3 5 0 1 1 1 0 0 5 4 5 2 5
7090 7095 0 0 4 0 5 5 1 1 0 5 4 2 2 4
2817 2817 0 0 0 0 0 0 0 0 0 0 0 0 0 0
4466 4475 1 2 3 1 3 3 5 1 2 0 1 3 3 5
6146 6157 5 4 1 0 3 5 5 2 0 4 2 1 0 4
4297 6162 3 0 3 2 5 4 4 5 0 1 2 2 0 4
6930 6942 3 5 2 3 1 5 1 1 5 0 1 3 0 0
7245 7247 5 5 3 4 2 1 3 0 0 5 0 0 1 3
200 205 5 3 0 4 3 2 2 3 3 4 5 3 0 2
4803 6222 3 2 3 0 3 5 4 5 2 3 1 4 5 0
3124 3128 0 3 0 0 1 5 4 1 4 5 2 5 2 2
5994 6007 4 2 2 2 4 4 0 1 2 0 0 0 2 5
6800 6803 1 3 1 4 2 5 2 4 0 2 5 2 4 3
2956 4090 0 2 5 3 2 1 5 2 2 2 1 2 2 5
7848 7848 0 0 0 0 0 0 0 0 0 0 0 0 0 0
3260 3264 1 4 2 4 2 0 3 5 1 3 4 3 2 0
7040 7052 0 5 3 2 4 0 3 3 4 1 3 5 4 3
698 2440 5 3 1 5 1 3 0 1 0 2 5 3 1 3
4361 4361 0 0 0 0 0 0 0 0 0 0 0 0 0 0
5399 5405 2 2 3 2 4 1 5 1 0 0 1 3 2 0
5181 5207 5 1 5 0 2 4 0 4 5 0 5 1 3 3
6761 6767 1 0 2 3 4 2 5 2 5 4 0 5 5 2
4390 4392 0 1 5 3 0 1 0 5 2 0 2 3 2 2
3639 3648 2 3 3 3 4 3 5 5 2 2 1 4 0 2
1772 1776 2 1 3 4 0 3 0 4 2 1 1 0 4 1
3356 5384 5 1 3 0 2 4 1 2 1 5 2 3 4 2
1088 1088 0 3 3 0 3 0 0 0 0 0 3 0 0 3
3192 3197 5 4 5 2 4 5 3 0 4 3 0 3 4 0
5283 5286 5 4 4 1 3 1 0 0 2 3 5 3 5 0
4529 4529 2 1 0 1 1 5 3 1 2 2 0 1 0 2
7526 7526 3 3 3 0 0 0 0 3 0 0 3 0 3 3
5142 5153 3 5 1 4 0 5 4 0 5 4 2 3 3 4
1981 1983 3 0 5 1 2 4 1 5 3 1 2 0 1 1
1904 2566 3 5 0 0 2 5 1 1 4 5 3 4 4 2
6136 6136 3 4 4 5 5 2 5 4 4 2 5 3 5 3
5367 5373 3 1 3 2 3 0 5 2 0 2 2 4 2 3
7461 7472 0 3 5 0 3 5 3 3 4 4 5 2 2 3
3 1229 0 3 2 5 1 5 0 1 3 0 5 5 4 0
1617 1621 3 2 2 2 4 4 4 2 3 4 1 3 3 4
3163 3164 0 0 0 0 0 0 0 0 0 0 0 0 0 0
5630 5638 2 5 3 5 4 4 4 0 4 0 4 1 2 4
7346 7354 5 2 5 1 5 2 2 4 0 0 5 5 3 0
1509 1509 4 4 4 4 4 0 0 4 4 2 2 2 0 4
2087 2093 5 1 5 2 5 1 3 0 2 5 3 5 1 3
7246 7257 4 5 3 3 1 0 1 0 5 4 3 4 4 5
26 3410 4 0 4 2 2 2 2 5 3 4 0 0 1 4
6574 6582 3 3 0 4 3 3 1 3 3 1 1 3 0 1
7105 7118 1 4 4 1 3 1 4 4 4 3 3 0 2 4
1200 1219 1 2 0 5 0 2 0 5 0 0 0 2 4 3
1503 5853 5 5 1 5 1 5 5 2 4 2 5 4 0 0
4799 4811 5 5 3 5 1 5 4 2 1 2 1 1 2 2
705 712 5 1 5 2 4 4 4 3 0 1 3 1 3 5
5425 5436 3 0 0 3 5 5 4 5 2 0 2 1 0 4
1251 1256 3 5 5 0 2 0 0 2 4 2 3 4 1 5
3860 3869 5 4 3 0 3 4 5 2 0 2 0 3 5 2
7968 7979 2 0 4 0 4 2 0 2 2 4 2 2 0 4
272 293 3 3 0 0 3 1 5 1 4 1 0 4 2 3
4546 4553 5 2 1 2 5 0 1 5 5 4 2 4 0 3
3634 3634 5 5 0 4 3 4 4 5 1 3 4 4 3 0
6783 6795 5 3 5 1 1 4 4 5 1 0 4 0 0 2
4264 4274 1 1 5 3 1 2 3 1 4 5 4 2 2 5
4661 4665 1 2 3 3 1 5 4 2 0 2 5 0 2 0
4166 4166 4 0 0 4 4 0 0 0 4 4 0 0 2 2
615 627 4 4 1 1 0 3 0 5 0 0 1 5 2 4
7026 7030 2 5 5 5 2 0 3 3 1 3 4 5 0 0
1055 7829 4 4 5 1 0 1 4 3 1 4 2 5 3 2
1745 1745 0 0 0 0 0 0 0 0 0 0 0 0 0 0
847 853 2 1 5 2 5 3 3 0 5 3 1 1 0 3
6848 6869 1 1 0 5 5 0 3 4 0 5 0 4 2 4
4626 6444 4 1 1 2 5 2 5 1 2 0 4 0 0 3
6500 6507 2 4 5 5 2 4 2 1 5 2 5 3 4 2
416 427 0 1 4 3 5 0 2 4 4 2 3 1 1 5
814 826 2 3 1 0 0 3 2 4 2 1 5 0 1 5
1632 1636 5 2 2 1 5 5 1 0 3 4 4 4 1 4
7517 7518 5 4 5 3 5 1 5 3 0 0 4 0 5 5
2952 2952 4 4 5 2 4 0 5 1 0 3 4 4 0 4
4678 4681 0 3 5 3 3 0 1 4 2 4 0 3 0 3
7097 7105 3 4 4 4 2 3 1 2 4 3 1 5 3 4
6331 6339 3 0 0 2 2 1 3 3 5 0 5 3 5 4
2316 2316 1 0 5 0 3 0 2 5 4 5 3 4 2 1
2894 2900 1 2 0 2 1 0 0 4 1 5 2 3 5 1
334 1196 0 2 2 2 0 4 2 0 4 4 0 4 0 4
401 405 0 4 1 2 4 1 4 5 4 0 1 5 4 3
2194 2207 4 0 4 2 3 1 2 0 1 5 0 4 4 2
4625 4630 1 1 4 4 4 3 5 0 4 0 4 1 2 3
6312 6312 1 0 4 4 1 1 5 2 2 1 4 2 0 3
366 373 0 1 1 1 4 0 4 3 0 3 2 1 5 5
161 163 3 0 5 2 0 2 0 4 5 0 4 0 2 5
7818 7845 0 2 4 2 2 4 0 4 4 4 2 4 2 0
2605 5557 4 3 5 0 1 5 5 5 3 1 2 5 1 4
4528 4528 0 0 0 0 2 2 0 4 0 0 0 4 2 0
6884 6886 4 5 0 4 0 0 4 4 0 2 4 3 0 3
1475 1484 2 3 0 2 3 5 3 3 4 0 5 2 4 1
17 27 2 3 1 1 0 3 3 4 2 4 5 1 5 4
6865 6874 5 4 5 3 3 4 0 4 1 4 0 1 4 3
3627 3637 3 0 0 0 3 0 3 0 3 3 0 3 3 3
6880 6896 1 1 5 3 2 5 1 2 1 1 2 4 5 1
200 1307 2 3 1 1 4 1 1 4 0 1 3 3 0 3
5211 5211 5 2 5 1 1 3 4 4 4 4 4 2 1 5
2857 2867 2 5 3 3 3 0 1 5 2 3 5 4 5 3
1096 1102 5 1 0 1 3 1 3 0 0 2 1 0 2 3
947 1181 2 2 3 5 3 1 0 0 5 1 2 1 1 2
1535 1535 0 0 0 0 0 0 0 0 0 0 0 0 0 0
3286 3287 0 2 3 2 3 3 0 1 3 5 3 5 5 5
1847 1855 0 3 1 0 4 4 2 3 1 0 2 2 4 2
3738 5978 2 2 4 5 1 2 3 5 1 3 4 5 5 4
672 672 3 0 3 2 0 3 4 0 3 0 5 1 3 1
2702 2702 5 3 2 5 4 4 1 3 3 4 3 5 1 4
4287 4291 3 0 4 0 3 5 5 5 4 4 5 2 5 3
507 1260 2 1 5 1 4 4 3 0 0 0 2 4 5 4
3851 3851 0 3 3 3 0 0 0 0 3 3 3 3 3 3
5767 5774 0 0 0 0 0 0 0 0 0 0 0 0 0 0
6410 6421 4 3 1 4 1 4 0 3 2 0 0 4 1 4
897 2521 1 0 2 3 0 4 4 5 4 2 3 3 3 0
2589 2594 1 0 0 1 0 0 2 5 5 4 2 0 0 0
7790 7795 1 5 4 2 3 1 2 1 1 3 4 1 4 0
477 481 3 4 5 0 3 4 4 3 4 2 3 4 3 3
3973 4516 5 3 0 2 2 2 4 1 1 1 4 2 1 0
3787 3787 1 5 3 2 2 4 5 1 1 1 5 1 1 5
5677 5689 5 0 3 0 5 1 3 5 5 3 1 2 3 5
3766 3778 0 4 3 4 3 0 2 5 1 3 5 5 2 3
3690 3699 0 0 3 5 3 4 0 1 3 4 2 5 5 3
7936 7936 0 4 2 0 4 4 4 2 2 0 2 4 4 4
7951 7960 2 1 4 4 4 1 0 0 3 3 3 3 1 4
3560 3563 2 0 1 4 4 1 1 5 5 1 3 0 5 5
6337 6337 1 1 2 1 0 2 0 2 2 0 2 0 2 4
7192 7202 2 3 4 1 4 1 5 3 3 1 0 1 4 0
2676 2679 5 4 2 5 2 1 2 4 0 2 1 2 1 1
5447 5465 4 1 1 3 5 0 3 1 0 1 3 1 4 3
84 6707 5 5 5 0 5 4 4 1 5 3 5 4 0 4
6075 6075 0 4 0 0 4 2 2 2 4 2 4 0 0 0
2896 2903 1 1 3 4 2 0 1 0 3 3 4 4 5 0
3878 3881 5 5 3 5 2 5 5 0 0 5 5 2 1 5
442 2811 0 2 0 0 4 4 4 4 0 2 4 0 0 0
1375 1375 0 0 0 0 0 0 0 0 0 0 0 0 0 0
1363 1369 0 0 5 5 3 3 1 4 4 0 0 0 2 2
1494 1508 1 2 4 0 4 1 3 0 2 1 3 3 0 0
495 495 3 3 3 3 3 5 5 2 4 4 4 3 1 3
6438 6447 0 1 5 5 0 0 1 0 3 5 0 4 1 1
6384 6390 1 4 1 1 3 1 2 1 3 3 5 5 1 0
4788 4804 0 3 2 3 0 3 4 2 5 4 1 5 2 5
716 721 4 5 3 5 1 5 1 5 2 1 1 3 4 0
6190 6201 2 4 1 4 3 0 5 0 5 3 2 1 0 4
1409 1419 5 0 4 2 3 3 1 2 0 5 3 2 1 5
743 748 0 2 1 4 3 2 3 5 0 4 4 3 1 0
7113 7120 1 5 4 4 3 1 5 3 2 0 3 3 3 2
590 598 4 0 5 4 1 0 3 0 5 2 1 0 2 5
7793 7803 4 5 2 1 2 5 5 4 0 4 5 2 3 0
3393 3398 1 5 1 5 3 0 4 5 0 3 0 1 5 3
1224 5419 2 5 1 3 4 2 3 3 4 2 2 4 5 0
7215 7215 0 0 0 0 0 0 0 0 0 0 0 0 0 0
5654 5667 3 2 0 3 3 5 5 4 4 1 5 3 2 2
3589 3597 5 1 2 0 5 2 5 2 3 4 0 1 1 4
520 1424 2 1 1 1 2 1 5 4 5 1 5 2 5 1
207 207 0 3 3 0 0 0 0 0 0 0 0 0 3 3
6634 6644 0 0 4 2 2 0 4 0 1 1 4 0 4 4
1076 1077 0 3 2 4 2 3 4 0 3 2 0 2 3 5
2508 7135 5 1 1 0 5 0 1 5 0 0 0 4 4 0
5705 5705 0 3 4 5 4 0 3 4 0 2 3 3 1 2
2942 2942 0 0 0 0 0 0 0 0 0 0 0 0 0 0
3035 3038 2 3 1 0 0 0 3 5 4 4 5 3 4 4
4559 5785 3 4 2 5 2 5 4 2 0 1 2 0 1 0
1317 1317 1 4 4 2 4 2 5 5 5 3 0 2 1 0
1739 1745 3 0 2 1 1 2 2 5 2 2 2 3 2 0
1340 1343 1 2 1 1 3 4 4 1 5 4 5 2 4 1
4709 5109 4 5 5 0 0 5 1 1 1 2 2 5 4 5
4420 4422 5 0 4 2 0 5 3 0 1 0 2 2 0 4
489 501 5 1 0 4 0 3 1 3 2 1 0 1 0 0
6784 6791 0 4 4 5 3 0 5 3 4 0 1 0 4 5
610 687 4 2 0 2 2 0 0 0 4 4 2 2 4 4
1934 1936 1 1 4 2 3 2 5 3 3 1 2 2 4 3
6541 6541 4 4 0 4 1 3 1 1 0 4 4 5 2 1
2341 2353 0 0 1 3 3 0 4 1 3 1 2 3 3 0
5 1938 2 5 0 2 1 2 5 1 0 1 3 0 4 0
2135 2135 4 1 4 5 2 4 5 2 0 1 5 0 5 2
918 918 3 0 0 3 3 0 3 0 3 0 3 3 3 3
7729 7743 4 2 0 2 2 2 4 4 4 2 2 4 2 0
6069 6071 0 4 1 1 4 1 0 3 1 1 5 4 2 2
4304 4304 3 1 1 5 0 0 5 2 3 4 5 1 0 4
3437 3449 2 3 3 1 2 0 2 4 0 1 4 2 2 5
3867 3867 1 2 0 1 4 5 3 0 2 5 0 3 2 1
526 3101 4 4 3 5 1 5 3 1 5 3 0 3 1 5
7002 7009 5 1 5 2 3 5 0 5 4 3 0 1 1 1
5417 5426 2 1 3 5 5 5 3 3 1 4 3 1 1 0
6259 6268 0 5 2 1 4 4 4 0 4 3 2 1 5 5
4344 4347 1 4 3 3 4 1 3 1 1 2 4 0 0 4
687 687 0 0 0 0 0 0 0 0 0 0 0 0 0 0
3451 3454 2 4 3 1 3 3 4 5 1 0 4 3 2 3
6238 6246 4 2 2 5 0 5 5 2 2 0 5 0 5 3
4503 5132 4 4 3 3 5 0 0 1 4 3 5 3 2 1
5433 5444 2 5 3 0 1 0 4 3 3 0 0 2 4 2
1405 1410 5 0 1 2 5 0 1 1 4 2 4 2 1 1
3641 3653 2 2 3 3 0 4 5 0 4 3 0 2 3 4
363 3661 4 2 0 3 3 5 0 3 1 5 0 0 0 0
5831 5839 4 3 1 0 0 2 1 2 4 2 5 3 3 4
1357 1358 5 3 3 5 0 3 0 0 1 1 0 4 5 2
4613 4624 5 1 4 1 0 4 3 5 0 3 1 3 0 4
4975 5435 0 3 3 5 3 4 0 4 2 3 0 0 3 4
7202 7202 0 2 3 3 2 5 0 2 4 4 5 3 2 2
5509 5511 2 5 1 4 4 4 0 1 4 0 0 0 3 5
1862 1863 0 3 0 0 3 3 0 3 0 3 3 3 0 3
2576 2580 1 4 4 2 4 5 2 1 4 0 4 1 1 2
3702 3702 0 0 0 0 0 0 0 0 0 0 0 0 0 0
1084 1096 5 3 2 0 5 2 0 3 0 3 3 0 2 0
5854 5867 4 5 0 4 5 0 4 3 2 1 5 2 3 3
2720 2723 1 3 1 2 2 0 4 3 1 1 4 2 3 1
3555 3555 1 2 4 0 2 3 3 5 5 5 0 5 4 2
2958 2970 4 5 3 0 2 1 0 4 3 3 2 0 3 5
6381 6402 4 0 0 0 0 4 2 4 0 4 2 0 0 4
6438 6962 5 1 3 1 0 1 1 2 0 5 0 3 4 4
5918 5918 0 2 2 0 0 2 0 0 4 0 0 0 4 0
4383 4391 1 2 4 5 1 5 1 0 0 1 4 3 0 4
5111 5111 0 3 5 1 2 1 1 5 1 5 1 0 1 4
3210 3219 0 1 3 0 3 3 2 3 2 3 1 5 4 5
7850 7856 1 2 5 3 2 5 4 4 4 3 3 2 2 1
6856 6866 1 1 2 4 4 0 5 5 3 0 0 3 5 1
6183 6193 2 1 3 2 3 2 3 0 4 0 3 5 1 4
4789 7605 4 5 4 0 3 4 4 1 3 4 5 5 1 4
5539 5543 1 0 5 5 3 4 1 2 2 3 3 5 0 4
6147 6153 5 2 4 1 4 3 5 2 3 5 2 4 5 5
2420 2430 1 5 1 5 3 3 0 5 2 3 5 4 4 0
463 1112 2 4 3 2 2 0 4 5 1 3 5 4 2 0
5678 5678 0 0 3 0 0 3 3 3 3 3 3 3 0 0
4826 4835 0 4 4 3 1 0 0 5 0 3 3 2 2 2
3142 3164 3 4 4 1 2 3 4 4 3 3 5 0 5 2
52 1247 3 3 5 3 2 4 1 3 0 2 0 4 5 2
2948 2948 1 2 4 2 0 5 0 2 5 1 0 0 4 3
3084 3094 3 4 1 1 1 4 2 4 3 5 3 4 5 5
5456 5476 1 4 1 2 4 4 1 2 5 2 4 5 3 1
3041 7015 0 4 2 0 4 4 4 0 2 4 0 0 0 0
7685 7685 2 3 1 4 0 0 4 2 2 4 0 0 0 1
6664 6667 4 2 4 2 5 0 3 0 0 5 3 0 0 5
5722 5725 1 3 2 0 5 3 3 3 1 2 1 0 0 4
3210 6459 3 3 5 5 3 1 4 3 1 3 5 5 0 2
1508 1508 2 4 0 0 2 2 4 4 4 0 2 4 2 2
4062 4073 4 0 0 3 4 1 4 5 3 4 0 1 1 3
806 816 5 5 3 5 2 5 5 2 2 5 3 5 0 3
981 5443 4 4 2 4 0 4 5 1 5 1 4 1 1 4
1997 1997 0 2 0 2 2 0 4 0 4 0 2 0 2 2
4093 4099 0 0 2 2 2 4 0 2 0 3 3 2 3 3
5943 5958 5 2 4 5 4 5 5 1 1 2 3 0 1 4
1978 6811 2 4 2 0 4 0 4 4 0 0 4 2 0 2
5567 5567 0 0 0 0 0 0 0 0 0 0 0 0 0 0
7394 7397 4 0 0 4 3 0 3 2 4 2 3 4 0 5
787 814 4 2 5 2 4 3 4 5 3 0 0 4 2 2
907 3545 3 3 2 3 4 5 0 3 2 0 3 3 4 2
7011 7014 0 2 2 5 5 1 3 3 4 5 2 2 4 2
2647 2653 5 0 5 0 2 5 3 1 4 1 1 2 2 1
6252 6265 0 2 2 2 2 1 4 0 3 2 5 0 3 1
806 1451 0 2 0 0 4 2 2 4 2 2 4 0 0 2
1227 1236 5 5 4 5 4 0 3 4 3 4 5 1 0 1
3399 3411 2 1 3 3 2 5 1 1 5 4 0 3 4 2
584 587 0 3 0 3 0 0 0 0 3 0 0 0 0 3
170 282 3 3 4 0 4 5 1 5 5 4 2 2 1 5
4271 4271 2 2 0 4 1 0 2 2 3 1 5 1 0 0
5851 5858 0 1 4 1 4 1 1 0 0 1 2 4 1 4
1940 1945 2 2 5 1 1 5 0 4 4 2 5 1 0 4
149 7003 2 0 4 5 1 2 1 2 3 5 2 1 3 2
1055 1055 0 0 0 0 0 0 0 0 0 0 0 0 0 0
4818 4827 5 1 2 2 5 4 5 0 5 0 2 5 1 0
2156 2165 2 2 1 4 3 0 2 3 3 3 3 3 4 0
6183 6186 1 4 2 1 4 5 1 5 4 5 0 0 5 3
3268 3268 0 0 2 4 4 4 4 2 0 4 0 2 2 2
4066 4067 3 3 3 3 3 0 0 3 0 3 0 0 3 0
6563 6572 2 0 4 2 0 5 2 3 0 0 0 0 4 3
1347 1358 0 0 1 4 4 1 4 4 4 1 5 3 5 4
3790 3790 4 4 0 2 0 2 2 4 0 2 0 2 0 0
248 248 3 3 3 0 3 0 3 3 0 3 0 0 0 0
3159 3163 2 0 2 0 0 2 4 0 4 0 4 2 4 0
501 1724 0 3 3 2 0 5 0 3 3 5 0 5 1 3
261 261 4 2 4 5 0 0 1 4 1 2 4 4 3 3
4749 4755 3 1 0 3 4 2 0 4 4 3 1 0 5 2
5339 5350 3 1 1 2 3 1 2 0 4 5 0 5 2 0
267 3071 4 1 5 1 2 0 0 0 4 0 3 3 3 4
6653 6665 2 1 1 1 4 1 1 5 5 2 0 1 3 5
4300 4303 3 3 2 5 4 2 5 1 3 5 4 0 1 4
3092 3102 5 1 5 4 2 2 1 0 3 3 0 2 4 3
3515 3527 3 0 4 0 2 0 1 0 1 0 0 3 2 4
7132 7132 3 2 2 3 3 3 5 5 1 3 1 3 1 3
6295 6301 2 4 5 3 0 2 0 2 1 4 1 2 0 3
1244 1256 1 3 0 4 3 0 0 1 4 3 3 4 1 5
5868 5880 3 3 0 4 2 0 4 5 1 3 3 2 0 4
6568 6568 0 0 0 0 0 0 0 0 0 0 0 0 0 0
4084 4091 2 4 1 0 0 0 5 5 2 3 5 3 1 5
4419 4425 1 2 5 3 1 0 2 0 3 3 2 0 1 3
7022 7033 1 0 0 1 0 5 2 0 3 4 4 0 3 0
2620 2628 2 0 0 4 5 0 5 0 5 3 5 0 5 4
7364 7365 4 3 5 1 0 1 5 5 4 4 5 1 5 2
122 125 1 3 4 2 2 2 0 0 0 3 4 4 2 3
1215 6608 4 0 0 2 2 4 1 5 5 5 2 1 0 2
344 353 1 2 0 4 4 5 3 4 1 3 2 0 3 1
4214 4219 2 3 4 1 3 5 1 5 5 5 5 0 0 4
4539 4549 5 4 2 1 4 0 5 0 5 3 3 1 1 4
156 168 0 2 4 0 5 5 0 1 1 3 2 2 4 4
3183 3183 3 3 0 0 3 0 0 3 3 0 0 3 3 3
229 242 5 5 5 3 0 0 3 3 5 3 2 0 2 5
591 600 0 3 2 3 3 2 3 3 5 2 0 3 2 4
5746 7150 0 0 4 4 0 2 4 0 0 4 0 2 2 0
1176 1180 5 0 2 4 4 2 3 1 3 4 2 4 3 2
7684 7689 3 3 0 1 3 3 2 0 1 3 4 1 3 3
3266 3272 2 1 2 4 2 0 1 4 0 2 0 4 5 1
2747 3229 0 2 3 1 4 3 2 2 2 5 4 3 1 2
3477 3477 0 0 4 0 4 2 4 4 4 2 2 4 4 4
3446 3456 0 4 4 2 4 0 3 2 2 1 4 4 0 0
4060 4065 4 2 5 0 3 2 2 1 5 2 5 2 0 0
2498 2584 3 5 3 5 4 4 1 0 1 2 4 4 3 2
6802 6802 2 2 4 4 0 4 4 2 0 0 4 2 4 0
5564 5569 4 2 0 2 0 5 4 5 2 5 3 2 3 4
4923 4929 2 0 0 2 0 2 0 2 0 0 0 2 2 2
1282 1285 3 2 1 0 2 1 0 5 0 1 5 3 1 0
51 58 3 5 0 4 2 0 3 5 3 1 1 0 0 1
6168 6173 0 3 4 1 2 0 3 5 0 5 3 5 1 1
3111 3113 5 2 2 4 0 1 4 1 5 3 5 2 5 1
5245 5249 2 4 2 5 3 2 3 5 5 5 0 5 5 3
4161 4161 3 3 0 0 4 3 2 2 4 2 5 1 3 3
2751 2762 4 5 1 0 1 0 2 1 3 1 1 0 0 3
686 690 3 0 2 1 5 4 0 1 2 0 1 1 1 1
1740 1749 4 4 3 5 3 1 0 1 4 1 4 4 3 5
624 632 3 4 2 0 5 3 2 2 0 5 0 2 0 5
2906 2913 0 4 5 5 0 1 3 4 0 2 3 2 5 5
1688 1689 5 2 0 5 1 2 2 2 5 5 2 2 3 3
71 2846 4 0 3 0 0 5 2 0 1 3 0 2 0 5
418 418 3 3 0 3 3 3 0 0 3 0 3 3 3 3
1865 1869 2 5 4 2 4 2 0 4 1 0 1 0 4 4
3379 3383 4 0 5 3 3 1 0 2 2 2 5 1 4 3
1177 1184 0 4 5 3 3 1 3 4 0 1 5 1 0 3
1336 1336 0 0 0 0 0 0 0 0 0 0 0 0 0 0
5868 5872 4 3 1 4 1 5 1 4 3 3 2 5 2 3
2869 2874 2 1 5 4 5 1 2 2 1 5 2 3 1 2
2078 2089 0 1 4 5 0 3 2 2 4 4 2 4 4 2
6040 6040 4 0 2 2 0 0 2 4 4 2 4 0 2 4
554 562 1 3 0 5 5 5 1 1 3 5 1 5 2 2
4232 4250 2 4 2 2 0 2 2 0 0 0 2 0 4 4
6841 6842 0 0 3 2 0 5 1 0 4 5 0 3 0 0
1042 1042 0 0 0 0 0 0 0 0 0 0 0 0 0 0
5961 5964 2 0 2 5 0 4 1 1 1 5 0 5 1 2
4621 4646 4 4 2 4 2 3 0 0 0 0 3 2 2 0
6280 6292 4 5 1 1 2 2 3 1 5 2 1 3 0 2
6739 6748 2 2 3 2 0 3 1 0 5 0 4 3 1 5
6697 6705 3 2 2 0 0 4 2 2 1 3 3 4 0 3
6882 6893 4 1 5 4 4 4 0 0 0 4 5 3 4 4
6269 6681 1 1 3 5 1 4 5 5 0 5 3 4 3 2
3977 3988 3 5 4 3 1 1 4 3 5 0 0 1 3 1
1227 1230 2 1 0 5 0 5 0 1 4 2 5 3 2 4
2607 2614 5 1 3 0 1 2 2 4 2 5 3 3 3 2
7082 7091 3 2 0 2 0 2 0 1 1 1 1 1 3 4
4781 4792 2 1 2 5 1 4 3 0 5 0 2 5 0 1
3777 3778 4 1 5 0 3 0 0 4 4 4 5 1 4 5
587 592 0 0 2 2 2 2 0 2 5 4 4 2 0 5
2929 2939 0 0 3 1 5 4 1 1 2 5 1 3 2 1
1156 1156 3 4 1 2 4 4 1 5 4 5 1 5 1 1
2617 2627 5 5 4 2 2 0 4 2 0 1 2 2 0 2
1656 1676 5 0 4 0 4 5 1 2 2 0 1 3 2 4
7116 7127 0 5 2 3 2 0 1 1 4 4 4 3 2 2
6044 6044 0 2 2 5 4 1 5 2 1 2 2 2 2 5
35 37 5 2 0 5 3 0 4 3 4 4 0 2 5 5
3848 3873 2 5 1 2 4 2 2 0 4 5 0 1 0 5
5168 5169 5 1 4 4 4 3 5 5 2 4 4 3 1 0
5570 5570 5 2 3 2 0 4 1 4 0 0 3 5 4 2
5433 5445 4 5 2 2 5 5 1 1 0 0 0 4 5 0
4470 4478 4 2 5 1 1 4 5 2 0 5 5 1 2 4
6126 6129 3 1 2 5 2 1 2 1 1 4 3 2 4 5
1214 1214 2 0 2 0 2 0 4 2 4 2 2 0 4 0
4392 4400 1 5 2 1 3 5 3 0 3 5 3 2 4 5
1358 1382 2 0 4 2 3 3 5 1 0 5 3 0 5 5
47 95 2 0 0 4 4 3 4 2 4 3 2 1 4 0
5585 5587 2 4 0 3 1 4 4 4 5 0 0 2 2 2
4618 4631 0 0 0 4 2 1 0 5 0 2 3 2 2 5
4892 4897 3 2 3 3 0 1 3 1 2 0 2 2 2 3
666 6722 2 0 2 5 3 5 0 0 0 5 1 3 1 3
5164 5169 3 4 3 5 4 2 0 5 2 4 1 1 1 4
3886 3893 1 4 0 1 3 5 0 0 5 0 2 4 4 2
1504 1511 2 3 1 3 2 0 4 1 3 3 5 4 2 1
815 4420 5 5 2 3 4 5 3 3 1 0 0 3 4 3
7829 7833 1 3 1 2 1 3 3 4 0 0 4 3 5 5
6652 6652 3 4 3 4 1 1 1 3 1 4 5 1 4 1
5165 5192 1 2 3 4 3 4 2 3 1 0 4 1 1 4
2222 2227 0 5 5 3 0 3 2 1 4 4 5 5 1 2
4831 4831 5 4 5 5 5 4 4 1 2 2 3 5 5 4
570 572 2 5 4 4 3 2 2 2 5 3 3 2 0 4
5609 5613 2 1 0 4 0 2 4 4 4 4 4 0 1 2
754 821 5 4 3 4 0 3 3 0 3 3 3 4 0 4
3299 3299 0 0 2 2 4 4 2 2 2 2 4 2 2 4
1626 1638 0 2 2 1 4 0 4 1 2 2 5 4 0 4
6447 6447 3 2 2 1 2 4 5 0 0 0 2 5 4 1
5606 5809 0 1 5 0 2 1 3 4 1 3 2 2 2 1
5755 5755 0 2 0 4 4 0 0 0 0 2 4 4 4 0
5364 5365 3 2 0 2 1 3 1 1 3 0 3 4 3 3
2627 2631 4 1 3 0 5 2 0 0 4 4 3 3 4 3
42 194 5 5 4 0 5 2 4 3 3 2 2 0 0 2
4633 4633 0 0 0 0 0 0 0 0 0 0 0 0 0 0
7088 7096 4 5 2 1 1 5 3 0 4 2 2 5 4 1
2602 2608 2 1 0 5 4 5 2 0 4 3 4 5 1 4
4228 4238 0 4 2 1 2 0 5 4 5 2 4 2 4 0
6478 6478 2 0 2 0 2 4 4 0 0 0 2 0 0 2
7986 7995 0 1 5 4 1 4 1 0 1 3 1 3 1 2
545 570 1 0 3 5 5 5 0 2 2 4 0 1 2 1
6967 6969 2 3 3 0 1 4 0 0 2 5 2 0 0 1
2954 2966 2 2 5 4 0 0 3 4 2 4 1 3 1 0
2153 2161 1 5 5 0 2 3 3 0 3 1 1 4 2 5
1815 1829 4 0 3 5 0 4 2 2 1 3 2 1 1 2
7087 7093 0 3 2 4 2 3 2 3 2 4 5 5 0 3
1450 1453 1 0 0 3 2 3 3 0 2 3 2 3 3 1
1750 1751 4 3 3 4 1 1 1 5 1 1 2 0 3 1
6992 7008 3 0 2 2 2 4 2 1 4 2 4 3 4 5
419 1064 2 4 2 0 0 4 2 4 2 0 2 4 4 4
6741 6741 0 4 4 0 0 4 2 2 0 0 2 4 2 2
6813 6821 4 3 3 1 0 2 3 1 2 4 4 1 2 2
2236 2243 2 4 3 0 4 1 5 0 0 0 0 0 0 5
1861 1866 5 4 1 2 1 3 5 3 1 0 2 5 5 3
4160 4160 0 3 3 3 0 3 3 3 3 0 0 3 3 3
6556 6566 0 2 0 2 5 0 1 1 4 4 4 0 0 3
5641 5664 3 5 0 3 3 1 0 3 1 4 5 5 0 3
102 5804 5 3 3 0 0 5 4 3 0 2 3 3 0 5
3445 3445 0 0 0 0 0 0 0 0 0 0 0 0 0 0
5439 5449 1 0 4 2 4 0 3 1 1 0 4 4 3 1
2991 2997 5 0 5 4 0 2 0 5 5 1 3 0 2 5
5564 5565 5 4 1 1 1 3 1 4 1 4 5 3 2 4
5015 5015 0 0 3 0 0 3 3 0 3 0 0 3 3 3
2099 2108 5 3 5 2 1 0 3 2 1 3 1 0 3 3
5504 5512 5 5 2 5 1 3 4 3 3 4 4 4 5 4
5101 5430 5 1 3 0 2 0 1 5 1 2 4 2 3 4
3926 3926 5 1 5 4 2 2 4 3 4 3 1 0 1 4
6696 6708 1 3 2 4 4 4 4 3 3 1 1 5 4 4
3004 3007 5 5 0 1 1 3 4 5 3 3 2 4 4 3
3492 6974 1 3 0 2 0 1 4 0 1 4 1 3 1 1
795 796 4 1 2 3 3 3 4 4 4 2 4 4 2 3
6404 6410 1 1 5 2 5 1 5 2 0 4 4 5 4 4
7968 7969 3 4 5 0 3 2 5 5 5 5 4 0 3 5
4160 4169 4 2 2 2 1 3 3 3 0 1 3 1 0 3
7320 7328 4 1 2 3 2 0 1 5 4 4 0 2 4 2
7382 7386 2 0 4 4 2 0 4 1 3 2 1 4 4 4
4177 4177 3 4 3 2 0 3 3 4 3 0 4 2 1 3
4047 5295 2 5 4 2 3 5 5 3 5 2 5 2 5 1
5560 5567 4 5 3 2 0 1 1 1 5 3 5 4 1 2
262 271 0 4 3 5 4 1 4 2 4 3 0 5 3 4
829 837 4 1 0 1 4 4 4 4 0 0 1 0 5 3
1248 2704 4 4 4 5 4 0 4 0 0 0 2 0 5 3
2097 2103 0 3 3 2 0 2 4 2 5 4 5 3 5 3
7705 7713 2 0 3 4 4 2 2 0 4 2 5 1 2 4
7973 8000 0 5 3 3 2 5 4 0 2 5 0 1 3 5
5891 5894 1 1 5 4 4 3 0 5 5 3 0 0 2 4
6100 6110 5 2 3 2 5 4 0 5 1 1 4 2 5 4
3128 3134 5 3 2 1 1 3 2 2 3 2 3 3 0 3
2653 2654 2 2 5 3 5 5 5 1 4 1 5 1 0 3
1970 1982 0 3 1 3 4 4 3 1 3 1 4 0 1 1
7152 7152 0 0 0 0 0 0 0 0 0 0 0 0 0 0
6914 6914 4 0 1 2 2 5 2 2 2 5 3 5 0 3
4 24 5 2 0 1 0 3 5 4 2 3 3 0 1 3
1453 3102 2 5 2 3 0 2 4 2 0 5 0 1 0 4
266 266 3 3 0 3 3 3 3 0 0 3 3 0 0 3
7371 7384 2 0 3 5 1 0 2 2 5 2 0 0 0 0
3103 3107 0 2 0 3 5 0 1 3 1 4 3 0 0 5
2534 3875 3 1 3 1 5 2 2 5 1 0 4 0 5 3
3768 3768 0 0 0 0 0 0 0 0 0 0 0 0 0 0
6306 6311 3 0 3 0 2 2 3 1 1 5 0 0 2 2
7074 7080 5 2 0 3 0 1 4 2 1 3 4 0 2 1
1271 2587 3 0 3 3 1 0 0 1 0 0 4 2 1 3
6321 6321 4 1 1 5 2 4 2 3 5 5 0 5 2 3
676 676 5 1 0 4 1 4 3 1 3 3 2 2 0 1
3978 3989 3 5 1 3 2 4 2 0 4 4 0 5 5 5
4999 6461 0 0 0 4 4 0 2 2 0 0 0 0 4 4
4462 4470 3 5 4 3 5 0 5 4 3 5 0 0 2 2
7964 7974 0 4 2 2 3 5 0 4 1 1 0 5 0 3
4199 4206 3 5 1 4 3 1 5 4 5 4 4 1 2 1
3672 5707 2 1 4 3 5 4 1 3 4 1 2 0 4 0
6142 6142 4 0 4 4 2 0 0 0 4 2 4 4 4 4
3502 3503 1 3 5 5 2 1 0 5 0 4 2 4 2 5
423 426 5 1 4 1 2 3 1 0 5 3 5 3 3 1
1855 3347 4 2 1 3 4 1 5 3 4 2 1 5 0 2
7081 7090 3 1 1 3 5 4 5 5 4 5 0 0 4 1
1387 1394 3 0 4 1 0 5 3 2 1 1 0 3 0 1
412 421 4 1 2 1 4 0 3 4 3 5 5 3 2 0
7487 7489 0 0 2 2 4 1 2 2 2 1 5 1 3 1
1327 1328 5 1 5 2 3 2 4 1 1 5 4 5 1 5
2368 2375 4 2 1 0 5 4 3 3 3 5 5 4 5 3
3807 3824 1 0 2 0 2 0 5 3 3 4 1 5 5 0
821 1115 3 0 3 1 3 5 0 0 2 1 2 5 3 3
4142 4145 3 1 1 2 5 2 1 4 1 1 1 5 0 5
4661 4673 3 2 0 1 1 5 2 0 2 0 2 2 2 4
2164 2185 2 3 3 1 0 0 1 1 1 4 2 1 5 2
567 3014 5 0 2 4 5 0 4 3 2 0 4 5 5 3
1530 1542 5 4 2 0 0 2 1 3 2 0 4 4 4 0
5494 5505 5 4 4 0 0 4 0 5 5 4 1 1 4 3
5964 5966 0 5 4 1 4 2 4 4 0 0 0 5 0 1
2064 2070 1 0 3 5 5 4 3 4 5 3 2 5 0 0
7073 7083 2 5 0 4 4 5 2 2 3 4 2 5 1 5
5316 5329 1 1 2 3 5 0 2 3 5 4 1 4 1 0
1822 1823 4 3 3 0 2 1 4 3 3 3 5 0 5 2
1108 6347 2 1 2 3 3 1 2 5 5 0 5 3 3 0
7633 7636 1 2 5 4 0 4 3 1 3 2 1 5 0 0
3688 3689 5 1 3 4 1 1 1 2 2 5 1 3 4 0
1916 1934 2 4 1 3 1 3 1 4 0 4 3 5 0 5
4730 7785 1 0 3 2 5 2 2 0 1 3 5 4 2 2
2564 2568 0 5 2 0 2 2 3 2 5 3 5 4 2 0
5700 5700 0 3 0 3 0 0 0 0 0 3 3 0 0 3
3588 3597 3 5 3 0 5 4 3 1 2 2 2 3 3 5
5364 5371 2 4 2 2 2 0 4 1 4 0 0 4 2 5
4627 4634 0 2 4 4 3 3 1 4 3 2 4 5 0 0
2738 2740 4 2 5 3 3 0 0 5 4 1 1 2 1 1
3683 3693 2 1 5 0 2 5 2 4 0 4 3 3 5 4
5242 5249 3 0 2 3 0 2 5 3 3 0 4 5 5 0
116 116 4 4 0 2 2 2 0 0 2 2 0 2 4 4
594 600 3 2 2 1 2 2 1 5 4 5 0 0 4 2
3458 3469 5 4 0 4 4 2 2 2 2 4 5 5 3 5
5075 5076 5 0 5 1 1 1 2 3 0 4 1 1 4 5
6173 6173 1 2 3 1 3 2 2 0 5 0 4 0 3 3
2914 2926 1 0 3 2 0 5 4 4 4 4 3 0 1 0
2251 2261 5 3 5 2 3 4 4 4 2 0 5 0 3 1
3887 3897 0 0 0 1 2 3 4 0 1 1 2 0 0 2
1687 1687 4 0 0 4 0 0 4 0 2 0 4 4 4 4
1112 1117 3 0 5 5 3 2 1 2 2 4 4 3 0 3
6601 6602 1 4 0 1 5 3 1 2 1 3 0 5 2 4
1675 3714 2 0 4 3 2 5 2 0 2 0 1 5 2 3
6858 6868 5 0 0 4 2 0 3 4 2 2 5 5 4 0
2534 2543 0 5 0 5 5 4 5 4 0 5 4 5 5 3
4619 4619 4 4 5 2 1 4 0 5 5 0 3 4 5 5
3221 3229 4 3 0 1 1 0 1 4 5 4 4 0 4 1
3496 3496 4 2 0 4 0 2 4 4 4 4 0 2 2 0
1813 1819 5 1 1 5 3 0 1 4 4 4 0 3 4 5
5735 5758 4 2 4 0 2 2 2 4 4 4 0 4 0 2
6968 6969 2 4 3 5 4 3 0 0 4 3 1 4 5 4
1351 1351 0 0 3 3 3 0 3 0 0 3 3 3 0 0
984 993 0 2 4 0 0 0 4 0 0 0 4 2 0 0
4050 4063 1 4 0 2 1 4 4 4 2 3 2 4 5 1
1748 5365 2 1 0 2 5 3 1 3 0 1 2 1 1 0
3275 3275 0 0 3 0 3 3 3 0 0 0 3 0 3 3
4252 4253 2 0 2 4 4 4 2 2 4 0 2 4 2 0
2699 2709 1 1 0 3 2 2 3 5 1 4 1 5 3 0
306 4224 4 2 1 4 5 5 2 1 5 1 5 2 4 5
111 111 0 0 4 0 4 0 4 0 4 0 0 0 0 0
2613 2621 4 5 5 4 5 2 5 4 5 5 3 4 2 1
4883 4894 3 3 5 4 5 5 4 1 1 4 0 1 3 0
7963 7975 1 1 2 3 3 3 3 2 4 2 3 0 5 5
511 511 5 1 3 3 3 3 0 5 1 1 0 5 3 5
7490 7495 0 1 5 4 1 1 2 5 1 3 4 0 5 2
1227 1229 2 2 2 3 3 5 5 0 3 3 0 1 5 2
295 5050 5 0 4 2 1 3 1 0 0 4 2 0 3 3
168 177 4 0 1 5 1 2 2 2 3 0 2 3 2 3
911 911 3 3 3 3 0 0 3 3 0 0 3 3 0 3
5596 5603 0 2 1 2 1 0 2 5 1 0 1 0 2 4
1738 7882 4 1 4 2 4 3 5 3 3 1 2 5 1 0
3732 3741 1 3 0 5 2 3 2 2 2 4 0 1 5 2
191 198 3 0 5 0 3 5 1 1 2 0 5 3 3 0
6973 6980 3 0 1 2 1 0 1 5 0 1 1 1 4 3
104 2655 5 5 1 2 1 2 4 0 2 1 0 0 5 5
543 555 5 2 1 4 1 1 3 4 5 2 4 1 2 1
2314 2317 5 4 3 2 5 0 4 1 0 5 1 0 2 3
6104 6126 3 1 1 2 0 3 3 3 1 0 4 2 5 3
6470 6477 5 1 3 1 2 2 5 2 3 0 0 1 1 5
4446 4447 0 1 0 1 3 3 4 4 3 4 1 3 3 3
5478 5481 0 2 0 3 5 0 3 3 2 3 5 3 5 0
3338 3353 2 3 1 0 0 0 4 3 1 4 3 4 4 2
7993 8000 4 0 1 3 2 4 2 3 3 0 4 4 4 4
459 459 3 1 0 0 1 3 0 1 5 2 0 2 1 2
1882 1893 5 2 4 2 0 4 0 4 5 0 5 5 5 0
2579 2601 5 5 3 2 0 3 4 1 2 5 4 0 3 4
6430 6907 5 4 0 2 1 3 4 0 3 2 4 5 0 5
835 843 5 4 4 5 2 0 1 1 4 5 5 3 3 0
225 226 2 0 2 0 2 4 2 4 2 2 0 2 2 2
5332 5342 1 2 5 0 5 2 4 2 3 2 1 5 5 3
7781 7790 0 3 1 0 5 5 3 5 2 5 5 0 1 4
583 588 2 4 0 3 3 4 4 1 3 4 0 1 4 1
2354 2364 3 1 4 3 2 5 1 5 5 1 3 3 5 0
5761 5771 1 1 5 2 3 1 1 4 0 2 2 1 1 4
3281 4671 1 5 3 2 0 4 0 5 2 5 2 5 3 3
6285 6290 4 3 4 0 5 3 1 0 1 0 3 1 5 4
5660 5662 3 5 4 4 0 4 2 5 4 4 4 5 5 1
6975 6975 5 1 5 0 3 4 2 3 4 1 2 0 3 1
1515 4359 3 5 0 5 1 1 3 2 2 3 2 0 3 5
368 368 0 0 0 0 0 0 0 0 0 0 0 0 0 0
806 812 0 1 4 3 4 4 5 0 2 3 1 4 0 5
2380 2384 5 1 4 0 2 2 1 3 2 5 5 5 0 0
1149 6643 0 0 3 3 1 4 2 5 5 0 5 0 3 2
7361 7361 0 0 2 4 2 2 2 0 4 2 2 2 2 2
7821 7822 0 2 0 2 4 4 4 0 2 0 4 4 2 2
1097 1104 2 0 2 5 5 4 0 4 2 2 3 2 1 4
2749 2757 0 2 4 1 4 0 4 4 4 1 1 2 2 1
1698 1698 0 0 0 0 0 0 0 0 0 0 0 0 0 0
620 624 0 5 3 2 5 2 5 2 3 3 5 2 5 5
4088 4092 5 1 1 2 4 3 5 0 2 4 0 3 1 0
5272 5275 2 5 2 1 5 2 0 0 0 5 2 5 5 2
3685 3685 0 3 0 3 0 3 3 0 3 0 0 3 0 0
1465 1468 3 0 5 2 3 0 1 3 0 5 2 3 5 5
4844 4847 4 3 0 1 1 4 3 4 1 1 5 2 1 3
4185 4196 4 5 3 1 3 1 4 4 5 2 0 1 5 2
1163 1174 5 3 3 0 2 5 2 3 0 2 1 4 2 5
680 685 5 0 5 4 4 5 3 1 2 4 0 5 3 4
5122 5129 4 3 5 3 2 0 2 3 0 0 1 1 2 4
5082 5084 0 4 0 4 4 2 1 5 1 1 2 1 4 0
1358 1358 0 4 2 0 2 2 0 0 0 4 2 4 2 0
4813 4826 5 0 5 3 2 4 4 5 3 1 2 3 0 5
1746 1753 0 2 4 3 5 0 4 5 0 1 5 4 5 1
141 2406 2 2 4 3 3 4 1 3 2 2 1 2 3 2
2546 2549 4 0 0 3 1 2 5 2 4 5 5 3 1 0
2084 2088 4 5 0 4 1 3 1 4 2 5 0 5 3 5
7981 7986 4 3 1 2 0 4 4 0 0 2 0 4 3 1
5540 5541 3 5 0 0 2 1 2 3 4 1 3 5 0 5
7301 7311 0 2 2 2 4 0 4 0 3 3 5 4 2 3
1508 1519 3 1 5 0 4 3 1 1 4 4 2 4 5 3
7083 7095 4 2 3 3 1 3 1 5 2 4 0 1 4 1
3953 5759 4 1 1 3 0 3 2 0 2 0 5 4 4 2
3410 3410 0 2 2 0 0 4 4 0 4 4 4 0 0 2
3616 3625 5 0 3 5 3 3 1 2 1 1 3 1 4 1
3951 3955 1 5 4 1 4 0 4 5 4 4 1 4 2 3
2273 4547 2 3 2 5 0 2 5 0 2 2 0 4 0 4
6370 6370 0 1 4 2 1 0 3 4 0 5 1 2 4 4
3591 3598 1 4 1 4 4 1 1 0 1 4 3 5 5 1
7450 7455 0 3 5 2 4 1 2 2 1 0 0 4 1 0
2362 7074 1 2 0 2 1 0 4 1 0 5 3 0 4 0
2492 2492 4 2 2 4 4 4 0 0 2 0 2 0 0 2
2393 2399 4 1 3 5 1 1 1 4 4 3 0 3 5 4
5239 5239 0 2 1 0 3 0 3 2 5 2 5 2 1 2
5900 6304 4 0 3 3 3 4 5 1 4 1 3 0 5 5
114 114 0 0 0 0 0 0 0 0 0 0 0 0 0 0
2717 2721 2 3 5 4 2 2 5 4 2 3 1 5 0 5
3331 3333 5 1 0 5 1 0 3 3 3 0 4 3 1 5
5068 5070 0 4 1 0 4 3 2 1 4 4 2 4 4 4
7892 7899 2 0 4 5 1 0 4 3 4 3 4 3 0 3
3437 3442 5 0 2 3 1 0 2 4 5 0 0 3 1 0
3482 3492 0 1 5 0 0 1 3 5 4 3 0 0 2 5
7885 7887 3 4 5 3 5 5 0 5 4 0 2 1 5 1
7689 7689 3 0 4 4 0 0 4 1 3 1 5 4 0 5
7867 7873 4 5 4 0 5 5 0 5 3 4 0 4 5 5
5728 5736 4 2 4 0 1 1 5 0 2 4 5 2 4 1
1131 1132 4 0 4 2 1 5 4 5 5 5 0 5 0 1
6995 7001 3 5 1 0 5 2 1 4 2 2 4 2 3 1
155 161 2 4 2 0 0 2 2 2 0 0 4 0 4 0
6503 6521 4 0 2 0 2 2 0 0 0 4 2 2 0 4
7923 7930 1 1 4 1 4 2 1 2 4 5 1 0 4 1
7916 7916 0 0 3 3 0 3 3 3 0 0 3 3 0 3
3098 3105 4 0 1 0 2 3 4 2 1 0 2 1 3 3
7030 7032 0 1 5 3 1 1 1 1 4 1 0 5 1 3
2982 2982 4 5 1 4 1 4 0 1 2 1 3 2 4 5
976 980 4 5 5 4 3 5 1 0 0 5 3 5 0 5
5424 5432 0 2 0 0 5 3 4 2 0 0 4 4 1 2
888 893 2 0 0 4 1 3 5 1 3 3 0 0 1 3
4119 4129 1 2 3 0 0 3 3 5 1 4 5 1 1 2
6626 6626 5 4 1 3 4 5 1 3 5 0 5 3 5 4
6554 6556 0 5 2 4 4 1 5 3 0 1 4 2 0 2
2094 2105 5 5 0 1 0 1 3 0 3 5 5 2 5 2
5179 5181 3 3 2 4 1 0 2 2 3 4 0 2 4 2
6360 6360 0 3 3 3 0 0 0 3 0 0 3 0 3 0
7275 7279 5 2 5 3 3 5 3 2 4 5 4 5 4 2
2143 2157 1 5 4 1 5 0 1 3 4 4 1 4 3 2
3312 4970 3 2 1 4 3 1 4 4 5 0 2 3 5 2
2437 2443 4 5 3 3 5 1 2 3 1 4 0 0 5 5
2303 2315 5 5 3 4 4 2 1 4 4 5 1 1 2 1
7295 7320 0 2 2 0 0 2 2 4 4 0 2 2 4 4
735 7205 4 5 3 3 3 0 2 0 0 2 1 5 2 1
6479 6491 2 4 2 3 2 2 4 2 5 1 2 1 0 3
6305 6311 1 2 3 3 5 2 4 2 3 0 5 2 0 3
1039 1056 2 1 0 2 2 4 0 4 2 4 2 3 5 2
2955 2965 4 5 4 4 2 3 2 2 1 0 4 5 0 4
4525 4525 0 3 3 0 3 0 0 0 0 3 3 3 3 0
493 503 0 5 3 4 5 1 1 1 1 3 0 2 5 1
4274 4288 2 1 4 4 4 4 4 4 3 2 1 5 2 1
324 1560 1 3 4 0 4 0 0 2 1 3 0 2 1 5
4067 4071 1 3 2 1 5 2 0 1 5 2 1 0 2 1
3310 3315 3 3 0 3 0 0 3 3 0 0 0 3 3 0
2534 2544 2 3 3 2 0 2 1 5 5 1 4 5 0 2
3813 3816 2 5 5 4 2 5 5 2 4 4 0 4 2 2
2310 2318 2 1 3 4 1 4 1 0 4 3 1 2 5 2
5811 5819 0 2 0 2 2 4 0 0 4 4 2 2 2 0
6900 6910 3 3 0 5 3 4 5 2 1 4 4 3 1 2
65 70 3 1 0 4 2 3 3 3 4 0 3 3 5 2
4476 4483 2 4 3 1 0 4 3 1 1 0 0 1 3 2
7094 7102 0 5 5 1 2 4 5 5 5 3 3 1 0 2
7180 7182 4 3 3 0 3 3 1 2 5 1 3 1 4 2
14 20 1 2 3 2 5 0 0 3 0 5 1 1 5 0
1274 1274 0 4 0 1 4 3 4 0 3 1 5 0 1 5
5008 5019 4 2 0 1 5 5 4 0 5 3 0 0 4 0
3297 3305 0 4 1 1 4 5 0 2 1 1 2 2 2 3
2644 7137 4 5 2 4 4 4 5 5 5 3 1 4 4 0
5035 5035 0 2 2 2 0 0 4 0 0 2 0 0 4 2
2865 2872 1 0 3 3 3 0 2 5 5 3 1 0 4 3
733 738 1 0 4 3 2 1 0 0 0 0 1 2 2 1
84 2720 4 2 2 2 1 2 3 1 2 0 4 2 2 1
6020 6020 0 0 0 0 3 0 0 3 0 3 0 0 3 0
7075 7082 0 2 0 5 5 4 5 5 3 1 3 2 1 4
1811 1813 1 4 4 4 5 0 2 0 3 4 3 5 1 4
468 2403 2 0 2 5 0 2 4 2 3 0 3 3 3 0
631 640 5 3 4 2 2 4 3 1 5 3 1 0 0 3
6919 6925 2 5 4 3 2 4 2 2 5 4 0 0 2 1
1879 1905 5 2 4 2 2 0 3 0 5 3 1 1 2 0
3635 5416 0 3 3 3 3 3 0 3 3 0 0 3 3 0
2848 2848 0 0 0 0 0 0 0 0 0 0 0 0 0 0
1554 1556 5 3 2 0 2 2 5 0 2 4 5 1 5 4
1133 1149 3 4 0 1 1 0 1 0 0 4 0 4 4 3
3068 3073 4 5 3 1 5 2 2 0 1 5 5 4 2 3
4079 4085 0 5 5 3 0 4 2 3 4 4 2 2 0 3
4174 4186 2 3 0 0 4 4 4 3 4 1 4 3 3 3
2297 2300 2 1 0 0 4 1 5 3 1 0 1 3 2 5
6325 6326 5 0 1 4 1 0 1 4 3 1 0 3 0 0
6673 6684 1 2 2 3 0 4 5 0 4 2 1 3 0 5
5278 5282 1 4 5 5 2 2 0 4 3 0 4 1 1 2
7613 7616 1 4 1 4 0 2 3 2 2 5 0 4 0 0
1150 1162 1 1 4 0 3 3 5 2 3 4 4 0 5 2
6122 6127 4 3 5 0 2 2 3 1 3 3 3 3 4 0
5560 5570 2 1 5 1 2 0 3 2 2 5 3 5 5 5
4730 4742 0 2 3 3 4 1 2 4 3 0 4 2 1 5
4833 6717 3 5 4 5 4 5 3 4 4 1 0 1 0 4
6600 6600 2 4 0 2 2 4 4 0 0 4 0 4 0 4
4689 4693 2 0 2 0 0 1 5 2 2 5 3 3 1 5
4960 4960 0 0 0 3 3 3 0 3 0 3 3 0 3 0
4877 4880 2 0 3 3 5 5 2 2 5 4 4 0 1 0
5455 5455 0 0 2 5 0 1 3 2 4 1 4 3 2 0
4614 4619 4 4 4 2 2 0 1 3 2 2 4 0 3 5
3060 3069 2 2 3 3 5 2 1 2 2 2 2 4 1 4
730 1277 3 0 0 5 5 4 3 5 4 3 2 2 1 1
5239 5250 4 3 5 5 1 3 5 4 0 0 1 1 5 4
2057 2064 1 5 4 1 4 0 2 2 5 4 3 5 4 2
7724 7750 4 2 1 1 3 1 5 0 1 2 2 5 5 4
4087 4097 3 0 3 3 4 0 5 4 4 0 4 1 3 1
4881 4882 2 1 4 2 0 5 5 3 4 1 0 0 2 5
4533 4535 1 1 4 0 2 0 3 0 1 4 2 4 1 1
7006 7018 0 5 2 0 1 1 0 0 3 1 3 5 2 5
5029 5033 5 4 3 5 4 2 5 4 0 2 0 2 1 5
4101 4111 0 3 1 1 0 5 2 1 0 3 5 0 2 4
4852 4864 4 2 5 3 2 3 0 5 1 0 4 5 2 1
7680 7702 1 5 4 5 2 0 1 2 1 1 3 3 0 0
5411 5423 3 1 2 2 3 5 3 4 5 0 2 1 3 5
323 323 0 0 0 0 0 0 0 0 0 0 0 0 0 0
4182 4191 2 1 5 0 4 2 4 2 5 5 3 0 5 2
1276 1293 3 5 5 0 3 3 3 5 1 4 2 0 5 0
4014 5302 3 4 5 1 5 3 4 5 3 5 5 3 3 1
4284 4284 4 0 0 2 2 4 2 2 2 2 0 4 4 2
5359 5360 0 0 4 4 2 0 2 0 4 2 2 0 4 2
1691 1703 4 1 2 5 5 5 0 4 4 4 1 3 1 4
49 376 4 0 2 5 2 4 3 2 0 2 0 0 4 5
4418 4418 3 0 3 3 3 0 3 0 0 0 0 3 0 3
2722 2730 4 3 3 0 3 1 3 4 1 0 0 5 2 1
5889 5893 2 4 5 2 1 4 1 4 2 4 3 5 0 5
6056 6057 3 3 1 2 2 0 2 4 5 2 5 2 2 2
3486 3491 5 3 2 5 4 0 4 3 1 2 0 3 5 1
3063 3076 4 3 1 0 1 0 2 5 4 1 3 5 0 2
250 260 3 5 5 5 1 5 3 3 2 3 5 4 4 4
2560 6904 0 5 4 1 0 2 0 2 2 5 1 1 4 2
6408 6414 1 1 4 5 4 3 0 5 2 4 2 1 3 0
2801 2809 0 0 2 4 3 0 5 4 0 5 0 2 5 4
3706 3730 3 2 4 1 2 2 4 1 0 2 4 3 5 4
34 1212 0 5 3 1 0 2 1 4 0 1 1 3 1 4
1447 1447 5 2 3 0 4 3 1 4 2 3 2 2 1 3
7904 7912 4 0 3 5 4 0 3 0 3 0 4 1 3 4
3512 3523 5 0 3 0 3 4 2 4 3 5 0 4 4 3
3466 5326 4 1 3 3 3 0 4 3 0 0 5 4 1 2
4774 4782 2 2 2 1 3 2 5 5 0 3 3 4 2 3
1373 1385 3 5 3 4 3 1 3 2 0 5 3 3 3 4
210 212 4 2 4 4 4 2 3 0 5 1 2 1 4 4
6431 6441 3 0 4 2 5 3 0 0 5 2 1 5 3 0
4206 4206 2 3 3 0 0 3 4 5 0 5 1 5 3 4
5632 5634 2 3 0 0 2 4 0 5 4 2 4 3 3 2
2370 2379 0 2 0 4 0 1 2 5 2 5 4 4 1 5
2309 2311 3 3 0 0 1 0 3 5 0 5 4 3 4 3
7529 7529 2 2 2 4 0 0 4 2 4 0 2 4 2 0
1683 1684 0 4 4 1 0 4 1 3 4 5 5 2 0 2
7145 7148 4 0 0 5 2 0 4 1 4 2 4 3 4 2
3361 7170 3 0 3 1 3 3 5 0 2 0 1 1 0 3
677 677 0 0 0 0 0 0 0 0 0 0 0 0 0 0
5809 5816 0 2 2 1 1 5 1 3 2 5 3 4 3 1
2486 2491 0 2 0 0 0 0 2 2 0 2 4 4 0 4
3691 3692 2 3 4 4 5 5 2 5 4 2 0 3 1 5
4616 4623 4 4 3 0 2 4 4 5 4 2 0 3 3 2
3796 3807 5 1 5 4 3 1 3 2 3 0 4 4 2 5
1837 1848 5 4 0 1 0 0 4 4 2 3 3 0 2 2
3386 3393 1 5 1 2 1 2 0 4 1 2 3 5 1 3
4637 4642 5 1 3 0 4 0 3 3 3 5 5 2 4 5
2972 2980 4 3 0 0 2 3 0 2 2 0 5 5 3 2
5869 5877 2 2 4 3 1 3 4 0 2 2 0 1 5 5
934 941 0 1 2 4 2 3 1 4 2 4 1 4 2 3
4980 4980 0 0 4 5 1 4 4 1 1 4 1 1 5 2
2120 2128 5 1 2 3 5 0 1 1 3 2 0 1 0 5
3452 3459 3 2 2 2 5 0 4 4 3 5 1 0 2 3
4827 4833 2 4 2 1 2 3 4 2 2 5 5 0 1 1
6413 6413 3 1 4 4 5 5 2 1 2 2 0 0 2 2
5831 5834 0 4 0 5 0 3 0 5 2 0 3 3 1 5
1558 1564 4 0 4 4 1 2 0 3 1 2 2 2 3 1
7631 7632 4 1 3 1 5 2 2 3 2 3 2 2 3 5
6293 6293 0 0 4 4 4 2 0 3 1 5 3 4 0 3
7599 7602 0 2 5 5 0 3 0 0 0 4 3 2 2 0
3226 3240 3 2 1 1 3 4 5 1 0 0 1 1 0 2
3255 3264 4 2 4 1 1 0 1 1 4 5 3 5 3 2
3646 3646 4 1 1 3 5 5 3 1 0 2 4 5 0 0
6350 6352 4 0 2 4 4 0 0 3 1 4 1 3 1 4
4912 4916 2 4 5 5 1 5 1 2 3 4 2 1 0 5
477 713 3 4 3 4 1 0 4 1 4 3 4 2 2 3
2684 2684 0 0 0 0 0 0 0 0 0 0 0 0 0 0
6218 6223 2 3 3 0 2 5 2 4 1 1 4 5 3 3
1245 1260 2 0 2 4 2 2 2 0 4 4 4 4 2 2
3727 4460 5 5 2 4 1 2 5 4 4 4 2 2 4 3
7752 7752 2 4 0 2 2 0 2 0 4 0 2 0 0 2
2515 2516 0 0 2 0 3 1 5 4 0 3 2 2 1 5
2863 2872 4 4 3 1 5 4 2 3 5 3 0 4 5 2
183 7223 1 0 2 3 2 1 2 1 5 1 2 2 2 5
1899 1899 4 4 4 4 0 0 2 2 2 4 2 2 2 0
6639 6641 0 5 1 5 5 1 4 5 1 1 2 3 4 0
2355 2364 3 4 0 1 4 0 1 0 3 0 1 1 5 3
3864 3864 3 0 5 3 2 2 5 5 2 1 2 5 4 4
5604 5614 0 4 1 0 4 5 2 0 2 1 0 5 5 1
1234 1241 5 5 3 3 0 2 3 2 4 2 4 0 1 0
4270 4277 1 1 0 1 3 2 4 3 3 5 0 0 4 0
901 909 1 1 1 4 0 3 5 3 5 0 3 3 5 3
2572 2572 2 2 4 2 0 0 0 4 4 2 0 2 0 0
7765 7769 0 4 2 4 0 1 5 1 4 1 4 5 0 0
7914 7918 1 2 0 4 4 4 2 2 1 5 5 4 4 1
624 1611 3 2 4 3 1 1 2 3 2 3 1 4 2 1
3814 3817 2 5 3 4 4 2 5 3 5 1 0 0 2 0
4571 4584 1 4 5 3 5 4 4 0 5 5 2 3 5 3
7136 7152 1 5 0 1 0 1 2 2 5 4 0 3 3 4
4895 4899 0 3 3 4 4 0 1 0 1 3 1 4 0 3
2441 2450 4 0 5 5 5 0 5 3 3 1 5 5 5 3
5437 5439 3 3 3 5 2 5 3 1 2 2 3 4 1 3
90 109 0 0 0 5 4 0 5 4 2 2 2 5 0 3
6583 6595 5 4 1 0 4 2 4 4 0 4 2 2 5 1
7260 7260 1 2 5 1 3 2 2 0 4 3 5 3 1 4
7813 7815 1 5 4 1 2 2 0 1 5 0 0 2 4 3
2464 2471 3 4 4 4 2 2 2 4 0 0 2 1 2 2
2470 5991 0 0 1 5 2 3 1 3 2 0 2 2 3 1
7003 7003 3 1 1 0 4 5 2 4 5 5 2 4 1 5
7949 7949 0 0 3 3 3 0 3 0 0 3 3 0 3 0
557 557 2 0 3 1 1 2 2 0 2 0 4 3 0 2
197 2447 0 5 4 1 5 4 1 4 2 4 5 3 5 4
3827 3833 2 1 2 3 0 0 3 5 2 4 3 4 5 2
5483 5494 1 5 2 5 5 3 4 2 0 5 5 4 1 1
2209 2223 4 5 4 0 3 0 3 3 5 3 4 3 4 5
1820 1822 1 2 2 5 2 5 1 1 5 3 2 0 0 0
1898 1905 5 4 0 1 2 0 3 2 0 3 4 3 0 3
4804 4817 2 2 2 4 2 4 4 4 0 2 2 2 0 0
5273 5276 3 5 3 3 2 4 1 5 5 1 2 2 1 2
6886 6895 5 0 0 5 3 3 0 4 0 3 2 4 4 0
793 793 2 0 0 4 4 2 2 0 4 4 4 2 0 2
7137 7145 2 1 3 0 2 4 3 2 0 2 5 3 2 4
4482 4488 4 5 3 5 4 3 2 1 0 2 0 2 0 0
2078 2087 1 4 0 5 5 3 2 5 1 2 1 5 4 3
6716 6716 4 3 1 5 2 0 2 5 2 3 1 4 0 0
5900 5904 0 3 2 4 3 2 5 2 1 5 3 4 5 4
4907 4922 0 0 2 5 2 1 4 3 4 3 0 2 1 0
7147 7156 3 4 3 4 3 2 4 5 2 5 4 5 4 1
910 910 0 4 2 2 2 2 0 4 0 0 4 2 0 4
6968 6971 2 5 5 2 3 3 4 0 2 1 1 1 2 4
4235 4249 5 5 4 4 1 5 5 1 5 0 5 2 4 4
6673 6679 3 2 0 3 4 4 0 1 2 0 2 4 2 1
2335 2339 0 2 4 4 2 2 5 4 0 4 4 2 0 3
1718 1729 4 0 5 3 4 3 2 3 4 5 2 3 0 5
4031 4056 1 4 5 0 5 4 4 0 4 4 1 0 2 2
56 200 0 2 5 4 1 2 4 4 2 2 2 2 0 5
5819 5819 0 3 0 3 3 0 3 0 3 0 3 0 3 3
5196 5202 3 4 1 3 0 4 2 4 4 3 5 4 2 3
3737 3742 4 3 4 3 1 5 4 2 4 0 0 2 5 1
1269 2050 0 4 0 5 0 2 3 1 4 4 3 2 4 4
2034 2045 0 0 3 1 5 4 4 2 5 5 5 0 4 4
3557 3568 4 3 2 4 5 4 1 2 3 0 1 0 4 0
5538 5541 2 0 0 1 4 4 5 3 0 0 5 5 1 0
7502 7514 3 2 2 4 3 5 4 0 1 1 0 1 1 3
6007 6007 0 3 0 3 3 3 0 3 0 3 3 0 3 3
4903 4907 2 3 2 5 2 0 1 5 4 0 4 0 3 3
4714 4725 0 4 3 2 0 1 5 0 0 3 0 0 4 1
2455 5121 5 3 4 5 0 5 0 1 3 4 4 4 0 2
5259 5271 1 3 2 0 1 0 4 0 4 0 1 4 2 4
431 438 3 0 0 1 1 2 3 1 2 0 0 5 0 4
2788 2811 4 4 3 3 0 4 4 0 1 4 4 3 2 1
792 820 1 4 3 1 3 3 1 2 4 3 5 1 5 0
5685 5692 1 2 0 4 3 1 4 0 2 4 4 3 0 3
6548 6550 0 0 3 3 0 3 5 4 2 4 0 3 3 4
7183 7183 3 1 1 4 3 3 5 3 2 1 4 0 2 0
5218 5218 3 2 3 4 3 4 5 2 4 5 0 0 1 1
5792 5802 3 0 5 4 5 1 2 4 2 2 2 5 3 4
2785 2792 5 1 5 2 1 0 3 2 5 5 4 0 1 2
526 530 1 3 3 5 0 4 3 5 4 0 2 2 5 5
275 1807 2 3 4 2 4 3 1 0 0 4 2 0 3 2
2435 2435 2 1 2 0 0 2 3 5 5 3 0 2 3 4
3784 3790 5 5 5 5 3 3 2 0 2 2 3 3 3 4
2183 2199 3 3 5 4 4 2 1 5 4 3 5 5 5 5
2837 2848 1 4 0 1 3 4 2 5 3 1 0 2 3 1
3944 3944 2 4 2 2 0 2 0 4 0 4 0 4 2 2
5672 5680 5 2 0 2 3 2 2 0 0 0 0 3 5 3
5271 5279 4 2 3 1 1 3 0 3 3 1 0 0 0 3
469 4435 3 4 5 4 2 4 3 4 5 0 1 2 3 4
7203 7209 5 3 2 2 0 3 4 3 4 3 5 2 4 4
7171 7175 3 3 4 5 2 3 4 2 0 4 1 0 2 3
7130 7133 0 4 5 5 2 3 5 2 3 1 0 3 3 1
2280 3049 4 2 4 1 3 3 0 2 0 3 5 3 1 0
6821 6830 3 3 1 2 2 2 3 1 2 5 5 0 0 0
5468 5476 0 4 4 4 4 0 5 2 2 5 4 0 1 5
6918 6926 4 4 2 5 0 0 4 1 4 0 3 0 1 5
2666 2677 2 0 2 1 2 5 0 5 3 2 5 0 0 3
6453 6457 5 0 3 2 1 0 1 4 5 2 3 3 3 4
6738 6746 5 1 1 4 4 1 0 5 2 5 0 2 2 3
1056 1061 4 2 5 3 4 3 5 1 5 1 3 5 4 1
1518 5447 2 5 5 3 0 0 0 3 2 2 1 3 2 0
6401 6413 1 4 5 2 5 4 1 5 0 2 5 0 4 3
834 840 5 1 1 1 2 2 1 0 1 0 5 3 4 1
4423 4424 5 2 0 3 4 1 5 2 2 1 5 4 4 5
3008 3933 5 0 2 5 2 3 2 0 3 3 4 5 2 1
7456 7456 4 2 5 5 3 4 5 2 1 3 0 4 1 0
6760 6765 2 3 5 1 0 2 3 0 4 1 5 4 1 4
631 642 0 4 0 5 2 5 1 5 3 5 1 2 1 3
747 2990 1 5 1 3 2 0 3 3 1 5 0 2 3 0
2138 2138 0 0 0 0 0 3 3 0 3 3 3 3 3 0
1446 1455 3 5 1 4 1 4 5 4 0 1 5 1 2 5
4242 4251 0 2 1 4 4 5 0 0 2 3 1 0 0 1
2557 3536 1 0 0 4 1 2 3 1 0 5 4 3 0 3
4815 4815 3 0 0 3 3 0 0 3 3 0 3 3 0 3
583 594 0 0 4 4 5 1 0 2 3 5 4 2 2 3
5138 5164 1 2 3 2 1 0 5 1 2 0 0 3 2 1
7981 7985 2 2 1 1 4 2 4 2 2 1 2 3 1 1
3111 3121 4 0 4 5 5 3 0 5 1 3 2 2 1 4
1179 1192 2 4 1 3 1 5 0 2 2 2 0 3 5 0
969 973 1 2 2 3 5 5 1 2 0 2 1 0 3 0
5860 6965 2 0 0 2 2 4 4 5 5 3 1 2 2 1
6133 6133 1 5 3 3 4 4 5 3 5 1 2 1 2 5
1336 1340 2 4 4 3 0 4 5 5 0 5 5 5 0 1
1626 1629 5 3 4 2 0 0 1 3 0 3 5 4 1 1
6 14 2 5 0 1 1 0 1 4 0 1 4 3 2 5
1630 1635 0 2 1 1 5 5 0 0 5 2 4 1 1 4
5703 5706 5 5 2 4 0 4 3 2 1 1 0 1 1 0
3097 3107 2 2 2 3 5 4 2 3 3 3 0 5 5 4
1278 1458 3 1 0 0 4 3 2 5 5 1 3 2 0 2
7963 7963 4 2 3 2 0 1 1 0 1 3 5 4 1 2
7299 7308 3 1 0 1 2 1 0 4 4 1 3 5 0 0
7045 7047 0 4 4 2 2 3 5 3 5 3 1 1 5 2
4441 4443 2 3 5 2 1 5 2 2 2 5 3 1 2 1
7452 7454 1 4 5 1 0 0 0 4 4 2 2 1 4 5
3729 3738 4 5 5 0 0 4 1 4 1 1 1 4 2 4
7624 7629 0 3 3 0 3 0 3 0 0 0 0 0 0 0
5125 7526 3 0 1 1 5 4 3 5 0 5 1 5 1 2
7555 7555 0 4 0 4 2 2 4 0 2 4 4 2 0 4
7545 7554 4 0 5 1 1 1 4 3 2 5 0 4 1 0
6229 6240 2 3 3 5 0 5 3 3 1 4 3 1 3 0
1754 3182 3 1 0 2 0 0 5 1 2 3 2 3 3 0
5393 5393 0 3 3 0 3 3 3 0 3 0 3 3 3 3
677 686 5 3 0 2 4 2 2 4 4 2 3 1 0 4
7648 7667 5 0 4 0 2 2 3 1 4 2 0 5 4 3
2594 2602 0 5 3 0 1 0 4 3 0 0 3 4 2 5
5245 5245 3 3 0 3 3 0 0 3 3 0 3 0 3 0
3744 3746 3 2 0 5 4 0 4 0 0 3 4 1 4 5
3061 3061 5 2 0 4 5 4 0 1 2 4 4 3 4 1
135 240 0 2 2 3 1 1 2 0 1 3 1 5 0 2
1574 1582 5 4 3 5 2 3 1 1 5 1 0 4 0 2
2811 2823 0 2 2 1 1 4 5 4 1 0 2 2 5 4
4891 4901 5 3 3 5 2 0 1 2 1 4 5 2 3 3
4952 5945 1 1 2 5 1 2 3 5 1 5 2 3 3 1
2777 2777 0 2 4 5 0 3 2 1 1 0 1 0 2 3
5649 5656 4 1 4 3 2 4 5 2 2 3 1 0 0 0
7716 7737 0 0 4 4 4 4 5 0 1 1 1 3 4 1
3852 4129 5 5 0 5 3 2 2 5 5 2 4 1 0 5
3288 3292 3 5 4 4 3 4 3 3 3 0 0 0 5 0
3728 3735 2 4 2 5 2 1 0 0 1 0 3 1 0 1
6235 6237 5 5 2 3 0 5 5 2 4 0 1 3 5 3
2721 3576 3 5 2 4 2 0 0 5 1 2 2 1 2 0
2755 2755 2 0 0 2 0 4 0 2 2 2 4 0 0 2
7277 7284 1 2 2 5 0 3 3 5 3 2 0 5 0 3
3792 3805 5 4 1 1 4 0 1 1 1 1 1 2 1 1
578 585 3 5 0 4 5 2 5 2 2 2 3 2 4 4
1511 1511 5 5 2 2 3 1 1 1 5 5 2 4 5 5
6128 6139 4 0 0 0 0 3 0 0 0 3 4 0 4 1
3861 3861 3 3 0 0 0 3 0 0 3 0 0 0 3 0
2882 2894 1 3 4 4 5 2 0 2 1 2 4 5 1 2
3210 3210 0 3 3 3 0 3 0 0 0 0 3 3 3 3
1951 1958 2 0 0 4 5 3 5 0 4 5 5 3 2 2
4646 4649 2 0 2 3 3 1 5 2 4 1 3 2 0 1
6773 6776 4 4 0 4 2 0 4 3 0 2 3 0 0 4
6495 6495 2 0 4 4 4 2 0 2 2 2 4 2 4 4
6134 6142 1 3 5 2 1 0 0 2 4 1 3 2 5 5
4935 4943 1 1 4 0 4 3 0 3 2 5 0 0 0 2
5661 7906 2 1 2 1 2 2 3 5 0 1 0 3 4 1
7891 7891 0 0 3 0 0 3 3 3 3 0 0 3 0 0
2796 2808 4 4 1 4 2 4 3 4 2 5 3 1 1 3
2246 2247 5 1 3 5 3 1 3 4 0 2 4 3 4 5
3055 3055 3 1 5 1 2 4 1 4 1 4 0 0 0 1
3820 3820 0 4 4 4 2 2 2 2 2 4 4 2 2 0
1197 1200 4 4 3 5 2 2 4 0 5 4 1 4 5 3
2150 2159 1 3 1 4 0 1 3 1 0 5 4 3 0 3
1185 1366 0 1 4 5 2 1 4 2 3 0 3 5 2 2
7808 7808 1 1 1 5 0 5 3 5 3 5 5 5 1 5
1269 1275 5 2 5 2 4 2 3 1 0 4 5 2 4 3
6524 6526 1 4 5 4 1 5 2 3 0 1 4 4 1 5
2889 2893 3 5 5 0 4 2 0 2 5 4 5 2 3 4
5594 5594 2 0 0 0 2 0 2 2 2 0 4 2 4 0
3601 3605 5 5 2 3 5 5 1 5 3 3 2 5 5 5
4979 4983 4 0 3 3 1 5 0 1 1 1 4 0 3 2
4471 4478 1 3 1 2 2 4 0 0 1 5 5 4 4 1
1683 1685 3 0 2 5 2 3 5 3 4 0 2 1 3 1
2649 2653 0 2 1 3 5 2 4 3 4 2 2 0 5 4
5548 5575 2 4 4 4 0 4 4 2 0 0 0 2 2 0
2109 4806 5 1 1 3 3 0 4 3 5 1 5 3 5 1
3281 3286 3 5 3 0 0 2 3 2 3 3 3 0 0 1
731 732 4 1 0 4 2 2 2 1 1 3 0 1 4 4
1226 1235 5 3 2 3 2 2 3 3 1 0 5 0 0 3
910 4064 0 0 4 2 4 5 4 5 2 5 5 4 1 2
331 331 3 3 0 5 5 3 2 5 5 2 1 4 5 0
6462 6462 0 2 2 2 2 4 2 0 0 0 2 2 4 0
3936 3948 3 1 4 4 5 2 2 4 4 5 5 3 4 5
3536 3587 3 2 2 2 2 0 5 3 0 5 4 3 1 4
424 424 4 0 2 2 0 4 0 0 4 0 4 4 4 4
3923 3929 5 0 1 4 2 5 2 4 1 4 2 3 2 0
5961 5968 5 1 5 2 4 1 1 0 3 4 1 2 4 3
994 2941 1 3 2 3 3 4 2 3 2 5 2 3 5 3
6946 6946 5 2 1 2 4 0 1 1 5 2 4 4 3 2
704 708 4 2 2 4 4 4 2 2 0 0 2 0 4 0
4183 4183 4 5 1 1 0 2 2 3 5 3 3 2 2 5
3410 3410 1 2 1 5 0 4 1 4 4 1 1 0 5 1
951 951 0 0 4 0 4 0 0 2 2 2 4 0 4 0
4181 4182 0 3 0 3 0 0 3 0 3 3 3 3 3 3
3088 3099 0 4 3 4 5 4 2 3 0 1 2 1 0 1
3700 3706 0 4 5 5 0 4 3 5 4 5 0 4 4 0
1570 1576 5 2 3 0 1 3 1 0 2 1 1 4 5 5
3810 3812 0 3 3 0 0 0 3 0 0 0 3 3 3 0
5056 5065 0 1 2 2 4 4 3 4 0 5 5 0 0 1
2337 5071 0 2 0 4 1 3 4 1 2 0 3 4 4 0
76 85 0 2 2 3 3 0 4 0 0 0 4 3 1 4
3207 3212 2 0 2 4 2 0 0 2 2 2 0 0 2 2
1377 1391 0 4 4 4 4 2 0 1 0 5 5 2 1 1
631 639 5 2 4 2 0 2 1 4 5 4 1 0 3 2
3844 3844 0 4 0 2 2 4 2 4 4 0 0 2 4 0
7482 7492 5 5 4 2 0 0 3 3 0 2 0 4 1 4
1515 1517 0 1 1 1 3 1 4 5 3 2 0 0 0 1
2134 2136 3 3 1 0 3 4 5 0 3 4 1 2 5 3
890 890 0 0 0 0 0 0 0 0 0 0 0 0 0 0
2686 2693 2 2 1 2 0 2 0 0 0 5 1 4 3 4
1107 1119 5 4 4 3 3 1 4 3 5 4 5 2 4 3
59 3674 1 3 1 4 0 3 4 3 3 2 2 2 1 0
6118 6118 0 4 4 0 0 4 2 4 4 4 0 2 2 4
2315 2323 2 2 0 0 4 3 3 5 1 0 0 4 4 4
6211 6211 5 0 1 3 5 3 3 2 2 2 1 1 0 2
307 6772 1 2 2 2 0 4 4 0 5 1 2 4 2 0
494 502 2 1 1 4 1 5 0 1 4 2 2 3 0 1
3371 3380 3 5 5 3 1 3 3 1 0 3 0 3 3 2
332 346 0 4 3 1 4 4 0 3 5 3 4 2 1 3
347 4892 0 4 1 5 3 3 5 1 1 1 0 4 5 1
4165 4165 1 1 2 2 3 5 3 5 0 1 0 1 1 4
3802 3814 1 3 5 0 5 1 3 5 0 1 4 0 4 3
2482 2484 5 1 1 0 4 0 4 3 4 0 0 1 5 3
1940 3421 5 0 0 0 4 2 0 4 5 1 0 3 2 1
3472 3472 0 0 0 3 0 0 0 3 0 3 3 0 3 0
1641 1644 5 0 4 2 4 2 4 2 0 0 5 1 0 2
2882 2892 3 1 3 5 2 5 0 1 4 5 2 1 4 1
13 277 1 3 5 3 0 2 1 0 4 2 1 3 1 1
5673 5685 1 2 0 4 4 1 5 1 1 3 2 1 5 4
3588 3588 0 0 0 0 0 0 0 0 0 0 0 0 0 0
2544 2548 1 5 3 4 5 0 5 4 2 1 0 1 1 4
77 77 0 2 2 4 4 5 3 3 5 4 3 5 2 1
3386 3386 5 5 1 4 5 4 0 1 1 5 3 1 4 2
3149 3157 0 3 2 0 1 0 3 5 4 3 4 2 1 3
6393 6395 4 4 1 3 3 3 4 2 5 2 2 0 1 1
4898 4909 4 3 3 0 1 5 4 5 0 5 1 1 4 4
3346 3346 2 2 0 0 4 0 4 4 2 4 0 0 2 4
2061 2068 4 2 3 5 4 1 1 1 2 5 2 2 3 0
6092 6097 3 5 3 3 3 4 2 1 5 3 0 2 5 4
4976 6861 4 5 1 4 5 0 0 5 3 2 5 1 2 2
3676 3676 0 0 0 0 0 0 0 0 0 0 0 0 0 0
548 555 2 3 1 1 2 1 4 0 4 4 0 3 5 5
5992 6013 2 5 2 1 1 2 5 2 3 2 4 5 1 5
150 1800 5 2 3 1 0 5 5 3 1 2 5 2 4 2
7822 7822 3 0 0 0 0 0 3 3 3 3 3 0 3 0
550 550 0 0 0 0 0 0 0 0 0 0 0 0 0 0
4437 4447 4 1 1 2 0 4 0 1 5 0 1 0 3 1
1448 5648 0 0 5 2 5 2 1 0 5 0 5 3 5 3
3359 3359 1 0 3 0 5 1 1 5 0 0 1 2 5 3
3979 3983 2 0 2 0 2 0 2 2 2 4 4 0 2 0
3219 3231 5 0 2 0 2 3 2 0 3 5 1 0 3 2
6818 6829 3 0 1 3 0 3 4 4 0 5 5 4 4 5
1676 1685 5 0 4 5 2 4 3 2 5 4 2 4 0 1
2735 2739 4 1 2 5 0 0 0 5 1 0 2 1 1 2
7989 7998 1 0 1 2 1 1 5 3 4 2 2 4 2 0
453 2650 2 1 4 1 5 5 2 4 4 2 2 4 0 5
228 228 0 0 0 0 0 0 0 0 0 0 0 0 0 0
4205 4208 2 2 0 3 1 5 1 5 4 1 5 4 4 1
812 836 0 4 3 1 0 5 4 2 1 5 5 1 0 0
3025 3029 5 1 0 0 0 4 5 3 3 4 2 5 1 0
5488 5488 5 2 0 3 4 3 1 2 5 5 3 4 2 3
183 187 4 0 4 0 5 0 1 1 1 4 0 4 2 0
7761 7772 0 5 4 2 0 5 1 2 1 2 0 4 0 3
2990 3832 1 4 0 5 1 1 2 5 5 2 5 4 3 4
4794 4799 3 4 5 4 5 4 4 1 4 4 5 4 4 4
3685 3690 4 5 5 2 5 1 5 0 1 2 1 3 2 0
3930 3934 0 2 1 5 3 0 2 3 3 3 3 1 2 0
3584 4583 1 2 0 2 4 0 1 4 1 0 2 3 3 2
2945 2954 0 2 0 1 0 0 4 2 0 4 3 3 3 2
848 861 4 4 2 4 3 2 4 0 0 1 1 0 1 3
2315 2326 4 4 4 1 4 5 2 5 5 3 4 1 5 1
5721 5729 1 5 2 2 4 0 4 4 4 2 0 4 5 0
1942 1942 0 0 0 0 0 0 0 0 0 0 0 0 0 0
1424 1430 5 5 4 4 3 3 2 5 2 5 4 4 2 1
7308 7325 4 1 1 3 4 4 3 0 0 4 4 4 3 5
661 884 5 3 1 4 5 4 4 0 2 0 1 1 1 0
2941 2941 0 4 4 2 0 2 0 2 0 2 0 4 0 0
6612 6616 3 1 4 1 0 0 1 2 0 3 0 1 5 1
4539 4548 1 5 2 2 5 0 0 0 2 5 5 3 4 5
831 1215 4 4 2 4 4 4 5 3 5 2 2 5 4 5
1622 1622 0 1 2 1 1 1 0 4 4 0 0 3 0 2
6095 6096 2 2 3 1 4 2 3 0 2 2 1 5 3 0
5912 5926 4 0 2 2 0 2 2 4 4 2 4 2 4 0
5275 5277 3 5 4 0 3 3 4 1 4 2 3 3 2 4
4902 4902 0 0 0 0 0 0 0 0 0 0 0 0 0 0
96 108 1 1 4 5 0 2 5 2 3 0 2 5 3 0
4563 4565 4 2 4 0 2 0 0 0 2 4 2 0 4 4
343 430 1 5 2 2 5 2 1 5 1 4 0 3 4 5
7851 7857 2 1 2 3 4 0 0 1 1 0 2 1 4 2
6747 6758 0 2 5 4 3 0 3 5 5 0 4 4 2 4
2852 2853 3 0 3 1 4 2 1 5 2 2 2 0 0 2
154 7330 3 0 1 4 3 2 2 2 3 4 0 0 1 1
1805 1805 0 0 0 0 0 0 0 0 0 0 0 0 0 0
4240 4242 2 4 4 4 4 4 0 0 4 0 4 0 4 2
650 652 1 0 0 2 4 3 1 1 4 1 5 2 1 0
3631 6191 1 2 4 5 5 2 4 5 2 3 5 4 4 4
7212 7223 5 3 2 5 1 4 0 0 3 5 5 5 5 1
4933 4945 3 0 0 3 3 0 5 4 1 2 0 5 4 4
2394 2399 4 0 5 5 5 3 5 5 0 3 4 5 2 0
391 713 2 1 3 2 3 5 4 1 1 4 4 1 5 0
1600 1600 4 2 0 0 0 0 4 4 0 2 0 4 4 4
4661 4671 0 0 4 2 4 5 5 4 1 0 3 3 2 3
2345 2352 3 1 0 1 3 2 3 0 1 3 2 5 3 2
218 1279 4 4 0 2 5 4 1 2 4 3 3 3 2 0
3894 3894 3 0 0 0 0 0 0 0 3 0 0 0 0 3
7554 7564 2 1 5 3 0 4 0 4 3 2 4 2 2 1
929 931 5 2 3 3 3 0 3 3 0 2 5 2 4 2
179 184 5 4 0 1 3 0 5 5 5 1 3 2 2 3
341 351 3 1 1 0 5 2 1 4 5 3 0 4 3 0
427 434 4 1 0 5 0 4 3 5 3 3 0 1 4 5
4585 4588 3 5 5 2 4 3 1 5 1 3 2 0 0 3
1589 1996 1 5 0 0 5 3 2 2 0 1 3 4 5 1
6992 6992 1 0 4 1 5 5 3 4 4 5 3 0 5 5
467 471 0 1 5 4 4 4 2 2 4 5 1 0 1 3
3795 3795 1 5 5 2 4 3 0 0 1 1 5 5 3 4
1860 1906 5 4 3 0 3 3 0 2 2 2 1 1 3 2
1481 1481 0 0 0 0 0 0 0 0 0 0 0 0 0 0
7222 7235 0 0 5 2 5 0 0 1 0 1 5 3 2 4
2793 2801 2 0 3 5 1 1 3 1 1 3 2 3 0 5
2470 3041 0 1 3 3 5 4 3 1 5 3 3 2 5 1
6548 6548 1 2 5 4 4 1 0 5 3 5 2 1 4 1
7697 7703 3 1 2 3 3 0 1 4 5 2 5 2 1 2
3799 3818 3 5 3 5 3 3 1 1 2 0 2 4 2 5
3011 3014 3 2 5 3 2 0 5 0 5 3 1 1 0 3
5662 5664 2 3 4 3 0 4 3 4 5 2 1 5 3 4
5762 5772 3 4 0 2 2 2 0 2 1 1 0 5 2 1
1971 1977 0 5 2 1 0 3 0 2 4 5 5 0 0 2
3463 4096 1 3 0 3 0 0 2 1 5 2 0 2 3 2
2997 3000 4 5 1 1 2 4 4 0 3 1 4 3 1 5
2996 2996 2 1 3 1 1 1 4 3 0 3 3 4 0 1
6283 6289 4 3 5 5 0 4 4 4 4 1 4 5 0 5
4441 5646 0 4 1 1 5 3 2 2 1 4 5 4 4 5
6336 6336 3 2 5 3 3 2 2 2 5 1 4 4 2 1
156 165 1 0 3 0 4 0 4 5 2 5 2 0 1 2
2691 2705 5 4 1 1 5 0 3 0 0 1 1 1 5 1
5552 5562 1 3 3 3 1 4 1 1 1 2 5 4 5 4
6022 6022 3 1 5 0 4 4 1 5 1 0 1 1 4 3
2047 2054 5 0 1 3 3 5 1 5 3 2 3 5 0 5
1503 1512 0 2 4 5 4 3 5 5 1 2 3 5 0 5
1020 5998 3 1 2 1 1 4 5 3 1 0 2 5 3 2
7893 7893 2 2 0 4 4 2 4 0 4 0 2 4 4 0
3963 3967 1 2 1 5 5 2 1 5 4 0 1 5 1 5
2037 2064 4 3 1 0 2 0 4 5 4 5 5 2 2 4
2178 6305 3 4 4 5 1 2 3 4 1 0 2 3 0 0
2709 2717 5 2 5 1 3 0 0 4 3 4 2 5 5 5
4676 4677 3 3 3 0 3 3 0 3 3 3 0 3 3 3
1940 1940 3 3 0 5 1 2 3 0 4 3 4 2 2 3
7930 7935 0 4 1 0 5 4 5 4 1 4 2 0 0 4
2362 2362 0 4 0 2 4 0 0 2 2 0 2 0 4 4
7396 7408 3 4 2 0 1 4 4 0 5 4 2 1 5 2
1602 1613 0 1 1 3 4 1 4 0 0 3 2 1 2 1
786 2567 5 4 0 2 3 5 3 1 5 4 3 5 0 2
2397 2397 0 0 0 0 0 0 0 0 0 0 0 0 0 0
1034 1034 0 0 4 1 4 1 3 1 5 3 1 5 1 4
4189 4192 4 0 0 5 4 1 1 0 4 2 5 5 3 0
571 578 4 3 4 2 0 3 0 0 3 0 0 1 5 0
1966 1969 2 3 2 1 1 3 2 1 5 5 5 1 1 5
730 738 1 0 2 2 3 3 2 2 2 4 2 2 1 2
1173 1184 5 2 3 0 2 4 1 5 5 1 5 4 5 1
4575 5429 3 1 3 0 4 0 3 2 5 5 5 4 2 2
7282 7291 5 3 0 0 1 4 5 4 5 5 0 0 1 4
2949 2961 0 1 3 2 3 1 1 0 1 0 0 5 5 2
1744 1749 2 3 1 3 4 4 2 2 0 1 5 1 2 3
832 841 3 5 5 4 2 3 2 5 0 5 1 0 3 3
154 160 1 2 5 4 0 3 4 0 1 2 3 3 4 4
5939 5952 5 2 0 3 2 2 1 0 3 2 4 0 3 5
3382 3409 4 4 0 3 5 5 5 2 3 5 3 1 5 1
3988 3999 0 0 5 5 0 3 0 1 1 5 0 5 1 3
6479 6479 3 0 3 0 3 3 3 0 3 0 3 3 0 3
2218 2222 2 3 4 1 3 0 0 1 2 4 2 0 1 2
3246 3253 1 2 3 4 1 0 3 4 5 1 1 4 0 2
7467 7468 2 4 3 1 0 1 0 4 1 5 5 1 4 2
3183 3183 0 0 0 2 4 4 0 2 2 2 4 2 4 2
6503 6510 0 5 4 3 5 4 5 1 2 0 1 5 3 3
7688 7695 1 4 3 5 1 4 5 2 4 4 1 3 5 4
1147 4439 4 2 5 3 0 4 4 0 3 1 1 4 3 3
7710 7721 0 2 1 1 3 5 2 0 5 4 0 3 0 2
7646 7653 0 2 3 0 4 5 2 5 3 4 0 0 5 4
6444 6444 2 5 4 0 5 4 1 1 5 3 1 3 4 5
2128 7984 5 4 0 2 4 4 2 4 2 3 1 3 2 0
4053 4053 0 0 0 4 4 4 0 4 2 4 4 0 2 2
2087 2095 2 2 3 5 4 4 4 5 0 1 0 2 2 3
3293 3305 5 1 2 5 4 0 0 2 3 1 0 0 2 3
2893 2896 2 1 0 3 1 2 4 3 3 3 0 3 3 4
6594 6594 5 0 5 3 1 5 1 4 4 4 2 3 0 3
7804 7810 2 2 0 4 4 2 0 0 2 2 4 0 4 0
2459 2475 1 4 5 3 0 2 0 5 1 5 2 0 5 0
2638 3785 5 2 4 0 3 0 5 4 4 5 0 0 0 3
6913 6923 4 5 5 0 3 2 4 0 5 1 2 4 4 0
4189 4195 0 0 2 0 4 4 3 5 2 4 1 3 3 5
2905 2921 4 5 2 2 4 3 5 0 3 0 1 3 0 0
4911 4913 3 1 3 2 0 3 3 0 5 0 1 1 1 1
6300 6300 0 4 0 0 0 2 2 4 0 2 2 0 0 0
3687 3695 2 3 1 5 4 4 1 4 4 5 0 1 3 5
2287 2310 5 0 0 1 1 1 4 3 5 1 1 2 3 3
6414 6419 5 0 0 1 0 3 3 0 0 0 1 0 5 0
6472 6472 2 1 0 1 2 0 2 0 4 5 4 3 4 3
3245 3246 0 5 4 3 5 2 2 0 3 0 1 4 3 2
4484 4507 4 1 3 5 0 3 1 1 2 0 4 4 3 4
3316 7045 1 1 3 1 2 1 4 4 4 4 5 2 4 1
2164 2168 4 2 5 4 5 5 2 4 1 0 1 5 3 5
7023 7025 2 4 5 0 5 5 3 5 0 1 2 5 3 2
2764 2770 5 4 1 3 4 5 5 4 5 1 1 5 4 5
6649 6649 2 4 0 4 5 1 5 0 3 1 5 4 1 2
1308 1320 5 4 0 3 2 1 2 3 2 2 4 3 2 4
6812 6825 1 2 2 5 2 2 1 0 5 4 1 5 3 1
760 765 0 1 5 4 3 4 1 4 4 3 4 0 4 5
1862 6200 4 3 5 3 1 5 3 0 0 4 1 0 3 5
6354 6354 0 1 5 2 4 0 2 0 0 0 4 3 5 3
6595 6596 0 4 2 5 3 3 5 4 1 0 3 1 3 4
133 133 3 2 4 0 1 5 3 4 3 4 3 1 3 3
7396 7408 4 4 3 4 5 4 3 0 1 2 4 0 2 0
7805 7812 2 0 4 3 2 2 0 0 0 2 0 2 2 0
5570 5572 4 3 4 4 1 2 2 5 3 3 5 1 0 1
7615 7637 3 3 0 3 0 3 0 3 0 3 0 3 3 0
1256 5004 5 3 0 5 0 3 4 4 4 5 5 1 0 5
6206 6206 5 0 0 5 3 5 3 1 4 3 0 2 3 3
6055 6062 5 3 4 0 1 3 0 2 0 3 5 5 5 5
5825 5835 5 4 5 2 5 2 0 2 0 3 3 5 0 0
7448 7460 0 4 4 4 1 0 3 1 2 0 2 0 0 5
914 914 0 0 0 0 0 0 0 0 0 0 0 0 0 0
2476 2481 1 4 3 1 0 2 4 0 5 5 4 1 5 5
1320 1324 2 0 2 3 3 4 3 2 0 4 3 2 0 4
1437 2842 5 2 0 3 1 1 0 2 0 2 5 4 0 0
3414 3414 0 4 0 4 0 4 0 0 4 2 0 0 4 0
5186 5189 5 0 5 3 0 1 4 3 5 2 4 3 0 2
1319 1321 4 0 0 3 2 4 1 0 2 3 0 5 5 3
5929 5929 4 5 2 4 3 0 2 0 4 0 3 0 1 4
6934 6934 2 0 0 0 0 0 2 0 2 2 0 0 4 2
1355 1360 2 4 5 3 2 5 4 3 4 5 5 3 5 2
5029 5035 1 0 0 3 2 4 2 5 3 5 2 5 5 3
6040 6957 2 2 0 2 4 2 0 4 0 4 4 2 2 4
2732 2733 2 1 3 0 1 0 0 4 1 0 3 0 3 5
668 674 4 0 1 4 1 2 4 3 2 5 0 1 1 2
6526 6536 1 2 0 3 1 0 1 4 0 1 1 2 4 2
282 1241 2 0 4 0 2 2 0 4 4 0 2 2 2 0
1495 1495 1 2 4 2 3 5 3 3 3 4 0 2 4 0
3966 3973 0 0 3 0 3 0 3 3 0 3 3 3 0 0
645 645 4 2 1 4 4 2 4 0 3 1 2 4 3 3
1580 5955 2 3 1 0 3 0 0 4 5 3 1 3 0 2
7703 7703 2 4 4 5 0 5 1 4 3 0 5 2 0 1
2472 2482 4 3 3 1 0 5 2 0 4 4 4 3 5 3
5276 5276 1 0 5 4 3 4 0 1 1 2 3 5 5 1
1732 2664 5 2 3 2 4 4 1 5 0 4 2 5 4 0
1258 1265 2 5 0 5 4 5 5 0 0 1 3 2 0 0
3625 3626 0 0 2 2 0 2 2 4 3 0 1 4 0 4
5702 5705 0 4 0 0 2 2 2 4 2 4 2 0 0 4
3588 3589 5 2 0 5 1 2 0 0 0 0 0 3 1 3
7055 7055 5 5 4 2 5 0 4 2 1 0 2 5 1 4
6948 6950 4 4 2 4 4 0 4 2 0 4 2 4 0 4
5358 5363 2 4 2 0 2 4 4 0 5 2 1 1 2 4
2175 3810 3 0 5 3 0 2 2 0 3 4 2 1 1 4
7058 7063 5 2 3 2 5 1 4 5 1 4 1 0 3 4
3592 3599 0 2 0 5 0 4 4 3 5 2 1 2 5 4
7022 7033 5 3 4 3 5 1 4 0 4 5 3 5 5 1
659 661 2 5 3 5 5 0 0 1 3 4 5 5 2 4
5856 5856 0 3 0 0 3 0 0 0 3 3 0 0 3 3
7707 7719 0 0 3 0 0 4 2 0 2 5 4 3 4 5
4149 4159 5 0 3 2 4 0 4 0 0 1 2 1 4 2
3483 3543 2 1 4 0 4 0 0 0 3 4 1 3 1 1
5401 5401 3 3 3 3 3 0 3 0 3 3 3 0 0 3
4839 4847 1 2 1 0 3 0 4 0 2 2 0 4 5 0
1214 1230 0 5 4 4 3 1 1 1 5 1 1 3 0 4
5577 6756 1 3 1 4 3 3 3 5 2 3 2 3 5 2
962 962 5 3 1 1 5 2 1 4 4 5 1 3 1 0
6802 6813 5 5 2 1 2 0 0 5 4 4 2 2 2 0
2975 2990 3 1 5 5 2 0 5 0 1 3 3 3 2 2
2140 2142 2 5 0 5 1 3 2 5 2 4 4 5 1 2
5169 5169 4 2 0 0 4 0 0 0 2 4 0 4 2 2
7533 7544 4 4 0 2 2 0 4 4 0 4 0 4 4 2
647 655 2 1 5 4 3 1 5 0 0 1 4 5 5 4
6041 6052 1 4 3 1 0 2 4 0 1 5 3 2 4 2
461 468 3 1 0 0 2 5 2 5 5 4 2 4 3 0
7114 7124 1 4 2 0 5 1 4 0 3 2 3 2 3 0
4340 4352 3 0 2 2 2 3 2 3 3 0 0 3 2 0
5392 5396 4 1 2 2 0 3 3 1 2 2 1 4 5 3
1936 1942 0 4 0 3 2 3 3 4 0 3 1 4 1 3
453 464 5 5 5 3 4 3 5 4 1 4 3 2 2 5
3142 3152 2 5 0 0 5 5 4 2 5 4 4 2 2 3
5275 5278 5 5 0 3 3 4 1 1 1 4 5 3 4 3
5041 5050 0 1 2 0 1 3 1 5 5 0 1 2 0 1
3096 3102 2 2 3 5 3 2 1 0 2 0 0 4 4 1
4207 4225 0 4 1 2 2 5 1 5 3 2 4 4 1 1
6231 6231 3 5 1 3 1 4 0 0 5 5 3 2 4 5
1271 1272 0 1 5 1 0 0 5 2 4 1 2 1 4 0
7539 7540 0 4 2 0 2 0 4 0 2 0 4 2 4 4
539 551 1 1 5 5 1 3 0 0 4 0 3 4 1 2
1907 4900 2 0 3 2 4 5 4 5 4 1 2 5 3 5
3721 3721 0 4 0 2 0 2 2 4 4 0 0 0 4 0
5257 5257 5 0 5 2 3 3 1 0 3 0 1 2 0 3
6608 6612 2 5 3 0 1 4 2 0 1 0 2 4 1 4
5102 6718 0 1 2 1 2 3 2 4 3 3 3 3 0 2
6193 6193 0 2 4 0 0 4 2 0 2 0 0 4 0 4
6973 6985 2 5 1 0 0 1 0 4 2 3 3 1 1 0
4284 4295 4 2 2 4 1 1 5 4 5 0 3 3 3 2
6080 6085 3 3 4 0 2 5 5 1 3 5 1 2 5 4
523 533 3 2 2 2 3 0 2 4 0 0 1 2 1 4
162 164 3 3 3 3 0 3 1 5 0 3 4 0 1 1
3925 3945 0 2 4 4 4 0 0 0 2 2 2 4 0 4
953 962 2 0 3 2 1 3 1 1 0 0 5 3 4 3
6020 6032 1 1 4 5 3 3 5 1 0 1 4 0 5 4
1583 1585 0 4 4 2 2 4 4 4 0 2 0 4 4 2
3139 3155 1 3 5 2 0 3 0 5 2 0 5 1 1 2
249 2297 3 4 0 4 4 4 4 3 1 5 2 5 2 0
72 81 4 3 5 4 1 4 1 5 1 4 3 0 5 4
7705 7707 5 2 5 5 4 5 5 5 0 3 2 5 0 1
1188 1192 4 4 3 5 1 1 4 2 5 1 1 1 5 4
1986 5741 1 0 5 0 5 1 5 2 2 4 4 0 5 5
2742 2742 4 2 0 2 0 2 0 0 2 4 2 0 4 0
230 231 5 2 3 3 0 0 0 0 2 2 4 1 1 5
5456 5465 5 5 5 3 3 0 0 0 3 5 4 0 3 2
4438 4448 4 0 0 1 2 4 2 1 2 4 5 3 3 5
5665 5668 3 2 1 4 2 2 4 0 1 1 4 0 2 4
6397 6407 3 0 3 3 3 3 3 3 2 4 0 4 1 4
6728 6740 0 0 3 0 5 4 3 2 2 2 1 2 3 2
142 145 3 4 1 0 2 1 1 5 4 2 3 0 5 4
1257 1257 1 3 2 4 5 2 1 1 2 0 5 0 1 1
3167 3169 3 0 1 1 5 5 3 1 1 5 3 5 3 0
6358 6374 0 5 1 4 2 2 4 4 2 4 4 3 1 1
141 4468 1 3 5 2 3 2 5 5 4 2 2 5 2 2
3507 3507 4 4 1 2 5 1 4 1 2 2 5 5 0 0
769 774 4 4 5 4 3 4 0 3 3 3 2 4 3 2
6379 6380 5 2 4 1 2 3 5 2 1 0 0 1 1 0
1837 2393 5 4 2 3 4 1 1 3 2 5 5 2 5 1
1210 1216 0 0 1 4 3 1 3 1 3 3 4 3 1 5
3145 3146 2 4 4 4 4 0 2 4 4 2 4 4 2 4
1001 1022 0 2 4 4 0 2 2 2 0 0 0 4 2 0
1196 2402 0 4 3 5 4 2 0 3 0 4 5 5 0 5
2498 2508 4 3 3 5 3 4 0 5 2 5 1 3 0 5
5396 5397 4 5 3 0 4 2 2 4 3 3 1 5 0 2
2460 2485 3 0 3 0 3 2 2 5 0 2 4 5 2 0
3292 5373 0 0 1 1 1 3 2 2 0 3 2 2 0 2
7418 7423 4 4 2 4 1 2 0 5 4 1 0 3 0 0
7525 7525 2 0 5 4 1 2 5 1 5 2 2 2 0 0
4344 4345 3 3 3 3 3 3 3 0 3 0 0 3 3 3
4679 5779 5 2 2 0 1 3 2 2 1 2 3 2 0 4
5604 5604 5 0 1 4 2 3 0 4 4 4 3 5 4 1
7599 7605 2 5 3 3 1 3 4 1 4 1 5 4 3 3
5095 5099 5 2 4 5 0 2 5 5 2 3 2 5 3 5
2164 4291 1 1 0 0 5 2 0 0 1 0 4 2 2 5
6141 6141 2 0 4 0 2 2 2 4 4 0 4 0 2 4
1504 1509 0 4 4 0 0 4 4 0 2 0 4 2 4 0
965 968 0 0 2 1 2 3 4 2 3 4 1 3 5 4
5018 7155 0 3 5 4 2 1 5 1 3 4 0 2 5 1
6445 6456 4 3 3 5 1 3 0 4 3 5 0 3 2 0
7101 7101 3 2 4 4 3 1 0 5 0 1 2 4 3 3
4776 4793 2 0 4 4 4 0 0 4 2 4 2 0 4 0
2448 2449 3 5 4 3 0 2 4 3 2 3 3 3 4 4
682 682 0 3 0 3 3 3 0 3 0 0 0 0 3 3
5975 5984 2 3 5 5 1 1 1 5 0 3 5 4 0 1
2192 2204 3 1 1 1 3 3 5 2 4 2 1 5 4 3
4339 4342 2 4 1 1 2 2 3 5 2 5 2 2 4 4
348 349 1 1 2 0 2 5 1 4 1 1 0 5 2 4
3545 3549 0 5 0 1 1 0 3 1 3 2 3 0 4 4
894 916 3 3 4 1 4 0 2 3 3 3 3 5 3 4
5075 5083 1 5 4 4 5 3 5 4 2 2 4 2 5 2
4817 4826 2 1 4 4 0 2 0 5 5 1 4 5 0 3
3092 3093 3 5 3 0 0 5 3 4 3 3 4 5 0 0
3336 3358 2 3 2 2 1 1 5 0 0 5 4 4 1 1
711 1471 3 2 2 3 4 1 4 5 5 5 1 0 5 4
7082 7082 3 3 4 0 0 3 3 2 0 5 0 5 2 5
7974 7985 3 0 0 0 0 0 3 0 3 0 0 0 3 3
609 618 2 1 0 2 1 3 3 4 5 2 5 2 1 5
800 4019 1 3 0 1 2 0 0 5 4 0 0 4 2 4
4178 4188 2 4 5 3 4 0 5 1 3 2 1 1 5 1
6798 6806 2 3 2 3 4 2 0 5 2 5 4 5 3 2
7332 7339 0 0 5 0 3 4 4 3 3 4 1 5 5 5
3451 3452 1 3 1 5 4 5 1 3 2 4 4 2 1 4
713 715 2 4 3 3 1 1 3 3 2 4 0 1 0 3
4074 4074 0 0 0 0 0 0 0 0 0 0 0 0 0 0
6203 6209 2 2 4 4 2 0 0 5 2 3 4 1 3 2
1014 3019 1 0 3 3 5 5 1 0 5 1 3 1 1 2
3833 3843 3 4 1 2 4 2 3 2 4 2 5 1 0 1
4544 4551 4 1 2 0 3 4 2 0 0 3 1 1 2 0
686 693 0 0 4 3 0 4 2 5 0 0 0 1 3 0
914 916 5 2 3 3 4 3 0 5 4 5 1 3 4 5
7492 7498 0 2 4 5 1 0 4 2 3 4 4 5 2 1
4899 4903 1 5 5 1 3 1 0 5 5 3 1 5 1 4
6906 6915 1 0 1 2 4 4 5 2 3 4 1 4 0 2
2587 2950 0 0 3 1 4 0 4 4 4 2 3 1 0 5
1680 1685 3 1 4 5 5 0 4 3 5 1 1 5 1 5
3098 3107 0 5 3 4 5 4 1 5 4 3 2 1 1 1
6890 6894 4 1 5 3 2 1 5 5 0 3 1 2 1 5
2306 2306 3 5 0 3 1 3 2 2 1 3 3 0 1 3
7032 7035 1 4 0 4 5 4 1 1 5 3 2 5 5 3
7925 7932 1 4 5 3 0 5 3 4 2 4 4 5 4 5
4799 4808 4 2 3 0 4 0 1 0 3 1 2 5 4 0
1094 2563 1 5 4 2 1 0 2 3 1 5 2 3 5 2
994 994 0 3 3 3 0 3 3 0 0 3 3 0 0 0
1258 1261 3 0 0 2 5 4 5 3 1 0 4 4 2 1
7031 7032 2 2 5 0 5 3 1 3 5 0 4 2 2 4
506 3418 0 5 0 5 4 1 2 4 1 0 0 0 1 3
507 507 3 0 0 0 0 0 0 3 0 3 3 0 3 0
5715 5723 2 3 1 0 5 1 2 5 2 3 5 2 4 3
3819 3819 0 0 0 0 0 0 0 0 0 0 0 0 0 0
1108 7009 1 4 3 3 4 3 3 2 3 4 4 2 0 3
7925 7925 0 0 0 0 0 0 0 0 0 0 0 0 0 0
750 762 4 0 0 1 4 2 1 3 0 4 5 1 4 0
5794 5804 4 3 1 4 0 1 1 3 1 0 2 2 5 1
5331 5335 0 0 0 3 0 2 0 2 3 2 4 0 5 3
5831 5831 0 2 4 0 3 0 3 3 2 1 0 4 4 2
3347 3357 1 0 0 2 2 1 3 2 3 0 3 2 1 2
7585 7588 2 4 1 5 3 4 2 4 3 0 1 3 5 1
3331 6904 4 2 2 0 0 3 1 0 4 2 1 5 4 3
3873 3882 5 4 5 3 5 1 0 5 1 2 5 0 4 5
3549 3557 2 1 5 3 2 4 1 2 5 1 4 2 2 0
841 844 0 1 4 0 2 3 0 1 4 4 1 4 3 1
1774 3628 4 1 4 2 0 5 0 2 3 5 0 3 2 1
1076 1082 3 2 4 1 2 1 5 3 0 5 3 5 3 3
381 390 0 2 1 1 2 4 5 3 1 0 1 0 5 2
5329 5333 5 4 4 1 4 1 5 5 3 5 0 3 4 3
1035 2148 3 4 0 2 2 4 3 4 4 1 1 3 2 3
3219 3219 3 3 0 0 0 0 3 0 3 0 3 0 0 0
4855 4864 3 5 1 0 1 3 3 5 4 1 5 2 2 0
5185 5189 1 2 3 2 4 1 0 0 0 1 1 3 4 0
7254 7257 0 3 4 3 1 1 2 2 3 1 2 3 3 2
6865 6868 5 1 3 0 2 5 0 0 4 1 4 4 1 5
3344 3349 3 2 3 2 1 4 3 2 1 1 5 0 2 4
1743 1748 1 1 5 1 2 4 4 4 3 2 3 3 2 2
2002 4822 1 3 1 1 1 0 0 2 2 2 0 5 3 4
3183 3183 0 0 0 2 4 4 0 2 2 2 4 2 4 2
5396 5396 5 5 5 2 4 1 4 5 4 3 0 1 5 0
3128 3141 2 4 0 4 2 4 0 4 4 0 2 4 4 4
3774 3774 0 3 0 0 0 4 5 2 5 5 2 3 3 5
4414 4414 4 0 2 4 2 0 0 0 4 4 2 4 2 2
3470 3473 1 2 4 1 1 4 1 1 3 1 3 0 0 2
6598 6614 0 0 0 0 0 0 0 0 0 0 0 0 0 0
1685 6140 3 2 0 3 2 3 0 1 5 0 1 2 2 4
3976 3976 3 0 0 3 0 0 0 0 0 0 3 0 3 3
621 621 1 5 1 4 5 2 3 1 5 3 1 3 0 2
6649 6656 1 0 4 4 0 2 2 3 4 3 4 2 5 5
2501 3997 1 5 4 2 2 3 0 2 1 0 1 0 2 2
1398 1398 0 0 0 3 0 0 0 0 0 3 0 3 3 0
2317 2329 4 3 3 2 0 5 5 1 1 2 5 5 0 2
4993 5005 1 1 1 2 2 5 4 0 2 5 0 2 0 5
4653 5692 0 4 0 3 1 0 4 2 4 1 2 0 2 3
5933 5933 2 0 2 4 0 0 0 0 0 0 0 4 0 0
5445 5452 0 5 5 3 5 3 1 4 3 3 2 5 2 4
2101 2109 2 3 3 1 4 0 1 2 3 3 2 1 1 2
559 564 3 5 5 5 3 4 0 5 4 3 4 0 4 1
5483 5483 0 0 2 4 4 4 2 0 0 0 2 2 2 2
2849 2860 4 0 1 4 1 2 1 0 1 4 2 0 2 4
3795 3806 5 3 4 2 1 5 1 4 1 5 5 4 1 4
7087 7099 2 3 0 3 1 2 0 5 3 1 2 1 2 4
5821 5821 5 0 5 5 3 2 5 4 2 1 5 2 5 1
7309 7321 0 3 1 5 2 2 1 2 0 1 0 5 1 0
5439 5442 4 2 1 3 0 2 2 4 4 3 1 3 0 3
3828 7223 4 5 5 3 2 2 0 5 5 5 5 0 5 2
2355 2355 3 3 4 3 2 1 1 1 3 1 3 5 5 0
6879 6885 1 1 0 5 5 0 0 0 2 1 0 0 2 0
3253 3258 4 0 2 1 2 3 4 4 4 3 1 1 0 0
1011 2177 3 5 4 4 3 4 0 2 4 2 0 4 5 4
7595 7607 2 4 3 3 1 4 0 1 5 1 2 5 5 1
6193 6203 1 3 2 0 2 2 2 2 5 2 1 5 4 1
3524 3528 1 3 2 4 0 0 1 3 1 5 4 5 4 1
182 609 3 4 2 5 0 1 4 5 5 5 2 0 4 0
7684 7686 2 1 3 0 5 0 4 0 2 1 0 1 0 0
5181 5187 4 1 0 4 0 0 0 2 3 4 5 4 3 3
6948 6968 2 1 0 1 3 5 3 0 1 2 1 2 3 2
293 301 0 3 4 2 2 3 4 1 5 0 5 1 5 0
7215 7215 3 0 0 3 4 2 2 0 5 4 3 4 3 2
2677 2677 0 4 2 4 2 4 4 4 2 0 4 2 0 4
7117 7140 3 2 5 2 3 0 2 1 4 1 0 3 0 1
1834 5111 1 3 1 4 0 3 1 1 0 5 2 1 4 2
3288 3288 2 2 4 0 0 0 4 0 2 0 4 4 4 0
594 605 1 0 5 1 3 2 2 1 0 5 1 1 3 4
468 477 2 4 5 5 1 5 1 3 2 3 5 0 2 2
227 4766 2 2 0 5 1 1 5 2 2 0 1 0 5 1
3024 3024 2 5 5 0 4 5 2 3 1 4 5 5 1 3
207 213 0 4 0 0 5 1 4 2 1 1 4 0 0 1
595 615 0 2 1 0 5 5 0 1 3 4 0 3 0 1
1871 1883 2 1 2 2 4 0 3 3 0 1 5 2 2 1
4540 4540 0 3 0 3 0 3 0 3 3 3 3 0 0 0
3732 3743 2 4 0 0 0 0 4 2 0 0 4 4 2 2
1243 1253 4 0 4 0 2 1 2 4 5 3 2 1 5 2
7346 7351 4 1 1 0 4 2 0 1 4 1 0 1 1 0
1328 1333 3 1 4 4 4 3 0 1 3 5 2 4 1 2
3208 3220 4 1 2 0 4 5 4 2 1 2 2 3 3 4
1428 1430 3 1 2 5 3 3 5 5 2 0 1 3 3 5
4121 4132 3 4 1 0 2 0 0 3 2 0 5 4 5 5
3315 3326 3 2 5 4 0 1 4 4 4 0 2 5 2 5
637 643 0 2 2 5 3 1 1 2 5 0 3 5 2 2
7748 7750 2 1 3 0 4 5 2 3 1 5 5 2 3 1
1511 2847 5 5 0 5 4 0 5 5 1 2 5 4 1 0
360 360 0 4 4 0 2 4 4 2 4 4 0 0 4 2
7144 7156 4 5 4 4 5 2 5 1 4 5 3 3 5 3
5283 5286 3 0 2 3 3 0 4 0 5 1 0 5 3 2
2493 3134 2 3 1 1 4 4 0 5 5 2 1 2 1 2
2184 2186 4 1 2 3 4 2 0 3 0 0 3 5 0 3
5148 5152 2 5 0 5 5 3 1 0 2 5 5 4 1 3
7766 7783 0 0 0 2 4 4 0 1 3 1 2 5 1 4
4334 4342 1 2 3 4 3 0 1 1 0 1 5 1 3 1
2446 2446 0 0 2 2 4 4 4 0 0 0 2 0 0 4
4803 4808 4 5 0 3 3 5 2 2 2 1 0 3 1 3
622 641 5 1 3 2 0 2 2 5 4 3 4 1 3 4
7012 7021 5 2 4 3 5 0 0 4 0 5 4 0 1 4
5399 5402 1 4 1 0 4 1 2 0 4 2 2 3 5 3
740 748 1 2 3 3 5 5 1 3 0 4 5 1 3 1
5387 5390 5 2 0 2 1 5 4 0 1 5 2 4 1 3
4130 6870 2 5 2 3 2 1 3 3 2 0 5 4 3 1
2073 2073 0 0 0 0 0 0 0 0 0 0 0 0 0 0
2637 2645 1 4 5 3 1 1 0 5 5 4 1 2 0 0
512 512 2 5 4 2 1 1 2 4 4 2 3 4 5 0
502 3199 5 0 5 2 0 4 5 2 5 2 1 1 4 1
3006 3006 3 0 0 3 0 0 3 0 3 0 0 0 0 3
5167 5167 3 0 3 0 3 4 5 0 4 0 0 3 4 1
2822 2836 4 3 4 3 4 0 3 0 3 5 5 1 1 5
600 1597 0 3 4 5 5 0 3 2 5 0 3 5 5 1
6468 6474 5 0 5 3 3 4 2 4 1 0 2 3 0 2
640 640 0 4 4 4 0 4 4 2 0 4 2 4 2 0
6796 6809 3 3 5 4 3 5 5 1 2 1 3 4 4 4
525 6225 2 4 4 4 2 2 4 2 0 4 2 0 0 2
6602 6604 0 5 0 3 2 3 3 5 1 4 4 2 4 4
3720 3729 2 0 2 1 3 0 0 5 1 1 5 4 4 1
2381 2388 1 1 0 2 4 1 2 1 5 3 0 2 5 5
870 2359 3 2 5 4 0 1 4 1 3 0 3 0 4 1
2483 2483 4 0 0 2 0 4 4 2 4 2 0 2 0 0
6914 6921 0 5 5 3 1 3 1 1 0 5 0 3 3 2
723 723 3 3 3 0 3 0 3 3 3 0 0 0 3 3
235 988 4 2 0 5 1 5 1 0 0 2 0 4 2 2
2368 2378 3 3 0 2 3 0 2 2 5 1 4 5 5 1
1614 1615 1 1 4 2 5 0 5 5 1 2 0 5 4 3
6826 6831 5 2 0 1 3 5 1 3 3 4 3 4 2 2
125 560 3 2 2 3 2 2 5 1 0 2 4 4 2 5
1192 1197 2 3 3 3 4 2 4 0 2 0 5 2 1 0
6863 6871 0 2 3 3 1 3 4 5 5 2 5 1 2 3
6388 6390 5 2 5 4 0 3 4 0 0 2 1 5 1 5
1045 2917 0 4 4 3 0 5 3 0 1 5 5 5 5 2
4612 4612 3 2 0 0 3 1 2 4 4 0 4 2 0 4
6859 6866 4 2 2 5 0 2 4 2 5 0 4 3 2 4
150 155 2 0 5 0 4 3 0 0 4 2 2 4 1 3
1244 3673 5 3 0 0 1 3 4 5 0 1 0 3 5 5
981 981 2 4 4 4 4 4 2 4 4 4 2 4 0 4
7614 7622 4 0 2 3 1 5 3 5 4 1 2 0 3 4
783 793 1 1 0 3 2 1 5 1 4 1 1 2 1 3
1787 1788 3 0 2 4 5 2 3 5 5 5 4 5 5 1
613 613 0 4 2 2 2 4 4 2 0 2 0 4 4 4
5243 5251 1 2 1 1 0 5 0 4 1 2 1 3 1 3
5888 5895 4 0 5 5 3 2 0 1 4 3 3 0 0 0
3765 3767 2 4 1 3 5 5 2 5 3 4 1 5 2 0
5324 5326 4 2 5 4 4 4 5 5 2 4 3 2 2 4
3484 3495 5 4 2 5 1 1 0 3 5 4 0 0 0 2
170 174 2 3 4 1 5 1 1 2 2 1 1 1 3 2
343 3787 4 5 2 5 2 4 1 0 5 0 1 0 0 3
2463 2468 1 3 2 3 3 5 1 3 5 5 0 3 3 4
2859 2869 1 0 1 3 5 2 3 0 3 3 4 3 0 4
6278 6290 4 2 0 2 3 1 1 5 0 5 2 2 2 5
4610 5498 3 3 3 1 3 4 0 0 0 4 5 0 4 2
198 198 5 0 1 5 2 2 0 4 3 4 0 3 4 2
4642 4643 2 2 1 1 2 3 2 2 4 2 4 3 0 0
1909 1921 2 3 1 3 4 4 5 4 5 1 3 5 3 0
3891 6196 1 1 3 1 4 2 0 2 2 2 2 4 0 5
3060 3066 5 4 3 2 5 0 0 1 4 5 4 1 5 1
6874 6885 3 4 4 5 5 3 3 4 4 4 1 4 2 1
896 923 5 1 2 0 3 5 3 3 4 5 2 4 2 5
3151 5198 4 2 2 0 0 4 4 2 2 4 2 2 2 2
529 529 0 2 4 2 2 0 0 4 0 4 4 2 4 4
5139 5143 1 2 2 3 2 4 2 1 5 3 4 1 2 2
6989 6996 3 0 1 5 5 3 0 0 5 3 0 1 4 5
7391 7398 5 2 3 0 1 3 3 3 1 3 3 0 1 2
4656 4661 2 2 1 5 4 5 2 1 0 0 5 1 5 5
6035 6042 5 1 2 1 5 2 4 4 5 1 3 1 0 2
6833 6838 0 1 3 1 5 4 3 2 2 0 1 0 5 4
4741 5314 3 2 3 0 2 3 0 0 4 4 2 2 1 3
6688 6688 3 2 2 3 2 1 5 0 1 2 4 3 5 2
614 626 4 5 2 4 0 1 1 1 3 2 4 2 1 1
4102 4111 0 5 0 4 2 3 4 1 3 2 1 2 4 0
6544 6550 1 5 1 5 4 2 4 1 1 3 2 0 4 5
4458 4458 3 5 4 2 4 1 2 2 1 2 2 2 2 0
3294 3306 3 2 3 5 5 5 2 5 0 1 0 0 5 0
5298 5301 5 3 0 2 2 5 2 4 0 0 4 5 5 2
6557 6567 2 2 2 4 4 4 4 1 5 4 5 1 0 2
6545 6546 1 2 1 4 0 3 3 4 2 1 3 4 2 3
3462 3470 1 3 5 1 5 0 2 2 4 3 1 4 2 4
987 998 5 3 0 0 5 3 5 5 1 2 5 2 2 3
6900 6904 2 5 3 5 1 5 3 1 2 1 4 1 1 4
2213 2213 2 4 4 0 4 2 4 2 2 0 0 4 0 2
1811 1820 5 3 2 4 2 5 3 2 1 2 5 1 5 2
4113 4135 4 1 2 4 3 3 2 3 1 0 0 4 4 4
3653 3663 2 0 3 5 5 2 2 3 3 3 0 4 1 3
6904 6904 3 3 0 0 0 0 3 3 3 3 3 3 3 3
4853 4863 4 4 5 5 1 1 5 2 5 5 3 2 1 3
2376 2377 0 4 4 5 4 1 3 4 1 3 1 1 3 0
2811 4695 4 0 4 4 3 3 1 5 1 3 2 4 3 1
5106 5106 2 0 0 0 2 4 4 0 4 4 4 4 0 2
6359 6360 5 4 4 1 2 3 5 2 0 1 4 2 3 4
5892 5894 4 1 0 4 2 2 3 0 4 4 0 0 4 3
6456 6468 1 0 0 3 1 3 3 0 3 3 5 5 2 0
5998 5998 2 2 4 2 4 0 2 4 2 2 4 2 4 2
2868 2875 0 0 1 3 1 1 1 5 4 0 4 0 1 3
3248 3260 3 2 5 0 2 0 1 2 2 2 4 4 0 2
3627 3627 3 2 3 5 0 3 3 4 3 0 4 5 3 1
6136 6136 3 0 0 3 3 0 3 0 0 0 3 3 3 3
3127 3128 2 5 4 1 5 3 5 2 4 3 3 1 1 5
4217 4235 1 5 4 3 3 2 0 4 2 2 3 3 5 3
268 4871 4 5 4 3 1 4 2 0 1 3 1 4 1 3
7088 7088 0 0 0 2 2 4 0 4 2 0 0 4 0 4
493 496 0 2 4 0 4 4 4 4 0 4 2 0 0 0
253 262 5 4 4 2 0 3 4 1 0 5 4 4 4 5
1402 3033 5 3 3 5 0 4 0 1 2 5 0 0 2 3
2707 2716 0 0 4 4 3 5 3 3 2 3 0 0 4 0
6412 6421 3 2 3 4 1 2 3 0 1 5 4 3 5 2
4769 4772 3 5 0 5 3 2 3 2 3 1 0 2 3 3
1184 5413 0 4 5 1 1 1 4 0 4 4 2 2 1 0
7619 7619 0 4 5 2 2 0 3 3 4 5 1 2 0 2
721 731 4 4 5 5 2 5 5 1 5 2 3 2 1 5
7787 7813 4 3 1 4 2 5 3 4 4 5 0 1 0 4
665 670 2 0 0 0 5 5 1 5 4 4 0 5 0 5
6605 6605 3 3 0 3 3 3 0 0 0 0 3 3 3 3
269 278 4 3 4 0 2 0 0 0 1 3 2 5 3 0
7140 7161 4 4 0 4 4 0 4 0 0 0 0 4 0 2
454 459 1 2 2 3 4 1 3 1 0 1 4 0 3 2
2855 2855 3 0 4 5 5 4 4 5 3 1 1 5 0 3
642 652 0 4 4 4 0 2 2 0 2 4 0 2 0 2
800 817 5 0 1 5 5 5 0 5 2 0 0 1 5 0
342 350 1 0 2 4 3 1 1 4 2 5 2 2 3 0
6778 6778 0 0 0 0 0 0 0 0 0 0 0 0 0 0
1528 1541 0 3 3 1 5 3 0 5 1 0 1 1 5 5
5409 5435 3 3 3 3 0 3 0 0 0 0 3 0 3 0
4040 6377 1 0 0 0 2 1 5 3 1 1 3 0 4 4
805 807 2 5 5 2 4 0 2 5 1 0 5 2 3 5
1149 1158 5 1 0 2 1 5 2 3 5 5 3 3 1 5
6527 6534 0 1 1 2 3 1 4 2 2 1 3 4 5 2
419 430 4 0 1 1 4 1 1 5 2 1 3 5 2 5
3619 3622 5 1 0 1 0 1 2 2 4 5 1 3 4 0
6618 6621 1 2 2 5 5 2 4 1 2 2 1 3 2 3
3024 3025 0 0 0 2 2 0 0 0 4 4 2 4 0 2
1803 6145 0 5 3 3 1 5 3 3 0 5 5 1 3 0
6702 6714 4 1 2 3 5 2 4 2 0 1 2 3 0 4
317 324 3 4 5 2 5 5 5 1 0 1 5 5 5 4
6422 6425 0 2 1 1 0 3 3 4 2 1 5 3 4 1
1055 1059 4 5 3 2 2 4 3 3 4 3 0 2 5 3
3780 3786 0 3 3 5 4 1 0 4 3 5 0 3 1 5
1390 1403 5 1 1 1 3 2 3 4 5 0 0 1 2 0
6542 6549 1 5 4 2 3 4 4 3 0 3 0 5 0 5
3412 7866 2 4 5 1 5 1 4 0 2 2 2 4 3 3
5819 5830 1 0 1 3 4 4 3 4 1 5 5 1 2 5
4167 4169 0 0 2 0 2 0 2 3 4 3 4 4 4 2
6965 6985 0 4 4 1 3 5 5 5 5 0 2 1 5 4
2901 2906 3 2 2 3 1 5 4 2 2 4 2 0 4 5
2989 2989 0 0 0 0 0 0 0 0 0 0 0 0 0 0
1909 1916 0 5 3 2 1 1 0 3 5 5 1 0 2 0
21 22 0 0 0 0 0 0 0 0 0 0 0 0 0 0
709 1779 2 4 5 3 3 3 1 2 3 5 0 1 2 2
1503 1509 5 1 5 0 3 0 4 3 5 1 2 0 2 4
4402 4409 0 1 3 5 4 2 1 3 4 2 1 0 1 2
2556 2556 3 3 2 3 0 3 3 5 0 4 2 4 5 2
453 459 5 4 5 5 1 0 5 5 5 2 4 4 3 3
1263 1267 2 4 3 1 0 3 1 2 2 2 5 4 1 4
320 329 0 4 4 2 4 4 0 1 5 3 0 3 2 2
7023 7030 4 2 3 5 0 1 3 0 4 3 4 1 4 5
457 1118 2 4 2 2 4 0 2 2 4 2 4 4 2 0
2435 2439 5 2 5 5 0 0 4 5 4 1 5 1 3 2
7510 7519 0 5 0 2 1 5 0 2 4 3 1 3 1 0
5907 5908 5 3 0 5 0 4 2 4 0 1 2 5 2 3
337 1401 2 2 2 2 2 0 4 0 2 0 0 0 4 0
4714 4719 4 2 2 2 5 5 5 2 0 2 5 3 3 5
5973 5982 0 5 5 0 5 1 2 4 1 4 5 1 1 4
5033 5035 3 3 5 3 4 4 4 1 5 0 5 4 5 5
2428 6518 3 3 5 2 2 1 0 4 0 0 4 1 3 2
5040 5040 3 3 3 0 0 3 3 3 3 0 3 3 0 0
3733 3733 3 3 1 1 5 4 5 0 3 5 3 5 1 3
4778 4783 2 2 4 4 2 2 2 5 2 0 5 3 1 5
5348 6283 5 4 2 0 3 1 1 0 1 0 2 5 1 0
6423 6423 0 2 0 2 2 2 4 0 2 0 0 4 0 2
1483 1488 5 1 4 5 0 2 1 1 5 5 4 0 5 4
260 283 4 2 5 0 1 4 2 1 3 1 3 4 5 0
1978 3059 3 3 5 4 2 2 5 0 4 1 2 0 1 1
2601 2612 4 2 2 3 2 0 4 3 1 5 2 2 3 4
6235 6244 5 5 3 1 3 0 2 2 2 2 4 5 1 4
7855 7868 5 1 2 5 2 1 3 1 4 2 4 4 1 4
312 4764 0 3 3 1 3 2 1 5 1 0 0 4 3 1
6920 6920 0 0 3 0 0 3 3 3 3 3 3 3 0 3
1088 1100 4 1 4 5 2 2 1 2 3 3 5 3 1 2
6834 6846 0 2 3 3 1 5 1 1 1 2 0 5 4 5
2726 2736 3 1 3 1 1 3 2 3 1 3 1 5 2 1
6042 6042 5 4 4 5 2 3 2 3 3 4 1 5 2 3
4113 4116 2 2 5 2 3 1 1 5 0 0 0 4 4 0
5946 5973 5 5 0 5 0 1 2 5 3 4 3 1 5 3
3197 3249 1 5 0 5 4 5 5 4 3 1 0 4 5 1
5235 5235 0 0 1 4 2 4 4 2 3 1 5 4 5 1
3524 3531 1 1 3 1 5 5 4 0 4 3 4 2 0 3
6620 6631 3 3 2 2 0 0 5 2 0 2 1 3 4 0
1215 3592 5 0 2 0 5 1 0 5 5 0 3 2 2 0
4434 4434 4 5 2 2 4 2 1 3 1 5 2 2 5 0
543 549 4 4 2 4 0 3 2 4 1 3 3 3 0 2
51 60 4 2 2 0 5 4 4 2 3 3 4 2 3 3
153 153 0 4 4 4 2 2 3 4 2 4 0 0 0 2
508 508 2 4 4 4 4 2 1 2 2 4 2 1 1 4
4155 4167 1 2 4 1 5 4 1 3 2 1 2 1 1 4
2667 2668 0 0 0 0 0 0 2 4 4 0 2 0 0 2
5664 5673 2 1 0 0 1 0 3 3 5 3 4 2 2 3
2847 2847 0 3 0 0 0 0 0 0 3 3 0 0 0 3
3710 3710 0 0 0 0 0 0 0 0 0 0 0 0 0 0
3837 3848 1 0 3 4 4 2 4 4 0 1 5 0 4 1
1789 5167 3 4 5 5 2 3 2 4 3 5 1 2 1 3
113 119 4 2 3 1 5 2 3 3 5 4 2 0 3 3
2622 2635 2 2 2 3 4 5 3 0 4 4 5 5 2 3
7358 7375 5 2 5 3 1 5 2 1 1 3 1 3 3 3
7175 7177 1 3 3 1 4 2 2 5 1 1 5 3 1 2
5853 5853 0 2 2 4 0 4 2 0 2 2 4 2 0 2
4983 4983 5 0 3 0 2 4 3 2 5 2 5 3 0 1
713 732 2 5 5 0 1 2 4 1 4 5 0 0 4 3
5449 5452 5 2 2 4 2 2 2 0 0 2 1 4 5 4
2012 2012 3 5 1 1 2 3 1 1 2 5 4 1 4 5
4555 4559 5 4 0 2 4 5 5 5 0 1 0 5 3 2
3056 3056 5 5 4 2 1 0 1 4 4 1 4 2 2 2
1185 5712 5 1 5 3 0 0 1 3 1 2 3 1 3 3
199 199 5 3 0 4 0 2 3 3 0 4 3 2 5 1
4635 4644 2 3 5 5 1 5 0 0 0 5 3 3 3 0
1401 1424 1 2 1 3 5 4 0 3 5 3 4 4 1 1
1663 4883 0 0 1 5 0 1 1 1 3 3 3 5 2 2
2211 2211 0 0 0 0 0 0 0 0 0 0 0 0 0 0
3521 3530 5 2 3 0 0 2 4 0 4 2 0 5 5 5
3854 3863 2 4 5 3 1 3 0 0 1 3 0 3 4 3
6018 6026 0 4 5 5 3 1 0 1 5 5 5 4 2 5
141 142 3 1 1 5 5 5 0 1 2 2 5 3 3 4
3940 3946 2 0 4 0 2 4 0 0 4 0 4 2 4 2
4476 4484 0 2 3 1 1 2 3 4 2 1 4 0 1 1
2643 6044 0 4 5 4 4 2 4 1 1 3 5 3 1 3
1931 1943 5 0 1 0 3 0 3 0 4 2 1 5 4 5
1940 1949 2 0 0 5 5 3 3 1 3 0 4 2 0 1
974 980 0 0 2 2 3 3 1 2 1 0 4 5 5 3
5234 5243 1 0 1 4 4 4 3 3 3 5 0 2 2 1
2406 2406 0 3 4 5 3 5 3 1 5 5 1 4 5 4
7298 7305 5 2 0 5 2 1 4 4 5 3 0 5 1 2
1657 1661 4 4 2 4 1 0 3 4 5 2 0 5 2 2
1445 2414 5 4 3 2 2 0 2 2 5 2 0 2 0 3
4533 4545 1 0 2 0 4 1 5 4 3 2 5 3 3 2
1112 1117 2 2 4 5 1 2 2 4 2 5 1 4 0 4
7589 7602 2 4 0 4 4 2 2 2 2 4 0 4 4 0
3792 3793 5 1 0 0 4 4 0 2 3 0 5 1 1 2
5533 5533 0 0 0 0 0 0 0 0 0 0 0 0 0 0
3005 3011 5 1 2 0 5 0 3 3 5 2 5 2 1 0
4365 4372 3 0 3 4 4 3 1 5 3 3 2 1 1 4
6408 7704 0 4 4 2 0 2 0 4 4 4 0 0 2 2
7651 7654 0 2 3 5 1 4 0 2 5 3 1 0 1 4
754 759 1 3 1 2 5 0 5 3 1 3 5 2 3 4
4681 4688 5 4 2 5 1 1 2 4 1 0 0 0 4 3
5860 5869 0 0 0 1 2 4 0 3 5 3 4 5 0 1
5709 5713 4 4 0 2 5 5 3 0 5 3 2 1 5 4
3312 3318 0 0 4 2 4 3 4 4 2 0 3 4 4 3
145 154 0 3 1 2 5 3 5 3 4 5 2 3 3 1
470 1195 1 2 5 3 4 3 2 4 0 5 1 2 1 0
1601 1606 5 1 5 0 0 4 2 4 5 5 1 5 1 3
7842 7854 2 0 5 5 4 1 4 4 5 1 3 4 3 2
193 204 3 3 5 1 5 4 3 1 4 0 3 2 5 1
7199 7201 3 0 5 1 2 5 1 1 2 2 0 5 1 1
7542 7542 3 4 2 4 5 5 0 3 2 5 0 1 1 1
4572 4577 4 0 2 3 3 1 2 5 2 0 4 5 3 2
5087 5104 5 0 5 5 0 4 3 2 1 4 5 0 2 1
2290 2291 4 3 0 1 5 1 5 5 4 1 1 3 4 4
3170 3170 1 1 3 5 3 4 1 2 1 0 5 5 5 1
3702 3704 4 2 0 2 4 0 4 4 2 0 2 2 4 0
2043 2045 2 2 0 2 1 0 4 2 4 4 4 0 0 1
7074 7279 4 3 0 1 5 3 1 1 1 3 5 3 0 5
4754 4754 3 3 1 4 5 3 3 4 4 4 5 5 2 3
6209 6211 3 5 0 2 0 0 2 0 1 2 5 1 5 4
3395 3399 2 1 0 1 3 1 1 0 3 2 3 1 4 0
1365 1376 2 4 4 1 0 0 2 2 4 4 5 2 1 0
3541 3541 0 4 2 2 0 2 2 0 0 4 2 2 2 0
1140 1143 5 0 1 4 1 4 3 5 5 3 1 1 1 5
1839 1841 2 1 1 4 0 3 5 1 0 2 2 5 3 3
2045 2056 3 1 3 1 5 4 4 5 5 0 1 3 4 1
4443 4448 3 3 5 2 2 1 4 2 1 2 5 5 3 4
2803 2814 1 3 3 5 2 4 4 3 2 0 3 0 2 3
981 984 5 5 0 5 4 0 4 0 0 5 4 5 0 2
1211 1213 0 1 2 2 3 0 3 2 2 0 1 0 2 3
3123 3123 2 2 4 4 0 0 4 4 2 2 0 4 0 2
6101 6104 2 0 4 2 0 4 2 0 0 0 4 4 4 4
3736 3746 1 1 4 3 5 5 4 4 4 4 4 4 2 0
7439 7450 1 4 5 3 1 0 2 3 2 2 0 0 1 5
70 70 2 0 4 4 4 4 4 2 2 0 0 4 2 0
4988 4996 3 5 5 5 3 1 5 1 1 2 4 3 5 2
7563 7566 4 1 2 2 4 2 3 5 4 4 3 5 5 1
2127 6911 4 2 2 0 3 2 2 3 1 0 1 3 5 0
990 992 3 5 4 0 4 2 2 5 5 1 5 5 0 1
1519 1519 2 2 4 4 0 2 4 0 0 2 4 0 0 2
7116 7120 2 2 4 2 1 5 2 0 5 4 4 5 3 3
7432 7443 1 3 1 0 5 0 1 3 3 5 3 0 0 2
5468 5480 0 4 1 4 2 1 3 1 3 2 0 3 5 1
3813 3823 4 3 1 4 1 4 5 4 5 5 2 2 3 5
6361 6367 3 3 5 5 5 5 2 5 3 1 2 4 2 2
1323 7220 0 0 2 1 0 1 2 4 2 5 3 5 4 5
3813 3817 3 1 5 1 0 1 2 0 2 4 3 3 3 1
1523 1534 3 1 3 0 0 2 3 1 0 1 0 0 5 5
7877 7878 2 0 3 0 1 0 5 4 4 4 0 1 5 2
5011 7863 4 3 1 0 1 2 1 1 2 2 5 3 4 3
927 929 1 3 5 1 1 5 1 4 2 3 4 0 3 1
2697 2701 2 2 5 2 0 2 1 2 1 2 2 5 5 5
7735 7754 4 3 2 2 5 0 1 4 3 2 4 2 4 2
957 963 4 5 0 5 4 3 2 5 1 1 4 5 0 1
5626 5627 1 2 1 4 2 1 3 0 5 1 5 1 0 5
2257 2268 5 1 4 4 4 1 2 4 4 5 0 3 1 3
4331 4345 0 3 1 1 1 1 2 1 0 4 4 0 3 3
1374 3442 2 0 4 1 4 3 5 1 3 1 5 4 1 5
4429 4429 4 3 0 2 4 1 0 0 3 3 5 3 2 3
961 966 2 1 3 1 4 1 1 3 0 1 1 1 0 3
5568 5587 4 1 5 2 4 1 0 4 2 1 3 2 3 4
5506 5516 3 5 0 4 0 3 4 1 2 1 1 1 1 0
6658 6658 2 0 4 4 0 4 0 2 2 0 4 4 4 0
2871 2884 5 1 0 2 5 5 3 0 2 4 2 1 1 0
6260 6261 0 3 5 4 2 3 4 0 1 1 3 1 5 2
248 3500 0 1 1 1 5 5 5 3 1 3 3 5 2 3
7139 7139 0 0 0 0 0 0 0 0 0 0 0 0 0 0
1506 1506 3 3 4 3 3 0 3 1 1 0 4 5 2 4
7732 7733 2 3 5 0 4 4 2 1 5 2 2 4 1 0
904 905 1 1 5 3 0 5 1 4 2 5 4 5 0 2
3439 3441 2 0 1 4 0 3 5 3 4 0 1 3 3 1
1541 1553 3 5 5 0 3 4 0 3 0 2 3 0 2 1
32 56 4 5 2 5 5 0 0 5 2 2 4 3 2 5
1749 2005 0 2 0 2 2 0 3 0 1 2 3 5 3 2
2074 2084 1 0 2 0 5 0 3 3 0 5 5 0 1 5
3371 3377 3 4 5 4 1 5 2 4 2 1 5 1 3 0
4897 4901 2 1 4 2 2 5 4 2 2 4 5 1 4 0
1124 1296 1 3 2 3 0 3 2 0 5 2 0 1 0 4
7025 7025 1 0 2 4 2 2 3 2 2 4 1 5 0 1
1523 1525 2 0 4 0 4 2 2 4 4 4 2 0 0 2
3412 3415 0 1 3 4 1 2 1 0 1 1 1 0 4 0
5159 5164 5 1 3 0 4 4 1 0 2 5 2 1 2 5
5103 5103 2 4 4 0 0 0 2 2 0 4 2 4 2 2
3873 3879 5 4 0 5 4 3 0 3 5 4 3 5 5 2
5536 5537 2 0 2 4 4 0 0 0 2 0 4 0 4 4
7 7667 1 1 2 0 1 2 4 5 2 5 0 2 0 4
7985 7994 2 2 0 0 3 3 5 5 5 0 0 1 4 4
3079 3088 2 1 0 3 5 4 4 5 4 3 1 2 2 1
7950 7970 1 4 0 4 3 5 4 1 1 0 1 5 5 2
759 770 0 4 3 5 2 2 4 1 4 5 2 0 0 0
7074 7083 2 3 0 3 0 0 3 5 2 1 0 5 1 5
550 559 1 1 5 0 1 5 5 2 1 1 4 1 4 0
5061 5067 3 0 4 3 2 0 5 3 3 2 3 1 2 0
832 3543 2 5 2 1 4 1 0 5 0 1 0 2 2 5
3346 3346 0 0 0 0 0 0 0 0 0 0 0 0 0 0
6260 6263 5 3 2 5 4 0 2 0 5 4 1 2 5 2
4272 4297 1 5 5 0 5 1 4 4 0 3 0 0 4 5
2431 2433 4 3 5 4 5 1 1 0 4 0 0 2 3 0
5498 5505 0 0 2 4 3 3 0 3 0 0 0 0 3 4
7533 7535 1 5 2 4 3 3 3 5 2 1 2 5 1 3
6735 6740 3 4 1 2 2 3 4 5 3 3 4 2 5 5
273 315 0 1 2 3 4 2 5 2 4 0 2 4 1 3
6098 6098 2 1 3 1 2 1 2 1 0 0 3 4 3 3
7363 7374 2 5 1 3 2 3 5 1 4 2 3 3 3 2
2483 2486 3 5 3 0 0 4 4 0 3 3 0 1 0 1
2928 2936 5 3 1 4 4 3 4 4 1 5 2 3 3 1
352 352 2 0 0 0 4 0 2 4 0 0 0 2 4 4
5824 5832 1 3 1 1 4 5 1 0 5 5 5 2 4 2
4879 4903 3 4 5 4 1 2 2 2 3 2 5 3 0 5
1069 1969 5 1 3 1 1 0 2 4 0 2 4 2 5 2
4602 4613 3 1 2 0 0 0 4 4 2 0 2 2 4 3
6571 6574 5 1 2 3 4 2 4 3 5 4 0 0 3 0
240 240 5 4 5 0 3 1 4 0 0 1 4 0 3 1
1723 1724 3 5 1 2 5 3 0 4 1 2 1 1 5 3
993 997 5 4 0 3 2 3 1 4 5 4 2 0 1 2
7779 7782 5 1 3 3 4 1 3 2 4 3 3 1 3 0
4298 4307 0 0 4 4 4 4 1 3 2 1 0 3 2 5
170 175 2 0 5 0 5 2 2 5 2 4 2 4 1 0
2155 2155 3 3 0 3 3 0 3 3 0 0 3 0 3 0
6937 6941 1 1 1 4 1 3 3 0 3 1 3 1 3 2
4158 4161 3 4 0 2 4 2 5 5 4 5 5 5 2 1
361 361 0 3 3 2 0 0 0 5 1 5 2 4 0 5
7860 7860 0 0 0 0 0 0 0 0 0 0 0 0 0 0
221 221 1 1 3 1 0 3 0 1 2 4 0 5 5 1
646 650 2 0 0 0 5 0 5 0 4 3 0 4 0 1
6623 7731 1 0 4 2 3 3 3 5 3 3 5 2 1 4
3220 3220 4 4 4 4 0 4 2 0 0 4 0 4 4 2
975 980 4 4 1 0 2 3 5 2 3 0 3 3 0 1
5803 5813 0 3 0 0 0 3 3 3 0 3 3 0 3 3
2249 6031 3 2 3 3 3 1 3 2 1 3 5 5 2 4
6619 6619 0 0 0 0 0 0 0 0 0 0 0 0 0 0
1054 1058 1 4 4 3 1 0 4 1 2 4 4 2 3 0
2831 2833 3 2 0 3 3 0 4 0 3 0 4 3 4 3
2 9 5 1 4 1 1 3 4 4 1 2 1 3 1 1
5832 5838 5 1 3 2 5 1 0 2 5 2 4 2 0 5
5287 5298 5 2 2 4 0 2 3 4 2 1 0 3 5 5
5487 5499 0 3 5 3 4 3 1 3 0 0 5 1 3 1
15 26 2 1 2 1 0 1 5 5 3 1 5 5 5 0
1605 1607 1 4 3 4 2 3 3 2 4 5 5 1 4 1
7909 7919 2 1 4 3 5 0 0 1 0 4 0 5 1 5
2996 3003 4 3 0 5 0 4 0 0 4 1 3 4 3 4
397 2290 2 2 0 2 2 4 4 2 0 2 2 0 2 4
7095 7095 0 5 3 3 0 2 1 5 3 3 5 3 4 2
2767 2768 4 0 2 4 5 0 4 0 5 0 0 5 4 2
6204 6230 2 1 0 0 0 3 1 0 2 2 5 0 1 0
940 6756 5 3 5 1 5 1 2 1 4 0 2 3 5 2
134 134 5 2 5 0 0 0 1 3 5 3 4 5 5 5
1930 1936 4 4 3 1 5 2 3 3 2 0 2 5 2 0
3631 3638 1 0 4 3 2 3 4 0 1 4 1 5 1 1
6517 6524 4 2 1 5 0 2 4 2 4 4 2 4 1 2
6504 6504 4 1 1 2 5 4 1 1 4 3 1 1 3 1
3070 3078 0 0 1 2 1 3 1 0 4 0 1 5 3 1
6296 6300 1 4 4 0 3 0 5 1 2 5 4 1 3 4
4487 4492 0 4 4 0 2 4 2 1 3 4 2 2 4 2
5604 5604 0 0 0 0 0 0 0 0 0 0 0 0 0 0
6813 6821 1 4 2 5 2 4 5 4 5 2 3 1 5 5
3601 3610 3 4 2 5 2 2 0 5 4 2 1 5 2 3
3930 4301 4 3 0 4 4 1 2 4 0 0 4 2 0 2
7987 7991 5 3 2 4 1 3 3 4 0 1 3 2 1 4
3205 3210 2 4 0 0 2 0 4 4 4 0 2 4 0 0
5456 5465 2 5 0 2 3 5 1 5 3 3 2 0 4 0
3745 6315 3 1 1 3 5 5 5 2 2 5 1 0 5 5
1654 1654 0 0 0 0 0 0 0 0 0 0 0 0 0 0
4722 4734 4 3 5 5 1 0 3 4 4 5 3 1 0 1
1384 1395 2 5 0 3 4 2 2 3 4 4 5 2 2 0
634 4911 3 0 3 0 0 0 0 0 0 0 3 3 0 3
7092 7092 1 0 3 3 5 0 0 5 5 4 5 3 4 3
7650 7652 0 0 3 2 0 3 1 0 5 2 4 3 0 5
5649 5664 5 2 3 5 5 5 1 5 2 2 3 0 5 4
1744 1750 2 5 2 5 3 0 0 1 2 3 5 5 5 1
2527 2527 2 4 2 4 4 2 0 0 4 0 4 4 4 2
1127 1133 1 2 5 3 3 2 3 4 1 0 0 5 1 2
2005 2031 0 4 4 0 4 2 2 4 0 0 0 0 2 4
5899 6395 4 2 0 3 4 0 4 2 3 0 2 4 3 2
2168 2171 3 2 4 3 5 0 3 3 3 5 5 4 2 1
2285 2285 3 3 0 0 0 0 3 3 3 0 3 3 3 3
626 638 4 2 4 5 1 2 0 1 3 3 5 5 1 1
4317 5680 2 2 1 2 2 2 3 3 3 0 2 0 2 5
2540 2549 3 1 2 5 0 0 1 4 3 2 5 2 2 5
6199 6206 2 2 0 4 1 1 1 0 2 0 4 2 2 2
6516 6524 0 3 1 4 5 0 5 3 3 1 1 1 5 4
2071 3306 5 2 2 3 5 2 2 5 1 1 0 5 1 1
458 458 5 4 2 3 1 2 4 2 3 5 0 0 2 4
1327 1339 3 0 2 0 2 5 4 4 0 1 0 2 4 4
522 524 4 0 4 2 4 2 2 0 4 4 4 2 2 0
1560 6291 3 1 3 2 1 0 2 4 5 5 2 1 1 4
6281 6281 3 2 0 0 2 1 2 5 3 2 0 0 3 0
755 755 4 0 4 5 5 1 0 4 2 1 2 4 3 4
482 495 0 1 0 1 2 1 5 1 2 0 5 1 3 2
4468 4472 4 1 2 4 2 4 1 0 5 2 4 5 1 2
1832 1832 0 4 0 2 2 2 4 4 0 0 2 0 4 4
5274 5285 2 3 5 0 4 0 0 0 1 3 1 4 5 3
4337 4351 3 3 5 3 2 1 2 4 2 0 2 0 1 4
2648 4601 5 5 5 0 1 1 5 5 1 5 3 2 4 1
1445 1452 1 1 1 3 3 4 5 0 5 3 5 0 5 3
4416 4421 4 5 3 2 1 4 4 3 0 3 4 3 1 4
5618 5630 2 2 0 3 2 0 4 0 5 5 1 5 3 5
7213 7221 5 5 5 0 5 1 0 5 1 0 0 3 4 1
3836 3836 0 3 3 3 0 3 0 0 3 3 3 0 0 3
2106 2114 5 4 5 0 5 1 3 4 4 4 3 3 2 3
1639 1650 2 1 0 3 3 3 1 2 4 5 0 2 0 3
2953 2953 2 1 0 4 4 2 2 5 4 1 1 5 4 0
1022 1022 3 3 0 3 3 3 0 0 0 3 3 0 3 3
1232 1241 5 1 1 4 2 2 2 0 4 2 5 5 1 5
6787 6814 0 4 4 0 0 5 1 1 0 0 4 2 4 4
4297 6379 2 3 4 0 3 2 5 0 5 4 0 0 2 2
5811 5811 2 0 4 4 0 4 0 2 2 2 4 2 2 0
172 182 5 4 4 2 0 1 0 2 2 1 2 3 3 0
4606 4627 1 4 5 5 3 0 4 0 2 5 3 4 1 2
7166 7968 5 1 5 3 2 1 0 1 2 5 1 5 1 3
5899 5899 3 4 0 0 5 3 2 1 4 5 1 5 1 0
5201 5206 5 2 4 5 5 0 0 4 0 2 4 4 2 0
2078 2092 3 0 5 3 0 4 0 1 0 3 0 1 5 0
1935 2128 0 1 5 1 3 5 5 2 3 2 0 4 4 5
2920 2920 0 4 0 2 4 0 2 4 0 2 0 0 4 2
6944 6949 2 3 4 2 3 5 5 5 2 0 4 5 1 3
6633 6642 0 3 4 5 0 5 4 1 2 5 5 4 4 4
3747 3756 5 4 4 2 1 0 2 2 5 4 1 4 4 0
7632 7632 2 3 3 0 4 0 1 3 0 3 0 3 1 1
2460 2463 2 5 5 2 0 3 3 2 5 0 1 0 0 2
1792 1817 0 0 3 3 0 0 0 0 3 0 0 0 0 0
3717 3719 0 2 0 4 4 2 5 5 2 4 1 3 1 5
2750 2750 2 4 0 0 4 2 4 4 4 0 4 0 4 4
1217 1217 3 0 0 3 0 0 0 0 0 0 3 0 0 0
4213 4231 3 3 2 4 1 2 3 5 5 3 3 2 3 3
2633 5136 3 4 2 1 4 2 5 5 3 1 4 5 4 2
2364 2366 3 0 2 0 2 3 5 4 0 3 3 2 1 5
1340 1340 4 1 0 0 2 2 1 0 3 5 5 0 1 5
2257 2268 1 1 3 5 0 2 1 3 2 3 5 2 2 4
259 1235 4 1 2 5 4 2 1 1 2 0 4 4 4 1
6797 6797 0 4 2 0 2 4 0 4 4 4 0 4 4 2
581 589 4 3 3 4 4 5 5 0 2 4 3 2 4 0
4702 4727 5 1 5 1 2 3 4 4 3 1 0 1 1 2
5552 5563 5 4 4 1 5 4 0 5 1 5 4 1 1 0
5411 5417 3 3 2 5 2 1 5 5 5 1 0 1 2 0
6108 6108 1 0 2 5 2 2 3 0 3 5 0 5 2 2
2189 2209 5 3 1 0 2 5 3 0 1 2 2 3 5 0
3255 3261 3 4 4 1 2 0 3 4 2 1 1 4 2 0
7935 7935 3 1 5 1 4 2 0 5 5 0 0 4 5 1
249 255 1 2 0 2 2 5 3 0 4 3 1 2 5 3
525 548 1 0 0 4 5 1 0 1 1 4 0 4 4 0
2060 2067 3 2 3 2 1 1 2 2 1 4 3 0 3 5
6437 6437 0 0 0 0 0 0 0 0 0 0 0 0 0 0
5423 5431 2 0 4 5 1 5 4 3 0 4 5 0 2 5
7363 7364 2 1 1 3 2 5 5 3 0 4 5 3 1 0
16 3033 1 4 4 0 3 3 5 0 2 0 1 0 2 4
2475 2481 1 5 1 5 5 3 1 3 5 5 1 5 0 3
3317 3318 2 2 4 4 0 0 0 2 4 4 4 0 0 2
7690 7694 5 3 3 1 2 1 3 3 2 2 2 4 5 2
3339 3339 5 2 4 5 3 5 4 4 1 3 4 4 1 5
3242 3254 5 1 3 0 4 4 1 5 1 1 2 4 4 2
1272 1277 3 4 0 5 2 1 5 0 4 1 4 0 0 5
1449 1457 0 2 0 5 5 0 3 4 5 0 3 5 5 0
1394 1405 3 3 3 3 3 0 0 3 3 3 3 0 0 3
6941 6941 2 2 4 0 3 0 1 2 1 1 4 4 3 3
7464 7474 5 1 2 5 3 1 3 2 1 4 2 3 2 2
543 547 5 1 4 1 5 1 5 3 3 1 0 5 5 1
1126 1134 3 4 2 1 1 0 4 2 5 4 3 0 5 3
5101 5101 0 0 0 0 0 0 0 0 0 0 0 0 0 0
7200 7205 2 4 2 2 4 0 2 2 2 4 2 0 0 4
7701 7701 3 0 3 0 3 0 0 3 3 3 0 0 3 3
4148 5268 4 5 4 2 5 5 4 1 3 1 0 0 5 4
3395 3401 4 4 2 0 2 5 3 5 4 2 1 4 0 2
4956 4966 5 4 5 4 2 0 3 4 2 3 4 5 5 0
1390 1390 1 1 3 5 0 3 2 0 5 1 1 4 4 1
717 1989 0 4 4 5 1 2 0 4 2 1 1 2 4 1
7051 7051 0 4 4 4 4 0 4 2 2 2 0 0 2 2
730 732 4 2 4 0 4 0 2 4 2 2 4 2 2 0
5840 5850 2 0 2 2 1 0 5 0 3 1 5 2 0 1
2416 2904 1 5 2 4 0 5 4 0 4 0 0 3 1 4
2688 2688 5 0 1 4 2 0 1 0 4 5 5 5 5 2
5435 5439 4 1 0 1 2 1 3 5 1 5 3 2 1 3
4080 4086 4 4 4 5 0 0 3 1 4 4 0 5 3 3
7085 7085 5 3 5 4 2 4 4 5 1 3 2 3 4 4
3597 3597 3 5 3 5 2 0 2 4 0 4 0 2 5 0
2735 2741 3 3 0 1 5 3 2 5 4 3 3 0 1 2
5709 5713 5 1 5 5 2 3 3 5 1 0 2 2 1 3
469 4339 1 5 1 5 0 5 1 3 2 3 4 5 5 0
2466 2472 3 0 4 4 5 3 5 2 2 1 4 0 4 4
6694 6703 0 1 0 3 5 4 0 5 3 3 1 2 1 1
6993 7000 1 0 5 4 3 1 1 4 1 1 4 0 1 0
5086 6063 3 1 5 1 4 1 0 5 2 0 3 5 4 0
1514 1514 0 0 0 0 0 0 0 0 0 0 0 0 0 0
5764 5772 2 4 0 5 0 4 1 2 5 2 5 0 0 3
6639 6660 1 3 1 2 4 3 2 1 4 1 5 0 5 4
3612 3618 0 2 5 4 0 5 4 5 4 0 0 0 4 2
3424 3424 5 5 5 2 1 0 5 2 4 5 5 5 1 5
4479 4491 5 3 1 1 0 5 5 2 3 1 1 5 5 3
719 723 0 0 0 0 0 0 0 0 0 0 0 0 0 0
926 929 1 0 4 2 1 0 4 0 2 3 0 1 1 3
1628 1628 0 0 4 4 2 4 4 2 4 4 0 0 2 4
1971 1980 5 1 2 1 2 1 2 0 3 5 3 2 4 0
803 810 3 3 0 2 0 5 5 0 4 2 4 4 0 1
201 206 2 4 0 1 2 2 5 2 0 2 0 3 0 4
1059 1061 4 3 1 0 2 1 1 1 3 4 3 0 2 2
345 346 4 2 0 0 4 5 0 3 2 2 1 3 3 5
7376 7402 2 5 4 5 5 3 4 4 4 0 2 3 1 3
4825 4829 5 5 0 1 4 0 5 0 2 2 0 3 5 0
3778 3780 3 2 0 4 4 5 1 0 1 2 2 4 4 3
310 312 0 4 0 4 4 4 2 2 0 2 0 4 4 4
1561 1569 3 4 1 3 1 5 4 2 2 0 4 0 0 1
1624 1624 2 5 4 2 1 3 5 1 1 1 0 0 4 1
6015 6015 4 1 2 1 0 4 2 1 2 2 4 3 3 0
3790 3790 1 2 2 2 3 0 4 5 2 0 5 0 4 2
5914 5926 4 1 2 1 0 1 5 5 3 5 1 5 0 0
3006 3010 3 1 4 5 5 2 1 5 5 5 1 4 4 3
6589 6589 2 0 4 0 4 2 0 0 4 4 0 0 2 2
5142 5154 2 4 2 0 2 2 4 2 4 2 4 4 4 0
5908 5916 3 0 2 4 1 3 1 2 1 1 5 3 0 5
7278 7280 5 1 5 4 4 1 2 1 2 2 4 3 2 5
7799 7799 0 2 0 0 0 4 4 2 4 2 2 0 2 2
532 539 5 0 2 4 1 2 2 0 4 5 2 2 3 5
7030 7057 1 5 0 1 0 1 4 4 3 3 0 0 4 0
147 2430 2 5 3 3 1 3 4 4 5 3 2 4 1 4
2903 2909 3 3 3 5 2 2 1 2 2 0 5 0 5 4
716 723 3 5 5 4 5 1 4 1 5 5 0 3 3 5
3369 3376 1 3 5 3 0 0 5 5 0 1 3 1 1 1
1647 2877 4 0 5 3 3 0 0 1 4 1 2 1 1 3
2948 2956 3 1 3 0 5 0 5 3 5 0 2 1 5 0
5208 5213 1 5 4 5 1 5 4 2 1 5 0 3 5 0
4584 4590 5 0 0 0 3 5 1 3 2 2 1 5 2 2
140 7768 3 4 4 0 2 3 1 2 3 0 4 0 4 2
1489 1500 4 5 4 0 0 4 0 0 1 5 1 0 2 1
3962 3969 4 4 3 1 2 0 4 3 1 3 2 0 1 0
2832 2832 0 3 3 3 0 3 0 3 3 3 3 3 3 3
1929 1937 4 5 0 0 1 2 2 2 1 4 4 0 4 0
6296 6303 2 4 2 1 1 5 2 2 2 4 2 5 4 2
7976 7980 2 4 0 4 5 3 3 0 1 5 2 5 2 2
3475 3489 0 0 2 3 3 2 3 2 1 3 5 3 3 1
4830 4832 1 2 0 5 0 0 4 3 2 3 2 2 0 3
7269 7269 0 3 4 0 3 0 3 3 1 1 2 3 0 1
463 472 1 4 0 3 5 0 5 0 0 1 2 3 0 0
6717 6730 5 0 4 3 3 4 1 3 1 3 2 4 3 2
2979 4604 2 4 5 0 5 0 2 3 5 2 1 3 4 4
6833 6843 0 2 2 5 3 1 0 2 3 2 5 1 5 1
4869 4881 2 4 0 2 4 0 0 2 2 0 0 4 2 0
5927 5936 4 5 0 3 4 3 1 0 2 2 3 0 0 2
7375 7380 0 4 0 1 5 0 4 0 0 3 4 0 3 5
6034 6034 2 4 0 2 2 4 2 0 0 0 4 0 4 0
3458 3468 3 1 5 1 3 1 0 3 3 4 3 2 5 2
1317 1329 3 0 5 5 4 1 5 1 5 4 3 1 2 5
1330 3973 3 0 0 2 1 5 1 4 5 0 4 1 5 3
4438 4438 5 2 2 1 3 4 2 2 4 0 3 5 3 5
2384 2389 3 0 5 1 4 1 3 5 5 0 1 1 5 3
4242 4245 4 2 0 0 5 0 0 1 4 2 0 1 3 0
1810 1821 4 1 4 4 3 4 3 4 4 1 3 3 1 1
3552 3552 0 0 0 0 0 0 0 0 0 0 0 0 0 0
2667 2675 4 2 2 5 3 1 3 1 0 3 1 1 5 0
838 855 5 4 5 5 2 2 2 1 0 0 4 1 1 0
797 3935 5 4 5 0 5 5 3 0 0 0 1 4 5 2
3162 3162 0 0 0 0 0 0 0 0 0 0 0 0 0 0
7427 7429 5 3 4 1 3 1 3 4 1 4 0 1 4 2
4960 4970 3 5 3 0 4 2 3 1 5 4 5 3 5 5
6999 7003 4 1 0 1 4 0 4 4 0 3 1 4 0 0
3182 3184 5 0 1 0 0 3 2 2 5 2 0 1 5 3
3922 3922 5 0 3 0 4 2 0 1 3 3 2 0 5 3
1583 1604 0 0 3 3 0 3 3 0 3 3 0 3 0 3
984 1251 0 2 3 2 1 1 0 2 5 5 5 1 2 0
273 276 5 2 5 3 0 0 0 4 2 0 0 2 0 5
2062 2070 1 4 4 1 1 1 3 3 0 5 5 1 3 1
2663 2671 3 5 3 5 0 2 5 5 2 3 4 0 3 4
740 746 4 4 5 3 2 0 4 0 0 4 1 4 2 0
3280 3283 3 2 5 5 4 4 2 1 4 0 5 4 0 4
1622 1633 3 1 5 3 4 0 2 3 0 1 4 5 3 1
5822 5825 5 5 2 2 3 1 3 2 1 1 2 0 4 2
4340 4343 0 3 3 2 0 3 3 5 3 4 4 4 5 4
3347 3347 0 0 0 0 0 0 0 0 0 0 0 0 0 0
7385 7397 5 0 1 0 1 3 5 2 4 2 3 2 2 4
6452 6453 3 2 4 4 4 2 4 4 1 5 3 4 2 2
3271 3280 1 2 3 5 0 0 3 3 4 5 2 4 0 4
2874 2874 2 0 0 4 0 2 4 2 0 2 2 2 2 4
5573 5586 3 5 1 3 0 2 5 3 0 1 2 0 5 2
5891 5898 0 4 2 3 0 0 5 0 1 3 0 0 2 5
3148 3152 4 1 2 0 5 4 2 2 3 2 3 4 4 5
7260 7260 1 2 5 1 3 2 2 0 4 3 5 3 1 4
6538 6544 2 3 1 0 3 2 2 2 4 2 4 0 1 2
7964 7964 1 3 0 1 1 2 1 3 3 5 4 2 0 2
828 3157 4 4 2 2 0 0 0 2 1 0 4 3 4 1
66 66 5 4 1 3 0 4 3 4 5 0 1 3 0 1
3663 3666 0 0 4 5 1 1 0 3 0 4 0 5 0 4
4607 4616 0 5 2 3 4 3 2 0 2 1 2 0 1 2
6841 6851 5 2 5 4 0 1 5 1 0 4 2 3 0 3
2258 2258 1 2 3 3 0 1 2 5 4 5 0 4 5 4
4606 4616 3 2 3 5 3 0 2 0 2 3 2 2 5 4
3848 3871 0 5 1 3 2 1 4 5 1 3 3 5 0 1
3036 4811 2 3 4 5 4 3 0 5 3 1 3 4 3 0
3766 3766 4 4 4 0 4 4 4 4 2 4 4 4 2 2
6818 6826 5 3 3 3 1 3 3 4 1 1 2 5 3 1
6368 6389 0 4 1 0 5 0 2 5 4 0 0 4 3 1
3281 3283 5 4 5 1 3 4 2 0 5 0 3 4 3 4
5056 5056 2 5 1 5 5 2 1 2 1 1 0 4 2 4
7902 7913 0 4 3 5 0 3 5 3 0 2 3 1 2 3
4297 4323 2 3 2 5 5 3 5 1 1 0 5 0 4 3
3064 6575 5 3 5 0 2 3 3 5 5 5 1 1 4 2
3513 3515 3 1 0 4 5 1 4 4 2 5 5 5 4 2
58 65 3 0 2 4 4 4 1 1 5 3 5 5 4 2
4464 4467 2 1 3 1 3 3 2 2 4 0 1 5 2 5
6372 6643 5 4 5 5 1 5 3 1 3 5 4 4 3 5
3448 3448 4 4 4 4 0 0 0 4 0 2 2 0 2 4
2463 2469 2 5 5 1 3 5 0 1 2 2 3 4 1 2
7824 7849 2 0 1 0 2 2 1 3 3 2 2 0 0 5
6404 6415 5 3 4 4 3 0 2 3 5 5 3 2 3 0
5988 5988 0 3 5 0 5 3 2 2 0 0 2 1 0 4
1772 1773 0 1 0 5 4 1 2 2 5 4 1 5 0 5
4802 4808 0 1 4 1 0 5 0 0 5 1 0 3 3 1
5688 7441 1 1 1 4 5 1 1 0 2 4 3 3 0 2
5123 5123 4 4 4 4 0 0 0 4 0 2 2 4 4 4
2515 2527 0 5 5 2 2 4 1 3 1 3 4 3 0 0
1601 1607 0 1 0 4 4 3 0 3 3 2 4 0 2 3
2239 2240 0 5 3 5 2 0 1 3 4 3 2 3 2 3
4784 4784 0 0 0 0 0 0 0 0 0 0 0 0 0 0
7871 7875 5 1 1 2 2 1 2 1 2 4 1 0 0 3
2451 2465 2 4 5 2 2 3 2 3 1 1 4 5 3 3
5153 5161 0 0 0 2 1 3 1 2 1 5 3 2 1 5
3664 3670 4 0 1 4 3 0 3 3 5 5 2 4 4 2
4497 4507 2 2 0 2 1 4 4 1 0 1 5 3 5 5
2386 2410 3 4 0 3 4 2 3 2 5 5 4 2 1 0
3250 5084 5 0 5 4 3 1 4 3 4 3 5 5 1 2
163 163 0 4 0 0 2 4 0 0 0 4 4 0 2 0
5172 5177 5 1 2 3 5 3 5 5 2 5 1 4 5 1
4859 4881 3 3 3 2 3 5 3 4 1 0 3 3 1 5
1709 2045 4 0 1 5 0 2 5 0 1 3 1 4 3 2
1899 1902 5 2 1 1 0 5 3 2 4 4 4 0 5 0
5239 5250 3 2 1 3 1 3 1 0 2 0 1 2 1 1
1948 1956 4 1 5 4 2 4 5 5 1 1 5 3 5 0
436 1152 1 5 4 2 4 3 0 2 5 1 5 4 2 3
4525 4532 3 3 2 3 3 4 1 4 1 3 3 5 2 1
5238 5238 3 3 4 1 5 0 5 3 0 4 0 4 3 0
976 980 5 3 2 2 3 4 3 3 3 5 0 0 2 5
3848 3859 5 0 3 2 0 4 3 5 1 0 3 5 0 5
7328 7339 2 5 5 1 2 1 5 1 2 0 0 0 5 1
6716 6723 2 4 2 4 2 0 0 0 2 4 4 0 0 0
7866 7869 0 1 2 4 0 1 0 4 5 0 2 2 3 5
3578 3581 2 5 0 1 1 5 1 3 0 0 4 4 4 3
2496 2496 0 0 0 0 0 0 0 0 0 0 0 0 0 0
7849 7852 3 5 1 5 3 5 0 2 3 0 3 4 3 5
846 860 4 2 2 1 3 1 2 4 3 0 3 5 3 3
7537 7544 3 4 0 4 2 4 3 0 3 0 1 1 2 2
2170 2180 3 3 0 4 5 3 0 4 4 2 4 1 1 3
4522 4531 3 5 2 1 0 2 2 2 5 3 1 1 3 5
900 912 2 1 5 1 3 0 4 1 5 4 4 4 0 5
1214 5697 1 1 3 4 1 3 4 5 1 4 3 5 1 2
2747 2747 3 3 3 3 3 3 3 0 3 3 0 3 0 0
4345 4347 5 3 5 4 1 3 2 0 4 1 5 1 3 4
5526 5536 0 1 1 2 0 0 5 4 5 4 3 0 2 1
1319 2762 4 0 3 1 0 2 5 3 1 4 4 1 2 1
5340 5340 3 1 4 3 5 4 2 3 1 1 4 0 3 3
628 637 3 4 3 5 5 2 0 1 5 2 5 3 5 0
5735 5743 1 3 3 0 5 0 1 4 2 5 2 5 2 2
6741 6750 2 0 2 1 5 5 0 4 3 2 4 4 5 3
7422 7426 2 5 0 3 5 0 3 3 3 3 4 2 1 5
1393 1393 0 1 5 3 3 5 0 3 2 0 4 1 0 1
3876 3896 4 5 5 0 5 2 5 4 1 3 0 1 0 3
3826 3827 0 2 0 3 0 1 0 3 4 5 2 2 4 5
7951 7960 5 2 4 2 3 1 4 0 2 2 0 4 2 1
7377 7389 5 3 2 0 3 3 4 3 2 3 1 2 4 3
7497 7498 1 0 1 3 3 4 5 5 1 5 1 2 3 4
3268 3277 0 3 3 3 4 5 4 3 4 4 4 3 5 0
7277 7281 1 2 3 2 5 5 2 4 5 5 4 0 1 5
7454 7462 2 4 0 3 4 2 1 5 4 4 4 4 4 3
4692 4713 4 2 2 4 5 0 1 2 5 1 4 1 1 3
2618 2626 2 0 5 5 3 5 5 1 3 1 1 3 3 3
2014 2014 0 0 2 4 4 0 0 2 4 2 0 2 4 4
7710 7721 3 5 4 2 5 0 5 2 4 1 3 2 3 0
4299 4306 0 0 1 0 2 2 0 1 3 4 1 2 2 5
3816 4246 0 0 5 0 3 1 4 1 5 1 5 4 5 3
1527 1527 0 4 3 5 1 0 0 4 5 5 4 5 5 3
3840 3842 1 1 1 4 1 0 4 2 1 0 2 2 2 5
4642 4669 4 3 5 0 0 3 5 1 5 4 5 1 4 0
2634 5462 1 5 0 0 3 1 1 0 3 4 2 4 2 5
2639 2639 0 0 0 0 0 0 0 0 0 0 0 0 0 0
7417 7419 4 1 2 3 3 5 2 1 3 0 3 0 3 5
2027 2039 4 2 5 0 4 1 1 4 1 3 1 0 4 3
3704 3706 3 4 0 3 1 4 1 3 4 2 5 0 1 5
5922 5924 3 3 0 1 3 5 4 3 3 4 4 1 5 4
6883 6891 2 4 4 0 2 4 2 4 0 2 4 4 4 4
426 437 3 0 0 2 5 4 0 5 1 3 0 4 3 5
7629 7668 0 0 1 3 1 1 2 4 1 2 5 3 4 5
5944 5952 2 5 3 3 5 2 0 2 4 2 5 3 0 1
686 687 1 4 5 1 4 0 2 2 3 1 2 1 3 0
3339 3350 1 0 5 0 2 3 3 0 5 1 0 0 0 2
268 829 5 5 5 4 3 3 1 0 2 4 4 2 4 4
4673 4674 5 3 0 1 5 5 1 4 3 4 0 5 5 0
4786 4797 5 1 1 0 0 1 2 5 2 4 1 4 2 1
5986 6005 3 2 5 1 5 3 0 2 5 0 5 5 1 2
3097 3415 2 2 4 2 4 4 4 2 1 2 0 4 2 5
1287 1289 5 0 2 0 4 0 3 4 1 1 1 1 1 5
5384 5391 4 5 5 4 5 4 5 0 4 3 1 2 0 3
3184 3185 5 3 5 5 5 1 1 4 5 4 1 4 3 3
445 5345 5 3 2 1 5 4 1 5 4 0 0 4 0 3
4478 4481 5 1 0 3 4 2 5 2 4 1 1 0 2 2
1427 1438 1 1 0 2 0 1 5 4 3 5 1 1 2 4
2624 2645 2 0 2 3 2 1 0 5 2 4 5 4 3 0
183 1090 1 2 4 3 2 0 5 3 4 3 4 0 2 4
6806 6806 0 0 0 0 0 0 0 0 0 0 0 0 0 0
1942 1955 1 4 2 1 1 5 3 4 4 0 4 3 4 0
2677 2690 0 1 4 0 1 1 5 4 4 2 1 4 2 4
795 2580 3 4 1 0 2 1 2 0 0 1 5 5 3 3
1770 1770 0 2 4 0 4 2 2 0 0 0 2 0 2 2
6351 6353 4 2 2 3 3 2 5 3 2 3 3 0 1 3
3372 3383 0 4 3 0 4 3 2 3 3 0 0 0 5 2
2227 3438 1 1 1 4 4 2 5 2 5 5 2 5 2 2
6 6 3 0 0 3 3 0 0 3 0 0 0 3 3 0
1404 1416 0 0 2 4 4 3 0 2 1 1 5 4 4 5
336 343 5 3 3 5 3 4 3 4 1 0 3 1 5 5
635 7946 0 0 3 2 2 3 3 5 2 0 1 5 0 5
1577 1577 0 0 4 2 4 4 4 4 2 0 4 0 2 4
6665 6665 0 0 0 0 3 0 3 0 0 3 3 0 0 3
6531 6555 1 5 0 2 2 3 4 0 1 0 2 3 5 1
3707 5418 3 4 3 0 0 2 5 5 0 5 5 1 2 4
6799 6810 5 5 4 0 1 3 5 2 2 2 5 0 2 4
1657 1665 5 2 0 3 3 4 4 3 2 1 4 1 3 1
7477 7485 5 3 3 2 5 3 1 3 4 3 1 5 0 2
1331 2141 2 3 4 1 5 5 4 0 1 1 4 5 0 4
63 63 0 0 0 0 0 0 0 0 0 0 0 0 0 0
6038 6043 3 1 3 5 5 0 2 0 0 5 2 2 1 0
3248 3252 3 5 0 5 3 5 0 0 3 2 2 0 1 5
7181 7187 4 2 5 5 5 0 2 1 5 3 5 4 0 0
4725 4728 0 2 1 4 5 3 5 4 0 0 0 3 4 0
5110 5117 1 4 4 4 1 5 5 2 3 0 2 1 3 4
6659 6666 3 4 4 2 1 4 0 1 1 5 5 0 4 0
6736 6738 2 3 3 2 1 4 4 5 2 3 5 0 0 3
77 77 3 3 0 3 0 0 3 0 3 0 0 3 3 3
3980 3984 2 2 0 1 3 4 3 4 2 4 5 3 5 3
6034 6041 5 5 2 5 4 5 2 3 2 0 5 5 3 4
2549 2558 4 1 3 3 5 2 4 4 4 4 2 5 5 3
3411 3412 5 3 4 5 2 1 5 3 2 4 5 3 2 4
3774 3783 0 3 3 1 3 4 0 4 2 5 4 5 1 5
3198 3206 3 1 3 1 4 0 5 4 2 0 4 3 2 3
3903 3915 4 4 2 5 1 3 1 5 2 4 3 5 3 1
6522 6528 2 2 4 3 0 0 4 2 5 5 2 1 5 4
5990 5990 3 2 1 3 3 0 0 5 4 5 4 5 1 2
3589 3592 1 5 2 2 0 1 0 1 4 4 5 0 4 5
743 4341 0 3 3 1 3 1 5 3 0 5 4 1 3 5
6919 6926 0 3 5 1 5 0 4 4 3 4 4 1 0 4
2423 2435 4 3 5 0 1 2 3 4 5 0 3 2 2 2
4779 4782 0 5 5 4 1 2 0 1 3 3 3 4 3 0
5050 5265 1 3 3 2 0 1 2 2 5 3 0 4 2 4
3984 3988 3 4 3 2 5 4 3 3 0 1 4 5 3 4
140 149 4 0 3 3 4 3 4 3 0 4 0 5 3 1
4866 4872 0 5 3 3 4 5 5 4 2 1 3 3 4 1
213 4269 5 3 3 5 3 1 4 3 5 2 4 1 1 4
3951 3963 4 4 5 1 3 2 2 5 4 3 2 1 0 1
4314 4314 3 1 3 5 2 1 1 1 3 0 1 5 5 2
7977 7987 4 1 0 0 2 4 3 0 1 0 5 5 4 5
2158 7961 2 1 5 5 5 4 5 5 3 1 4 2 2 0
7543 7543 0 0 0 0 0 0 0 0 0 0 0 0 0 0
6858 6863 4 0 4 5 2 5 3 1 4 1 2 0 5 0
5155 5161 3 5 0 0 0 3 2 0 5 1 1 5 3 5
723 727 5 4 3 3 3 5 4 3 2 2 3 2 0 5
2111 2120 0 4 4 4 5 3 5 5 0 4 0 4 2 4
3034 3039 1 2 2 5 3 5 0 0 4 5 4 4 3 0
3337 3345 0 1 3 2 0 4 1 1 0 1 5 4 2 0
3207 3217 2 0 4 0 5 0 5 2 0 4 4 1 2 0
6316 6327 4 5 0 2 0 0 2 2 1 1 3 5 0 5
5 12 5 5 3 5 2 1 5 3 0 4 1 3 3 1
1329 1334 2 2 5 3 1 3 3 0 5 5 1 5 3 2
944 7098 2 2 2 4 2 0 5 0 4 2 2 0 3 2
7537 7537 0 0 0 3 3 0 0 0 0 3 0 3 0 3
5381 5393 5 1 3 1 3 0 2 0 4 1 5 4 3 3
5843 5843 3 2 3 0 0 4 2 5 1 1 0 5 5 4
953 2841 0 4 3 3 1 1 5 0 1 2 4 0 3 3
1327 1327 2 0 0 2 0 0 4 0 2 2 4 2 4 0
1632 1633 0 2 2 0 2 0 0 2 2 4 0 0 2 2
2402 2408 3 3 5 0 4 5 3 2 0 1 2 3 0 2
7710 7721 1 4 4 2 1 0 1 2 0 0 0 5 5 0
6607 6607 0 3 0 3 3 0 3 3 3 3 0 0 0 3
4434 4445 4 5 1 4 2 2 3 3 2 5 1 4 0 5
5879 5891 0 5 1 1 5 5 4 5 5 4 2 4 2 5
510 1077 1 3 0 1 1 1 5 5 4 0 3 2 4 3
1224 1224 4 0 4 0 2 2 2 4 0 0 0 4 0 4
2132 2144 4 4 5 5 4 3 5 1 2 5 1 5 5 4
4700 4708 0 1 2 5 2 5 0 5 4 4 5 3 5 3
1298 3904 3 4 5 5 0 0 5 0 1 0 2 0 2 1
3085 3094 0 5 3 2 5 1 3 1 2 1 2 0 4 2
5973 5976 4 0 3 3 3 4 3 3 1 1 5 1 2 4
1012 1034 5 1 2 5 3 2 3 1 1 5 1 3 5 3
1980 1991 4 0 4 2 3 4 3 2 4 3 4 0 1 5
2244 2250 5 5 4 4 5 2 3 2 3 3 4 0 2 0
6205 6213 0 3 3 2 4 3 5 5 0 3 4 0 3 2
6448 6456 4 1 0 0 5 3 4 0 2 4 2 1 1 2
271 3586 0 2 3 0 4 3 4 1 5 1 2 4 1 5
1432 1432 3 0 3 0 0 0 0 0 0 0 3 3 3 3
5412 5422 0 3 4 0 2 4 3 3 3 5 0 3 3 5
7688 7690 4 3 3 0 5 2 0 0 1 0 4 0 2 3
1390 1392 0 1 5 1 2 0 3 5 2 5 1 3 1 1
76 76 1 3 3 5 1 5 5 5 4 1 1 0 0 1
1797 1799 1 5 2 1 4 2 5 3 3 4 1 4 0 0
5289 5307 2 2 1 3 3 3 3 0 1 0 0 3 2 3
2860 2863 4 0 3 4 2 4 3 3 0 3 2 3 4 1
5562 5574 2 4 2 5 2 1 3 2 0 3 0 2 4 4
4404 4415 3 4 1 0 0 2 2 1 4 1 1 2 4 5
3413 3427 2 4 1 3 3 5 0 0 2 1 3 4 2 3
614 1349 3 0 1 4 0 1 5 2 2 1 3 0 3 0
3201 3212 0 2 4 2 4 3 1 2 4 3 0 0 4 5
3290 3291 4 3 4 2 2 0 1 2 2 0 2 1 1 0
6298 6302 0 2 2 2 3 1 4 3 4 3 5 0 3 1
2060 4009 1 4 5 1 0 2 1 1 3 0 0 0 4 4
1136 1138 2 2 1 4 0 1 5 4 2 0 5 2 1 3
2550 2559 4 1 4 5 0 2 1 5 4 0 0 5 0 1
1030 1051 3 0 2 0 5 2 0 5 4 0 0 1 2 4
2827 4746 3 2 2 3 1 1 1 1 5 2 2 3 4 0
5507 5514 3 4 2 2 3 3 4 2 1 2 3 0 1 5
620 629 0 3 4 4 3 0 4 3 4 2 2 3 4 1
3176 3188 2 5 3 0 3 2 5 3 1 2 4 4 0 5
7230 7238 0 0 2 1 1 2 4 5 0 1 0 2 4 4
1136 1136 1 0 1 5 2 4 0 2 5 4 3 0 5 1
5563 5563 0 2 4 5 4 1 3 5 4 2 2 2 4 4
2022 2042 2 4 4 1 0 1 5 2 1 4 1 2 1 2
284 7740 0 1 1 2 5 4 2 2 5 1 1 2 5 2
3075 3075 0 0 0 0 0 0 0 0 0 0 0 0 0 0
5083 5092 3 1 1 5 4 5 5 4 5 1 0 1 2 1
4332 4347 4 3 3 4 5 3 0 3 0 0 5 0 2 1
21 699 5 1 4 4 5 2 5 4 1 5 4 4 2 3
4208 4208 0 0 0 0 0 0 0 0 0 0 0 0 0 0
3900 3910 5 2 1 3 3 4 1 2 0 5 4 1 0 0
7536 7547 0 1 0 2 0 4 5 5 2 3 1 1 1 4
4070 4079 1 0 2 1 3 0 4 0 1 5 5 1 2 4
5507 5507 2 0 2 2 0 2 4 4 2 4 0 0 2 2
7163 7169 1 1 0 4 3 3 1 2 4 5 5 4 0 0
1666 1675 1 0 5 5 2 0 4 5 4 2 3 0 2 3
3039 3051 3 1 0 2 2 2 4 0 4 4 1 1 4 1
3310 3310 1 0 4 4 5 5 5 1 2 3 4 2 0 0
2592 2603 5 3 1 5 3 3 0 4 4 4 3 4 3 2
4518 4522 4 5 3 2 5 3 4 1 1 3 0 0 1 0
7926 7929 4 3 3 1 3 4 0 3 4 3 5 2 0 3
201 208 4 0 3 0 0 3 5 4 5 4 1 5 0 1
4406 4411 1 2 2 0 5 2 4 5 3 2 5 4 1 1
4888 4902 1 4 1 2 3 2 5 4 1 0 4 2 0 1
3100 3106 4 0 0 4 2 5 3 1 0 5 2 0 2 0
407 407 1 3 3 1 2 2 3 0 4 1 2 3 3 1
4637 4645 3 0 4 2 3 1 5 2 1 2 1 3 2 5
6406 6407 1 2 1 4 2 0 3 3 1 2 0 4 1 3
5219 6196 2 2 5 5 4 2 4 3 1 3 3 4 5 0
5895 5907 0 3 4 0 1 3 4 1 2 4 5 0 5 4
5044 5052 0 4 4 0 4 4 2 4 4 2 0 4 4 2
3919 3927 1 3 0 4 5 1 1 3 2 2 3 0 1 0
749 761 4 1 0 1 1 1 2 2 3 0 4 2 1 1
4071 4071 4 2 0 2 4 4 2 4 4 4 2 2 0 0
3554 3565 1 1 5 4 1 3 4 1 0 1 4 0 1 1
46 51 0 2 3 5 1 5 4 1 2 2 2 2 4 2
2500 2502 4 4 4 1 0 4 3 0 1 2 0 4 5 3
3718 3725 0 0 5 2 2 1 0 3 4 5 2 3 4 5
4109 4119 0 2 0 0 0 2 4 5 4 1 3 0 2 3
6969 6980 0 3 1 4 4 5 1 1 2 4 0 0 4 2
3458 5381 5 4 1 4 0 5 4 0 0 0 4 4 0 1
660 669 2 2 2 1 3 0 3 2 4 0 3 2 0 0
5088 5098 4 1 4 5 2 0 3 3 1 4 0 4 5 1
2097 2109 5 2 3 3 1 3 0 4 4 3 0 1 2 3
422 2536 4 0 4 0 2 2 2 4 2 0 2 4 4 2
7739 7739 0 0 0 3 3 3 3 3 0 3 0 0 0 0
5153 5165 4 1 2 2 3 5 0 2 0 4 1 1 3 0
3626 3637 5 4 4 2 0 1 3 5 5 3 4 1 1 2
6194 6198 4 0 2 5 0 5 1 0 3 4 3 2 1 3
3734 3734 5 3 4 4 5 5 4 4 1 4 3 3 3 4
7606 7611 1 4 2 4 1 1 0 1 2 0 0 3 1 4
7868 7888 5 5 3 2 3 2 1 4 1 3 2 4 5 2
1313 1323 5 0 2 4 1 0 5 4 4 4 1 1 3 3
7113 7113 3 0 3 0 3 1 2 1 5 1 5 2 5 0
4409 4411 0 0 0 0 3 0 0 0 0 3 3 3 3 0
1915 1934 4 3 5 1 5 5 4 2 5 2 2 3 3 3
6185 6185 0 0 5 2 3 2 0 1 1 4 5 4 4 1
5533 5542 5 5 2 5 5 3 2 2 3 2 1 2 2 1
2330 2337 4 0 2 2 2 0 4 2 2 2 4 2 2 2
1549 1558 0 0 0 4 1 4 4 1 4 3 0 5 2 1
3672 4304 3 1 4 1 0 5 5 0 5 2 3 2 5 2
4038 4043 2 0 3 3 5 4 3 2 2 5 2 4 5 2
2614 2622 5 4 1 1 5 5 3 4 5 2 3 4 3 2
1397 1407 3 5 3 0 3 2 2 2 1 2 4 1 2 5
2323 2326 2 0 5 2 0 1 0 1 2 2 4 3 1 5
3105 3117 0 4 0 0 0 2 1 0 3 0 1 2 2 2
7945 7948 0 2 5 3 4 5 2 2 3 5 4 2 1 4
2749 2756 2 3 4 2 5 3 5 3 3 0 0 2 1 5
2184 4090 2 4 3 0 2 1 3 3 1 1 2 4 1 4
1852 1855 0 5 5 2 0 0 3 1 5 5 3 4 5 5
5033 5040 3 0 1 0 0 2 1 5 1 5 1 0 1 3
2184 2194 5 3 0 3 5 2 0 4 2 0 0 2 5 1
1522 1528 0 4 5 1 5 3 0 4 2 3 1 0 3 2
1409 1409 3 3 0 3 0 0 0 3 3 0 0 3 3 3
6840 6844 0 3 0 5 2 0 2 1 3 5 4 0 4 5
7731 7732 3 3 4 0 3 4 3 2 3 5 3 5 5 1
1990 3605 2 3 4 2 2 5 4 5 2 1 2 0 2 1
1918 1920 1 4 0 0 1 0 1 1 1 5 5 0 2 2
5124 5134 0 3 5 2 1 5 3 5 3 0 3 4 3 4
2952 2963 4 1 0 4 3 1 1 0 1 2 4 0 2 3
7372 7376 5 1 1 1 3 2 0 1 4 2 1 1 1 5
2379 2387 2 1 0 1 5 2 5 2 4 4 0 4 1 2
7806 7811 2 3 1 0 4 3 0 1 5 5 0 0 0 4
45 45 3 1 5 1 5 0 0 2 2 4 3 4 1 4
1273 5038 5 2 2 4 1 4 0 2 3 0 4 1 1 2
1193 1193 0 0 0 0 0 0 0 0 0 0 0 0 0 0
6389 6395 3 3 2 4 2 5 5 0 2 0 1 2 3 3
2670 2681 0 3 0 4 3 3 0 2 2 0 3 4 4 0
428 436 5 4 1 1 3 3 4 4 5 0 0 3 3 1
7999 7999 0 2 3 0 5 5 4 3 5 2 3 1 3 2
705 712 3 2 1 0 0 2 5 2 3 2 2 0 0 2
2381 2390 2 2 5 5 4 2 4 1 5 2 4 3 5 4
2891 3783 3 4 2 2 1 2 5 5 3 3 1 5 0 1
1875 1875 3 0 3 3 0 0 3 0 0 3 3 3 3 3
6628 6630 0 5 0 2 3 0 3 1 4 5 4 3 0 1
7049 7065 0 2 0 0 4 2 2 2 0 0 0 2 4 2
2008 7499 5 3 4 2 3 2 1 3 0 5 0 3 3 3
6261 6270 1 2 3 2 3 4 5 2 4 3 0 2 4 3
7307 7307 5 2 1 4 2 4 0 2 3 2 3 1 4 1
1446 1453 2 0 5 0 1 4 1 0 0 4 5 0 5 2
6229 6237 1 2 4 3 5 3 3 0 0 3 0 2 1 2
7819 7819 2 4 2 4 0 2 4 4 4 4 0 2 4 2
3324 3336 1 0 1 3 0 0 2 4 4 1 0 0 1 2
5106 5111 4 3 3 2 4 2 2 0 2 0 2 3 4 1
3430 4205 0 5 1 5 5 0 2 0 0 0 1 5 3 2
7650 7656 5 3 1 5 5 1 0 4 4 5 1 4 5 3
1270 1281 2 1 0 5 4 4 0 1 0 2 5 3 5 5
597 613 3 0 3 0 3 0 3 3 0 0 3 3 0 0
5228 5233 3 0 5 1 5 3 3 3 3 5 0 4 3 2
6450 6450 4 4 2 4 4 0 2 2 4 2 0 4 2 2
2935 2940 1 3 1 1 1 0 1 4 1 5 4 5 3 0
6286 6310 5 2 4 2 2 2 1 3 4 0 5 3 5 2
1305 1313 4 3 4 3 0 1 4 2 1 4 3 0 1 4
5057 5057 0 0 0 0 0 0 0 0 0 0 0 0 0 0
218 221 1 3 5 5 1 4 1 2 0 2 5 3 0 1
1282 1297 0 2 1 2 5 4 5 0 2 1 4 5 2 2
3578 3585 2 0 0 5 3 1 5 1 1 1 3 1 1 3
390 400 5 0 1 0 2 2 3 4 1 3 4 5 3 1
5471 5475 2 5 4 2 0 3 5 3 4 4 2 5 3 4
2349 2349 5 2 3 4 5 0 0 1 1 4 2 3 1 1
1011 2604 1 2 1 3 5 2 3 2 0 0 0 4 2 4
5799 5806 5 3 0 0 5 5 1 1 2 2 0 0 5 1
5803 5810 0 1 0 3 4 1 4 4 3 2 4 4 0 1
6249 6260 2 3 5 2 5 3 0 3 5 2 2 0 4 4
3675 3677 0 5 1 2 0 5 0 0 4 0 5 4 5 4
2627 2630 2 0 2 2 2 2 5 0 5 4 3 0 5 4
2902 2912 1 0 3 5 3 3 2 2 4 5 3 1 2 0
1804 1806 3 3 2 0 4 5 2 4 1 0 2 4 3 0
2668 2668 2 2 1 1 0 0 1 4 1 2 1 5 0 1
886 886 4 0 4 0 0 0 2 0 4 0 0 0 4 0
3878 3881 1 4 3 3 1 2 3 2 1 0 3 1 4 0
4561 4581 0 5 1 2 2 3 0 0 4 2 2 2 1 2
7959 7966 0 3 5 5 2 3 5 3 5 0 3 4 3 2
3202 3202 5 5 0 5 5 5 3 0 2 1 2 4 3 4
923 935 5 5 0 2 2 3 2 0 3 1 0 0 2 3
5199 5225 0 3 1 1 5 4 3 5 3 3 3 0 5 0
39 40 0 2 4 3 1 0 0 2 3 5 4 0 2 2
4676 4676 1 3 5 0 5 5 4 1 1 1 4 1 5 3
4839 4851 1 4 2 5 0 2 3 0 5 4 2 2 3 0
6449 6452 4 0 3 2 0 3 1 3 2 3 4 4 4 2
2803 2804 2 4 3 1 4 2 5 3 1 5 2 0 3 1
4907 4907 4 2 4 0 4 2 4 0 0 0 4 0 4 0
3411 3421 2 5 2 1 3 5 4 0 5 2 5 2 5 2
1176 1179 4 1 3 5 5 0 0 0 5 2 5 2 4 5
7698 7706 4 0 3 3 3 4 2 2 1 0 3 3 4 2
6560 6563 1 2 2 4 1 2 1 2 1 2 3 4 1 4
158 169 1 2 0 1 2 4 1 4 1 0 0 0 3 3
2316 2336 3 1 5 4 0 1 5 4 3 4 5 5 1 4
908 910 2 5 3 5 5 1 3 2 5 3 1 5 5 5
2399 2399 4 0 5 0 4 3 3 4 5 2 2 0 3 4
4885 4892 1 0 2 2 2 0 0 3 3 3 5 1 4 5
4740 4750 2 5 2 1 4 1 3 1 2 1 0 1 2 1
774 6566 4 4 4 0 0 2 4 2 2 2 4 2 2 2
4696 4696 0 3 1 1 5 4 1 2 3 5 0 1 2 5
550 552 1 5 0 2 0 0 5 4 5 2 5 3 5 2
7490 7491 3 1 0 3 2 4 1 4 0 3 3 5 1 2
5877 6067 2 1 5 5 3 4 3 4 3 1 0 0 0 0
6262 6262 0 3 0 0 3 3 3 0 0 3 0 0 0 0
4722 4723 4 4 2 2 5 2 0 0 3 5 1 5 3 2
1996 2002 2 2 2 1 1 4 5 3 4 5 3 1 2 3
1179 7451 0 4 0 2 1 4 4 4 3 5 3 2 2 0
6344 6344 4 2 4 0 0 0 0 2 2 4 0 2 2 0
5522 5525 2 2 3 2 0 4 3 3 1 4 4 2 0 1
2845 2849 3 2 0 0 1 0 1 3 0 3 0 3 5 0
127 5559 1 2 5 3 1 2 5 0 0 2 1 0 5 5
5163 5163 5 3 3 2 1 1 1 2 3 3 0 5 4 0
6771 6779 4 3 0 4 3 3 2 0 0 5 0 5 3 3
5833 5844 2 0 0 0 4 1 1 2 0 0 3 4 5 1
162 169 0 4 3 3 1 2 5 1 1 4 2 5 4 1
1322 1330 4 1 3 2 5 4 2 4 4 3 3 5 2 4
1682 1693 3 2 1 2 5 4 5 5 5 5 0 3 5 1
3830 3835 3 1 1 3 3 5 3 5 3 2 3 1 3 4
1511 1678 2 3 0 2 2 1 2 3 3 4 2 1 1 2
5007 5014 3 5 5 4 0 2 2 0 3 4 1 5 1 5
5783 5788 2 5 0 1 3 3 0 2 4 2 2 1 1 3
1637 1652 4 2 0 0 1 3 2 0 0 0 2 5 1 3
72 82 3 1 2 2 5 2 2 3 0 2 3 4 5 1
180 181 0 0 0 2 2 0 1 1 2 0 0 5 0 4
4946 4946 1 3 1 0 5 3 4 3 1 4 3 1 1 0
2376 2386 5 4 0 4 1 0 1 3 0 4 0 2 3 5
6207 6214 3 4 3 4 4 0 2 1 0 5 5 4 0 1
4248 4251 5 0 4 1 2 1 5 1 0 0 5 3 4 5
7589 7598 4 4 5 3 2 1 3 0 5 5 0 5 3 0
3729 3747 0 5 1 3 2 0 4 4 4 4 0 1 5 3
3134 3136 4 1 2 0 1 4 5 0 1 0 0 3 1 3
2075 2086 0 1 1 1 2 0 0 0 2 2 1 0 4 4
1593 1597 5 1 3 2 3 0 0 4 1 3 2 1 2 5
3847 3849 0 0 0 0 0 0 0 0 0 0 0 0 0 0
162 170 2 4 5 2 2 4 4 0 5 4 2 4 2 1
6721 6733 1 3 1 4 1 5 5 2 0 2 0 3 4 3
7287 7293 0 0 1 4 3 3 4 2 2 1 0 5 3 5
7013 7029 4 2 3 2 2 5 4 2 2 1 2 3 1 3
2575 2586 0 3 1 2 4 0 3 1 0 1 5 4 1 5
5173 5173 1 4 5 4 2 3 0 2 5 4 1 5 1 5
1046 1051 3 2 4 2 5 3 3 4 1 0 5 1 2 2
4627 4628 4 2 2 2 3 3 2 3 0 1 5 0 5 0
4482 4486 5 0 1 0 4 2 5 3 4 0 4 5 3 3
2527 2531 0 3 3 3 3 0 1 5 0 1 4 2 0 3
7159 7165 5 0 2 1 5 2 0 1 0 0 4 2 4 5
5344 5352 2 4 4 4 2 2 2 3 2 0 2 0 5 3
3854 3859 3 2 2 0 4 5 2 2 5 1 5 1 0 3
7180 7180 0 0 0 0 0 0 0 0 0 0 0 0 0 0
3017 3017 3 5 2 1 1 0 0 2 2 5 2 4 1 2
1517 1542 3 3 0 0 3 0 2 4 3 2 5 3 4 5
4130 4137 0 2 2 5 0 4 3 0 3 0 1 4 4 5
746 758 0 1 4 5 0 1 0 1 0 1 3 5 1 3
6172 6184 1 3 3 1 3 3 1 0 5 3 4 1 4 4
6201 6227 2 2 0 1 2 4 2 5 0 1 0 4 4 3
3913 3917 3 1 3 3 5 2 1 2 2 0 3 5 1 4
2669 2675 2 5 5 5 1 1 4 1 3 2 5 4 3 5
6132 6143 4 3 0 3 1 0 2 4 2 3 2 4 1 2
1956 1960 2 4 0 3 1 2 5 5 1 3 1 1 5 3
161 170 4 1 3 4 3 2 4 4 2 0 5 4 1 4
699 699 1 4 5 0 2 0 0 5 5 0 2 1 4 1
3746 3749 3 1 5 4 4 1 0 4 1 1 1 0 4 4
7929 7943 2 2 4 5 5 1 0 2 1 4 0 2 4 3
1840 5464 5 1 1 1 0 4 0 0 1 4 5 3 3 5
418 418 5 3 2 5 3 5 0 2 3 2 3 5 1 3
6526 6534 0 1 0 0 0 1 3 0 4 2 3 5 1 3
4677 4689 5 0 4 4 1 1 5 2 2 0 5 3 4 5
7165 7167 0 0 4 4 5 1 3 4 0 2 3 5 0 4
6708 6711 4 0 0 3 2 0 2 1 0 1 3 2 2 5
4289 4298 4 2 4 4 2 4 0 2 2 4 4 4 0 2
6108 6108 5 4 0 5 3 1 5 4 2 3 3 2 4 2
1106 1481 0 1 3 5 4 5 3 0 4 0 0 2 0 2
4660 4660 0 4 4 5 4 1 5 4 4 2 2 1 1 1
6313 6315 1 5 4 3 3 2 5 3 0 3 3 5 0 5
1293 1309 1 3 3 5 2 4 2 3 0 1 0 1 0 4
4428 4436 4 2 5 0 2 5 1 3 4 5 1 2 2 4
2304 2307 5 0 4 5 3 5 3 0 1 1 4 2 3 3
3061 3072 1 5 2 3 5 2 1 3 2 2 0 2 5 3
5466 5477 4 4 4 5 5 3 4 2 2 5 4 3 4 5
4000 4010 3 2 3 1 3 0 4 3 3 0 5 3 5 4
6239 6239 4 4 4 2 2 2 2 0 4 0 4 4 2 2
3740 3742 0 1 3 4 0 5 2 4 5 1 0 5 5 2
7522 7525 1 3 0 5 4 4 5 1 2 2 5 0 3 0
4011 4012 4 2 4 2 2 1 0 1 5 4 3 1 5 3
2242 2242 5 4 2 4 1 4 3 3 1 1 3 4 3 3
2028 2031 3 2 0 5 2 3 5 0 5 3 3 2 2 5
3308 3311 3 0 0 5 3 0 4 2 2 5 5 1 1 3
1201 3758 1 1 4 4 4 1 1 2 5 2 3 1 1 1
817 817 2 4 4 2 4 4 4 0 0 0 2 2 4 2
3481 3494 1 3 3 5 1 0 4 3 2 2 0 2 5 1
3472 3480 0 0 5 5 5 4 3 0 1 2 2 5 0 1
3441 3445 4 0 5 0 0 1 4 5 0 2 5 0 3 0
7986 7986 2 2 4 4 2 2 2 4 0 4 0 4 0 4
4056 4056 4 1 2 1 3 1 3 1 3 4 4 0 2 2
4305 4311 5 0 3 2 5 5 5 1 4 1 2 2 2 1
6006 6016 0 2 4 3 0 4 3 4 2 1 0 5 2 4
944 944 2 0 2 4 0 0 0 0 2 0 0 4 4 4
2878 2884 0 0 3 5 2 3 5 5 5 4 0 2 4 1
860 868 2 4 2 1 0 3 3 2 2 0 3 3 5 1
2830 2840 3 2 3 3 5 5 0 1 0 3 2 2 5 5
3781 3781 0 0 0 0 0 0 0 0 0 0 0 0 0 0
2423 2430 2 2 0 0 4 0 0 2 2 4 0 4 4 2
4783 4788 0 0 2 0 4 4 2 0 4 4 0 0 0 0
7 8 2 2 2 0 4 0 0 2 4 2 2 0 0 0
3656 3656 0 3 0 3 0 3 3 3 0 0 0 3 0 3
1038 1039 1 5 1 2 3 3 5 3 3 0 4 3 5 5
3592 3602 4 1 3 3 3 5 2 0 1 3 5 1 1 4
530 1755 4 3 2 4 0 2 4 5 5 5 5 5 4 3
971 971 0 2 4 4 4 4 0 2 2 4 2 0 2 2
5111 5117 0 4 2 2 2 2 0 2 2 4 0 2 4 2
5225 5226 3 3 1 1 4 5 1 0 0 1 3 2 1 2
1189 4167 5 2 4 4 0 3 0 0 4 2 2 0 1 4
5561 5561 4 4 2 4 0 2 4 4 4 0 4 0 2 2
5155 5161 1 4 0 4 2 2 3 0 4 5 0 0 5 4
6504 6531 2 4 3 4 1 1 5 4 1 0 0 5 2 0
187 754 1 1 1 5 3 2 0 3 0 2 3 0 3 2
5231 5231 0 0 0 0 0 0 0 0 0 0 0 0 0 0
6367 6368 5 4 3 3 1 2 1 2 0 2 4 1 4 1
7737 7763 0 2 0 4 0 0 2 0 4 0 4 4 2 4
1379 6107 3 4 0 1 0 0 2 5 1 0 3 3 3 3
4801 4802 4 5 2 0 1 2 3 4 4 1 3 0 2 5
4300 4311 0 1 0 5 0 1 1 1 4 4 3 5 3 3
293 298 3 1 3 4 0 3 5 4 2 3 1 1 2 5
1736 1738 2 2 3 0 5 3 3 4 3 0 4 3 4 4
6230 6232 3 4 5 5 4 5 0 4 3 5 2 5 1 3
624 637 0 2 4 4 4 2 0 4 2 3 1 4 4 4
3974 3974 3 0 2 5 3 0 1 2 2 4 2 2 3 4
1139 4364 2 0 5 2 3 4 3 2 1 2 3 2 4 5
6918 6925 4 4 0 4 2 3 1 0 5 2 3 3 4 2
7682 7687 0 0 2 4 2 2 5 4 2 4 5 2 3 3
4125 4129 0 3 5 2 3 0 2 2 0 1 3 0 3 5
890 4766 4 4 0 0 2 4 0 1 1 1 4 2 3 1
4862 4862 3 3 0 0 3 3 3 3 3 0 0 0 0 3
5550 5554 0 4 1 0 3 1 1 0 4 1 1 3 2 2
6220 6233 0 5 5 0 5 5 0 2 4 0 4 3 2 3
5872 5878 2 0 4 4 2 1 5 4 1 2 4 0 2 3
7005 7006 4 3 2 3 3 0 2 5 3 1 0 5 1 2
1329 1334 0 3 4 2 5 2 1 4 3 3 0 2 2 4
1584 1594 5 4 2 2 5 0 0 1 5 0 1 4 4 3
5584 5586 2 5 5 0 4 2 1 3 3 3 0 3 0 1
4405 4405 2 0 4 2 4 2 4 4 4 0 4 2 2 4
6910 6913 1 1 3 2 5 5 5 4 2 3 3 2 0 1
2772 2778 0 4 0 4 5 4 0 1 0 0 2 3 1 4
7718 7729 4 2 5 0 5 2 5 0 1 2 3 3 2 4
6617 6620 4 3 2 5 2 1 1 1 4 5 0 0 0 5
4595 4604 5 5 3 0 1 3 3 4 4 2 5 2 0 0
3570 3573 1 1 5 2 1 5 3 3 0 5 0 2 2 5
274 280 5 5 2 3 4 2 3 5 2 5 0 0 4 0
5103 5103 0 0 0 0 0 0 0 0 0 0 0 0 0 0
2696 2697 1 3 3 2 3 1 5 4 0 5 4 3 4 4
7650 7663 4 0 2 2 4 0 2 0 2 4 2 0 4 2
4106 4118 0 1 1 1 5 2 2 0 1 2 3 3 2 3
7123 7123 4 4 2 2 4 4 2 2 0 0 2 0 2 2
6095 6104 5 3 3 5 0 2 4 3 1 3 3 2 3 5
6870 6877 5 0 0 5 4 4 0 1 1 1 5 2 1 5
785 1842 0 0 3 1 3 2 4 4 0 1 1 4 5 5
2902 2902 2 4 4 2 2 0 4 4 2 2 0 0 0 4
5534 5539 1 5 4 5 2 2 2 5 3 3 4 0 4 0
7485 7492 5 1 4 5 5 3 4 3 0 5 4 3 5 5
4189 4200 5 4 5 1 3 5 3 4 1 5 0 3 0 4
65 73 4 2 5 4 0 1 0 0 5 0 1 2 4 2
7853 7861 3 3 3 0 2 2 1 3 1 1 0 0 3 2
4160 4166 1 4 3 3 3 5 5 0 0 3 0 3 1 3
4838 6007 1 3 0 2 2 5 0 0 2 3 4 3 5 1
7733 7733 0 0 0 0 0 0 0 0 0 0 0 0 0 0
5152 5161 2 4 4 4 0 2 0 4 4 0 0 2 2 4
3307 3315 0 5 2 1 5 4 4 4 4 5 1 3 0 4
4374 6956 5 3 2 0 5 1 1 5 1 3 4 2 0 3
1193 1204 2 3 3 0 4 4 2 0 4 5 3 5 2 0
1354 1360 0 3 4 1 5 2 1 2 0 5 1 3 1 4
2437 2445 2 2 2 4 2 2 0 0 4 2 4 4 2 0
4278 4285 4 2 4 2 0 0 5 2 3 0 3 0 1 2
7859 7859 2 4 4 4 0 0 0 4 0 4 2 2 0 4
4658 4668 5 5 0 0 4 1 0 4 5 2 2 2 3 3
6024 6031 4 5 1 1 4 0 3 3 1 0 2 0 3 1
258 1098 3 3 4 0 5 0 3 0 5 3 5 5 2 3
982 982 1 1 0 1 2 0 5 3 3 4 2 4 3 1
53 53 3 3 0 0 3 3 0 0 0 0 3 0 3 0
2164 2164 4 4 0 0 0 3 4 4 3 3 5 1 1 4
6340 7678 1 1 0 3 3 2 4 5 1 5 5 1 2 2
6848 6848 4 0 4 2 2 2 4 2 2 4 4 2 4 0
6637 6649 4 4 2 1 0 3 2 5 4 0 4 3 3 5
5471 5482 4 5 0 3 5 2 4 0 0 3 0 3 5 4
300 305 4 3 4 5 0 3 0 3 4 2 0 1 4 4
5542 5551 3 5 1 0 1 4 5 3 4 0 4 5 1 0
5046 5057 1 4 5 1 3 2 2 3 2 5 4 4 1 2
3385 3389 0 0 2 4 4 5 3 4 4 3 2 1 0 2
6220 6227 5 1 1 1 4 4 1 1 3 4 2 1 1 2
308 308 0 3 3 3 3 0 3 0 0 3 3 0 3 0
289 291 4 4 4 2 2 2 0 4 4 2 2 4 4 2
2887 2894 5 0 4 5 3 0 2 3 1 2 1 2 1 1
1465 3186 3 2 4 0 4 5 4 0 4 5 4 1 0 2
484 484 0 0 0 0 0 0 0 0 0 0 0 0 0 0
3944 3956 5 4 5 5 0 3 4 5 3 0 2 0 3 3
1579 1600 3 5 2 0 4 4 5 4 2 0 3 5 5 0
437 3486 2 0 1 3 2 1 1 3 0 5 4 1 1 2
1566 1566 4 2 2 2 0 5 2 1 4 5 3 3 1 0
4037 4045 0 5 2 1 5 0 0 2 5 2 0 2 0 1
1200 1204 2 2 0 4 4 2 4 2 0 2 2 0 2 2
4 1207 0 0 0 2 0 4 0 0 2 0 2 4 0 0
3858 3870 1 1 2 4 3 3 0 2 1 1 5 4 2 4
3046 3046 4 2 5 5 1 5 0 2 2 4 4 4 4 4
1305 1305 4 0 2 4 0 0 0 2 4 2 0 4 4 0
2300 3994 3 5 0 2 0 2 2 2 4 5 3 5 2 3
7573 7573 0 3 4 5 2 5 1 3 1 1 5 0 5 0
5414 5421 1 5 4 3 1 1 4 0 5 4 2 0 2 5
6014 6024 1 5 5 2 1 2 3 4 5 4 5 4 0 4
6365 6366 0 4 3 5 2 5 3 1 3 5 5 2 1 5
7228 7228 0 0 3 0 3 3 3 3 3 0 0 0 3 0
7077 7083 1 3 3 1 0 1 2 4 3 4 0 0 3 5
7461 7462 2 0 2 0 1 2 1 1 1 3 3 1 3 4
1119 1125 3 5 1 1 3 0 2 3 0 5 0 0 1 1
6424 6424 4 0 4 1 4 5 5 5 0 2 3 5 4 4
6908 6917 2 0 5 4 3 0 5 4 2 3 3 1 5 4
2742 2742 4 2 0 2 0 2 0 0 2 4 2 0 4 0
107 244 5 2 5 1 3 0 5 3 5 2 0 4 5 4
7830 7830 0 0 0 0 0 0 0 0 0 0 0 0 0 0
907 919 4 3 5 0 3 1 3 5 5 3 3 5 1 1
970 995 4 5 5 3 0 1 4 0 1 2 4 3 5 0
7686 7692 4 5 4 1 1 5 4 5 1 2 1 4 1 5
4132 4132 2 4 4 4 0 2 0 2 2 2 2 2 0 4
4432 4437 2 2 1 3 4 4 4 5 3 2 4 5 3 1
3707 3717 2 3 5 3 2 5 0 2 3 0 3 3 0 3
1791 1882 0 4 4 0 0 1 1 3 0 5 4 2 0 2
6504 6509 1 1 4 5 2 5 3 2 4 2 3 3 4 4
7786 7792 3 5 2 5 4 3 0 2 1 2 3 4 1 5
6538 6550 1 1 2 3 1 4 4 2 1 4 5 4 3 4
644 2329 4 0 3 0 3 5 2 1 1 2 0 2 4 0
5742 5742 2 0 4 2 2 0 2 2 0 4 0 4 4 0
5113 5115 0 2 3 4 5 5 0 2 4 1 0 2 4 0
7442 7451 0 3 5 3 0 1 1 1 0 4 5 1 3 1
3020 3814 4 2 2 0 4 4 0 0 2 4 2 0 4 2
1046 1055 5 3 3 0 0 3 5 5 5 0 2 3 1 4
344 347 4 5 0 4 0 5 2 3 2 2 5 2 0 3
1954 1957 1 4 0 1 5 3 3 5 0 3 4 5 2 2
223 259 2 2 0 3 0 2 2 5 2 3 1 5 0 3
3170 3170 0 0 0 0 0 0 0 0 0 0 0 0 0 0
259 260 0 3 2 2 3 5 2 3 3 3 0 1 5 1
5047 5047 1 1 1 1 5 5 0 2 1 0 2 4 1 0
1388 3992 4 5 2 4 2 0 1 3 1 1 4 5 4 4
2333 2333 0 0 0 0 0 0 0 0 0 0 0 0 0 0
5116 5118 5 5 3 3 3 4 0 2 1 1 0 4 5 1
1597 1620 4 0 4 0 3 4 0 5 3 5 3 3 5 0
7896 7901 3 4 1 0 2 2 3 2 2 3 0 4 1 2
2508 2519 4 2 2 4 0 5 4 1 2 3 0 0 2 0
1781 1788 3 3 3 1 3 0 3 2 2 3 1 2 1 3
4437 4446 3 4 2 1 4 3 0 2 4 1 4 2 5 3
2952 2958 0 0 2 0 0 1 2 0 1 1 1 0 0 4
2806 2806 2 0 3 5 1 2 5 5 3 4 0 5 2 4
2079 2088 0 0 3 3 5 2 1 1 3 1 5 0 4 1
4874 4882 4 1 3 5 2 3 4 2 1 3 0 2 5 5
858 6598 2 0 0 0 5 2 0 0 2 1 0 4 3 2
1276 1276 3 3 3 0 1 5 1 5 3 2 0 2 3 2
2191 2202 1 3 3 1 0 2 1 3 0 3 2 4 2 3
4572 4589 0 3 0 0 4 0 0 2 4 5 5 2 0 0
2634 2643 5 2 2 2 3 3 5 0 1 1 0 5 3 0
6013 6013 0 0 0 0 0 0 0 0 0 0 0 0 0 0
6455 6466 2 1 2 4 5 1 5 2 0 2 0 2 4 5
2990 2994 1 4 1 4 4 3 3 5 5 1 1 4 0 5
3540 3549 4 4 4 3 1 5 1 1 3 3 4 4 4 5
6216 6220 1 3 4 4 0 4 1 3 1 0 3 4 2 4
5127 5127 0 2 4 4 2 2 0 0 2 2 4 0 2 0
4213 4224 5 5 0 0 0 3 5 5 2 0 4 5 3 0
1129 1658 0 1 3 2 3 4 5 2 5 2 3 0 0 1
7966 7966 0 0 0 0 0 0 0 0 0 0 0 0 0 0
5898 5910 2 2 5 2 4 4 5 5 1 4 0 1 5 0
4779 4803 1 5 4 0 2 4 4 3 4 4 1 0 2 1
476 2322 5 3 0 5 0 5 4 4 2 1 1 5 4 3
7985 7985 2 2 4 2 2 0 0 2 0 4 0 4 2 0
6175 6182 1 2 5 5 0 4 3 4 4 0 5 5 2 5
7946 7964 5 2 3 0 2 2 5 4 1 1 4 2 4 1
7025 7370 4 2 0 2 0 4 4 2 0 4 4 2 4 0
6100 6100 3 0 3 3 0 3 3 0 3 3 3 0 0 3
51 51 1 2 5 0 4 3 0 3 5 0 0 3 4 2
210 221 4 2 2 2 3 3 4 3 2 2 1 3 2 5
6485 7717 4 4 5 0 5 2 5 0 1 1 3 2 4 3
4739 4739 1 1 2 4 0 3 1 2 1 2 1 2 2 4
2498 2499 5 5 4 0 3 2 5 4 5 5 0 5 0 5
3142 3151 1 0 4 1 5 0 0 3 3 2 5 1 5 5
2901 2912 2 1 0 0 3 1 5 3 4 3 3 5 4 2
2393 2393 0 0 0 0 3 0 3 0 3 3 3 0 0 0
7660 7660 3 0 2 2 0 5 4 0 4 0 1 4 0 3
6974 6983 2 4 4 1 0 3 0 1 5 4 3 1 5 5
2671 2678 3 4 4 2 4 0 0 1 4 5 5 1 1 0
5422 5422 0 0 0 0 0 0 0 0 0 0 0 0 0 0
1516 1529 0 3 5 0 5 0 1 4 2 4 1 2 4 1
6046 6069 4 4 3 4 4 3 4 2 0 0 1 0 3 3
2970 2972 1 2 1 3 1 3 1 0 0 4 4 1 1 3
7471 7471 0 0 0 0 0 0 0 0 0 0 0 0 0 0
4379 4387 0 0 5 0 0 0 4 5 4 5 2 1 3 1
2674 2678 3 2 2 0 4 1 4 0 4 3 3 2 3 3
3289 7715 3 2 1 1 0 0 3 3 3 0 1 1 1 4
4812 4812 0 3 0 0 3 3 3 3 3 0 3 0 3 3
7740 7752 2 1 4 0 4 1 5 0 1 3 5 5 0 1
260 275 5 5 1 5 1 2 5 1 4 1 0 0 0 0
423 1963 2 3 0 1 0 4 0 5 0 4 5 5 2 0
3500 3500 0 2 0 2 4 2 4 2 4 0 2 0 4 4
2580 2582 4 3 0 3 2 0 4 0 2 1 5 1 4 3
3244 3252 5 2 0 5 2 5 3 0 3 5 3 4 1 3
3659 3669 3 2 3 4 3 5 0 3 5 4 2 0 2 1
2253 2260 0 0 5 3 2 2 1 4 0 3 5 3 2 4
5914 5927 4 1 0 0 1 4 5 0 0 4 0 1 2 5
3197 3198 1 1 3 1 4 2 2 4 3 2 3 1 0 1
697 1021 2 0 2 4 2 4 5 5 0 3 1 3 1 0
1638 1648 0 5 0 2 1 1 5 5 3 1 0 0 1 1
959 963 0 5 5 2 1 0 2 1 3 0 2 4 2 0
2990 3000 5 2 4 1 4 1 3 3 4 1 4 5 4 4
2001 2008 1 4 5 4 1 4 0 4 3 5 2 2 4 0
2929 2941 4 3 3 4 2 1 0 5 0 1 4 3 5 3
3243 3246 0 0 4 0 2 0 2 4 2 4 2 4 4 2
655 658 2 0 3 3 3 2 1 4 2 5 5 1 3 2
6706 6758 1 2 3 0 1 4 5 4 5 0 1 1 2 4
4233 4239 5 5 1 1 1 1 0 2 5 1 4 1 0 0
7360 7370 4 3 1 3 4 4 0 2 0 1 5 3 2 4
4770 4772 2 4 0 0 4 0 4 0 2 4 2 2 0 4
775 1634 5 0 5 4 1 4 5 0 3 2 3 4 5 4
3235 3242 2 2 1 4 3 5 1 3 1 4 0 4 3 5
995 996 2 2 2 4 0 0 2 0 4 4 2 2 2 2
1321 1332 5 3 3 2 5 5 0 1 4 4 0 0 4 3
900 912 0 3 4 0 5 1 3 0 5 0 0 0 4 5
1878 1885 1 5 5 0 1 4 4 3 1 2 0 4 1 0
5554 5554 0 3 5 2 2 4 3 4 5 1 3 4 1 0
6007 6011 1 1 2 1 5 1 5 0 5 2 3 0 0 4
53 1264 5 1 4 5 3 1 5 2 4 5 5 5 4 3
7317 7322 2 1 3 0 3 4 2 2 2 2 1 3 3 3
7629 7635 2 5 3 4 2 0 2 1 3 1 0 3 0 4
5835 5845 4 5 1 2 5 0 2 5 4 4 3 0 4 2
5415 5419 1 0 2 3 5 0 3 0 5 4 4 1 3 5
7813 7817 0 1 4 3 1 5 3 2 5 5 0 0 1 2
964 973 3 3 3 0 2 5 4 3 1 1 1 4 4 1
6020 6031 2 2 2 3 5 0 4 1 2 3 3 4 0 2
6893 7388 5 1 4 1 1 4 2 3 3 0 0 5 0 3
679 679 2 4 4 2 2 2 4 4 0 4 4 0 0 4
6596 6603 2 4 1 5 1 1 1 3 0 1 3 3 1 1
4961 4964 0 0 0 2 2 4 1 3 1 3 1 2 1 0
2247 7116 3 0 1 4 1 3 1 3 3 4 2 2 5 0
5392 5392 0 2 4 2 0 4 2 4 4 0 0 2 4 0
1609 1610 2 4 2 2 4 0 2 2 2 0 2 0 2 0
4535 4545 3 0 2 0 0 4 3 3 3 5 2 2 1 4
2616 5115 5 3 5 5 2 4 1 4 1 4 3 3 0 5
7566 7566 2 5 0 2 1 4 4 4 2 0 4 4 2 5
4074 4080 4 2 2 5 1 3 3 4 5 5 3 4 4 0
2747 2750 4 3 5 5 3 0 0 5 1 2 4 0 5 1
639 1309 0 5 5 0 2 1 4 0 5 1 4 5 1 5
3676 3678 2 5 3 1 2 3 4 5 1 3 5 0 2 3
4527 4533 4 3 1 4 3 0 5 2 5 2 2 2 1 3
7509 7531 2 3 4 2 3 1 2 4 3 4 0 5 1 5
5131 6432 3 2 4 5 4 5 3 1 2 1 1 5 2 1
2317 2319 1 1 1 4 1 2 3 5 4 1 1 2 5 5
1915 1918 0 1 3 1 4 0 1 5 3 3 2 1 0 1
2825 2827 4 2 2 2 2 0 0 4 0 0 0 4 4 0
174 3724 3 3 4 0 0 5 0 1 0 4 5 5 1 3
2130 2136 1 3 4 3 1 3 1 4 1 4 0 4 1 4
3020 3032 0 1 0 2 5 5 2 2 2 2 5 3 1 4
451 453 4 4 1 4 1 0 3 5 1 4 1 5 4 1
6628 6631 1 5 5 1 4 2 3 3 0 0 2 5 4 4
1262 1270 5 2 4 0 5 2 3 5 4 4 3 4 3 2
6842 6846 4 2 3 5 5 2 5 2 5 5 5 4 4 2
141 147 2 2 2 2 5 1 0 0 5 2 3 3 2 4
1658 1664 0 5 0 1 1 4 2 5 0 3 2 2 0 2
2976 2976 4 2 2 4 2 2 2 4 5 4 1 3 4 5
2117 2118 4 2 3 3 1 1 3 5 4 2 3 4 3 5
5142 5166 0 5 1 1 1 1 1 1 4 4 3 4 2 4
3117 3122 2 2 2 1 4 5 1 4 4 2 2 1 3 2
7252 7252 0 0 0 0 0 0 0 0 0 0 0 0 0 0
1235 1245 4 0 4 4 0 4 2 4 0 4 0 2 0 0
4701 4709 2 5 3 4 5 2 3 0 4 2 2 2 4 2
648 654 5 0 5 5 5 4 0 4 5 3 3 2 0 0
1434 1434 5 0 0 4 1 3 3 2 0 4 3 2 4 0
2469 2479 5 2 3 4 1 2 4 3 5 0 1 5 0 0
6525 6549 4 0 1 4 2 1 4 1 1 5 4 5 1 4
1264 1272 3 2 5 3 5 1 0 1 0 0 4 2 2 3
1290 1290 4 4 4 4 4 2 4 2 2 2 2 4 4 4
6880 6889 4 0 0 4 3 4 2 0 4 5 0 1 3 2
6623 6633 2 4 4 0 2 4 4 2 2 0 0 0 2 0
741 846 4 1 4 0 5 2 2 5 1 3 5 2 3 1
5830 5839 0 2 4 5 3 4 3 5 0 0 4 3 5 5
1817 1819 4 1 4 1 4 3 2 3 5 0 2 2 5 3
5596 5605 0 5 0 4 1 0 3 0 1 1 5 3 4 5
45 4529 0 3 4 4 5 0 4 0 1 2 1 0 0 5
7955 7966 0 3 0 2 0 2 4 3 0 3 5 4 4 5
6364 6367 1 2 1 0 1 5 4 5 4 4 3 2 2 2
3160 3171 4 4 0 5 4 4 2 5 0 0 3 0 2 3
7369 7373 0 3 3 5 2 3 0 4 3 2 0 3 0 2
4359 4359 0 0 0 0 0 0 0 0 0 0 0 0 0 0
2307 2316 1 3 3 4 5 0 4 3 1 5 2 1 0 2
4920 4925 3 2 1 4 1 2 3 5 3 1 4 0 3 2
3654 4240 5 1 2 3 0 5 3 3 5 3 0 3 0 5
4501 4501 0 3 0 0 0 3 3 0 0 3 3 0 0 3
990 995 4 5 0 1 5 3 5 0 1 3 3 0 4 3
5453 5454 0 5 5 0 4 1 3 1 2 3 3 2 0 3
1199 1210 2 5 3 1 2 4 3 0 5 4 4 4 5 3
523 523 5 4 0 2 2 2 5 2 1 5 3 0 4 2
6410 6414 4 0 0 5 3 3 0 1 4 2 0 2 5 2
3779 3806 2 0 3 1 3 3 4 1 4 2 1 0 2 5
4934 4940 0 2 0 5 2 3 0 3 1 1 2 3 1 3
3006 3006 0 0 0 0 0 0 0 0 0 0 0 0 0 0
7714 7718 4 3 1 5 0 4 5 4 3 3 4 5 1 5
100 102 0 2 3 1 1 5 3 5 1 5 3 1 5 0
2336 2347 0 0 0 1 2 3 5 1 3 0 1 0 4 0
3284 3284 0 0 0 2 0 2 2 4 4 0 2 0 4 2
7867 7868 2 5 3 5 1 1 0 1 4 0 2 3 5 2
480 486 4 5 1 3 2 4 2 5 4 0 4 1 4 3
2790 3317 0 1 0 5 4 5 0 0 0 0 2 1 5 3
6669 6672 1 2 4 0 1 4 4 4 2 5 3 3 4 3
3323 3330 2 4 3 4 1 2 0 1 3 3 1 1 4 3
1311 1318 4 2 5 5 1 1 0 0 4 5 4 4 5 2
361 1154 3 2 5 0 3 5 2 4 2 3 1 2 0 4
7828 7839 4 2 0 1 0 5 3 2 0 2 0 5 2 1
5008 5015 1 1 1 1 3 3 4 2 3 2 1 5 1 2
904 911 1 0 4 0 2 0 4 2 1 1 2 0 3 0
2561 2567 4 3 0 4 1 1 2 1 5 5 0 0 2 5
3552 3556 4 5 3 3 1 1 5 5 2 3 0 5 3 3
5010 5020 1 0 2 3 3 3 5 3 4 1 3 1 2 3
1807 1813 2 2 4 0 3 0 1 4 1 0 5 5 3 4
7124 7126 4 1 3 5 1 4 3 2 4 1 4 1 5 2
3576 3576 0 2 4 2 2 4 4 4 0 4 4 0 0 2
6083 6087 5 4 0 3 1 4 5 5 4 2 4 1 4 2
1932 1936 0 2 4 2 3 5 1 0 5 3 4 2 0 4
4116 5808 0 0 4 4 0 0 0 2 0 0 2 4 0 4
5429 5438 2 5 2 4 2 4 0 4 3 4 1 4 0 1
1858 1863 3 4 4 4 3 1 4 5 3 0 1 5 1 2
1694 1701 3 4 4 1 3 2 2 3 3 0 1 0 3 0
3501 3513 4 1 2 5 0 2 2 2 2 0 3 2 1 0
6350 6350 4 4 2 0 0 0 0 4 2 4 0 2 2 4
6108 6112 2 0 4 0 2 2 5 3 4 1 1 1 5 4
2951 2960 2 5 2 0 0 3 4 5 2 3 2 2 4 5
2107 3365 3 4 5 2 1 2 4 0 5 2 5 3 3 2
6061 6063 2 5 0 2 5 2 3 1 0 0 4 2 5 3
1541 1547 4 1 2 5 1 2 0 5 0 4 2 2 0 3
3841 3860 5 0 4 5 2 2 1 2 3 5 5 1 3 1
2764 5372 5 1 5 0 4 4 4 5 2 1 1 2 5 4
3942 3942 4 4 4 4 0 2 2 0 4 2 4 2 0 2
2342 2353 4 0 2 0 0 2 2 4 4 4 4 0 2 0
4123 4125 0 2 5 1 0 1 4 2 2 3 2 4 1 4
1210 1214 5 0 1 2 2 0 4 2 1 0 2 2 5 4
6198 6199 1 1 3 3 2 3 1 0 2 5 5 0 0 0
4412 4421 0 4 0 1 1 2 2 4 4 5 1 3 2 1
5324 5325 0 0 4 5 2 5 0 3 5 3 2 5 1 1
7349 7355 2 2 2 5 1 2 5 5 5 3 4 5 5 1
2589 2589 2 0 5 1 0 5 1 0 2 1 4 0 3 2
561 572 0 5 4 0 0 4 0 2 4 0 1 3 1 1
3804 3828 0 1 3 0 3 3 3 5 2 1 4 0 4 0
6245 6254 2 3 0 2 1 3 4 4 1 1 4 3 2 0
4705 4705 5 2 5 3 5 0 1 2 5 2 3 0 0 1
3583 3589 4 5 2 1 5 3 5 3 4 2 1 4 5 0
4309 4332 1 1 5 4 3 4 2 2 2 3 3 5 5 0
1149 6522 3 4 5 3 2 2 0 4 4 3 4 0 1 2
818 827 2 0 4 0 2 0 0 0 4 3 3 3 1 1
4511 4511 0 4 0 5 5 0 2 1 5 0 1 5 2 3
353 358 1 1 0 2 5 5 2 2 5 1 1 0 3 4
6014 6016 5 3 1 2 5 2 2 2 4 0 2 3 2 4
6369 6381 1 3 1 2 4 1 2 2 4 1 5 4 4 3
6689 6693 5 5 0 0 1 0 0 2 3 5 5 0 4 0
6582 6594 2 1 5 4 3 0 3 3 2 5 1 5 1 5
710 1145 4 0 5 0 4 3 2 3 5 2 2 0 0 2
1261 1261 0 2 0 0 0 2 4 2 0 0 4 4 0 0
4731 4738 1 5 5 0 4 3 1 3 5 3 3 5 0 2
3883 3888 5 1 1 3 2 3 0 1 5 5 4 0 4 3
6584 6590 0 5 0 4 1 5 5 5 1 0 1 5 2 5
905 905 3 3 0 3 0 0 3 0 0 0 3 3 3 3
267 271 1 4 0 4 4 1 5 0 5 2 4 1 2 0
6437 6446 0 2 1 4 5 5 0 0 3 4 2 1 3 2
5627 6206 4 1 3 0 1 5 5 4 4 1 3 4 2 0
2929 2929 4 0 4 2 4 2 4 2 2 0 4 0 4 4
5504 5504 0 2 2 0 0 5 1 2 2 1 5 1 0 1
6782 6806 2 0 2 1 0 0 1 2 2 4 0 1 4 3
1370 1382 0 2 4 5 5 0 2 4 2 0 3 4 5 1
1197 1197 3 2 3 5 5 2 1 2 1 3 1 1 3 1
3066 3068 0 5 4 4 5 2 5 1 4 2 5 0 3 0
7826 7827 0 1 3 2 4 4 1 0 2 1 0 0 4 1
149 227 2 2 1 5 5 5 3 3 5 1 3 3 4 5
1007 1007 0 0 0 0 0 0 0 0 0 0 0 0 0 0
99 102 5 2 0 3 5 1 4 1 3 1 4 5 4 0
3971 3978 5 4 4 0 2 1 0 2 2 1 4 4 4 0
1769 7150 2 0 0 2 4 4 2 4 2 2 2 4 4 0
6122 6133 1 5 3 0 2 3 0 1 1 0 5 4 0 0
5775 5784 4 3 2 2 5 0 2 4 1 2 0 2 2 5
7408 7420 0 0 0 0 0 0 0 0 0 0 0 0 0 0
188 195 5 5 5 2 1 2 3 5 0 4 2 1 5 2
5998 6009 1 4 0 3 1 4 3 1 2 3 3 0 2 1
5267 5272 0 1 5 0 2 1 5 3 0 0 1 4 4 4
3215 3231 3 3 2 4 0 1 1 1 0 3 3 4 0 3
2126 2127 0 0 3 1 2 1 2 5 3 2 3 0 2 2
5972 5975 4 2 3 2 2 2 5 1 3 0 3 0 1 3
5862 5869 0 4 4 4 0 4 1 1 4 3 1 4 5 5
3687 3698 5 3 5 4 3 1 4 3 2 2 2 0 2 1
7840 7852 1 5 4 4 5 5 4 2 1 2 4 4 0 3
7125 7125 4 0 4 4 2 4 4 0 0 4 2 4 0 0
6058 6061 3 2 2 2 2 0 4 0 0 0 2 2 4 3
3507 3510 4 5 3 5 1 4 0 0 4 2 0 1 1 3
2593 2603 3 2 4 5 3 2 4 5 4 0 5 5 3 0
2530 2530 2 2 0 2 2 4 2 2 2 4 4 0 2 0
7728 7731 1 1 0 0 3 1 0 2 5 1 2 5 4 5
5435 5462 2 4 0 4 2 3 4 1 3 3 5 4 3 2
4655 4663 5 0 3 5 3 0 3 3 0 1 2 3 2 0
4272 4272 2 1 5 4 5 3 5 5 3 1 4 2 4 4
5058 5069 3 1 0 5 1 2 3 5 3 1 3 1 2 4
3659 3667 4 1 4 0 2 3 2 3 2 0 4 1 4 2
7644 7646 0 3 4 0 4 2 4 1 1 1 4 3 2 2
7250 7251 5 5 1 4 5 0 0 2 4 2 5 1 2 0
3968 3978 5 4 0 3 3 4 0 1 3 0 4 2 2 3
4592 4603 1 1 2 3 5 1 0 4 5 1 3 4 5 2
171 1609 3 5 5 0 0 0 1 1 5 3 2 3 4 2
2984 2986 1 2 1 0 5 0 1 4 3 2 1 2 0 2
7943 7949 4 0 0 4 2 2 2 4 0 4 4 4 4 2
861 877 2 2 4 1 2 3 2 0 5 4 5 1 5 4
2613 6848 2 4 0 0 0 0 0 2 2 0 0 2 4 0
4802 4813 1 0 0 0 4 4 3 4 2 4 5 0 4 3
7059 7071 3 1 0 3 0 2 1 5 3 4 5 4 3 0
4765 4773 0 2 4 0 2 0 4 4 2 0 4 2 2 0
788 788 5 3 1 1 5 0 2 2 5 5 3 5 3 3
6125 6125 0 4 4 2 2 0 4 2 4 0 2 0 2 2
6068 6076 0 2 2 5 5 0 4 5 2 2 3 1 0 5
7180 7190 0 5 5 5 1 1 0 2 3 4 2 0 3 3
3997 4002 0 3 4 2 3 4 3 5 5 1 1 5 1 4
4506 4508 4 5 1 4 0 4 1 3 3 1 2 4 0 4
5936 5938 0 4 5 5 4 1 4 4 5 2 4 0 4 4
3508 3517 3 5 2 5 1 0 3 4 4 2 3 3 3 4
2382 5354 0 0 2 4 4 2 4 4 4 0 0 0 0 0
2343 2346 0 5 1 1 0 4 4 5 1 4 3 5 5 5
7691 7702 3 2 2 4 1 0 0 2 4 0 1 0 1 4
4583 4608 4 2 2 4 4 2 4 4 0 0 0 2 0 4
7235 7241 0 0 1 0 4 0 4 3 3 5 1 2 0 4
133 134 2 4 1 4 2 2 3 2 5 4 0 3 4 1
5031 5043 1 0 0 3 0 4 4 2 0 3 2 3 2 0
3050 3060 1 0 1 5 5 1 0 0 0 5 0 0 3 1
606 1694 3 4 1 3 3 4 5 3 3 1 2 5 1 5
15 15 0 0 3 0 3 0 3 0 0 3 3 3 0 0
1024 1024 5 2 3 4 2 2 0 3 3 1 2 1 4 5
899 926 0 1 5 5 5 4 2 0 5 1 5 0 4 4
7566 7577 0 2 3 4 5 3 5 1 2 4 2 5 4 4
2651 2651 4 2 4 2 0 0 0 4 0 2 4 0 0 2
3615 3623 5 2 1 1 4 0 5 4 5 1 5 3 3 5
5228 5238 5 3 4 4 1 0 5 2 0 3 3 5 2 0
156 4784 5 3 2 3 2 2 3 5 5 0 3 0 4 2
3305 3305 2 4 2 2 0 0 0 4 4 4 4 0 2 4
2686 2693 4 2 2 5 2 3 0 3 0 2 5 3 3 1
6866 6893 4 4 2 0 4 0 2 2 2 2 4 0 4 4
23 469 5 0 5 0 3 1 0 0 2 1 4 4 0 5
5151 5154 2 0 5 5 4 0 4 4 2 2 0 4 0 2
5888 5891 4 0 5 3 4 4 3 3 3 5 2 1 4 4
5387 5389 4 1 5 5 2 2 4 5 4 4 0 2 4 4
3588 3591 2 0 2 3 5 2 4 0 2 4 2 0 5 0
3260 3260 5 1 5 0 5 3 4 5 2 2 0 4 3 4
3975 3975 5 4 1 4 5 1 5 4 2 1 4 5 5 4
4881 4898 0 3 1 1 0 4 1 3 3 3 0 3 3 4
1183 1211 0 1 2 4 2 0 5 3 5 3 5 1 1 4
1528 1537 3 3 5 5 3 0 0 0 3 4 1 0 0 3
7451 7453 0 3 3 2 0 3 0 4 5 0 1 2 3 3
1057 1081 0 0 3 1 5 1 2 2 4 1 5 0 3 1
215 235 4 2 4 0 1 3 4 5 2 0 2 1 1 4
7549 7549 0 3 3 5 1 0 0 3 5 1 3 4 0 2
2541 2547 0 5 1 2 1 5 2 3 1 5 3 4 4 2
3231 3242 0 5 5 1 0 5 0 5 2 3 1 4 4 0
5927 5936 4 4 0 1 0 3 3 1 4 2 1 1 2 1
7406 7406 4 5 4 1 2 0 2 5 3 5 0 1 4 1
348 358 5 1 4 1 4 0 0 4 3 3 3 0 3 4
1227 1237 3 4 1 5 5 1 3 0 0 0 3 2 1 5
15 246 2 2 5 1 4 4 1 2 0 2 5 1 4 3
3453 3463 0 2 3 3 4 0 2 1 3 5 0 1 4 4
7981 7986 0 0 2 0 4 3 5 2 3 2 1 2 3 1
240 267 0 4 2 3 2 4 2 4 2 3 5 4 3 1
6704 6707 4 4 5 1 3 0 4 3 3 4 0 4 3 0
4411 4411 2 0 2 0 4 4 4 0 0 2 4 4 0 2
375 381 0 0 5 3 4 4 3 0 0 2 1 0 2 0
3100 3121 0 4 0 2 2 5 5 0 2 5 0 2 0 2
4795 4795 0 3 3 3 1 2 5 5 3 0 1 5 5 1
446 446 0 0 3 0 0 3 3 0 3 0 0 3 3 0
7074 7085 2 0 4 2 0 2 0 2 4 0 2 2 2 2
6840 6865 1 4 0 5 0 3 5 3 3 5 0 5 0 5
530 536 4 5 1 5 1 1 4 5 2 0 1 2 0 0
5603 5603 0 0 3 3 3 0 3 3 0 3 3 3 3 3
1310 1318 2 0 0 2 4 2 0 0 0 2 4 2 4 2
7229 7233 3 4 4 0 0 1 1 3 2 0 3 1 0 5
791 6694 3 0 1 5 2 5 0 3 4 0 2 1 2 3
6978 6978 0 0 0 0 0 0 0 0 0 0 0 0 0 0
7754 7762 1 4 2 5 1 2 4 5 4 0 4 4 4 3
2562 2568 4 0 4 3 2 3 2 3 4 3 4 3 3 1
1062 6610 1 2 1 1 5 5 3 0 0 1 2 3 4 2
1582 1582 0 4 5 0 3 0 1 5 3 4 3 4 5 2
7799 7809 3 4 3 4 4 3 0 4 5 3 5 4 1 1
3318 3320 4 4 2 4 4 4 2 2 0 2 0 4 2 4
6246 6253 1 4 3 5 2 0 1 3 1 4 4 4 5 5
7848 7848 2 2 0 0 0 2 0 4 0 2 0 0 0 2
3132 3141 3 2 1 3 0 0 1 2 2 4 5 4 2 5
6175 6186 2 0 4 4 2 0 4 0 4 0 0 4 4 2
2184 6255 1 1 3 3 5 4 0 1 1 0 5 4 3 4
829 829 0 0 0 0 0 0 0 0 0 0 0 0 0 0
3670 3673 0 2 2 0 4 0 4 2 2 2 5 4 2 3
7643 7651 0 0 4 0 0 5 2 1 3 2 2 1 1 0
3408 3447 4 5 1 5 2 1 4 2 5 0 4 3 5 0
1297 1301 4 5 4 0 5 2 3 2 5 0 5 4 2 4
7757 7770 2 2 3 2 2 0 5 4 0 0 1 1 4 5
385 386 2 5 2 5 1 2 1 0 0 5 0 2 4 3
2251 3149 4 4 4 2 4 2 2 2 0 4 0 0 4 2
5479 5489 3 1 0 0 4 3 1 0 4 4 2 0 1 4
7591 7591 3 1 0 5 3 0 1 1 1 5 1 5 1 2
7144 7148 0 0 2 5 0 0 4 5 3 1 3 5 1 2
2863 2863 2 0 0 3 2 4 3 2 0 1 5 5 3 0
111 113 0 2 0 3 5 5 3 5 5 2 4 3 5 2
5301 5301 2 0 2 4 2 0 0 0 2 4 4 4 0 4
7676 7688 2 5 2 2 2 5 3 1 3 4 2 2 2 0
252 263 5 2 2 2 4 0 3 0 5 1 3 1 4 5
5484 5487 5 5 0 2 0 4 2 3 5 5 1 0 5 4
7745 7748 0 1 5 0 1 1 3 3 2 0 4 4 0 3
2854 2861 4 3 5 0 3 1 3 0 3 1 1 3 0 0
5291 5293 5 5 2 0 4 2 1 4 0 1 0 0 2 1
3023 3027 4 2 1 2 0 1 0 1 1 0 3 1 1 4
2376 2383 1 3 4 4 2 4 2 3 1 1 0 2 3 5
2359 2361 1 4 0 4 0 4 4 1 3 1 2 4 2 3
1521 2682 2 2 1 4 0 2 2 4 1 1 0 0 5 4
4427 4430 0 5 3 4 5 2 1 2 0 3 1 3 2 5
231 235 4 4 4 4 0 2 0 1 1 3 1 1 1 0
1321 1329 2 0 4 0 3 0 1 2 1 2 4 0 2 0
3348 4040 1 4 1 5 0 0 3 0 2 4 1 1 0 4
7744 7744 0 3 0 0 0 3 3 0 0 0 3 3 3 0
3726 3728 1 1 4 0 3 1 2 4 2 2 1 3 4 4
2273 2295 1 2 0 0 0 5 2 1 1 4 0 1 5 1
1557 2390 2 5 0 3 3 0 2 3 1 3 1 5 1 4
109 120 2 1 5 2 0 0 4 3 0 5 1 2 3 1
4833 4843 3 4 5 2 4 1 0 0 5 4 2 4 3 4
5032 5036 2 4 2 4 0 0 2 0 4 0 4 0 2 0
5447 5450 5 1 3 4 4 2 1 1 2 5 2 0 1 5
2561 2561 1 0 1 3 5 0 1 3 4 5 4 5 3 0
7147 7158 5 1 4 2 4 5 3 4 3 1 0 4 2 5
3070 3072 3 4 2 0 0 3 3 2 0 5 3 1 2 2
4258 4269 3 5 4 5 3 4 4 3 4 3 0 5 0 2
6770 6770 2 2 4 2 4 2 0 0 2 4 0 0 4 0
7299 7302 0 2 2 2 2 0 2 2 3 0 1 3 2 0
6724 6738 2 2 2 2 4 4 4 2 0 4 2 4 0 2
1071 1079 0 5 4 5 3 2 1 1 5 5 0 5 0 4
5233 5233 0 0 0 0 0 0 0 0 0 0 0 0 0 0
5965 5972 3 4 0 0 2 5 3 3 2 1 3 5 2 3
3734 3744 1 5 0 3 0 0 4 3 2 3 5 1 3 4
2269 3842 4 4 0 0 0 2 3 0 3 2 2 1 1 1
3836 3836 0 0 0 0 0 0 0 0 0 0 0 0 0 0
1223 1225 5 1 2 2 0 4 5 4 1 5 4 2 0 1
1829 1838 3 3 3 5 4 2 3 4 2 4 1 1 2 2
3409 6669 4 0 2 2 5 5 0 4 0 4 3 3 4 0
671 677 3 4 2 4 0 0 3 2 1 1 2 1 0 1
5582 5582 0 2 1 1 5 2 2 5 3 5 0 3 0 5
3906 3927 1 5 0 1 4 4 5 1 4 2 2 0 0 0
2081 2410 3 0 1 2 0 2 3 1 2 1 2 1 2 3
852 855 1 3 0 2 3 0 0 2 4 0 4 3 3 5
2296 2307 2 3 3 2 5 0 3 1 0 0 3 1 0 1
3199 3202 0 2 0 2 4 4 2 4 5 0 1 1 5 0
1128 1135 0 1 5 4 0 4 1 2 5 5 3 4 1 0
1546 1549 1 0 5 4 5 1 5 0 4 2 1 2 1 4
6846 6857 5 4 4 5 4 5 3 3 3 5 2 3 5 5
5683 5690 0 3 5 0 1 0 3 2 1 4 1 5 2 4
5259 5268 5 2 4 1 2 3 3 5 2 2 0 3 4 0
5176 5178 0 5 3 0 4 3 3 2 5 0 0 1 4 5
6072 6082 0 4 5 3 2 1 5 1 1 1 3 5 3 2
4595 4615 0 4 2 1 1 2 5 0 2 2 5 2 0 5
116 6030 3 0 5 1 3 0 1 2 3 3 2 4 5 2
1234 1241 5 2 3 0 3 1 1 2 4 2 5 3 4 3
5383 5393 4 4 2 1 5 4 2 3 2 5 5 4 4 1
2109 2109 3 0 0 5 1 5 0 5 2 4 5 1 3 5
5298 5302 5 3 5 1 0 3 3 1 5 3 5 0 4 3
644 650 0 0 5 0 0 3 1 0 2 3 5 5 0 4
5115 5118 2 1 2 0 4 5 5 5 2 0 2 4 2 1
2448 2470 2 2 4 0 2 2 0 4 4 2 2 4 0 4
1502 2025 3 0 1 2 4 0 1 0 1 4 5 2 5 4
1522 1522 5 5 3 5 2 5 5 3 5 5 4 2 5 5
5953 5961 4 3 1 3 4 4 2 2 3 5 5 3 5 4
138 164 0 0 4 4 4 0 4 2 0 2 4 0 2 2
4074 4075 5 4 0 1 1 2 1 4 4 5 4 1 0 4
7628 7632 4 0 2 1 2 0 3 5 3 0 3 4 2 5
250 250 2 4 2 3 0 5 0 1 3 1 5 1 3 2
5347 5357 2 2 2 3 4 0 3 5 0 4 2 4 5 3
4636 7491 0 0 0 0 4 2 0 0 0 0 2 2 2 0
6943 6943 0 0 0 0 0 0 0 0 0 0 0 0 0 0
4908 4915 3 0 4 3 2 0 3 1 5 1 5 1 2 5
3807 3809 3 0 5 4 3 3 0 5 2 1 5 2 1 1
5568 5568 5 3 5 2 4 5 5 3 5 0 5 5 2 5
4601 4601 0 2 0 2 2 4 4 0 4 0 4 4 4 4
3974 3979 0 0 5 5 2 4 3 5 1 1 0 4 5 5
1248 1254 5 3 4 3 4 1 5 4 5 0 5 5 1 4
6640 6641 4 1 3 2 1 2 1 0 3 2 3 3 5 3
5856 5857 5 1 2 4 0 0 3 0 3 0 3 2 2 0
5898 5901 5 1 4 1 5 5 4 2 4 4 4 3 0 5
6576 6577 4 5 2 0 1 5 2 5 1 5 5 0 4 0
400 2918 5 4 5 3 1 5 5 5 5 2 3 2 1 2
447 452 4 5 3 2 5 0 1 5 5 0 3 0 2 2
6604 6609 1 2 5 1 2 2 5 2 0 5 1 4 5 3
2018 2019 3 1 3 2 3 2 2 0 5 2 0 3 4 5
539 547 0 5 2 4 2 1 2 1 4 1 1 2 1 4
4182 4182 2 5 3 1 4 3 1 1 5 2 5 5 4 5
7808 7812 1 4 4 0 2 3 4 2 5 3 0 0 4 4
3997 4008 2 2 0 0 3 5 0 3 3 1 3 2 3 2
3447 3459 5 5 5 0 5 4 3 3 0 5 3 5 3 3
6381 6389 2 0 2 1 4 2 0 4 4 3 4 5 2 3
6570 6579 3 5 0 4 4 2 3 0 5 0 4 4 3 2
3923 3928 0 5 1 4 5 4 3 2 4 5 2 5 5 3
1403 1503 3 1 4 0 4 4 4 1 1 1 0 1 1 2
1156 1156 3 4 1 2 4 4 1 5 4 5 1 5 1 1
871 881 1 5 5 1 5 2 5 0 1 4 3 5 2 1
4072 4083 2 2 0 0 4 5 4 5 3 4 3 4 2 5
2627 2636 4 3 2 4 5 0 3 3 2 5 5 0 0 4
738 738 2 0 0 0 0 2 0 2 2 0 2 2 4 4
1731 1740 2 2 0 4 5 3 5 2 1 5 2 2 2 0
1249 1257 4 0 4 0 4 4 2 4 2 2 0 4 0 4
5981 5990 0 5 0 5 0 4 2 5 3 2 3 5 5 5
7261 7263 5 1 5 2 2 0 3 1 3 1 1 0 4 0
2711 2713 4 2 4 0 2 2 2 4 1 5 3 0 3 0
142 157 4 3 2 5 2 5 3 1 2 0 2 1 5 0
3566 3566 4 5 3 2 3 1 0 0 3 3 4 0 1 3
6288 6288 4 2 0 4 0 2 2 2 0 4 0 4 0 2
6847 6856 1 4 5 4 2 5 2 4 4 1 1 5 3 1
7535 7544 2 0 4 1 0 4 4 1 1 4 5 3 4 0
673 3166 0 0 2 1 1 3 5 5 4 4 4 1 2 5
4355 4356 1 1 4 4 4 5 4 4 3 2 2 0 0 0
1039 1044 0 2 2 4 0 4 0 2 2 0 0 2 2 4
1127 1134 3 4 3 2 1 2 3 3 2 1 3 1 1 1
6201 6201 4 0 5 0 3 1 3 1 1 1 0 1 1 2
7041 7041 0 0 2 4 4 2 0 4 2 4 2 0 0 0
4344 4351 1 5 0 1 1 1 2 4 2 4 4 1 1 3
4234 4237 1 0 3 2 3 1 2 3 4 0 0 2 0 1
3027 3109 2 3 0 0 4 5 4 2 3 4 4 1 5 4
1517 1520 0 0 2 4 2 0 5 0 0 3 3 3 3 5
2718 2726 2 2 0 0 2 4 2 4 0 2 0 2 0 0
4512 4524 4 0 1 1 3 4 3 0 5 4 5 0 1 3
5346 5357 1 5 3 1 4 1 4 5 4 2 0 3 2 5
3031 3036 2 5 2 1 4 0 3 4 2 5 2 2 3 1
4348 4360 1 3 5 5 4 5 4 5 5 3 3 1 0 0
6017 6031 1 1 2 3 1 3 1 0 1 1 1 4 4 4
1795 1802 2 2 3 5 2 5 4 3 3 4 2 2 5 5
7287 7287 0 4 2 2 4 2 0 2 4 0 2 0 2 2
3277 3289 0 1 2 5 1 4 0 1 5 2 5 1 2 3
1740 1740 3 0 5 1 2 4 3 2 4 4 1 2 4 3
2120 2129 0 5 0 5 5 1 5 2 3 2 3 0 2 5
2890 2890 4 4 1 5 0 1 1 1 5 4 1 5 5 0
7209 7213 0 1 3 5 0 2 1 5 5 3 4 4 5 5
5236 5240 3 0 5 0 1 4 0 1 1 1 4 3 3 5
2271 6284 1 2 3 5 1 0 5 3 3 3 1 2 3 0
6682 6682 1 0 5 3 4 2 5 3 3 3 5 0 1 1
3769 3776 0 0 3 2 2 2 3 2 2 1 5 3 5 3
6040 6065 4 0 4 5 4 1 5 3 1 0 0 3 2 1
9 13 3 1 2 5 4 1 3 5 2 0 3 1 2 3
1480 1484 1 3 2 0 1 2 3 3 0 5 3 3 4 1
2157 2164 3 4 1 3 3 1 5 4 0 0 0 0 0 2
5276 5288 5 5 4 3 1 5 0 3 2 5 5 1 5 1
920 921 4 1 2 1 0 1 5 3 3 5 1 1 4 2
3036 3047 2 0 4 2 3 0 3 5 4 0 2 1 4 1
6405 6412 4 4 4 1 2 2 4 4 2 1 2 5 0 5
669 685 0 4 4 1 3 5 0 5 3 0 1 2 0 4
2153 2165 4 1 1 1 1 0 2 1 5 2 2 0 0 4
3116 3116 3 3 0 3 0 0 3 3 0 0 0 0 0 0
1281 1289 3 5 5 1 0 3 2 0 1 5 2 4 2 2
2980 2987 4 0 0 5 5 3 2 3 4 2 3 3 1 1
4124 4134 0 2 2 3 5 3 1 3 5 1 3 4 2 0
5786 5786 0 5 0 3 1 4 4 2 3 5 1 3 3 4
1104 1112 2 4 0 3 3 5 4 3 3 5 4 5 2 3
2088 2090 1 5 5 4 3 4 2 1 4 5 4 3 2 2
6050 6058 3 3 0 5 1 0 1 3 1 1 3 1 2 1
3715 3715 1 4 4 5 4 3 1 0 1 3 5 4 1 2
7289 7293 4 5 0 1 3 2 2 0 4 4 5 1 2 1
6265 6269 5 1 2 2 2 4 1 0 0 2 3 0 1 2
1273 1277 0 4 2 2 0 3 3 4 4 4 3 1 0 0
395 403 0 2 5 5 3 5 5 5 2 3 1 2 1 4
989 998 0 2 2 2 4 4 4 2 0 4 2 0 0 2
3976 3983 4 5 4 2 0 0 1 2 5 5 0 3 0 1
1379 1379 4 4 0 0 4 5 1 1 2 1 0 0 2 1
106 106 2 2 0 0 0 2 4 4 0 2 0 4 2 4
3441 3447 0 1 4 5 1 0 0 1 3 4 4 3 1 3
4264 4266 4 0 3 4 0 5 5 4 1 0 4 1 1 4
7158 7169 2 3 1 3 1 1 4 5 3 5 4 4 5 4
5547 5547 0 0 0 0 0 0 0 0 0 0 0 0 0 0
6117 6129 4 3 3 5 5 5 2 3 5 0 3 4 2 3
5483 5488 3 0 5 4 4 5 3 2 0 0 4 1 1 2
610 613 4 1 2 2 1 5 0 0 4 3 0 2 4 4
4830 4830 3 3 2 2 2 0 0 1 0 4 5 4 2 2
6 19 0 2 1 2 5 4 5 4 0 1 1 5 0 4
5456 5481 3 1 5 1 5 2 4 0 5 5 2 4 1 2
13 4811 0 3 2 4 2 2 5 4 3 2 1 4 1 5
1661 1661 0 3 3 0 0 3 3 3 0 0 3 3 3 3
657 664 2 4 0 2 4 2 0 1 0 2 4 0 4 5
5613 5621 3 3 3 3 1 3 2 3 4 5 2 2 5 3
2941 5719 5 5 2 2 1 0 5 0 1 0 0 0 0 4
1076 1076 1 2 2 5 0 1 0 3 4 5 1 5 0 1
3633 3644 2 4 5 2 0 4 0 3 5 3 3 5 0 0
2711 2718 5 4 2 2 5 3 2 3 0 3 5 0 4 0
3538 3541 1 2 0 4 3 4 3 2 4 0 3 1 4 2
4242 4242 4 2 0 0 2 0 0 4 4 2 0 4 0 0
6677 6685 3 1 5 1 0 5 2 2 0 0 1 4 3 0
3628 3641 0 3 1 0 3 5 5 3 2 2 3 4 5 0
5997 6877 3 3 3 0 2 4 5 4 4 1 5 2 2 2
2466 2475 1 4 5 5 0 4 3 4 3 3 1 3 2 3
5640 5644 3 2 2 3 5 4 3 5 4 4 4 0 4 4
5266 5271 0 5 3 2 0 5 5 5 2 2 5 0 4 4
1487 3810 1 4 1 3 0 2 4 5 2 1 3 4 3 2
7748 7759 0 4 0 3 1 0 5 0 4 4 5 4 2 4
3429 3429 0 1 3 0 0 1 1 0 5 5 5 4 2 1
215 223 2 0 4 0 3 4 0 3 3 3 3 2 1 0
2297 7311 5 0 1 1 1 4 3 0 5 5 0 3 0 2
3410 3421 4 4 4 0 4 3 5 1 5 1 0 5 1 3
5849 5859 3 1 0 2 1 5 4 3 4 0 0 3 5 1
7831 7837 0 3 4 5 3 4 0 1 4 0 0 5 5 0
5512 5520 4 2 1 3 5 1 0 4 0 5 1 5 5 4
252 252 0 0 0 0 0 0 0 0 0 0 0 0 0 0
4156 4163 2 2 1 2 2 1 2 0 2 5 2 0 4 1
4812 4821 1 3 5 3 5 2 1 0 3 3 0 1 3 5
4245 4249 4 1 1 5 1 3 2 0 4 1 2 1 3 2
3156 3156 2 2 3 0 5 1 5 3 1 4 3 1 0 2
4016 4028 5 1 4 5 1 0 3 0 4 5 4 0 1 0
6236 6242 2 1 1 3 0 4 2 5 5 3 0 0 2 1
237 1874 5 4 0 5 0 3 1 2 2 2 2 4 5 2
6153 6163 4 5 0 2 0 1 3 2 2 0 4 5 0 5
7071 7071 1 4 2 0 4 1 5 0 2 1 3 0 5 4
4179 4183 3 3 4 2 5 1 4 0 5 0 1 4 3 5
538 543 1 3 5 2 3 0 5 2 3 3 4 3 0 5
2467 2471 1 3 4 0 3 5 4 2 5 4 4 0 5 0
2416 2424 4 1 2 0 0 0 4 0 4 0 4 1 2 4
2600 2616 2 0 3 3 4 4 2 0 4 2 0 1 3 3
2051 3460 4 0 3 5 2 3 3 5 1 3 5 5 5 4
3573 3573 0 0 0 0 0 0 0 0 0 0 0 0 0 0
6741 6744 2 4 2 5 2 1 0 5 1 0 4 4 5 5
3809 3809 2 5 4 0 4 1 5 5 3 3 3 4 0 0
1013 1019 5 5 3 3 3 5 2 4 4 3 3 5 0 5
7059 7059 0 3 0 0 0 3 0 0 3 0 3 3 0 0
5057 5068 4 3 4 3 5 0 4 3 5 5 5 2 1 1
6441 6449 3 5 0 0 2 1 4 5 5 5 1 2 1 2
926 1724 3 4 5 2 4 1 4 0 5 3 5 4 3 1
2946 2958 5 4 5 0 1 5 0 5 5 1 5 2 5 2
7009 7009 0 0 0 0 0 0 0 0 0 0 0 0 0 0
679 691 2 4 3 5 2 2 1 3 0 2 0 1 3 2
558 559 5 5 2 2 2 2 1 0 4 1 2 3 1 5
2210 2216 0 5 3 0 0 5 4 3 2 2 1 2 0 4
7787 7799 0 2 4 0 5 1 0 0 3 1 3 5 0 5
4613 4618 0 0 4 0 2 0 1 0 1 3 4 3 0 0
535 4868 0 0 0 0 4 1 1 1 4 4 1 4 0 0
4128 4128 0 4 4 3 5 2 1 0 4 3 3 4 5 5
188 200 4 0 0 4 0 1 3 0 1 0 2 5 4 3
1676 1688 5 2 2 5 3 3 5 4 1 3 2 0 5 0
780 1200 0 3 3 3 3 0 0 0 0 0 0 3 3 3
3135 3135 0 4 3 3 1 1 2 3 5 0 4 2 4 5
4487 4498 3 1 2 2 4 3 3 0 0 0 5 2 1 4
556 562 4 4 3 2 1 4 1 1 2 4 5 4 4 1
129 5922 5 0 0 3 5 4 0 2 0 1 3 3 3 3
3218 3229 0 1 2 5 2 5 3 2 0 2 3 5 2 5
1423 1426 4 4 5 0 5 0 1 4 0 0 3 2 4 3
547 557 5 0 1 0 4 4 3 2 1 3 2 4 5 5
2945 5987 4 3 4 0 4 1 2 0 4 4 4 0 3 0
6 6 5 4 0 3 5 4 0 1 4 4 0 3 5 0
5168 5181 5 1 2 2 4 0 1 5 2 2 2 4 4 5
5202 5207 1 3 5 3 3 0 0 0 5 3 3 3 5 4
3647 3659 2 2 3 5 5 1 3 4 5 5 2 5 2 2
4723 4723 5 1 2 1 5 3 4 2 4 4 1 0 4 4
4509 4515 4 2 5 2 5 5 0 3 5 2 5 0 1 5
6344 6354 5 1 4 3 3 0 1 4 1 3 1 3 0 4
7444 7455 1 2 1 3 1 1 0 4 3 3 2 3 3 2
3151 3151 0 2 4 0 2 4 0 0 0 4 2 0 0 2
1124 1137 3 0 1 3 0 2 0 0 2 2 2 4 2 5
5119 5134 1 1 1 5 4 5 1 3 3 5 1 4 1 0
6154 6155 1 2 4 5 1 4 3 3 5 5 0 0 5 0
6706 6706 0 0 0 0 0 0 0 0 0 0 0 0 0 0
4294 4297 5 3 0 1 4 2 5 2 0 0 0 0 5 0
6018 6030 1 3 0 2 4 0 2 0 3 5 4 1 2 3
59 2885 2 5 4 2 4 3 1 2 2 0 0 1 1 1
6962 6962 3 1 4 1 4 3 4 0 0 1 5 0 0 1
4398 4399 5 5 3 3 1 5 3 5 5 0 2 4 1 0
675 685 4 5 3 4 5 5 4 5 1 0 1 0 3 0
808 7096 3 1 3 2 3 1 4 1 5 1 5 3 3 1
7960 7964 5 2 5 5 0 3 3 2 2 3 1 4 3 1
5696 5701 4 1 3 3 0 3 5 5 2 1 5 0 5 1
107 111 3 5 1 4 1 0 5 4 1 3 2 0 3 3
2646 2652 2 2 5 0 1 4 1 1 3 4 3 5 1 2
3767 3773 4 2 3 0 3 0 4 1 5 1 2 1 1 1
2854 2856 0 4 0 2 2 3 2 1 4 1 0 4 3 4
2216 2224 2 3 2 4 5 4 0 4 2 3 0 2 5 0
2901 3667 0 4 4 4 2 2 2 2 4 2 2 2 0 0
375 375 3 3 4 4 3 2 1 0 3 1 4 5 1 5
6138 6146 2 5 5 0 0 1 0 0 1 5 2 3 4 4
6877 6879 3 1 0 2 0 1 5 2 5 3 0 0 0 0
868 4249 3 4 3 2 3 1 2 4 2 4 5 0 2 5
3997 3997 0 2 4 4 0 2 4 2 4 4 0 2 0 4
2308 2313 3 3 5 3 3 0 0 2 0 5 5 3 5 2
6189 6194 5 3 0 5 4 3 5 0 2 5 0 4 4 4
1034 1042 5 3 5 4 5 2 1 1 5 5 1 5 3 5
316 316 2 3 3 4 0 1 0 2 0 4 0 4 2 5
5903 5903 1 3 4 5 4 4 4 2 5 4 5 0 2 3
2690 2714 3 1 4 5 0 0 2 1 1 0 5 1 3 3
1929 1933 1 4 1 4 2 1 0 2 3 0 4 5 1 2
291 294 5 2 2 5 5 5 2 4 0 3 5 4 3 3
6479 6488 0 0 3 4 2 2 2 2 4 5 2 4 4 2
5177 5178 5 5 0 1 2 5 0 3 1 5 5 4 1 3
330 337 4 5 1 1 3 5 2 3 2 3 4 1 3 0
6175 6175 0 0 0 0 0 0 0 0 0 0 0 0 0 0
4512 4516 4 0 0 3 1 1 4 3 0 1 0 5 2 4
6893 6903 4 2 5 4 1 0 0 3 3 4 4 3 2 0
1664 1671 3 2 1 1 3 1 1 5 1 4 4 3 2 4
1068 1068 1 5 5 2 1 4 4 0 4 0 3 5 5 3
5712 5718 0 3 3 2 0 4 0 1 2 3 0 5 3 5
139 148 1 1 3 0 2 4 3 3 2 2 5 4 0 2
891 1410 3 3 3 1 0 2 2 5 0 3 1 1 5 1
4216 4216 2 2 0 2 0 5 4 2 2 4 1 4 1 5
6426 6439 0 0 5 2 2 4 2 3 2 5 5 4 2 2
501 509 4 0 1 4 0 5 4 5 4 2 0 3 0 2
3374 6775 5 5 0 1 0 5 5 2 4 0 0 4 4 2
3889 3894 3 4 5 2 5 2 1 3 2 5 3 0 4 5
5934 5939 4 1 4 4 4 1 3 3 1 5 3 1 1 4
2698 2705 5 0 0 1 1 4 0 2 0 1 1 0 0 2
2288 4429 3 0 3 0 3 0 3 0 3 3 0 3 0 3
6990 6990 1 0 2 2 5 5 4 3 0 3 5 4 5 5
1828 1834 5 5 4 5 5 1 2 0 5 1 0 2 0 1
6476 6487 0 1 5 1 2 5 4 2 4 1 0 1 0 2
4933 5280 1 5 5 2 1 1 0 1 2 1 5 1 4 4
703 712 0 3 1 3 0 5 5 2 0 2 5 4 3 0
3242 3254 5 0 5 4 0 1 0 1 5 2 4 2 4 3
3033 3055 5 5 5 1 0 2 2 3 4 5 4 1 1 0
28 582 2 4 0 3 4 4 2 2 3 4 2 5 4 2
5265 5265 0 0 5 1 1 1 2 3 1 2 5 0 0 3
5287 5300 4 0 0 1 0 3 3 4 3 5 1 0 3 5
5592 5604 2 2 1 1 0 2 2 1 4 3 3 5 2 4
2181 2182 2 4 3 5 0 5 2 4 4 2 5 0 0 1
7542 7549 3 5 0 2 4 2 1 3 0 0 4 2 3 5
6960 6972 5 5 4 3 5 1 4 5 1 0 0 1 0 2
3528 3539 2 1 4 3 1 0 4 4 3 2 0 1 2 5
5772 5779 2 3 0 1 2 2 4 1 5 0 5 2 5 0
3298 3310 2 4 4 3 3 0 2 2 1 2 2 2 5 4
3053 3058 0 1 5 2 5 1 1 3 3 4 0 1 1 5
6773 6775 0 5 3 2 3 3 3 2 2 2 1 3 2 1
2555 6762 3 4 5 2 4 0 4 5 0 3 4 3 5 3
2983 2987 0 4 1 5 0 4 5 0 2 2 3 5 1 5
4747 4755 3 3 3 0 1 1 3 0 4 2 3 1 4 3
6781 6802 0 2 2 2 4 4 0 2 4 2 2 2 2 4
3327 3334 1 2 5 0 4 3 2 4 4 2 5 4 3 4
2193 2193 0 4 4 2 4 4 4 0 0 0 2 2 0 4
1023 1033 2 1 5 2 0 4 5 0 2 1 3 4 1 5
7363 7363 3 0 0 0 3 0 0 0 0 3 0 0 3 0
387 2254 2 4 3 2 3 1 2 0 4 0 5 2 5 4
5763 5771 0 4 5 5 5 0 1 1 2 4 5 2 5 1
231 237 2 3 3 2 0 4 4 4 3 2 0 1 0 0
3405 3420 5 4 0 4 1 1 4 0 0 0 4 3 4 3
7893 7894 5 4 4 3 1 1 1 0 5 3 2 2 1 0
3036 3036 0 0 0 3 0 3 3 3 3 3 3 0 3 3
1976 1989 0 1 2 2 4 2 1 1 0 5 0 4 0 3
234 238 0 0 3 3 3 0 3 3 0 3 0 0 0 0
1028 5272 5 2 3 1 5 5 1 4 4 0 0 4 4 5
649 656 3 5 1 1 5 5 2 0 4 4 1 3 2 4
1114 1118 4 3 5 4 0 5 0 5 0 1 4 0 4 2
7934 7944 3 4 1 0 3 4 4 5 0 3 2 2 5 1
321 5245 4 4 4 2 1 2 5 2 1 4 5 2 0 5
3583 3583 0 3 3 3 0 0 3 0 0 0 0 0 3 0
6129 6139 4 3 0 2 3 1 4 0 5 5 4 1 0 2
5857 5857 5 5 5 3 4 5 5 1 5 1 3 4 0 3
27 3817 1 3 0 5 5 5 3 3 5 5 1 4 1 1
4350 4358 2 4 5 5 1 0 3 3 4 1 5 4 4 1
3344 3346 1 3 0 0 4 0 4 0 4 5 1 2 0 4
5651 5676 0 3 5 4 1 4 1 5 3 0 5 4 1 1
1378 1946 0 2 0 0 4 4 0 4 0 4 4 0 2 2
7938 7938 4 4 4 2 4 0 4 2 0 2 4 0 4 0
2999 3002 2 4 4 0 4 2 4 4 0 2 0 2 4 4
6169 6170 5 5 4 5 3 1 1 1 1 5 3 5 5 2
2363 3689 3 2 1 4 1 0 4 2 2 2 1 3 5 4
2958 2963 4 5 4 4 2 4 4 1 5 0 0 4 2 4
1500 1507 3 5 5 3 1 5 0 0 4 4 1 5 0 5
4161 4165 3 3 5 0 3 2 0 5 1 1 0 3 1 2
579 1575 5 1 0 0 5 1 4 1 4 2 1 4 4 2
6636 6636 3 0 1 0 3 3 1 4 3 2 0 5 3 5
2624 2635 5 1 5 2 1 3 3 5 1 2 4 3 5 4
558 559 4 3 4 1 1 2 0 1 2 5 1 4 4 1
6589 6593 2 0 1 5 5 5 1 4 3 2 3 1 0 4
1413 1418 4 5 5 1 3 5 5 3 5 1 5 1 1 0
959 964 5 0 0 5 2 5 0 4 2 4 5 4 5 2
6654 6666 3 0 0 4 4 1 3 2 4 3 0 3 5 3
1750 6194 5 1 5 0 4 0 3 3 0 2 5 0 0 5
2201 2201 3 0 0 0 0 0 3 0 3 3 0 0 3 3
4937 4939 5 2 0 2 4 0 1 3 5 4 4 5 2 4
3393 3395 2 5 5 1 5 1 2 4 3 2 2 3 3 3
7311 7312 2 1 4 0 0 1 4 5 5 2 2 1 5 1
548 550 5 2 0 0 4 5 4 4 5 3 3 3 3 3
6641 6645 3 0 3 0 0 0 3 0 0 3 0 3 3 0
3447 3463 0 5 1 3 1 5 0 0 4 1 2 1 4 4
52 1461 2 5 5 4 3 5 0 0 1 1 2 5 3 5
4940 4940 4 0 2 2 0 4 4 2 2 0 0 2 4 0
844 850 3 2 0 2 4 4 3 5 2 2 0 5 0 3
5847 5851 2 2 1 5 2 2 4 4 3 2 0 5 2 1
25 26 4 2 1 5 1 2 5 3 1 2 2 1 4 0
5292 5292 0 0 0 0 0 0 0 0 0 0 0 0 0 0
1917 1924 3 2 2 0 0 1 0 4 2 1 2 4 2 0
5609 5623 5 0 5 5 0 1 5 4 3 1 1 2 2 4
5257 6271 0 2 5 4 1 0 3 4 3 3 5 3 3 4
1170 1170 5 2 3 4 1 3 4 0 0 5 0 4 3 3
7889 7891 4 1 2 3 0 0 2 3 4 1 2 2 0 3
3736 3747 1 3 5 3 4 4 0 2 5 1 5 1 1 3
7762 7769 4 1 1 2 5 0 4 4 2 1 4 1 4 2
4292 4292 0 4 4 4 4 4 0 4 4 4 4 4 2 0
3985 3997 5 5 0 0 1 1 0 0 3 2 5 4 1 2
2464 2471 3 4 0 1 1 4 5 4 2 0 0 5 3 1
3017 3027 4 2 1 2 4 0 3 4 3 3 2 0 5 4
3655 3655 4 2 4 2 2 0 4 2 4 2 4 4 4 0
2870 2881 5 4 4 5 1 2 0 1 2 0 3 1 0 1
4453 4455 4 3 5 5 2 3 4 2 4 2 4 3 4 0
4105 4108 1 3 4 4 0 2 4 3 2 2 2 1 0 5
4648 4648 0 0 0 0 0 0 0 0 0 0 0 0 0 0
3994 3995 0 2 5 2 0 2 0 4 2 1 1 1 2 1
3173 3178 4 3 1 0 3 1 2 5 5 0 4 3 0 2
3795 3802 4 4 1 5 5 4 4 3 3 3 5 2 4 4
1825 1825 5 1 5 0 4 1 3 3 0 5 5 0 2 5
6337 6347 1 1 2 2 2 4 4 1 4 5 5 2 2 5
3594 3594 2 2 0 2 4 2 4 4 0 4 4 4 2 4
1180 1191 3 0 1 2 1 2 3 4 3 1 0 4 1 0
601 604 1 1 2 4 5 0 3 4 5 0 2 3 2 1
5317 5320 4 0 4 2 0 4 2 0 0 0 2 0 4 4
6499 6499 2 2 0 4 4 4 4 2 0 4 2 4 0 0
1952 5904 4 0 2 2 3 4 5 0 1 1 4 1 2 1
4564 4564 4 4 0 0 4 2 4 2 2 4 0 0 2 0
855 867 0 1 1 4 4 2 1 3 0 0 4 4 1 2
5520 5527 3 5 4 5 1 1 3 5 0 4 0 3 2 0
2323 2323 0 4 1 2 0 1 5 5 3 1 5 5 2 2
7292 7297 1 2 3 4 0 1 4 5 2 0 1 4 5 2
7481 7489 3 3 1 4 0 5 5 4 3 3 5 2 4 3
1118 1129 3 4 0 0 4 4 4 5 4 5 0 0 1 0
788 4134 1 1 1 2 2 3 1 5 4 0 1 1 0 0
5853 5859 5 3 0 3 3 0 3 3 2 1 4 2 3 5
4845 4852 0 5 4 2 0 1 0 5 4 2 2 5 2 2
4284 4291 2 3 3 3 4 3 1 4 0 1 0 3 1 1
6399 6403 4 4 1 2 4 5 2 4 5 3 1 2 1 4
1676 1677 2 3 3 5 3 2 2 2 1 0 3 1 1 5
6312 6323 1 4 2 2 3 4 3 2 4 3 3 2 1 5
7064 7075 1 4 4 1 2 0 1 4 3 5 4 2 2 5
2549 2560 3 4 2 3 3 1 2 3 2 1 3 3 4 2
4047 4049 5 3 1 3 0 2 2 0 5 4 1 4 4 5
1781 1786 3 1 2 1 5 3 4 3 3 2 1 0 4 5
7127 7143 1 2 3 0 4 3 2 2 0 3 1 2 1 1
5149 5149 1 5 1 1 0 5 5 4 3 0 4 5 3 5
1681 1681 4 0 0 0 4 2 0 4 2 2 4 2 0 0
901 912 3 3 0 5 4 5 0 0 5 0 4 4 1 0
7358 7370 4 1 2 0 3 2 0 5 5 5 1 5 2 3
2181 6906 0 0 5 4 3 5 2 5 4 4 4 0 5 1
5012 5012 0 0 0 0 0 0 0 0 0 0 0 0 0 0
2683 2694 5 5 1 1 2 2 3 4 0 2 2 0 5 1
6380 6386 1 1 2 5 1 5 4 5 0 2 5 4 2 0
1037 1041 5 3 5 2 0 3 1 5 4 2 2 4 5 5
3247 3258 3 1 4 0 5 1 1 0 2 5 1 1 4 3
7838 7849 2 0 1 3 5 4 3 0 4 4 2 5 0 4
6774 6779 0 4 5 4 0 5 5 0 5 1 0 3 1 5
795 2530 5 0 4 0 4 1 5 0 3 0 2 5 1 4
7640 7642 4 5 1 0 5 5 1 5 0 4 3 4 5 2
5046 5058 3 0 0 3 3 0 0 3 3 3 3 3 3 3
4451 4459 4 1 1 2 3 5 0 4 2 1 3 4 1 5
2927 2931 0 0 0 5 2 0 3 0 0 2 4 0 0 1
2223 2234 1 3 1 5 4 4 3 4 3 0 3 1 3 0
126 137 1 1 2 4 0 1 2 4 4 4 0 3 3 1
7100 7111 5 5 1 1 1 2 1 5 1 5 2 0 3 1
5859 5860 0 3 2 4 0 4 3 3 3 3 2 1 0 3
633 633 0 0 4 5 2 5 4 5 2 4 4 5 4 2
4461 4469 4 3 4 4 2 3 3 4 0 1 5 1 0 4
355 355 0 0 3 1 1 1 3 5 2 5 2 2 1 4
3104 3105 4 1 0 3 3 3 1 1 3 5 2 2 5 2
2553 2553 2 3 0 0 5 0 0 2 0 3 2 3 2 4
6250 6253 4 0 1 0 3 2 4 0 3 4 5 0 1 4
5498 5512 1 5 4 3 1 5 2 1 4 2 2 2 2 4
5238 5250 5 2 5 4 2 5 4 3 0 3 1 2 5 5
3022 3022 2 2 0 0 0 2 0 0 4 4 2 0 2 4
793 793 0 5 2 1 5 0 2 0 2 1 3 4 1 4
3212 3229 1 0 5 0 0 4 2 4 0 1 0 0 4 2
4735 4739 5 3 5 5 3 2 4 2 2 2 3 2 2 2
1858 1867 0 1 5 3 2 5 1 3 2 4 5 5 4 2
7870 7879 0 4 3 2 4 3 2 2 4 4 0 5 0 4
685 694 3 1 0 2 1 0 3 3 1 4 0 1 1 3
2233 3273 1 5 4 4 0 2 3 2 0 4 4 3 1 0
4493 4493 0 0 3 0 0 0 0 0 0 0 0 0 0 3
1308 1315 1 5 2 0 4 5 5 0 2 5 1 3 1 0
324 325 0 0 0 0 0 0 0 0 0 0 0 0 0 0
141 562 1 3 1 2 5 2 0 3 0 4 3 4 2 5
7362 7363 3 0 2 3 5 3 2 1 5 4 2 0 5 5
5960 5971 4 2 4 2 3 3 2 1 0 3 1 2 1 0
6403 6404 4 4 0 4 1 0 3 5 4 1 5 4 4 4
4187 4193 5 4 1 4 5 4 2 2 4 2 5 0 4 2
6347 6357 5 5 3 4 0 1 0 2 2 0 5 2 2 4
1681 1684 2 2 2 2 0 3 3 2 2 1 3 4 5 2
4964 4973 1 2 5 2 4 0 0 3 2 1 2 4 1 2
1795 1806 4 3 4 3 5 0 5 3 5 3 2 1 2 3
6964 6970 3 3 0 3 3 5 5 0 3 1 4 4 2 4
5968 5973 4 5 1 2 0 3 3 0 2 1 5 4 5 1
7563 7573 5 3 5 0 4 5 0 2 5 4 0 2 5 4
6188 6384 4 4 4 4 5 5 0 5 2 0 5 2 1 3
5712 5712 0 0 0 0 0 0 0 0 0 0 0 0 0 0
7500 7502 4 0 1 1 4 0 4 0 5 3 5 0 4 4
2390 2401 0 3 2 1 3 1 3 1 3 3 5 2 3 3
4260 6556 4 1 3 2 0 0 4 5 4 0 1 5 0 0
4042 4042 0 0 0 0 0 0 0 0 0 0 0 0 0 0
1099 1102 4 5 0 0 0 5 0 1 1 0 3 2 3 2
2464 2466 1 1 2 2 1 5 3 5 2 3 2 2 0 2
5691 5697 4 2 2 4 0 3 3 5 5 4 3 4 0 5
4494 4502 2 1 2 3 2 5 5 5 1 0 1 4 2 5
4230 4237 1 0 2 5 4 3 2 1 1 5 4 3 4 2
4739 4750 4 3 4 3 4 2 5 4 4 5 1 2 4 5
7913 7916 2 3 3 5 3 5 4 4 3 0 4 1 1 5
1898 1908 5 0 4 4 2 1 1 3 4 2 4 5 5 0
5396 5397 3 1 5 4 0 1 4 4 4 2 0 4 4 4
4457 4477 0 1 5 4 5 2 1 4 2 1 1 4 4 0
308 724 2 2 4 2 4 2 5 4 1 4 1 4 5 2
4844 4846 3 0 2 1 4 3 3 5 0 4 5 2 5 1
376 389 0 0 1 5 0 4 5 0 4 0 5 0 2 2
7779 7803 2 4 2 5 2 2 1 0 0 3 5 4 4 1
2363 6570 0 4 5 2 3 5 3 3 0 1 3 1 4 2
3708 3708 0 0 0 0 0 0 0 0 0 0 0 0 0 0
5449 5453 0 4 4 2 2 0 4 4 2 0 2 0 2 2
1462 1474 0 4 4 3 0 1 2 1 5 3 3 3 4 2
193 2726 0 3 5 5 4 4 0 3 5 0 3 5 4 3
654 655 0 0 1 3 2 4 0 0 0 0 1 2 1 2
5364 5365 5 2 1 5 3 5 4 3 4 0 3 4 2 2
4028 4044 2 5 5 1 5 4 3 5 5 3 1 3 3 1
345 2487 4 4 3 0 4 2 3 3 3 3 0 0 2 3
7284 7284 0 0 0 4 2 0 0 0 0 4 2 0 0 4
3130 3139 4 1 3 1 4 2 4 5 3 1 0 3 2 4
7731 7745 2 2 1 3 2 4 1 1 1 4 0 0 4 5
4974 5219 5 3 4 0 5 4 1 3 5 4 1 5 5 5
7747 7756 5 4 2 3 0 4 0 1 3 5 3 4 1 2
3124 3128 4 1 4 0 3 5 4 5 1 3 3 4 1 1
1456 1456 1 2 1 1 3 3 0 3 3 3 1 4 2 5
4070 4079 3 4 1 3 3 4 3 5 2 1 3 2 4 3
6333 6340 2 5 3 5 3 0 3 5 3 5 2 5 0 5
4330 4333 0 2 2 4 2 2 0 2 0 4 0 0 4 4
5065 5092 2 1 1 4 1 0 5 1 1 2 4 4 2 0
3640 6280 4 4 3 2 1 4 4 0 5 1 0 4 4 2
5803 5809 1 1 3 4 1 2 1 3 2 4 1 3 5 4
6110 6119 3 4 4 2 0 4 1 3 3 5 0 0 5 2
7792 7798 2 1 2 5 2 5 1 0 0 0 5 4 1 4
1582 1584 5 1 1 2 5 4 5 0 3 2 2 1 5 1
3455 3455 2 2 4 0 0 0 4 4 4 0 2 2 2 2
3257 3259 2 4 4 4 2 0 2 0 2 0 0 2 0 2
2963 2976 0 0 0 1 0 5 2 4 2 1 5 3 5 3
1244 1246 2 4 5 0 1 1 5 3 3 1 0 4 5 0
421 421 4 0 4 2 0 2 2 0 4 4 0 2 4 0
3931 3935 2 4 2 2 0 0 0 4 0 4 0 4 0 2
2285 2291 4 0 0 5 1 2 1 1 4 2 5 4 4 3
151 337 0 0 1 4 1 1 5 5 1 4 0 1 5 4
1801 1811 5 3 0 4 4 1 3 5 1 1 5 2 2 2
612 618 4 5 0 4 5 2 2 3 4 2 2 2 3 3
566 576 0 3 0 0 2 0 1 5 3 1 0 0 2 0
3592 6508 2 2 3 5 5 5 0 0 1 5 2 1 5 0
130 136 2 0 0 1 5 2 0 1 4 4 2 1 2 4
539 549 3 5 3 4 5 2 2 3 2 5 3 0 1 0
7839 7846 2 1 0 1 2 0 3 2 3 5 3 1 0 2
5317 5329 3 1 5 3 3 0 4 4 4 4 3 3 5 3
1898 1898 0 0 0 0 0 0 0 0 0 0 0 0 0 0
3527 3530 3 3 0 3 0 3 0 3 3 0 3 0 3 0
4294 4315 4 3 5 5 1 1 3 1 5 3 4 2 5 3
2602 2608 0 3 4 4 4 4 2 2 2 1 0 2 0 2
1748 1748 1 4 2 0 3 5 5 5 1 5 1 4 4 1
1034 1043 2 4 4 0 2 4 0 2 2 2 0 0 2 4
7865 7886 3 0 4 4 1 4 2 4 3 4 1 4 2 0
1915 1921 1 4 0 3 0 0 5 0 2 0 0 5 2 5
5120 5120 5 4 4 1 5 0 1 0 3 4 4 3 0 0
7239 7248 4 2 5 0 4 4 4 3 0 5 4 3 4 5
7522 7529 2 1 0 3 5 1 3 5 1 2 2 3 4 0
4731 5476 0 0 2 2 2 4 3 1 1 1 5 0 0 4
7639 7639 2 2 4 2 0 4 0 2 0 0 2 2 0 0
2860 2869 3 2 3 4 1 4 4 4 0 3 5 4 4 1
4437 4464 2 3 1 4 3 1 2 0 3 2 1 0 5 3
5634 5636 0 0 2 5 4 3 1 3 2 4 4 3 3 3
7484 7492 2 5 4 5 0 0 4 3 1 4 4 3 0 4
3769 3776 0 4 3 2 2 0 5 2 5 3 3 4 4 2
5983 5991 2 0 0 4 2 2 4 2 2 2 0 0 2 4
3640 5141 2 1 0 2 0 4 2 0 3 0 1 1 4 4
5603 5603 0 0 0 0 0 0 0 0 0 0 0 0 0 0
6091 6091 0 0 0 0 0 0 0 0 0 0 0 0 0 0
93 104 1 2 3 4 3 5 2 4 4 3 5 4 1 3
4274 4426 4 0 4 1 5 0 5 3 5 4 0 2 4 5
6621 6632 5 0 1 4 5 5 0 1 0 3 5 3 3 1
5450 5454 3 4 1 2 0 3 1 0 2 0 5 3 0 2
4565 4574 0 3 5 5 2 3 4 2 4 0 1 5 2 0
848 2409 2 5 5 4 5 0 3 1 0 4 1 1 2 3
6729 6729 0 0 2 0 0 0 2 0 4 2 2 0 0 4
6224 6230 2 4 0 1 0 0 1 5 1 0 2 2 2 0
8 13 0 2 1 0 1 4 2 3 0 2 2 3 5 5
239 602 5 0 1 5 4 3 4 2 5 1 1 5 4 4
7660 7665 2 3 0 1 0 2 2 0 1 0 1 4 4 3
5288 5294 0 5 1 0 0 5 1 4 1 2 3 0 0 5
3653 3660 4 3 5 2 2 2 2 2 3 3 5 2 3 5
5887 5893 1 4 2 3 5 0 2 2 3 1 2 0 2 2
4082 4094 1 1 1 0 4 4 5 4 5 4 0 3 3 2
335 342 5 1 4 0 3 4 2 1 2 3 5 4 4 5
1169 1173 5 3 3 2 5 3 1 2 4 4 2 2 3 3
3453 4698 1 1 4 3 1 0 1 0 3 2 4 4 2 2
1499 1499 4 0 0 4 4 2 4 4 3 4 3 1 0 5
6765 6768 3 3 0 3 1 3 3 5 1 2 5 3 4 2
1854 1872 4 0 0 1 1 4 1 5 5 2 1 2 0 4
4470 4687 1 2 4 5 5 1 0 3 0 2 5 4 5 0
1269 1272 2 5 1 5 0 1 3 2 5 3 5 5 4 3
2096 2097 0 3 2 4 0 5 2 3 0 2 1 5 5 5
6736 6746 4 4 2 3 4 5 1 2 1 2 5 5 2 1
5103 6301 0 2 1 0 0 3 0 4 2 2 5 2 0 4
6116 6116 0 4 0 2 0 2 4 4 2 2 0 0 2 0
636 636 4 2 2 0 5 5 4 5 2 5 3 4 2 4
7323 7348 4 0 3 3 2 4 5 5 2 5 1 0 1 0
3333 3335 3 4 0 5 2 5 5 2 4 3 4 5 5 0
257 259 4 1 2 2 1 1 0 2 0 3 3 5 4 2
2719 2722 3 2 4 5 5 1 0 2 0 4 1 5 4 1
5930 5950 5 3 4 2 2 0 1 5 1 4 5 4 5 2
4795 4807 1 4 1 3 1 0 2 5 4 1 1 3 2 2
4598 4598 2 0 4 0 0 4 2 2 2 2 4 2 4 0
1124 1132 4 1 5 2 4 3 5 5 1 5 1 4 0 1
4835 4844 5 3 1 4 2 4 1 0 2 2 4 0 0 2
5305 7767 5 1 5 0 3 1 3 0 2 1 1 1 0 0
745 757 5 2 2 2 0 1 1 0 5 0 0 3 3 2
5040 5049 0 1 1 3 0 1 5 2 3 1 2 5 2 5
4865 4874 2 2 1 4 0 4 3 3 0 0 2 3 3 1
5192 6189 2 4 5 4 3 2 3 4 3 1 3 5 3 2
365 365 0 0 2 4 2 4 0 0 4 0 4 0 2 4
4349 4350 1 4 2 3 5 2 4 0 3 2 5 4 4 2
2897 2912 3 3 2 1 3 4 2 5 3 1 3 2 4 0
873 1369 0 2 4 0 2 2 3 0 3 1 4 4 3 1
6651 6663 1 3 3 2 1 1 3 0 3 4 0 3 4 3
1294 1307 5 4 5 3 1 1 1 5 2 0 1 4 1 4
7076 7089 2 2 2 5 1 5 1 4 0 3 3 2 3 2
3922 4438 4 4 1 2 1 3 1 3 1 4 2 1 3 1
2159 2159 0 0 0 0 0 0 0 0 0 0 0 0 0 0
206 209 4 2 5 2 4 5 3 3 4 2 2 0 5 1
7740 7742 2 0 1 5 1 2 4 5 1 1 4 0 0 3
1487 4130 3 0 4 0 0 0 1 1 2 1 5 3 0 3
523 533 1 5 4 5 2 1 5 4 3 5 2 1 3 5
3842 3848 0 5 0 0 3 0 2 1 2 3 2 5 4 1
5105 5110 3 2 1 5 0 1 4 3 5 3 4 5 1 3
5008 5016 3 2 2 4 2 2 2 0 4 1 2 1 3 5
1062 1062 3 3 1 5 4 1 1 5 2 4 0 3 5 4
6428 6439 4 2 2 3 1 0 5 5 0 3 2 4 4 2
6344 6349 2 4 4 1 3 3 5 5 1 1 4 0 2 1
7854 7857 4 0 4 4 1 1 4 2 1 2 2 3 5 4
805 813 5 2 5 1 0 5 4 0 5 1 4 0 0 0
2583 2586 2 5 0 2 3 4 1 5 3 4 5 2 1 1
6904 6915 4 5 5 2 2 4 1 4 5 2 5 2 1 2
7586 7597 5 2 2 5 5 1 1 2 5 5 1 1 0 1
7158 7158 0 3 3 0 3 3 0 0 0 0 3 0 0 3
6826 6838 0 2 2 1 0 0 0 4 4 0 0 4 1 3
704 709 2 2 3 2 4 3 5 1 3 1 3 1 2 0
538 542 2 5 5 0 1 3 3 5 5 5 5 1 0 4
5932 5934 4 0 1 0 5 0 3 4 3 4 0 0 0 5
1432 1435 4 3 1 2 2 2 1 5 3 4 2 1 2 4
3688 3709 5 4 4 5 2 1 2 0 3 4 0 0 5 3
2686 7625 4 0 4 0 5 3 4 3 3 0 3 5 4 3
7846 7846 0 3 3 0 3 5 0 2 3 0 1 3 5 0
1866 1866 2 2 2 3 4 0 5 2 4 2 3 2 2 1
4095 4109 2 3 5 5 5 4 3 0 2 0 1 0 5 3
2725 7674 1 5 0 4 4 1 1 2 0 4 4 4 5 4
2233 2243 5 0 0 5 1 0 4 5 0 2 4 1 2 5
3804 3805 2 1 5 4 0 4 1 2 0 2 5 2 1 0
1543 1547 4 2 0 4 4 4 4 2 2 4 2 2 2 0
4619 5114 2 0 5 2 3 3 0 3 4 0 1 3 5 1
5635 5635 0 4 2 4 2 2 2 4 2 0 4 0 2 4
4616 4628 4 0 4 5 2 5 3 1 0 1 0 0 5 4
7937 7938 5 2 5 1 2 3 5 1 0 4 2 0 2 0
2959 2959 4 5 1 2 2 4 0 0 3 1 5 1 0 0
7314 7324 2 5 1 1 4 5 3 1 1 2 3 5 1 5
7115 7116 4 4 2 0 4 4 2 4 4 2 2 0 0 2
7426 7432 5 4 0 5 4 3 0 5 1 3 2 2 0 1
7598 7598 5 1 5 5 0 0 0 3 2 2 0 1 0 0
4840 4840 3 0 1 2 0 3 2 3 4 1 3 0 2 2
1292 1299 1 4 1 0 0 3 5 3 0 1 4 1 3 0
5584 5586 3 4 5 2 0 5 4 5 0 0 3 2 1 2
1509 1521 5 4 5 2 0 1 5 4 2 1 4 0 0 1
3363 3370 5 0 5 3 2 5 4 4 5 5 2 5 2 3
666 674 0 3 0 0 3 0 0 3 0 3 0 0 0 0
4568 4571 2 3 5 1 3 1 5 0 1 1 0 1 5 2
5410 5411 2 4 2 4 3 2 4 1 1 1 2 1 1 0
7980 7991 3 1 1 5 5 2 1 5 0 2 4 1 2 5
5108 5110 5 5 5 4 2 5 2 3 5 0 2 0 3 4
6133 6134 3 3 3 3 0 0 3 3 3 3 0 3 0 3
2463 2467 2 4 4 0 2 1 2 2 5 1 2 2 5 3
2538 2539 1 3 2 2 2 5 0 4 0 2 5 4 4 0
6132 6134 5 1 3 3 2 2 1 3 1 5 4 5 4 1
604 607 2 5 2 4 4 5 1 0 3 1 3 3 5 1
738 5840 4 2 0 0 0 4 1 2 4 5 4 0 0 2
1257 1257 0 0 0 0 0 0 0 0 0 0 0 0 0 0
6771 6781 1 3 4 5 0 3 5 2 3 3 1 0 1 5
2707 2723 3 5 5 2 1 4 1 4 1 3 1 5 0 2
242 246 2 5 5 5 4 5 3 3 0 2 2 1 5 5
1235 1238 5 5 4 5 4 2 3 4 3 0 4 4 1 2
3542 3549 5 3 3 3 0 0 1 2 2 3 2 0 0 4
7010 7018 2 0 1 4 4 1 3 2 4 5 0 0 1 0
1730 3523 0 2 4 3 3 5 5 5 3 3 4 0 5 1
1717 1717 0 0 0 0 0 0 0 0 0 0 0 0 0 0
1406 1418 5 5 2 3 0 2 5 1 2 1 4 2 2 3
3959 3966 3 3 0 4 4 2 2 0 4 1 0 3 2 5
2066 5646 0 0 5 5 4 2 0 4 0 0 5 0 1 1
2975 2975 0 5 5 4 3 0 1 2 0 3 2 5 3 1
5540 5544 0 3 5 2 3 1 4 4 3 2 2 5 2 0
3563 3566 1 4 4 4 0 4 2 1 4 3 2 4 1 0
2310 2322 5 1 5 3 1 3 5 5 0 5 0 2 1 2
5700 5700 0 3 0 3 0 0 0 0 0 3 3 0 0 3
3150 3161 2 2 5 0 4 0 2 2 3 4 5 2 3 3
3012 3034 1 0 4 5 4 3 2 3 1 5 5 2 4 1
6857 6862 4 0 4 2 1 2 4 0 4 5 0 1 0 1
1741 1741 2 1 0 2 1 2 0 0 4 1 2 5 4 0
937 940 3 4 1 3 2 1 4 2 0 3 5 2 3 2
3758 3761 3 1 0 5 4 3 4 0 1 1 5 0 5 0
256 1816 2 2 2 0 4 0 2 2 2 4 4 4 0 4
4079 4087 3 1 5 4 1 2 0 2 5 5 5 0 2 2
6228 6228 4 0 2 4 4 4 0 2 0 4 0 4 0 2
3000 3017 5 2 2 1 3 3 1 3 3 0 4 5 3 3
2654 3819 3 3 5 3 2 1 4 2 2 5 0 5 4 5
2367 2367 3 3 0 2 5 4 2 4 4 5 2 5 5 5
3354 3356 1 0 4 5 5 5 1 2 4 1 5 3 4 4
5916 5930 4 1 2 2 0 2 4 1 5 5 2 3 2 5
1737 1745 5 0 3 2 2 2 1 2 1 5 0 4 5 5
3639 3639 0 0 2 2 0 2 2 4 0 0 4 2 0 4
3692 3697 4 5 3 2 4 2 5 5 3 3 5 1 0 2
3072 3096 5 3 0 2 2 4 5 5 0 5 0 4 3 1
4876 7663 1 5 5 0 1 0 0 2 0 4 4 2 0 3
2815 2815 0 3 0 3 3 0 0 3 0 0 3 0 0 0
5268 5280 2 3 5 2 2 5 3 1 4 2 1 4 4 4
3684 3684 0 0 0 0 0 0 0 0 0 0 0 0 0 0
7635 7643 3 0 1 5 2 5 4 4 3 3 5 2 0 0
102 102 0 0 0 0 0 0 0 0 0 0 0 0 0 0
4099 4104 4 0 4 4 2 0 4 4 4 4 4 4 2 0
2748 2749 1 5 3 2 2 2 0 5 2 2 2 3 1 0
1198 1210 2 5 2 3 4 0 3 4 2 3 5 0 0 0
2949 2949 2 4 0 3 2 5 3 1 2 1 0 1 5 0
5545 5550 1 5 4 3 2 0 0 5 5 5 5 5 2 3
341 355 5 3 2 0 4 2 0 5 2 1 0 4 1 0
7039 7044 3 5 5 4 1 2 3 0 0 3 3 2 5 1
4629 4629 3 4 0 2 5 3 0 1 2 3 1 5 5 3
1806 1807 1 3 5 5 3 0 2 2 2 0 5 2 1 2
1871 1882 3 0 3 0 5 1 0 0 3 2 0 2 2 1
1944 6159 0 2 2 5 2 4 5 0 3 2 0 2 4 2
6414 6416 0 4 5 0 3 0 5 5 0 0 2 1 0 2
2779 2790 2 0 5 1 1 5 1 3 4 0 0 0 5 0
5859 5878 1 5 0 1 4 4 3 5 4 5 3 4 1 2
486 492 5 1 4 5 4 3 1 3 0 5 1 5 2 3
2577 2577 1 3 2 5 0 2 2 1 3 3 4 2 4 2
7496 7503 1 4 3 2 1 3 0 4 0 4 1 1 5 5
3933 3951 0 0 5 1 4 0 1 1 1 1 4 0 1 0
6962 6967 1 1 3 3 1 0 5 4 1 5 3 5 5 4
4034 4045 0 1 4 0 1 5 2 4 4 0 2 2 0 5
6816 6825 4 2 4 4 2 2 5 3 4 5 4 3 4 5
3130 3135 2 1 5 2 4 2 1 4 5 5 3 4 5 4
836 3353 3 5 1 5 2 0 2 4 1 4 0 0 3 4
2963 2963 0 0 2 2 4 0 2 0 0 4 0 0 2 4
2515 2524 4 5 4 1 4 0 1 0 3 0 1 0 1 0
5023 5024 5 0 2 5 2 5 4 5 3 1 3 1 4 3
1199 2195 3 4 3 1 2 0 0 1 1 0 4 2 0 5
4222 4222 3 3 3 3 3 3 0 0 0 3 0 3 3 3
1082 1087 5 1 1 4 1 1 3 4 3 5 4 3 3 2
5732 5738 2 4 3 1 1 2 0 0 0 2 5 5 5 4
342 663 0 1 1 0 1 0 5 0 0 2 2 1 0 5
625 625 0 4 4 2 0 2 0 2 2 2 0 2 0 4
4305 4314 3 1 0 3 3 5 2 0 2 4 5 0 3 1
7247 7249 0 4 5 3 0 2 2 1 3 5 2 3 0 5
2717 2722 5 1 4 0 2 5 2 0 1 5 2 5 5 0
3927 3932 4 0 2 2 3 1 5 5 2 1 4 5 3 2
1889 1898 1 5 2 0 3 4 2 5 0 0 5 1 4 1
5017 5031 4 5 5 3 4 1 2 1 2 3 3 0 1 0
593 690 3 2 2 3 3 2 5 2 2 4 5 0 4 4
2220 2225 5 5 1 2 0 5 4 1 5 3 0 4 4 4
1083 1091 1 1 5 1 0 4 0 0 5 3 4 5 5 3
6647 6669 0 3 5 3 2 0 5 2 4 5 1 1 1 1
4554 6332 0 2 2 2 0 2 0 0 2 4 2 4 2 2
2822 2827 5 1 0 3 0 2 0 1 3 4 5 5 4 1
948 948 3 3 0 0 0 0 0 0 3 3 0 0 0 3
459 484 2 4 4 2 2 4 0 4 0 2 4 0 4 0
809 1231 1 3 2 1 2 4 2 0 0 3 4 5 1 3
7875 7887 3 4 5 1 4 1 1 0 3 3 4 0 1 2
4644 4645 2 2 2 2 4 2 0 4 0 2 2 2 2 2
7954 7961 4 5 4 0 5 4 2 1 2 1 1 0 2 0
2860 2872 5 0 2 5 4 3 4 3 3 3 4 1 2 5
7915 7915 0 0 0 0 0 0 0 0 0 0 0 0 0 0
6650 6652 0 4 1 4 4 0 2 2 2 5 2 3 4 1
4189 4200 2 1 5 4 2 0 4 4 0 4 0 2 1 1
2341 4321 5 5 3 3 3 3 5 0 5 2 5 5 1 3
380 380 2 2 4 5 3 2 2 5 1 0 2 0 2 5
7086 7087 0 0 0 0 0 0 0 0 0 0 0 0 0 0
4442 4442 1 0 4 5 2 4 5 5 5 4 5 4 3 5
2090 2094 5 4 4 5 1 2 0 2 1 3 0 2 5 4
3653 3653 3 1 2 4 1 4 0 0 2 2 5 4 0 4
6011 6021 4 2 0 0 2 5 1 1 2 1 3 4 4 5
5487 5496 2 2 2 5 3 1 0 0 2 4 5 4 5 2
2990 4130 1 4 3 1 0 3 4 0 4 0 2 0 2 0
3979 3983 2 2 0 0 0 1 0 4 3 4 0 1 4 3
7940 7946 5 1 3 1 1 4 5 0 3 0 5 5 0 5
2575 2587 3 3 2 1 5 5 1 4 4 4 0 2 2 4
890 896 1 3 4 5 3 1 5 3 4 0 0 1 1 2
1298 1309 0 2 2 5 2 0 1 1 3 0 4 2 0 5
6761 6761 0 5 5 2 5 3 4 3 4 1 0 0 2 2
1681 1701 4 4 2 5 4 4 3 1 0 3 5 2 2 2
7746 7756 5 4 3 3 2 3 5 2 5 2 5 0 0 1
417 417 3 2 2 2 5 0 2 2 0 5 0 4 2 1
739 744 1 5 1 4 4 0 1 4 0 2 2 2 3 5
5699 5702 3 2 4 3 4 0 1 1 1 5 4 3 1 5
22 47 2 3 4 5 4 5 4 2 3 1 0 1 1 0
2800 2800 0 3 2 1 5 1 5 3 5 5 1 3 5 5
27 36 0 5 4 3 4 3 0 0 5 3 0 1 5 4
6402 6414 0 3 1 3 0 1 1 5 3 3 1 1 5 5
5941 7863 2 0 1 0 4 1 0 2 3 5 2 2 3 4
2848 2856 2 5 5 5 4 1 4 5 0 0 2 0 0 2
2714 2724 3 0 3 3 3 0 5 4 1 4 4 2 1 3
6219 6223 4 5 2 2 4 5 0 0 4 5 1 2 3 0
2463 2470 2 1 5 0 0 3 1 5 0 2 3 4 4 2
2208 2208 3 0 0 0 0 0 0 3 3 3 0 0 0 0
7603 7604 2 5 4 0 1 1 5 1 3 2 0 0 5 5
4682 4694 0 5 4 5 5 3 5 3 2 2 0 4 4 4
5770 5782 5 2 3 2 4 1 0 4 0 2 1 2 1 0
605 610 4 2 2 4 3 5 2 2 2 3 1 4 4 5
6863 6863 0 0 0 0 0 0 0 0 0 0 0 0 0 0
3110 3128 2 4 0 5 4 4 4 3 0 1 4 4 2 0
1101 1108 0 2 2 3 1 0 4 0 3 1 2 1 4 5
1213 1213 3 3 3 3 3 0 0 0 3 3 0 0 3 0
322 323 0 5 3 4 4 5 3 4 1 3 5 2 5 1
3030 3046 2 0 2 0 2 0 1 1 0 4 3 5 2 4
297 308 2 3 4 2 1 4 4 3 0 4 2 0 1 5
7763 7763 0 4 4 4 0 4 4 2 0 0 2 0 0 2
4755 4756 2 4 2 0 4 0 4 0 2 0 2 4 0 2
5115 5126 0 0 3 2 1 1 5 5 0 1 5 2 5 1
2018 6606 2 0 3 3 1 4 0 0 0 0 0 5 2 1
4161 4172 4 4 0 4 5 5 5 2 1 2 1 2 3 5
3263 3265 1 3 3 4 4 4 3 4 3 1 1 2 5 4
3417 3419 3 3 4 0 3 4 0 5 5 2 3 4 0 0
2162 4307 5 2 4 2 4 0 5 0 4 3 3 0 0 1
1357 1363 4 3 5 0 1 0 1 4 5 1 3 1 0 0
4079 4079 2 4 2 4 2 3 1 4 1 0 1 2 4 2
3931 3958 3 1 5 0 4 1 4 0 3 2 1 3 3 5
793 796 4 2 4 4 5 2 3 1 4 2 2 4 0 5
4126 4126 2 4 5 0 5 1 3 3 1 2 3 1 4 4
3336 3341 1 0 2 0 5 4 0 3 2 3 5 1 2 3
4326 4351 3 3 0 3 0 5 1 3 1 0 1 4 5 2
6031 6033 1 3 0 1 4 1 3 5 0 5 1 3 2 1
2835 2835 2 4 0 0 2 2 2 0 4 0 0 2 2 0
7263 7263 3 3 0 2 4 5 4 0 2 3 3 0 1 1
4958 4967 5 4 2 4 0 1 1 5 5 3 2 5 1 1
4091 6861 3 3 2 4 3 4 4 4 1 1 3 0 5 3
460 471 0 3 1 3 3 2 1 1 1 2 4 2 0 3
6758 6762 0 0 0 2 2 5 5 3 4 0 0 5 3 3
1151 1163 3 4 5 2 2 0 5 0 0 4 5 5 4 4
2400 2406 4 1 0 3 0 2 4 2 0 2 0 2 5 1
630 630 2 2 4 0 0 0 4 0 2 0 4 0 4 2
5153 5155 2 1 5 4 3 4 4 5 2 4 2 5 5 3
1786 1790 2 2 3 5 5 2 4 4 0 4 5 2 3 2
3808 5024 5 5 2 5 0 4 1 3 3 1 5 5 4 5
3028 3037 3 3 5 0 2 0 5 4 3 2 5 1 4 0
3866 3878 4 4 3 1 4 0 5 2 5 4 0 0 0 4
7958 7980 0 3 4 4 2 0 0 3 0 2 3 5 4 2
3758 3765 5 1 1 0 0 0 2 1 0 3 2 0 1 2
4680 4680 0 0 0 0 0 0 0 0 0 0 0 0 0 0
2006 2008 1 3 1 5 3 0 3 5 3 0 0 2 4 5
1987 2013 0 0 1 3 4 0 1 2 1 1 4 3 4 3
2289 2299 5 3 0 2 3 3 1 2 0 3 1 0 5 5
6727 6729 3 1 0 0 4 5 2 2 1 0 1 0 4 4
1552 1560 4 5 3 1 1 4 2 0 1 0 0 2 1 4
5469 5469 2 0 4 2 0 0 2 0 0 4 2 0 0 4
1033 2314 2 1 2 1 4 2 4 0 5 3 3 2 4 5
4210 4220 2 0 0 3 0 0 4 4 4 1 3 1 5 1
2596 2604 3 5 2 0 3 5 1 2 0 2 5 2 5 1
7122 7147 4 4 5 1 2 2 4 0 0 3 0 1 2 5
620 4202 1 4 0 5 5 5 2 2 2 2 3 4 2 3
7474 7480 2 5 5 0 4 5 0 1 1 4 5 5 2 2
5594 5596 5 3 1 0 5 0 5 5 2 1 1 0 5 2
5933 5934 1 2 5 2 4 4 2 3 1 0 1 2 5 2
871 4121 4 1 2 4 5 3 3 3 4 2 1 2 1 5
6661 6661 4 0 5 0 1 4 4 2 1 0 0 5 4 2
6487 6497 5 1 0 0 2 5 1 5 3 0 0 1 4 0
717 721 3 4 4 1 0 1 4 0 1 0 0 3 2 0
5353 5359 4 0 3 5 5 2 4 4 5 2 5 5 3 0
7636 7637 4 4 4 4 0 1 5 3 2 3 5 5 4 0
4380 4380 0 2 2 4 2 4 4 4 0 2 2 2 2 2
4466 4493 0 5 0 1 4 1 2 2 3 1 1 3 5 1
903 905 2 0 4 5 0 3 3 0 2 3 3 4 1 2
3857 3857 0 0 0 0 0 0 0 0 0 0 0 0 0 0
2713 2721 0 2 2 1 3 3 0 3 3 1 2 3 3 3
317 322 4 0 4 5 2 0 4 2 1 5 4 1 0 5
1742 5833 5 1 5 5 0 4 2 4 4 1 0 0 4 5
5646 5652 5 5 2 1 0 4 1 4 1 5 2 5 0 3
5138 5141 4 4 0 4 0 2 2 2 4 4 0 4 0 4
6457 6458 3 1 4 3 2 3 2 1 3 2 4 3 1 3
3592 3601 0 5 3 5 5 5 0 5 5 3 0 1 2 2
3232 3232 4 4 0 0 2 0 0 0 2 2 2 4 4 4
790 803 1 2 1 2 3 3 3 4 2 2 0 0 2 4
6950 6953 2 3 3 4 3 4 1 0 0 2 1 5 4 5
1140 1148 5 5 0 0 5 5 4 1 4 5 0 5 5 0
7941 7941 5 3 5 3 5 4 3 2 1 0 5 3 2 5
1266 1266 4 4 1 0 4 4 5 5 1 2 3 3 1 0
443 445 5 0 2 1 2 0 1 0 1 5 1 2 5 4
3047 3051 3 1 5 0 3 0 5 5 4 4 3 1 1 1
4623 4631 3 2 1 3 2 1 3 4 1 5 1 3 3 0
4007 4012 4 3 5 2 3 5 0 2 4 4 5 3 1 0
1351 1359 4 0 0 2 4 0 4 2 4 0 5 1 3 4
3787 3788 3 0 2 2 0 5 3 1 3 4 3 2 3 3
1817 1822 1 4 1 0 1 3 5 0 2 3 3 2 3 3
1166 1171 2 5 2 4 4 2 0 2 1 3 0 0 0 0
2101 2109 0 1 5 4 3 3 1 4 3 0 2 4 5 3
5324 5332 3 5 3 1 5 3 0 0 3 0 1 4 1 0
717 717 0 0 0 0 0 0 0 0 0 0 0 0 0 0
793 805 0 4 1 0 1 2 4 4 5 3 5 1 0 0
3278 3281 4 4 0 0 5 5 5 2 0 2 0 2 0 0
176 183 1 4 5 3 2 5 5 2 4 5 0 1 4 4
3458 3458 4 4 4 2 4 2 4 0 0 2 2 4 0 0
4339 4342 5 3 3 5 4 1 0 5 5 4 5 5 3 5
2828 2838 5 3 1 5 1 4 3 1 3 2 5 1 1 5
7586 7587 1 2 2 5 1 1 0 2 1 0 1 3 3 5
5468 5474 1 1 0 1 1 5 4 1 3 4 0 3 1 2
7418 7424 1 1 2 3 1 3 2 0 3 5 3 0 1 0
147 153 2 5 2 5 0 2 1 5 5 2 2 1 3 4
72 388 5 1 2 1 1 1 1 2 5 3 5 1 1 1
7245 7252 1 3 0 2 2 3 1 4 1 5 2 4 1 3
2656 2662 1 3 2 1 5 2 3 0 2 5 5 3 4 0
3794 3819 4 5 4 4 3 3 4 4 4 4 0 2 2 2
21 4621 4 3 0 1 2 2 5 0 3 1 0 5 1 1
2535 2535 0 4 4 2 4 1 3 1 1 5 2 4 0 1
7576 7589 0 4 5 2 0 4 2 3 1 3 5 4 4 3
4920 4942 0 0 2 5 4 3 1 5 3 0 0 2 1 4
7197 7206 1 0 0 5 5 3 0 0 2 4 4 0 0 2
6600 6600 4 5 3 4 4 5 5 0 3 5 0 2 3 2
2080 2089 1 1 4 5 0 3 3 1 3 2 2 1 0 2
5460 5471 3 5 4 1 5 2 0 2 1 4 1 2 0 1
6963 6964 3 4 2 5 4 3 2 1 4 3 5 4 5 2
2602 2602 0 3 3 3 0 3 3 3 3 3 3 3 0 0
7307 7308 4 3 2 3 1 4 1 1 0 0 0 4 4 1
854 880 2 2 4 2 4 3 0 1 4 1 2 0 1 5
3956 3965 4 4 5 5 3 3 5 1 2 1 4 5 3 2
5578 5580 4 2 1 1 1 5 2 0 0 5 4 5 0 0
5828 5839 3 4 4 1 0 5 4 0 4 3 4 1 1 3
7209 7229 2 4 4 4 1 2 4 0 3 2 1 3 5 0
2526 6515 3 1 3 0 5 0 3 3 1 4 4 4 2 2
2669 2669 2 4 0 0 2 2 0 2 4 0 2 0 4 2
3991 4001 1 3 2 3 0 1 5 1 4 4 3 3 4 1
4558 4579 0 5 0 2 0 0 4 3 3 4 3 4 3 3
1157 1160 0 5 3 5 0 2 2 4 3 2 2 3 2 1
1767 1767 4 4 2 2 0 4 2 4 4 2 4 0 4 2
5035 5035 0 2 2 2 0 0 4 0 0 2 0 0 4 2
7687 7705 1 0 4 5 3 1 2 1 3 3 2 4 1 5
417 422 3 5 1 0 0 4 0 5 2 2 5 3 1 2
4383 4383 2 2 4 2 0 0 2 4 0 2 2 4 0 2
132 145 2 0 2 0 2 5 2 3 5 0 3 0 4 0
3563 3566 5 2 1 1 1 2 2 0 0 5 0 3 3 0
4407 4415 1 5 1 1 1 3 1 5 5 4 1 3 0 3
1448 1453 0 1 0 2 0 3 4 5 5 0 0 0 1 5
2573 2585 2 2 4 1 2 1 0 2 3 5 3 1 1 0
4619 4625 5 3 3 5 4 3 5 2 5 4 4 5 1 0
381 454 1 3 3 3 1 5 4 0 1 2 2 4 1 4
905 905 2 0 0 4 0 0 2 4 0 2 4 4 4 2
4064 4073 2 3 0 5 2 1 5 1 4 0 0 4 3 0
1925 1936 2 4 1 4 4 3 5 1 2 4 5 4 5 3
2862 2868 0 2 4 4 0 1 1 3 0 2 3 0 3 1
25 25 4 4 4 4 2 2 4 2 2 2 2 2 2 2
7274 7276 4 3 1 3 0 5 2 4 2 3 3 2 1 1
5786 5797 0 4 2 5 5 1 4 1 0 2 3 5 3 2
2422 4124 0 3 2 0 0 5 4 4 5 2 0 4 0 1
722 722 0 0 0 0 0 0 0 0 0 0 0 0 0 0
734 735 4 0 2 0 2 2 2 2 0 4 4 0 0 0
353 354 1 0 0 2 5 5 0 5 2 2 2 1 5 4
4268 4276 4 5 0 3 0 5 2 3 2 5 4 2 0 4
4796 4796 2 4 3 2 3 3 5 1 1 0 5 3 4 4
3016 3024 2 4 1 0 0 5 5 2 5 4 2 0 0 2
678 704 1 5 3 3 5 1 5 5 5 1 2 4 1 2
759 2266 2 2 3 3 3 3 1 1 3 2 4 3 4 5
2412 2412 0 0 0 0 0 0 0 0 0 0 0 0 0 0
1490 1501 2 1 0 4 4 3 2 4 2 5 1 5 0 1
1537 1547 5 3 0 2 1 5 0 5 5 2 0 3 1 0
1284 7565 4 0 2 5 4 1 5 1 2 4 2 3 1 5
4006 4006 3 3 3 0 0 3 0 0 0 3 0 0 0 0
1449 1449 0 0 2 3 0 1 4 4 3 4 4 1 2 5
3964 3965 3 1 0 0 1 0 2 3 0 5 1 5 3 0
6827 7961 0 2 5 4 2 1 4 2 2 2 0 4 3 5
1059 1059 0 1 4 0 5 3 2 2 4 2 5 1 3 3
6574 6576 5 4 4 1 2 5 1 5 3 0 4 0 3 5
5075 5097 2 5 1 5 1 5 3 4 0 2 4 3 5 0
397 1134 0 0 0 4 0 0 2 0 0 2 2 2 0 2
4634 4634 4 2 2 2 0 4 0 2 2 0 2 4 0 2
7251 7255 4 0 4 2 4 4 2 0 0 2 4 2 0 0
1853 1862 2 1 4 2 1 4 0 3 3 2 1 0 3 4
55 399 0 3 4 5 1 4 2 4 2 1 2 0 5 0
4758 4758 2 0 4 4 4 0 2 2 4 2 4 2 2 2
6865 6870 1 3 5 1 4 0 4 1 5 1 1 2 4 0
1726 1741 2 3 0 1 1 2 2 2 2 0 5 0 3 5
7735 7735 4 5 1 1 5 2 4 2 1 5 3 3 0 1
3971 3978 2 2 5 4 0 4 4 2 2 3 1 1 5 5
1321 1326 2 2 4 2 0 0 0 0 3 2 3 4 0 0
4506 4510 2 3 0 0 4 3 0 4 2 4 3 3 2 5
1010 1021 4 4 2 3 5 1 3 2 2 2 3 4 1 0
7772 7772 3 0 3 0 0 0 3 0 3 0 3 3 3 0
4192 4200 2 2 2 1 4 3 4 0 4 0 1 2 4 2
2423 2440 1 1 2 0 5 1 0 2 1 1 0 2 5 5
1509 1510 4 4 0 4 1 3 2 5 5 0 2 3 5 2
2409 2415 5 5 2 0 2 3 4 2 5 0 3 1 4 1
5410 5413 4 1 4 5 4 5 1 4 0 2 0 3 0 2
4028 4053 2 2 0 4 0 2 0 0 4 1 1 5 1 0
28 2772 1 2 1 1 1 2 2 1 1 4 4 4 5 4
1544 1545 1 3 0 2 5 1 2 1 1 0 3 3 0 1
609 613 4 4 3 3 1 4 5 1 1 2 2 1 1 5
3525 3533 1 2 0 4 1 2 4 1 0 2 4 2 5 3
5694 6378 1 3 3 0 4 2 4 3 3 5 0 2 4 1
2302 2302 3 2 0 1 0 5 4 4 5 2 4 5 5 4
1592 1598 0 1 4 3 5 5 1 2 1 0 3 1 1 0
615 615 1 3 4 4 0 2 1 2 2 0 3 1 1 4
106 2788 1 2 3 1 2 5 3 5 3 4 5 5 5 4
2451 2451 0 1 3 4 5 2 0 4 5 0 3 0 4 0
615 617 4 1 2 2 5 2 4 3 4 2 0 2 5 5
3377 3377 2 5 0 5 5 5 0 2 5 4 3 3 3 2
348 348 5 2 5 5 4 2 0 1 0 3 0 3 3 1
6868 6870 2 4 4 3 2 5 2 0 4 5 3 4 5 0
2789 2801 2 3 5 3 5 5 4 0 4 0 1 3 2 0
1991 2003 5 5 4 3 2 0 5 4 1 0 4 2 2 5
1520 4749 5 3 5 1 2 4 0 1 4 3 3 4 3 3
6117 6117 0 0 0 0 0 0 0 0 0 0 0 0 0 0
6442 6453 2 4 1 3 2 5 0 4 0 2 0 1 5 4
2705 2714 5 4 2 3 0 5 2 4 4 2 0 5 4 2
3661 3673 2 4 3 4 2 0 5 2 2 4 2 1 5 0
2339 2346 5 2 3 4 3 3 0 5 1 3 3 0 1 2
7216 7219 1 4 1 0 4 2 2 5 3 3 2 4 5 2
7563 7570 1 1 0 2 0 5 4 5 3 1 5 4 4 3
2168 4182 2 3 5 1 5 4 4 3 5 0 1 2 5 5
1283 1283 3 0 3 3 3 3 0 0 0 0 3 3 3 0
1653 1657 2 0 5 4 5 2 0 4 1 0 4 0 2 5
3651 3671 2 1 4 1 0 3 5 0 1 2 4 3 4 5
5084 5094 3 0 1 0 4 5 1 4 2 1 3 1 0 4
3220 3220 3 0 5 0 4 2 3 5 1 4 4 2 2 5
1927 1932 4 3 5 3 0 3 1 2 0 0 5 3 3 4
6513 6513 2 4 4 2 4 2 2 2 0 2 2 4 2 0
4593 7039 4 1 0 0 1 3 3 0 1 1 4 5 5 1
4722 4722 0 0 3 0 0 3 3 0 3 0 0 3 0 3
3819 3822 5 2 1 1 0 2 2 1 3 3 4 1 4 0
1374 1399 2 4 2 2 2 2 5 4 2 5 0 1 1 5
1420 1432 4 0 2 5 1 1 3 3 2 2 1 4 1 3
2046 2046 3 4 1 0 5 3 2 1 2 5 0 2 3 4
338 349 2 3 3 3 3 1 2 0 4 0 1 2 3 0
2394 2409 3 1 0 4 1 5 0 4 2 3 0 3 0 1
4869 5983 4 0 2 5 5 2 0 5 3 2 5 5 3 5
7398 7398 4 3 5 1 3 4 2 1 0 0 4 3 3 3
5533 5541 4 5 0 4 1 1 4 0 4 5 1 2 3 3
1031 1043 4 4 1 1 5 1 3 0 0 3 1 4 5 0
7862 7865 4 2 0 5 0 1 0 0 0 4 5 0 3 1
217 227 0 1 1 2 0 3 2 1 0 3 5 5 3 1
7263 7270 5 4 5 1 0 2 4 0 1 3 4 0 0 3
4312 4323 2 1 5 5 0 4 5 5 1 4 4 3 0 5
3094 3169 4 0 5 2 0 0 4 1 1 4 2 4 5 2
2860 2872 4 5 0 3 1 3 0 5 5 1 5 2 4 1
7919 7926 4 0 1 0 4 5 4 1 2 1 2 3 4 1
2528 2530 0 0 0 0 0 0 0 0 0 0 0 0 0 0
4404 4413 3 1 5 2 5 5 5 5 2 1 0 4 5 2
4982 4982 2 0 4 0 2 4 4 2 0 0 0 4 2 4
2060 2065 4 0 3 0 0 1 2 2 2 0 5 0 3 5
211 211 5 2 5 3 5 0 3 3 3 1 3 1 4 5
6412 6414 3 5 2 1 3 3 2 3 2 5 0 2 4 2
5855 5856 4 0 2 3 3 5 5 0 1 1 2 2 3 4
5542 5550 1 2 2 5 3 3 0 1 3 1 1 4 5 3
6530 6554 0 2 5 5 5 2 4 5 0 4 3 2 2 1
6688 6694 5 5 2 1 3 1 3 0 2 1 4 3 3 3
7918 7918 0 3 3 0 3 0 3 3 3 3 3 3 0 0
6994 7001 0 4 1 1 3 3 4 3 2 0 4 1 5 0
2973 2984 5 2 3 3 5 2 4 5 4 4 1 1 4 1
3543 3546 3 3 4 0 5 4 1 4 4 5 0 2 5 4
1753 1753 3 0 0 0 0 3 0 0 3 3 3 0 0 0
3172 3173 0 3 3 3 3 3 3 0 3 0 3 0 3 3
5976 5981 0 2 5 4 4 2 1 3 4 2 3 0 3 2
2681 5159 2 1 0 5 2 1 4 4 0 3 3 1 2 4
