7000 16 210 9000
0 0 0 0 0 0 0 0 0 0 0 0 0 0 0 0
132 150 120 162 48 144 104 102 192 78 162 0 42 18 120 60
0 0 0 0 45 15 60 0 105 0 0 0 0 105 0 0
80 110 200 200 90 60 40 100 140 60 60 0 0 180 0 30
90 150 0 120 0 60 120 120 120 90 0 0 0 0 90 0
90 60 120 60 180 0 30 60 60 0 180 0 120 60 120 150
132 24 0 162 0 60 204 102 60 0 0 0 0 0 0 24
0 0 12 171 0 0 0 0 0 0 87 0 0 0 0 0
90 150 0 120 70 60 120 72 120 20 148 122 0 0 160 20
0 0 70 0 0 0 0 0 140 140 140 0 0 70 0 70
127 105 26 142 0 0 29 122 0 83 180 0 106 0 160 0
60 30 184 150 0 180 150 180 107 144 137 0 0 103 203 100
105 105 0 0 0 0 105 0 0 105 0 0 0 0 0 105
42 0 0 42 0 0 202 42 166 0 168 0 42 164 0 10
0 0 0 0 0 80 40 0 190 0 0 0 0 170 170 0
90 150 0 120 0 60 120 60 150 0 0 0 0 60 120 150
180 90 30 30 180 120 30 120 90 30 30 0 0 120 30 120
192 180 60 102 108 114 164 72 12 18 102 0 42 198 60 30
0 0 0 0 182 140 70 0 182 0 0 0 0 28 0 0
80 110 200 200 90 60 40 100 98 18 144 0 0 96 126 30
84 168 0 84 105 0 168 63 42 63 0 0 0 0 0 0
176 80 27 101 135 0 103 31 73 49 142 0 139 171 146 60
188 101 0 8 0 165 106 88 25 0 0 0 0 0 0 101
0 0 0 0 0 0 0 0 0 0 0 0 0 0 0 0
0 0 0 0 105 0 0 189 0 105 126 189 0 0 0 105
0 0 140 0 0 0 0 0 70 70 70 0 0 140 0 140
105 105 0 0 0 0 105 0 0 105 0 0 0 0 0 0
0 0 0 0 0 0 0 0 105 0 105 0 0 105 105 0
96 0 18 66 0 0 12 36 0 114 60 0 138 0 30 114
0 0 0 0 0 0 0 0 0 0 0 0 0 0 0 0
0 105 105 105 63 171 138 0 78 0 105 0 0 72 51 0
0 0 0 0 0 0 0 0 0 0 0 0 0 0 0 0
0 0 0 0 0 0 0 0 0 0 0 0 0 0 0 0
78 60 90 48 162 66 176 108 18 132 48 0 168 192 90 150
0 0 0 0 7 175 140 0 7 0 0 0 0 203 0 0
180 90 30 30 45 135 90 120 168 198 114 0 0 111 126 120
0 0 0 0 70 0 0 70 0 140 0 0 0 0 70 0
28 70 126 28 0 0 14 98 14 182 56 0 182 168 28 0
66 12 0 186 0 30 102 156 30 0 0 0 0 0 0 12
0 0 24 132 0 0 0 0 0 0 174 0 0 0 0 0
0 0 0 0 175 0 0 63 0 35 112 203 0 0 70 35
0 105 14 0 0 0 0 0 112 163 112 0 0 98 198 140
105 105 0 0 0 0 105 0 0 105 0 0 0 0 0 0
0 0 70 0 0 0 0 0 35 0 35 0 0 175 35 70
57 105 96 72 0 0 99 192 0 153 180 0 36 0 90 83
168 0 0 168 0 0 168 168 84 0 42 0 168 126 0 0
0 0 0 0 0 0 0 0 0 0 0 0 0 0 0 0
150 180 168 60 0 30 60 30 33 0 0 0 0 177 207 180
190 130 160 55 162 171 188 80 123 132 111 0 0 87 195 150
96 90 30 156 54 162 152 36 6 114 156 0 126 204 30 120
0 0 0 0 35 35 70 0 35 0 0 0 0 175 0 0
180 90 30 30 45 135 90 120 0 30 30 0 0 195 0 120
30 120 0 180 0 90 180 180 180 30 0 0 0 0 30 0
110 50 30 50 150 0 130 190 190 70 10 0 100 120 170 90
0 105 0 0 0 105 0 0 105 0 0 0 0 0 0 105
0 0 174 187 0 0 0 0 0 0 159 0 0 0 0 0
150 180 0 60 105 30 60 183 60 45 102 33 0 0 150 45
0 105 56 0 0 0 0 0 28 7 28 0 0 182 42 140
163 105 164 88 0 0 191 188 0 47 150 0 184 0 40 0
0 0 182 0 0 0 0 0 91 42 91 0 0 119 49 140
0 0 0 0 0 0 0 0 0 0 0 0 0 0 0 140
0 0 0 0 0 0 90 0 180 0 0 0 0 150 0 150
0 105 105 105 147 29 172 0 82 0 105 0 0 38 59 0
0 0 126 0 0 0 0 0 21 0 0 0 0 189 189 0
140 140 140 35 168 189 112 70 147 168 189 0 0 63 105 0
12 90 30 72 138 204 124 162 132 198 72 0 42 78 30 120
0 0 0 0 1 145 20 0 91 0 0 0 0 119 0 0
0 0 0 0 105 105 0 0 42 42 126 0 0 189 84 0
150 180 0 60 175 30 60 25 60 185 0 0 0 0 10 0
0 0 0 0 0 0 0 0 0 0 0 0 0 0 0 0
112 49 0 112 0 105 14 182 35 0 0 0 0 0 0 49
0 0 60 15 0 0 0 0 0 0 15 0 0 0 0 0
0 0 0 0 0 0 0 168 0 0 42 168 0 0 0 0
0 0 70 0 0 0 0 0 140 170 140 0 0 70 30 70
116 0 118 176 0 0 172 166 0 94 90 0 158 0 80 0
150 180 166 60 0 30 60 30 173 66 143 0 0 37 77 40
168 0 84 168 0 0 126 168 0 42 0 0 84 0 0 112
84 0 0 84 0 0 124 84 157 0 126 0 84 83 0 160
0 0 0 0 126 62 136 0 16 0 0 0 0 74 32 0
90 150 84 120 0 60 120 60 24 0 0 0 0 186 36 150
70 70 70 70 0 0 140 140 0 0 0 0 0 0 0 0
198 120 180 138 72 6 16 48 78 12 138 0 168 132 180 90
0 0 0 0 57 75 90 0 147 0 0 0 0 63 0 0
200 170 80 80 15 45 100 40 140 150 150 0 0 135 0 180
120 60 0 90 0 150 90 90 90 120 0 0 0 0 120 0
170 20 75 125 165 0 115 55 55 175 130 0 145 195 110 120
26 62 0 86 0 120 142 106 190 0 0 0 0 0 0 62
0 0 30 95 0 0 0 0 0 0 165 0 0 0 0 0
30 120 0 180 175 90 180 171 180 65 124 71 0 0 100 65
0 0 0 0 0 0 0 0 0 60 0 0 0 0 60 0
35 105 70 140 0 0 175 70 0 175 0 0 140 0 140 0
90 150 24 120 0 60 120 60 87 174 27 0 0 123 63 150
0 0 0 0 0 0 0 0 0 0 0 0 0 0 0 0
0 0 0 0 0 0 0 0 0 0 0 0 0 0 0 0
0 105 105 105 105 15 60 0 180 0 105 0 0 150 45 0
90 150 0 120 0 60 120 60 45 0 0 0 0 165 15 150
120 60 90 90 162 66 48 150 18 132 6 0 0 192 90 150
204 60 90 174 36 108 148 24 144 6 174 0 84 66 90 150
0 0 0 0 101 155 130 0 161 0 0 0 0 49 0 0
20 80 50 50 75 15 10 130 182 162 36 0 0 129 84 60
180 90 0 30 105 120 30 135 30 75 0 0 0 0 180 0
20 200 120 200 180 0 100 130 130 70 40 0 190 60 50 150
60 135 0 150 0 75 150 180 75 0 0 0 0 0 0 135
0 0 84 42 0 0 0 0 0 0 84 0 0 0 0 0
0 0 0 0 0 0 0 84 0 0 126 84 0 0 0 0
0 105 182 0 0 0 0 0 196 79 196 0 0 14 114 140
110 0 130 80 0 0 40 190 0 100 60 0 110 0 170 0
60 30 114 150 0 180 150 180 72 144 102 0 0 138 168 30
90 0 30 180 0 0 90 60 0 120 30 0 90 0 120 190
0 0 0 0 0 0 0 0 0 0 0 0 0 0 0 0
0 105 105 105 189 83 94 0 184 0 105 0 0 116 53 0
60 30 0 150 0 180 150 180 65 0 0 0 0 145 185 100
0 0 0 105 168 189 42 0 147 168 189 0 0 63 105 0
114 120 180 54 156 48 128 174 204 96 54 0 84 6 180 90
0 0 0 0 0 0 0 0 0 0 0 0 0 0 0 0
0 0 0 0 0 0 0 0 0 0 0 0 0 0 0 0
168 126 0 168 0 0 126 126 84 126 0 0 0 0 0 0
154 70 63 49 105 0 77 119 77 161 98 0 161 189 154 0
126 147 0 126 0 105 42 126 105 0 0 0 0 0 0 147
0 0 120 30 0 0 0 0 0 0 30 0 0 0 0 0
0 0 0 0 35 0 0 105 0 175 140 175 0 0 140 175
0 105 98 0 0 0 0 0 154 1 154 0 0 56 36 140
176 0 208 86 0 0 22 136 0 34 180 0 8 0 20 0
0 0 168 0 0 0 0 0 84 168 84 0 0 126 126 0
195 105 30 180 0 0 195 60 0 15 30 0 90 0 120 15
84 0 0 84 0 0 74 84 197 0 126 0 84 163 0 170
0 0 0 0 0 180 90 0 60 0 0 0 0 120 120 0
0 0 0 0 0 0 0 0 175 0 0 0 0 35 175 140
150 180 60 60 192 156 18 30 138 102 186 0 0 72 60 30
174 150 120 204 6 18 188 144 24 36 204 0 84 186 120 60
0 0 0 0 66 120 60 0 126 0 0 0 0 84 0 0
70 70 70 70 0 0 140 140 70 0 0 0 0 0 0 0
96 132 0 156 175 120 72 37 198 47 0 0 0 0 40 0
14 140 168 14 0 0 112 154 112 196 28 0 196 84 14 0
84 168 0 84 0 0 168 84 0 0 0 0 0 0 0 168
0 0 168 84 0 0 0 0 0 0 168 0 0 0 0 0
30 120 0 180 105 90 180 3 180 135 12 183 0 0 30 135
0 0 70 0 0 0 0 0 140 140 140 0 0 70 0 70
0 0 0 0 0 0 0 0 0 0 0 0 0 0 0 0
30 120 78 180 0 90 180 90 99 198 9 0 0 111 21 120
126 0 168 126 0 0 42 126 0 84 0 0 168 0 0 84
84 0 0 84 0 0 14 84 182 0 126 0 84 28 0 140
0 0 0 0 42 154 182 0 182 0 0 0 0 28 154 0
120 60 168 90 0 150 90 150 53 0 0 0 0 157 167 130
120 60 90 195 162 171 48 150 123 132 111 0 0 87 195 150
24 180 60 144 66 198 178 114 54 186 144 0 84 156 60 30
0 0 0 0 91 175 140 0 91 0 0 0 0 119 0 0
0 0 0 0 0 0 0 0 0 0 0 0 0 0 0 0
126 42 0 126 140 0 42 182 168 112 0 0 0 0 140 0
198 90 201 153 165 0 129 153 69 147 186 0 117 153 138 120
196 7 0 196 0 105 182 56 35 0 0 0 0 0 0 7
0 0 90 180 0 0 0 0 0 0 180 0 0 0 0 0
0 0 0 0 105 0 0 105 0 105 0 105 0 0 0 105
0 0 84 0 0 0 0 0 42 168 42 0 0 168 168 0
167 105 16 152 0 0 139 172 0 43 30 0 146 0 50 0
30 120 204 180 0 90 180 90 162 114 72 0 0 48 168 120
105 105 0 0 0 0 105 0 0 105 0 0 0 0 0 35
0 0 0 0 0 0 70 0 175 0 0 0 0 35 0 70
0 105 105 105 105 105 0 0 0 0 105 0 0 0 105 0
0 0 0 0 0 0 0 0 0 0 0 0 0 0 0 0
60 30 150 45 144 117 66 180 51 24 87 0 0 159 45 180
0 0 0 0 0 0 0 0 0 0 0 0 0 0 0 0
0 0 0 0 142 10 110 0 112 0 0 0 0 98 0 0
180 90 30 30 150 30 90 120 0 30 30 0 0 90 0 120
90 150 0 120 0 60 120 120 120 90 0 0 0 0 90 0
142 160 159 97 165 0 101 167 41 203 74 0 173 27 82 120
0 0 0 0 0 0 0 0 0 0 0 0 0 0 0 0
0 0 198 144 0 0 0 0 0 0 18 0 0 0 0 0
0 0 0 0 70 0 0 0 0 140 70 140 0 0 70 140
0 0 182 0 0 0 0 0 196 184 196 0 0 14 114 140
117 105 186 192 0 0 159 162 0 93 60 0 96 0 30 0
180 90 160 30 0 120 30 120 20 180 110 0 0 190 140 160
75 105 60 150 0 0 75 120 0 135 60 0 180 0 30 135
0 0 0 0 0 0 50 0 170 0 0 0 0 130 0 200
0 105 105 105 21 77 196 0 196 0 105 0 0 14 77 0
180 90 84 30 0 120 30 120 139 0 0 0 0 71 121 20
200 170 80 185 18 159 52 40 177 108 129 0 0 33 45 180
186 30 150 66 144 12 172 96 156 24 66 0 126 54 150 180
0 0 0 0 21 105 0 0 21 0 0 0 0 189 0 0
180 90 30 30 150 30 90 120 126 156 198 0 0 132 42 120
186 72 0 66 140 180 192 122 108 172 0 0 0 0 200 0
64 10 48 94 30 0 152 164 122 56 128 0 146 24 34 60
42 189 0 42 0 105 84 42 105 0 0 0 0 0 0 189
0 0 24 202 0 0 0 0 0 0 174 0 0 0 0 0
0 0 0 0 0 0 0 0 0 0 0 0 0 0 0 0
0 0 28 0 0 0 0 0 14 206 14 0 0 196 66 70
70 0 140 70 0 0 140 140 0 140 0 0 70 0 70 0
60 30 184 150 0 180 150 180 107 144 137 0 0 103 203 100
84 0 42 84 0 0 168 84 0 126 0 0 42 0 0 196
0 0 0 0 0 0 70 0 175 0 0 0 0 35 0 70
0 105 105 105 147 119 112 0 112 0 105 0 0 98 119 0
0 0 0 0 0 0 0 0 105 0 0 0 0 105 105 0
140 140 140 140 0 0 70 70 0 0 0 0 0 0 0 0
18 30 150 108 102 96 46 138 198 192 108 0 168 12 150 180
0 0 0 0 185 155 130 0 35 0 0 0 0 175 0 0
70 70 70 70 0 0 140 140 70 0 0 0 0 0 0 0
0 0 0 0 0 0 0 0 0 0 0 0 0 0 0 0
140 140 0 140 0 0 70 70 70 70 70 0 70 0 140 0
188 101 0 8 0 165 106 88 25 0 0 0 0 0 0 101
0 0 96 143 0 0 0 0 0 0 171 0 0 0 0 0
0 0 0 0 175 0 0 147 0 35 28 77 0 0 70 35
0 105 42 0 0 0 0 0 126 9 126 0 0 84 114 0
0 0 0 0 0 0 0 0 0 0 0 0 0 0 0 0
180 90 90 30 0 120 30 120 90 180 180 0 0 120 0 90
84 0 42 84 0 0 168 84 0 126 0 0 42 0 0 196
0 0 0 0 0 0 0 0 0 0 0 0 0 0 0 0
0 105 105 105 147 189 42 0 42 0 105 0 0 168 189 0
0 0 0 0 0 0 0 0 0 0 0 0 0 0 0 0
110 20 170 65 12 141 58 190 153 72 51 0 0 57 135 120
78 60 90 48 162 66 176 108 18 132 48 0 168 192 90 150
0 0 0 0 105 105 0 0 105 0 0 0 0 105 0 0
0 0 0 0 105 105 0 0 84 84 42 0 0 63 168 0
174 108 0 204 140 60 78 8 162 118 0 0 0 0 20 0
0 0 105 105 105 0 105 105 105 105 0 0 105 105 0 0
0 0 0 0 0 0 0 0 0 0 0 0 0 0 0 0
0 0 0 105 0 0 0 0 0 0 105 0 0 0 0 0
30 120 0 180 70 90 180 150 180 170 40 50 0 0 100 170
0 105 126 0 0 0 0 0 168 177 168 0 0 42 72 0
175 105 140 70 0 0 35 140 0 35 0 0 70 0 70 0
150 180 180 60 0 30 60 30 180 150 150 0 0 30 0 180
57 105 96 72 0 0 99 192 0 153 180 0 36 0 90 83
0 0 0 0 0 0 10 0 160 0 0 0 0 110 0 40
0 0 0 0 0 0 0 0 0 0 0 0 0 0 0 0
90 150 0 120 0 60 120 60 80 0 0 0 0 130 50 10
70 70 70 70 126 168 14 140 84 126 168 0 0 126 0 0
162 60 90 132 78 24 64 192 102 48 132 0 42 108 90 150
0 0 0 0 105 105 0 0 105 0 0 0 0 105 0 0
0 0 0 0 105 105 0 0 0 0 0 0 0 105 0 0
0 0 0 0 105 0 0 105 0 105 0 0 0 0 0 0
140 140 105 35 105 0 175 175 175 175 70 0 175 105 140 0
0 0 0 0 0 0 0 0 0 0 0 0 0 0 0 0
0 0 174 187 0 0 0 0 0 0 159 0 0 0 0 0
0 0 0 0 70 0 0 42 0 140 28 182 0 0 70 140
0 0 182 0 0 0 0 0 196 94 196 0 0 14 24 140
180 0 60 150 0 0 180 120 0 30 60 0 180 0 30 0
0 0 182 0 0 0 0 0 196 42 196 0 0 14 154 140
150 0 120 90 0 0 150 30 0 60 120 0 150 0 60 60
126 0 0 126 0 0 6 126 33 0 84 0 126 87 0 150
0 0 0 0 168 126 168 0 168 0 0 0 0 42 126 0
120 60 84 90 0 150 90 150 74 0 0 0 0 136 146 130
100 190 40 145 72 111 68 20 183 12 201 0 0 27 75 90
78 60 90 48 162 66 176 108 18 132 48 0 168 192 90 150
0 0 0 0 1 145 20 0 91 0 0 0 0 119 0 0
50 200 20 20 30 90 130 10 140 90 90 0 0 60 0 150
174 108 0 204 105 60 78 183 162 153 0 0 0 0 90 0
182 140 189 77 105 0 91 7 91 133 154 0 133 147 182 0
42 84 0 42 0 0 84 42 0 0 0 0 0 0 0 84
0 0 90 5 0 0 0 0 0 0 75 0 0 0 0 0
0 0 0 0 0 0 0 0 0 0 0 0 0 0 0 0
0 0 56 0 0 0 0 0 28 112 28 0 0 182 42 140
0 0 0 0 0 0 0 0 0 0 0 0 0 0 0 0
0 0 140 0 0 0 0 0 175 0 175 0 0 35 175 140
198 0 24 18 0 0 156 48 0 12 150 0 114 0 180 82
0 0 0 0 0 0 0 0 0 0 0 0 0 0 0 0
0 105 105 105 105 75 90 0 60 0 105 0 0 120 15 0
60 30 0 150 0 180 150 180 135 0 0 0 0 75 45 30
60 30 150 150 18 54 192 180 72 108 24 0 0 138 150 180
138 90 30 198 12 36 26 78 48 72 198 0 168 162 30 120
0 0 0 0 171 15 60 0 21 0 0 0 0 189 0 0
0 0 0 0 105 105 0 0 126 126 168 0 0 147 42 0
24 138 0 144 105 30 18 123 102 3 0 0 0 0 150 0
20 200 120 200 180 0 100 130 130 70 40 0 190 60 50 150
140 35 0 140 0 105 70 70 175 0 0 0 0 0 0 35
0 0 0 70 0 0 0 0 0 0 0 0 0 0 0 0
30 120 0 180 175 90 180 171 180 65 124 71 0 0 100 65
0 0 14 0 0 0 0 0 112 28 112 0 0 98 168 140
87 105 36 132 0 0 129 72 0 123 120 0 66 0 60 0
0 0 70 0 0 0 0 0 140 0 140 0 0 70 140 70
12 0 186 192 0 0 54 162 0 198 60 0 96 0 30 198
42 0 0 42 0 0 72 42 186 0 168 0 42 204 0 120
0 0 0 0 168 106 158 0 68 0 0 0 0 52 136 0
120 60 168 90 0 150 90 150 193 0 0 0 0 17 97 200
100 190 40 40 198 174 152 20 162 138 54 0 0 48 180 90
66 180 60 186 24 72 122 156 96 144 186 0 126 114 60 30
0 0 0 0 105 105 0 0 105 0 0 0 0 105 0 0
20 80 50 50 75 15 10 130 182 162 36 0 0 129 84 60
0 0 0 0 0 0 0 0 0 0 0 0 0 0 0 0
0 0 105 105 105 0 105 105 105 105 0 0 105 105 0 0
84 168 0 84 0 0 168 84 0 0 0 0 0 0 0 168
0 0 186 43 0 0 0 0 0 0 141 0 0 0 0 0
0 0 0 0 0 0 0 0 0 0 0 0 0 0 0 0
0 0 126 0 0 0 0 0 168 162 168 0 0 42 162 0
0 0 0 0 0 0 0 0 0 0 0 0 0 0 0 0
0 0 84 0 0 0 0 0 147 84 147 0 0 63 63 0
147 105 126 42 0 0 189 42 0 63 0 0 126 0 0 63
0 0 0 0 0 0 120 0 30 0 0 0 0 60 0 60
0 105 105 105 189 83 94 0 184 0 105 0 0 116 53 0
0 0 42 0 0 0 0 0 42 0 0 0 0 168 168 0
150 180 60 60 66 198 144 30 54 186 18 0 0 156 60 30
66 180 60 186 24 72 52 156 96 144 186 0 126 114 60 30
0 0 0 0 180 60 30 0 0 0 0 0 0 0 0 0
0 0 0 0 0 0 0 0 0 0 0 0 0 0 0 0
0 0 0 0 35 0 0 35 0 175 0 0 0 0 140 0
140 140 105 35 105 0 175 175 175 175 70 0 175 105 140 0
162 39 0 132 0 45 174 192 45 0 0 0 0 0 0 39
0 0 114 67 0 0 0 0 0 0 39 0 0 0 0 0
90 150 0 120 35 60 120 135 120 55 50 115 0 0 20 55
0 105 98 0 0 0 0 0 154 1 154 0 0 56 36 140
203 105 154 98 0 0 91 28 0 7 0 0 14 0 140 0
0 0 0 0 0 0 0 0 0 0 0 0 0 0 0 0
15 105 180 30 0 0 15 150 0 195 180 0 120 0 90 195
42 0 0 42 0 0 2 42 11 0 168 0 42 169 0 50
0 105 105 105 105 105 0 0 0 0 105 0 0 0 105 0
30 120 0 180 0 90 180 90 120 0 0 0 0 90 180 120
200 170 80 80 18 54 52 40 72 108 24 0 0 138 150 180
54 90 30 114 96 78 208 204 174 156 114 0 84 36 30 120
0 0 0 0 21 105 0 0 21 0 0 0 0 189 0 0
10 40 130 130 90 60 110 170 28 18 144 0 0 96 126 30
96 132 0 156 175 120 72 37 198 47 0 0 0 0 40 0
182 140 84 182 0 0 196 112 196 28 154 0 28 42 182 0
140 140 0 140 0 0 70 70 70 0 0 0 0 0 0 140
0 0 42 126 0 0 0 0 0 0 42 0 0 0 0 0
120 60 0 90 0 150 90 180 90 120 90 60 0 0 120 120
0 105 0 0 0 0 0 0 0 105 0 0 0 0 0 0
72 0 66 102 0 0 114 132 0 138 150 0 156 0 180 0
0 0 0 0 0 0 0 0 105 0 105 0 0 105 105 0
105 105 0 0 0 0 105 0 0 105 0 0 0 0 0 105
168 0 0 168 0 0 178 168 139 0 42 0 168 131 0 40
0 0 0 0 42 84 42 0 42 0 0 0 0 168 84 0
120 60 168 90 0 150 90 150 53 0 0 0 0 157 167 130
140 140 140 140 0 0 70 70 0 0 0 0 0 0 0 0
186 30 150 66 144 12 32 96 156 24 66 0 126 54 150 180
0 0 0 0 0 0 0 0 0 0 0 0 0 0 0 0
150 180 60 60 195 165 180 30 0 60 60 0 0 75 0 30
42 84 0 42 0 0 84 84 126 84 0 0 0 0 0 0
68 50 51 113 45 0 109 43 169 7 136 0 37 183 128 90
10 145 0 130 0 135 200 170 65 0 0 0 0 0 0 145
0 0 84 7 0 0 0 0 0 0 189 0 0 0 0 0
0 0 0 0 0 0 0 0 0 0 0 0 0 0 0 0
0 105 0 0 0 0 0 0 0 105 0 0 0 0 0 0
167 105 16 152 0 0 139 172 0 43 30 0 146 0 50 0
180 90 188 30 0 120 30 120 139 138 19 0 0 71 91 20
93 105 24 18 0 0 51 48 0 117 150 0 114 0 180 47
0 0 0 0 0 0 70 0 70 0 0 0 0 140 0 70
0 105 105 105 105 35 70 0 70 0 105 0 0 140 35 0
0 0 0 0 0 0 0 0 70 0 0 0 0 140 70 140
50 200 20 125 162 171 118 10 123 132 111 0 0 87 195 150
72 120 180 12 198 174 44 132 162 138 12 0 42 48 180 90
0 0 0 0 70 70 140 0 70 0 0 0 0 140 0 0
70 70 70 70 105 105 140 140 196 126 168 0 0 147 42 0
186 72 0 66 105 180 192 87 108 207 0 0 0 0 60 0
142 160 159 97 165 0 101 167 41 203 74 0 173 27 82 120
40 55 0 100 0 15 170 50 155 0 0 0 0 0 0 55
0 0 168 84 0 0 0 0 0 0 168 0 0 0 0 0
120 60 0 90 105 150 90 75 90 15 90 165 0 0 120 15
0 0 0 0 0 0 0 0 0 0 0 0 0 0 0 0
165 105 90 120 0 0 165 180 0 45 90 0 60 0 150 0
0 0 70 0 0 0 0 0 140 0 140 0 0 70 140 70
192 0 36 132 0 0 24 72 0 18 120 0 66 0 60 18
42 0 0 42 0 0 182 42 56 0 168 0 42 154 0 140
0 105 105 105 105 25 170 0 20 0 105 0 0 40 145 0
0 0 84 0 0 0 0 0 84 0 0 0 0 126 126 0
200 170 80 185 18 159 52 40 177 108 129 0 0 33 45 180
156 120 180 96 114 132 2 6 36 54 96 0 126 174 180 90
0 0 0 0 115 85 200 0 175 0 0 0 0 35 0 0
0 0 0 0 0 0 0 0 126 126 168 0 0 42 42 0
48 66 0 78 35 60 36 71 204 181 0 0 0 0 20 0
28 70 126 28 0 0 14 98 14 182 56 0 182 168 28 0
150 180 0 60 0 30 60 30 30 0 0 0 0 0 0 180
0 0 54 192 0 0 0 0 0 0 24 0 0 0 0 0
180 90 0 30 0 120 30 60 30 180 30 90 0 0 180 180
0 0 42 0 0 0 0 0 126 84 126 0 0 84 84 0
119 105 112 14 0 0 133 154 0 91 0 0 182 0 140 0
60 30 184 150 0 180 150 180 107 144 137 0 0 103 203 100
105 105 0 0 0 0 105 0 0 105 0 0 0 0 0 35
0 0 0 0 0 0 70 0 70 0 0 0 0 140 0 70
0 0 0 0 84 28 14 0 14 0 0 0 0 196 28 0
90 150 0 120 0 60 120 60 45 0 0 0 0 165 15 150
0 0 0 0 0 0 0 0 0 0 0 0 0 0 0 0
48 150 120 78 132 186 76 18 108 162 78 0 168 102 120 60
0 0 0 0 69 135 120 0 189 0 0 0 0 21 0 0
150 180 60 60 90 60 180 30 0 60 60 0 0 180 0 30
0 0 0 0 105 0 0 105 0 105 0 0 0 0 0 0
20 200 120 200 180 0 100 130 130 70 40 0 190 60 50 150
188 101 0 8 0 165 106 88 25 0 0 0 0 0 0 101
0 0 78 184 0 0 0 0 0 0 198 0 0 0 0 0
60 30 0 150 175 180 150 153 150 95 52 23 0 0 130 95
0 105 168 0 0 0 0 0 84 171 84 0 0 126 66 0
21 105 168 126 0 0 147 126 0 189 0 0 168 0 0 0
0 0 112 0 0 0 0 0 56 42 56 0 0 154 14 70
126 0 168 126 0 0 42 126 0 84 0 0 168 0 0 14
126 0 0 126 0 0 56 126 98 0 84 0 126 112 0 140
0 0 0 0 0 90 150 0 30 0 0 0 0 60 60 0
0 0 168 0 0 0 0 0 28 0 0 0 0 182 112 140
120 60 90 195 162 171 48 150 123 132 111 0 0 87 195 150
156 120 180 96 114 132 142 6 36 54 96 0 126 174 180 90
0 0 0 0 142 10 110 0 112 0 0 0 0 98 0 0
150 180 60 60 195 165 180 30 0 60 60 0 0 75 0 30
126 42 0 126 35 0 42 77 168 7 0 0 0 0 140 0
70 70 0 70 0 0 140 140 140 140 140 0 140 0 70 0
62 164 0 92 0 60 64 172 130 0 0 0 0 0 0 164
0 0 0 0 0 0 0 0 0 0 0 0 0 0 0 0
30 120 0 180 175 90 180 45 180 65 40 155 0 0 100 65
0 105 126 0 0 0 0 0 168 147 168 0 0 42 42 0
90 0 30 180 0 0 90 60 0 120 30 0 90 0 120 0
150 180 26 60 0 30 60 30 103 66 73 0 0 107 7 110
57 105 96 72 0 0 99 192 0 153 180 0 36 0 90 83
84 0 0 84 0 0 84 84 147 0 126 0 84 63 0 0
0 0 0 0 0 140 70 0 70 0 0 0 0 140 140 0
30 120 42 180 0 90 180 90 92 0 0 0 0 118 68 190
0 0 0 0 126 168 84 0 84 126 168 0 0 126 0 0
174 150 120 204 6 18 188 144 24 36 204 0 84 186 120 60
0 0 0 0 0 0 0 0 0 0 0 0 0 0 0 0
100 190 40 40 60 180 50 20 154 54 12 0 0 78 168 90
84 168 0 84 70 0 168 28 42 98 0 0 0 0 70 0
118 130 141 193 75 0 149 53 179 77 26 0 197 123 148 150
84 63 0 84 0 105 168 84 105 0 0 0 0 0 0 63
0 0 174 187 0 0 0 0 0 0 159 0 0 0 0 0
120 60 0 90 70 150 90 180 90 50 160 200 0 0 190 50
0 105 42 0 0 0 0 0 126 189 126 0 0 84 84 0
113 105 124 128 0 0 1 178 0 97 180 0 134 0 20 0
150 180 110 60 0 30 60 30 40 150 10 0 0 170 70 110
165 105 90 120 0 0 165 180 0 45 90 0 60 0 150 115
168 0 0 168 0 0 98 168 119 0 42 0 168 91 0 140
0 0 0 0 0 0 0 0 0 0 0 0 0 0 0 0
120 60 42 90 0 150 90 150 32 0 0 0 0 178 188 130
70 70 70 175 0 105 140 140 105 0 105 0 0 105 105 0
204 60 90 174 36 108 8 24 144 6 174 0 84 66 90 150
0 0 0 0 1 145 20 0 91 0 0 0 0 119 0 0
120 60 90 90 135 195 60 150 0 90 90 0 0 165 0 150
0 0 0 0 35 0 0 35 0 175 0 0 0 0 140 0
168 0 126 168 0 0 84 168 84 42 126 0 42 168 168 0
60 30 0 150 0 180 150 180 180 0 0 0 0 0 0 30
0 0 0 70 0 0 0 0 0 0 0 0 0 0 0 0
0 0 0 0 0 0 0 0 0 0 0 0 0 0 0 0
0 0 182 0 0 0 0 0 196 154 196 0 0 14 84 140
101 105 148 146 0 0 157 16 0 109 120 0 38 0 200 0
120 60 186 90 0 150 90 150 123 36 183 0 0 87 147 60
93 105 24 18 0 0 51 48 0 117 150 0 114 0 180 187
84 0 0 84 0 0 124 84 157 0 126 0 84 83 0 160
0 105 105 105 147 119 112 0 112 0 105 0 0 98 119 0
120 60 0 90 0 150 90 150 95 0 0 0 0 115 125 130
0 0 0 0 84 42 126 0 126 84 42 0 0 84 0 0
12 90 30 72 138 204 124 162 132 198 72 0 42 78 30 120
0 0 0 0 12 60 30 0 42 0 0 0 0 168 0 0
0 0 0 0 0 0 0 0 0 0 0 0 0 0 0 0
0 0 0 0 35 0 0 35 0 175 0 0 0 0 140 0
0 0 0 0 0 0 0 0 0 0 0 0 0 0 0 0
140 140 0 140 0 0 70 70 70 0 0 0 0 0 0 140
0 0 0 140 0 0 0 0 0 0 0 0 0 0 0 0
30 120 0 180 175 90 180 171 180 65 124 71 0 0 100 65
0 105 140 0 0 0 0 0 70 85 70 0 0 140 120 140
205 105 80 130 0 0 65 20 0 5 150 0 100 0 40 0
90 150 150 120 0 60 120 60 150 90 90 0 0 60 0 150
0 0 0 0 0 0 0 0 0 0 0 0 0 0 0 0
168 0 0 168 0 0 138 168 24 0 42 0 168 6 0 90
0 105 105 105 105 105 0 0 0 0 105 0 0 0 105 0
120 60 0 90 0 150 90 150 95 0 0 0 0 115 125 130
0 0 0 105 0 105 0 0 105 0 105 0 0 105 105 0
48 150 120 78 132 186 76 18 108 162 78 0 168 102 120 60
0 0 0 0 154 70 140 0 154 0 0 0 0 56 0 0
20 80 50 50 75 15 10 130 182 162 36 0 0 129 84 60
60 30 0 150 0 180 150 150 150 60 0 0 0 0 60 0
126 0 42 126 0 0 168 126 168 84 42 0 84 126 126 0
28 91 0 28 0 105 56 98 35 0 0 0 0 0 0 91
0 0 0 105 0 0 0 0 0 0 105 0 0 0 0 0
0 0 0 0 140 0 0 0 0 70 140 70 0 0 140 70
0 0 140 0 0 0 0 0 70 70 70 0 0 140 0 140
175 105 140 70 0 0 35 140 0 35 0 0 70 0 70 0
0 0 140 0 0 0 0 0 70 0 70 0 0 140 70 140
0 0 0 0 0 0 0 0 0 0 0 0 0 0 0 0
0 0 0 0 0 0 70 0 175 0 0 0 0 35 0 70
0 105 105 105 189 83 94 0 184 0 105 0 0 116 53 0
0 0 126 0 0 0 0 0 126 0 0 0 0 84 84 0
60 30 150 45 60 75 150 180 135 150 45 0 0 75 45 180
114 120 180 54 156 48 128 174 204 96 54 0 84 6 180 90
0 0 0 0 135 45 180 0 105 0 0 0 0 105 0 0
120 60 90 90 30 90 60 150 0 90 90 0 0 60 0 150
0 0 0 0 35 0 0 35 0 175 0 0 0 0 140 0
168 0 21 63 105 0 189 63 189 147 126 0 147 63 168 0
144 93 0 24 0 75 108 54 75 0 0 0 0 0 0 93
0 0 42 161 0 0 0 0 0 0 147 0 0 0 0 0
30 120 0 180 0 90 180 66 180 30 54 36 0 0 30 30
0 105 98 0 0 0 0 0 154 1 154 0 0 56 36 140
77 105 196 182 0 0 49 112 0 133 0 0 56 0 140 0
0 0 0 0 0 0 0 0 105 0 105 0 0 105 105 0
105 105 0 0 0 0 105 0 0 105 0 0 0 0 0 35
0 0 0 0 0 0 110 0 80 0 0 0 0 160 0 20
0 105 105 105 105 135 120 0 150 0 105 0 0 90 195 0
90 150 0 120 0 60 120 60 80 0 0 0 0 130 50 10
0 0 0 0 0 0 0 0 0 0 0 0 0 0 0 0
72 120 180 12 198 174 184 132 162 138 12 0 42 48 180 90
0 0 0 0 60 90 150 0 0 0 0 0 0 0 0 0
0 0 0 0 0 0 0 0 0 0 0 0 0 0 0 0
96 132 0 156 175 120 72 37 198 47 0 0 0 0 40 0
84 0 168 84 0 0 42 84 42 126 168 0 126 84 84 0
60 135 0 150 0 75 150 180 75 0 0 0 0 0 0 135
0 0 0 0 0 0 0 0 0 0 0 0 0 0 0 0
0 0 0 0 35 0 0 105 0 175 140 175 0 0 140 175
0 0 56 0 0 0 0 0 28 112 28 0 0 182 42 140
168 0 84 168 0 0 126 168 0 42 0 0 84 0 0 0
30 120 36 180 0 90 180 90 183 156 93 0 0 27 147 120
0 0 0 0 0 0 0 0 0 0 0 0 0 0 0 70
0 0 0 0 0 0 70 0 175 0 0 0 0 35 0 70
0 105 105 105 105 135 120 0 150 0 105 0 0 90 195 0
120 60 168 90 0 150 90 150 53 0 0 0 0 157 167 130
20 80 50 50 48 144 22 130 192 78 204 0 0 18 120 60
174 150 120 204 6 18 188 144 24 36 204 0 84 186 120 60
0 0 0 0 0 0 0 0 0 0 0 0 0 0 0 0
70 70 70 70 0 0 140 140 154 84 42 0 0 168 168 0
84 168 0 84 0 0 168 168 42 168 0 0 0 0 0 0
168 0 21 63 105 0 189 63 189 147 126 0 147 63 168 0
120 165 0 90 0 45 90 150 45 0 0 0 0 0 0 165
0 0 0 140 0 0 0 0 0 0 0 0 0 0 0 0
120 60 0 90 105 150 90 33 90 15 132 123 0 0 120 15
0 105 182 0 0 0 0 0 196 49 196 0 0 14 84 140
0 0 0 0 0 0 0 0 0 0 0 0 0 0 0 0
180 90 188 30 0 120 30 120 34 138 124 0 0 176 196 20
21 105 168 126 0 0 147 126 0 189 0 0 168 0 0 119
0 0 0 0 0 0 140 0 35 0 0 0 0 175 0 140
0 0 0 0 0 0 0 0 0 0 0 0 0 0 0 0
0 0 0 0 0 0 0 0 0 0 0 0 0 0 0 0
0 0 0 105 0 105 0 0 105 0 105 0 0 105 105 0
198 120 180 138 72 6 16 48 78 12 138 0 168 132 180 90
0 0 0 0 75 165 30 0 105 0 0 0 0 105 0 0
0 0 0 0 0 0 0 0 168 168 84 0 0 126 126 0
42 84 0 42 0 0 84 84 126 84 0 0 0 0 0 0
142 160 159 97 165 0 101 167 41 203 74 0 173 27 82 120
0 0 0 0 0 0 0 0 0 0 0 0 0 0 0 0
0 0 192 111 0 0 0 0 0 0 27 0 0 0 0 0
0 0 0 0 105 0 0 105 0 105 0 105 0 0 0 105
0 0 98 0 0 0 0 0 154 76 154 0 0 56 6 140
140 0 70 140 0 0 70 70 0 70 0 0 140 0 140 0
30 120 134 180 0 90 180 90 22 114 142 0 0 188 28 50
189 105 42 84 0 0 63 84 0 21 0 0 42 0 0 91
0 0 0 0 0 0 0 0 105 0 0 0 0 105 0 0
0 0 0 0 42 84 42 0 42 0 0 0 0 168 84 0
60 30 0 150 0 180 150 180 205 0 0 0 0 5 115 170
200 170 80 185 18 159 52 40 177 108 129 0 0 33 45 180
0 0 0 0 0 0 0 0 0 0 0 0 0 0 0 0
0 0 0 0 115 85 200 0 175 0 0 0 0 35 0 0
140 140 140 140 105 105 70 70 182 42 126 0 0 189 84 0
150 180 0 60 0 30 60 60 60 150 0 0 0 0 150 0
146 200 57 11 75 0 163 151 193 49 82 0 169 81 176 150
14 98 0 14 0 0 28 154 70 0 0 0 0 0 0 98
0 0 30 165 0 0 0 0 0 0 165 0 0 0 0 0
0 0 0 0 70 0 0 0 0 140 70 140 0 0 70 140
0 105 140 0 0 0 0 0 70 175 70 0 0 140 0 140
40 0 200 10 0 0 110 50 0 170 60 0 40 0 100 0
60 30 184 150 0 180 150 180 107 144 137 0 0 103 203 100
63 105 84 168 0 0 21 168 0 147 0 0 84 0 0 7
0 0 0 0 0 0 30 0 60 0 0 0 0 120 0 120
0 105 105 105 63 191 148 0 178 0 105 0 0 62 41 0
30 120 42 180 0 90 180 90 57 0 0 0 0 153 33 120
130 100 10 115 102 201 38 110 93 192 171 0 0 117 45 180
198 120 180 138 72 6 16 48 78 12 138 0 168 132 180 90
0 0 0 0 0 0 0 0 0 0 0 0 0 0 0 0
0 0 0 0 105 105 0 0 0 0 0 0 0 105 0 0
30 120 0 180 175 90 180 145 180 65 0 0 0 0 100 0
10 100 165 205 195 0 155 65 65 35 20 0 95 135 130 180
188 101 0 8 0 165 106 88 25 0 0 0 0 0 0 101
0 0 174 12 0 0 0 0 0 0 54 0 0 0 0 0
0 0 0 0 0 0 0 0 0 0 0 0 0 0 0 0
0 0 0 0 0 0 0 0 0 30 0 0 0 0 30 0
42 0 126 42 0 0 84 42 0 168 0 0 126 0 0 0
0 0 0 0 0 0 0 0 105 0 105 0 0 105 105 0
180 0 60 150 0 0 180 120 0 30 60 0 180 0 30 30
126 0 0 126 0 0 156 126 123 0 84 0 126 57 0 120
0 0 0 0 42 114 162 0 192 0 0 0 0 48 174 0
0 0 0 0 0 0 0 0 140 0 0 0 0 70 140 70
180 90 30 30 138 204 72 120 132 198 114 0 0 78 30 120
108 180 60 18 192 156 136 198 138 102 18 0 168 72 60 30
0 0 0 0 70 70 140 0 70 0 0 0 0 140 0 0
180 90 30 30 45 135 90 120 0 30 30 0 0 195 0 120
42 84 0 42 0 0 84 84 126 84 0 0 0 0 0 0
114 90 138 174 60 0 192 174 132 126 18 0 96 174 54 120
48 66 0 78 0 60 36 18 60 0 0 0 0 0 0 66
0 0 168 189 0 0 0 0 0 0 63 0 0 0 0 0
120 60 0 90 35 150 90 159 90 85 146 109 0 0 50 85
0 105 84 0 0 0 0 0 42 63 42 0 0 168 168 0
14 0 112 14 0 0 28 154 0 196 0 0 182 0 140 0
60 30 30 150 0 180 150 180 30 60 60 0 0 180 0 30
57 105 96 72 0 0 99 192 0 153 180 0 36 0 90 83
0 0 0 0 0 0 90 0 180 0 0 0 0 150 0 150
0 0 0 0 84 78 144 0 54 0 0 0 0 66 108 0
0 0 0 0 0 0 0 0 0 0 0 0 0 0 0 0
70 70 70 175 168 189 182 140 147 168 189 0 0 63 105 0
12 90 30 72 138 204 124 162 132 198 72 0 42 78 30 120
0 0 0 0 59 155 130 0 119 0 0 0 0 91 0 0
0 0 0 0 105 105 0 0 84 84 42 0 0 63 168 0
126 42 0 126 70 0 42 112 168 182 0 0 0 0 70 0
56 140 147 161 105 0 133 91 133 49 112 0 49 21 56 0
20 80 0 50 0 60 190 130 130 0 0 0 0 0 0 80
0 0 174 187 0 0 0 0 0 0 159 0 0 0 0 0
0 0 0 0 35 0 0 105 0 175 140 175 0 0 140 175
0 0 0 0 0 0 0 0 0 180 0 0 0 0 180 0
189 105 42 84 0 0 63 84 0 21 0 0 42 0 0 0
0 0 70 0 0 0 0 0 35 0 35 0 0 175 35 70
15 105 180 30 0 0 15 150 0 195 180 0 120 0 90 195
0 0 0 0 0 0 100 0 130 0 0 0 0 50 0 190
0 0 0 0 168 156 78 0 108 0 0 0 0 132 6 0
0 0 126 0 0 0 0 0 161 0 0 0 0 49 119 70
0 0 0 0 0 0 0 0 0 0 0 0 0 0 0 0
138 90 30 198 12 36 26 78 48 72 198 0 168 162 30 120
0 0 0 0 1 145 20 0 91 0 0 0 0 119 0 0
0 0 0 0 105 105 0 0 0 0 0 0 0 105 0 0
0 0 0 0 140 0 0 140 0 70 0 0 0 0 140 0
0 0 0 0 0 0 0 0 0 0 0 0 0 0 0 0
0 0 0 0 0 0 0 0 0 0 0 0 0 0 0 0
0 0 0 0 0 0 0 0 0 0 0 0 0 0 0 0
0 0 0 0 0 0 0 42 0 0 168 42 0 0 0 0
0 105 98 0 0 0 0 0 154 181 154 0 0 56 6 140
105 105 0 0 0 0 105 0 0 105 0 0 0 0 0 0
0 0 70 0 0 0 0 0 35 0 35 0 0 175 35 70
189 105 42 84 0 0 63 84 0 21 0 0 42 0 0 21
84 0 0 84 0 0 124 84 157 0 126 0 84 83 0 160
0 105 105 105 105 35 70 0 70 0 105 0 0 140 35 0
0 0 126 0 0 0 0 0 126 0 0 0 0 84 84 0
170 50 110 5 30 195 40 160 15 180 75 0 0 195 75 90
108 180 60 18 192 156 206 198 138 102 18 0 168 72 60 30
0 0 0 0 180 60 30 0 0 0 0 0 0 0 0 0
190 130 160 160 30 90 200 80 70 90 90 0 0 60 0 150
96 132 0 156 140 120 72 2 198 82 0 0 0 0 110 0
52 100 144 142 90 0 176 2 86 98 104 0 158 72 172 180
0 0 0 0 0 0 0 0 0 0 0 0 0 0 0 0
0 0 0 35 0 0 0 0 0 0 105 0 0 0 0 0
30 120 0 180 175 90 180 171 180 65 124 71 0 0 100 65
0 0 182 0 0 0 0 0 196 154 196 0 0 14 84 140
147 105 126 42 0 0 189 42 0 63 0 0 126 0 0 0
0 0 126 0 0 0 0 0 63 126 63 0 0 147 147 0
0 0 0 0 0 0 0 0 0 0 0 0 0 0 0 140
0 0 0 0 0 0 0 0 0 0 0 0 0 0 0 0
0 0 0 0 84 208 104 0 74 0 0 0 0 106 148 0
0 0 0 0 0 0 0 0 35 0 0 0 0 175 35 70
70 70 70 175 126 63 14 140 189 126 63 0 0 21 105 0
24 180 60 144 66 198 178 114 54 186 144 0 84 156 60 30
0 0 0 0 112 70 140 0 112 0 0 0 0 98 0 0
20 80 50 50 75 15 10 130 182 162 36 0 0 129 84 60
84 168 0 84 105 0 168 63 42 63 0 0 0 0 0 0
124 190 198 64 150 0 32 134 92 56 38 0 86 204 184 90
192 159 0 102 0 135 144 72 135 0 0 0 0 0 0 159
0 0 54 87 0 0 0 0 0 0 129 0 0 0 0 0
0 0 0 0 70 0 0 168 0 140 112 98 0 0 70 140
0 105 168 0 0 0 0 0 84 21 84 0 0 126 126 0
181 105 128 166 0 0 167 116 0 29 30 0 118 0 190 0
0 0 0 0 0 0 0 0 105 0 105 0 0 105 105 0
48 0 114 138 0 0 6 18 0 162 30 0 174 0 120 92
168 0 0 168 0 0 98 168 14 0 42 0 168 196 0 140
0 105 105 105 189 83 94 0 184 0 105 0 0 116 53 0
0 0 42 0 0 0 0 0 7 0 0 0 0 203 133 140
0 0 0 0 0 0 0 0 0 0 0 0 0 0 0 0
96 90 30 156 54 162 152 36 6 114 156 0 126 204 30 120
0 0 0 0 98 140 70 0 98 0 0 0 0 112 0 0
140 140 140 140 105 105 70 70 98 168 84 0 0 21 126 0
0 0 0 0 0 0 0 0 0 0 0 0 0 0 0 0
70 70 0 70 0 0 140 140 140 140 140 0 140 0 70 0
150 180 0 60 0 30 60 30 30 0 0 0 0 0 0 180
0 0 0 175 0 0 0 0 0 0 105 0 0 0 0 0
0 0 0 0 105 0 0 21 0 105 84 21 0 0 0 105
0 105 98 0 0 0 0 0 154 1 154 0 0 56 36 140
0 0 0 0 0 0 0 0 0 0 0 0 0 0 0 0
0 0 84 0 0 0 0 0 42 84 42 0 0 168 168 0
177 105 66 102 0 0 9 132 0 33 150 0 156 0 180 173
84 0 0 84 0 0 44 84 137 0 126 0 84 43 0 50
0 105 105 105 21 7 56 0 56 0 105 0 0 154 7 0
0 0 0 0 0 0 0 0 70 0 0 0 0 140 70 140
70 70 70 175 168 189 182 140 147 168 189 0 0 63 105 0
138 90 30 198 12 36 166 78 48 72 198 0 168 162 30 120
0 0 0 0 97 205 50 0 7 0 0 0 0 203 0 0
0 0 0 0 0 0 0 0 168 168 84 0 0 126 126 0
96 132 0 156 175 120 72 37 198 47 0 0 0 0 40 0
84 0 63 189 105 0 147 189 147 21 168 0 21 189 84 0
170 155 0 110 0 195 40 160 55 0 0 0 0 0 0 155
0 0 0 105 0 0 0 0 0 0 105 0 0 0 0 0
0 0 0 0 140 0 0 42 0 70 98 112 0 0 140 70
0 105 126 0 0 0 0 0 168 147 168 0 0 42 42 0
10 0 50 160 0 0 80 170 0 200 120 0 10 0 130 0
0 0 0 0 0 0 0 0 0 0 0 0 0 0 0 0
117 105 186 192 0 0 159 162 0 93 60 0 96 0 30 163
168 0 0 168 0 0 168 168 189 0 42 0 168 21 0 0
0 0 0 0 84 208 104 0 74 0 0 0 0 106 148 0
120 60 168 90 0 150 90 150 53 0 0 0 0 157 167 130
0 0 0 105 168 189 42 0 147 168 189 0 0 63 105 0
156 120 180 96 114 132 2 6 36 54 96 0 126 174 180 90
0 0 0 0 14 140 70 0 14 0 0 0 0 196 0 0
90 150 120 120 75 15 150 60 84 204 162 0 0 3 168 60
0 0 0 0 35 0 0 35 0 175 0 0 0 0 140 0
160 130 120 130 180 0 170 200 200 140 110 0 50 60 190 150
176 32 0 146 0 150 202 136 10 0 0 0 0 0 0 32
0 0 120 135 0 0 0 0 0 0 135 0 0 0 0 0
120 60 0 90 105 150 90 75 90 15 90 165 0 0 120 15
0 0 112 0 0 0 0 0 56 104 56 0 0 154 174 70
167 105 16 152 0 0 139 172 0 43 30 0 146 0 50 0
120 60 200 90 0 150 90 150 130 120 190 0 0 80 70 200
84 0 42 84 0 0 168 84 0 126 0 0 42 0 0 126
84 0 0 84 0 0 74 84 197 0 126 0 84 163 0 170
0 0 0 0 0 90 150 0 30 0 0 0 0 60 60 0
180 90 168 30 0 120 30 120 83 0 0 0 0 127 107 160
0 0 0 0 126 168 84 0 84 126 168 0 0 126 0 0
6 150 120 36 174 102 62 186 66 204 36 0 126 144 120 60
0 0 0 0 0 0 0 0 0 0 0 0 0 0 0 0
190 130 160 160 30 90 200 80 70 90 90 0 0 60 0 150
180 90 0 30 0 120 30 30 30 180 0 0 0 0 180 0
142 160 159 97 165 0 101 167 41 203 74 0 173 27 82 120
0 0 0 0 0 0 0 0 0 0 0 0 0 0 0 0
0 0 144 162 0 0 0 0 0 0 204 0 0 0 0 0
90 150 0 120 105 60 120 135 120 195 120 45 0 0 90 195
0 105 154 0 0 0 0 0 182 203 182 0 0 28 168 70
115 105 50 160 0 0 185 170 0 95 120 0 10 0 130 0
0 0 42 0 0 0 0 0 21 42 21 0 0 189 189 0
105 105 0 0 0 0 105 0 0 105 0 0 0 0 0 175
0 0 0 0 0 0 0 0 105 0 0 0 0 105 0 0
0 0 0 0 168 116 58 0 118 0 0 0 0 152 26 0
0 0 0 0 0 0 0 0 105 0 0 0 0 105 105 0
200 170 80 185 18 159 52 40 177 108 129 0 0 33 45 180
66 180 60 186 24 72 122 156 96 144 186 0 126 114 60 30
0 0 0 0 175 175 140 0 175 0 0 0 0 35 0 0
190 130 160 160 30 90 200 80 70 90 90 0 0 60 0 150
42 84 0 42 35 0 84 119 126 49 0 0 0 0 140 0
70 70 105 175 105 0 35 35 35 35 140 0 35 105 70 0
70 175 0 70 0 105 140 140 35 0 0 0 0 0 0 175
0 0 0 105 0 0 0 0 0 0 105 0 0 0 0 0
0 0 0 0 105 0 0 105 0 105 0 105 0 0 0 105
0 0 0 0 0 0 0 0 0 0 0 0 0 0 0 0
42 0 126 42 0 0 84 42 0 168 0 0 126 0 0 0
60 30 184 150 0 180 150 180 107 144 137 0 0 103 203 100
105 105 0 0 0 0 105 0 0 105 0 0 0 0 0 175
0 0 0 0 0 0 60 0 15 0 0 0 0 135 0 30
0 0 0 0 42 84 42 0 42 0 0 0 0 168 84 0
60 30 42 150 0 180 150 180 72 0 0 0 0 138 108 30
90 150 120 15 90 165 120 60 45 120 15 0 0 165 15 60
18 30 150 108 102 96 116 138 198 192 108 0 168 12 150 180
0 0 0 0 126 0 0 0 126 0 0 0 0 84 0 0
110 20 170 170 150 30 160 190 140 30 30 0 0 90 0 120
114 78 0 54 0 90 138 138 12 198 0 0 0 0 30 0
108 30 186 198 90 0 204 198 114 42 6 0 102 198 18 180
188 101 0 8 0 165 106 88 25 0 0 0 0 0 0 101
0 0 0 105 0 0 0 0 0 0 105 0 0 0 0 0
0 0 0 0 35 0 0 189 0 175 56 49 0 0 140 175
0 0 42 0 0 0 0 0 126 204 126 0 0 84 204 0
138 0 144 108 0 0 96 78 0 72 60 0 54 0 30 0
0 0 0 0 0 0 0 0 105 0 105 0 0 105 105 0
105 105 0 0 0 0 105 0 0 105 0 0 0 0 0 175
0 0 0 0 0 0 40 0 115 0 0 0 0 125 0 160
0 105 105 105 105 25 170 0 20 0 105 0 0 40 145 0
0 0 42 0 0 0 0 0 77 0 0 0 0 133 203 70
0 0 0 0 0 0 0 0 0 0 0 0 0 0 0 0
186 30 150 66 144 12 172 96 156 24 66 0 126 54 150 180
0 0 0 0 78 180 90 0 168 0 0 0 0 42 0 0
140 140 140 140 0 0 70 70 182 42 126 0 0 84 84 0
0 0 0 0 105 0 0 105 0 105 0 0 0 0 0 0
186 180 192 96 120 0 48 96 138 84 162 0 24 96 66 30
0 105 0 0 0 105 0 0 105 0 0 0 0 0 0 105
0 0 0 175 0 0 0 0 0 0 105 0 0 0 0 0
0 0 0 0 105 0 0 105 0 105 0 105 0 0 0 105
0 0 196 0 0 0 0 0 98 182 98 0 0 112 42 70
120 0 180 30 0 0 120 150 0 90 180 0 120 0 90 0
60 30 30 150 0 180 150 180 30 60 60 0 0 180 0 30
57 105 96 72 0 0 99 192 0 153 180 0 36 0 90 83
126 0 0 126 0 0 6 126 33 0 84 0 126 87 0 150
0 0 0 0 0 0 0 0 0 0 0 0 0 0 0 0
0 0 84 0 0 0 0 0 49 0 0 0 0 161 91 140
140 140 140 140 0 0 70 70 0 0 0 0 0 0 0 0
18 30 150 108 102 96 46 138 198 192 108 0 168 12 150 180
0 0 0 0 91 175 140 0 91 0 0 0 0 119 0 0
140 140 140 140 0 0 70 70 140 0 0 0 0 0 0 0
174 108 0 204 175 60 78 43 162 83 0 0 0 0 160 0
30 90 180 90 60 0 150 90 90 0 60 0 180 90 180 120
56 182 0 56 0 0 112 196 70 0 0 0 0 0 0 182
0 0 0 0 0 0 0 0 0 0 0 0 0 0 0 0
0 0 0 0 140 0 0 0 0 70 140 70 0 0 140 70
0 105 70 0 0 0 0 0 140 35 140 0 0 70 0 70
165 105 90 120 0 0 165 180 0 45 90 0 60 0 150 0
0 0 14 0 0 0 0 0 7 84 7 0 0 203 133 140
195 105 30 180 0 0 195 60 0 15 30 0 90 0 120 15
0 0 0 0 0 0 10 0 55 0 0 0 0 5 0 40
0 105 105 105 147 49 182 0 182 0 105 0 0 28 49 0
0 0 0 0 0 0 0 0 105 0 0 0 0 105 105 0
10 40 130 130 192 156 158 170 138 102 186 0 0 72 60 30
144 30 150 24 186 138 158 54 114 66 24 0 84 96 150 180
0 0 0 0 1 145 20 0 91 0 0 0 0 119 0 0
0 0 0 0 105 105 0 0 126 126 168 0 0 147 42 0
0 0 0 0 175 0 0 175 0 35 0 0 0 0 70 0
148 10 6 178 30 0 194 38 164 182 86 0 62 108 118 60
0 105 0 0 0 105 0 0 105 0 0 0 0 0 0 105
0 0 0 140 0 0 0 0 0 0 0 0 0 0 0 0
0 0 0 0 105 0 0 105 0 105 0 105 0 0 0 105
0 0 196 0 0 0 0 0 98 32 98 0 0 112 102 70
115 105 50 160 0 0 185 170 0 95 120 0 10 0 130 0
0 0 42 0 0 0 0 0 21 42 21 0 0 189 189 0
0 0 0 0 0 0 0 0 0 0 0 0 0 0 0 140
84 0 0 84 0 0 124 84 157 0 126 0 84 83 0 160
0 0 0 0 0 0 0 0 0 0 0 0 0 0 0 0
150 180 0 60 0 30 60 30 75 0 0 0 0 135 165 180
0 0 0 105 84 147 126 0 21 84 147 0 0 189 105 0
186 30 150 66 144 12 172 96 156 24 66 0 126 54 150 180
0 0 0 0 174 30 120 0 84 0 0 0 0 126 0 0
130 100 10 10 15 45 170 110 70 150 150 0 0 135 0 180
0 0 0 0 0 0 0 0 0 0 0 0 0 0 0 0
168 0 126 168 0 0 84 168 84 42 126 0 42 168 168 0
50 200 0 20 0 150 160 10 10 0 0 0 0 0 0 200
0 0 84 112 0 0 0 0 0 0 84 0 0 0 0 0
30 120 0 180 175 90 180 171 180 65 124 71 0 0 100 65
0 105 140 0 0 0 0 0 70 205 70 0 0 140 30 140
134 0 82 44 0 0 148 94 0 76 180 0 92 0 20 0
90 150 150 120 0 60 120 60 45 90 195 0 0 165 105 150
159 105 102 24 0 0 33 204 0 51 60 0 12 0 30 51
168 0 0 168 0 0 168 168 189 0 42 0 168 21 0 0
0 0 0 0 84 78 144 0 54 0 0 0 0 66 108 0
120 60 0 90 0 150 90 150 165 0 0 0 0 45 195 60
70 70 70 175 0 105 140 140 105 0 105 0 0 105 105 0
6 150 120 36 174 102 62 186 66 204 36 0 126 144 120 60
0 0 0 0 200 20 10 0 140 0 0 0 0 70 0 0
20 80 50 50 75 15 10 130 182 162 36 0 0 129 84 60
126 42 0 126 175 0 42 7 168 77 0 0 0 0 70 0
0 0 0 0 0 0 0 0 0 0 0 0 0 0 0 0
4 163 0 94 0 75 38 194 5 0 0 0 0 0 0 163
0 0 0 105 0 0 0 0 0 0 105 0 0 0 0 0
0 0 0 0 105 0 0 63 0 105 42 63 0 0 0 105
0 105 126 0 0 0 0 0 168 147 168 0 0 42 42 0
105 105 0 0 0 0 105 0 0 105 0 0 0 0 0 0
150 180 180 60 0 30 60 30 180 150 150 0 0 30 0 180
0 0 0 0 0 0 0 0 0 0 0 0 0 0 0 70
0 0 0 0 0 0 0 0 0 0 0 0 0 0 0 0
0 105 105 105 189 83 94 0 184 0 105 0 0 116 53 0
0 0 168 0 0 0 0 0 63 0 0 0 0 147 147 0
150 180 60 60 150 30 60 30 180 60 60 0 0 30 60 30
204 60 90 174 36 108 148 24 144 6 174 0 84 66 90 150
0 0 0 0 50 110 160 0 140 0 0 0 0 70 0 0
70 70 70 70 105 105 140 140 70 0 0 0 0 105 0 0
66 12 0 186 105 30 102 207 18 87 0 0 0 0 150 0
106 10 27 31 135 0 173 101 143 119 2 0 209 171 76 60
128 176 0 68 0 90 166 118 160 0 0 0 0 0 0 176
0 0 60 50 0 0 0 0 0 0 120 0 0 0 0 0
0 0 0 0 35 0 0 63 0 175 182 133 0 0 140 175
0 105 98 0 0 0 0 0 154 1 154 0 0 56 36 140
65 105 10 200 0 0 205 160 0 145 150 0 170 0 110 0
180 90 76 30 0 120 30 120 83 96 173 0 0 127 77 160
0 0 0 0 0 0 0 0 0 0 0 0 0 0 0 0
42 0 0 42 0 0 72 42 186 0 168 0 42 204 0 120
0 105 105 105 105 45 180 0 120 0 105 0 0 30 135 0
120 60 84 90 0 150 90 150 39 0 0 0 0 171 111 60
100 190 40 145 198 69 152 20 57 138 159 0 0 153 75 90
114 120 180 54 156 48 58 174 204 96 54 0 84 6 180 90
0 0 0 0 147 105 0 0 147 0 0 0 0 63 0 0
40 160 100 100 150 30 20 50 154 114 72 0 0 48 168 120
96 132 0 156 175 120 72 37 198 47 0 0 0 0 40 0
20 200 120 200 180 0 100 130 130 70 40 0 190 60 50 150
142 169 0 82 0 195 194 62 125 0 0 0 0 0 0 169
0 0 84 77 0 0 0 0 0 0 189 0 0 0 0 0
60 30 0 150 35 180 150 195 150 25 80 205 0 0 200 25
0 105 0 0 0 0 0 0 0 45 0 0 0 0 150 0
135 105 150 60 0 0 135 90 0 75 150 0 30 0 180 0
0 0 98 0 0 0 0 0 154 168 154 0 0 56 196 140
0 0 0 0 0 0 0 0 0 0 0 0 0 0 0 0
126 0 0 126 0 0 196 126 28 0 84 0 126 182 0 70
0 0 0 0 168 36 18 0 138 0 0 0 0 192 66 0
120 60 168 90 0 150 90 150 53 0 0 0 0 157 167 130
0 0 0 105 0 105 0 0 105 0 105 0 0 105 105 0
108 180 60 18 192 156 206 198 138 102 18 0 168 72 60 30
0 0 0 0 30 150 180 0 0 0 0 0 0 0 0 0
0 0 0 0 0 0 0 0 0 0 0 0 0 0 0 0
18 156 0 108 105 180 66 171 24 81 0 0 0 0 60 0
90 60 15 165 75 0 135 165 165 105 180 0 15 165 120 150
28 196 0 28 0 0 56 98 140 0 0 0 0 0 0 196
0 0 72 151 0 0 0 0 0 0 207 0 0 0 0 0
0 0 0 0 175 0 0 105 0 35 70 35 0 0 70 35
0 105 42 0 0 0 0 0 126 9 126 0 0 84 114 0
167 105 16 152 0 0 139 172 0 43 30 0 146 0 50 0
0 0 0 0 0 0 0 0 105 0 105 0 0 105 105 0
198 0 24 18 0 0 156 48 0 12 150 0 114 0 180 12
84 0 0 84 0 0 84 84 147 0 126 0 84 63 0 0
0 0 0 0 168 196 98 0 98 0 0 0 0 112 196 0
0 0 168 0 0 0 0 0 203 0 0 0 0 7 77 70
100 190 40 145 30 195 110 20 15 180 75 0 0 195 75 90
132 150 120 162 48 144 104 102 192 78 162 0 42 18 120 60
0 0 0 0 99 75 90 0 189 0 0 0 0 21 0 0
140 140 140 140 105 105 70 70 140 0 0 0 0 105 0 0
90 150 0 120 70 60 120 190 120 20 0 0 0 0 160 0
142 160 159 97 165 0 101 167 41 203 74 0 173 27 82 120
90 45 0 120 0 165 120 60 165 0 0 0 0 0 0 45
0 0 0 0 0 0 0 0 0 0 0 0 0 0 0 0
0 0 0 0 140 0 0 0 0 70 140 70 0 0 140 70
0 0 0 0 0 0 0 0 0 0 0 0 0 0 0 0
0 0 0 0 0 0 0 0 0 0 0 0 0 0 0 0
90 150 192 120 0 60 120 60 171 132 111 0 0 39 189 150
6 0 198 96 0 0 132 186 0 204 30 0 48 0 120 134
0 0 0 0 0 0 190 0 205 0 0 0 0 95 0 130
0 0 0 0 126 42 126 0 126 0 0 0 0 84 42 0
0 0 0 0 0 0 0 0 0 0 0 0 0 0 0 0
200 170 80 185 18 159 52 40 177 108 129 0 0 33 45 180
36 60 90 6 204 192 92 66 186 174 6 0 126 24 90 150
0 0 0 0 60 90 150 0 0 0 0 0 0 0 0 0
0 0 0 0 105 105 0 0 0 0 0 0 0 105 0 0
150 180 0 60 105 30 60 165 60 45 0 0 0 0 150 0
134 80 153 59 135 0 187 199 157 91 58 0 181 129 104 60
106 172 0 76 0 150 62 206 80 0 0 0 0 0 0 172
0 0 144 162 0 0 0 0 0 0 204 0 0 0 0 0
90 150 0 120 35 60 120 51 120 55 134 31 0 0 20 55
0 105 126 0 0 0 0 0 168 147 168 0 0 42 42 0
119 105 112 14 0 0 133 154 0 91 0 0 182 0 140 0
60 30 184 150 0 180 150 180 107 144 137 0 0 103 203 100
0 0 0 0 0 0 0 0 0 0 0 0 0 0 0 70
0 0 0 0 0 0 50 0 65 0 0 0 0 25 0 200
0 0 0 0 0 70 140 0 140 0 0 0 0 70 70 0
0 0 84 0 0 0 0 0 189 0 0 0 0 21 21 0
80 110 200 95 150 135 130 100 75 60 165 0 0 135 165 30
0 0 0 0 0 0 0 0 0 0 0 0 0 0 0 0
0 0 0 0 102 90 150 0 42 0 0 0 0 168 0 0
150 180 60 60 195 165 180 30 126 186 18 0 0 117 42 30
84 168 0 84 0 0 168 168 42 168 0 0 0 0 0 0
100 160 75 55 165 0 185 125 125 35 200 0 5 195 40 120
188 101 0 8 0 165 106 88 25 0 0 0 0 0 0 101
0 0 54 87 0 0 0 0 0 0 129 0 0 0 0 0
180 90 0 30 35 120 30 207 30 145 128 97 0 0 110 145
0 105 196 0 0 0 0 0 98 77 98 0 0 112 42 70
161 105 28 56 0 0 7 196 0 49 0 0 98 0 140 0
60 30 100 150 0 180 150 180 65 60 95 0 0 145 35 100
42 0 126 42 0 0 84 42 0 168 0 0 126 0 0 168
0 0 0 0 0 0 0 0 0 0 0 0 0 0 0 0
0 105 105 105 105 165 30 0 90 0 105 0 0 180 75 0
180 90 0 30 0 120 30 120 160 0 0 0 0 50 100 20
0 0 0 105 0 105 0 0 105 0 105 0 0 105 105 0
48 150 120 78 132 186 76 18 108 162 78 0 168 102 120 60
0 0 0 0 209 65 190 0 119 0 0 0 0 91 0 0
70 70 70 70 0 0 140 140 154 84 42 0 0 168 168 0
0 0 0 0 35 0 0 35 0 175 0 0 0 0 140 0
84 0 168 84 0 0 42 84 42 126 168 0 126 84 84 0
80 110 0 200 0 30 130 100 100 0 0 0 0 0 0 110
0 0 24 62 0 0 0 0 0 0 174 0 0 0 0 0
0 0 0 0 0 0 0 0 0 0 0 0 0 0 0 0
0 0 56 0 0 0 0 0 28 112 28 0 0 182 42 140
111 105 198 96 0 0 27 186 0 99 30 0 48 0 120 0
30 120 120 180 0 90 180 90 15 30 135 0 0 195 105 120
57 105 96 72 0 0 99 192 0 153 180 0 36 0 90 83
0 0 0 0 0 0 190 0 100 0 0 0 0 200 0 130
0 0 0 0 42 84 42 0 42 0 0 0 0 168 84 0
0 0 168 0 0 0 0 0 168 0 0 0 0 42 42 0
70 70 70 70 42 126 98 140 168 42 126 0 0 42 0 0
12 90 30 72 138 204 124 162 132 198 72 0 42 78 30 120
0 0 0 0 91 175 140 0 91 0 0 0 0 119 0 0
70 70 70 70 105 105 140 140 196 126 168 0 0 147 42 0
186 72 0 66 0 180 192 192 108 102 0 0 0 0 60 0
198 90 201 153 165 0 129 153 69 147 186 0 117 153 138 120
168 21 0 168 0 105 126 168 105 0 0 0 0 0 0 21
0 0 174 187 0 0 0 0 0 0 159 0 0 0 0 0
0 0 0 0 175 0 0 105 0 35 70 35 0 0 70 35
0 0 0 0 0 0 0 0 0 180 0 0 0 0 180 0
23 105 94 158 0 0 121 118 0 187 150 0 44 0 110 0
150 180 180 60 0 30 60 30 180 150 150 0 0 30 0 180
147 105 126 42 0 0 189 42 0 63 0 0 126 0 0 133
168 0 0 168 0 0 178 168 34 0 42 0 168 26 0 40
0 0 0 0 84 68 34 0 4 0 0 0 0 176 8 0
0 0 0 0 0 0 0 0 0 0 0 0 0 0 0 0
160 10 190 190 90 60 50 200 150 120 120 0 0 60 120 60
96 90 30 156 54 162 82 36 6 114 156 0 126 204 30 120
0 0 0 0 1 145 20 0 91 0 0 0 0 119 0 0
60 30 150 150 120 150 30 180 126 66 108 0 0 72 42 180
84 168 0 84 175 0 168 133 42 203 0 0 0 0 70 0
200 110 45 5 15 0 55 145 145 175 190 0 115 75 80 30
70 175 0 70 0 105 140 140 35 0 0 0 0 0 0 175
0 0 0 175 0 0 0 0 0 0 105 0 0 0 0 0
0 0 0 0 0 0 0 0 0 0 0 0 0 0 0 0
0 0 182 0 0 0 0 0 196 154 196 0 0 14 84 140
37 105 206 172 0 0 149 62 0 173 150 0 16 0 40 0
150 180 54 60 0 30 60 30 12 24 192 0 0 198 168 180
63 105 84 168 0 0 21 168 0 147 0 0 84 0 0 7
84 0 0 84 0 0 124 84 157 0 126 0 84 83 0 160
0 0 0 0 0 140 70 0 70 0 0 0 0 140 140 0
0 0 0 0 0 0 0 0 175 0 0 0 0 35 175 140
90 150 120 120 90 60 120 60 150 120 120 0 0 60 120 60
6 150 120 36 174 102 202 186 66 204 36 0 126 144 120 60
0 0 0 0 40 130 170 0 70 0 0 0 0 140 0 0
0 0 0 0 0 0 0 0 0 0 0 0 0 0 0 0
150 180 0 60 35 30 60 95 60 115 0 0 0 0 80 0
0 0 105 105 105 0 105 105 105 105 0 0 105 105 0 0
0 0 0 0 0 0 0 0 0 0 0 0 0 0 0 0
0 0 0 70 0 0 0 0 0 0 0 0 0 0 0 0
30 120 0 180 175 90 180 171 180 65 124 71 0 0 100 65
0 105 182 0 0 0 0 0 196 49 196 0 0 14 84 140
170 0 10 200 0 0 100 160 0 40 150 0 170 0 110 0
0 0 0 0 0 0 0 0 105 0 105 0 0 105 105 0
105 105 0 0 0 0 105 0 0 105 0 0 0 0 0 105
42 0 0 42 0 0 142 42 46 0 168 0 42 134 0 190
0 105 105 105 105 45 180 0 120 0 105 0 0 30 135 0
60 30 0 150 0 180 150 180 30 0 0 0 0 180 150 30
140 140 140 35 0 105 70 70 105 0 105 0 0 105 105 0
24 180 60 144 66 198 38 114 54 186 144 0 84 156 60 30
0 0 0 0 105 105 0 0 105 0 0 0 0 105 0 0
20 80 50 50 75 15 10 130 182 162 36 0 0 129 84 60
192 54 0 102 0 30 144 144 186 24 0 0 0 0 150 0
140 140 0 140 0 0 70 70 70 70 70 0 70 0 140 0
150 75 0 60 0 135 60 30 135 0 0 0 0 0 0 75
0 0 168 14 0 0 0 0 0 0 168 0 0 0 0 0
150 180 0 60 105 30 60 183 60 45 102 33 0 0 150 45
0 105 126 0 0 0 0 0 168 147 168 0 0 42 42 0
15 105 180 30 0 0 15 150 0 195 180 0 120 0 90 0
120 60 60 90 0 150 90 150 165 120 15 0 0 45 105 60
156 0 108 186 0 0 72 6 0 54 150 0 198 0 180 54
0 0 0 0 0 0 0 0 0 0 0 0 0 0 0 0
0 105 105 105 189 83 94 0 184 0 105 0 0 116 53 0
60 30 168 150 0 180 150 180 23 0 0 0 0 187 17 100
50 200 20 20 162 66 118 10 18 132 6 0 0 192 90 150
174 150 120 204 6 18 188 144 24 36 204 0 84 186 120 60
0 0 0 0 168 0 0 0 168 0 0 0 0 42 0 0
170 50 110 110 165 75 190 160 140 180 180 0 0 15 0 90
24 138 0 144 70 30 18 88 102 38 0 0 0 0 10 0
30 90 75 195 165 0 45 195 195 105 60 0 75 195 180 120
110 125 0 170 0 15 100 190 85 0 0 0 0 0 0 125
0 0 150 90 0 0 0 0 0 0 90 0 0 0 0 0
0 0 0 0 175 0 0 147 0 35 28 77 0 0 70 35
0 105 98 0 0 0 0 0 154 1 154 0 0 56 36 140
21 105 168 126 0 0 147 126 0 189 0 0 168 0 0 0
120 60 102 90 0 150 90 150 81 162 141 0 0 129 189 60
147 105 126 42 0 0 189 42 0 63 0 0 126 0 0 203
0 0 0 0 0 0 120 0 135 0 0 0 0 165 0 60
0 105 105 105 105 55 80 0 170 0 105 0 0 130 25 0
0 0 0 0 0 0 0 0 105 0 0 0 0 105 105 0
60 30 150 150 60 180 150 180 30 150 150 0 0 180 150 180
12 90 30 72 138 204 194 162 132 198 72 0 42 78 30 120
0 0 0 0 145 25 170 0 175 0 0 0 0 35 0 0
70 70 70 70 105 105 140 140 28 168 84 0 0 21 126 0
0 0 0 0 0 0 0 0 0 0 0 0 0 0 0 0
98 140 126 98 0 0 154 28 154 112 196 0 112 168 98 0
112 49 0 112 0 105 14 182 35 0 0 0 0 0 0 49
0 0 126 203 0 0 0 0 0 0 21 0 0 0 0 0
90 150 0 120 105 60 120 135 120 195 120 45 0 0 90 195
0 105 126 0 0 0 0 0 168 147 168 0 0 42 42 0
16 0 38 46 0 0 2 146 0 194 150 0 58 0 40 0
150 180 110 60 0 30 60 30 145 150 115 0 0 65 175 110
12 0 186 192 0 0 54 162 0 198 60 0 96 0 30 128
168 0 0 168 0 0 118 168 124 0 42 0 168 206 0 10
0 105 105 105 105 35 70 0 70 0 105 0 0 140 35 0
120 60 168 90 0 150 90 150 53 0 0 0 0 157 167 130
10 40 130 25 66 93 74 170 159 186 123 0 0 51 165 30
48 150 120 78 132 186 146 18 108 162 78 0 168 102 120 60
0 0 0 0 147 105 0 0 147 0 0 0 0 63 0 0
0 0 0 0 0 0 0 0 42 42 126 0 0 84 84 0
0 0 0 0 105 0 0 105 0 105 0 0 0 0 0 0
94 100 18 184 90 0 92 44 2 56 188 0 116 114 4 180
194 188 0 44 0 120 58 64 190 0 0 0 0 0 0 188
0 0 84 77 0 0 0 0 0 0 189 0 0 0 0 0
150 180 0 60 105 30 60 141 60 45 144 201 0 0 150 45
0 105 0 0 0 0 0 0 0 105 0 0 0 0 0 0
167 105 16 152 0 0 139 172 0 43 30 0 146 0 50 0
0 0 0 0 0 0 0 0 0 0 0 0 0 0 0 0
84 0 42 84 0 0 168 84 0 126 0 0 42 0 0 56
0 0 0 0 0 0 170 0 95 0 0 0 0 85 0 50
0 105 105 105 105 145 20 0 200 0 105 0 0 190 85 0
60 30 42 150 0 180 150 180 142 0 0 0 0 68 178 170
60 30 150 45 18 159 192 180 177 108 129 0 0 33 45 180
6 150 120 36 174 102 202 186 66 204 36 0 126 144 120 60
0 0 0 0 15 75 90 0 105 0 0 0 0 105 0 0
50 200 20 20 30 90 130 10 182 132 6 0 0 144 84 150
138 6 0 198 35 120 156 191 114 61 0 0 0 0 110 0
142 160 159 97 165 0 101 167 41 203 74 0 173 27 82 120
168 21 0 168 0 105 126 168 105 0 0 0 0 0 0 21
0 0 180 45 0 0 0 0 0 0 45 0 0 0 0 0
0 0 0 0 70 0 0 0 0 140 70 140 0 0 70 140
0 105 196 0 0 0 0 0 98 197 98 0 0 112 162 70
95 105 160 50 0 0 25 40 0 115 90 0 200 0 80 0
180 90 76 30 0 120 30 120 188 96 68 0 0 22 182 160
0 0 0 0 0 0 0 0 0 0 0 0 0 0 0 0
126 0 0 126 0 0 56 126 203 0 84 0 126 7 0 140
0 0 0 0 84 28 14 0 14 0 0 0 0 196 28 0
90 150 168 120 0 60 120 60 143 0 0 0 0 67 197 10
200 170 80 185 18 159 52 40 177 108 129 0 0 33 45 180
144 30 150 24 186 138 88 54 114 66 24 0 84 96 150 180
0 0 0 0 0 0 0 0 0 0 0 0 0 0 0 0
50 200 20 20 135 195 130 10 98 48 174 0 0 81 126 150
102 114 0 192 105 180 24 129 66 39 0 0 0 0 60 0
196 70 42 196 0 0 98 56 98 14 182 0 14 126 196 0
0 105 0 0 0 105 0 0 105 0 0 0 0 0 0 105
0 0 84 42 0 0 0 0 0 0 84 0 0 0 0 0
0 0 0 0 0 0 0 84 0 0 126 84 0 0 0 0
0 105 0 0 0 0 0 0 0 105 0 0 0 0 0 0
15 105 180 30 0 0 15 150 0 195 180 0 120 0 90 0
60 30 184 150 0 180 150 180 107 144 137 0 0 103 203 100
63 105 84 168 0 0 21 168 0 147 0 0 84 0 0 147
0 0 0 0 0 0 0 0 0 0 0 0 0 0 0 0
0 105 105 105 63 81 198 0 48 0 105 0 0 12 201 0
0 0 0 0 0 0 0 0 105 0 0 0 0 105 105 0
90 150 120 120 90 60 120 60 150 120 120 0 0 60 120 60
192 180 60 102 108 114 94 72 12 18 102 0 42 198 60 30
0 0 0 0 107 185 40 0 77 0 0 0 0 133 0 0
70 70 70 70 105 105 140 140 70 0 0 0 0 105 0 0
30 120 0 180 35 90 180 5 180 205 0 0 0 0 170 0
192 30 144 72 90 0 36 72 156 168 174 0 18 72 102 180
188 101 0 8 0 165 106 88 25 0 0 0 0 0 0 101
0 0 192 146 0 0 0 0 0 0 132 0 0 0 0 0
120 60 0 90 140 150 90 54 90 190 146 4 0 0 50 190
0 0 0 0 0 0 0 0 0 0 0 0 0 0 0 0
75 105 60 150 0 0 75 120 0 135 60 0 180 0 30 0
90 150 80 120 0 60 120 60 10 90 160 0 0 200 70 80
126 0 168 126 0 0 42 126 0 84 0 0 168 0 0 154
42 0 0 42 0 0 112 42 196 0 168 0 42 14 0 70
0 105 105 105 189 63 84 0 84 0 105 0 0 126 63 0
0 0 0 0 0 0 0 0 70 0 0 0 0 140 70 140
90 150 120 120 90 60 120 60 150 120 120 0 0 60 120 60
96 90 30 156 54 162 82 36 6 114 156 0 126 204 30 120
0 0 0 0 145 25 170 0 175 0 0 0 0 35 0 0
60 30 150 150 120 150 30 180 168 108 24 0 0 156 126 180
192 54 0 102 0 30 144 144 186 24 0 0 0 0 150 0
56 140 42 56 0 0 28 196 28 154 112 0 154 126 56 0
48 171 0 78 0 165 36 18 165 0 0 0 0 0 0 171
0 0 0 35 0 0 0 0 0 0 105 0 0 0 0 0
180 90 0 30 70 120 30 60 30 110 100 20 0 0 40 110
0 105 140 0 0 0 0 0 70 175 70 0 0 140 0 140
185 105 190 20 0 0 115 100 0 25 120 0 80 0 200 0
0 0 154 0 0 0 0 0 182 84 182 0 0 28 98 70
57 105 96 72 0 0 99 192 0 153 180 0 36 0 90 83
168 0 0 168 0 0 168 168 189 0 42 0 168 21 0 0
0 105 105 105 105 115 110 0 50 0 105 0 0 100 205 0
90 150 126 120 0 60 120 60 206 0 0 0 0 4 134 10
0 0 0 0 0 0 0 0 0 0 0 0 0 0 0 0
54 90 30 114 96 78 68 204 174 156 114 0 84 36 30 120
0 0 0 0 189 105 0 0 189 0 0 0 0 21 0 0
90 150 120 120 180 120 150 60 168 78 204 0 0 66 126 60
180 90 0 30 140 120 30 170 30 40 0 0 0 0 110 0
140 140 0 140 0 0 70 70 70 70 70 0 70 0 140 0
148 46 0 118 0 150 146 38 80 0 0 0 0 0 0 46
0 0 174 187 0 0 0 0 0 0 159 0 0 0 0 0
90 150 0 120 35 60 120 51 120 55 134 31 0 0 20 55
0 0 84 0 0 0 0 0 42 18 42 0 0 168 18 0
19 105 32 94 0 0 173 134 0 191 60 0 82 0 100 0
30 120 190 180 0 90 180 90 50 30 170 0 0 160 140 190
0 0 0 0 0 0 0 0 0 0 0 0 0 0 0 0
0 0 0 0 0 0 60 0 15 0 0 0 0 135 0 30
0 105 105 105 105 85 200 0 110 0 105 0 0 10 115 0
120 60 0 90 0 150 90 150 60 0 0 0 0 150 90 60
0 0 0 105 84 147 126 0 21 84 147 0 0 189 105 0
144 30 150 24 186 138 158 54 114 66 24 0 84 96 150 180
0 0 0 0 1 145 20 0 91 0 0 0 0 119 0 0
180 90 30 30 45 135 90 120 0 30 30 0 0 195 0 120
0 0 0 0 0 0 0 0 0 0 0 0 0 0 0 0
42 0 189 147 105 0 21 147 21 63 84 0 63 147 42 0
60 135 0 150 0 75 150 180 75 0 0 0 0 0 0 135
0 0 0 0 0 0 0 0 0 0 0 0 0 0 0 0
0 0 0 0 175 0 0 105 0 35 70 35 0 0 70 35
0 0 42 0 0 0 0 0 126 54 126 0 0 84 54 0
126 0 168 126 0 0 42 126 0 84 0 0 168 0 0 0
0 0 70 0 0 0 0 0 35 0 35 0 0 175 35 70
171 105 78 6 0 0 87 156 0 39 120 0 108 0 60 39
84 0 0 84 0 0 124 84 157 0 126 0 84 83 0 160
0 105 105 105 21 77 196 0 196 0 105 0 0 14 77 0
0 0 0 0 0 0 0 0 175 0 0 0 0 35 175 140
70 70 70 70 0 0 140 140 0 0 0 0 0 0 0 0
36 60 90 6 204 192 92 66 186 174 6 0 126 24 90 150
0 0 0 0 42 0 0 0 42 0 0 0 0 168 0 0
70 70 70 70 0 0 140 140 28 168 84 0 0 126 126 0
42 84 0 42 70 0 84 154 126 14 0 0 0 0 70 0
140 140 0 140 0 0 70 70 70 70 70 0 70 0 140 0
54 48 0 114 0 120 198 204 120 0 0 0 0 0 0 48
0 0 90 180 0 0 0 0 0 0 180 0 0 0 0 0
30 120 0 180 175 90 180 171 180 65 124 71 0 0 100 65
0 0 196 0 0 0 0 0 98 182 98 0 0 112 42 70
140 0 70 140 0 0 70 70 0 70 0 0 140 0 140 0
90 150 122 120 0 60 120 60 136 132 76 0 0 74 154 80
159 105 102 24 0 0 33 204 0 51 60 0 12 0 30 191
126 0 0 126 0 0 66 126 153 0 84 0 126 117 0 180
0 0 0 0 0 0 0 0 0 0 0 0 0 0 0 0
0 0 126 0 0 0 0 0 56 0 0 0 0 154 14 70
140 140 140 140 84 42 196 70 126 84 42 0 0 84 0 0
186 30 150 66 144 12 172 96 156 24 66 0 126 54 150 180
0 0 0 0 56 140 70 0 56 0 0 0 0 154 0 0
20 80 50 50 75 15 10 130 182 162 36 0 0 129 84 60
180 90 0 30 105 120 30 135 30 75 0 0 0 0 180 0
40 190 30 190 150 0 200 50 50 140 80 0 170 120 100 90
140 140 0 140 0 0 70 70 70 0 0 0 0 0 0 140
0 0 60 120 0 0 0 0 0 0 120 0 0 0 0 0
60 30 0 150 0 180 150 132 150 60 108 72 0 0 60 60
0 105 70 0 0 0 0 0 140 35 140 0 0 70 0 70
113 105 124 128 0 0 1 178 0 97 180 0 134 0 20 0
90 150 10 120 0 60 120 60 185 90 125 0 0 25 35 10
21 105 168 126 0 0 147 126 0 189 0 0 168 0 0 189
84 0 0 84 0 0 14 84 182 0 126 0 84 28 0 140
0 105 105 105 189 83 94 0 184 0 105 0 0 116 53 0
30 120 0 180 0 90 180 90 15 0 0 0 0 195 75 120
70 70 70 70 0 0 140 140 0 0 0 0 0 0 0 0
138 90 30 198 12 36 26 78 48 72 198 0 168 162 30 120
0 0 0 0 45 15 60 0 105 0 0 0 0 105 0 0
170 50 110 110 165 75 190 160 14 54 12 0 0 183 168 90
120 60 0 90 35 150 90 125 90 85 0 0 0 0 50 0
0 0 0 0 0 0 0 0 0 0 0 0 0 0 0 0
84 63 0 84 0 105 168 84 105 0 0 0 0 0 0 63
0 0 126 28 0 0 0 0 0 0 126 0 0 0 0 0
0 0 0 0 0 0 0 0 0 0 0 0 0 0 0 0
0 105 98 0 0 0 0 0 154 1 154 0 0 56 36 140
0 0 0 0 0 0 0 0 0 0 0 0 0 0 0 0
120 60 60 90 0 150 90 150 60 120 120 0 0 150 0 60
42 0 126 42 0 0 84 42 0 168 0 0 126 0 0 28
0 0 0 0 0 0 120 0 30 0 0 0 0 60 0 60
0 105 105 105 147 119 112 0 112 0 105 0 0 98 119 0
30 120 0 180 0 90 180 90 15 0 0 0 0 195 75 120
120 60 90 90 120 150 90 150 60 90 90 0 0 150 90 150
96 90 30 156 54 162 152 36 6 114 156 0 126 204 30 120
0 0 0 0 112 70 140 0 112 0 0 0 0 98 0 0
0 0 0 0 105 105 0 0 84 84 42 0 0 63 168 0
96 132 0 156 175 120 72 37 198 47 0 0 0 0 40 0
8 80 111 143 135 0 19 73 199 7 16 0 97 3 188 60
0 105 0 0 0 105 0 0 105 0 0 0 0 0 0 105
0 0 0 175 0 0 0 0 0 0 105 0 0 0 0 0
0 0 0 0 0 0 0 42 0 0 168 42 0 0 0 0
0 0 70 0 0 0 0 0 140 140 140 0 0 70 0 70
127 105 26 142 0 0 29 122 0 83 180 0 106 0 160 0
60 30 184 150 0 180 150 180 2 144 32 0 0 208 98 100
0 0 0 0 0 0 0 0 0 0 0 0 0 0 0 0
0 0 0 0 0 0 70 0 70 0 0 0 0 140 0 70
0 105 105 105 63 21 168 0 168 0 105 0 0 42 21 0
120 60 168 90 0 150 90 150 53 0 0 0 0 157 167 130
0 0 0 0 0 0 0 0 0 0 0 0 0 0 0 0
156 120 180 96 114 132 2 6 36 54 96 0 126 174 180 90
0 0 0 0 80 50 130 0 140 0 0 0 0 70 0 0
190 130 160 160 135 195 200 80 112 132 6 0 0 39 84 150
12 174 0 72 175 120 114 79 156 89 0 0 0 0 40 0
150 30 165 135 195 0 15 135 135 105 90 0 165 135 60 180
120 60 0 90 0 150 90 150 150 0 0 0 0 0 0 60
0 0 84 7 0 0 0 0 0 0 189 0 0 0 0 0
0 0 0 0 70 0 0 42 0 140 28 182 0 0 70 140
0 105 84 0 0 0 0 0 42 63 42 0 0 168 168 0
167 105 16 152 0 0 139 172 0 43 30 0 146 0 50 0
120 60 102 90 0 150 90 150 186 162 36 0 0 24 84 60
180 0 60 150 0 0 180 120 0 30 60 0 180 0 30 100
84 0 0 84 0 0 114 84 102 0 126 0 84 78 0 120
0 0 0 0 0 20 10 0 100 0 0 0 0 200 200 0
0 0 126 0 0 0 0 0 56 0 0 0 0 154 14 70
170 50 110 5 30 195 40 160 15 180 75 0 0 195 75 90
36 60 90 6 204 192 92 66 186 174 6 0 126 24 90 150
0 0 0 0 161 35 70 0 161 0 0 0 0 49 0 0
0 0 0 0 0 0 0 0 0 0 0 0 0 0 0 0
0 0 0 0 175 0 0 175 0 35 0 0 0 0 70 0
142 160 159 97 165 0 101 167 41 203 74 0 173 27 82 120
190 130 0 160 0 150 20 80 80 0 0 0 0 0 0 130
0 0 168 49 0 0 0 0 0 0 63 0 0 0 0 0
0 0 0 0 175 0 0 105 0 35 70 35 0 0 70 35
0 105 140 0 0 0 0 0 70 55 70 0 0 140 90 140
91 105 98 196 0 0 77 56 0 119 0 0 28 0 70 0
150 180 194 60 0 30 60 30 82 24 52 0 0 128 28 110
15 105 180 30 0 0 15 150 0 195 180 0 120 0 90 125
42 0 0 42 0 0 182 42 56 0 168 0 42 154 0 140
0 0 0 0 168 26 118 0 88 0 0 0 0 92 176 0
0 0 0 0 0 0 0 0 70 0 0 0 0 140 70 140
200 170 80 185 18 159 52 40 177 108 129 0 0 33 45 180
48 150 120 78 132 186 76 18 108 162 78 0 168 102 120 60
0 0 0 0 200 20 10 0 140 0 0 0 0 70 0 0
150 180 60 60 90 60 180 30 42 102 186 0 0 54 84 30
42 84 0 42 105 0 84 189 126 189 0 0 0 0 0 0
110 50 135 155 45 0 25 85 85 175 10 0 205 15 170 90
90 45 0 120 0 165 120 60 165 0 0 0 0 0 0 45
0 0 54 87 0 0 0 0 0 0 129 0 0 0 0 0
0 0 0 0 35 0 0 105 0 175 140 175 0 0 140 175
0 105 112 0 0 0 0 0 56 119 56 0 0 154 84 70
0 0 0 0 0 0 0 0 0 0 0 0 0 0 0 0
60 30 184 150 0 180 150 180 107 144 137 0 0 103 203 100
75 105 60 150 0 0 75 120 0 135 60 0 180 0 30 135
126 0 0 126 0 0 116 126 8 0 84 0 126 142 0 170
0 0 0 0 0 0 0 0 0 0 0 0 0 0 0 0
60 30 168 150 0 180 150 180 93 0 0 0 0 117 87 30
0 0 0 0 168 84 42 0 42 168 84 0 0 168 0 0
24 180 60 144 66 198 38 114 54 186 144 0 84 156 60 30
0 0 0 0 29 5 160 0 119 0 0 0 0 91 0 0
110 20 170 170 150 30 160 190 56 156 198 0 0 132 42 120
30 120 0 180 105 90 180 75 180 135 0 0 0 0 30 0
130 40 45 145 15 0 125 5 5 35 50 0 185 75 10 30
188 101 0 8 0 165 106 88 25 0 0 0 0 0 0 101
0 0 0 140 0 0 0 0 0 0 0 0 0 0 0 0
180 90 0 30 0 120 30 60 30 180 30 90 0 0 180 180
0 0 0 0 0 0 0 0 0 30 0 0 0 0 30 0
75 105 60 150 0 0 75 120 0 135 60 0 180 0 30 0
180 90 20 30 0 120 30 120 55 180 145 0 0 155 175 20
105 105 0 0 0 0 105 0 0 105 0 0 0 0 0 35
0 0 0 0 0 0 140 0 35 0 0 0 0 175 0 140
0 0 0 0 0 0 0 0 0 0 0 0 0 0 0 0
90 150 0 120 0 60 120 60 10 0 0 0 0 200 190 80
140 140 140 35 168 189 112 70 147 168 189 0 0 63 105 0
0 0 0 0 0 0 0 0 0 0 0 0 0 0 0 0
0 0 0 0 15 75 90 0 105 0 0 0 0 105 0 0
120 60 90 90 135 195 60 150 0 90 90 0 0 165 0 150
180 90 0 30 0 120 30 30 30 180 0 0 0 0 180 0
142 160 54 202 60 0 206 62 146 98 74 0 68 132 82 120
112 49 0 112 0 105 14 182 35 0 0 0 0 0 0 49
0 0 0 140 0 0 0 0 0 0 0 0 0 0 0 0
0 0 0 0 105 0 0 105 0 105 0 105 0 0 0 105
0 105 154 0 0 0 0 0 182 203 182 0 0 28 168 70
84 0 42 84 0 0 168 84 0 126 0 0 42 0 0 0
0 0 84 0 0 0 0 0 42 84 42 0 0 168 168 0
57 105 96 72 0 0 99 192 0 153 180 0 36 0 90 83
0 0 0 0 0 0 150 0 195 0 0 0 0 75 0 180
0 105 105 105 189 13 164 0 44 0 105 0 0 46 193 0
120 60 84 90 0 150 90 150 144 0 0 0 0 66 6 60
0 0 0 105 84 147 126 0 21 84 147 0 0 189 105 0
114 120 180 54 156 48 128 174 204 96 54 0 84 6 180 90
0 0 0 0 147 105 0 0 147 0 0 0 0 63 0 0
180 90 30 30 150 30 90 120 0 30 30 0 0 90 0 120
138 6 0 198 105 120 156 51 114 201 0 0 0 0 180 0
140 140 0 140 0 0 70 70 70 70 70 0 70 0 140 0
168 21 0 168 0 105 126 168 105 0 0 0 0 0 0 21
0 0 174 187 0 0 0 0 0 0 159 0 0 0 0 0
0 0 0 0 0 0 0 0 0 0 0 0 0 0 0 0
0 105 196 0 0 0 0 0 98 197 98 0 0 112 162 70
150 0 120 90 0 0 150 30 0 60 120 0 150 0 60 0
0 0 140 0 0 0 0 0 175 0 175 0 0 35 175 140
72 0 66 102 0 0 114 132 0 138 150 0 156 0 180 68
0 0 0 0 0 0 70 0 70 0 0 0 0 140 0 70
0 0 0 0 0 10 110 0 50 0 0 0 0 100 100 0
0 0 126 0 0 0 0 0 21 0 0 0 0 189 189 0
140 140 140 35 42 21 28 70 63 42 21 0 0 147 105 0
36 60 90 6 204 192 92 66 186 174 6 0 126 24 90 150
0 0 0 0 1 145 20 0 91 0 0 0 0 119 0 0
60 30 150 150 120 150 30 180 0 150 150 0 0 30 0 180
54 48 0 114 0 120 198 198 72 138 0 0 0 0 180 0
130 40 45 145 15 0 125 5 5 35 50 0 185 75 10 30
130 100 0 10 0 180 80 110 110 0 0 0 0 0 0 100
0 0 180 80 0 0 0 0 0 0 150 0 0 0 0 0
0 0 0 0 35 0 0 105 0 175 140 175 0 0 140 175
0 105 0 0 0 0 0 0 0 105 0 0 0 0 0 0
95 105 160 50 0 0 25 40 0 115 90 0 200 0 80 0
30 120 204 180 0 90 180 90 57 114 177 0 0 153 63 120
105 105 0 0 0 0 105 0 0 105 0 0 0 0 0 35
84 0 0 84 0 0 124 84 157 0 126 0 84 83 0 160
0 105 105 105 105 35 70 0 70 0 105 0 0 140 35 0
0 0 0 0 0 0 0 0 0 0 0 0 0 0 0 0
140 140 140 140 84 42 196 70 126 84 42 0 0 84 0 0
72 120 180 12 198 174 44 132 162 138 12 0 42 48 180 90
0 0 0 0 16 10 110 0 196 0 0 0 0 14 0 0
0 0 0 0 105 105 0 0 168 168 84 0 0 21 126 0
60 30 0 150 175 180 150 115 150 95 0 0 0 0 130 0
152 50 114 92 150 0 46 22 106 28 94 0 58 162 2 90
128 71 0 68 0 195 166 118 55 0 0 0 0 0 0 71
0 0 0 70 0 0 0 0 0 0 0 0 0 0 0 0
30 120 0 180 175 90 180 171 180 65 124 71 0 0 100 65
0 0 42 0 0 0 0 0 126 204 126 0 0 84 204 0
35 105 70 140 0 0 175 70 0 175 0 0 140 0 140 0
0 0 70 0 0 0 0 0 35 0 35 0 0 175 35 70
105 105 0 0 0 0 105 0 0 105 0 0 0 0 0 105
42 0 0 42 0 0 132 42 96 0 168 0 42 24 0 150
0 0 0 0 0 200 100 0 160 0 0 0 0 110 110 0
60 30 0 150 0 180 150 180 135 0 0 0 0 75 45 30
0 0 0 105 168 189 42 0 147 168 189 0 0 63 105 0
132 150 120 162 48 144 34 102 192 78 162 0 42 18 120 60
0 0 0 0 0 0 0 0 0 0 0 0 0 0 0 0
20 80 50 50 75 15 10 130 182 162 36 0 0 129 84 60
114 78 0 54 70 90 138 208 12 128 0 0 0 0 100 0
168 0 21 63 105 0 189 63 189 147 126 0 147 63 168 0
0 0 0 0 0 0 0 0 0 0 0 0 0 0 0 0
0 0 0 35 0 0 0 0 0 0 105 0 0 0 0 0
180 90 0 30 140 120 30 60 30 40 170 160 0 0 110 40
0 0 168 0 0 0 0 0 84 96 84 0 0 126 96 0
0 0 0 0 0 0 0 0 0 0 0 0 0 0 0 0
0 0 42 0 0 0 0 0 126 42 126 0 0 84 84 0
42 0 126 42 0 0 84 42 0 168 0 0 126 0 0 168
0 0 0 0 0 0 0 0 105 0 0 0 0 105 0 0
0 105 105 105 189 83 94 0 184 0 105 0 0 116 53 0
180 90 0 30 0 120 30 120 55 0 0 0 0 155 205 20
40 160 100 205 96 183 44 50 69 156 93 0 0 141 135 120
102 30 150 192 18 54 4 12 72 108 192 0 42 138 150 180
0 0 0 0 21 105 0 0 21 0 0 0 0 189 0 0
180 90 30 30 150 30 90 120 0 30 30 0 0 90 0 120
120 60 0 90 0 150 90 90 90 120 0 0 0 0 120 0
70 70 105 175 105 0 35 35 35 35 140 0 35 105 70 0
182 14 0 182 0 0 154 112 70 0 0 0 0 0 0 14
0 0 0 0 0 0 0 0 0 0 0 0 0 0 0 0
0 0 0 0 105 0 0 63 0 105 42 63 0 0 0 105
0 105 98 0 0 0 0 0 154 1 154 0 0 56 36 140
168 0 84 168 0 0 126 168 0 42 0 0 84 0 0 0
180 90 90 30 0 120 30 120 90 180 180 0 0 120 0 90
63 105 84 168 0 0 21 168 0 147 0 0 84 0 0 7
0 0 0 0 0 0 0 0 0 0 0 0 0 0 0 0
0 105 105 105 105 145 20 0 200 0 105 0 0 190 85 0
0 0 42 0 0 0 0 0 112 0 0 0 0 98 28 140
0 0 0 0 126 168 84 0 84 126 168 0 0 126 0 0
48 150 120 78 132 186 146 18 108 162 78 0 168 102 120 60
0 0 0 0 46 160 80 0 196 0 0 0 0 14 0 0
0 0 0 0 0 0 0 0 42 42 126 0 0 84 84 0
96 132 0 156 175 120 72 37 198 47 0 0 0 0 40 0
0 0 105 105 105 0 105 105 105 105 0 0 105 105 0 0
100 190 0 40 0 90 110 20 20 0 0 0 0 0 0 190
0 0 36 23 0 0 0 0 0 0 51 0 0 0 0 0
150 180 0 60 70 30 60 36 60 80 4 26 0 0 10 80
0 0 168 0 0 0 0 0 84 6 84 0 0 126 6 0
143 105 64 188 0 0 31 58 0 67 120 0 164 0 200 0
150 180 180 60 0 30 60 30 180 150 150 0 0 30 0 180
105 105 0 0 0 0 105 0 0 105 0 0 0 0 0 105
42 0 0 42 0 0 192 42 111 0 168 0 42 159 0 180
0 0 0 0 0 200 100 0 160 0 0 0 0 110 110 0
120 60 168 90 0 150 90 150 53 0 0 0 0 157 167 130
0 0 0 105 0 105 0 0 105 0 105 0 0 105 105 0
24 180 60 144 66 198 38 114 54 186 144 0 84 156 60 30
0 0 0 0 47 95 100 0 77 0 0 0 0 133 0 0
90 150 120 120 180 120 150 60 0 120 120 0 0 150 0 60
0 0 0 0 0 0 0 0 0 0 0 0 0 0 0 0
126 0 147 21 105 0 63 21 63 189 42 0 189 21 126 0
140 35 0 140 0 105 70 70 175 0 0 0 0 0 0 35
0 0 42 21 0 0 0 0 0 0 147 0 0 0 0 0
0 0 0 0 105 0 0 189 0 105 126 189 0 0 0 105
0 0 14 0 0 0 0 0 112 178 112 0 0 98 108 140
167 105 16 152 0 0 139 172 0 43 30 0 146 0 50 0
180 90 6 30 0 120 30 120 153 96 33 0 0 57 147 90
189 105 42 84 0 0 63 84 0 21 0 0 42 0 0 91
42 0 0 42 0 0 82 42 31 0 168 0 42 209 0 160
0 0 0 0 0 90 150 0 30 0 0 0 0 60 60 0
0 0 0 0 0 0 0 0 35 0 0 0 0 175 35 70
150 180 60 165 150 135 60 30 75 60 165 0 0 135 165 30
54 90 30 114 96 78 68 204 174 156 114 0 84 36 30 120
0 0 0 0 40 130 170 0 70 0 0 0 0 140 0 0
0 0 0 0 0 0 0 0 42 42 126 0 0 84 84 0
0 0 0 0 105 0 0 105 0 105 0 0 0 0 0 0
142 160 159 97 165 0 101 167 41 203 74 0 173 27 82 120
0 105 0 0 0 105 0 0 105 0 0 0 0 0 0 105
0 0 0 105 0 0 0 0 0 0 105 0 0 0 0 0
30 120 0 180 70 90 180 192 180 170 208 92 0 0 100 170
0 105 28 0 0 0 0 0 14 161 14 0 0 196 126 70
105 105 0 0 0 0 105 0 0 105 0 0 0 0 0 0
0 0 0 0 0 0 0 0 0 0 0 0 0 0 0 0
150 0 120 90 0 0 150 30 0 60 120 0 150 0 60 200
0 0 0 0 0 0 100 0 130 0 0 0 0 50 0 190
0 105 105 105 105 15 60 0 180 0 105 0 0 150 45 0
180 90 168 30 0 120 30 120 48 0 0 0 0 162 72 90
200 170 80 185 18 159 52 40 177 108 129 0 0 33 45 180
108 180 60 18 192 156 206 198 138 102 18 0 168 72 60 30
0 0 0 0 55 205 50 0 175 0 0 0 0 35 0 0
20 80 50 50 180 120 10 130 140 120 120 0 0 150 0 60
0 0 0 0 105 0 0 105 0 105 0 0 0 0 0 0
72 90 54 132 60 0 66 132 6 168 144 0 138 132 12 120
150 75 0 60 0 135 60 30 135 0 0 0 0 0 0 75
0 0 150 125 0 0 0 0 0 0 195 0 0 0 0 0
0 0 0 0 105 0 0 105 0 105 0 105 0 0 0 105
0 0 168 0 0 0 0 0 84 6 84 0 0 126 6 0
78 0 54 198 0 0 36 108 0 132 180 0 204 0 90 0
60 30 184 150 0 180 150 180 107 144 137 0 0 103 203 100
0 0 0 0 0 0 0 0 0 0 0 0 0 0 0 0
0 0 0 0 0 0 70 0 70 0 0 0 0 140 0 70
0 105 105 105 189 183 144 0 54 0 105 0 0 66 3 0
90 150 42 120 0 60 120 60 87 0 0 0 0 123 183 150
130 100 10 10 60 180 80 110 30 150 150 0 0 180 150 180
66 180 60 186 24 72 122 156 96 144 186 0 126 114 60 30
0 0 0 0 0 0 0 0 0 0 0 0 0 0 0 0
130 100 10 10 120 150 170 110 70 150 150 0 0 30 0 180
204 18 0 174 105 150 48 153 132 183 0 0 0 0 120 0
150 30 165 135 195 0 15 135 135 105 90 0 165 135 60 180
188 101 0 8 0 165 106 88 25 0 0 0 0 0 0 101
0 0 132 96 0 0 0 0 0 0 12 0 0 0 0 0
90 150 0 120 105 60 120 51 120 195 204 171 0 0 90 195
0 0 140 0 0 0 0 0 70 40 70 0 0 140 180 140
154 0 182 154 0 0 98 14 0 56 0 0 112 0 70 0
0 0 70 0 0 0 0 0 140 0 140 0 0 70 140 70
168 0 84 168 0 0 126 168 0 42 0 0 84 0 0 182
0 0 0 0 0 0 140 0 140 0 0 0 0 70 0 140
0 105 105 105 105 35 70 0 70 0 105 0 0 140 35 0
120 60 0 90 0 150 90 150 95 0 0 0 0 115 125 130
70 70 70 175 0 105 140 140 105 0 105 0 0 105 105 0
174 150 120 204 6 18 118 144 24 36 204 0 84 186 120 60
0 0 0 0 65 185 40 0 35 0 0 0 0 175 0 0
0 0 0 0 0 0 0 0 0 0 0 0 0 0 0 0
60 30 0 150 175 180 150 115 150 95 0 0 0 0 130 0
90 60 15 165 75 0 135 165 165 105 180 0 15 165 120 150
26 62 0 86 0 120 142 106 190 0 0 0 0 0 0 62
0 0 174 152 0 0 0 0 0 0 54 0 0 0 0 0
0 0 0 0 35 0 0 189 0 175 56 49 0 0 140 175
0 0 0 0 0 0 0 0 0 0 0 0 0 0 0 0
100 0 80 130 0 0 170 20 0 110 150 0 100 0 40 0
0 0 42 0 0 0 0 0 126 42 126 0 0 84 84 0
57 105 96 72 0 0 99 192 0 153 180 0 36 0 90 83
84 0 0 84 0 0 114 84 102 0 126 0 84 78 0 120
0 105 105 105 105 105 0 0 0 0 105 0 0 0 105 0
180 90 0 30 0 120 30 120 20 0 0 0 0 190 170 160
0 0 0 105 126 63 84 0 189 126 63 0 0 21 105 0
12 90 30 72 138 204 124 162 132 198 72 0 42 78 30 120
0 0 0 0 84 0 0 0 84 0 0 0 0 126 0 0
130 100 10 10 120 150 170 110 154 24 192 0 0 198 168 180
126 42 0 126 0 0 42 42 168 42 0 0 0 0 0 0
14 140 63 119 105 0 7 49 7 91 28 0 91 189 14 0
0 105 0 0 0 105 0 0 105 0 0 0 0 0 0 105
0 0 174 187 0 0 0 0 0 0 159 0 0 0 0 0
0 0 0 0 35 0 0 105 0 175 140 175 0 0 140 175
0 0 140 0 0 0 0 0 70 190 70 0 0 140 120 140
49 105 182 154 0 0 203 14 0 161 0 0 112 0 70 0
0 0 0 0 0 0 0 0 0 0 0 0 0 0 0 0
0 0 0 0 0 0 0 0 0 0 0 0 0 0 0 70
0 0 0 0 0 0 180 0 45 0 0 0 0 195 0 90
0 0 0 0 126 72 36 0 66 0 0 0 0 174 132 0
0 0 126 0 0 0 0 0 21 0 0 0 0 189 189 0
0 0 0 0 0 0 0 0 0 0 0 0 0 0 0 0
72 120 180 12 198 174 184 132 162 138 12 0 42 48 180 90
0 0 0 0 1 145 20 0 91 0 0 0 0 119 0 0
0 0 0 0 0 0 0 0 0 0 0 0 0 0 0 0
84 168 0 84 0 0 168 168 42 168 0 0 0 0 0 0
176 80 132 206 30 0 208 136 178 154 142 0 34 66 146 60
102 9 0 192 0 75 24 12 75 0 0 0 0 0 0 9
0 0 150 20 0 0 0 0 0 0 90 0 0 0 0 0
90 150 0 120 140 60 120 30 120 160 50 10 0 0 20 160
0 105 70 0 0 0 0 0 140 185 140 0 0 70 150 70
105 105 0 0 0 0 105 0 0 105 0 0 0 0 0 0
0 0 140 0 0 0 0 0 175 0 175 0 0 35 175 140
180 0 60 150 0 0 180 120 0 30 60 0 180 0 30 30
84 0 0 84 0 0 124 84 157 0 126 0 84 83 0 160
0 0 0 0 0 0 0 0 0 0 0 0 0 0 0 0
150 180 168 60 0 30 60 30 103 0 0 0 0 107 67 110
70 70 70 175 0 105 140 140 105 0 105 0 0 105 105 0
108 180 60 18 192 156 136 198 138 102 18 0 168 72 60 30
0 0 0 0 119 35 70 0 119 0 0 0 0 91 0 0
30 120 180 180 165 75 120 90 0 180 180 0 0 15 0 90
0 0 0 0 175 0 0 175 0 35 0 0 0 0 70 0
120 150 90 150 30 0 180 150 150 0 30 0 90 150 90 60
162 144 0 132 0 150 174 192 150 0 0 0 0 0 0 144
0 0 0 0 0 0 0 0 0 0 0 0 0 0 0 0
30 120 0 180 175 90 180 171 180 65 124 71 0 0 100 65
0 0 56 0 0 0 0 0 28 112 28 0 0 182 42 140
105 105 0 0 0 0 105 0 0 105 0 0 0 0 0 0
90 150 192 120 0 60 120 60 66 132 6 0 0 144 84 150
72 0 66 102 0 0 114 132 0 138 150 0 156 0 180 68
0 0 0 0 0 0 0 0 0 0 0 0 0 0 0 0
0 0 0 0 126 182 196 0 196 0 0 0 0 14 182 0
60 30 0 150 0 180 150 180 170 0 0 0 0 40 80 100
70 70 70 70 0 0 140 140 0 0 0 0 0 0 0 0
204 60 90 174 36 108 8 24 144 6 174 0 84 66 90 150
0 0 0 0 42 0 0 0 42 0 0 0 0 168 0 0
20 80 50 50 75 15 10 130 182 162 36 0 0 129 84 60
150 180 0 60 35 30 60 95 60 115 0 0 0 0 80 0
0 0 105 105 105 0 105 105 105 105 0 0 105 105 0 0
20 80 0 50 0 60 190 130 130 0 0 0 0 0 0 80
0 0 84 147 0 0 0 0 0 0 189 0 0 0 0 0
120 60 0 90 175 150 90 75 90 155 160 95 0 0 190 155
0 0 112 0 0 0 0 0 56 14 56 0 0 154 84 70
138 0 144 108 0 0 96 78 0 72 60 0 54 0 30 0
60 30 44 150 0 180 150 180 142 144 172 0 0 68 28 170
15 105 180 30 0 0 15 150 0 195 180 0 120 0 90 195
0 0 0 0 0 0 40 0 10 0 0 0 0 20 0 160
0 0 0 0 0 0 0 0 0 0 0 0 0 0 0 0
90 150 0 120 0 60 120 60 45 0 0 0 0 165 15 150
150 180 60 165 66 93 144 30 159 186 123 0 0 51 165 30
12 90 30 72 138 204 194 162 132 198 72 0 42 78 30 120
0 0 0 0 179 125 10 0 119 0 0 0 0 91 0 0
160 10 190 190 75 15 80 200 70 120 120 0 0 45 0 60
60 30 0 150 105 180 150 45 150 165 0 0 0 0 60 0
168 0 21 63 105 0 189 63 189 147 126 0 147 63 168 0
0 0 0 0 0 0 0 0 0 0 0 0 0 0 0 0
0 0 0 0 0 0 0 0 0 0 0 0 0 0 0 0
120 60 0 90 140 150 90 180 90 190 20 130 0 0 50 190
0 105 98 0 0 0 0 0 154 1 154 0 0 56 36 140
116 0 118 176 0 0 172 166 0 94 90 0 158 0 80 0
0 0 168 0 0 0 0 0 84 168 84 0 0 126 126 0
165 105 90 120 0 0 165 180 0 45 90 0 60 0 150 115
84 0 0 84 0 0 114 84 102 0 126 0 84 78 0 120
0 0 0 0 0 0 0 0 0 0 0 0 0 0 0 0
30 120 168 180 0 90 180 90 183 0 0 0 0 27 117 120
180 90 30 30 54 162 156 120 6 114 72 0 0 204 30 120
78 60 90 48 162 66 176 108 18 132 48 0 168 192 90 150
0 0 0 0 76 100 50 0 196 0 0 0 0 14 0 0
90 150 120 120 75 15 150 60 42 162 36 0 0 129 84 60
96 132 0 156 175 120 72 37 198 47 0 0 0 0 40 0
0 0 0 0 0 0 0 0 0 0 0 0 0 0 0 0
14 98 0 14 0 0 28 154 70 0 0 0 0 0 0 98
0 0 0 105 0 0 0 0 0 0 105 0 0 0 0 0
0 0 0 0 140 0 0 0 0 70 140 70 0 0 140 70
0 105 140 0 0 0 0 0 70 175 70 0 0 140 0 140
175 105 140 70 0 0 35 140 0 35 0 0 70 0 70 0
120 60 200 90 0 150 90 150 130 120 190 0 0 80 70 200
90 0 30 180 0 0 90 60 0 120 30 0 90 0 120 120
0 0 0 0 0 0 120 0 135 0 0 0 0 165 0 60
0 105 105 105 21 147 126 0 126 0 105 0 0 84 147 0
120 60 168 90 0 150 90 150 53 0 0 0 0 157 167 130
70 70 70 70 0 0 140 140 0 0 0 0 0 0 0 0
138 90 30 198 12 36 26 78 48 72 198 0 168 162 30 120
0 0 0 0 172 160 80 0 112 0 0 0 0 98 0 0
0 0 0 0 105 105 0 0 0 0 0 0 0 105 0 0
0 0 0 0 35 0 0 35 0 175 0 0 0 0 140 0
14 140 63 119 105 0 7 49 7 91 28 0 91 189 14 0
196 112 0 196 0 0 182 56 140 0 0 0 0 0 0 112
0 0 198 74 0 0 0 0 0 0 18 0 0 0 0 0
0 0 0 0 175 0 0 105 0 35 70 35 0 0 70 35
0 105 84 0 0 0 0 0 42 63 42 0 0 168 168 0
167 105 16 152 0 0 139 172 0 43 30 0 146 0 50 0
30 120 190 180 0 90 180 90 155 30 65 0 0 55 35 190
0 0 0 0 0 0 0 0 0 0 0 0 0 0 0 0
0 0 0 0 0 0 0 0 0 0 0 0 0 0 0 0
0 0 0 0 168 196 98 0 98 0 0 0 0 112 196 0
0 0 0 0 0 0 0 0 105 0 0 0 0 105 105 0
140 140 140 35 0 105 70 70 105 0 105 0 0 105 105 0
6 150 120 36 174 102 62 186 66 204 36 0 126 144 120 60
0 0 0 0 140 140 70 0 140 0 0 0 0 70 0 0
180 90 30 30 150 30 90 120 168 198 114 0 0 6 126 120
180 90 0 30 70 120 30 100 30 110 0 0 0 0 40 0
142 160 159 97 165 0 101 167 41 203 74 0 173 27 82 120
0 105 0 0 0 105 0 0 105 0 0 0 0 0 0 105
0 0 96 73 0 0 0 0 0 0 171 0 0 0 0 0
60 30 0 150 0 180 150 6 150 60 24 156 0 0 60 60
0 0 56 0 0 0 0 0 28 112 28 0 0 182 42 140
195 105 30 180 0 0 195 60 0 15 30 0 90 0 120 0
60 30 156 150 0 180 150 180 93 186 123 0 0 117 147 30
183 105 54 198 0 0 141 108 0 27 180 0 204 0 90 167
0 0 0 0 0 0 70 0 70 0 0 0 0 140 0 70
0 0 0 0 0 90 150 0 30 0 0 0 0 60 60 0
120 60 0 90 0 150 90 150 165 0 0 0 0 45 195 60
200 170 80 185 18 159 52 40 177 108 129 0 0 33 45 180
96 90 30 156 54 162 152 36 6 114 156 0 126 204 30 120
0 0 0 0 119 35 70 0 119 0 0 0 0 91 0 0
0 0 0 0 0 0 0 0 0 0 0 0 0 0 0 0
120 60 0 90 175 150 90 55 90 155 0 0 0 0 190 0
64 10 48 94 30 0 152 164 122 56 128 0 146 24 34 60
168 126 0 168 0 0 126 168 0 0 0 0 0 0 0 126
0 0 0 70 0 0 0 0 0 0 0 0 0 0 0 0
0 0 0 0 0 0 0 42 0 0 168 42 0 0 0 0
0 0 182 0 0 0 0 0 196 64 196 0 0 14 204 140
21 105 168 126 0 0 147 126 0 189 0 0 168 0 0 0
60 30 184 150 0 180 150 180 107 144 137 0 0 103 203 100
84 0 42 84 0 0 168 84 0 126 0 0 42 0 0 56
42 0 0 42 0 0 102 42 36 0 168 0 42 114 0 30
0 105 105 105 105 105 0 0 0 0 105 0 0 0 105 0
0 0 0 0 0 0 0 0 105 0 0 0 0 105 105 0
80 110 200 200 150 30 130 100 180 60 60 0 0 30 60 30
18 30 150 108 102 96 46 138 198 192 108 0 168 12 150 180
0 0 0 0 105 105 0 0 105 0 0 0 0 105 0 0
120 60 90 90 30 90 60 150 42 132 6 0 0 144 84 150
90 150 0 120 35 60 120 155 120 55 0 0 0 0 20 0
122 170 39 107 195 0 1 37 121 133 34 0 193 177 32 180
188 101 0 8 0 165 106 88 25 0 0 0 0 0 0 101
0 0 114 172 0 0 0 0 0 0 144 0 0 0 0 0
0 0 0 0 140 0 0 0 0 70 140 70 0 0 140 70
0 0 168 0 0 0 0 0 84 66 84 0 0 126 66 0
0 0 0 0 0 0 0 0 0 0 0 0 0 0 0 0
30 120 36 180 0 90 180 90 183 156 93 0 0 27 147 120
105 105 0 0 0 0 105 0 0 105 0 0 0 0 0 175
0 0 0 0 0 0 0 0 0 0 0 0 0 0 0 0
0 0 0 0 0 0 0 0 0 0 0 0 0 0 0 0
90 150 0 120 0 60 120 60 10 0 0 0 0 200 190 80
0 0 0 0 42 126 168 0 168 42 126 0 0 42 0 0
108 180 60 18 192 156 136 198 138 102 18 0 168 72 60 30
0 0 0 0 43 145 20 0 133 0 0 0 0 77 0 0
60 30 150 150 120 150 30 180 84 24 192 0 0 198 168 180
90 150 0 120 35 60 120 155 120 55 0 0 0 0 20 0
90 60 120 60 180 0 30 60 60 0 180 0 120 60 120 150
140 35 0 140 0 105 70 70 175 0 0 0 0 0 0 35
0 0 162 121 0 0 0 0 0 0 177 0 0 0 0 0
0 0 0 0 175 0 0 105 0 35 70 35 0 0 70 35
0 0 70 0 0 0 0 0 140 170 140 0 0 70 30 70
25 105 20 190 0 0 95 110 0 185 90 0 130 0 10 0
180 90 90 30 0 120 30 120 90 180 180 0 0 120 0 90
57 105 96 72 0 0 99 192 0 153 180 0 36 0 90 83
84 0 0 84 0 0 84 84 147 0 126 0 84 63 0 0
0 0 0 0 0 180 90 0 60 0 0 0 0 120 120 0
60 30 0 150 0 180 150 180 170 0 0 0 0 40 80 100
130 100 10 115 60 75 80 110 135 150 45 0 0 75 45 180
0 0 0 0 0 0 0 0 0 0 0 0 0 0 0 0
0 0 0 0 77 35 70 0 77 0 0 0 0 133 0 0
0 0 0 0 105 105 0 0 42 42 126 0 0 189 84 0
60 30 0 150 35 180 150 185 150 25 0 0 0 0 200 0
0 0 0 0 0 0 0 0 0 0 0 0 0 0 0 0
182 14 0 182 0 0 154 112 70 0 0 0 0 0 0 14
0 0 174 187 0 0 0 0 0 0 159 0 0 0 0 0
90 150 0 120 35 60 120 135 120 55 50 115 0 0 20 55
0 105 168 0 0 0 0 0 84 81 84 0 0 126 186 0
11 105 118 176 0 0 67 166 0 199 90 0 158 0 80 0
0 0 168 0 0 0 0 0 84 168 84 0 0 126 126 0
42 0 126 42 0 0 84 42 0 168 0 0 126 0 0 168
0 0 0 0 0 0 100 0 130 0 0 0 0 50 0 190
0 105 105 105 105 175 140 0 140 0 105 0 0 70 175 0
180 90 168 30 0 120 30 120 83 0 0 0 0 127 107 160
190 130 160 160 36 108 104 80 144 6 48 0 0 66 90 150
78 60 90 48 162 66 106 108 18 132 48 0 168 192 90 150
0 0 0 0 1 145 20 0 91 0 0 0 0 119 0 0
0 0 0 0 0 0 0 0 0 0 0 0 0 0 0 0
18 156 0 108 105 180 66 171 24 81 0 0 0 0 60 0
78 150 111 3 135 0 159 3 129 147 156 0 27 3 48 60
70 70 0 70 0 0 140 140 140 0 0 0 0 0 0 70
0 0 60 155 0 0 0 0 0 0 15 0 0 0 0 0
0 0 0 0 0 0 0 0 0 0 0 0 0 0 0 0
0 0 70 0 0 0 0 0 140 20 140 0 0 70 90 70
20 0 100 110 0 0 160 130 0 190 30 0 20 0 50 0
30 120 92 180 0 90 180 90 106 72 16 0 0 104 154 50
180 0 60 150 0 0 180 120 0 30 60 0 180 0 30 30
84 0 0 84 0 0 124 84 157 0 126 0 84 83 0 160
0 0 0 0 42 24 12 0 162 0 0 0 0 198 114 0
0 0 0 0 0 0 0 0 140 0 0 0 0 70 140 70
50 200 20 20 120 150 160 10 60 90 90 0 0 150 90 150
204 60 90 174 36 108 8 24 144 6 174 0 84 66 90 150
0 0 0 0 1 145 20 0 91 0 0 0 0 119 0 0
40 160 100 100 45 135 20 50 112 72 156 0 0 69 84 120
42 84 0 42 105 0 84 189 126 189 0 0 0 0 0 0
182 140 189 77 105 0 91 7 91 133 154 0 133 147 182 0
140 35 0 140 0 105 70 70 175 0 0 0 0 0 0 35
0 0 168 84 0 0 0 0 0 0 168 0 0 0 0 0
30 120 0 180 175 90 180 171 180 65 124 71 0 0 100 65
0 105 42 0 0 0 0 0 126 189 126 0 0 84 84 0
175 105 140 70 0 0 35 140 0 35 0 0 70 0 70 0
0 0 0 0 0 0 0 0 0 0 0 0 0 0 0 0
48 0 114 138 0 0 6 18 0 162 30 0 174 0 120 92
0 0 0 0 0 0 160 0 145 0 0 0 0 185 0 10
0 105 105 105 147 39 72 0 132 0 105 0 0 138 159 0
0 0 0 0 0 0 0 0 0 0 0 0 0 0 0 0
0 0 0 0 84 42 126 0 126 84 42 0 0 84 0 0
138 90 30 198 12 36 26 78 48 72 198 0 168 162 30 120
0 0 0 0 105 105 0 0 105 0 0 0 0 105 0 0
20 80 50 50 75 15 10 130 182 162 36 0 0 129 84 60
0 0 0 0 175 0 0 175 0 35 0 0 0 0 70 0
134 80 48 164 30 0 82 94 52 196 58 0 76 24 104 60
14 98 0 14 0 0 28 154 70 0 0 0 0 0 0 98
0 0 30 60 0 0 0 0 0 0 60 0 0 0 0 0
60 30 0 150 105 180 150 69 150 165 66 9 0 0 60 165
0 0 140 0 0 0 0 0 70 70 70 0 0 140 0 140
154 0 182 154 0 0 98 14 0 56 0 0 112 0 70 0
180 90 146 30 0 120 30 120 13 96 103 0 0 197 7 20
105 105 0 0 0 0 105 0 0 105 0 0 0 0 0 105
126 0 0 126 0 0 196 126 28 0 84 0 126 182 0 70
0 105 105 105 189 83 94 0 184 0 105 0 0 116 53 0
0 0 168 0 0 0 0 0 168 0 0 0 0 42 42 0
0 0 0 105 42 21 168 0 63 42 21 0 0 147 105 0
78 60 90 48 162 66 176 108 18 132 48 0 168 192 90 150
0 0 0 0 200 20 10 0 140 0 0 0 0 70 0 0
140 140 140 140 0 0 70 70 140 0 0 0 0 0 0 0
0 0 0 0 0 0 0 0 0 0 0 0 0 0 0 0
120 150 90 150 30 0 180 150 150 0 30 0 90 150 90 60
0 0 0 0 0 0 0 0 0 0 0 0 0 0 0 0
0 0 168 84 0 0 0 0 0 0 168 0 0 0 0 0
120 60 0 90 35 150 90 117 90 85 188 67 0 0 50 85
0 105 98 0 0 0 0 0 154 1 154 0 0 56 36 140
193 105 104 148 0 0 11 68 0 17 90 0 4 0 10 0
0 0 154 0 0 0 0 0 77 84 77 0 0 133 203 70
99 105 12 114 0 0 183 24 0 111 180 0 162 0 90 111
126 0 0 126 0 0 56 126 98 0 84 0 126 112 0 140
0 105 105 105 147 179 142 0 202 0 105 0 0 68 89 0
0 0 126 0 0 0 0 0 91 0 0 0 0 119 49 140
0 0 0 105 126 63 84 0 189 126 63 0 0 21 105 0
12 90 30 72 138 204 194 162 132 198 72 0 42 78 30 120
0 0 0 0 0 0 0 0 0 0 0 0 0 0 0 0
150 180 60 60 195 165 180 30 42 102 186 0 0 159 84 30
96 132 0 156 175 120 72 37 198 47 0 0 0 0 40 0
60 180 150 180 120 0 90 180 180 0 120 0 150 180 150 30
202 199 0 22 0 165 134 32 95 0 0 0 0 0 0 199
0 0 126 98 0 0 0 0 0 0 126 0 0 0 0 0
0 0 0 0 140 0 0 168 0 70 182 28 0 0 140 70
0 105 28 0 0 0 0 0 14 161 14 0 0 196 126 70
105 105 0 0 0 0 105 0 0 105 0 0 0 0 0 0
60 30 100 150 0 180 150 180 65 60 95 0 0 145 35 100
15 105 180 30 0 0 15 150 0 195 180 0 120 0 90 125
0 0 0 0 0 0 0 0 0 0 0 0 0 0 0 0
0 0 0 0 0 90 150 0 30 0 0 0 0 60 60 0
120 60 168 90 0 150 90 150 53 0 0 0 0 157 167 130
20 80 50 50 90 60 190 130 150 120 120 0 0 60 120 60
48 150 120 78 132 186 146 18 108 162 78 0 168 102 120 60
0 0 0 0 60 90 150 0 0 0 0 0 0 0 0 0
140 140 140 140 105 105 70 70 56 126 168 0 0 147 42 0
54 48 0 114 140 120 198 128 72 208 0 0 0 0 110 0
120 150 90 150 30 0 180 150 150 0 30 0 90 150 90 60
140 35 0 140 0 105 70 70 175 0 0 0 0 0 0 35
0 0 168 84 0 0 0 0 0 0 168 0 0 0 0 0
0 0 0 0 105 0 0 189 0 105 126 189 0 0 0 105
0 105 42 0 0 0 0 0 126 99 126 0 0 84 204 0
167 105 16 152 0 0 139 172 0 43 30 0 146 0 50 0
180 90 6 30 0 120 30 120 48 96 138 0 0 162 42 90
84 0 42 84 0 0 168 84 0 126 0 0 42 0 0 126
168 0 0 168 0 0 158 168 29 0 42 0 168 121 0 170
0 105 105 105 147 49 182 0 182 0 105 0 0 28 49 0
150 180 0 60 0 30 60 30 40 0 0 0 0 170 130 110
150 180 60 165 150 135 60 30 75 60 165 0 0 135 165 30
72 120 180 12 198 174 184 132 162 138 12 0 42 48 180 90
0 0 0 0 25 55 80 0 175 0 0 0 0 35 0 0
90 150 120 120 75 15 150 60 42 162 36 0 0 129 84 60
0 0 0 0 0 0 0 0 0 0 0 0 0 0 0 0
142 160 159 97 165 0 101 167 41 203 74 0 173 27 82 120
196 112 0 196 0 0 182 56 140 0 0 0 0 0 0 112
0 0 168 189 0 0 0 0 0 0 63 0 0 0 0 0
0 0 0 0 35 0 0 147 0 175 98 7 0 0 140 175
0 105 140 0 0 0 0 0 70 175 70 0 0 140 0 140
105 105 0 0 0 0 105 0 0 105 0 0 0 0 0 0
150 180 82 60 0 30 60 30 131 192 101 0 0 79 119 40
105 105 0 0 0 0 105 0 0 105 0 0 0 0 0 105
84 0 0 84 0 0 114 84 207 0 126 0 84 183 0 120
0 0 0 0 84 28 14 0 14 0 0 0 0 196 28 0
0 0 0 0 0 0 0 0 175 0 0 0 0 35 175 140
200 170 80 185 18 159 52 40 177 108 129 0 0 33 45 180
48 150 120 78 132 186 76 18 108 162 78 0 168 102 120 60
0 0 0 0 157 85 200 0 7 0 0 0 0 203 0 0
100 190 40 40 165 75 50 20 70 180 180 0 0 15 0 90
0 0 0 0 140 0 0 140 0 70 0 0 0 0 140 0
112 70 84 112 0 0 56 182 56 98 14 0 98 42 112 0
128 176 0 68 0 90 166 118 160 0 0 0 0 0 0 176
0 0 102 36 0 0 0 0 0 0 162 0 0 0 0 0
0 0 0 0 140 0 0 126 0 70 14 196 0 0 140 70
0 105 42 0 0 0 0 0 126 9 126 0 0 84 114 0
175 105 140 70 0 0 35 140 0 35 0 0 70 0 70 0
0 0 0 0 0 0 0 0 0 0 0 0 0 0 0 0
183 105 54 198 0 0 141 108 0 27 180 0 204 0 90 167
0 0 0 0 0 0 0 0 105 0 0 0 0 105 0 0
0 0 0 0 0 10 110 0 50 0 0 0 0 100 100 0
0 0 0 0 0 0 0 0 175 0 0 0 0 35 175 140
140 140 140 140 0 0 70 70 0 0 0 0 0 0 0 0
102 30 150 192 18 54 74 12 72 108 192 0 42 138 150 180
0 0 0 0 0 0 0 0 0 0 0 0 0 0 0 0
20 80 50 50 180 120 10 130 140 120 120 0 0 150 0 60
0 0 0 0 35 0 0 35 0 175 0 0 0 0 140 0
30 90 75 195 165 0 45 195 195 105 60 0 75 195 180 120
188 101 0 8 0 165 106 88 25 0 0 0 0 0 0 101
0 0 12 136 0 0 0 0 0 0 192 0 0 0 0 0
120 60 0 90 140 150 90 54 90 190 146 4 0 0 50 190
0 0 0 0 0 0 0 0 0 60 0 0 0 0 60 0
101 105 148 146 0 0 157 16 0 109 120 0 38 0 200 0
0 0 182 0 0 0 0 0 196 42 196 0 0 14 154 140
105 105 0 0 0 0 105 0 0 105 0 0 0 0 0 35
0 0 0 0 0 0 160 0 40 0 0 0 0 80 0 10
0 0 0 0 126 142 176 0 206 0 0 0 0 34 202 0
0 0 84 0 0 0 0 0 189 0 0 0 0 21 21 0
30 120 180 180 198 174 12 90 162 138 54 0 0 48 180 90
192 180 60 102 108 114 94 72 12 18 102 0 42 198 60 30
0 0 0 0 0 0 0 0 0 0 0 0 0 0 0 0
120 60 90 90 135 195 60 150 0 90 90 0 0 165 0 150
30 120 0 180 0 90 180 180 180 30 0 0 0 0 30 0
154 70 63 49 105 0 77 119 77 161 98 0 161 189 154 0
70 70 0 70 0 0 140 140 140 0 0 0 0 0 0 70
0 0 120 205 0 0 0 0 0 0 135 0 0 0 0 0
90 150 0 120 105 60 120 135 120 195 120 45 0 0 90 195
0 105 70 0 0 0 0 0 140 35 140 0 0 70 0 70
7 105 56 112 0 0 119 182 0 203 0 0 196 0 70 0
150 180 40 60 0 30 60 30 5 150 185 0 0 205 35 40
57 105 96 72 0 0 99 192 0 153 180 0 36 0 90 83
126 0 0 126 0 0 96 126 108 0 84 0 126 132 0 90
0 105 105 105 105 75 90 0 60 0 105 0 0 120 15 0
0 0 126 0 0 0 0 0 91 0 0 0 0 119 49 140
0 0 0 105 0 105 0 0 105 0 105 0 0 105 105 0
12 90 30 72 138 204 194 162 132 198 72 0 42 78 30 120
0 0 0 0 70 70 140 0 70 0 0 0 0 140 0 0
0 0 0 0 105 105 0 0 0 0 0 0 0 105 0 0
0 0 0 0 175 0 0 175 0 35 0 0 0 0 70 0
126 0 42 126 0 0 168 126 168 84 42 0 84 126 126 0
112 154 0 112 0 0 14 182 140 0 0 0 0 0 0 154
0 0 174 187 0 0 0 0 0 0 159 0 0 0 0 0
0 0 0 0 0 0 0 84 0 0 126 84 0 0 0 0
0 0 0 0 0 0 0 0 0 0 0 0 0 0 0 0
147 105 126 42 0 0 189 42 0 63 0 0 126 0 0 0
0 0 126 0 0 0 0 0 63 126 63 0 0 147 147 0
168 0 84 168 0 0 126 168 0 42 0 0 84 0 0 42
0 0 0 0 0 0 70 0 175 0 0 0 0 35 0 70
0 105 105 105 105 175 140 0 140 0 105 0 0 70 175 0
0 0 0 0 0 0 0 0 70 0 0 0 0 140 70 140
70 70 70 175 42 21 98 140 63 42 21 0 0 147 105 0
78 60 90 48 162 66 176 108 18 132 48 0 168 192 90 150
0 0 0 0 1 145 20 0 91 0 0 0 0 119 0 0
180 90 30 30 45 135 90 120 0 30 30 0 0 195 0 120
126 42 0 126 70 0 42 112 168 182 0 0 0 0 70 0
0 0 0 0 0 0 0 0 0 0 0 0 0 0 0 0
84 63 0 84 0 105 168 84 105 0 0 0 0 0 0 63
0 0 30 165 0 0 0 0 0 0 165 0 0 0 0 0
60 30 0 150 35 180 150 195 150 25 80 205 0 0 200 25
0 105 0 0 0 0 0 0 0 105 0 0 0 0 0 0
165 105 90 120 0 0 165 180 0 45 90 0 60 0 150 0
0 0 70 0 0 0 0 0 140 0 140 0 0 70 140 70
0 0 0 0 0 0 0 0 0 0 0 0 0 0 0 70
84 0 0 84 0 0 124 84 157 0 126 0 84 83 0 160
0 0 0 0 168 146 178 0 58 0 0 0 0 32 116 0
0 0 84 0 0 0 0 0 84 0 0 0 0 126 126 0
0 0 0 0 0 0 0 0 0 0 0 0 0 0 0 0
6 150 120 36 174 102 202 186 66 204 36 0 126 144 120 60
0 0 0 0 190 40 20 0 70 0 0 0 0 140 0 0
70 70 70 70 0 0 140 140 70 0 0 0 0 0 0 0
126 42 0 126 0 0 42 42 168 42 0 0 0 0 0 0
70 70 0 70 0 0 140 140 140 140 140 0 140 0 70 0
168 21 0 168 0 105 126 168 105 0 0 0 0 0 0 21
0 0 90 75 0 0 0 0 0 0 75 0 0 0 0 0
30 120 0 180 175 90 180 171 180 65 124 71 0 0 100 65
0 0 70 0 0 0 0 0 140 50 140 0 0 70 120 70
195 105 30 180 0 0 195 60 0 15 30 0 90 0 120 0
0 0 126 0 0 0 0 0 63 126 63 0 0 147 147 0
15 105 180 30 0 0 15 150 0 195 180 0 120 0 90 125
126 0 0 126 0 0 126 126 63 0 84 0 126 147 0 0
0 0 0 0 168 126 168 0 168 0 0 0 0 42 126 0
90 150 42 120 0 60 120 60 87 0 0 0 0 123 183 150
160 10 190 190 90 60 50 200 150 120 120 0 0 60 120 60
18 30 150 108 102 96 116 138 198 192 108 0 168 12 150 180
0 0 0 0 56 140 70 0 56 0 0 0 0 154 0 0
20 80 50 50 75 15 10 130 182 162 36 0 0 129 84 60
84 168 0 84 175 0 168 133 42 203 0 0 0 0 70 0
0 0 105 105 105 0 105 105 105 105 0 0 105 105 0 0
28 196 0 28 0 0 56 98 140 0 0 0 0 0 0 196
0 0 0 0 0 0 0 0 0 0 0 0 0 0 0 0
0 0 0 0 105 0 0 63 0 105 42 63 0 0 0 105
0 105 140 0 0 0 0 0 70 145 70 0 0 140 180 140
42 0 126 42 0 0 84 42 0 168 0 0 126 0 0 0
0 0 84 0 0 0 0 0 42 84 42 0 0 168 168 0
84 0 42 84 0 0 168 84 0 126 0 0 42 0 0 126
84 0 0 84 0 0 184 84 67 0 126 0 84 113 0 190
0 105 105 105 189 83 94 0 184 0 105 0 0 116 53 0
150 180 0 60 0 30 60 30 75 0 0 0 0 135 165 180
140 140 140 35 0 105 70 70 105 0 105 0 0 105 105 0
78 60 90 48 162 66 176 108 18 132 48 0 168 192 90 150
0 0 0 0 45 15 60 0 105 0 0 0 0 105 0 0
0 0 0 0 105 105 0 0 0 0 0 0 0 105 0 0
150 180 0 60 140 30 60 200 60 10 0 0 0 0 80 0
208 190 51 43 45 0 179 113 29 77 206 0 107 183 58 90
154 133 0 154 0 105 98 14 35 0 0 0 0 0 0 133
0 0 120 100 0 0 0 0 0 0 30 0 0 0 0 0
0 0 0 0 140 0 0 0 0 70 140 70 0 0 140 70
0 105 98 0 0 0 0 0 154 1 154 0 0 56 36 140
84 0 42 84 0 0 168 84 0 126 0 0 42 0 0 0
120 60 200 90 0 150 90 150 130 120 190 0 0 80 70 200
63 105 84 168 0 0 21 168 0 147 0 0 84 0 0 77
0 0 0 0 0 0 120 0 135 0 0 0 0 165 0 60
0 0 0 0 0 0 0 0 0 0 0 0 0 0 0 0
150 180 0 60 0 30 60 30 40 0 0 0 0 170 130 110
100 190 40 40 30 90 110 20 120 180 180 0 0 90 180 90
192 180 60 102 108 114 94 72 12 18 102 0 42 198 60 30
0 0 0 0 145 25 170 0 175 0 0 0 0 35 0 0
170 50 110 110 165 75 190 160 140 180 180 0 0 15 0 90
96 132 0 156 175 120 72 37 198 47 0 0 0 0 40 0
0 0 105 105 105 0 105 105 105 105 0 0 105 105 0 0
120 165 0 90 0 45 90 150 45 0 0 0 0 0 0 165
0 0 126 63 0 0 0 0 0 0 21 0 0 0 0 0
0 0 0 0 70 0 0 0 0 140 70 140 0 0 70 140
0 105 98 0 0 0 0 0 154 91 154 0 0 56 126 140
168 0 84 168 0 0 126 168 0 42 0 0 84 0 0 0
120 60 144 90 0 150 90 150 207 204 57 0 0 3 63 60
45 105 120 90 0 0 45 30 0 165 120 0 150 0 60 95
0 0 0 0 0 0 0 0 0 0 0 0 0 0 0 0
0 0 0 0 0 30 120 0 150 0 0 0 0 90 90 0
120 60 168 90 0 150 90 150 53 0 0 0 0 157 167 130
180 90 30 30 180 120 30 120 90 30 30 0 0 120 30 120
54 90 30 114 96 78 208 204 174 156 114 0 84 36 30 120
0 0 0 0 45 15 60 0 105 0 0 0 0 105 0 0
0 0 0 0 0 0 0 0 0 0 0 0 0 0 0 0
126 42 0 126 140 0 42 182 168 112 0 0 0 0 140 0
0 0 0 0 0 0 0 0 0 0 0 0 0 0 0 0
98 56 0 98 0 0 196 28 70 0 0 0 0 0 0 56
0 0 48 194 0 0 0 0 0 0 138 0 0 0 0 0
120 60 0 90 35 150 90 117 90 85 188 67 0 0 50 85
0 105 0 0 0 0 0 0 0 165 0 0 0 0 60 0
167 105 16 152 0 0 139 172 0 43 30 0 146 0 50 0
0 0 112 0 0 0 0 0 161 42 161 0 0 49 119 70
84 0 42 84 0 0 168 84 0 126 0 0 42 0 0 126
126 0 0 126 0 0 46 126 43 0 84 0 126 107 0 100
0 0 0 0 0 60 30 0 90 0 0 0 0 180 180 0
0 0 0 0 0 0 0 0 105 0 0 0 0 105 105 0
140 140 140 35 126 63 154 70 189 126 63 0 0 21 105 0
72 120 180 12 198 174 44 132 162 138 12 0 42 48 180 90
0 0 0 0 174 30 120 0 84 0 0 0 0 126 0 0
200 170 80 80 15 45 100 40 140 150 150 0 0 135 0 180
42 84 0 42 105 0 84 189 126 189 0 0 0 0 0 0
142 160 159 97 165 0 101 167 41 203 74 0 173 27 82 120
156 57 0 96 0 195 12 6 195 0 0 0 0 0 0 57
0 0 60 155 0 0 0 0 0 0 15 0 0 0 0 0
0 0 0 0 140 0 0 0 0 70 140 70 0 0 140 70
0 0 0 0 0 0 0 0 0 0 0 0 0 0 0 0
42 0 126 42 0 0 84 42 0 168 0 0 126 0 0 0
0 0 0 0 0 0 0 0 105 0 105 0 0 105 105 0
0 0 0 0 0 0 0 0 0 0 0 0 0 0 0 0
0 0 0 0 0 0 150 0 90 0 0 0 0 180 0 180
0 105 105 105 105 195 150 0 30 0 105 0 0 60 165 0
90 150 126 120 0 60 120 60 206 0 0 0 0 4 134 10
200 170 80 185 18 159 52 40 177 108 129 0 0 33 45 180
108 180 60 18 192 156 206 198 138 102 18 0 168 72 60 30
0 0 0 0 75 165 30 0 105 0 0 0 0 105 0 0
90 150 120 120 180 120 150 60 0 120 120 0 0 150 0 60
0 0 0 0 0 0 0 0 0 0 0 0 0 0 0 0
0 0 0 0 0 0 0 0 0 0 0 0 0 0 0 0
120 60 0 90 0 150 90 150 150 0 0 0 0 0 0 60
0 0 150 20 0 0 0 0 0 0 90 0 0 0 0 0
0 0 0 0 140 0 0 0 0 70 140 70 0 0 140 70
0 0 126 0 0 0 0 0 168 42 168 0 0 42 42 0
155 105 40 170 0 0 85 10 0 55 180 0 50 0 20 0
60 30 184 150 0 180 150 180 107 144 137 0 0 103 203 100
69 105 72 54 0 0 153 144 0 141 30 0 132 0 120 71
42 0 0 42 0 0 162 42 156 0 168 0 42 144 0 60
0 105 105 105 21 147 126 0 126 0 105 0 0 84 147 0
30 120 42 180 0 90 180 90 127 0 0 0 0 83 103 50
50 200 20 20 78 24 202 10 102 48 174 0 0 108 90 150
144 30 150 24 186 138 88 54 114 66 24 0 84 96 150 180
0 0 0 0 150 120 60 0 0 0 0 0 0 0 0 0
0 0 0 0 0 0 0 0 0 0 0 0 0 0 0 0
0 0 0 0 105 0 0 105 0 105 0 0 0 0 0 0
70 70 105 175 105 0 35 35 35 35 140 0 35 105 70 0
188 101 0 8 0 165 106 88 25 0 0 0 0 0 0 101
0 0 30 25 0 0 0 0 0 0 165 0 0 0 0 0
60 30 0 150 70 180 150 6 150 200 94 86 0 0 130 200
0 105 28 0 0 0 0 0 14 161 14 0 0 196 126 70
35 105 70 140 0 0 175 70 0 175 0 0 140 0 140 0
180 90 160 30 0 120 30 120 20 180 110 0 0 190 140 160
105 105 0 0 0 0 105 0 0 105 0 0 0 0 0 35
168 0 0 168 0 0 8 168 44 0 42 0 168 46 0 200
0 0 0 0 0 0 0 0 0 0 0 0 0 0 0 0
0 0 0 0 0 0 0 0 105 0 0 0 0 105 105 0
170 50 110 5 72 111 208 160 183 12 201 0 0 27 75 90
132 150 120 162 48 144 34 102 192 78 162 0 42 18 120 60
0 0 0 0 70 70 140 0 70 0 0 0 0 140 0 0
0 0 0 0 0 0 0 0 168 168 84 0 0 126 126 0
54 48 0 114 140 120 198 128 72 208 0 0 0 0 110 0
0 0 0 0 0 0 0 0 0 0 0 0 0 0 0 0
70 70 0 70 0 0 140 140 140 0 0 0 0 0 0 70
0 0 168 84 0 0 0 0 0 0 168 0 0 0 0 0
0 0 0 0 0 0 0 0 0 0 0 0 0 0 0 0
0 0 196 0 0 0 0 0 98 32 98 0 0 112 102 70
0 0 0 0 0 0 0 0 0 0 0 0 0 0 0 0
60 30 170 150 0 180 150 180 205 60 25 0 0 5 175 170
57 105 96 72 0 0 99 192 0 153 180 0 36 0 90 83
0 0 0 0 0 0 170 0 95 0 0 0 0 85 0 50
0 0 0 0 0 70 140 0 140 0 0 0 0 70 70 0
90 150 168 120 0 60 120 60 143 0 0 0 0 67 197 10
0 0 0 105 84 147 126 0 21 84 147 0 0 189 105 0
156 120 180 96 114 132 142 6 36 54 96 0 126 174 180 90
0 0 0 0 129 15 60 0 189 0 0 0 0 21 0 0
140 140 140 140 0 0 70 70 182 42 126 0 0 84 84 0
42 84 0 42 105 0 84 189 126 189 0 0 0 0 0 0
98 140 126 98 0 0 154 28 154 112 196 0 112 168 98 0
156 162 0 96 0 90 12 6 90 0 0 0 0 0 0 162
0 0 174 187 0 0 0 0 0 0 159 0 0 0 0 0
0 0 0 0 70 0 0 126 0 140 154 56 0 0 70 140
0 0 112 0 0 0 0 0 56 14 56 0 0 154 84 70
168 0 84 168 0 0 126 168 0 42 0 0 84 0 0 0
0 0 112 0 0 0 0 0 56 42 56 0 0 154 14 70
147 105 126 42 0 0 189 42 0 63 0 0 126 0 0 203
84 0 0 84 0 0 194 84 122 0 126 0 84 118 0 20
0 105 105 105 189 123 114 0 174 0 105 0 0 96 33 0
0 0 0 0 0 0 0 0 105 0 0 0 0 105 105 0
180 90 30 135 180 15 30 120 195 30 135 0 0 15 135 120
0 0 0 0 0 0 0 0 0 0 0 0 0 0 0 0
0 0 0 0 1 145 20 0 91 0 0 0 0 119 0 0
0 0 0 0 105 105 0 0 126 126 168 0 0 147 42 0
174 108 0 204 105 60 78 183 162 153 0 0 0 0 90 0
0 0 105 105 105 0 105 105 105 105 0 0 105 105 0 0
42 84 0 42 0 0 84 42 0 0 0 0 0 0 0 84
0 0 126 63 0 0 0 0 0 0 21 0 0 0 0 0
60 30 0 150 35 180 150 69 150 25 206 79 0 0 200 25
0 0 0 0 0 0 0 0 0 0 0 0 0 0 0 0
185 105 190 20 0 0 115 100 0 25 120 0 80 0 200 0
90 150 80 120 0 60 120 60 10 90 160 0 0 200 70 80
180 0 60 150 0 0 180 120 0 30 60 0 180 0 30 30
84 0 0 84 0 0 124 84 157 0 126 0 84 83 0 160
0 0 0 0 0 50 130 0 40 0 0 0 0 80 80 0
120 60 126 90 0 150 90 150 81 0 0 0 0 129 69 60
180 90 30 30 180 120 30 120 90 30 30 0 0 120 30 120
108 180 60 18 192 156 136 198 138 102 18 0 168 72 60 30
0 0 0 0 105 105 0 0 105 0 0 0 0 105 0 0
90 150 120 120 180 120 150 60 0 120 120 0 0 150 0 60
90 150 0 120 105 60 120 15 120 195 0 0 0 0 90 0
206 170 102 86 90 0 148 16 58 154 202 0 4 156 116 180
154 28 0 154 0 0 98 14 140 0 0 0 0 0 0 28
0 0 90 180 0 0 0 0 0 0 180 0 0 0 0 0
0 0 0 0 0 0 0 0 0 0 0 0 0 0 0 0
0 0 0 0 0 0 0 0 0 90 0 0 0 0 90 0
205 105 80 130 0 0 65 20 0 5 150 0 100 0 40 0
60 30 86 150 0 180 150 180 58 186 88 0 0 152 112 170
168 0 84 168 0 0 126 168 0 42 0 0 84 0 0 42
168 0 0 168 0 0 98 168 14 0 42 0 168 196 0 140
0 105 105 105 21 147 126 0 126 0 105 0 0 84 147 0
0 0 84 0 0 0 0 0 119 0 0 0 0 91 161 70
180 90 30 135 138 99 72 120 27 198 9 0 0 183 135 120
132 150 120 162 48 144 104 102 192 78 162 0 42 18 120 60
0 0 0 0 147 105 0 0 147 0 0 0 0 63 0 0
20 80 50 50 75 15 10 130 182 162 36 0 0 129 84 60
84 168 0 84 105 0 168 63 42 63 0 0 0 0 0 0
30 90 180 90 60 0 150 90 90 0 60 0 180 90 180 120
0 105 0 0 0 105 0 0 105 0 0 0 0 0 0 105
0 0 0 0 0 0 0 0 0 0 0 0 0 0 0 0
30 120 0 180 35 90 180 129 180 205 26 169 0 0 170 205
0 105 0 0 0 0 0 0 0 45 0 0 0 0 150 0
140 0 70 140 0 0 70 70 0 70 0 0 140 0 140 0
0 0 126 0 0 0 0 0 63 126 63 0 0 147 147 0
57 105 96 72 0 0 99 192 0 153 180 0 36 0 90 83
0 0 0 0 0 0 70 0 70 0 0 0 0 140 0 70
0 105 105 105 189 83 94 0 184 0 105 0 0 116 53 0
0 0 0 0 0 0 0 0 0 0 0 0 0 0 0 0
70 70 70 175 0 105 140 140 105 0 105 0 0 105 105 0
72 120 180 12 198 174 44 132 162 138 12 0 42 48 180 90
0 0 0 0 35 35 70 0 35 0 0 0 0 175 0 0
180 90 30 30 45 135 90 120 0 30 30 0 0 195 0 120
60 30 0 150 140 180 150 80 150 130 0 0 0 0 200 0
40 190 135 85 45 0 95 155 155 35 80 0 65 15 100 90
84 168 0 84 0 0 168 84 0 0 0 0 0 0 0 168
0 0 156 18 0 0 0 0 0 0 186 0 0 0 0 0
30 120 0 180 0 90 180 150 180 30 180 120 0 0 30 30
0 105 98 0 0 0 0 0 154 1 154 0 0 56 36 140
133 105 14 28 0 0 161 98 0 77 0 0 154 0 70 0
0 0 140 0 0 0 0 0 70 0 70 0 0 140 70 140
135 105 150 60 0 0 135 90 0 75 150 0 30 0 180 75
84 0 0 84 0 0 104 84 47 0 126 0 84 73 0 80
0 105 105 105 105 175 140 0 140 0 105 0 0 70 175 0
30 120 0 180 0 90 180 90 15 0 0 0 0 195 75 120
0 0 0 0 0 0 0 0 0 0 0 0 0 0 0 0
144 30 150 24 186 138 88 54 114 66 24 0 84 96 150 180
0 0 0 0 161 35 70 0 161 0 0 0 0 49 0 0
110 20 170 170 150 30 160 190 140 30 30 0 0 90 0 120
96 132 0 156 175 120 72 37 198 47 0 0 0 0 40 0
66 30 207 51 195 0 183 51 93 189 132 0 39 51 186 180
0 0 0 0 0 0 0 0 0 0 0 0 0 0 0 0
0 0 168 119 0 0 0 0 0 0 63 0 0 0 0 0
0 0 0 0 105 0 0 105 0 105 0 105 0 0 0 105
0 105 182 0 0 0 0 0 196 49 196 0 0 14 84 140
76 0 128 166 0 0 62 116 0 134 30 0 118 0 190 0
90 150 178 120 0 60 120 60 59 48 209 0 0 151 161 10
0 0 0 0 0 0 0 0 0 0 0 0 0 0 0 0
42 0 0 42 0 0 42 42 126 0 168 0 42 84 0 0
0 0 0 0 0 0 0 0 0 0 0 0 0 0 0 0
120 60 168 90 0 150 90 150 53 0 0 0 0 157 167 130
140 140 140 35 168 189 112 70 147 168 189 0 0 63 105 0
174 150 120 204 6 18 118 144 24 36 204 0 84 186 120 60
0 0 0 0 105 105 0 0 105 0 0 0 0 105 0 0
70 70 70 70 0 0 140 140 28 168 84 0 0 126 126 0
0 0 0 0 35 0 0 35 0 175 0 0 0 0 140 0
128 20 96 188 60 0 94 118 34 112 46 0 82 48 68 120
98 161 0 98 0 105 196 28 175 0 0 0 0 0 0 161
0 0 120 100 0 0 0 0 0 0 30 0 0 0 0 0
30 120 0 180 175 90 180 45 180 65 40 155 0 0 100 65
0 105 42 0 0 0 0 0 126 69 126 0 0 84 174 0
167 105 16 152 0 0 139 172 0 43 30 0 146 0 50 0
60 30 156 150 0 180 150 180 198 186 18 0 0 12 42 30
78 0 54 198 0 0 36 108 0 132 180 0 204 0 90 132
0 0 0 0 0 0 0 0 0 0 0 0 0 0 0 0
0 105 105 105 105 75 90 0 60 0 105 0 0 120 15 0
150 180 0 60 0 30 60 30 145 0 0 0 0 65 25 110
70 70 70 175 0 105 140 140 105 0 105 0 0 105 105 0
174 150 120 204 6 18 188 144 24 36 204 0 84 186 120 60
0 0 0 0 207 195 150 0 147 0 0 0 0 63 0 0
30 120 180 180 165 75 120 90 84 54 12 0 0 183 168 90
120 60 0 90 70 150 90 160 90 50 0 0 0 0 190 0
142 160 159 97 165 0 101 167 41 203 74 0 173 27 82 120
180 90 0 30 0 120 30 120 120 0 0 0 0 0 0 90
0 0 0 140 0 0 0 0 0 0 0 0 0 0 0 0
150 180 0 60 105 30 60 141 60 45 144 201 0 0 150 45
0 105 70 0 0 0 0 0 140 35 140 0 0 70 0 70
63 105 84 168 0 0 21 168 0 147 0 0 84 0 0 0
0 0 196 0 0 0 0 0 203 126 203 0 0 7 77 70
159 105 102 24 0 0 33 204 0 51 60 0 12 0 30 191
0 0 0 0 0 0 140 0 140 0 0 0 0 70 0 140
0 105 105 105 105 105 0 0 0 0 105 0 0 0 105 0
30 120 126 180 0 90 180 90 1 0 0 0 0 209 19 50
200 170 80 185 18 159 52 40 177 108 129 0 0 33 45 180
204 60 90 174 36 108 148 24 144 6 174 0 84 66 90 150
0 0 0 0 95 125 10 0 35 0 0 0 0 175 0 0
60 30 150 150 120 150 30 180 0 150 150 0 0 30 0 180
0 0 0 0 0 0 0 0 0 0 0 0 0 0 0 0
196 70 42 196 0 0 98 56 98 14 182 0 14 126 196 0
140 35 0 140 0 105 70 70 175 0 0 0 0 0 0 35
0 0 12 66 0 0 0 0 0 0 192 0 0 0 0 0
30 120 0 180 70 90 180 66 180 170 124 176 0 0 100 170
0 105 56 0 0 0 0 0 28 7 28 0 0 182 42 140
189 105 42 84 0 0 63 84 0 21 0 0 42 0 0 0
60 30 184 150 0 180 150 180 107 144 137 0 0 103 203 100
183 105 54 198 0 0 141 108 0 27 180 0 204 0 90 27
84 0 0 84 0 0 204 84 177 0 126 0 84 123 0 60
0 0 0 0 0 140 70 0 70 0 0 0 0 140 140 0
120 60 168 90 0 150 90 150 193 0 0 0 0 17 97 200
0 0 0 0 42 126 168 0 168 42 126 0 0 42 0 0
36 60 90 6 204 192 92 66 186 174 6 0 126 24 90 150
0 0 0 0 105 105 0 0 105 0 0 0 0 105 0 0
140 140 140 140 0 0 70 70 140 0 0 0 0 0 0 0
0 0 0 0 175 0 0 175 0 35 0 0 0 0 70 0
70 70 0 70 0 0 140 140 140 140 140 0 140 0 70 0
188 101 0 8 0 165 106 88 25 0 0 0 0 0 0 101
0 0 0 0 0 0 0 0 0 0 0 0 0 0 0 0
0 0 0 0 0 0 0 0 0 0 0 0 0 0 0 0
0 0 84 0 0 0 0 0 42 108 42 0 0 168 108 0
90 0 30 180 0 0 90 60 0 120 30 0 90 0 120 0
0 0 0 0 0 0 0 0 0 0 0 0 0 0 0 0
60 0 90 120 0 0 60 180 0 150 90 0 60 0 150 10
84 0 0 84 0 0 154 84 112 0 126 0 84 98 0 70
0 105 105 105 147 119 112 0 112 0 105 0 0 98 119 0
120 60 0 90 0 150 90 150 130 0 0 0 0 80 160 200
170 50 110 5 30 195 40 160 15 180 75 0 0 195 75 90
54 90 30 114 96 78 68 204 174 156 114 0 84 36 30 120
0 0 0 0 88 160 80 0 28 0 0 0 0 182 0 0
10 40 130 130 195 165 110 170 70 60 60 0 0 75 0 30
42 84 0 42 35 0 84 119 126 49 0 0 0 0 140 0
0 0 105 105 105 0 105 105 105 105 0 0 105 105 0 0
126 147 0 126 0 105 42 126 105 0 0 0 0 0 0 147
0 0 48 159 0 0 0 0 0 0 33 0 0 0 0 0
180 90 0 30 70 120 30 102 30 110 58 62 0 0 40 110
0 0 70 0 0 0 0 0 140 110 140 0 0 70 180 70
5 105 130 80 0 0 145 190 0 205 60 0 110 0 170 0
0 0 140 0 0 0 0 0 175 0 175 0 0 35 175 140
57 105 96 72 0 0 99 192 0 153 180 0 36 0 90 83
0 0 0 0 0 0 0 0 0 0 0 0 0 0 0 0
0 0 0 0 0 190 200 0 110 0 0 0 0 10 10 0
180 90 0 30 0 120 30 120 195 0 0 0 0 15 135 90
160 10 190 190 90 60 50 200 150 120 120 0 0 60 120 60
18 30 150 108 102 96 46 138 198 192 108 0 168 12 150 180
0 0 0 0 0 0 0 0 0 0 0 0 0 0 0 0
140 140 140 140 105 105 70 70 140 0 0 0 0 105 0 0
90 150 0 120 105 60 120 15 120 195 0 0 0 0 90 0
180 120 30 120 150 0 60 120 120 0 150 0 30 120 30 90
98 56 0 98 0 0 196 28 70 0 0 0 0 0 0 56
0 0 174 187 0 0 0 0 0 0 159 0 0 0 0 0
180 90 0 30 0 120 30 144 30 180 156 174 0 0 180 180
0 0 42 0 0 0 0 0 126 84 126 0 0 84 84 0
78 0 54 198 0 0 36 108 0 132 180 0 204 0 90 0
0 0 84 0 0 0 0 0 42 84 42 0 0 168 168 0
42 0 126 42 0 0 84 42 0 168 0 0 126 0 0 98
168 0 0 168 0 0 28 168 154 0 42 0 168 56 0 70
0 105 105 105 105 105 0 0 0 0 105 0 0 0 105 0
0 0 42 0 0 0 0 0 77 0 0 0 0 133 203 70
0 0 0 105 0 105 0 0 105 0 105 0 0 105 105 0
102 30 150 192 18 54 74 12 72 108 192 0 42 138 150 180
0 0 0 0 1 145 20 0 91 0 0 0 0 119 0 0
150 180 60 60 195 165 180 30 0 60 60 0 0 75 0 30
114 78 0 54 0 90 138 138 12 198 0 0 0 0 30 0
170 20 75 125 165 0 115 55 55 175 130 0 145 195 110 120
0 105 0 0 0 105 0 0 105 0 0 0 0 0 0 105
0 0 162 121 0 0 0 0 0 0 177 0 0 0 0 0
0 0 0 0 70 0 0 0 0 140 70 140 0 0 70 140
0 0 0 0 0 0 0 0 0 0 0 0 0 0 0 0
21 105 168 126 0 0 147 126 0 189 0 0 168 0 0 0
150 180 180 60 0 30 60 30 180 150 150 0 0 30 0 180
120 0 180 30 0 0 120 150 0 90 180 0 120 0 90 160
84 0 0 84 0 0 124 84 157 0 126 0 84 83 0 160
0 105 105 105 105 105 0 0 0 0 105 0 0 0 105 0
0 0 0 0 0 0 0 0 0 0 0 0 0 0 0 0
0 0 0 0 0 0 0 0 0 0 0 0 0 0 0 0
36 60 90 6 204 192 22 66 186 174 6 0 126 24 90 150
0 0 0 0 45 15 60 0 105 0 0 0 0 105 0 0
140 140 140 140 0 0 70 70 140 0 0 0 0 0 0 0
60 30 0 150 105 180 150 45 150 165 0 0 0 0 60 0
168 0 21 63 105 0 189 63 189 147 126 0 147 63 168 0
158 191 0 38 0 75 136 208 145 0 0 0 0 0 0 191
0 0 90 75 0 0 0 0 0 0 75 0 0 0 0 0
30 120 0 180 175 90 180 171 180 65 124 71 0 0 100 65
0 105 140 0 0 0 0 0 70 55 70 0 0 140 90 140
195 105 30 180 0 0 195 60 0 15 30 0 90 0 120 0
0 0 0 0 0 0 0 0 0 0 0 0 0 0 0 0
141 105 138 156 0 0 57 66 0 69 180 0 78 0 90 209
84 0 0 84 0 0 174 84 12 0 126 0 84 108 0 150
0 105 105 105 105 45 180 0 120 0 105 0 0 30 135 0
30 120 0 180 0 90 180 90 120 0 0 0 0 90 180 120
0 0 0 0 0 0 0 0 0 0 0 0 0 0 0 0
144 30 150 24 186 138 158 54 114 66 24 0 84 96 150 180
0 0 0 0 45 15 60 0 105 0 0 0 0 105 0 0
20 80 50 50 75 15 10 130 182 162 36 0 0 129 84 60
168 126 0 168 175 0 126 91 84 161 0 0 0 0 70 0
42 0 189 147 105 0 21 147 21 63 84 0 63 147 42 0
120 165 0 90 0 45 90 150 45 0 0 0 0 0 0 165
0 0 42 56 0 0 0 0 0 0 42 0 0 0 0 0
0 0 0 0 35 0 0 63 0 175 182 133 0 0 140 175
0 105 14 0 0 0 0 0 112 133 112 0 0 98 168 140
112 0 56 112 0 0 14 182 0 98 0 0 196 0 70 0
30 120 190 180 0 90 180 90 50 30 170 0 0 160 140 190
45 105 120 90 0 0 45 30 0 165 120 0 150 0 60 95
0 0 0 0 0 0 80 0 125 0 0 0 0 145 0 110
0 105 105 105 189 83 94 0 184 0 105 0 0 116 53 0
90 150 0 120 0 60 120 60 150 0 0 0 0 60 120 150
190 130 160 160 120 150 20 80 60 90 90 0 0 150 90 150
198 120 180 138 72 6 86 48 78 12 138 0 168 132 180 90
0 0 0 0 71 5 160 0 161 0 0 0 0 49 0 0
130 100 10 10 15 45 170 110 196 66 108 0 0 177 42 180
66 12 0 186 0 30 102 102 18 192 0 0 0 0 150 0
84 0 63 189 105 0 147 189 147 21 168 0 21 189 84 0
80 5 0 200 0 135 130 100 205 0 0 0 0 0 0 5
0 0 0 0 0 0 0 0 0 0 0 0 0 0 0 0
0 0 0 0 35 0 0 105 0 175 140 175 0 0 140 175
0 105 98 0 0 0 0 0 154 1 154 0 0 56 36 140
0 0 0 0 0 0 0 0 0 0 0 0 0 0 0 0
30 120 120 180 0 90 180 90 15 30 135 0 0 195 105 120
147 105 126 42 0 0 189 42 0 63 0 0 126 0 0 63
84 0 0 84 0 0 84 84 147 0 126 0 84 63 0 0
0 105 105 105 21 97 206 0 86 0 105 0 0 4 67 0
30 120 42 180 0 90 180 90 57 0 0 0 0 153 33 120
70 70 70 70 0 0 140 140 0 0 0 0 0 0 0 0
138 90 30 198 12 36 166 78 48 72 198 0 168 162 30 120
0 0 0 0 105 105 0 0 105 0 0 0 0 105 0 0
70 70 70 70 105 105 140 140 112 42 126 0 0 189 84 0
96 132 0 156 175 120 72 37 198 47 0 0 0 0 40 0
158 110 66 68 120 0 34 208 124 112 106 0 52 138 38 30
180 195 0 30 0 15 30 120 15 0 0 0 0 0 0 195
0 0 120 135 0 0 0 0 0 0 135 0 0 0 0 0
60 30 0 150 35 180 150 153 150 25 122 163 0 0 200 25
0 0 98 0 0 0 0 0 154 166 154 0 0 56 96 140
140 0 70 140 0 0 70 70 0 70 0 0 140 0 140 0
0 0 182 0 0 0 0 0 196 42 196 0 0 14 154 140
135 105 150 60 0 0 135 90 0 75 150 0 30 0 180 75
126 0 0 126 0 0 46 126 148 0 84 0 126 2 0 100
0 0 0 0 0 0 0 0 0 0 0 0 0 0 0 0
120 60 168 90 0 150 90 150 53 0 0 0 0 157 167 130
90 150 120 15 90 165 120 60 45 120 15 0 0 165 15 60
102 30 150 192 18 54 4 12 72 108 192 0 42 138 150 180
0 0 0 0 119 35 70 0 119 0 0 0 0 91 0 0
0 0 0 0 0 0 0 0 0 0 0 0 0 0 0 0
126 42 0 126 70 0 42 112 168 182 0 0 0 0 70 0
112 70 189 7 105 0 161 77 161 203 14 0 203 147 112 0
180 195 0 30 0 15 30 120 15 0 0 0 0 0 0 195
0 0 0 0 0 0 0 0 0 0 0 0 0 0 0 0
0 0 0 0 0 0 0 0 0 0 0 0 0 0 0 0
0 105 0 0 0 0 0 0 0 15 0 0 0 0 120 0
167 105 16 152 0 0 139 172 0 43 30 0 146 0 50 0
0 0 140 0 0 0 0 0 70 0 70 0 0 140 70 140
105 105 0 0 0 0 105 0 0 105 0 0 0 0 0 175
168 0 0 168 0 0 108 168 69 0 42 0 168 201 0 180
0 105 105 105 21 77 196 0 196 0 105 0 0 14 77 0
60 30 168 150 0 180 150 180 198 0 0 0 0 12 192 30
140 140 140 35 42 21 28 70 63 42 21 0 0 147 105 0
198 120 180 138 72 6 16 48 78 12 138 0 168 132 180 90
0 0 0 0 175 175 140 0 175 0 0 0 0 35 0 0
30 120 180 180 60 180 120 90 84 54 12 0 0 78 168 90
162 144 0 132 105 150 174 69 6 99 0 0 0 0 120 0
0 0 0 0 0 0 0 0 0 0 0 0 0 0 0 0
60 30 0 150 0 180 150 180 180 0 0 0 0 0 0 30
0 0 84 77 0 0 0 0 0 0 189 0 0 0 0 0
0 0 0 0 105 0 0 147 0 105 168 147 0 0 0 105
0 0 14 0 0 0 0 0 112 178 112 0 0 98 108 140
140 0 70 140 0 0 70 70 0 70 0 0 140 0 140 0
0 0 154 0 0 0 0 0 182 84 182 0 0 28 98 70
105 105 0 0 0 0 105 0 0 105 0 0 0 0 0 105
84 0 0 84 0 0 84 84 147 0 126 0 84 63 0 0
0 105 105 105 21 177 36 0 66 0 105 0 0 174 27 0
0 0 0 0 0 0 0 0 70 0 0 0 0 140 70 140
200 170 80 185 18 159 52 40 177 108 129 0 0 33 45 180
12 90 30 72 138 204 194 162 132 198 72 0 42 78 30 120
0 0 0 0 195 135 120 0 105 0 0 0 0 105 0 0
60 30 150 150 120 150 30 180 126 66 108 0 0 72 42 180
24 138 0 144 105 30 18 123 102 3 0 0 0 0 150 0
156 90 117 111 165 0 3 111 153 189 102 0 159 111 96 120
32 44 0 122 0 180 94 82 40 0 0 0 0 0 0 44
0 0 0 105 0 0 0 0 0 0 105 0 0 0 0 0
0 0 0 0 105 0 0 147 0 105 168 147 0 0 0 105
0 105 126 0 0 0 0 0 168 87 168 0 0 42 192 0
168 0 84 168 0 0 126 168 0 42 0 0 84 0 0 0
60 30 184 150 0 180 150 180 107 144 137 0 0 103 203 100
0 0 0 0 0 0 0 0 0 0 0 0 0 0 0 0
0 0 0 0 0 0 150 0 195 0 0 0 0 75 0 180
0 0 0 0 42 204 102 0 12 0 0 0 0 108 24 0
150 180 168 60 0 30 60 30 68 0 0 0 0 142 32 40
70 70 70 70 0 0 140 140 0 0 0 0 0 0 0 0
18 30 150 108 102 96 46 138 198 192 108 0 168 12 150 180
0 0 0 0 140 140 70 0 140 0 0 0 0 70 0 0
140 140 140 140 105 105 70 70 14 84 42 0 0 63 168 0
60 30 0 150 140 180 150 80 150 130 0 0 0 0 200 0
84 0 168 84 0 0 42 84 42 126 168 0 126 84 84 0
188 101 0 8 0 165 106 88 25 0 0 0 0 0 0 101
0 0 48 54 0 0 0 0 0 0 138 0 0 0 0 0
0 0 0 0 140 0 0 0 0 70 140 70 0 0 140 70
0 0 70 0 0 0 0 0 140 140 140 0 0 70 0 70
0 0 0 0 0 0 0 0 0 0 0 0 0 0 0 0
90 150 80 120 0 60 120 60 115 90 55 0 0 95 175 80
15 105 180 30 0 0 15 150 0 195 180 0 120 0 90 195
0 0 0 0 0 0 70 0 175 0 0 0 0 35 0 70
0 0 0 0 0 60 30 0 90 0 0 0 0 180 180 0
120 60 0 90 0 150 90 150 95 0 0 0 0 115 125 130
80 110 200 95 66 93 4 100 159 186 123 0 0 51 165 30
102 30 150 192 18 54 74 12 72 108 192 0 42 138 150 180
0 0 0 0 0 0 0 0 0 0 0 0 0 0 0 0
0 0 0 0 0 0 0 0 0 0 0 0 0 0 0 0
174 108 0 204 105 60 78 183 162 153 0 0 0 0 90 0
70 70 105 175 105 0 35 35 35 35 140 0 35 105 70 0
84 63 0 84 0 105 168 84 105 0 0 0 0 0 0 63
0 0 0 105 0 0 0 0 0 0 105 0 0 0 0 0
0 0 0 0 35 0 0 105 0 175 140 175 0 0 140 175
0 105 182 0 0 0 0 0 196 19 196 0 0 14 54 140
106 0 68 16 0 0 92 206 0 104 180 0 148 0 160 0
0 0 0 0 0 0 0 0 105 0 105 0 0 105 105 0
57 105 96 72 0 0 99 192 0 153 180 0 36 0 90 83
0 0 0 0 0 0 160 0 40 0 0 0 0 80 0 10
0 0 0 0 126 42 126 0 126 0 0 0 0 84 42 0
0 0 84 0 0 0 0 0 189 0 0 0 0 21 21 0
20 80 50 50 6 18 64 130 24 36 78 0 0 186 120 60
96 90 30 156 54 162 152 36 6 114 156 0 126 204 30 120
0 0 0 0 196 70 140 0 196 0 0 0 0 14 0 0
190 130 160 160 30 90 200 80 28 48 174 0 0 186 126 150
186 72 0 66 140 180 192 122 108 172 0 0 0 0 200 0
140 140 0 140 0 0 70 70 70 70 70 0 70 0 140 0
140 35 0 140 0 105 70 70 175 0 0 0 0 0 0 35
0 0 174 187 0 0 0 0 0 0 159 0 0 0 0 0
0 0 0 0 105 0 0 105 0 105 0 105 0 0 0 105
0 0 154 0 0 0 0 0 182 98 182 0 0 28 168 70
0 0 0 0 0 0 0 0 0 0 0 0 0 0 0 0
0 0 98 0 0 0 0 0 49 168 49 0 0 161 91 140
141 105 138 156 0 0 57 66 0 69 180 0 78 0 90 69
0 0 0 0 0 0 0 0 0 0 0 0 0 0 0 0
0 0 0 0 0 100 50 0 80 0 0 0 0 160 160 0
0 0 0 0 0 0 0 0 105 0 0 0 0 105 105 0
0 0 0 105 0 105 0 0 105 0 105 0 0 105 105 0
138 90 30 198 12 36 166 78 48 72 198 0 168 162 30 120
0 0 0 0 1 145 20 0 91 0 0 0 0 119 0 0
0 0 0 0 0 0 0 0 126 126 168 0 0 42 42 0
6 192 0 36 105 60 162 57 78 27 0 0 0 0 90 0
154 70 63 49 105 0 77 119 77 161 98 0 161 189 154 0
0 105 0 0 0 105 0 0 105 0 0 0 0 0 0 105
0 0 102 141 0 0 0 0 0 0 57 0 0 0 0 0
0 0 0 0 175 0 0 105 0 35 70 35 0 0 70 35
0 0 0 0 0 0 0 0 0 60 0 0 0 0 60 0
77 105 196 182 0 0 49 112 0 133 0 0 56 0 140 0
180 90 90 30 0 120 30 120 90 180 180 0 0 120 0 90
168 0 84 168 0 0 126 168 0 42 0 0 84 0 0 112
84 0 0 84 0 0 124 84 157 0 126 0 84 83 0 160
0 105 105 105 105 105 0 0 0 0 105 0 0 0 105 0
0 0 126 0 0 0 0 0 196 0 0 0 0 14 154 140
140 140 140 35 0 105 70 70 105 0 105 0 0 105 105 0
0 0 0 0 0 0 0 0 0 0 0 0 0 0 0 0
0 0 0 0 11 125 10 0 161 0 0 0 0 49 0 0
0 0 0 0 105 105 0 0 168 168 84 0 0 21 126 0
0 0 0 0 70 0 0 70 0 140 0 0 0 0 70 0
90 60 120 60 180 0 30 60 60 0 180 0 120 60 120 150
142 64 0 82 0 90 194 62 20 0 0 0 0 0 0 64
0 0 0 35 0 0 0 0 0 0 105 0 0 0 0 0
30 120 0 180 175 90 180 171 180 65 124 71 0 0 100 65
0 0 84 0 0 0 0 0 42 198 42 0 0 168 198 0
189 105 42 84 0 0 63 84 0 21 0 0 42 0 0 0
90 150 66 120 0 60 120 60 108 6 48 0 0 102 42 150
135 105 150 60 0 0 135 90 0 75 150 0 30 0 180 75
0 0 0 0 0 0 200 0 50 0 0 0 0 100 0 170
0 0 0 0 168 196 98 0 98 0 0 0 0 112 196 0
90 150 0 120 0 60 120 60 45 0 0 0 0 165 15 150
0 0 0 105 0 105 0 0 105 0 105 0 0 105 105 0
6 150 120 36 174 102 62 186 66 204 36 0 126 144 120 60
0 0 0 0 175 175 140 0 175 0 0 0 0 35 0 0
20 80 50 50 75 15 10 130 182 162 36 0 0 129 84 60
30 120 0 180 35 90 180 5 180 205 0 0 0 0 170 0
196 70 147 91 105 0 203 161 203 119 182 0 119 21 196 0
182 119 0 182 0 105 154 112 175 0 0 0 0 0 0 119
0 0 144 127 0 0 0 0 0 0 99 0 0 0 0 0
0 0 0 0 0 0 0 0 0 0 0 0 0 0 0 0
0 0 168 0 0 0 0 0 84 36 84 0 0 126 36 0
189 105 42 84 0 0 63 84 0 21 0 0 42 0 0 0
0 0 42 0 0 0 0 0 21 42 21 0 0 189 189 0
189 105 42 84 0 0 63 84 0 21 0 0 42 0 0 21
84 0 0 84 0 0 154 84 7 0 126 0 84 203 0 70
0 105 105 105 189 83 94 0 184 0 105 0 0 116 53 0
120 60 0 90 0 150 90 150 60 0 0 0 0 150 90 60
0 0 0 0 84 42 126 0 126 84 42 0 0 84 0 0
204 60 90 174 36 108 148 24 144 6 174 0 84 66 90 150
0 0 0 0 126 0 0 0 126 0 0 0 0 84 0 0
90 150 120 120 75 15 150 60 0 120 120 0 0 45 0 60
96 132 0 156 140 120 72 2 198 82 0 0 0 0 110 0
140 140 0 140 0 0 70 70 70 70 70 0 70 0 140 0
174 3 0 204 0 165 78 144 165 0 0 0 0 0 0 3
0 0 0 35 0 0 0 0 0 0 105 0 0 0 0 0
60 30 0 150 70 180 150 48 150 200 52 128 0 0 130 200
0 105 98 0 0 0 0 0 154 1 154 0 0 56 36 140
178 0 134 118 0 0 206 128 0 32 120 0 94 0 130 0
0 0 126 0 0 0 0 0 168 126 168 0 0 42 42 0
0 0 0 0 0 0 0 0 0 0 0 0 0 0 0 70
0 0 0 0 0 0 0 0 105 0 0 0 0 105 0 0
0 105 105 105 105 35 70 0 70 0 105 0 0 140 35 0
0 0 0 0 0 0 0 0 0 0 0 0 0 0 0 0
180 90 30 30 180 120 30 120 90 30 30 0 0 120 30 120
6 150 120 36 174 102 202 186 66 204 36 0 126 144 120 60
0 0 0 0 0 0 0 0 0 0 0 0 0 0 0 0
140 140 140 140 105 105 70 70 140 0 0 0 0 105 0 0
96 132 0 156 175 120 72 37 198 47 0 0 0 0 40 0
30 90 180 90 60 0 150 90 90 0 60 0 180 90 180 120
140 35 0 140 0 105 70 70 175 0 0 0 0 0 0 35
0 0 0 0 0 0 0 0 0 0 0 0 0 0 0 0
120 60 0 90 0 150 90 138 90 120 132 18 0 0 120 120
0 0 42 0 0 0 0 0 126 114 126 0 0 84 114 0
110 0 130 80 0 0 40 190 0 100 60 0 110 0 170 0
0 0 70 0 0 0 0 0 35 0 35 0 0 175 35 70
84 0 42 84 0 0 168 84 0 126 0 0 42 0 0 56
0 0 0 0 0 0 60 0 120 0 0 0 0 30 0 30
0 105 105 105 105 35 70 0 70 0 105 0 0 140 35 0
120 60 168 90 0 150 90 150 53 0 0 0 0 157 167 130
120 60 90 195 120 45 90 150 165 90 195 0 0 45 195 150
192 180 60 102 108 114 164 72 12 18 102 0 42 198 60 30
0 0 0 0 207 195 150 0 147 0 0 0 0 63 0 0
0 0 0 0 105 105 0 0 84 84 42 0 0 63 168 0
150 180 0 60 70 30 60 130 60 80 0 0 0 0 10 0
38 170 186 128 90 0 64 58 184 112 76 0 172 198 158 180
0 0 0 0 0 0 0 0 0 0 0 0 0 0 0 0
0 0 84 147 0 0 0 0 0 0 189 0 0 0 0 0
0 0 0 0 0 0 0 0 0 0 0 0 0 0 0 0
0 0 70 0 0 0 0 0 140 110 140 0 0 70 180 70
167 105 16 152 0 0 139 172 0 43 30 0 146 0 50 0
0 0 112 0 0 0 0 0 161 42 161 0 0 49 119 70
36 0 138 156 0 0 162 66 0 174 180 0 78 0 90 174
0 0 0 0 0 0 50 0 170 0 0 0 0 130 0 200
0 105 105 105 147 189 42 0 42 0 105 0 0 168 189 0
0 0 168 0 0 0 0 0 168 0 0 0 0 42 42 0
190 130 160 160 162 66 188 80 18 132 6 0 0 192 90 150
72 120 180 12 198 174 44 132 162 138 12 0 42 48 180 90
0 0 0 0 0 0 0 0 0 0 0 0 0 0 0 0
160 10 190 190 75 15 80 200 70 120 120 0 0 45 0 60
150 180 0 60 140 30 60 200 60 10 0 0 0 0 80 0
142 160 159 97 165 0 101 167 41 203 74 0 173 27 82 120
120 60 0 90 0 150 90 150 150 0 0 0 0 0 0 60
0 0 90 180 0 0 0 0 0 0 180 0 0 0 0 0
0 0 0 0 70 0 0 84 0 140 196 14 0 0 70 140
0 105 84 0 0 0 0 0 42 153 42 0 0 168 48 0
146 0 58 26 0 0 202 46 0 64 30 0 188 0 50 0
90 150 80 120 0 60 120 60 115 90 55 0 0 95 175 80
0 0 0 0 0 0 0 0 0 0 0 0 0 0 0 0
0 0 0 0 0 0 0 0 0 0 0 0 0 0 0 0
0 0 0 0 0 180 90 0 60 0 0 0 0 120 120 0
150 180 0 60 0 30 60 30 110 0 0 0 0 100 200 40
200 170 80 185 18 159 52 40 177 108 129 0 0 33 45 180
96 90 30 156 54 162 152 36 6 114 156 0 126 204 30 120
0 0 0 0 70 70 140 0 70 0 0 0 0 140 0 0
80 110 200 200 195 165 40 100 140 60 60 0 0 75 0 30
30 120 0 180 105 90 180 75 180 135 0 0 0 0 30 0
98 140 21 203 105 0 49 133 49 7 196 0 7 63 98 0
196 7 0 196 0 105 182 56 35 0 0 0 0 0 0 7
0 0 168 154 0 0 0 0 0 0 168 0 0 0 0 0
0 0 0 0 35 0 0 189 0 175 56 49 0 0 140 175
0 0 84 0 0 0 0 0 42 108 42 0 0 168 108 0
10 0 50 160 0 0 80 170 0 200 120 0 10 0 130 0
60 30 184 150 0 180 150 180 107 144 137 0 0 103 203 100
180 0 60 150 0 0 180 120 0 30 60 0 180 0 30 30
0 0 0 0 0 0 70 0 70 0 0 0 0 140 0 70
0 105 105 105 105 135 120 0 150 0 105 0 0 90 195 0
90 150 0 120 0 60 120 60 10 0 0 0 0 200 190 80
40 160 100 205 180 15 170 50 195 30 135 0 0 15 135 120
186 30 150 66 144 12 32 96 156 24 66 0 126 54 150 180
0 0 0 0 62 170 190 0 182 0 0 0 0 28 0 0
160 10 190 190 180 120 80 200 70 120 120 0 0 150 0 60
0 0 0 0 0 0 0 0 0 0 0 0 0 0 0 0
0 0 105 105 105 0 105 105 105 105 0 0 105 105 0 0
188 101 0 8 0 165 106 88 25 0 0 0 0 0 0 101
0 0 84 42 0 0 0 0 0 0 84 0 0 0 0 0
150 180 0 60 35 30 60 141 60 115 74 61 0 0 80 115
0 0 140 0 0 0 0 0 70 70 70 0 0 140 0 140
123 105 174 78 0 0 81 138 0 87 90 0 144 0 150 0
90 150 66 120 0 60 120 60 3 6 153 0 0 207 147 150
168 0 84 168 0 0 126 168 0 42 0 0 84 0 0 182
168 0 0 168 0 0 28 168 49 0 42 0 168 161 0 70
0 105 105 105 21 17 166 0 106 0 105 0 0 44 107 0
90 150 0 120 0 60 120 60 45 0 0 0 0 165 15 150
0 0 0 0 84 42 126 0 126 84 42 0 0 84 0 0
102 30 150 192 18 54 74 12 72 108 192 0 42 138 150 180
0 0 0 0 72 150 180 0 42 0 0 0 0 168 0 0
140 140 140 140 0 0 70 70 140 0 0 0 0 0 0 0
0 0 0 0 0 0 0 0 0 0 0 0 0 0 0 0
78 150 111 3 135 0 159 3 129 147 156 0 27 3 48 60
154 28 0 154 0 0 98 14 140 0 0 0 0 0 0 28
0 0 168 49 0 0 0 0 0 0 63 0 0 0 0 0
0 0 0 0 105 0 0 105 0 105 0 105 0 0 0 105
0 105 42 0 0 0 0 0 126 39 126 0 0 84 144 0
166 0 158 136 0 0 152 176 0 44 60 0 208 0 100 0
0 0 0 0 0 0 0 0 0 0 0 0 0 0 0 0
57 105 96 72 0 0 99 192 0 153 180 0 36 0 90 83
0 0 0 0 0 0 70 0 70 0 0 0 0 140 0 70
0 105 105 105 189 3 54 0 204 0 105 0 0 156 93 0
120 60 0 90 0 150 90 150 165 0 0 0 0 45 195 60
90 150 120 120 174 102 36 60 66 204 162 0 0 144 120 60
198 120 180 138 72 6 16 48 78 12 138 0 168 132 180 90
0 0 0 0 14 140 70 0 14 0 0 0 0 196 0 0
0 0 0 0 0 0 0 0 126 126 168 0 0 42 42 0
198 36 0 138 35 90 96 131 54 121 0 0 0 0 170 0
98 140 21 203 105 0 49 133 49 7 196 0 7 63 98 0
76 52 0 106 0 60 92 116 200 0 0 0 0 0 0 52
0 0 174 187 0 0 0 0 0 0 159 0 0 0 0 0
60 30 0 150 175 180 150 195 150 95 10 65 0 0 130 95
0 0 0 0 0 0 0 0 0 120 0 0 0 0 120 0
175 105 140 70 0 0 35 140 0 35 0 0 70 0 70 0
0 0 0 0 0 0 0 0 0 0 0 0 0 0 0 0
0 0 0 0 0 0 0 0 0 0 0 0 0 0 0 0
42 0 0 42 0 0 112 42 91 0 168 0 42 119 0 70
0 105 105 105 105 105 0 0 0 0 105 0 0 0 105 0
60 30 168 150 0 180 150 180 128 0 0 0 0 82 122 100
150 180 60 60 150 30 60 30 180 60 60 0 0 30 60 30
138 90 30 198 12 36 26 78 48 72 198 0 168 162 30 120
0 0 0 0 0 0 0 0 0 0 0 0 0 0 0 0
140 140 140 140 0 0 70 70 56 126 168 0 0 42 42 0
30 120 0 180 0 90 180 180 180 30 0 0 0 0 30 0
54 120 93 99 45 0 207 99 57 21 108 0 51 99 114 90
50 95 0 20 0 45 160 10 115 0 0 0 0 0 0 95
0 0 84 7 0 0 0 0 0 0 189 0 0 0 0 0
0 0 0 0 105 0 0 189 0 105 126 189 0 0 0 105
0 105 168 0 0 0 0 0 84 171 84 0 0 126 66 0
36 0 138 156 0 0 162 66 0 174 180 0 78 0 90 0
0 0 0 0 0 0 0 0 105 0 105 0 0 105 105 0
189 105 42 84 0 0 63 84 0 21 0 0 42 0 0 21
84 0 0 84 0 0 124 84 157 0 126 0 84 83 0 160
0 0 0 0 0 0 0 0 0 0 0 0 0 0 0 0
0 0 0 0 0 0 0 0 105 0 0 0 0 105 105 0
0 0 0 0 126 168 84 0 84 126 168 0 0 126 0 0
24 180 60 144 66 198 38 114 54 186 144 0 84 156 60 30
0 0 0 0 35 35 70 0 35 0 0 0 0 175 0 0
140 140 140 140 0 0 70 70 56 126 168 0 0 42 42 0
0 0 0 0 105 0 0 105 0 105 0 0 0 0 0 0
84 0 63 189 105 0 147 189 147 21 168 0 21 189 84 0
180 90 0 30 0 120 30 120 120 0 0 0 0 0 0 90
0 0 0 105 0 0 0 0 0 0 105 0 0 0 0 0
30 120 0 180 175 90 180 171 180 65 124 71 0 0 100 65
0 0 0 0 0 0 0 0 0 0 0 0 0 0 0 0
10 0 50 160 0 0 80 170 0 200 120 0 10 0 130 0
60 30 72 150 0 180 150 180 51 102 81 0 0 159 189 30
54 0 102 24 0 0 138 204 0 156 60 0 12 0 30 16
168 0 0 168 0 0 168 168 84 0 42 0 168 126 0 0
0 0 0 0 0 130 170 0 20 0 0 0 0 40 40 0
60 30 42 150 0 180 150 180 72 0 0 0 0 138 108 30
0 0 0 0 42 126 168 0 168 42 126 0 0 42 0 0
48 150 120 78 132 186 146 18 108 162 78 0 168 102 120 60
0 0 0 0 0 0 0 0 0 0 0 0 0 0 0 0
20 80 50 50 75 15 10 130 182 162 36 0 0 129 84 60
120 60 0 90 105 150 90 195 90 15 0 0 0 0 120 0
180 120 135 15 45 0 165 15 15 105 150 0 135 15 30 90
196 112 0 196 0 0 182 56 140 0 0 0 0 0 0 112
0 0 48 89 0 0 0 0 0 0 33 0 0 0 0 0
0 0 0 0 175 0 0 21 0 35 154 161 0 0 70 35
0 105 14 0 0 0 0 0 112 73 112 0 0 98 108 140
80 0 190 20 0 0 10 100 0 130 120 0 80 0 200 0
120 60 200 90 0 150 90 150 130 120 190 0 0 80 70 200
21 105 168 126 0 0 147 126 0 189 0 0 168 0 0 119
0 0 0 0 0 0 140 0 35 0 0 0 0 175 0 140
0 105 105 105 189 83 94 0 184 0 105 0 0 116 53 0
0 0 0 0 0 0 0 0 105 0 0 0 0 105 105 0
0 0 0 0 0 0 0 0 0 0 0 0 0 0 0 0
12 90 30 72 138 204 124 162 132 198 72 0 42 78 30 120
0 0 0 0 38 50 130 0 98 0 0 0 0 112 0 0
140 140 140 140 0 0 70 70 140 0 0 0 0 0 0 0
192 54 0 102 35 30 144 179 186 199 0 0 0 0 80 0
126 0 147 21 105 0 63 21 63 189 42 0 189 21 126 0
140 35 0 140 0 105 70 70 175 0 0 0 0 0 0 35
0 0 150 160 0 0 0 0 0 0 90 0 0 0 0 0
120 60 0 90 105 150 90 33 90 15 132 123 0 0 120 15
0 105 98 0 0 0 0 0 154 1 154 0 0 56 36 140
105 105 0 0 0 0 105 0 0 105 0 0 0 0 0 0
180 90 90 30 0 120 30 120 195 180 75 0 0 15 105 90
105 105 0 0 0 0 105 0 0 105 0 0 0 0 0 105
84 0 0 84 0 0 54 84 192 0 126 0 84 48 0 90
0 105 105 105 105 35 70 0 70 0 105 0 0 140 35 0
0 0 126 0 0 0 0 0 21 0 0 0 0 189 189 0
150 180 60 60 24 72 186 30 96 144 102 0 0 114 60 30
6 150 120 36 174 102 62 186 66 204 36 0 126 144 120 60
0 0 0 0 3 15 60 0 63 0 0 0 0 147 0 0
60 30 150 150 120 150 30 180 168 108 24 0 0 156 126 180
96 132 0 156 175 120 72 37 198 47 0 0 0 0 40 0
144 180 3 159 15 0 27 159 117 21 78 0 171 159 24 30
140 140 0 140 0 0 70 70 70 0 0 0 0 0 0 140
0 0 0 0 0 0 0 0 0 0 0 0 0 0 0 0
60 30 0 150 140 180 150 132 150 130 38 142 0 0 200 130
0 0 154 0 0 0 0 0 182 98 182 0 0 28 168 70
196 0 98 196 0 0 182 56 0 14 0 0 28 0 70 0
180 90 104 30 0 120 30 120 97 54 187 0 0 113 133 20
96 0 18 66 0 0 12 36 0 114 60 0 138 0 30 44
168 0 0 168 0 0 148 168 184 0 42 0 168 116 0 130
0 105 105 105 105 105 0 0 0 0 105 0 0 0 105 0
120 60 168 90 0 150 90 150 53 0 0 0 0 157 167 130
10 40 130 25 150 135 200 170 75 60 165 0 0 135 165 30
48 150 120 78 132 186 146 18 108 162 78 0 168 102 120 60
0 0 0 0 126 0 0 0 126 0 0 0 0 84 0 0
120 60 90 90 135 195 60 150 0 90 90 0 0 165 0 150
60 30 0 150 105 180 150 45 150 165 0 0 0 0 60 0
130 40 45 145 15 0 125 5 5 35 50 0 185 75 10 30
80 5 0 200 0 135 130 100 205 0 0 0 0 0 0 5
0 0 0 35 0 0 0 0 0 0 105 0 0 0 0 0
120 60 0 90 175 150 90 201 90 155 34 11 0 0 190 155
0 0 84 0 0 0 0 0 42 138 42 0 0 168 138 0
167 105 16 152 0 0 139 172 0 43 30 0 146 0 50 0
30 120 190 180 0 90 180 90 155 30 65 0 0 55 35 190
183 105 54 198 0 0 141 108 0 27 180 0 204 0 90 27
42 0 0 42 0 0 192 42 111 0 168 0 42 159 0 180
0 0 0 0 0 0 0 0 0 0 0 0 0 0 0 0
180 90 84 30 0 120 30 120 104 0 0 0 0 106 86 160
70 70 70 70 0 0 140 140 0 0 0 0 0 0 0 0
156 120 180 96 114 132 2 6 36 54 96 0 126 174 180 90
0 0 0 0 30 150 180 0 0 0 0 0 0 0 0 0
60 30 150 150 120 150 30 180 0 150 150 0 0 30 0 180
180 90 0 30 105 120 30 135 30 75 0 0 0 0 180 0
142 160 159 97 165 0 101 167 41 203 74 0 173 27 82 120
196 112 0 196 0 0 182 56 140 0 0 0 0 0 0 112
0 0 120 135 0 0 0 0 0 0 135 0 0 0 0 0
0 0 0 0 70 0 0 42 0 140 28 182 0 0 70 140
0 0 70 0 0 0 0 0 140 20 140 0 0 70 90 70
135 105 150 60 0 0 135 90 0 75 150 0 30 0 180 0
0 0 70 0 0 0 0 0 35 0 35 0 0 175 35 70
135 105 150 60 0 0 135 90 0 75 150 0 30 0 180 5
0 0 0 0 0 0 50 0 65 0 0 0 0 25 0 200
0 105 105 105 147 189 42 0 42 0 105 0 0 168 189 0
0 0 42 0 0 0 0 0 112 0 0 0 0 98 28 140
200 170 80 185 18 159 52 40 177 108 129 0 0 33 45 180
6 150 120 36 174 102 202 186 66 204 36 0 126 144 120 60
0 0 0 0 188 170 190 0 98 0 0 0 0 112 0 0
0 0 0 0 105 105 0 0 168 168 84 0 0 21 126 0
0 0 0 0 0 0 0 0 0 0 0 0 0 0 0 0
0 0 0 0 0 0 0 0 0 0 0 0 0 0 0 0
182 119 0 182 0 105 154 112 175 0 0 0 0 0 0 119
0 0 30 25 0 0 0 0 0 0 165 0 0 0 0 0
0 0 0 0 105 0 0 105 0 105 0 105 0 0 0 105
0 0 168 0 0 0 0 0 84 126 84 0 0 126 126 0
99 105 12 114 0 0 183 24 0 111 180 0 162 0 90 0
60 30 184 150 0 180 150 180 107 144 137 0 0 103 203 100
63 105 84 168 0 0 21 168 0 147 0 0 84 0 0 77
126 0 0 126 0 0 126 126 168 0 84 0 126 42 0 0
0 105 105 105 105 105 0 0 0 0 105 0 0 0 105 0
0 0 0 0 0 0 0 0 0 0 0 0 0 0 0 0
0 0 0 0 0 0 0 0 0 0 0 0 0 0 0 0
78 60 90 48 162 66 106 108 18 132 48 0 168 192 90 150
0 0 0 0 100 10 110 0 70 0 0 0 0 140 0 0
0 0 0 0 105 105 0 0 0 0 0 0 0 105 0 0
0 0 0 0 140 0 0 140 0 70 0 0 0 0 140 0
202 130 204 172 180 0 86 32 116 98 194 0 8 102 22 150
188 101 0 8 0 165 106 88 25 0 0 0 0 0 0 101
0 0 120 170 0 0 0 0 0 0 30 0 0 0 0 0
0 0 0 0 175 0 0 105 0 35 70 35 0 0 70 35
0 105 70 0 0 0 0 0 140 155 140 0 0 70 120 70
105 105 0 0 0 0 105 0 0 105 0 0 0 0 0 0
150 180 12 60 0 30 60 30 96 192 66 0 0 114 84 180
0 0 0 0 0 0 0 0 0 0 0 0 0 0 0 0
168 0 0 168 0 0 38 168 104 0 42 0 168 166 0 110
0 0 0 0 0 110 160 0 130 0 0 0 0 50 50 0
120 60 168 90 0 150 90 150 123 0 0 0 0 87 27 60
70 70 70 175 0 105 140 140 105 0 105 0 0 105 105 0
204 60 90 174 36 108 8 24 144 6 174 0 84 66 90 150
0 0 0 0 91 175 140 0 91 0 0 0 0 119 0 0
70 70 70 70 105 105 140 140 112 42 126 0 0 189 84 0
180 90 0 30 105 120 30 135 30 75 0 0 0 0 180 0
122 170 144 2 90 0 106 142 16 28 34 0 88 72 32 180
0 0 0 0 0 0 0 0 0 0 0 0 0 0 0 0
0 0 84 42 0 0 0 0 0 0 84 0 0 0 0 0
90 150 0 120 105 60 120 135 120 195 120 45 0 0 90 195
0 105 126 0 0 0 0 0 168 27 168 0 0 42 132 0
139 105 2 124 0 0 83 74 0 71 30 0 202 0 190 0
90 150 80 120 0 60 120 60 115 90 55 0 0 95 175 80
57 105 96 72 0 0 99 192 0 153 180 0 36 0 90 83
0 0 0 0 0 0 0 0 105 0 0 0 0 105 0 0
0 0 0 0 0 0 0 0 0 0 0 0 0 0 0 0
0 0 84 0 0 0 0 0 49 0 0 0 0 161 91 140
180 90 30 135 138 99 72 120 27 198 9 0 0 183 135 120
24 180 60 144 66 198 178 114 54 186 144 0 84 156 60 30
0 0 0 0 72 150 180 0 42 0 0 0 0 168 0 0
0 0 0 0 0 0 0 0 0 0 0 0 0 0 0 0
30 120 0 180 70 90 180 40 180 170 0 0 0 0 100 0
0 0 105 105 105 0 105 105 105 105 0 0 105 105 0 0
150 75 0 60 0 135 60 30 135 0 0 0 0 0 0 75
0 0 174 187 0 0 0 0 0 0 159 0 0 0 0 0
90 150 0 120 70 60 120 30 120 20 190 80 0 0 160 20
0 0 0 0 0 0 0 0 0 0 0 0 0 0 0 0
30 0 150 60 0 0 30 90 0 180 150 0 30 0 180 0
30 120 120 180 0 90 180 90 15 30 135 0 0 195 105 120
30 0 150 60 0 0 30 90 0 180 150 0 30 0 180 180
0 0 0 0 0 0 180 0 45 0 0 0 0 195 0 90
0 105 105 105 105 125 10 0 100 0 105 0 0 200 95 0
60 30 168 150 0 180 150 180 198 0 0 0 0 12 192 30
140 140 140 35 126 63 154 70 189 126 63 0 0 21 105 0
96 90 30 156 54 162 82 36 6 114 156 0 126 204 30 120
0 0 0 0 1 145 20 0 91 0 0 0 0 119 0 0
40 160 100 100 150 30 20 50 154 114 72 0 0 48 168 120
90 150 0 120 0 60 120 120 120 90 0 0 0 0 90 0
140 140 105 35 105 0 175 175 175 175 70 0 175 105 140 0
204 123 0 174 0 45 48 24 45 0 0 0 0 0 0 123
0 0 156 18 0 0 0 0 0 0 186 0 0 0 0 0
0 0 0 0 105 0 0 105 0 105 0 105 0 0 0 105
0 105 140 0 0 0 0 0 70 85 70 0 0 140 120 140
0 0 0 0 0 0 0 0 0 0 0 0 0 0 0 0
60 30 30 150 0 180 150 180 30 60 60 0 0 180 0 30
147 105 126 42 0 0 189 42 0 63 0 0 126 0 0 203
84 0 0 84 0 0 124 84 157 0 126 0 84 83 0 160
0 0 0 0 0 130 170 0 20 0 0 0 0 40 40 0
0 0 0 0 0 0 0 0 105 0 0 0 0 105 105 0
180 90 30 135 180 15 30 120 195 30 135 0 0 15 135 120
132 150 120 162 48 144 34 102 192 78 162 0 42 18 120 60
0 0 0 0 130 160 80 0 70 0 0 0 0 140 0 0
70 70 70 70 0 0 140 140 112 42 126 0 0 84 84 0
198 36 0 138 105 90 96 201 54 51 0 0 0 0 30 0
80 170 165 65 195 0 85 205 205 175 160 0 25 135 200 180
168 126 0 168 0 0 126 168 0 0 0 0 0 0 0 126
0 0 0 70 0 0 0 0 0 0 0 0 0 0 0 0
30 120 0 180 175 90 180 171 180 65 124 71 0 0 100 65
0 0 70 0 0 0 0 0 140 140 140 0 0 70 0 70
203 105 154 98 0 0 91 28 0 7 0 0 14 0 140 0
0 0 98 0 0 0 0 0 154 168 154 0 0 56 196 140
135 105 150 60 0 0 135 90 0 75 150 0 30 0 180 75
84 0 0 84 0 0 154 84 112 0 126 0 84 98 0 70
0 105 105 105 105 155 130 0 40 0 105 0 0 80 185 0
120 60 168 90 0 150 90 150 123 0 0 0 0 87 27 60
90 150 120 120 90 60 120 60 150 120 120 0 0 60 120 60
0 0 0 0 0 0 0 0 0 0 0 0 0 0 0 0
0 0 0 0 30 150 180 0 0 0 0 0 0 0 0 0
20 80 50 50 75 15 10 130 182 162 36 0 0 129 84 60
96 132 0 156 0 120 72 72 198 12 0 0 0 0 180 0
160 130 120 130 180 0 170 200 200 140 110 0 50 60 190 150
0 105 0 0 0 105 0 0 105 0 0 0 0 0 0 105
0 0 0 105 0 0 0 0 0 0 105 0 0 0 0 0
0 0 0 0 70 0 0 0 0 140 70 140 0 0 70 140
0 0 42 0 0 0 0 0 126 24 126 0 0 84 24 0
91 105 98 196 0 0 77 56 0 119 0 0 28 0 70 0
0 0 0 0 0 0 0 0 105 0 105 0 0 105 105 0
150 0 120 90 0 0 150 30 0 60 120 0 150 0 60 130
0 0 0 0 0 0 140 0 140 0 0 0 0 70 0 140
0 105 105 105 189 83 94 0 184 0 105 0 0 116 53 0
60 30 42 150 0 180 150 180 72 0 0 0 0 138 108 30
40 160 100 100 138 204 2 50 132 198 114 0 0 78 30 120
108 180 60 18 192 156 206 198 138 102 18 0 168 72 60 30
0 0 0 0 158 20 10 0 98 0 0 0 0 112 0 0
10 40 130 130 90 60 110 170 196 186 18 0 0 12 42 30
42 84 0 42 140 0 84 14 126 154 0 0 0 0 140 0
110 50 30 50 150 0 130 190 190 70 10 0 100 120 170 90
0 105 0 0 0 105 0 0 105 0 0 0 0 0 0 105
0 0 0 35 0 0 0 0 0 0 105 0 0 0 0 0
0 0 0 0 0 0 0 0 0 0 0 0 0 0 0 0
0 105 98 0 0 0 0 0 154 1 154 0 0 56 36 140
101 105 148 146 0 0 157 16 0 109 120 0 38 0 200 0
0 0 140 0 0 0 0 0 70 0 70 0 0 140 70 140
21 105 168 126 0 0 147 126 0 189 0 0 168 0 0 49
168 0 0 168 0 0 98 168 14 0 42 0 168 196 0 140
0 0 0 0 84 28 14 0 14 0 0 0 0 196 28 0
0 0 168 0 0 0 0 0 168 0 0 0 0 42 42 0
140 140 140 35 0 105 70 70 105 0 105 0 0 105 105 0
198 120 180 138 72 6 16 48 78 12 138 0 168 132 180 90
0 0 0 0 138 60 30 0 168 0 0 0 0 42 0 0
0 0 0 0 105 105 0 0 126 126 168 0 0 147 42 0
96 132 0 156 175 120 72 37 198 47 0 0 0 0 40 0
70 70 105 175 105 0 35 35 35 35 140 0 35 105 70 0
110 20 0 170 0 120 100 190 190 0 0 0 0 0 0 20
0 0 0 175 0 0 0 0 0 0 105 0 0 0 0 0
0 0 0 0 105 0 0 105 0 105 0 105 0 0 0 105
0 0 0 0 0 0 0 0 0 0 0 0 0 0 0 0
80 0 190 20 0 0 10 100 0 130 120 0 80 0 200 0
180 90 6 30 0 120 30 120 153 96 33 0 0 57 147 90
0 0 0 0 0 0 0 0 0 0 0 0 0 0 0 0
168 0 0 168 0 0 208 168 94 0 42 0 168 146 0 160
0 105 105 105 105 155 130 0 40 0 105 0 0 80 185 0
0 0 0 0 0 0 0 0 0 0 0 0 0 0 0 0
0 0 0 105 126 63 84 0 189 126 63 0 0 21 105 0
204 60 90 174 36 108 148 24 144 6 174 0 84 66 90 150
0 0 0 0 5 95 100 0 35 0 0 0 0 175 0 0
90 150 120 120 75 15 150 60 42 162 36 0 0 129 84 60
0 0 0 0 35 0 0 35 0 175 0 0 0 0 140 0
80 170 165 65 195 0 85 205 205 175 160 0 25 135 200 180
190 25 0 160 0 45 20 80 185 0 0 0 0 0 0 25
0 0 42 56 0 0 0 0 0 0 42 0 0 0 0 0
90 150 0 120 175 60 120 51 120 125 64 101 0 0 160 125
0 0 0 0 0 0 0 0 0 0 0 0 0 0 0 0
167 105 16 152 0 0 139 172 0 43 30 0 146 0 50 0
150 180 40 60 0 30 60 30 5 150 185 0 0 205 35 40
84 0 42 84 0 0 168 84 0 126 0 0 42 0 0 196
0 0 0 0 0 0 30 0 60 0 0 0 0 120 0 120
0 0 0 0 0 10 110 0 50 0 0 0 0 100 100 0
0 0 0 0 0 0 0 0 140 0 0 0 0 70 140 70
0 0 0 0 0 0 0 0 0 0 0 0 0 0 0 0
102 30 150 192 18 54 4 12 72 108 192 0 42 138 150 180
0 0 0 0 4 160 80 0 154 0 0 0 0 56 0 0
20 80 50 50 180 120 10 130 56 36 78 0 0 192 42 60
0 0 0 0 35 0 0 35 0 175 0 0 0 0 140 0
142 160 159 97 165 0 101 167 41 203 74 0 173 27 82 120
0 0 0 0 0 0 0 0 0 0 0 0 0 0 0 0
0 0 48 159 0 0 0 0 0 0 33 0 0 0 0 0
120 60 0 90 35 150 90 159 90 85 146 109 0 0 50 85
0 105 168 0 0 0 0 0 84 51 84 0 0 126 156 0
105 105 0 0 0 0 105 0 0 105 0 0 0 0 0 0
30 120 50 180 0 90 180 90 85 30 205 0 0 125 175 50
105 105 0 0 0 0 105 0 0 105 0 0 0 0 0 105
0 0 0 0 0 0 120 0 135 0 0 0 0 165 0 60
0 0 0 0 0 80 40 0 190 0 0 0 0 170 170 0
180 90 168 30 0 120 30 120 13 0 0 0 0 197 37 20
200 170 80 185 18 159 52 40 177 108 129 0 0 33 45 180
132 150 120 162 48 144 104 102 192 78 162 0 42 18 120 60
0 0 0 0 10 190 200 0 70 0 0 0 0 140 0 0
0 0 0 0 0 0 0 0 0 0 0 0 0 0 0 0
0 0 0 0 175 0 0 175 0 35 0 0 0 0 70 0
90 60 15 165 75 0 135 165 165 105 180 0 15 165 120 150
42 189 0 42 0 105 84 42 105 0 0 0 0 0 0 189
0 0 90 40 0 0 0 0 0 0 180 0 0 0 0 0
60 30 0 150 70 180 150 48 150 200 52 128 0 0 130 200
0 0 0 0 0 0 0 0 0 0 0 0 0 0 0 0
35 105 70 140 0 0 175 70 0 175 0 0 140 0 140 0
60 30 184 150 0 180 150 180 107 144 137 0 0 103 203 100
168 0 84 168 0 0 126 168 0 42 0 0 84 0 0 112
0 0 0 0 0 0 0 0 0 0 0 0 0 0 0 0
0 105 105 105 105 105 0 0 0 0 105 0 0 0 105 0
150 180 126 60 0 30 60 30 26 0 0 0 0 184 74 40
70 70 70 175 84 147 56 140 21 84 147 0 0 189 105 0
138 90 30 198 12 36 166 78 48 72 198 0 168 162 30 120
0 0 0 0 70 70 140 0 70 0 0 0 0 140 0 0
70 70 70 70 0 0 140 140 70 0 0 0 0 0 0 0
90 150 0 120 140 60 120 50 120 160 0 0 0 0 20 0
140 140 0 140 0 0 70 70 70 70 70 0 70 0 140 0
188 101 0 8 0 165 106 88 25 0 0 0 0 0 0 101
0 0 126 98 0 0 0 0 0 0 126 0 0 0 0 0
0 0 0 0 0 0 0 126 0 0 84 126 0 0 0 0
0 0 140 0 0 0 0 0 70 40 70 0 0 140 180 140
0 0 0 0 0 0 0 0 0 0 0 0 0 0 0 0
180 90 34 30 0 120 30 120 62 54 152 0 0 148 98 160
63 105 84 168 0 0 21 168 0 147 0 0 84 0 0 147
0 0 0 0 0 0 0 0 105 0 0 0 0 105 0 0
0 0 0 0 168 126 168 0 168 0 0 0 0 42 126 0
150 180 0 60 0 30 60 30 75 0 0 0 0 135 165 180
70 70 70 175 168 189 182 140 147 168 189 0 0 63 105 0
132 150 120 162 48 144 34 102 192 78 162 0 42 18 120 60
0 0 0 0 58 10 110 0 28 0 0 0 0 182 0 0
90 150 120 120 180 120 150 60 126 36 78 0 0 192 42 60
0 0 0 0 0 0 0 0 0 0 0 0 0 0 0 0
24 30 18 114 90 0 162 114 72 126 48 0 186 114 144 180
0 0 0 0 0 0 0 0 0 0 0 0 0 0 0 0
0 0 0 70 0 0 0 0 0 0 0 0 0 0 0 0
0 0 0 0 140 0 0 126 0 70 14 196 0 0 140 70
0 0 182 0 0 0 0 0 196 184 196 0 0 14 114 140
55 105 170 40 0 0 125 200 0 155 30 0 160 0 190 0
0 0 84 0 0 0 0 0 147 84 147 0 0 63 63 0
57 105 96 72 0 0 99 192 0 153 180 0 36 0 90 83
126 0 0 126 0 0 136 126 118 0 84 0 126 152 0 40
0 0 0 0 0 150 180 0 120 0 0 0 0 30 30 0
0 0 0 0 0 0 0 0 0 0 0 0 0 0 0 0
0 0 0 0 126 168 84 0 84 126 168 0 0 126 0 0
48 150 120 78 132 186 146 18 108 162 78 0 168 102 120 60
0 0 0 0 195 135 120 0 105 0 0 0 0 105 0 0
0 0 0 0 0 0 0 0 0 0 0 0 0 0 0 0
0 0 0 0 0 0 0 0 0 0 0 0 0 0 0 0
8 80 111 143 135 0 19 73 199 7 16 0 97 3 188 60
180 195 0 30 0 15 30 120 15 0 0 0 0 0 0 195
0 0 174 187 0 0 0 0 0 0 159 0 0 0 0 0
30 120 0 180 105 90 180 171 180 135 54 141 0 0 30 135
0 105 84 0 0 0 0 0 42 3 42 0 0 168 108 0
28 0 14 28 0 0 56 98 0 182 0 0 154 0 70 0
0 0 0 0 0 0 0 0 0 0 0 0 0 0 0 0
126 0 168 126 0 0 42 126 0 84 0 0 168 0 0 84
42 0 0 42 0 0 122 42 146 0 168 0 42 124 0 110
0 0 0 0 42 84 42 0 42 0 0 0 0 168 84 0
180 90 168 30 0 120 30 120 48 0 0 0 0 162 72 90
0 0 0 105 42 21 168 0 63 42 21 0 0 147 105 0
54 90 30 114 96 78 208 204 174 156 114 0 84 36 30 120
0 0 0 0 1 145 20 0 91 0 0 0 0 119 0 0
20 80 50 50 75 15 10 130 140 120 120 0 0 45 0 60
0 0 0 0 0 0 0 0 0 0 0 0 0 0 0 0
60 180 45 75 15 0 195 75 75 105 120 0 45 75 150 30
140 140 0 140 0 0 70 70 70 0 0 0 0 0 0 140
0 0 0 0 0 0 0 0 0 0 0 0 0 0 0 0
0 0 0 0 0 0 0 42 0 0 168 42 0 0 0 0
0 0 42 0 0 0 0 0 126 144 126 0 0 84 144 0
105 105 0 0 0 0 105 0 0 105 0 0 0 0 0 0
150 180 54 60 0 30 60 30 117 24 87 0 0 93 63 180
0 0 0 0 0 0 0 0 0 0 0 0 0 0 0 0
84 0 0 84 0 0 124 84 157 0 126 0 84 83 0 160
0 0 0 0 84 28 14 0 14 0 0 0 0 196 28 0
0 0 126 0 0 0 0 0 161 0 0 0 0 49 119 70
140 140 140 35 168 189 112 70 147 168 189 0 0 63 105 0
156 120 180 96 114 132 2 6 36 54 96 0 126 174 180 90
0 0 0 0 0 0 0 0 0 0 0 0 0 0 0 0
90 150 120 120 180 120 150 60 0 120 120 0 0 150 0 60
102 114 0 192 35 180 24 59 66 109 0 0 0 0 200 0
0 0 0 0 0 0 0 0 0 0 0 0 0 0 0 0
0 0 0 0 0 0 0 0 0 0 0 0 0 0 0 0
0 0 108 69 0 0 0 0 0 0 153 0 0 0 0 0
30 120 0 180 175 90 180 171 180 65 124 71 0 0 100 65
0 105 168 0 0 0 0 0 84 51 84 0 0 126 156 0
105 105 0 0 0 0 105 0 0 105 0 0 0 0 0 0
0 0 168 0 0 0 0 0 189 168 189 0 0 21 21 0
0 0 0 0 0 0 0 0 0 0 0 0 0 0 0 70
126 0 0 126 0 0 156 126 18 0 84 0 126 162 0 120
0 105 105 105 21 77 196 0 196 0 105 0 0 14 77 0
120 60 0 90 0 150 90 150 200 0 0 0 0 10 20 130
200 170 80 80 186 138 94 40 114 66 108 0 0 96 150 180
144 30 150 24 186 138 158 54 114 66 24 0 84 96 150 180
0 0 0 0 6 30 120 0 126 0 0 0 0 84 0 0
20 80 50 50 75 15 10 130 182 162 36 0 0 129 84 60
60 30 0 150 0 180 150 150 150 60 0 0 0 0 60 0
166 190 177 1 45 0 53 71 113 119 122 0 149 141 16 90
12 174 0 72 0 120 114 162 120 0 0 0 0 0 0 174
0 0 0 70 0 0 0 0 0 0 0 0 0 0 0 0
0 0 0 0 175 0 0 105 0 35 70 35 0 0 70 35
0 0 0 0 0 0 0 0 0 0 0 0 0 0 0 0
11 105 118 176 0 0 67 166 0 199 90 0 158 0 80 0
30 120 190 180 0 90 180 90 50 30 170 0 0 160 140 190
105 105 0 0 0 0 105 0 0 105 0 0 0 0 0 105
42 0 0 42 0 0 102 42 141 0 168 0 42 9 0 30
0 105 105 105 189 83 94 0 184 0 105 0 0 116 53 0
0 0 168 0 0 0 0 0 28 0 0 0 0 182 112 140
100 190 40 40 30 90 110 20 120 180 180 0 0 90 180 90
36 60 90 6 204 192 22 66 186 174 6 0 126 24 90 150
0 0 0 0 50 110 160 0 140 0 0 0 0 70 0 0
200 170 80 80 120 150 100 40 140 150 150 0 0 30 0 180
60 30 0 150 0 180 150 150 150 60 0 0 0 0 60 0
32 110 24 152 120 0 76 82 166 28 64 0 178 12 122 30
144 93 0 24 0 75 108 54 75 0 0 0 0 0 0 93
0 0 0 140 0 0 0 0 0 0 0 0 0 0 0 0
60 30 0 150 105 180 150 69 150 165 66 9 0 0 60 165
0 105 98 0 0 0 0 0 154 1 154 0 0 56 36 140
21 105 168 126 0 0 147 126 0 189 0 0 168 0 0 0
180 90 160 30 0 120 30 120 20 180 110 0 0 190 140 160
105 105 0 0 0 0 105 0 0 105 0 0 0 0 0 35
0 0 0 0 0 0 120 0 135 0 0 0 0 165 0 60
0 105 105 105 105 35 70 0 70 0 105 0 0 140 35 0
0 0 42 0 0 0 0 0 147 0 0 0 0 63 63 0
0 0 0 0 0 0 0 0 0 0 0 0 0 0 0 0
108 180 60 18 192 156 136 198 138 102 18 0 168 72 60 30
0 0 0 0 91 175 140 0 91 0 0 0 0 119 0 0
110 20 170 170 150 30 160 190 182 72 156 0 0 174 84 120
96 132 0 156 175 120 72 37 198 47 0 0 0 0 40 0
70 70 105 175 105 0 35 35 35 35 140 0 35 105 70 0
90 150 0 120 0 60 120 60 60 0 0 0 0 0 0 150
0 0 84 77 0 0 0 0 0 0 189 0 0 0 0 0
120 60 0 90 105 150 90 75 90 15 90 165 0 0 120 15
0 105 42 0 0 0 0 0 126 189 126 0 0 84 84 0
162 0 96 72 0 0 204 192 0 48 180 0 36 0 90 0
0 0 0 0 0 0 0 0 0 0 0 0 0 0 0 0
72 0 66 102 0 0 114 132 0 138 150 0 156 0 180 208
168 0 0 168 0 0 48 168 54 0 42 0 168 66 0 150
0 0 0 0 0 70 140 0 140 0 0 0 0 70 70 0
120 60 168 90 0 150 90 150 53 0 0 0 0 157 167 130
0 0 0 105 168 189 42 0 147 168 189 0 0 63 105 0
96 90 30 156 54 162 152 36 6 114 156 0 126 204 30 120
0 0 0 0 0 0 0 0 0 0 0 0 0 0 0 0
20 80 50 50 180 120 10 130 140 120 120 0 0 150 0 60
0 0 0 0 175 0 0 175 0 35 0 0 0 0 70 0
150 30 165 135 195 0 15 135 135 105 90 0 165 135 60 180
180 195 0 30 0 15 30 120 15 0 0 0 0 0 0 195
0 0 0 0 0 0 0 0 0 0 0 0 0 0 0 0
180 90 0 30 0 120 30 60 30 180 30 90 0 0 180 180
0 0 42 0 0 0 0 0 126 84 126 0 0 84 84 0
167 105 16 152 0 0 139 172 0 43 30 0 146 0 50 0
180 90 20 30 0 120 30 120 160 180 40 0 0 50 70 20
168 0 84 168 0 0 126 168 0 42 0 0 84 0 0 42
42 0 0 42 0 0 42 42 21 0 168 0 42 189 0 0
0 105 105 105 105 105 0 0 0 0 105 0 0 0 105 0
0 0 84 0 0 0 0 0 154 0 0 0 0 56 196 140
0 0 0 105 0 105 0 0 105 0 105 0 0 105 105 0
48 150 120 78 132 186 76 18 108 162 78 0 168 102 120 60
0 0 0 0 192 120 60 0 42 0 0 0 0 168 0 0
90 150 120 120 75 15 150 60 0 120 120 0 0 45 0 60
120 60 0 90 105 150 90 195 90 15 0 0 0 0 120 0
142 160 159 97 165 0 101 167 41 203 74 0 173 27 82 120
140 35 0 140 0 105 70 70 175 0 0 0 0 0 0 35
0 0 90 40 0 0 0 0 0 0 180 0 0 0 0 0
30 120 0 180 105 90 180 45 180 135 180 15 0 0 30 135
0 0 84 0 0 0 0 0 42 108 42 0 0 168 108 0
105 105 0 0 0 0 105 0 0 105 0 0 0 0 0 0
0 0 126 0 0 0 0 0 168 126 168 0 0 42 42 0
180 0 60 150 0 0 180 120 0 30 60 0 180 0 30 100
0 0 0 0 0 0 30 0 60 0 0 0 0 120 0 120
0 0 0 0 0 0 0 0 0 0 0 0 0 0 0 0
30 120 0 180 0 90 180 90 15 0 0 0 0 195 75 120
200 170 80 185 18 159 52 40 177 108 129 0 0 33 45 180
114 120 180 54 156 48 128 174 204 96 54 0 84 6 180 90
0 0 0 0 171 15 60 0 21 0 0 0 0 189 0 0
70 70 70 70 0 0 140 140 70 0 0 0 0 0 0 0
114 78 0 54 70 90 138 208 12 128 0 0 0 0 100 0
0 0 0 0 0 0 0 0 0 0 0 0 0 0 0 0
120 60 0 90 0 150 90 150 150 0 0 0 0 0 0 60
0 0 0 175 0 0 0 0 0 0 105 0 0 0 0 0
30 120 0 180 140 90 180 150 180 100 110 190 0 0 170 100
0 105 140 0 0 0 0 0 70 175 70 0 0 140 0 140
110 0 130 80 0 0 40 190 0 100 60 0 110 0 170 0
60 30 184 150 0 180 150 180 107 144 137 0 0 103 203 100
42 0 126 42 0 0 84 42 0 168 0 0 126 0 0 28
0 0 0 0 0 0 0 0 0 0 0 0 0 0 0 0
0 105 105 105 105 195 150 0 30 0 105 0 0 60 165 0
90 150 0 120 0 60 120 60 185 0 0 0 0 25 155 10
200 170 80 185 60 75 10 40 135 150 45 0 0 75 45 180
174 150 120 204 6 18 188 144 24 36 204 0 84 186 120 60
0 0 0 0 15 75 90 0 105 0 0 0 0 105 0 0
0 0 0 0 0 0 0 0 0 0 0 0 0 0 0 0
54 48 0 114 105 120 198 93 72 33 0 0 0 0 180 0
0 0 0 0 0 0 0 0 0 0 0 0 0 0 0 0
188 101 0 8 0 165 106 88 25 0 0 0 0 0 0 101
0 0 6 33 0 0 0 0 0 0 201 0 0 0 0 0
30 120 0 180 105 90 180 171 180 135 54 141 0 0 30 135
0 105 70 0 0 0 0 0 140 155 140 0 0 70 120 70
49 105 182 154 0 0 203 14 0 161 0 0 112 0 70 0
0 0 70 0 0 0 0 0 140 0 140 0 0 70 140 70
165 105 90 120 0 0 165 180 0 45 90 0 60 0 150 45
0 0 0 0 0 0 150 0 90 0 0 0 0 180 0 180
0 105 105 105 147 109 2 0 62 0 105 0 0 208 19 0
0 0 84 0 0 0 0 0 119 0 0 0 0 91 161 70
0 0 0 0 84 42 126 0 126 84 42 0 0 84 0 0
114 120 180 54 156 48 128 174 204 96 54 0 84 6 180 90
0 0 0 0 60 90 150 0 0 0 0 0 0 0 0 0
120 60 90 90 135 195 60 150 0 90 90 0 0 165 0 150
18 156 0 108 140 180 66 206 24 46 0 0 0 0 200 0
126 0 42 126 0 0 168 126 168 84 42 0 84 126 126 0
14 203 0 14 0 105 28 154 175 0 0 0 0 0 0 203
0 0 0 175 0 0 0 0 0 0 105 0 0 0 0 0
180 90 0 30 140 120 30 186 30 40 44 76 0 0 110 40
0 0 70 0 0 0 0 0 140 170 140 0 0 70 30 70
168 0 84 168 0 0 126 168 0 42 0 0 84 0 0 0
0 0 168 0 0 0 0 0 189 168 189 0 0 21 21 0
0 0 0 0 0 0 0 0 0 0 0 0 0 0 0 0
0 0 0 0 0 0 0 0 0 0 0 0 0 0 0 0
0 0 0 0 0 50 130 0 40 0 0 0 0 80 80 0
120 60 126 90 0 150 90 150 151 0 0 0 0 59 139 200
70 70 70 70 0 0 140 140 0 0 0 0 0 0 0 0
114 120 180 54 156 48 58 174 204 96 54 0 84 6 180 90
0 0 0 0 191 185 40 0 161 0 0 0 0 49 0 0
140 140 140 140 0 0 70 70 56 126 168 0 0 42 42 0
114 78 0 54 140 90 138 68 12 58 0 0 0 0 170 0
0 0 105 105 105 0 105 105 105 105 0 0 105 105 0 0
48 171 0 78 0 165 36 18 165 0 0 0 0 0 0 171
0 0 174 187 0 0 0 0 0 0 159 0 0 0 0 0
0 0 0 0 0 0 0 42 0 0 168 42 0 0 0 0
0 0 0 0 0 0 0 0 0 0 0 0 0 0 0 0
35 105 70 140 0 0 175 70 0 175 0 0 140 0 140 0
30 120 120 180 0 90 180 90 120 30 30 0 0 90 0 120
105 105 0 0 0 0 105 0 0 105 0 0 0 0 0 105
0 0 0 0 0 0 120 0 30 0 0 0 0 60 0 60
0 0 0 0 84 168 84 0 84 0 0 0 0 126 168 0
0 0 0 0 0 0 0 0 0 0 0 0 0 0 0 0
20 80 50 50 90 60 190 130 150 120 120 0 0 60 120 60
12 90 30 72 138 204 124 162 132 198 72 0 42 78 30 120
0 0 0 0 1 145 20 0 91 0 0 0 0 119 0 0
0 0 0 0 0 0 0 0 0 0 0 0 0 0 0 0
84 168 0 84 0 0 168 168 42 168 0 0 0 0 0 0
120 150 195 45 135 0 75 45 45 105 30 0 195 45 90 60
70 70 0 70 0 0 140 140 140 0 0 0 0 0 0 70
0 0 42 126 0 0 0 0 0 0 42 0 0 0 0 0
150 180 0 60 140 30 60 162 60 10 158 82 0 0 80 10
0 105 196 0 0 0 0 0 98 77 98 0 0 112 42 70
93 105 24 18 0 0 51 48 0 117 150 0 114 0 180 0
150 180 40 60 0 30 60 30 5 150 185 0 0 205 35 40
156 0 108 186 0 0 72 6 0 54 150 0 198 0 180 54
84 0 0 84 0 0 124 84 157 0 126 0 84 83 0 160
0 105 105 105 105 75 90 0 60 0 105 0 0 120 15 0
0 0 0 0 0 0 0 0 35 0 0 0 0 175 35 70
70 70 70 70 0 0 140 140 0 0 0 0 0 0 0 0
72 120 180 12 198 174 44 132 162 138 12 0 42 48 180 90
0 0 0 0 18 90 150 0 168 0 0 0 0 42 0 0
0 0 0 0 0 0 0 0 0 0 0 0 0 0 0 0
126 42 0 126 0 0 42 42 168 42 0 0 0 0 0 0
150 30 60 30 90 0 120 30 30 0 90 0 60 30 60 180
84 63 0 84 0 105 168 84 105 0 0 0 0 0 0 63
0 0 180 115 0 0 0 0 0 0 45 0 0 0 0 0
30 120 0 180 175 90 180 171 180 65 124 71 0 0 100 65
0 105 168 0 0 0 0 0 84 21 84 0 0 126 126 0
0 0 0 0 0 0 0 0 0 0 0 0 0 0 0 0
90 150 80 120 0 60 120 60 115 90 55 0 0 95 175 80
0 0 0 0 0 0 0 0 0 0 0 0 0 0 0 70
0 0 0 0 0 0 90 0 180 0 0 0 0 150 0 150
0 105 105 105 147 119 112 0 112 0 105 0 0 98 119 0
180 90 0 30 0 120 30 120 20 0 0 0 0 190 170 160
140 140 140 35 0 105 70 70 105 0 105 0 0 105 105 0
36 60 90 6 204 192 92 66 186 174 6 0 126 24 90 150
0 0 0 0 105 105 0 0 105 0 0 0 0 105 0 0
20 80 50 50 75 15 10 130 182 162 36 0 0 129 84 60
0 0 0 0 70 0 0 70 0 140 0 0 0 0 70 0
120 150 195 45 135 0 75 45 45 105 30 0 195 45 90 60
70 175 0 70 0 105 140 140 35 0 0 0 0 0 0 175
0 0 96 178 0 0 0 0 0 0 66 0 0 0 0 0
60 30 0 150 105 180 150 195 150 165 150 135 0 0 60 165
0 0 70 0 0 0 0 0 140 80 140 0 0 70 150 70
160 0 170 40 0 0 20 200 0 50 30 0 160 0 190 0
120 60 60 90 0 150 90 150 165 120 15 0 0 45 105 60
15 105 180 30 0 0 15 150 0 195 180 0 120 0 90 195
0 0 0 0 0 0 140 0 140 0 0 0 0 70 0 140
0 105 105 105 189 83 94 0 184 0 105 0 0 116 53 0
0 0 126 0 0 0 0 0 56 0 0 0 0 154 14 70
0 0 0 105 0 105 0 0 105 0 105 0 0 105 105 0
0 0 0 0 0 0 0 0 0 0 0 0 0 0 0 0
0 0 0 0 70 70 140 0 70 0 0 0 0 140 0 0
60 30 150 150 15 45 30 180 0 150 150 0 0 135 0 180
150 180 0 60 175 30 60 25 60 185 0 0 0 0 10 0
120 150 195 45 135 0 75 45 45 105 30 0 195 45 90 60
154 133 0 154 0 105 98 14 35 0 0 0 0 0 0 133
0 0 168 14 0 0 0 0 0 0 168 0 0 0 0 0
0 0 0 0 0 0 0 126 0 0 84 126 0 0 0 0
0 105 98 0 0 0 0 0 154 1 154 0 0 56 36 140
101 105 148 146 0 0 157 16 0 109 120 0 38 0 200 0
60 30 198 150 0 180 150 180 9 18 39 0 0 201 21 30
66 0 78 6 0 0 192 156 0 144 120 0 108 0 60 74
0 0 0 0 0 0 90 0 180 0 0 0 0 150 0 150
0 105 105 105 105 45 180 0 120 0 105 0 0 30 135 0
0 0 42 0 0 0 0 0 147 0 0 0 0 63 63 0
190 130 160 55 120 45 20 80 165 90 195 0 0 45 195 150
78 60 90 48 162 66 176 108 18 132 48 0 168 192 90 150
0 0 0 0 140 140 70 0 140 0 0 0 0 70 0 0
180 90 30 30 45 135 90 120 0 30 30 0 0 195 0 120
96 132 0 156 175 120 72 37 198 47 0 0 0 0 40 0
20 200 120 200 180 0 100 130 130 70 40 0 190 60 50 150
168 126 0 168 0 0 126 168 0 0 0 0 0 0 0 126
0 0 60 85 0 0 0 0 0 0 15 0 0 0 0 0
0 0 0 0 0 0 0 0 0 0 0 0 0 0 0 0
0 0 140 0 0 0 0 0 70 70 70 0 0 140 0 140
15 105 180 30 0 0 15 150 0 195 180 0 120 0 90 0
0 0 84 0 0 0 0 0 42 84 42 0 0 168 168 0
135 105 150 60 0 0 135 90 0 75 150 0 30 0 180 145
0 0 0 0 0 0 70 0 70 0 0 0 0 140 0 70
0 0 0 0 168 56 28 0 28 0 0 0 0 182 56 0
120 60 168 90 0 150 90 150 53 0 0 0 0 157 167 130
30 120 180 75 198 69 12 90 57 138 159 0 0 153 75 90
186 30 150 66 144 12 172 96 156 24 66 0 126 54 150 180
0 0 0 0 35 35 70 0 35 0 0 0 0 175 0 0
70 70 70 70 105 105 140 140 70 0 0 0 0 105 0 0
6 192 0 36 105 60 162 57 78 27 0 0 0 0 90 0
0 0 105 105 105 0 105 105 105 105 0 0 105 105 0 0
70 70 0 70 0 0 140 140 140 0 0 0 0 0 0 70
0 0 186 183 0 0 0 0 0 0 141 0 0 0 0 0
0 0 0 0 175 0 0 21 0 35 154 161 0 0 70 35
0 0 168 0 0 0 0 0 84 126 84 0 0 126 126 0
167 105 16 152 0 0 139 172 0 43 30 0 146 0 50 0
60 30 170 150 0 180 150 180 205 60 25 0 0 5 175 170
105 105 0 0 0 0 105 0 0 105 0 0 0 0 0 35
0 0 0 0 0 0 80 0 125 0 0 0 0 145 0 110
0 0 0 0 0 0 0 0 0 0 0 0 0 0 0 0
0 0 0 0 0 0 0 0 0 0 0 0 0 0 0 0
70 70 70 70 126 168 14 140 84 126 168 0 0 126 0 0
24 180 60 144 66 198 38 114 54 186 144 0 84 156 60 30
0 0 0 0 105 105 0 0 105 0 0 0 0 105 0 0
100 190 40 40 60 180 50 20 154 54 12 0 0 78 168 90
42 84 0 42 175 0 84 49 126 119 0 0 0 0 70 0
142 160 159 97 165 0 101 167 41 203 74 0 173 27 82 120
76 52 0 106 0 60 92 116 200 0 0 0 0 0 0 52
0 0 42 161 0 0 0 0 0 0 147 0 0 0 0 0
0 0 0 0 105 0 0 21 0 105 84 21 0 0 0 105
0 0 0 0 0 0 0 0 0 0 0 0 0 0 0 0
0 0 0 0 0 0 0 0 0 0 0 0 0 0 0 0
90 150 10 120 0 60 120 60 80 90 20 0 0 130 140 10
84 0 42 84 0 0 168 84 0 126 0 0 42 0 0 196
0 0 0 0 0 0 70 0 175 0 0 0 0 35 0 70
0 105 105 105 105 155 130 0 40 0 105 0 0 80 185 0
0 0 84 0 0 0 0 0 119 0 0 0 0 91 161 70
200 170 80 185 18 159 52 40 177 108 129 0 0 33 45 180
102 30 150 192 18 54 74 12 72 108 192 0 42 138 150 180
0 0 0 0 98 140 70 0 98 0 0 0 0 112 0 0
120 60 90 90 30 90 60 150 0 90 90 0 0 60 0 150
108 96 0 18 0 30 186 186 144 66 0 0 0 0 150 0
28 70 21 133 105 0 119 203 119 77 56 0 77 63 28 0
0 0 0 0 0 0 0 0 0 0 0 0 0 0 0 0
0 0 60 120 0 0 0 0 0 0 120 0 0 0 0 0
0 0 0 0 105 0 0 105 0 105 0 105 0 0 0 105
0 0 0 0 0 0 0 0 0 0 0 0 0 0 0 0
133 105 14 28 0 0 161 98 0 77 0 0 154 0 70 0
60 30 184 150 0 180 150 180 107 144 137 0 0 103 203 100
162 0 96 72 0 0 204 192 0 48 180 0 36 0 90 188
168 0 0 168 0 0 198 168 39 0 42 0 168 141 0 120
0 0 0 0 0 100 50 0 80 0 0 0 0 160 160 0
120 60 0 90 0 150 90 150 200 0 0 0 0 10 20 130
160 10 190 85 90 165 50 200 45 120 15 0 0 165 15 60
192 180 60 102 108 114 164 72 12 18 102 0 42 198 60 30
0 0 0 0 115 85 200 0 175 0 0 0 0 35 0 0
90 150 120 120 180 120 150 60 168 78 204 0 0 66 126 60
60 30 0 150 105 180 150 45 150 165 0 0 0 0 60 0
0 0 105 105 105 0 105 105 105 105 0 0 105 105 0 0
188 101 0 8 0 165 106 88 25 0 0 0 0 0 0 101
0 0 78 184 0 0 0 0 0 0 198 0 0 0 0 0
150 180 0 60 70 30 60 120 60 80 130 110 0 0 10 80
0 105 140 0 0 0 0 0 70 115 70 0 0 140 150 140
0 0 0 0 0 0 0 0 0 0 0 0 0 0 0 0
0 0 0 0 0 0 0 0 105 0 105 0 0 105 105 0
105 105 0 0 0 0 105 0 0 105 0 0 0 0 0 105
0 0 0 0 0 0 0 0 0 0 0 0 0 0 0 0
0 105 105 105 63 101 208 0 148 0 105 0 0 2 191 0
90 150 0 120 0 60 120 60 80 0 0 0 0 130 50 10
200 170 80 80 60 180 10 40 30 150 150 0 0 180 150 180
114 120 180 54 156 48 128 174 204 96 54 0 84 6 180 90
0 0 0 0 130 160 80 0 70 0 0 0 0 140 0 0
40 160 100 100 45 135 20 50 112 72 156 0 0 69 84 120
180 90 0 30 0 120 30 30 30 180 0 0 0 0 180 0
120 150 90 150 30 0 180 150 150 0 30 0 90 150 90 60
70 70 0 70 0 0 140 140 140 0 0 0 0 0 0 70
0 0 168 189 0 0 0 0 0 0 63 0 0 0 0 0
180 90 0 30 175 120 30 165 30 5 100 125 0 0 40 5
0 0 70 0 0 0 0 0 140 140 140 0 0 70 0 70
136 0 8 76 0 0 122 86 0 74 120 0 178 0 130 0
150 180 124 60 0 30 60 30 152 24 122 0 0 58 98 40
57 105 96 72 0 0 99 192 0 153 180 0 36 0 90 83
126 0 0 126 0 0 56 126 98 0 84 0 126 112 0 140
0 0 0 0 126 72 36 0 66 0 0 0 0 174 132 0
0 0 0 0 0 0 0 0 70 0 0 0 0 140 70 140
140 140 140 140 0 0 70 70 0 0 0 0 0 0 0 0
132 150 120 162 48 144 104 102 192 78 162 0 42 18 120 60
0 0 0 0 117 165 30 0 147 0 0 0 0 63 0 0
30 120 180 180 60 180 120 90 42 12 96 0 0 204 84 90
0 0 0 0 0 0 0 0 0 0 0 0 0 0 0 0
50 80 195 185 135 0 145 115 115 175 100 0 55 45 20 60
60 30 0 150 0 180 150 180 180 0 0 0 0 0 0 30
0 0 174 187 0 0 0 0 0 0 159 0 0 0 0 0
60 30 0 150 175 180 150 195 150 95 10 65 0 0 130 95
0 105 126 0 0 0 0 0 168 117 168 0 0 42 12 0
18 0 174 78 0 0 186 138 0 192 90 0 144 0 150 0
0 0 154 0 0 0 0 0 77 84 77 0 0 133 203 70
168 0 84 168 0 0 126 168 0 42 0 0 84 0 0 112
0 0 0 0 0 0 140 0 35 0 0 0 0 175 0 140
0 105 105 105 63 21 168 0 168 0 105 0 0 42 21 0
0 0 42 0 0 0 0 0 42 0 0 0 0 168 168 0
60 30 150 45 18 159 192 180 177 108 129 0 0 33 45 180
108 180 60 18 192 156 206 198 138 102 18 0 168 72 60 30
0 0 0 0 1 145 20 0 91 0 0 0 0 119 0 0
150 180 60 60 90 60 180 30 0 60 60 0 0 180 0 30
132 24 0 162 105 60 204 99 36 69 0 0 0 0 90 0
196 70 42 196 0 0 98 56 98 14 182 0 14 126 196 0
102 114 0 192 0 180 24 12 180 0 0 0 0 0 0 114
0 0 0 0 0 0 0 0 0 0 0 0 0 0 0 0
180 90 0 30 175 120 30 207 30 5 58 167 0 0 40 5
0 105 0 0 0 0 0 0 0 105 0 0 0 0 0 0
15 105 180 30 0 0 15 150 0 195 180 0 120 0 90 0
0 0 0 0 0 0 0 0 0 0 0 0 0 0 0 0
105 105 0 0 0 0 105 0 0 105 0 0 0 0 0 175
84 0 0 84 0 0 124 84 157 0 126 0 84 83 0 160
0 105 105 105 105 35 70 0 70 0 105 0 0 140 35 0
90 150 84 120 0 60 120 60 129 0 0 0 0 81 141 150
0 0 0 0 168 84 42 0 42 168 84 0 0 168 0 0
174 150 120 204 6 18 188 144 24 36 204 0 84 186 120 60
0 0 0 0 180 60 30 0 0 0 0 0 0 0 0 0
70 70 70 70 0 0 140 140 112 42 126 0 0 84 84 0
150 180 0 60 70 30 60 130 60 80 0 0 0 0 10 0
0 0 0 0 0 0 0 0 0 0 0 0 0 0 0 0
42 84 0 42 0 0 84 42 0 0 0 0 0 0 0 84
0 0 126 98 0 0 0 0 0 0 126 0 0 0 0 0
30 120 0 180 175 90 180 171 180 65 124 71 0 0 100 65
0 105 84 0 0 0 0 0 42 183 42 0 0 168 78 0
159 105 102 24 0 0 33 204 0 51 60 0 12 0 30 0
0 0 70 0 0 0 0 0 140 0 140 0 0 70 140 70
33 105 144 108 0 0 201 78 0 177 60 0 54 0 30 107
84 0 0 84 0 0 84 84 42 0 126 0 84 168 0 0
0 105 105 105 105 105 0 0 0 0 105 0 0 0 105 0
0 0 168 0 0 0 0 0 133 0 0 0 0 77 7 140
40 160 100 205 180 15 170 50 195 30 135 0 0 15 135 120
138 90 30 198 12 36 26 78 48 72 198 0 168 162 30 120
0 0 0 0 0 0 0 0 0 0 0 0 0 0 0 0
20 80 50 50 75 15 10 130 182 162 36 0 0 129 84 60
144 198 0 24 0 180 108 108 192 18 0 0 0 0 60 0
182 140 189 77 105 0 91 7 91 133 154 0 133 147 182 0
6 87 0 36 0 165 162 186 165 0 0 0 0 0 0 87
0 0 126 63 0 0 0 0 0 0 21 0 0 0 0 0
120 60 0 90 70 150 90 180 90 50 160 200 0 0 190 50
0 0 140 0 0 0 0 0 70 70 70 0 0 140 0 140
49 105 182 154 0 0 203 14 0 161 0 0 112 0 70 0
90 150 10 120 0 60 120 60 185 90 125 0 0 25 35 10
0 0 0 0 0 0 0 0 0 0 0 0 0 0 0 70
168 0 0 168 0 0 168 168 189 0 42 0 168 21 0 0
0 105 105 105 189 83 94 0 184 0 105 0 0 116 53 0
90 150 126 120 0 60 120 60 101 0 0 0 0 109 29 10
70 70 70 70 84 42 56 140 126 84 42 0 0 84 0 0
144 30 150 24 186 138 88 54 114 66 24 0 84 96 150 180
0 0 0 0 140 140 70 0 140 0 0 0 0 70 0 0
60 30 150 150 15 45 30 180 0 150 150 0 0 135 0 180
0 0 0 0 105 0 0 105 0 105 0 0 0 0 0 0
4 40 108 124 120 0 62 194 152 56 8 0 206 54 94 30
50 95 0 20 0 45 160 10 115 0 0 0 0 0 0 95
0 0 0 175 0 0 0 0 0 0 105 0 0 0 0 0
0 0 0 0 105 0 0 63 0 105 42 63 0 0 0 105
0 0 0 0 0 0 0 0 0 0 0 0 0 0 0 0
155 105 40 170 0 0 85 10 0 55 180 0 50 0 20 0
30 120 120 180 0 90 180 90 15 30 135 0 0 195 105 120
132 0 156 12 0 0 174 102 0 78 30 0 6 0 120 8
0 0 0 0 0 0 160 0 145 0 0 0 0 185 0 10
0 105 105 105 147 189 42 0 42 0 105 0 0 168 189 0
0 0 0 0 0 0 0 0 0 0 0 0 0 0 0 0
140 140 140 140 84 42 196 70 126 84 42 0 0 84 0 0
132 150 120 162 48 144 34 102 192 78 162 0 42 18 120 60
0 0 0 0 105 105 0 0 105 0 0 0 0 105 0 0
0 0 0 0 105 105 0 0 0 0 0 0 0 105 0 0
96 132 0 156 175 120 72 37 198 47 0 0 0 0 40 0
36 150 132 66 30 0 138 66 108 84 72 0 174 66 6 60
78 186 0 48 0 150 6 108 150 0 0 0 0 0 0 186
0 0 0 175 0 0 0 0 0 0 105 0 0 0 0 0
30 120 0 180 0 90 180 150 180 30 180 120 0 0 30 30
0 105 126 0 0 0 0 0 168 177 168 0 0 42 72 0
180 0 60 150 0 0 180 120 0 30 60 0 180 0 30 0
60 30 58 150 0 180 150 180 44 18 74 0 0 166 56 100
75 105 60 150 0 0 75 120 0 135 60 0 180 0 30 135
0 0 0 0 0 0 190 0 205 0 0 0 0 95 0 130
0 105 105 105 105 85 200 0 110 0 105 0 0 10 115 0
120 60 168 90 0 150 90 150 53 0 0 0 0 157 167 130
0 0 0 0 0 0 0 0 0 0 0 0 0 0 0 0
78 60 90 48 162 66 106 108 18 132 48 0 168 192 90 150
0 0 0 0 7 175 140 0 7 0 0 0 0 203 0 0
30 120 180 180 165 75 120 90 84 54 12 0 0 183 168 90
84 168 0 84 35 0 168 203 42 133 0 0 0 0 140 0
0 0 105 105 105 0 105 105 105 105 0 0 105 105 0 0
66 117 0 186 0 135 102 156 135 0 0 0 0 0 0 117
0 0 126 28 0 0 0 0 0 0 126 0 0 0 0 0
90 150 0 120 35 60 120 135 120 55 50 115 0 0 20 55
0 105 0 0 0 0 0 0 0 105 0 0 0 0 0 0
167 105 16 152 0 0 139 172 0 43 30 0 146 0 50 0
0 0 0 0 0 0 0 0 105 0 105 0 0 105 105 0
0 0 0 0 0 0 0 0 0 0 0 0 0 0 0 140
168 0 0 168 0 0 208 168 94 0 42 0 168 146 0 160
0 0 0 0 0 120 60 0 180 0 0 0 0 150 150 0
120 60 0 90 0 150 90 150 165 0 0 0 0 45 195 60
130 100 10 115 60 75 80 110 135 150 45 0 0 75 45 180
162 60 90 132 78 24 134 192 102 48 132 0 42 108 90 150
0 0 0 0 105 105 0 0 105 0 0 0 0 105 0 0
50 200 20 20 135 195 130 10 56 6 48 0 0 207 42 150
90 150 0 120 35 60 120 155 120 55 0 0 0 0 20 0
142 160 159 97 165 0 101 167 41 203 74 0 173 27 82 120
166 97 0 16 0 15 2 176 155 0 0 0 0 0 0 97
0 0 0 0 0 0 0 0 0 0 0 0 0 0 0 0
150 180 0 60 105 30 60 141 60 45 144 201 0 0 150 45
0 105 112 0 0 0 0 0 56 29 56 0 0 154 204 70
70 0 140 70 0 0 140 140 0 140 0 0 70 0 70 0
0 0 0 0 0 0 0 0 105 0 105 0 0 105 105 0
42 0 126 42 0 0 84 42 0 168 0 0 126 0 0 28
0 0 0 0 0 0 70 0 70 0 0 0 0 140 0 70
0 0 0 0 0 0 0 0 0 0 0 0 0 0 0 0
90 150 168 120 0 60 120 60 143 0 0 0 0 67 197 10
200 170 80 185 18 159 52 40 177 108 129 0 0 33 45 180
96 90 30 156 54 162 152 36 6 114 156 0 126 204 30 120
0 0 0 0 56 140 70 0 56 0 0 0 0 154 0 0
140 140 140 140 0 0 70 70 14 84 42 0 0 168 168 0
168 126 0 168 105 0 126 21 84 21 0 0 0 0 0 0
0 0 0 0 0 0 0 0 0 0 0 0 0 0 0 0
140 140 0 140 0 0 70 70 70 0 0 0 0 0 0 140
0 0 0 105 0 0 0 0 0 0 105 0 0 0 0 0
0 0 0 0 105 0 0 105 0 105 0 105 0 0 0 105
0 105 70 0 0 0 0 0 140 65 140 0 0 70 30 70
0 0 0 0 0 0 0 0 0 0 0 0 0 0 0 0
60 30 184 150 0 180 150 180 107 144 137 0 0 103 203 100
54 0 102 24 0 0 138 204 0 156 60 0 12 0 30 86
0 0 0 0 0 0 40 0 115 0 0 0 0 125 0 160
0 0 0 0 0 0 0 0 0 0 0 0 0 0 0 0
0 0 0 0 0 0 0 0 105 0 0 0 0 105 105 0
30 120 180 75 30 195 180 90 15 180 75 0 0 195 75 90
54 90 30 114 96 78 68 204 174 156 114 0 84 36 30 120
0 0 0 0 154 70 140 0 154 0 0 0 0 56 0 0
0 0 0 0 105 105 0 0 0 0 0 0 0 105 0 0
0 0 0 0 175 0 0 175 0 35 0 0 0 0 70 0
180 120 30 120 150 0 60 120 120 0 150 0 30 120 30 90
188 101 0 8 0 165 106 88 25 0 0 0 0 0 0 101
0 0 0 0 0 0 0 0 0 0 0 0 0 0 0 0
0 0 0 0 0 0 0 126 0 0 84 126 0 0 0 0
0 105 140 0 0 0 0 0 70 55 70 0 0 140 90 140
160 0 170 40 0 0 20 200 0 50 30 0 160 0 190 0
60 30 170 150 0 180 150 180 205 60 25 0 0 5 175 170
15 105 180 30 0 0 15 150 0 195 180 0 120 0 90 55
0 0 0 0 0 0 0 0 0 0 0 0 0 0 0 0
0 105 105 105 189 203 154 0 154 0 105 0 0 56 203 0
180 90 126 30 0 120 30 120 6 0 0 0 0 204 114 90
0 0 0 0 126 168 84 0 84 126 168 0 0 126 0 0
6 150 120 36 174 102 202 186 66 204 36 0 126 144 120 60
0 0 0 0 161 35 70 0 161 0 0 0 0 49 0 0
180 90 30 30 150 30 90 120 0 30 30 0 0 90 0 120
120 60 0 90 0 150 90 90 90 120 0 0 0 0 120 0
0 0 0 0 0 0 0 0 0 0 0 0 0 0 0 0
0 105 0 0 0 105 0 0 105 0 0 0 0 0 0 105
0 0 30 165 0 0 0 0 0 0 165 0 0 0 0 0
30 120 0 180 105 90 180 45 180 135 180 15 0 0 30 135
0 105 98 0 0 0 0 0 154 61 154 0 0 56 96 140
120 0 180 30 0 0 120 150 0 90 180 0 120 0 90 0
90 150 80 120 0 60 120 60 115 90 55 0 0 95 175 80
57 105 96 72 0 0 99 192 0 153 180 0 36 0 90 83
126 0 0 126 0 0 46 126 43 0 84 0 126 107 0 100
0 105 105 105 105 75 90 0 60 0 105 0 0 120 15 0
30 120 0 180 0 90 180 90 120 0 0 0 0 90 180 120
80 110 200 200 24 72 46 100 96 144 102 0 0 114 60 30
54 90 30 114 96 78 68 204 174 156 114 0 84 36 30 120
0 0 0 0 56 140 70 0 56 0 0 0 0 154 0 0
90 150 120 120 75 15 150 60 0 120 120 0 0 45 0 60
12 174 0 72 35 120 114 149 156 19 0 0 0 0 110 0
130 40 45 145 15 0 125 5 5 35 50 0 185 75 10 30
140 140 0 140 0 0 70 70 70 0 0 0 0 0 0 140
0 0 174 187 0 0 0 0 0 0 159 0 0 0 0 0
180 90 0 30 105 120 30 39 30 75 156 69 0 0 180 75
0 0 42 0 0 0 0 0 126 174 126 0 0 84 174 0
105 105 0 0 0 0 105 0 0 105 0 0 0 0 0 0
30 120 50 180 0 90 180 90 85 30 205 0 0 125 175 50
0 0 0 0 0 0 0 0 0 0 0 0 0 0 0 0
126 0 0 126 0 0 126 126 63 0 84 0 126 147 0 0
0 105 105 105 147 9 162 0 192 0 105 0 0 48 69 0
180 90 0 30 0 120 30 120 55 0 0 0 0 155 205 20
70 70 70 70 84 42 56 140 126 84 42 0 0 84 0 0
54 90 30 114 96 78 208 204 174 156 114 0 84 36 30 120
0 0 0 0 1 145 20 0 91 0 0 0 0 119 0 0
10 40 130 130 90 60 110 170 28 18 144 0 0 96 126 30
168 126 0 168 0 0 126 126 84 126 0 0 0 0 0 0
170 20 180 20 60 0 10 160 160 70 130 0 40 90 110 120
70 175 0 70 0 105 140 140 35 0 0 0 0 0 0 175
0 0 18 204 0 0 0 0 0 0 78 0 0 0 0 0
0 0 0 0 35 0 0 105 0 175 140 175 0 0 140 175
0 105 42 0 0 0 0 0 126 189 126 0 0 84 84 0
15 105 180 30 0 0 15 150 0 195 180 0 120 0 90 0
0 0 42 0 0 0 0 0 126 42 126 0 0 84 84 0
177 105 66 102 0 0 9 132 0 33 150 0 156 0 180 103
84 0 0 84 0 0 124 84 157 0 126 0 84 83 0 160
0 0 0 0 42 14 112 0 112 0 0 0 0 98 14 0
180 90 126 30 0 120 30 120 111 0 0 0 0 99 9 90
70 70 70 175 42 21 98 140 63 42 21 0 0 147 105 0
102 30 150 192 18 54 74 12 72 108 192 0 42 138 150 180
0 0 0 0 198 150 180 0 168 0 0 0 0 42 0 0
0 0 0 0 0 0 0 0 0 0 0 0 0 0 0 0
168 126 0 168 0 0 126 126 84 126 0 0 0 0 0 0
36 150 27 171 135 0 33 171 3 189 72 0 69 171 6 60
120 60 0 90 0 150 90 150 150 0 0 0 0 0 0 60
0 0 102 71 0 0 0 0 0 0 57 0 0 0 0 0
30 120 0 180 175 90 180 171 180 65 124 71 0 0 100 65
0 105 70 0 0 0 0 0 140 35 140 0 0 70 0 70
110 0 130 80 0 0 40 190 0 100 60 0 110 0 170 0
90 150 192 120 0 60 120 60 171 132 111 0 0 39 189 150
0 0 0 0 0 0 0 0 0 0 0 0 0 0 0 140
0 0 0 0 0 0 190 0 205 0 0 0 0 95 0 130
0 105 105 105 63 141 18 0 138 0 105 0 0 192 171 0
0 0 0 0 0 0 0 0 175 0 0 0 0 35 175 140
150 180 60 165 150 135 60 30 75 60 165 0 0 135 165 30
204 60 90 174 36 108 148 24 144 6 174 0 84 66 90 150
0 0 0 0 70 70 140 0 70 0 0 0 0 140 0 0
20 80 50 50 75 15 10 130 182 162 36 0 0 129 84 60
42 84 0 42 70 0 84 154 126 14 0 0 0 0 70 0
70 70 0 70 0 0 140 140 140 140 140 0 140 0 70 0
70 70 0 70 0 0 140 140 140 0 0 0 0 0 0 70
0 0 180 10 0 0 0 0 0 0 150 0 0 0 0 0
150 180 0 60 0 30 60 78 60 150 102 138 0 0 150 150
0 105 42 0 0 0 0 0 126 189 126 0 0 84 84 0
0 0 0 0 0 0 0 0 0 0 0 0 0 0 0 0
180 90 6 30 0 120 30 120 48 96 138 0 0 162 42 90
126 0 168 126 0 0 42 126 0 84 0 0 168 0 0 154
0 0 0 0 0 0 160 0 40 0 0 0 0 80 0 10
0 105 105 105 189 83 94 0 184 0 105 0 0 116 53 0
0 0 0 0 0 0 0 0 35 0 0 0 0 175 35 70
70 70 70 70 126 168 14 140 84 126 168 0 0 126 0 0
72 120 180 12 198 174 44 132 162 138 12 0 42 48 180 90
0 0 0 0 104 170 190 0 14 0 0 0 0 196 0 0
120 60 90 90 30 90 60 150 0 90 90 0 0 60 0 150
0 0 0 0 0 0 0 0 0 0 0 0 0 0 0 0
140 140 105 35 105 0 175 175 175 175 70 0 175 105 140 0
28 91 0 28 0 105 56 98 35 0 0 0 0 0 0 91
0 0 0 0 0 0 0 0 0 0 0 0 0 0 0 0
0 0 0 0 35 0 0 147 0 175 98 7 0 0 140 175
0 105 98 0 0 0 0 0 154 1 154 0 0 56 36 140
105 105 0 0 0 0 105 0 0 105 0 0 0 0 0 0
0 0 168 0 0 0 0 0 84 168 84 0 0 126 126 0
0 0 0 0 0 0 0 0 0 0 0 0 0 0 0 0
126 0 0 126 0 0 16 126 193 0 84 0 126 197 0 190
0 105 105 105 147 119 112 0 112 0 105 0 0 98 119 0
60 30 42 150 0 180 150 180 177 0 0 0 0 33 3 30
180 90 30 30 180 120 30 120 90 30 30 0 0 120 30 120
0 0 0 0 0 0 0 0 0 0 0 0 0 0 0 0
0 0 0 0 121 115 110 0 91 0 0 0 0 119 0 0
30 120 180 180 165 75 120 90 126 96 138 0 0 57 42 90
96 132 0 156 175 120 72 37 198 47 0 0 0 0 40 0
0 0 105 105 105 0 105 105 105 105 0 0 105 105 0 0
0 105 0 0 0 105 0 0 105 0 0 0 0 0 0 105
0 0 150 125 0 0 0 0 0 0 195 0 0 0 0 0
60 30 0 150 35 180 150 195 150 25 80 205 0 0 200 25
0 105 42 0 0 0 0 0 126 129 126 0 0 84 24 0
30 0 150 60 0 0 30 90 0 180 150 0 30 0 180 0
150 180 12 60 0 30 60 30 96 192 66 0 0 114 84 180
105 105 0 0 0 0 105 0 0 105 0 0 0 0 0 175
0 0 0 0 0 0 100 0 25 0 0 0 0 155 0 190
0 0 0 0 42 44 22 0 52 0 0 0 0 188 104 0
120 60 168 90 0 150 90 150 53 0 0 0 0 157 167 130
120 60 90 195 120 45 90 150 165 90 195 0 0 45 195 150
66 180 60 186 24 72 122 156 96 144 186 0 126 114 60 30
0 0 0 0 0 0 0 0 0 0 0 0 0 0 0 0
0 0 0 0 105 105 0 0 0 0 0 0 0 105 0 0
0 0 0 0 105 0 0 105 0 105 0 0 0 0 0 0
60 180 150 180 120 0 90 180 180 0 120 0 150 180 150 30
84 63 0 84 0 105 168 84 105 0 0 0 0 0 0 63
0 0 90 75 0 0 0 0 0 0 75 0 0 0 0 0
0 0 0 0 0 0 0 0 0 0 0 0 0 0 0 0
0 0 98 0 0 0 0 0 154 166 154 0 0 56 96 140
167 105 16 152 0 0 139 172 0 43 30 0 146 0 50 0
60 30 58 150 0 180 150 180 149 18 179 0 0 61 161 100
30 0 150 60 0 0 30 90 0 180 150 0 30 0 180 40
168 0 0 168 0 0 188 168 89 0 42 0 168 31 0 80
0 0 0 0 42 84 42 0 42 0 0 0 0 168 84 0
120 60 84 90 0 150 90 150 144 0 0 0 0 66 6 60
70 70 70 70 168 84 182 140 42 168 84 0 0 168 0 0
78 60 90 48 162 66 176 108 18 132 48 0 168 192 90 150
0 0 0 0 77 35 70 0 77 0 0 0 0 133 0 0
80 110 200 200 90 60 40 100 98 18 144 0 0 96 126 30
0 0 0 0 70 0 0 70 0 140 0 0 0 0 70 0
142 160 159 97 165 0 101 167 41 203 74 0 173 27 82 120
0 105 0 0 0 105 0 0 105 0 0 0 0 0 0 105
0 0 84 182 0 0 0 0 0 0 84 0 0 0 0 0
150 180 0 60 35 30 60 15 60 115 200 145 0 0 80 115
0 0 42 0 0 0 0 0 126 84 126 0 0 84 84 0
175 105 140 70 0 0 35 140 0 35 0 0 70 0 70 0
180 90 90 30 0 120 30 120 90 180 180 0 0 120 0 90
42 0 126 42 0 0 84 42 0 168 0 0 126 0 0 28
0 0 0 0 0 0 70 0 175 0 0 0 0 35 0 70
0 0 0 0 0 150 180 0 120 0 0 0 0 30 30 0
0 0 0 0 0 0 0 0 0 0 0 0 0 0 0 0
200 170 80 185 18 159 52 40 177 108 129 0 0 33 45 180
36 60 90 6 204 192 92 66 186 174 6 0 126 24 90 150
0 0 0 0 85 145 20 0 175 0 0 0 0 35 0 0
0 0 0 0 0 0 0 0 126 126 168 0 0 42 42 0
174 108 0 204 105 60 78 183 162 153 0 0 0 0 90 0
14 140 63 119 105 0 7 49 7 91 28 0 91 189 14 0
42 84 0 42 0 0 84 42 0 0 0 0 0 0 0 84
0 0 0 70 0 0 0 0 0 0 0 0 0 0 0 0
90 150 0 120 140 60 120 114 120 160 176 94 0 0 20 160
0 0 0 0 0 0 0 0 0 0 0 0 0 0 0 0
105 105 0 0 0 0 105 0 0 105 0 0 0 0 0 0
60 30 184 150 0 180 150 180 107 144 137 0 0 103 203 100
147 105 126 42 0 0 189 42 0 63 0 0 126 0 0 203
0 0 0 0 0 0 140 0 140 0 0 0 0 70 0 140
0 0 0 0 84 168 84 0 84 0 0 0 0 126 168 0
30 120 42 180 0 90 180 90 92 0 0 0 0 118 68 190
140 140 140 35 42 21 28 70 63 42 21 0 0 147 105 0
66 180 60 186 24 72 122 156 96 144 186 0 126 114 60 30
0 0 0 0 15 75 90 0 105 0 0 0 0 105 0 0
150 180 60 60 195 165 180 30 0 60 60 0 0 75 0 30
102 114 0 192 175 180 24 199 66 179 0 0 0 0 130 0
150 30 60 30 90 0 120 30 30 0 90 0 60 30 60 180
0 0 0 0 0 0 0 0 0 0 0 0 0 0 0 0
0 0 168 189 0 0 0 0 0 0 63 0 0 0 0 0
0 0 0 0 140 0 0 0 0 70 140 70 0 0 140 70
0 105 0 0 0 0 0 0 0 165 0 0 0 0 60 0
70 0 140 70 0 0 140 140 0 140 0 0 70 0 70 0
0 0 28 0 0 0 0 0 14 168 14 0 0 196 56 70
66 0 78 6 0 0 192 156 0 144 120 0 108 0 60 4
42 0 0 42 0 0 192 42 6 0 168 0 42 54 0 180
0 105 105 105 105 105 0 0 0 0 105 0 0 0 105 0
90 150 0 120 0 60 120 60 150 0 0 0 0 60 120 150
20 80 50 50 48 144 22 130 192 78 204 0 0 18 120 60
132 150 120 162 48 144 104 102 192 78 162 0 42 18 120 60
0 0 0 0 183 75 90 0 63 0 0 0 0 147 0 0
0 0 0 0 105 105 0 0 0 0 0 0 0 105 0 0
108 96 0 18 105 30 186 81 144 171 0 0 0 0 150 0
178 100 186 58 90 0 134 128 44 182 146 0 32 198 88 180
70 175 0 70 0 105 140 140 35 0 0 0 0 0 0 175
0 0 60 120 0 0 0 0 0 0 120 0 0 0 0 0
0 0 0 0 105 0 0 105 0 105 0 105 0 0 0 105
0 105 168 0 0 0 0 0 84 21 84 0 0 126 126 0
203 105 154 98 0 0 91 28 0 7 0 0 14 0 140 0
0 0 70 0 0 0 0 0 35 0 35 0 0 175 35 70
57 105 96 72 0 0 99 192 0 153 180 0 36 0 90 83
0 0 0 0 0 0 0 0 0 0 0 0 0 0 0 0
0 105 105 105 21 117 6 0 186 0 105 0 0 204 57 0
180 90 126 30 0 120 30 120 6 0 0 0 0 204 114 90
130 100 10 10 18 54 122 110 72 108 24 0 0 138 150 180
6 150 120 36 174 102 62 186 66 204 36 0 126 144 120 60
0 0 0 0 175 175 140 0 175 0 0 0 0 35 0 0
0 0 0 0 0 0 0 0 168 168 84 0 0 126 126 0
0 0 0 0 175 0 0 175 0 35 0 0 0 0 70 0
108 30 186 198 90 0 204 198 114 42 6 0 102 198 18 180
90 45 0 120 0 165 120 60 165 0 0 0 0 0 0 45
0 0 174 187 0 0 0 0 0 0 159 0 0 0 0 0
0 0 0 0 140 0 0 42 0 70 98 112 0 0 140 70
0 0 182 0 0 0 0 0 196 154 196 0 0 14 84 140
10 0 50 160 0 0 80 170 0 200 120 0 10 0 130 0
60 30 30 150 0 180 150 180 135 60 165 0 0 75 105 30
105 105 0 0 0 0 105 0 0 105 0 0 0 0 0 105
42 0 0 42 0 0 42 42 21 0 168 0 42 189 0 0
0 0 0 0 42 54 132 0 102 0 0 0 0 78 204 0
120 60 0 90 0 150 90 150 60 0 0 0 0 150 90 60
180 90 30 135 54 57 156 120 111 114 177 0 0 99 135 120
144 30 150 24 186 138 158 54 114 66 24 0 84 96 150 180
0 0 0 0 1 145 20 0 91 0 0 0 0 119 0 0
90 150 120 120 180 120 150 60 168 78 204 0 0 66 126 60
0 0 0 0 0 0 0 0 0 0 0 0 0 0 0 0
150 30 165 135 195 0 15 135 135 105 90 0 165 135 60 180
192 159 0 102 0 135 144 72 135 0 0 0 0 0 0 159
0 0 78 9 0 0 0 0 0 0 93 0 0 0 0 0
0 0 0 0 105 0 0 21 0 105 84 21 0 0 0 105
0 0 0 0 0 0 0 0 0 0 0 0 0 0 0 0
155 105 40 170 0 0 85 10 0 55 180 0 50 0 20 0
60 30 30 150 0 180 150 180 30 60 60 0 0 180 0 30
105 105 0 0 0 0 105 0 0 105 0 0 0 0 0 175
84 0 0 84 0 0 124 84 157 0 126 0 84 83 0 160
0 0 0 0 0 180 90 0 60 0 0 0 0 120 120 0
0 0 0 0 0 0 0 0 0 0 0 0 0 0 0 0
200 170 80 80 60 180 10 40 30 150 150 0 0 180 150 180
36 60 90 6 204 192 92 66 186 174 6 0 126 24 90 150
0 0 0 0 63 105 0 0 63 0 0 0 0 147 0 0
0 0 0 0 105 105 0 0 84 84 42 0 0 63 168 0
84 168 0 84 105 0 168 63 42 63 0 0 0 0 0 0
30 90 75 195 165 0 45 195 195 105 60 0 75 195 180 120
42 84 0 42 0 0 84 42 0 0 0 0 0 0 0 84
0 0 0 140 0 0 0 0 0 0 0 0 0 0 0 0
30 120 0 180 175 90 180 171 180 65 124 71 0 0 100 65
0 105 70 0 0 0 0 0 140 95 140 0 0 70 60 70
14 0 112 14 0 0 28 154 0 196 0 0 182 0 140 0
0 0 0 0 0 0 0 0 0 0 0 0 0 0 0 0
36 0 138 156 0 0 162 66 0 174 180 0 78 0 90 174
42 0 0 42 0 0 72 42 186 0 168 0 42 204 0 120
0 0 0 0 84 98 154 0 154 0 0 0 0 56 98 0
30 120 126 180 0 90 180 90 71 0 0 0 0 139 89 190
120 60 90 195 204 87 6 150 81 174 27 0 0 129 195 150
144 30 150 24 186 138 158 54 114 66 24 0 84 96 150 180
0 0 0 0 35 35 70 0 35 0 0 0 0 175 0 0
20 80 50 50 75 15 10 130 182 162 36 0 0 129 84 60
0 0 0 0 70 0 0 70 0 140 0 0 0 0 70 0
70 70 0 70 0 0 140 140 140 140 140 0 140 0 70 0
0 105 0 0 0 105 0 0 105 0 0 0 0 0 0 105
0 0 150 90 0 0 0 0 0 0 90 0 0 0 0 0
0 0 0 0 0 0 0 0 0 0 0 0 0 0 0 0
0 105 182 0 0 0 0 0 196 139 196 0 0 14 174 140
84 0 42 84 0 0 168 84 0 126 0 0 42 0 0 0
0 0 182 0 0 0 0 0 196 42 196 0 0 14 154 140
120 0 180 30 0 0 120 150 0 90 180 0 120 0 90 160
0 0 0 0 0 0 140 0 35 0 0 0 0 175 0 140
0 105 105 105 189 83 94 0 184 0 105 0 0 116 53 0
90 150 0 120 0 60 120 60 45 0 0 0 0 165 15 150
80 110 200 95 192 51 88 100 33 102 81 0 0 177 165 30
54 90 30 114 96 78 68 204 174 156 114 0 84 36 30 120
0 0 0 0 0 0 0 0 0 0 0 0 0 0 0 0
140 140 140 140 0 0 70 70 98 168 84 0 0 126 126 0
60 30 0 150 105 180 150 45 150 165 0 0 0 0 60 0
48 60 141 123 75 0 9 123 39 147 96 0 57 123 78 150
70 175 0 70 0 105 140 140 35 0 0 0 0 0 0 175
0 0 144 162 0 0 0 0 0 0 204 0 0 0 0 0
60 30 0 150 140 180 150 90 150 130 80 100 0 0 200 130
0 105 98 0 0 0 0 0 154 1 154 0 0 56 36 140
110 0 130 80 0 0 40 190 0 100 60 0 110 0 170 0
90 150 80 120 0 60 120 60 10 90 160 0 0 200 70 80
177 105 66 102 0 0 9 132 0 33 150 0 156 0 180 173
42 0 0 42 0 0 182 42 161 0 168 0 42 49 0 140
0 0 0 0 42 84 42 0 42 0 0 0 0 168 84 0
30 120 0 180 0 90 180 90 15 0 0 0 0 195 75 120
140 140 140 35 0 105 70 70 105 0 105 0 0 105 105 0
144 30 150 24 186 138 158 54 114 66 24 0 84 96 150 180
0 0 0 0 50 110 160 0 140 0 0 0 0 70 0 0
0 0 0 0 105 105 0 0 168 168 84 0 0 21 126 0
96 132 0 156 175 120 72 37 198 47 0 0 0 0 40 0
140 140 105 35 105 0 175 175 175 175 70 0 175 105 140 0
140 140 0 140 0 0 70 70 70 0 0 0 0 0 0 140
0 0 186 78 0 0 0 0 0 0 36 0 0 0 0 0
0 0 0 0 105 0 0 147 0 105 168 147 0 0 0 105
0 0 0 0 0 0 0 0 0 0 0 0 0 0 0 0
126 0 168 126 0 0 42 126 0 84 0 0 168 0 0 0
150 180 96 60 0 30 60 30 138 66 108 0 0 72 42 180
105 105 0 0 0 0 105 0 0 105 0 0 0 0 0 105
42 0 0 42 0 0 42 42 21 0 168 0 42 189 0 0
0 105 105 105 105 35 70 0 70 0 105 0 0 140 35 0
120 60 168 90 0 150 90 150 53 0 0 0 0 157 167 130
150 180 60 60 150 30 60 30 180 60 60 0 0 30 60 30
138 90 30 198 12 36 26 78 48 72 198 0 168 162 30 120
0 0 0 0 155 5 160 0 35 0 0 0 0 175 0 0
0 0 0 0 105 105 0 0 0 0 0 0 0 105 0 0
0 0 0 0 140 0 0 140 0 70 0 0 0 0 140 0
84 0 63 189 105 0 147 189 147 21 168 0 21 189 84 0
140 140 0 140 0 0 70 70 70 0 0 0 0 0 0 140
0 0 12 31 0 0 0 0 0 0 87 0 0 0 0 0
30 120 0 180 105 90 180 45 180 135 180 15 0 0 30 135
0 105 112 0 0 0 0 0 56 59 56 0 0 154 24 70
167 105 16 152 0 0 139 172 0 43 30 0 146 0 50 0
0 0 140 0 0 0 0 0 70 0 70 0 0 140 70 140
84 0 42 84 0 0 168 84 0 126 0 0 42 0 0 126
0 0 0 0 0 0 10 0 55 0 0 0 0 5 0 40
0 105 105 105 63 21 168 0 168 0 105 0 0 42 21 0
0 0 0 0 0 0 0 0 105 0 0 0 0 105 105 0
0 0 0 0 0 0 0 0 0 0 0 0 0 0 0 0
204 60 90 174 36 108 148 24 144 6 174 0 84 66 90 150
0 0 0 0 115 85 200 0 175 0 0 0 0 35 0 0
0 0 0 0 0 0 0 0 84 84 42 0 0 168 168 0
0 0 0 0 175 0 0 175 0 35 0 0 0 0 70 0
142 160 159 97 165 0 101 167 41 203 74 0 173 27 82 120
180 90 0 30 0 120 30 120 120 0 0 0 0 0 0 90
0 0 0 35 0 0 0 0 0 0 105 0 0 0 0 0
0 0 0 0 140 0 0 0 0 70 140 70 0 0 140 70
0 0 126 0 0 0 0 0 168 12 168 0 0 42 12 0
105 105 0 0 0 0 105 0 0 105 0 0 0 0 0 0
180 90 202 30 0 120 30 120 41 12 131 0 0 169 119 160
30 0 150 60 0 0 30 90 0 180 150 0 30 0 180 180
0 0 0 0 0 0 70 0 70 0 0 0 0 140 0 70
0 0 0 0 126 112 56 0 56 0 0 0 0 154 112 0
90 150 0 120 0 60 120 60 150 0 0 0 0 60 120 150
200 170 80 185 18 159 52 40 177 108 129 0 0 33 45 180
108 180 60 18 192 156 206 198 138 102 18 0 168 72 60 30
0 0 0 0 96 60 30 0 126 0 0 0 0 84 0 0
50 200 20 20 135 195 130 10 14 174 132 0 0 123 168 150
0 0 0 0 70 0 0 70 0 140 0 0 0 0 70 0
60 180 45 75 15 0 195 75 75 105 120 0 45 75 150 30
84 63 0 84 0 105 168 84 105 0 0 0 0 0 0 63
0 0 0 0 0 0 0 0 0 0 0 0 0 0 0 0
0 0 0 0 0 0 0 42 0 0 168 42 0 0 0 0
0 105 0 0 0 0 0 0 0 105 0 0 0 0 0 0
168 0 84 168 0 0 126 168 0 42 0 0 84 0 0 0
60 30 184 150 0 180 150 180 107 144 137 0 0 103 203 100
105 105 0 0 0 0 105 0 0 105 0 0 0 0 0 35
126 0 0 126 0 0 106 126 163 0 84 0 126 137 0 130
0 0 0 0 0 30 120 0 150 0 0 0 0 90 90 0
0 0 84 0 0 0 0 0 14 0 0 0 0 196 56 70
110 20 170 65 180 15 100 190 195 30 135 0 0 15 135 120
36 60 90 6 204 192 22 66 186 174 6 0 126 24 90 150
0 0 0 0 180 60 30 0 0 0 0 0 0 0 0 0
0 0 0 0 105 105 0 0 126 126 168 0 0 147 42 0
0 0 0 0 35 0 0 35 0 175 0 0 0 0 140 0
52 100 39 37 195 0 71 107 191 203 104 0 53 177 172 180
188 101 0 8 0 165 106 88 25 0 0 0 0 0 0 101
0 0 126 63 0 0 0 0 0 0 21 0 0 0 0 0
0 0 0 0 140 0 0 168 0 70 182 28 0 0 140 70
0 105 154 0 0 0 0 0 182 203 182 0 0 28 168 70
35 105 70 140 0 0 175 70 0 175 0 0 140 0 140 0
0 0 0 0 0 0 0 0 0 0 0 0 0 0 0 0
147 105 126 42 0 0 189 42 0 63 0 0 126 0 0 63
168 0 0 168 0 0 28 168 49 0 42 0 168 161 0 70
0 0 0 0 0 0 0 0 0 0 0 0 0 0 0 0
60 30 126 150 0 180 150 180 156 0 0 0 0 54 24 30
60 30 150 45 60 75 150 180 135 150 45 0 0 75 45 180
108 180 60 18 192 156 136 198 138 102 18 0 168 72 60 30
0 0 0 0 42 0 0 0 42 0 0 0 0 168 0 0
0 0 0 0 0 0 0 0 0 0 0 0 0 0 0 0
174 108 0 204 105 60 78 183 162 153 0 0 0 0 90 0
102 180 129 117 15 0 111 117 201 63 204 0 3 117 192 30
172 79 0 52 0 75 164 152 5 0 0 0 0 0 0 79
0 0 30 130 0 0 0 0 0 0 60 0 0 0 0 0
0 0 0 0 70 0 0 0 0 140 70 140 0 0 70 140
0 105 0 0 0 0 0 0 0 105 0 0 0 0 0 0
166 0 158 136 0 0 152 176 0 44 60 0 208 0 100 0
150 180 124 60 0 30 60 30 152 24 122 0 0 58 98 40
57 105 96 72 0 0 99 192 0 153 180 0 36 0 90 83
42 0 0 42 0 0 202 42 61 0 168 0 42 59 0 10
0 105 105 105 147 169 32 0 152 0 105 0 0 178 199 0
60 30 126 150 0 180 150 180 51 0 0 0 0 159 129 30
0 0 0 105 0 105 0 0 105 0 105 0 0 105 105 0
132 150 120 162 48 144 104 102 192 78 162 0 42 18 120 60
0 0 0 0 97 205 50 0 7 0 0 0 0 203 0 0
140 140 140 140 105 105 70 70 140 0 0 0 0 105 0 0
42 84 0 42 175 0 84 49 126 119 0 0 0 0 70 0
0 0 0 0 0 0 0 0 0 0 0 0 0 0 0 0
182 119 0 182 0 105 154 112 175 0 0 0 0 0 0 119
0 0 174 187 0 0 0 0 0 0 159 0 0 0 0 0
150 180 0 60 0 30 60 204 60 150 186 54 0 0 150 150
0 105 0 0 0 0 0 0 0 105 0 0 0 0 0 0
191 105 178 116 0 0 37 76 0 19 150 0 128 0 110 0
0 0 70 0 0 0 0 0 35 0 35 0 0 175 35 70
102 0 6 162 0 0 144 12 0 108 90 0 186 0 150 108
0 0 0 0 0 0 60 0 120 0 0 0 0 30 0 30
0 105 105 105 105 105 0 0 0 0 105 0 0 0 105 0
0 0 0 0 0 0 0 0 175 0 0 0 0 35 175 140
170 50 110 5 156 153 124 160 99 96 33 0 0 111 75 90
186 30 150 66 144 12 172 96 156 24 66 0 126 54 150 180
0 0 0 0 1 145 20 0 91 0 0 0 0 119 0 0
0 0 0 0 0 0 0 0 42 42 126 0 0 84 84 0
150 180 0 60 70 30 60 130 60 80 0 0 0 0 10 0
54 120 93 99 45 0 207 99 57 21 108 0 51 99 114 90
0 105 0 0 0 105 0 0 105 0 0 0 0 0 0 105
0 0 168 154 0 0 0 0 0 0 168 0 0 0 0 0
90 150 0 120 35 60 120 177 120 55 8 157 0 0 20 55
0 0 0 0 0 0 0 0 0 0 0 0 0 0 0 0
35 105 70 140 0 0 175 70 0 175 0 0 140 0 140 0
0 0 42 0 0 0 0 0 126 42 126 0 0 84 84 0
0 0 0 0 0 0 0 0 0 0 0 0 0 0 0 0
84 0 0 84 0 0 124 84 157 0 126 0 84 83 0 160
0 105 105 105 147 189 42 0 42 0 105 0 0 168 189 0
150 180 126 60 0 30 60 30 26 0 0 0 0 184 74 40
0 0 0 105 0 105 0 0 105 0 105 0 0 105 105 0
144 30 150 24 186 138 158 54 114 66 24 0 84 96 150 180
0 0 0 0 21 105 0 0 21 0 0 0 0 189 0 0
60 30 150 150 15 45 30 180 168 108 24 0 0 51 126 180
180 90 0 30 70 120 30 100 30 110 0 0 0 0 40 0
112 70 189 7 105 0 161 77 161 203 14 0 203 147 112 0
90 150 0 120 0 60 120 60 60 0 0 0 0 0 0 150
0 0 144 92 0 0 0 0 0 0 204 0 0 0 0 0
30 120 0 180 175 90 180 171 180 65 124 71 0 0 100 65
0 0 126 0 0 0 0 0 168 42 168 0 0 42 42 0
70 0 140 70 0 0 140 140 0 140 0 0 70 0 70 0
0 0 0 0 0 0 0 0 0 0 0 0 0 0 0 0
126 0 168 126 0 0 42 126 0 84 0 0 168 0 0 154
0 0 0 0 0 0 70 0 175 0 0 0 0 35 0 70
0 0 0 0 0 0 0 0 0 0 0 0 0 0 0 0
0 0 0 0 0 0 0 0 140 0 0 0 0 70 140 70
200 170 80 80 60 180 10 40 30 150 150 0 0 180 150 180
174 150 120 204 6 18 118 144 24 36 204 0 84 186 120 60
0 0 0 0 201 165 30 0 21 0 0 0 0 189 0 0
0 0 0 0 0 0 0 0 0 0 0 0 0 0 0 0
90 150 0 120 105 60 120 15 120 195 0 0 0 0 90 0
12 120 114 162 150 0 186 162 36 168 24 0 198 162 72 90
180 195 0 30 0 15 30 120 15 0 0 0 0 0 0 195
0 0 90 180 0 0 0 0 0 0 180 0 0 0 0 0
0 0 0 0 105 0 0 21 0 105 84 21 0 0 0 105
0 105 56 0 0 0 0 0 28 7 28 0 0 182 42 140
200 0 160 50 0 0 130 40 0 10 90 0 200 0 80 0
90 150 150 120 0 60 120 60 45 90 195 0 0 165 105 150
21 105 168 126 0 0 147 126 0 189 0 0 168 0 0 189
0 0 0 0 0 0 180 0 150 0 0 0 0 90 0 90
0 105 105 105 189 83 94 0 184 0 105 0 0 116 53 0
120 60 126 90 0 150 90 150 116 0 0 0 0 94 104 130
90 150 120 120 90 60 120 60 150 120 120 0 0 60 120 60
156 120 180 96 114 132 2 6 36 54 96 0 126 174 180 90
0 0 0 0 93 45 180 0 63 0 0 0 0 147 0 0
70 70 70 70 0 0 140 140 70 0 0 0 0 0 0 0
168 126 0 168 35 0 126 161 84 91 0 0 0 0 140 0
0 0 105 105 105 0 105 105 105 105 0 0 105 105 0 0
56 182 0 56 0 0 112 196 70 0 0 0 0 0 0 182
0 0 168 189 0 0 0 0 0 0 63 0 0 0 0 0
150 180 0 60 70 30 60 78 60 80 172 68 0 0 10 80
0 105 98 0 0 0 0 0 154 1 154 0 0 56 36 140
0 0 0 0 0 0 0 0 0 0 0 0 0 0 0 0
120 60 46 90 0 150 90 150 158 36 8 0 0 52 182 130
153 105 114 138 0 0 111 18 0 57 30 0 174 0 120 197
0 0 0 0 0 0 0 0 0 0 0 0 0 0 0 0
0 0 0 0 126 182 196 0 196 0 0 0 0 14 182 0
150 180 0 60 0 30 60 30 180 0 0 0 0 30 60 180
10 40 130 130 150 30 200 170 180 60 60 0 0 30 60 30
204 60 90 174 36 108 148 24 144 6 174 0 84 66 90 150
0 0 0 0 99 75 90 0 189 0 0 0 0 21 0 0
0 0 0 0 0 0 0 0 0 0 0 0 0 0 0 0
96 132 0 156 175 120 72 37 198 47 0 0 0 0 40 0
126 0 147 21 105 0 63 21 63 189 42 0 189 21 126 0
150 180 0 60 0 30 60 30 30 0 0 0 0 0 0 180
0 0 0 140 0 0 0 0 0 0 0 0 0 0 0 0
150 180 0 60 105 30 60 15 60 45 60 75 0 0 150 45
0 105 196 0 0 0 0 0 98 197 98 0 0 112 162 70
35 105 70 140 0 0 175 70 0 175 0 0 140 0 140 0
60 30 156 150 0 180 150 180 198 186 18 0 0 12 42 30
198 0 24 18 0 0 156 48 0 12 150 0 114 0 180 12
0 0 0 0 0 0 10 0 160 0 0 0 0 110 0 40
0 0 0 0 126 42 126 0 126 0 0 0 0 84 42 0
120 60 168 90 0 150 90 150 53 0 0 0 0 157 167 130
0 0 0 0 84 42 126 0 126 84 42 0 0 84 0 0
0 0 0 0 0 0 0 0 0 0 0 0 0 0 0 0
0 0 0 0 135 45 180 0 105 0 0 0 0 105 0 0
70 70 70 70 105 105 140 140 70 0 0 0 0 105 0 0
168 126 0 168 140 0 126 56 84 196 0 0 0 0 140 0
120 150 90 150 30 0 180 150 150 0 30 0 90 150 90 60
54 153 0 114 0 15 198 204 15 0 0 0 0 0 0 153
0 0 0 140 0 0 0 0 0 0 0 0 0 0 0 0
30 120 0 180 105 90 180 45 180 135 180 15 0 0 30 135
0 105 112 0 0 0 0 0 56 59 56 0 0 154 24 70
167 105 16 152 0 0 139 172 0 43 30 0 146 0 50 0
30 120 78 180 0 90 180 90 99 198 9 0 0 111 21 120
0 0 0 0 0 0 0 0 0 0 0 0 0 0 0 0
0 0 0 0 0 0 0 0 105 0 0 0 0 105 0 0
0 105 105 105 147 39 72 0 132 0 105 0 0 138 159 0
0 0 42 0 0 0 0 0 182 0 0 0 0 28 98 70
70 70 70 70 0 0 140 140 0 0 0 0 0 0 0 0
114 120 180 54 156 48 128 174 204 96 54 0 84 6 180 90
0 0 0 0 28 70 140 0 28 0 0 0 0 182 0 0
0 0 0 0 0 0 0 0 0 0 0 0 0 0 0 0
108 96 0 18 70 30 186 46 144 206 0 0 0 0 10 0
142 160 159 97 165 0 101 167 41 203 74 0 173 27 82 120
70 70 0 70 0 0 140 140 140 0 0 0 0 0 0 70
0 0 0 175 0 0 0 0 0 0 105 0 0 0 0 0
0 0 0 0 0 0 0 0 0 0 0 0 0 0 0 0
0 105 70 0 0 0 0 0 140 155 140 0 0 70 120 70
0 0 0 0 0 0 0 0 0 0 0 0 0 0 0 0
0 0 154 0 0 0 0 0 77 84 77 0 0 133 203 70
123 105 174 78 0 0 81 138 0 87 90 0 144 0 150 87
126 0 0 126 0 0 166 126 73 0 84 0 126 167 0 160
0 105 105 105 63 51 78 0 108 0 105 0 0 132 111 0
0 0 84 0 0 0 0 0 154 0 0 0 0 56 196 140
200 170 80 185 18 159 52 40 177 108 129 0 0 33 45 180
114 120 180 54 156 48 58 174 204 96 54 0 84 6 180 90
0 0 0 0 88 160 80 0 28 0 0 0 0 182 0 0
70 70 70 70 0 0 140 140 70 0 0 0 0 0 0 0
48 66 0 78 70 60 36 106 204 146 0 0 0 0 160 0
140 140 0 140 0 0 70 70 70 70 70 0 70 0 140 0
134 53 0 104 0 45 118 94 115 0 0 0 0 0 0 53
0 0 30 25 0 0 0 0 0 0 165 0 0 0 0 0
90 150 0 120 0 60 120 30 120 90 120 150 0 0 90 90
0 105 196 0 0 0 0 0 98 77 98 0 0 112 42 70
0 0 0 0 0 0 0 0 0 0 0 0 0 0 0 0
60 30 184 150 0 180 150 180 107 144 137 0 0 103 203 100
0 0 0 0 0 0 0 0 0 0 0 0 0 0 0 0
42 0 0 42 0 0 42 42 126 0 168 0 42 84 0 0
0 0 0 0 0 140 70 0 70 0 0 0 0 140 140 0
0 0 0 0 0 0 0 0 0 0 0 0 0 0 0 0
110 20 170 170 180 120 100 190 90 30 30 0 0 120 30 120
54 90 30 114 96 78 208 204 174 156 114 0 84 36 30 120
0 0 0 0 103 25 170 0 133 0 0 0 0 77 0 0
0 0 0 0 0 0 0 0 42 42 126 0 0 84 84 0
126 42 0 126 0 0 42 42 168 42 0 0 0 0 0 0
78 150 111 3 135 0 159 3 129 147 156 0 27 3 48 60
188 101 0 8 0 165 106 88 25 0 0 0 0 0 0 101
0 0 24 27 0 0 0 0 0 0 69 0 0 0 0 0
90 150 0 120 70 60 120 30 120 20 190 80 0 0 160 20
0 0 28 0 0 0 0 0 14 56 14 0 0 196 126 70
40 0 200 10 0 0 110 50 0 170 60 0 40 0 100 0
0 0 112 0 0 0 0 0 56 42 56 0 0 154 14 70
21 105 168 126 0 0 147 126 0 189 0 0 168 0 0 119
0 0 0 0 0 0 140 0 140 0 0 0 0 70 0 140
0 105 105 105 21 47 76 0 46 0 105 0 0 134 197 0
0 0 42 0 0 0 0 0 147 0 0 0 0 63 63 0
140 140 140 35 0 105 70 70 105 0 105 0 0 105 105 0
186 30 150 66 144 12 172 96 156 24 66 0 126 54 150 180
0 0 0 0 140 140 70 0 140 0 0 0 0 70 0 0
180 90 30 30 150 30 90 120 0 30 30 0 0 90 0 120
60 30 0 150 70 180 150 10 150 200 0 0 0 0 130 0
182 140 84 182 0 0 196 112 196 28 154 0 28 42 182 0
0 0 0 0 0 0 0 0 0 0 0 0 0 0 0 0
0 0 150 160 0 0 0 0 0 0 90 0 0 0 0 0
120 60 0 90 0 150 90 180 90 120 90 60 0 0 120 120
0 105 168 0 0 0 0 0 84 171 84 0 0 126 66 0
35 105 70 140 0 0 175 70 0 175 0 0 140 0 140 0
0 0 126 0 0 0 0 0 168 126 168 0 0 42 42 0
57 105 96 72 0 0 99 192 0 153 180 0 36 0 90 83
126 0 0 126 0 0 206 126 83 0 84 0 126 187 0 110
0 105 105 105 105 105 0 0 0 0 105 0 0 0 105 0
0 0 168 0 0 0 0 0 203 0 0 0 0 7 77 70
70 70 70 70 0 0 140 140 0 0 0 0 0 0 0 0
186 30 150 66 144 12 32 96 156 24 66 0 126 54 150 180
0 0 0 0 7 175 140 0 7 0 0 0 0 203 0 0
0 0 0 0 0 0 0 0 0 0 0 0 0 0 0 0
150 180 0 60 105 30 60 165 60 45 0 0 0 0 150 0
168 0 21 63 105 0 189 63 189 147 126 0 147 63 168 0
192 159 0 102 0 135 144 72 135 0 0 0 0 0 0 159
0 0 174 187 0 0 0 0 0 0 159 0 0 0 0 0
0 0 0 0 0 0 0 0 0 0 0 0 0 0 0 0
0 105 0 0 0 0 0 0 0 105 0 0 0 0 0 0
0 0 0 0 0 0 0 0 0 0 0 0 0 0 0 0
120 60 116 90 0 150 90 150 193 36 43 0 0 17 7 200
174 0 72 54 0 0 48 144 0 36 30 0 132 0 120 106
0 0 0 0 0 0 0 0 0 0 0 0 0 0 0 0
0 0 0 0 0 140 70 0 70 0 0 0 0 140 140 0
0 0 42 0 0 0 0 0 147 0 0 0 0 63 63 0
200 170 80 80 186 138 94 40 114 66 108 0 0 96 150 180
186 30 150 66 144 12 172 96 156 24 66 0 126 54 150 180
0 0 0 0 1 145 20 0 91 0 0 0 0 119 0 0
0 0 0 0 0 0 0 0 42 42 126 0 0 84 84 0
186 72 0 66 175 180 192 157 108 137 0 0 0 0 130 0
146 200 162 116 180 0 58 46 88 154 82 0 64 186 176 150
84 63 0 84 0 105 168 84 105 0 0 0 0 0 0 63
0 0 150 55 0 0 0 0 0 0 195 0 0 0 0 0
30 120 0 180 105 90 180 45 180 135 180 15 0 0 30 135
0 0 70 0 0 0 0 0 140 140 140 0 0 70 0 70
105 105 0 0 0 0 105 0 0 105 0 0 0 0 0 0
90 150 10 120 0 60 120 60 185 90 125 0 0 25 35 10
0 0 0 0 0 0 0 0 0 0 0 0 0 0 0 0
84 0 0 84 0 0 124 84 157 0 126 0 84 83 0 160
0 0 0 0 168 76 38 0 128 0 0 0 0 172 46 0
60 30 0 150 0 180 150 180 205 0 0 0 0 5 115 170
120 60 90 90 120 150 90 150 60 90 90 0 0 150 90 150
156 120 180 96 114 132 142 6 36 54 96 0 126 174 180 90
0 0 0 0 111 135 120 0 21 0 0 0 0 189 0 0
60 30 150 150 120 150 30 180 0 150 150 0 0 30 0 180
0 0 0 0 0 0 0 0 0 0 0 0 0 0 0 0
28 70 21 133 105 0 119 203 119 77 56 0 77 63 28 0
14 203 0 14 0 105 28 154 175 0 0 0 0 0 0 203
0 0 0 175 0 0 0 0 0 0 105 0 0 0 0 0
30 120 0 180 175 90 180 171 180 65 124 71 0 0 100 65
0 0 0 0 0 0 0 0 0 0 0 0 0 0 0 0
30 0 150 60 0 0 30 90 0 180 150 0 30 0 180 0
0 0 112 0 0 0 0 0 161 42 161 0 0 49 119 70
51 105 108 186 0 0 177 6 0 159 150 0 198 0 180 159
0 0 0 0 0 0 0 0 0 0 0 0 0 0 0 0
0 105 105 105 147 119 112 0 112 0 105 0 0 98 119 0
0 0 0 0 0 0 0 0 0 0 0 0 0 0 0 0
30 120 180 75 72 111 138 90 183 12 201 0 0 27 75 90
156 120 180 96 114 132 142 6 36 54 96 0 126 174 180 90
0 0 0 0 63 105 0 0 63 0 0 0 0 147 0 0
20 80 50 50 75 15 10 130 182 162 36 0 0 129 84 60
126 42 0 126 70 0 42 112 168 182 0 0 0 0 70 0
120 150 90 150 30 0 180 150 150 0 30 0 90 150 90 60
182 14 0 182 0 0 154 112 70 0 0 0 0 0 0 14
0 0 0 70 0 0 0 0 0 0 0 0 0 0 0 0
30 120 0 180 35 90 180 87 180 205 68 127 0 0 170 205
0 0 28 0 0 0 0 0 14 56 14 0 0 196 126 70
15 105 180 30 0 0 15 150 0 195 180 0 120 0 90 0
0 0 0 0 0 0 0 0 0 0 0 0 0 0 0 0
0 0 0 0 0 0 0 0 0 0 0 0 0 0 0 140
168 0 0 168 0 0 168 168 84 0 42 0 168 126 0 0
0 105 105 105 189 83 94 0 184 0 105 0 0 116 53 0
90 150 168 120 0 60 120 60 108 0 0 0 0 102 162 150
0 0 0 0 0 0 0 0 0 0 0 0 0 0 0 0
72 120 180 12 198 174 184 132 162 138 12 0 42 48 180 90
0 0 0 0 70 70 140 0 70 0 0 0 0 140 0 0
0 0 0 0 105 105 0 0 42 42 126 0 0 189 84 0
90 150 0 120 0 60 120 120 120 90 0 0 0 0 90 0
70 70 0 70 0 0 140 140 140 140 140 0 140 0 70 0
150 75 0 60 0 135 60 30 135 0 0 0 0 0 0 75
0 0 180 10 0 0 0 0 0 0 150 0 0 0 0 0
0 0 0 0 0 0 0 0 0 0 0 0 0 0 0 0
0 105 98 0 0 0 0 0 154 1 154 0 0 56 36 140
150 0 120 90 0 0 150 30 0 60 120 0 150 0 60 0
90 150 150 120 0 60 120 60 45 90 195 0 0 165 105 150
60 0 90 120 0 0 60 180 0 150 90 0 60 0 150 80
168 0 0 168 0 0 198 168 144 0 42 0 168 36 0 120
0 105 105 105 105 75 90 0 60 0 105 0 0 120 15 0
0 0 0 0 0 0 0 0 0 0 0 0 0 0 0 0
110 20 170 170 180 120 100 190 90 30 30 0 0 120 30 120
108 180 60 18 192 156 206 198 138 102 18 0 168 72 60 30
0 0 0 0 0 0 0 0 0 0 0 0 0 0 0 0
0 0 0 0 0 0 0 0 84 84 42 0 0 168 168 0
96 132 0 156 175 120 72 37 198 47 0 0 0 0 40 0
150 30 60 30 90 0 120 30 30 0 90 0 60 30 60 180
160 115 0 190 0 165 50 200 95 0 0 0 0 0 0 115
0 0 0 0 0 0 0 0 0 0 0 0 0 0 0 0
0 0 0 0 35 0 0 147 0 175 98 7 0 0 140 175
0 0 126 0 0 0 0 0 168 42 168 0 0 42 42 0
49 105 182 154 0 0 203 14 0 161 0 0 112 0 70 0
0 0 126 0 0 0 0 0 63 126 63 0 0 147 147 0
114 0 192 144 0 0 198 174 0 96 150 0 72 0 180 166
42 0 0 42 0 0 172 42 106 0 168 0 42 44 0 100
0 105 105 105 105 175 140 0 140 0 105 0 0 70 175 0
120 60 168 90 0 150 90 150 53 0 0 0 0 157 167 130
70 70 70 70 42 126 98 140 168 42 126 0 0 42 0 0
96 90 30 156 54 162 152 36 6 114 156 0 126 204 30 120
0 0 0 0 147 105 0 0 147 0 0 0 0 63 0 0
140 140 140 140 0 0 70 70 182 42 126 0 0 84 84 0
42 84 0 42 0 0 84 84 126 84 0 0 0 0 0 0
40 190 135 85 45 0 95 155 155 35 80 0 65 15 100 90
134 53 0 104 0 45 118 94 115 0 0 0 0 0 0 53
0 0 180 80 0 0 0 0 0 0 150 0 0 0 0 0
150 180 0 60 140 30 60 120 60 10 200 40 0 0 80 10
0 0 0 0 0 0 0 0 0 0 0 0 0 0 0 0
167 105 16 152 0 0 139 172 0 43 30 0 146 0 50 0
0 0 0 0 0 0 0 0 105 0 105 0 0 105 105 0
84 0 42 84 0 0 168 84 0 126 0 0 42 0 0 56
0 0 0 0 0 0 150 0 90 0 0 0 0 180 0 180
0 0 0 0 0 0 0 0 0 0 0 0 0 0 0 0
90 150 84 120 0 60 120 60 24 0 0 0 0 186 36 150
70 70 70 70 0 0 140 140 0 0 0 0 0 0 0 0
78 60 90 48 162 66 106 108 18 132 48 0 168 192 90 150
0 0 0 0 115 85 200 0 175 0 0 0 0 35 0 0
140 140 140 140 0 0 70 70 140 0 0 0 0 0 0 0
150 180 0 60 0 30 60 60 60 150 0 0 0 0 150 0
142 160 159 97 165 0 101 167 41 203 74 0 173 27 82 120
30 120 0 180 0 90 180 90 90 0 0 0 0 0 0 120
0 0 18 64 0 0 0 0 0 0 78 0 0 0 0 0
60 30 0 150 35 180 150 153 150 25 122 163 0 0 200 25
0 105 140 0 0 0 0 0 70 55 70 0 0 140 90 140
70 0 140 70 0 0 140 140 0 140 0 0 70 0 70 0
0 0 168 0 0 0 0 0 189 168 189 0 0 21 21 0
195 105 30 180 0 0 195 60 0 15 30 0 90 0 120 15
168 0 0 168 0 0 118 168 124 0 42 0 168 206 0 10
0 105 105 105 189 203 154 0 154 0 105 0 0 56 203 0
150 180 0 60 0 30 60 30 75 0 0 0 0 135 165 180
0 0 0 0 0 0 0 0 0 0 0 0 0 0 0 0
102 30 150 192 18 54 74 12 72 108 192 0 42 138 150 180
0 0 0 0 101 155 130 0 161 0 0 0 0 49 0 0
140 140 140 140 105 105 70 70 56 126 168 0 0 147 42 0
156 162 0 96 35 90 12 47 138 37 0 0 0 0 170 0
0 0 0 0 0 0 0 0 0 0 0 0 0 0 0 0
96 132 0 156 0 120 72 36 120 0 0 0 0 0 0 132
0 0 96 108 0 0 0 0 0 0 66 0 0 0 0 0
0 0 0 0 70 0 0 42 0 140 28 182 0 0 70 140
0 105 112 0 0 0 0 0 56 209 56 0 0 154 174 70
161 105 28 56 0 0 7 196 0 49 0 0 98 0 140 0
60 30 184 150 0 180 150 180 107 144 137 0 0 103 203 100
60 0 90 120 0 0 60 180 0 150 90 0 60 0 150 150
0 0 0 0 0 0 0 0 105 0 0 0 0 105 0 0
0 105 105 105 21 147 126 0 126 0 105 0 0 84 147 0
30 120 0 180 0 90 180 90 15 0 0 0 0 195 75 120
140 140 140 35 168 189 112 70 147 168 189 0 0 63 105 0
156 120 180 96 114 132 142 6 36 54 96 0 126 174 180 90
0 0 0 0 3 15 60 0 63 0 0 0 0 147 0 0
10 40 130 130 195 165 110 170 70 60 60 0 0 75 0 30
0 0 0 0 70 0 0 70 0 140 0 0 0 0 70 0
64 10 153 199 135 0 47 59 17 161 128 0 41 129 34 60
188 101 0 8 0 165 106 88 25 0 0 0 0 0 0 101
0 0 0 0 0 0 0 0 0 0 0 0 0 0 0 0
0 0 0 0 105 0 0 105 0 105 0 105 0 0 0 105
0 0 140 0 0 0 0 0 70 40 70 0 0 140 180 140
160 0 170 40 0 0 20 200 0 50 30 0 160 0 190 0
0 0 196 0 0 0 0 0 203 126 203 0 0 7 77 70
63 105 84 168 0 0 21 168 0 147 0 0 84 0 0 147
126 0 0 126 0 0 56 126 98 0 84 0 126 112 0 140
0 105 105 105 105 105 0 0 0 0 105 0 0 0 105 0
0 0 42 0 0 0 0 0 42 0 0 0 0 168 168 0
70 70 70 175 42 21 98 140 63 42 21 0 0 147 105 0
198 120 180 138 72 6 86 48 78 12 138 0 168 132 180 90
0 0 0 0 193 55 80 0 133 0 0 0 0 77 0 0
0 0 0 0 0 0 0 0 0 0 0 0 0 0 0 0
36 102 0 6 105 150 132 27 48 57 0 0 0 0 120 0
116 110 192 26 120 0 118 166 208 154 22 0 94 96 206 30
78 81 0 48 0 45 6 108 45 0 0 0 0 0 0 81
0 0 48 89 0 0 0 0 0 0 33 0 0 0 0 0
0 0 0 0 105 0 0 147 0 105 168 147 0 0 0 105
0 0 168 0 0 0 0 0 84 6 84 0 0 126 6 0
21 105 168 126 0 0 147 126 0 189 0 0 168 0 0 0
90 150 150 120 0 60 120 60 150 90 90 0 0 60 0 150
57 105 96 72 0 0 99 192 0 153 180 0 36 0 90 83
42 0 0 42 0 0 2 42 116 0 168 0 42 64 0 50
0 0 0 0 0 0 0 0 0 0 0 0 0 0 0 0
180 90 0 30 0 120 30 120 20 0 0 0 0 190 170 160
60 30 150 150 18 54 192 180 72 108 24 0 0 138 150 180
48 150 120 78 132 186 146 18 108 162 78 0 168 102 120 60
0 0 0 0 86 80 40 0 56 0 0 0 0 154 0 0
140 140 140 140 105 105 70 70 140 0 0 0 0 105 0 0
0 0 0 0 0 0 0 0 0 0 0 0 0 0 0 0
162 150 174 192 30 0 96 192 66 168 114 0 48 192 132 60
40 55 0 100 0 15 170 50 155 0 0 0 0 0 0 55
0 0 174 187 0 0 0 0 0 0 159 0 0 0 0 0
30 120 0 180 140 90 180 66 180 100 194 106 0 0 170 100
0 0 0 0 0 0 0 0 0 0 0 0 0 0 0 0
196 0 98 196 0 0 182 56 0 14 0 0 28 0 70 0
0 0 140 0 0 0 0 0 175 0 175 0 0 35 175 140
60 0 90 120 0 0 60 180 0 150 90 0 60 0 150 150
0 0 0 0 0 0 50 0 170 0 0 0 0 130 0 200
0 0 0 0 0 50 130 0 40 0 0 0 0 80 80 0
90 150 0 120 0 60 120 60 185 0 0 0 0 25 155 10
60 30 150 45 60 75 150 180 135 150 45 0 0 75 45 180
156 120 180 96 114 132 142 6 36 54 96 0 126 174 180 90
0 0 0 0 1 145 20 0 91 0 0 0 0 119 0 0
120 60 90 90 135 195 60 150 126 6 48 0 0 207 42 150
126 42 0 126 140 0 42 182 168 112 0 0 0 0 140 0
0 0 0 0 0 0 0 0 0 0 0 0 0 0 0 0
70 70 0 70 0 0 140 140 140 0 0 0 0 0 0 70
0 0 162 156 0 0 0 0 0 0 72 0 0 0 0 0
90 150 0 120 0 60 120 30 120 90 120 150 0 0 90 90
0 105 0 0 0 0 0 0 0 135 0 0 0 0 30 0
28 0 14 28 0 0 56 98 0 182 0 0 154 0 70 0
0 0 168 0 0 0 0 0 84 168 84 0 0 126 126 0
30 0 150 60 0 0 30 90 0 180 150 0 30 0 180 110
84 0 0 84 0 0 124 84 157 0 126 0 84 83 0 160
0 0 0 0 84 98 154 0 154 0 0 0 0 56 98 0
120 60 84 90 0 150 90 150 109 0 0 0 0 101 181 200
70 70 70 70 0 0 140 140 0 0 0 0 0 0 0 0
174 150 120 204 6 18 118 144 24 36 204 0 84 186 120 60
0 0 0 0 70 70 140 0 70 0 0 0 0 140 0 0
0 0 0 0 0 0 0 0 42 42 126 0 0 84 84 0
0 0 0 0 0 0 0 0 0 0 0 0 0 0 0 0
64 10 153 199 135 0 47 59 17 161 128 0 41 129 34 60
150 180 0 60 0 30 60 30 30 0 0 0 0 0 0 180
0 0 150 20 0 0 0 0 0 0 90 0 0 0 0 0
30 120 0 180 175 90 180 171 180 65 124 71 0 0 100 65
0 0 0 0 0 0 0 0 0 60 0 0 0 0 60 0
105 105 0 0 0 0 105 0 0 105 0 0 0 0 0 0
0 0 140 0 0 0 0 0 70 0 70 0 0 140 70 140
0 0 0 0 0 0 0 0 0 0 0 0 0 0 0 0
42 0 0 42 0 0 42 42 126 0 168 0 42 84 0 0
0 0 0 0 0 140 70 0 70 0 0 0 0 140 140 0
0 0 0 0 0 0 0 0 175 0 0 0 0 35 175 140
40 160 100 100 54 162 86 50 6 114 72 0 0 204 30 120
156 120 180 96 114 132 142 6 36 54 96 0 126 174 180 90
0 0 0 0 175 175 140 0 175 0 0 0 0 35 0 0
20 80 50 50 75 15 10 130 182 162 36 0 0 129 84 60
0 0 0 0 0 0 0 0 0 0 0 0 0 0 0 0
126 0 42 126 0 0 168 126 168 84 42 0 84 126 126 0
60 135 0 150 0 75 150 180 75 0 0 0 0 0 0 135
0 0 0 0 0 0 0 0 0 0 0 0 0 0 0 0
0 0 0 0 140 0 0 0 0 70 140 70 0 0 140 70
0 105 14 0 0 0 0 0 112 133 112 0 0 98 168 140
32 0 76 92 0 0 4 82 0 178 90 0 116 0 80 0
0 0 56 0 0 0 0 0 133 126 133 0 0 77 7 140
135 105 150 60 0 0 135 90 0 75 150 0 30 0 180 5
168 0 0 168 0 0 168 168 189 0 42 0 168 21 0 0
0 105 105 105 189 83 94 0 184 0 105 0 0 116 53 0
0 0 0 0 0 0 0 0 0 0 0 0 0 0 0 0
20 80 50 50 48 144 22 130 192 78 204 0 0 18 120 60
138 90 30 198 12 36 166 78 48 72 198 0 168 162 30 120
0 0 0 0 98 140 70 0 98 0 0 0 0 112 0 0
0 0 0 0 0 0 0 0 0 0 0 0 0 0 0 0
6 192 0 36 105 60 162 57 78 27 0 0 0 0 90 0
36 150 132 66 30 0 138 66 108 84 72 0 174 66 6 60
0 0 0 0 0 0 0 0 0 0 0 0 0 0 0 0
0 0 78 44 0 0 0 0 0 0 198 0 0 0 0 0
30 120 0 180 105 90 180 45 180 135 180 15 0 0 30 135
0 105 98 0 0 0 0 0 154 1 154 0 0 56 36 140
207 105 6 162 0 0 39 12 0 3 90 0 186 0 150 0
0 0 14 0 0 0 0 0 7 84 7 0 0 203 133 140
147 105 126 42 0 0 189 42 0 63 0 0 126 0 0 63
0 0 0 0 0 0 110 0 185 0 0 0 0 55 0 20
0 105 105 105 189 93 204 0 24 0 105 0 0 6 153 0
120 60 168 90 0 150 90 150 18 0 0 0 0 192 132 60
120 60 90 195 120 45 90 150 165 90 195 0 0 45 195 150
156 120 180 96 114 132 2 6 36 54 96 0 126 174 180 90
0 0 0 0 155 5 160 0 35 0 0 0 0 175 0 0
90 150 120 120 75 15 150 60 0 120 120 0 0 45 0 60
96 132 0 156 175 120 72 37 198 47 0 0 0 0 40 0
120 150 90 150 30 0 180 150 150 0 30 0 90 150 90 60
0 105 0 0 0 105 0 0 105 0 0 0 0 0 0 105
0 0 126 168 0 0 0 0 0 0 126 0 0 0 0 0
0 0 0 0 35 0 0 105 0 175 140 175 0 0 140 175
0 105 0 0 0 0 0 0 0 105 0 0 0 0 0 0
0 0 0 0 0 0 0 0 0 0 0 0 0 0 0 0
0 0 98 0 0 0 0 0 49 168 49 0 0 161 91 140
186 0 48 36 0 0 102 96 0 24 90 0 18 0 150 24
0 0 0 0 0 0 70 0 175 0 0 0 0 35 0 70
0 0 0 0 168 196 98 0 98 0 0 0 0 112 196 0
120 60 168 90 0 150 90 150 53 0 0 0 0 157 167 130
70 70 70 70 168 84 182 140 42 168 84 0 0 168 0 0
174 150 120 204 6 18 188 144 24 36 204 0 84 186 120 60
0 0 0 0 160 100 50 0 70 0 0 0 0 140 0 0
0 0 0 0 105 105 0 0 0 0 0 0 0 105 0 0
126 42 0 126 105 0 42 147 168 147 0 0 0 0 0 0
30 90 75 195 165 0 45 195 195 105 60 0 75 195 180 120
132 24 0 162 0 60 204 102 60 0 0 0 0 0 0 24
0 0 90 40 0 0 0 0 0 0 180 0 0 0 0 0
180 90 0 30 175 120 30 207 30 5 58 167 0 0 40 5
0 0 168 0 0 0 0 0 84 186 84 0 0 126 186 0
167 105 16 152 0 0 139 172 0 43 30 0 146 0 50 0
0 0 140 0 0 0 0 0 70 0 70 0 0 140 70 140
180 0 60 150 0 0 180 120 0 30 60 0 180 0 30 30
126 0 0 126 0 0 136 126 13 0 84 0 126 47 0 40
0 105 105 105 189 63 84 0 84 0 105 0 0 126 63 0
0 0 168 0 0 0 0 0 98 0 0 0 0 112 182 70
0 0 0 0 0 0 0 0 0 0 0 0 0 0 0 0
0 0 0 0 0 0 0 0 0 0 0 0 0 0 0 0
0 0 0 0 116 20 10 0 56 0 0 0 0 154 0 0
90 150 120 120 180 120 150 60 126 36 78 0 0 192 42 60
120 60 0 90 0 150 90 90 90 120 0 0 0 0 120 0
142 160 159 97 165 0 101 167 41 203 74 0 173 27 82 120
42 189 0 42 0 105 84 42 105 0 0 0 0 0 0 189
0 0 84 182 0 0 0 0 0 0 84 0 0 0 0 0
180 90 0 30 0 120 30 186 30 180 114 6 0 0 180 180
0 105 84 0 0 0 0 0 42 63 42 0 0 168 168 0
35 105 70 140 0 0 175 70 0 175 0 0 140 0 140 0
180 90 90 30 0 120 30 120 195 180 75 0 0 15 105 90
105 105 0 0 0 0 105 0 0 105 0 0 0 0 0 105
0 0 0 0 0 0 140 0 35 0 0 0 0 175 0 140
0 105 105 105 21 147 126 0 126 0 105 0 0 84 147 0
90 150 0 120 0 60 120 60 150 0 0 0 0 60 120 150
200 170 80 185 18 159 52 40 177 108 129 0 0 33 45 180
78 60 90 48 162 66 176 108 18 132 48 0 168 192 90 150
0 0 0 0 30 150 180 0 0 0 0 0 0 0 0 0
60 30 150 150 120 150 30 180 0 150 150 0 0 30 0 180
84 168 0 84 105 0 168 63 42 63 0 0 0 0 0 0
80 170 60 170 90 0 190 100 100 70 160 0 130 30 200 180
0 0 0 0 0 0 0 0 0 0 0 0 0 0 0 0
0 0 42 21 0 0 0 0 0 0 147 0 0 0 0 0
0 0 0 0 0 0 0 0 0 0 0 0 0 0 0 0
0 0 140 0 0 0 0 0 70 70 70 0 0 140 0 140
155 105 40 170 0 0 85 10 0 55 180 0 50 0 20 0
60 30 184 150 0 180 150 180 107 144 137 0 0 103 203 100
15 105 180 30 0 0 15 150 0 195 180 0 120 0 90 195
168 0 0 168 0 0 168 168 84 0 42 0 168 126 0 0
0 0 0 0 0 0 0 0 0 0 0 0 0 0 0 0
0 0 0 0 0 0 0 0 105 0 0 0 0 105 105 0
170 50 110 110 30 90 40 160 120 180 180 0 0 90 180 90
186 30 150 66 144 12 32 96 156 24 66 0 126 54 150 180
0 0 0 0 84 0 0 0 84 0 0 0 0 126 0 0
50 200 20 20 30 90 130 10 140 90 90 0 0 60 0 150
0 0 0 0 105 0 0 105 0 105 0 0 0 0 0 0
180 120 30 120 150 0 60 120 120 0 150 0 30 120 30 90
188 101 0 8 0 165 106 88 25 0 0 0 0 0 0 101
0 0 150 20 0 0 0 0 0 0 90 0 0 0 0 0
0 0 0 0 70 0 0 84 0 140 196 14 0 0 70 140
0 105 168 0 0 0 0 0 84 81 84 0 0 126 186 0
154 0 182 154 0 0 98 14 0 56 0 0 112 0 70 0
60 30 198 150 0 180 150 180 9 18 39 0 0 201 21 30
168 0 84 168 0 0 126 168 0 42 0 0 84 0 0 42
0 0 0 0 0 0 0 0 0 0 0 0 0 0 0 0
0 105 105 105 189 63 84 0 84 0 105 0 0 126 63 0
0 0 0 0 0 0 0 0 0 0 0 0 0 0 0 0
80 110 200 200 150 30 130 100 180 60 60 0 0 30 60 30
72 120 180 12 198 174 184 132 162 138 12 0 42 48 180 90
0 0 0 0 98 140 70 0 98 0 0 0 0 112 0 0
0 0 0 0 0 0 0 0 0 0 0 0 0 0 0 0
0 0 0 0 70 0 0 70 0 140 0 0 0 0 70 0
68 50 51 113 45 0 109 43 169 7 136 0 37 183 128 90
120 165 0 90 0 45 90 150 45 0 0 0 0 0 0 165
0 0 0 105 0 0 0 0 0 0 105 0 0 0 0 0
180 90 0 30 140 120 30 60 30 40 170 160 0 0 110 40
0 105 70 0 0 0 0 0 140 155 140 0 0 70 120 70
0 0 0 0 0 0 0 0 0 0 0 0 0 0 0 0
0 0 14 0 0 0 0 0 112 84 112 0 0 98 28 140
57 105 96 72 0 0 99 192 0 153 180 0 36 0 90 83
0 0 0 0 0 0 140 0 35 0 0 0 0 175 0 140
0 105 105 105 189 63 84 0 84 0 105 0 0 126 63 0
0 0 0 0 0 0 0 0 175 0 0 0 0 35 175 140
20 80 50 155 90 165 190 130 45 120 15 0 0 165 15 60
36 60 90 6 204 192 22 66 186 174 6 0 126 24 90 150
0 0 0 0 70 70 140 0 70 0 0 0 0 140 0 0
0 0 0 0 105 105 0 0 168 168 84 0 0 21 126 0
126 42 0 126 70 0 42 112 168 182 0 0 0 0 70 0
100 160 75 55 165 0 185 125 125 35 200 0 5 195 40 120
0 0 0 0 0 0 0 0 0 0 0 0 0 0 0 0
0 0 174 187 0 0 0 0 0 0 159 0 0 0 0 0
0 0 0 0 35 0 0 105 0 175 140 175 0 0 140 175
0 0 84 0 0 0 0 0 42 168 42 0 0 168 168 0
182 0 196 182 0 0 154 112 0 28 0 0 56 0 140 0
60 30 44 150 0 180 150 180 37 144 67 0 0 173 133 170
165 105 90 120 0 0 165 180 0 45 90 0 60 0 150 45
84 0 0 84 0 0 44 84 32 0 126 0 84 148 0 50
0 0 0 0 0 170 190 0 10 0 0 0 0 20 20 0
0 0 0 0 0 0 0 0 70 0 0 0 0 140 70 140
140 140 140 35 0 105 70 70 105 0 105 0 0 105 105 0
198 120 180 138 72 6 86 48 78 12 138 0 168 132 180 90
0 0 0 0 1 145 20 0 91 0 0 0 0 119 0 0
70 70 70 70 105 105 140 140 112 42 126 0 0 189 84 0
30 120 0 180 35 90 180 5 180 205 0 0 0 0 170 0
20 200 15 95 75 0 205 25 25 175 40 0 85 165 50 150
98 56 0 98 0 0 196 28 70 0 0 0 0 0 0 56
0 0 48 54 0 0 0 0 0 0 138 0 0 0 0 0
0 0 0 0 35 0 0 105 0 175 140 175 0 0 140 175
0 105 112 0 0 0 0 0 56 179 56 0 0 154 144 70
77 105 196 182 0 0 49 112 0 133 0 0 56 0 140 0
0 0 98 0 0 0 0 0 154 168 154 0 0 56 196 140
45 105 120 90 0 0 45 30 0 165 120 0 150 0 60 95
0 0 0 0 0 0 0 0 0 0 0 0 0 0 0 0
0 0 0 0 84 168 84 0 84 0 0 0 0 126 168 0
0 0 0 0 0 0 0 0 140 0 0 0 0 70 140 70
110 20 170 65 180 15 100 190 195 30 135 0 0 15 135 120
108 180 60 18 192 156 136 198 138 102 18 0 168 72 60 30
0 0 0 0 164 50 130 0 14 0 0 0 0 196 0 0
0 0 0 0 0 0 0 0 0 0 0 0 0 0 0 0
12 174 0 72 35 120 114 149 156 19 0 0 0 0 110 0
118 130 36 88 180 0 44 158 74 182 26 0 92 18 148 150
0 105 0 0 0 105 0 0 105 0 0 0 0 0 0 105
0 0 72 81 0 0 0 0 0 0 207 0 0 0 0 0
30 120 0 180 175 90 180 171 180 65 124 71 0 0 100 65
0 0 70 0 0 0 0 0 140 140 140 0 0 70 0 70
124 0 32 94 0 0 68 134 0 86 60 0 82 0 100 0
0 0 42 0 0 0 0 0 21 42 21 0 0 189 189 0
147 105 126 42 0 0 189 42 0 63 0 0 126 0 0 63
126 0 0 126 0 0 56 126 203 0 84 0 126 7 0 140
0 0 0 0 0 10 110 0 50 0 0 0 0 100 100 0
0 0 168 0 0 0 0 0 98 0 0 0 0 112 182 70
120 60 90 90 120 150 90 150 60 90 90 0 0 150 90 150
96 90 30 156 54 162 152 36 6 114 156 0 126 204 30 120
0 0 0 0 65 185 40 0 35 0 0 0 0 175 0 0
20 80 50 50 75 15 10 130 182 162 36 0 0 129 84 60
0 0 0 0 0 0 0 0 0 0 0 0 0 0 0 0
98 140 21 203 105 0 49 133 49 7 196 0 7 63 98 0
168 21 0 168 0 105 126 168 105 0 0 0 0 0 0 21
0 0 120 100 0 0 0 0 0 0 30 0 0 0 0 0
120 60 0 90 0 150 90 54 90 120 6 144 0 0 120 120
0 105 70 0 0 0 0 0 140 95 140 0 0 70 60 70
63 105 84 168 0 0 21 168 0 147 0 0 84 0 0 0
30 120 190 180 0 90 180 90 155 30 65 0 0 55 35 190
123 105 174 78 0 0 81 138 0 87 90 0 144 0 150 87
0 0 0 0 0 0 140 0 140 0 0 0 0 70 0 140
0 105 105 105 189 83 94 0 184 0 105 0 0 116 53 0
90 150 0 120 0 60 120 60 115 0 0 0 0 95 85 80
150 180 60 60 150 30 60 30 180 60 60 0 0 30 60 30
192 180 60 102 108 114 94 72 12 18 102 0 42 198 60 30
0 0 0 0 40 130 170 0 70 0 0 0 0 140 0 0
70 70 70 70 105 105 140 140 112 42 126 0 0 189 84 0
0 0 0 0 0 0 0 0 0 0 0 0 0 0 0 0
168 0 21 63 105 0 189 63 189 147 126 0 147 63 168 0
172 184 0 52 0 180 164 152 110 0 0 0 0 0 0 184
0 0 132 61 0 0 0 0 0 0 117 0 0 0 0 0
0 0 0 0 175 0 0 63 0 35 112 203 0 0 70 35
0 105 98 0 0 0 0 0 154 1 154 0 0 56 36 140
140 0 70 140 0 0 70 70 0 70 0 0 140 0 140 0
0 0 0 0 0 0 0 0 0 0 0 0 0 0 0 0
42 0 126 42 0 0 84 42 0 168 0 0 126 0 0 28
0 0 0 0 0 0 180 0 150 0 0 0 0 90 0 90
0 0 0 0 84 48 24 0 114 0 0 0 0 186 18 0
0 0 126 0 0 0 0 0 56 0 0 0 0 154 14 70
70 70 70 175 126 63 14 140 189 126 63 0 0 21 105 0
204 60 90 174 36 108 8 24 144 6 174 0 84 66 90 150
0 0 0 0 63 105 0 0 63 0 0 0 0 147 0 0
0 0 0 0 105 105 0 0 84 84 42 0 0 63 168 0
96 132 0 156 175 120 72 37 198 47 0 0 0 0 40 0
54 120 93 99 45 0 207 99 57 21 108 0 51 99 114 90
50 200 0 20 0 150 160 10 10 0 0 0 0 0 0 200
0 0 0 105 0 0 0 0 0 0 105 0 0 0 0 0
180 90 0 30 175 120 30 165 30 5 100 125 0 0 40 5
0 0 168 0 0 0 0 0 84 126 84 0 0 126 126 0
147 105 126 42 0 0 189 42 0 63 0 0 126 0 0 0
0 0 196 0 0 0 0 0 98 126 98 0 0 112 182 70
207 105 6 162 0 0 39 12 0 3 90 0 186 0 150 73
0 0 0 0 0 0 0 0 105 0 0 0 0 105 0 0
0 105 105 105 189 33 174 0 144 0 105 0 0 36 183 0
120 60 168 90 0 150 90 150 53 0 0 0 0 157 167 130
70 70 70 70 168 84 182 140 42 168 84 0 0 168 0 0
48 150 120 78 132 186 76 18 108 162 78 0 168 102 120 60
0 0 0 0 0 0 0 0 0 0 0 0 0 0 0 0
10 40 130 130 90 60 110 170 70 60 60 0 0 180 0 30
180 90 0 30 105 120 30 135 30 75 0 0 0 0 180 0
70 70 0 70 0 0 140 140 140 140 140 0 140 0 70 0
66 117 0 186 0 135 102 156 135 0 0 0 0 0 0 117
0 0 126 28 0 0 0 0 0 0 126 0 0 0 0 0
120 60 0 90 175 150 90 201 90 155 34 11 0 0 190 155
0 105 70 0 0 0 0 0 140 185 140 0 0 70 150 70
167 105 16 152 0 0 139 172 0 43 30 0 146 0 50 0
180 90 90 30 0 120 30 120 195 180 75 0 0 15 105 90
63 105 84 168 0 0 21 168 0 147 0 0 84 0 0 7
126 0 0 126 0 0 196 126 28 0 84 0 126 182 0 70
0 105 105 105 63 21 168 0 168 0 105 0 0 42 21 0
0 0 0 0 0 0 0 0 105 0 0 0 0 105 105 0
140 140 140 35 0 105 70 70 105 0 105 0 0 105 105 0
96 90 30 156 54 162 82 36 6 114 156 0 126 204 30 120
0 0 0 0 180 60 30 0 0 0 0 0 0 0 0 0
0 0 0 0 0 0 0 0 0 0 0 0 0 0 0 0
0 0 0 0 140 0 0 140 0 70 0 0 0 0 140 0
142 160 159 97 165 0 101 167 41 203 74 0 173 27 82 120
140 140 0 140 0 0 70 70 70 0 0 0 0 0 0 140
0 0 90 180 0 0 0 0 0 0 180 0 0 0 0 0
0 0 0 0 175 0 0 105 0 35 70 35 0 0 70 35
0 0 0 0 0 0 0 0 0 0 0 0 0 0 0 0
112 0 56 112 0 0 14 182 0 98 0 0 196 0 70 0
0 0 98 0 0 0 0 0 49 168 49 0 0 161 91 140
126 0 168 126 0 0 42 126 0 84 0 0 168 0 0 14
0 0 0 0 0 0 140 0 35 0 0 0 0 175 0 140
0 0 0 0 84 78 144 0 54 0 0 0 0 66 108 0
0 0 0 0 0 0 0 0 70 0 0 0 0 140 70 140
200 170 80 185 18 159 52 40 177 108 129 0 0 33 45 180
18 30 150 108 102 96 116 138 198 192 108 0 168 12 150 180
0 0 0 0 128 80 40 0 98 0 0 0 0 112 0 0
40 160 100 100 150 30 20 50 154 114 72 0 0 48 168 120
126 42 0 126 35 0 42 77 168 7 0 0 0 0 140 0
110 50 30 50 150 0 130 190 190 70 10 0 100 120 170 90
158 191 0 38 0 75 136 208 145 0 0 0 0 0 0 191
0 0 0 0 0 0 0 0 0 0 0 0 0 0 0 0
120 60 0 90 0 150 90 180 90 120 90 60 0 0 120 120
0 0 14 0 0 0 0 0 112 148 112 0 0 98 78 140
126 0 168 126 0 0 42 126 0 84 0 0 168 0 0 0
60 30 184 150 0 180 150 180 107 144 137 0 0 103 203 100
0 0 0 0 0 0 0 0 0 0 0 0 0 0 0 0
0 0 0 0 0 0 130 0 85 0 0 0 0 65 0 100
0 105 105 105 105 205 50 0 80 0 105 0 0 160 55 0
90 150 0 120 0 60 120 60 80 0 0 0 0 130 50 10
0 0 0 0 0 0 0 0 0 0 0 0 0 0 0 0
72 120 180 12 198 174 184 132 162 138 12 0 42 48 180 90
0 0 0 0 105 105 0 0 105 0 0 0 0 105 0 0
20 80 50 50 180 120 10 130 140 120 120 0 0 150 0 60
0 0 0 0 175 0 0 175 0 35 0 0 0 0 70 0
140 140 105 35 105 0 175 175 175 175 70 0 175 105 140 0
188 101 0 8 0 165 106 88 25 0 0 0 0 0 0 101
0 0 126 63 0 0 0 0 0 0 21 0 0 0 0 0
0 0 0 0 105 0 0 63 0 105 42 63 0 0 0 105
0 105 112 0 0 0 0 0 56 119 56 0 0 154 84 70
3 105 204 48 0 0 171 198 0 207 120 0 24 0 60 0
0 0 70 0 0 0 0 0 140 0 140 0 0 70 140 70
150 0 120 90 0 0 150 30 0 60 120 0 150 0 60 60
126 0 0 126 0 0 116 126 8 0 84 0 126 142 0 170
0 0 0 0 84 18 114 0 174 0 0 0 0 96 138 0
180 90 0 30 0 120 30 120 195 0 0 0 0 15 135 90
160 10 190 85 90 165 50 200 45 120 15 0 0 165 15 60
156 120 180 96 114 132 2 6 36 54 96 0 126 174 180 90
0 0 0 0 70 70 140 0 70 0 0 0 0 140 0 0
0 0 0 0 105 105 0 0 0 0 0 0 0 105 0 0
0 0 0 0 35 0 0 35 0 175 0 0 0 0 140 0
0 0 0 0 0 0 0 0 0 0 0 0 0 0 0 0
70 70 0 70 0 0 140 140 140 0 0 0 0 0 0 70
0 0 0 0 0 0 0 0 0 0 0 0 0 0 0 0
0 0 0 0 105 0 0 147 0 105 168 147 0 0 0 105
0 105 14 0 0 0 0 0 112 133 112 0 0 98 168 140
140 0 70 140 0 0 70 70 0 70 0 0 140 0 140 0
0 0 14 0 0 0 0 0 7 84 7 0 0 203 133 140
57 105 96 72 0 0 99 192 0 153 180 0 36 0 90 83
42 0 0 42 0 0 112 42 91 0 168 0 42 119 0 70
0 0 0 0 0 0 0 0 0 0 0 0 0 0 0 0
60 30 84 150 0 180 150 180 44 0 0 0 0 166 206 100
140 140 140 140 0 0 70 70 0 0 0 0 0 0 0 0
36 60 90 6 204 192 92 66 186 174 6 0 126 24 90 150
0 0 0 0 140 140 70 0 140 0 0 0 0 70 0 0
110 20 170 170 45 135 160 190 56 156 198 0 0 27 42 120
42 84 0 42 70 0 84 154 126 14 0 0 0 0 70 0
100 160 75 55 165 0 185 125 125 35 200 0 5 195 40 120
168 21 0 168 0 105 126 168 105 0 0 0 0 0 0 21
0 0 174 187 0 0 0 0 0 0 159 0 0 0 0 0
120 60 0 90 105 150 90 201 90 15 174 81 0 0 120 15
0 105 0 0 0 0 0 0 0 165 0 0 0 0 60 0
123 105 174 78 0 0 81 138 0 87 90 0 144 0 150 0
0 0 0 0 0 0 0 0 0 0 0 0 0 0 0 0
63 105 84 168 0 0 21 168 0 147 0 0 84 0 0 147
0 0 0 0 0 0 0 0 105 0 0 0 0 105 0 0
0 0 0 0 0 0 0 0 0 0 0 0 0 0 0 0
60 30 0 150 0 180 150 180 170 0 0 0 0 40 80 100
130 100 10 10 60 180 80 110 30 150 150 0 0 180 150 180
66 180 60 186 24 72 122 156 96 144 186 0 126 114 60 30
0 0 0 0 1 145 20 0 91 0 0 0 0 119 0 0
0 0 0 0 105 105 0 0 84 84 42 0 0 63 168 0
156 162 0 96 0 90 12 12 138 72 0 0 0 0 30 0
96 120 177 141 45 0 123 141 183 189 192 0 9 141 156 90
52 124 0 172 0 30 74 2 170 0 0 0 0 0 0 124
0 0 168 14 0 0 0 0 0 0 168 0 0 0 0 0
30 120 0 180 105 90 180 45 180 135 180 15 0 0 30 135
0 0 0 0 0 0 0 0 0 150 0 0 0 0 150 0
54 0 102 24 0 0 138 204 0 156 60 0 12 0 30 0
30 120 120 180 0 90 180 90 120 30 30 0 0 90 0 120
42 0 126 42 0 0 84 42 0 168 0 0 126 0 0 168
84 0 0 84 0 0 124 84 157 0 126 0 84 83 0 160
0 105 105 105 147 119 112 0 112 0 105 0 0 98 119 0
180 90 0 30 0 120 30 120 160 0 0 0 0 50 100 20
0 0 0 0 0 0 0 0 0 0 0 0 0 0 0 0
54 90 30 114 96 78 68 204 174 156 114 0 84 36 30 120
0 0 0 0 12 60 30 0 42 0 0 0 0 168 0 0
30 120 180 180 60 180 120 90 84 54 12 0 0 78 168 90
0 0 0 0 0 0 0 0 0 0 0 0 0 0 0 0
0 0 0 0 0 0 0 0 0 0 0 0 0 0 0 0
60 30 0 150 0 180 150 180 180 0 0 0 0 0 0 30
0 0 120 30 0 0 0 0 0 0 30 0 0 0 0 0
30 120 0 180 175 90 180 171 180 65 124 71 0 0 100 65
0 0 70 0 0 0 0 0 140 140 140 0 0 70 0 70
163 105 164 88 0 0 191 188 0 47 150 0 184 0 40 0
30 120 64 180 0 90 180 90 92 114 2 0 0 118 98 190
0 0 0 0 0 0 0 0 0 0 0 0 0 0 0 140
0 0 0 0 0 0 150 0 195 0 0 0 0 75 0 180
0 0 0 0 42 174 192 0 72 0 0 0 0 18 144 0
0 0 126 0 0 0 0 0 56 0 0 0 0 154 14 70
120 60 90 195 162 171 48 150 123 132 111 0 0 87 195 150
66 180 60 186 24 72 52 156 96 144 186 0 126 114 60 30
0 0 0 0 123 195 150 0 63 0 0 0 0 147 0 0
20 80 50 50 75 15 10 130 182 162 36 0 0 129 84 60
150 180 0 60 175 30 60 25 60 185 0 0 0 0 10 0
142 160 159 97 165 0 101 167 41 203 74 0 173 27 82 120
0 0 0 0 0 0 0 0 0 0 0 0 0 0 0 0
0 0 30 165 0 0 0 0 0 0 165 0 0 0 0 0
0 0 0 0 105 0 0 63 0 105 42 63 0 0 0 105
0 105 0 0 0 0 0 0 0 195 0 0 0 0 90 0
105 105 0 0 0 0 105 0 0 105 0 0 0 0 0 0
0 0 70 0 0 0 0 0 35 0 35 0 0 175 35 70
0 0 0 0 0 0 0 0 0 0 0 0 0 0 0 0
0 0 0 0 0 0 140 0 140 0 0 0 0 70 0 140
0 105 105 105 189 83 94 0 184 0 105 0 0 116 53 0
0 0 168 0 0 0 0 0 63 0 0 0 0 147 147 0
30 120 180 180 114 132 96 90 36 54 12 0 0 174 180 90
6 150 120 36 174 102 202 186 66 204 36 0 126 144 120 60
0 0 0 0 161 35 70 0 161 0 0 0 0 49 0 0
150 180 60 60 90 60 180 30 42 102 186 0 0 54 84 30
0 0 0 0 0 0 0 0 0 0 0 0 0 0 0 0
0 0 0 0 0 0 0 0 0 0 0 0 0 0 0 0
126 147 0 126 0 105 42 126 105 0 0 0 0 0 0 147
0 0 180 10 0 0 0 0 0 0 150 0 0 0 0 0
0 0 0 0 0 0 0 0 0 0 0 0 0 0 0 0
0 105 98 0 0 0 0 0 154 1 154 0 0 56 36 140
140 0 70 140 0 0 70 70 0 70 0 0 140 0 140 0
90 150 150 120 0 60 120 60 45 90 195 0 0 165 105 150
63 105 84 168 0 0 21 168 0 147 0 0 84 0 0 147
168 0 0 168 0 0 128 168 74 0 42 0 168 106 0 50
0 0 0 0 0 140 70 0 70 0 0 0 0 140 140 0
0 0 42 0 0 0 0 0 77 0 0 0 0 133 203 70
110 20 170 170 12 36 58 190 48 72 156 0 0 162 30 120
102 30 150 192 18 54 74 12 72 108 192 0 42 138 150 180
0 0 0 0 49 175 140 0 49 0 0 0 0 161 0 0
0 0 0 0 0 0 0 0 0 0 0 0 0 0 0 0
96 132 0 156 175 120 72 37 198 47 0 0 0 0 40 0
40 190 30 190 150 0 200 50 50 140 80 0 170 120 100 90
0 105 0 0 0 105 0 0 105 0 0 0 0 0 0 105
0 0 0 0 0 0 0 0 0 0 0 0 0 0 0 0
0 0 0 0 140 0 0 168 0 70 182 28 0 0 140 70
0 0 0 0 0 0 0 0 0 60 0 0 0 0 60 0
66 0 78 6 0 0 192 156 0 144 120 0 108 0 60 0
90 150 80 120 0 60 120 60 10 90 160 0 0 200 70 80
204 0 12 114 0 0 78 24 0 6 180 0 162 0 90 6
0 0 0 0 0 0 0 0 0 0 0 0 0 0 0 0
0 105 105 105 105 5 160 0 130 0 105 0 0 50 155 0
120 60 168 90 0 150 90 150 53 0 0 0 0 157 167 130
110 20 170 65 180 15 100 190 195 30 135 0 0 15 135 120
198 120 180 138 72 6 86 48 78 12 138 0 168 132 180 90
0 0 0 0 183 75 90 0 63 0 0 0 0 147 0 0
170 50 110 110 60 180 190 160 140 180 180 0 0 120 0 90
0 0 0 0 0 0 0 0 0 0 0 0 0 0 0 0
126 0 42 126 0 0 168 126 168 84 42 0 84 126 126 0
154 133 0 154 0 105 98 14 35 0 0 0 0 0 0 133
0 0 192 76 0 0 0 0 0 0 132 0 0 0 0 0
0 0 0 0 140 0 0 0 0 70 140 70 0 0 140 70
0 0 84 0 0 0 0 0 42 168 42 0 0 168 168 0
0 0 0 0 0 0 0 0 0 0 0 0 0 0 0 0
30 120 204 180 0 90 180 90 162 114 72 0 0 48 168 120
105 105 0 0 0 0 105 0 0 105 0 0 0 0 0 35
0 0 0 0 0 0 80 0 125 0 0 0 0 145 0 110
0 105 105 105 105 105 0 0 0 0 105 0 0 0 105 0
0 0 0 0 0 0 0 0 175 0 0 0 0 35 175 140
90 150 120 15 90 165 120 60 45 120 15 0 0 165 15 60
12 90 30 72 138 204 194 162 132 198 72 0 42 78 30 120
0 0 0 0 175 175 140 0 175 0 0 0 0 35 0 0
200 170 80 80 120 150 100 40 182 192 66 0 0 114 84 180
0 0 0 0 0 0 0 0 0 0 0 0 0 0 0 0
142 160 159 97 165 0 101 167 41 203 74 0 173 27 82 120
14 203 0 14 0 105 28 154 175 0 0 0 0 0 0 203
0 0 0 105 0 0 0 0 0 0 105 0 0 0 0 0
120 60 0 90 0 150 90 180 90 120 90 60 0 0 120 120
0 105 140 0 0 0 0 0 70 145 70 0 0 140 180 140
28 0 14 28 0 0 56 98 0 182 0 0 154 0 70 0
0 0 0 0 0 0 0 0 105 0 105 0 0 105 105 0
0 0 0 0 0 0 0 0 0 0 0 0 0 0 0 0
0 0 0 0 0 0 80 0 20 0 0 0 0 40 0 110
0 105 105 105 189 203 154 0 154 0 105 0 0 56 203 0
120 60 0 90 0 150 90 150 60 0 0 0 0 150 90 60
200 170 80 185 18 159 52 40 177 108 129 0 0 33 45 180
0 0 0 0 0 0 0 0 0 0 0 0 0 0 0 0
0 0 0 0 0 0 0 0 0 0 0 0 0 0 0 0
0 0 0 0 105 105 0 0 0 0 0 0 0 105 0 0
180 90 0 30 0 120 30 30 30 180 0 0 0 0 180 0
84 0 168 84 0 0 42 84 42 126 168 0 126 84 84 0
70 70 0 70 0 0 140 140 140 0 0 0 0 0 0 70
0 0 0 175 0 0 0 0 0 0 105 0 0 0 0 0
60 30 0 150 140 180 150 174 150 130 206 184 0 0 200 130
0 105 0 0 0 0 0 0 0 165 0 0 0 0 60 0
0 0 0 0 0 0 0 0 0 0 0 0 0 0 0 0
60 30 184 150 0 180 150 180 107 144 137 0 0 103 203 100
84 0 42 84 0 0 168 84 0 126 0 0 42 0 0 126
0 0 0 0 0 0 0 0 0 0 0 0 0 0 0 0
0 0 0 0 0 140 70 0 70 0 0 0 0 140 140 0
0 0 126 0 0 0 0 0 21 0 0 0 0 189 189 0
140 140 140 35 168 189 112 70 147 168 189 0 0 63 105 0
6 150 120 36 174 102 202 186 66 204 36 0 126 144 120 60
0 0 0 0 0 0 0 0 0 0 0 0 0 0 0 0
100 190 40 40 165 75 50 20 70 180 180 0 0 15 0 90
24 138 0 144 140 30 18 158 102 178 0 0 0 0 80 0
66 30 207 51 195 0 183 51 93 189 132 0 39 51 186 180
188 101 0 8 0 165 106 88 25 0 0 0 0 0 0 101
0 0 90 40 0 0 0 0 0 0 180 0 0 0 0 0
0 0 0 0 0 0 0 0 0 0 0 0 0 0 0 0
0 0 154 0 0 0 0 0 182 188 182 0 0 28 48 70
35 105 70 140 0 0 175 70 0 175 0 0 140 0 140 0
180 90 90 30 0 120 30 120 90 180 180 0 0 120 0 90
180 0 60 150 0 0 180 120 0 30 60 0 180 0 30 170
0 0 0 0 0 0 0 0 0 0 0 0 0 0 0 0
0 0 0 0 42 154 182 0 182 0 0 0 0 28 154 0
0 0 0 0 0 0 0 0 70 0 0 0 0 140 70 140
70 70 70 70 0 0 140 140 0 0 0 0 0 0 0 0
114 120 180 54 156 48 58 174 204 96 54 0 84 6 180 90
0 0 0 0 60 90 150 0 0 0 0 0 0 0 0 0
0 0 0 0 105 105 0 0 168 168 84 0 0 21 126 0
42 84 0 42 105 0 84 189 126 189 0 0 0 0 0 0
28 70 21 133 105 0 119 203 119 77 56 0 77 63 28 0
126 147 0 126 0 105 42 126 105 0 0 0 0 0 0 147
0 0 144 162 0 0 0 0 0 0 204 0 0 0 0 0
120 60 0 90 35 150 90 75 90 85 20 25 0 0 50 85
0 0 0 0 0 0 0 0 0 90 0 0 0 0 90 0
140 0 70 140 0 0 70 70 0 70 0 0 140 0 140 0
180 90 90 30 0 120 30 120 90 180 180 0 0 120 0 90
57 105 96 72 0 0 99 192 0 153 180 0 36 0 90 83
0 0 0 0 0 0 120 0 30 0 0 0 0 60 0 60
0 0 0 0 42 204 102 0 12 0 0 0 0 108 24 0
0 0 0 0 0 0 0 0 0 0 0 0 0 0 0 0
0 0 0 105 168 189 42 0 147 168 189 0 0 63 105 0
102 30 150 192 18 54 4 12 72 108 192 0 42 138 150 180
0 0 0 0 70 70 140 0 70 0 0 0 0 140 0 0
0 0 0 0 105 105 0 0 168 168 84 0 0 21 126 0
126 42 0 126 105 0 42 147 168 147 0 0 0 0 0 0
90 60 15 165 75 0 135 165 165 105 180 0 15 165 120 150
56 182 0 56 0 0 112 196 70 0 0 0 0 0 0 182
0 0 174 187 0 0 0 0 0 0 159 0 0 0 0 0
90 150 0 120 0 60 120 72 120 90 78 192 0 0 90 90
0 0 0 0 0 0 0 0 0 30 0 0 0 0 30 0
47 105 46 122 0 0 19 22 0 163 60 0 26 0 170 0
0 0 70 0 0 0 0 0 35 0 35 0 0 175 35 70
174 0 72 54 0 0 48 144 0 36 30 0 132 0 120 106
0 0 0 0 0 0 0 0 105 0 0 0 0 105 0 0
0 0 0 0 0 120 60 0 180 0 0 0 0 150 150 0
60 30 84 150 0 180 150 180 44 0 0 0 0 166 206 100
140 140 140 35 0 105 70 70 105 0 105 0 0 105 105 0
114 120 180 54 156 48 58 174 204 96 54 0 84 6 180 90
0 0 0 0 1 145 20 0 91 0 0 0 0 119 0 0
50 200 20 20 30 90 130 10 140 90 90 0 0 60 0 150
102 114 0 192 105 180 24 129 66 39 0 0 0 0 60 0
84 0 63 189 105 0 147 189 147 21 168 0 21 189 84 0
0 0 0 0 0 0 0 0 0 0 0 0 0 0 0 0
0 0 12 101 0 0 0 0 0 0 87 0 0 0 0 0
0 0 0 0 70 0 0 0 0 140 70 140 0 0 70 140
0 0 182 0 0 0 0 0 196 154 196 0 0 14 84 140
165 105 90 120 0 0 165 180 0 45 90 0 60 0 150 0
0 0 70 0 0 0 0 0 35 0 35 0 0 175 35 70
78 0 54 198 0 0 36 108 0 132 180 0 204 0 90 202
84 0 0 84 0 0 124 84 157 0 126 0 84 83 0 160
0 105 105 105 105 125 10 0 100 0 105 0 0 200 95 0
0 0 0 0 0 0 0 0 0 0 0 0 0 0 0 0
0 0 0 105 126 63 84 0 189 126 63 0 0 21 105 0
12 90 30 72 138 204 194 162 132 198 72 0 42 78 30 120
0 0 0 0 98 140 70 0 98 0 0 0 0 112 0 0
90 150 120 120 180 120 150 60 84 204 162 0 0 108 168 60
150 180 0 60 105 30 60 165 60 45 0 0 0 0 150 0
20 200 120 200 180 0 100 130 130 70 40 0 190 60 50 150
188 206 0 8 0 60 106 88 130 0 0 0 0 0 0 206
0 0 90 145 0 0 0 0 0 0 75 0 0 0 0 0
30 120 0 180 175 90 180 171 180 65 124 71 0 0 100 65
0 105 70 0 0 0 0 0 140 185 140 0 0 70 150 70
99 105 12 114 0 0 183 24 0 111 180 0 162 0 90 0
0 0 168 0 0 0 0 0 189 168 189 0 0 21 21 0
177 105 66 102 0 0 9 132 0 33 150 0 156 0 180 103
0 0 0 0 0 0 0 0 0 0 0 0 0 0 0 0
0 105 105 105 147 159 132 0 102 0 105 0 0 78 99 0
120 60 0 90 0 150 90 150 165 0 0 0 0 45 195 60
30 120 180 75 114 27 96 90 141 54 117 0 0 69 75 90
132 150 120 162 48 144 34 102 192 78 162 0 42 18 120 60
0 0 0 0 50 110 160 0 140 0 0 0 0 70 0 0
20 80 50 50 75 15 10 130 182 162 36 0 0 129 84 60
114 78 0 54 105 90 138 33 12 93 0 0 0 0 30 0
56 140 147 161 105 0 133 91 133 49 112 0 49 21 56 0
138 6 0 198 0 120 156 78 120 0 0 0 0 0 0 6
0 0 0 35 0 0 0 0 0 0 105 0 0 0 0 0
180 90 0 30 105 120 30 165 30 75 30 195 0 0 180 75
0 105 0 0 0 0 0 0 0 195 0 0 0 0 90 0
140 0 70 140 0 0 70 70 0 70 0 0 140 0 140 0
180 90 48 30 0 120 30 120 69 138 159 0 0 141 21 90
51 105 108 186 0 0 177 6 0 159 150 0 198 0 180 19
0 0 0 0 0 0 140 0 35 0 0 0 0 175 0 140
0 105 105 105 189 83 94 0 184 0 105 0 0 116 53 0
180 90 42 30 0 120 30 120 27 0 0 0 0 183 93 90
20 80 50 50 90 60 190 130 150 120 120 0 0 60 120 60
102 30 150 192 18 54 4 12 72 108 192 0 42 138 150 180
0 0 0 0 105 105 0 0 105 0 0 0 0 105 0 0
120 60 90 90 30 90 60 150 168 48 174 0 0 186 126 150
0 0 0 0 0 0 0 0 0 0 0 0 0 0 0 0
166 190 177 1 45 0 53 71 113 119 122 0 149 141 16 90
200 65 0 80 0 75 10 40 145 0 0 0 0 0 0 65
0 0 18 204 0 0 0 0 0 0 78 0 0 0 0 0
150 180 0 60 105 30 60 57 60 45 18 117 0 0 150 45
0 105 98 0 0 0 0 0 154 1 154 0 0 56 36 140
105 105 0 0 0 0 105 0 0 105 0 0 0 0 0 0
0 0 0 0 0 0 0 0 0 0 0 0 0 0 0 0
126 0 168 126 0 0 42 126 0 84 0 0 168 0 0 84
0 0 0 0 0 0 90 0 180 0 0 0 0 150 0 150
0 105 105 105 105 105 0 0 0 0 105 0 0 0 105 0
120 60 0 90 0 150 90 150 165 0 0 0 0 45 195 60
0 0 0 105 0 105 0 0 105 0 105 0 0 105 105 0
78 60 90 48 162 66 106 108 18 132 48 0 168 192 90 150
0 0 0 0 196 70 140 0 196 0 0 0 0 14 0 0
60 30 150 150 120 150 30 180 42 192 66 0 0 114 84 180
96 132 0 156 175 120 72 37 198 47 0 0 0 0 40 0
150 30 165 135 195 0 15 135 135 105 90 0 165 135 60 180
42 189 0 42 0 105 84 42 105 0 0 0 0 0 0 189
0 0 120 135 0 0 0 0 0 0 135 0 0 0 0 0
150 180 0 60 0 30 60 36 60 150 144 96 0 0 150 150
0 105 70 0 0 0 0 0 140 185 140 0 0 70 150 70
98 0 154 98 0 0 196 28 0 112 0 0 14 0 140 0
0 0 0 0 0 0 0 0 0 0 0 0 0 0 0 0
63 105 84 168 0 0 21 168 0 147 0 0 84 0 0 147
0 0 0 0 0 0 180 0 45 0 0 0 0 195 0 90
0 105 105 105 105 35 70 0 70 0 105 0 0 140 35 0
120 60 168 90 0 150 90 150 53 0 0 0 0 157 167 130
0 0 0 0 0 0 0 0 0 0 0 0 0 0 0 0
192 180 60 102 108 114 94 72 12 18 102 0 42 198 60 30
0 0 0 0 161 35 70 0 161 0 0 0 0 49 0 0
70 70 70 70 0 0 140 140 70 0 0 0 0 0 0 0
162 144 0 132 105 150 174 69 6 99 0 0 0 0 120 0
98 140 21 203 105 0 49 133 49 7 196 0 7 63 98 0
0 0 0 0 0 0 0 0 0 0 0 0 0 0 0 0
0 0 0 105 0 0 0 0 0 0 105 0 0 0 0 0
150 180 0 60 0 30 60 120 60 150 60 180 0 0 150 150
0 0 0 0 0 0 0 0 0 0 0 0 0 0 0 0
167 105 16 152 0 0 139 172 0 43 30 0 146 0 50 0
60 30 198 150 0 180 150 180 9 18 39 0 0 201 21 30
126 0 168 126 0 0 42 126 0 84 0 0 168 0 0 84
0 0 0 0 0 0 180 0 45 0 0 0 0 195 0 90
0 0 0 0 0 110 160 0 130 0 0 0 0 50 50 0
0 0 42 0 0 0 0 0 77 0 0 0 0 133 203 70
0 0 0 0 0 0 0 0 0 0 0 0 0 0 0 0
66 180 60 186 24 72 52 156 96 144 186 0 126 114 60 30
0 0 0 0 0 0 0 0 0 0 0 0 0 0 0 0
70 70 70 70 105 105 140 140 70 0 0 0 0 105 0 0
84 168 0 84 35 0 168 203 42 133 0 0 0 0 140 0
142 160 159 97 165 0 101 167 41 203 74 0 173 27 82 120
84 168 0 84 0 0 168 84 0 0 0 0 0 0 0 168
0 0 42 21 0 0 0 0 0 0 147 0 0 0 0 0
180 90 0 30 105 120 30 123 30 75 72 153 0 0 180 75
0 105 0 0 0 0 0 0 0 135 0 0 0 0 30 0
91 105 98 196 0 0 77 56 0 119 0 0 28 0 70 0
0 0 0 0 0 0 0 0 105 0 105 0 0 105 105 0
15 105 180 30 0 0 15 150 0 195 180 0 120 0 90 195
0 0 0 0 0 0 150 0 90 0 0 0 0 180 0 180
0 105 105 105 147 189 42 0 42 0 105 0 0 168 189 0
0 0 126 0 0 0 0 0 56 0 0 0 0 154 14 70
200 170 80 185 18 159 52 40 177 108 129 0 0 33 45 180
174 150 120 204 6 18 118 144 24 36 204 0 84 186 120 60
0 0 0 0 69 135 120 0 189 0 0 0 0 21 0 0
40 160 100 100 150 30 20 50 70 30 30 0 0 90 0 120
90 150 0 120 0 60 120 120 120 90 0 0 0 0 90 0
72 90 159 27 165 0 171 27 111 63 144 0 33 27 12 120
60 135 0 150 0 75 150 180 75 0 0 0 0 0 0 135
0 0 168 154 0 0 0 0 0 0 168 0 0 0 0 0
0 0 0 0 0 0 0 0 0 0 0 0 0 0 0 0
0 0 0 0 0 0 0 0 0 0 0 0 0 0 0 0
35 105 70 140 0 0 175 70 0 175 0 0 140 0 140 0
60 30 184 150 0 180 150 180 107 144 137 0 0 103 203 100
123 105 174 78 0 0 81 138 0 87 90 0 144 0 150 17
0 0 0 0 0 0 70 0 70 0 0 0 0 140 0 70
0 105 105 105 63 51 78 0 108 0 105 0 0 132 111 0
0 0 0 0 0 0 0 0 0 0 0 0 0 0 0 0
30 120 180 75 30 195 180 90 15 180 75 0 0 195 75 90
6 150 120 36 174 102 62 186 66 204 36 0 126 144 120 60
0 0 0 0 189 105 0 0 189 0 0 0 0 21 0 0
10 40 130 130 90 60 110 170 70 60 60 0 0 180 0 30
42 84 0 42 35 0 84 119 126 49 0 0 0 0 140 0
56 140 42 56 0 0 28 196 28 154 112 0 154 126 56 0
188 101 0 8 0 165 106 88 25 0 0 0 0 0 0 101
0 0 192 76 0 0 0 0 0 0 132 0 0 0 0 0
120 60 0 90 0 150 90 54 90 120 6 144 0 0 120 120
0 0 70 0 0 0 0 0 140 20 140 0 0 70 90 70
42 0 126 42 0 0 84 42 0 168 0 0 126 0 0 0
180 90 160 30 0 120 30 120 125 180 5 0 0 85 35 160
168 0 84 168 0 0 126 168 0 42 0 0 84 0 0 112
0 0 0 0 0 0 0 0 105 0 0 0 0 105 0 0
0 105 105 105 147 49 182 0 182 0 105 0 0 28 49 0
90 150 42 120 0 60 120 60 87 0 0 0 0 123 183 150
0 0 0 0 0 0 0 0 0 0 0 0 0 0 0 0
138 90 30 198 12 36 26 78 48 72 198 0 168 162 30 120
0 0 0 0 175 175 140 0 175 0 0 0 0 35 0 0
160 10 190 190 180 120 80 200 196 36 78 0 0 192 42 60
174 108 0 204 0 60 78 78 162 48 0 0 0 0 90 0
110 50 30 50 150 0 130 190 190 70 10 0 100 120 170 90
0 0 0 0 0 0 0 0 0 0 0 0 0 0 0 0
0 0 126 133 0 0 0 0 0 0 21 0 0 0 0 0
30 120 0 180 35 90 180 45 180 205 110 85 0 0 170 205
0 0 0 0 0 0 0 0 0 30 0 0 0 0 30 0
168 0 84 168 0 0 126 168 0 42 0 0 84 0 0 0
0 0 70 0 0 0 0 0 35 0 35 0 0 175 35 70
57 105 96 72 0 0 99 192 0 153 180 0 36 0 90 83
0 0 0 0 0 0 190 0 100 0 0 0 0 200 0 130
0 0 0 0 0 110 160 0 130 0 0 0 0 50 50 0
0 0 126 0 0 0 0 0 126 0 0 0 0 84 84 0
0 0 0 105 126 63 84 0 189 126 63 0 0 21 105 0
54 90 30 114 96 78 68 204 174 156 114 0 84 36 30 120
0 0 0 0 93 45 180 0 63 0 0 0 0 147 0 0
60 30 150 150 120 150 30 180 84 24 192 0 0 198 168 180
0 0 0 0 105 0 0 105 0 105 0 0 0 0 0 0
168 0 21 63 105 0 189 63 189 147 126 0 147 63 168 0
98 56 0 98 0 0 196 28 70 0 0 0 0 0 0 56
0 0 0 0 0 0 0 0 0 0 0 0 0 0 0 0
150 180 0 60 175 30 60 141 60 185 4 131 0 0 10 185
0 0 0 0 0 0 0 0 0 60 0 0 0 0 60 0
0 0 0 0 0 0 0 0 0 0 0 0 0 0 0 0
120 60 144 90 0 150 90 150 102 204 162 0 0 108 168 60
0 0 0 0 0 0 0 0 0 0 0 0 0 0 0 70
126 0 0 126 0 0 126 126 63 0 84 0 126 147 0 0
0 0 0 0 168 66 138 0 78 0 0 0 0 72 156 0
150 180 42 60 0 30 60 30 117 0 0 0 0 93 123 180
0 0 0 0 168 84 42 0 42 168 84 0 0 168 0 0
138 90 30 198 12 36 26 78 48 72 198 0 168 162 30 120
0 0 0 0 1 145 20 0 91 0 0 0 0 119 0 0
170 50 110 110 60 180 190 160 140 180 180 0 0 120 0 90
30 120 0 180 175 90 180 145 180 65 0 0 0 0 100 0
84 0 168 84 0 0 42 84 42 126 168 0 126 84 84 0
126 42 0 126 0 0 42 126 0 0 0 0 0 0 0 42
0 0 30 165 0 0 0 0 0 0 165 0 0 0 0 0
0 0 0 0 140 0 0 126 0 70 14 196 0 0 140 70
0 0 28 0 0 0 0 0 14 116 14 0 0 196 186 70
155 105 40 170 0 0 85 10 0 55 180 0 50 0 20 0
90 150 178 120 0 60 120 60 59 48 209 0 0 151 161 10
105 105 0 0 0 0 105 0 0 105 0 0 0 0 0 105
84 0 0 84 0 0 124 84 157 0 126 0 84 83 0 160
0 0 0 0 0 0 0 0 0 0 0 0 0 0 0 0
180 90 168 30 0 120 30 120 153 0 0 0 0 57 177 90
140 140 140 35 42 21 28 70 63 42 21 0 0 147 105 0
12 90 30 72 138 204 124 162 132 198 72 0 42 78 30 120
0 0 0 0 35 35 70 0 35 0 0 0 0 175 0 0
170 50 110 110 165 75 190 160 56 96 138 0 0 57 42 90
30 120 0 180 35 90 180 5 180 205 0 0 0 0 170 0
168 0 21 63 105 0 189 63 189 147 126 0 147 63 168 0
98 161 0 98 0 105 196 28 175 0 0 0 0 0 0 161
0 0 30 60 0 0 0 0 0 0 60 0 0 0 0 0
30 120 0 180 175 90 180 171 180 65 124 71 0 0 100 65
0 105 98 0 0 0 0 0 154 91 154 0 0 56 126 140
163 105 164 88 0 0 191 188 0 47 150 0 184 0 40 0
150 180 82 60 0 30 60 30 26 192 206 0 0 184 14 40
168 0 84 168 0 0 126 168 0 42 0 0 84 0 0 182
168 0 0 168 0 0 178 168 34 0 42 0 168 26 0 40
0 0 0 0 126 182 196 0 196 0 0 0 0 14 182 0
0 0 42 0 0 0 0 0 182 0 0 0 0 28 98 70
30 120 180 75 30 195 180 90 15 180 75 0 0 195 75 90
102 30 150 192 18 54 4 12 72 108 192 0 42 138 150 180
0 0 0 0 56 140 70 0 56 0 0 0 0 154 0 0
20 80 50 50 75 15 10 130 182 162 36 0 0 129 84 60
126 42 0 126 105 0 42 147 168 147 0 0 0 0 0 0
0 0 0 0 0 0 0 0 0 0 0 0 0 0 0 0
172 79 0 52 0 75 164 152 5 0 0 0 0 0 0 79
0 0 84 77 0 0 0 0 0 0 189 0 0 0 0 0
0 0 0 0 105 0 0 105 0 105 0 105 0 0 0 105
0 105 0 0 0 0 0 0 0 105 0 0 0 0 0 0
10 0 50 160 0 0 80 170 0 200 120 0 10 0 130 0
60 30 72 150 0 180 150 180 156 102 186 0 0 54 84 30
21 105 168 126 0 0 147 126 0 189 0 0 168 0 0 189
0 0 0 0 0 0 0 0 0 0 0 0 0 0 0 0
0 105 105 105 189 83 94 0 184 0 105 0 0 116 53 0
60 30 168 150 0 180 150 180 93 0 0 0 0 117 87 30
0 0 0 0 0 0 0 0 0 0 0 0 0 0 0 0
18 30 150 108 102 96 46 138 198 192 108 0 168 12 150 180
0 0 0 0 150 120 60 0 0 0 0 0 0 0 0 0
140 140 140 140 105 105 70 70 140 0 0 0 0 105 0 0
90 150 0 120 35 60 120 155 120 55 0 0 0 0 20 0
180 120 30 120 150 0 60 120 120 0 150 0 30 120 30 90
140 140 0 140 0 0 70 70 70 0 0 0 0 0 0 140
0 0 30 165 0 0 0 0 0 0 165 0 0 0 0 0
120 60 0 90 35 150 90 75 90 85 20 25 0 0 50 85
0 105 98 0 0 0 0 0 154 1 154 0 0 56 36 140
170 0 10 200 0 0 100 160 0 40 150 0 170 0 110 0
0 0 0 0 0 0 0 0 0 0 0 0 0 0 0 0
0 0 0 0 0 0 0 0 0 0 0 0 0 0 0 0
0 0 0 0 0 0 180 0 150 0 0 0 0 90 0 90
0 105 105 105 105 125 10 0 100 0 105 0 0 200 95 0
0 0 168 0 0 0 0 0 168 0 0 0 0 42 42 0
140 140 140 140 42 126 28 70 168 42 126 0 0 42 0 0
54 90 30 114 96 78 68 204 174 156 114 0 84 36 30 120
0 0 0 0 70 70 140 0 70 0 0 0 0 140 0 0
0 0 0 0 0 0 0 0 0 0 0 0 0 0 0 0
96 132 0 156 175 120 72 37 198 47 0 0 0 0 40 0
126 0 147 21 105 0 63 21 63 189 42 0 189 21 126 0
186 177 0 66 0 75 192 96 75 0 0 0 0 0 0 177
0 0 204 72 0 0 0 0 0 0 114 0 0 0 0 0
90 150 0 120 140 60 120 30 120 160 50 10 0 0 20 160
0 0 70 0 0 0 0 0 140 50 140 0 0 70 120 70
20 0 100 110 0 0 160 130 0 190 30 0 20 0 50 0
180 90 132 30 0 120 30 120 111 12 201 0 0 99 189 90
180 0 60 150 0 0 180 120 0 30 60 0 180 0 30 170
0 0 0 0 0 0 190 0 205 0 0 0 0 95 0 130
0 105 105 105 189 93 204 0 24 0 105 0 0 6 153 0
120 60 168 90 0 150 90 150 53 0 0 0 0 157 167 130
0 0 0 0 42 126 168 0 168 42 126 0 0 42 0 0
72 120 180 12 198 174 184 132 162 138 12 0 42 48 180 90
0 0 0 0 153 135 120 0 63 0 0 0 0 147 0 0
0 0 0 0 0 0 0 0 0 0 0 0 0 0 0 0
30 120 0 180 105 90 180 75 180 135 0 0 0 0 30 0
82 190 9 127 45 0 11 197 71 203 164 0 23 57 142 90
70 70 0 70 0 0 140 140 140 0 0 0 0 0 0 70
0 0 186 148 0 0 0 0 0 0 36 0 0 0 0 0
60 30 0 150 35 180 150 195 150 25 80 205 0 0 200 25
0 0 154 0 0 0 0 0 182 98 182 0 0 28 168 70
167 105 16 152 0 0 139 172 0 43 30 0 146 0 50 0
0 0 70 0 0 0 0 0 140 0 140 0 0 70 140 70
9 105 192 144 0 0 93 174 0 201 150 0 72 0 180 61
0 0 0 0 0 0 180 0 150 0 0 0 0 90 0 90
0 0 0 0 0 0 0 0 0 0 0 0 0 0 0 0
180 90 126 30 0 120 30 120 111 0 0 0 0 99 9 90
140 140 140 140 0 0 70 70 0 0 0 0 0 0 0 0
138 90 30 198 12 36 26 78 48 72 198 0 168 162 30 120
0 0 0 0 161 35 70 0 161 0 0 0 0 49 0 0
90 150 120 120 180 120 150 60 168 78 204 0 0 66 126 60
126 42 0 126 105 0 42 147 168 147 0 0 0 0 0 0
142 160 159 97 165 0 101 167 41 203 74 0 173 27 82 120
140 140 0 140 0 0 70 70 70 0 0 0 0 0 0 140
0 0 120 135 0 0 0 0 0 0 135 0 0 0 0 0
90 150 0 120 105 60 120 93 120 195 162 3 0 0 90 195
0 0 196 0 0 0 0 0 98 182 98 0 0 112 42 70
0 0 0 0 0 0 0 0 0 0 0 0 0 0 0 0
60 30 128 150 0 180 150 180 184 18 4 0 0 26 196 170
105 105 0 0 0 0 105 0 0 105 0 0 0 0 0 175
0 0 0 0 0 0 0 0 0 0 0 0 0 0 0 0
0 0 0 0 42 54 132 0 102 0 0 0 0 78 204 0
120 60 0 90 0 150 90 150 95 0 0 0 0 115 125 130
200 170 80 185 18 159 52 40 177 108 129 0 0 33 45 180
48 150 120 78 132 186 146 18 108 162 78 0 168 102 120 60
0 0 0 0 90 30 120 0 0 0 0 0 0 0 0 0
70 70 70 70 105 105 140 140 112 42 126 0 0 189 84 0
168 126 0 168 105 0 126 21 84 21 0 0 0 0 0 0
70 70 0 70 0 0 140 140 140 140 140 0 140 0 70 0
186 177 0 66 0 75 192 96 75 0 0 0 0 0 0 177
0 0 150 90 0 0 0 0 0 0 90 0 0 0 0 0
120 60 0 90 175 150 90 117 90 155 118 137 0 0 190 155
0 0 154 0 0 0 0 0 182 98 182 0 0 28 168 70
98 0 154 98 0 0 196 28 0 112 0 0 14 0 140 0
60 30 184 150 0 180 150 180 107 144 137 0 0 103 203 100
105 105 0 0 0 0 105 0 0 105 0 0 0 0 0 105
0 0 0 0 0 0 120 0 135 0 0 0 0 165 0 60
0 105 105 105 105 105 0 0 0 0 105 0 0 0 105 0
0 0 84 0 0 0 0 0 189 0 0 0 0 21 21 0
0 0 0 0 42 126 168 0 168 42 126 0 0 42 0 0
0 0 0 0 0 0 0 0 0 0 0 0 0 0 0 0
0 0 0 0 51 45 180 0 21 0 0 0 0 189 0 0
70 70 70 70 0 0 140 140 70 0 0 0 0 0 0 0
168 126 0 168 70 0 126 196 84 56 0 0 0 0 70 0
0 0 0 0 0 0 0 0 0 0 0 0 0 0 0 0
188 101 0 8 0 165 106 88 25 0 0 0 0 0 0 101
0 0 0 105 0 0 0 0 0 0 105 0 0 0 0 0
90 150 0 120 105 60 120 135 120 195 120 45 0 0 90 195
0 105 0 0 0 0 0 0 0 15 0 0 0 0 120 0
45 105 120 90 0 0 45 30 0 165 120 0 150 0 60 0
90 150 10 120 0 60 120 60 80 90 20 0 0 130 140 10
105 105 0 0 0 0 105 0 0 105 0 0 0 0 0 105
0 0 0 0 0 0 80 0 125 0 0 0 0 145 0 110
0 105 105 105 21 177 36 0 66 0 105 0 0 174 27 0
0 0 42 0 0 0 0 0 7 0 0 0 0 203 133 140
70 70 70 175 84 147 56 140 21 84 147 0 0 189 105 0
72 120 180 12 198 174 184 132 162 138 12 0 42 48 180 90
0 0 0 0 36 180 90 0 126 0 0 0 0 84 0 0
140 140 140 140 105 105 70 70 182 42 126 0 0 189 84 0
42 84 0 42 175 0 84 49 126 119 0 0 0 0 70 0
118 130 36 88 180 0 44 158 74 182 26 0 92 18 148 150
100 85 0 40 0 195 110 20 125 0 0 0 0 0 0 85
0 0 168 84 0 0 0 0 0 0 168 0 0 0 0 0
0 0 0 0 0 0 0 0 0 0 0 0 0 0 0 0
0 105 70 0 0 0 0 0 140 125 140 0 0 70 90 70
112 0 56 112 0 0 14 182 0 98 0 0 196 0 70 0
150 180 96 60 0 30 60 30 33 66 3 0 0 177 147 180
57 105 96 72 0 0 99 192 0 153 180 0 36 0 90 83
0 0 0 0 0 0 180 0 45 0 0 0 0 195 0 90
0 0 0 0 0 170 190 0 10 0 0 0 0 20 20 0
0 0 42 0 0 0 0 0 147 0 0 0 0 63 63 0
200 170 80 80 102 96 178 40 198 192 66 0 0 12 150 180
18 30 150 108 102 96 46 138 198 192 108 0 168 12 150 180
0 0 0 0 198 150 180 0 168 0 0 0 0 42 0 0
180 90 30 30 45 135 90 120 0 30 30 0 0 195 0 120
72 204 0 12 140 90 54 194 96 184 0 0 0 0 170 0
14 140 63 119 105 0 7 49 7 91 28 0 91 189 14 0
42 84 0 42 0 0 84 42 0 0 0 0 0 0 0 84
0 0 174 187 0 0 0 0 0 0 159 0 0 0 0 0
90 150 0 120 140 60 120 30 120 160 50 10 0 0 20 160
0 0 0 0 0 0 0 0 0 0 0 0 0 0 0 0
15 105 180 30 0 0 15 150 0 195 180 0 120 0 90 0
120 60 130 90 0 150 90 150 200 120 50 0 0 10 140 130
189 105 42 84 0 0 63 84 0 21 0 0 42 0 0 21
0 0 0 0 0 0 30 0 165 0 0 0 0 15 0 120
0 105 105 105 105 105 0 0 0 0 105 0 0 0 105 0
0 0 0 0 0 0 0 0 0 0 0 0 0 0 0 0
10 40 130 25 150 135 200 170 75 60 165 0 0 135 165 30
48 150 120 78 132 186 146 18 108 162 78 0 168 102 120 60
0 0 0 0 1 145 20 0 91 0 0 0 0 119 0 0
0 0 0 0 0 0 0 0 0 0 0 0 0 0 0 0
0 0 0 0 175 0 0 175 0 35 0 0 0 0 70 0
0 0 0 0 0 0 0 0 0 0 0 0 0 0 0 0
6 87 0 36 0 165 162 186 165 0 0 0 0 0 0 87
0 0 60 50 0 0 0 0 0 0 120 0 0 0 0 0
0 0 0 0 0 0 0 0 0 0 0 0 0 0 0 0
0 0 0 0 0 0 0 0 0 60 0 0 0 0 60 0
35 105 70 140 0 0 175 70 0 175 0 0 140 0 140 0
120 60 172 90 0 150 90 150 116 162 176 0 0 94 14 130
60 0 90 120 0 0 60 180 0 150 90 0 60 0 150 150
84 0 0 84 0 0 124 84 157 0 126 0 84 83 0 160
0 0 0 0 84 98 154 0 154 0 0 0 0 56 98 0
0 0 0 0 0 0 0 0 105 0 0 0 0 105 105 0
140 140 140 140 168 84 112 70 42 168 84 0 0 168 0 0
96 90 30 156 54 162 152 36 6 114 156 0 126 204 30 120
0 0 0 0 0 0 0 0 0 0 0 0 0 0 0 0
180 90 30 30 150 30 90 120 0 30 30 0 0 90 0 120
0 0 0 0 175 0 0 175 0 35 0 0 0 0 70 0
90 60 120 60 180 0 30 60 60 0 180 0 120 60 120 150
0 0 0 0 0 0 0 0 0 0 0 0 0 0 0 0
0 0 0 70 0 0 0 0 0 0 0 0 0 0 0 0
30 120 0 180 175 90 180 171 180 65 124 71 0 0 100 65
0 0 56 0 0 0 0 0 28 52 28 0 0 182 192 140
182 0 196 182 0 0 154 112 0 28 0 0 56 0 140 0
0 0 112 0 0 0 0 0 56 42 56 0 0 154 14 70
189 105 42 84 0 0 63 84 0 21 0 0 42 0 0 161
126 0 0 126 0 0 56 126 98 0 84 0 126 112 0 140
0 0 0 0 0 0 0 0 0 0 0 0 0 0 0 0
0 0 168 0 0 0 0 0 63 0 0 0 0 147 147 0
0 0 0 0 84 42 126 0 126 84 42 0 0 84 0 0
204 60 90 174 36 108 148 24 144 6 174 0 84 66 90 150
0 0 0 0 132 30 120 0 42 0 0 0 0 168 0 0
20 80 50 50 75 15 10 130 182 162 36 0 0 129 84 60
168 126 0 168 175 0 126 91 84 161 0 0 0 0 70 0
90 60 15 165 75 0 135 165 165 105 180 0 15 165 120 150
40 160 0 100 0 120 170 50 50 0 0 0 0 0 0 160
0 0 204 2 0 0 0 0 0 0 114 0 0 0 0 0
0 0 0 0 175 0 0 147 0 35 28 77 0 0 70 35
0 105 42 0 0 0 0 0 126 39 126 0 0 84 144 0
170 0 10 200 0 0 100 160 0 40 150 0 170 0 110 0
0 0 42 0 0 0 0 0 126 42 126 0 0 84 84 0
0 0 0 0 0 0 0 0 0 0 0 0 0 0 0 140
0 0 0 0 0 0 0 0 0 0 0 0 0 0 0 0
0 105 105 105 189 83 94 0 184 0 105 0 0 116 53 0
90 150 84 120 0 60 120 60 129 0 0 0 0 81 141 150
80 110 200 95 192 51 88 100 33 102 81 0 0 177 165 30
24 180 60 144 66 198 38 114 54 186 144 0 84 156 60 30
0 0 0 0 36 180 90 0 126 0 0 0 0 84 0 0
200 170 80 80 15 45 100 40 140 150 150 0 0 135 0 180
0 0 0 0 70 0 0 70 0 140 0 0 0 0 70 0
160 130 120 130 180 0 170 200 200 140 110 0 50 60 190 150
204 123 0 174 0 45 48 24 45 0 0 0 0 0 0 123
0 0 0 70 0 0 0 0 0 0 0 0 0 0 0 0
0 0 0 0 0 0 0 0 0 0 0 0 0 0 0 0
0 105 98 0 0 0 0 0 154 1 154 0 0 56 36 140
35 105 70 140 0 0 175 70 0 175 0 0 140 0 140 0
150 180 166 60 0 30 60 30 68 66 38 0 0 142 182 40
147 105 126 42 0 0 189 42 0 63 0 0 126 0 0 63
168 0 0 168 0 0 18 168 99 0 42 0 168 51 0 30
0 105 105 105 147 189 42 0 42 0 105 0 0 168 189 0
120 60 126 90 0 150 90 150 151 0 0 0 0 59 139 200
140 140 140 140 126 168 154 70 84 126 168 0 0 126 0 0
6 150 120 36 174 102 62 186 66 204 36 0 126 144 120 60
0 0 0 0 105 105 0 0 105 0 0 0 0 105 0 0
30 120 180 180 60 180 120 90 42 12 96 0 0 204 84 90
0 0 0 0 0 0 0 0 0 0 0 0 0 0 0 0
60 180 150 180 120 0 90 180 180 0 120 0 150 180 150 30
190 25 0 160 0 45 20 80 185 0 0 0 0 0 0 25
0 0 108 174 0 0 0 0 0 0 48 0 0 0 0 0
0 0 0 0 105 0 0 189 0 105 126 189 0 0 0 105
0 0 0 0 0 0 0 0 0 0 0 0 0 0 0 0
133 105 14 28 0 0 161 98 0 77 0 0 154 0 70 0
0 0 42 0 0 0 0 0 21 42 21 0 0 189 189 0
90 0 30 180 0 0 90 60 0 120 30 0 90 0 120 190
0 0 0 0 0 0 140 0 140 0 0 0 0 70 0 140
0 105 105 105 105 175 140 0 140 0 105 0 0 70 175 0
120 60 168 90 0 150 90 150 53 0 0 0 0 157 167 130
0 0 0 105 0 105 0 0 105 0 105 0 0 105 105 0
186 30 150 66 144 12 172 96 156 24 66 0 126 54 150 180
0 0 0 0 105 105 0 0 105 0 0 0 0 105 0 0
20 80 50 50 180 120 10 130 182 162 36 0 0 24 84 60
126 42 0 126 0 0 42 42 168 42 0 0 0 0 0 0
198 90 201 153 165 0 129 153 69 147 186 0 117 153 138 120
14 203 0 14 0 105 28 154 175 0 0 0 0 0 0 203
0 0 150 90 0 0 0 0 0 0 90 0 0 0 0 0
60 30 0 150 105 180 150 195 150 165 150 135 0 0 60 165
0 105 126 0 0 0 0 0 168 27 168 0 0 42 132 0
167 105 16 152 0 0 139 172 0 43 30 0 146 0 50 0
0 0 0 0 0 0 0 0 0 0 0 0 0 0 0 0
144 0 132 204 0 0 18 54 0 66 90 0 102 0 150 206
0 0 0 0 0 0 0 0 105 0 0 0 0 105 0 0
0 105 105 105 63 11 58 0 118 0 105 0 0 152 131 0
0 0 0 0 0 0 0 0 105 0 0 0 0 105 105 0
140 140 140 35 84 147 196 70 21 84 147 0 0 189 105 0
186 30 150 66 144 12 172 96 156 24 66 0 126 54 150 180
0 0 0 0 45 15 60 0 105 0 0 0 0 105 0 0
70 70 70 70 0 0 140 140 112 42 126 0 0 84 84 0
168 126 0 168 105 0 126 21 84 21 0 0 0 0 0 0
142 160 159 97 165 0 101 167 41 203 74 0 173 27 82 120
120 60 0 90 0 150 90 150 150 0 0 0 0 0 0 60
0 0 198 39 0 0 0 0 0 0 123 0 0 0 0 0
90 150 0 120 105 60 120 135 120 195 120 45 0 0 90 195
0 105 0 0 0 0 0 0 0 45 0 0 0 0 150 0
125 105 100 110 0 0 55 130 0 85 30 0 20 0 50 0
0 0 0 0 0 0 0 0 0 0 0 0 0 0 0 0
15 105 180 30 0 0 15 150 0 195 180 0 120 0 90 55
84 0 0 84 0 0 54 84 192 0 126 0 84 48 0 90
0 105 105 105 105 205 50 0 80 0 105 0 0 160 55 0
0 0 126 0 0 0 0 0 21 0 0 0 0 189 189 0
200 170 80 185 18 159 52 40 177 108 129 0 0 33 45 180
138 90 30 198 12 36 166 78 48 72 198 0 168 162 30 120
0 0 0 0 0 0 0 0 0 0 0 0 0 0 0 0
140 140 140 140 105 105 70 70 140 0 0 0 0 105 0 0
84 168 0 84 0 0 168 168 42 168 0 0 0 0 0 0
150 30 60 30 90 0 120 30 30 0 90 0 60 30 60 180
98 161 0 98 0 105 196 28 175 0 0 0 0 0 0 161
0 0 0 105 0 0 0 0 0 0 105 0 0 0 0 0
0 0 0 0 175 0 0 63 0 35 112 203 0 0 70 35
0 105 168 0 0 0 0 0 84 111 84 0 0 126 6 0
0 0 0 0 0 0 0 0 0 0 0 0 0 0 0 0
60 30 184 150 0 180 150 180 107 144 137 0 0 103 203 100
168 0 84 168 0 0 126 168 0 42 0 0 84 0 0 112
42 0 0 42 0 0 42 42 126 0 168 0 42 84 0 0
0 105 105 105 105 95 100 0 160 0 105 0 0 110 5 0
0 0 126 0 0 0 0 0 21 0 0 0 0 189 189 0
70 70 70 175 168 189 182 140 147 168 189 0 0 63 105 0
156 120 180 96 114 132 2 6 36 54 96 0 126 174 180 90
0 0 0 0 56 140 70 0 56 0 0 0 0 154 0 0
100 190 40 40 165 75 50 20 112 12 96 0 0 99 84 90
126 42 0 126 175 0 42 7 168 77 0 0 0 0 70 0
30 90 75 195 165 0 45 195 195 105 60 0 75 195 180 120
188 101 0 8 0 165 106 88 25 0 0 0 0 0 0 101
0 0 60 120 0 0 0 0 0 0 120 0 0 0 0 0
0 0 0 0 175 0 0 63 0 35 112 203 0 0 70 35
0 0 0 0 0 0 0 0 0 0 0 0 0 0 0 0
184 0 122 4 0 0 128 104 0 26 150 0 142 0 40 0
0 0 140 0 0 0 0 0 70 0 70 0 0 140 70 140
195 105 30 180 0 0 195 60 0 15 30 0 90 0 120 85
0 0 0 0 0 0 0 0 105 0 0 0 0 105 0 0
0 0 0 0 0 70 140 0 140 0 0 0 0 70 70 0
0 0 0 0 0 0 0 0 35 0 0 0 0 175 35 70
0 0 0 105 168 189 42 0 147 168 189 0 0 63 105 0
66 180 60 186 24 72 52 156 96 144 186 0 126 114 60 30
0 0 0 0 150 120 60 0 0 0 0 0 0 0 0 0
140 140 140 140 105 105 70 70 56 126 168 0 0 147 42 0
60 30 0 150 105 180 150 45 150 165 0 0 0 0 60 0
0 0 105 105 105 0 105 105 105 105 0 0 105 105 0 0
80 5 0 200 0 135 130 100 205 0 0 0 0 0 0 5
0 0 42 126 0 0 0 0 0 0 42 0 0 0 0 0
0 0 0 0 105 0 0 105 0 105 0 105 0 0 0 105
0 105 0 0 0 0 0 0 0 105 0 0 0 0 0 0
196 0 98 196 0 0 182 56 0 14 0 0 28 0 70 0
60 30 114 150 0 180 150 180 72 144 102 0 0 138 168 30
57 105 96 72 0 0 99 192 0 153 180 0 36 0 90 83
0 0 0 0 0 0 50 0 65 0 0 0 0 25 0 200
0 105 105 105 147 189 42 0 42 0 105 0 0 168 189 0
0 0 0 0 0 0 0 0 70 0 0 0 0 140 70 140
0 0 0 0 0 0 0 0 0 0 0 0 0 0 0 0
66 180 60 186 24 72 52 156 96 144 186 0 126 114 60 30
0 0 0 0 180 60 30 0 0 0 0 0 0 0 0 0
90 150 120 120 75 15 150 60 0 120 120 0 0 45 0 60
126 42 0 126 35 0 42 77 168 7 0 0 0 0 140 0
140 140 105 35 105 0 175 175 175 175 70 0 175 105 140 0
14 203 0 14 0 105 28 154 175 0 0 0 0 0 0 203
0 0 174 187 0 0 0 0 0 0 159 0 0 0 0 0
30 120 0 180 105 90 180 45 180 135 180 15 0 0 30 135
0 105 42 0 0 0 0 0 126 99 126 0 0 84 204 0
205 105 80 130 0 0 65 20 0 5 150 0 100 0 40 0
150 180 54 60 0 30 60 30 117 24 87 0 0 93 63 180
165 105 90 120 0 0 165 180 0 45 90 0 60 0 150 115
168 0 0 168 0 0 168 168 189 0 42 0 168 21 0 0
0 0 0 0 0 40 20 0 200 0 0 0 0 190 190 0
150 180 168 60 0 30 60 30 33 0 0 0 0 177 207 180
60 30 150 45 60 75 150 180 135 150 45 0 0 75 45 180
114 120 180 54 156 48 128 174 204 96 54 0 84 6 180 90
0 0 0 0 1 145 20 0 91 0 0 0 0 119 0 0
10 40 130 130 195 165 110 170 70 60 60 0 0 75 0 30
180 90 0 30 35 120 30 65 30 145 0 0 0 0 110 0
0 0 105 105 105 0 105 105 105 105 0 0 105 105 0 0
38 131 0 158 0 135 46 58 205 0 0 0 0 0 0 131
0 0 0 0 0 0 0 0 0 0 0 0 0 0 0 0
0 0 0 0 105 0 0 21 0 105 84 21 0 0 0 105
0 105 70 0 0 0 0 0 140 35 140 0 0 70 0 70
55 105 170 40 0 0 125 200 0 155 30 0 160 0 190 0
0 0 0 0 0 0 0 0 0 0 0 0 0 0 0 0
195 105 30 180 0 0 195 60 0 15 30 0 90 0 120 15
84 0 0 84 0 0 124 84 157 0 126 0 84 83 0 160
0 0 0 0 0 30 120 0 150 0 0 0 0 90 90 0
60 30 168 150 0 180 150 180 128 0 0 0 0 82 122 100
140 140 140 35 84 147 196 70 21 84 147 0 0 189 105 0
174 150 120 204 6 18 188 144 24 36 204 0 84 186 120 60
0 0 0 0 120 180 90 0 0 0 0 0 0 0 0 0
0 0 0 0 0 0 0 0 0 0 0 0 0 0 0 0
174 108 0 204 140 60 78 8 162 118 0 0 0 0 20 0
58 160 96 118 60 0 164 188 104 182 116 0 152 48 208 120
140 140 0 140 0 0 70 70 70 0 0 0 0 0 0 140
0 0 150 195 0 0 0 0 0 0 195 0 0 0 0 0
30 120 0 180 175 90 180 171 180 65 124 71 0 0 100 65
0 105 70 0 0 0 0 0 140 35 140 0 0 70 0 70
2 0 136 32 0 0 184 202 0 208 150 0 86 0 110 0
0 0 0 0 0 0 0 0 105 0 105 0 0 105 105 0
189 105 42 84 0 0 63 84 0 21 0 0 42 0 0 161
168 0 0 168 0 0 98 168 14 0 42 0 168 196 0 140
0 0 0 0 0 0 0 0 0 0 0 0 0 0 0 0
0 0 0 0 0 0 0 0 140 0 0 0 0 70 140 70
130 100 10 10 144 12 206 110 156 24 192 0 0 54 150 180
24 180 60 144 66 198 178 114 54 186 144 0 84 156 60 30
0 0 0 0 9 45 180 0 189 0 0 0 0 21 0 0
20 80 50 50 75 15 10 130 182 162 36 0 0 129 84 60
84 168 0 84 140 0 168 98 42 28 0 0 0 0 140 0
110 50 30 50 150 0 130 190 190 70 10 0 100 120 170 90
0 105 0 0 0 105 0 0 105 0 0 0 0 0 0 105
0 0 186 183 0 0 0 0 0 0 141 0 0 0 0 0
180 90 0 30 140 120 30 144 30 40 86 34 0 0 110 40
0 0 84 0 0 0 0 0 42 168 42 0 0 168 168 0
140 0 70 140 0 0 70 70 0 70 0 0 140 0 140 0
150 180 26 60 0 30 60 30 208 66 178 0 0 2 112 110
168 0 84 168 0 0 126 168 0 42 0 0 84 0 0 182
0 0 0 0 0 0 0 0 105 0 0 0 0 105 0 0
0 105 105 105 189 83 94 0 184 0 105 0 0 116 53 0
0 0 42 0 0 0 0 0 147 0 0 0 0 63 63 0
140 140 140 35 126 63 154 70 189 126 63 0 0 21 105 0
72 120 180 12 198 174 44 132 162 138 12 0 42 48 180 90
0 0 0 0 4 160 80 0 154 0 0 0 0 56 0 0
140 140 140 140 0 0 70 70 140 0 0 0 0 0 0 0
0 0 0 0 140 0 0 140 0 70 0 0 0 0 140 0
0 0 0 0 0 0 0 0 0 0 0 0 0 0 0 0
0 105 0 0 0 105 0 0 105 0 0 0 0 0 0 105
0 0 0 0 0 0 0 0 0 0 0 0 0 0 0 0
180 90 0 30 70 120 30 102 30 110 58 62 0 0 40 110
0 105 98 0 0 0 0 0 154 1 154 0 0 56 36 140
206 0 148 146 0 0 52 16 0 4 120 0 38 0 200 0
60 30 30 150 0 180 150 180 135 60 165 0 0 75 105 30
198 0 24 18 0 0 156 48 0 12 150 0 114 0 180 12
0 0 0 0 0 0 150 0 195 0 0 0 0 75 0 180
0 0 0 0 0 140 70 0 70 0 0 0 0 140 140 0
60 30 84 150 0 180 150 180 114 0 0 0 0 96 66 30
70 70 70 175 168 189 182 140 147 168 189 0 0 63 105 0
24 180 60 144 66 198 38 114 54 186 144 0 84 156 60 30
0 0 0 0 140 140 70 0 140 0 0 0 0 70 0 0
20 80 50 50 180 120 10 130 14 204 162 0 0 108 168 60
96 132 0 156 175 120 72 37 198 47 0 0 0 0 40 0
98 140 126 98 0 0 154 28 154 112 196 0 112 168 98 0
150 180 0 60 0 30 60 30 30 0 0 0 0 0 0 180
0 0 90 75 0 0 0 0 0 0 75 0 0 0 0 0
0 0 0 0 0 0 0 84 0 0 126 84 0 0 0 0
0 105 126 0 0 0 0 0 168 117 168 0 0 42 12 0
95 105 160 50 0 0 25 40 0 115 90 0 200 0 80 0
150 180 40 60 0 30 60 30 110 150 80 0 0 100 140 40
0 0 0 0 0 0 0 0 0 0 0 0 0 0 0 0
0 0 0 0 0 0 0 0 105 0 0 0 0 105 0 0
0 0 0 0 126 92 46 0 166 0 0 0 0 164 122 0
120 60 168 90 0 150 90 150 53 0 0 0 0 157 167 130
0 0 0 0 0 0 0 0 0 0 0 0 0 0 0 0
66 180 60 186 24 72 122 156 96 144 186 0 126 114 60 30
0 0 0 0 84 0 0 0 84 0 0 0 0 126 0 0
0 0 0 0 0 0 0 0 42 42 126 0 0 84 84 0
168 126 0 168 70 0 126 196 84 56 0 0 0 0 70 0
0 0 105 105 105 0 105 105 105 105 0 0 105 105 0 0
10 145 0 130 0 135 200 170 65 0 0 0 0 0 0 145
0 0 174 152 0 0 0 0 0 0 54 0 0 0 0 0
150 180 0 60 0 30 60 36 60 150 144 96 0 0 150 150
0 105 42 0 0 0 0 0 126 189 126 0 0 84 84 0
167 105 16 152 0 0 139 172 0 43 30 0 146 0 50 0
150 180 208 60 0 30 60 30 89 108 59 0 0 121 161 40
30 0 150 60 0 0 30 90 0 180 150 0 30 0 180 180
168 0 0 168 0 0 108 168 174 0 42 0 168 96 0 180
0 0 0 0 126 62 136 0 16 0 0 0 0 74 32 0
0 0 0 0 0 0 0 0 35 0 0 0 0 175 35 70
140 140 140 140 0 0 70 70 0 0 0 0 0 0 0 0
18 30 150 108 102 96 116 138 198 192 108 0 168 12 150 180
0 0 0 0 43 145 20 0 133 0 0 0 0 77 0 0
0 0 0 0 0 0 0 0 0 0 0 0 0 0 0 0
18 156 0 108 175 180 66 31 24 11 0 0 0 0 130 0
142 160 159 97 165 0 101 167 41 203 74 0 173 27 82 120
156 57 0 96 0 195 12 6 195 0 0 0 0 0 0 57
0 0 180 45 0 0 0 0 0 0 45 0 0 0 0 0
150 180 0 60 140 30 60 204 60 10 116 124 0 0 80 10
0 0 0 0 0 0 0 0 0 30 0 0 0 0 30 0
112 0 56 112 0 0 14 182 0 98 0 0 196 0 70 0
0 0 112 0 0 0 0 0 161 42 161 0 0 49 119 70
102 0 6 162 0 0 144 12 0 108 90 0 186 0 150 178
42 0 0 42 0 0 162 42 51 0 168 0 42 39 0 60
0 105 105 105 147 109 2 0 62 0 105 0 0 208 19 0
90 150 0 120 0 60 120 60 150 0 0 0 0 60 120 150
200 170 80 185 18 159 52 40 177 108 129 0 0 33 45 180
18 30 150 108 102 96 46 138 198 192 108 0 168 12 150 180
0 0 0 0 204 180 90 0 84 0 0 0 0 126 0 0
150 180 60 60 90 60 180 30 84 144 102 0 0 138 168 30
0 0 0 0 140 0 0 140 0 70 0 0 0 0 140 0
90 60 15 165 75 0 135 165 165 105 180 0 15 165 120 150
120 60 0 90 0 150 90 150 150 0 0 0 0 0 0 60
0 0 90 180 0 0 0 0 0 0 180 0 0 0 0 0
30 120 0 180 175 90 180 129 180 65 166 29 0 0 100 65
0 0 84 0 0 0 0 0 42 108 42 0 0 168 108 0
0 0 0 0 0 0 0 0 0 0 0 0 0 0 0 0
60 30 184 150 0 180 150 180 107 144 137 0 0 103 203 100
33 105 144 108 0 0 201 78 0 177 60 0 54 0 30 177
168 0 0 168 0 0 158 168 134 0 42 0 168 16 0 170
0 0 0 0 42 4 2 0 62 0 0 0 0 208 124 0
0 0 0 0 0 0 0 0 175 0 0 0 0 35 175 140
30 120 180 75 156 153 54 90 99 96 33 0 0 111 75 90
156 120 180 96 114 132 2 6 36 54 96 0 126 174 180 90
0 0 0 0 75 165 30 0 105 0 0 0 0 105 0 0
130 100 10 10 120 150 170 110 70 150 150 0 0 30 0 180
0 0 0 0 70 0 0 70 0 140 0 0 0 0 70 0
70 70 105 175 105 0 35 35 35 35 140 0 35 105 70 0
188 101 0 8 0 165 106 88 25 0 0 0 0 0 0 101
0 0 120 170 0 0 0 0 0 0 30 0 0 0 0 0
90 150 0 120 35 60 120 51 120 55 134 31 0 0 20 55
0 0 126 0 0 0 0 0 168 192 168 0 0 42 192 0
175 105 140 70 0 0 35 140 0 35 0 0 70 0 70 0
0 0 168 0 0 0 0 0 189 168 189 0 0 21 21 0
177 105 66 102 0 0 9 132 0 33 150 0 156 0 180 173
0 0 0 0 0 0 70 0 175 0 0 0 0 35 0 70
0 105 105 105 105 35 70 0 70 0 105 0 0 140 35 0
180 90 84 30 0 120 30 120 104 0 0 0 0 106 86 160
0 0 0 105 84 147 126 0 21 84 147 0 0 189 105 0
0 0 0 0 0 0 0 0 0 0 0 0 0 0 0 0
0 0 0 0 63 105 0 0 63 0 0 0 0 147 0 0
40 160 100 100 150 30 20 50 28 198 114 0 0 6 126 120
168 126 0 168 105 0 126 21 84 21 0 0 0 0 0 0
0 0 105 105 105 0 105 105 105 105 0 0 105 105 0 0
140 140 0 140 0 0 70 70 70 0 0 0 0 0 0 140
0 0 90 180 0 0 0 0 0 0 180 0 0 0 0 0
150 180 0 60 0 30 60 120 60 150 60 180 0 0 150 150
0 0 0 0 0 0 0 0 0 0 0 0 0 0 0 0
165 105 90 120 0 0 165 180 0 45 90 0 60 0 150 0
0 0 14 0 0 0 0 0 7 84 7 0 0 203 133 140
57 105 96 72 0 0 99 192 0 153 180 0 36 0 90 83
168 0 0 168 0 0 98 168 119 0 42 0 168 91 0 140
0 105 105 105 105 25 170 0 20 0 105 0 0 40 145 0
0 0 84 0 0 0 0 0 189 0 0 0 0 21 21 0
140 140 140 35 84 147 196 70 21 84 147 0 0 189 105 0
12 90 30 72 138 204 124 162 132 198 72 0 42 78 30 120
0 0 0 0 51 45 180 0 21 0 0 0 0 189 0 0
10 40 130 130 195 165 110 170 70 60 60 0 0 75 0 30
42 84 0 42 175 0 84 49 126 119 0 0 0 0 70 0
180 120 135 15 45 0 165 15 15 105 150 0 135 15 30 90
84 63 0 84 0 105 168 84 105 0 0 0 0 0 0 63
0 0 174 187 0 0 0 0 0 0 159 0 0 0 0 0
0 0 0 0 0 0 0 0 0 0 0 0 0 0 0 0
0 0 0 0 0 0 0 0 0 60 0 0 0 0 60 0
0 0 0 0 0 0 0 0 0 0 0 0 0 0 0 0
0 0 0 0 0 0 0 0 105 0 105 0 0 105 105 0
168 0 84 168 0 0 126 168 0 42 0 0 84 0 0 42
168 0 0 168 0 0 148 168 79 0 42 0 168 11 0 130
0 105 105 105 189 133 14 0 14 0 105 0 0 196 133 0
180 90 84 30 0 120 30 120 139 0 0 0 0 71 121 20
70 70 70 175 0 105 140 140 105 0 105 0 0 105 105 0
54 90 30 114 96 78 68 204 174 156 114 0 84 36 30 120
0 0 0 0 1 145 20 0 91 0 0 0 0 119 0 0
0 0 0 0 105 105 0 0 126 126 168 0 0 147 42 0
60 30 0 150 35 180 150 185 150 25 0 0 0 0 200 0
14 140 168 14 0 0 112 154 112 196 28 0 196 84 14 0
0 0 0 0 0 0 0 0 0 0 0 0 0 0 0 0
0 0 162 86 0 0 0 0 0 0 72 0 0 0 0 0
0 0 0 0 35 0 0 147 0 175 98 7 0 0 140 175
0 0 0 0 0 0 0 0 0 0 0 0 0 0 0 0
0 0 0 0 0 0 0 0 0 0 0 0 0 0 0 0
0 0 112 0 0 0 0 0 161 42 161 0 0 49 119 70
192 0 36 132 0 0 24 72 0 18 120 0 66 0 60 88
84 0 0 84 0 0 124 84 157 0 126 0 84 83 0 160
0 0 0 0 84 98 154 0 154 0 0 0 0 56 98 0
0 0 0 0 0 0 0 0 0 0 0 0 0 0 0 0
140 140 140 35 84 147 196 70 21 84 147 0 0 189 105 0
66 180 60 186 24 72 122 156 96 144 186 0 126 114 60 30
0 0 0 0 40 130 170 0 70 0 0 0 0 140 0 0
150 180 60 60 195 165 180 30 84 144 102 0 0 33 168 30
0 0 0 0 70 0 0 70 0 140 0 0 0 0 70 0
0 0 105 105 105 0 105 105 105 105 0 0 105 105 0 0
14 98 0 14 0 0 28 154 70 0 0 0 0 0 0 98
0 0 36 163 0 0 0 0 0 0 51 0 0 0 0 0
30 120 0 180 175 90 180 171 180 65 124 71 0 0 100 65
0 105 140 0 0 0 0 0 70 85 70 0 0 140 120 140
84 0 42 84 0 0 168 84 0 126 0 0 42 0 0 0
0 0 42 0 0 0 0 0 21 42 21 0 0 189 189 0
9 105 192 144 0 0 93 174 0 201 150 0 72 0 180 201
126 0 0 126 0 0 56 126 98 0 84 0 126 112 0 140
0 0 0 0 0 140 70 0 70 0 0 0 0 140 140 0
120 60 0 90 0 150 90 150 200 0 0 0 0 10 20 130
30 120 180 75 198 69 12 90 57 138 159 0 0 153 75 90
192 180 60 102 108 114 164 72 12 18 102 0 42 198 60 30
0 0 0 0 7 175 140 0 7 0 0 0 0 203 0 0
20 80 50 50 75 15 10 130 182 162 36 0 0 129 84 60
168 126 0 168 35 0 126 161 84 91 0 0 0 0 140 0
48 60 36 18 180 0 114 18 144 42 96 0 162 18 78 150
0 0 0 0 0 0 0 0 0 0 0 0 0 0 0 0
0 0 186 78 0 0 0 0 0 0 36 0 0 0 0 0
0 0 0 0 105 0 0 105 0 105 0 105 0 0 0 105
0 0 42 0 0 0 0 0 126 24 126 0 0 84 24 0
70 0 140 70 0 0 140 140 0 140 0 0 70 0 70 0
180 90 90 30 0 120 30 120 90 180 180 0 0 120 0 90
0 0 0 0 0 0 0 0 0 0 0 0 0 0 0 70
0 0 0 0 0 0 150 0 195 0 0 0 0 75 0 180
0 105 105 105 189 83 94 0 184 0 105 0 0 116 53 0
120 60 0 90 0 150 90 150 130 0 0 0 0 80 160 200
0 0 0 105 126 63 84 0 189 126 63 0 0 21 105 0
12 90 30 72 138 204 124 162 132 198 72 0 42 78 30 120
0 0 0 0 49 175 140 0 49 0 0 0 0 161 0 0
110 20 170 170 45 135 160 190 56 156 198 0 0 27 42 120
0 0 0 0 175 0 0 175 0 35 0 0 0 0 70 0
138 120 156 78 150 0 144 78 204 42 66 0 72 78 198 90
186 177 0 66 0 75 192 96 75 0 0 0 0 0 0 177
0 0 42 126 0 0 0 0 0 0 42 0 0 0 0 0
0 0 0 0 0 0 0 84 0 0 126 84 0 0 0 0
0 105 98 0 0 0 0 0 154 1 154 0 0 56 36 140
130 0 20 190 0 0 200 110 0 80 90 0 130 0 10 0
0 0 84 0 0 0 0 0 147 84 147 0 0 63 63 0
105 105 0 0 0 0 105 0 0 105 0 0 0 0 0 35
0 0 0 0 0 0 0 0 0 0 0 0 0 0 0 0
0 105 105 105 105 75 90 0 60 0 105 0 0 120 15 0
120 60 168 90 0 150 90 150 53 0 0 0 0 157 167 130
110 20 170 170 54 162 16 190 6 114 72 0 0 204 30 120
48 150 120 78 132 186 146 18 108 162 78 0 168 102 120 60
0 0 0 0 75 165 30 0 105 0 0 0 0 105 0 0
70 70 70 70 0 0 140 140 28 168 84 0 0 126 126 0
96 132 0 156 175 120 72 37 198 47 0 0 0 0 40 0
0 0 0 0 0 0 0 0 0 0 0 0 0 0 0 0
70 70 0 70 0 0 140 140 140 0 0 0 0 0 0 70
0 0 54 52 0 0 0 0 0 0 24 0 0 0 0 0
0 0 0 0 140 0 0 42 0 70 98 112 0 0 140 70
0 0 0 0 0 0 0 0 0 0 0 0 0 0 0 0
64 0 152 184 0 0 8 164 0 146 180 0 22 0 160 0
0 0 56 0 0 0 0 0 133 126 133 0 0 77 7 140
189 105 42 84 0 0 63 84 0 21 0 0 42 0 0 21
168 0 0 168 0 0 98 168 119 0 42 0 168 91 0 140
0 105 105 105 21 147 126 0 126 0 105 0 0 84 147 0
120 60 168 90 0 150 90 150 53 0 0 0 0 157 167 130
140 140 140 35 0 105 70 70 105 0 105 0 0 105 105 0
192 180 60 102 108 114 164 72 12 18 102 0 42 198 60 30
0 0 0 0 126 0 0 0 126 0 0 0 0 84 0 0
30 120 180 180 60 180 120 90 168 138 54 0 0 36 126 90
0 0 0 0 0 0 0 0 0 0 0 0 0 0 0 0
154 70 63 49 105 0 77 119 77 161 98 0 161 189 154 0
192 54 0 102 0 30 144 72 30 0 0 0 0 0 0 54
0 0 0 0 0 0 0 0 0 0 0 0 0 0 0 0
180 90 0 30 175 120 30 165 30 5 100 125 0 0 40 5
0 105 0 0 0 0 0 0 0 105 0 0 0 0 0 0
167 105 16 152 0 0 139 172 0 43 30 0 146 0 50 0
30 120 148 180 0 90 180 90 134 198 44 0 0 76 56 190
0 0 0 0 0 0 0 0 0 0 0 0 0 0 0 0
84 0 0 84 0 0 204 84 72 0 126 0 84 18 0 60
0 0 0 0 126 182 196 0 196 0 0 0 0 14 182 0
0 0 84 0 0 0 0 0 154 0 0 0 0 56 196 140
110 20 170 170 180 120 100 190 90 30 30 0 0 120 30 120
66 180 60 186 24 72 122 156 96 144 186 0 126 114 60 30
0 0 0 0 21 105 0 0 21 0 0 0 0 189 0 0
140 140 140 140 105 105 70 70 140 0 0 0 0 105 0 0
114 78 0 54 140 90 138 68 12 58 0 0 0 0 170 0
142 160 159 97 165 0 101 167 41 203 74 0 173 27 82 120
54 48 0 114 0 120 198 204 120 0 0 0 0 0 0 48
0 0 30 95 0 0 0 0 0 0 165 0 0 0 0 0
0 0 0 0 105 0 0 105 0 105 0 105 0 0 0 105
0 0 0 0 0 0 0 0 0 60 0 0 0 0 60 0
195 105 30 180 0 0 195 60 0 15 30 0 90 0 120 0
0 0 0 0 0 0 0 0 0 0 0 0 0 0 0 0
120 0 180 30 0 0 120 150 0 90 180 0 120 0 90 90
126 0 0 126 0 0 136 126 13 0 84 0 126 47 0 40
0 105 105 105 63 201 48 0 18 0 105 0 0 162 141 0
0 0 0 0 0 0 0 0 35 0 0 0 0 175 35 70
200 170 80 185 18 159 52 40 177 108 129 0 0 33 45 180
186 30 150 66 144 12 172 96 156 24 66 0 126 54 150 180
0 0 0 0 185 155 130 0 35 0 0 0 0 175 0 0
30 120 180 180 60 180 120 90 84 54 12 0 0 78 168 90
72 204 0 12 35 90 54 89 96 79 0 0 0 0 170 0
150 30 60 30 90 0 120 30 30 0 90 0 60 30 60 180
182 14 0 182 0 0 154 112 70 0 0 0 0 0 0 14
0 0 6 103 0 0 0 0 0 0 201 0 0 0 0 0
120 60 0 90 175 150 90 75 90 155 160 95 0 0 190 155
0 0 0 0 0 0 0 0 0 60 0 0 0 0 60 0
140 0 70 140 0 0 70 70 0 70 0 0 140 0 140 0
60 30 184 150 0 180 150 180 107 144 137 0 0 103 203 100
147 105 126 42 0 0 189 42 0 63 0 0 126 0 0 203
42 0 0 42 0 0 112 42 91 0 168 0 42 119 0 70
0 105 105 105 189 63 84 0 84 0 105 0 0 126 63 0
0 0 126 0 0 0 0 0 56 0 0 0 0 154 14 70
0 0 0 0 0 0 0 0 0 0 0 0 0 0 0 0
48 150 120 78 132 186 146 18 108 162 78 0 168 102 120 60
0 0 0 0 0 0 0 0 0 0 0 0 0 0 0 0
10 40 130 130 195 165 110 170 70 60 60 0 0 75 0 30
180 90 0 30 175 120 30 205 30 5 0 0 0 0 40 0
112 70 189 7 105 0 161 77 161 203 14 0 203 147 112 0
188 101 0 8 0 165 106 88 25 0 0 0 0 0 0 101
0 0 12 101 0 0 0 0 0 0 87 0 0 0 0 0
90 150 0 120 105 60 120 9 120 195 36 129 0 0 90 195
0 0 70 0 0 0 0 0 140 140 140 0 0 70 0 70
154 0 182 154 0 0 98 14 0 56 0 0 112 0 70 0
0 0 140 0 0 0 0 0 175 0 175 0 0 35 175 140
105 105 0 0 0 0 105 0 0 105 0 0 0 0 0 105
0 0 0 0 0 0 70 0 70 0 0 0 0 140 0 70
0 105 105 105 189 123 114 0 174 0 105 0 0 96 33 0
60 30 0 150 0 180 150 180 30 0 0 0 0 180 150 30
70 70 70 70 84 42 56 140 126 84 42 0 0 84 0 0
72 120 180 12 198 174 44 132 162 138 12 0 42 48 180 90
0 0 0 0 63 105 0 0 63 0 0 0 0 147 0 0
0 0 0 0 105 105 0 0 168 168 84 0 0 21 126 0
180 90 0 30 70 120 30 100 30 110 0 0 0 0 40 0
84 0 63 189 105 0 147 189 147 21 168 0 21 189 84 0
70 70 0 70 0 0 140 140 140 0 0 0 0 0 0 70
0 0 204 2 0 0 0 0 0 0 114 0 0 0 0 0
0 0 0 0 105 0 0 189 0 105 126 189 0 0 0 105
0 0 0 0 0 0 0 0 0 0 0 0 0 0 0 0
112 0 56 112 0 0 14 182 0 98 0 0 196 0 70 0
30 120 50 180 0 90 180 90 190 30 100 0 0 20 70 50
57 105 96 72 0 0 99 192 0 153 180 0 36 0 90 83
0 0 0 0 0 0 140 0 140 0 0 0 0 70 0 140
0 0 0 0 0 60 30 0 90 0 0 0 0 180 180 0
0 0 126 0 0 0 0 0 126 0 0 0 0 84 84 0
110 20 170 170 180 120 100 190 90 30 30 0 0 120 30 120
12 90 30 72 138 204 194 162 132 198 72 0 42 78 30 120
0 0 0 0 200 20 10 0 140 0 0 0 0 70 0 0
190 130 160 160 135 195 200 80 28 48 174 0 0 81 126 150
156 162 0 96 0 90 12 12 138 72 0 0 0 0 30 0
0 0 0 0 0 0 0 0 0 0 0 0 0 0 0 0
48 171 0 78 0 165 36 18 165 0 0 0 0 0 0 171
0 0 174 187 0 0 0 0 0 0 159 0 0 0 0 0
0 0 0 0 175 0 0 105 0 35 70 35 0 0 70 35
0 105 0 0 0 0 0 0 0 15 0 0 0 0 120 0
200 0 160 50 0 0 130 40 0 10 90 0 200 0 80 0
180 90 20 30 0 120 30 120 160 180 40 0 0 50 70 20
120 0 180 30 0 0 120 150 0 90 180 0 120 0 90 160
168 0 0 168 0 0 18 168 99 0 42 0 168 51 0 30
0 0 0 0 0 80 40 0 190 0 0 0 0 170 170 0
30 120 0 180 0 90 180 90 85 0 0 0 0 125 145 50
0 0 0 0 0 0 0 0 0 0 0 0 0 0 0 0
156 120 180 96 114 132 2 6 36 54 96 0 126 174 180 90
0 0 0 0 1 145 20 0 91 0 0 0 0 119 0 0
150 180 60 60 90 60 180 30 0 60 60 0 0 180 0 30
168 126 0 168 105 0 126 21 84 21 0 0 0 0 0 0
66 30 102 156 90 0 78 156 198 84 132 0 144 156 186 180
20 80 0 50 0 60 190 130 130 0 0 0 0 0 0 80
0 0 120 30 0 0 0 0 0 0 30 0 0 0 0 0
150 180 0 60 105 30 60 99 60 45 186 159 0 0 150 45
0 105 70 0 0 0 0 0 140 35 140 0 0 70 0 70
72 0 66 102 0 0 114 132 0 138 150 0 156 0 180 0
0 0 168 0 0 0 0 0 84 168 84 0 0 126 126 0
105 105 0 0 0 0 105 0 0 105 0 0 0 0 0 35
84 0 0 84 0 0 124 84 157 0 126 0 84 83 0 160
0 0 0 0 0 20 10 0 100 0 0 0 0 200 200 0
0 0 0 0 0 0 0 0 140 0 0 0 0 70 140 70
100 190 40 40 30 90 110 20 120 180 180 0 0 90 180 90
96 90 30 156 54 162 152 36 6 114 156 0 126 204 30 120
0 0 0 0 144 90 150 0 84 0 0 0 0 126 0 0
30 120 180 180 60 180 120 90 126 96 138 0 0 162 42 90
0 0 0 0 0 0 0 0 0 0 0 0 0 0 0 0
42 0 84 42 0 0 126 42 126 168 84 0 168 42 42 0
90 150 0 120 0 60 120 60 60 0 0 0 0 0 0 150
0 0 0 0 0 0 0 0 0 0 0 0 0 0 0 0
30 120 0 180 175 90 180 171 180 65 124 71 0 0 100 65
0 105 70 0 0 0 0 0 140 35 140 0 0 70 0 70
196 0 98 196 0 0 182 56 0 14 0 0 28 0 70 0
0 0 140 0 0 0 0 0 70 0 70 0 0 140 70 140
15 105 180 30 0 0 15 150 0 195 180 0 120 0 90 195
0 0 0 0 0 0 60 0 120 0 0 0 0 30 0 30
0 105 105 105 63 51 78 0 108 0 105 0 0 132 111 0
150 180 84 60 0 30 60 30 159 0 0 0 0 51 81 180
150 180 60 60 24 72 186 30 96 144 102 0 0 114 60 30
138 90 30 198 12 36 26 78 48 72 198 0 168 162 30 120
0 0 0 0 185 155 130 0 35 0 0 0 0 175 0 0
20 80 50 50 75 15 10 130 182 162 36 0 0 129 84 60
126 42 0 126 105 0 42 147 168 147 0 0 0 0 0 0
150 30 60 30 90 0 120 30 30 0 90 0 60 30 60 180
70 175 0 70 0 105 140 140 35 0 0 0 0 0 0 175
0 0 0 0 0 0 0 0 0 0 0 0 0 0 0 0
0 0 0 0 0 0 0 42 0 0 168 42 0 0 0 0
0 0 168 0 0 0 0 0 84 6 84 0 0 126 6 0
49 105 182 154 0 0 203 14 0 161 0 0 112 0 70 0
0 0 182 0 0 0 0 0 196 42 196 0 0 14 154 140
168 0 84 168 0 0 126 168 0 42 0 0 84 0 0 42
0 0 0 0 0 0 70 0 70 0 0 0 0 140 0 70
0 0 0 0 0 0 0 0 0 0 0 0 0 0 0 0
120 60 42 90 0 150 90 150 102 0 0 0 0 108 48 60
0 0 0 0 168 84 42 0 42 168 84 0 0 168 0 0
24 180 60 144 66 198 38 114 54 186 144 0 84 156 60 30
0 0 0 0 63 105 0 0 63 0 0 0 0 147 0 0
40 160 100 100 45 135 20 50 70 30 30 0 0 195 0 120
120 60 0 90 35 150 90 125 90 85 0 0 0 0 50 0
0 0 0 0 0 0 0 0 0 0 0 0 0 0 0 0
70 175 0 70 0 105 140 140 35 0 0 0 0 0 0 175
0 0 60 50 0 0 0 0 0 0 120 0 0 0 0 0
0 0 0 0 105 0 0 63 0 105 42 63 0 0 0 105
0 105 98 0 0 0 0 0 154 1 154 0 0 56 36 140
150 0 120 90 0 0 150 30 0 60 120 0 150 0 60 0
90 150 38 120 0 60 120 60 94 48 34 0 0 116 196 80
90 0 30 180 0 0 90 60 0 120 30 0 90 0 120 50
0 0 0 0 0 0 80 0 20 0 0 0 0 40 0 110
0 0 0 0 126 42 126 0 126 0 0 0 0 84 42 0
150 180 126 60 0 30 60 30 96 0 0 0 0 114 144 180
120 60 90 195 120 45 90 150 165 90 195 0 0 45 195 150
48 150 120 78 132 186 76 18 108 162 78 0 168 102 120 60
0 0 0 0 14 140 70 0 14 0 0 0 0 196 0 0
0 0 0 0 105 105 0 0 42 42 126 0 0 189 84 0
96 132 0 156 175 120 72 37 198 47 0 0 0 0 40 0
0 0 0 0 0 0 0 0 0 0 0 0 0 0 0 0
66 117 0 186 0 135 102 156 135 0 0 0 0 0 0 117
0 0 138 129 0 0 0 0 0 0 3 0 0 0 0 0
120 60 0 90 0 150 90 96 90 120 174 186 0 0 120 120
0 0 0 0 0 0 0 0 0 180 0 0 0 0 180 0
7 105 56 112 0 0 119 182 0 203 0 0 196 0 70 0
0 0 126 0 0 0 0 0 63 126 63 0 0 147 147 0
138 0 144 108 0 0 96 78 0 72 60 0 54 0 30 142
84 0 0 84 0 0 124 84 52 0 126 0 84 188 0 160
0 0 0 0 0 70 140 0 140 0 0 0 0 70 70 0
120 60 168 90 0 150 90 150 53 0 0 0 0 157 167 130
80 110 200 95 192 51 88 100 33 102 81 0 0 177 165 30
156 120 180 96 114 132 2 6 36 54 96 0 126 174 180 90
0 0 0 0 63 105 0 0 63 0 0 0 0 147 0 0
190 130 160 160 135 195 200 80 196 6 48 0 0 207 42 150
138 6 0 198 70 120 156 16 114 26 0 0 0 0 40 0
72 90 159 27 165 0 171 27 111 63 144 0 33 27 12 120
44 8 0 194 0 90 208 34 160 0 0 0 0 0 0 8
0 0 84 42 0 0 0 0 0 0 84 0 0 0 0 0
0 0 0 0 105 0 0 105 0 105 0 105 0 0 0 105
0 105 140 0 0 0 0 0 70 175 70 0 0 140 0 140
167 105 16 152 0 0 139 172 0 43 30 0 146 0 50 0
0 0 56 0 0 0 0 0 28 126 28 0 0 182 112 140
0 0 0 0 0 0 0 0 0 0 0 0 0 0 0 0
0 0 0 0 0 0 70 0 175 0 0 0 0 35 0 70
0 105 105 105 105 55 80 0 170 0 105 0 0 130 25 0
0 0 0 0 0 0 0 0 70 0 0 0 0 140 70 140
120 60 90 195 78 129 132 150 207 48 69 0 0 3 195 150
114 120 180 54 156 48 128 174 204 96 54 0 84 6 180 90
0 0 0 0 201 165 30 0 21 0 0 0 0 189 0 0
30 120 180 180 60 180 120 90 42 12 96 0 0 204 84 90
30 120 0 180 175 90 180 145 180 65 0 0 0 0 100 0
142 160 159 97 165 0 101 167 41 203 74 0 173 27 82 120
166 202 0 16 0 120 2 176 50 0 0 0 0 0 0 202
0 0 0 0 0 0 0 0 0 0 0 0 0 0 0 0
0 0 0 0 0 0 0 168 0 0 42 168 0 0 0 0
0 0 168 0 0 0 0 0 84 6 84 0 0 126 6 0
65 105 10 200 0 0 205 160 0 145 150 0 170 0 110 0
60 30 30 150 0 180 150 180 135 60 165 0 0 75 105 30
84 0 42 84 0 0 168 84 0 126 0 0 42 0 0 126
0 0 0 0 0 0 70 0 70 0 0 0 0 140 0 70
0 105 105 105 63 1 158 0 68 0 105 0 0 52 31 0
120 60 0 90 0 150 90 150 25 0 0 0 0 185 55 200
200 170 80 185 18 159 52 40 177 108 129 0 0 33 45 180
138 90 30 198 12 36 166 78 48 72 198 0 168 162 30 120
0 0 0 0 147 105 0 0 147 0 0 0 0 63 0 0
0 0 0 0 0 0 0 0 0 0 0 0 0 0 0 0
168 126 0 168 0 0 126 126 84 126 0 0 0 0 0 0
140 140 105 35 105 0 175 175 175 175 70 0 175 105 140 0
116 2 0 206 0 180 52 166 40 0 0 0 0 0 0 2
0 0 60 15 0 0 0 0 0 0 15 0 0 0 0 0
150 180 0 60 70 30 60 120 60 80 130 110 0 0 10 80
0 0 84 0 0 0 0 0 42 138 42 0 0 168 138 0
57 105 96 72 0 0 99 192 0 153 180 0 36 0 90 0
60 30 184 150 0 180 150 180 107 144 137 0 0 103 203 100
129 105 162 174 0 0 3 114 0 81 120 0 192 0 60 11
168 0 0 168 0 0 98 168 119 0 42 0 168 91 0 140
0 105 105 105 21 147 126 0 126 0 105 0 0 84 147 0
30 120 0 180 0 90 180 90 85 0 0 0 0 125 145 50
0 0 0 105 168 189 42 0 147 168 189 0 0 63 105 0
72 120 180 12 198 174 184 132 162 138 12 0 42 48 180 90
0 0 0 0 206 50 130 0 56 0 0 0 0 154 0 0
130 100 10 10 120 150 170 110 70 150 150 0 0 30 0 180
0 0 0 0 140 0 0 140 0 70 0 0 0 0 140 0
126 0 147 21 105 0 63 21 63 189 42 0 189 21 126 0
188 101 0 8 0 165 106 88 25 0 0 0 0 0 0 101
0 0 0 105 0 0 0 0 0 0 105 0 0 0 0 0
0 0 0 0 0 0 0 126 0 0 84 126 0 0 0 0
0 0 70 0 0 0 0 0 140 140 140 0 0 70 0 70
0 0 0 0 0 0 0 0 0 0 0 0 0 0 0 0
0 0 154 0 0 0 0 0 182 84 182 0 0 28 98 70
84 0 42 84 0 0 168 84 0 126 0 0 42 0 0 56
0 0 0 0 0 0 40 0 115 0 0 0 0 125 0 160
0 0 0 0 42 204 102 0 12 0 0 0 0 108 24 0
0 0 0 0 0 0 0 0 0 0 0 0 0 0 0 0
90 150 120 15 132 81 78 60 3 162 141 0 0 207 15 60
66 180 60 186 24 72 52 156 96 144 186 0 126 114 60 30
0 0 0 0 140 140 70 0 140 0 0 0 0 70 0 0
80 110 200 200 90 60 40 100 98 18 144 0 0 96 126 30
156 162 0 96 140 90 12 152 138 142 0 0 0 0 170 0
84 0 63 189 105 0 147 189 147 21 168 0 21 189 84 0
20 80 0 50 0 60 190 130 130 0 0 0 0 0 0 80
0 0 168 189 0 0 0 0 0 0 63 0 0 0 0 0
30 120 0 180 70 90 180 66 180 170 124 176 0 0 100 170
0 0 98 0 0 0 0 0 154 196 154 0 0 56 126 140
140 0 70 140 0 0 70 70 0 70 0 0 140 0 140 0
120 60 200 90 0 150 90 150 25 120 85 0 0 185 175 200
57 105 96 72 0 0 99 192 0 153 180 0 36 0 90 83
0 0 0 0 0 0 20 0 110 0 0 0 0 10 0 80
0 105 105 105 105 105 0 0 0 0 105 0 0 0 105 0
60 30 168 150 0 180 150 180 163 0 0 0 0 47 157 170
150 180 60 165 150 135 60 30 75 60 165 0 0 135 165 30
0 0 0 0 0 0 0 0 0 0 0 0 0 0 0 0
0 0 0 0 201 165 30 0 21 0 0 0 0 189 0 0
70 70 70 70 105 105 140 140 154 84 42 0 0 63 168 0
0 0 0 0 0 0 0 0 0 0 0 0 0 0 0 0
42 0 189 147 105 0 21 147 21 63 84 0 63 147 42 0
18 51 0 108 0 75 66 138 75 0 0 0 0 0 0 51
0 0 174 187 0 0 0 0 0 0 159 0 0 0 0 0
0 0 0 0 0 0 0 84 0 0 126 84 0 0 0 0
0 105 126 0 0 0 0 0 168 147 168 0 0 42 42 0
189 105 42 84 0 0 63 84 0 21 0 0 42 0 0 0
0 0 168 0 0 0 0 0 189 168 189 0 0 21 21 0
51 105 108 186 0 0 177 6 0 159 150 0 198 0 180 159
126 0 0 126 0 0 96 126 3 0 84 0 126 27 0 90
0 0 0 0 0 70 140 0 140 0 0 0 0 70 70 0
150 180 0 60 0 30 60 30 180 0 0 0 0 30 60 180
70 70 70 175 126 63 14 140 189 126 63 0 0 21 105 0
186 30 150 66 144 12 32 96 156 24 66 0 126 54 150 180
0 0 0 0 1 145 20 0 91 0 0 0 0 119 0 0
0 0 0 0 105 105 0 0 84 84 42 0 0 63 168 0
198 36 0 138 140 90 96 26 54 16 0 0 0 0 170 0
116 110 192 26 120 0 118 166 208 154 22 0 94 96 206 30
130 205 0 10 0 75 80 110 5 0 0 0 0 0 0 205
0 0 0 105 0 0 0 0 0 0 105 0 0 0 0 0
0 0 0 0 0 0 0 0 0 0 0 0 0 0 0 0
0 105 140 0 0 0 0 0 70 205 70 0 0 140 30 140
0 0 0 0 0 0 0 0 0 0 0 0 0 0 0 0
30 120 190 180 0 90 180 90 155 30 65 0 0 55 35 190
75 105 60 150 0 0 75 120 0 135 60 0 180 0 30 135
84 0 0 84 0 0 124 84 157 0 126 0 84 83 0 160
0 105 105 105 105 185 40 0 190 0 105 0 0 170 65 0
0 0 0 0 0 0 0 0 70 0 0 0 0 140 70 140
60 30 150 150 60 180 150 180 30 150 150 0 0 180 150 180
54 90 30 114 96 78 68 204 174 156 114 0 84 36 30 120
0 0 0 0 0 0 0 0 0 0 0 0 0 0 0 0
70 70 70 70 105 105 140 140 154 84 42 0 0 63 168 0
168 126 0 168 105 0 126 21 84 21 0 0 0 0 0 0
42 0 189 147 105 0 21 147 21 63 84 0 63 147 42 0
106 67 0 76 0 45 62 206 185 0 0 0 0 0 0 67
0 0 54 17 0 0 0 0 0 0 129 0 0 0 0 0
30 120 0 180 175 90 180 171 180 65 124 71 0 0 100 65
0 105 0 0 0 0 0 0 0 15 0 0 0 0 120 0
30 0 150 60 0 0 30 90 0 180 150 0 30 0 180 0
30 120 176 180 0 90 180 90 43 156 163 0 0 167 7 50
3 105 204 48 0 0 171 198 0 207 120 0 24 0 60 207
0 0 0 0 0 0 0 0 105 0 0 0 0 105 0 0
0 105 105 105 21 97 206 0 86 0 105 0 0 4 67 0
0 0 0 0 0 0 0 0 0 0 0 0 0 0 0 0
0 0 0 105 126 63 84 0 189 126 63 0 0 21 105 0
138 90 30 198 12 36 26 78 48 72 198 0 168 162 30 120
0 0 0 0 153 135 120 0 63 0 0 0 0 147 0 0
20 80 50 50 75 15 10 130 182 162 36 0 0 129 84 60
90 150 0 120 0 60 120 120 120 90 0 0 0 0 90 0
164 170 123 149 195 0 127 79 37 91 118 0 151 9 74 180
110 20 0 170 0 120 100 190 190 0 0 0 0 0 0 20
0 0 84 147 0 0 0 0 0 0 189 0 0 0 0 0
90 150 0 120 0 60 120 30 120 90 120 150 0 0 90 90
0 0 0 0 0 0 0 0 0 0 0 0 0 0 0 0
0 0 0 0 0 0 0 0 0 0 0 0 0 0 0 0
120 60 102 90 0 150 90 150 186 162 36 0 0 24 84 60
195 105 30 180 0 0 195 60 0 15 30 0 90 0 120 155
84 0 0 84 0 0 84 84 147 0 126 0 84 63 0 0
0 105 105 105 189 83 94 0 184 0 105 0 0 116 53 0
0 0 126 0 0 0 0 0 56 0 0 0 0 154 14 70
0 0 0 0 0 0 0 0 0 0 0 0 0 0 0 0
24 180 60 144 66 198 38 114 54 186 144 0 84 156 60 30
0 0 0 0 144 90 150 0 84 0 0 0 0 126 0 0
150 180 60 60 195 165 180 30 42 102 186 0 0 159 84 30
30 120 0 180 105 90 180 75 180 135 0 0 0 0 30 0
18 180 171 33 15 0 69 33 159 147 36 0 87 33 108 30
0 0 0 0 0 0 0 0 0 0 0 0 0 0 0 0
0 0 132 96 0 0 0 0 0 0 12 0 0 0 0 0
0 0 0 0 0 0 0 42 0 0 168 42 0 0 0 0
0 105 98 0 0 0 0 0 154 1 154 0 0 56 36 140
98 0 154 98 0 0 196 28 0 112 0 0 14 0 140 0
0 0 140 0 0 0 0 0 175 0 175 0 0 35 175 140
105 105 0 0 0 0 105 0 0 105 0 0 0 0 0 105
84 0 0 84 0 0 84 84 42 0 126 0 84 168 0 0
0 0 0 0 0 130 170 0 20 0 0 0 0 40 40 0
120 60 84 90 0 150 90 150 39 0 0 0 0 171 111 60
190 130 160 160 120 150 20 80 60 90 90 0 0 150 90 150
192 180 60 102 108 114 94 72 12 18 102 0 42 198 60 30
0 0 0 0 119 35 70 0 119 0 0 0 0 91 0 0
150 180 60 60 195 165 180 30 0 60 60 0 0 75 0 30
96 132 0 156 175 120 72 37 198 47 0 0 0 0 40 0
130 40 150 40 120 0 20 110 110 140 50 0 80 180 10 30
168 21 0 168 0 105 126 168 105 0 0 0 0 0 0 21
0 0 54 157 0 0 0 0 0 0 129 0 0 0 0 0
120 60 0 90 70 150 90 54 90 50 76 74 0 0 190 50
0 105 70 0 0 0 0 0 140 35 140 0 0 70 0 70
68 0 4 38 0 0 166 148 0 142 60 0 194 0 170 0
0 0 14 0 0 0 0 0 112 84 112 0 0 98 28 140
84 0 42 84 0 0 168 84 0 126 0 0 42 0 0 196
0 0 0 0 0 0 0 0 0 0 0 0 0 0 0 0
0 0 0 0 168 6 108 0 198 0 0 0 0 102 186 0
120 60 168 90 0 150 90 150 53 0 0 0 0 157 167 130
170 50 110 5 72 111 208 160 183 12 201 0 0 27 75 90
6 150 120 36 174 102 62 186 66 204 36 0 126 144 120 60
0 0 0 0 56 140 70 0 56 0 0 0 0 154 0 0
0 0 0 0 0 0 0 0 84 84 42 0 0 168 168 0
30 120 0 180 35 90 180 5 180 205 0 0 0 0 170 0
170 20 180 20 60 0 10 160 160 70 130 0 40 90 110 120
60 135 0 150 0 75 150 180 75 0 0 0 0 0 0 135
0 0 126 63 0 0 0 0 0 0 21 0 0 0 0 0
90 150 0 120 0 60 120 30 120 90 120 150 0 0 90 90
0 105 42 0 0 0 0 0 126 189 126 0 0 84 84 0
167 105 16 152 0 0 139 172 0 43 30 0 146 0 50 0
30 120 22 180 0 90 180 90 71 72 191 0 0 139 119 190
147 105 126 42 0 0 189 42 0 63 0 0 126 0 0 203
0 0 0 0 0 0 150 0 195 0 0 0 0 75 0 180
0 105 105 105 21 177 36 0 66 0 105 0 0 174 27 0
0 0 0 0 0 0 0 0 0 0 0 0 0 0 0 0
0 0 0 0 0 0 0 0 0 0 0 0 0 0 0 0
36 60 90 6 204 192 92 66 186 174 6 0 126 24 90 150
0 0 0 0 144 90 150 0 84 0 0 0 0 126 0 0
0 0 0 0 0 0 0 0 84 84 42 0 0 168 168 0
0 0 0 0 0 0 0 0 0 0 0 0 0 0 0 0
142 160 159 97 165 0 101 167 41 203 74 0 173 27 82 120
56 77 0 56 0 105 112 196 175 0 0 0 0 0 0 77
0 0 0 175 0 0 0 0 0 0 105 0 0 0 0 0
0 0 0 0 0 0 0 0 0 0 0 0 0 0 0 0
0 0 196 0 0 0 0 0 98 182 98 0 0 112 42 70
180 0 60 150 0 0 180 120 0 30 60 0 180 0 30 0
0 0 140 0 0 0 0 0 70 0 70 0 0 140 70 140
105 105 0 0 0 0 105 0 0 105 0 0 0 0 0 105
0 0 0 0 0 0 90 0 180 0 0 0 0 150 0 150
0 105 105 105 105 105 0 0 0 0 105 0 0 0 105 0
0 0 84 0 0 0 0 0 189 0 0 0 0 21 21 0
200 170 80 185 18 159 52 40 177 108 129 0 0 33 45 180
138 90 30 198 12 36 26 78 48 72 198 0 168 162 30 120
0 0 0 0 99 75 90 0 189 0 0 0 0 21 0 0
70 70 70 70 105 105 140 140 70 0 0 0 0 105 0 0
0 0 0 0 35 0 0 35 0 175 0 0 0 0 140 0
0 0 0 0 0 0 0 0 0 0 0 0 0 0 0 0
38 26 0 158 0 30 46 58 100 0 0 0 0 0 0 26
0 0 84 42 0 0 0 0 0 0 84 0 0 0 0 0
0 0 0 0 0 0 0 0 0 0 0 0 0 0 0 0
0 0 42 0 0 0 0 0 126 84 126 0 0 84 84 0
153 105 114 138 0 0 111 18 0 57 30 0 174 0 120 0
0 0 0 0 0 0 0 0 0 0 0 0 0 0 0 0
198 0 24 18 0 0 156 48 0 12 150 0 114 0 180 12
168 0 0 168 0 0 168 168 189 0 42 0 168 21 0 0
0 0 0 0 0 170 190 0 10 0 0 0 0 20 20 0
60 30 0 150 0 180 150 180 30 0 0 0 0 180 150 30
120 60 90 90 36 108 174 150 144 6 48 0 0 66 90 150
36 60 90 6 204 192 92 66 186 174 6 0 126 24 90 150
0 0 0 0 40 130 170 0 70 0 0 0 0 140 0 0
80 110 200 200 195 165 40 100 140 60 60 0 0 75 0 30
0 0 0 0 70 0 0 70 0 140 0 0 0 0 70 0
80 170 60 170 90 0 190 100 100 70 160 0 130 30 200 180
188 101 0 8 0 165 106 88 25 0 0 0 0 0 0 101
0 0 192 111 0 0 0 0 0 0 27 0 0 0 0 0
90 150 0 120 175 60 120 9 120 125 106 59 0 0 160 125
0 0 14 0 0 0 0 0 112 58 112 0 0 98 198 140
112 0 56 112 0 0 14 182 0 98 0 0 196 0 70 0
0 0 140 0 0 0 0 0 175 0 175 0 0 35 175 140
75 105 60 150 0 0 75 120 0 135 60 0 180 0 30 135
42 0 0 42 0 0 42 42 21 0 168 0 42 189 0 0
0 0 0 0 126 132 66 0 156 0 0 0 0 144 102 0
0 0 42 0 0 0 0 0 112 0 0 0 0 98 28 140
0 0 0 105 126 63 84 0 189 126 63 0 0 21 105 0
36 60 90 6 204 192 22 66 186 174 6 0 126 24 90 150
0 0 0 0 0 0 0 0 0 0 0 0 0 0 0 0
0 0 0 0 0 0 0 0 126 126 168 0 0 42 42 0
42 84 0 42 105 0 84 189 126 189 0 0 0 0 0 0
70 70 0 70 0 0 140 140 140 140 140 0 140 0 70 0
14 203 0 14 0 105 28 154 175 0 0 0 0 0 0 203
0 0 84 7 0 0 0 0 0 0 189 0 0 0 0 0
0 0 0 0 140 0 0 0 0 70 140 70 0 0 140 70
0 0 70 0 0 0 0 0 140 50 140 0 0 70 120 70
43 105 194 58 0 0 71 38 0 167 180 0 64 0 160 0
120 60 130 90 0 150 90 150 95 120 155 0 0 115 35 130
57 105 96 72 0 0 99 192 0 153 180 0 36 0 90 83
0 0 0 0 0 0 70 0 70 0 0 0 0 140 0 70
0 0 0 0 84 28 14 0 14 0 0 0 0 196 28 0
90 150 0 120 0 60 120 60 80 0 0 0 0 130 50 10
190 130 160 55 204 87 146 80 81 174 27 0 0 129 195 150
174 150 120 204 6 18 118 144 24 36 204 0 84 186 120 60
0 0 0 0 75 165 30 0 105 0 0 0 0 105 0 0
140 140 140 140 0 0 70 70 182 42 126 0 0 84 84 0
0 0 0 0 175 0 0 175 0 35 0 0 0 0 70 0
28 70 21 133 105 0 119 203 119 77 56 0 77 63 28 0
14 98 0 14 0 0 28 154 70 0 0 0 0 0 0 98
0 0 174 187 0 0 0 0 0 0 159 0 0 0 0 0
30 120 0 180 140 90 180 150 180 100 110 190 0 0 170 100
0 0 0 0 0 0 0 0 0 0 0 0 0 0 0 0
120 0 180 30 0 0 120 150 0 90 180 0 120 0 90 0
0 0 168 0 0 0 0 0 189 168 189 0 0 21 21 0
126 0 168 126 0 0 42 126 0 84 0 0 168 0 0 14
42 0 0 42 0 0 52 42 181 0 168 0 42 89 0 40
0 0 0 0 126 182 196 0 196 0 0 0 0 14 182 0
0 0 42 0 0 0 0 0 77 0 0 0 0 133 203 70
0 0 0 105 0 105 0 0 105 0 105 0 0 105 105 0
204 60 90 174 36 108 148 24 144 6 174 0 84 66 90 150
0 0 0 0 1 145 20 0 91 0 0 0 0 119 0 0
20 80 50 50 180 120 10 130 182 162 36 0 0 24 84 60
96 132 0 156 175 120 72 37 198 47 0 0 0 0 40 0
130 40 150 40 120 0 20 110 110 140 50 0 80 180 10 30
0 0 0 0 0 0 0 0 0 0 0 0 0 0 0 0
0 0 60 120 0 0 0 0 0 0 120 0 0 0 0 0
30 120 0 180 175 90 180 129 180 65 166 29 0 0 100 65
0 0 196 0 0 0 0 0 98 122 98 0 0 112 192 70
70 0 140 70 0 0 140 140 0 140 0 0 70 0 70 0
30 120 36 180 0 90 180 90 183 156 93 0 0 27 147 120
150 0 120 90 0 0 150 30 0 60 120 0 150 0 60 60
84 0 0 84 0 0 124 84 157 0 126 0 84 83 0 160
0 0 0 0 0 70 140 0 140 0 0 0 0 70 70 0
180 90 84 30 0 120 30 120 174 0 0 0 0 36 156 90
0 0 0 0 0 0 0 0 0 0 0 0 0 0 0 0
6 150 120 36 174 102 62 186 66 204 36 0 126 144 120 60
0 0 0 0 12 60 30 0 42 0 0 0 0 168 0 0
0 0 0 0 0 0 0 0 168 168 84 0 0 126 126 0
138 6 0 198 0 120 156 156 114 96 0 0 0 0 180 0
56 140 147 161 105 0 133 91 133 49 112 0 49 21 56 0
30 15 0 180 0 195 180 90 195 0 0 0 0 0 0 15
0 0 180 185 0 0 0 0 0 0 45 0 0 0 0 0
30 120 0 180 175 90 180 171 180 65 124 71 0 0 100 65
0 0 168 0 0 0 0 0 84 126 84 0 0 126 126 0
175 105 140 70 0 0 35 140 0 35 0 0 70 0 70 0
0 0 168 0 0 0 0 0 189 168 189 0 0 21 21 0
135 105 150 60 0 0 135 90 0 75 150 0 30 0 180 75
84 0 0 84 0 0 84 84 42 0 126 0 84 168 0 0
0 105 105 105 105 205 50 0 80 0 105 0 0 160 55 0
60 30 0 150 0 180 150 180 135 0 0 0 0 75 45 30
180 90 30 135 180 15 30 120 195 30 135 0 0 15 135 120
78 60 90 48 162 66 106 108 18 132 48 0 168 192 90 150
0 0 0 0 175 175 140 0 175 0 0 0 0 35 0 0
20 80 50 50 75 15 10 130 182 162 36 0 0 129 84 60
0 0 0 0 70 0 0 70 0 140 0 0 0 0 70 0
0 0 0 0 0 0 0 0 0 0 0 0 0 0 0 0
98 161 0 98 0 105 196 28 175 0 0 0 0 0 0 161
0 0 0 0 0 0 0 0 0 0 0 0 0 0 0 0
0 0 0 0 0 0 0 0 0 0 0 0 0 0 0 0
0 105 140 0 0 0 0 0 70 175 70 0 0 140 0 140
46 0 188 106 0 0 32 26 0 164 90 0 88 0 10 0
120 60 60 90 0 150 90 150 60 120 120 0 0 150 0 60
0 0 0 0 0 0 0 0 0 0 0 0 0 0 0 0
0 0 0 0 0 0 150 0 90 0 0 0 0 180 0 180
0 105 105 105 189 83 94 0 184 0 105 0 0 116 53 0
0 0 0 0 0 0 0 0 35 0 0 0 0 175 35 70
120 60 90 90 120 150 90 150 60 90 90 0 0 150 90 150
174 150 120 204 6 18 118 144 24 36 204 0 84 186 120 60
0 0 0 0 180 60 30 0 0 0 0 0 0 0 0 0
150 180 60 60 90 60 180 30 42 102 186 0 0 54 84 30
114 78 0 54 105 90 138 33 12 93 0 0 0 0 30 0
72 90 159 27 165 0 171 27 111 63 144 0 33 27 12 120
42 84 0 42 0 0 84 42 0 0 0 0 0 0 0 84
0 0 48 54 0 0 0 0 0 0 138 0 0 0 0 0
150 180 0 60 140 30 60 120 60 10 200 40 0 0 80 10
0 105 98 0 0 0 0 0 154 1 154 0 0 56 36 140
133 105 14 28 0 0 161 98 0 77 0 0 154 0 70 0
120 60 130 90 0 150 90 150 95 120 155 0 0 115 35 130
15 105 180 30 0 0 15 150 0 195 180 0 120 0 90 125
168 0 0 168 0 0 98 168 14 0 42 0 168 196 0 140
0 0 0 0 0 0 0 0 0 0 0 0 0 0 0 0
0 0 126 0 0 0 0 0 161 0 0 0 0 49 119 70
30 120 180 180 72 6 138 90 78 12 96 0 0 132 180 90
138 90 30 198 12 36 26 78 48 72 198 0 168 162 30 120
0 0 0 0 35 35 70 0 35 0 0 0 0 175 0 0
0 0 0 0 0 0 0 0 0 0 0 0 0 0 0 0
96 132 0 156 175 120 72 37 198 47 0 0 0 0 40 0
130 40 45 145 15 0 125 5 5 35 50 0 185 75 10 30
154 28 0 154 0 0 98 14 140 0 0 0 0 0 0 28
0 0 0 35 0 0 0 0 0 0 105 0 0 0 0 0
0 0 0 0 175 0 0 147 0 35 28 77 0 0 70 35
0 0 140 0 0 0 0 0 70 130 70 0 0 140 60 140
45 105 120 90 0 0 45 30 0 165 120 0 150 0 60 0
150 180 194 60 0 30 60 30 187 24 157 0 0 23 133 110
201 105 18 66 0 0 117 36 0 9 60 0 138 0 30 9
126 0 0 126 0 0 156 126 123 0 84 0 126 57 0 120
0 105 105 105 147 49 182 0 182 0 105 0 0 28 49 0
120 60 168 90 0 150 90 150 53 0 0 0 0 157 167 130
70 70 70 175 42 21 98 140 63 42 21 0 0 147 105 0
12 90 30 72 138 204 194 162 132 198 72 0 42 78 30 120
0 0 0 0 125 65 190 0 35 0 0 0 0 175 0 0
0 0 0 0 105 105 0 0 42 42 126 0 0 189 84 0
150 180 0 60 70 30 60 130 60 80 0 0 0 0 10 0
0 0 0 0 0 0 0 0 0 0 0 0 0 0 0 0
64 88 0 34 0 150 188 164 80 0 0 0 0 0 0 88
0 0 84 77 0 0 0 0 0 0 189 0 0 0 0 0
150 180 0 60 0 30 60 36 60 150 144 96 0 0 150 150
0 105 42 0 0 0 0 0 126 189 126 0 0 84 84 0
167 105 16 152 0 0 139 172 0 43 30 0 146 0 50 0
0 0 0 0 0 0 0 0 105 0 105 0 0 105 105 0
75 105 60 150 0 0 75 120 0 135 60 0 180 0 30 135
0 0 0 0 0 0 30 0 60 0 0 0 0 120 0 120
0 105 105 105 105 185 40 0 190 0 105 0 0 170 65 0
0 0 0 0 0 0 0 0 140 0 0 0 0 70 140 70
0 0 0 0 42 126 168 0 168 42 126 0 0 42 0 0
12 90 30 72 138 204 124 162 132 198 72 0 42 78 30 120
0 0 0 0 140 140 70 0 140 0 0 0 0 70 0 0
180 90 30 30 150 30 90 120 0 30 30 0 0 90 0 120
150 180 0 60 105 30 60 165 60 45 0 0 0 0 150 0
142 160 159 97 165 0 101 167 41 203 74 0 173 27 82 120
0 105 0 0 0 105 0 0 105 0 0 0 0 0 0 105
0 0 0 175 0 0 0 0 0 0 105 0 0 0 0 0
0 0 0 0 105 0 0 147 0 105 168 147 0 0 0 105
0 0 0 0 0 0 0 0 0 0 0 0 0 0 0 0
96 0 18 66 0 0 12 36 0 114 60 0 138 0 30 0
0 0 140 0 0 0 0 0 175 0 175 0 0 35 175 140
0 0 0 0 0 0 0 0 0 0 0 0 0 0 0 0
42 0 0 42 0 0 42 42 126 0 168 0 42 84 0 0
0 0 0 0 42 204 102 0 12 0 0 0 0 108 24 0
0 0 168 0 0 0 0 0 203 0 0 0 0 7 77 70
200 170 80 185 18 159 52 40 177 108 129 0 0 33 45 180
162 60 90 132 78 24 64 192 102 48 132 0 42 108 90 150
0 0 0 0 35 35 70 0 35 0 0 0 0 175 0 0
0 0 0 0 0 0 0 0 126 126 168 0 0 42 42 0
168 126 0 168 0 0 126 126 84 126 0 0 0 0 0 0
90 60 120 60 180 0 30 60 60 0 180 0 120 60 120 150
42 189 0 42 0 105 84 42 105 0 0 0 0 0 0 189
0 0 90 5 0 0 0 0 0 0 75 0 0 0 0 0
60 30 0 150 70 180 150 90 150 200 10 170 0 0 130 200
0 105 28 0 0 0 0 0 14 161 14 0 0 196 126 70
0 0 0 0 0 0 0 0 0 0 0 0 0 0 0 0
60 30 184 150 0 180 150 180 107 144 137 0 0 103 203 100
0 0 0 0 0 0 0 0 0 0 0 0 0 0 0 70
0 0 0 0 0 0 200 0 155 0 0 0 0 205 0 170
0 105 105 105 105 175 140 0 140 0 105 0 0 70 175 0
0 0 0 0 0 0 0 0 0 0 0 0 0 0 0 0
90 150 120 15 90 165 120 60 45 120 15 0 0 165 15 60
174 150 120 204 6 18 188 144 24 36 204 0 84 186 120 60
0 0 0 0 105 105 0 0 105 0 0 0 0 105 0 0
0 0 0 0 0 0 0 0 0 0 0 0 0 0 0 0
84 168 0 84 105 0 168 63 42 63 0 0 0 0 0 0
180 120 30 120 150 0 60 120 120 0 150 0 30 120 30 90
188 101 0 8 0 165 106 88 25 0 0 0 0 0 0 101
0 0 156 88 0 0 0 0 0 0 186 0 0 0 0 0
60 30 0 150 0 180 150 90 150 60 150 30 0 0 60 60
0 105 0 0 0 0 0 0 0 135 0 0 0 0 30 0
189 105 42 84 0 0 63 84 0 21 0 0 42 0 0 0
150 180 180 60 0 30 60 30 180 150 150 0 0 30 0 180
189 105 42 84 0 0 63 84 0 21 0 0 42 0 0 91
0 0 0 0 0 0 0 0 0 0 0 0 0 0 0 0
0 0 0 0 0 160 80 0 170 0 0 0 0 130 130 0
0 0 0 0 0 0 0 0 140 0 0 0 0 70 140 70
200 170 80 80 60 180 10 40 30 150 150 0 0 180 150 180
48 150 120 78 132 186 146 18 108 162 78 0 168 102 120 60
0 0 0 0 0 0 0 0 0 0 0 0 0 0 0 0
90 150 120 120 180 120 150 60 126 36 78 0 0 192 42 60
42 84 0 42 35 0 84 119 126 49 0 0 0 0 140 0
110 50 30 50 150 0 130 190 190 70 10 0 100 120 170 90
66 117 0 186 0 135 102 156 135 0 0 0 0 0 0 117
0 0 42 56 0 0 0 0 0 0 42 0 0 0 0 0
0 0 0 0 35 0 0 105 0 175 140 175 0 0 140 175
0 0 42 0 0 0 0 0 126 24 126 0 0 84 24 0
0 0 0 0 0 0 0 0 0 0 0 0 0 0 0 0
0 0 42 0 0 0 0 0 21 42 21 0 0 189 189 0
57 105 96 72 0 0 99 192 0 153 180 0 36 0 90 83
84 0 0 84 0 0 114 84 207 0 126 0 84 183 0 120
0 0 0 0 0 0 0 0 0 0 0 0 0 0 0 0
150 180 84 60 0 30 60 30 89 0 0 0 0 121 11 40
150 180 60 165 192 51 18 30 33 102 81 0 0 177 165 30
36 60 90 6 204 192 22 66 186 174 6 0 126 24 90 150
0 0 0 0 203 35 70 0 203 0 0 0 0 7 0 0
0 0 0 0 105 105 0 0 168 168 84 0 0 21 126 0
186 72 0 66 140 180 192 122 108 172 0 0 0 0 200 0
28 70 126 28 0 0 14 98 14 182 56 0 182 168 28 0
98 56 0 98 0 0 196 28 70 0 0 0 0 0 0 56
0 0 174 187 0 0 0 0 0 0 159 0 0 0 0 0
0 0 0 0 175 0 0 105 0 35 70 35 0 0 70 35
0 0 70 0 0 0 0 0 140 140 140 0 0 70 0 70
105 105 0 0 0 0 105 0 0 105 0 0 0 0 0 0
90 150 150 120 0 60 120 60 45 90 195 0 0 165 105 150
105 105 0 0 0 0 105 0 0 105 0 0 0 0 0 35
0 0 0 0 0 0 70 0 175 0 0 0 0 35 0 70
0 105 105 105 21 77 196 0 196 0 105 0 0 14 77 0
60 30 0 150 0 180 150 180 135 0 0 0 0 75 45 30
50 200 20 20 36 108 34 10 144 6 48 0 0 66 90 150
0 0 0 0 0 0 0 0 0 0 0 0 0 0 0 0
0 0 0 0 1 145 20 0 91 0 0 0 0 119 0 0
60 30 150 150 15 45 30 180 42 192 66 0 0 9 84 180
120 60 0 90 35 150 90 125 90 85 0 0 0 0 50 0
194 50 198 134 150 0 172 64 22 196 178 0 16 204 44 90
42 189 0 42 0 105 84 42 105 0 0 0 0 0 0 189
0 0 42 21 0 0 0 0 0 0 147 0 0 0 0 0
60 30 0 150 35 180 150 195 150 25 80 205 0 0 200 25
0 105 42 0 0 0 0 0 126 9 126 0 0 84 114 0
100 0 80 130 0 0 170 20 0 110 150 0 100 0 40 0
0 0 0 0 0 0 0 0 0 0 0 0 0 0 0 0
105 105 0 0 0 0 105 0 0 105 0 0 0 0 0 105
84 0 0 84 0 0 124 84 157 0 126 0 84 83 0 160
0 105 105 105 105 195 150 0 30 0 105 0 0 60 165 0
120 60 126 90 0 150 90 150 81 0 0 0 0 129 69 60
50 200 20 20 120 150 160 10 60 90 90 0 0 150 90 150
66 180 60 186 24 72 122 156 96 144 186 0 126 114 60 30
0 0 0 0 143 155 130 0 203 0 0 0 0 7 0 0
0 0 0 0 0 0 0 0 84 84 42 0 0 168 168 0
126 42 0 126 0 0 42 42 168 42 0 0 0 0 0 0
174 60 183 39 75 0 177 39 207 21 138 0 141 39 204 150
112 49 0 112 0 105 14 182 35 0 0 0 0 0 0 49
0 0 114 102 0 0 0 0 0 0 144 0 0 0 0 0
0 0 0 0 0 0 0 0 0 0 0 0 0 0 0 0
0 105 84 0 0 0 0 0 42 63 42 0 0 168 168 0
140 0 70 140 0 0 70 70 0 70 0 0 140 0 140 0
0 0 0 0 0 0 0 0 0 0 0 0 0 0 0 0
186 0 48 36 0 0 102 96 0 24 90 0 18 0 150 24
0 0 0 0 0 0 100 0 25 0 0 0 0 155 0 190
0 0 0 0 0 140 70 0 70 0 0 0 0 140 140 0
180 90 168 30 0 120 30 120 48 0 0 0 0 162 72 90
120 60 90 90 120 150 90 150 60 90 90 0 0 150 90 150
192 180 60 102 108 114 94 72 12 18 102 0 42 198 60 30
0 0 0 0 0 0 0 0 0 0 0 0 0 0 0 0
20 80 50 50 75 15 10 130 182 162 36 0 0 129 84 60
30 120 0 180 0 90 180 180 180 30 0 0 0 0 30 0
112 70 189 7 105 0 161 77 161 203 14 0 203 147 112 0
72 204 0 12 0 90 54 132 90 0 0 0 0 0 0 204
0 0 0 140 0 0 0 0 0 0 0 0 0 0 0 0
150 180 0 60 35 30 60 15 60 115 200 145 0 0 80 115
0 0 14 0 0 0 0 0 112 58 112 0 0 98 198 140
198 0 24 18 0 0 156 48 0 12 150 0 114 0 180 0
0 0 0 0 0 0 0 0 0 0 0 0 0 0 0 0
60 0 90 120 0 0 60 180 0 150 90 0 60 0 150 10
168 0 0 168 0 0 98 168 14 0 42 0 168 196 0 140
0 105 105 105 189 83 94 0 184 0 105 0 0 116 53 0
0 0 0 0 0 0 0 0 0 0 0 0 0 0 0 0
20 80 50 50 90 60 190 130 150 120 120 0 0 60 120 60
96 90 30 156 54 162 152 36 6 114 156 0 126 204 30 120
0 0 0 0 112 70 140 0 112 0 0 0 0 98 0 0
70 70 70 70 0 0 140 140 70 0 0 0 0 0 0 0
0 0 0 0 0 0 0 0 0 0 0 0 0 0 0 0
168 0 21 63 105 0 189 63 189 147 126 0 147 63 168 0
130 205 0 10 0 75 80 110 5 0 0 0 0 0 0 205
0 0 42 126 0 0 0 0 0 0 42 0 0 0 0 0
0 0 0 0 0 0 0 126 0 0 84 126 0 0 0 0
0 105 98 0 0 0 0 0 154 1 154 0 0 56 36 140
14 0 112 14 0 0 28 154 0 196 0 0 182 0 140 0
0 0 0 0 0 0 0 0 0 0 0 0 0 0 0 0
84 0 42 84 0 0 168 84 0 126 0 0 42 0 0 196
0 0 0 0 0 0 50 0 170 0 0 0 0 130 0 200
0 0 0 0 0 60 30 0 90 0 0 0 0 180 180 0
150 180 126 60 0 30 60 30 166 0 0 0 0 44 4 110
70 70 70 70 0 0 140 140 0 0 0 0 0 0 0 0
138 90 30 198 12 36 166 78 48 72 198 0 168 162 30 120
0 0 0 0 50 110 160 0 140 0 0 0 0 70 0 0
70 70 70 70 0 0 140 140 70 0 0 0 0 0 0 0
96 132 0 156 175 120 72 37 198 47 0 0 0 0 40 0
28 70 126 28 0 0 14 98 14 182 56 0 182 168 28 0
0 0 0 0 0 0 0 0 0 0 0 0 0 0 0 0
0 0 78 9 0 0 0 0 0 0 93 0 0 0 0 0
0 0 0 0 105 0 0 105 0 105 0 105 0 0 0 105
0 105 84 0 0 0 0 0 42 3 42 0 0 168 108 0
60 0 90 120 0 0 60 180 0 150 90 0 60 0 150 0
0 0 0 0 0 0 0 0 0 0 0 0 0 0 0 0
135 105 150 60 0 0 135 90 0 75 150 0 30 0 180 75
84 0 0 84 0 0 84 84 147 0 126 0 84 63 0 0
0 105 105 105 105 15 60 0 180 0 105 0 0 150 45 0
120 60 168 90 0 150 90 150 53 0 0 0 0 157 167 130
0 0 0 0 0 0 0 0 0 0 0 0 0 0 0 0
96 90 30 156 54 162 82 36 6 114 156 0 126 204 30 120
0 0 0 0 57 75 90 0 147 0 0 0 0 63 0 0
30 120 180 180 60 180 120 90 0 180 180 0 0 120 0 90
180 90 0 30 35 120 30 65 30 145 0 0 0 0 110 0
14 140 168 14 0 0 112 154 112 196 28 0 196 84 14 0
0 0 0 0 0 0 0 0 0 0 0 0 0 0 0 0
0 0 0 175 0 0 0 0 0 0 105 0 0 0 0 0
90 150 0 120 0 60 120 198 120 90 162 108 0 0 90 90
0 105 0 0 0 0 0 0 0 105 0 0 0 0 0 0
167 105 16 152 0 0 139 172 0 43 30 0 146 0 50 0
0 0 28 0 0 0 0 0 14 168 14 0 0 196 56 70
84 0 42 84 0 0 168 84 0 126 0 0 42 0 0 196
0 0 0 0 0 0 0 0 0 0 0 0 0 0 0 0
0 105 105 105 147 109 2 0 62 0 105 0 0 208 19 0
60 30 0 150 0 180 150 180 205 0 0 0 0 5 115 170
90 150 120 15 6 123 204 60 129 36 183 0 0 81 15 60
6 150 120 36 174 102 62 186 66 204 36 0 126 144 120 60
0 0 0 0 19 25 170 0 49 0 0 0 0 161 0 0
0 0 0 0 105 105 0 0 168 168 84 0 0 21 126 0
150 180 0 60 0 30 60 60 60 150 0 0 0 0 150 0
142 160 159 97 165 0 101 167 41 203 74 0 173 27 82 120
126 42 0 126 0 0 42 126 0 0 0 0 0 0 0 42
0 0 168 84 0 0 0 0 0 0 168 0 0 0 0 0
30 120 0 180 0 90 180 150 180 30 180 120 0 0 30 30
0 105 42 0 0 0 0 0 126 189 126 0 0 84 84 0
3 105 204 48 0 0 171 198 0 207 120 0 24 0 60 0
30 120 92 180 0 90 180 90 106 72 16 0 0 104 154 50
147 105 126 42 0 0 189 42 0 63 0 0 126 0 0 63
168 0 0 168 0 0 8 168 149 0 42 0 168 151 0 200
0 0 0 0 42 134 172 0 82 0 0 0 0 38 164 0
0 0 0 0 0 0 0 0 0 0 0 0 0 0 0 0
200 170 80 185 18 159 52 40 177 108 129 0 0 33 45 180
204 60 90 174 36 108 148 24 144 6 174 0 84 66 90 150
0 0 0 0 35 35 70 0 35 0 0 0 0 175 0 0
150 180 60 60 195 165 180 30 0 60 60 0 0 75 0 30
0 0 0 0 0 0 0 0 0 0 0 0 0 0 0 0
0 0 105 105 105 0 105 105 105 105 0 0 105 105 0 0
126 147 0 126 0 105 42 126 105 0 0 0 0 0 0 147
0 0 168 84 0 0 0 0 0 0 168 0 0 0 0 0
90 150 0 120 140 60 120 72 120 160 8 52 0 0 20 160
0 0 0 0 0 0 0 0 0 0 0 0 0 0 0 0
179 105 202 134 0 0 193 124 0 31 90 0 32 0 80 0
60 30 184 150 0 180 150 180 107 144 137 0 0 103 203 100
90 0 30 180 0 0 90 60 0 120 30 0 90 0 120 120
0 0 0 0 0 0 0 0 105 0 0 0 0 105 0 0
0 105 105 105 147 159 132 0 102 0 105 0 0 78 99 0
0 0 0 0 0 0 0 0 105 0 0 0 0 105 105 0
0 0 0 105 84 147 126 0 21 84 147 0 0 189 105 0
174 150 120 204 6 18 118 144 24 36 204 0 84 186 120 60
0 0 0 0 105 105 0 0 105 0 0 0 0 105 0 0
110 20 170 170 150 30 160 190 140 30 30 0 0 90 0 120
48 66 0 78 70 60 36 106 204 146 0 0 0 0 160 0
134 80 153 59 135 0 187 199 157 91 58 0 181 129 104 60
188 101 0 8 0 165 106 88 25 0 0 0 0 0 0 101
0 0 168 119 0 0 0 0 0 0 63 0 0 0 0 0
0 0 0 0 0 0 0 0 0 0 0 0 0 0 0 0
0 105 140 0 0 0 0 0 70 175 70 0 0 140 0 140
19 105 32 94 0 0 173 134 0 191 60 0 82 0 100 0
0 0 0 0 0 0 0 0 0 0 0 0 0 0 0 0
150 0 120 90 0 0 150 30 0 60 120 0 150 0 60 200
0 0 0 0 0 0 0 0 0 0 0 0 0 0 0 0
0 0 0 0 126 132 66 0 156 0 0 0 0 144 102 0
180 90 0 30 0 120 30 120 195 0 0 0 0 15 135 90
70 70 70 70 0 0 140 140 0 0 0 0 0 0 0 0
36 60 90 6 204 192 92 66 186 174 6 0 126 24 90 150
0 0 0 0 105 105 0 0 105 0 0 0 0 105 0 0
200 170 80 80 15 45 100 40 140 150 150 0 0 135 0 180
6 192 0 36 175 60 162 127 78 167 0 0 0 0 160 0
30 90 180 90 60 0 150 90 90 0 60 0 180 90 180 120
106 172 0 76 0 150 62 206 80 0 0 0 0 0 0 172
0 0 84 42 0 0 0 0 0 0 84 0 0 0 0 0
120 60 0 90 70 150 90 180 90 50 160 200 0 0 190 50
0 105 70 0 0 0 0 0 140 125 140 0 0 70 90 70
65 105 10 200 0 0 205 160 0 145 150 0 170 0 110 0
30 120 120 180 0 90 180 90 120 30 30 0 0 90 0 120
57 105 96 72 0 0 99 192 0 153 180 0 36 0 90 83
0 0 0 0 0 0 30 0 60 0 0 0 0 120 0 120
0 0 0 0 126 102 156 0 6 0 0 0 0 54 12 0
180 90 0 30 0 120 30 120 90 0 0 0 0 120 30 90
0 0 0 0 0 0 0 0 0 0 0 0 0 0 0 0
174 150 120 204 6 18 118 144 24 36 204 0 84 186 120 60
0 0 0 0 0 0 0 0 0 0 0 0 0 0 0 0
200 170 80 80 120 150 100 40 182 192 66 0 0 114 84 180
0 0 0 0 175 0 0 175 0 35 0 0 0 0 70 0
90 60 15 165 75 0 135 165 165 105 180 0 15 165 120 150
154 28 0 154 0 0 98 14 140 0 0 0 0 0 0 28
0 0 174 187 0 0 0 0 0 0 159 0 0 0 0 0
60 30 0 150 105 180 150 69 150 165 66 9 0 0 60 165
0 0 168 0 0 0 0 0 84 126 84 0 0 126 126 0
91 105 98 196 0 0 77 56 0 119 0 0 28 0 70 0
60 30 30 150 0 180 150 180 30 60 60 0 0 180 0 30
105 105 0 0 0 0 105 0 0 105 0 0 0 0 0 105
168 0 0 168 0 0 168 168 84 0 42 0 168 126 0 0
0 0 0 0 42 84 42 0 42 0 0 0 0 168 84 0
0 0 0 0 0 0 0 0 70 0 0 0 0 140 70 140
0 0 0 0 0 0 0 0 0 0 0 0 0 0 0 0
54 90 30 114 96 78 208 204 174 156 114 0 84 36 30 120
0 0 0 0 1 145 20 0 91 0 0 0 0 119 0 0
50 200 20 20 135 195 130 10 14 174 132 0 0 123 168 150
30 120 0 180 70 90 180 40 180 170 0 0 0 0 100 0
126 0 147 21 105 0 63 21 63 189 42 0 189 21 126 0
200 170 0 80 0 180 10 40 40 0 0 0 0 0 0 170
0 0 180 185 0 0 0 0 0 0 45 0 0 0 0 0
0 0 0 0 0 0 0 0 0 0 0 0 0 0 0 0
0 0 0 0 0 0 0 0 0 0 0 0 0 0 0 0
165 105 90 120 0 0 165 180 0 45 90 0 60 0 150 0
0 0 140 0 0 0 0 0 70 0 70 0 0 140 70 140
0 0 0 0 0 0 0 0 0 0 0 0 0 0 0 0
84 0 0 84 0 0 124 84 157 0 126 0 84 83 0 160
0 105 105 105 105 135 120 0 150 0 105 0 0 90 195 0
0 0 42 0 0 0 0 0 42 0 0 0 0 168 168 0
200 170 80 185 186 33 94 40 9 66 3 0 0 201 45 180
162 60 90 132 78 24 134 192 102 48 132 0 42 108 90 150
0 0 0 0 35 35 70 0 35 0 0 0 0 175 0 0
150 180 60 60 90 60 180 30 126 186 18 0 0 12 42 30
126 42 0 126 0 0 42 42 168 42 0 0 0 0 0 0
196 70 147 91 105 0 203 161 203 119 182 0 119 21 196 0
50 200 0 20 0 150 160 10 10 0 0 0 0 0 0 200
0 0 84 182 0 0 0 0 0 0 84 0 0 0 0 0
30 120 0 180 175 90 180 171 180 65 124 71 0 0 100 65
0 0 0 0 0 0 0 0 0 0 0 0 0 0 0 0
140 0 70 140 0 0 70 70 0 70 0 0 140 0 140 0
90 150 164 120 0 60 120 60 52 174 202 0 0 158 28 80
180 0 60 150 0 0 180 120 0 30 60 0 180 0 30 30
0 0 0 0 0 0 180 0 45 0 0 0 0 195 0 90
0 0 0 0 0 140 70 0 70 0 0 0 0 140 140 0
0 0 0 0 0 0 0 0 0 0 0 0 0 0 0 0
0 0 0 0 0 0 0 0 0 0 0 0 0 0 0 0
78 60 90 48 162 66 106 108 18 132 48 0 168 192 90 150
0 0 0 0 108 120 60 0 168 0 0 0 0 42 0 0
20 80 50 50 75 15 10 130 182 162 36 0 0 129 84 60
84 168 0 84 105 0 168 63 42 63 0 0 0 0 0 0
114 90 33 69 165 0 87 69 27 21 18 0 201 69 54 120
14 98 0 14 0 0 28 154 70 0 0 0 0 0 0 98
0 0 42 126 0 0 0 0 0 0 42 0 0 0 0 0
0 0 0 0 105 0 0 147 0 105 168 147 0 0 0 105
0 0 84 0 0 0 0 0 42 48 42 0 0 168 48 0
35 105 70 140 0 0 175 70 0 175 0 0 140 0 140 0
0 0 168 0 0 0 0 0 189 168 189 0 0 21 21 0
39 105 132 204 0 0 123 54 0 171 90 0 102 0 150 31
168 0 0 168 0 0 158 168 29 0 42 0 168 121 0 170
0 105 105 105 189 83 94 0 184 0 105 0 0 116 53 0
60 30 0 150 0 180 150 180 65 0 0 0 0 145 185 100
70 70 70 70 0 0 140 140 0 0 0 0 0 0 0 0
78 60 90 48 162 66 176 108 18 132 48 0 168 192 90 150
0 0 0 0 0 0 0 0 0 0 0 0 0 0 0 0
0 0 0 0 0 0 0 0 0 0 0 0 0 0 0 0
6 192 0 36 105 60 162 57 78 27 0 0 0 0 90 0
140 140 105 35 105 0 175 175 175 175 70 0 175 105 140 0
70 175 0 70 0 105 140 140 35 0 0 0 0 0 0 175
0 0 0 0 0 0 0 0 0 0 0 0 0 0 0 0
90 150 0 120 105 60 120 135 120 195 120 45 0 0 90 195
0 105 98 0 0 0 0 0 154 1 154 0 0 56 36 140
147 105 126 42 0 0 189 42 0 63 0 0 126 0 0 0
30 120 50 180 0 90 180 90 190 30 100 0 0 20 70 50
60 0 90 120 0 0 60 180 0 150 90 0 60 0 150 80
168 0 0 168 0 0 48 168 159 0 42 0 168 171 0 150
0 105 105 105 21 77 196 0 196 0 105 0 0 14 77 0
0 0 0 0 0 0 0 0 0 0 0 0 0 0 0 0
100 190 40 145 30 195 110 20 15 180 75 0 0 195 75 90
138 90 30 198 12 36 166 78 48 72 198 0 168 162 30 120
0 0 0 0 35 35 70 0 35 0 0 0 0 175 0 0
0 0 0 0 0 0 0 0 84 84 42 0 0 168 168 0
96 132 0 156 175 120 72 37 198 47 0 0 0 0 40 0
156 90 117 111 165 0 3 111 153 189 102 0 159 111 96 120
94 103 0 4 0 135 158 44 65 0 0 0 0 0 0 103
0 0 84 7 0 0 0 0 0 0 189 0 0 0 0 0
0 0 0 0 140 0 0 42 0 70 98 112 0 0 140 70
0 0 196 0 0 0 0 0 98 122 98 0 0 112 192 70
110 0 130 80 0 0 40 190 0 100 60 0 110 0 170 0
0 0 84 0 0 0 0 0 42 84 42 0 0 168 168 0
120 0 180 30 0 0 120 150 0 90 180 0 120 0 90 160
0 0 0 0 0 0 70 0 175 0 0 0 0 35 0 70
0 0 0 0 0 0 0 0 0 0 0 0 0 0 0 0
120 60 168 90 0 150 90 150 53 0 0 0 0 157 167 130
60 30 150 45 60 75 150 180 135 150 45 0 0 75 45 180
78 60 90 48 162 66 176 108 18 132 48 0 168 192 90 150
0 0 0 0 100 10 110 0 70 0 0 0 0 140 0 0
0 0 0 0 0 0 0 0 0 0 0 0 0 0 0 0
36 102 0 6 105 150 132 27 48 57 0 0 0 0 120 0
138 120 156 78 150 0 144 78 204 42 66 0 72 78 198 90
70 70 0 70 0 0 140 140 140 0 0 0 0 0 0 70
0 0 48 159 0 0 0 0 0 0 33 0 0 0 0 0
60 30 0 150 35 180 150 153 150 25 122 163 0 0 200 25
0 0 0 0 0 0 0 0 0 120 0 0 0 0 120 0
167 105 16 152 0 0 139 172 0 43 30 0 146 0 50 0
0 0 70 0 0 0 0 0 140 0 140 0 0 70 140 70
0 0 0 0 0 0 0 0 0 0 0 0 0 0 0 70
0 0 0 0 0 0 0 0 105 0 0 0 0 105 0 0
0 105 105 105 147 69 192 0 72 0 105 0 0 18 39 0
0 0 42 0 0 0 0 0 42 0 0 0 0 168 168 0
0 0 0 105 0 105 0 0 105 0 105 0 0 105 105 0
48 150 120 78 132 186 76 18 108 162 78 0 168 102 120 60
0 0 0 0 100 10 110 0 70 0 0 0 0 140 0 0
0 0 0 0 105 105 0 0 168 168 84 0 0 21 126 0
48 66 0 78 105 60 36 141 204 111 0 0 0 0 90 0
0 0 0 0 0 0 0 0 0 0 0 0 0 0 0 0
16 22 0 166 0 90 152 146 20 0 0 0 0 0 0 22
0 0 144 197 0 0 0 0 0 0 99 0 0 0 0 0
0 0 0 0 175 0 0 105 0 35 70 35 0 0 70 35
0 0 42 0 0 0 0 0 126 84 126 0 0 84 84 0
140 0 70 140 0 0 70 70 0 70 0 0 140 0 140 0
30 120 162 180 0 90 180 90 36 72 156 0 0 174 84 120
138 0 144 108 0 0 96 78 0 72 60 0 54 0 30 2
126 0 0 126 0 0 126 126 168 0 84 0 126 42 0 0
0 105 105 105 189 63 84 0 84 0 105 0 0 126 63 0
120 60 168 90 0 150 90 150 123 0 0 0 0 87 27 60
200 170 80 185 18 159 52 40 177 108 129 0 0 33 45 180
138 90 30 198 12 36 166 78 48 72 198 0 168 162 30 120
0 0 0 0 185 155 130 0 35 0 0 0 0 175 0 0
180 90 30 30 45 135 90 120 42 72 156 0 0 69 84 120
42 84 0 42 105 0 84 189 126 189 0 0 0 0 0 0
206 170 207 191 195 0 43 121 163 49 202 0 109 51 116 180
110 125 0 170 0 15 100 190 85 0 0 0 0 0 0 125
0 0 198 109 0 0 0 0 0 0 123 0 0 0 0 0
180 90 0 30 105 120 30 165 30 75 30 195 0 0 180 75
0 0 140 0 0 0 0 0 70 70 70 0 0 140 0 140
63 105 84 168 0 0 21 168 0 147 0 0 84 0 0 0
60 30 184 150 0 180 150 180 107 144 137 0 0 103 203 100
0 0 0 0 0 0 0 0 0 0 0 0 0 0 0 0
42 0 0 42 0 0 82 42 31 0 168 0 42 209 0 160
0 105 105 105 21 117 6 0 186 0 105 0 0 204 57 0
0 0 126 0 0 0 0 0 56 0 0 0 0 154 14 70
70 70 70 70 0 0 140 140 0 0 0 0 0 0 0 0
198 120 180 138 72 6 16 48 78 12 138 0 168 132 180 90
0 0 0 0 84 0 0 0 84 0 0 0 0 126 0 0
150 180 60 60 195 165 180 30 168 18 144 0 0 201 126 30
168 126 0 168 175 0 126 91 84 161 0 0 0 0 70 0
42 0 84 42 0 0 126 42 126 168 84 0 168 42 42 0
188 101 0 8 0 165 106 88 25 0 0 0 0 0 0 101
0 0 192 6 0 0 0 0 0 0 132 0 0 0 0 0
0 0 0 0 175 0 0 105 0 35 70 35 0 0 70 35
0 105 28 0 0 0 0 0 14 41 14 0 0 196 6 70
147 105 126 42 0 0 189 42 0 63 0 0 126 0 0 0
0 0 0 0 0 0 0 0 105 0 105 0 0 105 105 0
105 105 0 0 0 0 105 0 0 105 0 0 0 0 0 175
0 0 0 0 0 0 0 0 0 0 0 0 0 0 0 0
0 105 105 105 105 175 140 0 140 0 105 0 0 70 175 0
60 30 0 150 0 180 150 180 30 0 0 0 0 180 150 30
70 70 70 175 168 189 182 140 147 168 189 0 0 63 105 0
12 90 30 72 138 204 194 162 132 198 72 0 42 78 30 120
0 0 0 0 196 70 140 0 196 0 0 0 0 14 0 0
0 0 0 0 0 0 0 0 0 0 0 0 0 0 0 0
0 0 0 0 0 0 0 0 0 0 0 0 0 0 0 0
0 0 0 0 0 0 0 0 0 0 0 0 0 0 0 0
136 187 0 46 0 135 32 86 65 0 0 0 0 0 0 187
0 0 108 209 0 0 0 0 0 0 153 0 0 0 0 0
0 0 0 0 175 0 0 189 0 35 196 119 0 0 70 35
0 0 168 0 0 0 0 0 84 126 84 0 0 126 126 0
182 0 196 182 0 0 154 112 0 28 0 0 56 0 140 0
30 120 162 180 0 90 180 90 141 72 51 0 0 69 189 120
57 105 96 72 0 0 99 192 0 153 180 0 36 0 90 83
0 0 0 0 0 0 90 0 75 0 0 0 0 45 0 150
0 0 0 0 0 70 140 0 140 0 0 0 0 70 70 0
0 0 168 0 0 0 0 0 168 0 0 0 0 42 42 0
70 70 70 70 126 168 14 140 84 126 168 0 0 126 0 0
198 120 180 138 72 6 16 48 78 12 138 0 168 132 180 90
0 0 0 0 10 190 200 0 70 0 0 0 0 140 0 0
140 140 140 140 0 0 70 70 140 0 0 0 0 0 0 0
60 30 0 150 175 180 150 115 150 95 0 0 0 0 130 0
84 0 168 84 0 0 42 84 42 126 168 0 126 84 84 0
0 0 0 0 0 0 0 0 0 0 0 0 0 0 0 0
0 0 174 187 0 0 0 0 0 0 159 0 0 0 0 0
120 60 0 90 35 150 90 75 90 85 20 25 0 0 50 85
0 0 154 0 0 0 0 0 182 98 182 0 0 28 168 70
0 0 0 0 0 0 0 0 0 0 0 0 0 0 0 0
90 150 192 120 0 60 120 60 66 132 6 0 0 144 84 150
75 105 60 150 0 0 75 120 0 135 60 0 180 0 30 205
0 0 0 0 0 0 90 0 75 0 0 0 0 45 0 150
0 105 105 105 147 99 102 0 12 0 105 0 0 108 129 0
60 30 0 150 0 180 150 180 30 0 0 0 0 180 150 30
0 0 0 0 0 0 0 0 0 0 0 0 0 0 0 0
12 90 30 72 138 204 124 162 132 198 72 0 42 78 30 120
0 0 0 0 1 145 20 0 91 0 0 0 0 119 0 0
150 180 60 60 195 165 180 30 0 60 60 0 0 75 0 30
30 120 0 180 35 90 180 5 180 205 0 0 0 0 170 0
56 140 42 56 0 0 28 196 28 154 112 0 154 126 56 0
60 135 0 150 0 75 150 180 75 0 0 0 0 0 0 135
0 0 60 15 0 0 0 0 0 0 15 0 0 0 0 0
60 30 0 150 175 180 150 195 150 95 10 65 0 0 130 95
0 105 196 0 0 0 0 0 98 77 98 0 0 112 42 70
204 0 12 114 0 0 78 24 0 6 180 0 162 0 90 0
0 0 140 0 0 0 0 0 175 0 175 0 0 35 175 140
6 0 198 96 0 0 132 186 0 204 30 0 48 0 120 64
84 0 0 84 0 0 124 84 157 0 126 0 84 83 0 160
0 105 105 105 63 51 78 0 108 0 105 0 0 132 111 0
0 0 84 0 0 0 0 0 154 0 0 0 0 56 196 140
150 180 60 60 150 30 60 30 180 60 60 0 0 30 60 30
0 0 0 0 0 0 0 0 0 0 0 0 0 0 0 0
0 0 0 0 98 140 70 0 98 0 0 0 0 112 0 0
130 100 10 10 15 45 170 110 70 150 150 0 0 135 0 180
42 84 0 42 105 0 84 189 126 189 0 0 0 0 0 0
168 0 21 63 105 0 189 63 189 147 126 0 147 63 168 0
14 98 0 14 0 0 28 154 70 0 0 0 0 0 0 98
0 0 0 175 0 0 0 0 0 0 105 0 0 0 0 0
30 120 0 180 175 90 180 171 180 65 124 71 0 0 100 65
0 105 0 0 0 0 0 0 0 105 0 0 0 0 0 0
120 0 180 30 0 0 120 150 0 90 180 0 120 0 90 0
180 90 20 30 0 120 30 120 160 180 40 0 0 50 70 20
174 0 72 54 0 0 48 144 0 36 30 0 132 0 120 176
126 0 0 126 0 0 126 126 63 0 84 0 126 147 0 0
0 105 105 105 105 175 140 0 140 0 105 0 0 70 175 0
30 120 0 180 0 90 180 90 190 0 0 0 0 20 40 50
140 140 140 140 42 126 28 70 168 42 126 0 0 42 0 0
156 120 180 96 114 132 142 6 36 54 96 0 126 174 180 90
0 0 0 0 133 175 140 0 133 0 0 0 0 77 0 0
20 80 50 50 75 15 10 130 182 162 36 0 0 129 84 60
204 18 0 174 175 150 48 13 132 113 0 0 0 0 190 0
112 70 189 7 105 0 161 77 161 203 14 0 203 147 112 0
88 16 0 178 0 180 206 68 110 0 0 0 0 0 0 16
0 0 126 63 0 0 0 0 0 0 21 0 0 0 0 0
0 0 0 0 0 0 0 0 0 0 0 0 0 0 0 0
0 0 70 0 0 0 0 0 140 50 140 0 0 70 120 70
135 105 150 60 0 0 135 90 0 75 150 0 30 0 180 0
0 0 84 0 0 0 0 0 147 84 147 0 0 63 63 0
42 0 126 42 0 0 84 42 0 168 0 0 126 0 0 28
0 0 0 0 0 0 0 0 105 0 0 0 0 105 0 0
0 105 105 105 189 83 94 0 184 0 105 0 0 116 53 0
120 60 126 90 0 150 90 150 81 0 0 0 0 129 69 60
140 140 140 35 0 105 70 70 105 0 105 0 0 105 105 0
78 60 90 48 162 66 176 108 18 132 48 0 168 192 90 150
0 0 0 0 14 140 70 0 14 0 0 0 0 196 0 0
10 40 130 130 195 165 110 170 28 18 144 0 0 201 126 30
150 180 0 60 140 30 60 200 60 10 0 0 0 0 80 0
70 70 0 70 0 0 140 140 140 140 140 0 140 0 70 0
36 102 0 6 0 150 132 66 150 0 0 0 0 0 0 102
0 0 60 120 0 0 0 0 0 0 120 0 0 0 0 0
0 0 0 0 105 0 0 105 0 105 0 105 0 0 0 105
0 105 98 0 0 0 0 0 154 1 154 0 0 56 36 140
0 0 0 0 0 0 0 0 0 0 0 0 0 0 0 0
0 0 0 0 0 0 0 0 105 0 105 0 0 105 105 0
30 0 150 60 0 0 30 90 0 180 150 0 30 0 180 180
0 0 0 0 0 0 0 0 105 0 0 0 0 105 0 0
0 105 105 105 105 205 50 0 80 0 105 0 0 160 55 0
0 0 0 0 0 0 0 0 0 0 0 0 0 0 0 0
10 40 130 25 66 93 74 170 159 186 123 0 0 51 165 30
102 30 150 192 18 54 74 12 72 108 192 0 42 138 150 180
0 0 0 0 0 0 0 0 0 0 0 0 0 0 0 0
0 0 0 0 0 0 0 0 0 0 0 0 0 0 0 0
96 132 0 156 175 120 72 37 198 47 0 0 0 0 40 0
140 140 105 35 105 0 175 175 175 175 70 0 175 105 140 0
70 70 0 70 0 0 140 140 140 0 0 0 0 0 0 70
0 0 60 50 0 0 0 0 0 0 120 0 0 0 0 0
0 0 0 0 105 0 0 147 0 105 168 147 0 0 0 105
0 105 56 0 0 0 0 0 28 127 28 0 0 182 162 140
21 105 168 126 0 0 147 126 0 189 0 0 168 0 0 0
0 0 42 0 0 0 0 0 21 42 21 0 0 189 189 0
102 0 6 162 0 0 144 12 0 108 90 0 186 0 150 108
0 0 0 0 0 0 10 0 55 0 0 0 0 5 0 40
0 105 105 105 63 21 168 0 168 0 105 0 0 42 21 0
120 60 168 90 0 150 90 150 53 0 0 0 0 157 167 130
140 140 140 35 0 105 70 70 105 0 105 0 0 105 105 0
48 150 120 78 132 186 76 18 108 162 78 0 168 102 120 60
0 0 0 0 63 105 0 0 63 0 0 0 0 147 0 0
140 140 140 140 105 105 70 70 140 0 0 0 0 105 0 0
90 150 0 120 0 60 120 120 120 90 0 0 0 0 90 0
126 0 42 126 0 0 168 126 168 84 42 0 84 126 126 0
0 0 0 0 0 0 0 0 0 0 0 0 0 0 0 0
0 0 0 0 0 0 0 0 0 0 0 0 0 0 0 0
90 150 0 120 105 60 120 135 120 195 120 45 0 0 90 195
0 0 0 0 0 0 0 0 0 120 0 0 0 0 120 0
167 105 16 152 0 0 139 172 0 43 30 0 146 0 50 0
90 150 66 120 0 60 120 60 108 6 48 0 0 102 42 150
63 105 84 168 0 0 21 168 0 147 0 0 84 0 0 147
42 0 0 42 0 0 142 42 46 0 168 0 42 134 0 190
0 105 105 105 21 177 36 0 66 0 105 0 0 174 27 0
120 60 0 90 0 150 90 150 200 0 0 0 0 10 20 130
70 70 70 70 84 42 56 140 126 84 42 0 0 84 0 0
96 90 30 156 54 162 152 36 6 114 156 0 126 204 30 120
0 0 0 0 35 35 70 0 35 0 0 0 0 175 0 0
0 0 0 0 105 105 0 0 84 84 42 0 0 63 168 0
42 84 0 42 70 0 84 154 126 14 0 0 0 0 70 0
142 160 159 97 165 0 101 167 41 203 74 0 173 27 82 120
98 56 0 98 0 0 196 28 70 0 0 0 0 0 0 56
0 0 30 60 0 0 0 0 0 0 60 0 0 0 0 0
0 0 0 0 140 0 0 0 0 70 140 70 0 0 140 70
0 0 140 0 0 0 0 0 70 160 70 0 0 140 90 140
165 105 90 120 0 0 165 180 0 45 90 0 60 0 150 0
90 150 150 120 0 60 120 60 150 90 90 0 0 60 0 150
75 105 60 150 0 0 75 120 0 135 60 0 180 0 30 205
0 0 0 0 0 0 0 0 0 0 0 0 0 0 0 0
0 105 105 105 189 63 84 0 84 0 105 0 0 126 63 0
0 0 42 0 0 0 0 0 42 0 0 0 0 168 168 0
200 170 80 185 18 159 52 40 177 108 129 0 0 33 45 180
186 30 150 66 144 12 32 96 156 24 66 0 126 54 150 180
0 0 0 0 182 140 70 0 182 0 0 0 0 28 0 0
140 140 140 140 105 105 70 70 14 84 42 0 0 63 168 0
6 192 0 36 175 60 162 127 78 167 0 0 0 0 160 0
28 70 126 28 0 0 14 98 14 182 56 0 182 168 28 0
144 93 0 24 0 75 108 54 75 0 0 0 0 0 0 93
0 0 66 48 0 0 0 0 0 0 6 0 0 0 0 0
60 30 0 150 70 180 150 132 150 200 178 2 0 0 130 200
0 0 70 0 0 0 0 0 140 140 140 0 0 70 0 70
113 105 124 128 0 0 1 178 0 97 180 0 134 0 20 0
60 30 184 150 0 180 150 180 107 144 137 0 0 103 203 100
114 0 192 144 0 0 198 174 0 96 150 0 72 0 180 26
168 0 0 168 0 0 98 168 119 0 42 0 168 91 0 140
0 105 105 105 105 165 30 0 90 0 105 0 0 180 75 0
0 0 0 0 0 0 0 0 140 0 0 0 0 70 140 70
0 0 0 105 0 105 0 0 105 0 105 0 0 105 105 0
24 180 60 144 66 198 38 114 54 186 144 0 84 156 60 30
0 0 0 0 160 100 50 0 70 0 0 0 0 140 0 0
80 110 200 200 195 165 40 100 140 60 60 0 0 75 0 30
0 0 0 0 0 0 0 0 0 0 0 0 0 0 0 0
186 180 87 201 15 0 153 201 33 189 162 0 129 201 66 30
188 101 0 8 0 165 106 88 25 0 0 0 0 0 0 101
0 0 0 175 0 0 0 0 0 0 105 0 0 0 0 0
0 0 0 0 0 0 0 0 0 0 0 0 0 0 0 0
0 105 0 0 0 0 0 0 0 165 0 0 0 0 60 0
192 0 36 132 0 0 24 72 0 18 120 0 66 0 60 0
0 0 70 0 0 0 0 0 140 0 140 0 0 70 140 70
18 0 174 78 0 0 186 138 0 192 90 0 144 0 150 52
84 0 0 84 0 0 94 84 202 0 126 0 84 68 0 40
0 0 0 0 126 12 6 0 186 0 0 0 0 204 162 0
0 0 126 0 0 0 0 0 21 0 0 0 0 189 189 0
70 70 70 175 42 21 98 140 63 42 21 0 0 147 105 0
48 150 120 78 132 186 76 18 108 162 78 0 168 102 120 60
0 0 0 0 45 15 60 0 105 0 0 0 0 105 0 0
0 0 0 0 0 0 0 0 84 84 42 0 0 168 168 0
84 168 0 84 35 0 168 203 42 133 0 0 0 0 140 0
4 40 108 124 120 0 62 194 152 56 8 0 206 54 94 30
6 192 0 36 0 60 162 186 60 0 0 0 0 0 0 192
0 0 0 35 0 0 0 0 0 0 105 0 0 0 0 0
0 0 0 0 175 0 0 21 0 35 154 161 0 0 70 35
0 0 42 0 0 0 0 0 126 24 126 0 0 84 24 0
203 105 154 98 0 0 91 28 0 7 0 0 14 0 140 0
0 0 0 0 0 0 0 0 0 0 0 0 0 0 0 0
57 105 96 72 0 0 99 192 0 153 180 0 36 0 90 83
0 0 0 0 0 0 0 0 0 0 0 0 0 0 0 0
0 105 105 105 105 105 0 0 0 0 105 0 0 0 105 0
0 0 42 0 0 0 0 0 182 0 0 0 0 28 98 70
70 70 70 175 42 21 98 140 63 42 21 0 0 147 105 0
18 30 150 108 102 96 46 138 198 192 108 0 168 12 150 180
0 0 0 0 70 70 140 0 70 0 0 0 0 140 0 0
0 0 0 0 0 0 0 0 0 0 0 0 0 0 0 0
126 42 0 126 35 0 42 77 168 7 0 0 0 0 140 0
70 70 0 70 0 0 140 140 140 140 140 0 140 0 70 0
140 140 0 140 0 0 70 70 70 0 0 0 0 0 0 140
0 0 174 187 0 0 0 0 0 0 159 0 0 0 0 0
60 30 0 150 140 180 150 90 150 130 80 100 0 0 200 130
0 105 0 0 0 0 0 0 0 105 0 0 0 0 0 0
105 105 0 0 0 0 105 0 0 105 0 0 0 0 0 0
0 0 70 0 0 0 0 0 140 0 140 0 0 70 140 70
147 105 126 42 0 0 189 42 0 63 0 0 126 0 0 133
0 0 0 0 0 0 30 0 165 0 0 0 0 15 0 120
0 105 105 105 63 141 18 0 138 0 105 0 0 192 171 0
0 0 0 0 0 0 0 0 105 0 0 0 0 105 105 0
180 90 30 135 54 57 156 120 111 114 177 0 0 99 135 120
96 90 30 156 54 162 152 36 6 114 156 0 126 204 30 120
0 0 0 0 0 0 0 0 0 0 0 0 0 0 0 0
100 190 40 40 60 180 50 20 196 96 138 0 0 162 42 90
90 150 0 120 140 60 120 50 120 160 0 0 0 0 20 0
0 0 105 105 105 0 105 105 105 105 0 0 105 105 0 0
140 35 0 140 0 105 70 70 175 0 0 0 0 0 0 35
0 0 54 192 0 0 0 0 0 0 24 0 0 0 0 0
0 0 0 0 35 0 0 63 0 175 182 133 0 0 140 175
0 105 140 0 0 0 0 0 70 55 70 0 0 140 90 140
119 105 112 14 0 0 133 154 0 91 0 0 182 0 140 0
0 0 70 0 0 0 0 0 35 0 35 0 0 175 35 70
102 0 6 162 0 0 144 12 0 108 90 0 186 0 150 178
84 0 0 84 0 0 124 84 157 0 126 0 84 83 0 160
0 105 105 105 105 35 70 0 70 0 105 0 0 140 35 0
0 0 0 0 0 0 0 0 0 0 0 0 0 0 0 0
60 30 150 150 18 54 192 180 72 108 24 0 0 138 150 180
78 60 90 48 162 66 176 108 18 132 48 0 168 192 90 150
0 0 0 0 153 135 120 0 63 0 0 0 0 147 0 0
0 0 0 0 105 105 0 0 126 126 168 0 0 147 42 0
90 150 0 120 35 60 120 155 120 55 0 0 0 0 20 0
0 0 0 0 0 0 0 0 0 0 0 0 0 0 0 0
0 0 0 0 0 0 0 0 0 0 0 0 0 0 0 0
0 0 0 105 0 0 0 0 0 0 105 0 0 0 0 0
30 120 0 180 175 90 180 171 180 65 124 71 0 0 100 65
0 0 0 0 0 0 0 0 0 0 0 0 0 0 0 0
9 105 192 144 0 0 93 174 0 201 150 0 72 0 180 0
180 90 202 30 0 120 30 120 41 12 131 0 0 169 119 160
0 0 0 0 0 0 0 0 0 0 0 0 0 0 0 70
0 0 0 0 0 0 10 0 55 0 0 0 0 5 0 40
0 0 0 0 0 70 140 0 140 0 0 0 0 70 70 0
120 60 0 90 0 150 90 150 130 0 0 0 0 80 160 200
20 80 50 155 90 165 190 130 45 120 15 0 0 165 15 60
48 150 120 78 132 186 146 18 108 162 78 0 168 102 120 60
0 0 0 0 79 115 110 0 49 0 0 0 0 161 0 0
20 80 50 50 75 15 10 130 182 162 36 0 0 129 84 60
144 198 0 24 140 180 108 38 192 88 0 0 0 0 200 0
72 90 159 27 165 0 171 27 111 63 144 0 33 27 12 120
70 70 0 70 0 0 140 140 140 0 0 0 0 0 0 70
0 0 168 49 0 0 0 0 0 0 63 0 0 0 0 0
180 90 0 30 35 120 30 39 30 145 86 139 0 0 110 145
0 0 0 0 0 0 0 0 0 30 0 0 0 0 30 0
7 105 56 112 0 0 119 182 0 203 0 0 196 0 70 0
0 0 70 0 0 0 0 0 35 0 35 0 0 175 35 70
0 0 0 0 0 0 0 0 0 0 0 0 0 0 0 70
126 0 0 126 0 0 56 126 98 0 84 0 126 112 0 140
0 105 105 105 189 83 94 0 184 0 105 0 0 116 53 0
0 0 0 0 0 0 0 0 105 0 0 0 0 105 105 0
0 0 0 0 0 0 0 0 0 0 0 0 0 0 0 0
156 120 180 96 114 132 2 6 36 54 96 0 126 174 180 90
0 0 0 0 105 105 0 0 105 0 0 0 0 105 0 0
0 0 0 0 0 0 0 0 42 42 126 0 0 84 84 0
42 84 0 42 105 0 84 189 126 189 0 0 0 0 0 0
0 0 105 105 105 0 105 105 105 105 0 0 105 105 0 0
138 6 0 198 0 120 156 78 120 0 0 0 0 0 0 6
0 0 30 60 0 0 0 0 0 0 60 0 0 0 0 0
0 0 0 0 0 0 0 0 0 0 0 0 0 0 0 0
0 105 98 0 0 0 0 0 154 1 154 0 0 56 36 140
186 0 48 36 0 0 102 96 0 24 90 0 18 0 150 0
60 30 156 150 0 180 150 180 198 186 18 0 0 12 42 30
168 0 84 168 0 0 126 168 0 42 0 0 84 0 0 182
0 0 0 0 0 0 160 0 145 0 0 0 0 185 0 10
0 105 105 105 21 77 196 0 196 0 105 0 0 14 77 0
90 150 84 120 0 60 120 60 94 0 0 0 0 116 106 80
100 190 40 40 30 90 110 20 120 180 180 0 0 90 180 90
78 60 90 48 162 66 176 108 18 132 48 0 168 192 90 150
0 0 0 0 50 110 160 0 140 0 0 0 0 70 0 0
70 70 70 70 105 105 140 140 28 168 84 0 0 21 126 0
96 132 0 156 175 120 72 37 198 47 0 0 0 0 40 0
44 20 138 104 60 0 52 34 202 196 88 0 166 174 194 120
0 105 0 0 0 105 0 0 105 0 0 0 0 0 0 105
0 0 0 0 0 0 0 0 0 0 0 0 0 0 0 0
0 0 0 0 105 0 0 147 0 105 168 147 0 0 0 105
0 0 98 0 0 0 0 0 154 16 154 0 0 56 156 140
5 105 130 80 0 0 145 190 0 205 60 0 110 0 170 0
90 150 150 120 0 60 120 60 150 90 90 0 0 60 0 150
105 105 0 0 0 0 105 0 0 105 0 0 0 0 0 105
84 0 0 84 0 0 4 84 127 0 126 0 84 23 0 100
0 0 0 0 126 122 166 0 106 0 0 0 0 44 2 0
120 60 168 90 0 150 90 150 53 0 0 0 0 157 167 130
0 0 0 0 0 0 0 0 0 0 0 0 0 0 0 0
132 150 120 162 48 144 104 102 192 78 162 0 42 18 120 60
0 0 0 0 39 195 150 0 189 0 0 0 0 21 0 0
0 0 0 0 105 105 0 0 84 84 42 0 0 63 168 0
204 18 0 174 105 150 48 153 132 183 0 0 0 0 120 0
90 60 15 165 75 0 135 165 165 105 180 0 15 165 120 150
12 69 0 72 0 15 114 162 15 0 0 0 0 0 0 69
0 0 42 126 0 0 0 0 0 0 42 0 0 0 0 0
30 120 0 180 35 90 180 3 180 205 152 43 0 0 170 205
0 0 126 0 0 0 0 0 168 42 168 0 0 42 42 0
167 105 16 152 0 0 139 172 0 43 30 0 146 0 50 0
0 0 42 0 0 0 0 0 126 42 126 0 0 84 84 0
105 105 0 0 0 0 105 0 0 105 0 0 0 0 0 35
42 0 0 42 0 0 32 42 176 0 168 0 42 184 0 170
0 0 0 0 0 0 0 0 0 0 0 0 0 0 0 0
0 0 0 0 0 0 0 0 140 0 0 0 0 70 140 70
0 0 0 105 168 189 42 0 147 168 189 0 0 63 105 0
108 180 60 18 192 156 206 198 138 102 18 0 168 72 60 30
0 0 0 0 0 0 0 0 0 0 0 0 0 0 0 0
150 180 60 60 90 60 180 30 126 186 18 0 0 12 42 30
78 186 0 48 0 150 6 6 174 36 0 0 0 0 120 0
142 160 159 97 165 0 101 167 41 203 74 0 173 27 82 120
60 30 0 150 0 180 150 180 180 0 0 0 0 0 0 30
0 0 156 53 0 0 0 0 0 0 81 0 0 0 0 0
0 0 0 0 175 0 0 105 0 35 70 35 0 0 70 35
0 105 140 0 0 0 0 0 70 175 70 0 0 140 0 140
0 0 0 0 0 0 0 0 0 0 0 0 0 0 0 0
0 0 140 0 0 0 0 0 70 0 70 0 0 140 70 140
12 0 186 192 0 0 54 162 0 198 60 0 96 0 30 198
84 0 0 84 0 0 154 84 112 0 126 0 84 98 0 70
0 105 105 105 105 145 20 0 200 0 105 0 0 190 85 0
30 120 0 180 0 90 180 90 190 0 0 0 0 20 40 50
200 170 80 185 18 159 52 40 177 108 129 0 0 33 45 180
24 180 60 144 66 198 38 114 54 186 144 0 84 156 60 30
0 0 0 0 105 105 0 0 105 0 0 0 0 105 0 0
60 30 150 150 15 45 30 180 42 192 66 0 0 9 84 180
186 72 0 66 175 180 192 157 108 137 0 0 0 0 130 0
0 0 0 0 0 0 0 0 0 0 0 0 0 0 0 0
70 70 0 70 0 0 140 140 140 0 0 0 0 0 0 70
0 0 0 105 0 0 0 0 0 0 105 0 0 0 0 0
0 0 0 0 105 0 0 105 0 105 0 105 0 0 0 105
0 0 0 0 0 0 0 0 0 120 0 0 0 0 120 0
35 105 70 140 0 0 175 70 0 175 0 0 140 0 140 0
60 30 184 150 0 180 150 180 107 144 137 0 0 103 203 100
105 105 0 0 0 0 105 0 0 105 0 0 0 0 0 175
126 0 0 126 0 0 126 126 168 0 84 0 126 42 0 0
0 105 105 105 189 153 24 0 114 0 105 0 0 186 123 0
0 0 84 0 0 0 0 0 49 0 0 0 0 161 91 140
180 90 30 135 138 99 72 120 27 198 9 0 0 183 135 120
114 120 180 54 156 48 58 174 204 96 54 0 84 6 180 90
0 0 0 0 0 0 0 0 0 0 0 0 0 0 0 0
100 190 40 40 165 75 50 20 70 180 180 0 0 15 0 90
168 126 0 168 0 0 126 126 84 126 0 0 0 0 0 0
168 0 126 168 0 0 84 168 84 42 126 0 42 168 168 0
188 101 0 8 0 165 106 88 25 0 0 0 0 0 0 101
0 0 48 159 0 0 0 0 0 0 33 0 0 0 0 0
180 90 0 30 70 120 30 60 30 110 100 20 0 0 40 110
0 0 84 0 0 0 0 0 42 18 42 0 0 168 18 0
0 0 0 0 0 0 0 0 0 0 0 0 0 0 0 0
0 0 154 0 0 0 0 0 77 84 77 0 0 133 203 70
0 0 0 0 0 0 0 0 0 0 0 0 0 0 0 0
168 0 0 168 0 0 168 168 189 0 42 0 168 21 0 0
0 105 105 105 63 21 168 0 168 0 105 0 0 42 21 0
150 180 0 60 0 30 60 30 180 0 0 0 0 30 60 180
70 70 70 70 84 42 56 140 126 84 42 0 0 84 0 0
108 180 60 18 192 156 206 198 138 102 18 0 168 72 60 30
0 0 0 0 135 45 180 0 105 0 0 0 0 105 0 0
70 70 70 70 105 105 140 140 70 0 0 0 0 105 0 0
150 180 0 60 0 30 60 60 60 150 0 0 0 0 150 0
48 60 36 18 180 0 114 18 144 42 96 0 162 18 78 150
110 20 0 170 0 120 100 190 190 0 0 0 0 0 0 20
0 0 0 0 0 0 0 0 0 0 0 0 0 0 0 0
90 150 0 120 140 60 120 198 120 160 92 178 0 0 20 160
0 105 182 0 0 0 0 0 196 49 196 0 0 14 84 140
140 0 70 140 0 0 70 70 0 70 0 0 140 0 140 0
0 0 168 0 0 0 0 0 84 168 84 0 0 126 126 0
57 105 96 72 0 0 99 192 0 153 180 0 36 0 90 83
42 0 0 42 0 0 122 42 41 0 168 0 42 19 0 110
0 0 0 0 0 0 0 0 0 0 0 0 0 0 0 0
120 60 0 90 0 150 90 150 95 0 0 0 0 115 125 130
0 0 0 0 84 42 126 0 126 84 42 0 0 84 0 0
186 30 150 66 144 12 172 96 156 24 66 0 126 54 150 180
0 0 0 0 35 35 70 0 35 0 0 0 0 175 0 0
0 0 0 0 0 0 0 0 0 0 0 0 0 0 0 0
0 0 0 0 175 0 0 175 0 35 0 0 0 0 70 0
140 140 105 35 105 0 175 175 175 175 70 0 175 105 140 0
124 13 0 184 0 15 128 134 155 0 0 0 0 0 0 13
0 0 174 187 0 0 0 0 0 0 159 0 0 0 0 0
0 0 0 0 105 0 0 189 0 105 126 189 0 0 0 105
0 105 140 0 0 0 0 0 70 175 70 0 0 140 0 140
105 105 0 0 0 0 105 0 0 105 0 0 0 0 0 0
150 180 110 60 0 30 60 30 40 150 10 0 0 170 70 110
168 0 84 168 0 0 126 168 0 42 0 0 84 0 0 112
126 0 0 126 0 0 206 126 83 0 84 0 126 187 0 110
0 105 105 105 21 47 76 0 46 0 105 0 0 134 197 0
0 0 0 0 0 0 0 0 70 0 0 0 0 140 70 140
130 100 10 10 60 180 80 110 30 150 150 0 0 180 150 180
114 120 180 54 156 48 58 174 204 96 54 0 84 6 180 90
0 0 0 0 1 145 20 0 91 0 0 0 0 119 0 0
0 0 0 0 105 105 0 0 0 0 0 0 0 105 0 0
90 150 0 120 0 60 120 120 120 90 0 0 0 0 90 0
168 0 126 168 0 0 84 168 84 42 126 0 42 168 168 0
20 80 0 50 0 60 190 130 130 0 0 0 0 0 0 80
0 0 168 49 0 0 0 0 0 0 63 0 0 0 0 0
120 60 0 90 70 150 90 96 90 50 34 116 0 0 190 50
0 0 0 0 0 0 0 0 0 0 0 0 0 0 0 0
0 0 0 0 0 0 0 0 0 0 0 0 0 0 0 0
90 150 150 120 0 60 120 60 45 90 195 0 0 165 105 150
60 0 90 120 0 0 60 180 0 150 90 0 60 0 150 80
84 0 0 84 0 0 124 84 157 0 126 0 84 83 0 160
0 105 105 105 105 175 140 0 140 0 105 0 0 70 175 0
150 180 0 60 0 30 60 30 5 0 0 0 0 205 95 40
120 60 90 90 120 150 90 150 60 90 90 0 0 150 90 150
174 150 120 204 6 18 188 144 24 36 204 0 84 186 120 60
0 0 0 0 21 105 0 0 21 0 0 0 0 189 0 0
0 0 0 0 105 105 0 0 0 0 0 0 0 105 0 0
0 0 0 0 0 0 0 0 0 0 0 0 0 0 0 0
0 0 105 105 105 0 105 105 105 105 0 0 105 105 0 0
160 115 0 190 0 165 50 200 95 0 0 0 0 0 0 115
0 0 0 35 0 0 0 0 0 0 105 0 0 0 0 0
30 120 0 180 175 90 180 171 180 65 124 71 0 0 100 65
0 0 126 0 0 0 0 0 168 42 168 0 0 42 42 0
195 105 30 180 0 0 195 60 0 15 30 0 90 0 120 0
0 0 182 0 0 0 0 0 91 42 91 0 0 119 49 140
75 105 60 150 0 0 75 120 0 135 60 0 180 0 30 205
0 0 0 0 0 0 0 0 0 0 0 0 0 0 0 0
0 0 0 0 126 112 56 0 56 0 0 0 0 154 112 0
0 0 0 0 0 0 0 0 0 0 0 0 0 0 0 0
30 120 180 75 156 153 54 90 99 96 33 0 0 111 75 90
0 0 0 0 0 0 0 0 0 0 0 0 0 0 0 0
0 0 0 0 150 120 60 0 0 0 0 0 0 0 0 0
20 80 50 50 75 15 10 130 182 162 36 0 0 129 84 60
180 90 0 30 70 120 30 100 30 110 0 0 0 0 40 0
56 140 42 56 0 0 28 196 28 154 112 0 154 126 56 0
0 0 0 0 0 0 0 0 0 0 0 0 0 0 0 0
0 0 168 189 0 0 0 0 0 0 63 0 0 0 0 0
60 30 0 150 35 180 150 111 150 25 164 121 0 0 200 25
0 0 0 0 0 0 0 0 0 60 0 0 0 0 60 0
15 105 180 30 0 0 15 150 0 195 180 0 120 0 90 0
120 60 60 90 0 150 90 150 165 120 15 0 0 45 105 60
189 105 42 84 0 0 63 84 0 21 0 0 42 0 0 21
168 0 0 168 0 0 168 168 84 0 42 0 168 126 0 0
0 105 105 105 189 83 94 0 184 0 105 0 0 116 53 0
120 60 0 90 0 150 90 150 165 0 0 0 0 45 195 60
160 10 190 190 90 60 50 200 150 120 120 0 0 60 120 60
108 180 60 18 192 156 206 198 138 102 18 0 168 72 60 30
0 0 0 0 175 175 140 0 175 0 0 0 0 35 0 0
30 120 180 180 60 180 120 90 0 180 180 0 0 120 0 90
180 90 0 30 140 120 30 170 30 40 0 0 0 0 110 0
156 90 117 111 165 0 3 111 153 189 102 0 159 111 96 120
140 35 0 140 0 105 70 70 175 0 0 0 0 0 0 35
0 0 66 83 0 0 0 0 0 0 111 0 0 0 0 0
0 0 0 0 0 0 0 0 0 0 0 0 0 0 0 0
0 105 98 0 0 0 0 0 154 1 154 0 0 56 36 140
205 105 80 130 0 0 65 20 0 5 150 0 100 0 40 0
0 0 28 0 0 0 0 0 14 168 14 0 0 196 56 70
0 0 0 0 0 0 0 0 0 0 0 0 0 0 0 0
84 0 0 84 0 0 154 84 7 0 126 0 84 203 0 70
0 0 0 0 168 56 28 0 28 0 0 0 0 182 56 0
0 0 0 0 0 0 0 0 0 0 0 0 0 0 0 0
30 120 180 180 30 90 180 90 120 180 180 0 0 90 180 90
66 180 60 186 24 72 122 156 96 144 186 0 126 114 60 30
0 0 0 0 162 180 90 0 42 0 0 0 0 168 0 0
140 140 140 140 105 105 70 70 140 0 0 0 0 105 0 0
96 132 0 156 175 120 72 37 198 47 0 0 0 0 40 0
80 170 60 170 90 0 190 100 100 70 160 0 130 30 200 180
70 70 0 70 0 0 140 140 140 0 0 0 0 0 0 70
0 0 126 28 0 0 0 0 0 0 126 0 0 0 0 0
30 120 0 180 140 90 180 150 180 100 110 190 0 0 170 100
0 105 84 0 0 0 0 0 42 123 42 0 0 168 18 0
98 0 154 98 0 0 196 28 0 112 0 0 14 0 140 0
90 150 150 120 0 60 120 60 150 90 90 0 0 60 0 150
162 0 96 72 0 0 204 192 0 48 180 0 36 0 90 48
42 0 0 42 0 0 162 42 156 0 168 0 42 144 0 60
0 0 0 0 168 156 78 0 108 0 0 0 0 132 6 0
0 0 0 0 0 0 0 0 0 0 0 0 0 0 0 0
30 120 180 180 30 90 180 90 120 180 180 0 0 90 180 90
192 180 60 102 108 114 94 72 12 18 102 0 42 198 60 30
0 0 0 0 203 35 70 0 203 0 0 0 0 7 0 0
70 70 70 70 0 0 140 140 70 0 0 0 0 0 0 0
108 96 0 18 105 30 186 81 144 171 0 0 0 0 150 0
198 90 201 153 165 0 129 153 69 147 186 0 117 153 138 120
206 47 0 116 0 135 172 16 205 0 0 0 0 0 0 47
0 0 30 130 0 0 0 0 0 0 60 0 0 0 0 0
60 30 0 150 70 180 150 90 150 200 10 170 0 0 130 200
0 105 140 0 0 0 0 0 70 175 70 0 0 140 0 140
167 105 16 152 0 0 139 172 0 43 30 0 146 0 50 0
0 0 84 0 0 0 0 0 147 84 147 0 0 63 63 0
63 105 84 168 0 0 21 168 0 147 0 0 84 0 0 147
168 0 0 168 0 0 28 168 49 0 42 0 168 161 0 70
0 0 0 0 0 150 180 0 120 0 0 0 0 30 30 0
180 90 126 30 0 120 30 120 181 0 0 0 0 29 79 20
10 40 130 130 150 30 200 170 180 60 60 0 0 30 60 30
24 180 60 144 66 198 178 114 54 186 144 0 84 156 60 30
0 0 0 0 15 75 90 0 105 0 0 0 0 105 0 0
70 70 70 70 105 105 140 140 112 42 126 0 0 189 84 0
0 0 0 0 70 0 0 70 0 140 0 0 0 0 70 0
142 160 159 97 165 0 101 167 41 203 74 0 173 27 82 120
0 0 0 0 0 0 0 0 0 0 0 0 0 0 0 0
0 0 42 56 0 0 0 0 0 0 42 0 0 0 0 0
0 0 0 0 0 0 0 0 0 0 0 0 0 0 0 0
0 105 140 0 0 0 0 0 70 25 70 0 0 140 60 140
14 0 112 14 0 0 28 154 0 196 0 0 182 0 140 0
30 120 50 180 0 90 180 90 190 30 100 0 0 20 70 50
42 0 126 42 0 0 84 42 0 168 0 0 126 0 0 28
42 0 0 42 0 0 112 42 196 0 168 0 42 14 0 70
0 0 0 0 168 66 138 0 78 0 0 0 0 72 156 0
60 30 0 150 0 180 150 180 170 0 0 0 0 40 80 100
200 170 80 185 18 159 52 40 177 108 129 0 0 33 45 180
66 180 60 186 24 72 52 156 96 144 186 0 126 114 60 30
0 0 0 0 195 135 120 0 105 0 0 0 0 105 0 0
70 70 70 70 105 105 140 140 28 168 84 0 0 21 126 0
12 174 0 72 0 120 114 114 156 54 0 0 0 0 180 0
140 140 0 140 0 0 70 70 70 70 70 0 70 0 140 0
194 188 0 44 0 120 58 64 190 0 0 0 0 0 0 188
0 0 120 135 0 0 0 0 0 0 135 0 0 0 0 0
0 0 0 0 35 0 0 105 0 175 140 175 0 0 140 175
0 105 0 0 0 0 0 0 0 105 0 0 0 0 0 0
105 105 0 0 0 0 105 0 0 105 0 0 0 0 0 0
60 30 184 150 0 180 150 180 107 144 137 0 0 103 203 100
144 0 132 204 0 0 18 54 0 66 90 0 102 0 150 136
0 0 0 0 0 0 0 0 0 0 0 0 0 0 0 0
0 0 0 0 0 140 70 0 70 0 0 0 0 140 140 0
120 60 0 90 0 150 90 150 60 0 0 0 0 150 90 60
0 0 0 105 0 105 0 0 105 0 105 0 0 105 105 0
192 180 60 102 108 114 164 72 12 18 102 0 42 198 60 30
0 0 0 0 180 60 30 0 0 0 0 0 0 0 0 0
170 50 110 110 60 180 190 160 140 180 180 0 0 120 0 90
84 168 0 84 0 0 168 168 42 168 0 0 0 0 0 0
30 90 75 195 165 0 45 195 195 105 60 0 75 195 180 120
188 101 0 8 0 165 106 88 25 0 0 0 0 0 0 101
0 0 162 191 0 0 0 0 0 0 177 0 0 0 0 0
0 0 0 0 175 0 0 105 0 35 70 35 0 0 70 35
0 105 140 0 0 0 0 0 70 175 70 0 0 140 0 140
175 105 140 70 0 0 35 140 0 35 0 0 70 0 70 0
0 0 42 0 0 0 0 0 21 42 21 0 0 189 189 0
168 0 84 168 0 0 126 168 0 42 0 0 84 0 0 112
168 0 0 168 0 0 48 168 54 0 42 0 168 66 0 150
0 105 105 105 189 133 14 0 14 0 105 0 0 196 133 0
0 0 84 0 0 0 0 0 189 0 0 0 0 21 21 0
70 70 70 70 84 42 56 140 126 84 42 0 0 84 0 0
114 120 180 54 156 48 58 174 204 96 54 0 84 6 180 90
0 0 0 0 5 95 100 0 35 0 0 0 0 175 0 0
0 0 0 0 0 0 0 0 168 168 84 0 0 126 126 0
0 0 0 0 0 0 0 0 0 0 0 0 0 0 0 0
140 140 105 35 105 0 175 175 175 175 70 0 175 105 140 0
150 75 0 60 0 135 60 30 135 0 0 0 0 0 0 75
0 0 120 100 0 0 0 0 0 0 30 0 0 0 0 0
0 0 0 0 105 0 0 105 0 105 0 105 0 0 0 105
0 0 0 0 0 0 0 0 0 120 0 0 0 0 120 0
105 105 0 0 0 0 105 0 0 105 0 0 0 0 0 0
120 60 88 90 0 150 90 150 179 78 29 0 0 31 161 130
57 105 96 72 0 0 99 192 0 153 180 0 36 0 90 83
42 0 0 42 0 0 42 42 126 0 168 0 42 84 0 0
0 105 105 105 105 105 0 0 0 0 105 0 0 0 105 0
180 90 0 30 0 120 30 120 195 0 0 0 0 15 135 90
0 0 0 0 126 168 84 0 84 126 168 0 0 126 0 0
192 180 60 102 108 114 164 72 12 18 102 0 42 198 60 30
0 0 0 0 175 175 140 0 175 0 0 0 0 35 0 0
0 0 0 0 0 0 0 0 0 0 0 0 0 0 0 0
192 54 0 102 0 30 144 144 186 24 0 0 0 0 150 0
24 30 18 114 90 0 162 114 72 126 48 0 186 114 144 180
168 21 0 168 0 105 126 168 105 0 0 0 0 0 0 21
0 0 174 187 0 0 0 0 0 0 159 0 0 0 0 0
0 0 0 0 175 0 0 105 0 35 70 35 0 0 70 35
0 0 0 0 0 0 0 0 0 30 0 0 0 0 30 0
118 0 44 208 0 0 146 158 0 92 30 0 34 0 190 0
0 0 0 0 0 0 0 0 0 0 0 0 0 0 0 0
66 0 78 6 0 0 192 156 0 144 120 0 108 0 60 74
84 0 0 84 0 0 14 84 182 0 126 0 84 28 0 140
0 0 0 0 126 32 16 0 76 0 0 0 0 194 152 0
30 120 0 180 0 90 180 90 155 0 0 0 0 55 5 190
130 100 10 115 60 75 80 110 135 150 45 0 0 75 45 180
192 180 60 102 108 114 164 72 12 18 102 0 42 198 60 30
0 0 0 0 1 145 20 0 91 0 0 0 0 119 0 0
70 70 70 70 0 0 140 140 196 126 168 0 0 42 42 0
168 126 0 168 35 0 126 161 84 91 0 0 0 0 140 0
114 90 138 174 60 0 192 174 132 126 18 0 96 174 54 120
100 85 0 40 0 195 110 20 125 0 0 0 0 0 0 85
0 0 84 7 0 0 0 0 0 0 189 0 0 0 0 0
0 0 0 0 140 0 0 168 0 70 182 28 0 0 140 70
0 0 42 0 0 0 0 0 126 114 126 0 0 84 114 0
201 105 18 66 0 0 117 36 0 9 60 0 138 0 30 0
150 180 110 60 0 30 60 30 145 150 115 0 0 65 175 110
165 105 90 120 0 0 165 180 0 45 90 0 60 0 150 45
84 0 0 84 0 0 124 84 157 0 126 0 84 83 0 160
0 0 0 0 0 10 110 0 50 0 0 0 0 100 100 0
0 0 84 0 0 0 0 0 119 0 0 0 0 91 161 70
20 80 50 50 90 60 190 130 150 120 120 0 0 60 120 60
192 180 60 102 108 114 94 72 12 18 102 0 42 198 60 30
0 0 0 0 0 0 0 0 0 0 0 0 0 0 0 0
10 40 130 130 195 165 110 170 28 18 144 0 0 201 126 30
186 72 0 66 105 180 192 87 108 207 0 0 0 0 60 0
0 0 0 0 0 0 0 0 0 0 0 0 0 0 0 0
140 140 0 140 0 0 70 70 70 0 0 0 0 0 0 140
0 0 186 183 0 0 0 0 0 0 141 0 0 0 0 0
30 120 0 180 175 90 180 171 180 65 124 71 0 0 100 65
0 105 126 0 0 0 0 0 168 117 168 0 0 42 12 0
63 105 84 168 0 0 21 168 0 147 0 0 84 0 0 0
0 0 168 0 0 0 0 0 189 168 189 0 0 21 21 0
120 0 180 30 0 0 120 150 0 90 180 0 120 0 90 160
42 0 0 42 0 0 2 42 116 0 168 0 42 64 0 50
0 105 105 105 147 49 182 0 182 0 105 0 0 28 49 0
150 180 0 60 0 30 60 30 180 0 0 0 0 30 60 180
70 70 70 175 0 105 140 140 105 0 105 0 0 105 105 0
6 150 120 36 174 102 202 186 66 204 36 0 126 144 120 60
0 0 0 0 16 10 110 0 196 0 0 0 0 14 0 0
20 80 50 50 75 15 10 130 182 162 36 0 0 129 84 60
0 0 0 0 175 0 0 175 0 35 0 0 0 0 70 0
154 70 63 49 105 0 77 119 77 161 98 0 161 189 154 0
118 136 0 148 0 60 176 158 200 0 0 0 0 0 0 136
0 0 126 63 0 0 0 0 0 0 21 0 0 0 0 0
90 150 0 120 0 60 120 30 120 90 120 150 0 0 90 90
0 0 0 0 0 0 0 0 0 0 0 0 0 0 0 0
117 105 186 192 0 0 159 162 0 93 60 0 96 0 30 0
0 0 70 0 0 0 0 0 140 0 140 0 0 70 140 70
0 0 0 0 0 0 0 0 0 0 0 0 0 0 0 0
42 0 0 42 0 0 182 42 56 0 168 0 42 154 0 140
0 105 105 105 189 83 94 0 184 0 105 0 0 116 53 0
0 0 0 0 0 0 0 0 105 0 0 0 0 105 105 0
140 140 140 140 126 168 154 70 84 126 168 0 0 126 0 0
144 30 150 24 186 138 88 54 114 66 24 0 84 96 150 180
0 0 0 0 5 95 100 0 35 0 0 0 0 175 0 0
140 140 140 140 0 0 70 70 140 0 0 0 0 0 0 0
108 96 0 18 70 30 186 46 144 206 0 0 0 0 10 0
56 140 147 161 105 0 133 91 133 49 112 0 49 21 56 0
84 168 0 84 0 0 168 84 0 0 0 0 0 0 0 168
0 0 84 147 0 0 0 0 0 0 189 0 0 0 0 0
60 30 0 150 35 180 150 111 150 25 164 121 0 0 200 25
0 105 98 0 0 0 0 0 154 1 154 0 0 56 36 140
0 0 0 0 0 0 0 0 0 0 0 0 0 0 0 0
120 60 18 90 0 150 90 150 39 78 99 0 0 171 21 60
0 0 0 0 0 0 0 0 0 0 0 0 0 0 0 140
0 0 0 0 0 0 140 0 35 0 0 0 0 175 0 140
0 105 105 105 105 85 200 0 110 0 105 0 0 10 115 0
0 0 0 0 0 0 0 0 175 0 0 0 0 35 175 140
0 0 0 0 0 0 0 0 0 0 0 0 0 0 0 0
72 120 180 12 198 174 44 132 162 138 12 0 42 48 180 90
0 0 0 0 168 0 0 0 168 0 0 0 0 42 0 0
0 0 0 0 0 0 0 0 0 0 0 0 0 0 0 0
96 132 0 156 175 120 72 37 198 47 0 0 0 0 40 0
28 70 126 28 0 0 14 98 14 182 56 0 182 168 28 0
98 56 0 98 0 0 196 28 70 0 0 0 0 0 0 56
0 0 150 90 0 0 0 0 0 0 90 0 0 0 0 0
5686 5686 84 0 168 84 0 0 42 84 42 126 168 0 126 84 84 0
3258 3268 93 105 31 123 207 201 197 48 141 144 17 0 30 171 71 104
3567 3579 58 85 150 172 32 43 134 153 167 198 46 0 96 109 64 20
152 1730 167 166 87 138 50 41 19 90 152 119 57 74 66 129 120 155
4864 4864 30 120 126 180 0 90 180 90 36 0 0 0 0 174 54 120
3228 3233 102 135 17 192 165 54 66 12 58 192 52 0 126 152 136 208
2132 2156 8 125 84 134 177 27 113 96 4 178 168 18 179 74 208 150
676 2050 6 100 13 113 1 145 9 86 11 50 125 43 68 85 110 182
3239 3239 102 114 0 192 0 180 24 12 180 0 0 0 0 0 0 114
5313 5317 42 84 0 42 105 42 0 189 42 147 84 0 0 126 168 0
1525 1540 5 60 45 35 155 182 36 175 195 5 202 30 11 189 8 165
1510 2519 136 193 207 75 178 45 204 137 128 201 199 128 117 189 153 175
1695 1695 0 105 105 105 105 205 50 0 80 0 105 0 0 160 55 0
6882 6883 95 195 46 140 102 66 145 40 48 115 18 0 104 162 80 120
426 441 148 20 150 8 105 96 142 123 87 203 108 100 80 163 141 192
621 6547 172 68 32 209 187 79 8 44 13 121 187 107 148 137 49 132
3422 3422 84 0 0 84 0 0 144 84 57 0 126 0 84 93 0 30
5788 5803 47 149 12 189 48 96 150 127 55 166 141 0 21 78 152 176
77 103 61 17 108 181 27 52 34 20 25 141 23 9 97 149 73 58
725 982 8 71 205 98 134 141 198 36 166 209 71 147 87 206 100 109
6473 6473 0 0 0 0 105 0 0 21 0 105 84 21 0 0 0 105
5326 5331 122 110 200 137 102 111 40 142 196 102 39 0 42 104 15 100
4882 4883 42 0 0 42 28 154 84 42 112 168 42 0 42 98 0 0
904 5877 201 63 128 85 5 37 29 160 35 93 37 201 111 141 39 117
3935 3935 57 105 96 72 0 70 29 192 140 153 180 0 36 70 160 83
5626 5637 44 49 117 74 84 149 200 76 122 182 147 0 16 34 132 153
4319 4325 112 70 104 112 13 89 204 182 11 204 155 0 42 110 107 200
1416 3135 14 177 54 21 26 140 205 106 188 34 201 170 154 100 55 47
592 592 0 0 6 187 0 0 0 0 112 0 159 0 0 98 28 140
4440 4448 116 15 94 86 105 90 196 61 57 26 129 105 86 153 31 82
5100 5127 118 76 50 103 155 199 143 53 169 90 51 98 195 180 29 112
3957 5723 157 162 170 76 192 33 34 124 106 150 179 206 31 75 78 50
6488 6488 0 0 0 0 0 0 0 0 0 0 0 0 0 0 0 0
6124 6128 204 180 186 84 0 30 154 24 113 30 186 0 54 127 34 90
6431 6432 150 180 0 60 0 30 60 30 110 0 0 0 0 100 200 40
80 319 115 91 124 161 37 4 42 4 161 118 28 126 88 54 42 171
5583 5583 200 170 80 185 102 117 136 40 51 108 129 0 0 159 3 180
4553 4560 195 45 66 120 140 60 155 60 73 139 188 70 0 137 112 45
5491 5511 168 78 97 107 64 61 85 201 53 141 126 42 75 170 30 128
5113 5932 164 0 58 115 104 174 192 80 14 202 5 190 23 19 78 102
3107 3107 84 0 0 84 140 140 194 84 87 0 126 0 84 153 0 160
2809 2819 198 36 168 138 13 139 58 141 13 96 58 123 0 192 59 51
1287 1288 0 0 132 131 0 0 0 0 0 0 117 0 0 0 0 0
2686 4222 127 1 82 109 157 191 89 105 136 115 107 199 163 118 172 118
533 533 167 105 16 152 0 0 139 172 0 43 30 0 146 0 50 0
6768 6773 6 150 30 36 54 102 102 186 171 114 156 0 126 144 120 180
138 162 195 144 4 45 152 137 198 172 144 1 146 105 39 138 181 21
809 4876 144 143 183 44 2 22 113 41 86 29 109 200 110 63 7 70
2756 2756 100 190 40 40 60 180 50 20 70 180 180 0 0 120 0 90
6030 6035 77 165 40 32 32 206 37 112 33 25 96 0 146 117 21 170
2882 2902 139 163 85 19 108 189 200 187 66 10 21 84 195 91 35 10
1225 1552 123 47 51 93 171 25 174 141 138 20 139 5 167 178 5 75
1525 1525 30 120 0 180 0 90 180 180 180 30 0 0 0 0 30 0
1591 1606 18 129 90 153 167 96 25 140 181 192 178 42 155 205 17 44
84 86 120 180 175 135 105 30 75 195 185 175 130 0 85 15 170 90
146 2758 202 177 158 134 99 125 146 11 180 121 2 41 32 181 135 201
4446 4446 0 0 0 0 0 0 0 0 0 0 0 0 0 0 0 0
78 89 14 125 66 184 175 20 179 79 42 89 133 20 69 118 207 170
1640 1669 161 20 23 20 94 144 82 106 33 38 83 10 63 45 111 34
1025 3341 107 68 54 123 206 202 91 181 153 69 205 180 163 14 126 61
3454 3454 120 60 168 90 0 150 170 150 73 0 0 0 0 197 167 30
6181 6191 72 54 79 4 157 114 51 163 65 187 149 0 75 103 4 102
2291 2319 80 89 64 20 205 131 78 17 117 51 205 14 30 186 187 143
6295 6541 33 186 63 149 158 43 59 172 145 188 34 156 78 24 3 187
5397 5397 0 0 0 0 105 0 0 105 0 105 0 0 0 0 0 0
4135 4146 177 15 190 92 95 20 67 147 15 100 58 205 42 75 135 125
3157 3158 32 20 102 92 195 150 196 187 69 133 34 0 88 19 199 100
5090 6172 28 191 135 36 163 105 171 168 112 118 136 209 203 52 77 132
3466 3466 120 165 42 90 0 150 90 150 95 63 42 0 0 115 125 130
1257 1272 90 189 46 105 195 135 178 60 34 142 26 90 142 133 198 194
6329 6351 82 130 112 162 73 198 156 2 201 168 171 65 130 67 199 159
259 2354 26 119 73 124 19 21 23 168 36 15 91 37 79 63 9 52
3848 3848 84 0 0 84 0 0 124 84 157 0 126 0 84 83 0 160
2667 2682 110 140 65 5 171 80 90 115 71 90 87 120 120 171 149 170
403 420 121 152 29 161 124 113 39 146 165 17 66 70 191 103 14 97
2285 5858 5 185 154 134 42 207 104 24 49 189 160 136 62 35 115 178
2432 2432 120 60 126 90 1 85 110 150 137 0 0 0 0 73 34 200
5858 5869 82 64 144 178 148 144 112 12 173 160 5 120 164 21 83 44
3971 3971 0 0 0 0 84 0 0 0 84 0 0 0 0 126 0 0
243 881 137 49 60 148 139 115 174 28 157 166 81 151 45 7 23 147
5507 5507 0 0 0 0 60 90 150 0 0 0 0 0 0 0 0 0
348 357 171 118 143 96 89 112 149 70 147 159 108 0 68 45 96 74
5314 5338 75 138 143 48 22 43 11 186 150 69 208 90 192 128 49 63
3091 3345 80 167 134 93 194 124 91 114 18 47 47 104 136 199 125 52
3757 3757 30 0 150 60 0 0 30 90 0 180 150 0 30 0 180 180
1843 1850 148 151 130 133 180 105 176 26 55 120 147 18 0 0 120 141
4638 4639 188 101 0 8 0 75 166 88 100 0 0 0 0 45 150 101
3208 5331 86 62 114 27 188 144 45 81 82 93 92 188 209 43 49 108
2174 2174 36 60 168 6 0 150 76 66 81 0 84 0 126 129 167 200
6021 6022 10 100 60 100 125 0 50 205 170 105 20 0 200 30 60 180
750 775 40 175 51 175 28 62 104 203 13 200 171 70 102 203 174 14
615 1704 118 195 142 50 76 3 65 36 20 109 90 209 158 98 88 121
2935 2935 144 93 0 24 175 75 108 55 153 47 0 0 0 0 40 171
406 413 65 162 122 83 30 30 91 130 188 166 203 150 158 106 196 192
1386 1413 130 165 152 100 148 49 8 161 196 4 110 186 170 136 146 187
92 645 102 152 134 30 200 140 163 133 74 96 167 105 143 103 163 162
4274 4274 90 150 120 120 90 60 20 60 150 120 120 0 0 60 120 60
2556 2557 66 180 204 186 0 30 102 156 152 72 9 0 168 58 188 194
2061 2084 72 91 188 33 19 179 124 65 138 150 96 0 14 188 144 140
299 338 119 133 50 29 158 133 123 168 119 13 21 180 68 80 50 52
3468 3468 0 0 84 0 0 0 0 0 42 84 42 0 0 168 168 0
3929 3938 170 80 156 140 90 130 48 160 10 96 170 0 66 200 180 22
2539 2541 66 0 78 6 0 0 192 156 0 144 120 0 108 0 60 42
1643 4731 67 68 137 110 110 190 159 54 63 70 150 25 185 173 193 66
4498 4498 27 195 126 102 180 120 209 102 90 183 0 0 36 120 120 203
6312 6326 53 93 24 131 122 8 109 31 114 118 145 24 140 75 45 70
6509 6537 77 17 199 4 194 136 117 121 58 198 64 74 74 71 61 64
104 1541 41 92 197 54 198 195 130 82 99 33 185 179 84 34 57 149
276 276 190 130 160 160 30 90 200 80 112 132 6 0 0 144 84 150
2774 2787 122 115 95 2 148 179 139 37 141 98 87 0 172 119 65 110
2350 2361 16 106 6 160 132 153 176 74 173 20 206 105 140 63 103 15
482 2569 23 194 119 33 121 53 56 114 45 12 33 98 207 149 184 66
6973 6973 0 0 0 0 0 0 0 0 0 0 0 0 0 0 0 0
3970 3970 197 15 196 122 30 90 169 52 120 13 0 0 146 90 20 90
3163 3168 30 15 99 75 105 55 110 90 204 30 135 0 0 6 161 50
2170 3452 187 159 58 203 173 116 146 176 89 127 31 198 83 160 195 144
2166 2166 142 160 159 97 165 0 101 167 41 203 74 0 173 27 82 120
1005 1007 147 105 126 42 0 80 49 42 145 63 0 0 126 185 170 183
136 140 87 15 8 42 105 90 69 183 91 190 85 201 36 179 9 208
6 12 24 90 22 54 20 150 48 0 35 166 139 136 192 115 25 110
241 241 120 60 90 90 120 150 90 150 60 90 90 0 0 150 90 150
1880 1887 134 200 86 34 5 105 28 94 209 146 38 70 42 12 52 148
2024 2043 149 136 60 149 114 150 27 94 174 191 117 57 136 70 168 130
2169 4329 136 145 93 169 60 54 115 182 34 45 108 81 88 11 186 41
2541 2541 53 65 164 143 18 159 73 208 177 45 129 0 84 33 45 117
5435 5435 56 0 28 56 0 0 112 196 0 154 0 0 98 0 140 0
6594 6599 204 60 150 174 170 168 58 134 96 154 108 0 84 138 56 180
5690 6478 110 77 166 171 151 125 176 134 22 75 123 49 142 101 204 55
3505 3505 0 0 0 0 0 0 0 0 0 0 0 0 0 0 0 0
3906 3912 178 61 102 78 136 3 22 48 47 120 76 0 28 132 6 11
2992 3008 208 97 176 198 65 159 150 154 124 55 38 150 0 174 113 136
310 1783 115 173 92 162 71 51 132 129 27 196 9 194 192 24 164 40
107 107 97 105 86 82 0 0 209 32 0 113 30 0 76 0 190 83
4664 4677 49 61 174 179 46 18 18 20 26 72 197 158 60 35 154 70
3616 3645 89 101 151 176 168 93 80 189 94 125 209 150 207 139 80 164
41 71 203 105 106 208 40 86 153 0 166 30 105 22 72 176 26 6
6197 6197 72 204 0 12 35 90 54 115 96 79 124 71 0 0 170 65
4277 4278 104 158 120 74 40 0 58 158 172 168 40 0 190 60 120 150
4335 4364 86 18 21 45 208 115 168 188 129 65 15 29 80 50 178 7
3031 6970 125 38 8 172 69 110 157 130 114 172 149 87 150 91 155 166
5885 5885 90 0 30 180 0 0 90 60 0 120 30 0 90 0 120 120
3340 3345 60 30 66 150 102 96 38 180 44 192 66 0 0 166 24 110
4050 4053 38 47 118 158 75 99 16 64 72 37 34 0 42 59 198 80
337 5157 94 31 46 154 151 16 26 26 19 89 205 153 84 141 178 202
3465 3465 0 0 0 0 140 0 0 0 0 70 140 70 0 0 140 70
2064 2077 180 55 103 68 107 29 7 30 52 105 122 0 43 136 162 30
5491 5522 51 206 125 48 98 29 142 45 172 31 145 14 73 42 170 165
343 5987 181 15 133 120 1 159 37 200 156 162 143 194 154 78 166 112
6737 6737 200 170 80 185 18 159 52 40 177 108 129 0 0 33 45 180
5938 5950 181 133 116 136 206 3 186 88 93 208 203 105 136 143 165 142
5553 5567 124 21 86 124 177 51 202 71 177 197 48 84 190 102 40 63
290 1735 143 94 11 97 58 197 30 16 80 65 106 172 130 137 168 35
6030 6030 84 0 0 84 0 0 204 84 177 0 126 0 84 123 0 60
3254 3269 165 75 37 202 51 153 16 66 121 171 140 15 204 204 30 113
2983 2988 175 70 4 130 105 105 35 125 202 24 47 75 0 103 83 110
450 2622 103 63 61 112 45 129 45 186 63 76 112 185 113 114 149 83
4039 4039 30 120 0 180 0 90 180 90 90 0 0 0 0 0 0 120
1416 1431 128 68 81 183 120 51 205 127 202 183 191 0 39 181 77 70
1723 1747 69 115 164 39 189 194 38 78 155 12 24 189 1 180 103 134
4012 4284 64 173 162 89 124 119 82 60 183 78 174 24 143 182 155 152
2506 2506 0 0 0 0 0 0 0 0 0 120 0 0 0 0 120 0
1828 1834 18 51 150 168 75 135 96 155 51 69 70 125 0 150 180 2
3819 3820 30 120 190 180 0 90 180 90 50 30 170 0 0 160 140 190
1556 1765 8 134 116 191 171 88 60 179 208 83 83 154 32 3 73 114
4179 4179 20 80 50 50 115 145 180 130 42 162 36 0 0 59 84 60
833 837 62 122 110 92 93 18 122 189 102 51 10 71 126 90 156 155
6073 6074 167 105 100 152 0 0 139 172 42 1 72 0 146 168 8 0
2166 4520 124 79 200 161 30 104 129 84 23 168 163 149 88 85 88 126
1482 1482 0 105 0 0 0 0 0 0 0 165 0 0 0 0 60 0
2164 2172 65 47 114 62 195 60 205 169 94 48 84 204 102 156 66 55
4744 4751 150 180 84 102 147 114 12 141 27 165 123 201 0 123 39 105
1738 6651 108 26 143 194 55 106 66 165 145 205 112 61 145 141 136 56
6878 6878 0 0 0 0 0 0 0 0 0 0 0 0 0 0 0 0
345 352 78 90 92 78 0 170 2 48 42 156 136 90 66 108 180 6
4803 4822 26 146 122 86 73 8 164 185 85 19 118 194 42 199 203 46
1191 1563 55 133 67 110 137 143 26 182 34 151 161 28 130 161 54 147
2113 2113 40 160 100 205 54 57 86 50 111 114 177 0 0 99 135 120
4094 4109 20 80 92 94 173 177 176 28 157 118 169 118 30 68 143 120
3237 3237 186 72 184 66 0 180 192 12 65 186 137 0 0 103 203 100
776 2742 76 19 25 85 111 90 35 46 56 29 149 89 180 182 141 69
6845 6845 84 0 6 61 0 0 168 84 0 126 159 0 42 0 0 126
4149 4158 179 120 80 44 70 195 175 124 146 201 24 140 44 7 152 145
4662 4691 136 118 103 161 64 88 32 29 18 4 56 103 86 199 191 183
2177 2739 151 153 96 145 42 147 170 41 71 35 94 62 197 206 183 14
4475 4475 102 0 6 162 0 0 144 12 0 108 90 0 186 0 150 0
1923 1927 12 27 32 72 186 105 180 204 55 158 32 0 14 180 196 3
1414 1445 2 119 24 183 180 189 32 183 168 203 132 45 180 53 132 4
188 1234 96 200 4 60 77 52 78 181 185 129 161 54 138 136 162 162
1519 1519 0 0 0 0 0 0 0 0 0 0 0 0 0 0 0 0
1774 1776 0 0 0 0 0 170 190 0 185 0 0 0 0 55 90 140
1551 1551 0 105 105 105 105 105 0 0 0 0 105 0 0 0 105 0
458 1110 75 28 149 155 190 110 82 82 120 27 32 52 191 81 181 99
517 517 0 0 0 0 0 0 0 0 0 0 0 0 0 0 0 0
1102 1115 55 16 48 189 50 175 153 64 145 29 55 84 142 34 50 191
5280 5294 24 180 199 144 177 118 139 58 205 82 39 119 81 95 97 19
560 1540 100 174 49 201 32 173 101 151 2 66 89 4 70 13 59 26
68 68 0 0 0 0 105 105 0 0 126 126 168 0 0 147 42 0
6482 6493 151 165 92 166 177 87 41 86 204 65 162 120 10 207 166 23
2069 2095 60 62 37 84 134 72 21 162 28 67 110 205 127 97 70 92
1149 4322 51 48 94 32 77 151 172 123 25 129 171 48 209 71 162 95
6807 6807 140 140 0 140 0 0 70 70 70 0 0 0 0 0 0 140
2639 2650 18 156 204 48 202 127 132 33 128 171 6 105 0 187 136 131
4118 4145 61 45 206 208 131 86 77 29 78 6 8 63 176 70 167 175
2538 6811 167 118 124 95 187 95 77 6 72 204 85 76 128 127 55 184
6547 6547 60 30 184 150 90 0 60 180 107 144 137 0 0 103 203 100
6772 6776 90 45 0 50 0 165 120 60 165 0 0 0 0 0 0 45
3204 3207 174 60 160 144 36 108 163 159 80 192 192 0 204 18 12 170
2490 2683 86 101 119 159 96 84 14 109 161 108 102 105 183 111 27 120
5993 5993 204 60 90 174 176 108 43 129 144 76 104 70 84 66 20 10
1769 1771 95 170 122 185 88 159 157 124 93 92 31 14 0 117 169 110
1000 1014 144 135 92 24 176 168 50 96 30 157 103 42 42 12 73 47
748 2351 50 171 106 149 157 70 201 98 45 72 60 126 62 51 51 83
3044 3044 170 50 140 110 175 90 40 31 110 65 124 71 0 0 100 65
5298 5298 132 150 120 162 48 144 104 102 192 78 162 0 42 18 120 60
5921 5947 149 197 51 146 184 92 150 68 105 105 160 113 15 151 144 78
618 661 173 20 125 85 39 36 153 160 209 174 175 70 166 130 148 157
6999 6999 84 168 0 84 0 0 168 84 0 0 0 0 0 0 0 168
6615 6623 156 15 196 124 91 132 166 45 96 192 54 29 84 84 38 65
6967 6979 123 171 88 60 38 98 53 198 188 39 128 120 96 202 122 116
2513 4336 23 105 160 140 121 131 22 145 177 19 101 27 58 181 13 58
4386 4386 102 30 114 169 18 54 74 12 72 108 141 0 42 138 150 180
4584 4591 102 135 136 192 140 110 94 120 180 133 22 118 126 60 120 8
4878 4901 134 190 59 41 126 110 78 57 90 93 173 110 160 147 103 149
2682 3348 32 19 112 43 10 122 92 194 103 147 121 35 19 190 79 151
2858 2858 0 0 0 0 0 0 0 0 0 90 0 0 0 0 90 0
5498 5500 108 180 194 18 0 30 186 198 40 192 10 0 84 170 70 110
930 953 159 170 36 15 108 77 87 180 25 93 203 70 190 54 160 29
3366 5629 59 50 112 90 11 85 104 132 76 90 86 164 185 61 22 195
1011 1011 0 0 0 0 175 175 140 0 175 0 0 0 0 35 0 0
4477 4490 141 105 106 36 199 108 17 3 130 202 186 77 120 2 16 28
5571 5571 20 80 50 50 201 15 10 130 98 162 36 0 0 3 84 60
5791 6247 178 178 49 68 100 100 144 126 81 69 17 200 63 140 194 206
6732 6732 0 0 126 0 1 145 20 0 49 126 168 0 0 161 42 0
3409 3409 70 70 70 70 0 0 140 140 0 0 0 0 0 0 0 0
4475 4501 22 30 78 44 30 58 128 187 194 199 102 5 46 64 163 83
4212 4330 103 79 52 186 88 96 121 201 73 198 191 193 7 140 51 55
4547 4547 0 0 0 0 21 105 0 0 21 0 0 0 0 189 0 0
4068 4080 209 207 148 74 5 0 177 39 11 206 103 105 92 39 137 150
1581 1612 117 177 157 36 29 64 21 5 68 38 6 28 196 173 7 49
1756 3958 159 71 153 32 136 79 1 205 103 196 28 155 116 63 186 205
714 714 0 0 0 0 0 0 0 0 0 0 0 0 0 0 0 0
3558 3558 146 50 196 86 60 180 118 46 15 88 99 0 124 109 19 10
1727 1748 60 207 81 63 1 183 196 112 207 182 3 126 6 134 45 96
169 579 74 204 209 45 204 71 208 36 5 103 84 125 70 152 96 104
1373 1373 204 60 90 174 36 108 43 129 144 6 174 0 84 66 90 150
1175 1176 54 153 42 30 175 15 198 205 93 47 42 0 0 0 40 21
4413 4421 198 15 45 33 12 116 126 48 148 192 3 0 168 92 75 160
1086 3273 56 50 90 123 77 131 172 118 87 106 176 206 196 119 200 112
5107 5107 167 105 16 152 0 0 139 172 0 43 30 0 146 0 50 0
4343 4349 60 170 82 169 1 138 145 180 62 107 95 35 112 38 2 169
5353 5362 148 70 107 208 160 125 83 122 22 22 190 119 191 196 62 159
405 3937 51 142 40 31 62 159 35 30 182 157 24 76 87 146 92 193
708 708 190 25 55 55 9 173 84 80 44 90 195 0 0 176 53 150
6279 6281 170 50 80 5 18 69 82 100 207 78 159 90 0 33 15 150
702 723 46 16 120 31 93 192 194 100 182 200 14 71 56 82 57 45
506 1497 92 165 174 3 24 69 147 175 168 196 20 141 199 39 45 57
1081 1081 180 90 0 30 70 120 30 102 30 110 58 62 0 0 40 110
446 453 12 195 15 72 88 79 204 12 138 84 120 0 42 135 47 130
4266 4287 198 154 112 18 153 12 27 20 30 157 49 175 43 20 43 65
4013 4367 93 169 36 46 14 50 189 122 8 162 30 136 27 83 112 195
6766 6766 126 0 0 126 0 0 206 126 83 0 84 0 126 187 0 110
5536 5541 12 132 0 72 43 72 84 163 148 131 126 0 126 170 140 140
5408 5416 136 208 50 50 128 84 172 10 190 130 192 0 42 64 196 180
140 228 14 94 199 34 123 172 177 206 58 70 93 127 33 22 24 197
2419 2419 120 60 168 90 0 150 90 150 53 0 0 0 0 157 167 130
3533 3548 92 208 182 65 28 81 188 26 0 76 193 0 106 42 163 186
2082 2095 193 89 44 128 55 195 68 193 183 206 187 145 205 174 79 124
1 3 168 0 0 168 207 111 66 168 63 42 168 0 168 147 0 0
1997 1997 121 55 201 181 165 0 164 41 41 14 74 0 5 27 82 71
2010 2014 64 30 84 191 0 180 164 164 92 140 155 0 4 178 150 10
4929 4934 114 162 150 159 190 180 50 175 207 71 129 0 168 138 43 180
3773 6884 111 31 3 167 151 165 19 10 14 174 162 40 188 193 94 190
501 501 116 2 80 101 18 159 94 82 135 150 129 0 0 33 45 180
3284 3285 0 0 174 187 105 0 0 105 0 105 159 0 0 0 0 0
5537 5546 156 120 124 96 24 180 80 0 207 128 176 114 42 141 12 140
514 1030 6 6 55 33 19 12 186 11 21 184 112 183 209 209 127 95
1335 1335 0 0 0 0 0 0 0 0 0 0 0 0 0 0 0 0
1773 1779 126 90 54 6 12 176 42 126 13 84 138 0 72 197 140 202
3280 3291 136 40 58 206 45 165 120 86 142 110 56 105 2 67 192 195
2308 3205 65 50 59 200 116 14 200 37 13 17 11 133 139 174 9 78
2950 2950 140 140 105 35 105 0 175 175 175 175 70 0 175 105 140 0
5122 5132 14 8 157 29 207 22 133 203 79 1 150 35 33 27 46 35
4623 4636 7 103 169 108 162 99 202 71 187 6 29 114 51 118 134 8
412 5895 109 81 179 12 114 116 183 97 99 105 47 77 123 209 33 87
4490 4490 30 120 140 180 175 90 180 171 40 135 194 71 0 140 100 205
6374 6377 36 207 168 160 175 45 132 171 45 35 28 35 0 0 70 32
3121 3124 180 90 30 135 59 2 196 120 108 114 177 0 0 117 105 70
3641 5678 57 58 112 203 199 176 35 5 142 23 17 79 106 85 162 64
2256 2256 90 150 168 120 0 60 120 60 38 0 0 0 0 172 92 10
4913 4919 204 186 62 174 28 175 194 87 141 111 90 0 84 65 138 10
1817 1824 126 0 126 126 0 0 112 0 154 42 0 84 168 56 126 70
306 2539 198 157 44 4 65 57 94 179 75 137 97 83 113 154 39 53
3934 3934 0 0 0 0 0 0 0 0 0 0 0 0 0 0 0 0
4088 4094 72 42 78 61 175 0 50 7 92 83 27 84 30 16 88 72
2540 2562 131 35 29 206 184 12 150 130 124 101 100 209 117 172 178 202
38 3625 165 36 171 84 94 160 91 181 191 171 166 80 144 168 173 54
1638 1638 188 101 0 8 0 165 106 88 25 0 0 0 0 0 0 101
1795 1795 96 132 0 156 175 120 72 37 198 47 0 0 0 0 40 0
5693 5722 113 209 15 6 163 103 158 55 105 9 67 74 37 134 50 138
2698 4891 117 131 41 150 96 4 51 166 74 52 68 48 90 31 24 152
1572 1572 57 105 96 72 0 0 99 192 168 111 54 0 36 126 6 83
5412 5414 132 120 89 177 200 180 111 2 37 144 32 0 173 69 114 120
6228 6250 41 80 154 125 181 118 29 138 34 136 50 62 7 40 149 80
445 759 96 169 112 75 12 75 198 30 41 160 32 180 134 126 106 109
363 363 154 105 70 154 0 0 98 14 154 57 154 0 112 56 106 140
3442 3449 0 189 50 110 57 156 40 90 37 82 88 96 28 81 134 161
1015 1023 150 175 2 139 105 175 30 75 22 193 110 195 80 163 23 122
912 3277 20 149 157 150 180 6 75 185 18 141 183 126 174 67 112 92
603 603 189 105 0 84 0 0 19 84 157 105 126 0 84 83 0 160
3411 3413 160 10 190 190 15 135 140 200 7 162 36 0 0 129 84 60
4744 4755 4 120 182 121 87 153 160 185 46 167 78 171 58 194 104 170
1175 1583 105 49 165 89 206 178 90 13 72 4 76 204 12 48 184 186
6225 6225 0 0 0 0 0 0 0 0 0 0 0 0 0 0 0 0
2066 2075 139 85 95 121 103 5 36 34 98 135 206 105 75 44 182 108
5889 5904 155 97 23 140 108 136 24 136 36 97 161 195 129 56 143 25
3033 5479 172 140 20 41 110 120 189 141 189 197 14 0 50 177 133 80
2268 2268 0 0 0 0 0 0 0 0 0 0 0 0 0 0 0 0
3150 3165 48 108 126 78 110 90 186 200 97 156 30 168 98 135 190 24
5577 5605 68 82 162 206 58 56 152 110 132 156 48 153 142 60 82 101
2367 6894 4 58 209 51 93 7 196 2 192 70 111 146 159 20 12 209
1786 1786 96 132 0 156 175 120 72 37 198 47 0 0 0 0 40 0
1076 1091 151 46 106 140 92 190 183 19 171 68 20 148 150 43 168 29
6291 6319 78 46 49 159 189 104 110 57 1 175 85 77 194 10 55 12
3278 4764 196 42 59 180 195 16 78 178 95 63 133 203 87 132 199 66
6352 6352 96 132 126 156 175 120 72 37 184 47 0 0 0 14 194 140
5589 5592 42 189 34 162 105 105 84 183 110 51 47 0 0 103 173 127
105 132 169 71 6 49 36 192 6 185 49 39 206 126 69 123 48 61
2720 5514 30 107 23 63 80 98 34 174 0 11 206 23 186 66 22 160
237 237 150 0 120 90 0 0 150 30 0 60 120 0 150 0 60 60
1721 1733 161 5 192 26 84 207 97 207 205 126 132 71 186 108 189 190
2622 2624 114 15 140 54 0 90 204 174 28 1 70 0 84 32 174 20
1274 2316 32 178 141 114 157 142 137 48 74 73 67 50 145 3 134 179
5968 5968 60 30 184 150 0 180 150 180 177 144 137 0 0 33 63 30
2405 2419 188 166 23 143 181 128 26 10 3 66 195 194 192 116 185 25
2786 2806 73 105 158 40 27 144 186 182 198 109 61 94 89 197 153 203
1480 3984 186 128 73 1 203 182 45 39 94 52 51 104 42 7 133 135
1915 1915 70 120 200 190 175 90 80 11 180 25 184 71 40 0 200 65
3749 3763 140 148 110 153 76 137 158 36 101 183 105 30 82 192 190 105
2745 2762 122 137 70 102 106 171 52 128 164 78 107 70 28 53 115 55
387 5943 95 18 137 202 188 119 200 36 202 207 180 154 118 27 176 100
4446 4446 84 0 0 84 0 0 84 84 147 0 126 0 84 63 0 0
1244 1248 171 0 199 111 189 83 115 156 66 15 194 0 66 174 19 55
6873 6893 177 188 27 129 153 136 24 90 82 51 111 175 133 97 91 202
1551 2489 71 136 169 35 45 0 162 69 103 66 155 171 92 138 197 26
2998 2998 30 120 0 180 175 90 180 171 180 65 124 71 0 0 100 65
718 729 28 205 158 13 172 183 74 68 171 146 61 98 156 144 64 151
4399 4404 168 0 0 168 157 25 8 168 209 126 0 0 168 205 142 140
299 837 109 149 32 146 35 85 84 178 42 156 136 118 157 97 48 187
5571 5571 0 0 0 0 168 0 0 0 168 0 0 0 0 42 0 0
4960 4970 176 23 58 138 92 42 132 45 194 160 126 0 26 103 172 30
3870 3893 152 209 91 72 38 88 18 198 195 143 125 60 0 48 93 37
3504 3865 111 183 164 56 36 47 75 104 169 77 196 134 50 187 152 192
2962 2962 54 90 204 91 96 78 138 204 174 156 63 0 84 36 30 120
1767 1770 62 59 174 69 0 60 64 4 130 75 117 42 0 0 180 164
852 864 42 178 28 195 9 168 60 63 185 19 156 105 68 3 179 91
587 3986 139 141 44 2 143 30 91 160 120 114 66 176 34 175 26 117
1919 1919 57 105 96 72 0 60 129 192 90 153 180 0 36 180 60 83
1519 1519 188 101 0 8 0 165 106 88 25 0 0 0 0 0 0 101
2059 2064 145 0 179 115 105 105 63 50 46 107 123 0 166 134 100 115
4551 4641 192 181 120 63 206 113 78 132 194 137 191 90 152 21 25 83
1113 1113 0 0 0 0 105 0 0 105 0 105 0 105 0 0 0 105
1820 1828 116 65 185 206 151 182 174 166 90 66 45 0 0 165 23 208
6532 6556 93 153 12 193 155 93 143 209 50 171 63 21 170 59 19 56
1362 2990 24 71 8 87 179 168 140 29 181 205 90 126 114 66 163 204
1059 1059 0 0 0 0 0 0 0 0 0 0 0 0 0 0 0 0
3643 3658 122 44 204 35 40 96 208 107 2 187 131 63 62 173 209 119
1169 1199 10 56 140 183 66 82 125 95 198 15 32 0 125 40 48 59
989 1685 68 104 125 29 139 39 120 108 98 73 118 8 97 185 125 43
4320 4320 200 170 206 185 18 159 52 40 23 108 129 0 0 187 59 40
6104 6110 200 65 206 185 18 159 42 82 185 45 45 42 0 175 87 42
1435 1443 82 125 115 142 200 145 44 92 97 82 47 0 56 113 13 98
85 1702 79 181 168 135 31 202 208 147 82 111 35 36 54 7 32 95
5754 5754 0 0 154 0 1 145 20 0 63 68 182 0 0 147 138 70
6219 6221 48 150 24 78 0 60 36 18 150 132 90 0 84 60 0 150
1008 1036 182 3 39 151 8 66 60 181 52 111 53 159 160 28 37 187
3572 6240 98 160 199 198 28 175 138 197 123 96 15 202 139 99 81 92
4251 4251 154 0 182 154 0 0 98 14 0 56 0 0 112 0 70 0
3163 3163 0 0 0 0 0 0 0 0 0 0 0 0 0 0 0 0
2697 2717 181 10 12 145 209 176 179 56 57 190 12 50 56 57 102 45
133 2429 103 16 169 104 45 185 123 62 61 27 185 111 14 136 155 25
1310 1310 42 0 0 42 0 0 72 42 81 0 168 0 42 99 0 120
5085 5096 170 185 93 110 114 23 15 160 188 43 88 0 202 14 121 24
3843 3871 7 163 141 112 170 209 9 86 32 119 76 30 182 117 193 47
1506 1908 122 153 167 148 121 101 115 89 25 205 42 96 8 63 155 78
6476 6476 0 0 84 0 0 0 0 0 147 84 147 0 0 63 63 0
4874 4881 130 175 132 190 84 52 196 110 102 133 118 0 60 78 184 20
4091 4101 131 185 14 146 114 108 193 106 209 93 150 0 132 171 50 33
4593 4909 106 91 29 84 27 182 157 159 12 89 58 126 103 103 124 152
1168 1168 36 102 0 6 175 150 132 67 168 47 0 0 0 30 100 180
4516 4529 129 152 192 79 198 174 143 114 150 45 121 0 70 129 37 46
6461 6492 135 139 191 95 135 160 126 57 112 78 164 105 19 162 32 1
83 113 200 197 13 73 4 170 201 41 34 34 23 105 39 15 129 185
4679 4679 150 180 0 60 0 30 60 30 30 0 0 0 0 0 0 180
1963 1976 6 28 128 117 4 7 108 150 81 154 181 0 146 43 153 205
1047 1071 14 28 25 140 161 115 52 40 193 24 21 154 56 24 196 104
345 1687 76 3 147 27 98 194 208 86 19 187 177 72 95 172 107 164
5557 5557 0 0 0 0 105 0 0 105 0 105 0 0 0 0 0 0
3772 3779 198 120 167 33 120 90 168 48 57 133 97 0 168 153 209 0
253 261 84 6 72 174 9 198 40 57 129 51 30 0 114 114 96 116
544 839 116 180 91 51 122 124 194 118 136 141 205 8 200 124 178 194
6361 6361 60 30 184 150 35 180 150 75 107 109 67 175 0 103 133 65
6613 6618 206 26 63 67 175 30 25 75 193 173 92 136 147 63 208 90
5138 5169 41 44 29 46 117 73 163 112 19 196 31 135 16 56 48 99
1418 3526 136 113 61 71 179 184 149 65 145 134 167 57 64 150 132 191
2830 2830 120 60 168 90 0 150 90 150 53 0 0 0 0 157 167 130
6983 6994 168 126 27 0 165 35 176 120 64 141 96 72 0 86 16 96
5833 5833 8 11 0 188 0 45 76 28 205 30 180 120 0 0 30 131
1046 3584 158 34 62 102 144 209 48 167 120 39 84 34 44 172 170 143
1526 1526 168 0 21 63 105 0 189 63 189 147 126 0 147 63 168 0
3269 3284 159 118 45 72 31 49 47 126 17 163 93 190 0 155 38 4
4503 4527 198 15 179 8 74 69 134 69 157 21 175 21 126 125 62 91
4130 6250 101 114 35 24 92 24 138 151 183 48 70 16 102 1 67 62
4704 4704 120 60 168 90 0 150 90 150 53 0 0 0 0 157 167 130
5449 5454 209 105 16 194 0 0 71 4 46 133 198 0 188 134 140 190
3209 3223 54 75 33 99 86 189 113 39 200 180 160 160 163 2 122 170
2287 6229 184 135 175 93 128 81 172 91 185 65 192 124 124 124 151 130
5815 5815 92 74 80 167 18 129 76 52 147 108 129 0 0 33 45 84
2680 2692 1 50 62 199 24 153 79 176 139 100 154 150 104 191 198 194
6108 6120 124 118 14 94 147 46 132 13 34 203 46 0 28 64 142 132
126 4983 171 122 114 169 200 124 58 93 55 142 168 19 55 51 83 133
4434 4434 96 90 30 156 54 162 82 36 6 114 156 0 126 204 30 120
190 194 27 90 21 207 117 169 111 102 202 183 105 0 36 8 64 133
2587 2605 47 39 70 62 71 104 193 31 10 60 80 142 20 200 80 62
1466 4226 146 95 28 70 74 169 101 135 114 73 74 118 137 174 59 185
665 665 0 0 0 0 140 0 0 84 0 70 56 154 0 0 140 70
5924 5937 53 144 83 89 7 6 4 199 72 57 192 80 77 12 93 107
2051 2077 95 54 185 115 53 162 41 120 12 93 96 45 172 86 10 59
111 3733 32 56 198 113 85 174 172 150 96 40 119 110 129 135 129 131
647 647 90 150 0 120 0 60 120 60 60 0 0 0 0 0 0 150
5409 5412 182 140 170 182 163 174 34 193 158 179 154 71 42 120 172 185
767 772 32 65 185 17 60 124 14 82 191 24 45 0 42 208 52 180
1968 6349 84 112 179 198 103 8 120 85 177 200 27 190 3 25 141 146
3441 3441 47 45 136 62 90 60 49 22 150 163 150 0 146 60 170 60
1430 1433 50 125 93 89 150 135 85 22 70 90 186 87 135 15 120 140
1139 1162 183 139 50 78 162 36 64 173 26 159 98 41 68 154 140 110
1841 3583 12 189 131 71 81 141 6 92 131 136 158 194 98 198 109 158
6691 6691 142 160 159 97 165 0 101 167 41 203 74 0 173 27 82 120
6923 6932 28 95 147 193 195 113 106 98 160 34 105 0 146 84 39 208
6192 6197 198 78 30 138 106 183 66 67 116 209 114 0 84 186 205 120
411 2267 117 33 144 33 133 0 110 197 163 171 75 140 163 83 167 182
326 326 202 130 99 67 75 0 191 137 11 203 194 0 113 207 22 150
5894 5900 60 205 160 127 70 75 150 6 38 200 36 86 70 147 67 95
1458 1463 148 46 63 13 93 30 61 101 178 119 14 0 35 40 183 130
169 2103 145 27 43 181 23 198 64 115 66 47 194 141 102 16 110 21
6430 6430 41 105 16 26 0 0 13 46 147 43 156 0 20 63 50 0
6147 6148 0 0 0 0 125 65 190 0 14 84 42 0 0 133 168 0
550 574 68 138 174 131 93 149 108 196 52 206 27 68 190 207 104 44
2133 4548 140 83 130 80 52 182 90 44 139 122 71 193 151 42 182 200
1499 1499 105 105 0 0 0 0 105 0 0 105 0 0 0 0 0 0
2573 2574 63 105 84 168 0 0 21 168 105 147 0 0 84 105 0 7
850 877 127 191 43 195 65 122 16 146 71 28 172 175 21 183 45 208
3959 6779 83 58 116 112 198 50 207 47 191 173 125 97 123 119 15 29
1843 1843 0 0 0 0 20 170 190 0 140 0 0 0 0 70 0 0
5519 5527 150 204 156 67 152 29 176 177 65 21 153 0 66 55 186 180
5187 5202 44 75 108 89 115 150 186 45 121 120 44 1 156 207 37 117
1177 5706 65 202 203 59 4 43 76 189 171 48 99 14 187 75 115 102
4994 4994 48 150 120 78 132 186 76 18 108 162 78 0 168 102 120 60
5891 5898 56 77 164 196 139 24 124 193 156 161 184 11 0 201 49 170
6845 6854 91 85 173 31 148 129 56 21 43 60 184 0 1 133 196 39
1987 2323 174 61 166 167 61 116 200 173 23 85 40 124 138 111 61 139
2684 2684 60 30 184 150 0 180 150 180 107 144 137 0 0 103 203 100
2730 2732 148 60 62 118 36 108 141 143 144 132 174 0 196 66 90 150
4662 4670 199 181 172 44 20 150 83 146 67 153 205 22 108 163 143 13
734 6264 9 79 52 108 128 14 134 200 155 36 185 145 62 97 6 72
5197 5197 147 105 126 42 0 0 189 42 0 63 0 0 126 0 0 203
2482 2489 6 87 101 99 130 20 117 129 42 97 14 208 105 4 194 137
4864 4866 96 90 24 156 144 162 122 36 195 24 66 0 126 15 51 30
1071 3259 157 192 52 191 42 76 58 61 191 203 56 118 126 26 41 148
4330 4330 0 105 140 0 0 0 0 0 70 25 70 0 0 140 60 140
4067 4073 182 44 7 167 151 165 41 182 151 194 78 105 93 113 16 179
4660 4685 177 196 196 7 200 152 83 153 124 27 112 195 112 143 50 145
5039 5858 48 139 113 123 36 144 67 134 197 3 7 185 163 182 95 113
4098 4098 156 120 180 96 115 67 92 6 127 54 96 0 126 83 180 90
3752 3759 115 45 49 137 105 165 125 182 10 170 37 192 130 200 65 146
121 126 186 105 146 36 35 0 110 201 93 86 90 175 144 207 128 125
4794 4852 193 79 171 148 44 78 148 78 9 124 205 120 189 97 127 37
3680 3680 0 105 98 0 0 0 0 0 154 1 154 0 0 56 36 140
1403 1403 105 105 0 0 0 0 105 0 0 105 0 0 0 0 0 0
724 755 132 147 60 197 30 90 4 30 113 68 58 56 42 56 10 193
1539 2544 25 145 61 104 66 110 10 191 130 200 43 102 156 60 191 140
1256 1256 96 132 0 156 175 120 72 37 198 47 0 0 0 0 40 0
165 175 77 146 162 188 38 51 151 172 181 25 146 70 36 60 134 186
4249 4272 183 190 110 153 71 138 145 49 142 39 87 71 0 24 203 180
278 436 197 50 115 124 204 68 145 19 160 113 183 115 166 27 18 188
3997 3997 0 0 0 0 0 0 0 0 0 0 0 0 0 0 0 0
4312 4323 105 135 88 144 118 121 205 33 72 152 209 3 24 138 177 28
512 520 204 60 144 93 48 189 92 24 70 132 93 0 168 128 27 100
1121 2510 197 121 162 166 112 186 30 38 140 14 32 196 90 128 19 130
3182 3182 84 0 0 84 0 0 54 84 87 0 126 0 84 153 0 90
5595 5604 27 115 128 57 51 156 45 102 129 79 135 0 182 40 5 156
5071 5089 197 65 132 167 43 34 36 173 91 62 78 135 135 88 110 74
254 666 64 16 9 81 164 73 18 62 195 159 95 148 177 79 90 88
1564 1564 0 0 140 0 0 0 0 0 70 0 70 0 0 140 70 140
3136 3142 56 14 206 161 109 7 124 13 18 33 3 0 84 113 39 30
4320 4337 51 150 63 111 48 147 89 24 9 80 84 78 150 39 29 82
451 486 16 99 27 5 6 154 179 31 40 147 105 164 7 23 93 197
1968 1968 0 0 0 0 0 0 0 0 0 0 0 0 0 0 0 0
6619 6626 127 60 69 97 141 197 161 122 148 167 146 0 28 32 77 10
1576 1585 113 155 84 108 69 12 77 142 203 77 44 54 174 198 69 22
1326 2234 136 6 88 9 166 193 180 7 61 151 125 2 47 162 207 145
2314 2314 0 0 0 0 0 0 0 0 0 0 0 0 0 0 0 0
6530 6535 182 74 130 152 50 140 4 112 110 0 90 0 60 160 120 154
232 261 32 53 116 146 138 49 67 73 178 207 162 14 73 156 149 26
1076 1648 133 46 184 58 93 109 176 55 148 21 76 14 195 161 93 77
5132 5132 167 105 86 152 0 0 139 172 140 43 170 0 146 70 190 70
4775 4780 96 90 142 133 0 120 72 204 140 154 11 168 168 130 190 160
3846 3870 128 53 39 180 35 44 85 109 157 194 117 30 143 73 142 45
61 3180 50 147 32 62 72 89 148 209 50 2 176 92 126 63 179 33
2673 2673 90 150 120 15 75 120 150 60 77 162 141 0 0 24 189 60
4680 4694 88 80 12 88 48 13 136 83 38 73 129 135 152 196 192 139
5851 5856 189 135 126 91 84 208 97 84 9 81 174 0 192 201 63 152
628 861 69 95 121 91 118 57 162 167 117 196 43 100 108 2 151 91
6526 6526 42 0 0 42 0 0 182 42 56 0 168 0 42 154 0 140
5420 5429 201 90 145 156 27 48 95 36 179 201 152 0 126 19 153 95
3338 3363 200 163 101 80 19 207 84 124 56 164 123 0 154 22 8 66
2267 6394 193 195 204 94 49 136 173 135 177 156 137 201 22 189 161 179
4385 4385 140 140 140 35 0 105 70 70 105 0 105 0 0 105 105 0
4127 4141 110 20 50 180 95 50 10 163 154 189 114 163 140 178 108 165
3317 3324 30 204 132 110 1 153 175 110 114 2 59 40 126 171 205 19
4952 6331 120 174 34 47 95 140 193 188 67 77 70 186 43 149 74 143
1374 1374 0 0 0 0 1 145 170 0 181 0 0 0 0 89 0 180
3135 3145 174 204 1 24 173 75 185 183 69 131 179 42 173 35 188 160
5425 5430 6 150 161 118 21 0 163 81 41 71 167 0 119 159 100 60
3928 6878 62 92 17 61 140 18 160 134 153 121 42 193 10 152 208 199
6780 6780 0 0 56 0 0 0 0 0 133 126 133 0 0 77 7 140
1653 1666 39 13 194 34 12 138 85 78 78 199 124 0 8 106 188 123
5451 5479 44 66 196 47 195 136 77 156 110 127 173 120 135 157 5 85
1745 4499 31 195 131 34 178 172 116 112 174 10 205 196 161 19 158 75
5595 5595 28 0 14 28 0 0 56 98 0 182 0 0 154 0 70 0
4182 4190 66 60 196 180 75 0 88 51 63 45 200 105 180 87 74 173
799 806 74 86 50 59 52 203 36 12 62 64 183 0 126 154 194 150
905 3864 66 117 159 208 30 58 123 40 7 208 178 13 197 5 124 15
2501 2501 20 80 50 50 75 15 10 130 182 162 36 0 0 129 84 60
5671 5671 90 150 0 120 0 60 120 60 60 0 0 0 0 0 0 150
6273 6304 61 188 184 200 205 151 66 22 70 42 15 63 3 173 39 92
743 5702 55 11 180 61 77 174 163 144 83 133 85 117 209 204 157 99
5640 5640 84 0 90 159 0 0 124 84 157 0 201 0 84 83 0 160
1285 1296 83 204 32 177 0 5 61 136 182 27 191 0 158 67 157 9
2796 2807 48 120 196 198 82 108 97 123 119 158 99 0 152 203 173 62
586 6966 106 11 137 176 175 79 10 79 204 81 168 146 39 170 100 126
1923 1923 188 101 0 8 84 165 106 88 109 0 0 0 0 126 0 101
2248 2262 202 19 207 22 45 128 103 92 13 194 29 71 115 124 90 6
3563 3570 91 190 51 1 184 93 31 137 97 44 14 71 138 23 20 100
421 2544 119 139 108 194 136 29 48 16 105 92 99 48 83 64 15 22
5424 5424 24 180 48 144 36 198 13 9 117 6 174 0 84 93 207 60
2317 2325 63 66 130 108 57 21 109 3 28 132 186 0 120 27 115 186
3435 3444 38 20 26 173 113 158 172 58 27 138 126 0 138 8 129 150
4821 5660 46 116 133 188 85 115 154 47 49 168 79 72 77 160 140 184
6909 6909 209 65 62 119 18 159 145 4 177 99 69 0 72 33 15 31
5265 5265 0 0 0 0 0 0 0 0 0 0 0 0 0 0 0 0
3993 4002 180 135 49 75 174 72 26 120 172 194 65 0 120 49 147 60
3298 4765 36 79 148 139 131 83 134 144 55 133 12 40 93 80 193 13
4722 4722 198 162 150 138 193 174 6 49 60 155 192 0 42 138 190 180
5755 5761 63 105 200 168 150 140 175 168 77 123 4 0 42 133 21 95
1698 1707 155 145 118 176 81 78 1 85 181 124 2 45 94 99 100 185
1968 5471 123 184 194 41 189 148 37 205 181 198 82 129 21 112 204 165
4236 4236 60 30 162 150 175 180 150 51 111 137 175 71 0 69 79 185
4691 4696 42 45 123 39 120 30 171 147 147 49 136 0 73 54 164 175
3477 3505 152 93 7 47 133 35 162 123 21 135 86 160 110 42 80 141
1371 3314 142 12 12 142 209 67 201 65 33 108 60 190 39 106 120 71
2458 2458 0 0 168 0 0 0 0 0 84 66 84 0 0 126 66 0
4887 4888 198 78 102 174 0 90 52 48 37 0 78 0 84 83 0 28
640 645 126 0 168 126 105 147 182 126 119 168 168 0 126 28 35 70
3802 4975 169 60 183 202 189 38 123 55 40 149 27 200 106 203 135 145
6760 6760 0 0 0 0 0 0 0 0 0 0 0 0 0 0 0 0
5749 5752 162 90 90 90 46 175 56 117 187 3 60 0 198 71 12 90
823 851 162 138 203 38 106 198 120 99 195 115 196 104 98 88 115 107
27 96 135 197 44 109 204 200 110 199 174 26 52 179 85 79 143 176
3159 3159 132 24 0 162 1 205 14 102 151 0 0 0 0 119 0 24
6161 6161 177 165 186 162 78 24 21 132 102 201 144 0 36 108 180 23
1346 1361 139 157 21 169 160 117 154 65 170 122 80 126 119 90 172 75
2153 2865 100 114 59 181 64 72 59 133 183 202 89 70 125 151 90 103
1460 1460 140 140 140 140 0 0 70 70 140 0 0 0 0 0 0 0
6660 6669 55 54 176 136 70 135 35 188 15 139 46 107 94 84 104 197
822 842 63 116 79 69 87 120 124 96 119 185 203 30 17 102 112 75
1163 1591 35 168 159 181 148 148 167 205 166 143 156 120 95 27 164 61
1359 1359 0 105 105 105 105 175 140 0 140 0 105 0 0 70 175 0
5152 5154 144 30 150 24 186 138 88 54 44 66 24 0 84 166 80 40
4180 4207 27 114 54 170 64 111 201 137 125 29 23 76 108 112 126 98
989 1677 164 6 53 126 109 56 34 67 194 145 47 36 137 176 201 139
4273 4273 40 160 100 205 180 15 170 50 195 30 135 0 0 15 135 120
3604 3615 150 48 126 10 177 74 58 63 88 153 18 129 30 80 68 189
5163 5178 84 170 0 114 133 204 16 20 70 9 207 21 94 185 13 20
2240 2261 158 71 172 203 207 30 126 162 200 132 107 209 160 159 106 116
966 966 0 0 105 105 105 0 105 105 105 105 0 0 105 105 0 0
5749 5761 58 0 83 145 135 200 57 203 169 189 177 0 139 29 62 30
5314 5342 127 52 98 142 197 160 127 184 68 37 64 180 144 116 199 139
933 5952 36 48 193 143 150 117 146 39 146 14 114 25 98 17 119 81
6856 6856 60 30 58 52 0 180 150 180 107 144 11 0 0 103 203 100
5506 5512 204 60 204 21 61 13 38 72 208 132 33 0 84 191 90 84
4412 4438 38 209 30 152 119 203 125 177 16 145 21 189 33 44 86 159
264 741 135 113 166 158 9 143 178 163 27 164 115 120 121 77 190 92
968 968 0 105 105 35 189 83 94 0 184 0 105 0 0 116 53 0
2747 2759 208 119 98 118 66 169 53 155 116 45 62 0 181 148 208 40
2370 2375 16 172 150 196 133 10 142 157 117 9 76 71 150 110 138 177
274 296 134 200 63 107 77 205 207 24 69 38 61 0 175 49 131 192
6495 6495 0 105 98 0 0 180 90 0 4 1 154 0 0 176 156 140
4801 4802 78 60 90 48 120 150 148 108 60 90 132 0 168 150 90 150
6441 6456 196 205 49 91 137 152 180 57 81 139 62 0 52 50 19 80
3105 5087 197 205 113 31 75 174 101 6 72 138 40 69 81 127 89 165
5383 5383 204 60 90 174 36 108 43 129 144 6 174 0 84 66 90 150
5316 5316 130 100 10 10 120 150 170 110 70 150 150 0 0 30 0 180
3001 3007 138 105 150 108 175 150 66 159 33 58 7 71 54 87 167 127
1892 3429 8 12 121 129 56 197 205 35 93 37 9 86 203 123 72 147
3540 3540 30 120 180 180 60 180 120 90 0 180 180 0 0 120 0 90
4408 4411 168 0 70 168 0 0 126 168 98 104 98 0 84 112 132 70
2106 2109 186 0 146 36 0 0 102 96 49 192 139 0 18 161 31 31
500 738 66 141 67 63 140 39 121 136 156 199 207 8 121 21 134 114
5173 5173 24 180 0 144 35 30 184 179 7 115 126 0 84 83 80 160
6443 6447 42 105 105 147 189 153 108 42 156 42 42 0 126 144 186 83
3894 3914 185 112 118 177 185 125 189 41 73 128 195 90 206 176 136 0
2016 6409 80 76 64 28 71 149 69 168 99 175 144 110 137 115 200 154
60 60 0 0 140 0 1 145 20 0 56 0 175 0 0 154 175 140
1853 1860 44 200 50 111 66 66 12 34 172 108 189 0 204 108 201 140
4955 4973 116 26 190 26 188 66 146 159 74 180 31 0 164 136 10 37
1133 4404 138 47 42 116 16 22 182 176 19 126 4 17 33 44 79 24
2413 2413 0 0 0 0 1 145 20 0 91 0 0 0 0 119 0 70
1500 1512 128 200 56 92 156 92 183 73 100 126 84 0 36 114 82 156
3271 3295 167 116 105 66 14 194 123 148 9 83 93 71 192 132 27 7
577 1691 19 45 69 86 84 63 156 112 142 72 175 110 207 114 147 137
1442 1442 60 30 150 150 60 180 130 180 30 150 150 0 0 180 150 180
5734 5735 206 200 27 71 135 90 73 121 163 119 2 0 209 171 76 40
3580 3592 129 30 36 168 13 4 101 114 75 93 48 0 144 30 197 160
2223 5879 178 186 24 146 87 155 42 53 19 174 4 14 81 85 175 107
4804 4804 54 90 30 114 150 30 4 204 199 72 72 0 84 47 84 70
1028 1038 39 180 150 47 120 0 99 0 62 162 105 186 108 100 185 182
4255 4284 68 64 132 174 92 190 22 145 168 1 193 155 106 3 205 167
2005 2860 124 79 172 132 136 111 208 147 195 61 158 4 177 15 13 179
1570 1570 204 60 90 174 36 108 78 24 144 6 174 0 84 66 90 150
2752 2763 53 130 30 195 54 183 145 208 123 187 77 0 74 50 102 65
61 64 0 105 105 105 105 195 180 0 90 0 105 0 0 180 165 120
845 917 190 169 180 68 24 91 65 191 140 52 162 16 8 125 32 13
1805 1805 33 105 144 108 0 0 201 78 0 177 60 0 54 0 30 107
3487 3493 78 165 147 153 126 44 160 108 34 42 63 0 168 161 101 60
3305 3323 155 138 182 168 180 47 200 174 91 152 191 90 131 86 198 65
2660 4557 192 33 208 136 50 172 66 63 4 199 60 128 192 179 104 198
5347 5347 0 0 0 0 157 85 200 0 7 0 0 0 0 203 0 0
4783 4784 80 5 113 95 12 34 132 100 37 162 141 0 0 64 10 90
2724 2746 154 92 39 194 130 70 146 107 164 191 138 161 60 41 162 173
674 2441 75 115 8 16 61 69 63 192 172 172 63 119 43 62 34 144
4734 4734 0 0 0 0 0 0 60 0 15 0 0 0 0 135 0 30
2335 2335 188 101 0 8 84 123 190 88 109 0 0 0 0 126 168 101
5689 5700 5 35 146 80 75 107 91 64 24 39 132 84 180 137 176 177
2390 3166 136 88 189 192 192 69 163 206 16 26 151 99 168 13 113 134
4191 4191 120 60 168 90 84 178 104 150 67 0 0 0 0 143 195 130
5958 5963 56 129 78 45 18 39 184 112 71 205 15 126 92 159 191 34
4350 4372 100 160 139 160 176 15 84 110 106 55 87 190 75 183 74 158
2196 6817 46 47 159 177 60 96 69 109 172 38 77 140 167 204 124 42
3471 3471 0 105 105 105 63 161 28 0 28 0 105 0 0 182 161 0
2381 2390 139 115 160 169 40 24 87 29 92 14 106 0 98 102 131 195
2517 2548 194 107 175 93 6 8 1 193 106 92 91 164 54 170 149 63
94 637 86 88 68 190 160 21 41 59 66 88 152 167 83 87 120 111
2344 2344 30 120 186 13 175 90 180 171 180 65 55 71 0 0 100 65
439 449 6 185 160 71 105 165 66 105 108 150 175 69 196 172 170 45
6036 6044 137 128 175 184 14 53 41 147 157 186 77 105 42 147 154 123
3993 4958 30 205 105 10 40 170 52 77 55 173 8 197 74 112 82 126
232 232 0 105 56 84 0 0 0 0 154 1 112 0 0 56 36 140
18 25 52 193 198 22 98 23 168 86 205 164 194 189 20 142 178 78
2461 2491 27 168 9 96 33 70 179 102 84 77 155 70 132 64 77 198
3153 6154 121 73 119 76 195 197 172 91 56 48 110 76 83 164 137 179
5361 5361 70 175 168 175 84 147 56 140 175 85 91 0 0 35 141 140
6458 6472 12 81 84 2 97 96 163 25 161 13 50 0 179 84 62 80
3924 3927 186 198 189 171 70 180 129 102 111 68 208 71 63 147 82 173
3418 4597 183 170 91 145 61 201 99 50 69 50 26 199 58 164 39 200
1554 1554 66 180 60 186 24 72 122 156 96 144 186 0 126 114 60 30
200 204 110 125 140 184 53 99 142 1 153 112 32 91 0 57 209 205
2038 2062 129 19 180 156 145 203 138 70 111 188 109 201 3 4 63 130
959 1503 131 112 104 179 176 37 137 155 21 35 7 11 97 82 94 55
6956 6956 0 105 63 105 189 83 94 0 163 168 84 0 0 137 74 0
6501 6506 88 166 50 148 120 0 146 138 180 190 60 70 150 110 60 16
1724 1736 5 59 128 68 142 6 45 2 77 107 7 0 78 197 35 145
2123 3980 27 63 180 52 57 64 195 17 67 55 140 21 118 146 23 88
2018 2018 78 60 90 48 162 66 36 108 18 132 48 0 168 192 90 150
5383 5385 0 105 176 114 0 0 0 0 154 1 142 0 0 56 36 140
1106 1108 114 120 180 54 87 93 68 174 39 180 96 0 84 63 48 90
4539 5957 23 66 151 81 95 156 166 125 26 136 23 4 95 47 170 17
1222 1222 0 0 0 0 1 145 20 0 91 0 0 0 0 119 0 0
4057 4071 37 6 82 172 178 129 55 34 2 207 165 112 86 109 86 151
2166 2181 208 160 54 18 152 32 2 44 150 180 12 66 54 65 196 104
2489 3071 98 102 115 168 16 138 67 175 53 157 45 177 167 144 168 195
707 707 0 0 0 0 175 175 140 0 175 0 0 0 0 35 0 0
3998 4007 49 202 41 19 185 105 77 100 166 175 39 0 102 12 125 133
6986 6992 110 20 186 170 75 45 10 190 70 134 14 0 0 1 51 70
5178 5648 191 104 25 169 180 198 79 13 148 202 201 192 204 78 19 41
765 765 165 165 78 180 0 150 135 180 53 165 120 0 150 157 17 85
152 164 166 0 116 166 0 114 104 176 48 80 168 0 208 72 106 165
6992 6993 0 0 0 0 0 0 0 0 105 0 0 0 0 105 105 0
2866 6753 195 159 109 95 179 148 20 61 30 192 8 172 28 53 154 120
2177 2177 188 101 0 113 0 60 106 88 130 0 105 0 0 105 105 101
4448 4448 180 90 42 30 0 120 30 120 202 0 0 0 0 8 58 20
5512 5538 13 77 28 155 46 192 135 134 137 95 207 15 110 149 126 198
231 419 122 72 103 53 19 33 35 54 105 12 204 149 86 115 107 71
2227 2227 20 80 50 50 95 185 200 130 112 162 36 0 0 199 84 60
5050 5052 14 105 72 14 36 168 23 49 70 195 40 0 14 140 154 20
1847 1862 74 170 79 89 128 131 201 107 28 101 163 190 155 37 184 54
843 4804 69 125 169 158 13 76 194 15 172 24 84 141 77 18 87 71
5213 5213 42 0 126 42 0 0 84 42 0 168 0 0 126 0 0 168
3034 3038 84 105 21 189 189 83 52 84 16 30 147 0 42 74 41 0
913 926 197 95 162 203 173 46 105 122 73 115 116 0 126 133 82 13
1400 2347 24 78 4 199 13 86 127 192 105 103 115 68 187 27 199 138
5679 5679 0 105 105 105 106 40 20 0 91 0 105 0 0 119 105 0
928 934 5 89 29 35 134 77 0 127 26 132 174 0 207 208 114 113
2016 2033 115 50 149 205 90 162 179 200 20 63 43 0 82 26 94 72
755 1762 106 202 83 114 187 68 131 166 137 45 153 70 169 125 45 57
116 116 30 120 0 180 175 90 180 171 180 65 124 71 0 0 100 65
4940 4948 190 25 88 160 144 114 182 80 196 121 99 0 0 114 92 150
1059 1069 191 11 200 134 90 180 85 16 113 127 167 42 22 101 21 200
208 561 91 163 80 84 42 153 27 35 183 89 170 164 131 159 160 17
6290 6290 45 15 66 0 72 6 185 30 78 165 108 0 204 132 60 173
1309 1315 179 65 80 164 186 138 123 124 177 171 24 0 84 33 150 5
5282 5311 7 150 208 27 117 135 20 183 146 126 204 16 143 152 6 97
1308 5123 90 139 22 73 50 166 204 4 184 109 44 82 172 123 27 196
2927 2927 0 0 0 0 84 98 154 0 154 0 0 0 0 56 98 0
4548 4554 68 83 70 168 170 165 70 148 198 136 169 70 126 163 133 103
3064 3095 97 166 48 201 199 131 128 4 79 152 143 91 189 33 186 2
60 2358 46 203 139 109 97 180 187 39 12 70 141 200 90 200 8 13
6124 6124 0 0 0 0 0 0 0 0 0 0 0 0 0 0 0 0
1390 1395 144 30 150 129 124 157 110 54 185 24 3 0 84 175 45 70
1079 1106 176 31 95 88 51 75 148 190 164 134 44 144 198 18 99 113
2412 2975 150 73 38 200 92 19 112 65 126 154 169 195 61 101 121 180
4134 4134 164 170 18 44 90 0 22 184 142 196 118 0 46 114 74 180
509 516 99 207 102 69 181 123 93 25 7 44 39 0 126 191 205 51
6225 6251 47 40 98 207 196 10 180 57 66 128 116 60 9 169 48 140
306 530 195 145 79 46 125 8 51 109 82 16 144 189 79 136 166 107
4000 4000 0 0 0 0 0 0 0 0 0 0 0 0 0 0 0 0
4468 4469 24 180 0 144 105 135 184 144 7 150 126 0 84 188 150 160
2992 2998 34 94 70 64 146 6 194 16 158 46 84 0 42 48 170 120
2179 4846 140 56 47 48 94 129 79 90 71 86 38 77 90 194 129 63
3198 3198 0 0 0 0 0 0 0 0 0 0 0 0 0 0 0 0
1702 1702 120 150 90 150 30 0 180 150 150 0 30 0 90 150 90 60
957 981 95 41 1 140 71 23 148 45 54 128 7 102 69 118 108 69
399 2692 208 97 50 42 62 164 85 128 155 57 43 85 75 159 50 177
3993 3993 200 170 80 185 18 159 52 40 177 108 129 0 0 33 45 180
2516 2526 113 53 207 14 35 150 62 61 194 14 57 70 49 14 196 62
3193 3224 19 25 148 60 66 11 195 29 87 156 188 15 10 149 34 88
2035 2449 180 92 82 11 153 163 127 82 156 30 165 48 31 131 93 135
1220 1220 84 0 0 84 0 0 124 84 157 0 126 0 84 83 0 160
6951 6960 39 75 153 24 204 149 104 66 85 33 177 87 120 155 44 65
2 4 136 40 130 46 85 187 112 86 17 144 186 0 126 83 120 30
832 3181 62 133 63 0 187 96 153 123 168 17 173 41 130 108 159 24
6873 6873 0 105 105 105 154 83 94 105 184 35 175 35 0 116 123 35
4079 4082 48 150 36 183 174 207 104 18 87 204 99 0 168 123 99 60
3023 3026 30 15 75 75 177 195 30 90 190 96 33 0 0 20 187 20
619 864 83 182 85 169 56 80 149 135 97 56 27 96 201 162 150 90
682 682 0 0 126 0 0 0 0 0 168 12 168 0 0 42 12 0
1148 1157 161 5 70 26 164 164 39 196 165 129 160 0 18 31 192 69
5572 5577 87 15 26 112 35 195 69 92 40 43 180 0 36 105 50 153
1763 2754 5 160 58 198 27 118 27 116 174 180 132 190 82 68 86 114
1998 1998 167 105 16 152 0 0 9 172 20 43 30 0 146 40 50 110
5306 5315 48 150 84 183 84 137 92 18 122 84 126 0 84 88 134 52
1561 1582 85 180 194 95 76 92 173 178 9 5 15 138 22 24 132 77
1764 5934 78 92 11 67 71 106 68 79 116 91 136 179 138 29 97 91
5087 5087 60 30 184 150 0 120 120 180 17 144 137 0 0 133 23 100
2813 2814 200 170 80 185 18 159 82 40 27 108 129 0 0 153 45 90
6886 6899 176 163 173 159 142 87 73 31 108 10 117 140 61 172 4 56
1728 2004 198 101 108 157 5 37 80 5 66 132 29 101 5 191 25 194
4353 4353 140 35 35 35 189 83 164 70 184 0 105 0 0 116 53 0
2969 2977 170 135 67 125 105 75 148 70 150 118 147 30 26 0 41 102
694 694 42 0 189 147 106 145 41 147 112 63 84 0 63 56 42 0
1982 3587 4 162 90 162 144 43 101 146 152 195 97 3 62 30 68 77
1873 1873 140 140 140 35 0 105 70 70 105 0 105 0 0 105 105 0
817 831 72 197 157 77 181 178 51 165 201 0 148 189 157 169 28 169
3288 3307 100 189 95 35 140 174 54 22 15 96 153 36 178 3 147 42
169 252 10 29 209 97 175 178 196 188 111 65 83 124 166 13 43 28
2432 2432 20 80 164 155 18 39 22 130 136 108 129 0 0 74 106 20
1488 1498 4 70 110 109 18 83 78 76 132 172 91 37 54 183 69 165
6053 6079 42 93 90 180 20 85 40 111 196 104 164 105 86 80 72 81
107 852 90 124 89 81 45 63 15 102 122 74 90 113 99 107 2 48
5299 5299 0 0 0 0 180 60 30 0 0 0 0 0 0 0 0 0
1531 1533 77 105 28 182 0 0 49 112 126 175 126 0 56 84 14 175
18 23 8 11 56 165 85 163 52 157 183 183 195 0 168 188 66 33
95 1710 202 23 65 202 105 0 159 194 18 134 9 126 105 206 130 206
5253 5253 168 126 0 168 70 0 126 196 84 56 0 0 0 0 70 0
1113 1113 170 50 50 110 40 45 70 103 32 137 208 173 0 129 94 35
4922 4927 30 120 204 180 42 174 12 90 204 30 72 0 0 6 42 120
778 1006 129 31 49 1 89 111 181 40 0 95 183 16 197 130 171 168
1387 1387 40 60 188 70 0 150 80 50 53 80 90 0 130 157 177 130
3514 3525 85 39 38 55 4 94 175 17 133 170 9 0 70 65 73 204
4414 4422 70 70 135 70 33 149 7 35 172 23 149 0 35 8 195 60
654 2956 114 3 184 128 104 70 205 4 79 200 9 94 100 13 196 90
3816 3816 20 80 50 155 75 15 10 130 182 162 141 0 0 129 84 60
592 599 116 170 164 206 6 122 152 26 69 206 192 0 126 32 30 40
6215 6242 206 91 123 7 17 18 62 51 180 171 159 135 52 180 47 191
481 623 49 1 98 75 41 66 14 190 78 7 133 154 175 68 185 8
3693 3693 60 0 90 120 0 0 60 180 0 150 90 0 60 0 150 150
1760 1765 70 40 189 190 129 197 155 105 2 37 83 0 131 181 62 30
5296 5300 124 160 178 79 33 24 26 134 105 108 45 0 84 55 182 100
2352 4436 47 112 100 45 74 76 74 32 40 76 175 75 13 59 8 86
1710 1710 42 0 0 42 0 0 112 42 196 0 168 0 42 14 0 70
1177 1192 68 206 76 63 50 125 61 111 119 112 12 0 193 65 162 134
6405 6415 55 110 101 175 161 147 111 180 163 89 157 50 192 99 111 188
48 115 69 104 6 166 130 143 20 119 37 157 196 15 127 160 152 170
4100 4100 2 20 19 167 165 0 31 97 111 203 74 0 173 27 82 120
6035 6036 0 0 0 0 21 105 0 0 105 84 42 0 0 147 168 0
2522 2526 179 135 44 164 0 180 129 124 184 49 53 0 14 26 73 30
2269 3532 153 62 34 10 186 149 192 91 110 103 208 209 23 87 165 83
1671 1671 72 195 159 27 165 105 171 27 6 203 74 0 173 27 82 155
1692 1703 48 6 11 108 105 33 10 18 166 0 50 0 150 199 134 201
3382 3411 120 162 70 51 115 74 169 94 92 28 47 123 201 61 168 39
1388 5645 89 165 130 7 20 179 63 157 170 114 191 128 200 158 172 133
2850 2850 204 165 195 69 15 191 172 24 118 6 69 0 84 182 143 150
5405 5413 177 120 99 117 134 27 33 107 23 142 99 0 42 1 82 145
2450 2461 192 200 13 57 0 15 155 125 107 189 48 98 47 2 52 10
1279 6579 114 42 39 125 154 195 160 93 0 172 115 45 33 36 167 2
5383 5383 0 0 0 0 0 0 0 0 0 0 0 0 0 0 0 0
6250 6265 4 82 85 115 165 201 165 152 188 12 38 84 21 189 2 54
2868 2868 204 60 90 174 36 108 43 129 144 6 174 0 84 66 90 150
176 1030 66 55 181 52 35 37 8 107 168 168 177 145 66 42 26 17
2984 2984 0 0 90 110 0 0 0 0 0 0 180 0 0 0 0 0
267 267 89 185 122 104 75 15 163 64 182 93 66 0 132 129 204 60
755 767 106 127 79 31 84 153 86 79 50 185 107 70 90 104 101 106
171 388 181 82 31 11 127 178 116 184 178 12 133 112 136 60 125 68
2985 2985 174 150 0 204 0 60 34 114 67 90 36 150 84 83 90 40
1311 1326 61 26 94 146 30 200 63 41 126 118 23 170 174 112 47 11
2368 2379 21 33 152 106 64 70 197 183 47 0 42 177 96 90 89 23
1484 5046 197 141 75 113 141 49 58 209 175 111 100 186 19 178 163 1
1971 1971 30 120 0 180 105 20 40 171 110 65 124 71 0 70 100 65
5672 5683 97 35 0 208 124 195 29 128 0 17 55 206 146 131 155 63
368 373 96 90 90 156 39 27 42 36 21 174 6 0 126 69 0 180
2435 3831 191 118 204 60 42 116 3 127 106 17 171 82 109 186 47 88
6874 6874 0 0 0 0 0 0 0 0 0 0 0 0 0 0 0 0
5364 5365 30 120 180 180 200 180 120 20 42 82 96 0 0 204 14 90
3255 3277 139 168 160 201 182 201 6 197 87 107 57 34 13 6 76 179
2286 6451 38 64 126 72 86 165 181 171 2 45 73 121 14 66 157 172
4214 4214 76 130 126 23 180 0 128 116 158 14 101 0 134 186 106 150
4656 4659 6 150 120 141 76 25 6 186 31 120 99 0 126 179 15 60
1140 1140 0 105 98 0 0 0 0 0 112 169 28 0 0 182 162 140
688 1682 144 155 45 132 193 25 205 58 192 186 98 122 25 117 20 64
982 982 0 0 0 0 0 0 0 0 0 0 0 0 0 0 0 0
4687 4702 46 121 58 94 150 71 116 56 89 48 162 60 196 162 88 147
3791 3803 194 60 78 164 205 132 166 175 192 115 92 71 8 150 2 155
3566 4685 185 87 137 90 108 130 122 33 52 20 134 169 129 30 140 151
3433 3433 30 120 0 180 105 90 180 129 180 135 96 99 0 0 30 135
2866 2869 204 60 90 174 96 198 193 129 144 6 174 0 84 66 90 150
2549 2569 196 188 142 47 194 192 128 194 172 146 167 103 98 108 4 197
810 1400 200 206 117 50 190 96 23 164 64 102 5 152 81 40 66 142
107 107 194 60 40 14 36 108 173 169 144 16 54 0 74 66 170 150
1355 1361 51 15 120 96 0 20 143 6 81 93 156 0 0 159 126 91
813 818 48 45 57 183 195 137 164 18 178 162 183 0 168 32 29 60
112 6469 175 108 97 45 3 186 54 79 72 102 77 50 146 131 112 153
5333 5333 126 42 0 126 105 0 42 147 168 147 0 0 0 0 0 0
5345 5350 98 140 34 203 170 47 78 88 124 68 83 0 14 157 19 150
2891 2915 7 133 196 127 136 60 141 24 180 197 72 123 168 132 64 175
2162 6917 25 64 69 88 145 174 1 181 57 66 79 47 19 92 21 108
549 549 60 30 0 150 0 180 150 150 150 60 0 0 0 0 60 0
3219 3219 0 0 0 0 87 15 60 0 147 0 0 0 0 63 0 0
5966 5995 132 168 199 117 156 25 91 30 135 47 148 23 29 98 187 88
1795 4009 13 144 138 35 205 138 57 75 86 174 174 151 125 122 148 35
1252 1252 150 180 24 37 90 60 180 30 0 60 9 0 0 180 0 30
6480 6495 209 160 171 74 126 171 9 94 85 209 6 120 148 40 40 134
6589 6590 138 0 144 108 0 0 156 78 15 72 60 0 54 135 30 102
991 1114 54 176 84 171 107 133 91 147 185 165 32 106 137 59 84 21
2492 2492 120 60 192 67 0 150 90 150 144 78 153 0 0 66 126 60
5337 5350 186 72 180 171 24 192 164 97 125 125 138 0 42 139 23 94
4993 5013 51 43 30 56 105 149 7 146 183 17 134 0 182 177 13 98
1776 6088 31 208 56 88 48 170 123 29 1 22 107 44 92 124 200 84
6515 6515 0 0 0 0 112 70 140 0 112 0 0 0 0 98 0 0
912 923 67 55 170 182 57 80 97 117 25 136 151 0 174 121 23 130
3588 3599 83 123 13 77 30 150 32 46 103 121 204 63 149 35 92 38
1288 2077 209 61 185 162 125 185 125 142 116 29 199 0 47 66 33 93
4516 4516 180 90 30 30 150 30 90 120 0 30 30 0 0 90 0 120
2395 2405 0 147 8 0 168 12 100 126 139 79 85 0 0 119 141 176
4185 4202 150 123 5 195 119 153 67 18 30 31 144 130 39 159 151 48
1122 2275 78 12 160 161 177 154 44 13 70 200 186 7 7 82 186 0
4009 4009 0 0 0 0 140 0 0 0 0 70 140 70 0 0 140 70
1085 1095 6 24 57 141 30 3 92 30 60 54 15 0 42 33 13 65
522 541 93 116 71 138 174 60 180 63 176 178 91 0 9 87 26 200
693 2142 91 73 58 9 117 159 132 157 81 189 191 109 101 132 173 37
6558 6558 0 0 0 0 0 0 0 0 0 0 0 0 0 0 0 0
6467 6481 172 187 83 197 189 93 198 74 66 142 175 21 8 12 169 138
5349 5364 142 40 104 198 32 153 184 13 92 131 160 196 6 37 44 146
684 5302 184 72 11 153 2 118 143 74 25 68 118 43 99 144 84 13
2505 2505 84 0 0 84 0 0 124 84 157 0 126 0 84 83 0 160
913 916 26 20 134 63 26 92 152 106 76 72 189 0 126 148 156 120
1791 1816 21 28 137 81 177 111 28 161 40 141 8 75 203 106 136 37
1313 4230 75 92 92 167 166 131 122 53 114 206 122 60 124 167 168 108
6208 6208 180 90 0 30 0 120 30 120 90 0 0 0 0 120 30 90
1366 1376 44 40 188 43 0 0 196 202 200 38 3 168 118 90 16 130
5208 5226 94 5 8 193 152 100 112 132 200 48 79 78 140 175 172 137
1027 5396 101 63 1 19 154 166 43 198 65 170 31 201 26 104 198 188
2783 2783 0 105 98 0 0 130 170 0 174 1 154 0 0 96 76 140
2550 2553 68 20 176 23 5 75 4 202 176 154 23 94 42 87 62 10
1059 1083 183 63 209 205 8 90 37 53 106 204 130 96 68 58 191 92
6621 6843 57 8 41 120 95 104 121 199 108 132 15 99 137 29 42 105
4639 4639 0 0 0 0 0 120 60 0 180 0 0 0 0 150 150 0
4527 4531 32 170 80 122 165 131 30 82 121 192 24 0 42 89 80 180
6630 6649 208 163 25 13 83 70 98 208 174 195 101 126 148 93 201 61
1204 5062 54 184 69 193 98 33 93 105 144 194 33 111 144 135 23 107
499 499 0 0 0 0 0 0 0 0 0 0 0 0 0 0 0 0
6138 6148 115 120 165 175 10 0 187 170 62 35 188 0 64 79 39 26
2250 2265 1 7 52 16 163 161 73 52 183 113 136 0 8 197 102 183
650 1039 159 178 81 168 186 61 150 198 132 186 108 34 156 152 126 39
4752 4752 0 0 0 0 0 0 0 0 0 0 0 0 0 0 0 0
935 945 154 125 48 98 112 119 186 14 79 90 184 140 44 56 194 36
6441 6463 104 23 125 59 69 93 66 144 53 76 144 0 198 61 178 114
4172 4668 87 171 208 109 163 33 135 81 18 63 35 46 127 198 163 93
5584 5584 150 180 42 60 0 30 60 30 12 0 0 0 0 198 18 180
5401 5410 147 206 82 192 42 111 73 168 126 207 40 126 64 139 17 66
4739 4751 73 134 82 91 70 195 38 153 202 148 157 183 15 72 92 38
529 4467 137 123 11 33 170 46 43 17 104 201 79 16 9 1 103 126
3150 3150 0 0 0 0 0 0 160 0 40 0 0 0 0 80 0 10
4729 4739 76 120 80 76 138 144 58 116 22 2 75 0 46 188 97 100
6030 6057 165 198 121 11 159 138 201 98 37 73 76 55 28 142 8 37
1128 1589 112 101 78 144 108 33 32 2 30 66 104 61 186 185 195 104
3954 3954 60 30 18 150 150 180 30 180 23 60 60 0 0 187 17 160
2664 2678 83 200 92 153 206 86 125 193 168 13 143 70 204 59 60 180
5955 5964 121 22 84 54 70 160 187 56 3 90 207 180 0 119 69 22
1865 5693 158 98 119 134 175 208 193 48 43 161 46 30 78 197 139 51
6045 6045 83 206 0 8 0 165 1 88 25 105 0 0 0 0 0 136
785 786 198 120 180 33 72 111 16 48 183 12 33 0 168 27 75 90
5847 5852 182 202 86 41 0 120 4 112 125 44 78 0 58 15 25 202
215 3837 159 19 156 62 209 31 54 143 44 203 58 116 84 105 183 205
2096 2096 84 0 0 84 0 0 124 84 192 0 126 0 84 48 35 20
5131 5141 31 205 74 1 105 110 121 86 86 33 188 0 6 131 71 175
6753 6769 52 205 129 92 25 181 24 74 178 30 48 192 48 40 62 100
315 744 86 1 11 134 19 71 150 74 106 44 130 164 134 25 129 21
2776 2776 142 160 159 132 165 0 101 167 41 203 179 0 173 27 82 120
2196 2207 23 182 184 23 35 30 202 172 192 22 152 19 93 123 35 189
2374 2384 105 171 108 95 167 34 57 201 153 64 65 31 6 117 123 161
100 141 55 67 157 79 25 79 82 110 52 55 0 197 31 17 157 140
6290 6290 126 0 174 103 84 42 112 126 126 84 75 0 126 84 0 0
6528 6536 4 31 206 34 167 11 196 194 84 156 0 0 120 144 37 151
1537 1565 24 149 14 116 77 2 143 165 123 15 100 0 83 118 27 132
876 910 157 176 125 22 150 67 84 96 101 30 131 88 31 169 56 70
6589 6589 120 0 180 30 0 0 120 150 0 90 180 0 120 0 90 160
6148 6163 125 44 25 182 182 196 132 55 171 23 113 30 23 77 69 154
6447 6452 154 70 202 49 151 50 154 14 179 174 153 0 84 0 91 90
1121 1122 102 135 45 87 123 95 42 12 130 24 45 0 42 170 203 180
2968 2968 0 0 0 0 0 0 0 0 0 0 0 0 0 0 0 0
4141 4143 84 0 0 84 0 70 14 84 182 0 126 0 84 28 70 0
4519 4543 173 6 163 193 88 195 103 71 15 64 25 154 204 157 150 69
582 1845 144 4 57 189 20 206 195 147 183 96 16 3 139 103 176 54
2039 2039 0 0 0 0 0 0 0 0 0 0 0 0 0 0 0 0
2168 2175 108 180 54 63 0 30 102 204 18 66 21 96 126 42 24 80
4171 4202 16 202 82 23 62 194 142 48 162 63 14 22 96 48 174 101
732 5974 128 178 209 130 112 181 187 66 157 60 130 96 55 150 35 125
2872 2872 0 0 90 145 0 0 0 0 0 0 75 0 0 0 0 0
410 424 124 195 0 114 103 139 16 134 74 17 80 0 196 129 6 205
801 805 26 104 170 191 61 28 7 43 39 114 51 0 84 194 153 120
87 2887 75 184 171 148 101 74 139 104 105 121 94 145 92 42 195 29
2949 2949 170 155 0 110 35 195 40 57 1 199 0 0 0 0 80 101
3697 3712 156 37 188 21 10 60 104 160 153 36 162 84 164 100 6 32
1857 1875 12 174 135 72 117 209 45 43 133 39 37 42 63 154 124 90
2578 5979 63 98 95 164 183 146 108 209 73 67 10 63 167 208 178 106
6129 6129 0 0 0 0 0 0 0 0 0 0 0 0 0 0 0 0
4778 4793 156 78 60 89 111 9 186 90 88 88 160 140 0 140 15 52
2609 2631 76 125 48 26 85 12 12 80 177 142 54 149 90 123 68 65
121 304 179 17 17 74 125 20 161 11 38 43 103 119 109 191 83 202
4644 4644 40 160 100 100 150 30 20 50 70 30 30 0 0 90 0 120
2964 2966 160 40 85 175 180 90 155 200 85 90 30 0 135 75 30 30
2398 2423 68 150 166 103 38 189 90 30 177 81 37 18 148 190 133 57
2310 6991 198 56 80 88 54 12 127 193 108 107 111 119 205 71 58 1
3395 3395 0 0 0 0 168 0 0 0 168 0 0 0 0 42 0 0
1611 1626 37 70 158 121 204 178 21 197 166 128 180 70 132 25 109 100
2383 2389 4 100 40 94 13 52 180 139 157 157 12 0 84 141 31 120
2278 3279 31 60 30 130 93 183 15 64 137 10 25 96 165 109 64 64
1488 1488 140 140 8 140 75 165 100 70 130 162 36 0 0 181 146 190
4932 4945 11 170 74 176 203 159 169 59 179 164 160 92 168 36 133 38
2039 2064 203 26 209 90 87 131 52 39 18 134 115 46 61 112 182 149
5749 6439 95 89 79 189 66 159 152 109 147 196 157 59 102 37 1 146
6553 6553 20 80 50 50 40 15 10 67 182 197 64 77 0 129 154 95
2908 2915 138 90 78 198 102 110 38 78 140 162 78 0 168 10 114 170
5445 5462 171 30 3 56 14 73 13 195 157 126 12 0 138 17 186 2
328 426 80 24 5 117 48 136 53 143 129 162 112 83 12 62 155 120
643 643 0 0 0 0 1 145 20 0 91 0 0 0 0 119 0 0
5252 5263 33 178 152 0 182 79 125 14 162 65 131 12 146 107 187 185
3127 3157 176 192 96 164 167 157 62 13 60 163 207 126 128 87 31 50
2174 4976 26 99 118 137 112 97 138 76 161 147 181 18 145 88 176 79
5100 5100 142 160 159 97 165 0 101 167 41 203 74 0 173 27 82 120
2635 2650 189 69 138 139 197 170 61 189 170 168 124 105 72 98 7 199
2301 2304 180 90 84 30 43 109 32 120 207 0 0 0 0 123 80 190
1885 2547 30 86 110 167 47 208 202 34 130 168 95 151 183 121 72 141
902 902 60 90 18 120 90 150 0 180 83 0 90 0 60 187 17 100
6313 6319 145 175 73 55 4 168 146 152 100 55 182 197 167 58 70 45
2927 2949 68 59 203 203 51 172 24 207 71 85 56 198 46 203 131 52
1158 3223 21 124 11 29 142 57 158 154 125 67 32 180 74 48 79 133
1105 1105 0 0 0 0 0 0 0 0 0 0 0 0 0 0 0 0
292 304 45 113 105 165 105 90 65 140 206 143 31 185 8 29 9 1
143 162 78 106 152 78 25 142 53 122 43 152 38 105 101 208 45 168
364 3023 153 114 38 162 12 96 209 159 166 143 64 37 68 177 44 39
3881 3881 150 75 98 60 0 30 60 120 4 151 4 180 0 56 186 80
4317 4330 6 150 141 21 108 119 77 117 67 95 14 156 49 196 68 66
1376 1404 40 25 17 79 175 71 89 113 102 169 37 28 7 197 196 44
66 150 169 145 85 130 72 158 130 193 181 11 1 76 137 178 135 147
1016 1016 0 0 0 105 0 0 0 0 0 0 105 0 0 0 0 0
4988 4994 94 187 53 4 118 114 188 45 5 89 182 0 0 163 90 64
3240 3261 87 69 98 40 67 106 11 29 140 74 108 37 138 10 144 135
3541 4955 8 3 110 28 2 144 43 187 132 102 76 107 180 197 92 1
6842 6842 0 105 70 0 0 0 0 0 140 35 140 0 0 70 0 70
5692 5703 22 193 90 202 183 206 54 196 128 166 153 0 84 138 33 163
3938 3950 153 12 26 148 131 150 135 110 52 165 49 30 156 203 151 53
2117 4848 2 35 182 140 109 166 37 0 96 181 128 9 88 56 173 136
6708 6708 27 195 126 102 45 135 189 102 0 183 0 0 36 195 90 203
1301 1309 17 174 43 67 120 90 64 34 195 42 194 105 175 111 96 70
4103 4127 0 170 88 111 15 111 48 56 149 152 167 56 10 5 60 120
1255 1982 147 72 182 157 174 46 77 94 35 37 73 135 51 56 105 172
3613 3613 90 0 30 180 0 0 90 60 0 120 30 0 90 0 120 120
1955 1968 54 13 203 89 25 105 33 39 34 191 44 20 175 61 96 68
2863 2873 122 125 42 197 186 153 208 16 127 100 85 84 190 42 26 105
2087 5265 166 157 48 90 164 156 53 172 103 99 83 93 200 12 64 25
4542 4542 0 0 0 0 0 0 0 0 0 0 0 0 0 0 0 0
2294 2298 94 16 144 184 195 0 134 149 44 183 48 105 144 30 180 61
5164 5172 116 80 188 116 26 132 162 166 9 108 33 0 96 191 139 120
133 178 71 117 152 203 209 6 123 112 102 201 201 112 146 50 113 141
5159 5159 42 84 0 42 0 0 84 42 0 0 0 0 0 0 0 84
3830 3837 101 90 57 61 105 120 196 181 30 77 178 120 47 6 61 198
4018 4042 63 112 25 181 104 158 71 171 104 188 97 201 93 160 157 41
5497 6931 86 68 95 162 110 118 126 82 193 133 117 193 194 166 204 75
5141 5141 82 130 159 157 165 30 161 17 101 143 74 0 173 27 22 120
2750 2765 209 27 34 124 160 206 165 200 80 155 8 0 132 20 76 29
5450 5480 128 9 58 191 68 22 89 19 199 189 57 71 59 117 43 132
294 343 130 95 197 179 132 84 137 55 162 143 97 155 3 189 60 32
289 289 27 195 126 102 96 78 3 102 174 99 168 0 36 36 120 203
5751 5766 28 71 168 155 137 112 14 113 120 16 108 42 134 159 139 120
1761 1788 146 32 9 194 154 177 87 21 29 50 14 20 155 103 84 197
371 3345 72 60 156 53 31 182 134 169 94 28 124 72 104 114 87 133
3664 3664 0 0 90 187 0 0 0 0 91 0 159 0 0 119 49 140
5029 5043 92 159 116 167 97 90 199 150 167 102 199 196 125 109 41 50
1384 1395 62 150 56 176 187 136 182 109 90 205 23 147 56 150 69 209
252 3433 52 105 200 171 206 122 189 115 132 176 169 97 54 139 68 72
6639 6639 0 105 105 105 147 49 182 0 182 0 105 0 0 28 49 0
6774 6779 129 75 132 179 176 198 118 111 30 85 53 22 84 150 134 40
2001 2030 95 185 137 185 206 61 112 97 169 172 144 19 195 105 55 41
1397 2003 150 126 111 119 107 201 83 174 207 11 15 151 199 196 17 198
2813 2813 105 105 0 0 1 145 125 0 91 105 0 0 0 119 0 105
6926 6932 206 80 19 26 0 104 27 121 6 161 179 0 47 204 52 180
2930 2935 206 164 70 26 202 1 38 136 55 127 34 0 12 4 192 29
1063 1661 34 91 206 166 85 37 206 197 64 114 164 192 200 82 199 111
5703 5703 160 10 0 190 0 60 50 200 200 0 0 0 0 0 0 10
4096 4097 90 150 90 120 36 18 204 60 164 6 48 0 0 46 50 100
6684 6701 65 198 27 20 100 15 179 59 183 18 59 105 26 73 10 195
416 1145 2 14 123 206 119 26 1 189 64 62 175 147 55 156 148 147
6461 6461 30 30 34 90 0 180 120 90 107 174 197 0 180 103 23 130
4393 4400 43 105 110 58 28 156 149 38 171 13 103 140 64 69 173 13
319 348 174 54 138 123 47 157 21 126 60 123 45 195 183 194 58 179
933 3892 143 151 124 5 184 32 78 106 100 22 136 71 114 173 58 37
2654 2654 96 132 0 156 175 120 72 37 198 47 0 0 0 0 40 0
6697 6704 177 120 123 117 0 15 27 27 74 0 78 105 42 166 137 155
518 520 150 30 33 39 195 0 15 135 135 105 78 0 165 135 60 180
3518 4169 70 25 138 16 194 83 103 41 52 180 46 77 11 208 4 165
1882 1882 0 105 21 105 189 83 94 0 142 162 63 0 0 158 5 0
2818 2819 92 11 180 62 186 153 204 52 19 96 54 0 84 6 180 191
1267 1281 71 101 194 141 165 2 155 106 189 149 95 0 136 4 1 133
559 698 4 69 158 160 108 93 114 114 12 60 63 133 181 21 51 74
5957 5957 150 180 0 60 70 30 60 130 60 80 0 0 0 0 10 0
6597 6603 42 120 186 162 35 90 24 141 180 193 146 34 96 0 200 40
3689 3719 32 155 193 182 0 182 67 117 183 90 200 140 195 156 176 20
206 366 139 48 48 155 206 15 15 33 99 14 77 158 199 13 21 75
2500 2500 70 70 70 70 0 0 140 140 70 0 0 0 0 0 0 0
3247 3259 169 79 188 144 61 118 43 161 203 44 15 77 18 113 97 39
6333 6334 120 132 36 120 175 120 138 151 114 65 78 0 108 84 100 88
4652 6251 161 45 11 202 35 150 182 192 13 141 162 88 194 106 206 64
6304 6304 170 50 206 5 18 69 82 160 43 108 129 0 0 167 19 200
56 58 90 150 118 209 105 60 120 9 50 125 209 129 0 70 90 55
1534 1560 100 134 203 178 10 163 17 71 120 17 131 0 147 63 6 32
1073 3152 152 99 166 135 194 24 202 39 85 195 208 186 6 121 116 122
6573 6573 63 105 84 168 0 0 21 168 0 147 0 0 84 0 0 147
1795 1803 150 185 93 35 180 15 57 195 51 0 64 60 117 22 2 140
3097 3116 135 39 101 112 208 131 143 107 54 8 184 207 24 201 10 139
1383 4416 54 125 18 90 149 182 49 148 113 35 75 113 118 80 136 196
5060 5060 90 150 120 120 180 120 150 60 0 120 120 0 0 150 0 60
5958 5966 112 149 30 142 75 135 74 38 92 157 60 6 80 99 44 24
3598 3599 126 0 0 126 0 90 66 126 198 0 84 0 126 102 60 0
2700 4327 64 89 105 126 145 186 4 143 23 62 163 142 190 91 206 193
3445 3445 168 126 0 168 0 0 126 126 84 126 0 0 0 0 0 0
5572 5583 50 155 184 160 34 78 94 89 201 197 68 84 90 139 36 145
3053 3062 131 47 65 41 165 114 84 127 123 192 180 0 195 195 114 105
142 848 110 53 148 161 41 53 164 97 112 187 155 11 20 104 130 74
6269 6269 174 0 72 54 0 0 48 144 0 36 30 0 132 0 120 106
4575 4586 48 45 106 8 181 186 162 180 67 161 46 2 42 90 67 160
6793 6817 18 75 101 111 107 6 40 40 94 1 34 52 48 63 173 37
1336 1774 164 121 44 9 127 16 175 77 115 109 168 185 41 67 103 116
318 318 198 120 0 138 175 90 188 129 119 65 166 71 168 151 100 55
1666 1668 160 10 14 190 1 145 190 200 169 30 65 0 0 204 65 190
3727 3741 104 96 40 139 157 118 72 22 184 190 147 0 74 56 41 66
20 566 20 122 161 24 167 73 198 3 10 128 183 10 70 50 69 89
6016 6016 0 0 0 0 0 0 0 0 70 0 0 0 0 140 70 140
529 533 100 190 160 40 164 2 66 170 206 84 132 0 0 94 0 150
1924 1945 58 97 145 148 19 117 2 62 36 175 180 140 82 207 38 209
1507 1976 18 140 113 143 158 3 145 56 187 161 175 207 77 16 120 20
1750 1750 42 0 84 42 0 0 126 42 126 168 84 0 168 42 42 0
1650 1661 176 159 139 56 172 114 182 118 23 72 156 0 92 67 203 30
6730 6746 29 153 120 17 204 127 201 87 174 136 191 63 24 96 121 63
1732 1914 64 8 205 109 18 125 72 168 119 13 11 105 67 167 59 29
1291 1291 180 0 60 150 0 0 180 120 0 30 60 0 180 0 30 0
3672 3680 130 15 17 163 147 69 42 170 145 192 99 120 100 35 171 16
6599 6600 0 0 0 0 0 0 0 0 0 0 0 0 0 0 0 0
923 2785 4 38 148 56 107 18 180 86 22 55 73 208 200 78 98 56
2825 2825 180 90 174 7 70 120 30 186 30 110 133 146 0 0 40 110
492 503 84 42 3 189 189 162 167 105 60 69 6 0 147 196 17 0
5310 5312 60 135 153 22 105 5 10 180 114 0 54 0 0 96 31 100
670 1171 87 25 142 13 9 97 8 185 105 43 139 30 87 11 203 175
4224 4224 90 150 0 120 0 60 120 60 150 0 0 0 0 60 120 150
2859 2866 143 165 142 38 204 42 41 58 159 193 9 0 2 201 107 143
589 612 93 45 163 168 100 57 77 174 137 50 107 126 24 163 52 172
3244 3702 50 170 86 167 83 134 51 179 84 30 70 102 137 60 159 161
3967 3967 0 0 0 0 0 0 0 0 0 0 0 0 0 0 0 0
5190 5200 170 105 82 80 93 39 154 31 32 92 121 141 208 72 16 59
4689 4708 102 30 147 141 63 78 115 204 63 75 204 27 35 34 157 106
2032 5955 183 195 85 154 65 136 44 142 89 171 161 48 113 64 96 108
1351 1351 126 147 98 126 0 0 42 126 154 1 154 0 0 56 36 182
5119 5119 0 0 174 187 0 150 180 0 120 0 159 0 0 30 30 0
5107 5123 32 182 13 32 116 2 27 208 85 169 188 161 5 28 83 128
1078 1803 112 81 102 99 113 110 42 114 81 128 61 145 132 67 173 104
3522 3522 186 30 150 66 144 12 102 96 156 24 66 0 126 54 150 180
251 257 132 90 129 207 93 189 6 102 36 187 3 0 36 54 41 178
6830 6841 88 100 123 123 49 115 31 2 48 42 138 180 105 170 120 202
4304 6611 118 69 136 116 100 28 72 47 13 204 159 80 192 184 194 206
6785 6785 60 30 114 127 60 180 150 180 30 150 99 0 0 180 150 180
3844 3846 114 48 180 174 165 105 108 48 132 168 60 0 180 195 180 120
1748 1750 18 135 66 108 99 128 103 33 205 129 87 0 147 188 95 180
1766 2058 198 102 162 147 140 92 99 94 191 165 204 113 169 113 137 150
925 925 65 185 170 140 75 15 55 160 182 117 156 0 150 129 144 155
2882 2886 142 70 145 37 116 179 139 167 90 153 162 0 27 190 0 0
5976 5987 64 52 16 159 106 48 196 18 163 86 114 63 72 65 155 185
3753 4524 67 164 62 163 116 1 128 169 130 165 51 115 24 16 97 27
1677 1677 84 60 30 144 0 150 138 84 53 36 30 0 132 157 77 26
1121 1136 150 30 21 15 137 205 98 135 201 125 175 35 132 15 16 154
2988 3017 30 39 103 36 164 132 14 17 200 74 29 132 120 195 46 23
749 1978 18 118 37 140 181 127 185 13 22 80 47 149 70 124 195 90
2198 2198 126 0 147 21 105 0 63 21 63 189 42 0 189 21 126 0
6114 6114 156 120 180 96 114 132 142 6 36 54 96 0 126 174 180 90
3327 3337 206 23 65 86 208 99 207 137 14 5 27 6 207 12 4 183
348 3172 195 30 113 75 104 82 142 194 111 203 165 54 92 69 50 87
4667 4667 156 30 202 6 0 180 162 6 107 48 197 0 138 103 23 100
5790 5790 20 80 50 50 75 15 70 130 92 162 36 0 0 159 84 90
4207 4217 112 31 123 9 189 165 53 155 32 181 184 168 31 99 8 191
5817 6827 177 21 61 29 10 79 148 60 164 182 3 126 145 131 61 177
875 875 0 0 0 0 0 0 0 0 0 0 0 0 0 0 0 0
3530 3539 75 195 26 135 177 6 143 120 90 165 25 0 0 120 63 5
448 465 92 109 188 167 4 151 78 52 22 188 27 0 154 199 69 199
391 1851 162 184 98 62 132 115 111 83 197 76 111 77 94 126 40 3
1035 1035 152 0 4 122 0 0 80 22 157 142 186 0 68 83 170 160
352 367 118 94 112 85 130 43 72 36 168 162 32 71 98 194 52 145
1217 1242 196 124 117 173 197 101 183 133 154 32 74 140 193 115 64 85
2285 3371 137 160 66 119 149 171 75 207 191 142 183 56 38 189 31 52
2623 2623 0 0 0 0 1 145 20 0 91 0 0 0 0 119 0 0
3087 3088 180 90 0 30 0 120 30 120 20 0 0 0 0 190 170 160
2629 2650 85 52 6 115 192 38 154 35 74 164 197 35 145 84 109 177
738 1033 9 99 183 186 17 184 197 191 185 22 157 49 16 181 128 192
2337 2337 184 190 40 124 114 132 150 104 193 54 138 0 84 47 180 40
4291 4306 37 206 203 130 4 199 154 132 73 94 167 175 203 178 51 191
961 968 138 195 15 93 36 129 120 173 62 7 183 0 168 148 193 60
2358 4829 134 141 52 166 209 65 97 8 69 98 193 167 116 30 130 29
1618 1618 42 0 0 42 168 84 84 42 42 168 42 0 42 168 0 0
5843 5851 110 76 55 33 25 0 97 43 195 169 40 140 183 167 132 190
3709 3721 155 137 5 104 114 147 184 185 100 14 42 70 77 55 157 17
1593 2963 174 147 153 175 171 141 18 46 79 14 90 124 96 100 175 162
2971 2971 206 0 148 146 0 0 52 16 0 4 120 0 38 0 200 0
1032 1043 136 90 125 159 81 88 194 26 178 107 57 90 124 2 108 62
1569 1576 76 100 208 131 128 89 6 86 203 108 57 0 48 145 57 0
29 32 132 105 51 117 189 83 58 102 184 78 135 0 6 116 173 78
6343 6343 90 45 0 120 0 165 120 60 165 0 0 0 0 0 0 45
2520 2522 150 180 180 175 105 30 60 15 60 15 105 75 0 0 120 45
3372 3401 195 195 4 125 207 6 42 99 191 73 179 39 173 209 169 26
957 1794 6 108 122 32 43 62 201 150 164 122 183 56 83 135 87 189
3424 3424 90 150 0 120 0 60 120 60 45 0 0 0 0 165 15 150
6393 6400 180 90 38 30 7 174 102 105 106 9 164 5 0 194 190 65
901 918 146 106 46 182 65 126 41 188 47 60 25 179 117 54 90 158
2814 5909 55 68 78 170 60 88 105 156 35 73 148 1 145 41 4 68
5031 5031 90 150 0 120 0 60 120 60 60 0 0 0 0 0 0 150
2304 2308 8 200 158 188 192 66 166 178 200 186 60 0 168 192 90 120
5800 5820 145 118 19 191 27 167 47 155 124 138 5 0 0 171 205 53
3982 5639 30 158 73 167 198 89 90 30 31 119 180 41 102 18 73 22
4055 4055 114 78 0 54 0 90 138 174 90 0 0 0 0 0 0 78
254 258 42 0 150 42 145 67 48 42 37 24 150 0 42 53 60 150
2705 2732 121 92 77 206 27 8 70 38 142 104 181 94 163 60 62 34
1143 6452 114 138 82 181 169 198 58 23 82 107 142 59 2 176 175 23
6072 6072 20 80 170 80 75 15 10 130 182 162 66 0 0 129 84 60
88 97 20 150 34 0 145 0 160 205 72 189 172 185 140 198 168 155
4256 4262 60 30 17 45 193 68 11 5 79 45 206 0 203 145 66 180
189 2775 171 141 120 138 49 50 40 2 192 158 13 98 80 129 192 1
1211 1211 20 0 100 110 0 0 160 130 0 190 30 0 20 0 50 0
1128 1130 30 120 42 180 175 90 180 171 96 89 40 71 0 84 124 65
1530 1559 114 132 89 129 33 43 25 168 157 42 148 70 151 112 115 164
2851 3245 38 56 74 161 163 9 176 128 164 12 116 35 70 184 146 135
5477 5477 84 0 90 84 176 168 163 179 54 166 174 0 84 66 110 150
1433 1445 54 90 160 196 48 164 108 101 117 1 194 42 168 153 20 106
2541 2547 171 75 102 186 101 23 9 156 66 207 186 0 84 54 165 61
3899 6706 65 85 206 132 180 21 178 72 164 22 175 202 163 53 80 36
4316 4316 0 0 168 0 0 0 0 0 189 168 189 0 0 21 21 0
2959 2970 176 65 23 161 58 199 133 26 67 68 168 60 201 58 82 95
6199 6223 65 47 4 50 114 203 132 157 25 125 173 57 93 93 41 12
3028 5455 206 77 1 185 205 207 105 105 82 9 32 112 11 190 151 68
4334 4334 0 0 0 0 0 0 0 0 0 0 0 0 0 0 0 0
277 291 86 134 122 22 117 195 158 76 92 156 162 0 84 39 6 84
1698 1717 175 161 194 109 34 149 201 96 5 107 75 88 104 69 21 14
2299 3599 72 24 31 180 204 178 149 71 28 147 92 17 195 103 61 95
110 110 167 105 16 152 0 0 139 172 0 43 30 0 146 0 50 0
3069 3081 42 192 141 47 191 174 132 156 69 58 197 88 120 24 25 183
3040 3066 69 205 170 89 163 128 183 116 171 0 49 6 104 198 139 178
1497 6908 190 95 135 202 144 6 9 90 170 138 115 198 40 85 116 2
2493 2493 168 0 84 168 0 0 126 168 0 42 0 0 84 0 0 42
23 25 140 140 0 140 0 0 70 70 70 0 0 0 0 0 0 140
3373 3402 182 164 91 162 33 0 54 151 39 174 20 57 120 172 53 5
925 1278 197 115 23 171 107 78 15 192 108 61 141 201 53 81 4 79
577 577 0 0 0 105 168 189 42 0 147 168 189 0 0 63 105 0
1844 1858 138 99 206 108 204 132 106 168 63 91 178 138 66 53 114 185
30 41 130 205 87 85 177 176 100 201 21 53 79 91 98 47 105 55
3885 4777 162 32 144 71 62 13 208 132 19 124 108 157 16 3 34 95
228 228 84 0 0 84 0 0 124 84 157 0 126 0 84 83 0 160
4338 4348 144 51 105 197 62 166 1 30 199 13 102 71 105 207 160 151
4823 4830 143 69 200 98 70 120 55 16 53 171 186 98 26 67 110 9
20 64 87 193 114 17 192 16 129 135 148 164 146 102 0 123 126 92
5294 5294 84 0 0 84 0 0 104 84 152 0 126 0 84 178 0 80
3305 3317 57 165 138 132 37 104 179 67 70 164 180 30 42 113 39 45
1950 1971 111 80 111 111 119 192 7 186 176 17 183 70 126 134 111 85
2181 6645 49 179 12 70 163 66 206 7 33 34 19 136 120 69 54 209
4231 4231 0 0 0 0 0 0 0 0 0 0 0 0 0 0 0 0
5031 5044 188 35 100 207 180 129 110 172 26 69 33 84 48 114 48 130
2263 2284 53 208 30 111 9 188 33 70 13 85 135 168 148 20 202 20
2379 4719 1 184 68 39 97 140 173 44 20 16 85 116 206 34 35 166
1043 1043 204 60 90 174 186 18 103 129 144 6 174 0 84 66 90 150
1066 1075 64 175 195 19 25 166 145 59 39 200 74 0 23 209 40 96
5907 5925 140 97 151 125 11 95 88 197 100 44 79 0 58 43 169 23
2398 2844 6 165 133 93 146 79 74 162 89 191 197 0 7 151 117 46
4897 4897 200 170 80 185 18 159 52 40 177 108 129 0 0 33 45 180
144 144 30 120 42 180 0 90 180 90 127 0 0 0 0 83 103 50
5925 5949 16 209 135 170 23 104 111 197 96 32 181 126 83 16 107 97
6061 6700 84 116 138 87 48 90 175 29 22 171 22 117 73 114 67 108
4307 4307 0 0 174 187 178 190 200 0 28 0 159 0 0 182 0 0
77 80 114 120 174 31 42 14 78 174 207 168 117 0 168 33 50 88
4856 4886 152 111 6 160 138 31 47 130 118 102 77 15 149 53 102 27
2513 3183 36 61 196 28 28 128 170 170 93 142 58 44 91 197 127 18
6366 6366 60 30 184 150 0 180 150 180 107 144 137 0 0 103 203 100
2505 2514 204 150 198 54 36 30 164 24 31 84 114 0 114 179 192 136
1231 1250 123 141 191 24 22 22 92 96 11 121 186 35 95 21 98 80
54 90 200 80 91 21 45 50 170 119 82 164 124 184 60 120 170 184
4423 4423 148 46 0 118 0 150 146 38 80 0 0 0 0 0 0 46
2107 2109 161 185 62 206 75 15 67 196 119 105 153 0 78 192 27 3
4800 4825 201 199 203 21 182 8 110 18 123 181 18 57 167 103 200 79
1535 5514 16 12 141 107 100 174 206 181 128 202 178 183 169 171 162 155
6215 6215 60 30 80 45 18 159 192 180 107 108 129 0 0 33 45 40
6895 6897 57 0 33 177 105 175 29 192 77 153 75 0 36 133 118 83
6429 6453 4 130 55 208 61 185 133 11 207 13 34 0 3 55 44 60
98 4497 179 128 21 108 63 32 156 171 44 42 167 164 123 82 203 54
4617 4617 180 90 0 30 175 120 30 165 30 5 100 125 0 0 40 5
2212 2221 24 55 45 19 160 45 57 170 192 24 40 91 131 31 86 180
691 712 122 14 175 35 18 24 113 154 102 31 139 0 33 143 60 205
3448 5513 15 76 67 118 39 75 95 168 54 171 22 149 13 208 34 158
1840 1840 0 0 126 0 0 0 0 0 126 0 0 0 0 84 84 0
2355 2360 124 139 66 190 190 55 190 86 135 110 20 0 98 98 208 105
3877 3881 34 178 180 4 70 60 8 96 56 64 50 120 140 0 50 204
3790 6827 111 74 17 133 172 97 145 98 121 22 83 206 69 176 103 29
5360 5360 0 0 0 0 0 0 0 0 0 0 0 0 0 0 0 0
2897 2902 90 150 30 120 46 183 204 175 86 143 114 0 0 105 184 120
4355 4373 184 37 103 169 43 99 106 30 55 134 35 120 120 106 93 12
2060 2193 142 109 169 130 56 120 192 0 30 99 169 86 20 157 67 114
4942 4942 30 120 0 180 175 90 150 171 120 65 124 71 0 90 100 155
6727 6731 140 140 98 140 0 0 70 4 133 100 166 204 0 87 197 50
4996 5027 174 157 46 34 146 137 72 60 101 112 180 196 110 154 134 147
2085 2206 115 126 30 187 131 60 137 15 158 182 72 106 76 111 91 126
6590 6590 84 0 174 61 0 0 34 84 187 0 75 0 84 143 0 10
5404 5410 63 0 201 63 93 69 55 168 191 117 138 0 168 109 116 145
1684 1710 39 33 201 63 164 111 83 129 5 15 58 10 128 1 36 74
382 548 197 37 48 81 176 207 180 128 64 106 8 81 17 191 144 30
3918 3918 168 0 0 168 0 0 128 168 179 0 42 0 168 1 0 50
212 226 22 13 10 127 152 118 146 36 103 167 57 60 150 104 84 164
2766 2797 171 22 205 55 173 60 209 195 175 116 45 93 24 189 25 108
7 144 102 139 166 9 22 51 125 80 100 51 208 74 112 181 70 180
5788 5788 60 30 2 150 0 180 150 180 121 102 151 0 0 89 49 170
3995 4007 33 180 11 33 48 69 17 183 62 144 57 0 162 42 51 123
2856 2886 205 205 32 182 103 156 169 164 72 164 202 134 68 29 56 71
366 1784 85 61 206 16 82 56 117 19 190 63 134 173 113 1 133 176
1388 1388 60 30 96 150 0 180 150 180 2 108 129 0 0 208 188 100
5991 5991 84 105 0 84 0 105 124 84 52 0 126 0 84 83 0 55
3866 3869 135 0 86 37 0 0 135 90 196 182 85 0 30 14 14 5
422 854 205 71 182 189 202 31 31 42 90 99 111 134 159 95 91 39
372 372 114 120 180 54 66 198 103 69 144 96 54 0 84 126 90 90
3499 3505 139 75 108 94 126 72 13 74 178 197 194 0 10 152 138 30
727 729 111 48 96 186 0 15 87 186 15 153 180 0 36 0 90 26
1685 3924 73 13 40 86 151 36 151 88 185 161 95 99 163 150 138 65
5405 5405 105 0 98 0 0 0 105 0 154 106 154 0 0 56 36 35
1238 1241 60 75 84 27 190 105 90 180 75 140 79 140 150 180 10 65
233 253 126 78 1 36 150 39 103 162 24 180 190 0 61 166 131 66
2184 2766 178 62 165 194 56 72 89 34 65 117 144 40 106 68 65 76
6421 6421 0 0 0 0 0 0 0 0 0 0 0 0 0 0 0 0
5394 5396 200 65 178 80 104 200 80 40 176 109 178 0 0 168 132 110
1174 1200 160 15 136 9 197 26 128 9 47 66 151 168 82 19 194 122
2887 4631 57 6 96 176 172 139 34 19 72 18 192 121 106 17 158 55
3807 3807 0 0 203 105 147 59 82 0 176 1 49 0 0 184 185 140
408 408 84 0 198 193 0 0 124 84 157 0 39 0 84 83 0 160
1990 2002 30 36 175 123 129 183 142 90 102 144 31 0 182 153 206 45
3040 3582 31 21 206 182 28 59 66 150 53 65 68 148 124 24 15 133
6378 6378 30 120 168 180 175 90 180 171 54 191 208 71 0 126 16 65
2867 2874 54 165 99 79 75 105 27 192 60 153 198 123 201 6 186 45
4464 4490 18 69 183 149 110 143 188 201 0 63 165 81 120 102 185 177
55 4505 48 146 156 189 131 106 173 137 200 186 11 62 44 23 28 207
809 809 0 0 0 0 0 0 0 0 0 0 0 0 0 0 0 0
784 784 60 30 174 127 0 180 150 180 30 0 159 0 0 180 150 30
400 408 44 86 90 150 8 114 166 90 44 74 88 0 64 188 110 194
315 1546 83 59 119 107 140 135 53 195 117 171 141 12 39 66 87 24
3808 3808 0 105 98 0 0 0 0 0 84 1 154 0 0 126 176 0
22 29 146 20 4 56 165 0 196 25 27 59 59 189 72 139 99 123
4990 5006 182 111 199 87 184 4 121 7 84 111 136 0 115 149 122 101
433 665 90 79 28 125 75 76 63 10 121 95 120 166 162 158 73 120
4856 4856 0 0 168 14 0 0 0 0 0 0 168 0 0 0 0 0
6492 6497 133 175 10 28 84 54 89 98 58 195 48 0 126 32 112 101
3861 3864 150 150 180 75 130 150 30 40 180 50 165 0 180 90 160 120
6350 6389 7 104 161 31 150 140 33 39 208 139 166 42 44 179 74 22
606 606 198 120 0 138 175 90 158 129 164 65 166 71 168 136 100 145
2365 2372 98 140 56 203 25 160 58 28 54 84 189 0 168 3 7 10
2359 2363 54 27 12 33 70 15 198 100 93 74 3 105 84 0 130 0
1453 5680 54 52 87 195 5 71 101 117 143 99 197 73 31 24 152 97
4016 4016 180 90 0 30 0 120 30 120 55 0 0 0 0 155 205 20
3183 3190 46 205 10 31 78 20 141 191 162 51 192 0 21 84 112 100
1181 1196 199 81 55 54 29 91 196 148 159 181 103 126 61 6 166 154
3843 4152 206 133 24 158 150 62 59 137 151 65 144 63 135 207 133 104
2988 2988 57 105 138 72 0 0 99 192 126 195 96 0 36 84 174 83
5177 5186 10 105 36 160 84 102 206 2 170 109 50 42 10 130 184 70
1827 1828 22 100 69 7 32 95 81 17 13 113 194 0 173 100 82 180
402 1558 177 119 152 68 195 162 131 74 50 191 98 26 82 194 60 143
3292 3292 150 180 180 60 0 30 60 30 75 150 45 0 0 135 105 180
3376 3378 102 30 36 192 132 96 190 12 114 162 204 0 42 96 24 150
5309 5322 162 0 28 27 84 168 148 117 2 147 57 60 36 102 29 38
4121 4841 169 55 117 45 169 158 141 121 154 28 48 44 195 189 202 151
5473 5473 0 0 0 0 0 0 0 0 0 0 0 0 0 0 0 0
343 346 0 0 92 126 75 165 30 120 22 12 18 30 0 129 144 10
1207 1230 154 151 56 33 99 97 2 182 187 20 77 168 130 94 115 201
1662 1830 43 136 6 160 156 60 197 53 173 75 130 85 109 32 77 104
2201 2201 170 50 80 5 18 69 82 100 207 78 159 90 0 33 15 150
3312 3315 192 180 66 102 60 114 124 72 180 108 192 0 42 30 144 120
3326 3355 104 199 174 29 199 123 76 166 87 16 172 71 84 66 155 166
4057 6660 116 61 170 84 34 11 63 146 198 156 118 84 15 90 72 198
4618 4618 0 0 0 0 0 0 0 0 0 180 0 0 0 0 180 0
379 389 129 159 186 144 201 106 123 191 116 130 102 0 0 130 160 114
954 965 2 162 80 152 139 72 158 203 6 113 164 0 14 72 106 37
3152 5023 166 44 165 63 99 95 133 148 82 166 190 9 156 98 61 172
1428 1428 60 30 150 150 120 150 30 180 0 150 150 0 0 30 0 180
3601 3607 180 132 135 135 138 183 130 78 195 177 114 0 189 204 30 36
3469 3474 96 90 162 156 132 64 148 36 67 120 204 0 126 53 37 80
5819 6948 194 31 188 147 41 209 110 135 13 14 168 141 22 90 13 37
496 496 0 0 168 0 1 145 20 0 49 0 0 0 0 161 42 0
2372 2372 57 105 96 72 0 0 99 192 126 69 138 0 36 42 132 83
216 227 95 110 56 125 191 93 103 10 100 94 5 10 78 80 169 136
3203 6947 53 167 53 25 28 144 12 98 130 42 85 173 124 3 146 56
3397 3397 174 3 98 204 105 60 78 183 106 154 154 0 0 56 126 140
4202 4211 71 105 166 86 162 54 15 136 30 169 180 0 50 60 78 190
3419 3427 166 70 182 136 126 152 74 176 60 0 107 0 180 120 34 58
871 3171 105 81 78 58 79 137 152 29 156 103 37 151 125 35 34 9
3278 3278 78 60 168 48 0 150 48 108 32 0 42 0 168 178 167 130
3265 3267 136 40 130 46 24 72 162 86 96 144 186 0 126 114 60 30
4619 4627 123 135 132 108 142 64 9 138 172 21 126 0 126 128 84 121
607 3843 68 137 133 181 117 33 60 173 119 93 75 70 10 33 127 37
4680 4680 0 0 0 35 0 0 0 0 0 0 105 0 0 0 0 0
6369 6374 116 170 80 101 130 61 4 166 121 192 45 0 126 89 45 180
1473 1491 178 118 196 98 184 192 46 20 184 64 25 50 66 68 106 74
3439 3657 38 162 52 181 116 195 186 185 179 78 158 37 157 205 106 46
6779 6779 129 165 30 24 36 108 178 9 144 81 114 0 114 66 60 150
1651 1653 30 120 0 180 14 125 40 75 89 135 0 0 0 91 30 0
1163 1189 178 204 190 28 34 38 4 43 31 140 164 71 106 183 102 118
331 3265 98 6 24 170 82 3 92 36 46 76 127 51 161 76 7 26
3218 3218 174 150 120 204 6 18 48 144 24 36 204 0 84 186 120 60
1396 1404 63 105 182 63 35 0 189 63 112 14 189 70 42 140 140 0
2555 2574 121 205 161 85 180 101 67 95 139 153 128 84 42 33 34 197
739 5755 132 30 209 8 181 132 151 178 95 141 204 162 3 8 127 199
4366 4366 0 0 0 0 0 0 0 0 0 0 0 0 0 0 0 0
6292 6292 142 160 159 97 165 0 101 167 125 77 116 0 173 195 40 120
4311 4332 34 191 25 43 51 93 17 50 167 55 106 71 121 196 164 194
4911 6201 122 172 8 108 167 62 7 67 69 149 13 58 102 135 76 97
175 175 0 0 0 0 43 89 202 0 63 0 0 0 0 147 154 0
6432 6439 194 188 196 44 166 156 192 70 64 82 138 71 14 62 54 163
4782 4794 120 117 39 51 57 94 38 111 139 77 13 155 204 59 132 195
76 85 120 60 200 90 204 202 184 0 106 120 142 0 126 134 44 182
154 154 0 0 168 0 0 0 0 0 84 126 84 0 0 126 126 0
1642 1650 124 40 166 64 138 184 186 134 190 132 138 0 114 50 22 62
6644 6669 119 46 12 110 9 123 45 18 104 118 90 116 200 205 144 55
777 2306 1 195 99 192 113 0 56 159 169 179 30 92 187 37 84 84
4592 4592 142 160 117 97 165 0 101 167 104 203 74 0 173 174 19 120
4232 4242 7 155 166 169 126 153 121 182 155 53 146 0 152 55 9 145
4796 4799 174 60 60 114 0 30 148 144 183 156 60 0 12 207 47 66
2247 2356 127 96 183 35 56 41 189 18 47 181 163 46 190 175 83 103
6448 6448 30 15 189 75 189 173 64 90 178 0 105 0 0 122 149 120
6641 6649 84 117 90 204 132 16 168 179 59 7 138 84 138 143 26 75
369 382 103 121 174 200 114 96 3 14 48 13 22 96 178 152 116 182
542 562 168 138 89 21 156 112 38 23 150 147 143 0 134 20 63 3
3180 3180 90 150 174 120 0 60 120 60 206 96 33 0 0 4 104 10
493 500 44 50 8 194 174 12 45 139 129 204 78 0 84 31 37 30
6642 6660 133 10 150 155 29 58 119 118 5 207 173 0 176 141 106 130
1116 2553 142 166 116 175 89 182 158 71 12 175 48 10 27 101 24 55
4784 4784 60 30 168 150 0 180 150 180 93 0 0 0 0 117 87 30
2322 2329 182 35 95 182 101 168 201 187 99 1 11 175 147 156 155 100
4816 4828 56 48 136 86 173 33 146 32 69 120 97 56 170 105 36 98
1024 2068 75 202 7 161 209 181 72 208 137 145 128 181 42 185 80 150
4940 4940 180 90 188 30 0 120 30 120 34 138 124 0 0 176 196 20
2845 2856 127 187 148 37 169 207 3 123 177 152 33 0 78 63 154 33
3265 3280 39 51 18 129 189 137 164 177 198 68 55 0 161 208 172 15
2086 2417 107 46 208 109 178 105 89 88 117 31 125 30 38 207 65 97
1101 1101 45 165 198 150 36 108 10 135 144 165 114 0 72 66 60 29
4828 4828 30 120 78 180 0 90 180 90 99 198 9 0 0 111 21 120
5613 5637 43 110 19 133 88 111 179 81 36 2 161 84 124 34 48 194
666 937 48 170 191 54 65 163 146 138 130 157 102 205 175 79 40 40
4813 4813 142 160 159 97 165 0 101 167 41 203 74 0 173 27 82 120
1755 1766 168 130 118 18 6 78 32 168 64 156 122 0 34 92 136 35
2401 2416 24 144 42 24 19 198 13 15 129 23 148 80 198 39 46 47
2060 3458 179 56 184 117 49 7 174 2 69 195 129 93 135 59 148 138
1569 1569 70 70 70 175 0 105 140 140 105 0 105 0 0 105 105 0
3892 3895 186 153 39 141 195 45 189 159 138 147 48 0 123 93 18 177
752 754 56 140 56 56 85 187 62 196 98 84 126 0 126 112 49 140
3328 5437 25 61 120 198 48 10 134 103 76 25 153 183 6 79 117 179
6091 6091 39 105 132 204 0 0 123 54 0 171 90 0 102 0 150 83
4210 4214 170 80 3 95 11 80 125 25 176 187 46 0 205 140 61 70
723 738 54 156 89 114 115 26 78 72 88 182 34 14 42 69 70 53
4867 6702 125 169 9 151 205 153 0 78 162 200 54 9 6 51 114 87
4341 4341 0 0 0 0 0 0 0 0 0 0 0 0 0 0 0 0
5839 5846 176 116 48 41 36 27 90 94 145 118 13 0 28 75 113 150
3729 3753 93 43 199 121 185 135 30 16 158 94 86 0 131 202 60 30
755 4178 183 112 168 80 130 87 9 118 75 10 22 179 28 162 4 206
4758 4758 54 30 30 144 156 108 133 99 114 6 84 0 24 36 30 180
2662 2675 143 122 31 193 164 39 80 163 100 81 188 140 173 108 70 72
3290 3320 29 26 38 115 65 147 159 176 71 16 100 71 174 25 27 196
4425 4523 198 165 12 200 94 25 32 5 77 126 206 142 2 163 150 188
39 39 144 198 168 24 0 180 108 54 83 0 0 0 0 157 167 58
6124 6136 133 10 99 38 6 90 35 158 92 113 134 0 92 18 142 23
6949 6969 43 16 67 178 102 84 65 114 177 1 2 48 32 172 135 190
34 1403 134 114 64 138 17 5 173 65 185 71 102 51 63 75 177 173
6343 6343 80 5 50 200 75 90 160 100 47 162 36 0 0 129 84 195
6595 6600 30 15 98 75 110 150 0 110 19 101 49 0 0 56 206 140
1503 1514 52 40 151 88 122 2 143 182 47 170 183 40 147 55 94 20
2374 4172 208 156 121 160 35 140 47 112 190 189 114 116 73 157 43 57
2004 2004 0 0 0 0 0 0 0 0 0 0 0 0 0 0 0 0
1936 1941 148 130 112 13 9 132 204 38 175 84 189 0 168 65 153 10
814 814 0 0 0 0 0 0 0 0 0 0 0 0 0 0 0 0
96 840 160 88 145 122 88 156 69 159 158 124 20 120 94 177 164 135
1941 1941 57 105 96 72 0 0 99 192 0 153 180 0 36 0 90 83
3040 3040 90 150 0 120 0 60 120 60 80 0 0 0 0 130 50 10
1933 1964 35 54 146 50 205 60 18 58 17 56 179 158 95 198 136 208
1034 2352 153 131 115 109 167 200 109 166 125 132 79 198 104 50 81 209
1122 1122 162 60 90 132 78 24 64 192 102 48 132 0 42 108 90 150
2411 2413 167 105 16 152 0 0 139 172 0 43 30 0 146 0 50 140
3280 3305 68 65 34 48 165 23 140 47 124 149 36 186 6 67 60 117
626 1547 122 189 30 206 51 47 58 66 1 204 11 142 138 180 190 152
1330 1330 2 50 110 152 183 129 174 202 194 180 138 0 42 117 144 90
5011 5015 90 120 120 30 145 150 180 25 90 185 0 0 180 120 40 90
934 942 194 3 97 153 135 105 155 169 22 181 108 0 101 125 68 49
42 83 95 207 188 176 134 114 131 173 204 34 166 153 100 99 168 61
4958 4958 0 0 0 0 0 0 110 0 80 0 0 0 0 160 0 20
3032 3040 90 45 49 190 189 143 4 72 171 134 50 192 0 39 26 160
4578 4589 24 75 42 144 70 135 60 135 102 98 124 71 84 21 196 23
1584 2438 108 94 131 14 119 0 61 60 85 188 39 170 100 44 125 47
3696 3696 30 120 0 180 0 90 180 90 120 0 0 0 0 90 180 120
3304 3314 51 0 108 81 198 164 93 66 106 156 129 120 156 44 43 5
733 740 180 90 60 30 49 10 120 201 205 41 142 71 0 203 162 105
436 810 7 145 78 178 85 58 21 206 168 70 29 85 124 36 63 63
330 330 0 0 174 187 0 0 0 0 0 0 159 0 0 0 0 0
5937 5938 156 120 180 96 72 6 164 6 78 12 180 0 126 132 180 90
3064 3087 66 81 147 122 13 21 90 60 85 44 61 200 114 137 187 188
4366 4528 65 204 123 155 124 160 22 27 85 28 53 175 205 19 43 138
1215 1215 0 0 0 0 0 50 130 0 40 0 0 0 0 80 80 0
5071 5079 72 24 116 207 60 175 194 90 173 114 159 0 30 65 15 38
5072 5085 176 88 87 161 198 129 113 196 97 107 24 15 103 180 7 156
1458 3877 86 44 56 9 146 79 6 170 203 36 136 26 16 181 32 201
2604 2604 170 50 2 5 18 69 82 160 78 120 120 0 0 132 24 60
5696 5710 70 28 118 145 168 57 48 44 14 20 149 0 88 125 53 80
2762 2763 126 105 126 126 0 0 42 126 84 45 84 0 168 126 66 0
655 5166 104 83 127 143 123 57 208 85 13 203 37 150 21 116 18 124
5268 5268 0 0 0 0 0 0 0 0 0 0 0 0 0 0 0 0
593 593 200 170 80 185 18 159 52 40 177 108 129 0 0 33 45 180
4360 4390 105 189 166 109 131 96 51 47 80 209 206 177 174 109 25 171
44 149 53 77 158 157 31 141 198 148 6 131 109 162 8 157 128 154
979 979 57 105 96 72 0 0 99 192 0 153 180 0 36 0 90 83
930 941 108 42 114 174 22 130 0 54 100 78 174 0 90 68 0 111
698 707 195 55 28 165 12 171 163 60 142 197 70 0 50 98 161 155
5716 6625 132 25 42 116 61 137 104 62 157 45 160 78 108 74 62 106
3893 3893 84 168 0 84 0 0 168 168 42 168 0 0 0 0 0 0
2596 2603 176 128 192 56 180 30 136 78 115 208 43 68 180 111 101 130
27 39 43 37 33 133 37 168 160 3 14 70 32 0 89 45 170 144
190 302 126 74 189 120 136 117 16 2 32 38 129 29 206 135 194 115
4631 4631 13 77 16 208 0 0 41 158 70 43 30 0 146 0 50 182
5804 5813 107 50 75 152 153 138 121 202 176 201 26 0 42 34 5 55
3326 3356 188 135 2 150 185 100 142 35 10 123 49 0 174 187 109 81
160 2455 4 152 10 13 47 149 67 118 137 42 75 44 16 62 161 19
4815 4815 0 0 0 0 0 180 90 0 60 0 0 0 0 120 120 0
842 849 9 135 116 174 126 12 15 174 72 69 88 0 54 138 198 30
373 402 45 201 110 89 68 165 134 203 59 113 51 31 204 157 41 197
192 263 141 173 100 76 94 100 68 101 34 99 61 170 145 52 108 91
6589 6589 104 80 92 134 75 15 178 4 182 78 36 0 42 129 84 46
492 495 180 90 6 30 0 30 90 120 123 96 138 0 0 207 192 90
1498 1499 105 105 196 0 0 0 105 0 98 77 98 0 0 112 42 70
22 2143 77 71 132 172 72 71 74 175 40 86 126 75 121 75 84 23
6490 6490 0 0 0 0 0 0 0 0 0 30 0 0 0 0 30 0
742 753 61 130 190 196 180 0 29 71 0 6 114 105 18 182 73 125
1731 1754 120 33 79 132 42 2 79 163 182 133 149 0 49 146 100 80
2574 4440 67 137 138 91 81 99 97 40 90 190 146 202 194 122 188 146
1843 1843 0 105 98 0 170 80 40 0 84 1 154 0 0 126 36 140
4567 4571 166 13 196 16 0 15 2 116 205 128 170 90 126 70 30 173
1054 1069 177 81 2 141 150 177 125 183 51 165 196 168 78 73 30 194
487 4878 187 8 153 1 30 159 208 73 117 91 56 96 18 63 49 9
4492 4492 158 191 34 38 0 75 136 208 87 54 152 0 0 148 98 51
129 135 70 28 126 70 44 66 98 112 140 168 14 0 140 168 168 84
2994 3024 20 139 131 8 124 26 30 80 187 196 116 48 148 149 6 155
4031 4031 0 0 174 187 0 0 0 0 0 0 159 0 0 0 0 0
348 348 120 60 28 90 0 150 90 150 193 0 140 0 0 17 97 200
2379 2390 49 175 49 154 170 158 190 109 138 142 87 0 189 22 157 70
1785 1797 205 35 32 25 97 110 143 176 72 75 101 116 86 123 90 200
830 1229 151 65 99 8 86 67 61 61 73 177 97 198 114 23 12 81
4445 4445 84 120 102 204 175 90 108 165 180 11 184 71 12 0 130 11
5350 5363 180 180 60 79 83 87 182 141 17 79 71 161 86 117 51 31
782 802 18 65 133 55 194 51 95 201 18 124 162 28 99 175 25 110
1779 5367 134 67 84 68 11 10 97 85 50 198 26 12 187 110 185 11
5581 5581 36 132 120 36 175 120 12 67 198 107 120 0 150 0 100 200
5741 5742 36 132 120 36 175 120 12 67 93 107 120 0 150 105 100 130
6511 6514 174 45 57 204 196 205 34 144 178 120 36 0 84 32 78 60
3142 3591 101 158 72 47 113 23 90 68 8 31 29 181 145 46 100 89
245 245 156 162 0 96 0 90 12 12 138 72 0 0 0 0 30 0
2055 2060 38 199 163 167 165 150 163 193 33 62 144 60 75 125 200 44
1558 1580 196 181 91 188 6 39 131 62 60 126 23 131 123 121 176 126
1735 5174 193 27 120 14 105 46 115 77 55 42 45 134 1 146 73 197
3726 3726 126 0 0 126 0 0 126 126 63 0 84 0 126 147 0 0
3024 3024 0 0 0 0 0 0 0 0 35 0 0 0 0 175 35 70
6843 6869 70 169 30 20 88 24 158 12 19 67 138 0 184 132 78 198
333 346 50 92 123 59 68 139 192 16 153 188 197 180 104 169 181 177
4311 4311 0 105 0 0 0 105 0 0 105 0 0 0 0 0 0 105
628 637 154 183 64 169 75 150 104 98 97 142 149 42 6 57 32 109
490 499 186 135 57 171 39 57 2 96 136 174 153 0 126 14 155 110
5280 6984 44 42 13 28 42 120 193 118 110 67 87 182 38 12 30 121
5136 5136 0 0 0 0 0 0 0 0 105 0 0 0 0 105 105 0
6467 6473 198 36 60 188 70 90 96 208 54 156 148 147 70 0 30 175
4101 4130 84 174 26 158 54 80 24 64 87 134 207 198 174 164 104 50
880 3901 169 36 151 176 20 59 39 14 23 155 128 43 145 20 178 46
6545 6545 0 0 0 0 126 168 84 0 84 126 168 0 0 126 0 0
1086 1100 125 19 2 160 162 139 98 181 107 77 19 40 39 51 35 52
4842 4858 196 99 0 176 155 81 82 162 104 94 70 105 166 38 105 90
2677 3359 146 67 46 86 169 103 82 77 82 61 51 72 68 158 53 153
6685 6685 204 0 180 114 0 0 34 24 157 90 96 0 204 83 90 40
6652 6657 0 105 14 0 126 122 96 0 106 1 154 0 0 44 122 70
1364 1366 150 180 0 60 36 175 80 95 193 157 126 0 0 203 164 0
1732 2012 51 146 146 46 156 119 16 100 177 101 193 140 177 17 62 195
5060 5060 68 41 120 128 180 75 46 148 25 120 120 0 0 150 0 161
6027 6034 135 75 90 30 66 198 17 90 118 75 27 0 6 32 145 187
4966 4969 4 145 24 82 121 40 82 194 138 126 204 0 66 173 24 205
430 1454 144 129 12 126 123 31 147 30 66 94 98 159 155 161 160 173
6342 6342 122 170 144 2 90 0 106 142 16 28 34 0 88 72 32 180
2070 2078 34 30 61 205 75 30 185 179 184 41 49 0 187 62 53 50
2209 2211 42 0 0 42 138 144 184 42 42 168 42 0 42 168 0 0
1021 2096 17 203 32 186 184 18 94 147 122 72 50 20 142 51 55 47
4083 4083 0 0 174 187 90 30 120 0 0 0 159 0 0 0 0 0
1454 1467 169 172 190 123 93 135 147 185 196 44 100 105 140 139 171 40
1646 1652 134 95 95 209 126 163 18 175 44 41 163 71 84 76 185 165
2310 6751 160 183 104 136 45 53 10 60 195 114 67 50 124 75 162 105
6975 6975 30 120 0 180 133 196 128 171 38 65 124 71 0 52 26 65
2231 2239 70 145 170 190 193 46 199 140 2 71 103 35 5 81 63 28
5390 5411 141 38 156 189 7 105 136 3 208 105 97 42 166 37 89 48
1424 2251 148 96 191 33 92 143 37 66 20 153 51 133 199 173 118 32
5925 5925 41 63 16 26 105 0 97 25 42 106 30 0 146 0 50 0
1244 1250 6 90 154 186 60 120 156 186 51 0 104 0 36 189 146 140
5526 5555 108 185 193 10 179 122 38 183 186 115 62 5 166 16 3 185
1677 4400 190 33 69 153 40 6 116 152 207 129 80 75 172 35 186 52
2814 2814 0 0 0 0 0 0 150 0 90 0 0 0 0 180 0 180
5401 5415 200 170 43 185 167 6 168 147 139 56 85 42 0 209 197 40
1803 1830 62 60 200 178 14 139 142 74 75 18 112 84 152 188 11 141
2612 3749 177 133 191 97 42 202 186 101 105 168 12 163 168 44 57 94
3010 3010 102 30 150 192 18 54 74 12 72 108 192 0 42 138 150 180
2667 2673 128 50 122 68 0 10 118 118 201 90 132 0 168 189 163 130
5662 5668 116 170 80 206 180 84 8 166 8 150 24 0 126 180 204 0
68 353 35 31 204 133 103 46 71 77 113 83 171 63 7 43 106 102
6143 6143 188 206 105 113 63 186 64 88 193 0 105 0 0 42 21 101
54 63 53 55 68 91 12 29 23 160 186 10 158 72 114 89 55 195
5255 5278 166 8 105 104 107 55 25 100 0 148 23 26 107 154 60 12
379 3795 7 69 57 9 173 21 158 63 8 130 112 178 33 142 118 178
2290 2290 168 0 0 168 42 126 126 168 168 42 168 0 168 42 0 0
5372 5378 141 120 92 171 162 111 83 66 204 106 64 0 174 6 0 1
2301 2305 207 55 2 42 0 150 9 12 156 43 30 0 146 84 44 90
1792 3063 11 186 11 127 52 161 24 191 117 182 142 184 160 53 138 38
6681 6681 60 30 184 150 70 180 150 180 107 74 207 140 0 103 63 30
3092 3092 150 75 165 165 174 38 64 30 142 18 39 0 0 107 179 30
4510 4536 78 12 82 178 147 79 148 105 109 100 133 0 106 150 2 171
3976 6439 196 115 55 153 76 168 128 201 151 118 155 117 184 183 114 51
2138 2138 0 0 0 0 0 0 0 0 0 30 0 0 0 0 30 0
1068 1076 112 70 200 112 22 148 154 182 58 24 17 0 168 102 2 82
3185 3189 172 142 190 52 139 72 164 153 174 41 36 0 126 114 130 60
2158 6133 63 20 197 67 116 26 57 12 50 133 205 76 125 22 103 187
3917 3917 3 27 186 138 175 120 21 199 198 140 60 0 96 0 70 93
2319 2334 25 58 92 10 55 0 1 191 116 127 99 35 0 142 162 120
1522 1546 146 24 199 71 125 25 69 76 83 182 24 140 77 188 195 104
634 1207 133 47 207 141 25 95 26 132 79 138 72 150 152 88 53 181
4309 4309 102 114 0 192 70 180 24 94 66 74 0 0 0 0 130 0
2798 2805 64 130 160 34 86 138 63 59 6 48 90 0 84 70 74 170
3917 3948 79 1 64 6 81 106 164 144 86 171 185 135 53 169 13 119
329 1307 81 189 53 18 120 145 93 48 111 149 140 48 123 86 184 202
5327 5327 0 0 0 0 0 150 180 0 120 0 0 0 0 30 30 0
3143 3146 140 140 60 29 105 0 70 133 196 189 141 63 0 84 84 35
2518 2543 42 116 64 130 109 57 121 126 25 185 173 209 155 73 95 33
3378 3516 122 66 88 15 74 106 148 91 200 162 134 68 89 52 22 174
2580 2580 120 60 168 90 0 150 90 150 53 0 0 0 0 157 167 130
860 861 84 0 42 84 0 0 168 84 105 126 105 0 42 105 105 126
1977 1997 32 167 68 158 162 45 102 40 101 194 24 0 118 136 78 53
1463 1577 166 166 151 207 59 159 208 198 14 196 100 94 82 60 161 111
4628 4628 0 0 0 0 0 0 0 0 84 84 42 0 0 168 168 0
2932 2936 186 174 188 141 138 69 138 66 179 104 197 0 116 207 109 114
2715 2745 63 55 144 38 143 124 128 114 100 129 85 2 169 127 118 185
1425 1622 128 189 78 161 44 181 109 94 106 135 18 37 34 23 18 175
153 153 20 80 50 50 180 15 10 25 182 57 36 105 0 129 84 165
4543 4552 92 200 26 14 48 112 150 52 68 78 72 0 0 36 116 110
5879 5897 154 183 131 129 44 189 177 170 67 72 101 127 103 44 183 110
281 1175 62 71 162 60 66 127 59 206 153 150 0 178 201 73 176 137
4542 4542 0 0 0 0 0 0 0 0 0 0 0 0 0 0 0 0
2091 2095 43 195 56 148 0 30 191 38 186 149 6 0 94 144 154 114
3607 3617 72 189 120 79 57 140 112 3 28 48 159 141 156 182 170 81
563 644 80 35 82 65 166 199 15 75 203 28 48 35 117 197 107 48
2438 2438 2 20 54 62 60 0 136 202 76 28 4 0 208 132 152 120
6754 6761 12 90 138 49 186 100 106 72 97 208 113 40 168 206 152 40
3544 3571 8 61 171 155 96 29 134 187 49 105 73 71 108 66 37 137
1286 2888 182 89 132 93 87 97 196 17 2 66 115 182 65 79 64 41
3570 3570 30 120 180 180 30 90 100 90 120 180 180 0 0 90 180 90
1011 1012 70 70 70 70 80 50 60 140 84 84 42 0 0 28 168 0
1698 1708 79 110 84 88 146 193 133 47 99 119 43 173 44 182 91 185
881 6445 64 149 13 105 201 100 37 190 196 171 188 66 142 82 20 2
4178 4178 204 60 90 174 36 108 43 129 144 6 174 0 84 66 90 150
1353 1356 72 120 36 12 106 25 74 69 1 153 198 147 126 209 60 15
1257 1278 90 192 52 60 141 198 202 45 122 109 193 165 120 105 139 125
204 4182 139 139 154 112 34 162 140 173 94 154 200 205 125 40 26 75
3156 3156 120 60 90 90 30 90 60 150 168 48 174 0 0 186 126 150
6687 6697 106 25 85 181 167 81 4 136 184 148 183 105 126 104 177 5
1433 1449 163 38 81 73 23 139 131 32 102 101 163 4 158 8 85 198
1509 5680 60 148 136 108 126 169 191 205 96 96 156 36 5 109 68 39
6292 6292 57 105 96 72 0 0 99 192 168 111 54 0 36 126 6 83
2409 2409 180 90 0 30 140 120 30 18 30 40 2 118 0 0 110 40
141 151 108 177 115 198 149 140 51 191 121 43 140 0 165 2 113 121
366 6387 124 23 184 15 67 136 66 54 135 98 0 105 97 61 181 119
808 808 167 105 16 152 0 0 139 172 0 43 30 0 146 0 50 0
2639 2649 170 134 58 20 200 86 60 160 148 97 34 0 168 83 139 139
1068 1087 54 150 168 182 17 32 111 126 198 39 70 72 108 14 154 5
943 1403 179 151 75 141 64 99 38 69 163 55 179 171 127 181 142 162
2943 2943 142 160 159 97 165 140 171 167 111 203 74 0 173 167 12 120
644 657 113 185 102 68 138 15 3 157 157 18 102 189 128 114 136 190
3892 3902 65 39 165 125 35 150 152 79 56 46 96 160 197 76 18 23
2354 4565 187 126 51 204 9 182 172 131 73 117 132 141 49 102 189 117
4563 4563 142 160 159 97 130 175 31 167 6 203 74 0 173 62 82 120
5740 5751 54 105 150 204 171 169 101 24 168 162 207 0 9 174 41 40
6347 6366 104 143 175 35 172 195 162 46 198 65 49 140 0 68 171 199
117 973 197 93 171 203 209 115 29 10 20 65 144 152 14 88 84 158
5223 5223 167 105 16 152 0 0 139 172 0 43 30 0 146 0 50 0
960 971 158 0 0 8 117 76 76 31 53 43 15 193 158 127 165 195
5298 5325 154 6 103 134 52 93 92 84 142 21 97 0 128 60 85 140
386 2972 181 128 72 78 8 156 124 172 143 165 102 151 64 35 150 52
6709 6709 42 84 0 42 0 0 84 84 126 84 0 0 0 0 0 0
5790 5802 30 186 193 82 183 102 44 90 74 86 8 0 192 181 201 31
594 609 200 170 207 80 168 25 160 138 103 33 179 168 0 137 130 40
12 272 94 112 191 96 105 72 7 58 73 42 101 143 5 61 82 120
5265 5265 140 140 104 117 0 0 70 70 0 0 159 0 0 0 0 0
4140 4154 14 35 48 14 76 115 10 154 209 104 20 0 168 147 3 55
6237 6255 154 196 183 126 1 98 173 86 154 22 83 179 119 24 147 115
402 2275 90 120 46 3 185 43 64 205 142 46 135 74 27 69 54 21
879 879 0 0 0 0 84 168 84 0 84 0 0 0 0 126 168 0
840 845 30 45 42 187 140 60 60 60 204 163 203 10 150 126 86 160
4390 4413 104 121 113 74 29 24 74 102 153 6 90 175 104 179 112 45
1773 5559 70 49 172 82 143 46 95 29 105 78 46 93 103 105 23 9
6115 6115 0 0 0 0 100 10 110 0 70 0 0 0 0 140 0 0
521 534 26 170 176 11 64 196 84 151 130 175 125 105 52 33 208 63
2403 2431 66 142 78 11 5 154 202 98 167 181 89 120 126 189 208 13
2761 5364 87 32 118 137 159 3 5 19 143 193 29 56 175 68 8 44
5591 5591 84 63 184 84 0 105 168 84 32 144 137 0 0 103 203 133
2906 2918 50 110 143 65 84 90 72 160 68 189 105 0 78 135 99 120
2386 2399 41 164 156 182 111 61 207 61 126 148 19 0 154 1 195 66
2700 5940 123 5 109 118 5 95 18 163 35 195 180 188 20 57 198 102
5030 5030 0 0 105 105 105 0 105 105 105 105 0 0 105 105 0 0
1463 1466 0 105 2 67 140 0 0 0 154 71 123 70 0 56 176 0
140 163 128 125 2 23 170 105 203 118 73 138 72 105 171 16 70 161
1474 2018 76 25 81 209 187 56 153 1 188 170 153 123 41 193 18 115
5838 5838 126 0 0 126 0 0 126 126 168 0 84 0 126 42 0 0
5724 5738 185 95 147 44 72 191 32 85 29 152 48 180 137 79 7 203
3012 3017 92 116 60 107 141 108 29 22 52 183 15 39 84 66 120 59
714 1165 58 168 148 94 89 115 133 2 22 150 3 146 126 3 159 96
6512 6512 204 60 174 174 36 108 43 129 18 6 174 0 84 192 6 150
3012 3027 122 180 176 164 93 33 46 49 25 20 20 48 182 182 85 157
4129 4139 105 57 19 115 148 24 112 40 199 201 196 204 85 111 48 90
271 1343 93 197 155 118 18 25 108 121 58 187 40 145 146 51 133 0
110 110 30 120 0 180 175 90 180 171 180 65 124 71 0 0 100 65
3759 3763 130 100 10 115 73 196 18 110 79 192 171 0 0 131 150 180
6114 6141 168 36 66 36 132 186 90 54 4 0 72 18 138 206 109 3
1763 2936 135 112 52 180 62 168 184 96 120 19 102 138 166 15 11 56
1547 1547 70 0 140 70 0 0 140 140 0 140 0 0 70 0 70 0
6436 6445 191 107 158 209 105 180 167 79 144 120 60 0 166 132 29 4
4061 4091 80 136 12 48 21 109 146 12 106 158 36 63 152 74 159 22
2534 4889 170 131 198 63 76 132 144 91 12 17 65 63 127 152 19 39
3433 3433 117 135 96 12 140 180 39 156 150 73 176 184 36 0 80 3
5091 5095 58 46 115 133 90 180 101 146 181 168 36 0 45 159 24 120
6684 6708 40 143 10 205 90 36 155 194 53 192 129 0 175 206 115 106
3751 6583 131 44 52 37 181 179 97 43 29 139 63 105 130 144 207 156
3422 3422 126 0 0 126 1 145 26 126 19 0 84 0 126 101 0 150
176 191 36 199 103 46 6 53 40 180 34 150 75 0 174 84 58 120
4507 4521 6 24 153 81 203 170 88 186 23 120 81 0 84 4 57 39
3937 5339 111 191 30 153 37 70 185 154 102 60 121 99 142 47 12 98
6797 6797 21 105 168 126 0 0 147 126 0 189 0 0 168 0 0 189
4617 4625 22 90 26 127 42 129 26 32 57 188 75 30 136 33 109 78
2365 2378 96 177 157 151 128 120 186 170 6 76 123 114 108 145 121 78
1493 6713 100 9 108 123 158 182 149 128 47 113 25 202 100 94 18 157
4339 4339 0 0 0 0 200 20 10 0 140 0 0 0 0 70 0 0
113 122 170 176 80 50 149 27 156 97 29 198 22 175 70 146 142 132
8 8 120 60 102 42 0 150 90 150 53 0 204 0 0 157 167 130
1257 6260 96 32 178 35 163 139 74 152 206 49 12 207 131 144 71 36
2933 2933 142 160 159 97 165 0 101 167 41 203 74 0 173 27 82 120
3228 3236 152 146 169 2 179 167 18 22 79 78 113 0 168 126 137 119
5531 5555 81 15 28 156 156 167 7 147 103 206 34 151 30 41 100 80
640 1872 173 205 14 68 86 48 91 110 152 92 196 14 82 10 197 37
6489 6489 150 180 0 60 0 30 60 120 60 150 60 180 0 0 150 150
4032 4047 75 40 150 200 187 9 88 78 102 149 154 123 135 76 150 105
3801 3806 127 90 70 22 105 120 59 185 37 51 139 63 136 203 193 88
3021 3777 26 7 180 189 41 180 22 136 61 24 55 177 135 58 147 146
9 9 0 0 0 0 70 0 0 126 0 140 154 56 0 0 70 140
3136 3143 14 56 1 119 104 182 103 82 1 180 36 0 21 23 134 20
3223 3227 144 45 42 24 70 60 48 24 120 131 130 80 12 0 40 20
4756 4877 130 64 201 153 26 135 31 18 65 148 183 171 71 28 160 69
6177 6177 204 60 90 174 78 24 1 129 102 48 90 0 84 108 90 150
2330 2336 47 0 150 99 0 0 189 22 39 2 100 0 26 141 191 55
1401 1419 67 190 142 72 59 47 129 185 155 36 144 108 192 188 174 185
679 4559 67 2 20 147 170 156 45 12 2 64 126 196 130 68 53 63
3644 3644 150 75 75 165 189 113 154 30 154 150 45 0 0 146 53 180
1458 1464 106 109 109 100 70 142 155 143 131 69 177 0 63 134 186 45
6175 6177 200 65 185 80 39 156 208 40 78 108 24 0 0 192 57 180
399 5025 72 185 25 2 193 170 38 187 72 83 143 145 149 122 156 33
5962 5962 57 0 54 72 0 0 99 192 84 174 54 0 36 126 6 83
3001 3016 36 17 62 33 178 84 112 111 99 74 88 110 16 181 108 14
1083 1114 190 71 74 87 208 44 186 165 184 113 191 31 132 171 24 91
595 6626 83 21 9 90 116 67 10 57 62 100 71 115 84 151 24 116
6871 6871 130 100 0 10 0 180 80 110 110 0 0 0 0 0 0 100
3477 3487 80 140 98 170 68 206 68 85 9 172 50 100 150 107 196 185
1082 1090 156 15 185 201 141 153 10 6 190 126 7 0 126 20 55 70
1771 6661 97 147 7 177 78 57 148 164 125 64 116 106 88 26 53 7
4115 4115 0 0 0 0 166 130 170 0 196 0 0 0 0 14 0 0
861 874 62 80 185 137 43 78 59 157 158 101 184 140 141 50 155 166
5359 5371 100 106 202 21 144 44 0 55 141 175 175 175 42 146 49 111
2180 4630 59 85 122 23 106 50 128 61 77 166 65 207 100 168 148 151
4005 4005 84 168 0 84 70 0 168 28 42 98 0 0 0 0 70 0
3180 3182 54 150 208 174 0 60 204 204 26 168 50 0 174 64 176 190
2 22 184 161 157 52 71 207 49 92 41 81 190 18 123 5 175 126
255 2339 27 84 174 183 180 119 90 189 79 125 91 152 103 71 34 40
865 865 50 200 20 125 120 45 160 10 165 90 195 0 0 45 195 150
2471 2481 144 148 44 163 190 105 18 54 167 144 142 140 170 163 83 198
6039 6069 173 181 148 62 171 189 201 120 196 155 175 50 152 152 36 7
159 424 27 157 85 184 207 48 167 36 144 183 65 185 49 147 74 6
1800 1800 0 0 120 100 0 0 0 0 0 0 30 0 0 0 0 0
189 194 18 30 96 108 205 194 182 9 167 77 10 71 42 13 42 113
1759 1784 185 33 93 138 165 139 16 135 184 196 151 140 47 122 26 21
301 863 176 185 33 118 34 62 125 189 160 159 63 52 143 45 198 153
4301 4301 45 105 120 90 0 0 45 30 0 165 120 0 150 0 60 95
534 537 80 128 117 200 195 0 1 205 163 119 197 0 179 51 46 208
3166 3185 86 143 60 26 116 175 25 85 40 55 103 0 199 174 88 180
362 655 206 204 13 90 153 37 34 104 59 27 120 90 78 49 105 49
6151 6151 209 189 16 194 0 0 13 4 0 43 30 0 146 0 50 84
1133 1141 119 158 29 179 155 87 17 168 87 49 15 0 6 57 35 177
1438 1468 122 85 115 43 14 5 23 95 3 109 162 147 121 166 128 200
1635 4212 107 130 114 186 179 170 38 169 105 117 124 44 63 198 71 79
5546 5546 0 0 0 0 0 0 0 0 0 0 0 0 0 0 0 0
903 917 59 194 105 197 142 49 63 163 188 166 191 84 42 162 43 136
1840 1852 160 100 154 190 170 120 80 26 157 22 35 100 30 21 71 88
2769 4302 123 76 194 48 37 125 143 48 39 150 183 143 17 115 90 149
5505 5505 150 180 60 60 150 30 60 30 180 60 60 0 0 30 60 30
5602 5614 175 40 163 49 195 195 22 32 155 118 104 105 147 0 70 21
4044 4050 108 15 201 63 189 69 30 198 77 132 138 0 78 193 18 110
4874 5835 78 102 160 86 60 5 50 155 116 175 54 60 160 119 122 166
4897 4897 30 120 0 180 49 132 96 171 96 149 166 71 0 84 100 65
1436 1443 194 125 203 149 62 136 108 64 48 126 63 0 126 162 170 34
3197 3206 202 142 40 82 123 50 8 33 20 53 162 0 6 114 122 80
4694 5656 71 115 141 201 204 173 100 25 0 1 32 44 21 85 16 48
3428 3428 0 0 0 0 0 0 0 0 0 0 0 0 0 0 0 0
6071 6086 36 3 30 72 84 177 114 6 81 10 172 0 16 126 152 199
6906 6933 128 186 66 131 19 205 82 46 209 90 158 140 200 141 128 68
3793 5272 100 193 164 35 33 201 190 21 160 189 3 48 204 160 16 13
4215 4215 126 42 0 126 1 145 62 126 91 0 0 0 0 119 0 42
737 750 184 175 118 99 16 160 88 209 71 171 63 105 36 200 54 128
5445 5450 130 142 138 55 36 115 184 85 183 111 143 105 56 203 174 117
766 1341 27 178 0 203 197 202 122 155 124 4 135 172 99 138 205 148
2022 2022 74 110 108 194 120 0 202 124 82 196 148 0 136 54 164 30
578 588 89 209 198 14 110 146 177 36 159 127 176 140 154 208 134 170
863 889 196 82 38 10 114 16 22 182 143 2 85 81 86 49 184 151
1839 5608 82 100 114 185 144 103 50 59 182 41 150 178 201 22 203 174
6493 6493 105 105 0 0 0 0 105 0 0 105 0 0 0 0 0 105
916 923 122 200 124 197 88 129 22 2 49 106 179 0 72 61 43 0
6838 6840 180 171 162 50 90 195 132 120 44 168 84 0 18 19 59 181
1272 3144 132 21 71 104 142 97 84 49 193 187 58 25 53 145 141 159
6149 6149 0 0 0 0 0 0 0 0 0 0 0 0 0 0 0 0
618 633 188 176 26 197 150 143 74 172 101 88 14 70 96 97 35 98
3612 3619 78 180 138 63 27 30 80 108 162 24 117 0 12 78 195 168
2814 4753 25 110 10 103 26 98 44 105 162 100 132 19 54 28 133 117
1230 1230 42 0 0 42 0 0 42 42 126 0 168 0 42 84 0 0
4054 4061 73 195 48 172 140 120 117 170 156 19 1 112 166 84 91 0
4982 4993 125 203 41 60 145 0 52 145 86 54 39 170 55 32 112 139
2478 2869 145 166 60 115 148 146 20 15 194 138 162 33 133 37 72 37
746 746 0 0 70 0 0 0 0 0 140 140 140 0 0 70 0 70
6785 6796 155 35 134 107 156 93 79 179 134 126 113 139 120 21 150 205
1555 1556 57 105 96 72 180 60 129 192 0 153 180 0 36 0 90 83
4991 6733 28 179 138 178 149 127 134 134 157 156 90 138 163 198 113 112
6485 6485 50 200 80 125 18 129 202 190 117 168 129 0 0 33 105 180
2457 2459 30 105 150 60 1 145 50 174 91 105 66 84 30 119 0 0
6916 6942 179 144 94 93 206 193 169 192 124 87 42 70 86 32 204 3
1009 4522 71 65 147 200 143 58 49 93 205 14 1 39 11 7 86 23
4661 4661 30 120 0 180 0 90 180 180 180 30 0 0 0 0 30 0
4434 4441 86 50 180 26 184 27 142 167 106 89 180 126 126 69 40 20
3588 3591 174 108 150 204 120 30 168 144 48 108 24 0 0 156 126 48
71 2240 209 6 22 39 205 174 86 0 155 135 115 94 57 59 76 167
3805 3805 0 0 0 0 0 0 0 0 0 0 0 0 0 0 0 0
4597 4606 1 62 78 36 30 165 77 38 125 125 64 0 140 56 146 153
2760 2780 162 184 37 172 46 188 83 34 24 12 20 105 165 132 81 60
2538 2996 127 35 15 87 116 165 150 63 32 178 204 165 167 54 114 114
6134 6134 124 202 126 184 175 120 86 135 2 19 56 0 182 168 68 0
3859 3860 57 105 96 72 168 0 99 192 168 153 180 0 36 42 90 83
1045 1068 70 86 55 64 74 92 45 11 141 149 186 196 57 38 94 169
824 3618 152 195 53 14 89 73 129 5 121 4 186 128 114 171 20 54
2158 2158 120 60 168 90 0 150 90 150 53 0 0 0 0 157 167 130
3727 3742 8 15 135 168 40 93 51 4 177 153 131 140 101 21 199 201
3323 3327 101 105 22 146 0 180 135 16 11 151 183 0 164 169 5 0
379 953 107 187 109 171 174 37 114 7 65 122 20 200 60 167 197 91
5473 5473 0 0 0 0 0 0 0 0 0 0 0 0 0 0 0 0
3068 3070 66 180 26 186 0 30 68 156 42 108 31 0 0 48 175 58
6442 6472 175 202 188 30 97 160 179 187 77 47 193 0 170 41 148 170
185 422 183 200 175 179 124 205 190 182 196 152 15 148 122 140 180 99
2192 2192 20 80 50 50 75 15 10 130 182 162 36 0 0 129 84 60
1482 1493 111 165 182 51 97 157 137 81 99 158 58 0 96 81 205 50
1087 1088 30 120 0 180 133 6 138 171 208 65 124 71 0 182 86 205
1549 2046 92 74 143 75 139 117 128 104 191 55 138 60 200 100 203 135
2997 2997 30 120 0 180 140 90 180 110 180 100 0 0 0 0 170 0
6053 6054 20 200 42 200 111 168 11 190 142 145 46 0 148 42 146 90
2251 2281 136 87 30 203 9 204 187 148 35 167 78 21 165 126 196 40
2824 4580 22 64 118 132 162 108 124 177 21 1 192 64 208 32 99 155
5812 5812 0 0 174 187 0 0 0 0 0 0 159 0 0 0 0 0
185 197 132 115 187 57 15 81 38 102 52 2 193 0 98 158 179 72
1241 1252 21 120 38 36 43 18 65 207 208 177 77 71 96 14 184 130
695 963 8 93 104 161 143 195 117 77 161 117 119 46 154 124 187 112
5301 5301 0 0 0 0 0 0 0 0 0 0 0 0 0 0 0 0
3364 3372 188 166 50 128 15 105 106 193 65 60 120 0 40 150 150 121
2571 2576 151 170 3 136 81 90 77 26 0 157 24 0 98 120 146 19
385 386 42 0 0 147 42 21 160 42 63 42 189 0 42 147 105 0
1146 1146 0 0 70 0 0 0 0 0 140 140 140 0 0 70 0 70
6524 6524 174 150 94 204 0 60 34 144 174 174 83 0 84 66 203 170
540 563 181 97 166 28 92 93 75 61 173 106 73 0 168 92 164 113
2007 6931 124 130 177 192 158 24 150 173 164 107 186 22 92 92 77 130
6929 6929 30 120 180 180 15 45 0 90 152 12 96 0 0 159 144 90
2449 2457 176 20 109 191 58 69 152 196 123 181 84 140 107 0 182 50
5244 5247 120 60 130 90 84 138 84 150 14 120 50 0 0 16 188 130
209 216 204 186 0 174 56 108 96 62 195 64 168 0 126 0 134 0
6963 6963 0 0 0 0 98 140 70 0 98 0 0 0 0 112 0 0
3115 3124 97 30 95 7 69 87 145 32 1 59 183 0 16 149 7 202
6369 6387 123 49 56 109 198 60 13 12 170 209 173 154 32 190 48 163
5342 6102 204 169 146 13 71 57 66 106 194 30 9 132 107 85 174 34
4529 4529 100 190 74 40 180 90 110 20 197 174 167 0 0 13 23 10
6948 6950 152 104 170 2 150 30 34 64 182 30 198 0 0 132 42 120
2892 2912 57 39 15 147 182 152 75 111 130 31 14 67 0 26 40 165
441 4960 167 183 185 11 64 89 183 154 119 84 26 197 200 86 118 166
4396 4396 0 0 42 0 0 0 0 0 21 42 21 0 0 189 189 0
2376 2379 27 45 126 197 70 60 99 156 120 23 1 164 126 0 100 20
6425 6442 62 83 93 32 184 83 40 201 0 113 46 127 190 201 173 105
848 3101 152 165 31 46 60 3 43 173 142 48 83 156 1 56 71 87
5336 5336 0 0 204 142 0 0 0 0 0 0 114 0 0 0 0 0
3469 3474 174 150 78 204 48 186 102 144 93 120 36 0 84 177 78 30
2343 2360 164 179 20 65 11 147 136 52 31 160 189 71 142 204 77 112
5174 6613 198 68 164 47 193 102 20 102 88 56 76 78 61 45 150 152
5995 5995 0 105 105 105 189 83 94 0 184 0 105 0 0 116 53 0
5729 5744 103 160 166 46 3 183 60 203 166 118 181 150 115 111 14 5
5948 5966 117 143 110 160 198 49 123 38 2 99 28 186 118 183 53 185
660 3036 94 111 76 0 53 190 99 188 139 62 187 38 55 7 150 53
6008 6008 0 0 162 16 0 0 0 0 0 0 72 0 0 0 0 0
60 72 69 132 31 84 95 199 89 194 61 25 50 0 162 209 188 45
2006 2015 115 105 93 139 0 120 200 194 65 95 194 69 115 25 180 25
2298 3558 81 81 152 70 146 139 64 182 168 138 96 158 48 106 162 157
5414 5414 0 0 0 0 0 0 0 0 0 0 0 0 0 0 0 0
3229 3237 186 156 198 66 172 27 128 105 159 71 28 71 84 75 124 157
277 281 102 114 163 129 105 180 129 117 2 39 11 0 105 208 203 184
748 6591 140 111 68 62 124 184 30 41 185 112 32 71 118 126 187 204
1189 1189 78 18 0 48 0 150 172 132 79 78 126 0 84 83 120 160
526 528 120 60 168 90 0 150 90 150 158 0 0 0 0 52 167 130
6876 6894 67 120 125 55 195 10 182 5 92 70 171 0 187 7 78 149
233 1469 112 139 109 100 121 201 31 76 127 116 129 99 155 142 116 117
1341 1341 168 105 189 63 189 83 10 168 184 42 105 0 84 116 53 42
3532 3532 27 195 74 102 0 120 129 102 139 81 199 0 36 71 181 103
6565 6585 98 35 154 197 117 153 41 98 123 16 29 55 91 13 178 171
27 2278 68 111 182 191 116 20 83 117 44 170 49 178 65 72 200 56
3318 3318 0 105 105 105 189 83 94 0 184 0 105 0 0 116 53 0
4382 4384 42 105 105 147 189 63 196 42 70 0 63 0 42 140 63 70
4016 4041 168 64 147 165 6 134 145 18 4 10 155 155 87 16 11 171
5508 5757 157 10 46 0 65 120 82 206 95 9 112 12 145 182 111 26
3044 3044 140 140 140 140 0 0 70 70 56 126 168 0 0 42 42 0
3294 3298 201 115 206 6 132 18 147 36 49 37 108 0 20 131 86 40
4782 4794 136 73 193 47 63 184 122 191 64 35 85 71 12 30 87 155
6568 6979 158 73 144 49 11 194 200 30 204 138 146 201 197 175 94 163
871 871 60 30 0 150 0 180 150 180 180 0 0 0 0 0 0 30
3846 3854 52 71 94 202 120 165 14 2 121 166 141 0 122 54 29 131
5009 5021 76 180 46 56 103 204 165 122 142 107 44 131 100 188 50 31
290 509 144 67 106 26 65 135 137 102 129 36 181 124 179 90 175 135
2297 2297 0 0 0 0 105 0 0 147 0 105 168 147 0 0 0 105
1369 1384 13 30 92 91 176 165 179 92 150 157 163 134 142 147 98 40
408 429 52 5 30 130 84 76 128 207 97 34 88 200 140 200 163 124
2181 3318 174 11 49 150 180 150 107 129 11 202 189 11 40 199 63 162
62 62 0 0 0 0 0 0 120 0 30 0 0 0 0 60 0 60
2475 2487 70 135 108 100 8 5 100 140 102 188 199 0 10 23 81 95
3600 3620 50 168 31 35 116 50 185 139 121 6 162 118 173 89 17 171
361 5009 36 61 181 0 42 128 121 18 20 89 197 147 33 187 111 47
319 319 0 0 0 0 84 168 84 0 84 0 0 0 0 126 168 0
6962 6973 30 30 171 30 127 123 167 100 27 46 151 90 209 184 124 10
658 687 50 167 2 185 135 172 204 48 141 183 98 187 50 136 139 54
1685 3861 131 102 147 113 205 167 25 37 54 175 31 15 13 47 144 65
88 88 84 0 90 124 0 0 124 84 157 0 96 0 84 83 0 160
1174 1174 0 0 0 0 0 0 0 0 0 0 0 0 0 0 0 0
5692 5714 25 28 161 25 145 89 159 204 4 104 198 0 124 20 169 158
5574 5705 99 127 38 154 19 168 181 152 204 42 124 43 149 17 169 163
5912 5912 0 0 0 0 0 0 0 0 0 0 0 0 0 0 0 0
3362 3363 76 190 99 121 1 208 49 11 15 59 98 0 47 53 22 90
6358 6386 32 179 183 73 36 115 82 83 100 50 177 0 24 111 132 110
1653 6762 33 21 30 155 208 10 196 121 156 141 203 176 1 122 20 158
1725 1725 120 0 180 30 0 0 120 150 0 90 180 0 120 0 90 20
5805 5808 105 0 147 105 189 83 199 0 16 105 105 0 0 74 11 105
189 201 172 163 201 195 136 34 168 68 117 112 73 126 28 203 203 198
47 150 138 20 184 199 13 84 154 56 41 139 50 116 112 20 195 153
6419 6419 0 0 0 0 14 140 70 0 14 0 0 0 0 196 0 0
2670 2673 192 180 168 207 0 75 142 72 34 0 63 0 42 116 132 40
1318 1334 86 94 36 186 127 196 176 173 78 63 80 66 114 166 136 77
1541 4972 199 33 107 82 129 178 10 173 134 154 52 140 206 208 139 46
1001 1001 0 0 0 0 70 0 0 42 0 140 28 182 0 0 70 140
1852 1853 150 30 4 120 0 180 30 30 107 54 167 0 90 103 113 80
1027 1032 146 200 120 60 76 145 78 151 53 203 152 0 134 53 64 10
2628 6681 190 0 23 108 205 79 156 164 208 83 151 108 65 141 35 100
4865 4865 0 0 0 0 0 0 0 0 0 0 0 0 0 0 0 0
6449 6449 200 170 80 185 18 159 52 40 177 108 129 0 0 33 45 180
5911 5928 120 45 8 102 156 196 85 39 187 136 85 0 111 86 158 127
5154 5351 88 139 46 61 185 138 176 195 203 104 207 186 25 149 192 199
6692 6692 177 165 186 162 135 195 159 132 0 33 60 0 36 165 90 23
696 697 142 160 9 7 60 0 101 62 41 98 194 105 173 27 82 15
5448 5478 1 134 188 53 127 193 90 74 66 93 200 45 121 127 37 153
28 661 141 100 152 170 149 70 119 27 186 188 156 101 19 135 115 122
3043 3043 0 0 0 0 16 10 110 0 196 0 0 0 0 14 0 0
4104 4119 190 38 118 178 70 113 42 114 37 12 128 180 44 71 69 190
6435 6456 13 163 59 151 191 191 123 138 77 2 159 0 44 32 189 92
3946 4710 16 17 13 181 209 187 200 162 137 95 84 83 203 170 196 48
5098 5098 0 0 0 0 0 0 0 0 0 150 0 0 0 0 150 0
6038 6040 30 6 117 139 165 0 87 195 111 203 32 0 173 27 82 176
279 288 63 0 129 55 63 111 69 168 120 75 153 0 84 30 9 117
862 2261 23 134 29 35 15 3 189 17 38 52 133 135 116 122 30 202
5424 5424 30 120 0 180 0 90 180 90 50 0 0 0 0 160 110 190
5582 5596 191 139 101 137 103 70 152 169 154 52 83 36 75 22 155 40
4821 4843 41 189 201 176 71 153 90 77 200 16 50 206 125 110 132 154
1813 3275 113 16 30 176 176 36 175 196 87 159 11 107 189 6 187 94
2875 2875 0 0 0 0 0 0 0 0 0 0 0 0 0 0 0 0
2395 2402 162 60 84 132 168 152 28 192 112 42 189 0 42 128 208 11
3307 3308 202 130 183 187 165 30 71 137 53 107 26 0 83 15 130 90
5671 6271 130 200 19 106 65 148 45 190 202 192 166 2 29 107 78 124
4577 4577 122 80 109 47 117 66 79 37 59 125 80 0 173 9 172 60
3240 3240 0 0 0 0 0 0 0 0 0 0 0 0 0 0 0 0
6296 6301 80 105 120 188 140 0 10 100 112 117 78 70 80 98 208 50
609 4710 55 30 135 128 60 144 93 180 196 43 39 78 205 82 82 86
6784 6784 0 105 105 105 189 83 94 0 184 0 105 0 0 116 53 0
4098 4098 42 0 30 42 103 84 24 123 102 53 196 71 42 78 130 185
5355 5365 164 170 12 134 162 178 4 44 83 158 89 0 6 175 71 144
613 2091 173 127 19 160 146 90 4 195 143 142 121 80 199 52 169 197
3192 3192 60 30 130 168 0 180 150 180 107 144 113 0 0 103 203 100
5705 5712 18 195 15 63 189 203 202 138 173 130 42 0 48 97 38 50
6547 6552 114 171 170 109 170 105 204 125 55 92 31 0 114 197 122 134
3330 6853 65 123 0 177 86 105 22 100 59 76 43 184 151 178 109 182
4162 4162 96 90 30 156 54 162 12 36 6 114 156 0 126 204 30 120
2536 2551 42 130 137 46 124 52 37 84 3 46 144 147 83 187 95 52
4782 4785 30 120 84 180 85 53 4 90 99 0 0 0 0 111 19 120
1359 1461 93 114 72 65 79 189 32 77 130 74 201 128 17 156 40 176
480 480 120 60 0 90 0 150 90 150 200 0 0 0 0 10 20 130
1408 1423 200 95 146 87 169 184 162 40 104 192 81 105 192 43 156 130
2044 2049 111 0 135 201 105 45 207 186 141 141 156 0 48 9 24 29
2827 4022 51 193 110 206 35 44 189 154 30 56 87 107 108 76 153 170
4681 4681 90 150 174 97 105 60 120 135 120 195 69 45 0 0 90 195
5961 5969 65 42 136 200 7 116 83 95 38 33 204 204 2 160 108 5
2100 2110 58 190 151 73 140 195 107 181 148 101 91 168 95 139 99 159
2441 6102 160 91 177 199 102 103 58 106 140 4 168 126 72 154 71 190
1562 1562 167 105 16 152 0 0 139 172 0 43 30 0 146 0 50 0
1705 1718 179 162 56 29 180 65 87 120 154 108 168 125 32 104 74 161
2267 2274 188 110 92 38 84 58 114 88 128 18 204 0 192 52 22 160
202 249 111 40 31 55 181 87 54 189 67 110 48 116 143 132 162 143
1263 1263 0 0 0 0 0 0 0 0 0 0 0 0 0 0 0 0
2134 2149 41 201 185 101 84 138 195 165 89 192 115 0 192 128 187 143
3215 3243 161 200 69 50 139 144 5 200 202 133 63 153 38 106 89 45
3025 3310 41 143 19 198 37 103 194 134 22 129 70 146 185 103 76 153
2223 2223 0 105 105 105 147 9 162 0 192 0 105 0 0 48 69 0
2853 2856 174 120 112 44 60 180 132 144 29 60 155 0 96 67 47 10
1421 1428 104 80 104 134 54 144 116 4 151 6 174 0 84 49 207 170
3987 5789 91 130 20 43 34 20 180 139 195 196 161 96 75 118 47 97
6160 6160 0 105 98 0 0 0 0 0 154 1 154 0 0 56 36 140
621 634 120 186 18 18 1 164 82 171 52 124 206 70 0 161 181 79
884 890 2 98 60 152 170 150 172 178 166 170 192 1 202 66 106 163
1721 1850 36 183 46 149 136 90 185 86 27 83 105 97 56 131 184 37
6000 6000 20 80 50 50 75 15 10 130 182 162 36 0 0 129 84 60
6535 6536 176 32 174 123 0 150 202 136 10 0 159 0 0 0 0 32
605 613 205 88 145 85 7 101 99 114 117 203 117 0 120 75 21 193
1293 1765 111 1 18 143 114 5 206 202 24 209 174 168 146 189 122 199
718 718 142 160 159 97 165 0 131 167 101 203 74 0 173 147 82 30
5816 5831 44 77 186 113 50 170 176 104 62 134 201 0 120 63 185 29
3025 3042 120 165 46 160 157 116 28 94 79 160 62 48 168 197 190 123
372 4258 207 54 50 143 35 106 203 106 54 106 44 180 49 116 126 85
4272 4272 0 0 0 0 0 0 0 0 140 0 0 0 0 70 140 70
179 190 53 153 84 52 58 60 181 200 13 73 181 0 62 59 177 102
4524 4536 180 144 70 150 194 121 192 52 27 65 114 0 152 194 50 13
435 763 114 198 110 124 64 49 99 159 51 38 204 30 140 192 135 85
818 818 66 180 60 186 24 72 192 156 96 144 186 0 126 114 60 30
5631 5642 80 173 177 50 161 13 198 70 154 18 82 10 56 186 35 148
5595 5602 158 0 112 113 174 147 128 208 143 4 0 0 116 97 17 66
140 2354 56 105 190 22 148 140 22 65 109 42 34 33 137 166 65 167
5002 5002 0 0 0 0 0 0 0 0 0 0 0 0 0 0 0 0
200 205 57 105 126 153 35 0 99 45 84 34 23 133 36 126 146 48
1764 1784 189 135 180 164 136 73 108 119 39 66 54 70 34 126 5 175
427 4444 186 44 203 137 202 85 20 128 162 201 146 16 58 161 197 131
65 65 134 200 20 209 204 87 155 199 81 174 153 0 84 129 195 150
6346 6352 69 45 206 204 0 120 149 144 140 111 139 0 84 40 117 20
5427 5427 57 105 96 72 84 0 99 192 84 153 180 0 36 126 90 83
245 289 194 80 195 90 205 45 60 76 198 90 159 62 38 92 127 209
3475 3475 57 105 96 72 195 135 9 192 105 153 180 0 36 105 90 83
6061 6069 30 99 195 75 39 117 38 132 125 90 195 0 168 37 174 170
1980 1986 204 150 200 159 96 123 4 24 6 180 10 0 156 24 158 114
885 6940 151 153 198 4 148 208 171 110 195 52 17 188 41 161 190 118
2238 2238 126 0 0 126 0 0 126 126 168 0 84 0 126 42 0 0
3319 3326 65 174 76 24 105 15 193 175 51 154 156 135 200 174 140 84
5350 5378 109 196 111 0 82 106 132 138 39 90 48 138 109 73 165 109
1383 3494 165 174 64 170 22 167 120 199 36 37 156 162 209 135 93 38
3577 3577 0 0 0 0 70 0 0 84 0 140 196 14 0 0 70 140
6232 6232 0 0 120 65 0 0 0 0 0 0 135 0 0 0 0 0
4304 4321 191 76 133 158 198 187 36 42 40 97 11 193 33 67 46 147
4706 6838 126 138 208 33 208 170 44 41 165 164 124 169 75 65 0 135
4465 4465 130 100 10 10 60 180 80 110 30 150 150 0 0 180 150 180
6754 6767 70 10 56 73 135 1 138 98 4 194 85 128 120 17 204 140
5216 5220 166 160 58 121 94 103 140 176 55 156 177 0 126 155 177 120
1594 5396 73 75 145 35 84 39 188 93 207 54 0 13 79 141 130 115
2058 2058 204 165 76 174 36 108 43 129 32 83 62 0 84 178 132 10
1692 1703 50 200 188 125 6 57 56 10 170 174 132 0 0 90 156 150
6906 6935 54 71 48 145 61 28 16 117 86 5 130 0 142 203 77 200
438 875 103 186 12 21 190 171 93 103 188 206 138 100 70 72 185 196
2339 2339 0 0 0 0 56 140 70 0 56 0 0 0 0 154 0 0
595 609 190 70 75 100 186 195 142 178 38 7 40 168 204 202 182 33
4908 4933 109 58 39 124 26 152 126 56 102 46 57 18 15 21 204 1
736 3282 199 11 198 71 18 51 154 167 66 36 14 158 5 55 162 119
5046 5046 50 80 90 80 30 0 40 10 10 70 100 0 160 150 20 60
4888 4903 34 190 27 121 195 90 145 59 45 81 141 60 183 107 7 40
5869 5890 46 150 72 166 28 142 146 176 51 194 144 60 174 145 201 26
64 715 68 21 13 48 74 201 102 101 38 11 112 94 35 176 13 26
3402 3402 20 80 134 50 75 15 10 130 14 30 78 0 0 87 162 60
3816 3822 63 30 128 9 0 180 111 114 165 106 163 186 24 135 5 87
3259 3277 123 133 8 141 104 98 0 123 189 84 104 160 179 58 24 151
3216 5181 197 157 52 158 183 193 191 75 55 26 29 134 62 175 209 7
2557 2557 8 170 44 53 18 159 28 178 177 90 9 0 144 33 195 22
1174 1180 204 123 68 90 175 45 48 25 91 129 10 0 0 2 112 131
6360 6373 173 125 65 50 15 204 73 148 55 104 124 140 84 155 44 75
807 2335 146 72 186 155 40 131 145 154 22 206 149 6 81 146 194 48
5991 5991 188 101 50 8 75 120 136 88 77 162 36 0 0 129 84 81
5017 5023 154 0 126 154 0 0 126 26 5 112 92 192 28 115 111 136
1695 1712 199 200 49 40 95 41 67 149 165 150 200 105 194 86 128 175
2652 3387 23 172 35 187 31 123 60 159 40 140 82 20 152 162 36 12
2113 2113 180 90 30 135 12 141 198 120 153 72 51 0 0 57 135 120
2549 2562 60 30 207 150 205 100 51 159 206 185 52 119 63 100 95 207
3937 3952 81 105 162 66 111 123 57 106 140 15 80 105 124 26 151 135
187 332 205 120 206 144 10 20 109 48 181 120 80 107 26 28 50 189
1067 1067 75 0 158 150 0 0 75 120 154 136 4 0 180 56 66 140
2860 2872 134 125 183 204 196 33 203 70 206 114 119 71 25 185 132 18
3726 3727 42 105 105 147 189 83 206 42 170 0 63 0 42 130 53 70
2079 5133 154 92 61 130 155 90 101 171 23 126 186 139 152 209 197 135
1323 1323 70 0 104 47 0 0 140 140 0 140 159 0 70 0 70 0
795 806 43 11 102 13 108 91 53 136 179 41 111 0 98 17 94 81
3607 3619 192 33 100 67 201 170 82 16 17 79 209 33 0 61 194 33
2814 3044 123 204 49 112 50 8 33 174 103 35 57 146 66 16 7 54
779 779 135 135 34 90 0 180 15 90 107 69 197 0 180 103 23 100
850 859 135 108 80 202 0 60 115 60 4 40 208 0 198 176 126 188
4933 4963 194 208 58 29 22 81 114 107 55 132 162 51 156 36 44 119
2407 2866 158 204 70 88 23 88 201 171 26 46 97 81 177 191 39 6
344 344 0 0 0 0 0 0 0 0 0 0 0 0 0 0 0 0
3292 3292 80 110 20 95 18 9 172 100 12 198 114 0 0 198 150 120
4086 4105 151 115 56 36 137 42 183 89 146 18 166 133 92 28 160 28
59 3371 177 180 184 130 174 59 3 129 67 82 168 128 42 168 84 169
5738 5738 0 105 105 105 189 83 94 0 184 0 105 0 0 116 53 0
29 30 144 120 192 114 175 90 168 135 180 161 64 71 72 0 70 161
5404 5411 10 40 178 130 195 165 10 170 63 150 45 0 0 27 162 120
608 3848 168 98 88 107 50 166 142 55 204 104 35 58 19 55 127 138
1287 1287 0 0 0 0 0 0 0 0 0 0 0 0 0 0 0 0
1522 1535 108 170 198 78 27 78 98 33 66 9 28 120 76 20 166 80
2358 2362 160 31 183 157 0 165 197 200 116 178 58 105 133 147 122 206
1454 3872 17 151 179 98 176 184 16 103 82 15 49 35 197 80 141 74
5748 5748 126 42 180 126 25 90 192 127 114 143 138 0 0 162 82 90
5510 5511 72 99 98 12 0 90 54 132 34 1 154 0 0 56 36 134
3085 3099 152 100 103 14 201 127 117 7 137 23 123 180 93 26 19 40
2 5 160 10 130 190 45 15 160 20 115 0 60 0 0 105 180 30
3811 3811 0 0 0 0 36 180 90 0 126 0 0 0 0 84 0 0
2947 2957 174 165 20 65 136 95 148 149 146 180 155 90 152 128 149 56
2705 2715 38 173 24 125 47 23 126 43 83 4 67 105 154 1 11 153
601 634 188 65 22 106 206 164 48 114 96 10 103 149 20 37 108 86
3671 3671 70 70 0 70 0 0 140 140 140 0 0 0 0 0 0 70
4663 4663 36 102 0 6 0 150 132 66 150 0 0 0 0 0 0 102
4221 4244 80 200 174 209 18 150 80 100 91 134 105 0 80 9 205 135
146 190 150 4 29 187 188 90 14 31 94 185 190 0 64 181 179 142
6520 6520 0 0 186 78 0 0 0 0 0 0 36 0 0 0 0 0
6824 6833 194 135 16 54 154 18 160 154 120 123 178 110 8 150 168 170
6970 6994 112 13 133 13 160 57 50 163 105 75 189 3 198 73 199 207
172 294 76 60 10 28 40 146 111 157 24 44 69 14 82 41 106 82
618 618 84 0 168 84 0 0 124 84 31 126 0 0 84 209 126 160
3589 3592 120 135 42 186 60 165 60 150 45 0 162 0 180 90 180 165
1536 1555 108 137 18 3 10 147 70 153 20 32 199 140 142 21 28 72
517 1431 188 15 63 72 23 51 166 78 85 16 141 36 77 56 205 120
4840 4840 96 132 30 6 175 120 72 37 198 47 60 0 0 0 40 0
689 700 160 10 42 64 75 120 96 65 53 203 11 195 44 69 19 195
577 604 119 77 90 45 147 26 183 29 190 204 60 84 98 202 120 60
238 662 57 1 126 43 141 142 74 41 133 152 194 44 95 145 28 183
6690 6690 24 180 60 144 67 133 198 114 145 186 144 0 84 65 60 30
6354 6360 196 7 174 22 68 0 64 91 36 37 24 0 168 182 2 197
885 888 194 206 183 197 90 90 139 64 43 84 168 0 39 51 186 146
1699 5331 131 159 76 24 8 121 34 172 78 46 29 44 32 29 158 142
2329 2329 0 0 0 0 70 0 0 0 0 140 70 140 0 0 70 140
5328 5336 98 107 98 18 204 69 166 49 74 195 42 0 72 199 122 55
4454 4482 140 23 131 173 128 141 43 142 154 180 54 135 189 2 153 200
1124 6817 208 139 166 117 110 105 56 205 165 172 202 86 205 31 188 64
5 5 150 180 184 60 0 30 60 90 17 24 137 0 0 103 83 100
1109 1116 1 19 20 206 140 30 107 114 114 127 176 98 12 206 126 157
2210 2219 83 55 185 11 141 3 92 102 80 207 164 14 127 146 130 3
26 119 37 201 153 115 128 172 109 90 121 99 133 58 171 89 202 48
5470 5470 15 105 96 30 0 0 127 150 49 153 12 0 204 161 90 153
5642 5647 111 180 139 171 21 177 161 186 208 57 74 0 24 2 26 37
3047 3052 191 92 170 116 18 174 19 34 72 93 36 168 0 93 45 207
3911 4644 81 119 135 72 187 208 67 124 139 164 155 45 26 170 74 106
4174 4174 204 60 90 174 36 108 143 129 169 6 174 0 84 11 90 130
3404 3417 146 104 155 131 200 191 166 88 68 68 113 0 164 84 209 55
4893 4909 32 25 178 120 209 12 26 157 53 150 140 175 72 201 42 204
250 3395 91 132 4 83 117 2 208 38 140 102 198 26 73 120 174 196
331 331 77 105 196 182 0 0 49 112 0 133 0 0 56 0 140 0
4457 4471 47 20 168 32 67 208 99 67 110 111 53 141 108 40 85 104
4775 4791 38 95 166 126 170 13 38 58 162 134 64 66 90 17 175 171
124 1992 38 132 143 138 5 191 39 47 90 169 55 105 62 198 129 13
6528 6528 30 120 0 180 175 90 180 171 180 65 124 71 0 0 100 65
3140 3154 20 162 41 68 43 174 19 5 76 3 14 189 11 72 119 110
5894 5907 118 5 76 193 139 107 22 152 106 86 181 114 150 45 140 75
869 4245 189 184 35 59 35 207 105 170 110 143 60 3 202 136 102 147
3621 3621 120 60 168 90 0 150 90 150 53 0 0 0 0 157 167 130
6521 6531 185 90 169 110 55 30 135 100 172 9 172 140 110 158 48 24
6770 6782 65 80 133 35 29 60 90 100 48 43 184 55 45 52 106 85
1149 1837 194 86 17 176 184 107 32 56 2 199 109 31 87 134 155 149
2583 2583 140 140 174 117 0 0 70 70 70 0 159 0 0 0 0 140
5755 5756 70 105 105 175 189 83 24 140 9 140 140 0 70 81 158 70
4021 4035 38 126 38 88 6 143 96 130 56 65 183 200 192 195 29 75
34 1452 178 69 176 25 0 112 136 35 141 127 105 154 1 20 168 8
6022 6022 150 30 60 30 90 0 120 30 30 0 90 0 60 30 60 180
1603 1617 72 93 55 175 5 30 27 72 182 158 113 70 127 187 147 53
1462 1468 168 140 142 130 0 0 42 168 98 172 116 0 140 56 186 140
1326 2238 17 113 124 156 164 16 185 40 146 203 85 69 171 30 101 95
6644 6644 0 0 0 0 105 105 0 0 84 84 42 0 0 63 168 0
869 869 90 150 0 120 140 60 120 50 120 160 0 0 0 0 20 0
353 367 184 134 72 31 187 37 130 141 70 9 72 90 182 38 172 10
1574 5200 113 19 91 145 153 88 88 1 208 125 87 99 196 126 30 121
3140 3140 200 170 80 185 123 54 52 40 177 108 129 0 0 138 45 180
2597 2601 48 18 78 18 110 0 30 194 144 154 6 192 36 144 134 30
3970 3994 126 99 206 73 71 153 52 146 94 199 177 60 4 61 154 104
546 1617 72 149 70 51 61 114 2 173 66 161 72 204 132 4 183 40
6581 6581 180 90 0 30 70 120 30 100 30 110 0 0 0 0 40 0
5553 5555 186 30 150 66 66 168 50 96 114 66 192 0 126 96 150 180
5438 5466 207 153 180 36 115 45 105 168 48 73 140 70 144 137 170 36
49 65 14 180 10 89 39 37 128 10 82 197 170 96 90 183 54 105
1852 1852 0 0 168 0 1 145 20 0 70 168 189 0 0 140 21 0
5698 5702 196 202 96 46 61 119 90 22 58 18 176 0 104 55 150 0
2935 2963 22 136 11 61 153 1 112 143 152 206 45 36 2 138 21 120
6376 6449 185 35 195 187 199 203 207 68 90 195 0 63 192 135 151 193
1985 1985 204 60 90 69 120 45 169 129 165 90 111 0 84 45 195 150
6181 6190 72 32 89 94 115 165 87 109 10 118 75 0 91 183 8 73
1962 1993 48 54 16 4 166 6 74 8 68 84 3 28 108 2 199 24
213 871 16 23 57 188 145 26 1 99 11 117 195 14 68 164 95 35
74 74 96 132 140 156 175 120 72 37 58 57 70 0 0 140 190 140
581 590 154 58 185 174 35 180 33 203 157 53 145 70 115 115 200 135
83 93 131 7 16 46 25 189 169 133 52 204 135 47 120 108 102 27
2831 6538 49 107 1 77 82 187 188 72 175 98 185 50 60 4 170 207
471 471 180 90 184 30 0 120 30 120 47 144 137 0 0 103 203 160
665 679 73 73 78 73 63 100 7 156 2 107 87 168 114 39 177 23
69 81 2 135 132 122 140 75 8 60 38 192 85 168 194 7 115 77
2848 5720 20 203 42 19 129 80 43 191 206 15 127 55 184 48 141 38
2326 2326 30 120 105 75 70 90 75 66 75 170 124 71 105 105 100 65
2749 2763 85 47 29 70 136 121 73 81 78 193 64 0 152 120 37 190
1072 1094 141 12 118 142 144 157 125 172 21 115 204 140 114 96 182 63
128 6514 59 192 6 129 51 77 86 205 3 182 14 189 96 98 109 193
524 524 200 170 38 185 18 159 52 40 51 66 3 0 0 159 171 180
2550 2550 42 0 189 147 105 0 21 147 21 63 84 0 63 147 42 0
6742 6746 168 21 78 72 175 105 126 1 183 117 16 42 70 0 180 169
936 2016 29 101 164 3 149 140 47 162 68 9 187 60 200 176 14 135
764 764 0 0 168 0 0 0 0 0 189 168 189 0 0 21 21 0
3109 3123 136 5 190 106 184 12 107 21 95 140 197 0 41 100 66 103
3303 3321 137 35 6 155 118 29 199 184 117 36 201 15 102 133 50 161
1233 2478 22 81 22 112 94 92 0 140 106 64 111 6 71 51 43 92
1212 1212 147 45 36 192 0 60 9 42 150 33 60 0 36 60 90 23
4976 4989 51 189 17 47 59 132 202 121 130 100 32 170 51 146 27 139
2311 2313 56 77 30 116 140 105 112 196 175 70 200 70 0 0 140 147
117 139 67 208 98 172 201 190 129 190 63 5 124 207 106 132 50 21
4357 4357 150 180 0 60 105 30 60 165 60 45 0 0 0 0 150 0
1700 1712 1 192 20 10 65 120 93 99 183 171 28 92 202 195 47 166
3126 3142 205 43 142 200 82 134 191 191 52 92 164 0 166 56 147 186
430 715 178 58 103 193 136 14 196 72 65 112 151 14 14 1 133 165
4060 4060 60 30 142 150 0 180 150 180 191 102 11 0 0 19 119 100
4059 4069 13 125 158 170 162 129 57 158 60 19 121 0 92 5 171 20
1189 1197 89 34 194 44 35 15 163 21 185 110 164 0 126 156 16 75
3251 6325 101 120 68 147 176 203 34 174 104 194 200 12 143 107 208 95
6850 6850 182 140 140 77 126 63 6 112 189 126 21 0 42 21 105 0
3826 3830 83 63 178 68 126 117 17 7 93 94 108 0 146 123 206 60
5020 5047 122 99 190 72 168 43 85 69 116 191 33 71 69 66 198 65
1771 3348 38 71 96 175 193 160 159 45 206 46 50 23 160 205 160 195
2837 2837 120 60 0 90 70 150 90 160 90 50 0 0 0 0 190 0
4229 4229 188 101 0 8 105 165 106 193 25 105 0 0 0 0 0 101
6515 6535 52 107 38 145 180 127 126 163 31 7 88 138 120 77 178 111
1916 6097 39 68 156 96 131 107 112 186 154 115 77 22 50 68 158 87
2354 2354 34 190 99 79 183 54 175 179 113 101 56 0 5 165 22 90
5428 5434 18 114 57 3 5 30 117 93 105 31 188 190 189 45 170 4
1841 1869 27 156 94 147 151 167 101 125 92 179 100 186 184 64 91 189
2447 3125 10 185 96 142 54 47 190 139 126 62 42 112 80 199 40 197
5128 5128 0 0 150 90 0 0 0 0 0 0 90 0 0 0 0 0
2967 2972 143 75 16 158 0 30 151 208 126 121 6 90 14 54 194 60
1516 1519 60 180 206 90 0 30 60 180 178 156 148 0 120 152 202 140
1893 3760 169 81 60 18 36 31 164 71 147 155 86 88 49 153 159 167
610 610 156 120 180 96 114 132 2 6 36 54 96 0 126 174 180 90
968 980 100 182 178 60 37 171 94 198 108 200 44 207 44 185 66 75
4770 4780 166 55 156 88 4 126 54 141 179 151 17 54 14 12 77 3
1547 3481 94 166 150 192 3 105 177 59 135 14 92 86 89 12 131 194
2125 2125 24 120 12 84 175 90 48 195 180 71 94 71 162 0 190 71
1034 1040 90 195 96 60 0 50 180 60 101 195 180 0 120 79 64 84
5853 5870 67 181 147 147 143 83 52 2 61 57 194 50 55 13 28 173
4389 5459 30 37 45 137 22 53 72 110 112 110 31 120 35 92 185 139
3003 3003 30 0 150 60 0 0 30 90 0 180 150 0 30 0 180 0
3507 3522 1 155 177 11 205 47 148 206 28 41 68 175 179 50 202 57
5889 5890 108 180 60 18 192 156 66 198 138 102 18 0 168 72 60 30
3084 3334 17 191 21 118 63 156 40 86 48 86 134 21 103 53 134 102
6862 6862 84 0 0 84 0 0 124 84 157 0 126 0 84 83 0 160
1469 1476 150 180 136 60 44 26 158 30 163 54 47 0 0 17 182 120
6215 6234 160 178 149 113 16 6 155 162 14 158 168 57 21 115 6 48
2106 2785 159 23 162 52 2 176 49 151 73 106 8 26 117 10 204 101
6225 6225 0 0 0 0 0 0 0 0 0 0 0 0 0 0 0 0
1580 1589 92 80 140 47 143 48 132 102 177 112 168 0 114 93 134 174
779 785 34 120 104 34 42 6 152 74 42 206 69 0 4 18 148 160
43 145 158 190 51 54 122 98 166 187 61 205 53 24 90 173 75 71
6919 6919 42 189 0 42 0 105 84 42 105 0 0 0 0 0 0 189
923 925 108 180 162 18 0 30 186 198 68 72 135 0 84 142 62 23
6906 6924 25 141 171 148 94 192 99 161 125 154 27 71 208 136 151 100
372 4038 58 5 178 91 25 10 187 45 92 196 59 174 131 188 6 4
6893 6893 58 160 117 13 165 0 143 83 41 77 74 0 131 27 82 204
554 566 134 164 92 134 95 179 14 136 111 48 126 0 150 62 50 160
230 240 18 90 106 117 112 204 90 138 44 116 105 140 48 196 6 180
4016 6125 149 124 40 181 110 50 66 68 41 61 202 114 204 177 45 12
3222 3222 170 20 75 125 165 0 115 55 55 175 130 0 145 195 110 120
823 825 104 38 50 204 145 15 178 130 182 92 190 56 0 129 154 158
6258 6264 188 44 63 150 198 63 163 67 85 93 135 0 27 48 24 26
969 4913 3 175 35 35 162 7 185 124 83 125 59 147 151 7 87 85
5141 5141 150 180 0 60 0 30 60 60 60 150 0 0 0 0 150 0
6446 6460 20 80 12 95 92 79 32 20 63 128 3 0 140 55 161 110
4004 4024 117 178 19 127 184 167 148 12 203 199 137 140 165 58 49 39
1715 1835 118 56 92 15 42 4 44 73 20 109 190 111 131 170 164 130
1390 1390 126 0 0 126 0 0 66 126 48 0 84 0 126 12 0 180
394 402 117 120 192 102 42 146 71 162 64 36 54 0 24 146 20 49
3297 3324 63 114 20 75 131 29 86 48 46 41 197 20 39 205 190 189
757 1304 146 40 84 22 11 102 35 144 209 26 162 149 191 106 69 40
821 821 147 45 96 192 0 60 9 102 120 33 180 0 36 0 180 83
6783 6787 144 30 150 129 0 209 26 54 194 24 3 0 84 46 17 130
2659 2662 134 80 48 164 90 160 162 24 122 56 58 0 76 164 34 60
1098 4296 140 129 104 85 5 59 120 20 4 180 191 115 8 164 11 132
5319 5319 70 70 0 70 0 0 140 140 140 0 0 0 0 0 0 70
2791 2801 204 45 200 138 141 80 148 180 81 106 207 46 72 24 135 29
4912 4923 76 19 111 61 47 122 105 140 44 38 50 195 93 209 3 126
4252 4950 33 191 100 97 195 183 182 192 134 70 40 5 10 63 10 182
6681 6681 0 0 0 0 105 0 0 105 0 105 0 105 0 0 0 105
3498 3512 75 110 20 38 39 52 199 50 174 37 121 0 152 185 119 185
3380 3401 123 129 88 166 192 91 178 110 8 185 207 90 161 18 149 150
3561 4409 194 80 181 12 26 160 205 6 66 92 161 5 56 96 159 114
5585 5585 60 30 150 45 60 75 150 180 135 150 45 0 0 75 45 180
6943 6956 149 29 104 171 106 153 143 121 126 2 16 5 168 181 120 45
519 550 28 175 149 142 95 90 66 203 124 63 97 0 152 189 159 86
3008 4694 62 195 61 144 152 154 136 110 88 3 178 18 80 83 141 79
999 999 70 70 168 70 0 0 140 140 43 0 0 0 0 157 167 140
2535 2545 201 105 144 206 105 105 101 99 185 63 18 63 96 160 168 103
6853 6883 96 174 48 147 10 158 164 93 3 121 40 35 122 40 190 73
1313 1921 20 107 67 57 101 19 90 178 115 187 193 14 187 70 82 117
6436 6436 120 60 54 67 30 90 60 150 84 174 81 0 0 18 168 150
2711 2712 54 153 90 84 175 15 198 205 93 47 180 0 0 0 40 21
2879 2885 112 70 148 112 49 187 88 182 91 78 162 0 42 84 35 190
3351 5642 98 113 109 16 87 79 137 191 152 116 164 38 34 157 172 28
305 305 130 100 10 10 186 138 164 110 114 66 108 0 0 96 150 180
6097 6110 48 50 143 51 69 75 183 165 200 12 58 42 201 183 122 11
4774 4800 144 21 42 96 81 194 32 168 70 140 46 146 102 119 19 69
531 2712 156 147 18 198 197 173 0 192 173 156 194 168 30 194 53 119
2892 2892 90 150 66 120 0 60 120 60 108 6 48 0 0 102 42 150
1116 1123 120 60 10 90 38 184 112 150 32 138 194 0 0 178 10 40
6066 6070 138 24 114 168 49 43 18 120 115 54 186 0 102 197 114 60
1342 6443 164 14 81 32 27 162 134 93 198 195 68 81 53 67 173 209
1426 1426 54 195 135 9 75 161 92 204 148 156 9 0 84 152 83 120
3396 3408 140 194 5 185 42 174 109 18 107 154 21 71 103 179 129 115
1838 1862 49 172 43 94 40 185 10 74 77 199 149 85 153 196 56 47
2776 2791 16 95 76 151 143 124 3 6 88 124 61 105 51 207 137 95
4779 4779 126 0 126 126 0 0 208 126 157 168 126 0 0 83 0 160
5276 5277 80 101 104 170 0 165 40 100 74 66 139 0 186 161 31 209
4499 4511 30 75 182 75 49 75 158 10 111 73 50 105 128 130 149 88
907 5094 48 34 114 32 174 80 69 51 57 67 92 145 97 79 49 48
4056 4056 200 170 62 191 18 159 52 40 177 108 51 0 0 33 45 180
5295 5305 176 95 130 26 29 60 166 78 150 42 8 192 56 75 204 15
4238 4241 42 0 78 42 90 0 42 42 119 120 78 0 42 91 77 190
603 1083 48 177 37 45 146 11 74 73 138 159 13 134 196 35 201 118
4390 4390 24 30 123 9 195 0 57 9 177 21 48 0 81 9 144 180
6522 6527 30 45 158 0 0 150 56 90 117 67 196 0 192 183 30 26
6352 6362 68 209 154 128 160 180 202 148 97 131 196 140 84 79 129 34
2855 6537 72 131 174 126 120 107 184 188 202 54 146 140 132 10 176 130
6848 6848 60 135 189 45 189 53 34 180 158 0 105 0 0 142 189 170
6312 6312 0 105 159 192 189 83 94 0 184 0 24 0 0 116 53 0
143 149 144 156 30 24 110 138 6 82 75 44 198 0 126 39 24 10
1392 4721 191 81 26 122 21 1 72 56 108 104 49 51 178 155 134 192
920 920 200 170 44 57 18 159 52 40 177 108 183 0 0 33 45 180
2284 2299 106 157 28 136 138 117 185 41 58 207 87 84 69 200 133 50
512 531 193 37 23 118 10 13 108 194 79 3 53 105 21 47 195 2
2526 5749 169 187 38 189 10 188 32 132 108 9 54 156 24 193 29 177
3503 3503 0 0 0 0 84 168 84 0 84 0 0 0 0 126 168 0
6935 6938 160 115 16 197 70 165 50 200 106 80 60 140 0 19 69 115
3465 3482 130 175 117 95 58 26 97 120 31 157 158 0 131 16 139 160
67 2132 42 198 28 207 37 92 30 76 197 1 41 28 97 49 22 117
5796 5796 0 0 0 0 0 0 0 0 84 84 42 0 0 168 168 0
789 795 184 190 182 68 106 25 46 125 55 1 28 21 0 7 78 15
3536 3547 46 28 147 25 164 12 85 175 169 135 104 0 173 181 107 160
2622 2686 78 120 149 146 94 151 132 15 144 53 13 177 36 75 94 96
4689 4689 160 10 190 190 90 60 50 200 150 120 120 0 0 60 120 60
2991 3000 26 62 144 51 185 54 74 102 19 154 146 0 0 199 88 130
2007 2023 74 31 186 152 208 189 74 157 0 124 140 203 66 50 49 101
1259 3301 117 140 181 101 51 128 27 172 38 169 208 27 120 109 80 61
4896 4896 60 30 0 150 0 180 150 180 65 0 0 0 0 145 185 100
2361 2374 113 5 2 23 94 150 201 73 130 140 49 35 204 134 153 149
3495 3502 5 42 125 140 189 83 105 190 196 77 176 0 194 14 53 72
1328 1862 9 199 0 209 50 69 152 106 56 46 13 33 26 19 132 206
4528 4528 0 0 126 0 0 0 0 0 91 0 0 0 0 119 49 140
6001 6008 92 176 96 146 111 78 44 31 39 189 162 0 144 103 17 18
3519 3548 75 143 64 140 71 180 23 89 135 166 119 198 74 13 29 7
1721 6151 67 85 6 53 12 106 95 165 164 162 156 170 87 77 189 94
1932 1932 142 160 159 97 165 0 101 167 41 203 74 0 173 27 82 120
4178 4188 198 129 152 18 54 167 156 90 123 80 62 140 156 18 164 25
3943 3969 85 34 27 62 144 76 27 80 54 71 122 0 122 26 82 67
1161 6428 15 92 104 150 20 144 166 140 180 41 24 189 105 84 84 70
4232 4232 0 0 168 84 0 0 0 0 0 0 168 0 0 0 0 0
5659 5664 60 30 184 150 0 60 10 180 117 144 137 0 0 123 53 200
552 560 162 30 22 18 42 84 96 192 104 162 59 0 186 76 17 70
684 6165 187 69 15 168 185 153 195 160 84 41 201 143 75 96 118 133
742 742 122 20 74 77 198 159 208 142 153 66 183 0 78 135 207 120
2084 2093 104 156 194 104 185 195 106 155 125 60 194 71 36 204 174 200
1966 1971 164 110 200 179 178 79 6 184 38 18 165 0 84 82 60 40
1292 5168 66 127 191 35 133 189 54 2 143 124 58 19 156 116 147 22
1979 1979 0 0 0 0 0 0 0 0 0 0 0 0 0 0 0 0
774 779 111 140 106 36 25 195 3 57 95 132 138 71 14 104 4 10
2923 2945 34 147 75 159 182 52 156 191 186 110 137 207 118 119 46 202
3145 5054 41 204 148 182 12 15 78 101 141 31 135 83 117 107 79 45
1622 1622 80 20 200 35 198 159 82 100 27 108 99 0 120 93 165 120
6437 6450 162 105 40 72 21 7 141 186 161 206 152 0 127 165 123 176
6486 6508 148 15 168 88 53 206 9 145 58 53 133 200 155 158 191 84
2417 3495 37 113 136 123 21 138 3 197 197 161 53 148 102 50 14 63
3839 3839 0 0 0 0 126 42 126 0 126 0 0 0 0 84 42 0
5398 5410 124 61 72 4 87 36 186 8 73 88 148 84 150 85 208 21
1686 1700 45 70 85 150 38 32 129 201 135 188 48 111 170 209 142 120
1289 1809 141 188 42 186 206 195 131 19 163 140 59 38 201 81 27 20
3436 3436 0 0 168 0 0 0 0 0 189 168 189 0 0 21 21 0
3403 3405 57 105 166 72 0 0 99 192 35 153 5 0 36 175 125 153
2421 2430 182 174 30 62 71 78 29 114 151 83 55 180 2 95 209 84
184 310 62 121 157 192 51 52 147 10 20 29 37 179 78 86 200 44
5713 5713 90 150 120 120 90 60 120 60 150 120 120 0 0 60 120 60
3146 3158 37 117 114 82 178 24 17 48 102 3 159 0 126 74 156 40
4570 4589 8 130 28 118 105 31 142 178 88 170 30 90 112 129 110 138
1381 1455 150 140 182 147 149 83 0 14 96 162 52 106 22 188 114 67
3416 3416 0 0 198 144 0 0 0 0 0 0 18 0 0 0 0 0
1638 1653 21 134 138 17 166 136 21 112 13 8 17 145 124 205 7 27
6964 6994 117 129 25 90 74 193 170 101 191 72 153 171 27 47 191 53
442 5392 147 64 194 156 195 161 26 26 133 183 73 11 184 106 0 86
3399 3399 140 140 0 140 0 0 70 70 70 0 0 0 0 0 0 140
4954 4963 161 125 69 41 15 107 117 196 148 78 53 0 156 152 149 165
3530 3561 10 154 173 142 99 132 134 187 86 0 138 35 180 201 163 99
255 273 151 79 54 26 81 147 161 152 86 181 87 144 108 132 83 100
2867 2867 20 80 50 50 105 165 190 130 182 162 36 0 0 129 84 60
1196 1199 0 105 189 105 189 63 14 0 56 84 147 0 0 154 21 140
1817 1835 45 138 39 45 107 192 69 150 27 145 80 16 84 165 89 190
532 696 137 73 15 108 106 156 47 36 182 111 123 21 95 138 150 29
6816 6816 120 60 168 90 0 150 90 150 53 0 0 0 0 157 167 130
5785 5792 55 195 136 130 49 198 59 71 112 4 62 71 190 38 60 110
3339 3346 158 142 192 143 151 33 64 209 166 127 192 0 154 32 76 174
1687 4319 94 27 95 166 166 29 209 15 171 39 86 86 25 142 189 36
1850 1850 167 105 86 152 0 0 139 172 140 93 170 0 146 70 170 70
2767 2771 102 30 150 192 156 170 202 12 100 108 192 0 42 110 206 180
5954 5972 205 197 151 68 204 7 31 141 83 59 100 71 182 56 127 67
322 545 118 138 31 149 205 34 109 63 37 27 138 58 161 19 60 89
4286 4286 168 0 0 168 0 0 58 168 4 0 42 0 168 176 0 190
2266 2275 135 185 128 0 85 207 51 90 16 11 53 0 10 44 125 0
3876 3894 174 117 56 24 207 33 32 94 21 93 136 90 30 145 140 122
253 623 124 165 77 153 92 192 50 116 7 8 158 8 30 163 133 40
3918 3918 0 0 0 0 0 0 150 0 195 0 0 0 0 75 0 180
401 414 142 61 134 90 64 147 90 94 193 22 176 190 80 40 186 87
1921 1944 108 201 156 28 130 114 120 198 61 172 147 140 98 78 2 181
199 423 73 187 166 113 144 143 91 177 45 106 139 77 202 124 176 180
169 169 0 0 0 0 0 0 0 0 0 0 0 0 0 0 0 0
3699 3702 0 0 105 105 187 60 135 175 21 119 42 0 105 21 28 0
801 806 184 190 40 19 171 48 18 104 89 96 159 0 84 96 165 90
3597 3660 0 91 153 163 144 181 74 162 126 53 161 47 40 75 195 104
1911 1911 56 182 0 56 0 0 112 196 70 0 0 0 0 0 0 182
604 608 120 165 21 195 105 185 86 150 10 84 126 0 42 50 97 44
1508 1536 15 160 130 204 95 19 95 50 91 174 38 70 122 85 204 65
23 4323 14 116 192 157 70 191 76 37 18 102 129 117 151 19 89 41
5501 5501 174 0 72 54 0 0 48 144 0 36 30 0 132 0 120 106
5560 5565 18 30 100 108 0 180 66 180 23 0 11 42 84 187 17 184
5372 5387 162 152 112 126 50 122 38 178 18 148 171 105 64 47 37 11
622 1500 176 28 39 149 157 200 161 79 121 79 79 108 155 155 150 94
5443 5443 0 0 0 0 63 105 0 0 63 0 0 0 0 147 0 0
272 282 8 116 119 176 39 12 107 73 195 195 141 0 105 188 79 206
366 390 97 82 180 205 193 79 145 57 66 9 37 174 16 182 202 54
83 3048 149 29 56 57 166 56 145 177 95 71 124 207 10 182 163 107
2470 2470 42 0 84 42 0 0 126 42 126 168 84 0 168 42 42 0
3321 3323 184 162 14 124 35 90 68 15 138 9 10 170 154 0 30 200
2761 2784 122 180 102 67 75 173 106 112 4 104 205 105 182 47 106 108
290 864 40 201 46 50 60 56 93 11 88 193 78 7 33 138 144 67
1740 1740 180 90 48 30 0 120 30 120 174 138 54 0 0 36 126 90
1434 1439 154 0 0 154 0 0 54 14 87 0 56 0 154 153 140 104
4588 4614 39 119 168 199 80 31 199 110 124 193 116 0 108 36 112 85
1531 2954 40 74 118 187 1 153 88 101 28 129 206 192 110 85 55 135
5556 5556 130 100 88 10 90 0 200 110 123 60 60 0 0 127 167 160
826 836 165 85 89 135 27 63 159 180 60 180 57 0 170 120 135 60
1364 1386 84 80 72 47 86 95 89 119 26 113 116 195 43 161 54 65
654 4240 171 73 179 133 201 74 15 158 70 83 149 197 113 168 133 172
3795 3795 30 120 0 180 151 180 120 171 96 65 124 71 0 84 100 65
2784 2789 90 150 120 15 35 175 100 25 118 113 99 0 0 131 121 60
1226 1255 57 160 194 60 112 160 21 9 34 55 115 35 10 168 201 1
504 4340 11 67 58 32 178 6 121 119 98 12 85 176 201 76 153 161
747 747 170 170 140 125 18 159 22 160 177 138 189 0 180 33 75 180
6816 6818 0 0 0 0 0 0 0 0 0 0 0 0 0 0 0 0
2173 2203 88 61 52 143 55 196 167 209 101 14 188 6 101 59 7 105
531 806 31 131 119 80 55 72 198 167 49 107 33 15 33 155 94 140
3203 3203 0 0 0 0 150 120 60 0 0 0 0 0 0 0 0 0
4732 4735 42 0 84 42 0 110 184 42 199 126 84 0 126 41 176 138
2844 2874 156 170 110 23 138 25 82 150 186 173 185 64 120 52 161 205
2506 6563 206 141 27 37 23 125 31 19 28 85 93 29 104 157 40 28
396 396 150 180 138 60 0 30 60 30 54 108 24 0 0 156 126 180
2632 2644 198 180 164 108 122 37 54 174 178 154 203 56 48 152 196 15
3334 3345 106 99 169 46 198 99 59 44 172 127 203 33 67 48 65 125
3407 3885 131 188 88 141 104 114 10 35 112 75 87 194 14 118 123 159
91 91 105 105 0 0 0 0 105 0 0 105 0 0 0 0 0 0
3586 3592 132 54 20 183 144 135 14 102 55 43 67 0 30 116 90 59
5297 5300 171 15 66 21 3 24 185 156 132 81 45 0 120 108 15 173
4697 4939 49 46 87 142 6 192 88 167 30 110 19 144 159 105 3 57
4180 4180 20 80 50 50 75 15 10 130 182 162 36 0 0 129 84 60
572 574 75 150 68 90 0 60 45 120 184 106 64 0 90 86 156 135
2051 2067 34 141 114 40 176 140 90 174 149 193 98 0 202 166 206 136
385 916 126 179 8 4 36 189 123 29 97 30 40 80 30 99 85 161
103 103 120 60 0 90 0 150 90 150 150 0 0 0 0 0 0 60
733 739 102 30 192 192 114 124 174 12 140 108 192 0 42 190 208 20
3409 3415 40 187 190 160 167 56 124 8 90 86 116 0 104 193 106 71
3046 6634 147 185 54 156 64 108 207 202 20 71 177 111 78 186 144 114
2052 2052 180 90 64 30 135 165 0 120 107 24 17 0 0 58 203 40
6915 6920 194 20 152 111 193 64 114 88 106 102 21 0 126 152 39 12
941 961 39 162 63 54 7 158 40 12 143 43 91 0 45 50 120 46
2520 5776 121 198 53 172 50 180 23 58 155 174 56 48 137 207 85 104
1049 1049 0 0 0 0 140 0 0 0 0 70 140 70 0 0 140 70
1215 1216 30 120 0 180 175 10 140 171 60 65 124 71 0 180 0 205
5484 5506 52 150 69 137 177 138 21 95 203 209 197 168 67 82 57 104
459 544 136 185 117 204 125 28 2 44 56 31 205 164 102 171 114 62
4428 4428 0 0 140 0 0 0 0 0 70 0 70 0 0 140 70 140
2383 2393 20 164 118 38 53 59 116 131 138 129 70 0 196 159 181 2
1736 1765 5 2 201 2 186 67 162 141 86 37 178 126 77 185 12 125
106 606 182 148 13 83 116 178 45 154 82 76 168 119 129 195 208 94
2183 2183 200 65 80 185 18 54 52 40 72 108 129 0 0 33 45 75
6378 6379 116 30 128 206 0 180 52 166 65 130 95 0 98 145 175 100
841 864 171 205 27 73 191 127 184 15 94 110 18 130 95 88 153 144
3240 3677 140 132 66 148 168 173 83 134 114 176 196 112 9 91 93 188
2189 2189 90 0 30 180 0 0 90 60 0 120 30 0 90 0 120 190
129 138 208 139 83 121 59 59 114 52 16 178 171 33 14 196 119 167
4686 4712 93 75 203 132 86 104 60 34 123 99 73 114 25 35 130 102
522 4869 133 31 129 121 192 86 40 162 85 7 197 124 153 120 28 79
3363 3363 0 0 0 0 0 0 0 0 0 0 0 0 0 0 0 0
3700 3711 96 87 117 21 20 135 43 155 208 142 36 84 207 89 146 92
988 1016 75 0 95 96 143 28 18 175 141 57 78 140 5 36 64 80
1793 2240 106 189 135 123 42 190 87 2 204 137 173 87 89 89 208 107
3725 3725 147 0 14 42 0 0 189 42 154 64 154 0 126 56 36 203
441 441 30 15 105 75 14 173 64 171 154 205 89 1 0 116 13 205
6487 6498 44 0 4 74 156 108 90 4 108 52 120 150 128 132 6 184
5220 6934 60 115 111 97 55 45 129 11 123 43 35 95 131 18 125 34
5793 5793 0 0 0 0 0 0 0 0 0 0 0 0 0 0 0 0
1749 1752 44 26 194 80 165 15 4 34 170 36 0 0 144 75 60 156
2956 2956 142 160 159 97 165 0 101 167 41 203 74 0 173 27 82 120
3033 4495 14 78 181 16 193 97 2 29 96 136 52 41 201 29 103 76
1176 1176 0 0 42 126 1 145 20 0 91 0 42 0 0 119 0 0
3374 3386 156 120 114 21 35 9 48 126 49 138 45 0 126 41 190 150
6906 6936 29 77 121 59 64 159 21 87 188 114 137 71 36 145 82 209
2452 4500 32 160 72 58 93 90 118 6 179 180 12 34 125 32 143 129
6524 6524 30 120 78 180 0 90 180 90 204 198 114 0 0 6 126 120
6785 6794 208 160 28 79 205 105 194 0 106 164 117 162 42 177 82 30
4954 4975 104 60 141 83 159 198 116 109 178 6 132 0 74 207 84 166
598 625 75 135 1 60 102 57 163 73 182 55 11 43 206 130 184 171
5478 5478 42 0 189 147 105 0 21 147 21 63 84 0 63 147 42 0
5234 5241 172 184 112 22 116 48 30 154 154 130 174 0 168 114 128 180
2138 2150 68 167 167 23 48 31 2 169 170 93 195 0 42 58 139 140
339 669 0 42 126 14 82 158 154 207 1 85 168 30 134 92 103 64
6232 6232 0 0 120 100 0 0 0 0 0 0 30 0 0 0 0 0
5517 5527 134 164 202 14 7 51 202 136 28 186 173 0 54 174 192 190
5363 5369 172 184 61 163 35 110 129 201 114 81 31 154 105 152 77 114
4112 5090 97 16 110 184 19 129 200 197 15 0 95 201 39 178 174 139
4291 4291 0 0 0 0 102 90 150 0 42 0 0 0 0 168 0 0
6480 6488 105 25 2 60 126 192 47 0 81 85 30 0 20 192 140 60
4601 4608 185 135 102 50 0 180 205 100 156 149 76 0 20 54 124 10
1778 2755 65 107 171 164 68 118 6 105 104 68 85 58 148 51 148 112
469 469 60 30 184 150 70 180 150 40 107 74 137 0 0 103 63 100
872 883 16 160 184 136 2 78 144 146 35 172 161 70 144 115 155 156
5510 5537 198 108 92 46 4 176 160 189 141 164 24 93 162 56 125 152
4247 4295 123 82 110 197 115 202 143 81 50 6 110 144 118 46 142 200
2376 2376 0 105 98 175 0 0 0 0 154 1 49 0 0 56 36 140
3340 3353 140 182 188 140 113 14 82 91 189 69 48 0 42 133 175 6
1842 1863 165 168 137 195 178 174 6 28 113 4 44 186 151 167 183 184
18 5258 193 150 52 25 202 190 206 71 109 124 7 84 58 102 25 118
6765 6765 0 0 0 0 0 0 0 0 0 0 0 0 0 0 0 140
4485 4487 188 101 0 8 0 165 106 88 25 0 0 0 0 0 0 101
5583 5600 87 57 96 24 61 104 131 122 127 25 117 132 78 170 153 20
1373 3342 94 38 90 7 77 63 207 158 96 149 114 73 110 191 209 42
4066 4066 132 150 120 162 48 144 174 102 192 78 162 0 42 18 120 60
5691 5693 201 105 60 66 0 0 117 36 126 51 186 0 138 84 114 9
3197 3206 26 200 49 101 198 117 151 121 179 161 104 0 47 30 70 30
2121 6039 119 66 142 61 131 158 55 38 88 168 132 29 80 137 80 15
6505 6505 200 170 80 185 18 159 52 40 177 108 129 0 0 33 45 180
976 979 88 100 88 178 192 96 156 68 191 102 18 0 168 19 17 160
6639 6660 47 171 15 197 7 12 95 200 163 167 131 0 16 115 30 48
358 3595 196 73 109 106 9 61 209 106 38 71 139 40 124 20 151 197
5583 5583 30 120 0 180 175 90 180 171 180 65 124 71 0 0 100 65
5691 5692 84 0 126 84 0 0 168 84 147 0 147 0 42 63 63 0
3867 3879 199 79 132 169 92 195 181 22 65 161 118 0 202 139 54 33
909 2326 199 93 86 205 25 26 150 201 165 47 89 123 101 206 112 15
1318 1318 162 162 102 102 55 120 150 193 186 131 132 0 144 156 16 180
252 261 116 194 2 146 159 30 102 133 32 27 51 0 162 75 189 136
5312 5328 114 93 62 174 109 114 199 93 115 177 148 90 33 101 147 131
338 474 134 94 168 120 102 81 141 209 36 69 190 43 144 132 14 12
3628 3628 0 0 196 0 1 145 20 0 189 126 98 0 0 21 182 70
3243 3254 46 115 127 151 133 59 58 126 137 2 15 0 96 125 51 160
1484 1487 12 0 130 192 0 0 172 162 96 30 158 0 12 24 170 110
44 318 204 190 145 168 179 130 207 46 61 204 156 129 72 111 20 157
648 648 0 0 0 140 0 0 0 0 0 0 0 0 0 0 0 0
2784 2791 64 40 60 79 26 128 148 59 25 157 127 0 64 148 17 140
5581 5592 180 42 184 66 130 91 154 114 126 84 11 0 54 54 200 74
1640 1844 126 107 184 158 17 22 61 100 72 37 127 135 12 180 30 171
6268 6268 0 0 42 0 0 0 0 0 126 42 126 0 0 84 84 0
3470 3480 114 57 81 94 194 7 66 135 124 69 108 0 168 140 140 160
5000 5013 4 190 182 34 31 38 68 159 26 173 50 0 114 124 104 30
1334 3572 179 110 161 68 145 115 137 198 49 74 63 69 182 16 123 148
5323 5323 189 105 0 84 0 0 19 84 157 105 126 0 84 83 0 160
4917 4930 146 200 110 146 135 75 204 97 3 67 16 186 78 163 193 80
6107 6112 80 180 196 200 0 120 160 100 166 70 0 0 140 44 204 162
1641 3689 157 142 186 170 92 197 37 57 77 153 49 132 94 68 94 17
3719 3719 48 171 0 78 0 165 36 18 165 0 0 0 0 0 0 171
3965 3974 176 104 86 86 118 14 152 38 87 170 102 0 78 158 180 18
1197 1217 149 154 54 56 54 209 180 153 86 164 205 182 31 132 138 200
12 3646 132 146 22 131 161 143 61 36 209 50 141 181 129 110 121 108
91 91 175 105 140 70 0 0 35 140 0 35 0 0 70 0 70 0
5558 5559 127 70 96 142 0 105 29 122 35 153 180 0 36 0 90 48
3943 3956 57 123 25 192 39 113 75 147 128 140 77 15 168 127 63 178
341 764 112 125 11 142 176 207 104 180 12 133 168 60 6 59 31 196
3479 3479 0 105 0 0 0 105 0 0 105 0 0 0 0 0 0 105
1965 1971 93 15 180 138 100 160 63 48 33 75 12 0 168 147 75 105
4511 4519 32 44 17 122 119 111 162 82 139 192 66 0 0 68 73 159
1244 1525 8 127 185 55 29 130 145 190 26 111 25 82 124 17 207 141
851 851 84 0 0 84 60 90 64 84 157 0 126 0 84 83 0 160
482 486 66 12 204 186 178 204 40 172 137 32 78 0 84 133 45 190
1159 1165 12 95 196 162 75 105 54 168 182 125 60 96 46 189 34 45
498 1452 77 152 182 5 54 104 114 99 48 150 66 127 34 9 61 14
5185 5185 70 70 70 70 126 168 14 140 84 126 168 0 0 126 0 0
3266 3274 34 43 183 121 202 6 15 65 50 145 90 200 131 30 8 41
2508 2517 96 9 45 201 114 189 120 123 98 201 87 0 204 190 3 30
3313 6657 8 104 40 9 98 10 136 114 167 100 39 35 23 5 101 147
1595 1595 168 0 84 168 0 0 126 168 0 42 0 0 84 0 0 0
210 214 66 180 180 186 44 72 92 26 84 202 180 0 126 90 146 90
534 534 206 170 207 191 196 145 63 121 44 49 202 0 109 170 116 180
3142 4638 132 199 203 48 105 157 203 204 197 166 11 199 60 37 1 40
6702 6702 126 0 0 126 0 0 126 126 168 0 84 0 126 42 0 0
1293 1307 198 102 31 28 120 77 43 174 102 128 123 175 13 46 83 67
4846 4877 86 23 36 122 189 22 174 181 19 143 142 200 78 108 58 95
2818 6033 33 122 87 16 145 205 134 86 14 63 92 150 96 158 25 195
3118 3118 0 0 0 0 0 0 180 0 150 0 0 0 0 90 0 90
845 854 75 165 81 165 15 204 84 15 23 192 54 0 129 127 152 33
4988 4991 120 165 133 195 105 45 30 150 73 0 35 0 0 197 202 170
1273 3080 147 42 127 63 100 192 108 102 104 192 43 103 64 101 182 56
1707 1707 97 27 68 172 175 120 59 33 198 46 180 0 148 0 200 0
5021 5026 30 120 126 180 175 90 54 171 19 191 208 71 168 161 121 191
6251 6268 96 32 88 72 153 50 92 15 78 167 139 63 70 52 115 175
2764 5319 85 188 90 198 189 200 74 154 29 123 93 145 172 140 172 151
955 955 102 0 6 162 0 0 144 12 0 108 90 0 186 0 150 0
5835 5845 131 135 204 131 18 57 101 106 150 205 190 0 134 84 158 53
5727 5749 154 25 3 202 144 153 160 14 119 116 176 0 2 150 166 180
232 6054 179 133 57 190 191 46 91 52 117 100 143 189 78 35 9 69
6872 6872 60 30 94 180 0 180 150 180 107 144 167 0 0 103 203 100
5340 5355 110 125 201 28 117 7 70 113 62 209 158 98 154 134 205 194
1403 1417 202 145 202 202 52 31 68 137 49 33 156 105 204 152 165 120
1749 1985 88 130 146 70 115 30 41 147 38 82 3 98 17 186 125 74
2133 2133 0 0 0 0 35 0 0 35 0 175 0 0 0 0 140 0
4426 4440 168 165 16 18 7 18 184 133 199 22 86 0 132 71 31 150
6303 6328 121 197 144 108 87 121 175 167 137 146 132 160 8 29 144 30
3349 4532 46 41 98 81 161 164 22 12 4 190 97 145 73 24 99 21
1394 1394 84 0 0 84 127 103 118 84 175 126 84 0 84 35 0 0
2886 2899 7 25 16 187 102 89 109 182 96 69 0 0 102 114 60 60
4100 4105 94 205 66 98 160 0 92 125 197 191 100 71 186 9 34 90
4104 5862 191 143 179 102 33 24 71 96 139 32 148 189 200 102 104 77
3409 3409 140 140 140 140 126 168 154 70 84 126 168 0 0 126 0 0
2495 2505 148 124 35 114 168 134 17 38 18 174 123 105 141 162 109 129
8 25 15 95 198 183 182 194 43 162 109 205 108 136 152 35 37 198
1242 6163 45 64 192 116 36 178 2 96 22 69 100 118 115 109 11 89
2759 2759 0 0 0 0 0 0 0 0 0 0 0 0 0 0 0 0
5864 5869 101 135 178 136 140 180 37 136 150 89 140 100 188 0 40 116
3591 3607 34 175 79 13 15 195 61 53 76 201 186 42 123 197 168 114
927 5587 104 185 47 127 66 151 4 10 143 131 98 147 65 169 179 108
3124 3124 30 120 180 180 165 75 120 90 0 180 180 0 0 15 0 90
4146 4157 150 185 1 135 93 190 16 30 170 201 106 140 130 51 104 175
4292 4295 110 20 0 170 70 15 100 191 184 173 168 0 0 147 82 98
1897 6576 80 125 7 122 166 147 153 71 179 109 58 35 10 54 166 57
1867 1867 0 105 105 105 189 83 94 0 184 0 105 0 0 116 53 0
1083 1092 174 150 118 204 199 193 134 144 121 192 206 0 126 83 74 124
3589 3606 57 103 80 147 186 8 110 45 73 130 174 105 173 173 121 112
2595 6774 136 201 204 51 113 30 197 22 99 24 204 207 39 84 154 133
83 83 200 170 80 185 108 189 172 40 177 108 129 0 0 33 45 180
6938 6944 74 50 72 44 75 105 190 124 89 60 119 0 156 12 96 120
3667 3675 145 20 41 70 205 200 42 25 170 121 203 90 77 203 58 53
3201 4456 77 81 109 17 62 13 132 142 110 2 173 8 112 175 90 159
6188 6188 0 0 0 0 0 0 0 0 0 0 0 0 0 0 0 0
6983 6995 24 96 25 102 142 167 178 181 199 4 173 6 126 89 53 164
5991 6003 183 42 203 73 170 70 61 48 46 135 111 160 36 134 149 75
222 463 141 165 114 83 81 171 73 47 30 94 135 28 117 78 5 128
5236 5236 90 45 8 120 180 120 150 60 70 37 22 0 0 38 78 200
4447 4454 20 50 31 65 165 20 25 95 149 103 44 0 5 135 90 50
3216 3228 184 40 185 74 11 55 183 14 90 170 159 65 207 30 96 75
3619 3728 26 162 67 92 6 30 149 203 32 83 140 203 75 116 50 22
6292 6292 0 105 98 0 0 0 0 0 196 43 70 0 0 140 120 140
5474 5477 18 135 45 3 21 104 30 33 202 87 3 0 168 173 143 180
3000 3015 16 96 23 86 97 36 102 77 17 29 18 140 118 137 95 179
202 6038 136 42 184 8 28 152 143 74 107 154 179 19 148 89 183 23
624 624 0 0 174 187 0 0 0 0 70 0 159 0 0 140 70 140
3527 3538 68 62 92 128 37 204 90 19 10 125 58 71 0 170 166 138
2733 2751 165 76 193 150 86 132 190 33 162 16 115 70 7 86 98 135
2907 3154 143 48 140 152 185 185 68 115 2 43 177 32 121 131 83 44
2747 2747 167 105 16 152 0 0 139 172 0 43 30 0 146 0 50 0
2154 2157 162 0 96 72 0 0 204 192 0 188 180 0 36 0 160 173
34 41 80 68 36 26 188 193 12 65 77 39 40 105 112 131 42 93
12 58 182 122 197 77 5 158 151 31 4 206 202 155 91 63 12 81
2100 2100 20 80 50 50 75 15 10 130 182 162 36 0 0 129 84 60
3977 3982 84 120 46 204 105 90 24 81 110 137 2 57 54 70 102 135
5574 5591 94 85 146 34 39 41 122 159 177 29 130 126 204 158 8 47
1144 6830 178 196 192 7 82 31 120 77 67 64 114 23 175 158 67 186
2742 2742 40 190 30 190 150 0 200 50 50 140 80 0 170 120 100 90
1545 1555 50 145 200 140 26 4 142 10 91 155 80 140 40 209 109 110
47 53 68 20 98 0 155 140 8 148 89 120 6 0 168 136 81 0
3126 3511 188 54 61 175 96 144 102 31 81 112 58 30 173 104 194 70
753 753 72 90 89 27 165 0 171 27 41 203 74 0 173 27 82 120
1415 1428 8 95 13 178 141 132 112 73 109 75 154 105 84 142 190 135
3492 3500 174 54 202 129 0 30 168 144 173 14 158 0 66 37 207 124
797 880 101 117 178 66 113 83 91 79 168 111 172 23 7 70 143 48
2108 2108 0 0 56 0 0 0 0 0 28 126 28 0 0 182 112 140
2613 2613 137 195 16 182 105 120 169 97 30 118 30 0 146 0 20 0
1313 1343 121 202 28 41 37 67 203 95 114 128 190 90 26 69 135 52
1322 3017 40 159 56 176 114 61 81 165 116 181 149 169 67 77 196 104
2251 2251 70 0 140 70 0 0 140 140 0 140 0 0 70 0 70 0
5083 5093 89 81 196 119 181 95 159 103 174 132 19 71 200 140 86 161
338 351 124 10 73 91 154 187 32 14 195 128 51 75 200 51 59 34
3015 3232 111 165 149 150 166 204 186 84 74 31 28 55 29 103 127 95
4477 4477 0 0 0 0 0 0 0 0 0 0 0 0 0 0 0 0
6711 6721 112 133 186 64 28 0 56 122 135 69 24 20 168 115 152 188
786 801 26 115 178 125 19 102 114 202 98 155 131 206 76 203 167 44
5176 5664 103 59 193 204 41 29 22 119 52 94 73 71 130 123 27 159
3838 3838 0 0 0 0 0 0 50 0 170 0 0 0 0 130 0 200
30 38 50 200 6 20 205 37 72 10 92 34 160 0 154 167 44 150
2360 2386 200 35 155 83 51 167 198 120 0 106 87 90 204 69 149 50
105 648 193 202 54 5 94 31 46 209 109 203 40 83 148 24 82 5
1119 1119 0 0 0 0 0 190 200 0 110 0 0 0 0 10 10 0
1187 1201 92 37 200 142 156 204 142 199 51 23 107 126 204 95 80 185
1549 1570 7 99 186 47 93 117 69 7 74 150 156 140 152 180 195 94
138 856 4 197 108 109 45 117 162 79 29 182 160 206 49 66 175 105
3510 3510 102 192 57 27 40 120 165 118 111 26 12 0 99 81 76 150
2334 2348 80 194 96 154 122 158 186 172 181 10 178 0 28 45 125 70
5487 5499 66 40 56 196 124 198 140 58 75 198 54 42 140 156 18 0
1062 2471 111 56 49 160 62 127 204 1 145 123 16 130 142 75 101 119
360 360 0 0 132 96 0 0 0 0 0 0 12 0 0 0 0 0
4932 4935 102 9 10 87 18 54 66 54 156 10 73 0 70 159 101 75
5629 5657 138 84 183 183 149 85 40 64 22 74 57 196 110 137 18 70
2474 4724 75 41 2 103 23 31 120 51 174 163 96 183 89 121 170 109
4324 4324 134 200 20 104 30 90 44 94 45 48 90 0 84 59 126 100
2107 2114 187 55 14 37 126 183 149 92 139 63 14 0 168 71 65 139
6836 6858 164 152 76 106 66 33 196 200 53 91 81 190 82 33 53 6
1921 3866 110 134 78 83 68 85 105 46 108 83 124 42 72 55 27 120
4072 4072 0 0 0 0 0 0 0 0 0 0 0 0 0 0 0 0
722 725 20 122 20 50 127 18 80 131 188 53 174 0 84 150 130 150
1574 1589 57 105 200 190 205 92 79 173 25 77 208 6 96 182 104 20
2699 3992 15 42 71 207 60 2 78 83 144 134 176 111 158 89 92 162
511 511 84 0 0 84 0 0 124 84 157 0 126 0 84 83 0 160
1014 1026 180 98 4 38 151 63 46 61 204 79 80 90 208 170 114 154
5174 5178 66 12 35 81 189 8 196 30 179 70 91 84 0 46 53 47
2250 3865 63 17 114 39 149 59 56 12 103 154 115 117 206 156 186 84
2001 2001 90 150 120 15 91 100 140 60 136 120 15 0 0 74 15 60
6498 6513 73 100 128 118 91 160 161 142 128 26 195 140 5 182 163 187
1249 1277 199 34 64 19 45 35 1 20 111 149 0 71 194 83 188 118
3236 6061 32 41 103 31 2 21 16 177 164 8 70 152 140 164 67 15
219 219 70 0 140 70 0 0 140 140 0 140 0 0 70 0 70 0
4827 4836 102 95 63 117 87 137 68 12 46 170 118 0 52 37 85 185
1717 1748 36 89 70 21 90 8 112 121 18 28 209 14 124 36 30 21
3083 4505 192 60 10 14 132 177 159 185 47 7 28 58 153 93 11 1
6391 6391 57 105 96 72 0 0 99 192 0 153 180 0 36 0 90 83
2160 2171 90 204 176 191 195 165 150 156 29 6 27 36 174 16 71 44
923 944 92 79 45 129 124 116 63 73 28 203 168 0 133 2 32 8
2519 3092 51 73 163 138 206 72 5 33 150 18 0 90 34 86 177 113
571 571 152 132 28 2 175 120 184 23 198 201 0 0 98 0 180 0
1798 1798 196 70 42 196 0 0 98 56 98 14 182 0 14 126 196 0
4215 4240 193 76 18 45 111 129 13 23 154 47 199 78 0 62 101 47
368 2052 5 87 28 12 121 52 121 48 39 126 95 170 109 144 119 167
1460 1460 118 31 140 148 0 165 176 158 123 168 84 0 0 126 126 101
1778 1789 176 206 95 145 82 66 7 88 119 74 90 2 183 181 24 26
1175 1188 30 99 36 54 140 118 158 90 60 183 156 0 42 96 104 182
3031 5743 120 105 175 203 33 180 116 38 48 31 115 112 191 33 79 14
2228 2228 188 101 0 8 105 60 106 88 67 42 126 0 0 189 84 101
6717 6725 56 140 140 56 127 61 104 46 131 174 126 0 126 59 54 60
1895 1920 50 179 191 48 170 131 192 125 10 161 104 83 42 96 18 156
1204 2496 98 154 156 55 98 111 168 142 51 101 32 206 94 138 152 15
1734 1734 60 90 18 120 90 150 0 180 83 0 90 0 60 187 17 100
1473 1485 91 151 176 166 125 130 55 20 166 100 196 110 32 193 48 163
6063 6066 30 120 162 180 90 150 0 90 147 120 120 0 0 123 3 30
4168 5712 195 111 89 124 154 186 93 140 1 30 90 6 54 164 43 163
3342 3342 0 0 0 0 0 0 140 0 140 0 0 0 0 70 0 140
6075 6075 140 0 34 117 0 0 70 70 0 70 159 0 140 0 140 0
5827 5851 15 127 104 117 95 92 29 120 151 9 176 24 118 60 148 115
481 701 161 123 95 25 80 87 120 198 122 84 2 194 90 151 115 104
280 280 0 0 24 132 0 0 0 0 0 0 174 0 0 0 0 0
388 389 132 24 84 139 180 15 24 39 126 99 69 0 0 45 0 60
2944 2975 149 48 180 203 195 144 188 78 105 6 162 75 171 152 4 98
2593 2948 13 51 162 185 132 156 158 7 106 39 168 113 18 108 67 23
261 261 198 36 0 138 105 90 96 201 54 51 0 0 0 0 30 0
5758 5766 30 96 196 150 188 161 46 33 51 103 184 0 172 118 29 150
1562 1564 84 131 50 54 0 135 78 84 76 98 171 0 88 159 199 131
209 269 83 25 117 5 97 128 104 55 34 111 127 145 105 181 15 141
170 170 0 105 119 105 189 83 94 0 86 148 7 0 0 4 131 140
3063 3072 162 90 198 60 200 105 13 51 41 190 154 124 137 97 156 78
4949 4960 69 54 206 174 18 126 98 147 30 29 189 90 53 147 116 153
4247 5232 104 177 109 168 141 195 82 66 194 11 4 148 9 163 124 86
3809 3809 120 60 90 90 120 150 90 150 60 90 90 0 0 150 90 150
4507 4508 30 120 140 180 175 90 180 171 145 65 89 71 0 35 65 205
5878 5889 174 10 127 39 200 80 73 192 33 118 181 103 85 125 181 55
748 2374 40 141 58 91 102 49 102 189 39 130 113 146 119 104 94 138
2288 2288 0 0 0 0 0 0 0 0 140 0 0 0 0 70 140 70
552 560 180 0 36 60 168 96 0 120 17 18 117 0 54 13 131 70
2492 2514 27 186 115 158 153 5 125 102 2 201 117 0 78 42 68 181
579 5047 174 100 80 184 87 172 46 134 160 19 182 159 24 48 152 87
4105 4105 30 120 174 157 140 90 180 66 180 100 143 106 0 0 170 100
5651 5652 206 152 170 116 131 160 132 17 114 77 30 0 0 104 40 120
5136 5152 10 130 196 52 90 12 151 110 158 105 39 105 135 95 167 139
2173 2280 63 117 209 37 165 122 197 184 78 132 152 201 155 98 206 95
6343 6343 130 205 0 10 175 75 80 191 95 65 124 71 0 0 100 150
1394 1400 53 165 172 8 17 206 9 103 116 166 66 0 116 148 206 150
6073 6092 200 166 208 160 73 144 82 25 147 77 62 185 134 21 93 73
4465 6439 183 54 47 132 149 154 148 161 40 202 16 151 143 179 204 16
2242 2242 108 180 60 18 192 156 206 198 138 102 18 0 168 72 60 30
5765 5767 20 200 15 95 54 188 194 25 209 175 145 0 190 176 103 45
5921 5947 112 85 154 118 193 124 4 97 55 200 17 80 96 140 200 80
3226 5413 95 12 60 115 155 140 90 160 61 163 123 0 50 63 177 124
2640 2640 30 120 0 180 175 90 180 171 110 65 124 71 0 70 30 135
4064 4078 48 128 142 168 96 108 152 18 164 24 121 0 128 123 15 148
5420 5440 130 119 151 190 97 182 52 110 59 124 197 140 102 203 171 166
840 1112 35 94 3 12 7 100 163 28 22 192 52 44 7 121 76 110
2018 2018 174 150 120 204 6 18 188 144 24 36 204 0 84 186 120 60
6212 6227 82 24 156 81 104 162 16 34 198 186 93 87 172 170 16 94
1858 1888 147 189 180 172 32 4 119 102 35 31 128 63 42 27 64 50
2236 2541 29 77 155 169 123 73 46 19 45 150 8 130 146 36 86 98
3727 3727 0 0 0 0 0 0 0 0 0 0 0 0 0 0 0 0
757 765 92 164 43 137 99 113 98 166 25 191 104 0 60 177 44 36
1593 1610 72 15 98 200 29 102 165 9 201 43 67 112 189 139 178 194
104 233 46 159 33 143 48 136 155 168 67 39 191 98 183 113 38 190
5761 5761 50 200 20 20 120 150 160 10 60 90 90 0 0 150 90 150
2710 2712 2 134 204 14 0 90 124 202 160 70 184 0 70 0 140 204
5697 5703 46 55 39 1 87 127 6 186 20 114 13 0 172 132 101 50
643 6466 202 75 119 38 112 93 30 199 3 55 173 166 143 123 56 36
4788 4788 80 110 200 200 90 60 40 100 98 18 144 0 0 96 126 30
4720 4732 201 109 107 21 110 185 76 3 206 52 24 0 11 176 136 190
1137 1164 159 10 12 189 203 48 33 124 62 102 147 101 114 85 77 44
2255 4947 29 32 172 41 27 182 178 144 144 167 117 90 151 59 7 128
4211 4211 188 101 0 8 74 185 116 88 39 0 0 0 0 196 0 101
789 791 200 170 0 80 1 115 30 40 131 0 0 0 0 119 0 170
5327 5328 0 105 21 105 105 5 160 0 46 0 105 0 0 134 29 0
3215 6627 57 74 130 101 120 165 15 150 92 43 148 35 162 200 74 128
3782 3782 106 130 69 181 141 108 204 206 95 209 188 0 77 3 202 150
514 521 116 74 132 29 129 72 30 103 46 85 73 105 58 12 38 45
5407 5419 2 174 68 17 130 60 166 67 59 153 187 98 74 205 110 80
1903 6636 11 25 204 164 28 125 108 180 107 107 15 102 36 16 1 70
6832 6832 0 0 0 0 0 0 0 0 0 0 0 0 0 0 0 0
6903 6913 0 30 61 205 42 96 4 105 159 189 191 105 192 186 206 194
770 777 108 120 102 188 135 154 192 23 190 85 198 105 66 128 32 195
1091 1472 134 98 207 108 188 7 59 102 23 23 146 202 170 19 82 88
1157 1157 170 50 50 110 75 45 70 190 32 102 36 0 0 129 24 60
2738 2743 170 35 10 170 165 90 100 70 201 86 188 0 20 57 172 195
4636 4662 47 143 52 179 25 154 115 61 44 132 134 0 152 128 170 48
60 1908 66 176 153 149 138 124 156 165 127 143 57 7 207 143 85 150
5711 5711 0 0 0 0 0 80 40 0 190 0 0 0 0 170 170 0
5281 5282 154 70 70 49 84 147 135 119 21 84 63 0 84 189 105 0
622 633 152 17 110 50 111 111 200 85 117 25 74 112 102 56 18 185
806 2658 67 191 103 138 172 71 60 125 184 72 134 3 134 113 132 148
4158 4158 32 170 80 17 18 159 94 82 93 108 87 0 42 117 45 180
6026 6037 95 194 174 125 104 16 7 14 43 161 174 0 162 30 54 34
1764 1790 107 140 102 26 127 176 187 61 46 87 44 194 118 106 199 69
103 2223 23 10 177 198 7 79 36 56 183 149 64 10 28 41 182 147
6368 6368 120 60 168 90 0 150 90 150 53 0 0 0 0 157 167 130
5191 5202 152 140 2 62 188 39 168 169 193 51 175 7 180 48 99 133
4345 4358 98 195 50 158 70 30 192 64 51 53 30 71 104 132 172 155
1894 5602 6 88 8 148 3 158 19 178 144 121 52 155 111 7 73 7
970 970 0 105 98 0 0 0 0 0 154 1 154 0 0 56 36 140
3785 3788 90 150 84 120 35 60 120 135 162 13 92 115 0 168 188 55
3175 3197 25 79 146 103 58 184 171 170 126 130 166 90 42 119 178 10
922 2122 40 76 182 101 64 85 137 155 117 113 141 170 1 138 189 57
1056 1056 150 180 174 37 0 30 60 30 180 0 159 0 0 30 60 180
6180 6195 53 178 98 138 20 189 33 156 169 197 128 0 206 104 38 207
6744 6766 120 135 123 82 129 202 140 171 39 13 99 41 186 149 14 205
3082 5063 106 4 55 181 149 21 8 114 10 83 162 92 12 9 192 78
6452 6452 10 40 130 130 195 165 110 170 196 186 18 0 0 117 42 30
3588 3597 117 9 54 189 145 30 189 33 36 26 91 71 30 132 52 64
1663 1693 139 35 94 88 143 19 1 49 182 195 7 97 70 190 77 178
583 1725 42 202 75 98 159 143 92 48 135 42 72 21 187 9 124 139
4274 4274 78 60 90 48 162 66 36 108 18 132 48 0 168 192 90 150
4725 4740 39 163 101 129 174 107 90 18 109 55 15 30 77 163 14 26
4756 4762 38 170 86 58 151 25 24 58 45 12 186 0 102 17 18 150
630 638 68 132 4 164 70 120 100 190 15 42 1 182 14 105 63 56
2568 2568 0 0 6 173 0 0 0 0 0 0 201 0 0 0 0 0
5608 5618 61 160 62 145 123 54 62 176 108 81 12 105 197 140 52 155
3318 3329 86 37 108 83 190 90 140 76 76 22 52 140 166 29 125 107
1974 6433 119 111 185 163 126 32 90 140 129 154 166 35 85 169 206 43
1089 1089 200 170 80 185 18 159 52 40 177 108 129 0 0 33 45 180
5503 5514 150 12 36 101 6 108 20 63 45 90 165 105 84 33 12 36
3448 3463 188 101 200 168 48 7 126 190 81 154 100 162 28 144 194 127
846 5054 78 168 4 185 187 128 3 196 111 30 1 88 42 114 201 56
2485 2485 96 132 0 156 175 120 72 37 198 47 0 0 0 0 40 0
6087 6089 146 122 50 36 40 15 52 1 62 17 76 155 0 129 184 47
48 73 206 8 87 22 96 189 162 142 31 133 99 201 12 3 113 33
600 3871 30 101 24 35 9 43 16 177 188 114 2 35 194 46 191 40
2112 2112 120 60 184 90 0 150 90 150 207 144 137 0 0 3 3 60
5461 5474 91 164 141 59 186 196 13 0 42 71 119 80 38 190 131 129
868 882 144 150 82 24 86 30 204 154 166 20 35 140 196 6 127 146
2151 2683 140 159 37 206 114 204 104 36 28 42 51 157 89 162 99 137
3807 3807 0 0 0 0 84 208 104 0 74 0 0 0 0 106 148 0
3723 3732 15 205 151 0 33 207 18 45 191 174 101 0 187 87 69 87
1152 1160 134 140 104 164 45 87 10 154 178 176 194 0 164 73 120 150
2584 5867 100 95 84 64 79 188 208 5 80 184 138 112 189 155 145 162
6371 6371 0 0 0 0 196 70 140 0 196 0 0 0 0 14 0 0
6995 6999 180 6 84 30 0 120 72 72 72 152 14 0 98 42 82 182
5282 5290 156 0 171 21 101 42 47 159 63 103 2 208 111 183 206 130
1480 2188 12 165 163 199 67 86 37 190 15 20 72 1 100 42 66 21
526 526 84 0 0 84 0 0 124 84 157 0 126 0 84 83 0 160
6174 6188 139 138 58 105 115 191 6 183 38 90 206 0 9 68 89 0
4206 4231 76 153 182 136 151 136 149 86 136 65 180 66 31 209 176 160
179 2176 45 94 20 129 146 23 72 12 32 128 95 170 84 165 1 128
5582 5582 20 80 50 50 75 15 110 130 102 162 36 0 0 179 84 40
1321 1334 179 44 133 59 136 153 150 77 105 45 136 156 147 98 64 20
5817 5842 68 113 122 185 15 198 84 127 135 1 67 119 50 40 199 41
4015 5430 14 34 40 128 151 81 176 97 119 40 154 208 126 119 124 29
1682 1682 6 150 120 36 174 102 62 186 66 204 36 0 126 144 120 60
4011 4024 96 70 129 121 67 119 29 142 168 136 55 0 33 196 68 0
4529 4547 52 40 133 202 115 66 124 21 57 53 144 154 80 128 134 23
1943 2898 171 116 103 139 22 115 136 104 62 60 99 108 8 130 180 175
1242 1242 20 185 64 50 75 15 10 130 84 85 148 0 0 17 42 200
4712 4719 142 15 86 142 0 20 54 122 145 83 30 120 196 35 90 72
6383 6386 152 20 44 107 96 113 46 22 13 156 51 0 42 197 191 120
439 947 173 63 68 92 186 103 41 138 108 64 9 151 70 159 173 150
4706 4706 84 0 0 84 126 168 28 84 84 126 84 0 84 126 0 0
5842 5856 150 129 117 131 163 87 89 93 185 107 177 140 173 184 39 57
15 38 190 205 205 175 131 18 45 144 132 72 127 168 75 159 153 121
211 1042 189 10 137 195 23 19 110 111 107 49 188 97 104 188 117 27
3822 3822 0 0 0 0 0 0 0 0 0 0 0 0 0 0 0 0
636 636 167 105 16 152 0 0 139 172 0 43 30 0 146 0 50 0
606 608 168 0 84 168 0 0 138 168 3 0 42 0 168 27 126 90
778 2710 133 49 69 132 46 25 92 203 91 74 59 25 93 119 120 191
5691 5691 126 0 168 126 0 0 42 126 0 84 0 0 168 0 0 0
5764 5767 42 69 140 102 175 120 204 154 73 106 206 0 20 69 104 15
3612 3636 144 60 155 54 16 23 142 124 4 9 64 0 192 140 185 94
2277 3575 89 73 178 191 105 12 178 117 36 57 13 154 58 36 34 61
2369 2369 140 140 140 35 0 105 70 70 105 0 105 0 0 105 105 0
4663 4678 74 131 167 59 56 106 184 121 49 1 162 77 162 207 124 190
3356 3372 106 83 152 1 24 139 42 10 174 135 179 84 122 31 74 88
53 2173 111 166 108 160 127 52 75 127 183 132 46 204 64 7 91 38
6428 6428 84 0 0 84 0 0 124 84 157 0 126 0 84 83 0 160
4978 4987 178 118 135 131 177 144 33 3 137 101 22 130 5 141 82 28
2338 2342 196 154 130 196 27 193 172 208 161 190 144 0 84 95 80 30
1050 3391 39 131 163 109 107 155 115 178 18 184 59 207 207 64 33 68
2887 2887 70 70 0 70 0 0 140 140 140 0 0 0 0 0 0 70
4279 4281 96 132 6 14 140 120 72 142 198 82 166 35 0 0 110 35
3398 3404 173 116 107 133 165 135 196 43 131 24 61 0 75 74 109 181
892 1437 158 130 80 190 8 68 63 190 199 53 45 200 102 204 203 115
3642 3642 120 165 126 90 0 150 90 150 137 51 84 0 0 73 113 130
5847 5858 84 1 160 134 189 144 174 84 43 198 63 70 26 62 55 134
5310 5334 115 64 5 115 112 163 154 42 12 122 33 150 114 78 136 57
2627 2854 14 37 105 89 184 118 24 101 3 40 40 163 60 130 123 137
2507 2507 2 105 31 137 189 83 68 202 184 208 45 0 86 116 163 0
142 150 120 42 33 120 111 166 95 46 59 182 129 0 3 121 163 0
6651 6654 33 45 180 48 0 60 173 78 209 105 162 0 48 31 120 170
719 2561 152 48 122 188 68 166 175 163 35 204 112 66 78 47 186 205
4953 4953 150 180 0 60 0 30 60 120 60 150 60 180 0 0 150 150
6267 6272 81 0 69 141 63 181 9 96 13 129 111 0 186 47 119 165
6500 6526 99 196 125 48 5 46 106 1 61 90 42 42 207 8 134 134
16 16 180 90 0 30 0 120 30 120 90 0 0 0 0 120 30 90
5571 5571 0 0 0 0 105 105 0 0 105 0 0 0 0 105 0 0
6614 6620 182 30 75 62 203 69 37 31 110 11 197 34 107 174 181 170
4247 4250 24 138 12 154 140 30 18 114 156 64 206 70 0 84 134 208
1306 2066 176 57 71 66 73 178 15 52 21 167 49 84 151 97 53 160
2608 2608 30 120 168 180 0 90 180 90 43 0 0 0 0 167 187 50
4304 4312 67 188 186 112 67 87 89 201 181 150 186 0 62 176 10 155
468 482 74 30 176 80 82 156 37 71 45 101 206 132 35 96 184 200
102 166 143 13 26 75 17 77 188 49 110 136 130 185 29 133 61 69
5000 5000 200 170 200 5 18 159 52 40 177 108 159 0 0 33 45 180
1982 1989 34 10 118 169 93 128 208 74 72 174 153 0 84 142 78 140
562 562 66 180 60 186 24 72 122 156 96 144 186 0 126 114 60 30
1798 5825 209 178 51 46 112 14 79 79 143 18 136 181 60 129 127 49
2939 2939 0 0 0 0 0 0 0 0 0 0 0 0 0 0 0 0
554 555 114 120 42 54 175 90 138 45 180 191 124 71 42 0 100 65
3705 3726 117 73 118 0 148 106 29 183 126 75 130 126 130 49 162 131
1405 1676 110 10 128 2 20 174 38 134 27 186 142 193 24 126 62 20
2244 2244 70 70 70 70 106 40 160 140 35 84 42 0 0 182 168 0
3714 3726 132 187 76 147 21 78 8 81 189 158 133 84 114 185 34 189
6642 6655 80 177 159 95 59 140 115 116 165 206 200 105 175 133 14 80
504 1357 36 191 175 71 183 132 151 54 183 200 116 0 97 190 155 153
3346 3346 96 90 30 156 55 97 102 36 97 114 156 0 126 113 30 120
5263 5269 194 83 65 149 142 48 102 148 169 198 135 0 0 173 13 190
4820 4846 153 66 118 33 118 189 193 23 175 193 190 190 42 98 109 170
349 6297 128 172 116 8 17 14 77 198 113 156 195 180 39 174 111 6
1791 1791 0 0 0 0 0 40 20 0 200 0 0 0 0 190 190 0
2812 2822 183 45 25 108 184 152 44 143 58 76 50 0 153 13 194 105
642 655 149 185 81 119 102 53 209 55 206 19 193 21 136 128 61 84
533 6599 119 68 55 52 126 19 112 66 43 111 115 1 207 101 88 206
711 711 70 175 0 70 0 105 140 140 35 0 0 0 0 0 0 175
5862 5863 140 14 126 140 0 0 28 70 154 112 196 0 112 168 98 84
2649 2671 127 4 46 32 157 81 39 123 107 132 94 70 162 174 148 87
3807 5541 205 164 96 59 49 92 53 156 24 44 59 187 191 50 44 189
2032 2032 120 60 168 90 0 150 90 150 53 0 0 0 0 157 167 130
5194 5196 150 30 4 120 0 180 30 30 107 54 167 0 90 103 113 100
1937 1953 180 20 170 60 60 180 140 120 15 110 161 0 70 15 61 0
3333 4678 33 101 61 88 179 71 153 47 12 19 186 184 25 109 169 171
3464 3464 0 0 0 0 0 0 0 0 0 0 0 0 0 0 0 0
394 396 47 45 194 62 0 60 49 22 164 49 134 0 146 46 106 10
1990 1998 157 166 22 34 0 30 125 170 202 36 142 168 182 106 134 13
2271 6025 152 201 111 136 18 100 193 119 99 97 9 42 187 12 105 16
4299 4299 91 105 98 196 0 0 77 56 0 119 0 0 28 0 70 0
4508 4511 204 165 125 69 183 137 5 129 86 6 139 0 84 34 9 80
5389 5393 204 165 195 69 183 71 47 129 88 90 111 0 84 122 161 170
110 5228 174 27 166 124 166 158 54 177 42 30 91 144 162 143 208 24
4487 4487 30 120 0 180 0 90 180 90 90 0 0 0 0 0 0 120
4056 4064 118 135 16 118 126 12 152 200 142 91 64 42 184 68 171 140
989 1016 92 65 155 12 190 0 3 158 165 103 94 140 67 209 159 48
1328 6318 116 138 176 110 178 32 153 57 96 17 56 195 76 180 38 187
5657 5657 0 0 0 0 0 0 0 0 0 0 0 0 0 0 0 0
4532 4547 66 183 36 141 37 105 28 30 23 40 41 140 188 54 58 109
6120 6123 87 105 0 60 105 0 129 177 84 24 90 105 66 126 66 188
2587 2927 84 111 93 113 158 70 81 7 126 142 182 17 108 10 0 41
4644 4644 16 22 10 166 85 60 32 147 58 197 150 0 0 30 40 180
2270 2284 196 28 72 70 122 22 196 101 151 1 142 21 42 125 59 185
2140 2162 197 161 12 131 101 42 198 117 182 12 58 172 183 62 195 28
1648 6530 198 179 178 171 6 142 132 24 193 145 20 187 56 64 69 37
1669 1669 168 126 0 168 105 0 126 21 84 21 0 0 0 0 0 0
3282 3289 196 70 0 173 97 196 180 119 132 29 125 63 140 200 148 15
5586 5605 20 153 100 14 79 88 166 160 171 16 177 132 92 83 18 91
3506 3723 166 137 145 71 89 171 70 129 24 182 195 140 56 120 27 188
4409 4409 120 60 0 90 0 150 90 180 90 120 90 60 0 0 120 120
3788 3795 148 130 118 118 60 144 66 38 179 132 132 0 0 31 90 164
1053 1079 144 18 165 6 96 188 133 89 198 16 165 126 204 151 174 185
3104 6383 181 95 0 30 169 166 97 106 133 87 138 128 183 177 111 175
6157 6157 0 0 0 0 0 0 0 0 0 0 0 0 0 0 0 0
3198 3202 36 165 165 111 171 51 64 66 118 144 81 0 126 182 199 50
3298 3306 176 209 194 96 140 30 120 183 150 82 120 90 72 90 35 120
421 480 153 191 29 28 177 17 54 116 59 46 176 178 163 203 94 199
6608 6608 120 60 0 90 0 150 90 150 60 0 0 0 0 150 90 60
6032 6046 107 29 100 206 208 132 5 171 209 122 65 175 70 23 208 161
1835 1858 45 24 132 105 132 45 37 48 70 11 157 64 158 27 51 201
161 5063 163 198 15 75 129 155 69 155 66 153 207 4 28 174 106 140
2384 2384 84 0 0 84 0 0 124 84 52 0 126 0 84 188 105 160
3291 3302 193 194 69 193 18 117 157 95 175 190 9 0 152 5 35 116
1481 1503 3 153 152 108 205 168 187 119 111 160 76 171 156 39 122 177
834 2626 145 115 72 203 7 43 168 137 29 121 149 122 207 160 122 74
1041 1041 60 30 150 45 60 75 150 180 135 150 45 0 0 75 45 180
4327 4327 78 186 168 48 0 150 6 108 53 0 0 0 0 157 167 46
5911 5922 186 132 0 126 108 41 90 96 178 105 120 0 90 107 41 87
1107 3595 118 126 85 150 187 190 146 8 165 42 4 95 62 208 15 105
1803 1803 133 105 14 28 0 0 161 98 0 77 0 0 154 0 70 0
2782 2795 30 50 94 106 148 9 180 56 83 83 208 191 36 128 190 90
4717 4731 4 88 33 19 59 45 89 68 18 158 122 120 101 38 107 84
218 716 159 100 13 53 19 19 84 180 181 13 69 178 32 163 171 133
4525 4525 36 60 126 6 0 150 132 66 53 84 0 0 168 157 167 4
2965 2968 140 20 140 200 0 15 190 175 122 57 66 0 90 69 174 120
3720 3738 57 68 148 130 104 195 127 84 57 208 90 196 148 49 195 84
112 5108 114 147 166 72 107 50 166 29 91 158 105 51 206 104 156 6
5573 5573 120 60 0 90 0 150 90 90 90 120 0 0 0 0 120 0
2499 2506 112 91 188 89 51 150 68 77 126 18 75 105 126 0 186 161
3579 3588 196 180 20 166 52 202 12 56 157 2 180 0 46 101 76 90
2201 3124 176 3 97 121 45 209 179 105 177 120 96 170 20 74 159 156
4011 4011 175 105 140 70 0 0 35 140 0 35 0 0 70 0 70 0
6135 6140 165 35 156 155 18 189 207 102 55 149 55 12 130 5 107 50
1163 1189 34 33 147 115 66 28 60 82 36 92 194 0 136 181 69 1
1503 2400 36 206 191 56 141 144 169 0 69 194 57 40 17 131 50 167
1626 1626 0 0 70 0 0 0 0 0 140 50 140 0 0 70 120 70
4779 4792 196 139 37 144 0 98 24 68 122 182 124 0 188 150 23 204
1898 1901 66 195 150 96 0 120 42 156 6 189 156 0 138 204 114 50
2657 6367 154 137 90 16 42 69 135 64 102 105 145 58 129 90 118 73
1937 1937 140 140 140 35 0 105 70 70 105 0 105 0 0 105 105 0
5264 5277 42 155 68 132 95 88 188 80 121 194 177 154 122 102 135 117
476 494 108 138 139 123 103 24 148 102 5 196 186 140 0 130 22 205
232 6575 39 82 132 3 135 199 135 185 142 145 93 162 124 195 83 97
1926 1926 76 130 162 46 180 0 128 116 158 14 152 0 134 186 106 150
2846 2854 184 40 58 199 10 103 106 104 169 180 165 0 186 77 90 90
3601 3630 150 44 1 35 130 26 203 38 79 42 83 114 59 79 14 86
71 194 134 2 141 18 200 16 24 45 142 135 5 32 65 109 134 163
1586 1586 150 180 60 60 150 30 80 30 180 60 60 0 0 30 60 30
2861 2866 126 180 186 96 72 156 90 126 49 36 186 0 18 41 77 94
3943 3964 133 184 180 23 43 2 207 134 82 125 51 86 80 55 81 159
438 629 66 139 22 140 84 50 131 208 149 126 182 136 178 207 178 159
4821 4821 84 0 0 84 35 0 124 119 157 175 126 0 84 83 140 160
371 384 200 32 40 156 145 75 140 58 125 86 30 113 42 5 130 10
2425 2426 180 90 126 30 0 120 30 144 198 132 114 174 0 42 132 180
1225 2160 62 10 144 167 102 57 81 16 174 189 137 31 190 48 41 128
2727 2727 126 42 0 126 0 0 42 126 0 0 0 0 0 0 0 42
4375 4381 59 195 72 54 140 120 133 142 25 141 147 28 152 65 145 90
743 745 30 15 0 180 175 195 180 171 75 65 124 71 0 0 100 170
122 795 153 137 133 26 65 35 134 0 201 176 59 57 85 134 82 191
4614 4614 18 30 205 3 105 180 129 33 86 81 53 0 147 166 161 100
6956 6962 120 0 204 135 60 21 118 150 113 30 15 0 120 37 111 130
421 443 165 160 87 175 41 161 25 108 112 3 186 178 62 196 73 168
3981 5347 129 10 138 58 26 94 178 159 3 206 182 196 89 127 85 126
3945 3945 0 0 0 0 105 0 0 105 0 105 0 105 0 0 0 105
3454 3461 4 205 115 199 35 57 205 89 133 66 129 0 84 77 114 50
765 795 170 120 56 174 57 153 106 46 10 164 31 171 208 120 138 115
3150 4659 6 102 156 181 45 70 95 98 192 61 54 16 108 98 201 176
1426 1426 185 135 166 50 102 96 185 100 198 25 138 0 104 12 200 180
400 409 86 146 145 162 144 102 163 32 45 146 115 190 5 201 172 184
492 519 131 92 76 36 135 150 39 205 193 26 35 93 23 130 80 155
3501 5084 190 193 67 64 14 79 128 192 187 109 101 12 89 28 84 141
1441 1441 0 0 0 0 0 0 0 0 0 0 0 0 0 0 0 0
6130 6139 66 185 206 86 39 156 38 9 21 114 172 108 158 103 113 40
1191 1202 101 0 131 6 45 63 105 142 94 99 110 126 206 146 186 10
3993 4933 116 59 3 205 56 19 149 81 47 87 200 93 113 109 29 125
4429 4429 0 0 0 0 0 0 0 0 0 0 0 0 0 0 0 0
4648 4661 72 180 68 197 87 58 16 57 41 109 1 0 132 115 190 60
3859 3861 6 192 0 36 42 60 162 162 120 132 0 0 0 168 90 0
1284 6895 206 170 177 74 102 144 138 175 73 142 174 172 129 3 196 176
5829 5829 0 0 0 0 0 0 0 0 0 0 0 0 0 0 0 0
332 336 78 105 109 93 70 175 36 189 165 167 204 71 204 15 50 7
3793 3820 57 37 107 39 111 2 110 132 137 90 42 186 59 156 124 166
1715 3440 183 102 36 193 162 0 100 181 195 18 206 119 147 112 188 47
6952 6952 200 170 68 14 18 159 52 40 177 108 42 0 0 33 45 180
1723 1735 55 187 58 190 58 204 155 96 116 137 119 0 168 104 56 23
6848 6857 82 85 107 57 191 198 197 127 43 22 108 0 191 78 17 90
3058 3149 183 17 140 48 59 74 154 35 147 148 186 149 83 63 170 1
3167 3167 60 135 79 45 105 125 70 180 147 144 32 0 0 183 178 100
4897 4898 114 120 180 54 198 174 86 174 162 138 180 0 84 48 180 90
348 368 118 110 61 109 70 165 119 103 166 121 60 30 193 154 52 18
1108 4410 119 90 79 53 47 162 178 179 207 48 204 181 79 15 4 56
1104 1104 30 120 132 157 0 90 180 90 148 0 159 0 0 62 82 50
4390 4400 88 110 173 163 176 192 151 68 27 70 117 175 73 49 47 135
717 722 132 150 150 162 18 144 174 102 192 108 192 0 42 18 120 90
1407 4046 103 122 184 93 101 55 120 24 184 154 195 151 135 56 205 48
5880 5880 188 101 0 8 0 165 106 88 25 0 0 0 0 0 0 101
305 317 71 125 182 176 53 87 13 96 198 63 179 180 164 6 171 103
1753 1771 91 182 50 46 171 55 99 126 17 38 93 70 28 62 181 207
783 1174 6 195 146 76 100 207 135 107 172 78 114 76 39 27 38 76
1689 1689 30 120 0 180 0 90 180 66 180 30 54 36 0 0 30 30
5586 5592 192 33 84 129 185 121 94 31 13 65 87 0 168 44 100 45
5948 5969 177 178 170 182 41 175 119 206 200 104 0 54 164 118 164 69
1475 1848 7 102 61 91 6 0 90 15 82 7 36 135 188 111 23 140
1885 1885 125 105 100 110 0 0 55 130 0 85 30 0 20 0 50 42
1756 1769 75 111 132 201 56 122 31 61 192 26 158 71 70 137 57 156
1187 1190 204 84 24 204 92 180 30 176 78 46 36 0 108 138 140 30
2707 2843 73 208 102 65 194 133 40 192 33 99 77 4 22 208 23 21
688 688 0 0 168 0 0 0 0 0 63 0 0 0 0 147 147 0
6917 6924 91 138 182 134 110 195 167 104 9 129 176 70 196 60 60 30
6424 6428 172 190 209 82 165 180 11 137 21 83 69 180 143 107 122 50
1151 2957 48 48 173 82 130 124 63 126 127 84 4 203 141 199 88 109
362 362 0 0 168 0 0 0 0 0 84 126 84 0 0 126 126 0
4686 4694 38 140 63 143 147 127 46 58 179 111 57 0 86 189 38 80
3530 3557 155 199 3 158 90 0 195 152 82 2 164 70 4 59 155 192
803 1395 82 155 135 35 120 165 66 94 193 105 111 80 2 103 139 90
652 652 96 132 126 156 175 120 72 37 156 173 168 0 0 42 82 0
5359 5366 92 200 20 62 174 0 122 192 158 160 48 0 42 136 160 150
5954 5970 71 98 116 128 189 97 39 0 162 164 73 144 78 154 155 118
1105 5973 149 117 94 22 174 106 200 0 170 64 93 161 47 105 189 27
914 914 18 30 150 108 102 96 186 138 198 192 108 0 168 12 150 180
6252 6252 60 30 30 150 0 180 150 180 30 60 60 0 0 180 0 30
2522 2531 207 135 96 192 72 96 135 12 86 147 54 0 42 124 54 140
308 2121 110 170 78 181 67 200 8 58 159 11 151 101 172 123 45 115
1692 1692 0 0 196 0 0 0 0 0 203 126 203 0 0 7 77 70
5005 5008 54 0 60 24 126 112 20 204 23 30 186 0 54 67 37 90
4608 4635 25 34 39 22 91 172 80 20 17 125 47 156 191 3 141 78
1510 5039 156 46 105 144 88 14 82 147 102 3 70 15 71 3 161 192
3817 3817 54 90 90 114 36 78 193 51 84 66 72 72 84 66 150 0
5415 5430 95 10 82 44 126 183 62 103 15 112 89 168 69 55 98 111
1912 1914 80 5 134 147 123 9 172 175 87 108 63 45 0 33 45 165
2034 4477 2 166 164 60 157 114 102 123 173 81 68 187 18 127 152 69
2019 2019 0 0 0 0 105 105 0 0 105 0 0 0 0 105 0 0
1117 1126 32 191 84 17 191 139 26 82 121 126 21 0 0 192 17 101
572 585 72 54 78 158 99 152 143 139 44 180 148 0 34 202 93 26
448 473 171 26 50 186 180 134 11 208 107 73 124 82 28 6 30 71
4819 4819 120 60 168 90 66 60 150 150 179 0 0 0 0 31 167 130
2449 2461 204 55 150 204 180 112 116 116 78 55 99 42 64 55 117 140
2497 2505 66 192 60 75 123 138 103 156 24 195 129 105 138 30 186 207
3035 4670 30 193 199 66 150 64 162 19 67 65 40 77 171 206 124 197
3864 3864 167 105 16 47 0 0 139 172 0 43 135 0 146 0 50 0
3545 3545 0 105 98 0 140 0 0 0 154 71 84 70 0 56 176 0
4773 4778 34 157 20 41 140 165 176 52 69 132 107 138 112 98 118 127
2804 4191 67 52 34 14 39 53 71 203 10 50 30 194 75 178 186 59
4350 4350 0 0 0 0 0 0 180 0 150 0 0 0 0 90 0 90
3149 3160 113 137 11 41 86 63 208 171 191 200 46 0 7 167 136 181
36 46 27 19 70 12 60 120 87 200 101 129 141 98 178 15 75 34
812 5753 188 20 70 111 52 163 78 177 153 120 159 6 88 206 184 8
4383 4383 0 0 0 0 126 42 126 0 126 0 0 0 0 84 42 0
3195 3208 138 120 126 141 69 85 208 198 7 24 120 0 198 184 133 180
3977 3993 169 160 79 74 116 118 123 107 7 114 196 133 94 129 74 85
1489 3323 198 11 110 133 171 149 22 5 99 92 180 116 20 176 91 197
3416 3416 0 0 36 198 0 0 0 0 0 0 156 0 0 0 0 0
5917 5923 0 105 105 105 111 31 98 0 155 84 147 0 0 205 129 20
5308 5335 182 128 116 2 124 74 180 14 179 26 71 0 42 81 140 142
3314 4789 173 180 118 21 153 169 92 97 56 60 147 156 189 12 42 155
102 102 20 200 120 200 180 0 100 130 130 70 40 0 190 60 50 150
1326 1338 164 68 128 39 177 81 80 148 86 156 129 150 126 39 150 30
48 52 56 140 156 56 142 76 104 196 27 186 137 0 126 198 146 70
5121 5143 181 206 54 196 125 53 201 113 120 166 0 63 104 67 110 113
5715 5715 0 0 0 0 0 0 0 0 0 0 0 0 0 0 0 0
5036 5046 82 40 178 97 180 75 22 92 102 102 69 0 132 78 198 80
3253 3282 163 91 22 130 25 153 146 165 137 113 188 141 79 164 35 79
352 1319 55 192 198 133 52 164 106 131 10 24 69 202 159 150 141 165
437 437 0 0 0 0 35 0 0 35 0 175 0 0 0 0 140 0
5108 5123 100 115 129 25 55 122 194 62 182 39 8 42 156 133 90 47
3896 3917 10 5 193 137 1 154 34 160 96 70 141 40 84 124 129 93
1369 1431 28 6 71 109 100 142 177 20 89 187 155 67 3 52 182 192
356 356 0 0 0 0 0 0 0 0 168 168 84 0 0 126 126 0
5773 5783 208 205 56 193 53 50 38 143 146 175 187 0 178 101 169 145
2994 3002 192 159 140 32 57 105 24 184 43 79 120 10 0 203 30 150
884 1156 99 104 69 74 11 115 124 188 130 155 141 23 42 168 62 58
4269 4269 93 105 198 205 0 0 51 48 0 117 99 0 114 0 180 187
4041 4045 45 140 102 195 18 189 87 78 118 120 22 138 10 152 64 5
16 34 95 149 204 170 172 103 45 145 71 60 69 147 184 72 47 143
399 1438 7 41 4 117 79 9 11 64 173 135 34 159 209 3 178 202
6600 6600 30 120 0 180 175 90 180 171 180 65 124 71 0 0 100 65
2432 2439 52 70 84 157 107 168 207 157 52 108 155 0 86 190 35 130
4767 4781 144 135 184 1 63 135 114 201 143 79 25 168 14 184 22 37
933 2713 46 14 177 100 149 137 32 156 26 96 22 178 53 168 111 64
2686 2686 0 0 0 0 0 0 0 0 0 0 0 0 0 0 0 0
1341 1341 42 0 126 42 0 0 84 42 0 168 0 0 126 0 0 168
5397 5416 5 20 209 119 115 165 35 56 17 41 150 42 180 36 121 87
991 3035 110 45 139 74 22 193 208 151 66 122 32 194 125 14 169 113
2413 2413 0 0 0 0 0 0 0 0 0 0 0 0 0 0 0 140
5964 5964 0 105 98 0 0 0 0 0 154 1 154 0 0 56 36 140
6860 6865 50 200 126 125 45 102 178 10 7 102 179 0 84 154 95 28
1815 6592 166 164 7 116 194 137 75 162 64 200 11 59 126 70 98 67
4556 4556 30 120 162 180 0 90 180 90 36 72 156 0 0 174 84 120
4894 4896 174 45 105 99 189 123 118 144 41 0 21 0 84 199 43 30
2704 2707 111 175 158 201 153 12 99 186 42 157 123 0 20 168 113 30
2304 4195 193 198 143 140 182 49 83 86 83 130 4 147 148 92 183 28
4205 4205 200 80 110 200 75 15 190 40 182 192 96 0 180 129 114 90
6242 6252 104 52 43 155 35 135 61 76 17 202 46 151 77 201 71 165
4486 4505 200 172 186 200 113 195 82 92 184 128 52 11 46 69 202 175
1934 4424 157 196 107 165 185 122 103 144 11 51 109 73 164 81 187 92
1650 1650 102 30 150 192 18 54 74 12 72 108 192 0 42 138 150 180
2081 2081 70 70 70 70 0 0 140 140 0 0 0 0 0 0 0 0
935 944 5 15 154 14 126 182 93 190 140 163 90 0 164 130 52 178
853 3593 5 80 8 83 196 142 21 146 57 198 52 205 206 182 147 131
1306 1306 0 0 0 0 0 0 0 0 0 0 0 0 0 0 0 0
410 423 82 35 16 157 189 103 198 127 47 98 23 0 194 166 177 55
2259 2265 130 205 105 115 147 5 45 75 82 175 140 0 35 133 140 135
3447 4427 184 86 157 199 136 168 92 155 112 182 178 175 182 34 186 133
4489 4489 30 120 174 157 70 90 180 24 180 170 115 134 0 0 100 170
4494 4506 32 140 187 137 111 30 107 154 133 160 111 42 187 81 2 120
2575 2601 20 5 145 185 135 59 121 199 20 109 42 152 51 209 178 146
1749 5851 130 52 20 131 127 80 154 131 29 197 193 125 5 21 44 118
909 909 42 0 126 42 0 0 84 42 0 168 0 0 126 0 0 168
3651 3655 159 9 201 159 145 100 188 111 73 94 166 0 1 119 164 153
1153 1167 4 60 141 79 115 126 25 179 163 79 186 90 123 35 98 105
4 1238 2 38 143 128 19 11 31 50 123 75 151 19 149 138 198 193
4482 4482 74 170 80 59 144 117 10 124 51 24 3 0 84 159 45 180
5519 5531 24 24 202 174 153 86 98 135 25 47 14 189 150 71 75 105
5275 5296 66 60 50 36 128 66 124 208 57 46 38 62 36 99 5 12
3291 6481 169 125 162 200 142 74 129 138 16 81 96 16 208 207 59 36
2823 2823 120 165 168 90 0 45 90 150 158 0 0 0 0 157 167 25
6827 6839 164 197 127 89 186 92 196 112 19 126 153 0 96 83 125 64
428 433 186 177 45 171 154 117 52 97 201 95 195 0 168 207 96 206
1991 3047 188 10 73 187 70 76 31 133 35 194 120 156 55 114 203 153
6972 6972 167 105 16 152 0 0 139 172 0 43 30 0 146 0 50 0
5726 5732 46 205 115 31 81 135 156 26 13 192 45 0 126 108 99 180
6735 6746 138 195 152 59 27 176 126 22 178 92 51 189 98 167 180 0
2052 6628 177 130 93 55 23 30 119 83 204 152 206 172 203 208 38 36
5067 5067 28 0 14 28 0 0 56 98 0 182 0 0 154 0 70 0
3086 3090 190 25 25 55 129 3 24 80 84 60 165 0 0 156 153 0
2073 2080 142 135 124 202 105 180 92 167 86 46 202 105 82 124 70 205
1323 2951 30 72 149 29 162 72 115 62 126 174 10 23 6 170 142 137
3570 3570 24 180 60 144 66 198 38 114 54 186 144 0 84 156 60 30
1684 1693 102 39 209 147 194 188 118 110 107 200 152 168 30 66 188 204
5443 5447 128 92 49 173 84 195 103 181 174 119 14 0 203 168 112 36
3128 6289 52 120 151 4 127 68 45 54 191 118 206 84 108 118 81 190
2064 2064 120 60 0 90 0 150 90 150 60 0 0 0 0 150 90 60
4321 4322 198 120 180 138 72 6 156 48 78 12 138 0 168 132 180 90
2067 2081 28 147 12 194 193 160 112 176 7 54 207 0 172 16 79 1
3236 3285 83 181 93 179 145 112 170 154 102 120 25 29 169 184 160 75
1375 1375 0 0 0 0 0 30 120 0 150 0 0 0 0 90 90 0
1878 1890 118 196 91 63 173 9 71 53 28 104 18 70 81 117 124 177
159 186 105 153 107 84 156 120 109 76 66 37 122 140 136 155 101 61
5511 6678 184 208 38 94 58 145 8 36 58 69 186 19 64 0 154 71
6926 6926 142 160 159 97 165 0 171 167 111 203 74 0 173 167 82 190
6205 6206 150 105 8 90 0 0 120 30 94 61 64 0 150 146 96 80
2454 2464 78 90 190 18 30 90 78 150 10 48 176 42 126 128 88 140
96 3476 32 181 182 180 163 114 166 108 159 34 176 21 45 172 68 87
4136 4136 167 105 166 102 0 0 139 172 0 43 120 0 146 0 50 0
6898 6904 114 120 135 69 131 98 13 69 197 159 48 0 189 97 96 90
1752 1771 168 21 178 40 84 19 68 98 37 27 80 0 140 13 163 21
109 3954 49 51 113 104 177 129 81 20 5 146 27 83 103 106 63 53
4837 4837 0 0 0 0 105 0 0 105 0 105 0 0 0 0 0 0
3487 3487 0 0 0 0 42 74 142 0 202 0 0 0 0 68 194 0
3975 3991 176 134 57 171 29 92 84 196 27 4 133 60 34 178 173 69
1256 2245 200 163 87 121 9 191 1 146 25 116 110 11 83 166 126 88
2136 2136 0 0 0 0 0 0 0 0 0 0 0 0 0 0 0 0
4222 4228 96 195 195 51 195 201 14 36 188 6 27 0 126 22 93 110
6664 6677 117 12 99 57 17 137 121 168 68 151 53 100 30 4 205 10
577 5230 186 129 57 49 65 100 157 13 122 54 11 70 192 143 161 110
1585 1585 40 160 100 205 12 141 128 50 153 72 51 0 0 57 135 120
2741 2756 152 47 146 2 155 108 34 88 135 182 169 140 0 158 111 135
1008 1033 104 126 14 41 112 109 0 28 198 202 184 69 158 117 73 179
939 1844 138 37 149 102 126 67 95 82 50 144 45 19 144 111 132 12
3057 3057 90 150 150 120 25 60 120 141 0 5 64 71 0 180 40 35
5180 5184 108 30 72 78 175 0 48 69 106 185 196 71 48 164 98 205
4789 4801 75 21 184 163 183 49 127 3 48 132 200 75 126 36 78 124
2237 6625 188 80 6 50 12 46 162 97 194 102 207 27 67 157 98 47
4866 4866 87 15 66 42 30 90 199 72 120 123 150 0 36 90 60 173
5998 6006 96 141 135 141 192 91 42 99 152 63 3 0 198 142 205 0
463 464 30 15 147 75 28 31 98 171 200 65 19 71 0 40 119 65
710 6023 157 68 92 134 128 199 154 64 96 195 197 102 95 69 191 168
2399 2399 30 120 0 180 91 142 206 171 146 65 124 71 0 184 32 65
171 185 194 143 119 118 121 6 110 158 147 88 70 0 176 83 20 10
983 994 37 190 127 19 142 158 75 143 38 83 79 71 0 67 22 16
2322 2757 50 81 119 72 196 141 183 119 178 74 10 104 5 206 73 121
6015 6015 57 105 96 72 0 120 159 192 180 153 180 0 36 150 30 83
3600 3613 134 209 86 64 160 15 18 85 18 2 136 122 66 207 142 140
1907 1938 131 180 196 89 133 128 92 62 117 67 21 3 69 76 7 15
1342 1815 171 96 140 198 126 199 43 204 82 186 57 207 176 176 122 130
5639 5639 33 157 16 48 0 60 21 78 200 43 30 0 146 0 50 52
1375 1379 132 150 114 57 53 64 34 102 146 198 177 0 42 94 91 40
2137 2157 191 39 133 164 115 119 25 4 26 9 170 10 134 63 126 83
45 3584 103 98 59 59 14 96 2 206 191 85 56 39 131 21 79 164
6189 6189 0 0 0 0 1 145 20 0 91 0 0 0 0 119 0 140
908 917 140 35 35 35 10 160 0 70 61 156 93 0 0 157 7 110
6519 6538 22 68 41 106 187 136 205 83 151 96 127 6 13 162 163 173
1584 1974 62 140 29 89 76 34 186 20 116 62 123 190 34 110 175 27
3318 3318 0 0 0 0 0 0 0 0 0 0 0 0 0 0 0 0
4994 5009 118 23 144 138 30 5 72 88 183 194 168 0 44 72 158 33
5826 5830 16 190 110 166 119 147 192 76 156 194 166 0 196 39 10 90
1540 1948 142 186 183 68 20 168 6 201 153 177 38 142 102 189 109 46
6670 6670 162 60 168 132 0 150 142 192 129 0 168 0 42 141 167 170
1493 1497 126 147 105 21 84 83 136 119 184 105 7 98 0 116 53 182
3753 3771 130 200 24 75 8 165 82 152 62 86 8 22 206 70 198 146
4486 6109 53 53 38 187 121 53 31 44 180 50 9 168 72 68 99 162
210 210 71 15 196 206 156 48 197 136 204 139 84 0 20 6 20 90
4710 4711 36 87 90 66 30 105 12 66 45 0 30 0 90 150 90 207
3712 3736 192 56 47 16 200 129 25 99 132 81 46 28 37 135 185 51
48 49 110 125 131 65 93 35 110 190 106 54 117 0 0 194 167 60
2271 2271 0 0 174 187 84 98 154 0 154 0 159 0 0 56 98 0
5458 5471 110 81 139 9 98 1 162 83 208 57 48 180 194 158 120 14
3688 3715 11 41 68 131 90 156 161 152 26 207 53 196 66 34 84 111
3906 5733 67 192 38 106 20 183 175 7 205 45 174 19 168 66 123 177
2558 2558 84 0 0 84 0 0 84 84 42 0 126 0 84 168 0 0
3820 3825 192 30 156 162 168 26 142 72 58 78 30 0 6 152 116 38
2040 2063 24 174 81 204 60 154 64 77 1 50 67 193 34 204 73 153
2023 6905 126 134 78 123 156 14 29 200 209 85 207 101 189 60 90 123
511 511 0 0 0 0 0 0 0 0 0 0 0 0 0 0 0 0
3561 3568 92 130 118 2 123 51 199 52 165 25 117 105 183 113 27 10
4970 5001 22 137 145 126 45 67 35 183 105 163 90 60 1 41 38 156
2554 3142 28 204 209 77 115 130 175 192 11 149 187 118 135 162 30 128
882 882 60 30 150 150 60 180 130 180 30 150 150 0 0 180 150 180
4060 4068 32 35 101 174 24 54 14 82 89 180 132 0 102 81 204 60
5694 5716 185 203 74 200 68 203 3 114 39 29 64 0 42 137 41 3
1637 4807 100 122 162 89 166 39 81 81 84 80 136 130 137 7 178 102
3150 3150 142 160 159 97 165 0 141 167 156 203 74 0 173 152 82 70
1787 1787 34 0 2 124 0 0 188 74 0 176 30 0 202 0 190 0
6680 6699 81 20 130 154 19 47 95 207 190 15 16 71 202 47 193 187
1090 2697 67 50 159 39 104 20 112 2 209 139 120 71 151 184 158 88
4359 4359 57 85 16 192 0 90 39 192 20 43 30 0 146 0 50 190
4768 4777 174 87 30 91 164 3 92 194 93 53 85 30 0 173 125 172
2230 2248 203 197 123 23 137 161 92 169 12 73 143 175 29 52 206 51
3253 3421 19 119 128 147 43 5 162 140 34 102 83 53 64 155 189 195
4184 4184 0 0 168 84 0 0 0 0 0 0 168 0 0 0 0 0
3529 3542 37 205 76 22 3 129 91 8 115 111 33 156 36 76 153 38
6928 6959 43 98 18 110 73 32 131 152 108 82 193 0 32 134 22 40
104 3559 144 98 159 75 11 88 128 65 93 183 181 56 203 128 139 53
6291 6291 0 0 0 0 35 35 70 0 35 0 0 0 0 175 0 0
5164 5167 69 135 138 84 0 150 39 144 111 93 105 0 114 69 111 105
4586 4590 164 5 146 179 18 9 130 184 54 153 156 0 42 156 168 36
858 4154 144 195 114 115 44 99 3 137 125 105 139 92 114 59 53 189
1368 1368 0 0 198 144 0 0 0 0 0 0 18 0 0 0 0 0
349 355 77 120 205 197 114 142 105 112 205 7 177 0 26 155 51 140
4677 4678 16 22 105 61 0 90 47 152 173 2 140 0 35 105 100 0
213 367 164 197 115 55 135 21 104 86 160 22 87 198 100 21 184 101
1367 1367 10 40 0 130 0 30 200 170 170 0 0 0 0 0 0 40
5766 5777 48 50 0 155 185 193 140 108 184 108 67 110 164 66 179 166
2953 2963 24 195 0 159 39 57 98 99 115 204 123 75 180 65 31 203
3842 6896 28 175 128 20 73 147 98 12 89 118 30 10 166 146 22 156
5913 5913 142 160 159 97 165 0 101 167 41 203 74 0 173 27 82 120
2634 2646 100 40 6 100 128 74 64 20 8 138 202 0 174 22 54 203
189 214 162 9 86 66 53 108 97 50 29 37 1 175 131 97 73 188
1085 3471 84 188 162 73 164 191 95 27 78 28 64 18 11 43 129 15
5814 5814 0 0 0 0 0 0 0 0 0 0 0 0 0 0 0 0
2555 2556 150 150 120 30 175 60 180 111 0 65 64 71 60 180 40 95
4147 4155 156 135 64 6 125 140 16 6 115 62 92 0 12 5 30 55
2777 6087 136 119 106 174 179 40 3 4 160 135 184 45 171 188 77 27
1303 1303 200 170 0 80 0 180 10 40 40 0 0 0 0 0 0 170
760 775 182 35 75 197 150 188 192 182 42 60 156 0 26 179 172 180
6284 6292 180 165 15 0 153 10 170 120 86 48 114 0 60 76 46 200
223 1498 204 206 0 106 40 164 194 44 155 118 108 142 192 183 20 183
4222 4222 0 0 174 187 0 0 0 0 0 0 159 0 0 0 0 0
2483 2493 68 119 92 80 38 85 156 184 63 104 28 86 138 182 160 17
1086 1105 54 190 117 179 63 207 58 120 69 81 32 40 136 179 32 183
1407 3459 139 93 61 155 204 29 44 102 155 72 12 16 65 76 126 141
2756 2756 70 70 70 70 0 0 140 140 28 168 84 0 0 126 126 0
6921 6924 167 105 16 152 140 0 139 172 0 83 170 70 146 0 160 70
2869 2888 74 200 63 56 112 181 109 34 141 22 157 135 163 184 197 25
2839 4641 99 94 12 162 40 195 95 122 104 3 72 159 79 182 207 135
1813 1813 0 0 0 0 140 0 0 140 0 70 0 0 0 0 140 0
5195 5198 34 160 123 49 165 0 161 179 188 185 185 0 191 90 127 204
2878 2888 184 70 164 79 129 198 38 104 22 102 27 0 174 188 123 90
5362 6754 186 62 8 201 97 50 175 112 184 88 33 2 159 179 116 27
3625 3625 0 0 0 0 0 0 0 0 0 0 0 0 0 0 0 0
5480 5487 194 195 177 174 189 203 82 88 109 166 181 174 182 11 128 40
2011 2038 38 16 90 173 117 32 0 190 72 32 83 0 52 179 166 62
4000 6878 202 193 40 139 192 199 107 63 127 87 151 175 76 42 53 190
5283 5283 84 0 0 84 12 60 154 84 199 0 126 0 84 41 0 160
6641 6649 104 71 188 149 136 138 24 26 18 146 159 189 138 171 25 180
6468 6475 137 170 84 122 0 180 199 52 94 44 14 105 56 126 16 175
463 1427 185 136 162 28 140 12 141 62 131 12 30 72 202 190 108 46
3093 3093 0 0 0 0 140 0 0 140 0 70 0 0 0 0 140 0
2351 2360 208 76 109 76 155 191 153 11 198 5 190 0 161 14 45 100
813 820 44 50 110 194 202 20 174 34 20 96 54 0 84 30 22 90
2898 3037 128 131 111 62 46 171 207 97 173 38 19 97 39 146 41 177
1663 1663 200 170 80 185 18 189 172 40 117 108 129 0 0 123 135 180
4845 4859 142 188 144 115 93 176 30 20 165 22 165 0 200 92 15 76
2333 2346 101 194 88 46 170 153 35 198 22 67 102 0 140 83 171 182
2565 5005 99 37 92 171 79 138 77 72 95 137 67 84 182 83 76 49
383 383 57 105 96 72 0 30 9 192 150 153 180 0 36 90 180 83
2389 2397 156 15 177 186 1 153 154 16 24 125 117 0 147 129 118 3
5142 5145 120 60 0 90 175 150 90 21 30 65 124 71 0 0 100 5
3606 5938 29 16 60 188 8 140 196 157 60 0 85 135 141 48 121 70
3537 3537 70 70 70 175 0 105 140 140 105 0 105 0 0 105 105 0
2496 2502 174 45 89 99 141 6 13 39 115 160 40 0 63 137 114 50
6177 6203 136 70 127 122 17 75 201 75 57 184 139 110 51 135 92 117
3801 6251 114 104 49 108 151 61 68 29 153 149 32 28 176 174 120 37
6508 6508 90 150 150 120 0 60 120 60 150 90 90 0 0 60 0 150
34 45 150 75 190 186 78 120 106 58 119 49 1 28 126 13 121 76
6451 6452 180 90 30 30 10 100 20 120 112 72 156 0 0 104 84 120
808 5355 191 173 99 172 39 111 144 134 154 15 22 117 31 184 204 142
3793 3793 70 70 70 70 0 0 140 140 0 0 0 0 0 0 0 0
1832 1835 113 71 180 23 175 195 151 163 85 95 145 5 90 0 130 76
6736 6744 205 25 171 40 109 87 8 90 191 107 159 0 99 39 175 153
203 3374 125 84 15 89 52 65 175 179 73 86 73 113 109 81 91 180
5027 5027 0 0 0 0 30 150 180 0 0 0 0 0 0 0 0 0
6385 6396 68 20 0 85 140 0 32 68 52 132 183 50 84 16 146 60
4459 4475 198 12 57 131 208 97 23 9 161 137 62 60 161 1 146 82
312 1164 133 29 87 29 11 77 183 51 203 173 7 204 139 34 125 31
1564 1564 180 90 20 30 0 120 30 120 160 180 40 0 0 50 70 20
3252 3262 119 104 143 69 154 203 77 31 144 206 61 167 156 158 105 188
1427 1450 128 132 119 39 137 41 96 97 187 189 39 116 110 62 190 13
289 5871 68 204 50 135 135 43 205 204 18 141 72 162 77 18 101 93
5715 5715 0 0 0 0 0 0 0 0 0 0 0 0 0 0 0 0
4025 4029 83 65 74 98 5 135 91 28 107 109 41 160 114 24 59 16
5185 5198 177 111 64 87 115 105 169 153 127 114 209 173 40 45 147 148
1097 5726 50 7 196 134 125 94 110 131 113 179 105 29 207 120 86 108
6107 6107 102 30 100 192 0 180 24 12 107 102 137 0 126 103 203 100
6568 6579 72 120 3 90 99 68 60 162 124 21 48 60 0 56 53 11
68 76 70 25 144 10 141 190 130 184 108 154 48 84 90 197 128 55
2678 6172 143 80 134 79 46 61 146 123 40 140 197 175 123 186 143 60
4402 4402 150 180 60 60 24 72 106 30 43 144 102 0 0 197 60 190
2118 2129 138 30 16 204 56 68 16 102 50 44 113 34 148 52 52 153
5780 5780 57 105 96 72 0 0 99 192 84 27 12 0 36 168 48 83
6578 6882 30 73 0 103 186 205 10 95 146 196 167 13 70 186 1 2
4707 4707 0 105 98 0 126 0 0 0 70 1 154 0 0 140 36 140
3775 3788 198 190 94 107 188 195 106 198 45 46 55 10 70 122 137 170
89 89 30 120 0 180 140 90 180 24 180 100 26 64 0 0 170 100
573 578 154 190 184 64 114 150 142 14 0 84 30 0 180 60 54 22
1444 1444 0 0 0 0 0 0 0 0 0 0 0 0 0 0 0 0
3682 3685 30 120 180 180 90 75 180 195 183 33 54 0 0 111 96 90
5451 5463 176 206 135 116 151 145 74 46 209 96 0 0 18 20 167 151
1398 4077 62 102 33 58 187 62 14 53 140 195 150 200 124 76 113 66
2645 2645 0 0 0 0 0 0 0 0 0 0 0 0 0 0 0 0
4150 4158 138 45 30 48 140 60 84 78 165 1 107 70 174 189 113 80
6979 6988 80 47 83 179 20 200 89 185 172 111 65 82 91 113 113 61
576 1070 51 171 198 127 74 73 51 21 40 140 105 32 202 117 138 209
3289 3289 0 0 0 0 0 0 0 126 0 0 84 126 0 0 0 0
872 878 138 75 183 183 49 113 120 78 96 176 97 140 114 114 51 202
5958 5975 158 61 125 115 37 41 111 103 168 84 55 60 98 206 89 151
1381 2194 14 40 159 164 139 54 36 188 40 7 64 196 4 2 161 186
561 561 150 180 60 60 66 198 144 30 54 186 18 0 0 156 60 30
1807 1815 206 5 39 11 185 60 88 51 120 109 207 0 84 169 199 30
5704 5723 199 127 22 36 67 126 32 44 8 153 204 98 15 147 136 96
1062 3852 146 55 83 147 37 172 171 205 209 134 161 180 175 80 61 31
4750 4750 0 0 0 0 0 0 0 0 0 0 0 0 0 0 0 0
2357 2372 46 142 203 113 141 115 179 137 59 29 126 70 133 77 195 86
2975 2980 168 105 147 63 54 36 36 168 22 42 63 0 168 173 103 140
31 42 168 63 56 132 206 127 164 49 8 0 10 21 168 19 52 53
1632 1632 144 30 0 24 0 180 64 54 117 0 126 0 84 123 80 50
3739 3749 151 192 105 151 57 53 19 152 109 77 2 0 166 209 152 135
3329 3338 104 158 20 179 22 66 200 23 11 21 7 54 36 147 120 68
2120 6220 199 42 165 140 14 104 103 40 143 49 209 19 188 42 171 155
3811 3811 200 170 80 185 111 204 22 40 30 108 129 0 0 180 45 180
3111 3124 41 169 186 146 113 44 187 4 147 112 74 168 88 23 10 33
1236 1250 20 119 122 131 67 66 110 67 194 112 24 35 148 164 90 85
2727 3052 31 179 161 75 41 16 62 1 173 181 178 170 53 61 92 183
561 561 20 80 50 50 75 15 10 130 182 162 36 0 0 129 84 60
2439 2448 50 105 47 170 63 21 178 10 74 62 26 0 50 106 195 82
1101 1102 125 206 126 50 0 165 85 130 25 63 0 0 126 0 0 24
521 585 38 147 189 108 172 139 80 117 124 111 7 147 28 78 107 130
3014 3014 0 0 0 0 1 145 20 0 91 0 0 0 0 119 0 0
1809 1821 57 81 48 125 176 108 155 143 81 34 195 126 0 108 167 108
2595 2611 18 122 63 123 98 90 33 158 114 78 77 24 103 202 95 88
79 959 200 155 184 158 113 189 201 149 152 142 127 85 61 149 76 140
5534 5534 126 0 0 126 0 0 46 126 148 0 84 0 126 2 0 100
6739 6741 0 0 0 0 175 35 70 140 35 70 0 0 0 175 140 0
1779 1783 184 208 190 94 5 90 38 139 130 25 150 0 60 0 200 138
3466 5091 199 44 4 173 116 186 124 111 95 147 147 132 162 126 32 91
2214 2214 83 105 58 68 0 0 97 88 168 127 72 0 20 126 176 0
5102 5114 104 92 141 44 197 106 98 46 93 10 56 196 138 160 3 195
5311 5318 22 46 127 97 39 137 166 185 166 204 120 0 189 120 46 40
115 6293 147 96 101 107 129 58 67 193 45 93 87 108 41 159 79 121
5605 5605 204 18 168 174 70 150 48 178 95 98 0 0 0 157 27 130
535 540 196 207 22 1 0 150 152 56 46 107 91 0 160 164 134 32
3848 3864 209 133 26 99 190 145 154 33 50 65 116 60 35 70 65 50
1900 4566 94 37 106 144 26 0 203 159 193 56 191 173 184 88 22 94
3070 3070 168 105 105 63 189 83 22 168 103 0 147 0 168 17 53 90
6337 6345 62 62 90 161 205 205 30 13 146 51 75 165 24 191 201 155
2165 2176 68 77 170 117 135 150 126 79 37 34 61 36 156 3 33 62
2920 3241 95 177 81 199 64 56 13 102 119 92 199 83 193 119 14 170
3313 3313 0 0 0 0 0 0 0 0 0 0 0 0 0 0 0 0
3287 3292 5 80 120 195 0 165 175 22 205 195 63 42 90 120 120 185
3329 3352 2 97 193 167 209 150 57 168 207 79 49 54 187 197 81 28
2450 4514 77 180 62 154 84 189 123 155 16 99 190 200 12 100 17 163
3440 3440 0 0 0 0 0 0 0 0 140 0 0 0 0 70 140 70
6235 6243 146 95 14 26 35 200 55 151 10 143 55 0 167 118 147 170
3349 3361 78 135 206 18 15 180 106 3 116 202 106 0 144 184 129 22
1247 4481 188 55 172 206 200 140 31 44 50 103 132 200 56 161 93 71
3257 3257 80 110 50 200 40 195 160 157 122 47 4 107 0 129 4 155
2322 2333 7 51 118 37 93 54 59 125 97 36 118 105 178 167 169 144
4176 4178 12 90 156 177 138 99 64 162 153 198 177 0 42 57 9 120
589 5215 85 66 55 154 205 143 7 185 94 27 181 203 82 104 176 27
4407 4407 184 148 0 124 0 90 68 104 20 0 0 0 0 0 0 148
439 450 205 40 90 170 78 69 7 5 98 65 170 75 90 193 24 195
6307 6311 178 100 160 58 35 110 84 53 141 21 143 0 102 161 161 140
3683 4610 53 61 176 147 99 122 23 59 195 148 189 36 195 188 95 119
5776 5776 60 30 0 150 0 180 150 180 100 0 0 0 0 110 10 170
6302 6317 185 159 144 62 148 61 139 175 136 106 22 108 2 176 135 90
6044 6050 50 95 119 102 171 45 90 10 200 138 3 0 0 10 126 190
5740 6024 160 106 104 34 131 89 56 204 126 79 115 98 28 125 98 206
1310 1310 126 0 0 126 0 0 146 126 68 0 84 0 126 52 0 80
5834 5843 76 12 38 31 19 33 204 117 100 155 87 0 136 38 143 110
1428 1446 194 190 164 14 109 37 198 194 95 152 124 162 100 139 40 40
109 311 20 149 68 142 24 16 148 4 108 43 7 89 150 53 44 205
3561 3561 0 0 0 0 0 0 0 0 0 0 0 0 0 0 0 0
3818 3821 138 120 198 18 0 90 36 78 162 10 192 0 24 48 8 12
5397 5402 114 36 188 31 175 195 54 97 139 78 19 168 84 140 190 71
422 5323 66 175 94 190 72 118 46 90 41 171 110 71 201 179 8 180
3853 3853 96 132 0 156 175 120 72 37 198 47 0 0 0 0 40 0
6563 6577 45 75 145 195 52 162 81 135 106 123 209 0 0 134 43 95
660 685 7 63 54 127 54 109 21 78 37 43 75 43 150 5 116 109
5466 6928 150 35 73 37 161 115 12 128 163 10 69 145 182 22 126 22
768 768 167 105 16 152 0 0 139 172 0 43 30 0 146 0 50 0
1848 1852 195 15 86 180 70 90 135 120 103 51 143 50 60 77 37 100
846 852 66 180 54 81 84 81 184 156 44 138 33 0 126 136 68 10
930 4100 55 69 66 85 178 89 133 167 126 93 110 14 70 104 189 169
5303 5303 28 196 80 133 18 189 98 98 67 108 129 0 0 33 45 206
2875 2888 170 80 178 95 151 10 140 160 65 204 207 0 30 100 165 104
2586 2597 90 45 71 15 149 154 2 155 138 119 55 0 0 156 162 50
521 3719 154 8 15 51 117 57 39 56 201 176 85 95 98 27 100 82
2122 2122 0 0 14 0 0 0 0 0 112 28 112 0 0 98 168 140
4322 4333 180 75 10 160 51 18 118 72 50 172 89 72 30 28 7 160
2458 2479 40 87 114 104 4 122 99 173 16 64 31 28 41 127 143 87
5278 6832 135 129 84 64 9 206 85 202 122 97 129 90 183 179 116 170
193 193 200 170 80 185 18 159 52 40 177 108 129 0 0 33 45 180
4049 4049 30 120 0 180 175 90 180 171 180 65 124 71 0 0 100 65
85 92 134 178 20 149 30 0 208 154 140 80 45 150 160 90 190 118
146 4255 24 55 183 188 90 107 108 205 176 8 183 14 140 173 165 16
4111 4111 0 0 0 0 0 30 120 0 150 0 0 0 0 90 90 0
1052 1062 22 4 106 97 141 44 84 74 188 34 29 0 112 95 193 90
2314 2334 82 184 126 82 173 24 168 185 56 122 21 175 204 43 50 112
645 4659 110 60 111 13 25 84 182 151 128 91 193 21 168 23 112 146
6108 6108 0 0 0 0 0 0 0 0 0 0 0 0 0 0 0 0
5442 5456 68 164 29 93 195 141 187 94 49 48 174 105 27 127 179 187
4942 4951 20 80 98 50 65 189 52 102 68 112 84 0 0 198 182 96
5364 6511 130 119 63 175 163 16 2 161 159 97 172 121 138 108 31 158
130 130 69 195 126 144 138 204 83 144 132 141 42 0 78 78 120 203
5771 5776 124 30 166 124 43 139 190 134 164 62 208 0 22 196 53 100
2723 2753 104 159 52 99 113 26 86 46 154 88 17 152 196 154 143 122
332 337 201 105 118 171 162 91 145 36 133 21 191 0 138 77 85 29
5562 5562 142 160 117 97 165 0 101 167 125 119 158 0 173 153 208 120
6236 6250 34 115 31 57 36 108 32 92 111 138 15 78 0 39 159 90
2772 2788 154 122 115 94 13 69 137 20 103 24 98 105 43 207 113 155
77 234 26 122 85 144 19 170 173 201 122 25 79 34 104 147 130 106
5391 5391 142 160 159 97 81 72 137 167 107 203 74 0 173 201 4 120
1989 2002 202 43 90 183 195 180 125 116 20 68 176 126 89 12 10 36
4385 4412 12 14 156 147 137 123 54 77 137 205 91 75 190 77 197 57
363 3547 161 149 139 75 206 137 110 10 191 130 92 59 204 117 178 112
3121 3121 20 80 50 50 90 60 190 130 150 120 120 0 0 60 120 60
2438 2447 195 180 83 51 142 82 153 60 192 73 130 0 12 36 90 204
4540 4542 12 90 6 72 0 120 114 162 90 138 180 0 126 120 0 48
3080 5258 53 121 112 37 89 191 63 100 189 40 121 63 122 92 158 62
567 567 0 0 0 0 0 0 0 0 0 0 0 0 0 0 0 0
1794 1809 105 140 194 80 33 159 47 150 97 30 150 150 140 94 125 159
4149 4159 115 0 50 160 0 100 193 170 122 144 99 0 10 202 31 83
1259 1264 30 90 174 127 0 120 90 90 160 180 174 0 60 50 175 125
240 240 27 195 138 102 0 120 129 102 132 153 180 0 36 78 78 173
5085 5093 22 118 178 127 60 72 138 101 78 69 129 0 150 54 171 124
3971 3995 124 169 18 11 126 64 78 97 51 49 159 57 202 195 160 142
317 383 104 140 72 56 99 114 164 150 104 4 187 26 88 63 16 3
826 826 0 0 42 0 0 0 0 0 126 84 126 0 0 84 84 0
3650 3656 72 120 24 24 93 134 124 157 146 17 198 0 42 16 178 30
1692 1714 16 90 188 88 9 150 119 122 149 135 124 71 142 151 27 11
4699 4735 93 36 178 108 136 102 21 54 19 128 209 0 78 59 17 205
1634 1634 96 132 0 156 175 120 72 37 198 47 0 0 0 0 40 0
2527 2536 110 62 49 163 70 120 104 191 139 47 21 0 126 152 197 105
4296 4308 136 40 138 34 70 64 156 86 180 34 118 0 42 30 34 135
3093 3780 54 190 123 189 18 25 60 4 125 39 136 156 15 162 110 174
3860 3860 57 105 96 72 0 0 99 192 0 153 180 0 36 0 90 83
6524 6526 108 60 196 108 0 150 176 198 46 174 11 0 114 164 89 142
4415 4419 183 0 21 93 159 147 11 108 56 57 21 0 162 154 125 183
552 6866 177 168 169 178 19 95 180 34 180 43 149 176 112 208 199 29
4896 4896 120 60 84 90 0 150 90 150 109 0 0 0 0 101 181 200
5568 5574 68 20 74 128 72 201 166 73 44 189 144 0 168 117 0 180
345 367 128 58 96 179 52 79 36 48 138 204 192 71 110 88 28 136
1349 1546 144 142 40 0 182 170 43 47 118 199 36 184 76 6 190 138
1636 1636 0 0 0 0 105 105 0 0 0 0 0 0 0 105 0 0
6749 6755 102 30 24 192 193 103 204 12 141 108 24 0 168 129 80 52
5610 5616 48 0 198 138 0 40 166 18 207 176 72 0 174 183 58 0
555 1194 132 33 47 37 118 115 26 188 105 130 8 178 59 140 162 48
3040 3040 180 90 42 30 0 120 30 120 202 0 0 0 0 8 58 20
4274 4276 144 30 150 24 116 68 158 54 128 150 66 0 84 124 108 180
2388 2392 200 107 208 5 125 0 4 120 111 110 55 0 196 117 22 107
1440 1445 80 110 80 200 175 10 30 145 105 165 150 0 0 195 125 130
2649 2649 120 60 168 90 0 150 90 150 53 0 0 0 0 157 167 130
438 445 110 205 30 110 0 180 130 196 190 205 164 96 190 10 190 140
87 101 61 34 91 206 114 151 191 89 141 34 200 133 84 172 44 89
165 347 39 163 90 196 201 99 0 182 170 75 5 67 106 87 172 73
1275 1275 78 60 132 48 36 108 1 3 144 132 174 0 126 66 90 150
716 720 144 30 186 24 84 138 148 54 19 36 204 0 84 11 60 190
5087 5099 126 156 130 27 67 191 30 165 13 183 173 71 130 119 77 5
1559 2258 124 52 74 16 80 198 33 75 69 59 135 171 113 137 89 160
1379 1379 84 0 0 84 61 25 84 84 38 0 126 0 84 202 0 160
6966 6967 112 154 105 7 105 0 119 77 35 35 140 0 35 105 70 84
3070 3099 50 169 42 124 50 158 76 14 184 129 171 92 88 120 165 170
1345 2826 6 189 95 107 2 142 89 97 43 57 129 132 156 81 159 38
4470 4470 44 110 173 59 60 15 67 139 149 183 84 0 81 138 18 30
6289 6300 0 68 94 84 96 194 197 33 206 193 77 84 175 57 177 65
6346 6350 114 120 134 54 0 90 94 174 74 114 58 0 84 166 28 0
67 507 200 163 79 67 164 113 67 196 9 195 175 164 203 23 48 148
2579 2579 0 0 0 0 1 145 20 0 91 0 0 0 0 119 0 0
545 545 130 205 115 10 165 116 48 110 193 66 108 0 0 107 98 180
5292 5300 10 205 112 85 15 196 162 170 173 115 87 0 48 77 98 46
197 1305 73 24 184 61 182 1 194 147 96 6 93 2 39 4 64 114
5840 5840 0 0 84 0 0 0 0 0 14 0 0 0 0 196 56 70
448 459 20 127 59 65 59 24 127 175 78 125 58 70 75 47 140 207
5035 5059 111 175 49 96 25 59 105 46 204 137 70 0 20 151 172 3
887 1321 185 153 111 154 102 159 63 157 53 181 189 117 124 128 30 15
366 366 0 0 0 0 1 145 20 0 91 0 0 0 0 119 0 0
1377 1389 102 0 100 183 30 51 80 12 90 190 52 0 18 86 162 93
6440 6452 181 85 168 76 19 139 107 116 97 43 154 0 144 28 6 16
3885 4175 18 79 78 204 9 190 74 119 162 150 177 148 42 170 182 141
4164 4164 0 0 0 0 0 0 0 0 0 0 0 0 0 0 0 0
6592 6596 36 60 90 6 3 153 170 66 186 6 132 0 126 129 90 150
577 594 20 20 155 172 47 118 183 165 1 139 134 70 29 18 90 140
549 3342 16 167 68 39 19 192 67 19 175 70 42 151 64 125 104 56
4085 4085 0 0 0 0 0 0 0 0 0 0 0 0 0 0 0 0
1252 1266 64 133 170 189 60 90 148 194 129 34 57 150 40 158 133 28
4826 4856 152 14 3 20 40 159 205 39 83 171 65 53 159 91 20 15
1273 1720 110 146 29 9 191 17 23 153 37 76 169 85 40 54 139 82
4662 4662 100 160 144 137 60 0 80 20 20 140 149 0 110 90 40 120
1878 1887 131 132 156 196 190 195 79 106 130 161 158 140 2 203 8 181
1296 1313 39 163 124 174 163 72 124 183 125 63 95 0 55 27 149 30
155 471 71 171 15 32 180 54 170 170 72 58 140 106 72 194 105 143
868 868 70 70 70 70 0 0 140 140 70 0 0 0 0 0 0 0
5003 5011 137 185 170 32 120 46 25 82 114 111 36 0 12 156 43 100
6690 6702 209 1 87 149 49 147 22 182 187 159 175 105 117 109 59 20
1146 2477 104 188 1 142 152 68 94 191 13 144 67 148 107 12 180 107
3252 3252 0 0 0 0 0 0 0 0 42 42 126 0 0 84 84 0
5318 5321 0 0 60 120 0 0 0 0 0 0 120 0 0 0 0 0
3307 3318 174 15 140 174 199 58 43 109 66 191 19 0 39 57 189 140
780 952 136 119 17 126 12 101 32 156 113 162 21 200 171 128 133 85
5395 5395 0 0 0 0 0 0 0 0 0 0 0 0 0 0 0 0
5582 5583 142 160 159 97 207 84 93 167 123 203 74 0 173 65 166 130
3407 3411 48 150 0 78 74 92 94 18 196 84 84 0 168 194 170 10
1029 6331 168 193 196 198 46 147 1 159 165 185 129 77 134 166 78 194
2589 2589 0 0 0 0 0 0 0 0 0 0 0 0 0 0 0 0
5336 5337 20 80 146 123 75 15 10 130 182 162 207 0 0 129 84 60
1916 1928 80 158 50 205 69 171 138 79 85 201 15 0 132 101 168 106
842 4750 81 205 14 1 46 101 77 87 27 170 133 164 137 137 126 207
2558 2558 84 0 0 84 1 145 104 84 133 0 126 0 84 77 0 0
88 103 129 55 48 54 134 181 102 84 7 178 65 20 204 2 77 140
4294 4310 110 34 193 152 73 63 185 105 52 103 49 175 61 188 9 64
1672 2366 23 180 133 60 93 135 142 74 97 1 161 152 14 83 187 144
3443 3443 0 0 0 0 140 140 70 0 140 0 0 0 0 70 0 0
5486 5495 106 205 174 196 108 39 177 161 21 77 47 0 47 167 109 100
5078 5099 58 118 95 139 129 201 101 143 192 167 122 15 77 186 166 79
78 908 112 136 199 43 16 22 94 102 106 71 78 46 67 10 3 139
3794 3794 120 60 90 90 120 150 50 150 60 90 90 0 0 150 90 150
5789 5796 45 180 165 165 111 147 81 30 183 207 81 0 0 183 51 45
573 593 38 188 178 81 142 20 176 72 159 198 209 0 110 131 33 120
2145 2691 119 9 18 57 153 207 88 100 166 114 88 195 121 196 151 170
5544 5544 200 170 80 185 18 159 52 40 177 108 129 0 0 33 45 180
2374 2375 76 34 30 136 156 48 27 11 194 6 84 0 24 36 30 184
6168 6180 9 105 174 81 10 75 17 66 108 113 79 92 30 162 82 110
613 665 90 147 112 5 103 160 114 36 101 111 187 109 138 209 78 207
1979 1979 0 0 0 0 0 0 0 0 0 0 0 0 0 0 0 0
5755 5762 43 165 184 95 144 32 13 38 128 185 127 0 196 202 142 35
318 330 124 166 173 116 183 30 79 197 26 119 203 0 209 92 202 50
729 4000 92 149 192 99 15 171 2 148 66 139 53 109 206 125 181 166
2280 2280 0 105 105 70 189 83 94 0 184 0 0 0 0 116 53 0
6284 6292 178 25 85 178 158 31 166 128 63 96 150 0 198 135 8 130
1412 1433 154 43 8 167 27 47 179 38 208 180 142 24 3 150 174 58
522 1221 181 132 91 65 127 99 52 20 101 194 112 56 172 37 29 14
3251 3251 142 160 159 97 165 0 101 167 41 203 74 0 173 27 82 120
6330 6330 0 0 42 0 0 0 0 0 126 84 126 0 0 84 84 0
4210 4236 47 147 23 89 33 9 36 100 146 15 115 162 15 25 57 20
5180 6383 181 145 59 108 44 27 178 51 179 62 175 21 170 149 112 179
1487 1487 0 0 0 0 0 0 0 0 0 0 0 0 0 0 0 0
4735 4738 198 120 54 138 72 66 46 48 7 12 138 0 168 53 31 20
2854 2883 23 10 145 112 198 0 130 97 190 135 36 84 81 64 190 14
1147 3747 104 37 3 187 190 162 198 149 45 15 34 12 55 170 144 203
5402 5402 30 120 56 180 175 90 180 171 208 27 152 71 0 182 202 205
1027 1041 15 33 21 130 57 34 99 189 142 107 104 99 200 176 177 173
6180 6207 152 137 64 18 72 63 40 187 128 204 144 30 94 184 149 13
6220 6757 207 114 123 143 5 44 56 15 158 13 27 185 77 15 3 39
6261 6261 42 84 0 42 0 0 84 84 126 84 0 0 0 0 0 0
2183 2198 105 15 165 155 5 90 119 150 166 169 107 70 180 161 173 75
5218 5227 106 0 98 16 14 122 2 42 200 50 194 106 106 190 106 10
5103 5595 92 7 132 185 91 101 139 78 199 205 206 86 16 175 157 65
1579 1579 95 185 110 200 75 15 85 40 182 87 96 0 180 129 114 60
5554 5563 19 82 44 34 70 115 43 92 40 171 54 42 174 134 114 65
30 51 123 42 15 132 60 199 161 166 149 33 119 98 200 201 185 76
2200 2835 12 162 117 128 171 33 152 162 91 55 26 122 19 137 128 121
5333 5333 74 128 80 59 53 159 10 33 9 31 129 0 0 33 185 180
1743 1755 83 191 132 26 113 54 134 193 41 105 149 140 139 206 133 66
5154 5166 39 40 189 52 150 135 4 147 0 207 116 165 99 209 61 204
474 1429 3 76 35 58 133 192 50 14 153 4 153 106 46 166 30 76
334 334 96 132 0 156 175 120 2 37 128 47 0 0 0 70 40 140
6764 6770 138 195 195 93 39 197 174 78 142 114 114 0 168 98 190 190
1064 1087 125 5 166 86 69 98 193 150 148 200 26 40 162 131 40 168
680 4584 159 61 204 93 44 154 7 150 184 87 205 170 136 78 64 94
3050 3050 20 80 50 50 75 15 10 130 182 162 36 0 0 129 84 60
3875 3877 17 135 16 92 108 90 139 112 108 103 30 0 146 42 110 0
5007 5009 20 80 50 50 75 141 178 130 35 78 204 0 0 66 147 60
1091 1770 58 169 71 95 68 60 105 19 75 172 99 208 159 24 204 86
3786 3786 0 0 126 0 1 145 20 0 49 42 168 0 0 161 42 0
34 41 90 150 18 24 171 190 20 53 61 115 180 63 0 74 170 195
2003 2009 156 57 140 117 149 30 192 195 103 80 99 178 0 56 80 90
441 1209 141 9 93 122 196 21 104 133 23 121 135 29 209 133 132 135
806 806 0 0 0 0 0 0 0 0 0 0 0 0 0 0 0 0
1151 1153 204 60 48 174 204 192 85 129 144 174 48 0 84 66 132 150
3455 3468 187 101 129 97 190 6 120 176 160 21 24 49 13 190 11 81
1329 6896 187 149 66 157 33 177 154 18 19 195 194 64 157 199 28 88
3980 3980 96 132 0 156 175 120 72 37 198 47 0 0 0 0 40 0
5814 5829 185 209 152 26 146 108 65 30 74 73 180 0 96 186 116 114
2549 2561 108 170 115 78 123 129 15 165 54 113 147 207 97 120 139 37
235 1639 34 136 105 81 195 91 192 159 139 121 37 41 142 43 14 202
304 304 158 191 0 38 0 75 136 208 115 0 0 0 0 120 30 191
1333 1338 20 185 63 190 105 165 85 47 130 135 29 10 105 21 156 51
6215 6231 72 148 1 69 34 186 189 154 55 12 66 57 161 91 38 38
554 1025 121 161 177 153 47 90 111 56 172 69 15 208 209 40 92 192
3345 3345 150 180 60 165 66 93 144 30 159 186 123 0 0 51 165 30
1064 1078 144 162 183 81 203 40 128 139 208 8 165 84 138 134 202 24
5306 5310 194 60 82 14 36 108 173 169 165 10 75 0 74 45 59 125
356 2812 100 42 203 155 104 163 79 157 189 100 100 164 1 153 9 180
2545 2545 0 0 0 0 168 84 42 0 42 168 84 0 0 168 0 0
5656 5665 198 120 26 138 72 54 118 174 188 194 40 126 84 142 128 12
3156 3187 10 176 89 66 58 81 154 27 43 150 185 21 83 25 199 65
254 2877 38 207 57 129 136 23 129 164 190 32 33 61 38 187 115 102
2070 2070 142 160 159 97 165 0 101 167 41 203 74 0 173 27 82 120
680 694 18 30 135 138 64 79 69 3 28 123 193 90 185 66 101 100
1678 1695 6 37 7 178 10 37 12 55 129 117 115 144 62 169 128 82
2224 3635 207 27 71 82 58 114 190 151 129 94 53 43 161 142 26 20
3107 3107 0 0 0 0 0 0 0 0 0 0 0 0 0 0 0 0
6057 6061 27 70 85 57 60 90 66 162 179 150 152 15 133 69 204 150
5976 5990 84 114 64 124 88 85 208 105 172 93 14 189 186 14 39 75
2717 6595 57 9 81 128 100 145 10 82 27 57 110 203 87 188 140 63
5467 5467 70 105 35 175 189 83 24 140 184 140 105 0 70 116 123 0
3226 3234 66 0 176 6 42 168 14 156 112 6 106 0 24 98 118 0
1952 1955 0 21 118 0 54 27 144 0 169 174 90 0 42 66 132 41
4941 4959 70 116 164 130 86 189 132 37 67 11 192 165 146 89 124 32
1700 1700 0 0 0 0 0 0 0 0 0 0 0 0 0 0 0 0
885 885 150 180 0 60 0 30 60 60 60 150 0 0 0 0 150 0
293 303 60 207 78 152 70 45 78 180 120 164 106 140 108 45 136 137
476 1789 75 133 12 162 165 116 107 26 197 39 33 120 92 35 58 50
3423 3423 0 0 0 0 168 196 98 0 98 0 0 0 0 112 196 0
5458 5467 116 98 170 26 156 63 204 52 159 30 102 165 12 165 159 51
2529 2547 129 180 119 94 97 91 120 102 10 126 159 63 9 198 45 156
5456 6362 115 77 48 77 181 9 95 126 137 200 191 134 24 38 12 14
5760 5760 90 150 126 120 0 60 120 60 171 0 0 0 0 39 99 150
6341 6348 101 44 184 98 90 105 169 58 42 75 23 105 144 157 137 180
129 144 119 17 74 80 124 84 53 98 150 91 83 84 148 88 74 55
501 1179 175 131 108 140 131 177 188 14 80 116 208 21 194 59 132 161
6702 6702 42 0 0 42 0 0 42 42 126 0 168 0 42 84 0 0
4230 4243 22 71 44 13 96 117 66 122 58 106 171 0 154 77 9 106
4706 4724 63 147 160 183 149 89 56 176 145 30 50 78 147 11 194 171
833 946 196 25 106 62 106 145 59 85 96 81 209 154 97 200 37 202
4990 4990 0 0 0 0 0 0 120 0 135 0 0 0 0 165 0 60
4240 4248 160 70 170 180 9 150 40 95 59 135 0 0 60 141 165 110
2741 2766 104 184 71 99 185 165 30 66 195 41 206 0 0 29 70 128
1604 4009 131 117 108 26 171 105 108 94 59 3 110 20 49 95 123 54
5826 5826 156 120 0 96 49 132 82 87 96 149 40 71 126 84 100 65
5105 5106 180 90 204 112 12 141 78 120 153 72 0 0 0 57 135 120
224 237 60 30 104 185 162 201 138 159 30 109 69 84 70 145 148 130
214 4053 85 60 37 138 187 122 93 119 169 58 161 138 167 15 112 69
437 437 0 105 98 0 70 0 0 70 154 141 154 0 0 56 106 140
6369 6379 108 40 182 163 21 70 134 114 148 92 209 196 140 32 43 160
12 40 46 181 138 82 105 197 132 187 16 140 71 0 47 79 77 122
2325 6393 21 58 68 71 180 125 119 100 16 120 172 189 199 163 138 187
1797 1797 180 90 0 30 0 120 30 30 30 180 0 0 0 0 180 0
1065 1072 51 165 198 36 84 198 171 6 174 189 195 0 78 126 108 144
4824 4827 20 120 156 110 175 90 100 1 208 67 122 71 200 182 102 205
475 1379 150 106 69 124 44 134 74 27 147 173 125 36 98 116 162 6
5649 5649 0 0 0 105 84 147 126 0 21 84 147 0 0 189 105 0
5548 5549 60 30 184 150 0 180 150 180 107 144 137 0 0 103 203 100
6286 6309 51 1 1 193 178 190 54 136 91 149 6 70 149 209 150 156
705 884 5 171 184 176 41 80 88 64 88 198 136 172 18 66 93 66
2475 2475 64 0 110 184 0 0 174 164 157 20 96 0 64 83 160 160
4845 4845 36 60 6 6 36 108 127 171 144 174 174 0 0 66 90 38
3553 3558 174 33 83 189 156 206 64 138 3 170 35 0 2 35 57 120
81 5541 4 21 113 107 189 86 44 199 192 142 187 65 127 172 202 159
929 929 0 0 0 0 168 84 42 0 42 168 84 0 0 168 0 0
5970 5970 144 30 150 24 60 180 44 54 187 150 66 0 84 53 150 130
1247 1259 106 157 34 96 160 175 2 206 92 128 194 60 170 107 157 197
4074 6049 20 73 76 198 49 24 129 163 81 55 208 200 122 179 44 173
1090 1090 44 71 60 194 24 27 18 34 121 144 186 0 126 114 60 131
2657 2671 140 71 62 170 0 60 2 0 70 141 138 70 78 48 128 36
3042 3048 136 19 88 145 95 148 42 60 158 122 141 0 84 203 136 21
4986 5456 54 81 128 133 139 143 25 187 185 189 141 16 109 118 139 133
6250 6250 0 0 0 0 0 0 0 0 0 0 0 0 0 0 0 0
2416 2424 8 44 170 98 119 207 96 180 92 28 36 0 96 99 110 150
3068 3079 50 29 75 95 189 135 12 52 54 24 107 0 18 102 55 190
2103 3091 114 125 202 99 131 165 135 122 49 208 120 173 190 99 165 13
5667 5667 200 170 80 185 158 89 122 40 107 108 129 0 0 103 45 180
1700 1705 200 50 104 182 205 30 100 67 140 185 202 47 90 150 100 35
4113 4133 62 67 84 155 2 182 36 23 102 142 183 120 40 93 95 200
3876 6597 28 36 157 2 8 65 154 103 129 134 158 132 89 154 52 49
1482 1482 0 0 0 0 0 0 0 0 0 180 0 0 0 0 180 0
5939 5939 0 0 0 0 70 70 140 0 70 0 0 0 0 140 0 0
5634 5664 51 96 180 141 3 48 55 146 142 45 156 98 34 181 179 74
1540 4101 31 70 114 29 178 25 74 40 92 108 155 109 17 172 208 61
1399 1399 0 105 0 0 0 105 0 0 105 0 0 0 0 0 0 105
2957 2964 66 0 18 6 180 80 138 156 160 168 186 0 150 140 68 48
1963 1989 50 52 170 26 36 17 62 201 194 177 5 0 184 106 3 145
2434 4116 56 42 35 152 19 64 198 51 106 187 93 196 144 119 178 179
5456 5456 0 0 0 0 0 0 0 0 35 0 0 0 0 175 35 70
1011 1020 180 8 0 186 130 145 200 120 82 1 138 0 108 124 144 163
1059 1075 166 19 152 106 76 118 206 101 1 167 15 168 128 49 98 104
3608 4426 193 90 205 22 33 141 26 146 12 201 188 47 11 57 174 52
3742 3742 168 0 0 168 1 145 158 168 115 0 42 0 168 125 0 90
3247 3257 142 1 175 61 23 149 192 198 89 58 67 26 84 161 58 206
1582 1597 85 199 170 150 12 197 171 153 192 152 179 168 90 24 123 144
666 4222 56 11 89 160 43 177 19 78 53 149 13 70 49 178 112 158
2318 2318 0 0 0 0 0 0 0 0 0 0 0 0 0 0 0 0
2544 2554 88 100 61 73 122 73 83 197 29 143 70 104 147 83 73 20
6501 6517 19 92 92 34 188 33 98 35 61 142 31 70 95 145 91 0
417 2594 49 209 43 102 186 123 139 41 69 100 59 48 171 30 28 38
4519 4519 188 101 0 8 0 165 106 88 25 0 0 0 0 0 0 101
5038 5043 6 150 6 13 60 186 204 186 57 0 33 0 126 63 39 150
248 266 62 128 137 182 53 207 154 193 35 83 197 157 122 62 32 58
1039 2517 155 39 150 12 88 90 19 39 39 153 52 165 145 37 102 37
6892 6892 0 0 126 0 0 0 0 0 63 126 63 0 0 147 147 0
239 246 94 208 172 109 162 51 184 38 49 72 81 0 42 129 177 150
874 879 60 150 126 60 0 60 90 180 3 36 3 0 180 207 177 110
646 4988 120 125 6 75 116 188 196 19 31 9 73 204 201 8 78 173
4390 4390 188 110 114 98 150 150 94 88 117 112 136 0 142 25 85 10
2171 2180 0 30 108 7 147 81 36 0 194 126 9 0 66 76 141 208
3052 3066 15 111 149 75 50 95 198 183 110 152 164 150 177 134 114 45
1263 1314 51 51 108 170 156 68 40 9 141 67 145 71 79 122 194 60
1733 1733 18 156 0 108 35 180 66 127 24 151 124 71 0 0 200 65
1152 1156 92 200 62 62 147 63 96 52 8 132 174 0 42 65 40 80
5767 5774 106 42 168 202 105 0 92 15 56 13 112 148 190 112 202 156
2018 5896 7 4 34 49 200 192 150 133 12 190 40 149 177 149 171 16
5210 5210 0 0 168 0 0 0 0 0 84 126 84 0 0 126 126 0
430 432 15 105 96 30 168 126 175 150 152 153 12 0 204 178 181 23
5183 5209 147 22 196 165 47 148 191 184 117 26 74 6 30 131 56 197
3915 4753 185 19 124 209 202 6 65 95 183 130 119 5 123 123 128 179
1117 1117 200 170 80 185 18 159 52 40 177 108 129 0 0 33 45 180
678 682 202 154 16 142 195 30 194 137 88 207 198 105 130 142 92 129
1665 1665 10 40 160 130 85 30 200 41 30 155 4 71 0 150 190 5
5638 5761 30 195 132 185 91 12 178 89 164 148 30 110 196 121 27 90
144 144 180 90 84 30 0 120 30 120 34 0 0 0 0 176 16 20
2137 2150 105 148 110 15 36 185 76 84 122 49 138 0 5 205 28 10
6574 6594 64 130 11 124 120 95 76 175 189 171 131 71 168 20 81 154
245 418 188 183 101 168 5 92 161 131 56 122 131 46 202 194 61 185
2367 2367 20 80 50 50 75 15 10 130 182 162 36 0 0 129 84 60
6478 6485 78 165 87 48 123 192 194 18 101 162 108 0 168 99 9 0
147 148 0 0 0 0 175 175 140 0 175 0 0 0 0 35 0 0
4345 4914 107 179 179 24 175 134 174 179 81 48 191 86 77 19 131 78
5237 5237 150 180 0 60 105 30 60 165 60 45 0 0 0 0 150 0
3754 3764 102 60 91 12 47 74 186 12 48 3 35 0 66 173 44 64
6970 6994 196 106 176 64 34 80 128 72 142 24 157 135 166 36 160 9
3997 4371 164 136 52 209 60 9 51 176 179 2 28 74 113 168 167 128
3305 3305 30 120 0 180 175 90 180 171 180 65 124 71 0 0 100 65
2100 2112 113 170 2 78 20 105 196 69 150 96 176 36 199 88 188 1
6033 6061 18 95 42 45 103 110 126 18 122 207 28 100 20 91 94 145
1105 1875 78 174 110 73 117 188 144 193 189 40 129 53 52 142 48 168
6713 6713 0 0 0 0 141 145 20 0 91 70 140 70 0 119 140 70
597 598 0 0 0 0 140 0 0 140 0 70 0 0 0 0 140 0
1419 1435 192 108 83 15 33 138 125 3 134 25 27 108 33 140 41 152
708 1947 21 128 97 73 142 205 124 114 198 58 109 92 132 177 165 80
2730 2730 200 170 10 185 18 159 52 40 37 178 199 0 0 173 45 110
4249 4263 144 160 120 204 61 91 21 103 52 125 21 154 207 74 1 205
1720 1721 57 105 138 128 70 0 99 24 0 83 40 182 36 0 160 13
280 2540 11 48 33 168 8 24 166 80 18 11 184 97 118 2 72 74
3120 3120 120 60 168 90 0 150 90 150 53 0 0 0 0 157 167 130
3766 3766 195 15 147 45 45 0 138 165 99 90 36 0 3 183 78 173
6627 6633 108 96 0 18 175 30 186 199 108 47 0 0 0 0 40 174
101 4255 46 130 106 158 40 77 129 163 203 118 81 165 93 112 186 203
590 590 0 0 174 187 0 0 0 0 0 0 159 0 0 0 0 0
163 163 188 101 0 8 80 5 26 88 165 0 0 0 0 70 0 101
4020 4039 79 160 107 9 108 204 164 71 183 10 184 150 49 162 104 171
91 164 8 48 42 165 134 26 187 38 177 117 186 153 133 24 73 141
5516 5516 30 120 18 180 0 90 180 90 113 120 120 0 0 97 167 190
5428 5440 75 91 81 45 160 100 134 96 161 119 208 71 19 129 102 181
1367 1381 165 5 158 113 81 0 161 144 4 21 11 124 22 36 84 110
2978 5198 81 51 112 111 183 81 206 189 108 97 177 11 71 201 79 174
2838 2838 140 140 0 140 0 0 70 70 70 70 70 0 70 0 140 0
4749 4754 44 20 8 164 138 120 124 34 65 54 78 0 144 175 40 150
2823 2829 177 162 186 12 140 195 159 204 24 37 77 172 168 171 71 201
145 3399 159 32 105 177 87 64 90 111 143 158 189 6 46 149 22 155
3032 3032 0 0 0 175 0 0 0 0 0 0 105 0 0 0 0 0
6968 6981 27 117 143 90 6 75 168 73 105 82 131 30 179 151 3 10
1334 1348 80 110 208 60 75 35 195 145 18 4 133 90 105 132 132 100
2761 3522 43 194 169 21 190 6 66 12 80 12 112 49 99 13 158 70
2370 2370 0 0 0 0 0 0 0 0 0 0 0 0 0 0 0 0
5765 5766 112 199 45 37 64 113 48 9 60 199 155 0 80 86 73 30
6358 6388 139 99 126 46 108 166 5 158 168 145 7 14 130 48 7 118
741 6429 13 103 15 44 71 74 124 35 57 46 162 16 153 50 9 52
5848 5848 20 80 176 43 75 15 10 130 182 162 57 0 0 129 84 60
3618 3628 144 0 173 99 144 182 55 19 15 174 188 0 47 178 114 105
4742 4766 84 186 94 115 183 84 183 141 57 63 203 72 141 20 127 54
697 3585 94 187 50 11 83 178 26 102 130 96 123 16 161 58 73 192
5525 5525 126 42 0 126 0 0 42 42 168 42 0 0 0 0 0 0
5683 5687 114 15 63 159 36 60 207 69 69 147 126 0 21 0 126 15
4512 4533 35 84 14 30 116 58 207 116 125 38 71 0 140 25 195 141
1221 2230 188 158 115 110 79 53 177 192 7 191 95 114 200 140 57 65
1381 1381 0 0 0 0 0 0 0 0 0 0 0 0 0 0 0 0
5961 5974 141 110 200 156 22 146 201 114 204 0 163 108 8 154 162 130
5693 5701 114 18 102 204 103 79 159 153 151 138 186 0 78 59 12 156
5518 5705 148 204 85 190 78 163 21 155 176 20 203 65 113 107 4 72
4294 4294 120 0 19 15 15 180 135 45 182 39 47 0 45 178 143 130
4590 4596 104 80 80 134 142 201 122 85 8 47 106 71 84 87 10 35
6706 6721 134 200 71 128 7 138 2 130 81 2 79 170 0 90 106 23
245 304 139 198 21 78 55 60 135 28 34 152 74 1 102 132 45 6
3307 3307 120 0 180 30 0 0 120 150 0 90 180 0 120 0 90 0
5199 5213 86 55 29 206 161 33 15 149 24 161 201 188 159 143 92 119
3090 3105 4 60 17 84 152 40 64 154 105 194 53 60 154 49 81 185
551 3749 26 32 11 40 24 35 156 78 119 132 170 19 7 187 15 174
5705 5705 142 160 159 97 165 0 101 167 41 203 74 0 173 27 82 120
2286 2291 96 6 85 51 42 177 150 36 8 78 141 0 168 167 73 91
3548 3568 59 34 148 194 45 207 65 46 120 204 164 105 182 155 112 138
3866 6635 144 195 197 68 111 0 20 49 145 206 59 39 79 198 117 155
4651 4651 97 55 39 7 165 0 56 137 41 38 164 0 23 27 22 120
681 689 12 140 100 192 117 201 2 42 88 166 108 180 166 13 86 68
2503 2515 178 29 54 98 175 106 100 23 186 98 82 105 50 124 200 127
263 1534 205 164 61 128 121 42 169 155 166 55 166 171 78 59 122 13
1907 1907 120 60 168 90 180 0 120 150 53 0 0 0 0 157 167 130
150 165 190 158 172 40 174 60 107 155 147 199 63 0 125 136 40 183
4526 4550 26 188 201 26 21 23 154 202 130 174 8 112 134 0 189 177
2530 5679 96 91 74 94 82 67 65 156 60 102 56 156 170 185 175 47
6673 6673 0 0 0 105 126 63 84 0 189 126 63 0 0 21 105 0
238 241 142 190 58 164 60 27 158 62 41 192 78 0 42 79 47 70
1159 1189 170 173 161 65 133 59 143 197 20 168 204 72 90 87 44 201
933 4422 32 48 36 33 149 80 33 107 7 75 53 133 139 26 165 12
1146 1146 0 0 98 0 0 0 0 0 154 196 154 0 0 56 126 140
5236 5237 110 20 110 170 25 0 40 1 116 71 52 71 0 162 52 155
3760 3764 84 0 0 84 105 21 37 189 49 0 126 0 84 35 196 140
181 575 179 68 161 65 148 199 5 185 118 3 103 47 124 111 1 48
1488 1488 150 180 42 60 0 30 60 30 82 0 0 0 0 128 88 110
292 300 27 17 181 97 35 165 204 137 74 35 194 105 203 161 56 122
3505 3516 178 52 55 19 118 40 177 144 135 150 8 100 159 125 18 100
1850 2944 74 203 41 74 190 42 173 43 194 39 164 134 172 93 129 18
1210 1210 0 0 126 0 0 0 0 0 168 42 168 0 0 42 42 0
2421 2436 170 19 26 155 167 190 20 183 90 111 21 96 64 35 57 197
3789 3811 65 135 182 50 36 192 108 46 102 136 162 21 97 86 14 172
475 654 48 168 92 196 99 111 9 168 91 61 62 178 117 207 207 152
4529 4529 30 120 180 180 30 90 180 90 120 180 180 0 0 90 180 90
6935 6937 150 75 84 67 140 135 60 198 135 70 161 28 0 0 140 145
4482 4512 144 195 209 84 140 182 55 92 27 73 138 138 7 197 134 123
541 1323 69 23 153 50 116 9 106 48 204 168 109 93 168 121 128 192
6618 6618 96 132 0 156 175 120 72 37 198 107 0 0 0 0 100 0
1400 1413 10 130 155 115 157 41 208 50 146 195 103 40 30 154 137 10
350 381 202 155 94 35 192 6 199 123 130 117 156 70 103 182 92 57
213 700 50 4 23 205 106 162 14 183 207 203 181 136 170 98 42 32
2423 2423 0 105 105 105 189 83 94 0 184 0 105 0 0 116 53 0
6011 6011 167 105 16 152 0 0 139 172 0 43 30 0 146 0 50 0
2802 2832 77 143 114 123 115 91 63 67 20 124 19 85 150 76 57 166
150 260 102 46 148 158 155 53 202 28 122 30 161 57 76 138 73 14
2514 2514 53 195 46 98 54 162 151 208 6 157 186 0 62 204 80 120
3048 3060 166 20 192 12 26 158 90 92 188 34 72 126 56 22 116 150
180 194 124 92 145 146 69 140 206 62 142 14 47 0 44 143 107 57
1279 1288 176 95 150 70 55 149 108 40 37 184 70 0 196 0 39 117
1958 1958 127 175 96 142 0 0 29 122 140 83 110 0 176 0 160 83
6082 6097 140 89 139 145 122 57 60 115 147 39 156 115 186 203 52 119
3890 3891 170 71 60 110 125 14 50 160 114 18 102 0 42 121 60 131
1319 1588 37 8 39 31 178 169 152 9 142 28 27 71 170 206 176 6
5210 5210 0 105 147 105 189 83 94 0 100 84 21 0 0 200 137 0
4907 4914 137 167 66 182 13 204 19 83 119 56 122 0 174 199 111 64
5219 5244 193 188 170 103 20 66 71 200 67 179 7 38 174 104 185 189
36 243 195 19 49 165 36 149 1 175 26 197 12 35 28 74 36 94
1067 1067 150 105 15 195 189 83 34 30 184 60 15 0 150 116 113 0
2038 2043 110 195 70 170 175 15 100 109 135 165 16 209 140 0 60 110
2779 2796 66 150 200 103 125 35 93 89 61 121 11 118 155 53 166 95
4844 6601 63 194 83 108 112 144 188 90 195 159 193 53 155 121 204 125
3426 3426 54 90 30 114 96 78 68 204 174 156 114 0 84 36 30 120
2237 2251 151 199 54 91 194 98 77 50 105 129 25 22 8 203 125 37
3812 3820 18 156 89 129 175 180 171 21 109 37 86 32 105 149 174 34
3527 4776 31 149 144 139 139 84 133 79 116 134 143 32 30 150 109 75
4782 4782 0 0 0 0 0 0 0 0 105 0 0 0 0 105 0 0
6265 6276 127 180 41 7 117 87 45 164 110 35 132 42 166 100 33 83
6507 6514 143 110 149 53 51 51 101 58 12 69 69 0 168 198 75 95
3975 6233 206 181 83 121 69 40 48 98 32 187 117 145 188 158 82 122
5025 5025 0 0 0 0 84 42 126 0 126 84 42 0 0 84 0 0
3556 3561 186 129 198 36 75 120 186 30 9 104 98 105 176 39 154 146
5462 5478 63 168 34 19 79 153 181 138 13 134 129 155 98 16 38 170
2332 3549 118 80 168 3 196 120 167 117 13 123 180 120 21 119 57 32
2093 2093 0 0 0 0 0 0 0 0 0 0 0 0 0 0 0 0
1846 1849 194 83 170 179 110 180 88 181 197 7 179 157 0 129 104 178
2356 2370 58 78 95 196 0 195 155 92 83 116 57 0 7 205 117 204
2326 5180 0 4 166 184 34 77 31 6 178 111 48 156 200 113 174 124
3351 3351 2 20 159 167 165 0 31 97 181 203 74 0 173 27 82 190
6629 6634 126 147 59 111 1 145 167 42 56 205 202 0 105 112 198 140
6246 6260 119 15 37 57 145 148 26 115 89 80 72 146 187 43 176 160
1016 5209 7 31 136 193 67 160 91 2 106 29 136 170 59 127 162 86
3025 3025 0 0 0 0 168 84 42 0 42 168 84 0 0 168 0 0
184 189 136 180 104 118 0 30 32 86 96 196 180 0 28 114 74 124
3959 3973 134 95 106 174 116 172 90 56 128 10 174 8 84 23 71 167
477 5826 142 184 172 163 41 25 145 65 134 12 65 65 69 11 19 202
6475 6475 168 0 84 168 0 0 126 168 0 42 0 0 84 0 0 0
1880 1888 6 150 110 146 0 60 42 186 36 108 136 0 168 84 144 62
3443 3461 8 53 157 43 208 12 36 94 40 66 33 42 0 151 71 132
438 2589 56 61 113 82 182 177 177 95 157 127 136 55 34 117 91 92
4662 4662 130 40 150 40 120 0 20 110 110 140 50 0 80 180 10 30
2587 2602 95 41 121 155 187 205 10 126 17 157 7 88 165 203 17 85
3155 3186 123 151 177 169 193 63 209 96 169 64 78 42 101 107 200 136
1216 2335 29 32 181 94 32 179 134 43 52 179 70 180 76 56 1 189
3184 3184 120 60 0 90 0 150 90 150 60 0 0 0 0 150 90 60
2919 2934 98 89 199 93 190 159 134 193 164 103 99 35 164 0 71 179
3680 3700 79 145 68 49 103 50 145 69 59 88 198 70 178 107 135 50
2488 3704 17 193 196 151 3 179 56 188 40 49 104 93 36 1 120 183
1588 1588 30 120 0 180 175 90 180 171 180 65 124 71 0 0 100 65
5745 5745 0 0 0 0 0 0 0 0 0 0 0 0 0 0 0 0
3518 3518 200 170 80 185 18 159 122 40 37 108 129 0 0 173 45 40
158 4203 90 202 29 206 14 114 71 79 207 178 138 192 122 100 168 101
1852 1852 0 0 84 0 0 0 0 0 147 84 147 0 0 63 63 0
1822 1830 184 118 159 139 39 174 89 13 11 189 200 0 131 24 72 50
3611 3633 68 160 95 68 121 21 116 148 164 60 142 0 28 46 157 75
177 6258 56 92 35 185 13 194 92 44 186 84 44 199 32 12 196 98
4299 4299 83 206 0 8 0 165 1 88 25 105 0 0 0 0 0 101
6016 6025 156 174 196 174 126 78 72 20 110 58 62 140 124 194 138 136
2644 2670 183 24 20 148 136 143 199 38 71 27 22 0 78 112 166 184
475 6028 6 129 204 117 152 130 164 2 202 91 169 206 97 143 129 197
3766 3766 108 30 186 198 90 0 204 198 114 42 6 0 102 198 18 180
1136 1136 0 0 0 0 0 0 0 0 175 0 0 0 0 35 175 140
1214 1216 126 0 126 126 0 160 86 126 84 0 84 0 126 126 74 80
131 689 57 21 6 41 133 95 102 22 167 138 78 86 202 186 21 129
2621 2621 57 105 96 72 0 0 99 192 0 153 180 0 36 0 90 83
2154 2158 103 105 144 178 0 0 131 8 35 147 95 0 124 175 35 82
6093 6117 26 170 40 194 207 34 168 118 151 187 40 42 36 205 16 157
2467 2967 190 18 71 118 170 153 187 95 50 27 207 21 153 43 67 177
4957 4957 105 105 0 0 0 0 105 0 0 105 0 0 0 0 0 105
3757 3760 42 60 204 102 36 108 79 147 134 168 204 0 48 46 140 82
1857 1872 199 169 148 154 30 205 104 107 13 145 127 168 183 33 151 117
977 1403 202 169 8 65 39 85 166 24 31 132 85 35 199 182 73 142
6677 6677 96 132 0 156 0 120 72 72 198 12 0 0 0 0 180 0
5630 5632 30 15 105 75 147 209 82 90 127 0 105 0 0 83 194 120
3712 3742 91 51 131 188 155 171 156 96 134 105 65 140 11 199 148 206
339 773 50 45 94 22 84 122 131 52 27 198 166 172 71 68 179 15
5626 5626 0 0 0 0 0 0 0 0 0 150 0 0 0 0 150 0
3496 3498 0 0 174 75 0 0 0 0 42 18 117 0 0 168 18 0
2121 2123 177 15 184 12 140 90 159 114 179 205 97 202 126 61 61 140
1488 2237 118 59 134 106 179 178 112 164 96 119 190 127 24 197 140 78
4042 4042 0 105 175 105 189 83 94 0 114 50 35 0 0 186 173 70
4494 4499 72 120 96 12 138 6 30 132 89 180 138 0 42 91 170 10
277 299 179 93 66 159 161 79 80 14 108 6 101 200 35 72 2 160
1193 1534 62 59 129 72 164 157 169 101 206 21 4 4 100 155 141 62
390 390 0 0 0 0 0 0 0 0 0 0 0 0 0 0 0 0
4731 4745 96 14 130 21 134 27 88 167 11 147 45 24 46 24 30 0
3196 3210 91 115 24 163 204 7 47 71 197 150 28 25 66 6 77 10
280 1074 22 31 33 1 94 128 153 23 47 12 25 164 49 187 16 134
5113 5113 57 105 96 72 35 0 99 171 0 118 26 49 36 0 20 48
6847 6858 194 125 24 100 47 201 44 204 99 59 136 0 112 124 27 100
3613 3629 194 80 151 164 13 20 3 169 54 106 161 0 35 36 21 35
2879 4198 163 23 125 43 125 129 180 89 123 27 131 91 39 188 65 135
5932 5932 54 90 50 114 36 78 193 99 139 66 199 0 84 71 55 110
427 440 51 10 163 161 51 127 205 122 4 103 124 71 122 76 194 104
6664 6686 158 150 170 193 93 39 82 199 95 5 209 201 68 49 131 83
149 2343 196 37 202 53 153 52 27 208 146 85 39 87 99 46 103 63
3095 3095 140 35 0 140 0 105 70 70 175 0 0 0 0 0 0 35
948 950 122 134 165 167 20 120 79 114 103 176 16 0 115 99 94 90
969 980 78 140 66 93 12 6 156 57 174 87 151 129 148 130 103 15
4127 5687 187 14 168 68 49 4 136 71 145 167 18 0 137 152 203 76
3461 3461 84 0 0 84 0 0 124 84 157 0 126 0 84 83 0 160
2876 2886 168 60 72 33 187 111 54 39 204 119 205 71 144 111 157 47
3385 3406 177 0 169 183 0 27 90 111 14 189 198 189 191 141 52 173
30 152 155 23 32 149 46 111 63 171 151 205 184 63 90 154 164 133
3141 3141 102 114 0 192 1 115 44 24 157 144 0 0 0 119 60 0
1041 1052 89 4 136 179 188 99 179 126 111 181 205 0 152 90 2 128
417 421 10 40 130 130 126 165 0 65 81 165 60 0 0 39 90 30
1903 3897 95 189 28 103 23 202 111 86 172 34 33 201 198 199 204 56
113 113 142 160 159 97 207 126 59 167 209 35 200 0 173 69 82 120
4960 4967 156 12 188 66 158 207 68 167 130 135 134 0 200 185 160 80
4216 4235 188 207 205 114 198 93 178 187 161 115 207 198 152 127 38 110
1125 1326 147 101 141 52 181 205 53 172 43 161 131 128 149 144 139 31
933 933 167 105 16 152 0 0 139 172 0 43 30 0 146 0 50 0
1666 1673 26 20 204 44 145 154 56 139 26 119 128 108 98 170 124 10
368 373 192 75 105 207 60 2 118 72 109 168 147 0 42 131 203 180
57 84 61 146 28 106 54 96 179 159 131 61 67 198 182 141 175 80
721 721 150 180 60 165 150 135 60 30 75 60 165 0 0 135 165 30
3699 3705 10 175 25 10 51 144 137 65 17 135 75 0 135 24 159 105
2900 2908 194 188 18 119 130 105 208 60 112 203 134 85 0 141 121 186
3093 6421 97 128 56 13 122 163 89 86 145 108 45 2 16 133 129 109
107 107 180 0 24 127 0 0 180 120 0 30 9 0 180 0 30 0
5531 5538 200 20 158 140 12 16 12 40 115 24 18 0 48 65 62 160
4284 4301 146 135 85 20 122 8 190 166 70 172 105 35 81 109 145 170
604 4769 85 159 112 22 129 108 197 149 163 46 176 150 129 114 48 1
1448 1448 57 105 78 78 0 0 99 192 0 153 102 0 36 0 90 83
1228 1241 176 92 65 152 85 58 21 52 32 70 11 0 205 127 169 130
519 519 0 0 0 0 0 0 0 0 0 0 0 0 0 0 0 0
3742 4238 56 178 108 101 127 97 208 148 120 135 122 87 60 88 173 76
6047 6047 0 105 105 105 63 21 168 0 168 0 105 0 0 42 21 0
1684 1698 129 77 72 84 110 102 133 104 191 61 169 120 30 185 25 97
5059 5071 112 145 84 130 90 25 14 182 167 156 120 0 156 156 76 185
2665 4038 140 169 200 84 66 97 22 110 94 180 145 50 5 20 171 153
2839 2839 40 55 174 77 0 15 170 50 155 0 159 0 0 0 0 55
4728 4738 117 165 186 147 126 98 129 72 84 87 201 30 18 156 25 208
5658 5675 42 0 39 105 25 47 62 192 11 13 106 40 189 29 181 68
194 635 76 86 113 91 143 146 60 196 114 145 25 87 40 56 109 18
923 923 111 105 198 96 0 0 27 186 0 99 30 0 48 0 120 0
6601 6616 77 152 57 98 106 66 91 180 142 123 1 92 168 63 40 190
3103 3106 0 105 63 0 190 153 24 0 208 0 0 0 0 122 10 70
637 1275 21 176 9 77 59 42 60 199 165 73 192 36 33 208 121 139
1439 1439 0 105 105 105 105 105 0 0 0 0 105 0 0 0 105 0
139 147 122 131 90 32 131 184 76 142 6 192 108 0 42 19 158 7
4443 4460 157 79 99 85 6 33 60 71 194 126 58 54 129 155 36 53
2851 3565 184 105 25 146 144 123 204 69 22 157 57 187 112 3 182 196
20 20 60 30 150 150 120 150 30 180 0 150 150 0 0 30 0 180
4434 4441 122 110 60 32 39 49 184 156 173 88 18 189 42 107 200 65
553 572 110 165 148 17 39 128 172 73 42 84 202 11 194 162 121 181
3239 4493 39 107 163 136 131 75 83 28 156 59 165 47 135 24 120 193
3741 3741 84 0 42 84 0 0 168 84 0 126 0 0 42 0 0 126
1483 1496 50 158 192 155 84 19 26 150 127 88 203 0 66 128 128 168
3515 3532 23 99 103 68 165 115 192 13 139 166 12 28 91 79 64 146
865 2600 43 136 115 46 109 100 122 136 21 137 74 195 83 63 73 119
3218 3218 66 180 94 186 174 72 2 156 173 138 173 0 126 37 113 160
3939 3950 178 49 136 163 154 0 106 99 12 21 149 120 100 24 112 187
109 116 42 180 18 12 156 198 96 42 47 36 186 0 102 163 77 20
777 5521 19 43 184 74 73 142 46 7 8 7 179 33 29 95 71 189
4465 4465 20 80 50 50 90 60 190 130 150 120 120 0 0 60 120 60
6952 6955 116 170 134 125 123 159 94 103 51 153 69 147 168 159 111 75
4863 4878 152 170 89 182 200 113 126 117 90 110 70 150 162 160 163 190
25 96 160 142 87 197 89 201 198 152 50 40 44 122 116 84 3 88
2558 2558 204 60 90 174 36 108 43 129 144 6 174 0 84 66 90 150
3642 3654 68 157 29 83 43 49 143 124 127 133 160 0 181 98 69 8
3339 3339 140 105 175 35 189 83 164 70 184 70 105 0 140 116 193 0
685 2220 193 182 109 128 160 10 19 132 82 66 65 192 99 173 76 111
5603 5603 120 60 168 90 105 45 90 150 158 0 0 0 0 52 167 130
1433 1448 86 2 112 192 160 25 102 171 125 95 12 105 120 195 200 3
2864 2890 54 130 177 150 29 89 169 45 6 57 161 186 187 46 207 28
315 3872 131 157 93 206 186 96 148 109 123 15 190 50 161 128 56 82
3676 3676 0 0 70 0 0 0 0 0 140 0 140 0 0 70 140 70
3837 3840 60 150 150 37 84 18 144 180 195 30 9 0 180 45 87 60
5575 5606 116 26 137 124 208 199 69 157 106 132 123 71 3 106 144 204
328 3289 3 52 41 96 170 44 112 130 141 78 163 128 138 97 175 119
6046 6046 0 0 0 0 0 0 0 0 105 0 0 0 0 105 0 0
3421 3433 182 182 5 189 110 151 9 64 203 10 20 121 33 181 146 5
3230 3236 138 90 198 198 137 65 128 78 137 114 114 0 168 103 90 120
1595 1774 208 58 88 75 99 29 168 139 192 79 6 124 177 191 122 23
219 219 0 0 0 0 0 0 0 0 0 0 0 0 0 0 0 0
5963 5964 151 55 141 31 165 0 194 131 41 194 14 0 35 27 52 120
101 112 4 155 138 166 81 52 50 35 155 12 56 126 24 5 170 60
73 153 5 22 166 198 174 198 65 185 53 135 166 197 180 170 187 57
5397 5397 0 0 0 0 70 0 0 70 0 140 0 0 0 0 70 0
3590 3603 120 169 80 75 184 174 144 67 9 195 135 126 98 174 90 167
6908 6923 184 156 84 57 58 154 20 128 60 80 188 0 52 6 144 150
975 1132 47 28 110 170 19 139 33 128 65 141 84 149 55 6 195 56
5681 5681 207 75 156 27 150 135 159 12 75 3 135 0 36 135 45 113
1336 1338 30 120 84 180 175 90 180 171 12 143 166 71 0 168 178 65
5162 5190 17 157 127 62 90 31 70 161 97 43 0 126 17 61 182 171
233 1267 31 182 80 191 57 21 62 9 179 187 139 84 189 176 158 165
3095 3095 64 130 90 34 36 108 183 59 74 6 174 0 84 66 90 10
5143 5152 131 125 47 2 165 183 21 106 180 189 42 0 168 135 178 64
5294 5299 14 161 90 119 15 71 140 154 122 6 27 0 126 203 128 161
2406 6391 139 160 46 66 41 3 158 76 20 109 127 92 55 184 150 78
2160 2160 38 131 0 158 0 135 46 58 160 0 0 0 0 75 45 131
6434 6447 108 192 167 93 133 98 157 199 167 27 97 0 39 79 15 88
2360 2372 202 115 109 94 194 190 54 32 42 2 106 140 126 180 199 102
3007 6510 129 144 14 24 58 184 150 77 12 149 8 169 52 190 167 85
1173 1173 60 30 0 150 105 180 150 45 150 165 0 0 0 0 60 0
2919 2919 96 27 105 51 189 203 166 36 94 0 105 0 0 116 53 132
2411 2429 72 143 79 177 1 43 39 79 7 112 122 138 76 125 134 64
1071 3013 24 78 42 42 207 50 133 169 146 208 75 167 198 184 45 93
6862 6862 42 0 0 42 0 0 112 42 196 0 168 0 42 14 0 70
4325 4333 188 29 8 128 0 195 16 160 185 64 128 102 88 80 0 8
6489 6506 201 76 157 21 14 95 43 29 91 126 51 35 50 78 27 23
3442 5533 71 84 177 80 116 101 80 51 97 11 119 107 27 173 4 113
4040 4040 0 0 186 78 0 0 0 0 0 0 36 0 0 0 0 0
5277 5289 10 25 112 115 2 119 1 136 165 98 134 121 63 45 8 111
2067 2082 114 92 143 174 103 22 121 45 83 139 26 105 145 167 122 135
3645 4656 183 60 99 120 71 82 108 177 195 64 38 96 70 173 89 154
2516 2516 0 0 0 0 0 0 0 0 42 42 126 0 0 84 84 0
6844 6846 84 0 84 84 0 0 56 84 35 126 42 0 168 175 126 98
2179 2205 190 4 109 34 22 194 147 29 18 166 47 67 97 11 172 177
3605 6104 109 122 5 184 106 11 196 66 55 159 71 90 189 75 4 99
6901 6901 204 60 90 174 36 108 43 129 144 6 174 0 84 66 90 150
5838 5841 42 0 126 147 42 93 36 42 206 84 105 0 42 34 125 70
1579 1589 130 130 184 145 146 209 128 20 78 108 93 0 192 102 162 69
584 2362 179 147 113 180 118 19 40 78 175 60 98 60 161 54 111 67
5481 5481 8 11 0 188 0 45 76 28 205 30 180 120 0 0 30 131
6554 6564 115 160 49 40 11 8 127 170 118 27 42 0 96 92 131 186
5051 5052 205 15 32 40 0 90 5 20 155 29 162 0 70 55 195 190
695 1828 98 170 159 161 150 173 147 11 184 42 30 5 90 135 4 66
6330 6330 0 0 0 0 0 0 0 0 0 0 0 0 0 0 0 0
6909 6924 50 69 178 49 60 20 82 31 104 117 85 35 68 109 30 168
3529 3556 52 114 65 193 42 113 130 153 172 14 176 154 154 29 82 8
3597 5043 147 0 177 130 49 147 147 122 208 100 44 8 179 177 138 151
2108 2108 0 0 154 0 0 0 0 0 182 84 182 0 0 28 98 70
2676 2685 192 5 46 42 60 120 120 102 23 47 81 135 22 57 7 197
5416 5430 153 100 41 165 15 123 37 18 162 55 162 0 86 42 129 199
1755 3109 165 4 33 140 28 24 69 115 114 5 181 83 89 82 43 93
3417 3417 0 0 0 0 35 0 0 105 0 175 140 175 0 0 140 175
4680 4692 206 25 84 206 30 32 140 196 174 5 186 150 142 48 30 62
6191 6218 109 33 113 181 101 168 118 73 201 84 65 186 127 103 182 201
2371 3086 127 123 177 1 189 140 0 167 89 120 34 135 88 48 71 67
3495 3495 20 80 50 50 75 15 10 130 182 162 36 0 0 129 84 60
2083 2091 52 38 124 192 15 30 146 127 16 95 92 110 6 54 154 68
1679 1707 183 107 21 10 98 187 109 99 60 47 21 206 114 129 88 52
4007 6307 120 32 114 14 85 170 154 197 98 204 6 141 183 128 0 195
6577 6577 180 90 204 7 138 204 72 120 132 198 63 0 0 78 30 120
1551 1561 195 91 148 44 124 52 45 60 196 33 80 0 202 112 148 116
5770 5780 68 87 18 83 103 33 10 149 172 148 109 0 146 146 162 188
664 1086 183 156 19 183 38 48 14 117 100 96 167 15 4 83 72 92
6152 6152 0 0 42 126 0 0 0 0 0 0 42 0 0 0 0 0
6526 6530 12 195 135 177 33 9 44 162 137 198 177 0 42 193 145 120
3238 3258 46 73 181 207 80 85 0 79 162 193 111 63 12 22 57 28
104 262 162 52 94 191 128 86 57 89 94 90 37 37 49 13 143 132
1468 1468 0 105 105 105 189 83 94 0 184 0 105 0 0 116 53 0
5340 5345 122 110 14 32 126 142 138 142 126 0 168 0 42 174 53 170
5702 5714 147 60 12 42 156 118 19 42 155 146 55 0 154 1 47 25
2806 4693 13 176 153 162 39 68 141 12 20 78 17 4 159 59 0 129
6226 6226 58 160 159 13 39 42 3 83 167 77 200 0 89 111 82 120
3622 3627 196 175 198 46 1 145 202 56 21 89 200 0 98 119 40 0
1205 1209 150 0 156 143 150 120 90 194 180 120 157 14 30 120 150 50
426 6189 105 114 68 117 82 76 187 46 112 106 154 116 190 62 41 44
3466 3466 0 0 196 0 0 0 0 0 98 182 98 0 0 112 42 70
4961 4976 125 41 118 47 106 110 123 53 79 4 101 0 62 38 109 61
6767 6792 121 40 187 163 69 170 201 9 105 132 184 103 6 62 206 110
1410 6485 85 80 199 97 179 11 39 85 199 32 97 8 121 173 61 183
2863 2863 0 0 0 0 0 120 60 0 180 0 0 0 0 150 150 0
2034 2048 162 4 14 102 63 105 105 15 18 118 60 66 32 97 20 154
684 707 65 40 191 32 124 148 148 175 170 91 93 150 35 12 46 42
1393 2574 207 134 184 205 88 192 169 165 73 188 162 141 42 57 192 24
3581 3581 105 105 0 0 0 0 105 0 0 105 0 0 0 0 0 105
6660 6671 68 36 199 5 160 120 137 190 55 174 94 50 197 179 66 157
4202 4226 185 51 136 6 78 51 82 145 99 159 100 90 73 191 182 36
4966 5627 134 49 87 88 149 45 129 204 84 16 142 63 21 164 146 50
5500 5500 120 60 200 90 0 150 90 150 130 120 190 0 0 80 70 200
33 44 48 171 200 168 31 51 88 60 43 189 119 182 126 176 193 46
1255 1277 84 27 152 44 111 108 6 84 72 68 42 60 108 74 188 136
3574 5654 100 123 38 71 103 81 136 205 169 92 115 152 125 168 123 178
4892 4892 47 45 82 62 0 60 49 22 108 49 78 0 146 102 92 150
6695 6701 50 95 88 20 105 150 160 115 39 16 29 105 0 31 1 165
5767 5792 98 130 58 156 145 145 187 152 71 177 63 64 86 185 195 128
4149 5860 168 152 72 78 174 79 153 170 4 122 130 208 59 106 127 162
939 939 41 0 156 26 0 0 97 46 154 170 184 0 188 56 86 140
1351 1360 159 195 209 9 84 203 187 141 134 199 145 147 42 166 23 20
3590 3595 9 48 24 111 150 135 93 48 45 195 105 84 150 120 120 123
958 2550 72 169 132 204 68 177 34 104 44 3 43 14 185 172 107 139
2653 2653 57 105 96 72 0 0 99 192 0 153 180 0 36 0 90 83
6117 6128 36 84 18 105 105 120 180 3 131 183 87 0 162 199 53 10
6652 6680 0 160 40 41 68 96 94 105 110 25 25 4 40 120 15 8
897 1495 81 175 69 100 96 111 87 183 23 177 170 24 63 149 170 162
1574 1574 102 81 198 72 150 165 138 12 117 56 38 0 86 204 184 191
4332 4337 101 26 34 116 204 53 61 16 44 27 20 0 84 11 93 18
4029 4055 137 177 22 176 96 96 62 44 63 96 107 83 133 98 73 185
273 273 140 140 140 140 0 0 70 70 0 0 0 0 0 0 0 0
138 138 0 0 0 0 1 145 20 0 91 0 0 0 0 119 0 0
2487 2501 204 183 104 3 194 12 146 150 41 30 115 196 174 4 11 183
4681 4707 29 130 2 185 85 209 8 91 117 170 57 162 81 111 45 147
22 124 147 174 129 7 65 76 165 83 6 2 18 69 11 77 202 115
2350 2350 0 0 0 0 0 0 0 0 0 0 0 0 0 0 0 0
4103 4103 150 75 0 60 0 135 60 30 135 0 0 0 0 0 0 75
6531 6533 36 102 60 6 140 115 62 67 58 107 60 0 0 5 40 30
3738 4693 54 53 194 205 209 169 85 188 73 54 43 178 189 117 5 32
6522 6522 57 105 96 72 0 0 99 192 0 153 180 0 36 0 90 83
5456 5464 30 45 201 153 124 198 84 192 15 204 21 0 30 171 123 56
1630 1631 42 0 0 42 0 120 102 42 201 0 168 0 42 129 150 0
3076 5567 56 132 188 34 93 167 88 183 172 5 152 15 128 138 209 3
1058 1058 96 90 60 156 199 162 22 117 66 209 100 71 126 114 160 95
6310 6324 104 0 188 38 81 76 78 76 141 146 28 172 128 66 33 40
5506 5510 175 11 156 130 65 185 135 38 154 79 30 0 146 145 140 0
3787 4366 52 16 75 156 35 77 148 34 201 25 97 130 199 38 166 44
6773 6773 0 0 0 0 1 145 20 0 91 0 0 0 0 119 0 0
3630 3644 88 155 103 190 99 193 61 203 208 156 31 60 59 194 131 10
2374 2401 78 33 27 41 71 10 156 98 71 144 106 200 36 64 107 31
1763 3402 23 117 151 69 48 100 160 19 83 24 98 89 139 54 170 152
2847 2847 167 105 16 152 42 84 181 172 42 43 30 0 146 168 134 0
2645 2654 38 74 62 78 105 150 22 163 95 27 79 105 30 185 187 53
4848 4865 28 108 167 157 56 85 76 56 92 128 141 0 22 118 44 163
3255 4890 121 19 201 118 43 38 197 132 117 125 121 50 199 104 35 80
612 612 200 170 158 80 90 0 130 40 193 60 60 0 0 127 167 160
3307 3313 84 0 178 84 36 198 113 189 118 84 98 0 84 152 126 190
4136 4164 69 185 114 154 179 174 85 174 59 136 193 60 154 48 167 180
568 3155 148 140 74 74 13 180 126 86 56 21 116 190 92 70 18 126
4212 4212 82 130 9 157 45 60 71 197 83 95 50 0 173 81 166 150
3428 3438 200 62 81 73 115 135 159 40 48 112 117 119 51 107 7 155
6175 6192 109 95 30 25 98 84 143 10 86 40 161 0 96 95 57 3
1636 3026 48 108 48 8 16 172 161 5 70 205 68 173 6 134 120 172
6131 6131 0 0 0 0 93 45 180 0 63 0 0 0 0 147 0 0
5627 5632 35 27 202 20 7 144 107 71 10 198 30 0 2 128 144 196
2889 2906 17 173 140 98 58 19 143 4 205 47 190 203 168 47 147 185
2399 2428 174 201 93 59 29 125 204 209 193 14 198 84 10 15 194 29
3610 3610 0 0 140 0 0 0 0 0 70 70 70 0 0 140 0 140
3040 3049 202 115 193 101 165 39 9 203 201 81 138 42 147 106 185 37
1721 1728 188 131 116 38 70 45 46 130 193 52 56 182 150 162 2 16
22 23 50 92 123 95 195 120 199 115 157 21 48 0 81 9 144 32
703 703 57 105 96 72 168 66 27 192 78 153 180 0 36 72 36 83
5602 5602 150 180 60 60 24 72 36 30 43 144 102 0 0 197 60 190
2806 2834 30 138 77 207 165 110 11 128 122 114 113 83 39 63 208 198
166 6968 32 113 103 116 121 80 199 106 63 72 81 112 30 32 43 132
4844 4844 30 120 22 180 0 90 180 90 176 72 86 0 0 34 14 190
6239 6254 164 177 65 50 151 8 190 16 127 138 104 196 132 179 188 0
5370 5378 111 12 118 171 79 107 163 187 106 79 146 0 150 92 146 43
2778 6553 148 178 4 179 160 188 119 77 61 179 46 200 119 97 205 17
4081 4081 30 120 0 75 91 153 54 171 159 191 187 71 0 21 205 65
5314 5317 156 162 144 73 123 75 162 132 189 180 3 0 0 183 126 90
89 105 203 105 96 140 167 81 41 118 178 133 115 85 28 144 107 85
2169 3521 188 12 111 175 3 32 117 15 35 48 186 202 89 108 178 14
728 728 0 0 0 0 0 0 0 0 0 0 0 0 0 0 0 0
3646 3653 54 27 10 114 209 53 204 87 83 27 150 0 168 44 105 151
1360 1383 199 197 22 7 76 125 161 57 21 36 171 12 92 205 57 100
2777 5993 112 133 206 67 160 62 166 143 4 95 107 192 116 89 76 126
3053 3053 105 105 0 0 0 0 105 0 0 105 0 0 0 0 0 105
675 685 110 166 56 57 169 70 120 115 66 39 169 60 26 116 180 80
1843 1872 91 118 179 196 80 158 193 177 87 147 14 25 30 130 78 196
3 80 128 44 162 66 54 89 119 208 194 87 107 68 201 192 21 172
1859 1859 84 0 0 84 98 140 194 84 45 0 126 0 84 195 0 160
1707 1719 15 10 144 105 46 169 197 7 179 132 169 0 110 129 88 184
1113 1118 94 0 64 34 70 0 38 128 91 130 92 14 52 119 144 70
177 382 142 185 21 6 109 98 69 171 4 99 82 152 81 52 180 192
945 945 130 100 10 10 60 180 80 110 30 150 150 0 0 180 150 180
1907 1913 182 14 82 6 150 120 4 20 195 126 133 82 0 103 143 82
3803 3825 164 154 37 62 135 37 202 74 84 139 54 130 52 126 73 194
592 606 159 90 198 114 188 48 169 50 21 48 156 126 126 24 132 24
3978 3978 0 0 196 0 0 0 0 0 98 182 98 0 0 112 42 70
6727 6737 96 10 184 6 70 60 130 204 172 120 16 98 104 118 79 103
4064 4071 82 85 135 127 31 159 169 57 135 203 192 0 177 150 145 55
951 3091 7 46 92 128 78 113 149 190 41 42 48 64 191 22 107 167
873 873 30 120 0 180 175 90 180 171 180 65 124 71 0 0 100 65
368 382 30 78 70 192 135 36 66 72 195 171 8 27 84 180 158 84
896 909 186 36 159 96 144 90 207 78 83 197 74 153 139 152 71 104
2522 2761 179 125 206 194 146 139 19 52 76 78 109 130 128 32 96 209
4112 4112 60 30 0 150 0 180 150 180 100 0 0 0 0 110 10 170
6171 6174 139 75 62 94 0 30 203 74 75 161 165 0 52 135 25 0
1203 1206 112 154 160 112 110 95 114 179 162 75 48 0 0 67 132 150
3853 5228 112 137 102 139 187 61 27 5 161 118 1 79 138 70 41 89
1002 1002 0 0 168 0 1 145 20 0 175 156 84 0 0 35 156 0
150 159 130 135 179 115 165 165 77 5 114 199 92 0 57 129 44 60
1112 1137 20 140 41 88 108 72 96 40 56 114 180 30 132 196 101 97
1529 1958 202 58 21 132 22 122 61 201 0 91 195 71 81 50 94 73
6029 6029 180 0 60 150 0 0 180 120 0 30 60 0 180 0 30 170
5757 5757 204 60 90 174 36 108 43 129 144 6 174 0 84 66 90 150
3055 3076 8 209 74 206 139 152 61 49 139 197 11 64 111 107 32 82
1509 3968 87 118 100 15 175 71 122 159 194 154 135 104 38 91 53 174
2547 2547 0 0 0 0 70 70 140 0 70 0 0 0 0 140 0 0
1438 1438 0 0 0 0 0 0 140 0 140 0 0 0 0 70 0 140
163 180 159 15 122 96 96 150 157 24 185 107 76 140 148 149 55 145
1420 1980 87 190 198 140 185 208 24 140 77 72 142 116 209 160 2 205
2554 2554 0 0 174 187 0 0 0 0 0 0 159 0 0 0 0 0
290 301 174 32 99 97 106 18 123 104 207 154 128 130 131 43 112 152
4285 4302 143 72 74 185 89 138 201 38 161 24 61 175 188 134 67 92
3007 4832 99 195 146 149 27 172 36 77 3 44 73 43 37 95 30 205
5912 5912 0 0 0 0 1 145 20 0 91 0 0 0 0 119 0 0
2485 2495 92 143 197 5 138 66 69 55 82 33 189 48 93 124 177 59
1954 1968 9 134 39 49 37 126 124 9 202 45 156 20 7 78 83 154
4971 6902 73 96 176 165 196 76 73 159 31 59 187 175 54 120 79 101
3946 3946 0 0 0 0 0 0 0 0 0 0 0 0 0 0 0 0
5296 5298 126 0 0 21 127 208 190 126 35 126 147 0 126 175 70 140
240 254 100 70 96 30 209 173 134 53 78 61 74 0 170 126 5 194
111 451 53 61 75 148 14 209 115 113 0 161 182 24 152 34 56 54
5273 5273 17 135 16 92 70 180 79 10 150 33 82 128 146 0 180 200
3165 3173 151 41 6 91 16 179 7 74 2 133 27 0 20 82 87 16
6437 6437 162 144 0 132 105 150 174 69 6 99 0 0 0 0 120 0
618 1573 153 81 77 148 176 206 132 80 54 6 39 103 110 115 209 21
5168 5168 120 60 42 90 0 150 90 150 102 0 0 0 0 108 48 60
6943 6952 22 172 170 157 24 47 24 83 1 183 207 0 126 178 39 70
1556 1558 85 175 117 205 140 0 8 10 119 195 26 0 113 63 48 83
4067 5860 22 100 125 4 129 61 23 37 19 2 83 122 116 159 15 181
6757 6757 30 120 168 180 0 90 180 30 143 120 0 0 0 157 77 130
899 910 140 111 166 155 161 15 190 70 147 51 204 112 6 198 69 188
2030 2039 52 142 58 142 28 207 184 3 177 143 102 0 186 91 146 60
1585 2093 9 105 143 196 171 15 78 74 191 60 156 118 8 180 76 142
6818 6818 204 60 90 174 36 108 43 129 144 6 174 0 84 66 90 150
153 161 171 180 21 81 120 135 207 51 54 36 99 105 168 156 111 60
2586 2594 159 195 87 9 76 183 173 75 129 173 31 71 84 51 106 155
468 2349 124 42 20 88 130 188 127 83 132 133 60 104 27 80 84 86
3386 3386 0 0 112 0 0 0 0 0 56 134 56 0 0 154 204 70
1673 1673 90 150 0 120 70 60 120 72 120 20 148 122 0 0 160 20
4373 4385 174 66 191 181 42 144 78 183 198 186 198 204 154 172 89 179
834 885 137 33 99 60 115 50 99 183 139 130 22 10 15 45 60 83
6959 6959 0 105 69 82 21 7 56 0 56 0 54 0 0 154 7 0
415 425 70 70 4 140 91 165 20 0 85 200 60 0 0 65 206 200
6459 6481 102 0 205 192 103 53 141 121 207 197 192 84 137 113 24 72
1183 1994 31 190 91 91 179 7 170 75 94 141 46 124 183 93 169 92
6933 6933 42 84 0 42 105 0 84 189 126 189 0 0 0 0 0 0
2825 2827 205 15 98 40 0 90 5 8 143 155 132 18 70 157 147 40
372 385 208 178 62 131 168 9 114 104 126 38 99 66 74 74 103 74
1847 2514 183 87 95 103 45 53 142 172 75 45 65 45 138 31 67 6
6076 6076 0 0 0 0 1 145 20 0 91 0 0 0 0 119 0 0
459 472 120 144 113 139 116 172 194 80 179 22 169 0 42 58 76 19
6603 6630 32 72 56 140 198 75 150 100 124 12 22 17 188 31 207 185
668 832 73 72 175 150 152 99 78 83 79 105 197 195 139 148 170 176
6465 6465 72 90 89 132 39 147 87 27 62 77 11 0 173 6 187 120
5355 5366 200 185 75 95 47 77 182 180 141 136 152 0 12 75 6 144
584 605 123 45 113 150 185 51 55 166 109 6 46 168 96 146 157 109
969 1610 30 43 33 27 151 39 65 114 122 159 197 162 162 44 24 57
1220 1220 167 105 16 152 0 0 139 172 0 43 30 0 146 0 50 0
958 971 194 15 18 74 25 20 24 79 16 146 130 105 164 134 76 15
5929 5949 131 32 127 71 201 208 34 89 109 159 118 89 121 63 18 190
2194 2681 201 172 14 49 69 11 205 165 45 158 19 176 79 111 87 62
6219 6219 25 65 150 115 18 159 17 110 177 73 129 0 140 33 185 180
3097 3109 155 80 59 110 145 33 189 55 8 108 159 45 30 127 105 130
782 782 126 0 0 126 1 145 6 126 14 0 84 0 126 196 0 70
2212 4143 71 139 74 44 39 40 190 195 8 59 87 160 154 107 67 71
6711 6711 82 34 174 119 0 120 44 92 50 0 159 0 0 0 0 34
901 913 97 206 132 205 0 75 89 128 17 24 27 66 112 113 163 90
1140 1167 54 81 71 69 190 163 144 95 40 27 33 185 162 8 3 181
662 2495 165 200 169 90 65 27 182 11 16 33 96 41 82 129 71 33
3213 3213 33 27 126 198 175 120 51 79 198 110 0 0 126 0 40 63
2490 2502 136 190 189 181 129 132 192 86 119 121 178 0 129 119 12 4
1350 1381 32 81 44 32 31 61 149 64 63 154 107 137 31 105 4 149
297 5107 14 163 143 34 79 113 59 201 0 192 11 190 56 179 102 138
2051 2051 0 0 0 0 105 105 0 0 105 0 0 0 0 105 0 0
1150 1154 94 40 172 4 150 30 184 44 52 60 186 0 84 68 88 110
4248 4264 10 15 185 85 11 130 143 79 205 4 116 154 115 89 80 100
3726 4753 145 80 153 62 110 171 22 202 108 62 140 177 121 68 98 36
2647 2647 27 175 16 12 0 0 69 102 140 43 30 0 146 0 50 70
6514 6527 179 199 20 104 89 145 27 23 167 15 51 198 110 124 83 109
4160 4181 62 209 26 29 19 96 195 164 29 120 115 90 149 0 95 2
2103 2273 16 182 8 149 101 71 132 151 173 154 80 11 136 58 114 26
5825 5825 38 131 150 158 102 51 4 58 13 192 66 0 0 12 150 71
4976 4983 46 58 101 31 142 27 39 75 136 3 52 0 49 87 141 180
337 353 11 206 112 23 184 172 0 184 7 72 72 60 149 169 118 73
1043 3812 131 127 189 154 118 62 150 94 162 81 55 26 118 160 60 159
990 990 0 0 0 0 0 0 0 0 0 0 0 0 0 0 0 0
4271 4285 105 87 147 60 90 202 178 91 98 194 141 140 31 181 143 85
1667 1695 24 127 77 189 54 86 107 88 200 167 32 88 67 61 10 61
3987 5684 112 102 101 28 28 23 142 24 142 76 49 51 172 68 195 78
3931 3931 0 0 0 0 0 0 0 0 0 0 0 0 0 0 0 0
1550 1552 120 60 100 90 126 192 156 150 129 144 137 0 0 141 24 30
5593 5609 147 183 115 177 36 96 172 56 184 51 94 71 87 126 149 43
869 1624 153 110 59 121 204 79 157 200 134 195 88 192 1 182 74 8
6146 6146 198 15 75 33 51 89 40 48 52 12 33 0 168 38 23 90
3534 3543 24 138 138 39 8 141 36 98 63 58 75 0 0 9 143 120
3014 3041 71 111 99 47 134 178 40 165 166 54 59 168 164 39 11 109
1599 1786 29 56 126 148 18 101 58 139 118 35 6 142 173 23 43 30
4406 4406 20 200 120 200 180 0 100 130 130 70 40 0 190 60 50 150
2611 2612 150 180 60 60 174 60 180 30 84 60 60 0 0 96 0 30
1834 1837 75 0 164 127 0 0 75 120 70 30 79 0 180 140 100 140
2778 6864 97 23 130 175 194 135 134 155 117 45 201 133 47 198 200 54
5896 5896 0 105 158 50 0 0 0 0 154 1 64 0 0 56 36 140
5080 5094 64 105 186 139 192 170 19 149 117 9 58 180 161 47 44 156
1411 1430 174 75 69 34 29 173 32 114 98 96 126 105 12 33 0 25
625 1951 170 14 78 198 193 50 23 48 90 71 107 169 188 102 195 2
1678 1678 0 0 0 0 0 0 190 0 205 0 0 0 0 95 0 130
4040 4044 140 140 120 70 145 165 100 16 97 172 105 116 0 94 199 180
1667 1685 91 167 92 118 32 66 94 202 54 160 131 180 163 15 143 18
234 482 63 154 178 195 74 171 118 95 17 150 99 147 27 97 206 96
4467 4467 0 0 0 0 181 205 50 0 91 0 0 0 0 119 0 0
2196 2200 172 163 110 37 0 75 122 32 36 6 38 0 42 61 191 43
76 91 189 177 83 79 8 155 104 189 204 16 131 10 51 46 132 178
1928 2501 64 56 56 115 15 124 69 56 25 160 59 53 79 20 2 180
1587 1587 0 0 0 0 126 0 0 0 126 0 0 0 0 84 0 0
1434 1445 50 60 34 20 17 6 46 105 5 29 174 0 56 145 140 202
2611 2629 9 130 63 119 101 36 102 186 65 39 143 7 129 205 95 18
2710 3507 92 37 181 52 113 169 100 189 94 7 27 158 93 15 172 168
2212 2212 40 160 100 100 150 30 20 50 112 72 156 0 0 174 84 120
1218 1221 206 110 200 11 10 156 44 191 96 137 165 0 126 114 25 30
6247 6254 58 71 66 152 0 195 176 14 44 178 16 156 140 191 186 1
1582 4638 95 107 92 95 61 171 154 183 84 182 206 33 175 195 24 142
4416 4416 30 120 0 180 0 90 180 90 190 0 0 0 0 20 40 50
5421 5432 209 62 152 74 150 129 12 109 167 90 159 0 99 61 27 145
5762 5791 165 122 113 89 76 49 126 195 174 178 189 60 153 107 2 48
861 4549 2 118 70 28 140 154 2 63 2 123 88 101 95 101 113 186
4552 4552 142 160 75 125 165 0 101 167 41 203 200 0 173 27 82 120
6117 6120 16 148 144 181 0 90 194 110 68 86 29 0 98 42 142 0
986 995 161 170 80 86 144 128 33 196 197 180 72 0 192 73 45 182
127 622 56 84 11 60 120 12 85 168 182 39 134 22 103 112 10 32
4278 4278 90 120 155 30 183 159 27 165 92 143 119 0 5 18 85 90
2262 2265 202 31 168 22 0 165 8 32 137 196 28 0 196 84 14 101
6513 6542 195 46 16 108 92 117 192 70 92 143 162 68 144 151 142 46
4089 4371 75 134 62 71 88 22 176 198 0 82 132 183 16 127 49 66
6061 6061 99 165 90 174 36 108 148 129 144 111 174 0 84 66 90 45
6412 6422 164 59 133 149 24 144 74 16 23 144 175 0 18 192 161 206
4925 4943 42 56 88 19 191 39 142 126 5 84 89 28 154 182 7 194
652 5253 165 64 199 192 160 187 201 2 54 28 183 52 32 99 22 133
1153 1153 0 0 0 0 84 42 126 0 126 84 42 0 0 84 0 0
3803 3812 93 15 66 138 6 64 203 48 73 207 165 0 84 17 117 37
3115 3136 43 56 41 143 91 123 131 15 102 186 135 0 42 49 63 91
5656 6691 3 125 94 41 151 98 182 73 32 108 25 33 75 206 50 77
1393 1393 60 30 150 45 60 75 150 180 135 150 45 0 0 75 45 180
1828 1831 192 54 24 79 195 165 54 30 84 186 9 0 0 75 0 198
47 48 30 120 168 180 0 90 180 90 78 0 0 0 0 132 12 120
1107 5117 139 185 186 112 105 183 141 204 29 102 57 10 196 146 124 31
3925 3925 180 90 0 30 0 120 30 30 30 180 0 0 0 0 180 0
956 962 37 55 141 97 51 98 194 167 116 200 176 0 131 72 112 181
4122 4135 74 120 9 89 123 124 123 19 134 189 176 0 73 102 169 40
4562 4593 189 4 60 179 96 153 186 27 59 154 168 138 125 87 161 188
4922 4922 0 0 140 0 0 0 0 0 70 70 70 0 0 140 0 140
5043 5054 10 66 58 40 183 30 194 170 16 77 104 0 54 54 10 60
391 393 12 174 0 72 140 120 114 192 60 190 20 130 0 0 50 94
3192 4876 148 6 163 181 62 197 99 147 152 100 19 192 25 167 190 14
3200 3200 30 120 0 180 1 25 200 90 141 0 0 0 0 69 110 190
3292 3297 154 40 172 124 126 72 84 14 136 6 135 0 102 194 87 46
5674 5688 38 75 73 192 66 105 134 58 123 16 120 0 182 129 145 100
226 3542 207 172 68 193 10 42 78 149 115 178 20 208 64 76 2 113
6318 6318 142 160 159 97 165 0 101 167 41 203 74 0 173 27 82 120
5835 5844 193 75 16 13 24 105 31 68 2 101 142 0 64 94 186 183
891 896 20 190 203 65 165 180 7 25 38 151 92 0 117 120 110 0
549 2711 44 21 88 39 112 80 186 185 98 114 132 135 7 23 140 101
1753 1753 0 0 0 0 0 0 0 168 0 0 42 168 0 0 0 0
6021 6027 147 130 16 74 105 45 159 63 101 72 2 105 76 42 72 18
1037 1046 184 175 150 184 117 66 197 29 12 203 209 0 41 194 207 176
25 26 0 0 0 0 105 0 0 105 0 105 0 105 0 0 0 105
5314 5314 0 0 0 0 0 0 0 0 0 0 0 0 0 0 0 0
1206 1208 0 30 9 167 46 25 155 105 196 105 24 0 135 134 30 0
2016 2032 0 46 172 165 177 174 80 180 16 178 131 0 14 156 203 152
2777 5409 81 153 130 10 148 23 95 15 167 171 24 143 172 72 97 177
5652 5652 20 80 50 50 75 15 10 130 182 162 36 0 0 129 84 60
6715 6727 192 195 107 147 165 201 164 42 112 12 146 0 78 151 26 60
886 895 42 32 188 36 125 110 90 75 142 119 151 73 144 132 87 67
3652 6335 6 125 152 41 137 151 52 149 27 35 27 192 98 38 147 191
1283 1283 0 0 0 0 105 105 0 0 105 0 0 0 0 105 0 0
2514 2526 84 196 16 31 199 98 188 17 122 91 59 30 154 156 56 190
951 954 140 140 112 140 0 0 70 70 126 14 56 0 0 154 84 0
913 2773 52 160 22 160 11 59 98 52 130 82 192 39 96 94 64 161
2693 2693 90 150 0 120 71 205 140 190 1 20 0 0 0 119 160 0
3845 3849 176 92 110 46 25 75 82 92 80 14 36 150 60 159 94 120
2680 2706 113 65 162 4 68 143 2 123 119 61 128 120 123 151 32 155
1924 5838 34 204 20 33 77 208 191 116 168 75 145 76 150 117 50 40
2457 2457 120 60 168 90 140 150 90 108 53 70 182 28 0 157 97 200
520 529 173 55 188 53 45 78 205 43 41 0 1 105 154 169 152 122
863 889 100 172 48 40 88 17 162 16 41 39 186 91 138 203 33 94
769 2684 117 7 25 34 78 53 133 54 206 121 100 173 108 73 99 165
2316 2316 128 71 40 68 0 195 166 118 30 150 185 0 0 205 35 141
4868 4870 180 30 150 60 85 150 180 25 60 155 120 0 150 180 130 30
4579 4599 196 118 92 81 46 183 184 90 97 119 117 114 90 6 100 137
1010 3683 51 48 72 64 65 1 208 205 29 137 174 31 100 40 31 198
6113 6113 134 200 20 104 36 108 113 199 144 6 174 0 84 66 90 150
205 216 96 132 21 51 133 141 67 142 156 110 42 0 189 42 166 168
6628 6637 108 162 146 48 0 90 6 72 142 10 70 0 36 170 0 120
1104 3159 80 52 120 85 146 120 104 186 104 91 158 77 155 77 204 67
5319 5319 97 35 16 82 0 0 209 32 70 43 30 0 146 0 50 140
2683 2687 59 155 112 119 18 69 55 184 127 189 139 0 162 83 205 199
4393 4412 194 147 122 89 33 96 60 121 196 111 40 30 162 131 20 85
938 958 192 60 65 92 159 37 12 107 172 38 121 0 125 150 78 75
3287 3287 60 135 0 150 0 75 150 180 75 0 0 0 0 0 0 135
2816 2823 132 183 180 72 84 27 132 102 141 84 144 0 138 144 120 3
2987 3018 104 91 87 44 193 150 190 31 112 68 89 167 202 83 71 38
925 1098 15 109 127 30 63 170 7 51 0 127 115 45 113 130 45 109
6372 6372 0 0 0 0 0 0 0 0 0 0 0 0 0 0 0 0
6483 6497 130 105 107 85 189 114 120 95 195 59 33 105 88 47 25 25
2812 2828 28 46 120 3 32 161 154 16 148 172 118 18 60 92 55 21
3123 4902 127 39 184 148 181 45 179 37 54 96 202 184 150 161 194 92
6248 6248 142 160 33 139 165 0 101 167 41 203 158 0 173 27 82 120
1877 1887 121 67 201 101 155 15 90 81 183 69 110 140 199 140 162 208
3207 3232 82 40 41 113 41 54 52 32 149 5 162 160 83 103 68 128
2392 4239 69 40 117 151 94 147 187 182 201 203 2 60 15 82 6 196
5767 5767 200 65 80 185 18 54 52 40 72 108 129 0 0 33 45 75
2590 2597 126 84 168 126 146 148 62 158 145 76 42 0 84 179 149 190
2363 2391 35 3 2 60 137 17 67 117 145 140 139 77 174 186 196 34
4 4 20 185 148 50 180 120 10 130 84 121 64 0 0 206 36 200
3014 3014 0 0 0 0 0 0 0 0 0 0 0 0 0 0 0 0
2471 2479 52 49 142 111 88 54 156 44 39 32 182 182 150 106 128 109
4359 4375 173 128 73 173 110 54 191 13 70 93 129 175 148 75 24 109
22 49 76 151 157 208 62 76 0 53 4 65 135 77 32 86 73 42
3544 3544 0 0 168 189 0 0 0 0 0 0 63 0 0 0 0 0
5115 5128 124 25 84 109 38 55 94 43 90 169 34 0 54 120 193 197
2507 2526 132 101 107 41 116 103 90 191 125 101 21 25 98 179 180 195
1011 5055 63 67 123 80 58 123 77 187 83 52 140 162 170 108 97 201
299 299 175 105 140 70 0 0 35 140 0 35 0 0 70 0 70 0
965 970 82 130 89 17 200 30 161 78 171 178 58 71 173 167 162 115
1063 1086 201 111 207 195 197 161 163 167 69 136 163 126 186 32 176 18
963 6032 20 110 78 99 117 200 89 176 193 125 175 121 12 94 200 71
2956 2956 60 30 184 150 0 180 150 180 107 144 137 0 0 103 203 100
4931 4938 108 87 135 153 135 0 123 174 78 184 178 36 173 202 112 97
4960 4987 31 112 110 58 161 122 133 59 31 1 173 40 202 137 160 92
3067 4875 167 18 126 85 139 137 145 103 109 176 22 24 68 117 62 172
3748 3748 70 70 70 70 0 0 140 140 70 0 0 0 0 0 0 0
4300 4300 120 60 154 90 0 150 90 150 151 126 98 0 0 59 139 200
3707 3708 102 72 66 192 175 180 24 13 12 179 174 0 168 186 166 150
1955 2273 125 187 26 189 175 187 167 150 104 15 204 88 145 112 51 121
5428 5428 50 200 20 125 138 99 82 10 135 6 153 0 0 189 171 150
6680 6688 188 170 108 145 180 205 196 193 202 69 65 105 114 109 84 197
2955 2986 193 65 34 188 30 133 140 38 183 41 11 135 21 9 51 26
182 759 28 154 113 56 9 59 39 24 31 127 149 100 173 8 83 109
3297 3297 26 62 140 86 175 120 142 107 198 47 0 0 0 0 40 0
5199 5204 166 55 198 16 174 78 130 176 171 157 16 0 126 154 16 190
5453 5465 92 14 98 71 149 46 152 72 78 182 119 85 0 204 110 49
3868 5963 181 37 156 198 37 32 92 171 100 59 8 40 182 16 54 181
1276 1276 0 0 84 0 0 0 0 0 42 84 42 0 0 168 168 0
900 906 58 76 115 31 180 180 191 182 181 112 196 9 5 1 16 181
4366 4378 0 105 89 7 40 45 80 69 145 155 85 149 70 75 70 5
1103 6869 190 72 91 158 165 188 94 4 184 206 165 202 192 199 135 169
833 833 180 90 30 135 138 99 72 120 27 198 9 0 0 183 135 120
5761 5767 18 78 120 168 109 168 26 13 177 161 144 0 174 78 10 138
2799 2814 85 55 135 46 206 70 120 16 166 87 23 96 65 172 178 0
4171 5576 32 71 37 86 187 0 70 50 55 3 172 60 100 181 96 142
1133 1133 105 105 0 0 1 145 125 0 91 105 0 0 0 119 0 105
3364 3366 60 75 38 180 120 0 90 180 124 1 64 0 150 26 186 170
5491 5495 152 20 189 107 196 15 121 107 121 47 126 0 63 84 40 140
6480 6671 97 60 84 144 46 99 3 118 138 47 155 28 160 38 31 202
567 567 24 138 0 144 0 30 18 114 30 0 0 0 0 0 0 138
5176 5186 87 155 186 147 36 183 151 114 22 201 109 42 22 188 59 15
1406 1416 40 70 136 195 101 143 142 50 149 12 165 0 162 177 156 190
182 2070 138 123 54 45 3 80 63 43 199 102 166 170 168 4 128 101
1299 1299 84 0 0 84 198 150 94 84 115 0 126 0 84 125 0 160
4360 4367 123 120 101 93 70 195 21 9 61 98 155 71 114 119 119 126
5576 5597 187 192 114 147 115 137 177 52 61 72 44 159 202 116 203 57
498 846 113 148 135 73 108 47 181 193 203 55 173 3 40 84 136 187
1058 1058 186 30 114 43 144 12 102 96 156 24 15 0 126 54 150 180
144 149 168 84 162 168 97 21 138 70 56 176 120 0 126 70 63 190
6683 6705 4 146 154 49 13 130 172 72 55 120 196 105 146 205 72 135
597 1807 7 63 13 154 25 129 49 41 157 203 177 72 120 4 152 93
1312 1312 0 105 105 105 189 83 94 0 184 0 105 0 0 116 53 0
6633 6636 105 120 110 120 0 90 45 0 190 196 160 0 180 20 180 133
6126 6128 110 20 8 170 75 165 70 190 75 162 36 0 0 116 61 140
471 893 21 72 14 178 100 52 0 156 46 115 173 178 115 184 58 113
4809 4809 0 0 184 0 140 0 0 90 167 154 127 40 0 103 73 110
2258 2272 157 166 19 44 15 100 162 135 124 115 193 0 77 124 138 180
3287 3317 86 108 151 46 119 88 106 39 65 32 207 87 2 43 5 12
3099 6290 97 150 58 60 86 51 161 104 54 182 186 136 145 70 85 194
2311 2311 62 59 0 92 0 165 64 172 25 0 0 0 0 0 0 59
203 206 162 60 174 132 36 108 169 87 144 48 174 0 168 66 90 122
3588 3588 120 60 90 90 31 25 80 150 91 90 90 0 0 179 0 150
1804 3142 56 186 107 186 175 162 101 54 195 13 116 1 185 39 119 26
4325 4325 84 0 0 84 0 0 124 84 157 0 126 0 84 83 0 160
917 930 186 195 177 63 201 119 50 96 34 104 119 0 174 130 35 186
2434 2459 45 50 3 81 138 24 117 152 156 119 77 182 52 171 23 114
2824 5975 140 4 52 144 67 78 128 80 179 123 62 38 99 150 75 49
5547 5547 196 0 98 196 0 0 182 56 0 14 0 0 28 0 70 0
6729 6738 186 56 28 36 174 147 102 84 35 159 34 18 172 50 4 149
5478 5502 47 153 151 50 187 81 185 197 94 104 30 135 98 161 79 149
1804 3624 114 43 71 203 58 60 141 134 189 100 10 137 78 25 206 88
4398 4398 0 0 0 0 0 0 0 0 105 0 0 0 0 105 0 0
3257 3264 45 150 118 30 0 60 33 42 176 178 140 192 186 154 10 195
5652 5666 140 161 10 35 142 3 54 140 146 66 199 0 126 159 154 139
394 1025 56 70 131 116 133 76 198 4 180 28 200 141 60 33 182 155
6105 6105 142 160 159 97 165 0 101 167 41 203 74 0 173 27 82 120
6428 6443 150 42 64 48 86 133 140 113 44 169 80 0 206 114 196 42
2356 2370 32 107 6 200 175 180 204 103 5 71 33 35 84 130 172 92
349 716 53 127 138 40 130 157 206 69 2 125 67 30 74 186 149 107
1448 1448 0 0 108 174 0 0 0 0 0 0 48 0 0 0 0 0
5384 5394 28 140 174 31 75 78 22 98 95 196 207 0 98 6 59 10
2736 2739 180 90 108 30 0 30 90 120 83 150 150 0 0 127 107 100
1042 1120 202 101 24 31 133 0 45 80 147 56 121 65 92 207 166 195
6180 6180 84 0 0 84 0 0 124 84 157 0 126 0 84 83 0 160
4656 4661 84 0 60 84 62 44 36 54 80 162 102 0 84 82 18 30
715 724 181 115 60 106 18 78 61 116 131 27 139 0 168 209 25 155
351 4554 31 168 121 60 129 51 21 195 17 111 194 29 207 78 201 152
5946 5946 0 0 70 0 0 0 0 0 140 140 140 0 0 70 0 70
5411 5424 24 79 43 209 41 42 122 127 97 59 147 56 62 41 15 190
421 441 75 105 56 115 141 47 105 9 160 180 48 9 180 142 110 195
1508 1815 150 33 103 55 206 150 102 202 3 76 39 69 42 125 47 74
1639 1639 142 64 0 82 175 90 194 143 110 65 124 71 0 0 100 9
2500 2500 0 0 0 0 0 0 0 0 0 0 0 0 0 0 0 0
5585 5594 30 57 78 204 53 188 140 144 155 48 174 42 84 145 6 93
3248 4807 89 153 115 79 181 136 141 122 126 181 60 164 176 189 123 15
2145 2145 10 145 18 130 150 30 200 170 124 61 4 0 0 86 96 170
5570 5579 60 90 94 90 43 75 30 7 65 98 90 147 90 180 118 20
4190 4219 49 45 207 85 38 0 173 23 98 98 23 194 80 155 177 198
531 4006 103 189 14 104 147 91 23 175 49 161 60 57 101 90 204 76
6570 6570 20 80 50 50 75 15 10 130 182 162 36 0 0 129 84 60
5524 5528 168 60 6 138 135 90 204 63 174 177 36 0 102 78 18 30
1808 1824 89 20 111 52 194 162 47 127 111 30 129 168 84 85 16 204
1681 2513 202 6 98 128 123 89 44 181 147 118 1 29 180 56 159 6
1627 1627 170 0 184 177 0 0 100 160 0 40 99 0 170 0 110 0
375 390 135 141 10 63 162 70 145 99 3 0 87 88 56 120 21 154
3254 3283 1 190 29 3 201 172 65 131 173 17 147 177 104 115 188 87
92 2391 153 96 155 130 167 125 189 4 42 199 79 161 83 6 191 71
3689 3689 0 0 0 0 0 0 0 0 0 0 0 0 0 0 0 0
577 582 174 108 79 204 22 54 1 193 45 93 163 0 49 4 50 40
2136 2152 204 3 117 69 191 16 176 115 188 89 135 0 30 145 121 106
2894 2991 53 198 120 140 96 49 48 1 22 116 116 98 114 86 128 119
3911 3911 0 0 0 0 0 0 0 0 0 0 0 0 0 0 0 0
6812 6815 186 30 184 66 0 180 206 96 205 144 11 0 126 5 203 30
3701 3711 59 149 201 44 143 114 48 135 76 139 89 126 207 59 97 24
606 1900 143 127 3 169 20 196 193 7 47 178 208 94 85 97 96 7
3798 3798 156 90 12 6 60 0 108 6 48 84 102 0 54 6 96 120
4726 4734 181 140 9 166 105 0 20 11 56 51 128 0 111 56 121 98
1612 1612 120 60 18 90 0 150 90 150 144 78 204 0 0 66 126 60
794 4712 1 86 60 93 141 93 50 52 189 203 3 83 120 126 17 109
2261 2261 168 126 0 168 140 0 126 56 84 196 0 0 0 0 140 0
1697 1711 194 170 154 68 79 14 148 193 181 189 16 69 78 139 127 140
2023 2028 25 65 200 145 18 159 17 110 37 133 19 0 140 173 105 110
1608 5510 124 83 27 187 87 16 178 51 169 184 32 16 29 171 56 6
1631 1631 0 0 0 0 0 30 120 0 150 0 0 0 0 90 90 0
282 292 129 180 207 39 183 181 159 114 197 75 60 0 168 43 82 183
2690 2716 102 123 133 46 68 126 204 72 85 83 169 200 38 18 187 43
4153 4309 52 155 76 168 12 26 188 166 177 187 82 143 45 70 202 14
6659 6659 204 60 90 174 69 63 73 129 207 6 174 0 84 3 90 150
4549 4549 0 0 0 0 0 0 0 0 0 0 0 0 0 0 0 0
3121 3133 131 8 96 6 63 149 27 158 86 116 30 0 62 195 182 14
186 1008 134 167 176 57 18 161 75 114 27 37 95 36 204 183 42 83
4075 4075 20 30 194 140 0 180 40 130 107 184 77 0 170 103 103 100
4140 4144 84 0 70 84 0 0 84 84 77 0 56 0 84 133 35 70
4159 4188 50 185 164 4 76 56 134 115 124 197 207 120 156 155 77 4
619 831 73 8 9 184 97 37 114 119 103 58 156 49 58 60 180 204
3936 3936 0 105 14 0 0 0 0 0 70 1 154 0 0 140 120 140
3207 3212 58 170 196 181 175 180 176 23 208 83 19 125 194 102 112 85
4345 4355 100 190 138 40 79 159 70 62 147 30 110 182 126 123 6 112
6221 6569 1 24 125 172 171 113 134 130 156 36 83 206 188 73 176 173
774 774 70 70 0 70 0 0 140 140 140 140 140 0 140 0 70 0
5342 5356 209 20 171 199 75 85 199 126 114 9 48 42 50 35 3 173
3893 3904 133 74 67 85 147 39 93 128 95 51 201 60 188 185 96 113
2333 3252 186 122 72 102 39 133 102 18 198 140 162 39 69 125 136 95
2888 2888 84 0 0 84 0 0 124 84 157 0 126 0 84 83 0 160
4381 4385 55 35 156 145 0 105 27 200 154 43 177 0 104 56 50 140
6227 6253 161 49 206 30 4 170 29 195 150 2 144 57 168 176 203 5
1370 5115 101 14 18 4 161 6 43 39 109 132 140 70 92 59 110 20
5752 5752 0 0 198 144 0 0 0 0 0 0 18 0 0 0 0 0
1526 1536 57 117 81 147 0 30 24 208 165 93 98 100 201 21 162 145
5151 5176 96 168 51 120 45 62 131 101 57 12 137 135 47 63 4 138
266 2367 156 209 161 142 129 157 200 136 11 53 128 42 8 28 164 25
3787 3787 118 101 70 148 0 165 176 158 25 70 0 0 140 0 140 101
2153 2160 129 165 52 24 70 50 133 120 0 141 84 26 72 30 130 201
6887 6909 182 79 110 112 90 123 110 112 54 194 165 0 164 79 33 112
722 3037 166 35 73 146 155 145 66 124 97 26 173 190 158 161 171 105
2517 2517 126 42 0 126 70 0 42 112 168 182 0 0 0 0 70 0
554 566 48 0 96 198 35 77 44 18 58 108 174 0 12 11 122 190
4402 4409 148 106 24 65 31 120 116 183 2 181 47 150 200 96 62 126
1171 3597 176 56 185 113 86 30 91 58 36 165 23 52 172 182 14 85
5672 5672 0 0 126 63 0 0 0 0 0 0 21 0 0 0 0 0
6281 6284 63 105 196 168 106 145 41 63 147 16 56 105 84 63 184 175
2755 2761 112 199 70 37 88 115 154 14 47 102 159 0 150 38 66 165
855 6554 23 205 172 3 154 197 65 178 65 171 69 52 160 134 172 33
1818 1818 188 101 0 8 0 165 106 88 25 0 0 0 0 0 0 101
5221 5223 96 132 0 156 175 120 72 37 198 47 0 0 0 0 40 0
5361 5373 3 144 117 90 104 32 178 159 147 149 152 6 135 128 114 47
1468 1859 169 140 41 52 126 1 72 189 103 207 88 18 166 38 149 96
615 615 84 0 0 84 0 0 124 84 157 0 126 0 84 83 0 160
610 622 95 14 202 95 64 87 127 102 198 61 76 178 54 157 73 161
3999 4020 28 166 165 13 136 101 66 192 82 104 69 21 114 85 137 186
1821 5189 62 140 166 69 199 28 92 17 30 155 124 187 135 197 72 1
6766 6766 42 0 0 42 0 0 22 42 121 0 168 0 42 179 0 130
1602 1610 142 88 177 39 86 198 113 168 137 42 30 140 185 201 120 146
523 542 28 150 136 148 124 196 154 158 34 162 60 0 44 106 196 2
208 395 64 198 103 201 39 22 63 41 147 141 74 76 147 14 0 177
2043 2043 127 105 26 142 0 0 29 122 0 83 180 0 106 0 160 83
746 746 120 60 112 90 0 150 90 150 25 98 182 0 0 185 125 200
435 438 0 0 0 0 109 90 150 175 84 35 0 0 0 126 70 0
124 963 135 159 48 130 127 22 71 193 136 70 124 18 95 91 205 126
2755 2755 96 132 0 156 83 10 122 37 16 47 0 0 0 182 40 0
1544 1551 102 40 24 72 172 99 93 117 138 8 169 140 163 140 71 10
933 960 39 21 136 99 34 158 149 36 14 181 141 140 168 82 52 169
360 6778 73 108 21 61 67 92 61 170 77 145 126 105 126 170 144 10
3199 3199 20 80 50 50 159 53 134 130 36 162 36 0 0 5 2 60
6592 6592 0 0 0 0 0 0 0 0 0 0 0 0 0 0 0 0
4324 4340 70 1 41 115 59 130 62 194 93 43 24 24 110 50 159 33
578 4084 187 71 43 195 56 61 84 152 37 97 84 14 112 181 17 126
2810 2810 30 120 126 180 175 90 180 171 138 107 82 71 0 42 142 65
5167 5173 116 170 6 206 16 42 192 146 142 188 113 0 126 88 66 70
2736 2739 60 30 132 150 0 0 60 180 177 90 90 0 0 33 3 120
3321 3484 67 206 169 140 90 79 111 198 77 66 123 10 53 117 151 163
28 28 0 0 174 187 0 0 0 0 105 0 54 0 0 105 105 0
4492 4497 30 120 122 180 204 42 126 90 170 0 70 0 0 190 86 90
1071 1082 168 120 137 127 99 6 30 192 52 132 39 54 204 36 51 55
3172 6594 123 187 178 205 178 60 124 23 194 13 105 119 26 41 36 72
1571 1571 188 101 0 8 140 95 176 88 165 0 0 0 0 70 0 101
2205 2210 48 180 156 108 6 78 64 18 0 54 72 0 192 90 180 108
1759 1776 120 105 97 162 29 26 10 206 173 102 2 126 8 176 41 130
314 347 104 48 87 46 187 87 186 133 55 167 7 75 78 83 65 99
2107 2107 188 101 0 8 0 165 106 88 25 0 0 0 0 0 0 101
5088 5093 58 190 40 103 66 18 22 83 134 201 75 0 168 6 75 90
4635 4635 5 105 130 80 0 0 145 190 0 205 60 0 110 0 170 0
1104 1533 90 81 61 57 51 55 200 81 44 111 125 46 123 163 86 64
5783 5783 30 120 0 180 1 25 200 90 181 0 0 0 0 119 0 120
910 915 174 45 15 204 34 13 98 144 132 36 204 0 84 108 140 130
4247 4278 0 122 191 5 80 1 152 48 141 17 8 68 60 168 99 118
2814 6004 136 19 100 124 125 196 97 72 188 42 38 119 171 64 123 100
5007 5007 142 160 159 97 39 168 185 167 125 203 74 0 173 153 40 120
1322 1328 13 45 182 148 0 10 133 158 200 59 168 0 28 160 134 15
2783 2813 142 135 83 10 144 161 107 159 36 90 167 152 1 158 98 4
4069 4913 17 168 37 63 24 177 10 56 172 181 78 99 206 188 151 32
125 125 105 105 0 0 0 0 105 0 0 105 0 0 0 0 0 105
560 571 41 72 196 32 118 164 189 142 26 80 128 52 176 82 4 34
6931 6958 161 26 70 15 141 8 77 165 54 191 170 46 90 127 179 115
160 297 174 175 196 187 38 57 138 108 149 35 176 139 55 135 116 187
1856 1856 90 150 0 120 1 205 140 60 136 0 0 0 0 74 15 150
4837 4846 109 16 167 199 35 180 136 143 161 109 174 94 189 99 90 110
5352 5370 112 157 132 44 1 110 134 169 21 2 61 37 78 139 41 201
3211 5935 58 42 170 58 135 8 39 41 71 97 181 8 139 9 133 182
1514 1514 167 105 30 152 0 0 139 172 112 71 142 0 146 98 8 140
109 119 172 187 48 97 48 198 45 173 54 35 62 0 113 170 206 110
5646 5664 206 110 11 11 53 77 32 100 54 74 193 84 84 149 188 29
1944 4290 77 188 128 82 115 197 206 6 198 138 46 160 177 53 3 163
57 57 30 120 0 180 175 90 180 171 180 65 124 71 0 0 100 65
2914 2927 119 127 184 24 17 151 35 64 38 101 122 70 204 81 144 132
257 286 100 127 165 41 89 73 27 23 79 103 104 82 71 26 17 139
54 322 81 161 26 92 138 67 90 60 82 208 10 173 172 84 154 199
6717 6717 0 0 0 0 0 0 0 0 0 0 0 0 0 0 0 0
1089 1098 72 57 34 12 111 43 141 93 117 135 70 10 42 81 80 50
277 304 164 135 195 12 146 189 175 170 117 90 194 110 167 6 193 81
50 78 194 200 24 23 158 26 136 175 38 190 49 126 32 157 25 35
578 578 36 60 90 6 204 192 92 66 186 174 6 0 126 24 90 150
5480 5490 3 75 132 201 138 72 91 186 161 129 30 18 42 139 69 95
4483 4506 12 146 175 162 89 108 131 183 7 84 27 121 139 126 123 136
892 5055 5 114 146 155 54 76 174 55 194 126 20 78 77 130 151 115
2407 2407 126 42 0 126 0 0 42 126 0 0 0 0 0 0 0 42
1497 1500 15 165 198 90 175 150 195 123 159 162 91 23 0 201 81 125
5336 5343 0 0 54 80 168 196 26 0 164 42 3 0 126 76 91 132
1507 1920 5 21 188 42 77 171 149 46 71 70 181 17 96 126 85 120
3450 3450 0 105 126 0 0 0 0 0 168 147 168 0 0 42 42 0
5438 5452 44 146 167 129 70 141 145 179 89 59 6 0 81 96 52 156
6747 6768 185 200 145 87 198 42 185 148 50 27 66 18 72 69 35 108
4204 4433 61 49 70 105 29 62 48 187 129 175 173 3 183 52 209 9
467 467 188 101 0 8 165 150 46 88 130 0 0 0 0 105 0 101
425 432 49 85 153 109 123 26 192 119 140 110 176 0 167 198 125 32
1102 1119 198 57 131 136 194 94 138 84 63 148 174 46 126 21 163 192
2891 5663 139 157 140 41 61 86 147 137 169 162 125 62 1 40 172 106
5967 5967 0 0 0 0 0 70 140 0 140 0 0 0 0 70 70 0
6702 6710 138 174 66 93 174 177 4 120 50 24 3 0 168 142 206 100
4182 4190 90 15 77 129 164 188 64 165 206 34 15 175 150 19 131 180
1805 4076 169 146 107 53 200 164 148 10 160 90 118 76 126 84 1 7
1371 1371 76 0 128 166 0 0 62 116 0 134 30 0 118 0 190 0
2133 2134 0 105 105 105 119 83 94 140 184 70 105 0 0 116 193 0
795 800 48 90 126 18 84 48 198 18 143 24 93 0 120 37 20 130
3901 5339 126 175 19 156 107 188 123 43 164 48 108 136 76 62 37 98
2303 2303 167 105 16 152 168 36 157 172 138 43 30 0 146 192 116 0
3348 3360 69 174 60 39 105 120 43 81 184 97 10 0 36 70 15 193
6302 6332 56 50 4 129 57 130 92 199 75 13 145 10 84 85 22 104
2685 3530 49 128 95 55 208 112 107 91 174 125 65 203 71 185 79 169
1773 1773 72 0 66 102 0 0 114 132 0 138 150 0 156 0 180 208
501 513 147 42 103 182 175 105 56 49 160 137 119 201 105 86 141 76
6113 6126 194 125 72 50 121 83 24 51 122 175 12 105 168 31 56 176
570 2410 74 49 105 66 133 12 158 204 152 4 165 197 80 159 189 23
851 851 84 0 0 84 30 150 94 84 157 0 126 0 84 83 0 160
2865 2871 36 195 111 201 27 197 38 66 190 60 147 0 30 182 101 120
4580 4598 94 133 94 129 64 72 112 34 168 59 119 76 156 54 190 82
367 780 17 12 53 172 26 196 69 11 181 108 189 209 76 139 190 138
2518 2518 0 0 0 0 0 0 0 0 0 0 0 0 0 0 0 0
3414 3419 0 150 186 0 170 105 60 0 3 127 38 70 180 192 182 25
6528 6537 122 41 5 112 136 73 159 37 121 123 135 0 99 145 109 191
3921 5874 49 72 147 99 87 35 119 133 124 67 84 199 8 66 199 45
2045 2045 18 0 174 78 1 145 206 138 91 192 90 0 144 119 150 52
6715 6718 36 60 62 6 36 108 85 171 151 48 118 0 126 59 34 80
840 862 105 73 38 156 69 42 121 201 186 118 152 75 38 2 35 119
1122 3343 44 181 40 100 79 23 155 28 36 37 20 45 65 54 170 191
3384 3384 0 0 0 0 0 0 0 0 0 0 0 0 0 0 0 0
4591 4603 60 5 18 125 146 188 11 143 47 196 181 0 178 16 110 179
6853 6859 110 145 44 167 48 159 22 190 117 143 33 0 20 43 135 100
4416 5679 104 182 183 56 70 87 102 98 54 176 198 188 106 140 158 23
6080 6080 68 41 84 128 0 15 16 148 49 0 0 0 0 186 36 41
2766 2778 91 199 89 136 128 0 0 178 133 147 173 0 113 147 42 33
4929 4941 5 202 92 170 9 162 103 166 114 61 169 78 196 56 147 146
40 160 201 202 203 183 139 14 140 46 204 132 63 101 102 160 3 151
2282 2282 0 0 0 0 0 0 0 0 0 60 0 0 0 0 60 0
6100 6102 14 140 203 119 105 0 7 49 77 21 168 0 21 189 84 0
3115 3127 165 191 122 0 112 16 15 176 152 135 23 71 20 158 126 115
2983 6470 4 160 2 22 86 36 18 3 25 162 85 41 36 156 134 10
5552 5552 120 60 174 67 0 150 90 150 165 0 159 0 0 45 195 60
3684 3695 19 5 50 59 26 132 11 134 117 3 104 70 54 31 149 20
5344 5352 4 142 180 173 208 78 42 195 26 205 83 0 140 81 62 0
630 6977 102 182 101 45 129 190 40 110 197 129 6 82 160 189 40 208
2875 2875 126 0 168 126 0 0 42 126 0 84 0 0 168 0 0 0
4336 4342 6 45 33 141 42 182 90 186 82 138 117 0 168 71 5 120
6260 6276 141 11 137 93 45 35 184 24 150 203 129 189 1 77 57 17
584 3238 206 38 117 44 183 23 132 136 122 75 65 24 5 82 177 92
2691 2691 0 0 0 0 30 150 180 0 0 0 0 0 0 0 0 0
1239 1253 177 90 206 75 89 121 75 177 65 102 113 140 102 118 202 10
1469 1498 69 159 30 69 43 107 59 29 147 116 63 57 180 51 104 133
1976 3274 86 138 196 155 82 170 65 54 158 186 97 42 33 97 8 128
6957 6957 114 0 150 144 0 0 154 174 157 180 66 0 114 83 180 200
4175 4187 104 23 183 26 102 74 130 190 159 197 4 35 90 64 10 16
52 82 48 147 55 176 50 76 92 65 63 191 69 102 162 127 161 102
1155 1807 48 116 11 92 23 134 36 119 48 32 6 46 188 110 1 169
3205 3205 90 45 105 15 189 143 4 120 94 90 105 0 0 116 143 0
4938 4946 149 15 162 194 0 90 163 34 16 135 79 0 182 134 49 185
1274 1305 27 24 147 124 159 206 180 204 161 159 178 70 1 20 80 20
299 2923 207 187 196 50 155 188 74 69 60 203 34 20 53 185 115 97
6380 6380 0 0 84 0 0 0 0 0 147 84 147 0 0 63 63 0
926 929 70 70 70 70 84 168 114 140 4 0 0 0 0 176 168 190
3724 3752 70 204 48 1 133 173 33 6 41 109 126 0 91 186 55 38
4579 4757 173 95 106 154 53 78 114 41 167 108 149 178 189 108 193 102
6712 6712 0 0 84 147 0 0 0 0 0 0 189 0 0 0 0 0
6023 6034 204 144 54 195 2 171 114 24 17 136 89 70 42 43 46 154
3918 3918 84 0 0 84 0 0 84 84 42 0 126 0 84 168 0 0
2116 5316 67 61 186 117 140 190 182 12 29 202 154 158 161 85 157 37
2915 2915 0 0 0 0 156 150 180 0 126 0 0 0 0 84 0 0
3257 3262 111 150 182 36 140 60 15 156 106 16 78 10 84 14 30 16
2074 2093 7 22 173 17 39 117 196 57 72 16 9 100 83 27 14 21
1149 1994 181 48 0 116 53 180 1 131 80 130 182 1 165 107 128 96
4165 4165 162 144 0 132 0 150 174 174 6 204 0 0 0 0 120 0
5245 5260 172 71 144 32 116 152 53 73 35 50 115 108 23 122 105 35
2277 2303 33 186 38 192 121 10 152 51 201 176 61 0 159 147 129 205
4563 4641 83 174 196 84 201 32 127 64 85 119 187 31 32 182 55 126
1306 1306 0 0 0 0 0 0 0 0 0 0 0 0 0 0 0 0
1784 1785 30 120 168 54 70 90 180 66 180 170 82 176 0 0 100 170
4421 4438 119 80 182 101 19 50 15 168 65 71 133 189 106 25 94 40
3412 4548 45 174 167 172 153 67 178 119 176 195 73 207 103 168 200 198
6357 6357 126 42 174 103 175 0 42 7 168 77 159 0 0 0 70 0
1155 1157 20 80 74 27 67 115 60 100 192 30 129 0 0 113 60 90
6827 6832 112 105 28 112 42 54 14 182 202 141 112 0 112 68 100 116
1946 4882 50 97 187 87 128 183 85 159 22 91 48 198 208 98 52 144
6382 6382 167 105 16 152 0 0 199 172 120 43 30 0 146 30 50 30
1388 1389 141 165 60 6 0 150 27 66 186 141 36 0 168 24 84 39
1211 1233 123 30 59 171 174 79 84 138 143 106 208 140 119 55 65 125
424 427 130 0 166 167 0 0 200 110 196 24 25 0 130 14 94 140
2335 2335 0 0 0 0 126 42 126 0 126 0 0 0 0 84 42 0
2120 2121 120 60 96 198 0 150 90 54 90 120 72 144 0 0 120 120
1687 1696 90 94 140 90 84 178 4 180 146 90 164 30 14 24 36 124
1324 2538 14 5 126 64 147 61 151 101 172 111 94 48 77 78 39 179
1544 1544 167 105 16 152 0 0 139 172 0 43 30 0 146 0 50 0
8 12 4 180 190 94 140 30 68 140 154 184 108 46 22 146 126 30
4146 4163 133 170 24 58 152 18 171 98 68 118 108 0 80 152 108 75
3863 5217 201 175 21 64 93 74 60 49 54 172 78 56 204 160 70 50
356 356 0 0 0 0 0 0 0 0 0 0 0 0 0 0 0 0
4017 4017 70 70 70 70 42 126 98 140 168 42 126 0 0 42 0 0
4851 4872 53 190 136 67 104 118 93 207 62 66 63 0 160 130 157 116
2358 3473 82 159 141 2 152 83 197 183 6 118 140 28 64 122 90 121
237 237 150 120 180 0 175 90 90 111 180 155 94 71 120 0 190 155
2495 2505 110 209 194 177 27 93 101 190 107 180 96 105 63 63 183 39
4570 4586 134 200 151 69 45 3 128 148 2 49 7 114 168 202 75 180
4289 4666 196 106 72 14 58 17 159 93 186 124 146 119 93 69 117 153
1419 1419 132 0 156 12 0 0 174 102 0 78 30 0 6 0 120 0
6536 6551 4 34 114 169 108 30 26 194 109 20 137 0 74 37 61 102
4153 4160 169 15 51 199 196 17 27 35 102 143 147 71 118 138 197 40
354 701 196 162 21 201 61 124 181 43 92 201 49 126 181 106 56 182
2642 2642 36 60 90 6 204 192 92 66 186 174 6 0 126 24 90 150
4924 4931 19 55 140 184 48 168 183 134 14 207 32 0 84 136 152 135
865 875 102 141 96 147 157 177 132 112 78 16 197 0 188 174 113 101
79 5823 148 75 178 151 65 25 150 58 143 143 78 152 111 62 21 85
919 919 187 205 96 82 0 180 179 92 110 153 180 0 36 0 90 183
2774 2774 140 140 0 140 0 0 70 70 70 70 70 0 70 0 140 0
1710 1725 96 120 199 154 179 207 21 90 204 135 87 196 137 162 0 39
4395 5684 122 45 195 179 142 9 105 181 164 6 150 194 184 7 4 137
3276 3276 60 30 208 150 0 180 150 180 58 150 185 0 0 152 202 170
1618 1632 93 30 190 18 199 43 77 53 70 32 48 140 108 53 202 45
2647 2647 56 77 0 56 0 105 112 196 175 0 0 0 0 0 0 77
52 792 20 163 53 128 204 25 147 180 109 153 86 204 178 115 83 89
85 85 120 165 105 195 189 23 184 90 64 120 105 0 0 116 173 0
4668 4681 96 81 183 91 181 49 118 192 166 54 129 195 186 206 201 119
4999 5010 117 204 208 42 114 97 65 162 40 39 32 0 150 185 197 159
3036 4157 86 64 80 54 56 132 51 184 140 201 100 9 116 206 174 115
4799 4799 0 0 0 0 0 160 80 0 170 0 0 0 0 130 130 0
3298 3302 120 180 84 30 97 111 142 160 84 140 102 0 36 189 22 90
2453 2479 124 64 6 182 202 201 136 193 79 31 150 49 68 68 141 19
4144 5974 76 113 147 0 0 63 101 17 195 164 49 22 121 47 200 132
4181 4181 18 156 0 108 35 180 66 101 24 151 0 0 0 0 200 0
4632 4645 174 26 48 195 131 71 158 57 108 125 25 0 52 46 43 174
1770 1792 9 38 133 17 98 58 44 10 190 18 78 71 169 100 146 168
1750 3987 206 199 76 169 0 108 162 189 206 131 142 185 41 64 56 116
6556 6556 0 0 0 0 0 0 0 0 0 0 0 0 0 0 0 0
5088 5098 118 208 191 110 141 33 23 62 62 16 85 165 37 138 32 15
6331 6345 60 207 24 3 73 102 87 166 66 138 160 180 19 207 111 190
737 5668 71 125 123 131 115 54 57 6 157 73 145 133 81 186 193 197
1326 1326 58 160 159 13 165 0 17 83 209 203 158 0 89 69 82 120
6952 6959 132 150 21 57 119 123 160 30 25 157 176 178 0 125 206 180
4191 4202 132 135 96 152 183 95 7 108 59 168 117 117 27 13 51 77
650 1545 41 197 203 85 174 141 59 164 136 142 147 208 179 60 173 19
2560 2560 6 192 126 36 175 60 162 187 174 47 0 0 0 24 4 60
314 321 90 180 120 150 126 72 162 60 175 144 36 0 192 125 190 170
154 164 136 195 149 61 113 161 106 86 195 176 171 0 40 195 61 170
34 1035 139 205 139 146 142 46 188 141 109 60 188 136 53 35 59 13
324 324 90 150 120 120 75 15 150 60 0 120 120 0 0 45 0 60
3351 3351 70 70 0 70 0 0 140 140 140 0 0 0 0 0 0 70
874 890 128 14 4 41 120 156 98 163 202 173 197 150 206 43 169 14
3041 5901 181 103 156 20 58 192 40 3 47 182 87 157 36 43 182 26
4795 4795 198 120 84 138 175 90 96 129 180 107 124 71 84 0 100 65
2327 2340 34 112 128 19 163 127 8 74 146 128 2 0 132 196 171 94
2270 2278 2 155 203 152 63 202 108 202 41 168 42 0 42 205 40 60
199 1244 1 180 156 80 55 108 141 104 69 67 99 123 120 88 55 72
176 176 60 30 42 150 0 180 150 180 142 0 0 0 0 68 178 170
2582 2585 88 205 186 158 0 75 164 146 59 102 18 198 42 168 18 25
5186 5211 184 7 146 97 128 18 168 185 102 1 191 145 112 87 102 136
1417 1740 35 176 101 14 144 89 161 39 102 127 94 21 97 27 127 39
4517 4517 0 105 98 0 0 0 0 0 154 1 154 0 0 56 36 140
3437 3442 6 45 15 36 27 102 72 186 153 78 78 0 126 87 113 150
4326 4329 170 71 48 87 0 195 82 10 61 58 73 120 28 42 2 51
2195 2360 150 118 130 54 84 49 126 56 117 20 8 40 170 98 40 169
3373 3373 150 30 4 120 0 180 30 30 107 54 167 0 90 103 113 80
4827 4840 94 46 62 199 90 35 20 84 186 134 100 0 198 36 122 111
5652 5654 172 205 199 157 29 23 180 82 170 178 129 0 168 188 25 180
1279 1994 154 205 1 125 37 94 126 205 123 197 66 156 152 6 10 156
5245 5245 0 0 0 0 0 0 0 0 0 0 0 0 0 0 0 0
555 564 192 165 93 87 79 33 162 72 188 144 114 0 114 142 128 30
5745 5760 111 165 88 84 118 41 139 51 20 0 146 0 78 46 33 55
8 128 69 116 168 10 157 143 176 60 169 22 20 142 114 207 189 46
3134 3134 0 0 0 0 0 0 140 0 140 0 0 0 0 70 0 140
1489 1497 206 8 80 41 57 193 34 127 130 31 5 61 192 5 125 73
6443 6469 14 170 157 21 74 195 122 194 170 145 191 105 80 55 4 7
2443 3460 50 168 131 16 39 21 175 105 189 85 76 165 156 24 204 141
4348 4348 0 0 0 0 0 0 0 0 0 0 0 0 0 0 0 0
3577 3583 142 60 50 22 175 0 2 143 21 175 142 71 22 9 20 5
4239 4241 180 90 30 30 180 120 30 120 195 30 30 0 0 15 135 120
1603 3405 197 59 203 58 9 82 38 195 115 36 114 119 69 74 186 1
2119 2119 0 105 0 0 0 105 0 0 105 0 0 0 0 0 0 105
3549 3554 68 185 82 128 168 129 175 43 65 65 53 0 161 63 37 194
635 642 130 120 134 100 198 32 136 110 68 206 78 0 100 112 200 34
1012 1038 35 106 203 43 201 139 106 163 59 175 189 123 180 53 206 1
1151 1151 0 0 174 187 0 0 0 0 0 0 159 0 0 0 0 0
4906 4908 56 105 56 56 0 0 112 196 14 155 14 0 98 196 36 70
1418 1420 198 150 186 168 0 60 186 48 171 84 21 0 24 39 99 150
4405 4419 176 191 177 161 151 123 92 62 67 140 14 90 26 201 20 194
1994 1994 0 0 98 0 0 0 0 0 154 196 154 0 0 56 126 140
2141 2149 44 44 75 104 60 139 168 83 4 59 96 0 12 153 156 201
230 245 178 22 142 154 23 168 118 87 193 183 142 98 162 195 102 80
2544 3283 150 166 53 138 43 132 107 117 29 173 33 139 184 171 78 135
3382 3382 0 0 0 0 0 0 0 0 0 0 0 0 0 0 0 0
539 543 120 130 137 135 39 38 181 45 77 189 106 0 127 21 208 2
5263 5286 196 37 116 16 86 196 179 87 39 135 106 6 61 181 52 102
1344 2172 198 63 129 198 29 14 167 179 102 207 94 124 66 28 39 123
1351 1351 158 86 80 143 18 159 178 208 177 108 129 0 0 33 45 96
2246 2252 34 95 62 154 110 105 2 26 9 46 158 142 36 172 82 5
2615 2639 149 124 99 204 175 208 14 88 120 197 36 84 73 183 121 7
1200 1461 77 145 158 91 68 111 179 192 122 119 181 85 31 116 29 166
2347 2347 0 105 105 105 189 83 94 0 184 0 105 0 0 116 53 0
5828 5839 150 121 94 75 131 117 90 75 47 91 32 55 164 18 209 56
2781 2793 114 15 75 124 197 101 147 104 156 152 117 140 119 159 25 125
2365 2481 126 4 188 54 39 24 11 109 91 17 49 40 116 56 1 66
3678 3678 0 0 0 0 0 0 30 0 165 0 0 0 0 15 0 120
4285 4293 18 90 90 168 139 91 56 158 36 28 6 0 48 117 22 180
4773 4776 70 112 24 118 175 0 14 189 14 49 104 0 56 84 14 84
329 592 175 2 116 20 98 76 186 98 85 194 115 207 87 29 165 197
4160 4160 57 105 96 72 0 0 99 192 0 153 180 0 36 0 90 83
6416 6425 162 165 175 132 199 180 21 0 102 2 103 176 63 122 26 201
597 623 100 202 105 195 30 101 132 141 71 128 30 100 54 71 16 166
18 735 208 96 195 77 14 107 172 88 133 184 110 146 96 208 54 70
3718 3718 204 60 195 69 141 108 148 24 39 111 174 0 189 171 90 150
5114 5126 202 118 148 157 165 36 147 46 81 61 69 0 129 37 97 92
5618 5641 18 103 118 78 80 106 199 78 28 26 134 94 35 196 137 116
3150 5670 47 49 160 74 64 204 165 199 61 157 65 197 56 142 39 157
5620 5620 90 150 120 120 180 120 150 60 168 78 204 0 0 66 126 60
5492 5500 60 100 169 59 140 75 129 53 209 137 114 168 119 48 58 190
4 32 14 26 92 200 96 198 123 169 112 177 57 25 21 3 87 107
4677 5471 93 175 57 169 146 164 87 170 92 54 190 52 143 171 99 28
3162 3162 0 105 105 105 189 83 94 0 184 0 105 0 0 116 53 0
3916 3923 121 55 183 31 68 176 149 146 209 34 127 0 186 1 69 165
3537 3547 144 183 126 147 186 48 152 3 36 24 129 0 90 156 165 120
453 881 188 64 197 167 17 157 181 37 64 154 182 12 79 35 59 128
2893 2893 0 0 0 0 0 0 0 0 0 0 0 0 0 0 0 0
3040 3044 166 130 21 31 154 13 159 71 207 191 104 0 47 197 79 120
4594 4618 79 14 204 104 61 119 81 95 157 204 40 65 204 98 188 72
1606 1624 42 168 156 188 22 157 190 157 34 71 160 70 140 206 162 28
332 332 180 90 76 30 0 120 30 120 83 96 173 0 0 127 77 160
413 414 189 135 94 114 0 180 69 84 149 99 173 0 24 61 53 55
4561 4570 88 70 38 88 171 18 10 68 180 136 184 0 180 128 117 0
405 3049 142 114 187 89 79 28 41 150 162 12 133 177 63 163 20 5
3044 3044 170 50 140 110 175 90 40 31 152 107 40 71 0 84 184 65
43 54 182 50 134 152 97 151 134 202 170 38 163 0 200 15 108 146
3283 3293 9 15 162 184 30 30 51 48 167 41 152 84 20 55 165 74
2109 2353 123 209 185 51 74 33 41 116 134 190 85 202 142 18 147 95
5779 5779 96 132 0 156 161 190 2 37 184 47 0 0 0 14 40 0
3590 3602 6 126 117 87 183 144 31 207 0 123 102 126 93 90 60 21
5584 5600 36 153 174 48 64 162 24 183 152 81 45 120 108 130 65 55
57 212 179 95 172 151 16 88 46 38 114 62 130 85 199 77 149 73
6685 6685 132 0 120 199 0 0 174 102 0 78 189 0 6 0 120 78
66 73 204 144 110 99 58 14 128 200 39 100 27 126 42 22 134 184
4051 4064 181 122 21 7 78 184 49 140 162 135 119 70 140 80 162 34
2076 5484 35 19 159 83 131 182 119 17 182 18 131 42 31 9 188 57
1605 1605 120 60 0 90 0 150 90 90 90 120 0 0 0 0 120 0
365 377 142 46 24 84 10 9 52 23 133 61 52 111 94 67 166 161
732 763 30 84 143 115 154 201 192 17 163 154 127 70 18 147 23 21
2401 2784 133 83 84 41 80 99 135 208 105 146 152 148 73 19 24 153
927 927 0 0 0 0 42 84 42 0 42 0 0 0 0 168 84 0
1706 1720 8 171 93 126 74 117 108 132 140 206 6 0 152 177 183 93
4561 4581 154 128 111 139 146 20 60 95 104 30 187 71 114 43 84 173
1573 2955 172 90 9 66 148 142 16 98 185 11 103 88 170 37 178 110
5375 5375 0 0 0 0 0 0 0 0 0 0 0 0 0 0 0 0
2713 2722 12 195 180 72 66 108 11 57 28 51 6 0 42 122 195 160
6184 6202 71 200 139 50 110 131 121 163 84 128 72 130 150 37 208 96
5215 5849 103 16 131 82 132 85 13 17 169 186 87 169 1 71 64 22
1196 1196 0 0 70 0 0 0 0 0 140 0 140 0 0 70 140 70
3566 3572 176 200 2 146 201 45 46 136 207 198 198 0 126 3 174 90
3626 3650 141 20 176 87 95 199 164 21 109 126 118 50 121 153 192 143
3097 3530 52 13 156 117 121 11 134 33 134 21 183 156 105 117 165 188
4932 4932 200 170 80 185 18 159 52 40 51 192 171 0 0 201 3 180
527 538 40 160 105 40 106 51 83 206 39 190 129 71 35 109 196 105
3037 3055 67 188 141 90 187 103 82 169 91 122 135 84 167 40 155 97
6230 6516 207 9 95 141 4 133 28 59 29 15 106 162 170 123 43 9
5522 5522 14 140 140 14 111 123 18 154 116 168 0 0 84 195 174 0
3960 3965 138 90 168 23 175 120 156 39 177 131 16 41 84 63 103 137
734 758 77 71 96 67 140 131 170 140 189 185 174 105 41 198 197 47
426 848 176 67 202 193 186 48 193 170 94 153 58 53 131 112 70 83
5571 5571 57 105 96 72 189 105 99 192 189 153 180 0 36 21 90 83
4444 4444 0 0 84 0 0 0 0 0 147 84 147 0 0 63 63 0
3821 3823 33 135 28 138 42 194 193 78 9 171 107 0 204 201 97 127
2099 2942 131 113 182 196 79 118 169 57 16 179 30 189 36 21 45 76
3373 3373 135 105 150 60 0 0 135 90 0 75 150 0 30 0 180 75
5559 5568 161 60 86 116 0 45 117 196 25 91 128 0 188 80 160 81
6374 6394 30 85 2 5 3 149 44 23 53 193 207 88 56 114 96 49
2306 2518 74 168 101 52 169 98 56 122 1 196 167 83 169 110 35 63
5254 5254 204 60 90 174 36 108 43 129 144 6 174 0 84 66 90 150
6824 6825 186 72 42 192 175 180 192 67 108 137 162 150 0 0 130 90
4145 4150 142 190 40 187 86 83 176 62 1 138 117 0 42 55 159 90
1138 1772 6 158 124 98 161 153 200 185 163 122 91 45 0 164 41 138
4155 4155 112 160 9 37 165 0 71 77 41 23 134 0 143 27 112 120
4772 4785 132 66 31 151 97 174 72 166 179 4 110 30 28 122 108 205
1853 1872 35 68 5 5 19 57 162 154 1 6 96 189 165 86 32 28
5302 5953 63 143 189 140 31 180 55 39 148 191 53 82 55 157 204 140
6312 6312 57 105 144 126 0 0 99 192 0 153 108 0 36 0 90 83
5903 5904 204 60 0 174 0 60 64 24 187 0 126 0 84 173 30 10
330 350 204 154 17 141 38 54 90 186 92 187 201 195 94 23 151 57
1922 4509 72 102 96 12 25 105 207 139 22 131 2 88 153 59 163 106
1890 1890 134 11 180 104 114 87 108 94 61 54 96 0 126 174 180 191
6932 6936 154 115 132 121 33 114 164 119 60 45 39 0 66 129 111 115
6420 6429 142 58 156 167 111 198 75 50 92 27 153 123 12 162 156 205
2331 3286 52 66 97 3 139 111 76 76 200 94 56 160 165 16 177 185
5585 5585 60 30 114 22 60 75 150 180 135 150 204 0 0 75 45 180
1618 1630 87 0 38 180 132 68 115 107 189 174 192 70 120 102 124 11
4950 4950 0 0 0 0 0 0 0 0 0 0 0 0 0 0 0 0
4465 5488 188 84 41 186 76 93 46 90 132 194 178 179 20 37 54 0
5801 5801 96 132 0 156 175 120 72 37 198 47 0 0 0 0 40 0
6580 6588 136 180 60 52 40 195 62 175 122 191 84 49 28 59 134 25
5828 5843 118 182 68 157 141 102 48 63 137 117 144 55 158 3 21 127
2401 4638 152 115 63 187 10 69 99 72 117 89 87 133 89 198 110 135
2635 2635 167 105 16 152 0 0 139 172 0 43 30 0 146 0 50 0
6924 6936 170 86 12 70 131 114 64 188 131 14 168 0 150 147 98 96
5250 5265 150 196 165 9 95 145 83 5 138 86 181 132 17 149 118 125
712 782 163 123 97 148 48 0 133 136 176 23 181 182 120 174 50 27
1207 1207 30 120 184 180 0 90 180 90 17 144 137 0 0 103 203 190
1542 1544 154 28 0 49 0 0 98 14 140 0 105 0 0 0 0 28
5534 5546 160 10 60 190 117 160 150 173 149 127 28 93 0 127 54 165
443 1185 97 15 108 15 153 2 81 180 47 155 39 38 105 120 204 82
3958 3958 196 70 147 91 105 0 203 161 203 119 182 0 119 21 196 0
5577 5585 77 105 154 182 69 168 143 7 202 106 90 105 56 68 140 75
3347 3347 0 0 0 0 112 70 140 0 112 0 0 0 0 98 0 0
2144 2412 180 171 32 152 177 74 124 206 193 59 117 185 146 203 190 11
1571 1571 20 80 50 50 145 85 150 130 42 162 36 0 0 59 84 60
4428 4429 120 0 110 30 0 0 120 150 70 90 40 0 120 140 160 20
4814 4832 17 119 78 2 25 138 125 25 95 16 3 98 108 189 118 199
41 5037 136 105 81 81 92 197 145 108 206 191 105 0 180 23 45 165
712 712 0 0 0 0 0 0 0 0 0 0 0 0 0 0 0 0
5583 5594 144 177 108 192 200 75 190 101 72 61 204 162 168 180 5 147
2112 2125 78 105 120 30 207 41 18 144 127 205 56 86 78 9 132 113
29 230 138 106 205 74 29 111 17 171 20 168 162 106 157 70 98 9
2583 2583 140 35 105 35 189 83 164 70 44 0 105 0 0 116 53 140
2179 2186 130 145 63 104 154 100 175 5 159 35 23 0 185 26 10 135
5370 5396 6 139 25 120 58 87 206 158 100 64 7 105 182 195 173 179
3260 4856 129 91 205 137 100 17 30 209 23 93 24 118 22 87 168 89
882 882 180 90 30 30 180 120 110 120 90 30 30 0 0 120 30 120
2694 2706 194 185 20 158 134 32 200 184 118 184 56 100 174 167 103 145
1886 1905 65 179 142 134 51 148 25 92 12 32 182 140 36 39 123 68
1780 6057 183 104 195 158 129 123 34 79 54 118 162 183 59 92 60 116
6451 6451 142 160 159 97 165 0 101 167 41 203 74 0 173 27 82 120
6132 6135 38 110 96 158 165 120 154 103 34 97 166 0 112 78 8 90
4386 4399 188 205 148 68 194 53 197 123 193 93 67 0 181 85 117 194
901 993 48 135 102 182 134 3 114 191 106 27 23 82 51 31 177 161
893 893 0 105 98 0 0 0 0 0 154 1 154 0 0 56 36 70
3364 3371 46 177 100 46 55 105 2 69 73 77 88 42 40 170 200 125
5304 5323 2 139 196 152 42 183 83 19 89 137 201 75 25 97 107 5
174 1223 33 71 191 165 185 1 196 162 182 179 135 162 65 7 159 161
554 554 204 60 90 174 36 108 43 129 144 156 174 0 84 66 30 150
4547 4562 116 65 133 147 109 45 148 166 194 8 61 140 84 190 74 110
4696 4718 107 132 34 53 2 7 159 134 90 102 3 186 26 132 176 10
1039 6633 41 41 1 87 0 69 76 163 208 126 135 178 181 38 141 184
1446 1446 60 180 150 180 120 0 90 180 180 0 120 0 150 180 150 30
46 55 130 100 178 115 204 207 136 200 208 98 124 0 140 22 174 100
5742 5764 34 145 87 199 108 160 162 164 61 198 121 0 156 74 183 40
193 341 62 13 47 88 194 81 160 168 168 79 150 46 130 209 178 144
632 632 0 105 63 84 189 83 94 0 184 0 168 0 0 116 53 0
6684 6697 96 171 193 6 123 24 72 39 173 39 130 105 90 69 177 79
6380 6411 3 135 178 8 135 105 39 98 208 3 50 165 48 110 100 42
154 1615 112 113 15 165 21 147 17 181 1 65 149 32 145 196 197 106
6189 6189 110 170 50 5 18 159 172 190 177 198 99 0 120 33 135 60
1782 1784 134 53 69 186 105 45 13 199 10 105 159 0 105 105 0 53
3714 3734 95 156 175 206 81 195 94 132 144 33 21 98 161 16 59 73
1940 5838 62 189 161 54 94 13 17 15 88 6 163 146 110 86 128 147
2685 2685 27 105 156 12 0 0 69 102 0 183 30 0 6 0 120 183
5485 5486 105 105 0 0 0 0 105 0 0 105 0 0 0 0 0 105
583 596 24 120 116 113 8 120 114 114 119 16 57 70 204 196 54 40
1020 5187 95 84 208 130 115 77 185 13 0 140 167 135 39 204 141 106
6422 6422 168 0 21 63 105 0 189 63 189 147 126 0 147 63 168 0
5820 5828 180 30 132 180 207 141 172 120 135 168 90 0 78 30 90 156
1232 1263 5 86 70 105 153 94 5 49 136 164 26 145 202 79 133 8
1901 1983 87 188 132 46 182 147 198 47 186 13 11 192 106 124 74 157
116 116 142 160 159 97 165 0 101 167 41 203 74 0 173 27 82 120
4313 4325 11 165 192 131 63 199 65 193 8 184 77 47 80 41 35 88
5894 5906 73 80 64 53 69 162 84 104 109 41 70 141 123 81 43 15
4305 5456 79 199 70 70 207 29 31 47 191 20 163 178 183 162 143 64
5023 5023 0 0 0 0 0 0 0 0 0 0 0 0 0 0 0 0
1791 1792 0 0 42 0 0 100 50 0 17 0 0 0 0 13 13 0
490 509 27 129 201 127 21 78 101 192 137 83 147 138 126 142 61 36
1878 3741 125 152 206 28 151 147 51 68 175 180 108 134 105 99 41 181
2370 2370 0 0 0 0 0 0 0 0 0 0 0 0 0 0 0 0
2013 2019 126 150 192 66 93 99 208 126 6 18 108 0 36 24 138 120
5382 5396 52 150 164 133 87 96 120 2 159 92 165 0 82 108 181 180
486 930 197 98 133 178 41 127 113 192 196 23 118 55 153 148 46 8
5045 5045 120 60 168 90 0 150 90 150 53 0 0 0 0 157 167 130
6185 6188 160 0 100 40 0 0 20 200 70 120 100 0 160 140 190 140
3026 3035 202 94 150 197 51 3 112 80 32 6 45 0 0 39 138 208
1503 5157 150 95 64 162 46 104 22 80 51 119 196 169 62 154 164 208
3525 3525 144 198 0 24 105 180 108 3 192 123 0 0 0 0 60 0
3374 3387 156 120 176 141 138 135 16 6 25 103 97 0 126 140 78 95
1635 1639 174 108 0 204 133 95 148 134 50 202 126 0 0 91 104 168
1429 1619 209 139 123 189 44 150 149 153 95 25 40 182 196 163 44 96
2707 2707 0 0 0 0 51 45 180 0 21 0 0 0 0 189 0 0
5169 5171 204 60 90 174 26 128 28 24 74 6 174 0 84 136 90 150
1422 1431 70 196 111 175 27 12 84 74 94 96 27 0 42 203 192 143
3280 5579 161 56 88 54 69 86 57 189 141 135 4 159 208 205 45 196
3191 3191 22 4 0 202 1 85 124 122 171 0 0 0 0 119 0 4
6051 6051 0 0 0 0 51 45 180 0 21 0 0 0 0 189 0 0
1681 1695 70 47 43 25 194 111 172 1 25 123 80 156 82 69 30 82
284 5902 67 132 97 26 134 85 184 202 175 197 48 156 47 105 66 49
4044 4044 0 0 42 0 0 0 0 0 126 42 126 0 0 84 84 0
2966 2966 120 45 188 150 30 0 180 150 94 1 184 0 90 206 126 200
4424 4427 42 120 32 183 175 90 24 123 82 81 23 71 96 98 88 205
190 6519 150 86 63 184 136 122 91 99 165 111 30 162 133 141 205 146
5853 5853 24 0 162 174 1 145 128 114 91 186 120 0 192 119 60 116
1440 1450 160 28 150 180 34 52 150 16 141 84 190 56 186 209 135 18
4186 4186 0 0 0 0 0 0 0 0 0 0 0 0 0 0 0 0
1416 1702 195 206 109 123 58 81 24 120 155 113 157 190 5 159 32 143
5294 5294 168 0 0 168 0 0 188 168 194 0 42 0 168 136 0 80
6589 6595 186 180 30 6 9 165 16 96 40 150 114 0 36 170 150 120
4401 4429 73 199 7 52 20 178 41 175 97 146 101 171 100 42 10 12
1298 2116 59 91 34 41 49 3 161 23 121 159 192 129 40 158 15 163
3984 3984 52 10 75 187 165 150 191 107 17 203 74 0 173 51 46 180
4205 4209 138 0 66 85 168 126 166 78 189 30 51 0 138 21 44 170
5595 5618 38 160 10 50 205 157 108 34 152 96 149 0 76 178 134 16
1545 2799 166 163 140 132 158 65 23 149 56 201 192 198 102 34 95 107
6857 6857 167 105 16 152 0 0 139 172 0 43 30 0 146 0 50 0
3055 3057 0 0 0 0 168 126 168 0 168 0 0 0 0 42 126 0
480 501 186 177 164 66 76 183 158 122 84 18 42 70 84 101 140 55
537 4998 68 14 160 101 195 146 33 2 171 127 110 77 72 89 148 116
5809 5809 164 110 200 179 150 135 209 79 75 60 81 0 84 135 165 30
438 441 100 190 0 110 70 90 110 80 110 170 40 50 0 0 100 30
5959 5987 73 10 43 116 121 33 30 158 199 49 74 60 91 168 200 20
661 3290 207 200 114 41 157 26 23 33 88 61 204 205 137 203 139 171
1228 1228 120 60 144 90 0 150 90 150 102 204 162 0 0 108 168 60
3451 3460 102 135 201 87 52 32 134 12 176 162 183 0 84 4 78 144
5834 5861 157 20 194 96 89 30 137 100 16 43 49 0 82 77 87 85
3135 6854 115 193 28 180 180 135 163 15 136 128 121 203 186 105 177 175
3804 3804 90 150 150 120 0 60 120 60 45 90 195 0 0 165 105 150
2054 2057 54 108 125 9 60 45 183 189 97 137 146 180 95 54 154 138
875 884 40 40 172 85 54 135 128 50 194 12 108 0 156 16 0 82
4588 6192 52 80 28 152 186 165 151 69 99 23 100 101 205 204 189 120
2873 2873 150 180 0 60 0 30 60 162 60 150 18 12 0 0 150 150
587 588 63 105 42 168 0 0 187 168 52 21 21 0 126 188 105 160
388 395 76 172 192 16 65 90 2 71 146 129 106 85 110 144 144 67
1105 3269 12 59 92 96 48 166 180 145 192 30 0 133 133 173 45 154
2714 2714 204 165 90 174 36 108 43 129 144 171 174 0 84 66 150 150
1384 1392 68 45 180 41 105 180 206 1 125 50 43 63 104 115 110 6
6677 6692 61 76 176 188 151 98 96 59 108 108 43 140 131 26 125 193
2443 3718 178 1 14 114 56 122 55 193 1 93 69 192 21 37 62 140
403 403 0 0 0 0 0 0 0 0 0 0 0 0 0 0 0 0
770 783 107 180 20 142 97 192 97 62 61 11 188 105 104 170 18 100
2706 2727 101 38 19 38 200 123 74 67 25 18 165 0 187 168 150 76
588 4010 207 88 81 140 76 156 182 25 76 11 95 32 0 79 56 9
3026 3026 16 160 159 181 81 168 199 41 125 119 158 0 47 153 82 120
5393 5394 174 150 120 99 90 165 174 144 45 120 141 0 84 165 15 60
5900 5901 24 60 30 24 36 108 73 9 39 186 9 0 114 171 165 120
2895 4623 166 79 80 119 40 182 50 114 75 66 67 18 200 137 205 182
3802 3802 57 105 166 72 0 0 99 192 140 83 110 0 36 70 90 153
65 68 208 160 100 58 87 63 192 8 122 198 156 0 168 189 204 120
5619 5619 0 0 0 0 138 60 30 0 168 0 0 0 0 42 0 0
1889 2436 42 148 76 156 90 42 37 76 39 177 0 102 65 85 163 193
2471 2471 112 196 0 112 0 0 180 182 87 0 126 0 84 83 0 146
1737 1746 182 45 202 122 54 186 176 70 207 55 12 168 134 153 40 182
5418 5423 102 105 97 57 147 189 4 12 84 192 104 0 102 126 38 14
2724 4619 179 140 50 54 125 180 118 109 50 121 163 52 188 38 28 143
574 574 0 0 0 0 0 0 30 0 60 0 0 0 0 120 0 120
6209 6220 197 205 87 55 108 174 26 94 67 49 164 42 159 111 68 50
56 70 127 80 37 136 120 137 41 23 108 74 164 111 128 18 185 45
284 867 140 73 207 12 179 46 191 22 105 171 160 120 52 120 160 143
6257 6257 0 105 98 0 0 0 0 0 154 1 154 0 0 56 36 140
6497 6503 12 12 23 132 146 138 15 113 47 17 103 0 13 141 205 170
726 750 131 206 145 106 128 161 5 169 79 138 124 28 198 99 144 139
1476 3221 154 115 3 2 209 123 127 39 205 185 40 160 177 79 19 52
251 251 0 0 0 0 0 0 0 0 0 0 0 0 0 0 0 0
3891 3900 198 125 187 192 114 200 199 21 43 143 119 170 157 204 68 69
2208 2237 78 49 53 51 142 107 202 167 23 73 146 147 134 114 28 11
1216 5751 67 73 69 197 90 193 122 101 160 190 131 104 37 167 108 120
6179 6179 188 101 0 8 105 60 106 88 130 0 0 0 0 105 0 101
3699 3707 54 105 72 54 121 150 48 190 123 8 90 126 162 63 64 105
3944 3960 160 73 60 105 207 47 40 185 161 101 157 75 196 24 79 98
2717 4995 85 200 146 139 125 31 170 200 61 168 128 209 33 133 102 193
6087 6087 162 144 0 132 0 150 174 192 150 0 0 0 0 0 0 144
1542 1546 209 84 156 89 0 0 13 4 70 8 205 0 146 140 50 14
4018 4034 132 36 16 132 105 39 34 174 7 62 38 60 188 15 184 30
1298 4084 0 196 97 89 152 6 194 102 5 157 156 196 195 61 153 149
1727 1727 120 60 168 90 0 120 180 150 113 0 0 0 0 67 77 130
903 918 133 105 199 160 95 93 23 5 7 45 179 157 28 195 153 209
621 636 96 189 24 63 2 155 188 15 3 4 23 112 114 18 165 50
1489 5329 144 62 50 161 113 50 155 38 4 1 179 124 202 152 70 17
1679 1679 0 0 0 0 168 6 108 0 198 0 0 0 0 102 186 0
4492 4505 12 180 122 177 40 162 84 184 168 120 99 42 76 71 178 90
3166 3181 83 30 145 83 96 11 87 73 6 102 34 105 16 200 132 175
6628 6797 50 172 80 13 97 112 7 140 185 131 193 1 9 63 204 25
925 925 186 0 48 36 0 0 102 96 0 24 90 0 18 0 150 164
6668 6675 99 165 6 174 120 150 154 129 198 111 174 0 84 132 132 195
3149 3154 176 200 20 146 162 66 4 136 143 132 90 0 126 127 90 190
1599 3159 62 159 8 94 7 171 112 201 79 15 143 159 89 86 185 137
1002 1002 0 0 160 187 0 0 0 0 98 182 47 0 0 112 42 70
2434 2443 206 60 80 161 174 168 53 31 56 180 179 0 176 46 98 100
5292 5301 134 200 84 209 101 82 78 24 105 82 194 0 0 35 52 72
564 1953 111 176 10 21 113 39 23 25 42 185 120 41 156 120 111 126
1447 1447 2 134 0 152 0 90 124 202 160 0 0 0 0 0 0 134
2547 2558 42 120 174 57 71 118 201 120 130 95 145 128 12 140 208 160
3543 3566 183 22 3 165 87 45 179 39 18 7 163 105 134 197 105 66
3390 4263 51 174 21 189 40 46 86 191 92 88 58 204 119 97 8 76
6253 6253 107 105 136 32 0 0 79 202 0 103 150 0 86 0 110 60
6 19 127 201 126 91 136 158 181 80 34 1 147 98 178 176 24 181
2274 2284 148 144 84 6 59 167 6 206 40 44 107 21 196 68 69 205
1220 1266 203 177 93 193 119 172 44 14 196 177 167 130 109 198 13 205
4951 4951 28 91 50 28 75 60 86 98 87 162 36 0 0 129 84 71
5803 5818 71 80 1 173 25 63 5 206 41 17 15 0 156 174 157 85
1360 1391 165 57 70 110 98 1 79 94 172 55 53 48 30 188 206 166
2370 3088 117 138 43 133 66 200 129 170 93 146 197 73 166 198 37 144
1643 1643 166 0 116 136 0 0 108 176 157 128 186 0 40 83 100 160
3389 3392 96 165 69 21 105 195 124 36 139 192 27 0 102 161 165 2
1322 1334 69 101 45 204 37 71 130 187 196 172 157 0 91 190 203 110
107 5582 1 77 107 136 188 149 13 104 199 24 132 127 117 96 127 139
6900 6900 20 80 50 50 75 15 10 130 182 162 36 0 0 129 84 60
3634 3639 138 90 176 198 195 120 154 33 88 21 78 0 42 186 126 130
1426 1452 188 156 181 58 147 88 141 108 170 62 15 63 17 136 36 53
3458 4183 80 171 88 6 90 36 39 154 12 184 208 28 104 171 79 3
1281 1281 96 132 0 51 91 183 156 37 177 173 63 0 0 21 145 0
3866 3868 0 0 42 0 0 0 0 0 126 162 126 0 0 84 204 0
6064 6088 110 65 74 206 48 175 74 22 175 122 128 0 14 4 47 125
1524 3603 37 195 127 62 7 125 189 92 160 189 182 209 96 0 144 107
2361 2361 0 0 0 0 140 0 0 0 0 70 140 70 0 0 140 70
3931 3946 22 160 198 162 152 97 110 119 177 127 108 30 10 49 138 186
1534 1554 208 112 158 178 93 106 122 55 149 141 174 0 12 143 192 38
6316 6962 153 73 63 4 65 140 24 160 21 115 157 66 178 40 154 88
234 234 0 0 70 0 0 0 0 0 140 140 140 0 0 70 0 70
5558 5568 38 180 108 53 18 9 18 142 187 118 129 84 14 163 35 204
2226 2253 114 57 116 99 75 92 48 3 195 26 12 158 28 186 68 86
2 11 124 46 36 4 169 102 170 2 66 162 80 98 60 44 115 166
6664 6664 0 0 0 0 0 0 0 0 0 0 0 0 0 0 0 0
1820 1833 190 46 73 70 171 172 136 136 42 146 203 70 126 186 84 157
1642 1671 163 174 165 183 68 5 29 170 131 138 37 0 178 177 180 148
1801 6447 209 100 101 184 106 187 64 156 105 201 119 209 194 65 180 148
430 430 18 30 184 108 0 180 208 138 6 144 179 0 168 174 203 80
5845 5847 126 42 0 126 0 0 42 84 84 56 140 0 140 0 70 56
2903 2921 43 166 100 198 135 56 179 8 88 89 149 30 50 26 87 161
979 2519 140 76 198 196 190 11 84 155 154 21 27 206 132 152 156 27
6238 6238 168 0 0 168 0 0 78 168 114 0 42 0 168 186 0 60
2115 2122 78 165 80 96 195 5 154 138 153 23 166 200 182 189 44 120
4582 4602 198 129 98 208 103 129 1 151 43 60 71 54 72 7 194 21
588 947 29 200 32 40 3 115 24 78 48 139 30 112 141 79 177 189
4021 4021 42 189 105 147 189 83 178 84 100 84 105 0 0 116 53 0
318 327 8 197 67 53 117 75 203 199 30 161 62 0 53 161 141 165
2773 2789 70 177 194 100 154 17 77 66 152 86 208 0 59 4 195 140
4848 5561 128 174 23 151 8 32 88 202 101 55 70 34 153 191 132 205
341 341 126 42 0 126 105 0 42 147 168 147 0 0 0 0 0 0
2337 2348 68 62 68 40 99 200 184 149 5 117 17 0 112 141 55 140
404 420 68 33 15 52 20 62 113 187 86 5 117 120 147 119 6 130
12 63 77 90 72 23 203 9 62 194 52 35 2 164 127 1 75 72
4101 4101 0 0 174 187 0 0 0 0 0 0 159 0 0 0 0 0
6601 6610 120 150 206 75 5 25 140 105 183 61 48 85 30 147 62 85
6025 6042 37 133 160 97 201 203 123 91 90 10 70 175 198 47 160 14
2010 5022 107 191 15 168 18 122 205 51 170 142 133 6 192 149 47 88
5429 5429 30 120 0 180 175 90 180 171 180 65 124 71 0 0 100 65
713 716 66 180 40 186 0 30 102 156 26 66 206 0 168 184 14 40
1807 1828 29 95 118 195 14 177 153 59 137 188 174 0 0 78 109 108
4532 6617 198 146 131 10 86 36 120 67 54 203 25 186 157 166 193 48
1399 1399 84 105 0 84 0 105 124 84 52 0 126 0 84 83 0 55
3650 3660 28 91 30 22 199 38 15 177 15 109 191 21 35 2 79 165
6579 6589 134 125 64 8 95 0 148 21 171 194 45 147 192 111 31 47
456 2237 5 79 27 78 65 115 31 194 67 146 104 77 103 13 137 164
551 551 72 204 105 117 189 68 148 132 169 0 105 0 0 116 53 99
5849 5860 134 30 200 179 31 154 118 94 121 66 132 140 158 75 150 4
2095 2114 209 5 208 124 109 33 32 98 27 106 64 39 111 114 196 116
4686 5863 193 174 138 160 123 111 11 34 192 44 97 48 51 44 3 131
2298 2298 0 105 42 0 0 0 0 0 126 159 126 0 0 84 54 0
1139 1149 175 43 122 10 1 25 205 2 187 55 64 186 208 149 80 105
2964 2992 59 135 184 4 189 150 157 169 31 198 146 30 4 143 148 4
3360 6522 191 140 42 69 195 78 134 179 158 102 186 90 91 108 81 209
91 91 48 101 140 78 0 165 36 18 25 140 0 0 70 0 70 101
6658 6666 128 209 83 146 5 66 173 37 99 37 131 133 201 66 77 82
4176 4179 48 150 90 78 77 41 26 18 143 132 48 0 168 67 120 30
2873 3087 74 166 39 63 193 84 165 193 7 92 23 137 202 62 205 171
4949 4949 41 63 16 26 140 0 97 60 42 71 30 0 146 0 190 0
4944 4945 0 0 42 0 0 0 0 0 147 0 0 0 0 63 63 0
6734 6743 138 174 90 198 22 106 198 78 43 62 20 0 56 137 150 4
1667 6821 198 122 7 45 107 88 8 190 181 161 198 130 57 28 12 108
2225 2225 34 10 190 64 90 60 174 74 97 120 36 0 84 143 120 10
3589 3597 115 30 11 88 100 15 200 146 150 145 25 71 115 45 200 200
1958 1981 64 88 90 124 148 129 70 34 13 55 130 64 70 110 180 16
1386 1704 44 3 109 140 140 35 49 54 142 205 184 170 119 38 92 142
2756 2756 170 50 110 110 60 180 190 160 56 96 138 0 0 162 42 90
6823 6826 30 120 168 68 0 90 180 150 96 144 12 120 0 84 144 30
2876 2887 160 61 71 70 191 194 63 95 29 27 51 0 93 76 57 203
1327 2427 26 54 30 206 0 186 176 129 192 69 28 76 179 100 56 173
1599 1599 96 27 105 51 70 15 72 37 198 47 105 0 0 0 145 0
614 615 116 110 192 26 120 0 118 166 208 154 22 0 94 96 206 30
308 310 92 200 116 62 20 180 68 102 159 100 186 0 126 137 194 190
682 4770 4 20 170 131 167 203 91 104 147 59 130 74 25 69 35 20
679 679 162 144 0 132 0 150 174 192 150 0 0 0 0 0 0 144
176 189 146 209 72 81 127 39 196 134 51 166 51 0 38 116 117 123
6583 6596 121 180 61 98 103 82 151 41 14 208 158 35 34 160 61 133
6275 6285 17 20 138 152 105 15 49 67 61 72 6 0 96 174 84 115
865 865 124 160 100 184 180 120 84 134 37 30 156 0 84 203 30 70
2825 2837 185 180 65 200 191 58 29 164 12 195 161 24 140 198 47 170
9 27 63 135 53 153 205 202 144 129 109 180 47 195 121 209 168 88
1525 2380 162 5 0 96 167 71 208 190 54 198 159 113 139 183 23 87
2153 2153 30 120 0 180 70 90 180 150 180 170 40 50 0 0 100 170
5882 5885 40 180 78 190 0 30 20 50 89 196 209 0 100 121 151 10
5480 5500 25 30 39 130 47 129 117 184 182 107 19 144 196 183 134 185
370 499 205 208 61 132 164 19 138 11 74 87 82 209 120 174 142 175
2264 2264 0 0 0 0 0 0 0 0 0 0 0 0 0 0 0 0
2904 2917 21 105 48 171 122 112 7 108 106 73 140 142 126 8 26 150
6654 6659 18 135 56 108 135 31 96 138 144 169 70 0 168 156 185 0
4436 6492 138 1 126 70 154 204 29 208 147 157 151 171 133 136 181 161
6336 6336 90 45 63 15 189 143 4 60 187 0 105 0 0 113 110 150
716 721 189 105 188 84 18 126 187 84 59 93 100 0 84 181 202 205
600 616 159 87 92 84 118 19 15 82 151 127 94 42 18 31 145 34
93 2053 174 109 133 113 50 205 139 173 139 198 112 150 81 85 59 28
5054 5054 0 0 0 0 0 0 90 0 75 0 0 0 0 45 0 150
495 506 50 116 69 195 147 21 200 49 67 155 53 141 168 91 129 130
3289 3289 142 160 159 97 165 0 101 167 41 203 74 0 173 27 82 120
1170 6164 198 155 54 193 108 206 160 190 17 33 37 78 197 90 131 11
925 925 125 105 100 110 0 0 55 130 0 85 30 0 20 0 50 182
1602 1609 188 92 3 111 59 102 97 103 1 155 60 70 145 69 190 112
1486 1488 126 0 84 126 1 145 66 126 183 0 84 0 126 177 196 30
4137 4905 45 15 23 193 183 197 60 127 126 63 141 101 208 76 2 103
2439 2439 0 0 0 0 0 0 0 0 0 0 0 0 0 0 0 0
695 701 130 0 66 208 105 0 200 95 125 101 11 75 130 145 195 145
3864 3872 45 0 197 55 105 15 33 30 71 193 106 0 66 79 70 157
807 3343 55 105 77 32 113 41 67 141 185 66 39 185 123 199 144 43
1058 1058 124 130 9 199 63 114 125 29 53 11 176 0 5 15 142 150
3211 3221 149 15 188 194 63 105 203 34 191 67 158 0 182 127 52 187
336 337 160 10 190 85 90 165 50 200 115 120 15 0 0 95 85 200
4888 6204 88 120 8 74 46 145 51 121 108 102 23 11 15 20 23 75
1370 1370 0 0 84 0 0 0 0 0 42 18 42 0 0 168 18 0
5076 5091 8 128 191 68 126 194 192 154 187 36 24 120 150 134 164 39
1873 1899 59 110 45 58 201 138 112 113 46 86 33 70 133 177 91 104
475 1820 105 72 116 91 120 32 82 148 209 26 122 202 122 59 112 39
5499 5499 70 0 98 70 0 0 96 140 157 14 126 0 112 83 70 160
6072 6082 150 45 150 174 138 4 40 30 202 117 138 0 186 38 130 182
3298 3307 42 156 150 187 113 144 46 59 146 61 105 120 60 133 205 112
1878 2815 65 144 72 78 100 173 166 36 168 90 97 61 113 119 150 86
441 441 8 11 0 188 175 45 76 175 205 65 208 197 0 0 100 166
6857 6858 120 165 98 90 0 150 90 150 123 55 70 0 0 87 47 60
5401 5407 95 105 48 50 0 30 145 208 199 77 181 168 200 41 41 105
206 5951 183 188 150 14 186 12 6 113 50 9 13 117 99 54 100 53
5894 5894 196 70 42 196 0 0 98 56 98 14 182 0 14 126 196 0
4144 4156 156 55 138 66 153 184 10 6 31 72 82 70 116 29 126 145
6714 6736 141 50 160 6 14 66 197 72 178 170 191 166 196 31 153 69
1420 3256 127 83 194 78 131 192 27 178 75 30 182 79 208 161 189 77
2137 2137 84 0 0 84 0 0 124 84 157 0 126 0 84 83 0 160
5472 5484 4 30 97 46 58 24 67 156 45 26 47 132 77 201 58 130
4765 4770 171 15 150 21 72 93 205 156 9 39 171 0 36 141 111 75
2465 2571 77 132 20 114 100 199 77 71 37 133 98 74 6 191 37 98
6681 6681 0 0 0 0 0 0 0 0 0 0 0 0 0 0 0 0
1796 1802 72 15 89 42 195 15 111 12 1 73 169 195 63 152 132 35
6377 6404 36 85 197 203 57 200 118 5 33 103 61 104 104 176 163 122
4950 6529 178 177 17 29 71 179 86 28 93 185 67 182 69 30 58 4
499 499 0 0 0 0 0 0 0 0 0 0 0 0 0 0 0 0
6094 6094 144 30 184 24 0 180 164 54 79 144 53 0 84 131 203 30
200 217 188 17 155 123 130 18 123 67 42 110 154 38 147 201 19 130
288 5545 48 155 19 28 76 71 139 32 118 133 131 142 146 80 119 156
4073 4073 57 105 96 72 105 0 99 87 0 48 180 105 36 0 90 188
5176 5178 0 105 140 0 105 0 0 105 70 70 70 105 0 140 0 35
5657 5668 8 32 102 83 75 149 40 11 115 37 137 42 0 103 67 206
799 1890 124 206 52 205 128 5 50 9 173 169 128 169 200 140 146 10
1574 1574 32 200 59 107 120 15 91 187 113 15 60 0 93 186 156 150
6135 6147 8 45 1 33 120 35 166 130 51 154 39 72 44 9 129 94
6618 6645 79 196 159 109 127 47 114 166 203 62 139 0 93 120 208 208
1799 3855 144 186 112 87 180 143 117 76 195 47 209 14 120 188 173 161
4410 4410 200 170 206 185 18 159 52 40 135 30 87 0 0 75 177 180
4338 4351 140 175 17 102 179 12 163 49 203 134 187 154 91 97 18 84
2569 2580 19 45 30 34 148 86 59 8 109 99 60 14 118 41 160 183
370 2045 153 159 8 199 63 204 171 116 65 200 5 139 186 202 142 205
2233 2233 0 0 0 0 0 0 0 0 0 0 0 0 0 0 0 0
1607 1607 150 75 184 60 0 135 60 30 62 144 137 0 0 103 203 145
5191 5200 43 170 130 28 35 180 133 179 59 35 131 121 158 161 105 116
60 94 3 14 56 43 162 162 66 162 110 203 154 154 121 122 119 12
5557 5557 42 84 0 42 0 0 84 84 126 84 0 0 0 0 0 0
4211 4216 78 159 33 135 165 3 88 168 114 129 72 0 57 99 132 159
1972 2002 53 2 145 148 193 155 17 209 136 110 120 42 168 20 64 147
85 202 45 22 106 43 136 115 59 128 169 119 91 81 49 135 190 46
1701 1701 0 105 98 0 0 0 0 0 154 1 154 0 0 56 36 140
2051 2064 204 198 80 162 5 170 83 119 42 138 73 0 135 18 168 18
2547 2567 48 24 92 153 70 145 132 129 192 77 205 56 144 163 8 64
1023 1613 32 104 17 82 124 153 133 20 209 129 180 103 4 126 49 206
3328 3328 180 90 0 30 0 120 30 120 90 0 0 0 0 120 30 90
5487 5495 126 0 204 126 209 81 168 26 189 166 204 0 42 189 104 90
4913 4916 22 130 160 202 107 209 144 122 77 174 90 0 42 151 42 150
695 1687 149 43 85 101 173 101 197 33 38 107 59 83 158 9 72 55
2531 2531 0 0 0 0 0 0 0 0 0 0 0 0 0 0 0 0
5830 5834 180 165 85 135 109 113 94 42 54 150 203 152 110 66 103 200
1031 1050 58 113 68 199 121 183 70 32 185 80 171 47 100 80 179 24
593 900 71 67 38 193 53 43 55 124 166 57 178 61 130 86 169 160
6672 6672 0 0 174 187 0 0 0 0 0 0 159 0 0 0 0 0
738 745 54 105 30 19 192 153 58 204 21 162 27 0 204 162 72 105
2226 2244 205 64 139 145 176 203 187 17 23 152 70 35 0 147 80 164
4310 6211 59 105 125 123 77 43 86 192 93 15 187 142 191 102 62 86
2270 2270 168 0 0 168 0 0 138 168 24 0 42 0 168 6 0 90
6963 6977 170 80 161 161 96 138 169 60 18 142 120 150 171 142 43 180
5384 5408 184 193 77 55 0 34 92 146 76 122 170 147 138 165 84 83
123 6857 45 114 77 124 138 134 59 119 64 66 42 117 100 114 152 201
693 693 30 15 98 180 0 90 180 180 124 31 154 0 0 56 66 140
3677 3681 36 60 6 6 36 108 127 171 39 174 174 0 0 171 90 108
4721 4745 24 104 18 54 204 167 62 167 136 89 59 15 138 149 165 5
691 2342 96 1 92 71 195 123 199 122 86 135 151 89 35 5 132 197
3925 3925 90 150 0 120 105 60 120 15 120 195 0 0 0 0 90 0
1813 1827 174 171 184 33 8 170 112 165 11 21 123 126 168 56 84 31
6445 6450 38 26 93 53 117 58 14 58 90 30 51 0 168 145 115 147
2427 5341 12 193 174 19 161 168 149 139 124 185 99 4 15 99 199 131
2080 2080 90 150 126 120 0 60 120 60 101 0 0 0 0 109 29 10
270 276 120 60 150 90 168 50 200 150 110 66 108 0 0 116 32 150
4265 4290 192 70 121 28 201 182 108 127 21 114 58 75 2 30 169 82
1550 4874 81 207 42 52 161 51 18 137 186 61 114 157 22 172 80 67
4503 4503 96 132 0 156 175 120 72 37 198 47 0 0 0 0 40 0
2895 2898 34 52 34 64 127 172 206 75 13 95 6 0 168 185 109 10
5261 5284 152 177 126 182 166 27 64 89 155 129 103 71 168 80 103 78
1772 4637 136 175 100 8 91 206 94 126 77 70 35 6 134 156 138 85
6534 6534 0 0 105 105 105 0 105 105 105 105 0 0 105 105 0 0
4738 4741 62 185 148 92 153 39 34 172 66 79 106 0 42 179 156 200
6339 6351 95 17 108 93 199 16 195 61 125 164 25 0 190 164 76 90
1179 5282 151 90 79 21 139 180 73 57 61 191 31 128 41 170 16 17
6942 6942 78 60 168 48 0 150 108 108 47 0 42 0 168 103 167 160
4922 4924 0 0 188 187 0 0 0 0 112 84 61 0 0 98 28 140
5763 5771 94 107 32 133 179 165 38 122 36 65 59 64 144 61 180 74
6123 6139 65 165 187 50 21 84 191 141 22 19 52 71 8 158 15 70
1887 1887 0 0 0 0 0 0 0 0 0 0 0 0 0 0 0 0
3663 3670 156 120 60 96 69 7 142 6 1 144 186 0 126 209 180 40
6412 6443 149 185 173 112 179 174 111 7 20 199 33 88 80 158 100 183
766 6327 98 203 126 60 147 183 54 28 1 150 169 180 115 142 43 87
404 404 100 190 40 40 60 180 50 20 28 138 54 0 0 36 126 90
6305 6308 48 150 120 183 192 171 186 18 3 162 183 0 168 207 15 60
1584 1613 17 44 159 48 112 138 164 56 60 27 47 84 25 65 34 71
4946 6235 79 48 63 26 183 179 36 134 143 106 153 48 73 62 139 13
5745 5745 60 30 184 150 0 180 150 180 107 144 137 0 0 103 203 100
2319 2326 24 138 15 39 69 12 119 3 93 27 162 0 105 129 30 0
889 896 87 180 26 102 175 170 159 177 175 17 185 35 126 125 70 65
255 984 94 15 80 133 66 159 145 6 51 86 72 99 100 30 54 94
5819 5819 141 105 138 156 0 0 57 66 0 69 180 0 78 0 90 0
1848 1855 87 165 54 42 22 127 203 207 160 84 195 165 72 140 105 50
5737 5754 122 170 78 98 159 38 25 7 2 62 203 150 93 207 137 130
632 2546 161 108 172 69 175 23 145 35 191 85 66 75 168 208 6 154
1741 1741 84 0 42 84 0 0 168 84 0 126 0 0 42 0 0 126
5261 5262 185 105 106 20 0 0 187 100 144 193 162 0 164 36 200 60
430 459 162 43 175 87 0 29 70 206 98 189 187 69 146 110 39 48
350 3005 65 127 104 137 54 102 48 121 61 196 206 169 162 68 113 172
2557 2557 18 0 174 78 0 0 186 138 0 192 90 0 144 0 150 192
4484 4490 120 60 180 30 35 150 90 75 174 169 2 25 0 168 8 85
4806 4806 42 0 126 42 0 0 208 42 31 42 42 0 126 41 168 160
1199 1305 186 188 139 173 164 11 157 0 110 125 88 93 105 191 189 37
94 94 0 0 0 0 0 0 0 0 0 0 0 0 0 0 0 0
2414 2417 140 35 35 35 90 130 30 70 172 42 21 0 0 139 139 0
1585 1609 169 208 76 124 170 188 172 46 24 83 54 182 141 140 195 38
4200 5411 208 134 82 128 49 140 79 179 79 99 179 37 146 66 103 192
1769 1769 188 101 0 8 140 165 106 4 25 70 14 196 0 0 140 171
3729 3742 115 89 205 55 97 133 196 26 133 43 198 0 77 189 164 13
6475 6491 170 150 58 140 48 60 6 130 157 148 138 30 122 53 11 112
1892 3012 165 52 186 20 49 65 184 66 117 172 40 66 200 102 127 37
5995 5995 142 160 159 97 165 0 101 167 41 203 74 0 173 27 82 120
3686 3689 46 160 102 141 160 150 98 26 68 154 27 140 74 156 116 170
4511 4536 65 103 4 20 112 184 11 21 198 83 119 0 46 63 46 16
4416 6443 186 122 122 4 73 76 116 144 31 151 31 177 180 6 81 57
1562 1562 0 0 168 0 0 0 0 0 84 126 84 0 0 126 126 0
1190 1190 40 190 135 85 45 0 95 155 155 35 80 0 65 15 100 90
4714 4733 28 169 13 43 161 111 69 35 45 6 192 90 117 185 22 6
1666 2593 184 20 136 113 62 73 102 91 185 46 156 192 107 50 163 180
5668 5668 110 20 170 170 150 30 160 190 14 114 72 0 0 48 168 120
3564 3568 63 180 41 33 21 147 103 168 152 171 76 0 186 58 148 161
3170 3191 192 37 200 132 109 74 4 12 29 14 82 0 174 52 10 33
1307 1440 37 141 20 31 93 20 101 46 71 187 61 62 88 34 191 88
1981 1981 133 55 177 163 165 0 8 203 41 2 134 0 101 27 112 129
5148 5149 150 90 108 180 0 120 166 30 37 84 156 0 12 203 30 14
5966 5976 158 110 18 173 33 114 153 148 154 184 58 0 115 117 209 15
166 1168 181 99 102 80 124 173 84 131 160 12 12 14 128 173 84 189
5456 5456 0 0 0 0 0 0 0 0 140 0 0 0 0 70 140 70
56 57 114 120 186 202 105 90 94 45 127 135 6 141 84 83 30 85
5845 5876 31 25 68 155 171 138 99 24 99 19 130 100 58 47 167 196
1464 6461 43 78 156 134 134 78 152 180 134 98 4 205 20 79 1 105
3205 3205 90 150 0 120 0 60 120 120 120 90 0 0 0 0 90 0
1499 1506 143 50 191 203 171 89 85 58 150 3 51 0 78 150 85 60
3353 3376 2 80 167 107 149 141 190 34 1 71 64 147 132 189 9 35
4909 6469 99 147 124 130 114 86 94 78 18 32 80 102 180 83 157 179
4851 4851 84 0 0 84 182 140 194 84 129 0 126 0 84 111 0 160
4126 4129 180 90 126 30 1 125 170 120 162 0 0 0 0 138 9 80
3419 3422 204 60 48 174 36 108 47 129 145 48 6 0 42 5 132 26
5837 6395 68 126 45 187 10 59 12 87 128 37 62 9 97 137 40 157
6399 6399 0 105 105 105 147 159 132 0 102 0 105 0 0 78 99 0
845 852 30 120 30 180 102 0 110 90 178 156 198 0 0 122 2 150
2405 2428 30 102 66 15 120 175 130 105 113 49 166 132 92 152 167 146
2041 2746 55 58 28 155 198 27 24 46 44 178 84 176 5 167 188 186
4595 4595 0 0 0 0 0 0 0 0 0 0 0 0 0 0 0 0
2623 2624 30 120 84 180 0 90 180 90 64 0 0 0 0 146 166 50
2978 3001 165 112 41 165 201 51 36 21 195 160 144 195 23 33 110 60
1005 5170 3 9 44 114 36 143 154 127 142 141 133 186 123 134 46 204
3684 3684 0 0 0 0 0 0 0 0 126 126 168 0 0 42 42 0
5170 5170 144 30 150 24 186 138 88 54 114 66 24 0 84 96 150 180
592 604 87 180 102 102 180 124 99 86 103 130 81 84 42 107 11 30
841 2747 24 80 158 51 118 85 164 80 44 18 189 191 109 154 32 9
322 322 174 150 84 181 6 18 48 144 24 36 153 0 84 186 120 60
319 320 150 180 42 60 168 156 18 30 110 0 0 0 0 100 74 40
6091 6107 122 70 46 188 4 3 11 205 201 202 11 168 157 49 99 190
3986 5876 177 189 207 72 20 15 63 4 67 207 120 39 40 63 41 17
3072 3072 0 0 0 0 0 0 0 0 0 0 0 0 0 0 0 0
2341 2342 18 156 174 85 140 180 66 206 24 46 159 0 0 0 200 0
546 564 94 7 138 34 55 105 111 24 179 59 153 0 60 156 55 7
183 1091 198 62 10 62 52 91 78 97 91 66 144 26 108 77 14 150
6743 6743 174 108 0 204 175 60 78 15 150 65 124 71 0 0 100 53
5035 5041 90 105 39 75 117 25 50 60 62 150 165 0 90 208 55 170
2211 2224 107 159 132 12 207 109 58 90 196 82 105 161 7 63 69 80
4006 4163 32 171 42 79 173 11 87 108 22 61 40 182 27 58 107 49
2300 2300 120 60 60 90 0 150 90 150 165 120 15 0 0 45 105 60
4521 4524 24 180 68 144 0 30 184 114 176 46 115 0 84 64 141 60
6197 6205 7 36 188 46 200 180 75 62 7 90 104 190 34 23 180 116
458 6439 203 11 195 13 145 18 41 48 29 131 168 58 29 21 28 99
2395 2395 42 0 126 42 0 0 84 42 0 168 0 0 126 0 0 0
4765 4771 63 30 207 198 123 48 11 168 161 147 144 0 66 169 150 51
5511 5525 182 102 22 63 207 8 102 28 84 13 189 105 146 159 30 120
123 3766 35 171 4 188 37 111 160 177 125 73 50 77 129 59 179 161
114 114 140 140 140 140 195 165 130 70 32 42 126 0 0 69 174 0
104 105 0 0 126 168 0 0 0 84 0 0 42 84 0 0 0 0
5708 5720 95 195 135 194 87 31 171 19 45 160 145 0 188 99 18 7
1610 4735 85 79 51 194 160 70 133 103 111 98 164 14 122 4 6 90
6436 6436 100 190 40 40 166 10 70 20 77 96 138 0 0 176 42 90
873 874 0 0 0 0 70 0 0 0 0 140 70 140 0 0 70 140
4735 4763 135 50 188 32 80 60 164 65 2 147 93 57 51 170 70 59
573 1046 15 157 134 196 105 68 54 170 109 7 174 112 175 74 83 84
729 729 0 0 0 0 70 0 0 42 0 140 28 182 0 0 70 140
1634 1638 90 150 0 120 126 200 190 190 71 20 0 0 0 154 160 0
637 647 30 90 130 150 72 170 140 90 92 190 130 0 130 156 200 0
3091 5305 78 29 102 2 40 181 116 64 164 115 204 114 62 48 152 47
6343 6343 140 140 0 140 0 0 70 70 70 0 0 0 0 0 0 140
2244 2255 206 63 54 161 70 0 42 65 99 135 93 105 66 107 2 75
4069 4081 184 183 65 94 45 30 16 104 48 139 208 0 193 139 12 71
686 4591 170 178 202 125 119 164 72 146 111 126 87 86 130 57 111 90
5644 5644 150 180 40 60 0 30 60 30 5 150 185 0 0 205 35 40
6770 6778 110 125 174 135 8 15 200 190 100 118 167 70 0 150 188 75
6932 6942 70 49 172 196 140 105 62 168 76 112 64 56 126 153 188 80
1788 2207 178 208 5 39 189 131 144 88 174 53 152 53 21 126 177 41
1484 1484 20 80 190 50 75 15 10 130 42 162 106 0 0 59 154 200
1443 1451 160 45 64 18 105 95 60 132 189 191 58 42 10 81 206 200
1171 1181 194 125 12 16 75 75 88 195 1 161 60 71 42 88 78 26
51 68 89 120 37 120 46 155 135 82 144 178 177 168 176 72 78 165
4542 4542 0 0 0 0 0 0 0 0 0 0 0 0 0 0 0 0
1719 1725 154 13 88 118 70 15 158 140 144 14 138 56 30 191 11 158
6229 6230 120 60 0 90 0 150 90 90 90 120 0 0 0 0 120 0
900 1061 10 96 140 75 100 135 69 21 104 20 2 92 125 203 205 18
253 253 198 105 122 18 0 0 156 48 154 13 94 0 114 56 6 152
780 793 120 60 176 111 29 150 144 132 50 118 101 202 126 113 167 100
5862 5862 98 140 126 98 0 0 154 28 154 112 196 0 112 168 98 0
58 2212 143 107 137 22 111 190 71 204 51 167 201 161 47 49 115 16
3517 3517 0 0 0 0 0 0 0 0 0 0 0 0 0 0 0 0
1271 1284 13 31 34 78 0 147 41 158 64 202 76 0 168 152 144 154
860 863 144 0 6 204 168 126 144 54 189 108 153 0 18 21 171 108
1687 3991 23 206 9 107 146 90 14 65 171 189 37 174 132 55 197 133
5815 5815 186 72 0 66 0 180 192 96 180 0 0 0 0 0 0 72
6873 6876 9 120 8 54 105 90 199 69 11 93 100 105 84 19 196 105
1788 1810 33 10 85 13 195 114 161 153 88 184 27 105 62 139 0 79
4466 4902 114 197 159 180 67 111 99 190 143 146 11 159 92 14 45 82
293 293 84 0 0 84 105 0 124 189 157 105 126 0 84 83 0 160
2360 2371 163 190 204 208 121 135 83 188 70 66 86 140 168 200 190 188
3092 3096 170 65 115 95 95 165 175 195 60 25 180 0 15 135 50 145
1079 6748 187 19 191 77 54 137 102 2 127 24 126 47 169 32 34 45
3892 3892 188 101 0 8 0 165 106 88 25 0 0 0 0 0 0 101
4727 4733 175 105 80 175 0 0 35 170 30 35 75 60 70 60 190 186
2401 2422 140 143 140 130 103 136 194 164 88 62 6 54 90 148 2 113
5087 5945 88 100 95 151 92 188 119 153 37 172 138 91 53 182 149 27
957 957 204 60 90 174 36 108 43 129 144 6 174 0 84 66 90 10
2950 2950 20 80 155 155 180 15 115 25 77 57 36 0 105 24 84 60
4419 4427 1 22 3 52 5 150 62 199 23 37 87 63 195 87 92 37
1398 1773 188 56 65 198 185 72 196 159 184 136 79 64 101 36 15 40
6046 6046 188 101 0 8 0 165 36 88 60 0 0 0 0 175 0 31
712 727 114 99 22 54 15 54 154 105 20 153 120 105 84 153 87 2
1377 1380 188 80 50 113 131 200 108 88 146 120 57 0 168 124 135 60
2276 5159 85 130 66 156 81 76 29 201 31 14 23 116 197 137 184 111
579 579 200 170 80 185 74 89 122 40 23 108 129 0 0 187 45 180
1358 1370 128 176 162 43 48 172 12 68 18 62 21 192 0 172 152 120
235 258 202 28 75 197 62 203 71 62 67 86 3 0 139 167 171 164
287 1828 158 103 195 13 161 32 122 198 198 59 128 74 179 134 154 146
4411 4411 126 0 168 126 0 0 42 126 0 84 0 0 168 0 0 0
3404 3413 164 173 155 179 177 65 198 58 193 84 63 0 0 75 82 70
3069 3088 60 66 35 15 133 38 113 141 130 7 183 20 167 46 173 52
1039 4634 166 167 178 179 3 40 76 131 8 133 62 79 159 106 187 8
2667 2667 0 0 0 0 0 0 0 0 0 0 0 0 0 0 0 0
1463 1476 79 120 130 68 89 173 55 209 147 100 97 105 28 18 30 130
2254 2283 118 108 53 176 102 6 14 142 189 0 32 0 56 64 33 160
4936 5989 162 178 191 115 30 149 158 43 38 31 78 118 101 152 64 180
5237 5237 78 186 0 48 35 150 6 41 174 1 0 0 0 0 50 0
2420 2427 50 40 66 80 25 120 160 197 148 127 6 12 160 132 62 60
6976 6982 128 176 184 68 2 61 18 37 58 181 126 71 56 134 167 185
544 1221 12 9 45 121 124 22 25 18 11 182 184 164 197 179 33 139
5814 5814 0 0 0 0 0 0 0 0 0 0 0 0 0 0 0 0
432 435 72 120 124 12 192 78 126 132 57 0 203 0 42 153 93 60
3485 3516 70 172 171 155 172 96 43 186 145 110 0 71 11 72 208 57
251 6845 164 62 173 67 77 67 118 79 120 185 100 160 5 153 189 54
3002 3002 60 30 44 150 0 180 150 180 37 74 67 0 0 173 203 170
3143 3152 147 25 178 54 105 150 79 63 54 184 207 21 146 26 71 125
6945 6951 208 34 120 58 69 57 166 110 102 168 36 0 126 39 0 130
852 1987 187 103 74 104 150 183 40 47 124 149 104 177 90 66 150 98
3539 3539 200 170 80 185 33 24 142 40 72 108 129 0 0 138 45 180
1162 1172 146 145 158 206 15 69 144 46 129 13 157 0 178 156 27 79
2757 2784 3 0 1 208 200 34 164 83 28 29 129 105 61 155 103 12
541 2346 51 136 111 69 83 112 25 73 36 152 207 188 119 32 21 157
6866 6866 185 135 166 50 102 96 115 100 198 25 138 0 104 12 200 180
1192 1199 99 80 39 124 180 120 103 24 28 125 172 0 142 73 173 60
6134 6148 126 190 148 36 71 109 140 198 92 126 14 102 208 48 173 114
3389 4153 152 177 145 112 110 138 65 38 99 192 64 148 206 11 64 71
2427 2427 130 0 20 190 0 0 200 110 0 80 90 0 130 0 10 0
6617 6630 169 60 139 139 57 172 33 59 184 116 76 0 70 104 0 150
1534 1546 174 129 106 204 99 32 52 19 55 34 50 0 42 125 79 94
5934 6127 167 16 129 136 55 63 196 59 99 136 139 208 165 15 96 155
5231 5231 0 0 0 0 1 75 90 0 161 0 0 0 0 49 140 0
955 958 34 0 2 124 0 0 152 74 12 50 198 0 160 108 106 101
3394 3418 183 141 105 82 5 169 128 91 99 153 183 123 25 90 101 6
827 854 100 77 127 130 132 60 156 45 10 140 101 25 114 53 67 42
4100 4100 97 35 156 82 0 0 209 32 140 43 30 0 146 0 50 0
2955 2963 126 0 108 21 18 49 138 126 43 108 3 0 126 107 147 12
1108 1138 0 39 63 7 101 200 172 183 4 185 34 123 62 127 16 87
477 973 105 152 177 164 199 190 37 116 20 76 196 59 80 62 71 10
1928 1928 142 160 69 127 165 0 101 167 41 203 104 0 173 27 82 120
310 324 21 75 92 96 39 153 153 126 33 145 64 0 46 112 146 55
1989 2016 8 67 68 64 124 11 177 64 111 94 59 9 15 53 120 137
3043 6744 113 126 27 1 105 160 181 113 87 4 171 124 205 209 167 189
6450 6450 132 150 120 162 48 144 34 102 192 78 162 0 42 18 120 60
4615 4628 61 84 158 37 112 113 19 207 2 114 157 200 208 46 81 110
4670 4690 61 206 190 111 50 166 33 41 209 191 205 90 48 188 159 89
3414 4075 159 208 129 200 59 77 207 59 22 165 110 127 121 157 197 16
5940 5940 0 0 0 0 0 0 0 0 0 0 0 0 0 0 0 0
1023 1027 178 115 198 208 63 10 87 23 143 53 113 0 89 135 18 170
6857 6878 161 21 134 116 69 105 119 73 16 14 117 105 28 72 10 105
5555 6171 7 146 182 201 155 19 170 206 186 184 147 28 183 48 13 85
5145 5145 120 60 168 90 0 150 90 150 53 0 0 0 0 157 167 130
5366 5378 156 75 88 159 129 8 81 84 197 98 5 93 153 43 141 61
3293 3297 50 140 110 170 84 84 162 10 77 6 138 0 120 133 6 160
125 565 71 203 158 84 47 53 81 3 157 93 21 78 61 188 131 25
5528 5528 0 0 120 30 0 0 0 0 0 0 30 0 0 0 0 0
2613 2626 195 200 184 190 116 183 173 144 5 145 30 4 98 130 85 156
275 306 61 25 146 104 157 40 46 206 107 197 121 95 89 69 51 136
3586 4119 115 72 115 85 175 69 125 94 48 51 96 154 19 157 27 198
5627 5627 140 0 70 140 0 0 70 70 0 70 0 0 140 0 140 0
1174 1183 186 51 50 150 7 54 84 177 196 108 56 71 84 134 190 103
3460 3464 140 35 203 35 105 0 175 175 119 36 84 0 35 161 106 0
773 4948 65 132 109 36 7 173 48 206 118 151 26 146 132 177 177 41
475 475 140 0 70 140 0 0 70 70 0 70 0 0 140 0 140 0
855 856 0 0 162 51 0 0 0 0 0 0 177 0 0 0 0 0
4148 4169 64 172 64 183 204 33 118 5 205 16 104 130 180 97 100 65
1336 2519 152 205 133 62 1 142 114 113 50 45 103 131 162 53 59 129
5027 5027 0 105 105 105 153 113 4 0 58 0 105 0 0 32 53 0
627 632 120 141 170 198 148 25 92 192 203 20 164 0 158 20 88 87
478 499 36 186 129 111 40 180 64 159 143 197 40 140 42 190 65 175
1644 5414 87 94 107 195 24 64 171 146 172 139 99 59 74 187 23 40
1746 1746 180 90 30 30 180 120 40 120 90 30 30 0 0 120 30 120
3223 3225 54 90 150 169 140 120 154 204 67 70 41 70 84 83 140 110
3072 3086 140 83 58 30 171 12 30 127 132 130 163 177 6 168 146 163
102 2793 146 172 11 66 16 62 151 189 132 98 145 124 133 129 73 78
12 12 0 0 0 0 0 0 0 0 105 0 105 0 0 105 105 0
2550 2562 164 41 138 194 31 143 28 61 20 173 109 167 180 65 195 124
4588 4611 21 86 10 41 27 113 131 180 157 169 203 0 52 93 198 79
3386 5664 111 186 20 172 35 200 151 129 86 80 70 85 165 105 12 141
4141 4141 204 60 90 174 36 108 43 129 144 6 174 0 84 66 90 150
4137 4140 111 87 140 36 140 60 57 196 148 157 146 179 0 140 150 85
3657 3678 139 90 61 42 80 150 141 14 1 9 130 90 106 47 104 33
3550 4217 16 39 62 208 112 19 172 24 154 162 46 14 149 101 43 171
489 489 0 0 0 0 70 0 0 0 0 140 70 140 0 0 70 140
4613 4619 76 122 106 94 0 60 92 44 64 116 136 150 0 0 130 6
370 399 166 79 30 25 74 69 162 62 40 193 196 192 178 187 22 209
472 1922 122 153 134 59 132 86 105 185 169 29 74 4 24 93 173 38
2401 2401 142 160 159 97 81 168 185 167 125 119 32 0 173 153 82 120
6644 6644 60 30 184 150 0 180 150 180 65 102 11 0 0 19 119 100
1423 1450 156 0 84 12 132 204 44 52 6 154 46 121 48 204 110 163
398 2399 190 119 209 64 115 69 139 44 98 28 113 201 147 50 162 91
1710 1710 20 80 50 50 75 15 10 130 182 162 36 0 0 129 84 60
703 713 130 163 80 10 26 50 14 194 12 66 108 0 126 55 81 5
2192 2207 85 40 24 205 112 51 159 152 47 127 81 77 96 172 136 191
1483 3022 125 185 149 156 130 81 18 62 44 110 182 0 25 180 112 26
5101 5101 45 105 120 90 0 0 45 30 0 165 120 0 150 0 60 165
3785 3797 172 100 190 52 97 138 159 194 103 125 70 32 168 137 62 152
3904 3929 39 28 159 53 100 205 130 39 188 146 130 150 165 203 9 134
302 2576 59 183 72 156 165 151 194 27 7 20 99 99 54 28 169 126
6442 6442 96 132 140 156 175 120 72 37 58 117 70 0 0 140 40 140
853 867 171 192 170 0 59 63 149 138 106 148 167 175 156 130 54 95
1961 1964 175 105 66 70 140 0 35 128 128 147 40 88 70 172 92 200
2268 4704 78 206 40 38 119 53 9 206 110 44 171 3 56 130 144 168
6990 6990 0 0 0 0 0 0 70 0 175 0 0 0 0 35 0 70
5745 5748 84 0 0 84 12 198 188 84 192 168 0 0 84 204 204 0
4153 4177 64 189 103 205 140 87 8 101 183 137 85 135 106 135 75 64
334 465 14 33 62 118 139 113 208 184 113 171 152 96 23 52 101 182
5787 5787 62 0 16 152 0 0 34 172 0 148 30 0 146 0 50 0
3986 3994 130 100 92 160 200 5 200 140 179 87 90 0 140 180 10 35
1698 1705 0 0 138 84 65 0 60 171 150 115 182 181 0 90 80 25
1197 1728 43 159 38 66 139 186 42 18 16 176 187 162 117 184 10 134
3587 3587 0 0 0 0 166 130 170 0 196 0 0 0 0 14 0 0
2908 2911 156 120 0 96 7 174 18 87 45 65 103 71 126 45 79 5
4948 4964 125 62 100 200 102 81 101 112 148 159 144 90 78 113 76 146
4074 6790 180 133 168 191 146 184 14 207 79 128 112 198 145 97 15 80
1835 1835 90 0 30 180 0 0 90 60 0 120 30 0 90 0 120 0
75 81 80 160 188 110 0 10 194 100 59 146 169 0 208 121 189 22
5122 5126 2 38 110 32 90 191 54 41 112 59 90 0 198 187 88 60
938 3035 12 21 104 182 207 165 17 49 171 186 58 206 115 200 51 40
5166 5166 84 0 0 84 0 0 84 84 147 0 126 0 84 63 0 0
6362 6377 191 11 166 107 172 115 141 160 56 124 16 84 162 19 201 34
4592 4611 78 85 105 153 157 205 66 136 159 159 126 0 5 96 23 169
2640 5461 16 201 82 152 21 57 24 180 51 129 114 63 71 114 87 65
614 614 0 0 0 0 0 0 0 0 0 0 0 0 0 0 0 0
935 950 207 30 114 29 165 141 69 110 87 38 135 35 160 43 32 49
6276 6282 184 148 147 19 0 195 173 68 68 47 56 0 35 189 124 105
3440 6168 207 74 200 169 85 113 153 105 135 167 100 54 10 147 3 157
4300 4300 0 0 98 0 0 0 0 0 154 168 154 0 0 56 196 140
3280 3285 60 30 70 150 86 173 154 75 72 135 65 0 0 33 112 140
6698 6718 171 173 197 144 181 66 45 24 2 193 23 170 70 1 100 52
944 4159 97 29 165 173 145 152 131 82 58 194 95 88 78 209 159 106
3720 3720 0 0 0 0 0 0 0 0 0 0 0 0 0 0 0 0
5464 5465 114 120 72 100 105 90 94 129 127 135 198 15 84 83 30 85
5649 5677 65 28 25 11 165 196 68 21 15 138 108 48 37 208 129 98
753 2465 125 86 136 90 5 64 95 3 43 170 97 34 21 18 89 3
6264 6264 20 80 134 92 75 15 10 130 182 162 120 0 0 129 84 60
1619 1622 167 135 166 32 58 85 9 97 19 124 48 0 176 179 62 150
3818 3830 184 58 129 139 81 0 3 139 169 199 26 71 33 101 42 129
1403 2575 130 148 107 88 151 5 43 88 47 41 194 125 129 175 6 85
3308 3308 30 120 162 180 0 90 180 90 36 72 156 0 0 174 84 120
463 476 135 141 183 138 28 52 159 22 194 111 135 102 0 49 169 81
3397 3404 88 106 197 177 30 30 191 68 66 74 3 12 125 128 113 50
4060 4676 165 139 200 55 86 39 129 125 95 140 108 42 191 187 25 136
5251 5251 30 120 0 180 49 90 180 171 54 65 124 71 0 126 100 65
1353 1353 0 0 0 0 0 0 0 126 0 0 84 126 0 0 0 0
2742 2758 205 26 28 85 50 169 105 118 164 187 117 70 162 49 200 185
25 164 126 137 142 209 119 5 134 142 161 165 120 96 52 33 164 150
6252 6252 120 60 4 90 0 150 90 150 32 204 92 0 0 178 98 130
2993 2999 168 189 75 63 153 47 136 180 58 72 33 0 126 38 83 150
5457 5486 100 98 31 95 72 15 29 26 79 168 85 57 195 141 64 193
1902 4292 99 103 3 119 193 7 197 14 164 97 34 156 3 164 57 76
2512 2512 80 110 50 200 75 195 160 100 2 162 36 0 0 99 24 90
898 898 167 105 16 152 0 0 139 172 0 43 30 0 146 0 50 0
5923 5952 91 108 129 203 15 166 1 65 124 116 186 56 76 134 66 191
88 666 105 120 111 104 45 184 86 16 53 55 38 92 70 89 48 135
6425 6425 0 0 0 0 0 0 0 0 0 0 0 0 0 0 0 0
6729 6730 150 75 196 60 140 30 60 120 158 87 88 40 0 112 122 80
5827 5828 170 50 110 110 0 90 40 160 140 180 180 0 0 120 0 90
3567 5872 148 84 30 166 195 133 205 5 160 184 116 48 201 121 135 183
2373 2373 142 160 159 97 95 0 101 97 41 63 74 0 173 27 12 120
728 737 171 105 162 6 105 0 57 93 122 162 15 147 108 118 8 160
1313 1326 22 68 70 72 64 16 34 132 5 8 81 175 78 143 37 163
1643 3728 29 59 56 141 91 97 73 79 77 175 177 118 57 154 24 186
3243 3243 180 0 60 150 0 0 180 120 0 30 60 0 180 0 30 0
1065 1069 150 150 142 30 0 60 180 114 206 72 152 84 60 4 164 115
2008 2012 10 150 166 184 105 60 110 23 3 155 130 63 130 207 37 45
4079 6871 144 37 172 99 35 20 38 209 52 5 61 176 128 56 58 176
506 506 0 0 196 0 0 0 0 0 98 182 98 0 0 112 42 70
4915 4917 20 80 50 50 33 15 10 130 140 162 36 0 0 171 84 60
2778 2778 0 0 0 0 0 0 0 0 0 0 0 0 0 0 0 0
570 758 99 177 78 40 94 163 100 2 186 150 36 5 143 45 44 127
2831 2831 120 165 63 195 105 45 90 150 53 0 105 0 0 157 62 130
4429 4435 72 0 54 184 32 155 182 132 19 36 60 0 72 101 57 50
6273 6278 196 112 95 91 45 0 27 47 43 127 130 0 175 135 50 30
12 382 199 91 109 15 37 145 108 54 209 125 128 125 23 163 132 90
1076 1076 57 105 96 72 105 105 99 192 0 153 180 0 36 105 90 83
4046 4047 183 0 201 93 147 119 137 108 20 153 159 0 162 40 209 123
754 784 73 191 116 38 6 95 159 55 107 86 71 70 2 69 190 117
1695 2942 200 134 75 113 106 12 159 93 198 154 208 20 39 167 26 27
3412 3412 90 150 150 120 85 30 0 141 180 5 64 71 0 30 100 35
3938 3947 135 171 88 175 80 11 9 135 19 194 59 0 114 185 126 106
1431 1448 86 22 193 30 35 65 27 185 48 117 85 153 175 50 145 171
846 3123 201 141 183 19 55 140 22 148 25 124 18 62 132 183 82 0
4384 4384 96 132 0 156 175 120 72 37 93 47 0 0 0 105 145 0
4675 4689 20 156 187 70 1 142 98 187 146 166 171 195 128 87 35 17
5259 5287 58 201 110 88 109 120 138 132 107 184 18 188 110 44 39 82
1456 1805 78 136 61 143 105 172 200 182 84 204 41 149 93 87 57 3
3452 3452 0 0 84 0 0 0 0 0 42 84 42 0 0 168 168 0
5066 5073 50 120 16 80 0 160 200 10 43 106 198 0 20 167 27 100
4818 4839 189 83 28 144 103 145 105 13 82 122 46 154 58 188 0 58
1037 6044 73 23 132 173 52 55 179 164 129 177 123 145 64 39 152 181
1425 1425 200 170 80 80 60 180 10 40 30 150 150 0 0 180 150 180
5153 5168 125 158 24 144 9 53 98 103 155 45 174 135 201 119 44 22
6431 6434 158 170 140 38 126 68 122 208 184 126 0 0 168 26 80 30
46 919 184 83 11 131 126 122 3 74 10 87 183 183 96 161 81 132
1368 1368 0 0 186 148 0 0 0 0 0 0 36 0 0 0 0 0
4530 4538 168 183 78 108 54 178 36 147 57 49 194 70 204 0 7 35
4765 4794 46 82 186 174 173 118 98 185 2 77 1 112 14 168 119 82
6705 6892 116 7 128 122 80 88 118 171 153 151 100 76 166 137 151 62
1382 1382 84 0 63 189 105 0 147 189 147 21 168 0 21 189 84 0
4005 4020 31 41 169 91 5 180 69 156 81 203 40 182 8 190 197 197
1183 1203 96 55 21 176 15 153 198 86 16 192 189 0 58 52 205 200
1030 5049 56 178 95 44 66 108 75 2 49 13 106 48 21 23 78 133
514 514 192 180 60 102 108 114 94 72 12 18 102 0 42 198 60 30
6376 6388 154 195 47 186 60 31 52 203 206 13 184 119 184 114 175 83
2155 2172 72 112 114 118 45 195 54 18 122 124 123 36 68 63 158 79
876 3289 161 102 173 97 138 142 200 88 34 63 144 187 189 204 10 53
6835 6835 0 0 0 0 189 105 0 0 189 0 0 0 0 21 0 0
5087 5101 186 84 176 126 60 39 41 183 92 110 17 195 113 66 10 70
3612 3612 0 0 0 0 0 0 0 0 0 0 0 0 0 0 0 0
247 1751 51 186 141 193 168 40 72 154 111 181 92 38 74 174 100 92
5670 5670 126 0 42 126 1 145 188 126 49 84 42 0 84 35 126 0
695 695 0 0 0 0 1 145 20 0 91 0 0 0 0 119 0 0
3259 3283 73 27 202 82 176 191 139 20 9 90 72 0 131 14 179 33
2333 3161 25 41 31 75 134 127 33 193 132 185 121 4 107 175 187 120
2430 2430 0 0 0 0 0 0 0 0 0 0 0 0 0 0 0 0
1229 1237 106 7 145 121 106 99 24 17 24 69 201 0 120 114 43 160
3297 3301 68 146 140 128 7 36 184 7 177 173 40 71 0 42 40 65
955 3665 125 148 63 23 52 103 13 194 149 130 124 81 71 128 89 36
1016 1016 84 0 84 56 0 0 124 84 157 0 0 0 84 83 0 160
3098 3098 0 0 0 0 0 0 0 0 0 150 0 0 0 0 150 0
2132 2142 198 18 81 123 25 30 11 13 113 7 38 0 65 55 26 198
480 721 189 114 189 112 81 134 190 48 155 88 106 176 2 93 28 9
2869 2869 120 60 168 90 0 150 90 150 53 0 0 0 0 157 167 130
4592 4596 50 32 200 125 151 153 50 11 192 23 39 0 84 66 10 30
1983 2012 9 140 82 62 185 84 22 66 143 83 107 50 93 199 163 98
1975 2158 127 155 168 64 116 80 170 187 44 75 24 143 51 165 105 175
2579 2579 57 105 96 72 144 90 39 192 84 153 180 0 36 126 90 83
5483 5492 190 130 52 160 81 9 66 80 76 24 108 0 168 35 150 70
1146 1150 10 0 120 160 0 0 182 170 71 18 134 0 94 79 158 48
500 1093 126 104 88 43 180 126 157 159 141 44 42 122 202 67 42 162
5221 5221 0 0 0 0 140 0 0 140 0 70 0 0 0 0 140 0
4147 4162 135 32 157 15 160 38 1 91 168 51 87 0 148 107 89 20
5302 5316 10 162 137 25 62 1 63 23 139 93 41 28 127 179 157 53
925 1412 37 121 206 127 76 195 171 116 196 118 184 136 8 47 144 46
2461 2461 0 0 0 0 0 0 0 0 0 0 0 0 0 0 0 0
6667 6670 57 185 172 12 75 15 189 192 200 41 144 0 16 81 166 5
3817 3847 105 52 177 95 170 209 35 3 149 80 25 169 188 178 107 177
1821 1929 41 52 83 166 110 51 72 155 201 12 163 156 113 92 146 142
1152 1152 0 0 126 0 0 0 0 0 126 0 0 0 0 84 84 0
5896 5908 115 125 120 30 161 38 149 134 180 77 203 124 110 164 21 190
3840 3855 2 192 111 97 170 84 46 156 92 45 202 90 68 40 104 34
359 4123 134 178 13 29 203 204 164 189 207 149 64 198 62 179 56 29
6371 6371 84 0 0 84 28 70 54 84 185 0 126 0 84 55 0 160
1288 1298 44 170 30 185 144 72 172 34 197 106 158 0 138 73 139 58
3299 3307 204 30 204 159 195 105 132 174 15 48 21 180 156 51 66 0
146 2000 51 89 200 62 127 169 83 138 51 139 191 174 142 57 71 183
739 739 0 0 0 0 144 90 150 0 84 0 0 0 0 126 0 0
3124 3126 108 6 0 168 35 15 66 116 204 16 60 0 120 15 200 90
3102 3121 52 197 209 167 76 32 40 155 115 74 109 168 38 50 83 195
676 2216 87 88 189 85 143 203 22 12 151 33 1 156 11 206 50 177
4564 4564 150 180 60 60 90 60 180 30 168 18 144 0 0 96 126 30
3974 3983 166 40 108 176 63 6 134 119 80 141 0 33 156 180 132 45
2353 2369 103 191 140 178 133 99 205 146 179 161 42 35 106 135 54 108
4012 6372 107 113 10 166 207 77 113 123 122 96 97 11 184 23 169 131
2614 2614 60 30 79 45 105 180 45 75 2 39 137 0 105 208 203 100
4165 4169 102 198 198 28 0 180 192 36 66 60 198 120 42 168 18 30
1724 1740 166 20 104 88 127 36 152 180 109 117 137 42 122 69 102 101
1408 2147 130 209 61 19 86 122 173 59 36 174 164 168 61 199 175 196
706 706 132 150 154 162 198 144 54 102 59 72 149 0 42 151 173 190
1019 1027 204 120 102 129 93 174 74 24 60 0 183 0 90 180 147 12
6858 6880 209 191 190 89 129 148 205 193 189 42 92 105 114 93 19 5
270 407 174 37 101 126 88 205 172 160 103 110 113 120 35 108 188 64
3196 3196 200 170 80 185 18 159 52 40 72 108 24 0 0 138 150 180
2790 2800 25 115 159 177 100 50 0 122 110 125 7 17 135 30 5 99
5592 5618 137 39 30 161 47 76 57 21 149 20 103 57 182 76 158 35
4033 6457 108 204 183 107 50 202 143 202 44 87 9 83 45 167 93 23
4276 4276 30 120 0 180 175 90 180 171 54 149 166 71 0 168 58 65
2180 2182 86 152 45 101 120 105 7 7 193 67 40 0 25 90 170 120
3044 3053 165 170 19 22 70 75 150 34 74 73 129 168 175 57 152 108
86 430 55 137 123 46 186 10 70 47 193 178 190 185 198 106 187 169
1358 1358 0 0 0 0 0 0 0 0 0 0 0 0 0 0 0 0
2348 2363 126 97 77 60 173 41 91 177 165 39 160 105 163 74 23 4
6337 6357 163 173 119 32 68 55 90 57 20 142 52 60 97 107 9 110
4583 5196 153 74 47 145 50 18 170 105 184 56 178 111 98 85 101 206
6722 6722 207 75 156 132 150 30 39 12 180 3 30 0 36 30 150 113
6463 6475 181 136 189 66 169 42 127 114 138 83 36 105 182 36 7 35
894 923 39 202 32 65 81 89 189 159 181 157 189 203 58 178 138 23
847 4909 91 205 29 73 148 21 91 148 72 109 145 68 196 63 115 174
5713 5713 60 30 114 127 60 180 150 180 30 150 99 0 0 180 150 180
3666 3681 9 187 167 38 96 83 86 115 96 74 173 195 209 149 18 119
1587 1608 3 51 145 133 12 85 8 169 107 86 49 71 123 185 19 129
1949 2506 127 201 23 43 171 32 90 171 149 102 158 19 110 109 106 171
6782 6782 0 0 0 0 0 0 0 0 0 0 0 0 0 0 0 0
3268 3268 100 190 74 40 45 105 170 20 93 90 125 0 0 130 35 10
6131 6157 143 125 147 189 147 151 121 158 182 158 185 30 204 135 48 193
197 969 108 174 57 83 152 177 75 138 187 154 34 41 189 102 209 100
6789 6789 0 105 98 0 70 0 0 70 154 141 154 0 0 56 106 140
4900 4903 164 110 90 74 36 198 83 169 184 176 104 0 14 66 190 10
3121 3136 32 26 4 187 78 187 111 12 93 145 141 0 184 202 37 6
29 262 155 86 39 87 127 52 169 37 11 35 116 124 99 204 111 19
5518 5518 102 30 184 192 0 180 102 12 53 144 95 0 42 37 203 160
4642 4642 96 90 30 156 138 204 178 36 79 198 198 0 126 161 30 70
167 198 98 192 186 124 186 110 146 156 99 26 144 140 76 67 53 183
5346 6129 170 104 135 169 90 42 138 17 11 2 126 137 124 143 162 174
5152 5152 188 101 0 8 0 165 106 88 95 0 0 0 0 140 70 31
4081 4089 156 135 152 167 122 80 126 93 46 41 197 84 176 73 70 9
2339 2351 178 65 46 170 207 25 166 43 152 127 1 105 104 1 3 69
470 594 18 84 25 179 169 197 192 14 52 50 161 47 73 36 175 15
787 787 0 0 174 187 6 30 120 0 126 0 159 0 0 84 0 0
2788 2789 80 110 200 95 198 69 202 100 177 18 39 0 0 183 45 30
2259 2262 140 56 84 140 14 70 42 98 14 84 154 0 28 98 42 0
1879 2486 186 22 122 2 128 199 182 200 114 136 92 46 25 113 162 36
1226 1226 0 105 70 0 0 0 0 0 140 65 140 0 0 70 30 70
4927 4934 142 148 200 82 12 138 110 146 184 130 88 0 28 162 182 180
190 208 104 122 8 8 182 142 82 109 87 6 176 35 70 88 27 186
118 193 129 155 36 168 90 85 15 102 46 190 197 111 204 97 3 201
5740 5740 90 45 171 15 189 143 4 60 82 6 153 0 0 8 95 150
428 437 11 75 16 146 142 146 11 26 46 81 150 0 50 14 82 60
1751 1782 6 105 0 144 137 82 18 179 65 10 31 28 102 44 26 151
1716 2514 159 174 142 86 1 78 201 118 8 14 186 197 9 124 124 130
2030 2030 84 0 0 84 0 0 84 84 42 0 126 0 84 168 0 0
4553 4568 208 175 155 208 42 11 205 113 104 177 203 140 169 125 153 65
1545 1570 1 155 147 81 164 141 124 101 97 112 65 35 27 44 114 115
1196 3204 53 186 22 28 44 18 18 32 43 1 3 132 7 173 11 140
3720 3720 60 30 100 108 0 180 150 180 107 144 53 0 0 103 203 100
4835 4846 0 109 76 37 70 185 48 8 51 2 199 168 104 118 62 205
1741 1745 72 15 69 12 99 68 164 132 161 132 6 0 168 109 128 22
2468 4714 208 205 166 52 58 66 83 6 169 111 200 159 4 158 122 110
5119 5119 30 120 0 180 175 50 160 171 190 65 124 71 0 20 120 65
2155 2166 164 50 126 44 63 49 128 64 137 186 32 0 18 188 195 123
3885 3898 128 152 114 5 184 144 76 106 54 96 207 60 102 46 44 86
5181 5298 209 5 119 13 40 33 29 13 103 17 181 42 35 118 21 207
3219 3219 0 0 0 0 102 90 150 0 42 0 0 0 0 168 0 0
418 423 170 50 80 110 65 5 130 160 112 192 66 0 0 109 114 60
2377 2389 59 20 100 89 120 207 61 10 113 182 201 1 96 0 172 0
720 1533 30 39 149 83 117 23 192 66 107 25 30 57 117 40 133 55
3458 3458 162 60 90 132 78 24 64 192 102 48 132 0 42 108 90 150
3159 3174 10 82 142 102 175 203 134 113 153 115 50 21 28 109 87 7
1435 1457 5 12 187 142 141 98 37 22 45 151 154 42 98 205 114 95
44 6046 108 90 94 100 201 74 200 189 130 177 198 68 111 17 155 87
6757 6757 90 150 0 120 0 60 120 120 120 90 0 0 0 0 90 0
607 610 180 90 30 30 180 50 160 120 160 30 30 0 0 50 170 120
3267 3292 70 69 5 164 118 134 61 119 55 146 188 26 190 188 192 78
1496 2572 183 71 197 203 13 87 72 190 180 105 30 100 37 3 47 156
1835 1835 180 0 60 150 0 0 180 120 0 30 60 0 180 0 30 0
4018 4019 198 120 180 138 9 111 86 48 15 12 138 0 168 195 180 90
5287 5307 73 71 75 178 158 188 42 5 179 196 193 202 169 21 135 129
1506 3613 59 72 172 116 206 48 70 53 92 140 62 158 141 202 14 91
1869 1869 36 60 6 6 36 108 127 171 144 174 174 0 0 66 90 108
244 251 86 8 179 111 105 90 101 19 204 9 36 0 21 62 114 202
4964 4990 156 155 130 157 149 120 44 150 27 38 22 190 194 209 23 29
608 1728 58 46 178 88 0 90 120 113 3 190 8 204 205 193 28 20
1658 1658 0 0 70 0 0 0 0 0 140 200 140 0 0 70 60 70
5453 5467 6 5 85 96 6 130 196 186 21 84 56 175 106 171 3 45
294 306 77 171 151 169 27 36 107 157 27 35 61 195 22 124 99 181
1528 2558 132 189 173 9 160 142 97 80 151 54 162 86 70 78 4 165
612 612 20 80 50 50 180 120 10 130 140 120 120 0 0 150 0 60
5381 5383 90 60 120 60 75 0 30 165 60 105 180 0 120 60 120 150
2216 2225 16 135 166 90 148 1 190 167 110 6 8 161 208 51 140 45
2695 3262 203 117 205 186 139 183 198 200 180 71 132 44 69 174 204 34
3998 3998 0 0 0 0 0 0 30 0 60 0 0 0 0 120 0 120
3500 3500 156 162 2 96 175 90 12 7 109 149 151 0 0 89 89 170
2703 2732 182 70 9 95 122 159 146 139 122 28 169 79 56 66 33 95
300 2124 27 154 72 186 189 136 97 143 185 118 86 163 56 31 162 74
2158 2158 96 132 0 156 175 120 72 37 198 47 0 0 0 0 40 0
6204 6213 12 141 106 102 197 27 128 197 41 31 42 0 108 84 158 209
3612 3632 193 145 158 148 209 11 129 68 118 161 208 0 64 89 43 73
1373 3383 62 194 144 99 75 179 9 125 54 81 29 87 168 32 149 189
6242 6242 150 180 138 60 30 30 50 30 173 180 180 0 0 37 137 10
6453 6462 0 195 38 90 105 120 60 165 124 196 94 105 30 56 126 155
1058 1083 160 208 125 121 50 8 136 116 50 25 45 24 106 107 145 113
5418 6275 86 155 141 188 39 98 20 134 91 16 101 126 165 57 28 91
4100 4100 166 202 70 16 70 15 2 177 58 47 0 0 0 105 40 0
9 9 120 60 0 90 70 150 90 54 90 50 76 74 0 0 190 50
3555 3562 188 149 162 128 54 30 172 40 103 103 202 105 34 192 116 165
2605 3972 24 73 174 89 124 97 185 57 56 65 19 104 206 60 139 132
6104 6104 188 101 126 176 0 165 106 88 25 0 126 0 0 0 0 101
265 268 0 150 12 150 105 60 30 159 36 19 132 129 120 84 194 195
478 501 176 11 176 146 94 117 0 74 186 116 195 0 0 95 88 105
77 792 199 24 184 84 130 117 24 77 159 1 70 49 74 39 95 169
6056 6056 0 0 0 105 0 0 0 0 0 0 105 0 0 0 0 0
4874 4882 11 90 165 161 117 111 91 166 130 203 109 0 20 200 113 80
6576 6591 83 150 78 77 60 115 108 93 158 143 109 140 203 101 131 71
788 6188 30 96 68 155 49 203 123 13 78 161 53 40 170 100 195 88
75 75 204 0 180 114 0 0 34 24 157 90 96 0 204 83 90 160
6499 6499 0 0 0 0 70 70 140 0 70 0 0 0 0 140 0 0
2235 2264 39 120 21 144 204 193 179 193 160 204 55 199 184 77 28 48
578 6098 57 125 90 189 192 117 124 150 203 71 37 118 120 103 165 192
1209 1209 84 0 0 84 70 0 124 42 157 140 28 98 84 83 70 90
1304 1307 182 160 29 147 95 0 1 7 41 23 34 70 3 27 112 190
679 705 29 189 36 98 39 207 185 169 141 50 167 15 126 27 34 202
594 1055 33 1 49 92 209 65 28 0 57 69 49 100 142 117 209 95
6064 6064 120 165 98 90 0 150 90 150 4 1 154 0 0 206 126 200
1700 1702 186 192 120 6 145 120 102 97 48 47 180 0 120 60 160 150
120 142 122 193 177 11 87 120 155 195 87 126 89 2 129 209 182 116
1544 1602 0 153 46 76 51 165 76 50 47 26 161 205 145 13 144 202
3418 3418 84 105 0 84 0 0 124 84 157 105 126 0 84 83 0 160
379 391 40 118 22 77 76 109 174 197 140 9 35 0 42 51 66 190
3213 3216 113 185 200 68 117 99 5 178 28 27 18 0 198 73 208 135
1069 3739 35 161 92 43 116 7 26 136 182 124 200 133 32 163 56 92
6418 6418 200 170 80 185 18 159 52 40 177 108 129 0 0 33 45 180
1232 1241 120 120 139 42 122 51 33 150 194 158 153 175 25 104 17 15
611 623 157 91 18 17 166 132 173 34 116 9 9 124 30 20 148 80
183 1007 67 93 141 101 160 107 37 164 171 76 186 191 191 42 42 10
5979 5979 102 105 111 57 189 83 28 12 184 108 195 0 186 116 203 0
6658 6666 140 110 41 92 159 39 147 85 72 9 45 99 75 66 189 153
3101 3114 195 57 111 4 154 139 8 172 200 56 30 42 204 85 198 172
859 3375 44 140 31 97 137 106 30 158 29 126 121 167 9 116 148 2
4059 4059 91 105 98 196 0 0 77 56 0 119 0 0 28 0 70 0
3674 3689 49 25 136 74 5 54 56 119 127 181 3 70 167 37 76 80
587 593 2 0 150 32 168 6 172 202 112 208 10 0 86 98 72 35
714 983 89 58 177 174 67 138 91 86 12 169 200 101 76 153 141 137
2070 2070 108 30 81 93 195 0 99 93 9 147 6 0 207 93 18 180
4236 4240 120 150 132 180 0 60 150 150 66 102 51 0 30 144 54 120
3415 3415 50 95 168 20 0 45 160 10 18 0 0 0 0 157 167 165
3020 6261 79 203 101 198 136 76 41 112 208 181 142 112 43 192 88 37
6437 6437 36 102 0 6 140 150 132 62 48 22 0 0 0 0 50 0
6477 6492 209 145 108 59 156 72 171 169 43 170 21 105 94 190 133 185
5479 5482 32 191 24 184 0 75 50 166 92 0 6 84 84 83 0 141
2727 3492 32 29 186 138 94 75 130 19 157 176 207 39 134 57 35 62
4414 4414 0 0 0 0 0 0 100 0 25 0 0 0 0 155 0 190
1722 1725 165 120 172 30 0 90 105 180 71 154 131 0 30 139 19 90
2862 2876 146 145 50 114 114 162 120 70 104 31 26 174 72 96 170 120
366 3309 6 208 158 141 79 64 65 70 50 75 62 163 4 94 104 122
6350 6350 168 0 0 168 0 0 88 168 169 0 42 0 168 191 0 100
2225 2239 78 144 145 153 46 114 158 195 4 187 155 175 84 59 207 72
46 48 168 0 48 168 36 168 37 63 84 6 90 0 168 126 42 90
1378 5553 123 64 179 147 92 184 138 133 71 157 205 15 16 187 147 23
2502 2502 54 30 135 39 51 108 28 204 9 111 84 0 129 141 30 180
2602 2615 0 195 94 120 78 51 163 15 131 151 49 0 5 139 29 106
3875 3897 80 128 76 93 94 186 38 98 190 56 107 70 60 166 156 32
1177 4602 57 119 47 5 104 54 108 183 128 91 199 174 176 175 74 8
3137 3137 200 170 80 185 18 159 52 40 177 108 129 0 0 33 45 180
5383 5393 30 15 111 105 168 19 2 195 5 15 117 105 0 175 157 75
6319 6333 118 194 64 209 129 134 19 158 150 9 205 35 80 142 180 57
659 1933 106 205 42 141 182 20 200 48 56 31 119 107 148 156 127 116
2868 2868 57 105 96 72 0 0 99 192 0 153 180 0 36 0 90 83
3000 3004 44 195 82 59 176 78 113 49 0 83 155 100 74 150 34 70
1167 1189 202 10 65 183 65 6 50 16 66 124 116 0 42 64 175 27
1301 1743 69 38 118 143 23 79 175 16 133 127 43 59 98 76 44 20
5131 5131 34 60 200 184 0 150 158 74 53 86 60 0 82 157 57 130
6529 6536 164 161 160 141 182 191 26 184 77 54 153 0 30 190 78 31
2705 2730 153 39 176 66 94 64 47 115 136 57 4 66 36 123 134 112
907 3840 2 174 129 2 77 87 133 188 175 134 161 117 107 166 179 127
6840 6840 120 60 108 110 0 150 90 150 53 0 90 0 0 157 167 130
4975 4979 104 80 38 134 13 14 116 85 70 173 64 71 84 110 12 35
2307 2312 192 96 128 162 0 100 158 32 32 136 18 0 126 14 164 196
4718 6981 31 187 200 109 94 77 48 38 0 115 35 138 10 144 43 209
6598 6598 167 105 16 152 0 0 139 172 0 43 30 0 146 0 50 0
284 294 208 160 44 58 81 97 90 8 179 16 79 0 70 142 165 84
940 941 33 195 174 198 0 120 51 78 90 117 180 0 84 120 0 27
1822 2439 4 164 196 33 209 50 127 176 160 79 181 191 186 6 135 191
5825 5825 120 60 90 90 78 24 132 150 102 48 174 0 0 108 90 150
2429 2432 36 60 0 6 0 80 82 66 72 84 0 0 168 48 118 154
1707 1727 125 136 8 185 133 150 197 26 10 168 159 168 10 55 148 98
615 2969 30 43 154 38 193 113 15 34 146 135 192 144 65 76 55 81
65 65 200 170 80 185 18 159 52 40 177 108 129 0 0 33 45 180
6171 6173 110 180 190 50 0 30 160 190 180 190 90 0 170 30 110 53
2088 2091 0 140 52 130 180 165 30 135 188 101 102 165 70 3 58 75
65 6755 147 86 170 80 103 125 64 142 125 187 36 191 93 164 47 67
2320 2320 177 165 96 162 0 150 189 132 95 153 180 0 36 115 5 3
6601 6614 159 21 43 84 112 66 120 107 182 122 178 100 39 108 136 70
1249 1264 14 17 110 94 140 44 62 79 148 107 188 30 8 79 68 197
119 2977 67 66 182 182 41 195 132 143 172 90 134 125 59 90 162 192
6898 6898 90 150 120 120 90 60 90 60 150 120 120 0 0 60 120 60
5520 5524 72 120 0 12 199 199 24 132 203 168 42 0 42 127 70 50
361 362 30 120 42 180 0 90 180 150 96 114 96 120 0 84 114 30
6279 6344 6 59 187 1 27 150 142 156 85 93 191 148 80 208 27 27
212 212 0 0 0 0 105 105 0 0 168 168 84 0 0 21 126 0
513 523 200 20 140 44 75 105 200 40 125 68 146 0 130 47 2 50
953 984 198 118 27 171 96 113 137 13 38 37 142 156 81 27 193 53
2334 2544 138 183 198 172 114 96 27 3 186 175 84 146 201 7 166 135
5839 5839 0 0 0 0 84 108 54 0 204 0 0 0 0 156 198 0
5782 5787 174 105 96 3 30 150 78 84 168 183 171 90 192 192 42 0
6459 6471 190 64 25 10 152 191 35 22 146 126 158 0 83 100 170 120
1044 1342 16 26 67 34 104 4 78 171 191 29 172 57 6 149 143 123
532 532 204 60 90 174 36 108 43 129 186 48 90 0 84 150 174 150
6271 6284 37 22 164 187 123 140 135 203 22 150 57 120 0 111 79 135
2393 2412 120 29 50 45 208 139 12 58 143 116 79 108 104 32 122 32
133 767 90 67 125 104 114 29 206 30 153 80 72 195 128 126 82 93
2897 2897 70 175 168 70 168 84 182 140 196 169 28 0 0 14 36 140
6380 6385 14 110 194 89 18 149 20 154 85 12 78 0 102 155 62 66
1325 1335 9 99 171 159 128 199 194 11 137 154 66 0 21 106 48 135
5584 6863 59 179 126 5 183 102 209 125 131 132 39 183 52 145 145 175
6776 6776 84 0 0 189 0 0 124 84 157 0 21 0 84 83 0 160
2879 2880 90 150 0 120 168 186 78 60 108 0 0 0 0 102 36 150
4473 4484 192 150 36 72 33 100 4 207 4 189 18 165 186 170 142 71
570 6195 80 43 168 81 110 77 181 46 37 149 16 193 23 26 137 152
2149 2149 168 168 0 168 0 0 82 42 199 168 126 0 84 83 0 160
1530 1542 84 57 94 204 143 40 188 205 138 100 206 0 54 186 34 80
315 337 120 17 142 21 37 109 37 42 16 103 198 71 103 103 77 175
2172 4789 70 146 164 175 131 84 189 135 57 90 42 60 8 178 161 90
5036 5036 200 170 80 185 18 159 52 40 177 108 129 0 0 33 45 180
6733 6744 48 174 45 175 189 63 56 53 205 153 155 0 50 20 188 107
2238 2253 97 155 183 82 172 209 35 120 73 51 4 153 16 195 193 175
128 753 168 192 45 2 90 15 156 200 208 161 13 12 34 207 81 177
3589 3589 120 60 168 90 0 150 90 150 53 0 0 0 0 157 167 130
6715 6715 200 170 80 185 18 159 52 40 177 108 129 0 0 33 45 180
1093 1095 30 183 42 180 0 195 96 48 27 0 42 0 84 126 126 57
816 5200 62 96 208 179 33 3 1 175 71 41 92 100 167 92 16 61
5811 5811 0 0 174 187 93 45 180 0 63 0 159 0 0 147 0 0
1315 1327 145 178 116 70 163 45 119 207 130 192 145 116 116 7 23 91
1269 1289 55 118 34 60 108 43 27 14 165 11 182 0 100 189 0 84
1879 4986 11 169 128 106 68 150 110 104 135 8 106 159 121 90 108 113
3206 3206 180 30 108 60 120 150 180 120 23 0 120 0 150 127 107 160
3902 3910 158 65 75 38 64 63 38 18 189 14 82 0 112 174 56 20
1400 1424 42 15 147 7 124 168 180 57 178 191 90 135 156 208 195 75
306 1334 47 134 95 20 82 22 41 173 103 127 150 65 67 109 203 109
1216 1216 120 60 168 90 0 150 90 150 53 0 0 0 0 157 167 130
3959 3966 180 36 148 130 175 90 120 75 26 125 6 155 66 154 174 159
2561 2573 175 176 79 50 57 36 104 95 202 149 114 0 143 90 163 83
1683 2388 162 98 149 31 12 139 102 44 37 55 114 152 146 46 195 112
2495 2495 96 132 0 156 133 176 100 37 16 47 0 0 0 182 96 0
3125 3129 22 184 144 89 130 60 74 84 56 34 149 0 110 90 200 120
5479 5491 44 120 25 196 207 132 202 94 88 110 143 120 98 67 66 5
3746 5031 85 94 155 152 199 68 178 191 69 128 0 150 205 52 118 175
6965 6965 0 0 0 0 70 0 0 70 0 140 0 0 0 0 70 0
4679 4688 17 72 40 57 0 90 209 142 37 154 15 0 188 203 53 101
3749 3776 185 131 122 54 144 56 143 71 115 11 144 90 30 134 23 135
3849 6968 57 119 4 157 103 124 79 80 92 10 3 40 73 99 144 91
6401 6401 0 0 0 0 0 0 0 0 0 0 0 0 0 0 0 0
2567 2578 82 123 158 24 193 175 108 176 106 35 126 14 172 135 178 146
6360 6385 20 75 81 81 39 65 40 46 76 87 123 196 80 179 158 202
2577 6196 75 59 10 129 5 177 117 171 76 56 81 135 88 91 108 168
1907 1907 0 0 0 0 1 145 20 0 91 0 0 0 0 119 0 0
715 719 32 90 134 182 126 162 160 82 65 76 14 0 146 175 148 75
4088 4116 11 130 206 132 197 206 93 28 193 119 123 102 82 97 120 135
1468 2323 137 154 111 39 108 75 48 105 144 127 135 170 108 90 139 186
2950 2950 20 80 155 155 180 15 115 25 77 57 36 0 105 24 84 60
4735 4747 64 100 44 49 133 14 106 135 93 105 19 159 166 45 7 181
4153 4160 130 0 118 190 154 178 100 110 36 164 146 140 172 114 138 0
528 682 121 189 143 91 180 182 198 192 179 51 81 190 184 192 71 39
174 174 167 105 16 152 0 0 179 172 10 43 30 0 146 20 50 160
4291 4293 207 55 86 42 10 65 19 167 198 146 114 0 146 91 76 0
2764 2787 91 105 175 161 49 105 36 191 181 62 10 105 91 38 157 70
245 3940 162 71 59 158 150 71 153 159 26 60 172 4 144 91 77 20
870 870 72 201 123 87 195 165 93 27 132 161 188 0 11 9 4 71
235 236 98 101 12 38 0 165 16 28 151 132 96 0 120 84 174 101
2395 2422 184 37 83 19 141 155 154 154 30 96 64 194 56 188 198 143
4742 5276 143 72 122 200 49 5 156 108 88 19 201 10 118 100 11 20
5649 5649 57 105 96 177 0 105 99 192 105 153 75 0 36 105 195 83
5851 5853 44 60 130 134 36 108 23 139 144 166 144 0 134 66 110 179
1547 1554 21 135 114 156 204 12 47 126 80 189 186 0 66 70 11 70
616 2691 33 141 7 4 141 94 84 187 158 30 16 52 128 83 105 7
1626 1626 30 120 0 180 175 90 180 171 180 155 124 71 0 0 190 65
4210 4210 0 0 0 0 1 145 20 0 91 0 0 0 0 119 0 0
1272 1277 168 0 154 98 0 0 126 168 140 98 140 0 84 70 0 154
2618 4659 183 127 45 52 116 15 98 149 63 55 10 180 122 54 46 140
2798 2798 167 105 16 152 0 0 139 172 0 43 30 0 146 0 50 0
3939 3946 103 52 36 103 148 100 121 11 174 116 191 90 86 11 124 14
1044 1064 198 100 204 3 168 56 114 27 165 165 121 70 80 33 134 92
48 3954 175 8 38 42 21 81 64 177 141 169 125 106 42 151 132 21
1316 1316 188 101 0 8 0 165 106 88 25 0 0 0 0 0 0 101
5303 5303 44 8 0 194 1 25 18 34 41 0 0 0 0 119 0 8
4595 4597 154 28 40 154 200 195 38 69 142 73 94 71 0 15 110 155
2565 5446 141 76 164 61 83 154 83 122 112 35 38 87 197 179 47 94
785 785 0 0 0 0 168 84 42 0 42 168 84 0 0 168 0 0
760 765 75 105 60 150 70 0 75 120 0 205 130 140 180 0 170 80
86 95 10 200 208 10 205 90 80 71 154 193 158 131 90 96 56 185
2232 4368 122 89 106 130 139 146 209 99 114 111 184 74 25 139 87 168
3942 3942 176 80 132 206 30 0 208 136 178 154 142 0 34 66 146 60
4811 4826 174 150 42 9 99 104 168 53 137 119 29 154 42 157 127 30
165 180 179 140 189 77 62 105 46 49 129 51 42 70 67 139 151 160
185 1376 16 68 78 188 126 3 7 127 6 5 36 166 24 154 155 90
5115 5115 0 0 0 0 0 0 0 0 0 0 0 0 0 0 0 0
700 714 127 151 83 97 46 179 182 115 85 146 76 0 49 199 139 115
417 424 78 60 42 48 112 144 32 178 159 182 84 0 126 150 136 60
586 3224 65 110 73 147 80 67 97 40 103 114 111 116 187 58 205 13
590 590 0 105 105 105 189 83 4 0 4 0 105 0 0 176 53 60
3430 3433 126 0 24 48 140 0 168 192 191 124 50 76 84 73 193 20
3612 3614 42 0 0 42 0 0 12 42 66 0 168 0 42 174 0 90
3631 4907 113 184 75 157 37 49 75 176 164 195 144 181 66 152 99 14
4504 4504 120 60 48 60 0 150 90 150 53 0 180 0 0 157 167 130
2444 2444 142 160 117 97 165 0 101 167 20 161 53 0 173 48 103 120
4219 4227 71 60 205 146 75 84 163 136 172 109 81 0 56 38 17 130
5659 6393 113 7 144 76 172 91 194 194 157 133 59 133 36 11 157 206
535 535 167 105 16 152 0 0 139 172 0 43 30 0 146 0 50 0
6096 6103 174 150 69 204 43 193 107 39 152 69 195 0 105 206 27 30
923 951 169 124 165 129 94 89 200 14 65 171 50 71 19 47 20 122
588 3533 39 167 107 155 39 96 179 87 75 95 65 142 27 97 170 21
2494 2494 0 0 0 0 0 0 0 0 0 0 0 0 0 0 0 0
5556 5566 60 123 164 30 15 120 0 138 127 84 60 84 198 81 36 199
109 125 95 84 36 50 131 58 15 187 122 9 162 175 74 202 76 150
2861 4735 51 71 22 27 15 133 156 141 122 123 23 53 123 8 138 185
462 462 30 120 0 180 175 90 110 171 5 65 124 71 0 175 100 205
2933 2939 168 189 42 28 105 0 126 93 102 102 12 15 168 168 18 69
3622 3636 18 105 83 160 111 125 68 138 9 124 138 0 88 207 183 60
433 5328 85 6 118 198 141 183 120 168 139 14 101 152 50 65 128 98
5584 5584 120 60 0 90 0 150 90 150 60 0 0 0 0 150 90 60
4878 4887 110 125 2 170 208 49 159 31 193 159 177 0 63 119 51 138
1046 1050 94 58 131 109 195 105 113 149 198 102 78 0 95 107 22 173
165 208 142 25 86 67 132 196 64 35 64 183 88 175 109 133 176 42
5400 5400 0 0 126 168 0 0 0 0 0 0 126 0 0 0 0 0
3103 3115 197 192 208 209 41 97 135 163 203 85 147 126 98 37 75 82
4689 4690 174 45 15 99 195 101 142 144 208 36 99 0 84 92 173 60
1310 5003 107 159 77 18 48 3 156 23 121 180 203 0 80 14 12 190
259 259 20 80 50 50 39 45 130 130 56 162 36 0 0 45 84 60
4211 4212 180 195 135 135 189 203 124 120 142 198 9 0 0 122 179 120
2590 2617 29 89 147 94 84 103 87 74 121 83 71 58 104 193 77 138
1569 2337 155 53 207 146 34 17 57 74 32 174 120 77 34 187 2 16
6453 6453 90 150 0 120 140 60 120 50 120 160 0 0 0 0 20 0
6828 6842 202 22 181 157 14 21 117 134 31 119 132 10 15 53 50 173
3555 3562 173 86 60 38 123 60 49 76 10 87 150 0 78 21 24 118
53 89 90 200 199 23 39 147 89 142 71 147 137 22 21 7 124 17
3454 3454 0 0 0 0 0 0 90 0 180 0 0 0 0 150 0 150
842 846 93 30 34 48 0 180 113 48 121 84 29 0 138 89 143 30
5262 5276 32 82 74 122 174 172 138 200 9 86 135 178 94 141 87 12
182 223 202 120 154 178 171 122 85 108 167 114 200 85 139 77 175 105
4574 4574 0 105 98 0 0 0 120 0 184 1 154 0 0 116 36 200
1578 1581 63 90 163 153 189 203 175 168 141 59 92 0 114 159 86 52
2711 2738 153 130 148 154 169 72 35 21 47 101 198 203 70 81 115 191
3729 5596 196 179 74 117 103 47 185 120 162 135 14 52 134 48 6 45
5508 5508 180 90 30 30 150 30 90 120 168 198 114 0 0 6 126 120
441 451 197 15 196 17 128 41 27 4 180 85 129 72 146 0 180 13
1823 1844 155 104 184 155 149 91 35 204 117 4 115 150 108 180 124 66
1570 5371 150 73 132 5 101 116 123 96 157 62 201 134 159 50 19 152
3012 3012 60 30 184 150 0 180 150 180 107 144 137 0 0 103 203 100
3111 3121 83 67 7 30 160 15 61 173 190 82 30 84 166 123 128 115
4188 4217 67 52 67 67 147 53 93 20 123 185 169 60 80 53 118 34
969 1513 171 108 147 196 183 43 100 40 13 2 209 198 12 184 52 84
705 705 200 170 80 185 60 75 10 40 135 150 45 0 0 75 45 180
1082 1097 204 36 63 59 205 196 73 153 111 150 189 30 48 42 37 13
5955 5956 0 0 0 0 25 55 80 0 133 168 84 0 0 161 126 0
2004 6123 14 198 110 27 80 17 90 146 33 95 192 105 62 109 196 189
5794 5794 168 0 0 168 42 126 126 168 168 42 168 0 168 42 0 0
6527 6534 22 145 148 142 82 156 73 98 135 128 115 71 99 76 159 75
6482 6504 47 208 169 17 133 19 169 106 144 187 35 90 186 178 5 134
1609 2121 2 162 89 42 141 187 72 38 201 56 82 109 161 169 42 201
5594 5594 0 105 105 105 189 83 94 0 184 180 105 0 0 116 23 0
2834 2837 139 35 126 124 198 14 3 54 52 81 42 0 188 118 60 90
1859 1868 192 54 19 207 158 190 119 58 200 82 110 21 105 88 111 59
2089 3417 59 89 76 201 204 159 97 32 51 130 43 200 139 113 16 36
4361 4361 150 180 0 60 0 30 60 120 60 150 60 180 0 0 150 150
2597 2597 196 208 159 1 130 120 89 120 113 166 74 0 173 27 122 120
5006 5011 68 200 79 143 105 128 81 43 56 11 92 0 89 42 156 170
4399 5926 155 59 166 131 100 94 98 205 205 165 161 203 18 22 105 142
6978 6978 192 180 60 102 108 114 24 72 12 18 102 0 42 198 60 30
5640 5650 72 0 202 57 208 168 180 72 17 14 93 20 30 13 157 143
768 779 23 185 54 48 97 120 23 199 56 10 204 71 138 190 202 105
616 4064 53 71 10 163 64 198 2 66 70 124 112 54 22 86 201 22
5535 5535 60 30 184 150 0 140 130 180 117 144 137 0 0 123 13 100
2999 3003 160 200 180 30 75 105 20 200 62 52 96 0 110 129 44 180
5462 5486 10 23 135 137 40 102 47 25 190 203 87 115 81 172 9 54
21 1230 136 52 147 180 91 12 5 18 99 48 4 16 122 56 197 105
2819 2819 20 80 50 50 45 75 40 130 182 162 36 0 0 129 84 60
1222 1226 69 75 32 120 205 180 135 39 106 116 196 35 14 122 122 68
3010 3016 201 136 82 129 129 87 57 153 197 76 147 0 62 144 20 37
5656 6549 194 199 6 26 178 104 124 164 4 71 112 206 120 80 133 181
3992 3992 0 0 120 170 1 145 20 0 91 0 30 0 0 119 0 0
3879 3886 110 83 204 55 75 75 4 130 22 205 17 90 126 19 82 118
238 260 22 31 27 2 34 115 94 188 42 168 36 0 58 27 68 188
4476 6439 42 95 43 98 109 4 118 155 146 3 104 79 63 97 78 169
3688 3688 0 0 0 140 0 0 0 0 0 0 0 0 0 0 0 0
4210 4210 0 0 0 0 0 0 0 0 0 0 0 0 0 0 0 0
1456 1477 105 172 159 202 0 5 0 21 157 80 153 140 41 186 11 45
5079 6340 91 134 167 96 36 156 5 61 187 49 67 16 58 75 167 156
6755 6755 0 0 0 0 180 60 30 0 0 0 0 0 0 0 0 0
6357 6359 61 59 100 76 35 60 119 169 130 92 114 0 104 42 22 38
4538 4543 114 60 142 204 0 50 118 174 120 96 20 0 162 60 40 94
926 3473 13 107 74 199 5 46 77 31 119 106 87 197 165 181 12 149
4092 4092 60 30 204 127 0 180 150 180 30 60 9 0 0 180 0 30
6899 6901 167 105 16 152 195 135 49 172 105 43 30 0 146 105 50 0
3008 3018 108 138 44 60 96 198 176 153 71 44 182 141 84 56 35 190
492 2560 157 30 171 70 36 173 186 33 146 62 74 156 207 153 10 26
3204 3204 150 180 60 60 90 60 180 30 84 144 102 0 0 138 168 30
2610 2610 114 120 180 54 156 48 58 174 204 96 54 0 84 6 180 90
5717 5717 168 126 0 168 0 0 126 126 84 126 0 0 0 0 0 0
601 639 143 107 112 40 48 169 193 189 68 142 153 138 202 51 177 114
923 923 45 0 8 90 0 0 45 30 154 166 64 0 150 56 96 140
3294 3304 184 151 91 189 158 57 194 115 205 115 201 0 150 125 167 64
373 394 183 177 134 110 33 77 133 146 150 109 190 181 68 187 76 35
1110 6781 206 103 152 105 148 98 100 201 181 149 209 191 29 62 179 22
4559 4559 0 0 0 0 0 0 0 0 0 0 0 0 0 0 0 0
5221 5231 116 150 58 116 140 60 22 74 195 194 67 68 68 45 205 128
3904 3910 150 180 206 60 86 178 76 160 81 100 206 0 98 143 77 180
2571 4335 92 92 178 5 14 89 75 186 19 47 147 178 7 209 69 168
3003 3003 204 60 90 174 36 108 43 129 144 6 174 0 84 66 90 150
135 140 108 96 24 102 70 30 186 22 111 38 63 3 0 207 67 9
4930 4953 150 143 18 135 75 129 151 74 30 136 170 53 159 4 208 1
1896 3804 136 139 40 123 68 53 203 20 49 153 52 139 63 143 27 204
6425 6425 140 140 50 140 75 165 100 142 62 72 84 102 0 129 204 180
5672 5682 132 42 102 54 105 0 164 199 156 79 35 136 48 102 132 84
5781 5784 150 120 24 132 190 60 0 100 30 140 204 0 150 180 10 180
5009 6228 136 167 90 144 51 142 195 112 22 149 198 50 197 118 209 151
6036 6036 0 0 0 0 105 105 0 0 168 168 84 0 0 21 126 0
4973 4978 129 75 144 144 150 100 127 114 20 207 144 0 0 130 130 67
5765 5786 76 135 48 47 153 57 184 63 205 32 155 94 60 19 39 58
4689 4719 97 1 78 100 103 94 116 82 46 192 5 57 201 186 55 10
1433 1433 158 191 0 38 105 75 136 43 55 75 30 195 0 0 180 176
2120 2124 197 120 154 20 70 90 109 112 201 66 157 50 146 189 129 170
1131 1135 5 65 204 5 144 201 61 190 179 135 197 0 36 121 107 127
2120 4944 29 12 35 119 96 52 24 140 208 104 168 117 118 88 162 2
1854 1854 42 0 0 42 0 0 42 42 126 0 168 0 42 84 0 0
5326 5337 94 154 178 22 128 51 19 16 193 16 45 0 177 18 188 105
5477 5507 120 191 204 68 54 102 26 75 147 139 6 45 172 41 152 122
474 3389 154 106 26 75 34 5 165 61 72 111 203 165 115 190 23 24
4950 4950 0 0 0 0 0 0 0 0 0 0 0 0 0 0 0 0
6687 6692 150 180 150 165 33 174 52 30 153 24 87 0 0 90 57 120
5600 5616 108 169 77 93 19 70 207 193 171 110 74 0 11 169 128 154
2355 5500 111 200 182 47 123 45 32 112 65 93 127 101 101 71 208 160
2853 2853 0 0 0 0 0 0 0 0 0 0 0 0 0 0 0 0
660 668 104 52 161 134 140 165 1 138 194 201 189 168 7 147 12 25
6815 6840 50 152 126 164 21 69 100 169 29 172 126 20 80 20 60 99
489 1978 82 17 86 13 193 31 146 98 117 134 5 44 183 209 133 140
3644 3644 60 30 100 150 0 180 150 180 170 60 200 0 0 40 140 100
2620 2635 206 92 20 206 20 150 186 190 96 82 201 154 162 148 49 160
4143 4171 41 88 55 155 7 97 73 10 192 45 23 135 16 88 37 50
293 928 36 103 134 19 21 135 6 176 149 75 192 188 5 72 196 142
1967 1967 20 80 50 50 75 15 10 130 182 162 36 0 0 129 84 60
2680 2692 106 120 54 52 15 30 208 71 111 149 113 45 160 9 124 169
3686 3713 57 111 161 82 54 160 74 46 84 120 123 28 9 137 193 169
848 2010 56 25 76 170 115 140 177 91 169 112 172 75 65 185 32 46
5577 5577 0 0 0 0 0 0 0 168 0 0 42 168 0 0 0 0
1543 1543 112 154 0 112 0 0 14 182 140 0 0 0 0 0 0 154
5457 5468 100 42 66 198 18 209 18 58 139 10 59 10 34 93 2 16
372 798 71 21 175 185 209 156 22 4 87 9 167 167 172 82 207 48
2849 2849 14 140 140 14 0 0 194 154 157 0 126 0 84 83 0 160
1112 1117 38 150 190 39 35 60 166 115 102 155 167 37 74 48 118 145
3633 3638 90 120 42 30 156 138 26 120 62 120 6 0 138 42 6 30
231 641 36 63 118 90 28 38 4 98 104 34 78 84 115 147 73 183
723 723 0 0 0 0 1 145 20 0 91 0 0 0 0 119 0 0
335 344 48 141 55 9 66 103 23 126 48 156 96 0 117 171 140 175
3138 3147 31 17 112 52 94 172 67 158 128 73 186 126 158 170 206 170
2532 3221 75 2 101 2 10 201 3 199 16 33 46 125 78 137 134 157
6215 6215 84 168 0 84 0 0 168 84 0 0 0 0 0 0 0 168
3757 3758 84 0 42 84 0 0 78 84 30 126 0 0 42 60 0 186
6503 6509 167 149 170 92 70 180 19 172 170 165 50 140 30 110 70 49
426 4818 42 5 126 176 60 57 122 73 110 152 147 113 50 177 31 17
2875 2875 0 0 174 187 0 0 0 0 0 0 159 0 0 0 0 0
4917 4930 178 88 89 28 169 73 81 62 59 174 59 15 69 133 175 15
4298 4298 30 120 70 180 175 90 180 171 110 115 54 71 0 70 10 135
390 1434 155 112 62 116 143 70 185 196 63 41 15 92 159 199 19 11
3380 3380 120 60 90 90 30 90 60 150 0 90 90 0 0 60 0 150
6338 6350 55 155 172 116 57 51 157 200 193 135 11 0 112 93 3 160
4527 4529 120 60 6 90 162 66 48 150 109 132 6 0 0 101 139 80
2260 2992 126 35 94 162 44 52 31 151 24 91 206 197 44 25 140 73
1329 1329 20 80 50 50 201 183 94 130 56 78 204 0 0 45 84 60
5924 5934 169 2 149 70 143 189 16 29 174 55 171 70 5 6 183 102
2375 2375 142 64 80 187 18 69 26 62 157 108 129 0 0 33 45 74
417 3141 185 3 181 102 85 77 57 150 195 33 45 16 89 161 191 37
6594 6594 170 50 110 110 15 45 160 160 152 12 96 0 0 159 144 90
4796 4798 192 0 176 132 0 0 184 72 5 18 85 0 66 115 25 98
3117 3122 48 120 144 48 156 138 26 18 126 162 144 0 186 144 138 136
1273 1317 116 48 68 36 134 185 167 187 196 193 90 0 191 66 152 153
4975 4975 0 105 98 0 0 150 180 0 64 1 154 0 0 86 66 140
5824 5826 138 90 180 198 121 78 152 159 24 161 94 71 168 156 160 5
1308 1337 13 96 134 63 172 51 124 22 173 31 8 106 205 2 92 35
50 66 19 175 92 37 158 161 145 20 48 75 16 156 70 82 96 30
4625 4625 0 0 0 105 42 21 168 0 63 42 21 0 0 147 105 0
5904 5918 110 42 100 185 116 73 70 50 49 36 129 0 194 86 180 12
5747 5764 162 187 58 42 49 86 178 193 71 34 145 0 176 7 167 140
86 1384 146 192 65 109 164 128 163 26 52 199 146 97 142 101 111 140
3700 3700 40 55 198 100 150 30 20 50 182 199 58 0 0 62 162 50
6475 6486 87 195 60 117 189 120 51 42 172 27 102 0 96 74 68 0
935 953 139 84 186 170 202 126 187 81 147 128 154 0 68 105 100 63
1023 1642 81 160 117 7 175 200 89 26 159 134 143 195 75 156 194 152
1986 1986 198 120 180 138 73 151 176 48 169 12 138 0 168 41 180 90
6695 6697 0 0 0 0 0 0 0 0 0 0 0 0 0 0 0 0
5003 5021 88 20 74 183 73 45 146 81 38 139 49 138 74 202 93 48
17 55 161 23 22 8 163 55 12 181 20 90 74 105 157 148 91 79
3112 3112 0 0 0 70 0 0 0 0 0 0 0 0 0 0 0 0
126 129 9 165 186 204 78 174 3 174 8 201 102 0 78 172 140 183
3493 3521 87 106 174 132 66 191 145 187 84 84 79 195 124 69 188 108
1094 1863 18 203 176 138 151 61 139 39 115 186 69 32 145 105 195 118
4756 4756 110 20 170 170 150 30 160 190 140 30 30 0 0 90 0 120
2796 2805 62 50 159 107 137 40 81 67 127 167 66 0 173 23 40 80
6322 6334 40 105 16 168 180 75 12 23 40 186 130 0 124 89 88 202
20 244 93 80 168 209 122 197 171 143 201 95 77 208 66 27 157 149
6181 6181 24 138 168 144 70 30 18 148 65 128 0 0 0 157 57 130
1447 1453 110 152 12 152 175 30 160 169 58 47 28 119 72 42 82 113
2948 2958 186 93 87 192 15 150 21 75 189 114 111 30 189 57 90 10
449 6104 125 186 57 45 61 153 147 153 6 58 31 133 109 33 130 188
2496 2496 158 191 0 38 0 75 136 208 10 0 0 0 0 15 135 191
2293 2305 124 61 158 34 198 66 194 122 207 7 138 105 6 139 118 105
890 891 70 0 56 70 0 0 140 140 168 182 168 0 70 42 112 0
329 2543 72 30 113 56 135 16 129 99 4 125 165 111 164 132 183 89
5975 5975 0 105 0 0 0 105 0 0 105 0 0 0 0 0 0 105
6532 6539 144 27 157 129 105 15 135 159 26 147 114 0 21 117 192 17
5914 5931 167 165 138 170 107 102 85 25 177 156 66 130 194 57 171 64
1603 6126 163 199 72 4 161 1 178 54 115 48 11 4 105 202 33 53
3216 3216 0 0 0 0 0 0 0 0 70 0 0 0 0 140 70 140
1620 1627 80 125 14 67 120 195 40 0 11 16 107 140 60 32 192 45
3291 3313 170 33 179 75 107 13 197 72 118 163 0 30 7 1 86 99
3039 6240 0 51 143 77 152 164 88 183 135 172 139 157 18 204 39 41
3920 3920 0 105 189 105 189 83 94 0 93 0 105 0 0 207 4 70
2528 2543 112 55 169 113 172 201 209 8 135 56 199 71 159 166 7 40
3252 3253 140 140 140 140 70 0 70 140 98 98 84 0 0 126 196 0
274 5298 167 32 92 56 129 204 62 207 45 108 182 151 143 121 193 200
4385 4385 70 70 70 175 0 105 140 140 105 0 105 0 0 105 105 0
3432 3445 104 171 155 64 199 70 32 53 40 15 85 91 56 14 153 65
1501 1516 128 170 175 62 197 160 99 89 185 9 67 71 75 21 98 109
607 880 159 90 154 31 51 176 201 11 156 118 51 198 35 105 56 193
6243 6243 167 105 16 152 140 140 209 172 140 43 30 0 146 70 50 0
4917 4922 18 144 202 3 46 205 32 45 135 13 187 45 44 15 106 75
5160 5161 20 80 146 133 123 39 22 85 147 33 105 15 0 33 75 105
1883 2298 158 60 40 29 19 146 181 88 87 84 125 109 92 145 140 204
4480 4480 8 11 0 188 0 45 76 178 145 0 0 0 0 90 180 11
5379 5385 92 116 128 152 191 195 88 150 14 34 54 0 126 207 98 150
6287 6298 36 162 151 179 6 134 198 188 125 168 27 154 186 72 172 91
666 2684 34 23 207 161 38 58 1 172 178 135 108 107 5 67 108 181
3601 3601 90 150 120 120 90 60 120 60 150 120 120 0 0 60 120 60
5366 5376 116 50 100 203 0 90 28 70 122 8 161 144 30 38 140 10
145 158 25 30 140 85 146 53 185 89 37 104 135 105 22 80 49 107
2575 3797 176 135 74 134 200 42 139 68 117 0 119 163 32 139 105 92
2518 2518 0 0 105 105 105 0 105 105 105 105 0 0 105 105 0 0
4463 4465 80 5 5 95 9 113 14 100 154 180 75 0 0 146 113 150
4502 4509 5 50 25 110 150 0 130 106 120 190 84 21 205 190 115 55
675 1342 55 174 139 64 84 200 66 29 1 200 76 157 194 85 155 155
3063 3063 0 0 174 187 0 0 0 0 0 0 159 0 0 0 0 0
3805 3809 174 150 144 204 108 106 146 144 190 186 60 0 42 140 174 166
5014 5035 130 1 3 7 135 90 119 145 163 120 82 77 159 31 30 201
1177 2541 57 206 76 9 9 149 199 168 129 10 10 62 107 39 34 75
4279 4279 57 105 96 72 0 0 99 192 0 153 180 0 36 0 90 83
6496 6508 78 144 154 18 206 128 78 38 32 56 174 140 162 22 106 14
6192 6195 134 200 20 104 36 108 113 199 39 6 174 0 84 171 195 150
3398 5461 180 114 174 5 208 179 112 75 33 97 177 129 96 132 150 161
3383 3383 0 105 0 0 0 105 0 0 105 0 0 0 0 0 0 105
5113 5119 42 0 56 42 105 120 102 105 124 183 28 63 42 206 172 35
2451 2459 122 125 182 92 165 105 94 2 128 105 68 70 96 57 72 130
1948 2073 72 66 193 177 4 166 124 31 193 201 78 97 111 185 62 125
779 779 17 55 59 197 165 0 46 37 41 118 44 0 153 27 32 120
1673 1684 144 25 101 159 98 204 166 60 84 44 119 166 164 13 85 0
5096 5107 200 25 174 59 204 207 126 40 147 89 75 0 10 93 169 170
3938 5014 113 72 91 22 206 197 20 194 189 50 128 111 115 189 81 141
2782 2782 84 105 105 189 189 83 78 84 96 0 21 0 84 24 53 20
3972 3979 121 202 208 126 175 120 47 155 112 153 26 53 150 86 136 195
2396 2403 144 30 18 24 67 27 90 54 45 18 165 0 84 105 173 160
408 912 142 199 132 201 115 115 203 58 139 27 167 133 95 91 171 63
5711 5711 96 132 0 156 175 170 202 37 28 47 0 0 0 80 120 0
4656 4670 208 52 157 133 147 70 205 107 53 77 120 49 77 87 144 201
1363 1371 206 52 119 200 165 150 127 129 209 107 133 32 25 63 58 90
1037 2490 112 100 92 141 207 117 123 142 128 89 87 135 184 107 44 47
2726 2726 80 170 165 65 195 0 85 205 205 175 160 0 25 135 200 180
789 802 150 0 206 195 16 195 94 84 81 28 78 164 24 145 85 128
295 325 35 108 120 153 108 126 139 102 32 134 59 110 176 138 85 119
245 378 204 162 10 182 139 26 44 125 196 129 92 157 30 23 138 123
6214 6214 114 90 180 174 60 0 64 174 37 0 186 0 54 173 180 70
1629 1636 196 190 106 1 164 95 28 56 141 48 141 0 180 174 15 118
4275 4286 82 202 43 122 85 90 63 93 80 31 58 105 191 138 121 35
83 5278 174 6 149 209 91 206 47 67 66 179 57 144 77 134 205 138
386 386 114 120 180 54 156 48 198 174 204 96 54 0 84 6 180 90
2438 2438 128 20 96 188 60 0 94 118 34 112 46 0 82 48 68 120
4300 4329 6 148 9 16 87 51 9 207 12 45 174 97 183 208 182 153
2924 4989 201 171 181 91 70 41 163 108 155 138 28 145 62 66 137 148
3716 3716 200 170 80 185 18 159 52 40 9 150 45 0 0 117 129 180
6039 6042 70 112 38 104 140 0 96 140 157 140 174 70 84 13 140 62
95 104 8 101 78 122 81 9 98 103 64 117 144 0 90 153 153 71
2197 5436 83 204 36 82 98 208 42 52 119 138 16 9 0 162 6 86
5375 5375 0 0 0 0 0 0 0 0 0 0 0 0 0 0 0 0
441 452 119 95 20 179 76 168 128 190 79 176 13 191 174 46 45 195
6820 6822 135 61 16 30 140 30 45 8 74 109 170 0 76 0 200 0
992 4362 43 99 23 178 74 148 86 147 0 123 43 97 158 192 200 168
4597 4597 78 186 0 48 0 150 6 6 174 36 0 0 0 0 120 0
4933 4946 14 133 152 104 204 147 5 157 182 38 104 69 42 75 46 150
3920 3921 14 140 182 14 0 0 194 154 199 0 126 0 84 41 168 160
801 1132 15 78 0 57 133 170 63 138 189 14 66 68 127 70 18 10
3873 3873 4 100 10 94 144 12 120 194 103 24 108 0 84 137 150 130
4454 4464 180 153 78 55 150 30 180 198 175 69 117 198 48 5 100 146
5960 5980 117 145 114 49 34 27 136 99 4 153 33 27 133 196 32 195
4 18 50 111 180 206 22 91 50 34 31 54 144 104 110 34 132 6
1378 1378 54 90 30 114 96 78 138 204 174 156 114 0 84 36 30 120
2358 2366 170 50 30 140 70 90 126 160 54 66 158 140 70 154 162 72
1474 1487 64 160 73 109 75 198 46 68 169 154 3 130 146 184 117 177
1511 2136 1 208 101 169 111 88 19 169 4 123 62 23 202 122 68 57
6416 6416 20 80 92 50 75 15 10 130 14 162 36 0 0 87 42 60
6272 6274 150 12 60 60 31 198 80 31 57 23 144 0 84 141 175 150
1778 1782 110 200 65 185 115 60 85 155 125 95 120 0 75 165 40 150
857 1510 135 202 119 14 122 90 202 124 168 192 42 101 106 204 138 118
2073 2073 0 0 0 0 105 0 0 105 0 105 0 105 0 0 0 105
2784 2794 16 175 117 177 32 121 59 204 75 154 140 123 41 191 44 60
6578 6609 28 66 106 88 167 91 98 201 20 108 132 203 148 98 0 42
855 2871 57 123 169 22 126 111 102 180 98 120 172 62 20 87 139 128
4059 4059 28 0 14 28 0 0 56 98 0 182 0 0 154 0 70 0
4436 4446 135 0 150 60 0 0 135 48 0 152 87 168 30 0 145 75
2323 2344 171 60 75 145 139 164 8 155 161 167 160 0 121 149 202 203
2780 3023 43 33 143 18 49 94 202 204 167 37 113 78 110 142 61 197
4959 4959 0 0 0 0 43 109 2 0 163 0 0 0 0 137 144 0
691 699 122 35 167 89 150 120 91 142 173 71 80 45 73 125 20 35
1112 1116 138 60 36 188 35 150 66 105 66 31 14 187 144 204 194 205
6539 6663 91 6 118 120 115 170 204 180 103 130 167 8 99 85 83 172
4983 4983 54 48 0 114 175 120 198 205 198 47 0 0 0 0 40 126
4043 4043 0 0 0 0 0 0 0 0 0 0 0 0 0 0 0 0
3293 3299 54 180 126 204 108 114 58 204 97 156 42 0 198 53 30 58
354 1910 12 20 11 4 177 98 120 178 43 55 64 94 148 141 163 181
3582 3582 42 105 105 147 189 83 136 42 100 0 63 0 42 200 53 0
4336 4344 74 44 137 181 152 41 147 19 102 195 156 0 189 5 53 64
3340 3358 100 112 102 25 123 0 22 41 51 9 16 0 156 67 20 124
5525 6447 204 158 130 65 186 62 155 57 72 87 98 109 101 197 179 56
6491 6491 134 0 82 44 0 0 148 94 0 76 180 0 92 0 20 0
6066 6076 194 41 203 68 105 144 191 127 27 51 159 0 189 162 51 15
2107 2126 93 201 81 153 58 89 145 198 200 137 83 160 76 207 85 142
8 86 27 168 197 142 175 62 139 37 118 89 38 79 66 126 71 74
3566 3566 57 105 96 72 0 0 99 192 0 153 180 0 36 0 90 83
6802 6815 88 195 67 95 13 147 125 3 110 0 54 0 187 72 111 10
4013 4040 76 17 193 31 62 68 183 107 77 39 127 50 173 121 159 127
3809 4523 4 153 147 104 85 48 178 68 0 138 38 207 63 20 150 34
4244 4244 90 150 120 120 180 120 150 60 0 120 120 0 0 150 0 60
2748 2762 136 55 4 161 60 129 18 86 149 90 141 0 36 120 174 85
4314 4334 169 65 207 169 134 42 196 101 184 151 13 42 67 77 181 181
137 343 103 179 167 15 109 81 201 166 114 28 71 167 109 18 209 194
5245 5245 57 105 96 72 0 0 99 192 0 153 180 0 36 0 90 83
1942 1949 197 195 68 182 140 120 19 52 101 41 121 70 206 139 39 78
5474 5481 162 18 149 181 115 165 157 52 187 164 90 54 147 48 148 166
1781 3499 161 83 132 166 85 151 192 7 70 106 147 46 111 117 150 4
3022 3022 20 80 50 50 75 15 10 130 182 162 36 0 0 129 84 60
5478 5486 103 132 12 194 0 15 37 50 148 133 157 42 42 161 91 62
6767 6794 83 20 160 158 75 200 189 92 189 107 139 154 92 3 158 80
1275 6192 147 34 146 32 88 105 52 47 161 202 58 81 182 98 192 171
603 603 105 0 98 0 0 0 105 0 154 106 154 0 0 56 36 140
4425 4425 0 0 0 0 105 0 0 21 0 105 84 21 0 0 0 105
1099 1105 123 120 171 93 105 65 19 138 51 75 171 0 30 99 145 79
519 1293 51 41 203 193 99 135 172 59 205 152 140 57 209 45 18 154
1165 1165 63 105 84 168 0 0 21 168 0 147 0 0 84 0 0 147
5908 5912 199 64 136 154 60 75 23 44 7 165 66 0 36 204 174 152
3153 3160 9 85 203 172 41 18 86 125 203 10 47 0 37 153 62 98
397 3597 92 86 44 149 18 141 199 69 199 168 84 141 112 4 192 169
4159 4159 0 0 0 0 126 102 156 0 6 0 0 0 0 54 12 0
358 366 171 145 206 144 175 30 95 27 84 92 116 71 196 158 198 125
63 88 130 199 75 155 178 123 110 117 150 39 23 42 76 37 22 84
2195 3959 12 85 93 135 168 85 163 91 183 77 51 158 98 32 99 86
646 646 0 0 0 0 0 0 0 0 0 0 0 0 0 0 0 0
1191 1195 200 105 90 15 1 40 150 40 56 80 55 0 200 49 80 35
2164 2194 69 96 187 60 197 143 147 102 201 31 100 42 118 182 130 126
1274 1721 73 95 36 105 59 75 145 46 52 178 18 4 37 191 101 112
5539 5539 0 0 0 0 162 180 90 0 42 0 0 0 0 168 0 0
2842 2842 204 60 90 174 36 108 43 129 144 66 174 0 84 66 150 150
5392 5396 190 100 159 175 185 176 57 185 132 35 32 0 131 191 12 130
4067 5409 110 170 28 63 102 159 194 152 117 204 61 98 119 162 0 20
5847 5847 56 77 98 56 0 0 112 196 14 1 154 0 0 56 36 112
6033 6042 2 8 102 115 9 83 196 27 183 145 31 175 182 55 47 83
3591 3592 18 156 166 9 0 180 66 138 107 144 164 0 0 103 203 16
2961 5934 24 21 29 4 102 121 10 179 114 119 49 0 59 11 156 19
5166 5166 42 0 0 42 0 0 42 42 21 0 168 0 42 189 0 0
3374 3382 174 45 57 99 71 73 138 174 204 102 57 0 84 186 65 90
6759 6782 119 50 96 204 153 132 45 52 192 99 168 48 54 103 22 195
1977 4466 96 38 97 109 2 96 166 48 200 25 148 145 124 91 71 195
6793 6793 60 30 0 150 105 180 150 27 150 165 108 177 0 0 60 165
5175 5186 118 52 30 148 159 42 150 137 109 9 156 189 42 151 180 57
6952 6957 81 30 126 108 1 115 107 6 73 120 66 30 168 77 78 130
1378 1694 205 147 86 177 65 156 78 209 181 169 7 147 120 36 191 48
4520 4520 0 0 150 20 0 0 0 0 0 0 90 0 0 0 0 0
1216 1224 42 120 111 108 163 122 45 77 78 147 82 0 155 56 11 10
4226 4253 54 55 14 41 132 198 6 204 46 187 43 126 190 16 82 43
2244 2421 81 176 171 168 24 108 100 177 200 26 101 58 154 69 106 110
1261 1261 0 0 0 0 1 145 20 0 91 0 0 0 0 119 0 70
112 125 20 106 30 110 49 132 126 67 11 185 68 35 18 117 120 67
6791 6801 66 120 84 63 109 18 180 201 57 155 148 125 36 153 163 185
5567 6488 153 3 141 136 125 71 16 198 114 71 207 176 141 102 148 47
3059 3059 84 0 0 84 200 20 134 84 87 0 126 0 84 153 0 160
3280 3295 19 25 155 159 2 179 93 8 89 97 13 84 64 197 133 1
1378 1379 48 150 120 78 193 1 36 18 199 162 78 0 168 11 120 60
6015 6117 112 139 129 94 115 191 27 60 170 195 196 52 71 61 2 62
5198 5198 42 0 0 42 0 0 112 42 196 0 168 0 42 14 0 70
3991 3993 150 180 150 10 0 30 60 30 30 0 90 0 0 0 0 180
5893 5917 76 73 128 26 7 21 83 87 169 201 84 134 155 29 40 129
832 978 196 147 201 192 126 99 87 150 97 195 94 116 189 19 5 147
5138 5138 86 71 60 26 192 111 32 76 163 102 18 0 168 72 60 131
6185 6185 0 0 0 0 0 0 0 0 0 0 0 0 0 0 0 0
6795 6797 111 57 120 6 175 90 177 187 18 152 150 0 60 180 190 135
1940 3217 102 42 154 112 11 25 50 186 140 119 114 171 68 163 64 74
6385 6385 70 70 70 70 84 42 56 140 126 84 42 0 0 84 0 0
2989 2994 96 30 30 96 108 54 88 36 147 108 198 0 36 183 135 50
120 148 101 154 66 71 100 138 118 6 164 131 29 168 164 160 16 183
73 190 6 39 55 95 67 181 149 133 30 47 173 57 205 57 179 0
3578 3578 0 0 168 0 0 0 0 0 84 126 84 0 0 126 126 0
2841 2856 135 195 14 90 121 61 73 6 125 89 82 126 138 55 77 179
5380 5409 181 84 116 100 146 153 1 169 90 71 85 71 40 155 59 10
1181 1620 55 129 130 65 90 97 91 13 177 130 73 203 100 68 3 107
5082 5082 96 132 0 156 175 120 72 37 198 77 0 0 0 0 70 0
607 617 14 44 192 209 13 64 188 209 70 207 169 33 142 196 148 195
3122 3142 135 99 138 150 65 48 71 38 136 191 42 71 208 85 118 20
3274 4585 15 184 138 116 62 4 26 157 187 46 18 155 153 150 158 176
6473 6473 0 0 0 0 105 0 0 21 0 105 84 21 0 0 0 105
2016 2022 80 80 12 110 186 108 56 190 112 100 46 0 208 192 176 60
539 549 7 50 160 127 199 79 7 177 118 181 179 0 68 2 110 17
300 3989 22 71 101 203 120 68 4 190 142 80 91 208 177 69 83 94
5005 5005 30 0 150 60 0 0 30 90 0 180 150 0 30 0 180 180
5036 5036 0 0 168 0 0 0 0 0 84 168 84 0 0 126 126 0
4095 4123 148 161 192 57 19 172 12 102 115 127 152 16 116 14 125 40
296 1337 20 94 103 114 135 145 56 104 164 25 33 119 119 125 106 159
2717 2717 189 105 42 84 0 0 63 84 0 21 0 0 42 0 0 161
2685 2692 105 150 69 45 27 101 101 0 110 63 111 0 36 190 123 17
2329 2331 126 60 100 186 140 150 12 126 25 192 142 70 48 185 205 60
2801 5627 107 70 66 17 169 12 45 73 10 76 21 94 68 29 18 9
5418 5418 0 105 105 105 189 83 94 0 184 0 105 0 0 116 53 0
1063 1065 120 165 168 90 0 45 90 150 158 0 0 0 0 157 167 25
3940 3947 206 134 20 16 105 90 34 61 152 197 32 75 64 14 134 142
842 1370 87 196 0 114 71 119 40 130 7 30 56 209 58 92 39 158
2813 2813 99 165 90 174 36 108 148 129 144 111 174 0 84 66 90 45
3502 3513 88 190 158 84 36 105 176 43 178 73 2 125 160 52 80 85
6435 6447 117 51 39 78 186 186 204 30 102 109 52 0 149 55 37 138
269 1249 172 29 15 2 208 3 185 169 158 29 153 202 18 158 159 133
372 372 90 150 198 120 150 180 180 60 53 30 30 0 0 37 167 40
515 520 186 75 113 120 180 195 93 201 208 106 67 0 129 194 144 170
3093 3121 78 39 58 30 62 169 198 205 56 48 88 66 198 87 148 107
4237 6833 10 73 103 136 31 49 111 103 41 84 9 149 181 176 144 53
4735 4735 0 0 0 0 0 120 60 0 180 0 0 0 0 150 150 0
83 85 162 30 59 147 207 60 81 57 58 23 44 0 173 105 142 0
146 160 161 118 119 161 131 178 71 119 202 196 129 105 112 208 107 192
3123 3334 66 152 10 24 207 124 73 201 189 110 29 153 69 180 95 33
4412 4412 0 0 154 0 0 0 0 0 182 84 182 0 0 28 98 70
6308 6309 132 66 0 162 0 60 160 120 151 6 126 0 84 83 90 160
3975 3990 173 125 114 198 146 65 23 1 205 136 48 173 98 105 90 105
2575 4387 70 84 167 199 71 45 36 20 181 153 190 11 155 110 169 146
358 358 112 70 84 112 0 0 56 182 56 98 14 0 98 42 112 0
1537 1550 13 56 140 208 72 179 83 147 158 111 104 0 20 149 110 18
5913 5923 2 176 174 152 66 121 46 202 153 51 156 0 0 52 34 191
5625 6689 103 95 182 44 76 85 201 208 159 29 41 146 88 6 166 135
3766 3766 168 0 126 168 0 0 84 168 84 42 126 0 42 168 168 0
6596 6604 174 60 162 9 70 45 18 23 81 17 164 64 12 192 37 160
6329 6340 162 155 43 192 150 118 4 87 166 57 170 175 118 68 147 7
3605 4701 68 200 61 29 137 51 115 129 166 45 209 105 99 130 171 9
665 665 57 105 96 72 70 0 99 192 0 83 40 140 36 0 160 13
1897 1911 128 206 32 98 64 162 176 20 50 156 118 0 108 56 82 22
2857 2885 103 155 137 12 24 189 120 119 197 53 82 96 59 69 151 28
43 48 27 75 204 192 0 30 189 102 138 123 15 0 66 72 162 58
168 168 0 0 84 42 0 0 0 0 0 0 84 0 0 0 0 0
3089 3090 30 120 180 75 30 195 30 90 15 180 75 0 0 195 75 90
3656 3664 51 120 75 189 189 173 169 174 3 99 45 168 84 87 10 85
112 5669 20 37 160 100 109 177 32 181 113 162 209 204 91 129 114 36
5695 5695 30 120 0 180 175 20 40 171 40 65 124 71 0 140 30 65
6421 6427 74 74 204 124 140 150 100 28 34 40 56 88 108 42 152 162
3972 3995 107 50 149 147 23 67 43 175 158 43 54 75 122 62 56 94
2695 6998 113 89 69 55 67 191 173 12 137 60 142 94 25 129 131 12
5082 5082 200 65 80 185 18 159 52 40 177 153 129 0 0 33 195 180
5016 5024 88 30 140 38 0 180 24 32 141 152 186 54 70 129 165 168
403 404 8 11 180 188 60 135 16 178 25 180 180 0 0 120 0 191
171 557 12 99 63 50 14 154 55 207 63 34 118 162 80 12 105 64
1764 1764 176 32 200 146 55 180 112 137 128 107 60 0 0 180 40 30
1965 1966 188 101 0 8 0 165 196 88 205 0 0 0 0 150 0 181
4970 4976 192 105 8 132 0 60 54 72 97 73 190 0 66 173 183 116
2836 4517 111 200 40 67 130 48 199 16 89 78 176 156 97 154 47 119
6402 6402 36 60 168 6 84 192 132 66 179 84 126 0 126 31 167 130
2027 2027 98 101 180 38 0 165 16 28 25 90 180 0 120 0 90 101
856 866 24 70 103 23 111 202 45 9 77 171 137 0 67 201 92 116
4051 4641 159 183 42 0 179 27 142 117 117 5 115 85 58 27 196 207
2495 2495 0 105 105 105 21 87 96 0 36 0 105 0 0 114 177 0
1549 1563 160 17 155 51 3 137 127 200 26 53 54 140 49 99 134 202
5727 5737 120 186 38 195 60 156 89 135 130 169 64 120 49 135 131 101
593 1422 145 57 201 145 105 199 170 186 43 149 16 124 190 151 83 100
3530 3530 0 0 0 0 0 0 0 0 0 0 0 0 0 0 0 0
6352 6352 0 0 0 0 0 0 0 0 140 0 0 0 0 70 140 70
6117 6127 81 48 48 204 0 60 195 90 24 102 150 105 132 198 174 90
3888 5460 135 2 163 54 207 66 107 138 24 88 167 66 138 19 87 60
4033 4033 170 50 140 110 175 90 40 31 180 65 124 71 0 0 100 65
6234 6235 15 105 180 30 0 0 15 150 0 195 180 0 120 0 90 0
5080 5080 200 170 50 125 18 159 52 40 177 108 69 0 0 33 45 180
720 3983 33 187 59 70 78 202 60 97 71 96 207 191 208 158 144 3
3743 3743 120 60 168 90 0 10 20 150 193 0 0 0 0 17 27 130
4472 4486 80 95 41 164 114 172 152 25 34 81 180 165 72 38 6 163
3054 3067 149 36 91 95 117 62 180 1 183 11 186 74 65 191 0 70
1356 2438 38 107 110 202 168 127 28 77 117 96 27 88 16 113 170 188
2760 2760 0 0 0 175 0 0 0 0 0 0 105 0 0 0 0 0
6111 6126 185 26 10 146 42 106 185 108 16 114 74 105 98 66 200 100
4878 4900 184 182 189 13 181 180 15 61 113 61 136 200 23 163 154 118
3992 4040 39 37 118 208 73 54 121 2 187 138 177 152 208 76 190 117
1628 1628 60 30 30 150 0 180 150 180 30 60 60 0 0 180 0 30
6840 6845 10 95 58 205 18 129 92 80 131 201 113 30 170 19 131 184
532 561 34 199 123 184 28 172 141 180 136 85 78 0 175 122 176 42
2055 2514 182 3 2 25 191 52 35 133 64 41 44 189 5 23 53 56
6766 6766 168 0 0 168 0 0 38 168 104 0 42 0 168 166 0 110
3510 3511 200 110 150 110 120 0 160 40 40 70 190 0 10 180 80 30
4596 4596 60 30 150 150 15 45 30 180 0 150 150 0 0 135 0 180
775 4661 82 90 61 207 183 183 13 145 66 28 15 45 64 182 182 152
4269 4269 165 105 90 120 0 0 165 180 0 45 90 0 60 0 150 185
1200 1208 1 173 129 176 195 60 162 155 156 142 33 0 101 14 9 80
5393 5400 54 162 24 36 44 98 114 204 182 36 144 0 198 208 150 42
42 752 139 20 33 45 18 157 71 126 66 15 40 127 155 110 0 189
1608 1608 167 105 136 182 0 0 139 172 0 43 60 0 146 0 50 0
3055 3065 112 142 135 97 92 171 61 53 62 121 176 190 51 36 74 50
6338 6346 108 207 56 57 147 171 110 189 100 147 165 45 174 90 138 100
20 346 134 156 10 189 122 88 202 65 97 53 126 199 109 114 69 36
990 990 0 0 174 187 0 0 0 0 0 0 159 0 0 0 0 0
2578 2587 127 130 83 17 117 209 24 165 140 124 8 63 147 65 166 100
6407 6424 0 33 17 35 61 180 0 33 155 61 54 185 18 24 20 23
160 744 5 209 209 82 55 171 188 205 66 54 106 118 92 146 31 164
2057 2057 150 180 0 60 0 30 60 120 60 150 60 180 0 0 150 150
2377 2377 30 120 0 180 140 90 180 66 180 100 194 106 0 0 170 100
3782 3813 176 29 97 201 118 81 24 170 94 125 30 87 190 67 98 52
2731 4881 103 129 52 89 20 38 149 107 79 25 0 208 15 67 124 69
4940 4940 0 0 112 0 1 145 20 0 147 42 56 0 0 63 14 70
5535 5546 30 15 16 180 86 64 18 168 196 27 166 58 84 122 162 110
5681 5695 46 67 21 116 147 195 131 173 203 143 95 42 11 30 106 39
3694 4828 101 2 36 4 85 133 21 110 156 127 36 94 74 112 183 111
285 285 168 0 84 168 0 0 126 168 0 42 0 0 84 0 0 42
220 223 118 70 177 43 165 90 193 53 121 77 44 0 161 37 52 74
6952 6976 3 21 17 18 127 53 139 78 205 139 160 40 24 34 55 51
4426 4453 65 164 150 35 119 82 77 188 12 118 38 126 66 187 97 162
3087 3087 60 30 184 150 0 40 80 180 37 144 137 0 0 173 63 100
5512 5516 94 45 158 48 0 60 24 44 97 5 114 0 4 143 160 100
172 182 51 123 92 201 125 202 173 50 166 149 102 0 70 174 11 55
895 2102 92 171 28 92 67 69 128 118 22 65 118 208 62 133 139 184
6760 6760 0 0 168 49 0 0 0 0 0 0 63 0 0 0 0 0
4375 4383 65 156 205 195 50 96 136 148 182 71 98 193 152 193 178 103
870 883 56 95 67 161 119 57 157 91 22 171 166 70 203 205 186 181
2247 4009 19 135 183 134 205 84 202 192 104 194 74 61 18 185 130 119
6776 6776 0 0 0 70 0 0 0 0 0 0 0 0 0 0 0 0
3369 3378 156 135 56 6 108 208 70 174 30 7 202 168 96 180 76 150
3700 3731 167 141 63 176 66 105 144 200 82 180 200 28 7 49 135 9
2772 6052 133 144 182 185 20 33 88 204 150 105 157 102 97 104 104 25
5351 5351 0 0 0 0 0 0 0 0 0 0 0 0 0 0 0 0
6897 6911 25 85 40 90 152 176 167 110 150 71 34 0 128 110 66 56
789 812 144 147 63 60 93 183 41 39 197 109 61 138 5 118 169 76
1442 5577 73 81 191 155 82 68 108 86 71 100 63 11 107 91 198 18
2761 2761 60 30 184 150 0 180 150 180 107 144 137 0 0 103 203 100
631 641 121 162 86 121 127 102 179 146 118 35 60 0 112 77 98 105
4141 4172 2 172 150 118 20 104 110 58 153 86 18 105 10 160 4 130
25 413 167 192 46 145 103 156 83 96 47 7 27 40 186 61 25 94
2725 2725 78 186 0 48 105 150 6 111 174 141 0 0 0 0 120 0
3069 3070 126 0 168 126 0 0 172 126 190 84 0 0 168 170 0 184
5654 5681 72 61 141 135 198 118 11 193 3 35 112 194 209 45 81 3
3521 5492 139 188 93 142 66 201 181 83 169 196 133 111 49 107 65 66
3409 3409 70 70 70 70 168 84 182 140 42 168 84 0 0 168 0 0
1947 1961 68 26 202 123 36 164 41 115 203 81 108 102 51 102 136 208
5401 5428 181 12 116 189 167 99 121 159 168 17 209 182 94 26 155 189
1882 2641 88 33 179 43 117 161 125 200 67 4 107 205 172 46 145 179
3858 3858 198 120 180 138 72 6 16 48 78 12 138 0 168 132 180 90
3139 3147 126 114 153 84 36 33 22 114 36 69 75 126 129 150 174 150
4295 4312 27 178 2 114 111 119 206 176 113 70 106 70 30 80 10 120
926 960 144 69 136 43 56 97 192 58 54 172 165 175 178 25 4 25
1370 1370 0 0 84 0 0 0 0 0 42 198 42 0 0 168 198 0
4579 4579 20 80 50 50 75 15 10 130 182 162 36 0 0 129 84 60
6163 6164 90 150 198 120 115 145 110 60 18 30 30 0 0 72 167 40
2886 6506 120 182 203 3 207 86 111 143 23 181 141 143 160 194 45 9
2372 2372 188 101 0 8 105 60 106 88 151 126 168 0 0 147 42 101
6432 6446 124 49 121 94 7 78 3 168 160 160 191 0 173 128 168 123
3881 3884 174 150 136 204 0 60 34 144 90 34 209 0 84 150 7 170
5703 6209 162 89 186 1 9 186 155 191 84 138 6 204 186 119 18 160
1670 1670 0 0 105 105 105 0 105 105 105 105 0 0 105 105 0 0
4445 4456 8 20 63 134 17 58 107 101 58 3 175 0 73 79 196 114
3461 3480 121 127 90 101 58 179 164 172 108 73 77 168 35 173 155 161
4646 5368 53 83 179 143 93 48 102 62 104 138 24 161 108 105 197 138
6671 6671 0 0 0 0 0 0 0 0 0 0 0 0 0 0 0 0
3408 3412 88 100 190 178 41 11 136 68 98 78 36 0 168 170 77 10
6270 6287 48 168 38 138 72 145 202 12 181 205 58 30 104 96 93 115
2966 3651 80 11 146 46 60 190 136 206 81 51 11 65 173 54 59 59
3786 3786 0 0 168 0 0 0 0 0 84 126 84 0 0 126 126 0
600 611 87 75 67 207 39 147 73 30 184 112 179 168 42 206 175 45
5763 5779 40 114 50 11 32 139 170 161 35 164 79 32 70 82 203 149
2128 2445 70 99 178 203 8 38 91 49 104 42 110 8 70 21 208 162
2927 2927 30 120 0 180 91 192 126 171 186 65 124 71 0 54 112 65
1632 1635 30 120 120 180 69 195 180 90 29 120 120 0 0 181 110 100
4601 4601 0 105 105 105 189 83 94 0 184 0 105 0 0 116 53 0
1379 5224 157 71 156 158 8 168 186 79 120 92 67 192 123 101 165 103
2195 2195 60 30 184 150 30 120 120 180 107 144 137 0 0 103 203 100
6862 6874 68 104 124 83 62 72 116 193 181 153 198 175 56 127 88 59
5529 5533 57 15 198 192 175 90 39 63 96 80 70 71 6 84 94 100
798 1696 78 150 68 120 180 187 144 22 198 193 201 150 97 164 56 69
3019 3019 0 0 0 0 0 0 0 0 0 0 0 0 0 0 0 0
6390 6403 57 105 124 57 155 188 9 177 49 188 89 75 120 203 186 18
3178 3185 22 140 200 142 195 45 32 122 58 172 94 0 92 163 154 96
2536 6764 76 202 58 207 202 123 209 120 89 51 142 25 3 146 103 28
6233 6233 142 160 159 97 165 0 101 167 41 203 74 0 173 27 82 120
2621 2628 121 25 4 106 189 147 3 146 121 75 18 0 78 130 158 109
6120 6133 3 180 96 75 152 78 142 203 147 34 51 105 168 93 200 0
3397 5938 139 120 111 75 90 157 102 172 34 43 142 141 90 107 52 63
2585 2585 60 30 0 150 105 180 150 111 150 165 24 51 0 0 60 165
397 398 97 55 207 7 165 0 182 137 188 122 80 0 65 90 22 39
3130 3147 44 74 193 80 2 122 100 43 45 126 19 112 183 1 200 125
5319 6693 96 95 129 104 26 93 142 146 188 88 97 41 180 45 6 114
3865 3865 142 160 159 97 165 0 101 167 41 203 74 0 173 27 82 120
4032 4036 26 20 54 86 44 152 82 106 13 168 203 0 126 197 83 100
4918 4932 97 115 208 37 195 54 159 26 58 3 31 114 112 133 62 85
508 5298 3 61 185 79 108 175 153 33 77 92 111 179 87 203 124 146
2614 2614 198 201 165 3 195 165 51 153 90 35 20 0 95 135 130 71
6233 6237 102 0 76 162 0 0 144 12 140 108 20 0 186 70 80 153
1885 1892 52 40 196 172 55 205 124 2 170 168 0 0 126 75 110 28
166 1425 126 73 96 36 54 129 58 176 27 68 143 182 149 65 44 90
4538 4538 0 105 98 0 0 0 0 0 154 1 154 0 0 56 36 140
4 11 107 9 102 8 160 0 19 208 40 205 206 146 50 20 0 34
4250 4252 40 195 146 100 0 120 126 50 16 17 75 0 112 14 61 40
1996 4438 142 1 88 51 112 74 41 106 89 133 194 176 13 199 28 45
6082 6082 180 90 30 30 181 55 60 120 181 30 30 0 0 29 30 120
4612 4614 182 203 126 182 84 188 101 196 23 28 175 0 7 200 67 0
197 204 28 91 30 27 140 0 56 140 26 149 207 112 70 204 4 126
112 265 46 70 119 100 200 157 149 98 170 200 154 209 135 75 29 61
5469 5469 126 0 126 126 0 0 208 126 157 168 126 0 0 83 0 48
1787 1802 156 190 102 136 151 80 80 207 92 145 204 71 84 108 134 135
780 810 192 83 90 54 26 138 100 41 159 140 188 120 166 198 195 176
3724 5922 177 192 2 131 69 182 84 101 148 204 1 107 201 46 169 132
4107 4107 116 30 2 206 0 180 52 166 107 88 137 0 98 103 133 100
3146 3152 207 117 32 132 175 30 109 13 20 44 52 0 78 88 158 135
451 469 146 199 43 71 180 24 176 46 128 106 57 70 28 9 83 4
1544 2054 202 21 129 6 90 133 164 37 21 60 108 117 57 118 22 164
4311 4311 204 165 90 174 36 3 43 129 39 6 174 0 84 66 90 45
4877 4892 34 51 139 175 1 148 23 141 132 194 73 0 79 108 27 182
750 778 10 64 136 200 173 37 114 35 96 20 116 140 42 107 71 164
3940 5049 100 182 107 107 33 121 171 15 8 67 198 201 0 108 135 34
3880 3880 0 0 30 130 0 0 0 0 0 0 60 0 0 0 0 0
69 72 136 82 34 61 140 30 32 76 157 94 152 0 0 103 13 2
641 650 110 62 46 170 24 8 120 128 110 62 186 147 154 44 6 25
764 6339 182 159 159 16 172 84 15 206 89 42 205 172 208 115 67 201
1569 1569 70 70 70 70 0 0 140 140 0 0 0 0 0 0 0 0
6373 6385 205 112 160 116 175 105 125 101 174 20 133 71 72 111 91 141
3064 3081 96 120 110 78 196 63 164 138 130 5 140 92 144 185 158 61
431 2341 35 42 162 110 144 157 184 97 26 54 158 75 168 132 17 173
2730 2730 0 0 140 0 0 0 0 0 70 70 70 0 0 140 0 140
4604 4605 180 120 30 60 0 90 120 120 120 90 150 0 150 90 60 180
6936 6957 128 68 152 91 16 28 94 136 142 146 144 179 90 146 126 70
2016 3393 134 38 134 96 6 9 187 55 79 166 147 103 111 115 41 13
2313 2313 0 0 0 0 70 0 0 0 0 140 70 140 0 0 70 140
4820 4829 164 2 60 209 180 30 46 68 1 16 124 154 132 1 151 62
4255 4283 34 86 12 106 128 124 144 122 135 121 6 110 72 202 79 59
55 285 18 93 161 59 29 197 175 136 193 36 78 23 152 95 93 60
4012 4012 0 0 0 0 0 0 0 0 105 0 105 0 0 105 105 0
330 345 49 45 146 196 133 19 133 164 14 91 186 0 168 163 120 125
2433 2460 103 110 170 79 21 51 97 100 45 54 67 182 102 133 110 30
949 2733 60 193 130 175 136 146 208 89 58 109 192 44 176 96 199 41
2727 2727 84 168 0 84 0 0 168 84 0 0 0 0 0 0 0 168
6784 6795 196 10 188 73 15 45 26 125 135 37 187 39 22 195 95 158
5373 5389 140 200 200 122 170 169 60 175 15 123 174 105 96 137 202 27
842 1085 127 171 145 113 36 148 46 65 64 179 4 120 94 18 103 1
554 554 0 0 0 0 0 0 0 0 0 150 0 0 0 0 150 0
3340 3346 116 170 32 206 24 12 180 166 79 186 144 0 42 131 157 132
5017 5042 69 65 189 136 13 145 136 117 32 114 19 128 13 136 7 63
3917 5270 6 114 86 155 0 194 188 123 190 91 74 173 165 88 158 134
5444 5444 100 190 70 40 70 195 110 101 40 65 124 71 0 105 100 65
3756 3765 170 95 25 50 191 92 136 160 78 54 172 0 120 102 145 80
3875 3900 148 34 204 195 49 70 196 180 53 101 18 0 100 194 37 115
461 5753 68 6 126 149 8 160 96 89 183 193 59 173 135 118 79 5
1430 1430 30 90 180 90 60 0 150 90 90 0 60 0 180 90 180 120
4952 4955 150 195 60 75 105 120 0 75 30 60 195 195 180 0 60 75
4125 4141 123 195 183 123 20 77 60 93 47 188 154 50 117 121 190 100
945 1879 87 49 103 145 90 146 70 148 85 179 126 139 51 192 144 69
2804 2804 10 40 130 130 90 60 110 170 154 144 102 0 0 138 168 30
2743 2747 109 65 24 199 88 159 185 194 93 93 115 140 182 117 9 110
5467 5483 105 143 6 45 139 189 1 202 108 195 193 207 134 45 170 96
2204 6550 113 89 43 54 130 37 149 138 111 122 32 172 65 119 69 87
5010 5010 0 0 0 0 0 0 70 0 0 0 0 0 0 0 0 0
573 576 153 105 114 138 42 54 153 18 132 57 30 0 174 138 114 47
6528 6533 68 20 170 128 32 176 136 148 58 72 198 0 168 142 150 120
317 6714 43 197 155 90 132 96 95 79 130 35 13 46 0 16 205 13
5554 5554 10 10 39 145 117 66 67 65 59 125 122 0 131 9 172 60
215 220 115 180 198 25 70 30 95 140 59 172 54 80 70 61 91 120
1698 1720 165 145 135 53 63 208 95 32 157 167 71 149 152 106 55 179
1074 1114 117 8 180 13 10 163 55 14 62 99 113 82 66 21 142 77
1490 1490 42 105 98 42 168 84 14 42 196 169 196 0 42 14 36 140
4102 4104 42 120 54 32 180 150 36 42 126 168 174 0 78 102 162 0
2719 2720 200 170 80 185 18 59 2 40 97 108 129 0 0 83 95 180
277 1433 105 169 204 165 62 194 133 40 209 17 117 203 151 200 181 131
1904 1904 120 60 42 90 0 150 90 150 32 0 0 0 0 178 188 130
1846 1856 165 135 114 0 154 138 129 150 84 113 124 80 0 36 178 115
1034 1038 46 105 188 106 0 0 172 26 35 59 90 0 88 175 10 112
80 3913 40 107 147 46 30 126 120 19 86 63 46 203 83 96 108 193
4139 4139 0 0 0 0 0 0 0 0 0 0 0 0 0 0 0 0
3202 3215 2 160 108 77 119 123 122 202 10 162 63 100 94 89 184 90
748 772 110 26 47 65 123 110 158 141 40 174 149 140 42 202 209 64
4887 6613 64 155 131 156 34 77 36 33 124 189 33 161 24 79 199 32
1787 1787 150 0 120 90 0 0 150 30 0 60 120 0 150 0 60 0
3092 3107 40 65 62 167 60 145 95 70 103 140 174 75 155 92 27 15
3276 3280 90 150 204 120 168 76 128 60 62 30 30 0 0 178 37 80
1814 5105 90 121 112 138 44 189 86 138 133 90 78 150 182 128 138 168
1541 1541 180 90 174 7 105 120 30 135 30 75 159 0 0 0 180 0
1715 1724 75 75 120 6 90 60 165 144 132 35 204 0 90 168 28 42
2288 2311 38 152 8 53 199 52 6 133 171 66 93 42 84 153 89 1
1141 2803 4 74 201 118 160 36 47 102 55 99 68 97 61 13 194 178
6013 6013 57 105 96 72 0 0 99 192 0 153 180 0 36 0 90 83
417 429 26 0 144 171 86 137 92 106 0 158 13 0 26 135 173 27
3756 3774 63 40 175 32 124 70 5 77 104 115 59 29 167 49 139 38
487 905 74 39 159 44 83 158 68 160 12 208 202 206 131 162 64 113
509 509 42 0 84 42 0 0 40 42 157 42 126 0 168 83 0 202
5617 5622 48 30 144 138 109 0 112 13 132 155 84 0 174 132 46 150
5134 5153 20 155 0 62 198 43 97 175 42 93 165 105 81 154 155 41
3904 6986 51 208 65 72 124 85 185 2 49 102 87 38 136 186 35 18
2656 2656 120 60 168 90 0 150 90 150 53 0 0 0 0 157 167 130
912 914 204 60 60 174 66 108 138 24 144 186 144 0 84 66 90 120
4186 4216 82 116 1 157 129 157 190 14 56 129 180 170 68 16 82 54
764 2747 145 2 62 84 139 196 35 131 162 109 37 150 95 88 78 136
5371 5371 126 0 168 126 0 0 42 126 0 84 0 0 168 0 0 0
1653 1667 102 56 179 62 105 15 63 60 148 52 173 0 1 92 194 190
2916 2932 62 131 138 57 141 69 71 157 100 135 8 70 35 33 186 36
3118 3136 64 4 104 109 134 21 34 172 150 186 203 0 72 84 64 158
6393 6393 90 150 0 120 35 60 120 135 120 55 50 115 0 0 20 55
6985 6992 117 30 49 117 140 5 39 99 184 120 142 7 36 26 186 148
3197 3226 130 200 9 47 146 197 94 125 22 146 131 155 136 116 103 101
2073 3908 133 156 47 69 128 125 82 106 123 155 114 41 176 94 25 163
3496 3496 0 0 90 75 0 0 0 0 0 0 75 0 0 0 0 0
4629 4638 122 32 115 169 60 30 185 106 118 192 98 12 45 138 50 138
4351 4363 175 25 59 40 104 72 10 0 146 67 109 95 39 151 112 155
23 71 157 125 10 165 168 85 37 0 59 160 43 198 130 61 93 46
2580 2580 204 60 90 174 36 108 43 129 144 6 174 0 84 66 90 150
2525 2531 144 135 75 129 93 159 96 54 58 138 75 0 84 152 115 140
5615 5637 194 44 193 89 171 128 165 67 67 49 208 84 127 205 184 66
1560 2204 191 193 192 170 88 189 6 63 62 114 80 108 36 116 42 98
646 646 50 200 168 20 0 150 160 10 123 70 70 0 70 157 97 130
2620 2633 3 9 111 160 101 48 52 105 69 172 41 112 153 117 80 49
3714 3741 14 123 99 41 120 33 31 44 127 153 114 196 29 47 193 30
259 2148 160 122 56 132 60 101 115 186 184 199 59 128 158 1 173 145
5178 5178 200 170 80 185 18 159 52 40 177 108 129 0 0 33 45 180
6247 6249 10 40 42 116 105 30 200 119 20 195 78 129 0 0 90 85
6774 6804 207 195 132 105 116 189 160 89 25 85 165 42 132 24 56 63
893 4113 60 207 198 68 72 138 193 184 18 97 92 158 149 191 61 181
4140 4140 0 0 140 0 0 0 0 0 70 0 70 0 0 140 70 140
5213 5217 127 175 166 37 168 181 67 122 23 153 75 0 36 67 31 83
6404 6423 168 90 207 18 45 40 201 43 110 99 2 110 65 206 83 112
2890 4885 132 49 139 78 23 30 69 161 7 168 197 76 89 58 12 117
6486 6486 200 170 80 185 18 159 52 40 177 108 129 0 0 33 45 180
276 282 50 200 194 172 30 90 130 10 14 204 186 0 0 18 198 150
3173 3181 19 23 41 169 0 180 158 128 180 59 63 105 15 172 207 121
708 1176 113 120 77 133 138 91 174 198 58 189 78 185 49 142 113 168
5845 5845 102 114 184 192 105 180 24 159 23 123 137 0 0 103 203 100
6001 6005 146 143 0 71 168 144 92 172 130 0 147 0 42 63 105 101
4594 4623 31 186 154 53 103 149 47 41 31 124 121 200 150 48 180 60
3575 4904 43 89 66 67 40 44 27 20 174 14 20 72 134 95 75 144
3134 3134 200 170 80 185 18 159 192 40 107 108 129 0 0 103 45 110
3782 3789 114 50 82 34 40 45 42 147 56 61 208 23 196 171 116 165
6353 6357 108 180 138 18 88 141 56 163 95 5 12 0 168 4 153 10
2466 2794 51 119 185 164 173 170 172 28 38 47 0 124 161 38 2 111
1346 1346 156 120 180 96 114 132 142 6 36 54 96 0 126 174 180 90
741 751 39 75 178 64 180 90 57 54 113 209 134 0 144 121 12 29
1830 1860 75 126 56 150 204 138 147 39 74 118 23 41 12 14 208 65
44 3828 116 162 81 132 53 80 24 56 26 188 81 84 161 148 202 89
881 881 60 30 150 45 18 159 192 180 177 108 129 0 0 33 45 180
4702 4705 140 35 155 35 180 60 160 70 152 162 141 0 0 99 69 150
2973 2975 42 0 0 42 0 0 42 42 21 0 168 0 42 189 0 0
1728 3240 6 65 44 86 29 54 152 191 171 91 159 40 203 148 108 169
43 43 105 105 0 0 0 0 105 0 0 105 0 0 0 0 0 0
4091 4093 99 15 192 24 0 90 123 24 120 171 60 0 132 90 120 2
76 80 66 180 54 186 0 100 158 156 89 150 87 0 0 121 133 138
2900 5112 12 107 126 33 139 132 206 160 51 160 116 66 45 73 24 155
3411 3411 0 0 0 0 35 35 70 0 35 0 0 0 0 175 0 0
5115 5119 186 30 44 66 0 160 140 96 147 18 109 0 84 183 59 156
170 174 189 195 142 174 0 120 183 84 140 151 50 0 72 10 160 63
45 5561 109 6 150 83 61 171 24 147 66 160 181 207 93 91 7 29
4929 4929 20 80 50 50 48 144 22 130 192 78 204 0 0 18 120 60
6556 6561 203 65 108 23 168 159 13 28 184 99 26 0 24 26 88 27
521 529 37 155 14 82 180 6 47 62 36 99 208 0 56 174 165 143
252 4840 93 77 177 39 57 48 128 122 54 182 113 162 19 121 191 204
5004 5004 0 0 20 187 0 0 0 0 28 126 187 0 0 182 112 140
6217 6224 154 150 2 94 105 60 86 143 104 5 162 69 148 136 102 78
4759 4763 17 30 16 162 0 75 79 142 75 43 30 0 146 0 50 135
1558 4578 183 191 14 61 208 173 204 84 193 107 26 209 137 117 4 185
6429 6429 174 0 72 54 0 0 48 144 0 36 30 0 132 0 120 176
6139 6143 151 165 168 166 120 26 166 131 84 101 140 0 10 156 2 108
135 160 68 149 179 98 46 94 20 49 29 19 157 75 24 41 160 22
2800 6683 206 183 195 79 145 209 145 161 79 124 129 188 40 207 95 128
2909 2909 167 105 16 152 0 0 139 172 0 43 30 0 146 0 50 70
4910 4919 204 54 50 114 122 182 84 66 25 56 110 0 50 67 151 0
982 991 11 170 75 185 84 93 61 133 31 172 58 207 28 189 146 9
3447 6651 154 45 206 111 149 31 134 158 111 204 188 9 37 139 151 160
6282 6282 200 170 206 185 18 159 52 40 135 150 87 0 0 75 87 180
5027 5040 186 22 133 25 160 15 102 159 137 88 95 182 110 107 162 70
1649 1649 190 130 124 137 120 150 20 80 60 90 39 0 0 150 90 150
1734 2627 143 101 108 57 57 198 43 74 144 143 40 125 149 157 187 13
6995 6995 0 105 105 105 147 83 94 0 142 0 105 0 0 158 53 0
3306 3315 45 165 58 150 80 200 15 30 199 177 74 0 30 71 126 125
3238 3265 154 97 183 69 168 159 64 141 116 19 71 7 100 200 189 87
212 649 174 40 73 187 125 89 165 92 90 23 76 99 33 57 55 180
5353 5353 0 0 174 187 105 0 0 21 0 105 33 21 0 0 0 105
3591 3595 27 205 1 183 165 60 156 81 101 198 62 84 73 27 42 60
1245 1262 205 43 80 120 141 162 75 95 42 200 89 90 176 156 37 78
3456 6304 132 39 32 20 142 152 139 84 30 31 136 96 202 123 121 22
1558 1558 160 31 84 190 0 165 92 200 11 28 154 0 28 42 182 101
3364 3368 48 126 60 48 90 30 96 18 60 0 90 0 60 30 60 66
6510 6540 185 116 12 182 194 37 33 205 107 187 0 182 58 174 116 16
1088 4954 83 22 125 14 201 208 89 180 163 164 152 40 61 70 49 166
1089 1089 0 0 0 0 0 0 0 0 0 0 0 0 0 0 0 0
4073 4076 60 0 90 120 0 0 60 180 0 10 90 0 60 0 80 0
3842 3857 84 14 155 119 129 159 1 123 203 1 71 120 28 49 157 196
44 121 65 192 181 116 58 117 144 63 61 150 147 88 195 77 62 17
6153 6153 30 120 0 180 0 90 180 150 180 30 180 120 0 0 30 30
3898 3907 0 160 180 195 180 169 196 0 195 28 131 0 128 15 119 106
4788 4813 88 142 54 171 100 109 198 146 50 158 57 155 168 127 31 207
1047 4569 169 167 180 130 130 174 47 62 118 146 25 200 152 116 192 43
6602 6602 204 60 90 174 36 108 43 129 144 6 174 0 84 66 90 150
3396 3403 30 60 193 41 170 195 105 23 38 103 47 78 45 187 127 130
6940 6960 27 90 197 9 164 115 117 21 175 184 40 79 162 97 143 15
442 5990 100 126 204 122 1 101 118 154 77 51 26 79 60 40 151 175
6523 6523 140 101 96 80 0 165 100 70 25 48 180 0 36 0 90 101
6501 6516 8 89 154 98 89 42 37 185 173 169 7 140 105 12 113 30
3151 3182 95 57 15 135 138 28 203 142 31 199 41 84 14 104 194 109
648 4370 88 200 41 109 32 105 19 152 141 181 94 0 116 52 195 145
2255 2255 0 0 174 187 0 0 0 0 0 0 159 0 0 0 0 0
4822 4830 94 6 122 94 105 120 38 129 99 151 2 154 40 201 200 124
4231 4247 58 20 54 16 180 42 134 188 137 82 164 0 188 133 181 170
226 2387 153 129 64 11 91 55 2 119 1 136 166 167 114 5 144 19
2690 2690 182 140 140 77 126 63 76 112 189 126 21 0 42 21 105 0
6627 6635 30 132 185 165 0 15 195 111 22 49 154 0 207 56 126 20
6738 6762 73 157 70 190 53 53 46 131 96 8 91 28 131 207 23 193
1136 3376 45 121 87 151 203 92 1 132 11 15 45 74 142 104 160 1
4822 4822 96 132 0 156 175 120 72 37 198 47 0 0 0 0 40 0
5947 5956 5 170 145 110 43 194 96 85 154 105 181 0 78 8 11 191
6426 6450 27 90 34 186 140 207 182 28 144 43 71 0 113 94 103 118
976 5702 105 64 6 9 84 3 202 0 141 100 35 77 165 131 54 209
1916 1916 0 0 168 0 0 0 0 0 189 168 189 0 0 21 21 0
2489 2493 123 60 20 138 140 150 51 78 28 146 48 160 24 2 122 192
6540 6546 132 150 78 162 48 48 132 102 102 36 120 0 84 48 42 154
306 2341 84 133 71 49 133 173 97 179 98 203 94 178 140 124 53 27
1241 1241 84 0 0 84 35 0 124 189 157 175 56 175 84 83 140 125
4607 4608 0 0 0 0 126 112 56 0 196 0 0 0 0 14 42 70
478 487 138 195 12 198 28 9 202 148 145 152 54 0 126 14 76 205
118 1759 82 104 181 181 63 34 143 114 154 206 16 4 198 196 53 191
40 40 0 0 156 18 0 0 0 0 0 0 186 0 0 0 0 0
3196 3196 60 30 184 150 0 180 150 180 107 144 137 0 0 103 203 100
1462 1465 84 0 171 83 70 0 147 84 147 56 76 35 21 189 154 35
361 548 162 140 65 105 33 190 148 78 88 19 173 202 177 119 49 127
2355 2355 0 0 0 0 102 90 150 0 42 0 0 0 0 168 0 0
650 653 93 15 42 138 175 90 201 129 54 188 208 71 84 126 76 2
4777 4799 2 11 197 156 135 30 64 67 139 161 203 97 132 85 180 153
5656 6243 63 189 94 118 148 163 101 141 135 110 204 195 81 124 42 155
6647 6647 167 0 16 152 0 105 139 172 105 43 30 0 146 0 50 105
4176 4191 12 27 136 93 113 138 130 108 22 41 150 140 42 56 2 102
6206 6213 98 140 110 98 172 186 46 98 140 194 54 0 168 186 94 90
3154 6959 91 73 181 0 119 186 89 12 178 182 163 24 58 138 73 123
5960 5960 0 0 0 175 0 0 0 0 0 0 105 0 0 0 0 0
2349 2356 126 60 162 186 17 19 92 126 48 126 78 0 174 168 179 186
5611 5617 75 131 69 15 39 152 11 120 0 155 41 0 16 175 171 141
2782 4200 52 202 84 0 132 207 137 146 88 106 94 172 63 147 77 57
1439 1439 0 105 105 105 105 105 0 0 0 0 105 0 0 0 105 0
6093 6094 180 0 60 150 0 0 110 120 140 30 60 0 180 70 30 170
4637 4654 122 20 51 129 46 77 59 157 129 107 65 70 167 79 23 28
2836 5193 34 177 63 115 50 43 202 11 147 120 122 183 90 46 92 182
1534 1534 36 60 90 6 36 108 25 171 150 6 132 0 126 120 90 120
55 55 60 135 184 150 0 75 150 180 2 144 137 0 0 103 203 205
2945 2972 106 67 148 49 73 69 171 77 37 60 150 0 159 114 207 183
3355 6936 68 50 135 112 142 80 7 66 101 203 68 44 85 122 22 175
3748 3748 167 105 16 152 105 105 139 172 0 43 30 0 146 105 50 0
1094 1099 22 179 140 132 70 150 104 2 180 45 130 110 0 70 80 114
2618 2634 161 141 36 71 139 72 53 67 180 166 161 56 64 130 88 175
3804 6865 44 109 119 190 87 66 22 54 153 17 32 17 8 176 25 186
287 287 0 0 0 0 42 174 192 0 72 0 0 0 0 18 144 0
64 78 172 83 108 67 136 201 128 81 27 65 29 84 146 139 93 41
2931 2934 87 25 126 42 10 130 179 162 160 83 190 0 36 80 40 60
633 1101 192 182 158 201 26 89 13 16 154 175 149 34 116 64 54 148
4329 4329 180 90 0 30 0 120 30 186 30 180 114 6 0 0 180 180
1979 1985 159 165 164 189 168 199 65 204 149 39 49 0 102 181 73 101
6522 6523 184 0 52 4 0 0 128 104 70 96 10 0 142 140 40 140
2180 3351 144 77 83 58 125 169 92 52 179 36 56 8 147 6 0 78
4688 4688 172 70 117 67 165 90 71 47 119 203 74 0 173 159 94 30
3039 3041 190 25 126 160 0 40 70 80 182 1 154 0 0 58 48 60
1622 1644 3 191 102 5 180 55 161 8 168 110 155 45 70 49 14 48
520 6123 64 182 182 38 75 18 64 155 197 116 203 26 47 15 63 65
1912 1912 0 0 54 52 0 0 0 0 0 0 24 0 0 0 0 0
2968 2975 209 60 67 149 105 45 151 34 69 115 171 60 68 21 17 204
5470 5486 121 8 33 36 152 21 167 7 24 50 29 141 168 124 48 118
1024 1900 123 103 38 49 23 117 146 193 67 115 24 139 193 132 129 55
2294 2294 18 180 171 33 15 0 69 33 159 147 36 0 87 33 108 30
2923 2923 81 105 12 13 0 0 207 96 0 129 39 0 18 0 150 0
1348 1363 139 115 20 64 189 23 6 98 187 172 19 189 105 163 35 146
193 1098 142 32 25 1 96 113 93 102 56 118 48 83 32 165 160 53
3219 3219 0 0 0 0 129 15 60 0 189 0 0 0 0 21 0 0
4313 4325 171 95 54 66 186 168 19 204 60 17 23 68 184 140 23 11
5756 5782 28 27 64 179 100 95 14 58 157 198 174 6 62 180 82 119
2139 2708 98 147 200 114 70 151 110 73 60 116 66 32 146 100 167 204
2818 2818 162 60 90 132 78 24 134 192 102 48 132 0 42 108 90 150
6217 6226 1 165 14 76 45 108 89 29 170 128 60 3 154 160 108 25
6245 6261 170 34 86 192 182 186 100 40 52 78 110 208 88 208 161 180
749 1465 89 25 85 2 165 153 179 17 104 103 29 65 104 173 45 44
1128 1128 200 170 80 185 18 159 52 40 177 108 129 0 0 33 45 180
5733 5735 16 100 57 1 75 30 83 191 23 169 82 0 169 81 86 200
4969 4971 84 105 76 61 0 0 168 84 140 161 89 0 42 70 0 70
4177 6754 180 172 173 183 109 156 193 141 204 69 115 140 42 98 76 24
4586 4586 0 105 0 0 0 0 0 0 0 165 0 0 0 0 60 0
1221 1232 17 205 111 197 147 74 194 107 15 126 80 70 209 77 38 185
6871 6877 2 209 164 17 140 120 34 202 2 109 147 70 60 38 108 114
1064 1083 42 159 198 158 203 51 72 179 54 157 203 12 96 127 61 47
6263 6263 44 104 159 209 165 0 115 139 181 203 74 0 173 27 82 64
6309 6318 162 184 86 30 8 39 186 114 188 182 30 70 110 158 5 160
1743 1768 143 146 40 8 140 141 82 30 104 64 189 7 127 124 181 66
1521 6334 104 86 193 196 29 116 113 147 50 194 17 183 67 99 161 50
3103 3103 0 0 0 0 84 108 54 0 204 0 0 0 0 156 198 0
5779 5782 130 10 120 160 124 50 60 160 202 138 194 0 50 172 6 150
4542 4546 96 90 72 51 54 77 132 36 183 114 51 0 126 117 13 190
1156 2835 131 140 37 89 66 108 33 32 206 110 29 138 187 152 163 209
4996 4996 57 105 96 72 0 0 99 192 0 153 180 0 36 0 90 83
3902 3916 35 105 167 170 38 191 47 110 205 160 130 180 126 123 207 30
4002 4032 101 201 142 96 178 91 175 33 62 154 73 110 14 92 123 162
2716 4015 113 177 125 77 90 6 87 125 146 171 136 185 204 157 170 55
2819 2819 0 0 0 0 1 145 20 0 91 0 0 0 0 119 0 0
1063 1068 75 60 52 84 0 150 45 204 137 144 161 84 60 73 143 130
1036 1048 200 185 208 5 55 80 168 32 135 199 68 0 29 87 207 2
926 2911 106 67 53 63 170 106 109 4 9 36 34 73 27 191 54 117
4756 4756 10 40 130 25 198 69 62 170 107 18 39 0 0 183 45 30
6845 6853 165 135 72 150 7 201 161 40 74 65 72 0 126 79 29 87
1870 1898 208 124 132 15 132 41 49 132 124 105 62 70 69 179 96 142
4403 5102 9 104 44 152 167 79 119 84 30 123 0 110 10 138 59 69
1353 1353 0 0 0 0 105 0 0 21 0 105 84 21 0 0 0 105
5317 5332 63 177 87 18 175 36 98 64 57 101 74 0 129 96 60 129
839 853 167 98 100 131 165 78 185 163 85 144 41 75 48 18 34 186
517 1066 107 98 177 73 181 143 35 12 67 127 71 3 157 58 117 67
5748 5748 90 150 120 120 180 120 150 60 168 78 204 0 0 66 126 60
6683 6684 0 0 140 0 0 0 0 0 70 0 70 0 0 140 70 140
1355 1356 84 0 42 84 0 0 168 84 0 126 0 0 42 0 0 0
1421 2995 33 103 97 64 2 140 148 131 170 89 23 14 73 160 56 91
1598 1598 0 0 174 187 0 0 180 0 150 0 159 0 0 90 0 90
5763 5776 201 48 80 8 90 34 149 29 200 42 58 90 36 109 118 100
5576 5576 0 105 188 180 0 0 0 0 154 1 124 0 0 56 36 140
653 1327 84 201 104 9 48 62 76 19 64 67 89 122 26 145 102 103
3447 3447 0 0 0 0 0 0 0 0 0 0 0 0 0 0 0 0
5390 5399 53 20 80 128 99 175 39 103 167 66 0 0 198 108 92 28
1562 1591 88 68 162 151 172 62 91 18 81 152 87 120 95 186 75 158
6393 6822 107 172 59 3 162 71 143 165 134 140 71 184 59 57 93 26
3524 3524 20 80 50 50 75 15 10 130 182 162 36 0 0 129 84 60
206 206 0 0 0 0 0 0 0 0 0 0 0 0 0 0 0 0
4529 4531 34 10 190 64 174 186 32 74 150 162 162 0 84 60 120 60
485 6820 202 88 130 142 37 84 39 166 198 98 3 14 209 113 48 35
4971 4971 57 105 96 72 0 0 99 192 0 153 180 0 36 0 90 83
3143 3151 23 155 164 2 175 90 21 139 166 86 188 161 84 84 14 170
5499 5514 191 69 92 18 158 49 47 28 33 78 90 140 158 172 44 125
763 2042 93 69 38 21 77 30 32 143 86 196 163 91 168 189 127 161
1939 1939 0 0 0 0 180 60 30 0 0 0 0 0 0 0 0 0
3267 3278 194 118 201 107 105 120 37 187 205 35 58 60 105 121 18 152
2112 2121 44 155 18 74 44 167 138 172 53 0 162 108 126 188 14 75
1513 2015 25 189 74 131 38 83 30 74 48 13 151 143 94 166 63 148
1905 1905 60 30 150 150 60 180 150 180 30 150 150 0 0 180 150 180
3537 3551 66 105 15 3 49 98 130 196 115 146 51 0 156 65 30 160
1441 1449 104 2 105 164 102 161 13 168 138 122 149 49 153 172 205 57
4501 5621 150 66 174 157 164 87 134 140 73 120 208 94 149 39 8 99
4595 4595 0 0 0 0 0 0 0 0 0 0 0 0 0 0 0 0
1865 1873 176 200 140 41 42 79 44 136 13 186 21 0 168 77 28 74
3234 3239 198 141 189 33 85 69 22 90 98 84 147 0 126 76 125 162
202 5144 194 190 0 90 192 12 27 22 14 202 186 173 3 20 17 177
5183 5183 84 0 0 84 0 90 64 84 187 0 126 0 84 143 60 160
1034 1039 137 0 76 92 0 90 9 82 20 178 90 0 116 40 140 50
4252 4256 6 45 129 141 147 39 204 186 150 90 153 0 168 60 21 24
1441 2840 184 87 159 103 4 129 8 140 52 160 58 24 206 125 198 67
1709 1709 117 165 174 42 0 150 129 162 53 3 90 0 186 157 107 133
2019 2020 90 150 154 120 165 45 60 60 2 114 107 0 0 118 203 190
2578 2608 209 72 120 104 119 49 195 67 95 6 56 82 140 68 144 147
4213 6917 131 198 146 6 43 160 143 37 47 200 143 183 41 104 138 100
5014 5014 142 160 159 97 165 0 101 167 41 203 74 0 173 27 82 120
5523 5538 30 57 64 150 127 140 62 21 54 164 86 135 6 155 46 35
500 505 20 122 98 190 0 60 64 28 68 96 30 132 126 0 180 30
934 1196 115 132 85 156 104 95 133 208 193 59 144 52 44 10 31 160
6430 6430 167 105 16 152 0 0 139 172 105 43 30 0 146 105 50 0
5038 5039 84 0 0 84 168 106 72 84 15 0 126 0 84 135 136 160
4376 4378 150 75 189 67 84 113 154 141 34 135 123 201 0 116 83 45
2511 6063 119 64 46 177 110 80 1 167 141 80 29 120 96 120 167 115
3149 3149 105 105 0 0 0 0 105 0 0 105 0 0 0 0 0 175
728 730 0 0 126 0 175 0 0 105 168 17 28 35 0 42 52 35
4379 4402 118 190 183 178 51 177 91 193 133 95 8 140 191 141 160 188
915 1551 80 177 78 28 50 40 53 195 3 106 72 202 66 7 62 122
3188 3188 150 180 60 60 90 60 180 30 126 186 18 0 0 12 42 30
1648 1650 180 195 2 30 96 78 104 120 167 157 142 0 0 43 157 190
2520 2523 120 60 42 76 70 150 90 180 90 200 202 200 0 0 130 50
1252 2266 114 81 83 162 205 21 160 95 156 81 79 189 102 165 2 65
6767 6767 0 105 105 105 105 105 0 0 0 0 105 0 0 0 105 0
2994 3001 48 66 30 148 66 120 6 26 180 66 70 50 0 204 150 80
1320 1330 8 60 106 48 20 180 148 160 9 32 38 202 98 111 97 205
5627 6617 19 150 96 55 106 119 41 204 15 5 152 124 201 201 70 81
6042 6042 0 0 0 0 0 0 0 0 0 0 0 0 0 0 0 0
4336 4346 202 136 142 114 3 9 66 137 88 22 76 105 0 119 171 106
1053 1059 102 30 138 87 198 19 84 12 170 138 117 0 42 40 192 140
216 746 112 38 178 28 129 19 141 73 177 46 29 144 117 23 82 155
2776 2776 0 0 174 187 0 0 0 0 0 0 159 0 0 0 0 0
1275 1285 105 102 165 60 42 29 51 36 181 183 186 0 90 137 128 137
1345 1354 70 154 84 175 117 57 8 161 1 37 175 21 168 89 63 119
638 2184 136 93 138 9 11 172 126 81 154 51 176 154 57 169 111 184
4555 4555 188 101 0 8 0 165 106 88 25 0 0 0 0 0 0 101
2594 2600 206 179 144 176 42 84 74 145 112 27 0 0 90 177 138 41
389 404 85 76 160 190 139 122 181 35 188 187 40 71 206 22 14 186
542 1701 102 65 191 0 176 30 80 115 134 20 208 209 44 183 207 81
1325 1325 37 55 159 97 165 0 206 167 41 98 74 0 173 27 82 15
2123 2124 117 195 90 72 0 120 9 162 132 117 12 0 126 78 168 90
107 124 130 61 164 100 2 136 69 5 8 40 83 70 191 195 163 91
21 4360 122 139 20 188 69 0 43 104 124 1 43 118 47 127 91 141
1432 1432 84 0 12 150 0 0 124 84 157 0 108 0 84 83 0 160
3245 3253 160 115 1 62 33 179 202 170 204 6 42 0 0 70 149 60
1642 1669 193 87 107 170 141 42 54 119 96 90 117 0 187 61 119 130
678 4324 142 71 178 160 13 192 53 19 105 192 122 187 117 179 143 54
4460 4460 20 80 50 50 75 15 10 130 182 162 36 0 0 129 84 60
3307 3308 167 105 72 152 0 0 139 172 28 169 58 0 146 182 162 140
179 208 40 11 50 207 178 188 172 92 160 101 84 56 12 74 40 44
484 3487 63 174 40 9 141 187 25 203 146 184 61 44 170 136 75 209
1692 1692 38 131 86 158 0 135 46 58 188 186 193 0 0 47 7 61
94 107 48 105 12 162 138 156 205 48 192 142 193 0 119 37 166 190
3820 3837 109 145 76 34 204 23 13 179 154 190 207 30 162 104 91 199
1616 2339 107 84 98 165 96 94 171 134 158 36 5 178 29 147 93 19
2923 2923 149 105 16 51 0 0 163 34 0 61 99 0 2 0 110 0
1585 1594 166 4 202 31 178 86 166 97 40 111 47 126 124 150 109 194
88 95 112 45 89 77 105 45 194 20 144 56 51 138 106 6 1 203
1730 3493 38 204 185 95 175 136 20 104 150 167 53 17 149 209 18 6
569 569 60 30 0 150 140 180 150 48 150 130 122 58 0 0 200 130
3191 3201 19 13 96 132 158 161 201 74 83 20 156 160 0 52 166 78
2986 2997 4 58 196 94 102 60 118 128 72 204 168 0 0 180 192 80
2925 5827 53 159 95 96 86 200 50 201 121 133 197 176 5 161 181 153
3356 3356 30 120 78 180 0 90 180 90 204 198 114 0 0 6 126 120
6047 6051 117 10 161 27 107 95 49 162 206 181 189 0 146 4 191 120
2816 2821 132 120 11 72 207 21 139 207 106 125 185 0 173 172 15 100
5081 6828 149 139 130 31 172 46 139 106 112 32 111 92 116 39 55 65
819 819 200 170 80 185 118 169 162 40 37 108 129 0 0 173 45 180
4669 4674 123 30 177 3 33 207 148 33 186 177 9 0 126 114 189 11
5570 5599 209 16 52 204 161 59 207 119 70 181 76 138 142 25 91 192
853 5859 166 207 139 71 103 51 45 21 120 106 24 183 144 79 4 121
6821 6821 2 134 80 47 158 69 166 84 123 22 129 0 0 33 155 180
239 243 68 62 128 128 185 82 70 149 16 77 198 0 42 182 124 30
4400 4408 180 9 160 165 186 28 166 92 198 178 39 0 108 37 201 205
620 685 88 161 77 32 144 64 122 54 42 58 51 138 25 198 196 139
6061 6061 0 0 0 0 0 0 0 0 0 0 0 0 0 0 0 0
255 259 174 150 90 204 10 129 176 15 99 113 4 71 84 21 70 185
4833 4862 158 65 166 46 4 93 14 55 58 202 40 117 42 141 98 186
1860 3157 99 41 21 156 58 174 87 41 110 135 77 169 157 185 89 76
6188 6188 0 0 0 0 0 0 0 0 0 0 0 0 0 0 0 0
2004 2009 162 39 35 153 140 45 69 129 181 44 18 103 105 56 86 171
6322 6342 146 186 42 193 141 80 34 121 70 171 205 140 128 82 84 176
609 891 200 144 156 106 2 33 137 99 190 105 104 135 138 194 184 170
3601 3601 52 10 39 187 75 150 191 107 101 83 164 0 173 177 172 60
1991 1994 114 78 2 163 140 90 138 90 202 98 39 196 0 98 98 78
6316 6323 60 135 101 150 81 132 106 180 112 150 10 0 0 8 76 180
836 4514 116 191 146 185 95 3 38 50 165 32 2 122 124 165 170 90
3510 3510 116 110 87 131 15 0 13 61 103 49 22 0 199 201 206 30
1914 1923 170 25 74 50 144 204 80 160 112 185 67 0 106 128 50 74
1438 1438 0 105 105 105 189 83 164 0 44 0 105 0 0 46 53 70
1162 6530 191 196 32 119 110 115 182 190 32 168 171 156 115 144 57 95
1144 1144 0 0 120 30 0 0 0 0 0 0 30 0 0 0 0 0
1773 1779 34 70 142 124 0 70 48 74 0 36 30 0 132 0 155 106
1052 1072 15 207 43 111 39 54 16 135 26 179 114 84 56 69 70 150
1551 6517 146 103 33 187 138 48 67 177 83 13 51 153 86 115 32 165
458 458 0 0 140 0 0 0 0 0 70 70 70 0 0 140 0 140
2582 2583 154 70 63 49 105 0 77 119 77 21 168 0 21 189 84 70
2697 2703 60 165 199 75 175 165 30 90 2 194 162 170 150 118 18 60
3672 5665 29 204 157 184 127 72 95 65 102 80 93 148 198 63 128 181
6865 6865 158 191 30 143 96 138 10 208 94 156 93 0 0 141 135 11
5293 5304 29 170 57 99 124 81 176 200 33 1 164 0 137 40 7 194
2658 2669 168 120 134 148 156 123 0 63 153 65 146 105 190 78 187 55
1586 2800 202 33 85 138 25 208 30 69 121 23 159 153 181 117 113 3
4548 4548 160 10 190 190 180 120 80 200 70 120 120 0 0 150 0 60
64 68 58 190 124 208 5 203 202 188 8 12 138 0 168 160 33 90
849 855 100 118 105 160 10 82 5 5 87 39 111 0 201 203 135 58
209 425 179 22 169 101 17 59 97 158 128 10 132 57 51 4 28 191
3354 3354 0 0 70 0 1 145 20 0 21 50 140 0 0 189 120 70
5073 5073 0 0 0 0 0 0 0 0 0 0 0 0 0 0 0 0
2850 2867 177 135 158 139 61 23 127 132 160 23 84 70 120 14 125 167
780 3364 55 139 14 102 172 49 195 43 80 37 49 148 60 120 196 197
3356 3356 150 180 96 60 0 30 60 30 33 66 3 0 0 177 147 180
3861 3866 90 105 174 160 90 30 180 120 117 109 87 0 60 63 53 0
2924 2941 155 113 91 95 119 44 161 16 139 115 125 156 32 132 33 178
1306 1385 166 140 206 44 57 11 85 143 188 2 75 81 166 154 181 157
1877 1877 120 60 0 90 70 150 90 160 90 50 0 0 0 0 190 0
3964 3965 164 0 120 104 0 0 178 184 154 4 64 0 122 56 186 143
3951 3952 120 60 0 90 126 72 156 150 146 0 0 0 0 154 122 130
4543 5140 129 116 174 123 6 39 154 82 166 114 21 46 197 63 202 184
6682 6682 0 0 0 0 0 0 0 0 0 0 0 0 0 0 0 0
1642 1645 196 105 56 196 0 0 182 56 84 35 84 0 28 126 196 168
59 77 91 115 188 46 165 87 149 49 11 102 25 168 120 90 132 158
3049 3889 137 207 166 151 45 63 20 14 92 166 60 152 195 158 4 86
1086 1086 36 60 168 6 0 150 146 66 151 0 84 0 126 59 167 60
1615 1622 128 11 90 98 104 20 176 193 104 105 60 0 150 11 110 51
4291 4300 65 39 122 140 67 65 5 140 175 17 36 140 94 187 34 114
2692 3419 74 133 8 49 1 29 207 53 119 153 144 107 15 28 83 25
5819 5819 24 0 162 174 0 0 108 114 0 186 120 0 192 0 60 0
6935 6939 146 95 18 72 0 45 128 130 62 138 144 84 180 83 180 45
6344 6373 47 146 178 9 177 91 5 56 114 48 2 40 84 203 199 128
1978 5516 97 4 97 6 131 123 1 7 200 186 74 152 178 83 33 188
4075 4075 30 0 150 60 0 0 30 90 0 180 150 0 30 0 180 0
688 695 154 151 11 19 21 183 63 119 71 105 90 0 39 88 77 21
2688 2700 88 55 117 33 101 168 151 23 208 39 106 10 119 85 194 95
207 5850 134 143 44 174 133 8 54 73 165 187 188 148 150 203 72 81
6520 6520 0 0 84 42 0 0 0 0 0 0 84 0 0 0 0 0
3502 3512 154 70 150 140 21 109 0 154 22 24 122 0 140 132 114 140
1450 1453 45 105 78 90 0 0 45 30 84 123 204 0 150 126 186 145
2057 4035 130 17 207 202 190 32 100 48 3 163 181 150 168 201 168 197
4124 4124 0 0 42 0 0 0 0 0 126 42 126 0 0 84 84 0
2922 2934 108 110 78 108 44 42 160 78 189 46 158 0 72 163 166 155
3096 3111 184 13 79 194 111 205 193 34 69 128 139 120 75 151 167 103
1932 4018 23 174 83 158 194 175 78 155 19 56 87 79 191 43 46 177
6283 6283 167 185 176 92 75 15 199 172 182 15 36 0 126 129 84 60
3802 3804 120 170 114 165 18 159 42 150 184 6 16 0 130 26 118 110
6506 6523 170 176 110 104 118 132 128 185 77 208 32 6 70 137 12 183
155 618 132 177 130 168 136 132 167 96 57 7 147 93 108 21 13 126
4477 4477 0 0 0 0 0 0 0 0 0 0 0 0 0 0 0 0
5938 5945 126 87 15 156 10 170 147 83 29 21 41 84 185 130 150 11
3223 3230 168 0 104 159 35 0 126 33 109 1 111 115 84 161 36 31
1789 5379 163 117 97 87 144 48 31 131 38 4 72 185 146 16 86 120
1574 1574 122 170 108 189 90 0 106 142 16 28 193 0 88 72 32 180
1570 1575 19 170 157 199 171 143 116 99 60 178 76 0 117 133 152 75
3286 3298 13 200 45 183 78 99 189 95 96 152 16 147 168 96 118 67
454 680 107 80 96 122 183 111 18 119 115 73 68 90 112 201 43 184
4445 4445 3 105 204 48 0 0 171 198 0 207 120 0 24 0 60 207
1232 1246 93 165 18 55 183 99 95 153 5 37 139 105 8 12 6 115
6402 6405 12 90 90 72 0 169 44 167 94 73 132 0 42 11 200 150
1372 2310 46 198 100 123 164 192 115 195 52 88 125 51 181 112 155 153
273 273 110 20 170 170 138 204 142 190 132 198 114 0 0 78 30 120
4916 4921 160 100 195 175 60 60 5 152 167 192 174 177 195 189 24 25
5034 5043 76 25 127 121 177 197 32 116 103 102 15 0 96 47 176 190
4340 5000 188 191 69 78 180 85 108 4 33 126 209 48 139 49 86 166
4404 4404 40 160 100 100 150 30 20 50 70 30 30 0 0 90 0 120
6935 6939 27 165 186 149 140 150 39 144 108 25 95 112 96 42 32 130
1218 1225 42 0 102 84 18 61 208 147 31 193 200 175 84 65 74 25
2117 6191 109 63 204 11 84 50 37 129 203 54 13 138 127 56 14 17
3590 3590 0 0 105 105 105 0 105 105 105 105 0 0 105 105 0 0
4554 4567 90 150 135 15 85 145 135 165 129 162 42 0 35 98 3 75
844 875 139 169 160 144 84 134 5 180 128 54 55 175 12 106 127 104
5082 6849 120 155 3 98 0 158 156 13 44 167 39 39 136 105 161 193
1296 1296 0 105 105 105 189 83 94 0 184 0 105 0 0 116 53 0
2219 2220 58 120 204 208 0 90 26 188 50 2 170 0 154 160 0 190
5776 5805 118 66 173 208 106 178 24 23 99 159 163 120 160 130 139 39
337 836 144 137 154 131 81 72 195 206 93 104 153 180 157 166 170 82
6995 6995 57 105 96 72 126 0 99 192 126 153 180 0 36 84 90 83
2292 2300 160 10 49 190 168 159 5 206 59 150 100 84 63 107 4 196
5098 5108 76 140 114 166 189 147 132 116 167 124 156 0 146 138 131 180
609 1055 180 158 24 155 110 96 98 32 154 29 53 38 46 69 19 18
4285 4285 105 105 0 0 0 0 105 0 0 105 0 0 0 0 0 105
1316 1320 100 34 96 20 25 105 38 60 116 4 32 0 152 27 2 174
1961 1979 67 16 16 10 28 54 87 208 8 56 151 28 84 24 192 175
149 4747 5 112 125 165 80 144 36 125 52 154 106 73 129 140 58 151
2598 2598 120 45 188 150 30 0 180 150 94 1 184 0 90 206 126 200
1636 1648 200 149 123 39 175 110 160 5 48 125 39 135 84 13 113 113
1818 1821 168 0 42 168 0 0 126 168 84 0 84 0 84 126 126 168
5327 6420 105 118 127 134 127 179 98 22 24 39 30 44 18 105 142 128
5888 5888 180 90 132 7 0 120 30 120 48 0 159 0 0 162 72 90
1597 1609 172 136 90 12 133 69 102 62 56 56 34 140 204 138 61 36
1320 1327 68 90 70 58 0 0 118 4 174 40 156 6 98 36 170 135
2924 4045 157 116 131 56 176 1 108 47 38 102 178 62 37 50 125 14
4405 4405 168 126 0 168 140 0 126 56 84 196 0 0 0 0 140 0
717 726 25 97 172 85 84 195 205 26 190 63 111 0 60 186 165 35
3673 3702 141 90 200 76 196 88 135 121 146 53 96 145 126 77 101 35
1847 3573 90 41 175 150 65 99 27 111 196 127 160 171 151 181 63 114
2629 2629 0 0 0 0 105 0 0 105 0 105 0 0 0 0 0 0
6604 6609 160 10 28 85 30 95 190 200 164 198 9 0 0 46 131 190
6165 6166 0 0 105 105 105 0 105 105 105 105 0 0 105 105 0 0
522 3919 135 102 137 86 197 195 175 97 116 150 53 3 204 8 15 129
5438 5438 18 30 184 108 0 180 168 138 101 144 179 0 168 49 203 130
3180 3188 108 120 186 63 28 129 54 198 172 138 207 0 36 2 10 136
3542 3551 14 150 92 8 170 0 40 154 152 80 88 70 26 28 72 114
597 672 39 12 148 131 195 64 36 170 54 93 148 145 22 23 129 55
354 354 130 70 129 25 27 6 187 5 119 5 2 0 131 159 52 0
6321 6327 52 82 120 172 79 52 34 107 36 99 36 0 126 74 120 202
224 229 34 10 100 64 165 15 134 74 112 72 72 0 84 199 14 40
3469 5910 75 162 179 4 161 50 206 34 124 155 145 186 16 6 161 62
5519 5519 0 0 0 0 0 200 100 0 160 0 0 0 0 110 110 0
1113 1128 79 195 105 199 143 171 190 110 12 5 83 201 193 201 25 175
2230 2252 170 193 134 110 3 115 202 145 99 79 108 201 178 58 9 130
1185 2383 57 182 153 28 172 192 150 153 169 181 111 175 127 151 153 112
4573 4573 0 0 174 187 0 0 0 0 0 0 159 0 0 0 0 0
4584 4599 152 173 169 202 3 114 205 170 205 99 1 112 153 4 26 82
5287 5301 177 165 178 117 136 90 179 121 18 182 131 69 36 72 145 168
799 872 7 194 158 165 173 170 146 80 153 195 109 161 5 185 80 28
3097 3097 30 120 0 180 175 90 180 171 180 65 124 71 0 0 100 65
4248 4257 126 70 8 36 114 168 126 126 84 64 60 0 98 126 38 96
4191 4210 156 36 23 208 167 3 185 204 198 32 11 95 87 201 199 25
199 1027 82 125 77 23 51 136 143 3 151 52 75 13 123 34 188 205
336 336 20 80 50 50 75 15 10 130 182 162 36 0 0 129 84 60
671 674 0 0 132 0 120 16 148 0 27 6 48 0 0 33 76 40
731 752 109 10 95 169 159 157 103 194 56 131 20 0 144 182 111 17
94 728 131 107 39 156 184 59 153 88 70 8 132 62 197 74 156 89
1594 1594 0 0 182 0 0 0 0 0 196 184 196 0 0 14 114 140
5559 5560 140 140 0 140 0 0 70 70 70 0 0 0 0 0 0 140
3397 3426 138 9 29 92 187 121 80 208 65 62 120 48 180 105 147 13
290 795 114 182 123 29 25 165 132 73 156 32 109 14 128 64 54 63
1494 1494 30 90 180 90 60 0 150 90 90 0 60 0 180 90 180 120
5013 5028 108 185 43 173 171 143 50 52 79 176 59 184 124 121 102 66
1291 1296 24 0 78 174 0 50 168 114 201 186 120 0 192 129 119 76
1192 1641 81 49 169 83 146 103 147 6 11 103 141 48 50 198 168 176
1872 1872 60 30 0 150 0 180 150 180 30 0 0 0 0 180 150 30
2594 2594 0 0 0 0 0 0 70 0 0 0 0 0 0 0 0 0
1400 1421 38 20 63 88 57 61 18 169 94 68 76 61 180 114 12 45
1167 1796 87 40 172 21 56 132 153 206 58 8 164 180 12 208 169 50
4191 4191 0 0 0 0 42 84 42 0 42 0 0 0 0 168 84 0
2111 2124 61 55 51 40 35 125 149 110 189 133 13 204 182 76 118 135
3411 3411 0 105 98 0 158 20 10 0 42 1 154 0 0 168 36 140
455 3465 3 50 154 94 27 120 10 11 209 190 80 207 74 191 63 156
3590 3590 150 30 165 135 195 0 15 135 135 105 90 0 165 135 60 180
6386 6398 137 125 198 136 8 84 49 142 142 75 190 160 132 28 140 25
3420 3450 15 193 201 25 2 56 28 17 162 179 68 56 121 76 64 164
631 1088 69 61 108 36 130 16 164 152 192 181 43 111 91 17 71 161
2984 2984 57 105 96 72 0 0 99 192 0 153 180 0 36 0 90 83
1907 1917 104 117 114 14 176 93 23 134 184 50 23 197 206 80 29 187
6899 6909 155 170 72 125 58 79 177 115 21 138 149 105 60 48 35 50
1194 3832 165 78 79 167 76 201 176 44 35 1 165 72 56 30 205 3
3195 3195 0 0 0 0 0 0 0 0 0 0 0 0 0 0 0 0
4450 4454 196 184 69 158 146 23 37 203 19 89 125 0 149 64 148 180
1365 1366 0 42 90 0 36 168 205 81 12 138 174 0 84 66 180 150
951 1736 5 72 160 183 198 48 104 169 7 29 146 198 5 7 23 153
2106 2106 0 0 0 0 0 0 0 0 0 0 0 0 0 0 0 0
3453 3461 119 60 127 179 183 45 23 154 7 49 99 0 62 83 56 48
1868 1870 84 0 42 84 0 0 2 84 137 0 168 0 0 43 126 92
315 3484 70 201 18 88 12 44 150 64 139 129 95 80 37 45 5 29
6620 6620 188 101 70 8 0 165 106 88 165 0 140 0 0 70 140 171
6770 6772 204 60 90 174 36 108 43 129 144 6 174 0 84 66 90 150
5030 5059 202 104 68 172 48 172 123 39 39 57 9 112 191 81 149 6
1932 4972 74 121 192 67 203 84 141 139 62 35 21 133 125 13 78 171
5826 5826 16 160 159 181 81 168 129 41 125 119 158 0 47 153 82 120
484 498 182 77 91 77 131 209 94 38 146 146 47 140 84 112 42 40
2203 2203 195 105 30 180 0 0 195 60 0 15 30 0 90 0 120 0
350 1103 46 186 41 145 36 78 91 111 193 21 205 20 129 63 178 119
6776 6776 200 170 80 45 18 159 52 40 177 108 129 0 0 33 45 180
629 636 127 126 44 25 180 165 209 206 99 137 27 42 172 102 82 27
6324 6340 72 170 100 37 39 194 62 159 45 97 72 140 208 125 85 148
2952 5017 92 42 41 186 48 120 181 70 27 124 130 185 198 88 200 80
1885 1885 189 0 147 189 189 83 157 84 184 21 105 0 42 116 53 161
3517 3527 175 73 125 115 199 7 76 182 37 133 76 0 1 9 110 157
461 465 90 150 120 120 90 140 90 60 165 120 120 0 0 195 80 200
1064 4561 30 105 4 146 41 1 129 105 76 18 27 12 172 136 118 206
2113 2113 127 155 126 157 156 153 53 122 99 139 63 0 146 111 125 90
3355 3359 174 120 16 174 36 48 143 39 27 192 62 0 144 93 2 90
6964 6994 84 0 63 42 50 65 73 49 88 109 17 179 133 129 103 173
923 4578 26 66 87 8 175 34 101 150 105 170 168 186 173 120 112 185
5306 5306 0 0 0 0 0 0 0 0 0 150 0 0 0 0 150 0
854 869 32 17 187 18 64 135 31 118 152 155 130 71 27 153 76 195
779 790 194 200 206 119 123 180 190 64 161 42 150 0 18 96 63 40
2773 6584 199 177 71 119 24 42 23 141 31 128 208 173 199 28 34 104
3230 3230 0 0 0 0 0 0 0 0 0 0 0 0 0 0 0 0
5023 5023 0 0 0 0 0 0 0 0 0 0 0 0 0 0 0 0
2310 2317 133 154 76 70 140 105 77 98 103 19 166 70 84 106 196 84
184 233 184 39 9 49 6 70 175 163 206 82 33 162 93 45 71 45
1373 1373 189 105 0 84 0 0 19 84 157 105 126 0 84 83 0 55
3722 3734 78 42 173 78 153 201 193 9 116 151 73 0 171 4 171 75
1685 1708 38 56 122 86 130 42 208 134 79 2 145 45 154 31 103 174
1063 1369 158 184 82 51 52 69 6 147 172 3 52 117 154 125 189 82
5001 5001 0 0 0 0 0 0 0 0 0 0 0 0 0 0 0 0
6012 6022 155 119 28 50 83 44 145 87 42 30 164 0 80 116 38 199
4846 4858 12 132 46 2 42 167 124 117 88 188 58 71 126 124 101 164
4451 4610 62 74 151 133 23 39 107 118 151 197 88 48 89 32 126 112
5818 5818 0 0 84 0 0 0 0 0 42 168 42 0 0 168 168 0
1829 1831 42 84 0 42 140 0 84 98 168 112 0 0 0 0 140 42
5240 5253 145 108 86 190 66 24 51 134 61 152 12 0 76 113 188 140
2187 5972 99 153 154 186 159 196 61 122 142 136 1 142 134 25 120 130
6089 6089 60 30 0 150 70 180 150 90 150 200 10 170 0 0 130 200
5208 5211 10 180 128 64 70 30 200 176 60 10 22 26 70 0 80 80
1705 1720 188 52 165 88 39 195 165 111 21 75 188 128 57 149 126 12
1860 3278 200 122 30 65 50 128 114 40 164 36 19 23 2 50 54 164
911 911 57 105 96 72 0 60 129 192 90 153 180 0 36 180 60 83
6718 6721 153 195 96 18 126 120 45 18 153 111 138 0 162 57 36 173
2531 2557 61 35 62 198 2 201 192 26 126 164 59 115 140 186 52 120
818 4980 55 55 171 91 158 97 206 3 12 85 62 138 75 137 118 89
4715 4715 202 80 36 22 75 15 164 32 182 190 36 0 56 129 14 60
3346 3361 64 58 204 4 175 19 38 143 26 193 157 0 186 116 0 102
1947 1969 10 69 16 60 73 60 169 137 63 196 69 32 47 53 6 107
3104 3564 45 112 112 184 195 13 118 23 12 174 137 90 85 91 119 116
6424 6424 0 0 0 70 0 0 0 0 0 0 0 0 0 0 0 0
3218 3227 148 70 168 120 178 183 6 119 131 115 30 71 86 21 122 155
2641 2655 161 182 160 131 93 170 27 92 24 155 64 105 0 48 191 19
1522 4086 65 147 163 146 157 123 164 114 147 109 166 84 38 192 47 130
915 915 188 101 0 8 120 135 196 88 25 0 0 0 0 0 0 101
4949 4961 203 176 11 8 98 126 159 117 186 88 110 45 180 86 70 73
343 360 0 84 208 15 143 144 60 142 126 14 35 15 42 12 71 75
272 3226 38 193 122 148 171 143 142 54 65 65 115 98 171 181 12 25
2796 2796 167 105 16 152 0 0 139 172 105 43 135 0 146 105 155 0
2816 2824 160 85 61 190 79 92 171 25 92 109 147 0 75 193 134 105
2195 2210 170 41 66 185 41 78 114 46 172 14 57 106 186 83 140 124
1385 1900 61 156 197 132 52 166 106 110 92 1 11 202 122 18 173 175
6526 6526 58 160 159 13 165 0 157 83 34 203 158 0 89 34 82 50
5069 5078 68 14 20 173 111 148 122 190 158 180 171 0 78 196 85 130
1756 1775 61 116 164 112 95 138 49 134 172 9 117 168 130 48 138 30
1047 3515 163 128 112 123 136 179 122 97 88 52 142 67 183 88 188 96
4044 4044 30 120 42 180 175 90 180 171 96 107 40 71 0 84 184 65
6551 6552 0 0 0 0 0 0 0 0 0 0 0 0 0 0 0 0
6854 6856 48 180 114 28 150 150 24 18 47 42 66 0 72 25 155 10
4613 5005 37 23 123 179 124 59 195 100 120 144 144 209 195 170 135 158
2801 2801 0 0 0 0 0 0 0 0 0 0 0 0 0 0 0 0
5960 5972 49 0 50 154 146 178 59 56 134 8 15 42 196 16 170 190
4911 4914 88 100 202 178 162 96 96 68 135 132 48 0 168 75 3 120
569 5216 3 124 139 20 205 154 167 172 81 65 78 78 13 196 120 144
3806 3806 0 0 0 0 0 0 120 0 30 0 0 0 0 60 0 60
4237 4246 165 105 60 150 88 181 73 75 95 72 36 0 0 35 30 15
4914 4928 117 117 99 102 137 137 36 0 104 165 201 12 69 178 162 135
591 6382 162 64 76 97 207 160 18 50 33 109 68 107 75 71 158 186
563 563 0 0 0 0 140 140 70 0 140 0 0 0 0 70 0 0
5942 5953 190 115 187 70 117 197 84 164 8 4 35 84 96 162 147 47
120 141 105 141 132 0 51 60 13 183 131 108 36 129 180 49 117 68
2237 5118 181 175 187 135 206 43 67 9 73 139 187 47 149 68 195 29
877 877 6 0 198 96 0 0 132 186 0 204 30 0 48 0 120 64
6576 6586 108 96 193 177 155 195 51 183 140 190 38 70 105 75 140 51
1454 1471 118 108 87 172 94 120 207 32 2 46 85 35 105 32 102 165
1522 2045 103 18 157 48 137 111 141 133 89 191 103 36 64 137 142 62
3398 3398 190 10 195 115 135 0 5 185 185 35 170 0 125 45 160 60
2684 2696 86 30 192 130 132 138 148 136 20 28 43 0 152 40 100 99
2656 2657 188 101 0 8 0 165 106 88 25 0 0 0 0 0 0 101
1487 3856 153 96 86 40 46 124 92 114 134 164 199 73 3 44 151 168
5425 5425 0 0 0 0 0 0 0 0 0 0 0 0 0 0 0 0
6233 6233 0 0 0 0 0 0 0 0 0 0 0 0 0 0 0 0
5454 5465 90 69 189 132 102 192 38 103 190 189 50 85 108 164 48 83
4766 5456 11 56 113 128 95 31 67 203 125 73 107 93 56 170 153 30
1893 1893 54 48 0 114 70 120 198 58 72 68 0 0 0 0 40 0
741 745 138 27 84 23 175 15 198 79 9 5 189 0 168 42 82 105
5186 5191 156 60 108 126 118 54 136 196 84 194 120 0 108 12 64 30
381 540 28 152 83 112 199 156 128 152 77 193 113 101 163 37 206 157
459 459 70 105 35 175 189 83 24 140 184 140 105 0 70 116 123 0
5897 5911 190 91 25 205 0 15 50 93 37 15 29 103 36 198 93 24
5789 5802 121 175 180 16 60 120 46 41 152 34 1 0 181 93 173 80
2699 3422 158 58 5 72 45 140 36 82 45 102 149 182 173 187 42 152
2117 2117 120 60 168 90 0 150 90 150 53 0 0 0 0 157 167 130
5073 5085 41 89 189 93 165 195 54 82 106 150 144 135 99 81 171 56
1638 1664 158 68 153 130 109 148 19 34 185 11 31 65 141 104 11 102
2 52 146 27 8 65 76 102 199 127 82 46 154 16 23 172 62 202
5377 5377 180 90 30 135 54 57 156 120 111 114 177 0 0 99 135 120
5697 5697 140 140 140 35 168 189 112 70 147 168 189 0 0 63 105 0
413 442 48 120 21 48 156 42 58 119 200 174 116 6 102 201 142 151
963 3557 179 75 50 54 37 119 26 49 124 69 104 93 113 207 109 83
2484 2484 138 111 190 198 180 75 186 78 95 120 120 0 0 150 0 161
3948 3960 56 77 129 21 84 88 165 91 156 155 197 0 161 97 129 137
3425 3425 50 200 98 20 84 192 76 10 179 84 42 0 0 31 167 130
1735 5805 56 29 115 23 172 13 14 34 14 41 172 49 62 101 120 60
6237 6237 120 60 168 90 0 150 90 150 53 0 0 0 0 157 167 130
5659 5665 144 30 192 129 186 105 48 54 30 24 129 0 42 180 51 6
4808 4826 146 80 18 206 65 148 144 55 92 133 102 209 42 36 181 105
3857 6145 160 132 89 194 208 109 162 50 123 186 26 184 161 73 21 202
5024 5024 0 0 168 0 0 0 0 0 168 0 0 0 0 42 42 0
4936 4948 130 170 166 160 170 183 74 83 184 11 55 163 140 166 144 65
359 379 95 189 160 198 20 122 151 73 27 75 164 178 54 19 166 9
880 2823 129 71 53 63 34 5 150 129 167 142 43 126 117 70 135 73
4459 4459 60 0 90 120 0 0 60 180 0 150 90 0 60 0 150 0
6542 6551 182 2 92 62 30 90 108 70 140 6 114 0 156 184 108 86
121 122 0 105 28 0 175 0 0 105 14 136 84 35 0 196 136 105
432 941 191 197 25 50 112 45 64 149 159 131 110 116 195 28 49 47
1404 1404 0 0 0 0 0 0 0 0 0 0 0 0 0 0 0 0
5367 5367 84 168 0 84 0 0 168 84 0 0 0 0 0 0 0 168
2497 2512 192 53 61 98 36 162 95 72 7 87 139 105 127 81 4 161
1164 3749 51 51 163 72 165 136 23 196 11 138 78 65 196 3 21 121
5502 5502 200 170 80 185 18 159 52 40 177 108 129 0 0 33 45 180
6623 6625 0 105 105 105 105 25 170 0 20 0 105 0 0 40 145 0
4058 4063 192 45 74 72 78 102 91 177 136 67 94 0 18 74 174 110
218 3790 162 4 97 104 21 75 63 72 83 102 148 97 24 181 120 18
1161 1161 0 0 174 187 0 0 0 42 0 0 117 42 0 0 0 0
343 356 44 20 25 59 105 195 30 139 176 99 67 105 186 79 193 144
2144 2170 28 209 58 147 28 148 16 175 11 209 193 66 20 157 68 20
2750 4249 19 174 147 124 114 142 45 107 158 84 67 118 198 51 56 2
3812 3812 0 0 0 0 0 0 0 0 0 0 0 0 0 0 0 0
3046 3057 12 174 48 1 189 33 198 204 206 42 27 42 0 165 12 144
6850 6870 44 13 124 167 17 24 22 138 190 91 109 0 152 94 17 70
516 4118 171 121 3 134 30 13 29 152 10 182 121 13 60 60 179 12
6425 6425 30 120 0 180 175 90 180 45 180 65 40 155 0 0 100 65
2719 2728 152 92 155 127 89 37 179 124 104 180 72 0 51 93 89 198
4417 4426 208 118 148 142 46 93 141 15 169 71 120 42 154 16 90 63
2901 4961 55 4 156 119 55 113 155 166 139 165 10 190 141 105 198 49
3677 3677 83 105 184 68 0 0 181 88 0 127 30 0 104 0 50 84
1723 1738 77 176 10 116 71 93 169 9 77 184 43 189 174 156 110 145
2642 2671 140 56 36 205 193 176 159 105 58 90 31 70 71 57 200 154
3743 5371 183 118 9 2 4 156 40 91 43 67 198 187 124 42 62 25
6681 6681 20 80 50 50 75 15 10 130 182 162 36 0 0 129 84 60
3899 3911 8 160 148 113 160 63 80 78 140 106 43 0 122 8 26 116
552 582 34 30 53 160 163 52 191 57 163 35 8 190 193 149 19 204
828 3870 60 202 126 23 62 158 176 60 27 57 14 197 69 202 45 59
784 784 30 120 0 180 0 90 180 90 15 0 0 0 0 195 75 120
4334 4348 158 100 170 208 151 148 50 61 49 123 150 203 70 11 35 115
5099 5128 94 29 154 34 160 64 100 16 108 88 138 98 26 105 157 134
517 4168 181 60 164 54 164 196 4 61 136 145 198 136 25 5 148 201
1911 1911 183 147 96 198 0 0 141 108 0 153 180 0 36 0 90 125
2711 2715 45 141 150 192 105 90 195 135 90 198 204 105 36 0 30 14
3508 3515 136 180 57 25 110 90 165 136 174 124 46 135 77 2 74 175
800 1350 87 66 186 128 26 182 137 141 190 48 39 122 37 159 46 40
1928 1928 60 30 184 10 0 180 150 180 107 144 137 0 0 103 203 100
6290 6296 152 101 18 49 49 4 96 142 170 12 153 0 60 191 114 161
5140 5147 126 70 140 42 105 0 42 111 160 79 42 0 98 0 170 90
3120 6353 199 126 109 121 146 171 152 86 163 4 141 128 76 61 5 73
2722 2722 30 120 180 180 30 90 100 90 120 180 180 0 0 90 180 90
6863 6876 95 149 156 125 12 162 113 10 127 77 118 0 98 47 41 124
4163 4173 201 183 70 116 38 140 67 180 127 47 17 180 156 155 63 79
1116 3011 14 151 199 128 104 81 203 87 49 77 195 163 140 105 148 24
199 199 196 7 0 196 0 105 182 56 35 0 0 0 0 0 0 7
4127 4136 46 181 178 56 38 45 8 26 182 164 176 0 74 127 135 61
4472 4500 132 45 111 5 162 50 186 168 133 160 54 6 0 167 4 44
200 998 30 80 4 198 99 197 8 175 178 3 180 187 160 118 195 145
6764 6764 120 60 60 90 0 150 90 150 60 120 120 0 0 150 0 60
3982 3988 144 30 42 24 35 199 156 54 132 168 0 0 84 195 158 30
6027 6045 132 183 86 134 24 174 146 52 80 41 106 70 46 115 177 101
4372 4873 40 63 108 68 142 23 194 37 47 188 193 22 37 135 76 19
6769 6769 0 0 0 0 0 0 0 0 0 0 0 0 0 0 0 0
4244 4253 62 85 12 192 20 15 4 172 192 84 194 70 166 163 53 191
613 619 132 108 154 127 175 60 36 193 134 139 143 177 126 196 76 25
4104 6878 185 59 83 63 165 11 191 21 53 166 201 62 15 96 91 94
1324 1324 0 0 70 0 0 0 0 0 140 0 140 0 0 70 140 70
3751 3764 81 86 195 178 20 107 57 6 112 122 65 30 112 93 185 25
1181 1183 42 0 126 42 126 42 0 42 126 168 0 0 126 84 42 28
2414 5352 12 107 176 44 200 30 46 111 144 154 19 101 20 173 107 186
2280 2280 0 0 168 154 0 0 0 0 0 0 168 0 0 0 0 0
2558 2572 82 204 31 128 41 88 23 167 9 173 99 70 25 123 186 54
4539 4556 182 44 7 51 145 132 184 112 65 140 53 140 108 190 207 117
1802 6620 95 4 189 42 48 69 184 166 85 185 191 170 133 19 205 138
4733 4733 83 105 184 68 0 0 181 88 0 127 30 0 104 0 50 84
1770 1783 46 104 151 188 144 37 157 26 200 97 159 0 95 95 71 66
5605 5607 168 96 144 55 130 120 96 118 90 170 9 0 180 90 70 6
331 6218 79 113 174 204 113 207 38 185 196 30 62 17 142 76 180 85
4547 4547 0 0 0 0 75 165 30 0 105 0 0 0 0 105 0 0
588 597 183 105 188 198 48 8 37 178 17 77 118 0 78 13 79 45
415 425 128 50 122 208 38 37 138 83 24 17 150 0 84 9 204 130
3500 6062 174 66 175 90 74 72 83 193 110 49 169 209 194 93 1 42
1324 1324 0 0 70 0 0 0 0 0 35 0 35 0 0 175 35 70
4964 4973 106 118 132 142 125 45 116 115 200 66 95 0 50 69 99 117
5641 5657 108 117 143 18 13 107 191 201 87 121 174 118 189 78 24 146
3119 3737 51 67 180 183 177 65 43 72 184 61 144 71 105 26 44 84
5888 5888 180 90 168 30 0 120 30 120 48 0 0 0 0 162 72 90
1669 1677 57 119 64 9 18 189 15 72 27 5 75 138 64 75 187 154
4142 4150 162 60 168 132 122 166 0 192 181 42 84 0 42 139 37 130
757 1654 33 7 33 31 116 169 77 114 59 153 190 153 11 34 29 84
1919 1919 0 0 0 0 0 180 90 0 60 0 0 0 0 120 120 0
5271 5273 180 195 30 90 70 15 30 114 195 200 196 44 0 0 130 155
1580 1583 95 185 68 200 75 195 35 40 186 45 180 0 180 95 150 195
119 796 188 153 189 138 67 40 1 189 36 27 209 109 154 74 18 6
6553 6553 20 80 50 50 110 15 10 151 182 127 50 91 0 129 14 25
2245 2249 114 207 66 189 155 15 36 71 147 19 135 66 192 138 8 15
82 105 55 7 118 124 204 149 88 122 33 93 131 167 109 142 15 12
5622 6887 131 133 140 43 194 144 133 65 143 187 63 99 5 172 8 132
5099 5099 140 0 70 140 0 0 70 70 0 70 0 0 140 0 140 0
5535 5538 108 180 60 18 192 146 16 198 18 102 18 0 168 42 100 100
4672 4680 26 20 193 63 90 180 105 85 15 173 80 0 77 6 46 102
184 1397 41 67 173 100 131 62 174 160 204 82 23 119 15 55 163 38
6938 6938 0 0 168 0 0 0 0 0 84 6 84 0 0 126 6 0
5087 5097 52 130 97 181 162 30 111 17 28 201 186 30 153 156 48 120
1894 1902 57 90 0 99 0 120 159 192 90 156 69 0 66 120 60 45
208 819 171 151 1 107 142 194 126 94 169 137 84 41 61 0 10 20
4561 4561 200 170 80 185 18 159 52 40 177 108 129 0 0 33 45 180
4602 4608 200 120 116 170 126 62 56 40 204 162 68 0 170 6 34 90
4540 4563 88 97 151 157 164 114 114 68 24 100 209 70 6 84 109 188
92 2303 205 172 140 154 98 148 56 195 129 39 20 146 201 73 110 10
665 665 200 170 80 185 18 159 52 40 177 108 129 0 0 33 45 180
5479 5493 6 80 98 153 27 156 82 107 196 141 137 71 112 166 184 195
4139 4164 173 0 130 38 197 123 83 148 50 122 186 0 194 144 7 125
191 410 66 111 47 120 70 123 36 104 107 127 103 89 56 117 166 53
772 772 20 80 50 50 75 15 10 130 182 162 36 0 0 129 84 60
2348 2354 105 105 14 0 168 174 185 0 142 105 112 0 126 158 130 77
2914 2932 191 48 110 6 75 157 194 196 36 189 69 175 159 138 95 166
536 1841 132 123 34 159 22 199 67 108 37 16 103 41 153 102 131 24
4429 4429 180 0 60 150 0 0 180 120 0 30 60 0 180 0 30 30
5169 5183 65 23 183 125 138 161 112 44 142 78 190 84 201 98 166 58
2052 2057 116 197 122 128 10 0 22 116 74 31 128 90 160 26 6 182
2311 5229 16 189 123 45 185 40 184 63 137 49 80 14 142 42 170 63
3356 3356 150 75 12 60 0 30 60 30 201 25 171 0 0 9 29 180
6418 6423 150 12 48 60 44 40 44 6 166 176 172 71 126 200 184 47
2056 2087 21 50 78 10 182 195 50 206 56 190 77 195 103 151 193 60
3887 5076 35 81 124 119 176 117 141 126 59 191 176 132 95 191 160 85
5788 5788 172 70 111 67 165 90 71 47 77 65 20 0 173 201 166 30
5021 5029 27 87 78 162 147 183 161 18 22 141 162 0 84 197 138 81
4866 4890 6 93 100 123 190 195 88 25 193 56 138 190 24 0 205 70
3198 4261 34 159 121 113 178 43 97 155 61 1 175 6 199 114 94 130
1589 1589 90 150 0 120 105 60 120 15 120 195 0 0 0 0 90 0
883 890 80 134 24 104 200 75 88 7 64 37 182 172 192 33 68 54
2177 2189 118 37 135 7 43 71 41 179 52 45 166 70 35 91 30 75
498 2235 110 127 144 101 6 65 194 112 62 106 189 169 192 91 58 154
1245 1245 15 105 180 30 0 0 15 150 0 195 180 0 120 0 90 195
2755 2764 173 189 46 38 204 180 151 190 42 197 158 0 138 98 92 140
3581 3611 184 196 70 26 154 110 14 68 40 100 2 82 150 77 86 37
4881 5601 14 129 91 30 1 146 10 155 60 7 46 26 25 200 15 65
2200 2200 0 105 195 75 189 83 94 0 184 0 75 0 0 116 53 0
295 302 69 165 174 195 140 150 117 24 147 13 5 40 180 123 146 190
5099 5101 160 0 170 40 0 0 20 200 0 50 30 0 160 0 190 110
2539 6933 202 70 73 200 70 158 74 50 136 199 148 36 92 44 7 5
800 800 120 165 98 90 0 150 90 150 4 1 154 0 0 206 126 200
5392 5402 174 201 196 63 50 152 128 186 204 168 15 42 156 185 47 141
2058 2061 115 0 64 160 0 0 185 170 112 58 22 0 10 98 198 200
2626 2797 199 133 121 149 129 139 89 100 50 162 27 115 124 137 168 171
3822 3822 0 0 0 0 0 0 0 0 0 0 0 0 0 0 0 0
1332 1338 142 22 94 187 156 100 10 48 191 208 37 200 84 170 86 20
2805 2812 162 120 136 192 55 120 66 169 62 167 68 87 18 76 186 175
510 6574 209 75 61 5 19 53 18 194 101 169 77 78 31 100 169 169
666 666 30 15 0 180 175 90 180 171 180 170 124 71 0 0 100 65
112 125 121 209 160 1 146 78 39 104 195 6 33 70 18 64 98 76
4493 4494 204 60 90 174 36 108 73 129 99 6 174 0 84 81 90 60
786 914 107 122 33 72 149 43 119 137 3 130 158 196 43 178 41 29
1754 1754 142 55 89 97 165 0 101 167 111 168 144 0 173 167 82 50
1016 1016 200 170 80 185 18 159 52 40 177 108 129 0 0 33 45 180
2681 2689 164 45 54 149 87 81 166 49 22 130 64 45 32 98 21 42
742 1583 72 3 66 31 127 170 40 79 111 65 120 79 76 63 199 2
6356 6356 60 135 38 150 120 150 30 180 28 25 136 0 0 44 204 110
5268 5280 150 24 11 180 133 161 28 74 26 111 180 142 102 88 183 60
4812 4814 126 0 174 126 175 0 126 207 60 119 10 71 126 120 58 155
569 995 68 178 75 61 200 21 179 104 115 186 54 145 161 71 102 71
1751 1751 182 14 0 182 0 0 154 112 70 0 0 0 0 0 0 14
6481 6491 44 160 204 164 75 183 114 4 41 116 6 120 130 183 46 150
62 67 180 90 114 30 179 109 72 120 114 72 156 0 0 126 89 60
3007 5563 205 123 192 48 209 16 164 57 138 96 79 102 184 2 105 47
5195 5195 134 0 82 44 0 0 148 94 0 76 180 0 92 0 20 0
4651 4662 54 120 12 114 83 150 88 69 196 123 141 0 42 20 169 106
2889 2894 78 60 18 48 0 150 118 66 88 114 78 168 168 122 36 130
106 445 173 1 148 45 151 86 1 89 153 146 77 171 91 104 122 100
5025 5025 0 0 0 0 168 84 42 0 42 168 84 0 0 168 0 0
4530 4536 120 87 60 150 151 168 170 46 132 38 84 0 174 51 100 45
2377 2384 15 45 24 180 133 186 169 195 58 38 124 125 72 2 163 90
142 2799 141 64 156 9 42 204 62 209 194 112 63 7 21 195 150 188
3780 3780 60 30 150 150 15 45 30 180 84 24 192 0 0 93 168 180
1870 1874 132 150 90 57 36 107 188 102 22 90 153 0 42 98 2 60
2416 2431 156 57 144 6 144 162 32 27 60 201 27 0 138 198 9 201
2082 2696 158 141 198 65 162 133 41 207 90 0 37 208 130 88 99 151
795 795 54 60 180 84 36 108 103 99 144 156 54 0 144 66 30 150
3033 3038 78 60 140 48 140 150 6 108 102 50 189 70 84 108 28 130
4561 4589 124 1 55 204 49 15 114 35 195 72 120 71 184 203 97 82
1190 1570 150 176 134 198 69 180 193 183 35 57 14 87 84 101 148 149
527 527 142 160 159 97 81 42 17 167 167 203 74 0 173 111 124 120
2500 2504 154 112 105 56 106 145 181 119 0 147 105 0 147 182 168 112
2998 3023 133 69 20 195 73 128 7 77 167 69 43 185 142 130 66 96
1316 1607 34 190 175 125 107 160 10 200 25 21 80 62 201 95 19 197
3583 3583 167 105 16 152 126 162 115 172 96 43 30 0 146 24 32 0
6433 6446 100 10 30 28 109 125 36 76 193 120 25 0 150 207 91 86
4324 4352 103 2 61 47 169 151 66 116 108 88 143 13 57 209 106 129
869 2987 10 88 24 190 74 88 76 121 183 14 69 23 79 24 127 69
6579 6579 0 0 0 0 0 0 0 0 0 0 0 0 0 0 0 0
3127 3128 168 126 120 23 0 0 126 168 0 0 135 0 0 0 0 126
3513 3533 188 192 46 43 11 108 42 82 123 46 102 118 28 125 184 125
4256 5511 161 152 76 170 110 165 28 126 122 3 147 40 34 207 121 96
6390 6390 0 0 0 0 0 0 0 0 0 0 0 0 0 0 0 0
1511 1515 144 30 140 150 0 180 108 54 208 28 70 0 42 182 42 170
5382 5406 118 120 31 25 24 106 148 158 99 99 16 105 76 75 170 195
2659 2780 169 167 104 88 77 52 76 65 14 33 6 110 19 16 101 170
3731 3731 0 0 0 0 84 0 0 0 84 0 0 0 0 126 0 0
5375 5381 64 130 40 34 64 77 200 59 36 159 138 0 84 79 180 100
2132 2150 52 82 112 172 7 22 139 100 98 88 189 0 21 181 47 11
4062 4071 76 37 22 61 31 183 58 186 69 114 193 0 118 180 69 187
6263 6263 28 196 0 28 0 0 56 98 140 0 0 0 0 0 0 196
6445 6452 88 100 88 178 207 83 200 68 65 186 102 0 84 182 152 202
6 20 182 74 96 167 192 50 62 142 65 170 12 200 96 153 111 209
645 3001 180 192 149 101 72 207 121 96 57 179 130 153 48 110 44 108
3309 3309 165 0 188 120 0 0 165 180 154 46 34 0 60 56 186 185
2172 2176 126 0 0 126 0 0 14 126 119 84 168 0 42 91 105 112
2496 2498 186 30 150 66 144 12 102 96 156 24 66 0 126 54 150 180
890 3796 136 68 198 70 191 34 77 76 181 153 181 48 95 51 164 104
4804 4804 20 80 50 50 75 15 10 130 182 162 36 0 0 129 84 60
1040 1044 114 120 66 54 123 189 151 69 143 108 150 0 84 37 134 130
3898 3904 133 206 96 178 42 209 73 98 28 153 40 0 50 27 33 136
335 488 162 38 21 46 56 201 122 52 41 126 80 56 62 99 58 80
3898 3898 120 60 42 90 0 150 90 150 95 168 42 0 0 115 125 130
6873 6882 132 90 40 207 153 99 64 207 76 75 53 105 162 134 76 195
968 968 200 170 80 185 18 159 52 40 177 108 129 0 0 33 45 180
1057 1851 206 94 61 181 190 120 190 205 30 129 157 27 168 23 207 201
5800 5800 0 105 98 105 0 0 0 0 154 1 49 0 0 56 36 140
6704 6717 62 80 162 122 85 105 2 178 163 86 195 110 42 190 45 78
5844 5874 21 143 139 58 110 64 40 172 207 79 89 71 15 83 166 67
858 6732 42 63 152 208 101 10 27 102 205 187 204 79 84 180 178 170
1454 1454 84 0 0 84 0 0 204 84 72 0 126 0 84 18 0 60
6577 6585 58 22 11 91 76 138 113 126 171 92 12 42 147 189 178 110
6144 6170 12 150 40 132 118 12 12 48 38 34 136 56 146 138 145 13
1800 3514 18 146 172 33 193 184 57 134 136 183 109 73 103 166 157 21
1828 1828 150 180 60 60 90 60 180 30 0 60 60 0 0 180 0 30
5217 5226 202 115 134 127 58 12 178 74 52 142 15 182 42 193 163 165
1016 1018 150 180 42 179 105 30 60 15 102 3 165 75 0 168 108 45
96 256 154 64 12 204 2 0 154 31 46 90 131 72 175 30 41 172
1572 1572 180 90 30 30 151 175 110 120 91 30 30 0 0 209 0 120
3185 3200 189 21 38 68 151 51 200 54 97 148 151 90 21 65 87 61
3781 3784 144 30 153 29 35 180 87 149 177 181 138 0 21 189 104 90
3263 6636 62 139 117 113 97 56 24 54 191 147 16 42 201 127 111 184
4743 4743 0 105 98 0 0 0 0 0 154 1 154 0 0 56 36 140
4272 4277 76 52 190 1 75 190 32 172 175 64 141 0 0 94 189 200
5135 5166 86 123 54 15 84 73 98 157 11 44 79 0 120 8 151 165
710 1012 122 150 107 164 150 64 29 168 33 33 44 4 80 118 162 114
1062 1062 14 140 168 14 0 0 112 154 112 196 28 0 196 84 14 0
2182 2187 138 75 156 184 50 105 126 78 75 202 92 70 144 180 170 78
2839 2839 72 99 168 12 0 195 54 132 98 0 0 0 0 157 167 169
2010 2698 112 45 56 33 79 80 175 34 49 172 31 99 134 138 54 132
5425 5425 140 140 140 35 0 105 70 70 105 0 105 0 0 105 105 0
4439 4443 64 25 34 34 36 108 183 59 46 209 146 0 84 94 48 80
6162 6164 108 180 60 18 62 116 96 198 98 102 18 0 168 82 0 30
318 3613 91 170 114 179 71 36 155 42 92 64 82 82 122 115 157 26
831 831 0 105 105 105 105 135 120 0 150 0 105 0 0 90 195 0
290 301 136 89 162 168 78 204 22 36 8 165 52 40 168 152 4 174
767 768 200 170 80 185 102 47 206 40 16 108 129 0 0 194 38 180
2239 4912 6 207 81 22 69 89 118 203 157 25 203 182 69 88 189 61
1630 1630 42 0 0 42 0 0 42 42 126 0 168 0 42 84 0 0
1631 1643 61 172 72 37 12 0 47 196 88 156 25 80 60 10 92 52
3501 3511 41 170 8 146 12 43 41 186 18 181 132 0 186 209 152 188
365 1266 162 109 47 92 109 56 195 101 193 120 32 68 2 174 165 182
251 251 0 0 174 187 0 0 0 0 0 0 159 0 0 0 0 0
409 420 68 5 50 8 61 41 176 28 185 55 110 40 198 100 192 195
3347 3368 34 136 34 4 90 59 38 60 77 52 105 0 204 113 137 180
992 1568 86 9 201 66 162 134 22 14 43 149 129 194 71 199 150 196
751 751 30 120 0 180 175 90 180 171 180 65 124 71 0 0 100 65
2059 2066 130 20 142 175 168 29 146 110 95 64 23 0 188 25 45 150
6365 6366 105 105 0 0 0 0 105 0 0 105 0 0 0 0 0 35
2 19 18 102 58 54 137 81 40 72 112 196 11 114 198 68 179 107
5604 5604 130 100 10 10 15 45 170 110 112 192 66 0 0 9 84 180
3722 3723 70 105 126 70 0 0 140 140 98 7 98 0 70 112 112 70
3014 3027 203 185 20 143 55 79 63 109 8 1 11 71 204 107 191 155
1573 3016 50 128 6 87 158 167 104 200 30 174 22 142 142 174 51 151
2237 2237 167 105 16 152 0 0 139 172 0 43 30 0 146 0 50 0
4476 4486 50 11 30 20 42 107 114 10 164 36 36 0 42 137 74 11
2332 2355 152 185 20 100 45 78 6 132 62 186 193 0 62 83 6 75
684 725 208 161 201 172 172 195 63 156 81 165 78 165 195 119 2 122
1601 1601 110 20 170 170 180 120 100 190 90 30 30 0 0 120 30 120
4727 4734 76 60 56 121 0 150 122 176 69 122 204 120 208 21 151 203
5982 5986 38 110 158 158 177 51 156 58 94 144 144 0 168 157 26 100
1835 3378 17 208 90 21 31 126 45 58 111 193 33 92 122 164 91 4
2253 2253 6 132 180 186 175 120 192 187 198 137 180 0 120 0 130 90
3805 3815 87 75 133 207 40 47 192 37 82 98 168 0 105 58 190 1
2930 2951 110 107 79 145 50 36 30 115 64 196 97 3 36 163 169 31
721 1091 8 190 106 166 69 185 80 65 203 142 68 13 125 169 45 124
248 248 0 0 150 160 0 0 0 0 0 0 90 0 0 0 0 0
654 668 194 34 161 149 183 188 111 200 7 99 112 14 91 160 92 15
5835 5835 140 0 70 140 0 0 70 70 0 70 0 0 140 0 140 0
1916 6181 40 125 0 37 14 177 7 123 169 94 135 167 80 133 60 64
2023 2023 78 18 90 48 36 108 1 3 144 6 174 0 84 66 90 108
2025 2029 198 60 100 78 0 150 126 48 158 198 188 0 204 52 92 172
640 663 120 84 128 100 147 104 100 164 22 80 58 42 64 103 24 146
2835 6515 186 26 185 86 12 173 157 68 12 117 184 133 90 33 116 90
3446 3446 70 70 0 70 0 0 140 140 140 140 140 0 140 0 70 0
1846 1847 126 42 0 126 0 0 42 126 0 0 0 0 0 0 0 42
6074 6096 112 176 135 57 51 121 164 32 73 173 85 60 208 29 6 2
1709 3504 45 46 145 72 75 86 41 43 17 24 89 41 28 131 58 44
3791 3791 0 0 0 0 0 0 0 0 0 0 0 0 0 0 0 0
1867 1878 32 80 90 167 157 52 22 62 156 192 73 0 64 178 58 60
5002 5031 12 34 35 117 162 95 43 167 196 89 104 143 113 29 109 38
6182 6258 153 147 120 55 82 111 102 37 81 65 93 190 73 125 49 128
29 29 168 0 48 145 0 0 126 168 0 42 159 0 84 0 0 42
5140 5142 100 190 70 40 105 90 110 5 208 93 84 0 0 126 156 0
2732 2741 68 26 112 8 105 55 176 166 85 204 154 0 30 160 155 130
624 5880 0 97 76 71 176 25 67 16 23 184 204 200 172 116 46 42
3233 3233 90 150 120 120 175 37 56 60 157 204 162 0 0 53 120 60
1327 1341 110 104 188 100 95 180 98 42 41 88 114 30 168 168 143 138
5450 5462 2 200 140 32 104 114 154 192 171 202 174 0 72 147 188 150
1413 2373 180 55 74 161 12 92 84 9 0 149 77 136 107 75 100 70
1266 1266 188 101 0 8 0 165 106 88 25 0 0 0 0 0 0 101
2523 2535 96 185 164 126 126 153 130 126 132 134 96 0 46 97 42 165
2922 2930 24 155 146 24 144 183 77 9 18 133 147 0 135 80 3 140
1823 2811 37 169 140 77 15 199 166 85 39 81 190 85 87 123 35 36
5508 5508 110 125 65 65 129 113 44 190 114 30 135 0 0 206 53 120
2559 2568 126 42 133 22 87 151 145 6 169 12 123 0 105 196 94 2
4569 4580 8 95 44 83 180 73 100 28 84 75 84 120 84 156 4 40
433 793 34 170 60 161 68 84 8 13 45 115 118 140 88 186 174 12
5383 5383 0 0 0 0 0 0 0 0 0 0 0 0 0 0 0 0
6679 6682 60 135 150 100 35 180 150 75 180 70 20 175 0 0 140 205
6879 6888 170 161 84 77 168 149 30 118 11 114 51 0 132 98 80 185
232 1352 136 18 40 77 103 0 78 206 104 134 47 26 43 193 201 149
22 22 28 70 126 28 0 0 14 98 14 182 56 0 182 168 28 0
6701 6713 11 128 186 203 63 3 9 148 89 21 183 90 42 77 160 24
1650 1675 152 14 152 186 16 100 204 19 200 154 28 180 10 137 90 155
855 885 104 115 176 54 58 102 50 139 32 196 4 140 34 188 68 24
3727 3727 0 105 98 0 0 0 0 0 154 1 154 0 0 56 36 140
4733 4741 28 70 70 28 91 103 166 168 107 182 84 0 126 158 22 136
4263 4288 61 40 105 62 40 182 85 206 85 40 73 200 82 201 173 116
2637 4358 125 82 54 127 13 139 39 114 168 107 61 37 176 196 196 27
4434 4434 72 120 180 12 198 174 44 132 162 138 12 0 42 48 180 90
4450 4450 28 40 189 43 9 162 183 203 47 107 20 0 89 21 112 30
2091 2107 61 186 150 191 77 6 145 49 118 202 61 183 126 50 48 124
125 314 29 11 209 146 3 74 113 81 152 145 49 92 203 38 92 188
6673 6673 167 105 16 47 168 189 181 172 147 1 9 0 146 63 155 0
1189 1195 25 32 207 125 165 30 80 104 200 205 48 168 197 54 194 135
1232 1239 148 82 60 163 133 109 46 59 138 101 155 0 92 158 147 20
3032 6465 195 140 81 30 129 199 196 77 19 107 154 82 83 0 9 120
3280 3280 90 150 84 120 0 60 120 60 129 0 0 0 0 81 141 150
6575 6585 34 115 184 76 47 123 23 108 142 82 127 119 189 102 32 5
5141 5151 129 45 156 114 189 123 172 54 151 150 117 105 207 119 81 12
4078 6915 134 152 78 74 86 90 45 46 80 116 194 139 85 115 208 141
4614 4614 168 105 126 168 84 83 73 63 163 147 21 0 147 179 11 0
1891 1894 202 190 9 37 70 195 101 147 26 103 134 0 173 102 62 150
1597 1608 184 37 166 20 89 192 60 154 30 150 176 0 134 27 198 117
1991 2188 129 105 163 52 43 145 60 127 93 177 114 49 85 50 81 115
6517 6517 36 102 0 6 105 150 132 27 48 57 0 0 0 0 120 0
6127 6130 155 15 76 80 192 36 165 10 53 145 48 0 104 187 145 40
5668 5694 116 171 112 5 30 15 185 181 140 173 117 36 173 52 209 83
2857 6046 129 181 191 146 127 71 28 138 151 180 48 129 196 93 56 63
617 617 90 150 0 120 176 205 140 177 1 125 148 17 0 119 160 125
6919 6933 144 167 16 179 163 151 30 117 56 135 137 70 202 73 113 191
6174 6182 108 6 153 168 9 21 167 141 24 105 171 0 57 126 96 30
1083 5141 101 45 74 24 204 11 100 169 23 51 47 180 5 14 56 171
2355 2355 0 0 0 0 121 115 110 0 91 0 0 0 0 119 0 0
29 30 126 60 36 186 36 108 7 21 144 84 204 0 90 66 0 18
6068 6072 40 127 12 112 150 105 74 8 113 84 198 0 156 78 198 181
1899 3324 62 193 179 0 141 60 128 61 171 175 89 158 6 139 15 162
5713 5713 150 180 138 60 30 30 60 30 173 180 180 0 0 37 137 10
1209 1224 167 125 121 18 30 1 156 4 201 9 183 42 141 191 150 140
5817 5847 94 178 184 133 81 15 136 19 60 99 25 6 26 86 67 79
244 381 182 150 8 172 4 56 40 38 173 60 53 54 144 151 30 157
1163 1163 14 160 65 149 165 0 85 49 41 121 134 0 129 27 182 120
3460 3467 64 88 181 139 170 195 53 206 28 197 6 7 35 67 72 38
5963 5965 12 60 54 42 36 108 19 57 144 198 54 0 18 66 30 45
4074 6470 201 173 200 174 3 106 152 171 37 195 173 150 37 44 139 176
1208 1208 0 105 21 98 189 83 94 0 184 0 126 0 0 116 53 0
3284 3284 66 12 30 186 115 150 162 157 198 77 30 0 0 90 40 120
4453 4479 90 180 189 157 114 76 134 41 195 49 135 207 90 186 173 200
3693 5824 108 99 57 172 97 70 203 114 124 63 3 126 38 125 1 32
150 150 150 42 198 150 115 120 174 31 150 173 108 0 156 204 154 90
2318 2333 62 142 13 77 123 174 21 37 92 82 104 105 163 73 180 166
1568 1598 184 25 57 15 159 123 199 25 34 11 34 71 169 135 156 121
2057 2608 18 120 61 46 49 184 38 198 108 65 159 187 126 51 93 176
6075 6075 48 101 140 78 0 165 36 18 25 140 0 0 70 0 70 101
2318 2324 202 10 100 22 138 54 34 32 92 198 72 0 42 28 165 110
2271 2281 60 177 195 206 50 152 47 129 125 192 90 168 84 37 99 90
4298 5419 43 88 178 179 90 108 127 7 71 61 172 106 135 180 163 29
6449 6449 70 70 70 70 0 0 140 140 0 0 0 0 0 0 0 0
1965 1973 196 91 205 91 173 195 144 174 78 116 177 0 168 114 15 110
1256 1273 83 155 136 68 84 27 25 133 200 86 98 45 62 132 28 175
3297 5783 88 114 76 48 17 37 56 143 149 192 34 209 209 117 143 138
3588 3588 120 60 90 90 30 90 60 150 0 90 90 0 0 60 0 150
1498 1509 31 205 122 106 130 190 137 156 12 139 182 0 48 48 118 84
1853 1877 66 111 153 96 82 28 186 21 10 11 62 0 54 117 12 34
714 819 12 130 74 64 80 83 60 178 131 154 46 140 208 155 15 190
5360 5360 84 0 0 84 0 0 124 84 157 0 126 0 84 83 0 160
2208 2217 0 147 141 133 131 3 165 49 123 169 190 98 189 93 92 155
1191 1199 170 45 151 105 189 123 74 160 52 136 63 0 80 158 95 10
354 576 132 74 6 116 155 161 113 171 145 69 194 178 101 199 143 121
785 785 96 132 0 156 175 120 72 37 198 47 0 0 0 0 40 0
4722 4733 90 142 114 0 0 54 54 126 0 170 196 60 72 204 88 84
3673 3673 17 135 16 92 0 180 79 52 150 103 180 30 146 0 110 60
2973 4885 207 56 38 142 88 190 10 50 3 118 149 67 80 113 148 162
3311 3311 0 105 105 105 105 85 200 0 110 0 105 0 0 10 115 0
6987 6998 178 73 48 208 161 99 133 112 190 198 23 0 5 40 70 0
6808 6821 138 118 52 152 118 112 8 157 110 101 106 0 14 27 45 20
272 953 148 81 72 21 2 84 24 165 7 112 127 200 72 87 12 135
6707 6707 0 105 98 0 0 0 0 0 154 1 154 0 0 56 36 140
1153 1166 149 55 188 104 53 29 97 22 12 95 42 48 136 47 46 24
2462 2463 204 60 90 174 36 108 43 129 144 6 174 0 84 66 90 150
1803 5558 23 149 113 175 187 84 39 59 102 27 85 182 197 109 79 69
1958 1958 70 70 105 175 105 0 35 35 35 35 140 0 35 105 70 0
5601 5614 10 183 128 172 198 195 168 35 101 198 136 105 28 32 75 63
4255 4268 24 126 88 24 92 15 2 144 3 147 130 130 16 2 184 11
12 76 119 207 128 53 174 104 13 5 175 28 106 143 138 24 173 124
319 319 0 0 0 0 126 42 126 0 126 0 0 0 0 84 42 0
1517 1518 75 105 24 127 0 0 135 120 120 135 9 0 180 30 30 165
2297 2307 63 150 64 108 59 32 41 147 55 165 161 189 162 185 71 138
723 1919 205 101 85 203 170 96 128 113 197 52 65 133 129 23 63 154
2900 2900 150 180 60 60 90 60 180 30 0 60 60 0 0 180 0 30
5431 5431 93 207 96 78 0 150 21 48 150 153 180 0 36 0 90 185
207 226 40 132 71 205 33 97 74 46 205 123 147 150 28 98 83 158
3233 6250 209 20 10 167 6 197 79 106 24 110 132 115 125 27 94 166
2492 2492 30 120 36 180 0 90 180 90 183 156 93 0 0 27 147 120
4765 4776 126 72 143 109 188 111 16 98 72 194 67 0 178 175 169 105
4880 4891 86 143 110 92 91 193 116 199 157 21 126 120 150 56 0 207
4608 4946 95 90 195 68 47 189 35 79 78 12 30 27 170 4 112 95
5269 5269 30 120 0 180 140 90 180 110 180 100 0 0 0 0 170 0
3898 3908 98 25 99 53 73 135 90 28 24 126 15 0 202 96 149 178
467 474 6 150 13 190 105 165 183 183 182 80 137 162 189 67 102 115
603 1561 42 54 50 31 56 130 202 69 167 57 143 147 171 97 207 22
6280 6280 0 105 98 0 0 0 0 0 154 1 154 0 0 56 36 140
4794 4809 83 116 115 128 73 67 92 118 124 17 9 200 159 21 151 180
6143 6148 126 0 90 21 14 61 114 126 190 174 111 0 126 149 9 20
1084 4966 57 50 101 92 126 139 15 150 138 9 29 127 185 112 25 28
2981 2981 38 131 0 158 105 135 46 133 175 165 0 0 0 0 60 101
5501 5503 203 185 104 38 75 75 111 28 202 189 6 0 204 169 144 17
5401 5425 46 209 88 167 205 174 188 14 159 89 0 56 20 83 81 154
1453 5669 120 41 15 87 96 73 92 109 60 174 184 205 63 130 185 61
5768 5768 0 0 84 147 0 0 0 0 0 0 189 0 0 0 0 0
1937 1941 144 30 150 129 15 120 154 54 150 150 171 0 84 150 15 180
562 569 144 0 0 39 106 3 8 111 12 83 163 191 54 111 10 83
3457 3699 124 120 85 204 16 26 52 202 66 155 41 111 11 119 45 189
5138 5138 93 165 186 78 204 192 191 48 186 117 186 0 162 24 180 23
3869 3877 96 156 198 178 134 107 182 84 84 90 36 0 162 50 131 148
5531 5537 31 25 142 136 120 10 173 86 75 39 114 0 30 75 172 75
967 4531 52 109 195 59 165 157 181 6 180 36 114 87 69 31 26 150
83 83 0 0 0 0 150 120 60 0 0 0 0 0 0 0 0 0
5009 5013 172 100 10 52 177 6 180 47 108 87 24 0 42 192 120 180
2487 2499 82 187 10 190 58 43 74 72 201 172 74 189 30 92 137 12
913 6111 177 46 27 8 174 87 116 127 3 112 96 20 178 137 161 41
880 880 0 0 0 0 0 0 0 0 0 0 0 0 0 0 0 0
4527 4533 158 44 44 143 40 96 208 65 56 71 135 0 126 190 141 190
34 50 45 0 36 15 0 53 23 30 134 58 163 140 24 25 5 199
2637 3122 83 102 120 19 205 3 202 148 85 204 201 81 158 26 47 105
1481 1481 77 165 16 32 70 150 19 142 90 93 190 200 146 0 30 50
3454 3469 103 202 79 163 35 113 113 8 44 77 107 0 112 176 159 52
5620 5627 169 166 123 49 35 135 44 43 182 182 4 84 19 105 70 101
3720 4968 72 192 28 14 160 206 125 196 136 101 10 60 184 59 174 200
2139 2139 120 0 180 30 0 0 120 150 0 90 180 0 120 0 90 0
6942 6947 12 90 198 72 12 96 140 162 58 72 114 0 42 182 7 170
2459 2488 96 76 71 100 123 111 202 72 105 100 173 196 154 136 95 201
2622 6299 6 20 68 119 15 132 89 65 112 206 180 146 67 11 119 66
3593 3593 0 105 98 0 0 0 0 168 154 1 196 168 0 56 36 140
5099 5114 96 76 176 171 7 116 77 99 46 138 31 14 68 71 26 58
3690 3708 148 76 68 193 52 87 142 192 167 26 125 84 60 69 63 26
73 137 20 39 199 80 39 87 17 54 193 199 50 7 197 71 117 64
1285 1285 192 54 0 102 0 30 144 144 186 24 0 0 0 0 150 0
6560 6564 8 200 62 188 50 80 8 178 172 90 132 0 168 38 188 10
362 381 89 13 126 100 114 102 203 139 2 125 89 150 28 183 204 159
1993 4072 6 43 52 115 75 118 80 40 107 197 148 41 110 86 31 16
1591 1591 168 21 98 168 0 0 126 168 154 1 154 0 0 56 36 56
5385 5386 167 105 184 152 105 0 139 67 84 154 114 105 146 126 56 105
6642 6663 134 110 91 209 76 78 189 72 2 106 77 147 203 70 200 63
4386 6206 1 60 127 90 209 51 137 95 101 6 164 3 125 209 152 54
3242 3242 0 0 0 0 0 0 0 0 0 0 0 0 0 0 0 0
279 280 188 101 96 11 0 165 106 88 25 0 171 0 0 0 0 101
3281 3306 44 34 103 184 130 113 82 195 118 30 153 48 76 36 89 166
1282 3690 168 13 77 171 105 88 128 63 84 7 39 58 51 44 102 110
1126 1126 84 0 63 189 105 0 147 189 147 21 168 0 21 189 84 0
2760 2771 35 15 50 120 18 169 119 70 176 79 59 0 194 34 194 157
2064 2094 50 137 186 199 26 34 10 158 190 115 29 135 56 174 130 23
1245 5383 126 92 72 143 54 91 110 56 7 137 173 118 196 60 171 144
6574 6574 204 60 90 174 36 108 103 129 159 6 174 0 84 201 90 180
1333 1335 150 12 168 60 70 30 144 46 60 38 168 0 126 84 94 0
4400 4413 126 156 198 111 108 131 142 16 47 92 19 60 58 105 179 36
3881 6684 5 67 184 166 74 34 84 22 183 144 133 98 201 182 23 140
6111 6111 0 105 98 0 0 0 0 0 154 1 154 0 0 56 36 140
2142 2143 114 120 0 54 91 62 110 45 68 65 40 71 84 112 72 135
1303 1333 80 149 159 135 115 96 148 19 163 157 15 88 30 200 168 187
283 2084 41 23 138 54 176 19 78 186 200 90 95 21 81 136 182 33
4329 4329 30 120 0 180 1 25 200 66 61 30 54 36 0 119 30 30
2815 2817 110 20 200 42 72 201 88 190 124 12 150 0 0 146 154 200
4885 4889 194 167 2 77 18 204 58 38 198 198 41 190 42 201 93 169
488 1473 22 89 21 168 119 126 30 7 131 49 120 10 2 2 126 171
216 216 0 0 0 105 0 0 0 0 0 0 105 0 0 0 0 0
5646 5658 68 32 59 143 137 147 39 99 170 131 142 126 173 118 100 32
3631 3647 156 100 25 27 93 40 205 171 7 151 104 180 167 209 200 180
431 571 161 185 72 45 152 104 195 25 89 186 207 82 191 140 38 155
850 850 114 120 180 54 156 48 128 174 204 96 54 0 84 6 180 90
945 952 36 141 55 11 7 116 207 164 194 30 134 0 53 16 54 55
709 715 28 7 126 133 70 105 56 84 203 70 35 0 56 0 140 105
564 2909 201 78 172 71 18 130 173 167 46 127 182 0 149 179 99 197
6121 6121 0 0 0 0 105 0 0 105 0 105 0 105 0 0 0 105
1719 1729 20 41 62 4 20 75 40 172 53 168 76 112 36 192 42 34
3527 3546 104 176 86 107 183 126 24 138 81 144 4 68 54 207 136 155
628 1674 64 159 18 86 173 93 132 30 74 8 67 177 20 10 173 157
4023 4023 168 21 0 168 175 105 126 169 183 47 0 0 0 0 40 99
4306 4311 151 130 204 136 156 5 111 156 163 79 158 0 182 208 134 68
83 96 41 77 140 116 15 90 112 157 110 183 174 156 95 35 40 12
46 3670 133 124 24 69 95 85 85 97 48 153 111 2 105 190 44 128
4314 4314 142 160 159 97 165 0 101 167 41 203 74 0 173 27 82 120
3212 3222 62 80 70 92 93 129 88 172 143 86 2 0 140 141 114 106
4866 4895 73 88 52 19 99 128 157 191 21 127 89 175 174 121 18 50
940 3891 123 93 105 165 173 44 150 58 137 32 10 73 8 107 20 193
4232 4232 0 0 174 187 0 0 0 0 0 0 159 0 0 0 0 0
1503 1508 72 120 90 12 114 58 66 132 200 90 48 0 42 196 118 0
1 4 206 80 109 131 6 33 149 121 60 209 38 0 47 168 142 60
426 1865 191 145 13 39 151 80 105 127 191 74 103 30 45 115 157 171
4026 4026 167 105 16 152 0 0 139 172 0 43 30 0 146 0 50 0
6507 6511 45 105 120 90 0 0 45 30 0 165 120 0 150 0 60 85
5877 5902 127 85 113 12 35 38 203 44 109 151 152 172 140 70 11 60
1973 4624 183 85 102 102 92 183 32 125 93 99 110 97 178 20 57 47
4505 4505 142 160 159 97 165 0 101 41 41 203 200 84 173 27 82 120
2899 2904 162 186 24 84 71 108 169 80 18 97 168 0 84 66 20 150
2885 2901 138 0 77 153 118 144 77 106 111 50 183 168 27 179 27 33
843 1046 137 178 176 106 71 187 73 153 152 120 164 158 34 129 178 99
2065 2065 200 170 80 185 18 159 52 40 177 108 129 0 0 33 45 180
1867 1874 132 45 98 162 84 168 162 102 127 127 154 0 84 203 123 74
6865 6895 67 117 4 126 120 111 190 191 191 63 63 0 89 133 59 140
3014 3249 90 159 25 191 75 126 2 187 82 19 17 113 69 65 176 150
1645 1645 0 0 0 0 0 0 0 0 0 0 0 0 0 0 0 0
4869 4874 50 20 62 20 185 30 190 35 26 149 146 20 30 134 74 60
3470 3486 189 174 60 139 64 10 156 31 117 149 138 90 177 96 101 170
235 364 141 12 22 201 72 63 189 116 45 92 197 121 40 118 117 84
6245 6245 168 126 0 168 0 0 126 126 84 126 0 0 0 0 0 0
1781 1790 61 29 8 83 185 0 87 73 16 98 203 102 2 144 114 209
3141 3164 195 78 185 81 34 192 184 148 139 104 156 168 101 163 14 178
114 4387 93 43 180 177 44 88 44 110 164 194 5 163 2 158 20 53
4671 4671 0 105 69 82 105 15 60 0 180 0 54 0 0 150 45 0
2117 2125 88 160 170 202 70 120 50 20 168 118 110 2 48 38 138 149
1912 1930 209 45 138 203 14 204 99 91 26 94 100 34 202 41 203 134
2679 4443 158 127 0 73 186 163 5 207 164 143 57 184 147 81 204 138
339 339 0 0 0 0 0 0 0 0 0 0 0 0 0 0 0 0
3958 3965 23 44 60 153 175 75 1 7 136 6 182 149 208 189 69 23
2822 2853 162 45 129 1 41 95 199 29 56 125 77 2 11 207 83 18
1056 5244 30 73 110 50 78 22 138 75 67 200 195 66 137 164 136 47
4236 4236 50 200 114 20 75 105 190 10 169 66 143 0 0 142 77 40
961 973 54 30 153 89 6 68 63 136 173 152 126 87 99 67 166 45
5322 5324 187 55 13 187 165 0 146 197 118 32 61 0 113 160 135 190
1940 3854 116 41 122 126 134 133 153 163 176 57 42 68 149 136 79 161
6030 6030 204 60 90 174 36 108 43 129 144 6 174 0 84 66 90 150
5090 5098 52 139 191 37 18 189 167 59 42 64 178 135 169 186 128 105
6811 6840 14 132 90 26 138 200 196 201 85 66 56 60 182 88 162 9
1809 2828 166 187 61 91 66 193 142 14 53 190 194 70 188 16 56 33
4255 4255 0 105 105 105 147 189 42 0 42 0 105 0 0 168 189 0
636 640 12 0 144 192 84 88 54 162 191 72 186 0 138 109 168 92
2295 2304 6 24 206 36 105 0 72 123 76 69 76 147 42 104 34 29
1590 2306 77 209 38 83 84 28 138 46 12 2 102 93 8 167 188 40
3060 3060 0 0 0 0 0 0 0 0 0 0 0 0 0 0 0 0
985 987 120 135 48 60 105 180 0 123 24 126 156 93 60 126 126 165
416 439 141 200 93 76 17 98 13 136 132 133 126 0 112 98 94 142
4255 5177 66 176 140 137 78 29 208 206 187 22 81 112 113 125 5 87
837 837 150 180 0 60 175 30 60 25 60 185 0 0 0 0 10 0
2329 2339 61 95 152 196 155 10 209 71 126 184 173 35 32 114 51 26
45 47 180 0 18 150 0 0 136 120 157 114 186 0 12 83 30 134
4808 6982 129 5 151 160 27 117 114 34 81 129 179 150 89 20 171 165
6403 6403 0 0 0 0 78 180 90 0 168 0 0 0 0 42 0 0
5823 5823 30 120 0 180 175 100 80 171 20 65 124 71 0 100 200 65
455 455 84 63 0 84 0 105 168 84 105 0 0 0 0 0 0 63
384 2583 206 24 194 154 201 27 111 47 192 111 209 24 91 173 172 106
2586 2586 0 0 91 105 189 83 94 0 72 197 203 0 0 18 5 70
1493 1498 30 90 12 90 165 0 150 143 96 9 58 8 180 174 84 170
3607 3617 6 57 164 146 122 146 178 204 35 185 120 148 186 25 139 174
199 6430 127 9 118 50 58 13 121 173 129 37 110 68 198 161 92 184
3981 3981 0 0 0 0 0 0 0 0 0 0 0 0 0 0 0 140
674 681 194 176 90 59 119 147 68 114 136 154 81 30 156 69 170 116
1548 1551 60 0 160 120 42 84 132 180 32 150 20 0 60 148 164 130
113 289 149 147 103 47 182 193 89 10 27 112 193 128 44 90 130 85
233 233 0 105 105 105 189 83 94 0 184 0 105 0 0 116 53 0
4915 4922 204 36 17 114 202 190 59 174 137 208 139 132 39 205 72 80
2086 2092 40 10 12 90 85 135 176 185 47 22 126 95 176 102 2 200
1103 4945 75 133 182 201 72 87 127 125 30 28 95 85 74 44 87 34
1290 1290 0 0 196 0 0 0 0 0 98 2 98 0 0 112 72 70
804 807 168 21 180 168 165 195 66 21 183 75 12 0 0 78 168 75
5986 5999 75 42 176 45 108 69 165 90 104 87 208 150 48 157 109 140
79 101 98 194 130 178 48 178 106 124 7 164 138 46 10 149 115 47
5749 5749 180 90 0 30 0 120 30 30 30 180 0 0 0 0 180 0
1756 1767 194 41 199 149 169 85 84 204 71 100 170 0 84 193 153 156
3565 3591 121 181 141 99 112 150 116 168 25 45 154 126 147 167 16 27
4135 6284 77 203 73 69 140 207 163 25 36 154 164 106 41 44 112 172
5877 5877 147 45 96 192 0 60 9 102 120 33 180 0 36 0 180 83
328 334 135 120 196 138 175 90 75 171 110 65 180 71 0 70 30 174
5368 5389 113 51 34 162 39 188 34 197 85 101 34 206 158 62 65 177
938 1209 101 150 87 184 190 42 193 55 122 52 94 100 53 199 149 25
2698 2698 0 0 0 0 1 145 20 0 91 0 0 0 0 119 0 0
3889 3902 205 87 152 31 205 167 71 200 49 141 125 10 166 119 186 125
1702 1723 145 121 64 8 150 96 173 129 31 121 121 34 156 1 168 29
3 51 160 159 141 133 197 83 12 23 116 111 16 111 66 169 95 177
2581 2581 84 168 0 84 35 0 168 203 42 133 0 0 0 0 140 0
5790 5805 93 180 172 53 30 180 162 153 125 201 148 0 149 82 197 30
6398 6398 0 0 0 0 0 0 0 0 105 0 0 0 0 105 0 0
3161 4046 16 24 153 138 207 168 161 190 58 79 122 32 171 142 143 45
4221 4221 105 105 0 0 0 0 105 0 0 105 0 0 0 0 0 105
2465 2480 186 25 174 159 202 56 20 168 18 150 149 7 150 89 7 50
2449 2470 170 172 145 140 60 75 187 56 59 166 50 70 27 85 40 110
5181 5726 53 41 55 103 23 0 25 66 135 118 120 41 153 55 74 126
2580 2580 140 35 28 140 0 0 70 70 84 1 154 0 0 56 36 140
5013 5019 24 120 10 174 120 60 168 84 104 62 44 45 192 166 156 85
6813 6816 83 105 16 68 0 140 195 88 203 43 114 0 62 7 190 70
41 59 5 50 162 75 83 159 15 88 168 83 71 58 206 197 164 14
3009 3009 157 65 96 127 60 75 149 2 135 193 75 0 146 75 95 180
2350 2355 168 0 0 63 33 36 46 168 69 42 63 0 168 201 180 0
5025 5047 98 40 191 84 68 42 59 42 199 33 171 147 193 18 3 196
361 4523 88 54 18 45 175 209 59 178 96 84 153 87 206 153 99 10
5244 5244 90 150 80 120 0 60 120 60 10 90 160 0 0 200 70 80
3710 3716 88 100 136 178 9 87 64 68 95 66 150 0 168 126 118 130
599 630 140 197 35 115 71 148 106 128 20 127 199 130 50 199 155 0
2483 4251 140 166 129 59 152 24 100 96 73 178 128 153 182 88 137 15
1505 1505 197 35 26 2 0 0 169 52 0 153 180 0 36 0 90 83
3158 3173 34 142 79 138 69 5 173 119 127 93 143 84 195 7 71 200
5427 5441 99 81 151 69 185 164 184 189 67 118 184 190 189 203 76 196
3858 6180 18 166 64 134 57 50 107 206 130 197 23 48 190 187 205 116
3005 3005 156 120 168 96 175 90 12 87 180 149 124 71 168 0 100 79
5765 5777 128 111 102 123 28 87 52 68 94 104 157 60 140 101 41 53
6873 6903 60 113 75 36 174 87 148 180 68 146 76 70 172 110 8 20
2374 3192 68 128 185 209 198 193 167 86 22 203 163 11 71 58 11 103
3721 3721 0 105 105 105 119 83 94 42 184 70 203 112 0 116 193 70
3499 3501 59 90 45 89 189 203 17 184 113 49 184 0 152 187 104 60
5482 5501 63 60 195 201 149 153 35 188 149 33 89 0 174 48 185 107
93 721 121 67 96 126 71 111 209 48 14 185 155 150 168 202 58 176
5277 5277 204 120 72 24 175 90 18 105 180 101 154 71 132 0 10 101
3843 3851 101 148 88 66 5 150 37 201 20 71 152 195 16 65 5 23
4302 4302 0 0 0 0 0 0 0 0 0 0 0 0 0 0 0 0
40 430 159 181 79 55 174 173 135 103 124 45 191 117 69 84 105 98
3598 3598 84 0 0 84 0 0 54 84 192 0 126 0 84 48 0 90
649 660 43 160 185 148 79 35 101 185 95 80 80 147 24 151 108 92
991 996 129 205 98 204 108 114 3 114 59 181 42 0 188 191 183 140
2365 3735 208 66 184 141 35 75 150 129 41 67 99 192 15 3 173 132
906 906 200 170 24 185 18 159 52 40 149 206 101 0 0 61 3 40
3715 3728 46 119 103 151 200 195 57 187 29 98 186 126 173 134 16 93
28 57 3 9 138 52 106 127 53 165 174 121 62 87 166 31 42 35
104 443 1 124 147 0 171 190 177 60 123 2 163 99 88 11 177 10
2562 2562 48 150 198 78 12 186 186 18 101 72 198 0 168 109 197 40
4589 4604 53 202 111 133 28 204 202 101 32 70 168 0 193 36 128 87
4909 4936 151 205 153 106 34 34 204 65 174 138 79 36 93 83 21 173
3550 6503 76 34 152 24 170 143 156 97 142 201 189 76 209 134 159 70
1316 1316 204 60 90 174 141 3 43 129 186 48 90 0 84 45 174 150
764 768 35 80 97 185 180 50 95 70 28 189 97 0 120 73 153 185
4650 4678 113 182 29 163 118 68 32 181 25 33 51 141 151 17 96 204
1214 3386 54 198 78 70 109 62 115 133 44 151 201 50 65 104 142 122
3189 3189 202 190 159 37 165 180 41 107 191 53 74 0 173 27 142 120
3185 3194 86 71 71 49 207 51 137 16 162 81 186 90 63 180 198 126
5007 5016 76 100 190 26 82 198 130 186 24 44 186 0 6 156 76 180
280 5485 185 6 127 27 75 73 177 52 42 200 129 13 62 140 23 150
5114 5114 0 105 84 0 0 0 0 0 42 33 42 0 0 168 138 0
2828 2841 122 152 151 116 94 37 94 93 114 189 58 71 126 71 12 202
6990 6995 156 120 180 96 114 112 62 6 111 54 96 0 126 9 120 90
3237 3452 55 118 147 119 124 113 20 60 143 73 172 186 53 14 196 173
981 981 42 84 0 42 0 0 84 84 126 84 0 0 0 0 0 0
4466 4466 132 150 154 162 198 144 194 102 59 72 149 0 42 151 173 190
2218 2238 36 58 71 81 172 141 87 165 111 179 131 70 179 65 89 205
876 2773 69 155 191 8 176 60 50 41 158 45 209 176 198 11 123 78
209 209 80 110 200 200 108 114 172 100 12 18 144 0 0 198 60 30
3561 3569 192 115 127 177 201 93 18 72 126 40 22 0 116 54 173 190
1296 1326 63 198 111 48 113 46 111 117 142 37 70 58 108 184 188 206
1060 2961 10 58 121 111 44 89 30 83 11 24 16 98 6 56 130 39
3830 3830 168 105 14 168 0 0 84 168 28 43 70 0 42 14 204 140
4992 5003 146 136 4 6 4 81 52 11 152 1 5 0 28 178 193 76
2685 2697 161 105 76 113 158 114 163 36 109 53 117 90 56 71 53 82
5040 5042 206 110 20 116 37 133 70 16 145 6 132 0 126 65 60 60
2697 2697 112 40 159 127 25 120 131 17 71 103 174 20 173 27 122 20
504 516 152 41 170 107 108 84 164 88 66 190 19 6 168 115 27 209
2781 2799 156 15 167 111 37 176 108 117 11 2 120 201 89 106 108 26
1 1185 155 21 65 160 38 158 39 74 124 79 159 17 172 94 51 10
828 828 172 70 41 67 165 90 71 47 147 65 90 0 173 131 26 170
6407 6413 192 135 82 42 105 180 114 87 143 110 53 135 6 7 117 57
2321 2333 80 90 2 110 44 57 206 46 75 5 128 70 40 188 194 107
480 1058 16 93 109 118 169 98 101 7 37 56 149 175 208 103 132 162
2381 2381 23 206 120 98 0 165 151 118 25 165 120 0 150 0 60 56
1776 1788 189 84 148 66 29 72 3 109 124 77 58 50 54 106 102 44
6101 6110 208 195 154 16 0 120 58 8 204 189 28 0 196 84 154 90
395 5526 193 188 104 38 63 54 110 192 141 119 174 38 89 4 48 78
3014 3014 142 160 159 97 165 0 101 167 41 203 74 0 173 27 82 120
3446 3446 142 160 159 97 165 0 101 167 41 203 74 0 173 27 82 120
3452 3459 132 150 192 162 132 78 76 102 180 6 6 0 42 120 20 50
1276 4870 200 199 0 48 83 173 153 97 128 79 0 192 91 16 42 85
5337 5337 0 0 0 0 0 0 0 0 0 0 0 0 0 0 0 0
1147 1157 108 10 26 198 128 56 206 108 58 70 12 0 158 4 134 160
3830 3843 95 60 13 145 9 6 28 115 144 145 96 150 185 96 71 60
1210 4864 124 61 173 133 119 88 69 4 104 192 41 205 6 79 141 111
2879 2879 0 0 0 0 42 84 42 0 42 0 0 0 0 168 84 0
1822 1832 70 70 108 160 149 157 166 126 133 57 76 0 0 140 1 133
6146 6169 38 188 82 50 162 44 36 112 97 116 68 64 34 27 202 90
3124 3206 132 122 66 184 96 79 95 85 71 194 109 94 112 190 198 94
6574 6574 0 0 0 0 0 0 150 0 195 0 0 0 0 75 0 180
2827 2829 56 0 14 56 0 0 112 196 203 70 203 0 98 7 7 84
2865 2896 45 175 123 195 5 83 62 168 3 83 58 3 93 99 108 87
3997 6837 163 3 165 154 205 72 2 29 34 6 111 77 8 105 22 102
4560 4560 0 0 0 0 0 0 0 0 105 0 0 0 0 105 105 0
1206 1208 90 90 108 164 120 90 60 60 60 0 78 0 150 180 150 150
113 143 172 160 45 25 99 67 173 193 147 190 50 59 195 52 63 140
99 1725 195 87 170 58 45 177 13 145 87 118 123 99 113 48 206 5
5410 5410 170 50 110 110 15 45 160 160 152 12 96 0 0 159 144 90
3626 3629 183 0 96 198 0 0 141 108 126 90 96 0 204 84 174 83
2192 2207 190 58 176 130 49 207 48 11 39 168 170 206 60 164 142 149
3702 4442 150 181 37 197 43 29 154 84 27 100 84 78 62 88 120 61
1246 1246 42 0 0 42 0 0 62 42 26 0 168 0 42 94 0 80
166 179 111 135 38 27 203 132 1 186 164 77 91 70 92 114 179 5
4617 4634 121 47 125 205 175 78 32 167 12 90 21 14 47 4 47 37
407 2938 47 173 125 163 87 100 175 162 76 8 143 43 61 129 126 191
4411 4411 167 105 16 152 0 0 139 172 0 43 30 0 146 0 50 0
343 356 185 125 35 89 25 25 193 85 148 204 207 75 96 203 171 132
2369 2382 172 172 52 127 6 5 34 124 186 110 89 112 18 123 109 197
1128 6824 22 1 56 2 133 192 163 152 110 156 200 187 208 19 103 114
436 436 0 105 98 0 0 0 0 0 154 1 154 0 0 56 36 140
6360 6374 108 180 159 99 39 93 82 198 33 15 168 0 168 177 114 15
6847 6848 120 60 42 90 0 0 120 150 17 0 0 0 0 43 53 130
3297 3532 33 3 16 53 83 66 171 138 160 87 177 99 130 166 94 168
6664 6664 204 60 48 48 36 108 43 129 144 6 132 0 84 66 90 150
3210 3215 126 90 148 193 126 72 50 126 130 122 41 0 72 200 162 106
6955 6960 42 0 42 42 43 159 164 42 85 42 84 0 42 65 98 100
1765 1909 173 133 84 104 53 143 188 57 40 94 12 28 62 65 128 126
2184 2184 200 170 98 179 18 159 52 40 177 108 207 0 0 33 45 180
2495 2497 120 165 105 195 147 49 92 150 122 0 105 0 0 148 109 60
3917 3937 169 163 170 173 155 194 74 164 168 51 167 0 123 117 86 34
852 984 49 147 146 175 163 190 96 173 76 201 188 145 19 20 6 11
4310 4310 24 90 158 189 198 159 54 114 209 164 197 0 176 177 109 120
1749 1757 23 80 18 137 150 180 49 76 136 186 203 168 2 6 156 85
3595 3620 90 20 151 187 181 92 31 162 175 202 28 176 205 91 5 194
1651 4237 152 58 100 49 129 81 10 107 163 126 72 9 41 45 16 194
6428 6428 0 0 70 0 0 0 0 0 140 0 140 0 0 70 140 70
614 622 167 56 158 202 55 135 19 61 128 144 149 149 102 107 127 26
2376 2377 27 195 96 207 0 120 129 84 30 123 63 132 36 0 60 53
3339 6678 2 182 124 24 49 167 170 76 112 4 22 36 123 89 38 174
2083 2083 142 160 159 97 165 0 101 167 41 203 74 0 173 27 82 120
287 287 30 120 0 180 7 84 72 171 192 65 124 71 0 108 124 65
5576 5585 0 30 134 175 75 75 200 105 26 129 13 105 150 4 144 65
484 1020 66 54 35 184 0 128 56 109 2 16 136 193 153 180 108 77
2242 2242 100 160 159 55 207 126 87 125 209 35 32 0 131 69 82 120
2137 2151 208 97 199 58 136 192 145 36 174 200 87 0 147 85 150 171
3096 3106 15 180 77 32 126 122 181 75 19 190 184 165 180 191 184 0
1064 1119 9 72 167 9 127 196 164 83 150 170 54 25 62 209 95 29
5773 5773 20 101 126 50 0 165 190 130 25 168 0 0 126 0 0 59
6717 6722 156 120 60 96 24 90 116 6 183 102 60 0 126 27 54 180
6707 6713 182 56 16 116 70 0 28 124 18 20 166 80 126 84 34 192
439 644 147 19 56 39 94 53 46 115 192 107 82 102 17 208 140 132
2207 2207 200 170 80 185 18 99 22 40 87 108 129 0 0 63 75 180
5832 5835 168 161 142 165 0 105 126 198 59 36 73 60 70 56 106 151
3181 3196 156 150 81 101 154 17 63 171 149 201 6 180 3 55 3 174
2664 3715 54 185 204 121 171 9 164 36 163 46 5 21 48 0 16 21
4347 4347 140 0 70 140 0 0 70 70 0 70 0 0 140 0 140 0
5038 5053 148 184 79 28 165 32 130 38 188 199 208 0 194 132 99 25
4817 4829 88 20 98 5 66 37 40 193 106 137 16 0 62 76 149 155
210 2518 14 130 1 105 93 199 198 142 205 202 155 48 162 149 177 77
2606 2606 96 132 0 156 175 120 32 37 188 47 0 0 0 190 40 50
754 761 124 28 190 124 103 60 38 89 208 125 40 140 120 102 70 38
4113 4127 4 44 208 103 76 145 6 126 181 192 75 60 182 84 91 130
733 3191 158 25 45 79 121 142 140 56 79 81 178 78 131 4 138 201
1299 1299 0 0 0 0 157 85 200 0 7 0 0 0 0 203 0 0
6166 6169 12 69 147 93 175 15 9 39 30 5 100 62 105 105 40 89
2631 2649 45 153 116 110 127 188 63 178 37 15 46 77 96 28 43 51
983 3471 106 132 109 88 56 171 58 135 89 96 181 192 21 105 191 197
5386 5386 96 132 168 156 175 120 72 37 72 53 84 0 0 126 46 0
6488 6494 142 0 158 172 105 0 68 107 198 29 84 195 184 102 160 123
3157 3176 114 108 28 106 5 6 142 25 109 51 12 63 58 101 182 189
963 1815 8 192 182 163 14 34 48 124 116 20 48 175 149 23 200 165
1782 1782 0 0 0 0 0 0 0 0 0 0 0 0 0 0 0 0
6486 6486 42 0 84 42 0 0 126 42 126 168 84 0 168 42 42 0
2142 2171 92 29 180 33 117 194 111 28 133 200 17 44 105 183 35 159
2305 3318 82 89 195 96 46 152 181 181 154 61 3 100 139 95 165 64
2569 2569 0 0 0 0 175 0 0 63 0 35 112 203 0 0 70 35
1782 1790 0 60 89 95 20 75 15 207 169 121 26 22 15 162 32 10
458 466 113 120 49 143 51 181 33 178 176 167 21 0 62 34 41 90
357 2829 76 51 1 178 172 110 166 99 104 114 202 186 104 51 65 206
530 530 0 0 0 0 0 0 0 0 0 0 0 0 0 0 0 0
2045 2053 75 60 139 105 183 1 113 140 10 49 92 0 60 125 124 165
1774 1792 26 153 169 205 166 107 95 64 93 200 100 98 43 140 63 18
5294 5427 205 151 77 3 25 81 138 117 61 88 91 79 21 184 86 134
4716 4716 0 0 0 0 0 0 0 0 0 0 0 0 0 0 0 0
3050 3056 197 15 136 122 168 6 157 52 48 73 60 0 146 72 176 60
1521 1549 199 42 81 139 92 60 136 173 113 35 86 100 157 78 184 107
1993 3868 142 13 174 84 174 121 61 139 161 204 190 69 37 5 160 19
4447 4447 167 105 16 152 0 0 139 172 0 43 30 0 146 0 50 0
4690 4698 18 45 1 69 87 51 131 42 128 163 172 39 113 16 64 195
5078 5088 84 81 198 54 54 108 78 84 75 171 30 0 114 69 6 180
2550 3235 34 208 119 97 52 38 170 31 158 151 21 148 7 197 63 131
421 421 0 105 105 105 154 83 94 175 184 35 105 0 0 116 123 0
5688 5688 167 105 58 208 0 0 139 172 0 43 72 0 146 0 50 0
5894 5899 65 15 20 160 35 90 145 13 185 116 187 133 140 145 105 155
1946 6612 44 155 49 199 80 34 1 187 194 174 157 168 177 52 66 110
5882 5882 84 0 126 84 0 0 124 84 115 42 84 0 84 125 42 160
3216 3228 174 150 94 8 12 65 117 129 13 154 199 180 115 21 123 70
4796 4817 94 148 4 49 52 157 198 80 133 92 134 86 162 207 72 146
1136 1800 19 190 165 104 105 34 2 131 49 36 147 69 96 24 185 132
6047 6047 0 105 105 105 105 105 0 0 0 0 105 0 0 0 105 0
2920 2931 47 150 199 97 41 145 81 22 200 9 31 140 20 160 19 115
3074 3092 110 5 2 180 205 78 24 19 11 161 88 71 90 111 79 34
5276 6713 180 128 24 110 107 100 173 65 101 9 185 3 77 185 66 141
1896 1896 0 0 126 168 0 0 0 0 0 0 126 0 0 0 0 0
943 956 134 141 169 29 167 195 164 192 74 155 6 0 115 173 80 45
663 675 189 45 60 24 162 136 168 147 59 138 18 168 36 16 181 134
589 2203 108 142 96 90 158 74 153 79 91 24 67 204 95 6 143 146
1253 1253 180 90 0 30 0 120 30 30 30 180 0 0 0 0 180 0
4176 4191 32 95 144 5 207 150 200 189 4 59 116 70 108 207 134 83
486 507 192 201 199 67 168 155 136 87 202 143 86 177 126 44 192 175
79 543 63 175 4 5 99 89 190 204 61 27 152 89 90 88 97 83
4225 4225 120 60 90 195 36 3 174 150 39 6 153 0 0 171 195 150
4952 4965 154 160 35 34 34 30 134 24 15 125 176 90 114 206 70 175
6131 6148 153 40 171 3 5 71 26 0 184 12 9 102 52 58 24 68
1563 1673 145 49 146 103 51 130 163 126 29 65 170 101 53 97 3 168
2117 2117 0 0 0 0 0 0 0 0 0 0 0 0 0 0 0 0
4569 4569 38 131 0 158 0 135 46 178 175 60 150 30 0 0 60 161
3091 3098 60 150 187 131 115 180 195 115 47 77 48 150 15 189 154 20
1580 1956 157 165 192 179 157 126 1 103 54 106 138 65 6 26 33 39
1788 1788 188 101 98 8 0 165 106 88 179 168 154 0 0 56 196 31
155 168 100 185 43 43 203 197 88 170 88 158 19 0 162 0 55 75
5472 5487 114 50 25 86 10 39 165 109 28 31 22 195 91 81 55 25
282 704 170 156 30 174 115 181 184 53 65 20 6 91 198 185 51 62
6039 6039 188 101 0 8 0 165 106 88 25 0 0 0 0 0 0 101
5322 5324 165 105 202 120 0 0 165 180 161 87 41 0 60 49 59 70
2937 2964 135 66 177 112 42 153 40 48 54 158 37 90 143 136 48 12
1280 2414 118 3 188 141 198 51 99 156 104 98 168 20 45 1 168 12
3336 3336 57 105 96 72 0 0 99 192 0 153 180 0 36 0 90 83
292 302 183 82 124 114 71 175 209 28 18 164 116 120 82 62 94 147
2039 2049 16 50 42 166 189 173 202 17 59 4 33 141 140 136 85 8
936 1395 143 179 156 15 26 148 200 120 7 12 90 122 189 196 54 148
4585 4585 180 90 0 30 140 120 30 102 30 40 128 202 0 0 110 40
4296 4299 158 65 42 137 18 159 178 208 107 35 137 0 84 103 105 40
6003 6034 23 71 40 14 156 178 3 27 43 115 35 140 16 118 15 74
6176 6862 164 65 74 165 133 110 111 208 102 111 39 195 32 193 108 149
370 370 132 150 120 162 48 144 34 102 192 78 162 0 42 18 120 60
3106 3119 147 88 88 14 50 40 206 190 207 161 71 168 91 26 121 74
4929 4933 114 120 180 54 111 138 138 69 190 117 12 0 84 48 12 90
1217 3491 51 167 57 102 161 193 134 60 14 67 175 50 189 22 51 44
5569 5569 0 0 0 0 42 126 168 0 168 42 126 0 0 42 0 0
2678 2684 110 0 80 26 75 60 94 145 53 205 161 15 134 163 13 175
2865 2896 21 132 27 161 41 72 54 187 32 47 39 15 27 61 17 191
1054 3379 122 154 22 21 60 130 125 90 4 111 139 164 196 83 176 61
835 835 0 0 0 0 147 105 0 0 147 0 0 0 0 63 0 0
2896 2906 128 134 140 116 153 204 132 49 78 183 84 54 126 138 60 180
624 626 188 80 50 8 132 186 146 88 73 162 78 0 168 137 85 200
640 1079 2 151 75 44 37 123 10 30 6 122 95 170 140 177 140 168
6249 6249 120 60 0 90 70 150 90 138 90 50 202 158 0 0 190 50
6642 6650 158 113 140 98 104 202 114 35 140 143 108 63 48 150 141 40
3409 3418 96 165 44 150 111 70 36 141 94 102 190 175 26 206 102 115
1170 2373 99 203 80 83 117 101 200 145 205 100 3 65 137 106 23 126
3978 3978 0 0 140 0 0 0 0 0 70 70 70 0 0 140 0 140
1753 1753 0 0 0 0 35 0 0 21 0 175 14 91 0 0 140 175
4714 4732 157 7 179 97 192 84 181 38 208 38 47 90 66 108 169 87
3087 4948 16 191 153 199 124 146 117 10 76 82 187 48 26 107 125 109
1099 1099 170 0 10 200 0 0 100 160 0 40 150 0 170 0 110 0
6628 6641 192 42 56 72 87 49 181 156 8 145 79 0 3 4 55 58
4061 4088 181 57 134 43 151 148 186 154 79 33 47 71 191 83 120 141
251 419 58 167 131 41 73 115 132 207 151 183 107 66 151 181 90 193
2181 2181 36 102 0 6 0 150 132 132 48 162 0 0 0 0 120 0
6561 6569 192 54 188 131 89 37 140 19 57 203 75 90 0 29 175 160
5113 5123 82 55 192 37 191 53 200 197 35 172 204 175 0 115 59 11
2334 5324 188 28 165 89 137 40 72 116 182 51 84 9 170 89 184 63
5478 5478 112 70 189 7 105 0 161 77 161 203 14 0 203 147 112 0
5500 5500 120 60 130 90 0 150 90 150 200 120 50 0 0 10 140 130
1734 1763 138 182 151 54 14 25 150 99 133 23 174 21 176 169 139 158
3254 4438 1 114 133 124 93 197 163 84 51 129 43 189 94 66 141 179
1804 1804 0 0 178 0 0 0 0 0 28 90 125 0 0 182 202 140
3883 3888 84 0 182 84 0 0 124 84 38 42 7 0 84 202 49 90
3465 3480 60 114 193 130 13 209 54 43 33 15 162 56 168 159 170 95
3763 5345 0 43 35 64 16 92 97 139 70 11 126 63 35 199 199 189
6551 6551 66 12 184 186 0 30 102 156 167 144 137 0 0 103 203 82
6405 6405 54 90 90 114 71 78 193 104 84 31 174 0 84 66 80 150
517 543 2 116 102 2 77 89 146 70 96 164 59 0 152 11 102 66
588 6276 46 79 44 196 126 72 137 113 17 148 171 139 184 185 112 47
6461 6461 156 132 90 66 175 120 132 7 198 197 90 0 60 0 190 150
4318 4321 48 150 42 55 90 150 18 18 187 120 111 0 168 113 82 200
3560 3586 146 125 102 145 167 156 204 46 26 171 109 175 18 154 209 77
2462 5302 73 91 102 71 176 134 63 116 145 147 79 153 19 182 198 27
3994 3994 0 105 42 0 0 0 0 0 126 159 126 0 0 84 54 0
6985 6995 126 105 203 21 191 97 182 156 67 186 120 130 126 113 81 30
1469 1484 109 25 160 14 103 2 197 140 63 38 75 130 2 134 174 123
3021 4154 67 19 138 15 90 149 110 8 35 46 135 45 80 99 23 136
1003 1003 189 105 42 84 0 0 63 84 0 21 0 0 42 0 0 0
3688 3693 52 130 133 62 25 30 131 107 193 31 11 140 143 85 40 120
381 401 193 31 194 193 71 185 127 145 13 8 24 35 152 123 132 176
2488 3133 16 96 203 57 155 204 185 138 208 61 36 31 189 67 12 53
4668 4668 0 0 168 0 0 0 0 0 84 168 84 0 0 126 126 0
5753 5760 98 0 154 98 0 200 44 28 55 112 105 0 140 5 61 0
499 504 148 151 70 188 0 45 146 206 31 168 126 0 0 84 84 165
711 2497 69 107 42 209 165 154 200 32 112 205 80 208 26 69 110 198
2737 2737 90 150 154 120 30 60 120 60 17 114 107 0 0 193 173 190
3649 3651 66 201 10 81 2 146 42 156 48 192 3 0 168 187 45 71
6475 6481 192 0 168 132 204 84 97 177 156 108 189 0 108 144 102 0
323 802 101 132 162 145 161 77 98 191 54 2 35 134 92 127 197 147
1708 1708 96 132 56 156 175 120 72 37 121 173 133 0 0 77 47 140
5174 5178 156 99 20 96 36 48 7 195 154 181 160 84 84 206 90 14
5453 5468 100 133 92 129 172 125 94 156 183 166 79 200 156 202 123 191
1910 2463 145 187 120 44 184 48 101 28 177 140 6 111 38 113 167 118
5470 5470 168 0 0 168 0 0 168 168 189 0 42 0 168 21 0 0
1784 1787 121 87 26 204 175 60 137 9 78 22 204 102 10 0 50 120
2338 2366 182 185 1 135 65 118 7 133 105 35 24 71 155 60 136 37
3521 4613 172 185 0 56 171 127 93 106 9 93 32 111 138 148 87 26
3625 3625 142 160 159 97 165 0 101 167 41 203 74 0 173 27 82 120
714 716 192 180 208 102 0 30 144 72 26 150 206 0 126 184 14 40
5357 5358 186 60 84 96 36 108 123 201 116 108 0 0 192 94 150 112
3 3 0 0 0 0 90 30 120 0 0 0 0 0 0 0 0 0
4088 4088 0 105 3 139 189 83 94 0 184 0 153 0 0 116 53 0
3916 3926 35 140 200 140 46 40 120 40 105 57 81 0 105 105 71 105
3154 3178 184 184 138 121 68 9 34 205 185 93 7 126 8 189 191 10
224 1900 79 136 98 136 150 83 68 107 155 41 123 193 176 117 97 1
2888 2888 0 0 0 0 0 0 0 0 0 0 0 0 0 0 0 0
3639 3642 90 150 140 78 0 165 120 0 6 67 184 90 0 129 59 135
6739 6762 2 71 176 179 28 197 157 88 196 185 132 106 105 93 147 57
4436 5355 175 159 46 132 85 138 15 85 45 132 129 77 86 105 25 189
762 762 0 0 0 0 0 0 0 0 0 0 0 0 0 0 0 0
1624 1638 110 205 95 18 17 158 182 80 150 154 20 140 106 21 132 12
428 429 132 90 18 102 0 120 24 102 111 60 171 0 36 99 69 138
221 5415 30 49 90 193 181 48 17 176 86 146 191 176 96 99 129 203
4183 4183 20 80 50 50 75 15 10 130 182 162 36 0 0 129 84 60
2878 2879 0 0 0 0 126 42 176 0 86 0 0 0 0 4 42 200
5268 5270 144 126 12 144 61 25 14 102 193 30 102 0 54 125 126 120
3222 4564 21 8 31 147 101 37 123 100 182 166 47 42 176 18 3 50
1830 1830 0 0 174 187 0 0 0 0 0 0 159 0 0 0 0 0
4415 4423 124 97 55 79 152 91 188 169 208 167 13 0 28 192 195 12
6021 6032 46 154 114 118 65 150 116 117 14 45 201 140 50 24 207 54
265 1835 82 38 50 33 61 161 0 3 130 180 172 182 79 27 86 183
3029 3029 78 186 0 48 0 150 6 6 174 36 0 0 0 0 120 0
2040 2049 49 140 105 154 21 92 109 182 110 199 21 168 182 10 13 161
6247 6263 58 176 105 163 161 44 109 107 147 143 48 97 209 61 166 77
2147 3708 40 151 130 106 190 113 185 142 132 17 138 195 142 15 151 195
129 129 150 180 60 60 192 156 18 30 138 102 186 0 0 72 60 30
5532 5533 0 0 168 0 0 0 0 0 84 168 84 0 0 126 126 70
4017 4039 187 60 113 17 105 115 176 191 74 110 130 10 15 161 46 127
4164 4256 175 56 201 42 92 169 57 15 45 138 196 124 174 65 26 59
3701 3701 204 60 90 174 36 108 43 129 144 6 174 0 84 66 90 150
977 988 39 3 168 165 90 0 173 3 179 54 177 45 180 120 165 15
4932 4937 178 61 200 208 175 135 116 143 63 53 4 65 0 126 46 196
2745 5928 196 38 129 66 208 203 9 202 61 7 13 56 43 31 62 98
2045 2045 39 105 132 204 0 0 123 54 0 171 90 0 102 0 150 101
2134 2146 188 65 41 203 39 159 105 193 72 118 13 0 58 138 13 120
4756 4758 26 140 182 26 0 0 148 16 188 144 102 0 204 36 6 90
245 305 119 34 0 156 63 192 104 34 173 144 174 120 143 127 4 187
2023 2023 194 188 0 44 175 120 58 65 58 47 0 0 0 0 40 56
3118 3129 138 141 105 173 130 30 76 15 168 167 169 71 30 0 115 89
3634 3652 23 45 56 158 186 103 107 163 39 32 124 190 44 176 84 183
1778 5701 22 130 24 15 141 186 144 68 43 59 103 151 84 113 51 68
29 29 174 0 72 54 0 0 48 144 0 36 30 0 132 0 120 36
453 454 168 0 126 168 0 0 84 168 84 42 126 0 42 168 168 0
3953 3975 64 172 39 49 24 7 62 204 184 84 175 178 96 59 165 175
235 403 175 169 171 126 57 146 138 168 18 168 162 199 78 208 112 15
5303 5303 204 18 98 174 0 45 48 24 199 1 154 0 0 56 36 53
5432 5445 51 22 130 96 137 202 13 27 178 197 150 85 140 10 20 175
2371 2371 0 0 0 0 90 30 120 0 0 0 0 0 0 0 0 0
120 2029 128 104 120 140 146 164 58 82 37 44 201 29 129 190 150 70
1829 1829 0 0 0 0 70 0 0 70 0 140 0 0 0 0 70 0
4324 4328 86 50 177 181 60 75 43 181 7 103 34 0 49 204 14 90
5521 5549 77 72 96 122 7 80 101 31 180 3 184 48 176 78 62 15
2051 5476 96 142 2 77 2 62 155 22 199 11 163 66 119 122 9 158
4557 4557 0 0 0 0 0 0 0 0 0 0 0 0 0 0 0 70
6464 6471 130 16 20 115 93 136 86 28 8 58 69 0 42 206 65 80
2276 2290 76 45 139 169 84 135 136 95 91 59 139 189 196 47 47 65
103 756 203 17 49 115 104 88 71 206 112 29 204 94 27 13 118 49
3956 3956 0 0 0 0 0 0 0 0 0 0 0 0 0 0 0 0
899 913 69 208 80 42 13 45 3 141 206 53 171 71 170 6 124 123
1580 1598 106 40 46 106 17 150 124 117 75 27 55 71 66 69 123 193
5294 6183 87 23 51 179 183 97 118 114 92 100 128 155 36 189 60 50
1244 1244 6 192 130 36 175 60 162 187 83 167 155 0 0 115 75 130
3325 3339 104 115 27 6 160 30 199 59 116 21 149 180 189 79 141 75
6198 6199 128 131 60 38 90 165 16 118 55 0 90 0 60 30 60 71
635 1790 79 10 178 143 96 169 185 39 142 63 184 179 113 11 186 123
6068 6068 0 0 0 0 0 0 0 0 42 42 126 0 0 84 84 0
2053 2059 163 189 82 35 170 150 11 28 100 139 19 120 118 80 180 104
2544 2569 128 46 33 112 128 119 169 175 64 199 13 17 55 177 81 139
6260 6562 14 115 171 129 167 89 131 188 135 132 130 33 44 33 44 80
3777 3777 0 0 0 0 0 0 0 0 0 0 0 0 0 0 0 0
3603 3618 53 84 143 183 10 84 142 52 74 110 60 122 11 43 168 42
4418 4440 12 12 80 141 194 205 124 190 119 194 143 168 198 121 207 122
1820 4295 131 3 196 100 42 78 53 146 131 175 167 69 146 204 142 20
5120 5120 0 0 126 0 0 0 0 0 21 0 0 0 0 189 189 0
4796 4803 105 195 40 90 0 44 85 0 165 105 47 0 156 165 169 197
4190 4205 41 151 152 206 12 15 19 121 124 124 74 206 118 83 35 178
4203 4892 61 28 197 129 164 170 146 49 61 23 13 73 67 30 112 197
4399 4399 30 120 0 180 49 48 54 171 54 65 124 71 0 126 58 65
710 719 188 185 188 8 105 165 106 193 31 173 138 105 14 144 139 10
2324 2341 40 84 144 10 82 99 130 106 125 33 46 70 40 50 206 29
3008 3198 191 172 67 159 196 37 87 86 206 78 87 93 199 50 136 137
5556 5556 90 150 120 120 180 120 150 60 0 120 120 0 0 150 0 60
637 639 60 120 192 30 133 76 112 51 166 161 148 71 198 14 56 21
6665 6695 107 8 115 176 195 75 207 94 123 131 154 93 192 96 25 28
1435 5927 18 154 123 158 22 65 121 186 147 10 125 104 18 112 87 118
4461 4461 16 160 201 181 165 0 59 41 41 119 74 0 5 27 82 36
3327 3329 10 40 100 130 180 60 110 170 15 30 30 0 0 15 45 0
1514 1545 74 95 93 194 132 122 195 157 149 66 203 80 171 154 106 14
4638 6559 98 165 101 184 31 5 138 168 19 46 37 18 49 133 173 101
3066 3066 30 15 112 180 175 90 180 171 26 184 180 71 0 154 184 135
827 836 44 155 189 194 72 111 72 34 69 36 29 0 84 151 83 160
1144 1162 180 80 62 150 60 163 198 147 76 133 17 112 48 193 189 96
225 354 205 208 33 20 185 27 169 145 202 109 206 184 10 23 139 194
3884 3884 120 60 74 90 1 85 110 150 158 204 127 0 0 52 133 200
4520 4524 170 15 73 135 189 173 134 160 178 166 69 0 140 122 49 120
6829 6853 28 161 65 3 73 107 13 167 190 167 164 160 71 132 102 140
810 3355 187 90 133 44 65 161 161 182 25 170 70 50 155 157 126 91
4514 4514 84 0 0 84 126 168 28 84 84 126 84 0 84 126 0 0
4707 4711 132 99 120 72 103 185 124 11 209 157 42 0 180 190 68 111
6143 6165 139 130 129 13 147 172 94 59 19 167 72 90 67 60 133 78
2975 6701 41 202 153 209 140 89 8 27 70 50 24 152 103 13 27 124
3315 3315 0 0 0 0 203 35 70 0 203 0 0 0 0 7 0 0
3343 3352 124 202 202 79 37 13 14 50 62 90 111 0 168 162 107 40
3025 3028 66 180 60 186 18 24 38 156 102 18 18 0 126 18 90 30
213 547 95 12 174 208 47 0 187 76 102 58 20 19 92 138 75 95
875 875 0 0 0 0 0 0 0 0 0 0 0 0 0 0 0 0
6343 6355 65 50 133 160 99 153 138 55 18 189 113 0 168 82 160 20
3448 3477 97 157 129 207 105 142 57 108 181 69 193 78 182 33 62 63
1514 3909 150 187 141 188 47 130 32 184 19 195 157 181 188 87 205 18
1334 1334 102 30 58 192 0 180 66 12 23 102 11 0 168 145 35 100
3137 3137 84 0 0 189 126 63 208 84 136 126 189 0 84 104 105 160
6292 6308 114 10 132 177 72 96 114 152 150 188 17 182 62 92 70 118
27 194 154 53 204 109 19 12 130 118 157 90 145 174 160 65 191 130
2105 2105 150 180 0 60 105 30 60 15 60 45 60 75 0 0 150 45
6271 6277 2 113 185 47 165 27 62 166 68 180 3 0 168 154 191 10
394 420 116 98 76 21 31 115 60 172 162 41 177 40 172 146 33 140
909 3311 107 130 24 6 165 117 199 204 54 123 62 186 132 116 147 16
119 119 84 168 105 189 189 188 52 84 79 0 105 0 0 116 53 63
6734 6741 102 30 30 192 145 5 152 152 42 100 198 0 42 78 115 0
3292 3318 17 35 134 162 131 44 33 21 168 40 12 180 6 180 205 1
361 3475 96 95 93 83 3 132 124 165 169 5 111 13 197 36 115 151
4573 4573 0 0 0 0 0 0 0 0 0 0 0 0 0 0 0 0
795 807 145 78 88 130 87 194 189 36 166 163 209 0 52 182 127 18
3280 3311 180 134 5 95 197 46 112 193 125 198 149 111 38 57 85 21
55 79 85 187 165 166 107 76 95 80 27 73 130 60 96 81 206 89
4451 4451 188 101 0 8 140 95 176 88 165 0 0 0 0 70 0 101
3864 3870 129 105 134 34 0 0 197 114 108 107 169 0 150 132 65 157
628 656 63 115 196 20 162 87 43 63 138 160 7 91 94 179 30 161
3553 4687 77 68 41 159 33 119 139 25 77 159 155 11 170 165 49 21
5250 5250 54 90 30 114 96 78 138 204 174 156 114 0 84 36 30 120
4873 4883 44 50 91 89 63 159 26 94 162 17 201 190 84 48 175 60
1152 1180 60 119 84 92 193 99 36 97 36 67 209 132 202 55 59 82
3019 5289 73 30 95 93 67 178 34 86 161 151 110 84 4 137 87 206
6249 6249 0 0 0 0 0 0 0 84 0 0 126 84 0 0 0 0
5051 5057 13 45 8 148 126 144 173 158 81 149 156 0 154 69 199 12
2771 2796 134 199 1 195 144 66 41 158 54 168 63 162 21 35 128 175
2580 3305 135 207 154 200 198 120 3 52 173 120 82 189 55 86 107 16
1778 1778 204 60 90 174 36 108 43 129 144 6 174 0 84 66 90 150
459 459 175 105 140 70 0 0 35 140 0 35 0 0 70 0 70 0
1934 1964 118 46 1 193 43 51 209 200 164 1 110 182 145 121 187 16
685 2074 143 5 126 208 195 49 157 89 195 172 74 53 80 78 89 139
3169 3169 10 40 94 107 24 72 116 170 96 144 51 0 0 114 60 30
5377 5392 164 12 208 53 14 79 202 100 74 58 63 105 98 13 21 15
1748 1760 93 117 49 3 202 144 72 174 103 181 208 161 151 167 165 197
2845 5330 141 88 91 131 133 182 46 194 30 7 155 200 140 183 73 75
1878 1878 16 40 152 136 165 15 158 146 30 106 28 0 4 75 200 30
3799 3800 180 90 60 150 1 55 50 120 1 0 120 0 0 119 0 90
6417 6445 2 2 170 39 77 136 33 181 145 136 111 65 173 89 194 171
233 1607 51 39 159 157 196 126 87 133 190 164 59 182 76 16 6 87
6663 6663 114 183 0 54 0 195 138 174 195 0 0 0 0 0 0 183
6628 6633 144 198 30 84 105 180 108 201 12 105 18 0 0 42 42 114
6209 6239 42 27 104 181 4 113 59 17 100 133 100 120 39 146 79 22
149 5252 193 208 168 189 55 10 192 155 161 82 86 166 7 18 199 36
1041 1041 0 0 0 0 168 84 42 0 42 168 84 0 0 168 0 0
10 12 135 45 74 0 0 60 165 90 157 129 7 0 150 53 193 80
4626 4655 55 14 36 105 98 54 46 200 125 9 53 71 101 169 16 193
260 1692 44 148 209 41 143 5 204 81 160 203 26 206 107 138 146 206
2704 2704 180 90 0 30 0 120 30 120 90 0 0 0 0 120 30 90
5835 5850 155 66 158 124 97 135 161 157 98 86 4 140 198 145 24 142
6851 6853 0 0 0 0 195 135 120 0 42 42 126 0 0 189 84 0
571 2814 143 14 111 130 0 202 191 144 95 141 146 45 187 202 87 202
6171 6171 73 105 134 118 0 0 101 128 0 137 120 0 94 0 130 0
3380 3380 144 30 150 24 120 150 154 54 157 150 66 0 84 113 0 130
6678 6684 18 135 189 52 49 53 118 138 28 42 154 140 42 74 11 170
3305 3667 164 154 64 130 10 206 100 128 173 148 29 171 192 123 130 104
1286 1286 70 70 0 70 0 0 140 140 140 140 140 0 140 0 70 0
713 713 84 0 0 84 0 0 124 84 157 0 126 0 84 83 0 160
2402 2415 22 176 110 122 124 86 64 26 82 24 22 2 6 174 4 182
3059 6140 54 110 8 19 34 65 96 159 159 158 155 8 132 108 138 149
4966 4966 196 175 147 91 189 83 192 56 72 14 77 0 14 32 39 0
2413 2425 168 0 185 63 137 161 6 197 188 97 9 144 168 152 55 195
4279 4309 204 25 20 196 77 17 180 33 60 92 71 70 44 146 106 147
287 497 69 79 18 139 99 154 96 70 82 142 208 23 182 40 36 15
4803 4803 0 0 0 0 51 45 180 0 21 0 0 0 0 189 0 0
5439 5445 44 176 188 194 99 34 14 63 108 105 130 71 126 66 14 145
4170 4192 60 153 52 132 55 104 166 89 122 198 50 0 36 70 139 19
5270 5287 128 186 91 23 54 175 3 24 206 190 169 71 35 178 120 91
3737 3737 0 0 0 0 0 0 0 0 0 0 0 0 0 0 0 0
6102 6110 160 45 189 1 105 165 9 179 90 7 14 84 49 81 196 189
5091 5098 128 143 117 89 156 198 116 97 175 193 178 0 79 39 188 0
4077 6080 75 99 10 91 52 115 204 101 61 109 122 127 58 27 52 181
5900 5900 0 0 42 0 0 0 0 0 21 42 21 0 0 189 189 0
276 283 134 158 2 173 135 195 88 94 140 126 159 0 0 39 204 108
578 585 198 162 60 104 171 189 16 174 140 84 36 0 42 10 125 190
1988 3556 85 5 178 184 91 98 79 89 86 20 139 167 37 65 21 34
2203 2203 80 170 110 155 18 159 142 100 177 18 159 0 90 33 165 180
2605 2615 110 80 86 185 63 189 35 40 94 170 122 0 131 191 13 7
5443 5452 51 27 155 181 121 165 162 88 82 49 80 105 155 24 20 33
1365 2588 171 3 137 10 38 184 122 84 126 208 171 106 32 63 164 193
1913 1913 128 71 0 68 70 195 166 40 85 80 88 152 0 0 10 181
4945 4957 75 165 120 105 175 66 3 208 90 68 1 120 60 89 50 124
6246 6255 172 100 95 199 175 40 91 113 197 125 38 146 63 201 96 80
760 4078 100 127 48 22 101 53 88 118 93 133 105 150 186 164 161 166
5321 5321 120 60 0 90 0 150 90 180 90 120 90 60 0 0 120 120
5993 5996 114 120 76 54 70 90 94 84 180 58 99 170 84 0 67 100
6796 6804 118 10 70 148 125 119 100 158 188 54 159 0 168 82 117 180
1032 2027 209 207 167 165 177 32 25 110 180 15 138 117 62 46 5 19
1553 1553 140 140 140 140 0 0 70 70 0 0 0 0 0 0 0 0
721 722 0 0 0 105 0 105 90 0 105 0 105 0 0 105 105 0
1977 2006 65 71 23 193 48 138 46 139 161 70 104 182 203 94 8 181
770 4264 131 55 78 106 53 154 203 128 123 157 138 62 206 207 113 72
4940 4940 54 90 190 114 36 78 193 99 104 66 164 0 84 106 20 40
1343 1358 135 162 143 180 189 51 147 141 122 138 131 21 140 138 48 4
1951 1964 145 209 32 165 112 195 52 113 189 19 175 98 63 151 103 84
1960 5036 48 92 7 41 209 99 29 159 85 4 56 197 110 124 96 32
4091 4091 147 105 90 19 0 0 189 42 0 63 159 0 126 0 0 0
1706 1718 3 49 125 93 5 109 78 110 118 207 166 0 151 199 115 120
788 803 102 60 126 47 94 1 26 156 88 40 67 204 66 64 135 196
2139 5748 126 151 150 156 21 33 205 123 179 27 13 188 157 73 60 36
2555 2555 184 60 200 64 36 108 93 209 144 26 144 0 64 66 40 150
1976 1978 60 30 30 108 0 180 150 180 177 124 123 0 0 33 113 30
2875 2906 206 196 192 56 23 126 90 114 140 98 208 110 184 144 23 166
442 1349 119 196 129 195 123 52 12 113 176 123 164 99 162 186 171 194
6949 6949 102 114 0 192 105 180 24 129 66 39 0 0 0 0 60 0
615 615 0 105 105 105 189 83 94 0 184 0 105 0 0 116 53 0
2574 2602 121 187 175 61 145 78 26 144 171 28 129 37 165 63 116 140
4010 4880 63 81 142 75 97 49 90 18 162 148 206 191 175 69 171 165
5937 5937 120 60 168 90 42 66 48 150 11 42 126 0 0 199 167 130
6267 6270 7 165 50 172 36 108 158 77 89 203 15 0 76 61 133 48
1846 1854 72 174 16 72 105 120 174 177 23 11 98 195 60 7 102 84
3249 3357 41 154 154 48 152 50 126 123 164 34 81 9 67 116 27 174
6176 6176 0 0 0 0 0 0 0 0 0 0 0 0 0 0 0 0
4962 4973 50 84 146 80 12 36 168 52 134 34 198 0 76 56 204 48
5938 5947 24 0 95 89 16 23 173 99 15 189 58 112 89 10 114 64
5410 5687 166 92 58 156 85 194 70 94 197 50 10 144 143 109 40 18
6953 6953 30 120 0 180 70 90 180 150 180 170 40 50 0 0 100 170
5456 5459 50 95 125 20 63 200 30 10 20 174 132 0 0 70 3 80
6801 6801 28 91 20 28 120 105 56 98 85 90 90 0 0 150 90 41
2289 3620 127 118 6 32 22 186 140 88 177 128 71 71 83 144 130 15
6587 6587 154 0 182 154 1 145 118 14 91 56 0 0 112 119 70 0
1410 1417 76 85 82 56 125 125 148 11 3 99 192 0 54 136 6 165
3681 3698 104 50 41 9 158 111 13 4 93 72 3 70 173 77 146 160
4656 5754 160 66 144 9 95 154 119 180 209 185 132 83 209 111 144 24
1549 1549 36 132 120 36 175 120 12 67 198 107 120 0 150 0 100 60
1981 1983 155 185 200 110 75 85 115 10 17 27 186 0 30 114 124 155
3853 3861 88 100 190 155 54 194 160 198 126 92 147 0 168 204 92 50
3681 6964 142 200 186 125 23 115 96 163 125 30 85 186 134 88 96 5
1712 1712 84 0 168 84 0 0 124 84 185 0 126 0 84 55 112 90
2084 2095 173 152 18 195 70 120 79 48 124 108 69 10 184 114 24 64
3861 3884 154 85 65 159 98 130 42 78 67 16 115 180 54 89 75 56
1159 2040 98 193 92 83 26 123 196 41 10 114 12 82 2 123 137 155
1400 1400 57 105 96 177 0 0 99 192 0 153 75 0 36 0 90 83
3144 3152 139 45 182 37 35 60 203 53 57 174 14 49 112 63 63 90
2079 2106 82 155 86 142 145 99 64 58 36 193 131 46 90 7 136 140
94 158 59 81 99 66 185 6 48 93 89 62 151 148 61 71 24 168
4921 4921 22 100 159 7 165 60 11 155 161 83 26 108 173 27 172 0
3040 3048 116 191 8 149 112 191 142 192 184 100 207 0 168 137 145 19
1522 1526 30 120 81 75 42 9 153 45 0 45 18 0 189 42 78 30
1133 2526 164 132 97 114 181 83 185 76 82 77 150 152 70 120 63 115
5560 5560 167 105 16 152 0 0 139 172 0 43 30 0 146 0 50 0
744 751 134 131 118 49 105 135 208 199 180 209 155 105 138 115 30 100
1967 1994 200 146 8 69 48 60 66 149 76 169 206 84 48 105 108 198
1051 2693 120 63 119 119 117 207 147 207 67 13 49 121 97 153 22 87
1961 1961 174 150 0 204 70 60 34 30 67 20 190 206 84 83 160 180
857 862 131 160 83 131 60 0 118 106 104 10 68 105 183 174 92 171
505 514 36 165 94 6 144 192 112 144 33 49 20 198 126 117 28 100
1069 5844 109 91 66 31 58 88 84 33 4 90 15 187 101 182 140 145
5824 5824 120 60 0 90 0 150 90 150 60 0 0 0 0 150 90 60
1103 1104 30 120 84 180 0 20 40 90 134 0 0 0 0 76 96 50
1348 1356 54 195 160 114 90 150 108 156 179 153 197 42 42 31 131 130
3560 4088 179 22 143 163 114 118 108 151 114 7 23 75 45 169 22 97
6345 6345 180 90 0 30 0 120 30 60 30 180 30 90 0 0 180 180
451 452 20 185 148 50 40 190 150 130 28 205 106 0 0 94 204 200
4452 4453 50 200 20 20 135 195 130 10 56 6 48 0 0 207 42 150
1774 3616 155 32 192 144 44 166 88 58 180 94 107 6 10 142 81 142
4395 4395 104 80 92 134 75 15 178 4 182 78 36 0 42 129 84 60
2324 2326 136 82 0 46 0 30 32 32 158 122 140 0 140 0 10 0
3455 3474 34 178 182 64 175 16 166 32 95 179 182 168 0 130 146 23
3728 3905 122 11 202 60 152 32 151 177 207 151 11 29 86 116 24 130
4071 4071 138 6 0 198 0 120 156 78 120 0 0 0 0 0 0 6
6775 6779 180 45 177 195 84 143 94 135 130 159 201 135 90 200 107 75
6374 6398 191 175 194 59 52 126 203 52 91 205 103 41 142 87 110 152
1040 3091 168 135 147 172 6 90 170 195 6 137 55 157 48 108 95 127
3243 3243 143 206 90 128 0 165 61 58 25 45 90 0 60 0 150 101
6246 6255 176 70 24 128 70 0 28 202 142 112 24 146 64 82 172 190
4521 4551 159 67 53 84 51 45 39 158 89 9 63 154 158 199 136 58
3921 6437 25 117 116 201 83 44 14 159 191 180 169 105 165 53 179 1
6190 6190 0 105 105 105 189 83 94 0 184 0 105 0 0 116 53 0
870 876 162 165 143 27 110 0 141 87 115 159 187 70 203 99 189 145
4863 4892 158 149 149 155 96 65 76 32 102 187 54 55 60 172 98 86
3079 4945 107 94 173 68 76 54 183 172 157 30 96 202 165 109 58 53
6331 6331 20 80 50 50 75 15 10 130 182 162 36 0 0 129 84 60
5279 5293 87 150 181 192 159 198 17 188 195 171 201 176 204 51 125 169
905 916 196 70 64 196 77 8 202 77 30 31 150 21 0 88 8 111
710 6473 134 82 131 74 4 25 21 186 92 193 13 208 10 31 4 178
51 51 0 105 105 105 49 153 24 0 44 0 105 0 0 46 53 0
3872 3875 207 75 156 27 72 165 59 12 187 3 135 0 36 23 115 43
4727 4729 117 135 96 12 0 180 39 72 150 3 120 30 36 0 150 143
4201 4282 17 46 2 184 54 158 202 83 13 82 44 198 193 35 186 174
4082 4082 22 100 69 7 45 60 191 17 191 113 194 0 173 87 202 180
5611 5618 79 30 69 34 105 170 59 104 57 209 113 0 124 3 133 30
6 33 149 188 201 98 112 43 197 103 18 34 138 110 26 136 201 93
840 4718 123 137 8 80 114 6 80 200 146 94 38 129 30 79 138 156
3355 3355 0 0 0 0 0 0 0 0 0 0 0 0 0 0 0 0
3973 3986 12 141 121 132 127 28 104 134 77 174 132 70 174 159 14 32
4653 4654 186 0 6 36 0 0 148 96 127 108 6 0 60 23 150 138
994 3128 6 142 156 144 159 188 178 45 44 92 140 85 35 169 95 96
4313 4313 150 180 0 60 175 30 60 183 60 185 172 173 0 0 10 185
5043 5054 108 56 180 108 208 165 30 69 150 201 42 71 198 165 36 152
5064 5090 202 143 121 40 96 78 173 143 169 46 45 12 191 7 116 184
42 6963 81 98 159 196 59 7 34 58 150 11 15 80 45 64 143 44
1229 1229 150 0 120 90 0 0 150 30 0 60 120 0 150 0 60 130
5836 5848 135 57 96 180 93 177 147 69 156 40 187 0 154 204 140 139
2679 2685 128 195 60 122 0 120 76 178 94 103 112 120 74 86 156 146
6 36 9 118 178 48 136 204 113 168 92 63 57 135 132 92 76 88
4559 4559 0 0 0 0 0 0 0 0 0 0 0 0 0 0 0 0
6290 6293 6 171 188 36 197 81 52 194 97 5 160 0 168 185 68 80
899 913 32 155 191 182 152 120 124 76 106 188 56 100 146 207 139 8
2661 3310 93 186 59 50 64 151 79 8 122 12 136 3 119 183 169 94
1355 1355 84 0 42 84 0 0 168 84 0 126 0 0 42 0 0 0
5168 5168 30 120 168 180 0 90 180 90 78 0 0 0 0 132 12 120
1686 1716 127 124 205 91 28 22 144 134 100 26 138 17 41 102 23 53
493 855 41 199 110 6 161 34 23 139 43 83 1 1 44 42 81 138
4508 4508 60 30 184 150 0 180 150 180 107 144 137 0 0 103 203 100
6225 6238 16 40 86 26 61 111 190 186 40 98 56 0 90 39 96 80
6196 6196 6 192 90 36 205 0 132 187 198 137 90 0 0 60 40 150
339 2280 76 193 118 194 86 122 19 51 17 52 182 69 129 162 192 38
4764 4764 20 80 190 50 75 15 10 130 147 162 1 0 0 164 49 200
3207 3214 202 100 32 28 0 180 166 92 188 44 178 120 30 132 56 148
3478 3497 195 54 75 85 119 10 112 90 157 37 86 130 183 23 27 174
40 4973 185 14 144 171 8 31 197 194 101 161 95 209 107 150 20 139
4859 4859 20 0 100 110 0 0 160 130 0 190 30 0 20 0 50 0
3928 3930 188 101 66 56 0 165 106 88 25 0 6 0 0 0 0 101
1110 1131 110 139 45 87 141 189 106 40 130 12 9 120 98 1 11 114
2935 3368 170 105 78 79 192 26 179 15 160 136 207 57 124 30 67 203
952 952 167 105 16 187 0 0 139 172 0 43 135 0 146 0 50 0
6551 6565 80 36 46 0 120 90 71 121 112 160 18 84 8 164 174 20
1839 1846 132 108 78 162 175 185 86 186 141 120 78 0 168 21 46 60
582 1006 47 51 178 39 108 195 92 106 155 22 58 185 108 24 11 168
2645 2645 20 80 50 50 75 15 10 130 182 162 36 0 0 129 84 60
6610 6625 164 59 39 187 209 100 12 177 203 173 59 91 54 68 160 165
4655 4676 187 31 26 17 138 206 183 128 124 117 21 141 64 36 190 92
1340 3356 203 208 135 134 77 39 126 71 163 51 197 90 122 76 4 36
6524 6524 120 60 4 90 0 150 90 150 32 204 92 0 0 178 98 130
1234 1235 192 180 24 79 188 164 14 72 152 18 51 0 42 58 60 30
5236 5255 108 202 191 93 189 138 17 159 173 63 54 0 13 109 101 20
3347 5762 106 86 173 160 34 24 148 181 133 196 120 200 142 131 24 177
710 710 0 0 0 0 0 0 0 0 0 0 0 0 0 0 0 0
4244 4244 110 125 65 65 129 113 44 190 114 30 135 0 0 206 53 120
5616 5633 68 171 73 98 137 82 159 141 60 61 185 168 151 93 52 175
419 3396 26 184 97 36 160 178 86 84 57 143 93 190 146 177 176 90
6215 6215 183 147 96 198 0 0 141 108 0 153 180 0 36 0 90 125
6542 6545 0 0 0 105 0 189 42 0 42 84 147 0 0 168 42 0
3685 3695 9 75 47 59 146 172 58 10 35 1 104 71 81 1 94 135
37 4449 76 196 32 194 137 40 74 142 10 166 157 209 108 192 168 120
317 317 105 105 0 0 0 0 105 0 0 105 0 0 0 0 0 105
2536 2545 30 0 150 151 0 0 36 90 12 24 3 0 72 108 150 66
417 436 49 130 81 109 120 30 39 154 63 161 1 0 90 108 113 122
3440 3817 36 188 115 96 8 86 87 188 41 119 42 44 190 29 125 20
4498 4498 77 165 106 32 120 150 189 112 60 133 120 0 146 150 140 150
4740 4744 42 0 168 84 35 105 126 182 126 28 168 0 168 147 182 0
4 5 150 75 195 165 9 53 124 120 154 120 195 0 0 176 83 150
531 6867 74 111 91 95 59 27 109 71 160 36 198 24 149 24 43 208
6448 6448 120 60 168 90 0 150 90 150 123 0 0 0 0 87 27 60
4934 4940 84 168 158 84 35 0 168 141 34 33 102 37 0 206 46 93
4270 4271 57 105 96 72 42 84 141 192 147 153 180 0 36 63 174 83
91 830 35 162 99 109 119 115 89 63 136 169 109 183 60 74 35 129
6664 6664 20 80 176 8 75 15 10 130 182 162 162 0 0 129 84 60
2771 2780 169 29 31 59 39 75 98 56 61 163 18 0 41 48 182 110
3849 3879 48 26 190 53 54 74 11 79 3 35 76 15 169 48 177 134
1850 1892 141 42 151 181 57 123 40 115 6 164 124 203 67 139 139 197
3309 3309 30 0 150 60 0 0 30 90 0 180 150 0 30 0 180 180
3944 3946 60 30 30 35 105 180 150 195 150 165 105 135 0 0 60 165
2267 2291 115 201 164 179 184 20 37 137 2 74 3 84 70 154 157 65
2 4 92 200 20 62 198 24 94 52 29 90 48 0 42 72 54 150
4517 4517 84 0 0 84 0 0 124 84 157 0 126 0 84 83 0 160
5725 5733 12 195 39 72 75 152 41 147 118 132 186 0 168 5 2 72
72 76 62 190 113 137 165 180 181 25 8 17 143 168 33 60 25 150
615 713 180 134 176 19 167 200 123 4 151 58 39 179 103 35 32 55
6701 6701 105 105 0 0 0 0 105 0 0 105 0 0 0 0 0 35
4998 4999 132 129 0 162 0 165 204 102 165 0 0 0 0 0 0 129
3279 3279 0 105 105 105 147 149 22 0 52 0 105 0 0 188 209 0
759 1324 14 0 15 207 20 7 51 64 121 209 10 144 131 178 157 44
6480 6480 66 12 42 186 175 30 102 157 85 47 0 0 0 113 203 20
239 253 150 24 199 150 94 105 73 138 162 98 159 71 165 124 123 139
2232 2250 151 145 132 91 135 175 127 34 141 59 147 158 80 29 13 165
1885 2038 1 162 185 94 48 117 122 109 21 89 90 193 55 35 71 206
585 585 0 0 0 0 70 0 0 0 0 140 70 140 0 0 70 140
3355 3366 0 0 182 15 202 177 180 70 134 170 196 0 138 76 80 186
4868 4896 16 69 164 103 139 79 179 66 54 86 44 70 145 24 92 84
5805 6535 68 90 40 122 154 153 44 198 153 124 174 98 167 127 160 131
2574 2574 0 0 0 0 0 0 140 0 35 0 0 0 0 175 0 140
4869 4877 200 200 156 125 205 90 130 195 148 47 173 55 0 192 172 135
3882 3888 90 45 132 120 0 60 120 60 185 19 12 0 0 25 55 10
427 732 86 185 177 69 152 3 89 34 126 24 128 189 164 4 23 136
1883 1883 126 0 168 126 0 0 42 126 0 84 0 0 168 0 0 0
6781 6793 61 55 108 184 161 62 99 158 9 39 136 112 14 80 23 145
5891 5899 203 56 156 158 167 135 1 175 151 20 0 79 70 84 76 190
2061 4770 79 20 150 47 73 97 133 20 169 164 98 205 168 85 156 32
3549 3549 156 0 108 186 0 0 72 6 0 54 150 0 198 0 180 54
3745 3755 10 182 204 66 38 5 90 110 178 196 12 90 122 97 35 102
4221 4234 101 36 137 89 51 102 87 184 150 179 175 0 12 64 112 110
2681 2783 55 177 105 93 87 88 56 170 168 145 100 160 106 15 22 196
596 596 84 0 0 84 0 0 124 84 157 0 126 0 84 83 0 160
4718 4728 28 91 4 28 136 196 25 86 205 0 165 0 189 81 55 180
3478 3488 75 105 54 100 161 162 161 105 126 172 164 145 180 84 87 200
46 270 177 109 169 202 152 108 165 169 33 173 3 13 138 196 5 80
846 846 20 101 0 50 0 165 78 130 81 0 168 0 42 154 0 31
959 974 162 90 179 127 103 34 79 63 74 141 68 101 87 46 113 45
3482 3500 32 126 96 24 81 84 88 82 122 152 61 0 206 43 28 41
721 2357 27 93 56 45 141 142 71 119 204 29 21 75 117 122 182 86
2520 2520 30 120 36 98 175 90 180 171 180 65 70 71 0 0 100 65
3234 3248 40 157 96 160 21 194 196 65 145 118 84 83 146 37 26 18
701 730 198 57 120 138 51 9 190 120 124 56 36 7 70 1 186 52
285 827 143 15 63 208 26 120 9 152 177 97 25 38 153 104 50 190
5654 5654 42 0 189 147 105 0 21 147 21 63 84 0 63 147 42 0
5736 5741 98 11 168 74 0 45 166 208 73 66 90 150 90 72 42 141
2826 2832 138 195 65 93 105 15 156 78 104 186 67 0 84 106 41 62
3077 4059 191 188 154 6 39 168 204 160 31 156 196 103 142 168 164 157
6184 6184 188 101 0 78 0 165 106 88 25 0 0 0 0 0 0 101
5197 5205 87 138 81 207 8 158 197 86 5 109 123 0 42 171 19 163
150 161 154 96 197 109 147 36 173 119 117 97 188 0 75 21 44 116
3537 6916 120 158 23 145 157 25 100 30 36 28 65 157 209 137 94 54
282 282 0 0 84 0 1 145 20 0 133 198 42 0 0 77 198 0
4453 4464 50 149 198 22 130 165 130 188 82 30 70 174 124 135 90 129
669 678 26 20 84 146 182 74 86 36 134 86 64 0 202 146 12 62
459 3854 153 206 104 180 206 48 125 177 74 6 81 10 51 164 198 15
498 498 200 170 80 185 18 159 192 40 177 108 129 0 0 33 45 180
903 918 40 37 120 193 157 125 144 77 76 77 202 187 36 47 129 15
3780 3809 52 55 36 204 115 22 15 177 33 103 203 0 143 59 171 184
4994 6227 102 70 94 22 184 90 128 155 92 159 157 68 120 125 132 126
6481 6481 0 0 0 0 0 0 0 0 0 0 0 0 0 0 0 0
4597 4599 108 0 156 108 10 120 174 154 42 74 66 0 72 78 118 108
3581 3593 138 78 147 174 129 194 39 54 158 92 103 71 9 190 163 83
807 1023 174 79 178 150 90 201 46 15 144 157 163 41 142 172 145 205
1724 1724 96 132 70 156 175 120 72 37 23 47 35 0 0 175 75 70
5037 5051 64 47 173 44 47 48 44 94 6 186 16 0 8 44 169 162
1034 1037 114 105 192 144 0 0 198 174 0 201 150 0 72 0 180 83
1944 3652 0 198 108 11 46 32 77 116 158 152 34 80 24 38 204 72
6777 6777 110 20 50 170 5 75 130 34 92 112 2 94 0 129 104 10
4535 4537 0 105 0 0 140 105 0 0 105 70 140 70 0 0 140 175
731 759 52 106 158 162 109 116 184 117 31 169 95 0 174 189 105 18
2239 6669 201 120 110 44 65 160 64 116 1 78 83 60 205 18 171 48
1226 1226 167 105 16 152 0 0 139 172 0 43 30 0 146 0 50 0
6255 6270 114 125 146 18 18 27 202 132 187 104 162 126 16 30 184 53
6321 6329 100 64 78 24 13 151 70 44 147 66 84 0 168 113 192 76
878 1801 176 43 44 97 38 121 135 99 43 101 100 38 164 197 110 5
1797 1797 60 30 0 150 0 180 150 150 150 60 0 0 0 0 60 0
4088 4097 183 165 84 145 174 192 51 150 206 165 195 42 42 64 128 115
6250 6256 200 60 138 110 0 10 60 40 204 208 184 0 80 186 46 170
2347 2868 138 83 55 184 168 167 47 189 108 141 177 182 139 128 89 159
1106 1106 105 45 6 150 132 186 35 0 108 105 48 0 204 102 0 143
2322 2334 93 115 54 168 143 39 1 57 187 17 110 175 10 190 122 129
1377 1399 39 105 191 189 50 47 192 180 156 83 185 21 181 72 43 182
547 4648 131 20 7 175 188 5 188 51 83 26 88 90 86 73 98 184
4744 4744 0 0 168 84 0 0 0 0 0 0 168 0 0 0 0 0
1805 1815 62 74 24 107 176 178 62 137 67 29 129 0 96 66 57 124
367 395 79 52 54 184 13 15 63 52 112 68 138 134 74 145 30 50
1308 3817 202 1 137 115 54 18 57 114 175 12 165 63 46 185 115 29
5364 5364 180 90 30 30 150 30 90 120 0 30 30 0 0 90 0 120
1317 1331 183 30 60 98 180 165 171 126 110 69 78 78 180 91 59 160
5495 5505 58 40 88 180 171 18 181 20 106 117 156 147 6 134 18 171
5510 6957 166 44 207 183 176 32 83 182 157 68 39 2 82 139 105 142
3115 3115 168 0 84 168 0 0 126 168 0 42 0 0 84 0 0 0
6791 6806 115 125 60 97 138 24 165 172 29 197 186 132 164 109 57 198
4772 4800 171 48 61 34 110 98 117 110 173 11 204 125 180 151 204 76
55 4766 34 59 103 130 158 54 93 48 104 95 63 116 158 40 3 172
3040 3040 36 102 84 6 175 150 132 67 112 47 0 0 0 86 86 110
3915 3918 31 105 176 76 0 0 81 86 16 11 162 0 136 74 172 155
6811 6838 193 78 64 60 6 157 85 197 8 161 178 70 96 173 190 184
78 4145 14 21 188 193 62 10 194 114 130 109 205 155 153 184 62 131
3497 3497 0 0 0 0 0 0 0 0 0 0 0 0 0 0 0 0
2708 2710 0 0 35 105 105 0 105 105 133 203 14 0 35 21 196 0
2283 2311 105 72 67 195 71 78 122 26 131 109 1 168 135 98 39 126
1525 5339 167 89 191 127 11 8 80 198 177 161 204 101 77 5 138 182
3257 3257 150 180 0 60 70 30 60 204 60 80 46 194 0 0 10 80
4824 4827 155 105 120 50 0 0 85 178 70 95 172 168 50 140 200 140
4289 4310 100 182 129 28 144 31 141 178 61 12 201 105 41 58 193 136
1479 3712 78 64 188 149 79 94 117 150 1 39 81 168 187 134 26 146
6926 6926 141 105 96 156 0 0 113 66 182 153 96 0 120 28 90 13
4366 4380 154 132 86 118 96 33 92 164 86 37 43 75 114 119 198 152
2327 2356 37 203 98 29 38 71 15 131 73 184 177 35 100 183 42 100
470 845 40 29 13 166 116 23 126 193 29 186 117 91 21 64 181 195
5599 5599 0 0 0 0 0 0 0 0 0 0 0 0 0 0 0 0
1882 1883 126 105 56 126 1 145 62 126 35 115 154 0 168 175 66 140
6010 6021 54 48 60 114 10 180 188 148 146 152 42 0 0 58 168 14
4433 4724 68 147 137 96 135 10 37 170 9 166 111 131 197 32 22 197
6777 6777 0 0 0 0 106 145 20 189 91 105 126 189 0 119 0 105
1660 1673 122 188 176 47 189 59 122 61 86 157 51 20 194 64 83 40
1328 1329 60 30 184 45 42 201 108 180 65 186 158 0 0 145 203 100
1611 5496 74 96 101 136 196 0 12 185 23 104 103 177 73 179 205 41
4559 4559 84 105 105 189 105 105 124 84 157 0 21 0 84 83 105 160
5734 5741 165 165 111 66 135 90 18 105 135 32 59 60 203 57 202 43
4179 4204 110 168 89 157 32 44 87 70 181 162 141 153 181 58 164 209
1998 4168 93 204 155 72 121 59 162 15 175 95 108 58 160 109 198 139
1154 1154 114 120 144 31 156 48 128 174 204 96 3 0 84 6 180 90
2000 2009 38 26 134 95 8 35 206 205 115 117 3 27 0 136 39 51
5377 5382 174 48 36 24 209 8 98 123 8 201 132 0 24 196 18 120
1554 1909 98 8 53 113 208 207 84 150 136 67 104 63 48 182 189 181
2765 2765 42 0 126 42 0 0 84 42 0 168 0 0 126 0 0 98
1042 1049 46 22 40 76 3 24 100 201 25 131 111 70 104 13 15 122
583 602 60 30 182 73 182 191 86 145 187 209 84 175 126 98 151 165
3023 3315 32 24 16 0 141 157 160 118 164 63 71 4 110 189 168 49
201 201 0 0 0 0 70 0 0 42 0 140 28 182 0 0 70 140
6643 6643 60 30 184 150 40 100 110 180 177 144 137 0 0 33 203 100
1762 1780 137 102 36 86 40 10 177 26 68 120 24 84 206 59 54 69
1095 6583 90 15 66 207 3 181 80 145 164 187 52 34 7 147 89 116
6336 6336 128 71 168 68 0 195 166 118 163 0 0 0 0 72 102 71
5640 5647 174 105 93 159 119 63 188 144 35 4 65 70 174 175 179 169
5045 5050 104 83 94 24 191 130 108 74 88 8 162 0 10 117 18 73
2961 3852 37 138 79 131 138 112 188 146 83 15 201 206 196 50 111 91
1025 1025 190 130 160 160 120 150 20 80 60 90 90 0 0 150 90 150
6386 6400 179 47 46 199 186 194 127 80 203 33 181 15 78 195 10 30
935 946 117 157 176 147 18 125 105 57 101 164 59 175 20 109 152 100
1760 2769 25 117 24 36 116 101 48 19 81 33 49 111 88 169 16 140
3859 3859 20 80 50 50 117 15 10 130 14 162 36 0 0 87 84 60
3023 3032 158 107 42 3 112 35 54 146 41 152 21 0 42 188 60 101
6042 6058 177 30 59 204 156 83 15 202 33 66 104 55 148 130 199 30
88 4427 47 13 70 26 62 171 193 149 97 5 27 128 150 73 143 192
3043 3043 0 105 105 105 27 113 4 0 142 0 105 0 0 158 53 0
1473 1480 42 36 30 82 166 178 134 168 112 168 84 0 204 116 120 84
33 57 131 191 156 82 167 33 83 135 40 127 199 189 100 144 176 137
1060 3531 203 170 32 35 178 36 25 167 29 64 198 91 102 49 86 165
5728 5728 0 0 0 0 0 0 0 0 0 0 0 0 0 0 0 0
3652 3662 100 148 138 160 141 25 88 202 204 2 94 168 154 104 196 50
762 789 48 25 137 28 54 155 24 18 158 34 191 0 72 32 23 80
1482 1507 91 19 208 121 179 105 27 131 195 198 133 80 192 176 195 140
83 83 0 105 98 0 39 195 150 0 133 1 154 0 0 77 36 140
3868 3871 141 105 152 156 126 12 183 66 13 153 187 0 78 47 175 59
5486 5491 204 60 120 174 132 48 58 24 26 78 120 0 84 124 204 110
1182 5996 36 202 202 119 137 152 166 45 109 207 190 83 95 161 162 80
1561 1561 0 0 0 0 105 0 0 105 0 105 0 105 0 0 0 105
1168 1171 182 140 50 182 123 69 164 112 74 120 78 0 42 27 174 120
4287 4301 95 154 135 29 201 182 40 175 128 123 198 105 207 193 66 64
4536 6787 156 3 74 12 195 2 76 158 75 106 77 138 172 127 161 38
6949 6949 120 60 0 90 0 150 90 90 90 120 0 0 0 0 120 0
6578 6581 46 100 190 136 144 132 142 146 160 48 78 0 126 72 18 60
1293 1321 11 138 90 41 203 70 97 172 152 98 199 66 36 111 60 138
191 5931 146 23 66 131 184 1 177 121 46 115 57 23 188 148 61 206
1800 1800 84 0 150 174 0 0 124 84 157 0 6 0 84 83 0 160
3195 3207 163 10 105 193 179 165 93 8 194 141 15 0 198 128 37 85
5121 5135 182 179 207 107 170 39 189 140 72 18 178 196 111 181 155 75
3037 3570 4 93 75 196 169 207 175 149 51 161 67 81 84 109 209 41
5567 5567 0 0 0 0 0 0 0 0 0 0 0 0 0 0 0 0
4996 5008 39 192 36 164 126 207 51 54 138 201 180 0 138 207 129 87
1278 1293 18 186 142 193 78 171 20 78 77 11 110 0 192 28 147 145
469 3599 2 61 197 72 123 113 116 185 5 159 168 209 40 27 88 171
3997 3997 150 0 120 90 0 0 150 30 0 60 120 0 150 0 60 130
4125 4127 54 0 60 24 126 182 50 204 188 30 186 0 54 82 2 0
1860 1877 190 88 188 160 112 205 77 9 100 26 195 42 147 141 5 204
6297 6346 22 42 154 70 164 4 155 131 17 49 115 5 119 17 109 40
4791 4791 20 80 50 50 75 15 10 130 182 162 36 0 0 129 84 60
3085 3087 60 30 184 150 126 12 66 180 23 144 137 0 0 187 35 100
1900 1922 178 207 96 168 170 75 132 47 152 120 191 181 58 152 149 144
367 814 111 179 196 89 169 57 120 208 63 96 77 125 127 20 165 182
2050 2050 114 120 48 54 36 48 28 174 197 6 174 0 84 13 47 70
3419 3423 13 55 207 133 123 56 10 53 61 206 122 0 149 67 204 105
4362 4372 180 45 69 195 100 189 160 201 76 203 25 71 6 204 163 163
5525 5714 132 5 90 194 184 37 4 69 184 62 62 38 96 86 174 76
884 884 60 30 184 150 105 75 150 180 107 144 137 0 0 208 203 100
1951 1956 144 72 180 24 103 174 42 55 180 185 96 0 168 18 160 120
6528 6538 84 168 203 49 48 69 33 189 186 204 126 0 147 130 139 13
171 690 124 140 132 33 118 123 90 15 142 0 20 100 33 178 143 129
6664 6664 0 0 84 42 0 0 0 0 0 0 84 0 0 0 0 0
2292 2307 6 21 132 111 121 178 190 39 30 114 21 126 144 48 32 172
3649 3651 20 80 80 155 5 205 120 1 175 5 169 71 0 5 145 35
1779 4260 154 192 134 143 197 56 71 143 7 165 140 188 6 92 172 47
4672 4672 0 0 0 0 0 0 0 0 0 0 0 0 0 0 0 0
218 220 20 150 10 50 0 60 190 130 150 160 90 0 140 60 140 150
1848 1866 207 150 58 162 70 97 73 73 136 145 138 136 12 115 33 115
191 348 0 4 183 71 72 127 50 112 37 24 118 118 102 65 130 113
110 110 0 0 0 0 0 0 0 0 0 0 0 0 0 0 0 0
620 628 88 100 136 73 120 155 8 68 81 150 192 0 168 45 85 110
5985 6007 74 161 150 79 136 153 55 10 76 59 126 10 47 65 19 129
5508 6093 130 161 158 28 81 26 120 125 124 38 135 169 166 26 68 67
6799 6799 0 105 105 105 147 79 92 0 122 0 105 0 0 118 139 0
4827 4842 24 186 184 114 55 130 26 4 18 59 80 115 72 7 103 196
5884 5892 170 20 170 80 57 173 174 160 1 186 168 0 60 10 98 10
3107 3600 148 17 131 79 95 123 71 120 46 207 147 119 172 39 190 127
5568 5568 0 0 84 0 0 0 0 0 84 0 0 0 0 126 126 0
5562 5570 169 165 8 34 6 108 165 164 116 191 36 0 28 94 28 152
1649 1650 128 50 110 173 30 195 8 118 15 180 117 0 168 195 75 90
3777 4355 80 180 106 10 118 27 106 203 152 135 159 205 66 118 100 116
3937 3937 200 170 80 80 102 96 178 40 198 192 66 0 0 12 150 180
3907 3921 9 20 112 184 200 70 29 124 149 118 0 180 130 67 141 78
2293 2302 44 71 158 194 0 90 184 184 137 157 22 168 84 173 198 202
1588 4827 194 175 2 96 179 155 37 40 158 82 94 9 176 23 15 42
1611 1611 20 80 50 50 75 15 10 130 182 162 36 0 0 129 84 60
6541 6555 45 137 84 30 62 18 73 51 197 128 124 49 144 129 52 31
6446 6454 182 140 144 77 22 209 174 172 3 136 151 0 112 51 207 120
676 4681 142 82 178 102 5 30 144 140 201 151 24 72 92 97 169 93
6764 6764 0 0 0 0 0 0 0 0 105 0 105 0 0 105 105 0
1417 1428 37 5 50 142 207 174 191 167 104 88 52 105 146 146 162 65
5927 5930 162 39 0 90 70 150 174 12 132 173 118 200 0 168 208 134
12 64 112 13 34 69 69 150 79 185 92 7 165 64 135 188 115 142
6447 6447 200 65 185 80 81 150 100 40 195 108 24 0 0 195 186 180
2770 2775 208 202 90 58 124 189 126 189 8 57 118 0 112 171 204 200
690 712 151 44 3 1 8 98 206 13 55 75 175 15 105 79 62 80
503 3487 180 3 91 168 18 107 43 72 172 139 162 9 200 163 81 79
2128 2128 150 180 42 60 0 30 60 30 187 0 0 0 0 23 193 110
2665 2665 0 0 0 0 105 0 0 105 0 105 0 105 0 0 0 105
1716 1725 192 24 100 28 10 180 174 160 206 176 128 126 120 148 108 65
1203 5359 106 154 161 20 18 136 11 193 168 12 105 127 122 151 196 114
1673 1673 120 60 0 90 35 150 90 117 90 85 188 67 0 0 50 85
2579 2593 126 84 110 16 25 95 203 116 175 31 126 183 189 21 158 50
974 998 56 182 38 83 12 59 131 124 197 27 21 117 9 58 207 88
675 897 137 69 78 84 137 135 181 110 20 190 35 118 18 34 206 98
1852 1852 0 0 90 187 0 0 0 0 168 126 117 0 0 42 42 0
4240 4240 167 105 16 152 0 0 139 172 105 43 30 0 146 105 155 0
3949 3964 50 44 64 200 203 102 180 203 135 57 101 62 116 127 140 112
2211 3039 37 116 118 82 57 174 147 41 89 117 196 185 178 101 85 170
3643 3643 200 0 160 50 0 0 130 40 0 10 90 0 200 0 80 0
4850 4852 98 161 90 98 144 135 46 28 157 48 174 0 0 132 156 41
4567 4575 104 52 112 29 126 207 104 154 9 27 100 90 154 86 54 197
164 339 54 130 129 146 99 201 197 100 135 58 144 113 182 120 196 15
2254 2254 168 0 0 168 0 0 168 168 84 0 42 0 168 126 0 0
287 301 150 131 187 62 35 100 195 25 181 182 75 95 161 159 24 76
4108 4116 48 195 175 18 173 64 30 18 204 162 203 0 78 81 78 10
2243 3322 94 2 126 206 98 43 123 71 195 77 150 7 166 201 152 144
1445 1445 170 50 80 5 193 69 82 35 207 113 129 0 0 33 85 180
4219 4219 55 185 120 190 75 15 185 200 182 127 36 0 140 129 14 60
6329 6355 159 149 5 123 8 160 1 36 81 199 13 140 184 184 122 21
33 184 79 4 142 89 121 21 105 76 88 174 90 163 192 73 102 115
4180 4180 120 165 188 90 135 195 60 150 154 91 34 0 0 11 36 80
1577 1587 115 16 182 190 120 159 1 98 141 39 42 108 174 4 48 120
5103 5130 55 184 56 145 96 20 159 165 57 184 38 140 102 137 166 202
179 4179 76 18 112 196 171 91 139 26 7 139 93 44 164 27 65 23
3715 3715 142 160 159 97 195 150 71 167 41 203 74 0 173 27 82 120
3809 3816 28 28 133 112 156 150 17 14 206 42 189 0 189 62 0 76
6658 6668 18 39 198 150 204 12 186 105 162 129 150 78 126 51 72 51
3498 6000 123 152 23 43 20 136 158 61 127 106 182 128 62 17 120 68
440 440 57 105 96 2 0 0 99 192 0 153 180 0 36 0 90 83
1871 1884 198 51 203 143 39 9 87 33 95 201 194 0 155 87 150 201
6214 6223 171 59 125 151 60 150 114 12 55 113 162 111 61 15 94 179
868 6425 159 49 77 19 134 93 152 148 185 186 13 128 28 15 104 53
5767 5767 168 126 0 168 0 0 126 168 0 0 0 0 0 0 0 126
5300 5301 200 170 80 80 50 150 100 180 140 10 150 0 0 30 140 180
5267 5273 186 129 108 171 110 120 186 53 126 157 69 54 36 39 74 63
1249 3780 81 105 75 48 16 180 127 73 153 101 0 121 116 70 20 141
4419 4419 57 105 96 72 0 0 99 192 0 153 180 0 36 0 90 83
1218 1230 113 190 12 159 72 135 118 73 173 14 54 175 177 171 167 30
6744 6749 144 135 120 113 105 180 108 33 30 46 9 189 42 180 140 121
8 15 103 45 162 193 140 10 111 62 114 175 85 94 34 156 116 25
3278 3278 168 0 0 168 0 0 168 168 84 0 42 0 168 126 0 0
532 538 76 7 45 151 55 30 47 41 209 164 172 140 165 93 28 12
3931 3941 95 47 104 20 40 204 155 6 127 49 15 0 78 71 45 53
515 787 25 58 94 14 185 88 109 13 70 155 10 78 43 36 7 130
328 328 20 80 176 8 75 15 10 130 182 162 162 0 0 129 84 60
5458 5468 4 52 120 132 72 36 208 188 101 48 3 150 78 33 111 4
1788 1810 165 165 34 180 6 40 176 150 178 52 123 165 31 11 34 167
130 595 16 204 117 48 192 206 92 132 181 76 168 182 128 7 139 15
2350 2350 167 105 16 152 0 0 139 172 0 43 30 0 146 0 50 0
1260 1262 117 135 126 12 0 180 109 162 205 3 135 0 36 5 195 183
3250 3270 53 152 69 195 11 123 53 103 110 81 117 67 176 110 166 120
1155 6779 99 194 7 108 200 99 67 103 190 56 144 63 113 172 189 196
687 687 0 105 105 105 189 83 94 0 184 0 105 0 0 116 53 0
1227 1238 139 207 202 19 144 17 57 200 120 165 0 0 20 136 140 90
997 1009 41 74 158 71 128 64 189 18 11 199 57 0 162 130 207 143
1431 2185 209 82 186 40 85 95 197 120 121 50 141 150 168 176 201 162
1142 1142 118 31 0 148 0 165 176 158 95 70 70 0 70 0 140 101
1776 1777 0 0 0 0 0 0 0 0 70 0 0 0 0 140 70 140
2713 2725 29 200 198 209 108 129 127 34 93 140 5 105 126 41 6 14
885 4084 182 49 68 52 27 22 56 137 181 104 116 156 52 122 68 65
5903 5903 0 0 0 0 0 40 20 0 200 0 0 0 0 190 190 0
2418 2421 164 194 140 74 28 114 88 116 158 122 42 0 42 168 10 0
1011 1011 0 0 0 0 135 45 180 0 105 0 0 0 0 105 0 0
2998 5983 106 108 123 150 95 109 41 68 92 124 93 49 126 103 156 192
894 894 0 0 0 0 0 0 150 0 90 0 0 0 0 180 0 180
5275 5278 43 105 82 58 0 0 125 38 31 209 187 0 22 209 167 103
6784 6801 151 160 97 133 188 63 11 162 152 139 163 56 48 177 173 59
988 1769 109 138 89 11 21 72 160 73 51 198 67 169 99 130 90 32
921 921 20 80 50 50 75 15 10 130 182 162 36 0 0 129 84 60
6802 6817 125 105 54 206 145 43 133 100 74 11 172 0 146 94 26 170
5745 5775 20 40 24 129 99 19 24 125 87 110 57 71 206 67 47 48
1408 6389 195 168 131 149 26 39 137 88 63 198 77 174 113 30 98 98
1582 1582 84 0 0 84 0 0 124 84 157 0 126 0 84 83 0 160
2376 2379 182 140 8 182 180 165 184 79 188 159 0 207 126 3 18 75
5838 5860 189 103 188 166 109 91 17 63 197 140 29 140 102 113 180 183
2815 3390 127 209 82 19 5 195 62 158 23 141 185 185 121 163 183 126
4880 4880 0 0 174 187 0 0 0 0 0 0 159 0 0 0 0 0
2599 2607 82 90 18 142 70 120 58 44 133 12 207 2 154 17 95 8
1166 1180 198 204 101 159 114 4 152 18 59 163 193 0 126 208 202 64
2048 3488 205 24 185 155 43 167 201 187 57 88 131 201 57 16 150 205
5081 5081 120 60 0 90 0 150 90 180 90 120 90 60 0 0 120 120
5783 5796 69 0 83 159 45 78 51 174 10 78 196 60 90 23 16 186
2743 2745 60 30 184 150 140 180 150 180 107 4 67 70 0 103 133 170
1069 3682 40 129 123 92 154 129 150 71 37 169 197 37 76 24 48 133
814 814 60 30 184 150 0 180 150 180 107 144 137 0 0 103 203 100
5823 5829 200 65 118 80 141 143 4 110 38 147 202 0 0 27 166 50
2013 2024 202 190 90 112 57 116 184 197 31 165 180 0 48 127 26 200
347 5481 189 91 22 25 162 170 78 45 189 16 165 191 97 110 106 73
4051 4051 0 0 0 0 30 150 180 0 0 0 0 0 0 0 0 0
5312 5313 180 90 0 30 0 120 30 120 20 0 0 0 0 190 170 160
748 756 33 60 207 63 207 191 167 78 88 45 111 0 60 122 164 69
62 4634 200 87 115 86 117 168 12 50 135 141 171 156 120 43 66 131
6022 6022 130 160 18 190 90 150 140 110 13 140 20 0 200 187 87 100
5777 5787 169 125 17 172 99 182 200 39 85 155 131 30 67 46 97 195
1966 1996 1 31 144 84 78 125 201 189 170 110 194 71 44 36 130 202
802 5472 140 70 26 194 92 147 78 115 85 130 190 115 101 148 18 168
1242 1242 0 105 126 0 0 0 0 0 168 147 168 0 0 42 42 0
2626 2634 86 155 11 206 146 119 44 181 156 99 94 70 70 166 21 90
6464 6489 101 89 209 41 93 50 11 181 132 17 185 198 84 193 46 168
4205 4356 19 207 34 79 36 167 168 29 142 20 195 7 161 124 129 135
