5000 20 1155 7000
0 0 0 0 0 0 0 0 0 0 0 0 0 0 0 0 0 0 0 0
0 0 0 0 0 0 0 0 0 0 0 0 0 0 0 0 0 0 0 0
500 233 300 757 656 63 445 432 1089 60 465 33 878 948 117 1038 234 563 443 839
812 387 35 329 453 180 815 481 93 1079 340 237 790 374 528 75 669 808 343 271
690 472 1122 571 1084 378 982 399 1009 794 1137 257 160 153 857 1079 284 538 775 575
882 778 1103 579 2 151 131 749 367 929 886 467 873 512 687 216 98 587 211 1024
0 0 0 0 0 0 0 0 0 0 0 0 0 0 0 0 0 0 0 0
0 0 0 0 0 0 0 0 0 0 0 0 0 0 0 0 0 0 0 0
910 118 93 741 139 1078 540 809 647 263 890 737 710 138 251 547 292 770 381 208
648 27 99 646 1116 17 292 399 132 192 788 1123 287 615 342 1121 922 931 499 382
1061 163 240 502 846 277 384 497 326 331 200 603 662 224 904 619 720 611 1018 433
694 223 598 629 504 692 457 983 464 617 1049 1033 460 923 865 423 241 93 253 1126
0 0 0 0 0 0 0 0 0 0 0 0 0 0 0 0 0 0 0 0
0 0 0 0 0 0 0 0 0 0 0 0 0 0 0 0 0 0 0 0
801 934 1122 256 514 294 110 526 40 376 476 1140 1045 315 872 4 122 103 242 384
388 352 355 135 984 748 960 887 467 331 937 610 842 264 168 110 481 23 60 542
278 268 297 875 17 623 784 392 295 1121 519 386 675 176 60 301 1083 364 471 750
561 590 962 279 855 612 502 89 628 475 932 546 1039 175 80 525 910 814 257 527
0 0 0 0 0 0 0 0 0 0 0 0 0 0 0 0 0 0 0 0
0 0 0 0 0 0 0 0 0 0 0 0 0 0 0 0 0 0 0 0
974 362 1007 312 847 343 1072 618 451 777 1059 667 530 456 1105 25 855 1096 600 582
58 17 542 79 314 689 619 508 1138 880 459 185 310 245 515 603 888 396 482 424
1052 1153 990 183 453 34 362 226 39 500 232 885 130 408 958 905 454 520 448 896
281 761 498 1025 340 66 80 587 854 866 279 945 350 896 798 57 1029 298 475 1125
0 0 0 0 0 0 0 0 0 0 0 0 0 0 0 0 0 0 0 0
0 0 0 0 0 0 0 0 0 0 0 0 0 0 0 0 0 0 0 0
650 960 34 233 77 381 132 467 805 171 204 732 1076 507 882 36 667 46 745 33
4 71 1093 937 907 107 160 1129 429 265 340 983 38 556 865 837 237 690 1134 524
963 900 1100 259 259 37 416 714 97 1118 301 750 1050 739 317 828 83 330 152 737
831 878 471 370 630 600 516 161 152 1081 1031 1062 194 624 659 172 917 58 384 103
0 0 0 0 0 0 0 0 0 0 0 0 0 0 0 0 0 0 0 0
0 0 0 0 0 0 0 0 0 0 0 0 0 0 0 0 0 0 0 0
746 1051 180 354 144 361 1091 504 113 0 783 859 632 208 904 619 386 804 268 105
1139 543 932 734 147 182 132 124 871 996 325 306 24 876 1111 740 310 190 966 178
153 1002 522 575 1111 560 980 109 1110 562 1108 222 715 782 910 685 818 475 936 80
785 756 835 257 865 276 763 1035 648 577 309 1149 311 438 485 732 164 1035 473 859
0 0 0 0 0 0 0 0 0 0 0 0 0 0 0 0 0 0 0 0
0 0 0 0 0 0 0 0 0 0 0 0 0 0 0 0 0 0 0 0
430 441 874 976 153 593 206 1094 821 342 1048 651 436 749 97 304 136 74 600 25
813 241 1047 573 951 869 616 592 340 984 836 419 137 1063 1044 288 563 981 1060 223
1120 991 401 86 594 493 749 1121 842 544 48 386 209 200 523 1111 60 886 124 189
904 873 756 499 236 635 250 550 235 698 471 251 1145 562 396 79 956 270 540 519
0 0 0 0 0 0 0 0 0 0 0 0 0 0 0 0 0 0 0 0
0 0 0 0 0 0 0 0 0 0 0 0 0 0 0 0 0 0 0 0
1008 999 1009 634 347 189 216 1075 375 1108 598 744 327 161 117 712 1115 153 149 918
127 745 170 827 1135 14 851 569 1129 654 677 297 1139 491 840 725 662 822 477 38
1031 180 1116 277 40 94 1056 465 646 237 1134 32 68 661 741 142 488 1123 309 1060
358 129 378 552 982 774 459 439 1001 474 179 202 204 374 461 903 799 607 405 598
0 0 0 0 0 0 0 0 0 0 0 0 0 0 0 0 0 0 0 0
0 0 0 0 0 0 0 0 0 0 0 0 0 0 0 0 0 0 0 0
26 790 370 142 786 555 522 748 408 776 329 655 850 820 136 1038 992 37 722 1070
542 840 839 414 1118 238 1097 314 1138 1105 48 877 704 703 686 985 688 648 991 781
699 41 361 812 823 392 911 64 714 410 321 50 435 1152 408 38 574 670 120 212
911 730 908 153 1073 278 997 929 255 61 668 1055 1095 384 124 816 110 473 1086 152
0 0 0 0 0 0 0 0 0 0 0 0 0 0 0 0 0 0 0 0
0 0 0 0 0 0 0 0 0 0 0 0 0 0 0 0 0 0 0 0
279 524 473 153 729 133 408 33 1061 725 165 823 223 698 1064 826 107 196 319 443
1102 769 834 992 144 783 152 331 432 783 436 74 17 23 863 947 504 581 604 322
1010 380 502 758 807 40 780 288 443 512 503 62 861 362 1072 1094 1056 149 875 530
588 1016 229 182 621 955 348 792 1044 212 406 498 635 381 118 401 1127 1116 590 410
0 0 0 0 0 0 0 0 0 0 0 0 0 0 0 0 0 0 0 0
0 0 0 0 0 0 0 0 0 0 0 0 0 0 0 0 0 0 0 0
688 873 437 765 432 964 1015 288 893 506 241 273 932 557 658 830 490 334 431 801
843 1147 610 649 501 857 791 502 27 431 1005 775 749 89 171 725 655 39 919 200
877 469 62 392 648 824 1076 1006 449 1080 387 327 29 857 528 988 36 148 47 13
1105 595 381 216 755 704 867 1050 503 749 882 592 648 863 133 978 1099 1145 926 141
0 0 0 0 0 0 0 0 0 0 0 0 0 0 0 0 0 0 0 0
0 0 0 0 0 0 0 0 0 0 0 0 0 0 0 0 0 0 0 0
145 148 556 401 1004 280 522 770 590 575 377 219 298 439 687 921 234 411 902 1046
542 21 90 215 1045 661 801 262 1076 802 170 448 156 707 529 387 451 763 780 700
689 332 789 1048 980 609 151 341 64 20 1111 972 1148 666 745 914 15 279 974 596
649 1098 878 573 285 781 478 4 210 594 22 716 1048 270 683 221 778 334 836 706
0 0 0 0 0 0 0 0 0 0 0 0 0 0 0 0 0 0 0 0
0 0 0 0 0 0 0 0 0 0 0 0 0 0 0 0 0 0 0 0
556 232 1082 179 1108 749 417 954 569 988 1066 293 521 679 243 923 182 155 835 226
314 1127 579 947 246 1068 797 155 479 941 403 383 554 863 801 603 101 292 752 60
756 465 1145 826 455 919 873 250 1129 1118 897 1110 544 547 65 696 966 646 721 735
1123 28 337 722 337 1035 1090 439 673 206 881 78 813 579 925 1097 935 99 789 497
0 0 0 0 0 0 0 0 0 0 0 0 0 0 0 0 0 0 0 0
0 0 0 0 0 0 0 0 0 0 0 0 0 0 0 0 0 0 0 0
138 306 168 351 39 790 389 127 332 61 382 175 1120 685 965 548 464 173 1075 167
486 795 1000 497 904 38 87 720 1044 686 532 883 423 878 498 410 969 1076 261 247
519 874 1036 745 879 1002 940 279 921 818 523 232 1093 209 1008 655 137 235 802 387
758 789 47 41 303 269 1088 695 95 699 280 825 200 960 23 193 213 44 788 171
0 0 0 0 0 0 0 0 0 0 0 0 0 0 0 0 0 0 0 0
0 0 0 0 0 0 0 0 0 0 0 0 0 0 0 0 0 0 0 0
264 151 270 510 975 663 643 559 315 1112 373 209 648 815 167 810 866 841 1018 138
991 506 124 48 1001 50 167 555 465 356 867 224 80 195 162 317 983 228 796 674
1003 485 964 251 583 607 839 609 997 1014 722 879 401 30 110 602 5 760 448 582
448 829 1061 715 588 1047 410 890 273 595 862 715 884 490 1098 1110 1 961 702 321
0 0 0 0 0 0 0 0 0 0 0 0 0 0 0 0 0 0 0 0
0 0 0 0 0 0 0 0 0 0 0 0 0 0 0 0 0 0 0 0
1068 431 898 23 540 142 121 573 395 27 372 876 176 510 632 25 855 670 986 81
111 218 788 83 899 1135 1057 204 692 874 1026 464 212 619 829 666 104 569 1058 1052
518 473 346 904 550 804 15 189 365 725 187 899 5 893 287 1032 221 429 64 43
744 897 266 599 17 695 607 141 740 23 482 67 324 639 1012 596 256 303 994 391
0 0 0 0 0 0 0 0 0 0 0 0 0 0 0 0 0 0 0 0
0 0 0 0 0 0 0 0 0 0 0 0 0 0 0 0 0 0 0 0
97 726 121 860 727 794 314 628 1119 486 50 823 816 481 145 631 483 661 203 41
1119 992 22 720 1073 947 138 48 884 997 201 438 611 228 339 905 720 839 590 559
1010 220 835 715 1098 433 194 91 916 1028 6 633 614 442 18 963 61 127 865 333
442 1088 746 764 1074 1062 171 227 736 999 886 302 73 149 415 639 89 623 1103 1001
0 0 0 0 0 0 0 0 0 0 0 0 0 0 0 0 0 0 0 0
0 0 0 0 0 0 0 0 0 0 0 0 0 0 0 0 0 0 0 0
1146 779 470 812 398 1133 1108 920 57 422 999 695 279 1006 836 16 332 785 46 692
394 1066 1015 1105 938 1047 673 1116 1119 1065 541 836 127 907 537 516 1074 859 277 551
448 635 767 86 362 793 568 810 939 287 695 816 1111 733 996 565 972 403 1003 673
620 328 171 324 363 772 565 462 482 1101 870 230 883 11 1031 604 234 144 1091 614
0 0 0 0 0 0 0 0 0 0 0 0 0 0 0 0 0 0 0 0
0 0 0 0 0 0 0 0 0 0 0 0 0 0 0 0 0 0 0 0
496 114 669 481 65 421 536 36 1131 730 776 810 231 320 906 1021 787 21 1048 120
425 770 353 542 624 643 518 357 530 67 126 707 576 951 659 829 19 90 760 925
637 418 18 18 543 1122 198 956 379 796 969 902 808 496 403 763 665 307 44 598
37 613 113 106 253 621 494 772 1112 1111 856 496 410 599 872 355 212 899 298 791
0 0 0 0 0 0 0 0 0 0 0 0 0 0 0 0 0 0 0 0
0 0 0 0 0 0 0 0 0 0 0 0 0 0 0 0 0 0 0 0
187 606 701 193 808 457 406 251 145 592 682 1060 868 34 425 1089 523 962 1114 989
140 1119 515 64 267 311 692 358 314 733 526 657 733 346 1075 792 760 299 1034 874
528 266 24 828 646 576 944 501 561 1141 580 103 500 300 403 875 666 981 373 1013
967 82 73 1128 782 727 668 150 1126 773 1136 484 353 879 723 517 1103 392 175 875
0 0 0 0 0 0 0 0 0 0 0 0 0 0 0 0 0 0 0 0
0 0 0 0 0 0 0 0 0 0 0 0 0 0 0 0 0 0 0 0
604 1126 356 924 312 398 928 235 161 1106 383 296 191 9 988 83 840 1096 973 304
1002 636 162 1068 169 295 97 23 509 699 734 899 981 319 668 241 203 137 696 580
412 639 116 1114 661 626 108 887 422 153 123 376 841 516 570 798 38 1076 946 1139
223 1117 94 520 1116 747 95 434 1146 843 688 227 379 1144 65 70 565 638 417 869
0 0 0 0 0 0 0 0 0 0 0 0 0 0 0 0 0 0 0 0
0 0 0 0 0 0 0 0 0 0 0 0 0 0 0 0 0 0 0 0
84 158 731 222 262 255 30 1073 937 914 399 228 866 770 342 357 360 495 904 796
795 780 987 303 230 951 839 705 304 776 984 587 638 856 299 152 762 496 840 974
215 571 391 201 580 572 365 635 74 584 509 783 521 724 0 345 853 7 639 518
426 525 608 353 917 466 772 33 1139 735 722 766 399 801 113 566 910 761 1124 457
0 0 0 0 0 0 0 0 0 0 0 0 0 0 0 0 0 0 0 0
0 0 0 0 0 0 0 0 0 0 0 0 0 0 0 0 0 0 0 0
893 153 1149 17 113 779 111 592 650 866 280 468 395 909 979 378 248 726 935 349
1107 399 822 230 199 1019 937 1021 869 951 77 651 744 1102 915 137 967 1028 466 715
299 47 88 840 1114 874 420 344 853 1089 385 823 350 1064 872 996 1061 1001 863 530
534 885 788 413 157 68 376 620 890 452 96 1099 45 1088 775 5 1126 295 32 539
0 0 0 0 0 0 0 0 0 0 0 0 0 0 0 0 0 0 0 0
0 0 0 0 0 0 0 0 0 0 0 0 0 0 0 0 0 0 0 0
553 375 926 512 660 696 839 1105 682 529 619 957 112 834 45 924 227 548 148 970
1146 250 54 590 360 781 131 654 195 622 112 940 965 464 188 130 1081 338 290 847
210 642 1043 403 284 220 933 229 867 1150 790 610 8 450 423 208 217 256 3 815
679 965 204 8 430 216 269 418 1031 213 1021 992 59 253 1041 140 99 787 624 425
0 0 0 0 0 0 0 0 0 0 0 0 0 0 0 0 0 0 0 0
0 0 0 0 0 0 0 0 0 0 0 0 0 0 0 0 0 0 0 0
571 849 633 521 605 89 169 360 797 654 273 132 791 173 147 902 1091 13 897 106
972 812 776 567 306 684 234 98 525 250 207 399 862 641 781 1050 788 836 297 330
690 591 889 318 762 430 834 779 541 691 626 298 791 858 1063 638 370 407 290 125
797 523 285 47 1121 672 15 782 251 136 522 791 621 163 307 926 867 608 5 1079
0 0 0 0 0 0 0 0 0 0 0 0 0 0 0 0 0 0 0 0
0 0 0 0 0 0 0 0 0 0 0 0 0 0 0 0 0 0 0 0
1081 794 863 249 889 211 245 34 144 1041 107 360 341 716 854 724 1077 1154 118 397
213 29 1141 1035 980 306 186 569 811 179 757 2 847 203 660 160 978 802 614 280
323 780 320 306 1047 498 967 926 60 291 415 904 1139 190 241 569 428 332 422 145
711 897 255 236 871 783 141 471 1101 475 821 256 896 873 340 980 948 544 839 77
0 0 0 0 0 0 0 0 0 0 0 0 0 0 0 0 0 0 0 0
0 0 0 0 0 0 0 0 0 0 0 0 0 0 0 0 0 0 0 0
525 60 853 791 510 623 978 491 621 869 892 929 461 40 870 491 1032 252 165 1076
388 755 1082 540 721 760 1122 943 965 650 60 312 739 935 946 79 943 635 204 819
385 305 655 548 421 499 195 827 396 354 42 249 247 620 296 51 623 929 224 137
1048 226 1126 559 232 842 843 385 981 389 1070 1024 876 560 995 1066 1005 522 190 939
0 0 0 0 0 0 0 0 0 0 0 0 0 0 0 0 0 0 0 0
0 0 0 0 0 0 0 0 0 0 0 0 0 0 0 0 0 0 0 0
377 751 883 814 638 279 1049 514 620 1049 632 733 864 1041 397 30 1071 693 301 384
391 197 224 1057 191 726 659 955 43 108 499 692 931 690 801 69 876 962 594 686
1154 871 840 47 504 1056 1054 974 1086 24 316 604 86 607 508 112 822 965 977 848
397 461 286 629 326 176 424 611 264 741 838 997 196 1000 450 412 831 363 751 585
0 0 0 0 0 0 0 0 0 0 0 0 0 0 0 0 0 0 0 0
0 0 0 0 0 0 0 0 0 0 0 0 0 0 0 0 0 0 0 0
540 424 825 55 815 40 1011 880 751 402 953 371 445 800 423 683 1117 993 960 54
333 806 718 981 462 1054 411 26 816 532 1118 926 139 138 2 656 460 492 407 586
480 896 1066 907 449 638 722 852 939 601 657 1048 471 709 854 656 961 247 227 751
215 329 8 911 948 528 366 874 300 811 975 886 366 322 758 570 1075 349 17 749
0 0 0 0 0 0 0 0 0 0 0 0 0 0 0 0 0 0 0 0
0 0 0 0 0 0 0 0 0 0 0 0 0 0 0 0 0 0 0 0
484 1091 381 323 743 146 761 518 231 1149 864 1039 980 347 567 1073 743 193 518 39
853 386 267 897 882 110 28 789 796 403 893 1069 100 852 638 59 1055 857 1040 842
467 491 905 375 258 34 624 528 1042 1031 850 986 703 1090 952 871 847 1038 300 893
585 441 618 565 305 1117 984 893 1154 1018 981 703 589 811 748 995 670 529 102 47
0 0 0 0 0 0 0 0 0 0 0 0 0 0 0 0 0 0 0 0
0 0 0 0 0 0 0 0 0 0 0 0 0 0 0 0 0 0 0 0
142 302 546 268 1038 402 582 640 363 736 261 1042 714 135 983 872 936 525 432 897
836 1110 383 1 336 714 571 720 848 278 575 376 485 92 149 608 43 1013 1035 667
108 629 503 1019 665 423 1076 626 678 988 54 573 100 118 221 822 665 394 1088 1011
521 639 581 1085 984 1121 877 866 187 382 152 289 1091 876 492 752 31 545 738 982
0 0 0 0 0 0 0 0 0 0 0 0 0 0 0 0 0 0 0 0
0 0 0 0 0 0 0 0 0 0 0 0 0 0 0 0 0 0 0 0
747 458 1025 363 135 1059 210 519 842 717 999 210 446 500 237 1140 120 1131 444 252
802 644 534 1138 360 1080 994 797 181 254 854 1010 652 494 734 506 197 470 443 983
195 1144 630 998 916 620 965 358 346 33 565 1101 1025 827 919 484 356 451 711 542
765 132 792 895 453 868 746 303 314 798 1018 1077 847 562 46 961 427 64 151 932
0 0 0 0 0 0 0 0 0 0 0 0 0 0 0 0 0 0 0 0
0 0 0 0 0 0 0 0 0 0 0 0 0 0 0 0 0 0 0 0
277 688 848 114 474 689 850 240 410 791 585 486 531 480 921 936 131 217 433 765
795 636 543 258 381 208 337 933 602 658 640 148 953 1044 330 1096 325 603 199 200
398 391 449 110 971 845 913 307 675 817 985 934 281 114 369 120 220 1043 1014 195
83 1007 939 241 789 122 746 182 166 842 823 826 721 471 757 783 948 1085 309 595
0 0 0 0 0 0 0 0 0 0 0 0 0 0 0 0 0 0 0 0
0 0 0 0 0 0 0 0 0 0 0 0 0 0 0 0 0 0 0 0
871 232 958 518 139 1018 655 1086 795 827 184 482 158 927 735 1057 829 326 22 78
476 387 776 1009 843 736 13 448 935 386 419 574 258 700 363 364 27 745 552 374
357 1014 256 8 14 14 1 212 692 611 43 861 730 504 544 866 436 777 132 557
852 1112 636 1075 726 138 486 61 988 863 840 1077 1070 68 844 157 841 988 795 832
0 0 0 0 0 0 0 0 0 0 0 0 0 0 0 0 0 0 0 0
0 0 0 0 0 0 0 0 0 0 0 0 0 0 0 0 0 0 0 0
195 82 325 419 828 268 603 578 0 1009 626 329 976 442 641 927 1094 865 52 686
766 256 104 446 267 134 1069 810 669 292 458 425 581 210 558 137 101 944 365 954
1087 688 506 144 756 771 944 954 44 66 549 422 534 173 596 574 235 870 1012 151
319 342 235 1089 242 432 1055 441 209 1094 138 438 385 678 884 119 799 1022 1030 126
0 0 0 0 0 0 0 0 0 0 0 0 0 0 0 0 0 0 0 0
0 0 0 0 0 0 0 0 0 0 0 0 0 0 0 0 0 0 0 0
545 547 171 595 1044 1044 11 659 266 832 903 185 139 139 94 15 571 866 1148 123
309 503 264 587 1081 455 209 266 525 331 1007 674 343 209 681 227 429 245 285 233
67 258 1140 841 697 34 751 1084 159 56 1116 1086 447 872 990 1077 663 312 281 396
1095 32 332 509 576 695 323 168 1129 588 732 314 766 21 635 1011 743 304 12 168
0 0 0 0 0 0 0 0 0 0 0 0 0 0 0 0 0 0 0 0
0 0 0 0 0 0 0 0 0 0 0 0 0 0 0 0 0 0 0 0
500 1067 401 370 988 155 371 1070 847 1054 1062 1028 948 573 35 242 950 619 772 126
826 1113 309 444 441 542 522 463 1153 523 192 1063 43 1136 1103 60 644 1014 1137 189
1041 421 919 1133 732 890 233 1095 335 360 61 1090 693 297 1073 104 778 811 1140 712
48 695 976 568 785 188 1024 61 929 1051 528 466 938 355 49 404 849 340 139 1083
0 0 0 0 0 0 0 0 0 0 0 0 0 0 0 0 0 0 0 0
0 0 0 0 0 0 0 0 0 0 0 0 0 0 0 0 0 0 0 0
894 197 823 1022 96 487 844 891 235 720 1145 699 961 87 506 206 47 859 934 255
609 797 997 679 67 1040 730 460 427 631 1022 301 886 877 996 178 755 744 385 1064
925 609 599 364 390 372 73 221 909 589 791 47 1047 1034 14 215 557 587 528 554
957 688 936 246 1145 690 390 354 739 1040 1127 1041 945 577 449 441 1014 914 759 253
0 0 0 0 0 0 0 0 0 0 0 0 0 0 0 0 0 0 0 0
0 0 0 0 0 0 0 0 0 0 0 0 0 0 0 0 0 0 0 0
1027 1041 994 1096 72 262 765 722 258 23 409 480 858 191 814 673 809 24 711 402
679 469 918 762 264 1066 311 963 0 685 1031 699 670 385 16 169 1073 330 1006 519
685 983 453 450 1137 159 151 822 747 519 913 478 224 630 817 950 568 857 625 315
277 1101 153 274 253 464 556 263 679 514 415 978 515 1039 579 769 645 132 49 757
0 0 0 0 0 0 0 0 0 0 0 0 0 0 0 0 0 0 0 0
0 0 0 0 0 0 0 0 0 0 0 0 0 0 0 0 0 0 0 0
159 666 974 941 100 962 946 518 832 673 447 657 1149 1055 153 940 45 818 1000 160
782 787 938 12 249 1121 371 444 1020 324 684 281 465 1007 803 497 1107 715 597 933
473 569 1118 6 452 360 962 1052 604 911 344 232 158 558 700 732 751 568 91 655
499 481 282 966 245 925 723 117 188 904 862 773 257 276 819 224 885 540 751 24
0 0 0 0 0 0 0 0 0 0 0 0 0 0 0 0 0 0 0 0
0 0 0 0 0 0 0 0 0 0 0 0 0 0 0 0 0 0 0 0
361 1014 439 901 63 249 1128 948 929 999 838 353 1151 975 308 1046 432 408 884 251
947 706 439 508 1109 1092 379 597 956 962 856 444 633 1148 438 845 358 909 566 611
1149 850 833 472 803 1117 1070 509 443 172 992 904 1093 284 276 438 662 241 579 1008
778 281 990 258 904 89 364 387 8 334 508 902 534 1090 206 807 817 898 475 143
0 0 0 0 0 0 0 0 0 0 0 0 0 0 0 0 0 0 0 0
0 0 0 0 0 0 0 0 0 0 0 0 0 0 0 0 0 0 0 0
803 749 402 65 659 539 41 277 652 770 385 729 1076 715 269 981 282 440 740 1081
417 988 367 36 497 129 155 743 58 872 1112 530 910 334 509 932 233 429 548 564
1036 1088 9 1001 1057 707 920 278 853 1124 921 603 221 254 677 155 620 522 1100 384
292 1130 73 462 528 1093 457 1090 951 240 1085 34 396 507 905 936 387 736 1049 761
0 0 0 0 0 0 0 0 0 0 0 0 0 0 0 0 0 0 0 0
0 0 0 0 0 0 0 0 0 0 0 0 0 0 0 0 0 0 0 0
807 384 980 555 978 46 1072 595 498 791 976 813 195 1065 1073 804 16 20 1109 984
840 881 80 880 295 9 494 805 714 323 826 892 629 541 1116 527 739 913 1106 1030
650 1130 194 638 1036 849 611 101 678 707 454 152 1120 1091 523 1034 841 685 1078 164
963 636 444 579 535 275 1087 959 1139 1119 457 1080 1093 793 698 653 1017 125 391 288
0 0 0 0 0 0 0 0 0 0 0 0 0 0 0 0 0 0 0 0
0 0 0 0 0 0 0 0 0 0 0 0 0 0 0 0 0 0 0 0
286 918 778 3 866 17 83 92 794 499 580 506 113 776 1036 594 993 1090 190 1093
1113 159 915 372 130 662 704 949 1135 529 618 732 207 824 842 472 495 775 805 17
86 1036 881 851 143 1141 412 507 526 1021 320 259 1030 1131 226 1068 958 714 1118 1093
117 103 1010 875 969 1063 903 562 939 263 1013 66 879 676 749 121 248 283 833 881
0 0 0 0 0 0 0 0 0 0 0 0 0 0 0 0 0 0 0 0
0 0 0 0 0 0 0 0 0 0 0 0 0 0 0 0 0 0 0 0
742 999 262 835 663 311 380 303 106 3 300 824 589 677 488 467 596 193 801 1043
109 1148 141 1051 37 799 360 327 934 1033 816 507 1053 672 976 662 560 203 52 343
670 96 531 631 362 846 158 1111 532 480 271 675 710 524 1079 1150 566 975 419 31
297 6 958 812 507 41 123 338 837 324 856 5 2 442 153 1118 276 803 825 512
0 0 0 0 0 0 0 0 0 0 0 0 0 0 0 0 0 0 0 0
0 0 0 0 0 0 0 0 0 0 0 0 0 0 0 0 0 0 0 0
855 1107 172 103 104 482 403 1115 372 889 370 113 931 540 301 253 454 1090 299 9
240 176 838 431 66 954 1099 487 707 275 587 801 470 253 173 245 340 1011 536 394
356 149 1076 2 73 229 760 306 1085 938 434 459 850 923 924 745 528 493 821 923
74 292 239 693 1076 105 398 17 272 345 922 666 56 203 581 264 742 34 228 320
0 0 0 0 0 0 0 0 0 0 0 0 0 0 0 0 0 0 0 0
0 0 0 0 0 0 0 0 0 0 0 0 0 0 0 0 0 0 0 0
1019 1035 525 99 210 849 993 112 825 705 346 951 1132 128 814 819 911 629 810 693
165 87 1003 824 926 1087 755 97 638 547 634 1091 553 565 1143 1095 387 1141 715 1132
698 970 121 208 822 234 866 567 1018 919 434 518 14 954 393 176 711 30 227 224
278 676 138 374 74 493 407 1021 143 61 39 386 537 1033 1137 276 791 277 433 562
0 0 0 0 0 0 0 0 0 0 0 0 0 0 0 0 0 0 0 0
0 0 0 0 0 0 0 0 0 0 0 0 0 0 0 0 0 0 0 0
553 1035 1141 959 1113 540 609 1083 455 739 983 321 757 807 220 1120 362 732 682 416
383 1096 990 119 67 842 395 1031 543 1093 1095 1012 1051 934 1019 189 415 539 71 323
268 916 1040 565 1147 504 486 861 936 456 159 99 931 125 526 1013 845 756 16 1117
30 320 1067 766 717 897 484 142 860 285 962 859 668 1054 768 672 533 677 836 317
0 0 0 0 0 0 0 0 0 0 0 0 0 0 0 0 0 0 0 0
0 0 0 0 0 0 0 0 0 0 0 0 0 0 0 0 0 0 0 0
333 569 978 99 380 562 618 545 58 1140 745 1098 711 714 205 804 504 725 535 628
1054 348 187 270 758 357 1067 483 967 473 458 207 751 139 1039 690 215 792 311 1107
211 442 881 131 106 439 27 701 1135 830 821 369 181 238 736 740 867 330 1111 296
744 26 397 676 469 697 565 501 25 605 159 588 137 752 1071 156 297 358 40 736
0 0 0 0 0 0 0 0 0 0 0 0 0 0 0 0 0 0 0 0
0 0 0 0 0 0 0 0 0 0 0 0 0 0 0 0 0 0 0 0
252 80 138 173 1030 181 508 4 1128 823 378 608 858 316 59 409 866 1124 847 94
1122 885 967 981 1050 214 986 60 1137 889 535 269 494 1041 254 345 244 10 828 246
1040 755 120 231 604 523 443 122 895 1042 63 420 279 315 354 778 208 468 114 929
157 1107 114 236 1041 857 87 182 144 366 48 819 140 441 986 532 117 388 346 638
0 0 0 0 0 0 0 0 0 0 0 0 0 0 0 0 0 0 0 0
0 0 0 0 0 0 0 0 0 0 0 0 0 0 0 0 0 0 0 0
1052 174 174 97 859 632 602 948 720 933 852 1142 0 630 74 514 487 1021 931 55
68 1123 152 356 368 939 223 13 1109 1033 661 467 1125 839 514 643 62 151 70 715
532 739 493 786 496 677 655 1082 29 377 709 184 517 36 424 1149 836 803 637 938
1005 50 646 1136 425 388 96 466 659 520 76 263 620 267 952 657 740 528 114 585
0 0 0 0 0 0 0 0 0 0 0 0 0 0 0 0 0 0 0 0
0 0 0 0 0 0 0 0 0 0 0 0 0 0 0 0 0 0 0 0
501 1019 818 527 1138 464 1004 1146 877 903 954 927 752 21 152 160 928 760 402 468
1015 1045 1002 1037 223 1013 899 829 612 744 435 638 876 640 989 1101 470 960 48 592
684 217 370 445 700 739 999 854 178 892 892 1130 266 1104 704 820 105 787 415 805
2 767 729 47 328 738 273 799 889 44 260 520 23 480 502 543 264 974 1146 540
0 0 0 0 0 0 0 0 0 0 0 0 0 0 0 0 0 0 0 0
0 0 0 0 0 0 0 0 0 0 0 0 0 0 0 0 0 0 0 0
115 952 47 105 64 672 326 507 970 436 680 700 33 429 722 44 872 825 681 513
134 1087 419 930 503 1105 144 821 1042 203 873 488 1053 401 445 175 1066 617 637 984
507 326 180 727 343 114 221 615 535 1084 782 704 821 324 626 1059 1087 1127 265 664
445 334 72 1028 324 321 613 1111 1146 45 293 122 1073 470 735 329 562 304 239 246
0 0 0 0 0 0 0 0 0 0 0 0 0 0 0 0 0 0 0 0
0 0 0 0 0 0 0 0 0 0 0 0 0 0 0 0 0 0 0 0
156 1076 1120 176 394 1118 1013 819 953 309 356 1018 619 1105 281 748 1036 506 1052 753
727 458 1020 930 636 256 143 937 879 90 54 848 651 818 1093 107 720 657 176 632
1093 492 289 1026 115 590 537 576 330 593 257 707 191 1094 36 402 1019 868 1073 1150
259 305 787 308 578 601 168 1087 439 1071 255 669 417 611 1055 450 1020 729 159 765
0 0 0 0 0 0 0 0 0 0 0 0 0 0 0 0 0 0 0 0
0 0 0 0 0 0 0 0 0 0 0 0 0 0 0 0 0 0 0 0
951 568 251 147 826 5 317 17 612 63 3 193 264 458 1022 613 999 729 716 298
964 264 586 345 984 531 632 1066 974 877 803 47 1040 746 325 139 176 117 1132 385
414 147 265 1150 582 502 336 161 336 958 1055 157 177 868 544 675 31 690 150 987
975 399 428 106 18 236 829 389 683 416 965 813 416 1083 774 977 506 315 180 48
0 0 0 0 0 0 0 0 0 0 0 0 0 0 0 0 0 0 0 0
0 0 0 0 0 0 0 0 0 0 0 0 0 0 0 0 0 0 0 0
697 779 794 499 302 841 1022 291 225 627 529 750 59 989 674 374 991 154 665 95
351 974 524 1134 950 126 593 464 270 485 1 185 1062 1 20 844 930 707 1082 971
320 981 86 979 221 476 1062 286 113 477 1136 484 752 604 279 651 751 901 711 616
876 910 352 25 725 688 1071 1038 692 369 474 326 141 499 16 395 547 1083 1151 962
0 0 0 0 0 0 0 0 0 0 0 0 0 0 0 0 0 0 0 0
0 0 0 0 0 0 0 0 0 0 0 0 0 0 0 0 0 0 0 0
720 352 233 1032 262 1091 88 453 437 272 335 421 590 591 785 867 503 221 122 1105
514 594 120 802 523 1103 54 602 97 1070 433 341 380 55 208 1154 283 1058 463 718
988 970 972 1017 557 265 58 940 809 630 1047 287 35 483 260 411 568 620 670 429
1078 171 718 776 620 1069 472 56 707 427 167 7 350 515 403 537 509 754 604 110
0 0 0 0 0 0 0 0 0 0 0 0 0 0 0 0 0 0 0 0
0 0 0 0 0 0 0 0 0 0 0 0 0 0 0 0 0 0 0 0
609 97 784 963 611 212 943 58 1154 75 196 1105 491 943 479 312 926 902 84 1011
886 984 963 1107 575 372 580 119 104 635 337 1093 896 523 1062 419 253 17 1020 1102
717 92 49 165 490 511 969 878 558 1065 605 921 0 348 84 385 1043 235 1005 970
602 677 792 1095 780 187 176 1116 413 469 101 4 499 183 697 502 869 806 544 429
0 0 0 0 0 0 0 0 0 0 0 0 0 0 0 0 0 0 0 0
0 0 0 0 0 0 0 0 0 0 0 0 0 0 0 0 0 0 0 0
905 693 357 404 604 124 874 657 34 288 805 503 281 144 724 896 532 395 175 680
906 1135 319 530 632 780 587 314 372 1064 167 505 217 228 1128 684 1118 369 1045 674
275 906 994 875 288 905 624 1064 354 1034 777 583 448 728 1004 662 305 887 309 732
1021 726 82 440 125 589 890 481 294 401 805 972 328 733 940 992 350 1144 922 450
0 0 0 0 0 0 0 0 0 0 0 0 0 0 0 0 0 0 0 0
0 0 0 0 0 0 0 0 0 0 0 0 0 0 0 0 0 0 0 0
969 455 89 295 821 121 751 1102 746 116 53 305 305 563 27 942 895 1079 980 279
771 178 241 11 1076 447 554 300 803 939 142 789 628 919 326 1135 534 1147 518 1068
319 1085 389 857 360 307 886 257 516 971 292 181 280 173 983 1026 1094 827 929 1020
812 486 333 367 844 297 860 716 679 1026 580 1081 950 59 717 426 828 371 198 581
0 0 0 0 0 0 0 0 0 0 0 0 0 0 0 0 0 0 0 0
0 0 0 0 0 0 0 0 0 0 0 0 0 0 0 0 0 0 0 0
334 395 444 1055 400 186 905 5 130 909 397 84 1077 1102 455 573 462 357 696 1004
754 908 610 822 376 371 710 792 895 273 469 682 208 752 532 631 990 134 1152 149
297 47 447 866 801 448 688 727 554 296 727 1038 992 140 333 287 768 419 737 354
751 455 246 495 366 981 983 361 100 133 945 828 272 1098 773 449 882 1120 691 221
0 0 0 0 0 0 0 0 0 0 0 0 0 0 0 0 0 0 0 0
0 0 0 0 0 0 0 0 0 0 0 0 0 0 0 0 0 0 0 0
1000 908 579 134 505 112 487 242 970 1000 740 269 894 425 694 262 300 1121 927 160
617 653 8 583 775 734 572 135 758 440 479 81 59 715 1022 1096 272 1122 712 337
186 873 596 940 1151 103 779 1085 904 267 241 266 757 594 316 839 1 437 252 227
661 630 95 392 943 218 232 896 59 909 963 1035 25 1053 597 666 669 780 108 1151
0 0 0 0 0 0 0 0 0 0 0 0 0 0 0 0 0 0 0 0
0 0 0 0 0 0 0 0 0 0 0 0 0 0 0 0 0 0 0 0
1002 1139 267 304 1063 493 26 60 488 395 668 1123 247 283 970 894 509 155 1136 243
611 177 632 911 1076 230 491 989 563 470 614 895 745 714 623 153 1130 1141 691 767
862 750 281 222 1060 792 1114 230 446 857 403 251 243 576 240 534 1103 302 1121 1096
428 993 395 660 828 504 333 455 224 1153 425 382 1140 114 1013 416 659 430 1106 534
0 0 0 0 0 0 0 0 0 0 0 0 0 0 0 0 0 0 0 0
0 0 0 0 0 0 0 0 0 0 0 0 0 0 0 0 0 0 0 0
709 501 119 197 773 621 226 347 634 1116 1096 728 206 216 1134 106 982 1029 618 211
884 694 983 304 70 754 275 98 414 230 1093 907 218 697 550 399 1 501 569 854
647 1023 384 484 421 372 443 352 199 609 496 998 21 354 724 940 843 587 1137 558
640 735 589 688 808 924 626 1118 1090 883 490 253 556 692 1000 22 471 906 353 471
0 0 0 0 0 0 0 0 0 0 0 0 0 0 0 0 0 0 0 0
0 0 0 0 0 0 0 0 0 0 0 0 0 0 0 0 0 0 0 0
53 964 713 644 799 80 254 10 521 583 868 455 1127 409 1128 316 132 781 159 984
905 873 845 648 740 702 756 744 134 389 148 520 367 448 29 340 930 705 780 655
328 799 513 899 313 1112 232 676 340 384 953 477 616 578 934 622 273 808 882 823
1150 36 1056 626 922 574 330 576 87 548 586 837 1076 384 632 855 1018 52 373 453
0 0 0 0 0 0 0 0 0 0 0 0 0 0 0 0 0 0 0 0
0 0 0 0 0 0 0 0 0 0 0 0 0 0 0 0 0 0 0 0
796 260 756 392 561 51 291 977 724 176 955 450 166 1097 333 1009 183 348 1139 890
257 969 479 745 144 123 987 765 956 258 496 411 316 50 41 375 96 931 475 107
80 1014 713 165 542 939 796 640 651 1008 457 887 703 770 325 242 69 189 629 407
256 216 997 579 263 883 912 39 528 108 90 118 1043 319 842 251 812 378 344 97
0 0 0 0 0 0 0 0 0 0 0 0 0 0 0 0 0 0 0 0
0 0 0 0 0 0 0 0 0 0 0 0 0 0 0 0 0 0 0 0
658 490 227 78 1083 912 356 974 120 197 862 1038 492 1137 817 59 529 937 529 225
362 873 224 148 1053 715 33 539 664 255 279 219 824 1101 1116 870 354 884 65 403
808 1094 276 281 1048 942 190 819 87 494 254 1053 1014 182 278 904 940 822 945 831
150 463 700 701 690 46 468 394 37 1011 97 759 394 24 168 738 173 1127 850 125
0 0 0 0 0 0 0 0 0 0 0 0 0 0 0 0 0 0 0 0
0 0 0 0 0 0 0 0 0 0 0 0 0 0 0 0 0 0 0 0
853 152 978 981 809 616 958 872 860 245 134 978 643 888 668 363 645 365 785 218
190 219 524 912 885 800 381 338 1067 1019 545 3 596 395 408 663 828 1014 179 650
174 533 965 1060 84 330 632 740 90 819 51 957 20 948 116 1033 790 103 529 835
276 158 518 627 965 963 190 317 554 776 914 1152 451 6 533 48 268 495 582 228
0 0 0 0 0 0 0 0 0 0 0 0 0 0 0 0 0 0 0 0
0 0 0 0 0 0 0 0 0 0 0 0 0 0 0 0 0 0 0 0
378 191 871 291 526 1086 999 524 529 211 92 161 611 252 156 283 63 3 898 790
755 1138 146 875 117 566 772 1043 446 742 444 657 675 224 439 940 974 744 624 988
382 714 316 441 791 968 610 626 415 875 931 1129 1027 7 178 754 979 896 63 759
98 322 923 1154 37 213 1028 739 936 827 1142 943 1082 114 961 1153 52 404 1131 404
0 0 0 0 0 0 0 0 0 0 0 0 0 0 0 0 0 0 0 0
0 0 0 0 0 0 0 0 0 0 0 0 0 0 0 0 0 0 0 0
136 316 611 12 512 602 380 414 223 446 895 37 215 155 1057 164 3 376 464 335
405 179 393 496 1059 975 338 529 857 1100 617 272 1019 1016 578 719 28 173 75 268
284 553 558 912 252 1006 927 50 1021 375 995 856 57 41 100 148 742 961 933 421
243 1060 941 371 627 95 355 1067 863 478 452 1113 944 517 630 1087 958 665 474 542
0 0 0 0 0 0 0 0 0 0 0 0 0 0 0 0 0 0 0 0
0 0 0 0 0 0 0 0 0 0 0 0 0 0 0 0 0 0 0 0
644 72 284 205 155 661 782 654 265 995 594 951 614 224 249 1073 14 1083 1136 1112
1064 316 460 791 957 1145 623 66 800 1130 652 833 154 918 804 156 32 890 944 474
257 442 57 811 208 144 793 611 1101 888 666 193 698 646 808 1113 555 894 884 90
948 38 793 59 559 1101 727 570 284 0 309 128 883 1077 1020 571 508 738 674 190
0 0 0 0 0 0 0 0 0 0 0 0 0 0 0 0 0 0 0 0
0 0 0 0 0 0 0 0 0 0 0 0 0 0 0 0 0 0 0 0
898 1103 873 433 827 924 424 109 766 826 121 451 1122 171 178 81 657 868 1044 1068
707 655 64 376 927 141 603 561 221 53 1051 626 415 48 998 805 832 840 960 973
335 234 578 521 1105 532 477 610 651 899 10 95 1104 634 124 1145 791 718 693 1069
1148 655 838 852 97 317 654 315 1134 1027 604 1014 1070 274 1042 515 965 604 902 1027
0 0 0 0 0 0 0 0 0 0 0 0 0 0 0 0 0 0 0 0
0 0 0 0 0 0 0 0 0 0 0 0 0 0 0 0 0 0 0 0
61 848 247 144 1040 992 1054 283 240 743 894 106 548 191 701 671 664 1052 616 176
132 291 801 184 133 345 940 995 1019 119 806 391 441 273 420 198 85 824 1142 1120
278 459 478 872 633 938 391 582 951 420 489 741 903 1085 375 993 1129 378 599 507
408 656 940 899 1065 693 551 439 163 577 554 313 899 336 738 106 690 552 245 29
0 0 0 0 0 0 0 0 0 0 0 0 0 0 0 0 0 0 0 0
0 0 0 0 0 0 0 0 0 0 0 0 0 0 0 0 0 0 0 0
283 695 1014 622 1152 661 117 712 406 184 572 612 395 117 1078 929 136 812 263 592
747 1111 933 449 970 532 386 584 767 932 42 1143 166 634 274 741 201 650 250 429
311 295 354 20 245 786 1117 55 127 193 758 1039 29 9 1067 406 502 214 438 897
601 686 668 901 440 279 1 234 219 353 456 289 468 169 418 528 858 622 469 990
0 0 0 0 0 0 0 0 0 0 0 0 0 0 0 0 0 0 0 0
0 0 0 0 0 0 0 0 0 0 0 0 0 0 0 0 0 0 0 0
947 952 863 20 540 181 376 944 86 694 749 164 365 1060 126 648 805 1040 612 374
649 108 479 1044 199 227 994 754 328 1100 905 845 402 182 730 1035 576 282 523 23
252 309 865 808 84 555 284 510 36 1100 162 142 1153 315 820 147 846 434 14 531
507 244 372 252 22 745 482 209 1076 1151 7 202 753 816 57 1095 649 591 296 184
0 0 0 0 0 0 0 0 0 0 0 0 0 0 0 0 0 0 0 0
0 0 0 0 0 0 0 0 0 0 0 0 0 0 0 0 0 0 0 0
544 414 474 1145 656 930 671 795 1067 708 613 1116 708 1111 702 1074 245 515 229 628
1090 176 662 693 842 560 874 65 101 592 372 1145 1035 680 336 527 345 1081 1023 55
520 973 1096 752 675 1145 292 100 142 745 754 474 378 441 258 285 966 180 475 193
751 913 952 1046 512 525 38 1046 334 502 740 776 418 1068 500 636 296 933 1013 1110
0 0 0 0 0 0 0 0 0 0 0 0 0 0 0 0 0 0 0 0
0 0 0 0 0 0 0 0 0 0 0 0 0 0 0 0 0 0 0 0
224 752 802 114 1064 144 395 100 954 475 542 442 211 123 526 704 412 941 525 306
411 730 247 1025 599 933 462 156 518 139 870 535 215 413 820 427 323 553 776 755
611 892 221 796 681 347 606 381 182 576 996 125 897 521 394 331 855 1046 997 982
883 834 246 330 479 366 824 646 725 566 713 1047 70 579 67 348 225 701 764 931
0 0 0 0 0 0 0 0 0 0 0 0 0 0 0 0 0 0 0 0
0 0 0 0 0 0 0 0 0 0 0 0 0 0 0 0 0 0 0 0
140 106 766 379 13 54 190 643 944 1066 1031 538 261 1150 670 757 124 16 116 991
175 739 695 244 879 357 515 176 497 969 179 176 138 951 1088 535 456 1124 426 213
468 828 680 468 105 842 317 22 309 830 490 538 53 726 440 385 966 477 3 27
648 254 278 27 329 406 907 91 415 847 1132 942 631 585 856 1058 1138 234 287 1106
0 0 0 0 0 0 0 0 0 0 0 0 0 0 0 0 0 0 0 0
0 0 0 0 0 0 0 0 0 0 0 0 0 0 0 0 0 0 0 0
665 815 329 456 1068 575 1133 962 542 1059 908 415 190 65 847 334 824 778 455 1126
1020 252 605 774 121 457 656 899 191 201 823 121 992 60 1026 747 814 572 525 719
1079 1015 321 678 438 535 924 264 596 336 55 752 1092 289 176 807 1068 508 107 75
1015 499 979 25 769 677 968 914 988 211 607 465 908 438 784 900 876 144 761 482
0 0 0 0 0 0 0 0 0 0 0 0 0 0 0 0 0 0 0 0
0 0 0 0 0 0 0 0 0 0 0 0 0 0 0 0 0 0 0 0
63 433 299 973 481 468 742 1022 630 193 1131 244 1101 523 700 485 684 447 421 1144
696 995 751 1045 1046 889 1006 733 248 514 1079 407 1096 437 236 620 751 613 682 605
579 731 452 1047 548 1031 483 787 348 800 303 447 219 1041 54 300 151 489 973 57
67 1093 428 983 209 640 714 15 700 477 360 270 735 1104 662 746 637 1107 128 707
0 0 0 0 0 0 0 0 0 0 0 0 0 0 0 0 0 0 0 0
0 0 0 0 0 0 0 0 0 0 0 0 0 0 0 0 0 0 0 0
1089 78 624 1100 615 540 1063 1025 779 769 58 312 1000 425 465 587 40 181 293 187
1005 1028 307 251 294 208 145 838 396 324 779 433 545 164 535 583 279 589 635 1080
469 1077 658 549 335 892 35 133 188 863 798 652 538 265 621 1098 917 772 824 1055
97 315 576 539 885 258 921 224 890 1040 70 349 391 851 52 731 183 304 393 1093
0 0 0 0 0 0 0 0 0 0 0 0 0 0 0 0 0 0 0 0
0 0 0 0 0 0 0 0 0 0 0 0 0 0 0 0 0 0 0 0
320 86 212 396 667 992 488 497 293 976 1096 144 281 1062 464 422 740 858 456 544
484 210 895 859 1020 142 6 568 597 795 790 31 508 622 265 247 324 1139 82 341
961 919 799 937 1145 1138 648 105 834 1074 893 908 21 679 654 604 915 96 171 449
606 72 842 918 557 75 779 900 574 607 1148 887 1128 949 324 888 828 749 645 518
0 0 0 0 0 0 0 0 0 0 0 0 0 0 0 0 0 0 0 0
0 0 0 0 0 0 0 0 0 0 0 0 0 0 0 0 0 0 0 0
845 968 327 725 635 895 353 618 594 850 1151 27 561 386 511 620 805 1065 593 1082
831 1072 1100 762 334 103 482 67 391 728 642 734 1116 642 36 111 110 967 896 1015
358 912 648 865 760 287 1129 849 374 302 39 853 44 476 402 29 783 927 910 351
8 770 697 304 373 536 531 270 661 569 580 752 981 321 841 187 929 1135 203 331
0 0 0 0 0 0 0 0 0 0 0 0 0 0 0 0 0 0 0 0
0 0 0 0 0 0 0 0 0 0 0 0 0 0 0 0 0 0 0 0
458 31 163 797 633 310 538 132 509 994 5 982 874 1023 1101 351 857 159 183 433
1151 382 20 936 1041 72 332 1025 320 209 662 1093 516 3 878 596 644 393 259 64
1080 12 332 427 320 157 79 1004 917 942 1011 630 112 1136 1008 683 1098 55 1127 695
291 967 581 362 834 790 419 955 394 291 740 736 135 431 1089 850 1095 697 634 261
0 0 0 0 0 0 0 0 0 0 0 0 0 0 0 0 0 0 0 0
0 0 0 0 0 0 0 0 0 0 0 0 0 0 0 0 0 0 0 0
1132 850 942 863 986 686 1088 161 464 454 1154 161 552 958 76 468 1094 1014 41 97
788 144 242 660 562 1043 327 559 692 280 517 775 28 495 619 307 202 56 80 841
842 171 419 116 874 162 868 498 530 951 601 158 126 531 329 1018 1061 981 356 899
883 768 168 789 351 525 588 493 881 479 298 306 298 542 1000 946 454 1072 924 984
0 0 0 0 0 0 0 0 0 0 0 0 0 0 0 0 0 0 0 0
0 0 0 0 0 0 0 0 0 0 0 0 0 0 0 0 0 0 0 0
1012 1045 773 343 547 1151 294 267 1029 770 264 245 824 199 386 907 66 616 738 178
598 429 421 287 567 551 582 852 789 145 385 719 1096 1034 716 58 391 902 939 416
742 958 854 852 136 216 644 1132 1153 6 918 677 335 713 980 944 482 182 226 343
222 118 342 441 866 23 1031 615 200 547 8 1021 346 466 65 285 474 890 833 827
0 0 0 0 0 0 0 0 0 0 0 0 0 0 0 0 0 0 0 0
0 0 0 0 0 0 0 0 0 0 0 0 0 0 0 0 0 0 0 0
1041 622 519 695 590 356 985 639 1149 849 695 981 425 209 591 1025 908 220 1030 532
852 84 650 198 1096 131 525 1122 953 555 358 747 395 435 634 919 401 720 1096 380
404 100 85 406 981 344 872 192 320 264 760 726 954 948 546 1109 1071 335 1119 922
928 1014 253 953 1105 170 1014 449 63 858 882 412 620 1032 569 90 957 604 881 554
0 0 0 0 0 0 0 0 0 0 0 0 0 0 0 0 0 0 0 0
0 0 0 0 0 0 0 0 0 0 0 0 0 0 0 0 0 0 0 0
1054 432 1046 262 126 112 463 414 920 699 780 642 559 707 485 307 683 1002 764 545
759 444 322 881 70 534 982 127 725 1076 1063 167 726 70 732 494 1083 548 411 313
268 883 578 83 178 1099 705 1124 1111 1051 614 208 975 25 805 748 132 263 663 10
614 963 699 158 368 752 749 837 174 226 188 740 895 677 328 869 838 135 464 1130
0 0 0 0 0 0 0 0 0 0 0 0 0 0 0 0 0 0 0 0
0 0 0 0 0 0 0 0 0 0 0 0 0 0 0 0 0 0 0 0
983 205 219 381 1082 299 563 512 467 844 817 101 1053 24 213 299 1026 981 777 403
362 794 73 820 1111 1016 680 310 77 816 135 349 256 1142 393 969 613 173 1131 494
791 676 603 90 615 57 166 392 417 381 357 57 19 814 530 61 76 993 506 1091
125 688 445 754 698 325 835 1078 148 382 238 1031 329 250 376 900 377 126 606 60
0 0 0 0 0 0 0 0 0 0 0 0 0 0 0 0 0 0 0 0
0 0 0 0 0 0 0 0 0 0 0 0 0 0 0 0 0 0 0 0
1149 920 932 700 233 292 328 206 106 335 1054 581 719 910 913 138 524 4 572 1059
1010 900 610 140 619 946 446 865 265 805 479 1116 533 653 603 132 873 863 177 403
642 880 241 825 538 455 985 818 1130 788 802 295 603 18 185 779 657 7 598 338
206 652 537 537 713 329 816 195 578 424 1072 951 1014 37 119 284 1026 614 1133 870
0 0 0 0 0 0 0 0 0 0 0 0 0 0 0 0 0 0 0 0
0 0 0 0 0 0 0 0 0 0 0 0 0 0 0 0 0 0 0 0
5 267 315 672 770 6 874 187 982 777 636 635 749 863 866 993 827 900 239 1073
398 396 504 628 1097 1117 20 604 804 715 123 68 576 765 520 55 715 884 426 640
434 72 867 775 1108 993 190 1139 71 273 1128 403 209 1111 427 1029 1022 913 238 152
1019 274 280 749 808 1087 633 48 275 882 930 782 28 232 363 642 670 513 697 471
0 0 0 0 0 0 0 0 0 0 0 0 0 0 0 0 0 0 0 0
0 0 0 0 0 0 0 0 0 0 0 0 0 0 0 0 0 0 0 0
967 840 372 1020 1136 343 718 651 1084 597 791 590 991 318 18 905 189 462 627 463
392 824 429 519 1056 1075 690 1020 366 241 945 484 979 693 446 814 859 166 1101 145
968 512 412 695 682 570 227 691 551 219 1038 517 227 648 1090 801 958 988 1117 668
840 1134 43 359 1040 1038 152 320 102 233 270 683 538 108 670 829 995 92 519 850
0 0 0 0 0 0 0 0 0 0 0 0 0 0 0 0 0 0 0 0
0 0 0 0 0 0 0 0 0 0 0 0 0 0 0 0 0 0 0 0
858 1089 1023 497 847 544 454 407 1000 44 1012 557 1088 801 332 933 910 25 635 721
3 642 327 141 747 1021 540 522 1090 126 253 161 432 141 981 385 130 1076 144 930
849 609 743 632 334 451 361 986 750 233 1104 352 497 418 3 979 753 289 645 877
799 609 315 1035 1002 1096 175 563 703 410 192 161 1024 596 864 393 380 324 135 343
0 0 0 0 0 0 0 0 0 0 0 0 0 0 0 0 0 0 0 0
0 0 0 0 0 0 0 0 0 0 0 0 0 0 0 0 0 0 0 0
1073 260 175 763 699 353 310 1011 536 1095 278 1108 26 404 336 810 1046 1118 75 535
860 341 323 1054 535 305 409 440 1016 446 970 1128 819 411 177 123 69 555 141 503
358 224 393 381 990 282 626 924 477 520 246 1012 570 22 394 262 354 290 750 972
512 138 731 916 466 620 708 48 746 197 769 7 520 105 895 871 505 212 996 1035
0 0 0 0 0 0 0 0 0 0 0 0 0 0 0 0 0 0 0 0
0 0 0 0 0 0 0 0 0 0 0 0 0 0 0 0 0 0 0 0
258 985 339 801 661 319 546 915 1 436 987 457 625 581 517 936 628 1153 182 1
999 105 510 721 781 636 815 1043 876 920 570 867 166 1007 100 349 791 636 184 402
1004 1076 175 453 193 880 857 760 159 968 165 1082 596 260 1028 806 635 566 928 47
397 169 565 563 753 271 1122 687 1025 958 1147 584 81 809 775 379 246 144 661 508
0 0 0 0 0 0 0 0 0 0 0 0 0 0 0 0 0 0 0 0
0 0 0 0 0 0 0 0 0 0 0 0 0 0 0 0 0 0 0 0
89 599 63 398 128 1046 1076 493 255 555 244 953 410 776 288 616 844 959 131 684
1107 11 243 640 712 716 695 472 1009 428 940 365 188 882 733 194 573 313 306 654
353 434 457 1089 1104 19 203 949 1058 949 79 525 1075 1107 967 742 883 70 916 492
1032 1129 681 145 712 558 1046 639 362 508 871 603 852 369 706 499 1105 1117 875 338
0 0 0 0 0 0 0 0 0 0 0 0 0 0 0 0 0 0 0 0
0 0 0 0 0 0 0 0 0 0 0 0 0 0 0 0 0 0 0 0
83 537 28 384 656 890 361 153 74 161 176 124 716 782 1151 301 708 904 783 530
60 942 85 884 554 476 872 1127 108 161 242 143 775 947 1062 321 1065 325 389 935
1009 230 983 498 608 13 1116 725 1136 603 46 522 1057 529 173 424 961 729 280 478
784 523 384 225 1037 1108 123 374 504 165 692 28 1048 782 1088 159 511 201 874 216
0 0 0 0 0 0 0 0 0 0 0 0 0 0 0 0 0 0 0 0
0 0 0 0 0 0 0 0 0 0 0 0 0 0 0 0 0 0 0 0
263 730 604 438 600 1150 37 819 643 70 227 707 49 672 182 290 393 98 702 467
746 17 1110 1039 355 789 454 235 219 874 236 776 331 1099 357 881 114 197 477 975
46 585 1026 301 705 162 231 278 1122 976 659 155 321 413 51 1008 460 166 900 40
1133 657 1141 542 391 472 1050 812 483 652 579 488 37 856 547 189 1002 569 30 962
0 0 0 0 0 0 0 0 0 0 0 0 0 0 0 0 0 0 0 0
0 0 0 0 0 0 0 0 0 0 0 0 0 0 0 0 0 0 0 0
44 31 513 798 199 222 961 814 130 1083 980 956 794 1151 1115 484 793 325 132 122
569 859 472 1134 867 186 658 1132 445 519 300 937 401 864 927 458 620 109 863 1071
1060 416 750 722 451 647 350 942 712 634 314 774 596 9 470 534 232 364 185 960
145 736 228 847 868 633 21 1142 1032 1049 1025 452 838 1046 146 635 311 309 208 379
0 0 0 0 0 0 0 0 0 0 0 0 0 0 0 0 0 0 0 0
0 0 0 0 0 0 0 0 0 0 0 0 0 0 0 0 0 0 0 0
683 158 933 69 84 627 716 180 506 1145 980 1031 530 580 168 263 392 128 484 860
1020 94 297 521 35 354 114 40 670 165 233 743 69 931 434 744 45 939 845 178
1107 120 438 970 625 698 1080 984 682 185 971 871 964 1055 688 172 177 2 360 232
613 879 39 1069 663 1040 918 984 657 53 1094 272 700 571 291 531 193 738 587 260
0 0 0 0 0 0 0 0 0 0 0 0 0 0 0 0 0 0 0 0
0 0 0 0 0 0 0 0 0 0 0 0 0 0 0 0 0 0 0 0
652 560 684 711 176 173 156 609 831 259 46 698 71 846 293 174 361 281 169 107
67 167 178 1152 412 405 715 771 1109 1008 867 837 305 548 906 265 622 494 890 943
902 272 889 204 549 277 743 565 380 264 724 595 405 355 756 87 605 981 1041 798
746 930 401 571 819 1015 1096 1061 432 69 393 257 1153 501 846 27 118 814 1094 725
0 0 0 0 0 0 0 0 0 0 0 0 0 0 0 0 0 0 0 0
0 0 0 0 0 0 0 0 0 0 0 0 0 0 0 0 0 0 0 0
160 573 691 1077 588 207 66 176 455 421 568 418 572 251 237 1082 434 1121 109 450
283 162 1055 8 210 1050 299 628 899 727 1118 252 937 440 302 424 621 1018 413 974
99 797 126 888 1032 372 117 866 704 883 630 749 351 998 443 122 819 905 884 675
89 355 925 1047 1004 386 899 1108 569 903 280 204 17 838 802 174 277 978 923 1020
0 0 0 0 0 0 0 0 0 0 0 0 0 0 0 0 0 0 0 0
0 0 0 0 0 0 0 0 0 0 0 0 0 0 0 0 0 0 0 0
1033 436 1075 527 1024 927 484 625 1102 631 346 304 5 1142 31 180 631 923 187 61
300 188 220 961 1082 959 939 467 475 325 913 699 816 1046 53 615 1126 652 595 921
555 450 287 31 180 158 614 779 974 372 505 1134 249 248 359 361 342 1148 904 657
459 14 843 190 651 961 811 1073 352 759 556 728 512 919 213 163 276 269 915 249
0 0 0 0 0 0 0 0 0 0 0 0 0 0 0 0 0 0 0 0
0 0 0 0 0 0 0 0 0 0 0 0 0 0 0 0 0 0 0 0
362 69 928 971 1020 105 369 780 244 448 886 200 350 38 1117 965 36 943 1114 368
1065 1114 699 699 1084 1084 322 191 1125 929 102 1098 230 142 791 526 448 995 590 222
188 1083 1009 817 85 292 976 24 1114 72 157 2 435 898 1121 398 638 635 502 525
766 845 273 822 339 918 778 369 602 1081 828 769 313 756 862 738 541 390 746 1070
0 0 0 0 0 0 0 0 0 0 0 0 0 0 0 0 0 0 0 0
0 0 0 0 0 0 0 0 0 0 0 0 0 0 0 0 0 0 0 0
568 226 48 597 895 804 173 518 1031 938 602 606 43 694 1071 569 364 6 223 518
1153 321 1045 970 1067 698 401 1057 1114 1122 353 1013 726 1067 741 322 698 850 591 944
836 868 982 99 736 78 666 108 635 1009 261 315 1131 416 806 572 818 115 496 415
261 369 79 999 474 542 650 323 747 83 410 481 1022 267 108 46 916 176 595 703
0 0 0 0 0 0 0 0 0 0 0 0 0 0 0 0 0 0 0 0
0 0 0 0 0 0 0 0 0 0 0 0 0 0 0 0 0 0 0 0
660 1080 718 260 816 480 1127 323 364 27 75 718 206 824 136 880 13 475 447 605
129 258 204 75 693 539 1133 146 1028 105 977 395 35 120 600 676 526 647 627 371
694 738 576 1001 82 454 50 466 279 201 138 795 340 57 319 149 618 669 551 480
887 717 368 775 162 338 755 296 672 597 515 630 691 171 704 1043 841 478 39 658
0 0 0 0 0 0 0 0 0 0 0 0 0 0 0 0 0 0 0 0
0 0 0 0 0 0 0 0 0 0 0 0 0 0 0 0 0 0 0 0
1093 740 378 984 539 821 587 205 54 505 1099 266 894 106 188 618 637 743 1006 57
166 825 539 695 405 448 71 932 727 161 1022 508 1148 888 390 1087 297 1021 61 634
622 954 783 873 948 1139 244 296 698 653 108 4 986 920 785 443 613 113 542 1125
917 505 1013 1003 147 124 673 351 850 1089 103 1084 547 773 473 362 446 689 424 686
0 0 0 0 0 0 0 0 0 0 0 0 0 0 0 0 0 0 0 0
0 0 0 0 0 0 0 0 0 0 0 0 0 0 0 0 0 0 0 0
413 1053 1050 1120 13 24 699 4 1136 205 121 140 814 876 696 762 485 1042 647 322
662 783 79 399 491 426 490 1113 366 666 1078 274 861 145 939 913 280 537 141 756
436 1011 986 312 485 1042 678 1146 88 26 362 1121 777 898 711 604 632 939 47 1050
205 396 1076 319 237 1013 747 1011 318 599 248 994 1135 402 731 510 1148 942 875 1112
0 0 0 0 0 0 0 0 0 0 0 0 0 0 0 0 0 0 0 0
0 0 0 0 0 0 0 0 0 0 0 0 0 0 0 0 0 0 0 0
558 454 416 1025 863 538 224 1140 654 285 660 638 521 578 137 517 481 247 167 497
984 436 601 236 1021 50 291 544 751 273 908 340 643 782 626 829 615 843 539 559
238 1021 1095 1123 386 1048 763 966 181 751 800 65 946 1040 587 824 675 624 535 516
68 616 1144 669 721 874 411 572 179 62 72 607 122 53 966 568 517 511 605 198
0 0 0 0 0 0 0 0 0 0 0 0 0 0 0 0 0 0 0 0
0 0 0 0 0 0 0 0 0 0 0 0 0 0 0 0 0 0 0 0
218 18 665 275 990 1015 666 333 813 867 483 269 475 1112 433 279 255 852 143 111
1028 1080 378 191 476 862 964 914 1045 576 627 306 1074 1120 411 981 295 36 1116 147
830 706 1013 967 796 837 53 287 374 1120 942 657 633 963 256 645 794 553 281 23
723 1110 179 1011 782 1125 832 668 62 237 958 999 498 577 344 130 254 469 366 198
0 0 0 0 0 0 0 0 0 0 0 0 0 0 0 0 0 0 0 0
0 0 0 0 0 0 0 0 0 0 0 0 0 0 0 0 0 0 0 0
685 1093 171 618 877 154 473 1061 956 107 1117 685 1085 86 814 1066 98 671 836 726
548 340 777 979 85 183 143 893 244 233 773 303 1043 106 1056 753 538 624 39 766
1018 1108 95 687 908 215 466 303 202 754 495 64 29 323 5 758 937 59 950 420
220 817 1076 786 469 1136 255 353 475 524 766 804 1066 340 904 643 1143 983 577 184
0 0 0 0 0 0 0 0 0 0 0 0 0 0 0 0 0 0 0 0
0 0 0 0 0 0 0 0 0 0 0 0 0 0 0 0 0 0 0 0
109 476 266 617 791 1044 790 548 582 560 978 721 571 724 607 1070 840 1122 808 863
705 727 562 1145 190 526 637 622 986 343 778 565 1069 957 1031 948 612 358 679 215
389 1109 981 339 247 772 1032 1096 508 617 811 931 904 175 408 917 1055 509 1055 918
239 532 233 148 229 1120 1113 600 1035 910 1043 33 229 1052 125 185 310 661 757 869
0 0 0 0 0 0 0 0 0 0 0 0 0 0 0 0 0 0 0 0
0 0 0 0 0 0 0 0 0 0 0 0 0 0 0 0 0 0 0 0
694 932 563 2 478 597 830 253 453 374 338 925 309 58 731 596 355 404 779 1003
95 28 269 1023 105 344 902 361 685 727 688 1113 172 1052 343 524 575 586 1135 418
527 914 179 1119 220 180 123 478 582 213 153 164 267 1017 902 786 677 319 581 526
334 181 387 803 550 588 152 1016 444 124 177 324 487 520 46 640 955 921 44 116
0 0 0 0 0 0 0 0 0 0 0 0 0 0 0 0 0 0 0 0
0 0 0 0 0 0 0 0 0 0 0 0 0 0 0 0 0 0 0 0
670 970 92 57 554 815 716 540 737 1026 1130 339 835 425 444 501 633 594 19 255
938 150 1022 476 67 668 775 855 229 793 300 621 905 707 831 1094 416 879 358 639
700 107 29 894 562 166 602 454 142 889 666 615 935 732 78 900 804 667 551 400
469 101 791 194 914 1132 1003 569 794 994 1124 688 147 575 235 812 1082 448 41 1029
0 0 0 0 0 0 0 0 0 0 0 0 0 0 0 0 0 0 0 0
0 0 0 0 0 0 0 0 0 0 0 0 0 0 0 0 0 0 0 0
887 1141 192 614 888 164 145 244 896 931 414 261 436 22 824 586 76 1033 206 967
1153 110 534 1047 1118 513 212 670 327 297 675 475 796 112 327 496 242 1005 336 938
507 284 848 201 230 647 1133 1047 897 232 144 778 482 942 1147 1035 1080 846 111 1024
397 924 116 965 820 214 1039 882 174 441 664 895 852 933 12 892 335 625 531 732
0 0 0 0 0 0 0 0 0 0 0 0 0 0 0 0 0 0 0 0
0 0 0 0 0 0 0 0 0 0 0 0 0 0 0 0 0 0 0 0
865 626 277 424 339 429 814 234 295 968 79 463 635 78 51 449 19 930 78 779
837 475 486 813 873 364 1048 130 126 858 716 57 661 371 964 1002 941 1126 507 602
639 79 787 36 111 485 183 638 449 303 734 491 80 662 937 505 1016 301 463 739
947 519 828 58 174 601 861 861 803 533 170 703 392 436 718 467 397 835 854 802
0 0 0 0 0 0 0 0 0 0 0 0 0 0 0 0 0 0 0 0
0 0 0 0 0 0 0 0 0 0 0 0 0 0 0 0 0 0 0 0
323 1086 1054 760 187 688 775 741 140 403 1111 647 114 302 269 96 328 609 142 818
261 701 383 792 1092 377 301 614 575 888 212 38 689 140 678 135 1016 111 852 259
364 530 980 612 800 142 705 92 927 770 480 966 742 649 18 8 780 629 708 269
631 581 132 900 910 317 478 289 1063 1053 374 565 906 1018 608 233 29 870 862 408
0 0 0 0 0 0 0 0 0 0 0 0 0 0 0 0 0 0 0 0
0 0 0 0 0 0 0 0 0 0 0 0 0 0 0 0 0 0 0 0
12 870 232 892 567 368 512 1122 597 892 1027 251 411 536 846 219 655 222 405 744
733 434 606 829 1130 782 821 488 795 635 1061 1018 731 959 46 142 1095 388 970 176
364 555 88 898 1100 566 438 75 413 224 915 1009 1035 1053 804 801 171 432 53 610
241 1047 782 627 1097 953 663 293 93 581 542 55 174 149 437 638 411 108 253 701
0 0 0 0 0 0 0 0 0 0 0 0 0 0 0 0 0 0 0 0
0 0 0 0 0 0 0 0 0 0 0 0 0 0 0 0 0 0 0 0
562 222 83 1109 597 1141 964 524 860 1152 305 108 809 222 734 602 1110 105 459 806
625 782 1143 505 1091 1030 539 209 356 498 1030 579 747 970 552 915 338 984 172 985
129 275 966 450 960 529 38 980 245 175 1019 860 937 460 428 655 534 33 968 958
923 554 567 102 856 821 79 296 214 82 6 734 1103 936 174 831 1000 310 124 919
0 0 0 0 0 0 0 0 0 0 0 0 0 0 0 0 0 0 0 0
0 0 0 0 0 0 0 0 0 0 0 0 0 0 0 0 0 0 0 0
732 149 1028 1095 811 744 560 306 1014 997 1021 995 487 1068 844 366 1153 798 488 796
130 345 224 880 753 47 103 39 89 148 443 57 420 249 484 700 823 669 883 375
443 230 279 939 235 1043 529 619 391 1152 913 666 509 602 1135 270 1121 55 395 130
527 858 483 554 650 672 398 426 300 456 683 572 887 1041 582 1029 1033 117 361 1063
0 0 0 0 0 0 0 0 0 0 0 0 0 0 0 0 0 0 0 0
0 0 0 0 0 0 0 0 0 0 0 0 0 0 0 0 0 0 0 0
1028 1048 861 2 835 348 385 875 883 280 855 184 1036 1043 946 62 637 1047 978 413
920 1058 67 993 843 520 765 812 1088 467 747 361 818 719 297 686 555 525 990 816
787 345 578 1130 1107 497 1105 383 550 917 614 432 914 53 413 427 578 8 908 710
766 876 896 309 1039 872 131 793 296 619 1125 176 694 828 971 1103 607 762 152 611
0 0 0 0 0 0 0 0 0 0 0 0 0 0 0 0 0 0 0 0
0 0 0 0 0 0 0 0 0 0 0 0 0 0 0 0 0 0 0 0
975 401 328 385 828 158 967 381 614 491 995 748 359 503 655 403 999 437 957 113
937 491 517 416 627 1049 387 110 422 750 949 665 390 744 663 159 597 376 506 234
797 331 877 705 861 893 161 191 115 845 368 630 1047 281 1016 737 969 1040 1124 196
780 475 351 692 631 632 293 789 126 987 1044 435 569 591 516 2 443 1128 288 528
0 0 0 0 0 0 0 0 0 0 0 0 0 0 0 0 0 0 0 0
0 0 0 0 0 0 0 0 0 0 0 0 0 0 0 0 0 0 0 0
291 787 171 227 494 61 405 33 1009 558 549 1111 99 463 585 1012 253 606 50 879
631 87 575 779 222 311 133 1036 65 629 34 53 814 577 907 212 916 630 1075 285
984 437 997 62 274 744 1081 314 681 1026 23 1117 1000 737 485 59 876 725 297 243
382 710 1131 502 789 765 979 416 216 852 33 1060 899 689 948 863 1154 624 749 719
0 0 0 0 0 0 0 0 0 0 0 0 0 0 0 0 0 0 0 0
0 0 0 0 0 0 0 0 0 0 0 0 0 0 0 0 0 0 0 0
682 689 308 1134 929 9 25 738 785 987 84 206 853 278 916 286 632 503 607 557
504 1114 840 340 1106 509 411 899 533 1077 424 857 539 65 348 525 716 356 1086 467
248 550 1148 293 1069 1121 1107 68 823 164 154 195 984 364 633 1044 164 768 724 50
325 274 1061 900 562 517 602 1130 886 415 60 732 740 1070 162 629 892 596 592 825
0 0 0 0 0 0 0 0 0 0 0 0 0 0 0 0 0 0 0 0
0 0 0 0 0 0 0 0 0 0 0 0 0 0 0 0 0 0 0 0
937 723 150 299 842 1135 764 625 934 83 624 546 1059 210 671 291 887 604 246 820
1109 986 382 343 1102 786 916 633 251 397 428 815 1098 1022 987 907 965 1140 1145 14
606 534 51 471 758 968 339 715 572 452 455 1090 1147 907 514 588 526 495 77 378
239 460 387 50 589 390 165 377 689 400 929 1004 261 268 149 439 727 418 950 974
0 0 0 0 0 0 0 0 0 0 0 0 0 0 0 0 0 0 0 0
0 0 0 0 0 0 0 0 0 0 0 0 0 0 0 0 0 0 0 0
711 40 318 1058 1151 376 1051 876 102 1016 268 59 435 37 660 607 795 136 1101 177
220 419 688 730 332 601 853 293 9 941 308 917 895 446 228 466 1068 264 515 910
402 412 819 243 936 91 58 1001 1113 811 522 17 834 1135 339 903 707 900 1009 647
963 554 23 1032 816 676 587 263 595 631 1146 689 1127 4 360 495 956 1071 333 1033
0 0 0 0 0 0 0 0 0 0 0 0 0 0 0 0 0 0 0 0
0 0 0 0 0 0 0 0 0 0 0 0 0 0 0 0 0 0 0 0
925 348 1001 232 1104 956 825 67 424 762 54 565 10 974 935 120 643 1100 1117 955
787 998 280 1101 940 120 532 627 241 178 991 426 706 253 1025 768 713 667 268 1020
928 279 702 739 488 368 991 821 541 1046 657 23 24 71 837 839 1146 1068 353 34
444 547 239 896 1126 690 56 1069 961 543 341 337 948 237 145 847 749 146 331 445
0 0 0 0 0 0 0 0 0 0 0 0 0 0 0 0 0 0 0 0
0 0 0 0 0 0 0 0 0 0 0 0 0 0 0 0 0 0 0 0
803 762 431 211 385 203 606 975 991 44 896 79 130 706 198 152 1026 105 335 225
1143 706 208 259 521 833 961 395 542 4 157 127 106 780 516 845 279 852 998 128
351 96 649 531 1109 849 572 419 797 240 474 963 435 8 784 908 525 925 386 669
185 955 856 164 1095 755 962 766 112 948 986 40 1085 289 241 381 128 228 650 1016
0 0 0 0 0 0 0 0 0 0 0 0 0 0 0 0 0 0 0 0
0 0 0 0 0 0 0 0 0 0 0 0 0 0 0 0 0 0 0 0
658 1110 143 191 317 1101 476 312 418 1090 635 154 546 305 666 689 806 704 60 157
982 195 18 482 161 187 389 425 373 339 503 924 914 593 181 823 323 895 271 1068
951 257 972 998 685 491 681 263 478 109 527 799 73 90 1154 797 1004 437 951 772
326 1145 990 914 354 1077 547 458 490 271 124 967 786 919 121 939 362 644 1148 326
0 0 0 0 0 0 0 0 0 0 0 0 0 0 0 0 0 0 0 0
0 0 0 0 0 0 0 0 0 0 0 0 0 0 0 0 0 0 0 0
173 324 964 813 1152 147 905 199 1096 1044 83 176 389 230 324 786 284 1112 1085 457
375 664 1082 841 789 785 860 851 513 419 204 481 436 635 863 1128 763 562 1149 1116
1121 1 379 835 549 1118 421 1081 495 67 608 853 163 553 261 287 273 927 311 1034
621 381 87 344 1129 350 839 117 899 77 449 326 319 825 570 601 1029 127 739 375
0 0 0 0 0 0 0 0 0 0 0 0 0 0 0 0 0 0 0 0
0 0 0 0 0 0 0 0 0 0 0 0 0 0 0 0 0 0 0 0
36 1150 1 969 39 745 516 100 83 461 653 399 647 1081 220 1039 424 1084 970 680
306 78 4 751 215 352 828 202 333 835 198 906 714 468 566 1018 819 940 472 520
885 857 768 777 884 644 135 498 1088 704 270 884 1145 673 528 291 276 34 656 592
854 474 13 406 436 443 1150 237 824 966 1102 1044 208 909 156 710 506 641 159 2
0 0 0 0 0 0 0 0 0 0 0 0 0 0 0 0 0 0 0 0
0 0 0 0 0 0 0 0 0 0 0 0 0 0 0 0 0 0 0 0
244 347 749 178 968 538 704 525 372 169 527 126 1094 751 994 173 36 660 61 228
869 867 906 135 701 537 293 115 772 763 184 476 803 196 538 569 969 612 754 367
375 17 56 217 316 730 441 781 440 496 523 186 994 840 295 547 686 131 288 83
963 496 998 168 272 608 1129 668 848 632 233 978 666 61 593 532 969 227 644 535
0 0 0 0 0 0 0 0 0 0 0 0 0 0 0 0 0 0 0 0
0 0 0 0 0 0 0 0 0 0 0 0 0 0 0 0 0 0 0 0
798 349 875 1098 1007 709 932 344 595 324 1078 664 390 847 740 363 14 1037 851 366
723 76 448 42 992 808 932 312 445 1062 693 822 1126 792 385 746 321 907 464 925
466 638 592 678 342 1099 669 830 1120 83 299 708 30 394 496 1003 1001 582 528 1150
301 247 989 183 267 195 135 945 735 635 1100 817 349 26 641 427 444 78 785 392
0 0 0 0 0 0 0 0 0 0 0 0 0 0 0 0 0 0 0 0
0 0 0 0 0 0 0 0 0 0 0 0 0 0 0 0 0 0 0 0
327 14 355 603 700 487 926 63 1001 3 736 1105 241 427 813 645 364 36 376 177
225 937 377 796 487 1036 1063 87 587 197 872 299 385 360 177 1134 113 1145 603 359
1128 449 28 823 797 751 58 433 319 529 13 928 66 595 616 985 98 91 931 159
422 1114 441 520 90 78 324 920 531 153 1111 1040 360 1052 96 622 267 428 221 523
0 0 0 0 0 0 0 0 0 0 0 0 0 0 0 0 0 0 0 0
0 0 0 0 0 0 0 0 0 0 0 0 0 0 0 0 0 0 0 0
929 1036 315 1026 124 423 159 491 900 131 646 290 105 547 737 936 818 685 724 1038
120 801 988 297 475 561 569 289 560 897 385 1014 137 753 439 296 82 98 23 1052
870 995 654 826 70 684 274 135 914 1056 928 199 393 156 408 940 356 575 919 238
398 831 790 375 697 11 245 835 353 803 990 291 1139 204 1104 266 995 802 882 457
0 0 0 0 0 0 0 0 0 0 0 0 0 0 0 0 0 0 0 0
0 0 0 0 0 0 0 0 0 0 0 0 0 0 0 0 0 0 0 0
259 689 1043 461 1141 624 843 1006 941 242 998 1057 1106 352 26 138 177 62 247 662
1070 951 618 912 533 351 548 590 444 1053 38 103 797 333 650 233 714 427 225 447
845 388 159 450 410 592 891 1079 875 532 793 590 83 490 752 392 289 534 138 358
896 860 499 276 1038 1132 919 959 455 291 1148 632 121 115 451 1060 150 690 717 240
0 0 0 0 0 0 0 0 0 0 0 0 0 0 0 0 0 0 0 0
0 0 0 0 0 0 0 0 0 0 0 0 0 0 0 0 0 0 0 0
42 232 1068 1144 886 778 793 1054 97 1 506 345 779 145 865 822 15 106 1020 1118
23 1028 476 54 142 148 925 155 135 459 120 180 978 909 120 842 229 144 546 1149
1058 754 716 688 339 705 802 855 23 448 451 913 160 727 889 172 351 747 824 912
85 201 232 155 481 1096 362 296 1059 657 873 441 576 492 555 980 881 935 864 263
0 0 0 0 0 0 0 0 0 0 0 0 0 0 0 0 0 0 0 0
0 0 0 0 0 0 0 0 0 0 0 0 0 0 0 0 0 0 0 0
474 100 271 417 78 1009 830 599 1144 52 377 249 591 14 1147 432 1046 849 867 361
1041 1139 474 112 1129 1105 465 658 991 139 675 781 438 743 632 1091 132 761 1119 373
770 844 1090 277 825 342 125 1093 1011 739 285 100 0 444 398 861 280 102 915 575
531 1090 371 438 807 754 395 438 684 502 686 734 403 699 1140 387 733 193 392 222
0 0 0 0 0 0 0 0 0 0 0 0 0 0 0 0 0 0 0 0
0 0 0 0 0 0 0 0 0 0 0 0 0 0 0 0 0 0 0 0
822 142 266 486 610 883 270 982 635 393 552 750 171 298 333 306 737 218 886 515
670 1103 98 1036 1079 150 103 38 878 993 623 149 783 137 744 666 397 583 47 557
676 856 94 773 699 1081 899 513 494 893 1031 921 790 909 447 1112 403 794 665 1026
342 362 834 291 781 523 51 579 606 67 708 374 556 850 784 845 293 841 1022 948
0 0 0 0 0 0 0 0 0 0 0 0 0 0 0 0 0 0 0 0
0 0 0 0 0 0 0 0 0 0 0 0 0 0 0 0 0 0 0 0
791 388 1005 508 648 289 798 778 424 845 730 1105 300 794 874 847 1047 1121 556 362
549 99 402 1043 890 38 1109 215 437 275 864 567 278 1047 53 730 887 664 120 112
344 22 522 215 1002 675 512 1054 566 749 14 102 344 883 296 446 1092 732 259 624
1139 287 690 645 337 711 245 458 543 239 559 608 7 372 34 314 565 1104 666 69
0 0 0 0 0 0 0 0 0 0 0 0 0 0 0 0 0 0 0 0
0 0 0 0 0 0 0 0 0 0 0 0 0 0 0 0 0 0 0 0
194 268 1058 1128 1037 867 519 77 184 357 672 173 809 533 1137 772 847 77 172 711
76 1100 1106 206 50 256 597 628 1083 972 776 509 1123 731 180 709 100 151 1056 484
916 709 234 636 996 997 1132 877 489 756 234 910 998 461 267 127 159 1087 883 625
818 832 82 850 776 42 259 9 1102 967 40 616 585 824 49 190 1075 1092 94 842
0 0 0 0 0 0 0 0 0 0 0 0 0 0 0 0 0 0 0 0
0 0 0 0 0 0 0 0 0 0 0 0 0 0 0 0 0 0 0 0
1108 227 69 825 896 705 222 993 172 919 266 1024 620 809 112 666 624 926 1150 556
859 617 559 346 903 186 572 85 958 960 258 1079 675 1041 530 976 1015 299 866 26
291 90 395 450 829 478 553 241 820 884 470 461 407 1019 456 562 857 726 843 967
961 57 528 716 534 808 636 922 104 779 340 678 602 964 463 1099 527 1043 955 379
0 0 0 0 0 0 0 0 0 0 0 0 0 0 0 0 0 0 0 0
0 0 0 0 0 0 0 0 0 0 0 0 0 0 0 0 0 0 0 0
524 476 6 458 536 806 785 587 812 748 55 142 720 762 927 204 429 622 982 882
398 548 1115 1126 522 395 86 220 908 360 471 589 750 575 41 209 428 2 996 339
244 590 386 691 648 59 831 855 7 84 91 628 284 408 560 473 582 889 943 786
217 927 620 699 16 257 841 484 187 132 888 561 697 505 860 732 981 117 796 1033
0 0 0 0 0 0 0 0 0 0 0 0 0 0 0 0 0 0 0 0
0 0 0 0 0 0 0 0 0 0 0 0 0 0 0 0 0 0 0 0
643 842 1020 99 426 648 532 739 344 873 908 129 1080 294 916 808 1075 430 1149 817
294 135 779 943 795 473 1047 735 651 1106 1012 1017 388 381 327 37 458 30 6 1047
966 644 1055 240 264 179 373 126 223 234 50 258 364 964 407 697 372 755 839 850
621 275 49 945 732 66 4 407 608 515 769 161 1087 58 620 633 851 1080 344 715
0 0 0 0 0 0 0 0 0 0 0 0 0 0 0 0 0 0 0 0
0 0 0 0 0 0 0 0 0 0 0 0 0 0 0 0 0 0 0 0
830 875 375 544 949 1116 691 667 945 781 525 207 931 276 1065 78 799 358 13 1036
777 127 467 709 531 1036 728 385 419 428 945 667 365 1113 967 971 256 639 590 950
465 366 692 917 136 242 8 452 431 433 409 678 303 114 960 569 995 515 181 818
687 505 374 641 245 994 928 667 277 653 1147 169 1042 687 838 511 273 504 120 880
0 0 0 0 0 0 0 0 0 0 0 0 0 0 0 0 0 0 0 0
0 0 0 0 0 0 0 0 0 0 0 0 0 0 0 0 0 0 0 0
663 1115 810 532 350 252 440 1072 1123 668 72 1109 810 309 575 834 1091 653 1032 481
1058 43 147 676 66 308 448 200 811 499 429 715 288 793 125 1038 784 268 51 686
618 238 276 1095 69 1134 1078 854 793 487 821 286 802 710 215 481 553 247 143 566
52 150 777 354 263 567 289 154 593 785 787 519 460 595 268 305 859 41 185 238
0 0 0 0 0 0 0 0 0 0 0 0 0 0 0 0 0 0 0 0
0 0 0 0 0 0 0 0 0 0 0 0 0 0 0 0 0 0 0 0
727 164 936 774 913 793 741 346 995 4 220 638 536 1017 905 205 369 854 174 228
11 536 850 616 875 302 192 545 483 760 560 45 645 177 367 646 812 339 971 189
156 767 291 274 708 627 1103 816 804 1093 532 1122 176 1034 112 1116 537 870 46 538
434 254 1144 246 1054 181 479 541 519 190 649 1054 987 961 1001 598 972 407 114 28
0 0 0 0 0 0 0 0 0 0 0 0 0 0 0 0 0 0 0 0
0 0 0 0 0 0 0 0 0 0 0 0 0 0 0 0 0 0 0 0
1076 457 683 74 1065 887 82 852 694 863 338 628 762 425 198 367 791 314 741 145
247 1083 153 581 786 383 146 200 71 1081 63 827 819 973 787 117 629 566 348 1041
1042 959 1087 458 817 517 1109 191 6 1120 100 159 975 269 133 233 191 881 949 1052
95 467 108 226 777 294 1117 91 40 787 29 143 188 105 833 554 23 781 359 327
0 0 0 0 0 0 0 0 0 0 0 0 0 0 0 0 0 0 0 0
0 0 0 0 0 0 0 0 0 0 0 0 0 0 0 0 0 0 0 0
1033 187 859 276 113 576 872 41 139 873 336 325 179 730 631 510 837 30 357 334
704 874 29 1088 774 477 971 700 174 41 212 260 155 524 277 70 599 1081 186 841
544 19 1139 864 83 527 809 1109 885 717 465 871 104 500 757 702 909 1063 11 323
1069 957 361 1111 39 681 1147 595 872 265 347 219 887 506 604 647 784 126 946 235
0 0 0 0 0 0 0 0 0 0 0 0 0 0 0 0 0 0 0 0
0 0 0 0 0 0 0 0 0 0 0 0 0 0 0 0 0 0 0 0
201 79 851 787 659 659 978 65 125 401 171 648 358 60 863 1137 104 755 982 1037
549 949 719 745 931 632 659 26 1027 10 561 868 1 687 361 1115 97 556 606 484
12 934 1033 1004 124 1023 397 649 1074 337 1023 258 209 428 1017 167 817 936 1065 967
179 261 335 586 238 219 900 292 23 995 252 28 129 758 66 904 326 101 465 587
0 0 0 0 0 0 0 0 0 0 0 0 0 0 0 0 0 0 0 0
0 0 0 0 0 0 0 0 0 0 0 0 0 0 0 0 0 0 0 0
495 32 447 546 396 559 554 407 745 616 309 475 386 445 990 430 1131 371 860 322
840 962 18 670 129 1016 555 738 813 877 940 847 38 799 687 965 627 1016 71 329
1069 812 979 759 291 226 667 443 217 385 118 769 223 115 28 672 759 192 1081 1038
977 63 796 645 231 420 1142 124 591 956 540 593 191 1122 870 690 147 815 923 575
0 0 0 0 0 0 0 0 0 0 0 0 0 0 0 0 0 0 0 0
0 0 0 0 0 0 0 0 0 0 0 0 0 0 0 0 0 0 0 0
253 396 586 473 659 1127 150 680 558 100 1080 350 642 760 1061 957 1066 21 853 957
435 163 295 364 498 594 345 1133 75 656 125 978 1141 863 217 574 927 233 420 573
809 338 954 653 680 850 1024 779 251 295 1085 658 732 1073 128 361 592 716 508 1034
569 1009 48 229 421 339 913 746 736 1049 147 440 1007 812 198 1033 228 702 1124 810
0 0 0 0 0 0 0 0 0 0 0 0 0 0 0 0 0 0 0 0
0 0 0 0 0 0 0 0 0 0 0 0 0 0 0 0 0 0 0 0
953 521 469 1127 405 28 964 873 705 190 404 396 403 1075 831 355 851 204 190 765
335 567 315 3 446 566 520 198 902 885 1000 1082 321 18 1118 840 343 31 236 626
383 1075 1007 493 267 1105 334 772 68 319 303 282 479 151 739 585 3 126 220 1052
736 825 140 706 1130 5 553 563 825 755 1033 599 1080 1101 629 970 149 161 863 858
0 0 0 0 0 0 0 0 0 0 0 0 0 0 0 0 0 0 0 0
0 0 0 0 0 0 0 0 0 0 0 0 0 0 0 0 0 0 0 0
790 17 1005 1065 244 58 355 251 620 315 641 699 351 331 220 787 416 1000 744 298
328 411 264 157 721 1078 912 281 351 961 687 278 727 21 1054 1016 14 633 928 453
408 16 1063 1054 124 694 739 637 463 438 250 1085 338 953 397 855 207 802 158 1106
181 421 277 1052 731 458 901 931 1052 91 714 502 973 814 731 626 1105 901 976 510
0 0 0 0 0 0 0 0 0 0 0 0 0 0 0 0 0 0 0 0
0 0 0 0 0 0 0 0 0 0 0 0 0 0 0 0 0 0 0 0
694 42 1 1138 1069 399 509 128 285 980 468 594 1056 1036 427 1076 759 681 422 427
1105 919 358 1112 580 1000 773 1136 1093 1015 696 702 1009 501 1122 632 564 932 235 1101
1106 292 589 1149 779 66 111 714 1041 707 1097 861 1025 345 371 355 609 47 297 900
834 2 967 1112 156 1074 637 703 744 622 337 227 70 846 348 1033 355 226 799 792
0 0 0 0 0 0 0 0 0 0 0 0 0 0 0 0 0 0 0 0
0 0 0 0 0 0 0 0 0 0 0 0 0 0 0 0 0 0 0 0
317 286 112 375 407 894 123 1098 500 680 663 1053 101 276 1081 876 233 418 703 864
509 1015 3 93 1152 811 938 314 643 398 743 281 166 969 1080 388 1037 763 14 717
779 630 38 577 1033 230 1094 734 1036 325 1153 199 1062 769 430 1040 622 499 710 284
303 276 1047 218 219 625 565 128 499 873 78 226 1081 671 792 452 118 499 899 644
0 0 0 0 0 0 0 0 0 0 0 0 0 0 0 0 0 0 0 0
0 0 0 0 0 0 0 0 0 0 0 0 0 0 0 0 0 0 0 0
1067 265 93 871 665 988 624 840 230 167 46 1047 811 857 1006 482 397 800 892 973
16 110 671 199 872 132 449 168 47 615 591 829 560 256 556 442 853 1075 234 1012
999 516 790 818 28 763 70 980 875 1111 1002 545 928 518 1141 944 215 757 715 996
1117 96 565 100 867 105 626 711 647 674 812 167 902 1064 382 822 5 169 550 935
0 0 0 0 0 0 0 0 0 0 0 0 0 0 0 0 0 0 0 0
0 0 0 0 0 0 0 0 0 0 0 0 0 0 0 0 0 0 0 0
1094 838 749 203 1107 288 1015 905 707 425 607 892 1128 1017 557 130 842 894 935 1154
324 666 849 853 768 42 967 1040 60 1119 1023 720 689 996 144 799 1047 679 642 408
1041 128 901 396 499 911 798 25 664 345 713 844 1061 319 640 687 425 1109 12 429
531 195 385 568 539 726 877 619 926 189 915 1101 211 582 388 254 631 245 791 404
0 0 0 0 0 0 0 0 0 0 0 0 0 0 0 0 0 0 0 0
0 0 0 0 0 0 0 0 0 0 0 0 0 0 0 0 0 0 0 0
374 809 1020 890 818 790 215 307 1039 676 108 5 7 672 1146 30 17 457 1003 192
218 155 377 483 157 1082 607 816 48 998 318 540 723 160 1015 617 356 1101 399 776
116 1144 847 34 1089 882 661 69 1057 227 230 292 631 647 607 265 854 719 256 118
589 922 716 28 460 774 325 843 379 760 805 1005 1132 761 877 910 1118 104 791 844
0 0 0 0 0 0 0 0 0 0 0 0 0 0 0 0 0 0 0 0
0 0 0 0 0 0 0 0 0 0 0 0 0 0 0 0 0 0 0 0
1139 156 264 612 207 68 20 978 407 271 318 391 898 785 1118 503 171 161 304 535
756 213 952 1148 586 2 1079 872 372 1011 874 568 174 765 322 204 127 884 863 38
633 871 305 145 34 702 650 414 639 74 136 158 1132 60 936 66 0 580 295 1080
157 1065 726 163 316 1118 158 574 1126 263 940 808 156 898 935 623 949 795 570 83
0 0 0 0 0 0 0 0 0 0 0 0 0 0 0 0 0 0 0 0
0 0 0 0 0 0 0 0 0 0 0 0 0 0 0 0 0 0 0 0
639 359 484 763 488 21 1111 756 780 1116 548 499 613 846 570 312 720 964 993 999
29 49 957 26 257 247 184 1068 654 1020 210 506 262 613 897 473 833 996 1078 994
864 524 497 92 273 307 91 821 756 108 244 517 553 281 1029 492 374 784 163 199
189 1015 702 578 489 530 215 491 749 750 107 882 771 299 335 1052 968 642 170 118
0 0 0 0 0 0 0 0 0 0 0 0 0 0 0 0 0 0 0 0
0 0 0 0 0 0 0 0 0 0 0 0 0 0 0 0 0 0 0 0
330 633 71 100 258 894 484 291 629 534 309 1009 473 607 724 440 289 576 744 1109
1062 380 162 465 943 695 695 54 990 987 970 221 615 645 188 34 290 1015 336 1125
952 5 1150 509 149 913 47 674 516 989 531 717 688 495 887 317 431 406 866 71
874 614 930 96 153 823 499 973 800 248 1130 326 653 782 563 715 1089 337 87 314
0 0 0 0 0 0 0 0 0 0 0 0 0 0 0 0 0 0 0 0
0 0 0 0 0 0 0 0 0 0 0 0 0 0 0 0 0 0 0 0
20 300 14 1070 112 129 144 602 584 180 26 419 1072 1083 242 602 618 498 180 812
762 676 675 513 124 975 395 687 243 671 46 154 924 698 1109 342 334 835 997 993
528 594 159 1042 881 772 1051 449 255 984 872 324 15 948 937 301 354 686 673 30
1018 562 1138 742 1122 854 356 176 430 487 139 673 509 399 103 703 99 147 456 28
0 0 0 0 0 0 0 0 0 0 0 0 0 0 0 0 0 0 0 0
0 0 0 0 0 0 0 0 0 0 0 0 0 0 0 0 0 0 0 0
1036 474 3 82 920 320 693 817 918 823 233 28 789 499 49 273 445 288 1039 479
857 945 559 988 517 1078 959 182 136 1069 1118 500 276 103 166 273 248 1083 1064 660
525 188 695 1097 408 912 1088 834 1048 373 0 363 665 60 955 772 950 64 390 248
1133 874 872 964 559 314 640 744 529 63 4 801 840 464 580 472 345 31 674 191
0 0 0 0 0 0 0 0 0 0 0 0 0 0 0 0 0 0 0 0
0 0 0 0 0 0 0 0 0 0 0 0 0 0 0 0 0 0 0 0
625 740 952 1075 477 31 173 15 371 72 446 541 732 581 708 396 657 549 857 1030
276 169 938 535 472 896 802 416 285 645 150 1060 434 28 406 197 528 749 172 329
42 468 830 1042 564 750 508 625 856 188 693 398 985 19 268 897 916 152 207 1098
904 1031 236 735 1080 9 932 854 328 187 188 1038 819 826 1070 628 428 531 905 891
0 0 0 0 0 0 0 0 0 0 0 0 0 0 0 0 0 0 0 0
0 0 0 0 0 0 0 0 0 0 0 0 0 0 0 0 0 0 0 0
328 875 1030 205 419 700 211 661 1 812 834 62 671 595 291 876 259 531 439 930
613 955 372 249 100 707 607 249 184 258 324 950 760 64 1067 495 832 844 752 877
868 971 467 24 504 495 374 671 1013 759 774 574 457 986 860 1017 641 348 976 568
1144 660 1127 296 752 525 851 874 997 1143 467 999 677 699 600 770 850 1027 730 215
0 0 0 0 0 0 0 0 0 0 0 0 0 0 0 0 0 0 0 0
0 0 0 0 0 0 0 0 0 0 0 0 0 0 0 0 0 0 0 0
766 965 212 1111 732 517 54 344 1036 195 453 1051 1024 788 642 1151 777 302 142 754
321 257 211 803 72 414 976 950 364 619 383 186 87 459 279 1050 845 388 4 239
641 426 126 627 250 909 81 380 1068 5 372 368 88 475 248 757 264 948 328 902
903 244 825 1097 283 801 907 427 924 687 170 1013 46 124 1131 764 381 661 435 1065
0 0 0 0 0 0 0 0 0 0 0 0 0 0 0 0 0 0 0 0
0 0 0 0 0 0 0 0 0 0 0 0 0 0 0 0 0 0 0 0
84 564 810 993 773 27 1026 1143 900 986 6 451 274 442 209 600 1115 384 414 338
404 278 57 311 159 562 621 127 554 831 1153 132 679 1030 129 780 448 654 706 1152
5 17 876 1062 1131 178 988 946 145 487 204 1114 334 1118 771 600 238 957 902 387
20 482 316 1047 794 824 251 456 990 917 948 397 410 688 572 1093 803 883 793 843
0 0 0 0 0 0 0 0 0 0 0 0 0 0 0 0 0 0 0 0
0 0 0 0 0 0 0 0 0 0 0 0 0 0 0 0 0 0 0 0
989 866 616 17 346 567 517 645 53 655 633 591 423 754 952 143 280 153 603 334
1049 60 1048 374 138 881 754 153 156 404 162 603 199 21 419 168 799 1042 1010 271
946 210 1105 272 199 1034 992 87 770 539 227 951 73 172 257 454 266 76 1103 421
270 738 1151 1024 194 490 1009 732 561 496 252 892 953 1053 308 705 1064 172 348 351
0 0 0 0 0 0 0 0 0 0 0 0 0 0 0 0 0 0 0 0
0 0 0 0 0 0 0 0 0 0 0 0 0 0 0 0 0 0 0 0
1143 77 848 794 1138 698 723 706 1097 537 443 1107 966 595 747 1056 1148 46 488 1115
149 490 439 258 42 523 851 64 462 395 358 642 698 973 745 403 140 279 983 968
874 298 559 538 732 1154 306 190 958 414 354 605 396 155 284 318 294 35 99 554
778 119 908 299 861 921 109 923 259 85 89 1075 58 104 524 956 131 809 259 884
0 0 0 0 0 0 0 0 0 0 0 0 0 0 0 0 0 0 0 0
0 0 0 0 0 0 0 0 0 0 0 0 0 0 0 0 0 0 0 0
662 763 1034 255 69 1066 318 1026 1099 444 441 368 1000 771 9 638 673 607 1015 307
897 998 96 856 430 29 521 30 152 295 109 922 79 690 1051 715 639 1145 918 730
173 848 564 616 324 395 676 108 1108 521 111 620 863 607 789 994 1042 558 64 253
460 97 201 620 427 568 721 1125 863 98 43 871 272 235 538 366 408 122 1029 337
0 0 0 0 0 0 0 0 0 0 0 0 0 0 0 0 0 0 0 0
0 0 0 0 0 0 0 0 0 0 0 0 0 0 0 0 0 0 0 0
266 357 844 478 297 1115 970 340 425 345 640 293 550 1049 747 423 348 716 319 381
1144 179 529 152 499 832 49 941 204 60 756 222 370 28 1085 372 878 169 1034 209
123 1138 255 830 938 700 1036 1024 421 1139 1046 312 377 515 31 776 621 1072 936 137
489 1011 154 172 571 1045 38 253 821 82 1026 624 887 1024 523 457 1015 1132 283 824
0 0 0 0 0 0 0 0 0 0 0 0 0 0 0 0 0 0 0 0
0 0 0 0 0 0 0 0 0 0 0 0 0 0 0 0 0 0 0 0
793 302 460 923 587 493 282 805 248 563 631 144 151 6 813 811 852 1039 1001 493
390 1008 950 690 957 22 365 1017 882 631 607 1078 506 633 1119 773 970 398 185 513
907 192 417 401 1091 981 529 1116 408 689 798 553 432 253 609 114 34 56 833 911
897 1144 808 425 726 993 774 399 392 246 887 1122 316 52 221 266 808 664 852 1061
0 0 0 0 0 0 0 0 0 0 0 0 0 0 0 0 0 0 0 0
0 0 0 0 0 0 0 0 0 0 0 0 0 0 0 0 0 0 0 0
1093 937 706 5 882 145 1006 665 4 749 239 1153 864 896 1064 721 128 900 146 957
1043 468 535 959 127 67 677 440 827 742 712 301 978 1051 726 322 883 697 545 534
764 57 329 57 121 0 658 808 78 1059 702 535 906 1069 463 108 503 1105 202 395
861 644 477 809 573 548 329 980 615 374 161 89 315 32 161 958 285 883 486 550
0 0 0 0 0 0 0 0 0 0 0 0 0 0 0 0 0 0 0 0
0 0 0 0 0 0 0 0 0 0 0 0 0 0 0 0 0 0 0 0
525 706 1144 339 407 150 72 734 512 362 37 435 1091 329 360 135 342 561 373 1066
301 846 724 1120 1026 465 33 532 166 991 104 93 919 358 608 245 999 583 762 913
470 468 537 208 614 1144 86 816 520 761 33 716 5 257 1126 774 531 873 262 550
1106 459 243 764 30 607 664 1063 83 0 102 953 381 37 257 854 349 806 827 630
0 0 0 0 0 0 0 0 0 0 0 0 0 0 0 0 0 0 0 0
0 0 0 0 0 0 0 0 0 0 0 0 0 0 0 0 0 0 0 0
34 588 43 719 824 365 430 209 130 745 362 613 961 493 996 1090 345 647 440 348
355 479 382 665 310 1131 135 571 241 66 22 1076 198 688 312 157 9 451 876 762
356 685 638 822 28 50 517 681 674 491 191 395 1055 714 559 816 19 809 1151 904
294 671 39 799 96 868 453 388 721 673 85 1050 909 134 122 219 785 736 746 794
0 0 0 0 0 0 0 0 0 0 0 0 0 0 0 0 0 0 0 0
0 0 0 0 0 0 0 0 0 0 0 0 0 0 0 0 0 0 0 0
710 551 815 107 786 557 537 432 400 187 829 750 1087 226 737 315 874 331 1147 866
1077 1022 207 851 511 398 410 805 685 653 1087 177 305 936 982 838 594 355 44 252
152 603 959 442 456 333 49 39 713 890 1046 296 495 867 851 183 994 976 785 633
492 1039 162 1152 571 292 758 19 1064 673 353 122 838 166 841 520 803 175 132 174
0 0 0 0 0 0 0 0 0 0 0 0 0 0 0 0 0 0 0 0
0 0 0 0 0 0 0 0 0 0 0 0 0 0 0 0 0 0 0 0
445 743 865 382 897 409 1100 671 458 816 1055 1036 180 902 431 377 800 779 93 822
181 203 627 735 841 426 476 616 322 393 70 940 434 160 821 401 117 957 698 1053
893 851 1051 928 420 327 867 417 1039 527 693 432 711 1061 917 1001 678 233 330 428
755 992 441 648 153 872 871 979 651 51 282 276 111 811 908 152 33 364 332 273
0 0 0 0 0 0 0 0 0 0 0 0 0 0 0 0 0 0 0 0
0 0 0 0 0 0 0 0 0 0 0 0 0 0 0 0 0 0 0 0
115 519 893 679 43 783 1060 53 852 842 819 723 458 239 1060 1055 838 871 563 332
1109 1094 946 789 200 907 403 1137 1041 160 404 125 92 179 618 498 281 152 507 283
74 1053 535 635 1055 85 808 513 793 385 1119 498 1052 664 1142 1067 245 112 807 935
239 667 599 1065 195 287 290 675 517 989 203 317 1082 67 381 760 283 923 1022 208
0 0 0 0 0 0 0 0 0 0 0 0 0 0 0 0 0 0 0 0
0 0 0 0 0 0 0 0 0 0 0 0 0 0 0 0 0 0 0 0
873 984 284 1065 8 1063 90 1018 661 645 555 723 242 845 35 111 280 79 1132 819
376 962 452 741 228 420 994 696 86 89 245 969 889 417 679 778 495 744 602 731
286 245 787 139 265 982 965 1096 1055 783 963 1066 518 238 826 597 337 432 586 70
438 1147 1150 325 982 46 377 220 937 334 837 454 847 497 1125 1053 425 926 634 257
0 0 0 0 0 0 0 0 0 0 0 0 0 0 0 0 0 0 0 0
0 0 0 0 0 0 0 0 0 0 0 0 0 0 0 0 0 0 0 0
950 413 676 710 311 22 1066 958 1028 363 512 984 778 882 679 1041 333 401 279 526
535 851 782 115 239 18 565 564 328 371 905 858 690 911 580 582 504 989 792 105
778 769 946 1005 578 605 1114 1017 153 27 717 208 850 575 976 670 96 854 1055 100
469 861 508 991 376 216 284 594 59 59 642 648 1029 721 666 946 351 774 707 466
0 0 0 0 0 0 0 0 0 0 0 0 0 0 0 0 0 0 0 0
0 0 0 0 0 0 0 0 0 0 0 0 0 0 0 0 0 0 0 0
297 107 975 800 349 590 161 1011 496 167 978 660 845 782 742 1002 980 26 90 794
471 84 387 615 527 605 1086 310 384 403 7 48 77 414 1115 49 135 22 340 506
1070 434 1058 862 1000 592 924 55 766 893 185 700 306 456 733 770 73 159 578 868
893 204 1075 180 189 551 1067 354 648 867 623 734 954 352 59 105 195 158 806 692
0 0 0 0 0 0 0 0 0 0 0 0 0 0 0 0 0 0 0 0
0 0 0 0 0 0 0 0 0 0 0 0 0 0 0 0 0 0 0 0
622 1098 895 445 0 915 1062 1026 664 637 177 227 672 568 240 7 211 1032 724 430
193 544 600 177 127 1 828 336 513 503 1080 1135 228 597 280 181 886 488 830 868
402 507 1080 341 828 571 1056 691 728 796 993 168 814 685 791 106 985 486 249 907
404 791 182 247 912 622 666 531 678 352 476 966 584 137 1030 266 1080 220 498 822
0 0 0 0 0 0 0 0 0 0 0 0 0 0 0 0 0 0 0 0
0 0 0 0 0 0 0 0 0 0 0 0 0 0 0 0 0 0 0 0
157 60 992 567 591 289 161 882 460 34 602 489 804 1047 34 585 765 1075 341 105
306 632 1100 973 8 1011 162 334 1109 540 1092 965 727 917 473 868 946 126 835 184
738 467 411 240 989 330 183 846 303 315 1078 190 460 1002 1107 207 455 979 91 60
943 610 1119 1132 569 677 300 290 840 312 94 446 252 777 746 78 128 495 366 458
0 0 0 0 0 0 0 0 0 0 0 0 0 0 0 0 0 0 0 0
0 0 0 0 0 0 0 0 0 0 0 0 0 0 0 0 0 0 0 0
859 17 400 1112 951 490 772 195 566 984 677 669 898 44 1052 852 391 181 1123 357
231 1073 1 1148 1139 259 51 893 335 824 831 585 207 357 1096 867 461 386 947 1005
446 1036 997 603 695 1135 936 278 123 646 552 70 404 864 456 414 576 1103 789 387
721 726 294 622 507 1010 117 215 636 154 891 596 1122 805 628 636 455 291 1094 576
0 0 0 0 0 0 0 0 0 0 0 0 0 0 0 0 0 0 0 0
0 0 0 0 0 0 0 0 0 0 0 0 0 0 0 0 0 0 0 0
189 735 390 523 860 1141 315 236 808 466 25 768 574 159 1114 71 159 236 847 898
1076 649 499 653 735 883 743 144 1066 179 598 174 907 874 1078 1018 960 1059 82 787
201 272 774 439 313 441 383 813 923 691 187 843 814 650 407 849 487 873 18 813
337 1040 585 230 728 811 852 317 540 368 728 1124 15 862 562 656 675 732 401 572
0 0 0 0 0 0 0 0 0 0 0 0 0 0 0 0 0 0 0 0
0 0 0 0 0 0 0 0 0 0 0 0 0 0 0 0 0 0 0 0
500 344 899 1092 1061 358 487 1126 681 832 82 166 585 506 907 230 478 479 134 512
116 519 394 426 665 823 926 1 266 873 1107 525 1052 646 505 1128 1095 379 22 933
254 361 808 1097 657 193 189 771 421 771 846 437 641 66 205 601 681 331 910 1064
202 1056 1023 755 819 229 1015 770 274 220 879 469 1050 556 1109 863 299 539 833 334
0 0 0 0 0 0 0 0 0 0 0 0 0 0 0 0 0 0 0 0
0 0 0 0 0 0 0 0 0 0 0 0 0 0 0 0 0 0 0 0
1054 593 397 877 741 800 568 576 666 4 413 619 473 478 813 184 1132 866 1002 1066
193 937 232 460 222 406 235 307 1032 42 850 558 925 457 576 902 273 657 1040 0
579 743 967 442 94 258 223 305 508 1013 566 867 944 135 630 1027 627 515 307 200
163 1036 443 1126 630 1019 1052 731 662 475 535 724 102 505 671 1134 117 831 118 103
0 0 0 0 0 0 0 0 0 0 0 0 0 0 0 0 0 0 0 0
0 0 0 0 0 0 0 0 0 0 0 0 0 0 0 0 0 0 0 0
880 173 53 479 449 1000 757 534 450 823 994 263 708 863 532 745 1031 503 898 958
974 290 1013 64 1037 978 137 329 1045 891 234 865 613 278 415 382 1079 1037 1123 459
499 959 809 278 202 934 516 922 789 226 1140 375 875 1154 22 161 339 851 910 605
524 743 116 255 125 77 151 626 301 1053 19 90 129 855 661 86 1125 7 1132 69
0 0 0 0 0 0 0 0 0 0 0 0 0 0 0 0 0 0 0 0
0 0 0 0 0 0 0 0 0 0 0 0 0 0 0 0 0 0 0 0
340 839 803 68 14 939 398 202 1027 858 228 208 435 1008 88 258 375 515 39 978
111 210 744 536 484 1030 571 1142 761 1098 453 801 866 210 501 916 714 1062 602 1110
1016 320 787 858 647 145 1057 729 478 862 555 483 349 693 64 994 222 859 1118 331
533 1137 781 1051 120 198 473 311 1093 963 129 475 492 851 540 495 132 627 70 192
0 0 0 0 0 0 0 0 0 0 0 0 0 0 0 0 0 0 0 0
0 0 0 0 0 0 0 0 0 0 0 0 0 0 0 0 0 0 0 0
343 659 110 3 85 156 643 1102 457 253 450 312 419 1014 706 590 433 238 906 146
343 1013 840 637 151 230 769 629 796 426 781 556 415 1092 12 634 1131 372 218 815
117 574 656 1125 452 695 765 474 612 686 147 940 239 517 841 922 541 593 1099 432
154 913 229 989 244 638 225 624 449 902 760 200 17 488 737 955 132 32 584 593
0 0 0 0 0 0 0 0 0 0 0 0 0 0 0 0 0 0 0 0
0 0 0 0 0 0 0 0 0 0 0 0 0 0 0 0 0 0 0 0
964 893 323 852 270 791 1044 935 1109 102 696 1005 771 664 618 894 707 521 271 262
973 55 648 893 921 121 260 796 438 23 1049 1095 118 392 1069 102 15 317 116 77
559 239 851 91 130 408 987 652 599 1071 190 226 731 1132 282 4 141 392 474 211
1007 646 231 774 239 1023 1020 1137 760 1068 209 638 1006 616 356 256 540 986 255 313
0 0 0 0 0 0 0 0 0 0 0 0 0 0 0 0 0 0 0 0
0 0 0 0 0 0 0 0 0 0 0 0 0 0 0 0 0 0 0 0
845 295 594 119 995 626 880 964 932 639 578 891 660 367 1002 495 980 455 610 978
506 124 786 296 385 207 473 61 63 505 926 601 285 1148 722 897 1152 146 33 814
411 642 751 441 499 105 582 1012 224 973 192 1118 1055 1013 25 225 566 504 48 359
256 868 795 316 956 527 352 1046 875 259 1124 389 269 1104 835 691 604 537 577 442
0 0 0 0 0 0 0 0 0 0 0 0 0 0 0 0 0 0 0 0
0 0 0 0 0 0 0 0 0 0 0 0 0 0 0 0 0 0 0 0
336 524 119 232 658 664 993 766 907 645 61 414 744 141 89 2 580 236 699 920
523 367 827 479 762 615 967 416 1014 718 960 775 114 732 330 521 1066 335 197 14
488 914 1016 105 207 105 1026 961 124 984 1084 280 934 511 1002 610 1099 141 670 169
842 441 141 1153 796 928 814 527 118 485 414 999 974 1100 25 328 582 670 1094 733
0 0 0 0 0 0 0 0 0 0 0 0 0 0 0 0 0 0 0 0
0 0 0 0 0 0 0 0 0 0 0 0 0 0 0 0 0 0 0 0
50 584 155 994 351 195 1019 816 476 1130 659 959 653 847 107 518 477 409 475 172
532 1 560 124 985 151 79 766 8 823 1116 984 657 646 104 801 1030 326 692 193
466 877 328 31 136 605 940 787 422 528 992 609 444 528 909 211 827 485 768 866
1141 437 550 836 116 840 1146 702 447 645 608 831 461 123 663 711 713 254 109 1091
0 0 0 0 0 0 0 0 0 0 0 0 0 0 0 0 0 0 0 0
0 0 0 0 0 0 0 0 0 0 0 0 0 0 0 0 0 0 0 0
976 867 994 755 868 621 515 693 155 1045 807 861 1146 670 1092 377 474 397 461 81
312 348 97 593 1067 1054 337 930 1033 1090 983 1140 33 988 435 335 81 883 969 986
885 625 1117 519 217 872 236 313 845 1116 424 715 86 669 931 917 563 294 1013 1147
529 481 1062 988 313 729 537 901 812 183 122 293 1074 78 942 842 210 308 257 175
0 0 0 0 0 0 0 0 0 0 0 0 0 0 0 0 0 0 0 0
0 0 0 0 0 0 0 0 0 0 0 0 0 0 0 0 0 0 0 0
990 332 170 212 14 274 670 657 460 806 957 175 0 242 389 280 779 133 486 670
1056 787 246 653 878 576 890 810 909 479 630 1088 442 1025 818 971 975 487 1004 821
1113 885 358 196 101 1144 987 577 437 762 1024 1140 192 963 545 776 806 1010 834 363
105 135 1069 910 39 171 750 189 550 585 30 402 659 987 659 957 931 255 641 941
0 0 0 0 0 0 0 0 0 0 0 0 0 0 0 0 0 0 0 0
0 0 0 0 0 0 0 0 0 0 0 0 0 0 0 0 0 0 0 0
304 959 907 949 369 587 789 552 1139 1109 921 523 151 1149 557 1061 272 349 1036 710
814 716 1008 179 419 626 686 510 1032 488 1031 689 138 881 700 447 986 1000 1034 122
892 982 745 710 20 540 434 723 904 114 1034 979 520 591 381 1135 651 34 753 367
457 581 821 596 991 1143 185 858 430 854 929 151 754 729 407 540 237 453 693 361
0 0 0 0 0 0 0 0 0 0 0 0 0 0 0 0 0 0 0 0
0 0 0 0 0 0 0 0 0 0 0 0 0 0 0 0 0 0 0 0
722 937 899 16 1102 280 996 116 124 277 494 855 1102 103 645 247 903 618 768 584
551 719 75 1007 74 480 23 377 714 219 842 757 742 839 1131 88 335 595 341 1062
737 195 748 783 768 812 867 339 771 1003 382 483 206 89 35 334 494 1138 1103 300
993 1016 255 549 145 164 951 890 331 547 528 491 389 714 277 860 1041 89 476 680
0 0 0 0 0 0 0 0 0 0 0 0 0 0 0 0 0 0 0 0
0 0 0 0 0 0 0 0 0 0 0 0 0 0 0 0 0 0 0 0
1047 18 741 989 42 1150 541 1067 357 1071 519 1062 557 890 1051 949 974 729 131 804
788 235 985 816 135 464 1153 161 863 391 915 469 366 979 439 13 394 129 861 66
695 169 316 876 409 893 227 68 485 489 965 512 1133 360 481 1021 341 301 511 1133
258 789 1108 1052 379 952 1028 635 102 76 14 695 168 53 40 335 411 54 321 444
0 0 0 0 0 0 0 0 0 0 0 0 0 0 0 0 0 0 0 0
0 0 0 0 0 0 0 0 0 0 0 0 0 0 0 0 0 0 0 0
277 1008 991 559 413 632 451 427 617 376 297 799 327 62 57 661 369 146 162 303
933 105 876 504 574 873 263 744 1073 6 957 1135 248 715 280 1 993 682 190 536
270 400 181 659 122 1131 392 44 673 936 823 19 573 670 741 931 952 416 973 290
738 1119 721 487 88 165 1022 612 96 329 22 672 927 1035 1101 162 183 589 711 732
0 0 0 0 0 0 0 0 0 0 0 0 0 0 0 0 0 0 0 0
0 0 0 0 0 0 0 0 0 0 0 0 0 0 0 0 0 0 0 0
730 599 924 56 543 795 1079 936 99 246 977 112 717 1135 1138 778 281 937 1068 108
242 981 392 573 952 352 566 265 471 461 6 552 577 875 28 1 390 926 509 592
195 926 556 206 897 239 132 724 816 893 1130 427 146 1059 472 409 218 416 543 1048
472 95 612 228 896 811 694 525 372 1080 532 363 746 518 391 928 1050 993 998 38
0 0 0 0 0 0 0 0 0 0 0 0 0 0 0 0 0 0 0 0
0 0 0 0 0 0 0 0 0 0 0 0 0 0 0 0 0 0 0 0
282 1118 742 138 82 102 1091 477 994 969 9 51 553 437 769 952 382 373 1035 128
773 45 717 961 556 650 22 141 787 296 26 682 839 964 338 46 352 860 530 641
105 908 153 492 641 460 155 305 106 531 58 86 292 822 201 144 736 546 1063 144
693 1095 744 958 1089 816 50 189 384 941 968 645 457 92 14 115 721 579 1007 329
0 0 0 0 0 0 0 0 0 0 0 0 0 0 0 0 0 0 0 0
0 0 0 0 0 0 0 0 0 0 0 0 0 0 0 0 0 0 0 0
1069 233 292 47 1128 952 737 1077 237 204 484 1007 629 603 2 1108 918 774 859 17
554 575 322 637 503 383 722 927 1002 202 8 725 70 925 746 47 876 885 70 485
662 506 303 468 598 939 517 656 696 306 44 470 772 1114 958 861 1048 392 850 1044
229 66 654 900 341 509 45 425 666 589 1017 798 367 233 710 452 608 696 231 998
0 0 0 0 0 0 0 0 0 0 0 0 0 0 0 0 0 0 0 0
0 0 0 0 0 0 0 0 0 0 0 0 0 0 0 0 0 0 0 0
417 509 846 872 785 508 616 1076 1005 1123 431 995 829 448 708 371 993 462 57 1019
1107 470 536 17 198 507 997 657 734 33 999 398 826 718 1082 634 630 700 712 921
707 728 545 132 202 597 75 735 15 720 854 393 247 949 37 1018 665 935 389 215
1109 248 880 67 561 487 606 438 643 1133 558 569 347 98 243 26 548 884 741 569
0 0 0 0 0 0 0 0 0 0 0 0 0 0 0 0 0 0 0 0
0 0 0 0 0 0 0 0 0 0 0 0 0 0 0 0 0 0 0 0
154 942 676 113 137 997 785 492 171 856 796 789 671 381 188 1101 105 605 1118 1008
1132 808 760 294 804 233 740 701 153 470 337 834 247 157 656 106 674 200 817 982
1071 243 555 392 135 563 491 303 875 842 36 438 848 138 147 357 879 728 657 2
746 959 83 130 115 82 772 554 261 406 998 646 810 77 257 1043 38 885 68 350
0 0 0 0 0 0 0 0 0 0 0 0 0 0 0 0 0 0 0 0
0 0 0 0 0 0 0 0 0 0 0 0 0 0 0 0 0 0 0 0
370 654 878 825 1053 597 219 218 192 660 434 263 122 311 480 1023 328 51 925 687
203 1111 966 819 500 1025 271 775 291 223 488 854 98 407 371 68 852 536 1057 398
115 205 1 772 1000 942 704 167 1 1012 226 898 1131 1049 675 812 883 156 397 273
320 904 826 178 1037 15 12 1078 991 103 134 43 1080 515 831 817 639 1028 150 623
0 0 0 0 0 0 0 0 0 0 0 0 0 0 0 0 0 0 0 0
0 0 0 0 0 0 0 0 0 0 0 0 0 0 0 0 0 0 0 0
176 931 990 1108 726 1015 1002 328 399 272 847 172 98 188 1104 521 969 114 609 44
536 121 795 533 96 573 116 656 244 943 1006 66 546 281 105 1078 1087 631 615 437
136 97 356 909 204 237 642 448 728 468 853 138 996 642 534 99 908 293 368 303
638 90 275 537 314 263 556 503 386 290 89 408 834 826 319 544 1060 533 716 316
0 0 0 0 0 0 0 0 0 0 0 0 0 0 0 0 0 0 0 0
0 0 0 0 0 0 0 0 0 0 0 0 0 0 0 0 0 0 0 0
761 1150 106 392 750 566 526 110 731 170 110 873 448 160 682 275 721 1076 600 412
193 102 81 760 93 369 1002 1119 208 926 1104 1127 772 198 851 950 756 801 150 824
106 1030 985 430 77 449 538 252 1038 93 237 539 789 975 112 1130 425 715 794 524
328 395 16 421 700 145 1010 484 146 283 26 970 248 907 971 849 1066 868 667 245
0 0 0 0 0 0 0 0 0 0 0 0 0 0 0 0 0 0 0 0
0 0 0 0 0 0 0 0 0 0 0 0 0 0 0 0 0 0 0 0
112 885 1115 1145 194 297 720 744 403 583 140 633 557 746 816 662 990 980 769 243
301 933 1076 832 1144 1126 378 79 855 903 1072 988 267 575 113 983 229 694 960 767
481 329 1051 736 463 739 1084 7 284 541 317 936 636 331 1113 725 882 963 91 844
1131 568 826 201 417 225 689 972 526 225 567 204 153 1154 755 462 503 63 744 341
0 0 0 0 0 0 0 0 0 0 0 0 0 0 0 0 0 0 0 0
0 0 0 0 0 0 0 0 0 0 0 0 0 0 0 0 0 0 0 0
513 561 474 523 40 603 1080 32 74 400 931 482 559 607 544 1019 598 929 555 1038
35 241 861 1044 945 817 587 737 735 1012 64 1084 992 1125 868 1066 1064 377 1032 508
557 1125 588 313 805 1032 92 52 299 984 103 346 1036 883 672 851 89 276 26 641
989 195 107 1099 1098 364 986 812 438 246 374 76 820 41 611 662 1061 123 75 956
0 0 0 0 0 0 0 0 0 0 0 0 0 0 0 0 0 0 0 0
0 0 0 0 0 0 0 0 0 0 0 0 0 0 0 0 0 0 0 0
821 180 1041 460 190 738 1043 697 315 614 1135 520 1055 559 910 40 637 416 573 372
710 796 977 202 151 222 666 428 553 755 637 940 172 863 674 610 128 87 17 70
739 970 139 1033 247 1146 528 666 129 710 119 1141 1004 802 164 657 1094 277 1142 548
238 785 596 209 1082 864 1006 434 658 393 25 857 1144 415 272 363 347 386 11 27
0 0 0 0 0 0 0 0 0 0 0 0 0 0 0 0 0 0 0 0
0 0 0 0 0 0 0 0 0 0 0 0 0 0 0 0 0 0 0 0
350 903 499 904 126 211 365 785 310 345 433 329 545 274 1084 37 677 56 10 759
552 874 507 549 199 109 493 715 129 253 450 947 974 103 1025 939 1125 732 945 180
501 993 967 705 490 811 129 450 220 387 231 905 57 42 816 1029 176 363 831 232
278 696 1032 131 857 360 262 621 815 681 373 463 569 514 485 674 857 125 767 153
0 0 0 0 0 0 0 0 0 0 0 0 0 0 0 0 0 0 0 0
0 0 0 0 0 0 0 0 0 0 0 0 0 0 0 0 0 0 0 0
1073 213 1030 63 353 812 450 1051 719 301 1040 286 456 755 619 661 483 121 713 191
712 1039 515 408 985 1032 290 68 31 1056 345 728 778 580 630 679 419 571 1125 925
741 974 31 982 130 797 817 883 476 238 597 1133 682 347 736 987 385 253 630 136
904 243 478 276 469 74 626 382 890 172 164 682 1126 773 242 441 942 77 190 1042
0 0 0 0 0 0 0 0 0 0 0 0 0 0 0 0 0 0 0 0
0 0 0 0 0 0 0 0 0 0 0 0 0 0 0 0 0 0 0 0
118 133 353 474 421 908 978 418 740 616 1061 1026 534 37 402 888 406 172 24 965
90 405 1113 812 328 206 1096 724 327 1065 524 1040 803 371 90 719 455 672 881 404
50 902 554 823 428 461 1035 1031 787 717 1094 114 1105 836 615 266 87 1111 879 1082
499 649 137 495 727 947 527 998 747 1083 497 301 70 893 376 403 60 903 1117 300
0 0 0 0 0 0 0 0 0 0 0 0 0 0 0 0 0 0 0 0
0 0 0 0 0 0 0 0 0 0 0 0 0 0 0 0 0 0 0 0
424 699 1034 354 270 550 813 241 734 774 159 947 496 894 956 229 280 491 1109 547
856 485 407 896 987 182 1102 1081 93 98 15 596 718 332 442 764 336 1012 754 1047
218 456 1132 560 362 838 536 915 304 627 1040 879 794 897 428 603 198 170 744 846
902 261 1030 195 267 569 241 1135 226 1052 298 266 388 649 470 219 1062 917 161 1150
0 0 0 0 0 0 0 0 0 0 0 0 0 0 0 0 0 0 0 0
0 0 0 0 0 0 0 0 0 0 0 0 0 0 0 0 0 0 0 0
1030 1149 967 961 397 367 128 507 666 574 267 771 556 299 1090 887 450 672 161 296
161 772 1020 822 751 221 799 987 258 593 96 819 171 79 627 910 458 1085 1015 573
329 534 4 121 738 916 44 367 196 352 83 181 379 532 1153 397 966 116 481 694
129 373 448 942 823 357 1050 563 1108 299 127 817 470 222 623 764 332 959 484 710
0 0 0 0 0 0 0 0 0 0 0 0 0 0 0 0 0 0 0 0
0 0 0 0 0 0 0 0 0 0 0 0 0 0 0 0 0 0 0 0
185 152 972 377 995 1125 1101 338 581 380 531 964 1067 18 801 1066 145 1010 787 20
770 498 350 1061 886 904 1130 552 1014 527 866 959 21 358 146 404 151 920 642 574
342 424 111 990 428 609 726 484 281 106 735 209 830 443 161 323 906 1061 750 354
379 135 1121 729 771 41 628 964 811 691 964 1081 233 37 456 266 424 348 1130 193
0 0 0 0 0 0 0 0 0 0 0 0 0 0 0 0 0 0 0 0
0 0 0 0 0 0 0 0 0 0 0 0 0 0 0 0 0 0 0 0
803 767 399 326 987 646 374 594 1058 998 1080 31 441 85 199 792 984 1152 358 114
606 544 765 972 634 72 1034 771 320 285 972 1037 738 952 1109 661 400 476 447 274
321 349 579 520 461 738 1009 583 991 317 311 447 254 409 448 357 961 1061 859 341
970 446 867 463 195 660 250 62 681 199 870 644 629 1044 1015 1154 836 524 604 232
0 0 0 0 0 0 0 0 0 0 0 0 0 0 0 0 0 0 0 0
0 0 0 0 0 0 0 0 0 0 0 0 0 0 0 0 0 0 0 0
745 511 842 576 828 685 608 534 323 559 915 400 618 67 44 124 314 446 26 354
1021 422 735 1084 70 787 351 381 578 898 944 726 100 1041 677 174 218 575 833 62
251 750 703 1 149 855 353 348 381 897 648 231 1013 589 739 955 1078 764 364 1044
977 471 279 1095 873 117 620 858 905 127 165 596 1112 346 549 738 1048 70 802 402
0 0 0 0 0 0 0 0 0 0 0 0 0 0 0 0 0 0 0 0
0 0 0 0 0 0 0 0 0 0 0 0 0 0 0 0 0 0 0 0
667 513 450 743 276 358 317 418 765 68 1062 677 258 799 1080 599 798 154 1049 1146
814 990 377 185 534 948 689 52 7 738 680 266 975 208 1039 976 268 54 647 271
749 85 507 940 752 127 742 871 713 262 167 501 632 798 72 500 606 517 287 443
145 297 282 88 931 142 581 449 1112 794 26 703 29 441 459 391 999 127 106 202
0 0 0 0 0 0 0 0 0 0 0 0 0 0 0 0 0 0 0 0
0 0 0 0 0 0 0 0 0 0 0 0 0 0 0 0 0 0 0 0
936 154 900 962 980 922 742 895 1035 434 920 427 197 992 251 579 125 478 388 945
220 507 1003 277 40 1138 362 111 733 170 740 735 837 360 915 52 396 93 238 702
1089 1062 634 829 629 530 494 355 217 415 598 1046 599 28 872 713 357 886 655 497
888 583 1037 600 805 708 277 814 1029 896 251 768 343 579 382 631 1096 109 470 674
0 0 0 0 0 0 0 0 0 0 0 0 0 0 0 0 0 0 0 0
0 0 0 0 0 0 0 0 0 0 0 0 0 0 0 0 0 0 0 0
1070 1106 867 745 87 969 192 1024 100 989 303 385 1136 835 387 838 1104 152 409 1094
886 402 745 362 977 1080 49 418 438 563 388 659 611 838 855 521 448 1151 1122 1131
747 38 1064 882 1152 1038 683 25 286 729 910 984 987 555 1044 648 249 1105 599 571
300 226 1130 101 368 988 526 870 310 854 346 713 266 1026 201 750 988 1099 489 818
0 0 0 0 0 0 0 0 0 0 0 0 0 0 0 0 0 0 0 0
0 0 0 0 0 0 0 0 0 0 0 0 0 0 0 0 0 0 0 0
812 180 1021 598 245 24 716 1104 670 590 674 95 814 716 1 772 1097 719 86 336
946 170 851 336 875 453 786 563 230 69 708 817 972 152 521 298 338 11 763 484
53 576 1047 699 267 663 573 210 58 501 684 688 271 1012 830 1013 947 705 1096 1150
579 28 324 1136 476 580 1039 467 432 79 995 988 399 8 622 39 551 827 401 1013
0 0 0 0 0 0 0 0 0 0 0 0 0 0 0 0 0 0 0 0
0 0 0 0 0 0 0 0 0 0 0 0 0 0 0 0 0 0 0 0
1120 833 1154 84 1084 197 129 88 736 363 22 696 1050 453 1019 67 385 705 873 506
471 737 606 800 983 801 1042 1141 162 1020 553 186 346 779 56 926 270 554 891 419
488 783 349 470 746 28 673 13 802 286 410 240 1024 211 353 63 772 517 141 327
614 704 74 696 491 405 708 918 913 188 385 152 252 842 913 1002 626 240 1011 521
0 0 0 0 0 0 0 0 0 0 0 0 0 0 0 0 0 0 0 0
0 0 0 0 0 0 0 0 0 0 0 0 0 0 0 0 0 0 0 0
341 320 470 410 475 525 702 288 403 736 182 159 1069 844 152 174 278 632 254 1072
1120 543 129 990 536 556 945 1063 480 147 1013 1065 169 539 1116 557 842 744 243 1077
1137 614 1150 441 678 1108 198 832 1054 219 680 155 1148 552 401 550 774 837 747 580
252 102 832 114 1069 171 504 598 825 691 783 625 997 929 966 329 441 1116 241 56
0 0 0 0 0 0 0 0 0 0 0 0 0 0 0 0 0 0 0 0
0 0 0 0 0 0 0 0 0 0 0 0 0 0 0 0 0 0 0 0
647 559 237 1043 909 596 318 524 91 643 719 1052 430 96 813 710 1117 347 707 60
1081 341 444 227 624 1113 294 623 721 394 348 449 84 543 678 636 393 866 565 1024
935 962 814 1114 802 490 689 967 52 651 61 603 418 1117 601 1008 422 475 49 48
521 317 973 367 693 705 602 625 435 231 793 865 1035 543 539 601 399 666 344 498
0 0 0 0 0 0 0 0 0 0 0 0 0 0 0 0 0 0 0 0
0 0 0 0 0 0 0 0 0 0 0 0 0 0 0 0 0 0 0 0
1136 1036 910 908 827 560 820 247 134 209 1122 1147 726 188 960 24 855 1153 84 1146
1027 665 1079 849 1062 844 310 20 176 607 1034 1102 213 887 232 437 14 167 661 527
1077 540 449 492 340 697 90 1032 567 605 893 270 721 622 695 389 849 976 725 1094
49 320 28 796 593 203 1137 94 188 555 787 1039 1152 974 821 119 857 396 638 969
0 0 0 0 0 0 0 0 0 0 0 0 0 0 0 0 0 0 0 0
0 0 0 0 0 0 0 0 0 0 0 0 0 0 0 0 0 0 0 0
568 122 311 28 288 173 693 67 270 528 138 1088 863 167 250 1002 273 8 58 1048
100 450 512 846 492 172 460 363 631 451 137 277 232 850 977 19 371 808 778 682
633 448 349 435 1044 977 1105 326 658 262 551 1148 425 1103 758 732 1090 19 308 491
889 109 347 433 507 1089 327 610 1060 645 461 50 526 404 768 476 989 898 1154 247
0 0 0 0 0 0 0 0 0 0 0 0 0 0 0 0 0 0 0 0
0 0 0 0 0 0 0 0 0 0 0 0 0 0 0 0 0 0 0 0
864 1142 645 310 474 841 126 1081 681 160 460 834 521 43 912 641 475 679 37 698
748 54 520 174 529 772 488 236 425 872 899 46 986 549 339 440 278 427 949 301
655 12 1073 318 950 531 672 644 725 1081 406 994 687 681 16 219 671 55 1091 709
780 488 861 265 306 547 483 840 573 1120 579 15 165 844 999 483 637 1052 951 7
0 0 0 0 0 0 0 0 0 0 0 0 0 0 0 0 0 0 0 0
0 0 0 0 0 0 0 0 0 0 0 0 0 0 0 0 0 0 0 0
941 711 1094 1089 218 138 472 497 554 1068 1103 808 336 943 780 667 280 765 310 871
171 572 983 460 265 41 942 579 845 1102 798 337 1110 594 211 540 806 197 340 454
64 812 9 26 529 49 53 61 1095 118 217 704 750 744 620 446 1152 959 378 505
786 970 496 984 682 431 596 1146 734 512 865 977 1149 724 501 254 794 615 367 516
0 0 0 0 0 0 0 0 0 0 0 0 0 0 0 0 0 0 0 0
0 0 0 0 0 0 0 0 0 0 0 0 0 0 0 0 0 0 0 0
45 110 771 908 1153 201 575 981 1032 1154 693 523 617 290 205 1045 521 443 438 772
1135 226 1151 961 755 162 922 923 1064 200 281 45 1122 79 704 469 755 851 746 62
233 242 105 793 583 449 700 1113 433 140 1077 442 1073 940 826 416 175 1 594 222
960 492 433 999 1151 851 797 742 432 607 962 131 669 935 463 532 205 353 721 297
0 0 0 0 0 0 0 0 0 0 0 0 0 0 0 0 0 0 0 0
0 0 0 0 0 0 0 0 0 0 0 0 0 0 0 0 0 0 0 0
426 139 945 106 1133 854 873 338 476 141 1093 505 1092 749 879 643 290 910 937 780
1123 59 141 800 474 367 986 889 93 1019 596 844 379 274 759 800 119 892 133 424
287 941 20 341 283 1028 467 709 15 490 490 420 926 540 1109 585 486 684 303 1107
760 367 118 217 785 278 579 513 697 595 742 1068 500 455 493 469 527 201 206 458
0 0 0 0 0 0 0 0 0 0 0 0 0 0 0 0 0 0 0 0
0 0 0 0 0 0 0 0 0 0 0 0 0 0 0 0 0 0 0 0
26 497 1125 452 818 808 792 1015 824 437 770 598 1038 617 1045 1114 758 574 411 169
1027 847 894 1090 670 44 125 933 1015 676 1119 646 928 415 746 184 799 869 1121 1068
531 452 485 413 121 1025 883 691 587 935 488 792 533 968 993 757 1034 1066 460 717
869 555 1119 921 1084 1067 315 478 182 451 101 704 17 407 846 2 877 710 825 729
0 0 0 0 0 0 0 0 0 0 0 0 0 0 0 0 0 0 0 0
0 0 0 0 0 0 0 0 0 0 0 0 0 0 0 0 0 0 0 0
737 575 287 616 322 372 550 397 265 701 19 495 5 790 192 389 120 482 227 847
899 726 919 515 145 1096 368 548 419 210 302 1119 571 676 745 422 495 144 1125 515
451 595 57 920 442 159 1152 197 804 24 1000 306 497 431 860 1085 44 77 370 953
1014 840 696 931 1150 1051 647 545 369 434 194 390 1085 706 108 398 25 553 294 746
0 0 0 0 0 0 0 0 0 0 0 0 0 0 0 0 0 0 0 0
0 0 0 0 0 0 0 0 0 0 0 0 0 0 0 0 0 0 0 0
180 609 764 28 329 511 419 814 177 899 508 522 125 732 402 734 1050 202 679 589
846 415 574 1095 547 864 826 569 209 989 514 86 395 708 985 860 898 386 570 1054
397 823 349 1045 150 661 115 168 1109 547 1108 533 292 501 480 470 1071 265 32 1071
246 341 230 784 58 923 1055 205 807 608 89 206 270 287 725 52 1148 786 815 707
0 0 0 0 0 0 0 0 0 0 0 0 0 0 0 0 0 0 0 0
0 0 0 0 0 0 0 0 0 0 0 0 0 0 0 0 0 0 0 0
45 788 921 825 561 716 485 514 619 647 875 137 904 1101 731 25 954 1022 330 129
456 152 767 460 956 474 686 426 977 213 68 388 686 129 827 95 489 911 925 611
229 1009 890 812 726 768 819 1074 893 361 1066 611 536 1056 991 588 468 682 339 473
400 933 459 119 849 131 7 61 833 358 414 615 664 715 416 427 337 246 1134 913
0 0 0 0 0 0 0 0 0 0 0 0 0 0 0 0 0 0 0 0
0 0 0 0 0 0 0 0 0 0 0 0 0 0 0 0 0 0 0 0
637 660 100 1068 496 277 27 896 571 1086 620 422 1128 232 1115 138 145 726 865 363
23 475 504 728 756 980 268 782 544 390 734 250 245 828 469 948 215 337 438 904
145 302 406 279 422 171 941 1124 203 87 613 318 892 465 24 306 192 26 555 1039
509 158 205 762 237 1076 102 957 1053 891 875 394 485 30 472 391 316 533 520 252
0 0 0 0 0 0 0 0 0 0 0 0 0 0 0 0 0 0 0 0
0 0 0 0 0 0 0 0 0 0 0 0 0 0 0 0 0 0 0 0
1005 226 1041 738 866 1126 295 26 872 1021 1125 873 450 725 715 285 215 465 261 868
862 43 988 1048 292 38 230 956 643 880 280 53 884 61 828 948 256 595 976 884
466 916 47 185 206 361 64 392 224 787 622 1018 151 187 1004 299 89 148 887 493
340 69 730 211 373 878 396 898 1064 121 976 190 542 848 415 279 796 260 403 321
0 0 0 0 0 0 0 0 0 0 0 0 0 0 0 0 0 0 0 0
0 0 0 0 0 0 0 0 0 0 0 0 0 0 0 0 0 0 0 0
576 769 356 557 248 768 84 841 1038 976 800 802 570 1110 1039 125 771 378 1039 252
1055 420 644 620 987 735 160 668 482 357 557 126 211 297 537 961 185 146 469 1002
255 51 304 904 799 909 919 803 405 240 1028 408 683 1055 316 437 69 281 985 261
661 81 572 349 786 922 500 588 326 61 442 1149 873 748 514 146 807 205 1028 388
0 0 0 0 0 0 0 0 0 0 0 0 0 0 0 0 0 0 0 0
0 0 0 0 0 0 0 0 0 0 0 0 0 0 0 0 0 0 0 0
1011 347 55 224 173 198 231 729 619 771 957 485 513 746 556 669 187 166 922 332
505 616 1099 196 736 985 721 315 954 434 695 572 631 933 1080 134 704 684 412 945
488 631 577 670 1043 305 353 219 522 973 164 625 427 898 371 389 981 543 1097 1069
242 81 823 1068 1130 192 283 955 612 976 201 269 379 0 716 703 873 502 520 355
0 0 0 0 0 0 0 0 0 0 0 0 0 0 0 0 0 0 0 0
0 0 0 0 0 0 0 0 0 0 0 0 0 0 0 0 0 0 0 0
419 1093 1071 1110 317 139 509 136 26 901 1090 366 799 921 242 11 511 451 531 835
759 249 113 283 962 810 428 1150 692 380 692 301 721 260 271 608 172 754 933 905
554 705 988 1145 501 1035 1057 556 508 935 708 1094 300 736 173 767 399 494 1012 99
551 327 81 1144 636 329 209 728 394 787 518 598 908 549 344 409 1047 749 881 1067
0 0 0 0 0 0 0 0 0 0 0 0 0 0 0 0 0 0 0 0
0 0 0 0 0 0 0 0 0 0 0 0 0 0 0 0 0 0 0 0
907 448 848 951 937 1070 71 262 477 448 258 336 452 4 637 1123 693 140 9 845
740 264 912 978 744 946 890 878 229 1047 992 97 834 350 312 147 1057 798 1061 552
33 249 958 1043 522 211 606 394 276 840 792 349 78 335 870 682 436 602 523 1037
958 805 508 647 91 869 1068 108 473 344 740 925 498 1065 116 564 326 41 953 795
0 0 0 0 0 0 0 0 0 0 0 0 0 0 0 0 0 0 0 0
0 0 0 0 0 0 0 0 0 0 0 0 0 0 0 0 0 0 0 0
532 990 977 37 212 374 1014 108 300 40 47 1084 540 1052 407 369 998 264 538 159
262 308 476 1054 332 18 468 797 926 1046 834 974 903 664 553 1132 102 1076 167 629
862 540 215 732 252 794 353 703 587 1040 136 1014 164 937 562 1146 179 218 554 673
854 594 432 711 16 865 466 29 631 1010 191 341 668 959 375 884 624 405 612 51
0 0 0 0 0 0 0 0 0 0 0 0 0 0 0 0 0 0 0 0
0 0 0 0 0 0 0 0 0 0 0 0 0 0 0 0 0 0 0 0
1119 7 400 746 148 555 737 821 177 181 317 230 980 116 546 946 399 480 1094 1123
326 520 0 1026 487 640 718 308 462 734 549 613 780 62 477 548 434 991 927 730
694 258 362 89 156 747 935 838 761 1127 570 552 190 541 959 269 960 121 91 1000
1018 869 680 57 303 179 70 676 62 295 583 1095 705 588 671 310 803 83 581 56
0 0 0 0 0 0 0 0 0 0 0 0 0 0 0 0 0 0 0 0
0 0 0 0 0 0 0 0 0 0 0 0 0 0 0 0 0 0 0 0
654 284 389 287 754 842 543 479 945 355 221 893 260 610 817 655 712 219 172 150
311 617 889 1152 30 598 153 334 228 881 508 100 556 280 933 771 107 496 280 885
354 508 578 521 576 426 258 316 52 439 525 822 605 886 662 694 393 906 940 340
1032 39 195 917 814 552 161 274 258 295 163 346 945 297 270 952 1014 308 941 857
0 0 0 0 0 0 0 0 0 0 0 0 0 0 0 0 0 0 0 0
0 0 0 0 0 0 0 0 0 0 0 0 0 0 0 0 0 0 0 0
308 18 345 230 1082 584 533 712 583 1141 632 775 685 1140 329 173 582 1074 54 300
672 349 915 1059 714 1041 1117 245 857 1076 978 1116 1027 433 613 614 487 240 796 285
455 20 1099 1074 789 975 859 376 241 251 1060 59 593 457 120 396 1055 718 415 415
484 635 537 415 287 908 653 364 1080 685 617 378 852 577 783 28 810 1140 178 33
0 0 0 0 0 0 0 0 0 0 0 0 0 0 0 0 0 0 0 0
0 0 0 0 0 0 0 0 0 0 0 0 0 0 0 0 0 0 0 0
265 846 831 404 1110 515 654 250 824 570 1042 905 898 930 345 282 127 921 412 731
1145 84 352 575 560 293 871 629 28 846 111 1134 251 977 956 649 453 950 930 160
413 519 498 134 135 342 215 1018 655 128 1064 428 740 685 613 532 675 1090 617 536
501 49 462 493 742 358 440 708 858 144 567 1033 488 413 982 375 946 465 910 599
0 0 0 0 0 0 0 0 0 0 0 0 0 0 0 0 0 0 0 0
0 0 0 0 0 0 0 0 0 0 0 0 0 0 0 0 0 0 0 0
445 40 727 260 732 362 1029 993 983 571 480 880 1126 377 801 479 374 840 830 1051
393 239 109 588 38 455 458 494 865 564 832 662 821 679 1152 404 7 1059 118 1120
669 745 1134 428 876 723 940 185 512 1054 693 556 186 63 741 839 748 1079 632 1118
642 842 68 909 799 135 105 1136 1060 722 35 328 826 30 818 944 785 240 1010 154
0 0 0 0 0 0 0 0 0 0 0 0 0 0 0 0 0 0 0 0
0 0 0 0 0 0 0 0 0 0 0 0 0 0 0 0 0 0 0 0
630 186 415 1098 743 582 561 927 482 609 997 392 179 419 671 868 1064 94 850 976
944 947 81 908 499 1075 222 75 45 1086 267 1101 183 204 47 254 448 837 386 879
822 995 992 192 1114 519 780 928 1056 1041 855 566 1148 1051 1022 157 1086 381 141 269
284 1054 1038 395 1003 955 416 143 166 501 898 478 457 32 195 1042 43 1034 315 10
0 0 0 0 0 0 0 0 0 0 0 0 0 0 0 0 0 0 0 0
0 0 0 0 0 0 0 0 0 0 0 0 0 0 0 0 0 0 0 0
944 1087 456 172 300 1058 910 717 364 549 760 229 562 420 905 687 138 841 879 798
431 319 178 920 1022 343 245 773 463 251 104 835 344 572 566 681 324 440 367 1008
177 613 637 1007 743 920 807 995 682 699 1010 979 589 603 615 546 874 576 1117 154
313 780 176 667 507 142 192 1083 624 1017 217 613 1073 812 88 36 214 668 692 218
0 0 0 0 0 0 0 0 0 0 0 0 0 0 0 0 0 0 0 0
0 0 0 0 0 0 0 0 0 0 0 0 0 0 0 0 0 0 0 0
741 686 503 957 1018 841 368 651 434 248 321 634 414 424 47 1046 238 173 1093 108
979 1004 1013 995 541 1111 348 1105 810 667 766 734 841 500 1117 113 148 643 908 1107
1091 764 942 24 64 310 478 876 651 569 61 235 601 534 320 1119 650 1003 87 736
275 133 904 682 865 957 814 266 555 196 704 1054 826 535 801 311 730 625 823 529
0 0 0 0 0 0 0 0 0 0 0 0 0 0 0 0 0 0 0 0
0 0 0 0 0 0 0 0 0 0 0 0 0 0 0 0 0 0 0 0
448 864 885 242 86 12 669 637 62 1097 667 654 579 762 849 197 501 212 1125 619
192 625 71 87 31 976 474 24 594 742 53 554 657 817 26 921 632 834 352 367
522 43 359 288 726 1000 1065 1106 217 368 787 150 841 468 507 715 933 1066 1145 1086
1113 989 51 30 1066 913 618 693 990 51 944 404 230 298 160 218 800 141 1116 91
0 0 0 0 0 0 0 0 0 0 0 0 0 0 0 0 0 0 0 0
0 0 0 0 0 0 0 0 0 0 0 0 0 0 0 0 0 0 0 0
919 302 722 1121 479 906 7 178 996 520 327 391 856 671 7 656 73 613 282 473
1123 152 238 434 204 157 511 154 321 88 673 332 342 292 706 325 657 190 437 383
389 933 544 704 136 132 497 798 316 341 756 595 138 1112 596 811 197 570 486 303
992 993 692 74 112 546 187 92 760 1056 22 37 190 622 476 968 735 861 865 1015
0 0 0 0 0 0 0 0 0 0 0 0 0 0 0 0 0 0 0 0
0 0 0 0 0 0 0 0 0 0 0 0 0 0 0 0 0 0 0 0
355 1139 162 367 645 23 361 828 224 885 842 851 254 227 395 401 435 1058 71 759
826 371 913 545 636 1130 213 423 622 445 776 1134 990 261 1101 95 884 1135 1137 800
97 751 971 826 369 452 792 701 170 415 80 503 554 286 332 741 410 324 1078 889
561 318 846 1069 182 502 1111 572 39 456 488 431 514 592 135 930 387 931 742 13
0 0 0 0 0 0 0 0 0 0 0 0 0 0 0 0 0 0 0 0
0 0 0 0 0 0 0 0 0 0 0 0 0 0 0 0 0 0 0 0
1113 764 626 405 234 71 689 736 307 254 1127 353 225 25 241 764 1111 787 325 678
3 1051 1140 205 1148 462 144 826 1020 604 489 416 330 414 800 606 1145 408 748 655
112 576 1071 394 771 684 656 744 1083 1149 220 54 181 581 434 206 417 1152 336 967
511 870 208 1086 294 231 229 96 95 72 898 138 233 800 1004 187 706 454 857 778
0 0 0 0 0 0 0 0 0 0 0 0 0 0 0 0 0 0 0 0
0 0 0 0 0 0 0 0 0 0 0 0 0 0 0 0 0 0 0 0
1026 197 193 61 329 933 653 1059 991 429 608 771 561 483 809 81 462 1059 938 38
117 779 899 650 55 432 644 918 1102 449 1040 384 574 27 1027 1149 1034 487 1072 907
1030 1078 622 434 1098 1037 832 462 784 821 170 1077 448 315 439 929 1022 704 176 1080
860 184 770 796 551 599 584 1013 108 752 514 139 860 196 254 228 105 1033 811 191
0 0 0 0 0 0 0 0 0 0 0 0 0 0 0 0 0 0 0 0
0 0 0 0 0 0 0 0 0 0 0 0 0 0 0 0 0 0 0 0
766 847 841 765 576 589 50 285 938 110 902 580 896 139 166 879 297 145 452 25
648 296 862 940 628 688 372 623 1088 19 190 857 1144 368 567 694 426 621 1035 928
146 319 421 856 449 171 315 226 6 145 569 300 297 502 1072 663 567 44 492 823
183 846 296 866 679 632 907 838 850 934 642 322 692 316 231 686 338 457 82 163
0 0 0 0 0 0 0 0 0 0 0 0 0 0 0 0 0 0 0 0
0 0 0 0 0 0 0 0 0 0 0 0 0 0 0 0 0 0 0 0
15 317 405 319 353 695 541 233 436 876 35 435 206 548 144 1010 1070 1138 280 968
57 474 219 464 1073 265 1153 279 297 650 726 392 328 537 31 145 464 924 72 617
1049 1143 43 1104 779 576 450 230 883 215 733 103 1039 436 10 366 373 155 669 55
393 54 509 1147 1089 645 828 951 293 316 461 1059 219 702 223 579 994 774 140 544
0 0 0 0 0 0 0 0 0 0 0 0 0 0 0 0 0 0 0 0
0 0 0 0 0 0 0 0 0 0 0 0 0 0 0 0 0 0 0 0
885 23 271 933 456 56 680 422 934 417 761 181 999 141 522 62 725 80 786 23
206 318 730 839 1086 669 497 584 237 810 358 937 1077 12 840 147 295 464 1005 196
749 246 34 384 661 1115 1043 188 671 298 1038 940 891 812 867 1000 120 319 397 237
1091 15 718 274 10 207 1010 425 817 973 599 189 713 556 480 255 555 80 291 811
0 0 0 0 0 0 0 0 0 0 0 0 0 0 0 0 0 0 0 0
0 0 0 0 0 0 0 0 0 0 0 0 0 0 0 0 0 0 0 0
1127 814 918 1124 264 36 218 249 740 942 125 462 829 821 652 323 1074 737 911 128
364 663 151 1030 239 155 965 255 492 1026 1036 676 942 1108 407 1123 520 112 256 105
675 736 441 296 1116 895 595 601 57 1111 23 918 629 1030 306 434 134 1057 372 588
364 1055 681 553 541 1091 394 400 197 325 469 1060 623 311 343 177 1125 281 376 866
0 0 0 0 0 0 0 0 0 0 0 0 0 0 0 0 0 0 0 0
0 0 0 0 0 0 0 0 0 0 0 0 0 0 0 0 0 0 0 0
885 351 775 94 191 521 818 194 1109 411 817 341 1120 371 134 992 384 570 692 265
715 1100 23 188 1115 203 480 612 1106 476 415 873 585 157 370 448 355 819 416 82
102 276 342 165 260 339 1154 415 231 83 530 782 65 742 488 228 1096 1043 1065 932
919 426 287 13 352 55 268 634 582 99 889 650 620 489 732 479 543 175 345 746
0 0 0 0 0 0 0 0 0 0 0 0 0 0 0 0 0 0 0 0
0 0 0 0 0 0 0 0 0 0 0 0 0 0 0 0 0 0 0 0
224 47 530 583 1026 209 576 441 1018 143 460 131 748 996 710 223 915 893 561 24
5 1148 995 185 789 185 1015 998 1014 172 651 590 561 1142 392 986 536 296 995 405
757 290 1140 618 57 319 35 35 235 719 724 1036 781 894 925 756 93 180 740 497
695 373 888 699 838 792 423 639 393 1133 1045 1008 300 56 246 145 1049 76 1083 709
0 0 0 0 0 0 0 0 0 0 0 0 0 0 0 0 0 0 0 0
0 0 0 0 0 0 0 0 0 0 0 0 0 0 0 0 0 0 0 0
159 791 167 354 721 943 331 1033 189 52 281 58 1076 680 117 294 170 98 496 580
791 43 445 952 304 993 377 1012 1061 340 545 19 228 923 1059 623 1144 436 392 250
165 830 627 334 157 953 838 429 692 1048 849 1102 991 586 576 752 120 239 385 965
136 622 62 126 17 810 464 795 335 253 399 274 10 1090 887 909 580 414 324 307
0 0 0 0 0 0 0 0 0 0 0 0 0 0 0 0 0 0 0 0
0 0 0 0 0 0 0 0 0 0 0 0 0 0 0 0 0 0 0 0
681 76 880 474 793 380 795 1045 457 669 487 1088 1109 619 1144 656 343 845 795 161
738 984 628 611 323 871 357 32 689 294 253 202 248 384 96 658 56 216 598 352
312 624 379 183 810 1084 827 1036 185 593 267 22 578 493 419 96 354 101 708 1099
560 585 553 223 1105 321 120 239 118 829 1150 541 398 649 632 562 781 1002 113 552
0 0 0 0 0 0 0 0 0 0 0 0 0 0 0 0 0 0 0 0
0 0 0 0 0 0 0 0 0 0 0 0 0 0 0 0 0 0 0 0
762 783 527 181 427 930 277 308 664 149 220 662 1150 258 369 1135 742 1129 369 395
1109 498 413 239 903 801 321 1003 344 54 829 459 601 596 36 1092 894 311 888 758
363 994 882 320 496 1139 230 310 31 983 67 36 1085 664 624 401 521 869 1078 350
535 359 534 676 1136 143 181 95 974 1093 727 199 71 493 806 294 134 466 1044 862
0 0 0 0 0 0 0 0 0 0 0 0 0 0 0 0 0 0 0 0
0 0 0 0 0 0 0 0 0 0 0 0 0 0 0 0 0 0 0 0
795 691 96 1124 1034 669 453 1094 436 1100 1085 234 80 382 1150 254 231 697 998 435
748 740 789 1120 687 378 72 482 291 1063 355 145 623 989 1124 1099 290 919 1086 831
621 753 1148 789 1091 1114 984 706 934 1154 911 59 296 397 1131 139 1140 768 378 39
335 133 558 509 807 41 585 735 326 555 614 552 340 664 782 372 260 713 697 706
0 0 0 0 0 0 0 0 0 0 0 0 0 0 0 0 0 0 0 0
0 0 0 0 0 0 0 0 0 0 0 0 0 0 0 0 0 0 0 0
728 941 1044 192 208 177 679 618 65 28 1035 810 119 866 382 940 488 518 750 66
1138 362 111 237 419 516 279 946 249 558 637 1038 981 787 25 410 459 772 383 589
797 276 591 947 1117 131 224 809 433 541 885 1100 556 467 263 603 589 348 88 515
582 391 815 753 991 346 687 107 869 566 642 1077 135 577 970 142 1134 798 612 662
0 0 0 0 0 0 0 0 0 0 0 0 0 0 0 0 0 0 0 0
0 0 0 0 0 0 0 0 0 0 0 0 0 0 0 0 0 0 0 0
636 989 660 915 563 208 972 796 935 19 297 967 759 603 863 436 1092 208 753 155
12 393 1017 319 413 773 920 277 505 610 450 895 329 995 1141 741 377 1150 362 737
772 556 314 725 364 722 950 605 992 21 162 1106 1058 222 922 85 420 618 850 215
1126 680 310 1012 1093 594 646 145 364 1056 774 330 780 1125 500 608 758 112 584 513
0 0 0 0 0 0 0 0 0 0 0 0 0 0 0 0 0 0 0 0
0 0 0 0 0 0 0 0 0 0 0 0 0 0 0 0 0 0 0 0
352 973 302 548 66 248 631 604 637 760 130 577 901 511 425 96 1084 364 385 330
174 961 1080 141 567 835 847 602 1037 421 552 1102 734 1098 548 638 445 315 416 544
157 390 647 1079 265 80 316 792 382 32 942 960 664 305 185 104 1022 505 18 816
305 604 477 454 383 307 160 964 294 315 551 60 54 17 969 190 53 773 638 368
0 0 0 0 0 0 0 0 0 0 0 0 0 0 0 0 0 0 0 0
0 0 0 0 0 0 0 0 0 0 0 0 0 0 0 0 0 0 0 0
452 171 545 787 992 1087 832 632 718 78 262 986 1067 437 914 1061 345 1027 152 584
493 13 1009 1035 403 670 999 959 283 200 308 435 992 940 233 859 266 490 61 969
236 427 836 49 1076 559 526 371 643 887 966 72 1025 621 136 333 837 1098 1036 828
1058 652 11 1137 1042 1069 972 670 961 979 781 765 1103 228 428 211 751 215 931 424
0 0 0 0 0 0 0 0 0 0 0 0 0 0 0 0 0 0 0 0
0 0 0 0 0 0 0 0 0 0 0 0 0 0 0 0 0 0 0 0
11 594 305 330 481 126 653 56 947 147 132 370 546 460 419 723 807 763 245 792
864 173 115 862 699 1014 66 636 797 4 751 675 1079 530 537 1108 445 1151 934 509
35 1100 838 1028 301 240 733 32 479 612 988 177 302 377 1153 341 455 631 726 30
484 161 1140 429 281 389 727 1110 1080 111 751 927 823 16 908 1001 800 797 905 740
0 0 0 0 0 0 0 0 0 0 0 0 0 0 0 0 0 0 0 0
0 0 0 0 0 0 0 0 0 0 0 0 0 0 0 0 0 0 0 0
468 1103 18 1028 328 471 709 905 841 863 928 839 545 721 991 799 454 218 620 678
513 972 1093 891 255 262 903 1100 445 452 549 266 446 825 505 995 591 1103 60 87
526 1009 346 1048 884 981 889 879 401 931 615 63 189 235 697 472 790 707 1132 405
1103 454 148 120 60 838 397 118 569 304 702 963 123 537 443 96 1063 192 146 456
0 0 0 0 0 0 0 0 0 0 0 0 0 0 0 0 0 0 0 0
0 0 0 0 0 0 0 0 0 0 0 0 0 0 0 0 0 0 0 0
263 28 851 882 967 119 273 17 109 445 707 1087 26 1031 1059 176 725 843 354 849
1064 1041 969 729 64 744 1101 141 279 551 213 864 232 512 149 517 634 141 705 380
543 750 714 354 234 239 1150 544 92 998 561 452 824 392 47 79 831 181 898 666
391 806 636 688 299 673 26 876 441 84 268 478 1041 674 2 858 762 187 710 1145
0 0 0 0 0 0 0 0 0 0 0 0 0 0 0 0 0 0 0 0
0 0 0 0 0 0 0 0 0 0 0 0 0 0 0 0 0 0 0 0
822 527 606 214 593 570 182 80 578 224 700 697 633 750 47 489 411 35 367 940
23 850 294 52 1095 510 980 1119 174 1127 796 38 1049 570 346 1050 449 823 209 495
827 893 259 824 340 523 592 312 156 1015 588 79 83 194 243 310 199 846 21 301
386 528 263 965 610 1110 37 927 862 433 1078 761 222 1099 628 739 916 63 644 834
0 0 0 0 0 0 0 0 0 0 0 0 0 0 0 0 0 0 0 0
0 0 0 0 0 0 0 0 0 0 0 0 0 0 0 0 0 0 0 0
955 872 541 412 840 61 605 14 754 648 806 1088 419 721 195 691 291 15 646 690
849 1142 1083 881 279 346 1053 1101 421 17 449 322 579 1055 129 1084 318 625 404 639
225 703 1144 958 197 81 516 680 889 290 885 570 133 240 1154 837 906 206 280 185
297 902 996 75 214 1053 164 540 566 856 146 865 388 299 847 620 114 1002 1107 722
0 0 0 0 0 0 0 0 0 0 0 0 0 0 0 0 0 0 0 0
0 0 0 0 0 0 0 0 0 0 0 0 0 0 0 0 0 0 0 0
1122 825 734 492 512 334 1124 183 1061 436 393 488 938 142 617 585 1097 15 530 857
581 212 443 250 356 58 951 158 465 465 784 285 629 748 1130 448 229 791 197 175
530 829 583 405 414 101 39 847 698 1020 244 123 618 773 280 842 80 56 944 205
927 1135 311 226 500 406 326 347 496 649 451 58 1092 697 316 388 1083 292 689 923
0 0 0 0 0 0 0 0 0 0 0 0 0 0 0 0 0 0 0 0
0 0 0 0 0 0 0 0 0 0 0 0 0 0 0 0 0 0 0 0
470 156 615 737 895 271 430 883 425 411 1151 69 707 108 1028 948 582 738 9 873
391 1035 974 289 271 577 844 1006 579 561 445 393 880 1087 188 1000 1032 704 434 541
435 175 436 718 491 854 935 319 639 740 661 1036 116 1046 137 949 248 462 860 306
252 698 1122 851 835 890 627 1010 38 1 653 651 1034 1133 79 593 388 880 785 685
0 0 0 0 0 0 0 0 0 0 0 0 0 0 0 0 0 0 0 0
0 0 0 0 0 0 0 0 0 0 0 0 0 0 0 0 0 0 0 0
693 1126 1112 877 829 1146 102 903 734 258 421 742 594 551 821 271 202 70 910 335
897 1149 1061 944 218 53 123 38 481 994 306 816 928 533 1078 88 673 195 19 109
755 628 888 849 228 248 1123 827 1105 562 417 568 58 599 154 261 871 137 570 285
101 282 506 147 897 527 1016 2 947 612 1148 281 771 305 553 184 284 386 67 275
0 0 0 0 0 0 0 0 0 0 0 0 0 0 0 0 0 0 0 0
0 0 0 0 0 0 0 0 0 0 0 0 0 0 0 0 0 0 0 0
940 893 17 347 435 100 1134 487 315 627 1082 142 951 33 567 496 197 652 30 512
172 483 935 763 521 1135 211 622 138 234 1044 786 218 7 462 788 1137 1034 659 798
115 1094 571 567 263 302 304 65 1007 755 912 697 518 873 572 528 762 753 565 237
80 87 416 73 488 803 166 464 761 537 395 249 974 209 836 165 395 68 107 763
0 0 0 0 0 0 0 0 0 0 0 0 0 0 0 0 0 0 0 0
0 0 0 0 0 0 0 0 0 0 0 0 0 0 0 0 0 0 0 0
938 794 689 923 1148 255 401 708 475 274 846 975 735 1147 803 534 190 1112 832 821
67 422 371 290 371 640 383 163 145 407 503 86 387 906 422 212 71 965 124 129
36 1012 743 145 768 164 587 284 776 95 840 439 962 530 787 736 9 326 1058 100
201 557 390 98 207 936 969 404 164 839 1075 151 719 963 60 244 537 1089 1004 416
0 0 0 0 0 0 0 0 0 0 0 0 0 0 0 0 0 0 0 0
0 0 0 0 0 0 0 0 0 0 0 0 0 0 0 0 0 0 0 0
905 854 941 353 385 1120 324 1112 979 259 1095 22 296 828 592 455 286 1142 471 1032
297 1067 137 25 913 26 130 116 292 543 1045 837 590 1071 155 42 31 776 872 684
270 845 897 1036 810 959 629 883 306 442 648 354 838 594 1056 995 852 791 891 420
580 1147 120 884 874 332 793 1070 1003 256 43 226 928 894 67 142 627 889 569 416
0 0 0 0 0 0 0 0 0 0 0 0 0 0 0 0 0 0 0 0
0 0 0 0 0 0 0 0 0 0 0 0 0 0 0 0 0 0 0 0
531 385 904 723 1036 210 814 797 484 1003 270 749 1093 1013 516 53 636 996 889 363
745 1075 1057 434 219 276 642 298 503 879 1149 849 233 413 1012 436 364 670 168 652
345 791 59 969 1037 1101 77 219 139 502 971 741 504 341 845 1033 1117 490 746 1055
514 874 871 425 45 86 545 1124 793 164 380 1151 865 963 736 410 272 1153 744 921
0 0 0 0 0 0 0 0 0 0 0 0 0 0 0 0 0 0 0 0
0 0 0 0 0 0 0 0 0 0 0 0 0 0 0 0 0 0 0 0
629 1022 349 525 362 408 306 113 995 80 822 831 1079 639 117 456 1046 58 947 963
1090 403 84 283 602 887 544 208 522 252 557 933 48 460 18 200 389 207 141 1060
692 292 444 738 1092 429 725 778 381 1128 501 822 496 1130 778 963 817 22 957 607
141 1047 39 873 947 203 253 644 140 842 844 145 947 75 1115 558 686 313 290 289
0 0 0 0 0 0 0 0 0 0 0 0 0 0 0 0 0 0 0 0
0 0 0 0 0 0 0 0 0 0 0 0 0 0 0 0 0 0 0 0
607 235 754 251 178 281 989 561 798 439 990 274 1080 1044 404 772 994 1008 514 754
124 659 175 153 575 440 258 180 708 806 1080 249 279 635 196 789 310 362 158 951
259 706 500 400 347 299 175 105 794 41 1121 947 490 611 982 632 385 116 411 977
86 239 825 347 116 794 372 516 312 1141 418 1028 763 779 804 927 115 524 235 695
0 0 0 0 0 0 0 0 0 0 0 0 0 0 0 0 0 0 0 0
0 0 0 0 0 0 0 0 0 0 0 0 0 0 0 0 0 0 0 0
481 307 746 687 145 324 1079 520 412 148 147 840 93 982 497 457 168 739 349 380
436 228 486 208 667 51 480 634 334 976 757 1075 221 550 725 586 942 384 672 647
839 724 973 104 1025 584 205 1132 1141 554 233 630 112 412 570 828 224 719 1056 916
366 619 372 721 716 408 53 457 1083 27 194 5 184 413 980 838 929 626 107 840
0 0 0 0 0 0 0 0 0 0 0 0 0 0 0 0 0 0 0 0
0 0 0 0 0 0 0 0 0 0 0 0 0 0 0 0 0 0 0 0
857 909 327 410 654 926 962 562 609 1039 608 343 650 110 59 1107 25 358 672 182
86 9 8 72 394 1154 443 1154 460 324 4 405 1091 707 209 1081 131 304 43 1091
652 674 1050 901 310 1085 236 97 701 1037 1056 1096 466 736 133 1054 440 192 762 982
138 393 248 460 241 1080 358 1065 576 785 827 842 419 173 383 1150 717 194 193 174
0 0 0 0 0 0 0 0 0 0 0 0 0 0 0 0 0 0 0 0
0 0 0 0 0 0 0 0 0 0 0 0 0 0 0 0 0 0 0 0
1 1096 467 400 873 303 551 79 673 89 1149 911 1077 942 589 1051 1111 128 356 630
116 95 184 768 135 366 498 1013 675 895 1084 84 773 465 653 741 79 901 432 1068
956 881 937 1081 676 823 1023 896 751 32 1111 819 378 987 465 280 238 26 868 453
162 703 383 931 391 1154 9 274 382 180 46 937 755 564 594 303 301 282 895 217
0 0 0 0 0 0 0 0 0 0 0 0 0 0 0 0 0 0 0 0
0 0 0 0 0 0 0 0 0 0 0 0 0 0 0 0 0 0 0 0
521 523 450 1132 393 278 323 343 876 862 123 901 1012 334 498 427 1049 799 133 492
985 359 854 914 453 11 398 415 1087 1111 1010 592 46 1108 977 801 536 541 725 781
686 314 1068 965 59 66 465 959 1000 1052 1018 925 730 56 370 901 149 463 540 1068
299 807 452 911 666 1140 797 479 130 936 493 700 945 275 831 450 417 47 162 350
0 0 0 0 0 0 0 0 0 0 0 0 0 0 0 0 0 0 0 0
0 0 0 0 0 0 0 0 0 0 0 0 0 0 0 0 0 0 0 0
886 111 849 588 216 1036 133 927 51 845 1005 917 952 316 671 68 1133 728 455 1108
987 982 404 1052 595 833 168 970 853 579 626 874 179 929 1106 99 1128 1138 1047 982
840 972 339 856 1111 1109 272 221 298 1022 867 200 521 1076 1023 369 1010 64 385 1028
1114 460 792 1150 279 747 938 90 669 684 629 397 725 433 819 380 114 415 446 744
0 0 0 0 0 0 0 0 0 0 0 0 0 0 0 0 0 0 0 0
0 0 0 0 0 0 0 0 0 0 0 0 0 0 0 0 0 0 0 0
871 567 919 544 124 833 355 928 599 966 473 1081 73 70 816 154 842 750 314 772
1113 616 759 891 26 126 238 1128 960 787 110 655 230 267 137 692 274 485 1116 380
438 959 1057 694 289 924 112 621 1069 1008 533 727 960 1068 189 688 953 656 1122 898
205 603 17 846 751 66 855 125 522 242 306 102 478 330 531 957 1050 1011 781 419
0 0 0 0 0 0 0 0 0 0 0 0 0 0 0 0 0 0 0 0
0 0 0 0 0 0 0 0 0 0 0 0 0 0 0 0 0 0 0 0
633 329 371 38 113 774 1007 862 93 650 1134 444 620 1092 53 837 639 181 1062 1055
470 325 275 372 596 198 1097 228 349 1099 252 107 306 510 1006 97 932 1 366 395
914 109 819 1103 863 828 952 562 789 301 87 1077 786 298 342 833 706 591 53 700
785 275 454 655 449 306 837 638 530 769 567 48 413 1051 183 267 522 259 991 787
0 0 0 0 0 0 0 0 0 0 0 0 0 0 0 0 0 0 0 0
0 0 0 0 0 0 0 0 0 0 0 0 0 0 0 0 0 0 0 0
405 196 330 125 226 1041 194 1064 275 1055 807 16 954 821 297 843 1027 337 361 385
486 145 670 106 353 1029 178 1082 723 943 272 1109 522 816 99 962 442 822 409 431
756 54 621 383 748 744 1124 419 945 804 58 807 787 46 1092 239 952 832 623 235
625 1133 867 248 377 38 1091 586 866 500 350 1112 545 222 686 745 1025 397 504 481
0 0 0 0 0 0 0 0 0 0 0 0 0 0 0 0 0 0 0 0
0 0 0 0 0 0 0 0 0 0 0 0 0 0 0 0 0 0 0 0
1134 9 1078 604 949 995 165 678 138 581 466 643 630 180 14 59 81 808 21 425
579 718 1083 277 34 152 591 1004 480 201 960 136 848 905 634 772 357 125 76 973
1091 971 310 797 910 350 70 827 8 183 275 426 1031 620 510 78 572 548 13 44
975 140 616 841 155 381 129 322 29 809 163 677 952 735 1028 233 971 809 1082 103
0 0 0 0 0 0 0 0 0 0 0 0 0 0 0 0 0 0 0 0
0 0 0 0 0 0 0 0 0 0 0 0 0 0 0 0 0 0 0 0
690 949 232 883 874 9 589 327 184 870 909 181 322 983 668 691 268 228 510 649
1031 428 513 866 807 771 174 447 43 699 131 400 902 146 223 503 287 797 493 612
950 316 424 607 1067 280 70 944 466 1025 749 228 526 1105 108 354 134 1082 732 1151
186 1082 678 775 347 796 410 880 528 212 89 316 822 544 972 40 285 982 397 446
0 0 0 0 0 0 0 0 0 0 0 0 0 0 0 0 0 0 0 0
0 0 0 0 0 0 0 0 0 0 0 0 0 0 0 0 0 0 0 0
311 810 850 21 151 611 749 493 145 369 645 787 304 661 789 984 900 517 38 806
836 352 570 803 602 525 34 579 296 133 213 158 467 187 983 966 412 550 1023 202
770 34 954 419 566 1089 546 1027 251 630 851 328 1045 748 364 806 947 1063 788 167
269 969 375 505 1027 1025 851 772 7 147 576 764 874 50 1148 716 179 777 1030 758
0 0 0 0 0 0 0 0 0 0 0 0 0 0 0 0 0 0 0 0
0 0 0 0 0 0 0 0 0 0 0 0 0 0 0 0 0 0 0 0
938 24 1147 938 147 1143 118 453 66 893 362 1035 930 377 645 427 1067 922 756 837
463 921 877 785 1060 644 304 831 280 515 224 77 325 308 841 202 624 493 192 361
167 654 430 543 111 287 391 301 743 691 437 830 499 1133 951 543 776 344 110 149
843 74 141 588 54 393 670 548 980 317 528 929 870 941 871 390 222 1067 552 538
0 0 0 0 0 0 0 0 0 0 0 0 0 0 0 0 0 0 0 0
0 0 0 0 0 0 0 0 0 0 0 0 0 0 0 0 0 0 0 0
933 206 763 918 25 599 221 444 222 1002 1133 1002 1124 786 25 666 574 345 215 1102
364 485 758 578 1129 228 88 970 275 968 93 107 600 95 444 580 172 688 454 665
404 609 774 264 808 1048 1151 1067 394 798 140 41 1023 159 661 746 752 658 304 133
419 698 480 833 328 576 58 794 253 1120 838 660 17 119 461 667 822 1021 1098 971
0 0 0 0 0 0 0 0 0 0 0 0 0 0 0 0 0 0 0 0
0 0 0 0 0 0 0 0 0 0 0 0 0 0 0 0 0 0 0 0
731 473 420 18 313 126 1036 162 124 451 638 809 845 1075 312 499 205 80 57 1087
1097 39 836 756 529 349 11 1086 592 627 586 973 245 931 62 1141 473 165 741 767
530 239 519 816 986 638 718 19 1134 1034 750 791 641 701 318 507 734 747 405 79
1026 662 932 433 1034 126 811 485 795 395 33 700 523 599 925 547 157 157 703 760
0 0 0 0 0 0 0 0 0 0 0 0 0 0 0 0 0 0 0 0
0 0 0 0 0 0 0 0 0 0 0 0 0 0 0 0 0 0 0 0
582 1133 468 809 884 204 131 705 417 779 363 408 590 147 783 452 594 881 300 1104
415 796 256 44 631 1051 423 380 850 852 444 1136 190 222 1113 516 522 391 471 404
780 619 512 749 331 71 181 398 113 352 275 78 223 273 13 968 1035 75 837 105
431 1085 818 1025 1062 289 385 838 172 189 982 713 1104 740 1151 934 343 378 351 897
0 0 0 0 0 0 0 0 0 0 0 0 0 0 0 0 0 0 0 0
0 0 0 0 0 0 0 0 0 0 0 0 0 0 0 0 0 0 0 0
48 1076 485 921 382 226 595 691 434 289 622 819 501 948 208 422 219 243 12 1139
157 705 99 1027 875 918 960 604 165 377 793 137 805 278 399 245 524 1049 531 1098
17 7 783 275 410 805 51 507 461 172 781 882 821 1049 367 307 60 781 817 608
659 18 51 243 522 407 368 138 71 166 604 641 1153 389 1094 626 881 863 941 229
0 0 0 0 0 0 0 0 0 0 0 0 0 0 0 0 0 0 0 0
0 0 0 0 0 0 0 0 0 0 0 0 0 0 0 0 0 0 0 0
445 791 15 1032 937 434 747 707 751 286 844 589 564 886 206 1121 138 234 542 177
764 523 360 1111 840 882 44 266 593 552 797 26 836 1079 50 986 508 658 518 1087
379 246 752 523 852 208 556 299 118 440 784 441 1151 724 381 653 800 808 765 160
725 544 109 586 1129 326 284 603 483 458 836 433 363 151 145 84 763 161 296 1044
0 0 0 0 0 0 0 0 0 0 0 0 0 0 0 0 0 0 0 0
0 0 0 0 0 0 0 0 0 0 0 0 0 0 0 0 0 0 0 0
11 178 279 439 494 116 864 699 231 631 770 996 933 748 1008 639 82 426 1038 439
718 49 1115 392 536 342 595 113 282 50 741 29 958 576 624 732 301 797 1075 1111
557 173 973 209 613 706 1086 769 606 536 223 924 610 711 759 568 1076 19 262 428
517 188 81 127 734 445 280 899 304 520 781 913 178 895 611 88 229 16 100 876
0 0 0 0 0 0 0 0 0 0 0 0 0 0 0 0 0 0 0 0
0 0 0 0 0 0 0 0 0 0 0 0 0 0 0 0 0 0 0 0
900 527 867 209 748 832 727 437 486 826 895 14 535 995 230 321 745 417 56 924
423 1137 1042 245 688 195 196 1038 265 1058 1073 272 666 735 1053 309 838 857 872 492
892 269 935 200 206 319 789 416 1001 614 1038 928 192 184 507 1147 346 621 648 981
865 424 618 1153 1091 933 587 489 75 1077 282 458 583 814 72 952 58 807 921 871
0 0 0 0 0 0 0 0 0 0 0 0 0 0 0 0 0 0 0 0
0 0 0 0 0 0 0 0 0 0 0 0 0 0 0 0 0 0 0 0
860 229 1085 1137 383 1057 485 783 771 288 429 940 1111 890 1024 569 689 223 781 1124
208 324 168 89 477 737 1152 853 285 231 530 677 899 868 1052 784 50 962 286 296
243 938 792 221 1017 709 459 540 2 632 588 36 11 638 515 652 427 1044 855 929
792 224 984 3 879 1051 11 784 937 609 807 137 753 456 686 161 139 1000 753 100
0 0 0 0 0 0 0 0 0 0 0 0 0 0 0 0 0 0 0 0
0 0 0 0 0 0 0 0 0 0 0 0 0 0 0 0 0 0 0 0
712 411 143 622 647 169 545 648 985 62 668 840 142 622 992 180 982 647 847 524
1048 205 1061 179 261 857 328 829 985 621 551 313 724 932 551 9 868 1117 875 963
547 1135 647 1130 24 884 101 328 23 518 451 47 503 692 182 755 271 9 361 111
1085 797 484 835 176 99 779 491 26 1121 652 851 715 482 249 665 470 114 769 589
0 0 0 0 0 0 0 0 0 0 0 0 0 0 0 0 0 0 0 0
0 0 0 0 0 0 0 0 0 0 0 0 0 0 0 0 0 0 0 0
242 457 1020 615 1002 48 400 690 512 116 411 658 966 1003 212 385 621 895 1094 789
934 509 542 350 1144 156 408 989 40 473 297 16 755 174 8 306 339 428 182 105
709 217 605 888 398 142 1073 1134 850 488 321 221 475 992 222 83 1017 266 753 953
840 158 223 82 411 79 408 242 221 378 358 304 611 584 336 77 868 714 899 471
0 0 0 0 0 0 0 0 0 0 0 0 0 0 0 0 0 0 0 0
0 0 0 0 0 0 0 0 0 0 0 0 0 0 0 0 0 0 0 0
386 580 859 967 158 531 1042 1070 449 198 885 730 390 682 373 19 893 429 904 105
500 187 791 110 92 354 1060 137 106 29 732 336 490 386 187 463 878 411 485 403
361 538 666 1098 162 569 202 527 39 216 667 722 533 864 914 560 203 4 495 465
321 140 14 560 981 715 139 701 198 367 549 1078 1041 508 55 15 975 209 63 1110
0 0 0 0 0 0 0 0 0 0 0 0 0 0 0 0 0 0 0 0
0 0 0 0 0 0 0 0 0 0 0 0 0 0 0 0 0 0 0 0
951 840 966 834 38 487 544 318 1083 1069 7 485 955 52 838 673 919 993 1134 442
498 286 848 573 111 403 231 709 608 619 730 759 60 605 958 114 563 187 650 24
365 1054 36 1021 342 661 72 376 922 798 490 1018 846 78 902 704 28 218 538 1063
1046 811 297 368 587 659 993 975 142 455 857 563 1001 568 298 658 280 53 318 529
0 0 0 0 0 0 0 0 0 0 0 0 0 0 0 0 0 0 0 0
0 0 0 0 0 0 0 0 0 0 0 0 0 0 0 0 0 0 0 0
628 447 634 476 905 417 109 1025 689 914 557 1065 367 876 900 603 167 1044 898 736
900 354 384 964 644 953 1038 155 1048 448 545 558 1004 787 1100 303 1108 975 78 970
132 826 812 507 752 791 528 1151 999 592 546 1035 536 435 559 1036 633 386 921 612
602 416 117 605 23 384 457 52 158 359 332 304 346 1095 478 572 62 263 114 1058
0 0 0 0 0 0 0 0 0 0 0 0 0 0 0 0 0 0 0 0
0 0 0 0 0 0 0 0 0 0 0 0 0 0 0 0 0 0 0 0
950 1 533 1097 83 124 797 125 273 744 488 284 969 1022 948 600 323 762 458 295
348 181 5 1111 377 488 775 235 279 474 783 1091 459 444 226 1120 385 814 216 1111
419 212 34 516 87 20 657 209 924 730 737 845 1083 824 816 986 851 1140 228 215
1087 69 323 341 855 811 78 65 459 51 743 529 301 121 596 1012 777 327 370 330
0 0 0 0 0 0 0 0 0 0 0 0 0 0 0 0 0 0 0 0
0 0 0 0 0 0 0 0 0 0 0 0 0 0 0 0 0 0 0 0
1021 759 557 323 846 183 1144 28 393 827 1034 242 465 602 107 761 485 841 1152 575
1147 357 1119 368 1013 999 482 249 419 600 157 583 969 900 485 596 874 609 427 743
825 255 736 562 804 1131 461 1070 797 995 895 323 367 126 923 1123 887 398 459 800
937 329 177 535 154 1003 580 662 834 532 33 991 1153 80 828 677 475 777 787 522
0 0 0 0 0 0 0 0 0 0 0 0 0 0 0 0 0 0 0 0
0 0 0 0 0 0 0 0 0 0 0 0 0 0 0 0 0 0 0 0
1107 328 859 1125 21 903 985 838 969 620 1131 323 184 255 735 170 764 582 762 680
623 1048 145 623 177 780 45 440 202 748 678 696 924 391 554 1044 939 1077 1136 33
119 1131 82 752 271 768 204 369 1109 708 565 443 930 181 601 1006 295 1014 312 794
728 512 1062 107 833 672 178 281 34 513 1039 718 880 32 1077 804 67 268 1079 377
0 0 0 0 0 0 0 0 0 0 0 0 0 0 0 0 0 0 0 0
0 0 0 0 0 0 0 0 0 0 0 0 0 0 0 0 0 0 0 0
162 354 621 327 771 739 31 774 1100 447 51 1090 1042 796 645 1087 83 45 1003 906
295 1131 40 598 677 488 834 207 284 619 595 372 635 1125 100 62 303 300 201 649
1041 717 289 1141 166 163 326 422 751 99 1053 331 160 658 426 429 533 247 831 1060
895 836 897 125 35 993 1081 57 485 133 166 270 424 473 28 345 281 630 229 987
0 0 0 0 0 0 0 0 0 0 0 0 0 0 0 0 0 0 0 0
0 0 0 0 0 0 0 0 0 0 0 0 0 0 0 0 0 0 0 0
312 158 34 179 1019 177 477 309 292 969 1001 373 223 368 1082 641 517 709 187 546
650 606 953 165 693 544 129 1133 537 984 895 249 698 541 906 568 376 24 559 873
931 37 1091 939 269 20 322 237 189 926 962 271 436 797 9 690 57 155 44 24
537 425 878 394 1046 495 567 269 277 775 1085 726 180 755 1127 197 715 994 1011 756
0 0 0 0 0 0 0 0 0 0 0 0 0 0 0 0 0 0 0 0
0 0 0 0 0 0 0 0 0 0 0 0 0 0 0 0 0 0 0 0
26 1063 891 48 893 1011 441 839 362 8 134 1042 435 1132 209 1055 919 724 96 963
488 1106 995 644 1075 442 619 842 861 883 148 42 917 483 169 518 579 1069 1100 430
563 909 54 40 35 37 594 95 59 225 325 260 1097 991 800 860 634 604 375 604
1037 591 385 37 840 240 96 534 895 562 381 854 491 708 777 369 372 244 569 619
0 0 0 0 0 0 0 0 0 0 0 0 0 0 0 0 0 0 0 0
0 0 0 0 0 0 0 0 0 0 0 0 0 0 0 0 0 0 0 0
234 797 841 1045 183 761 433 112 820 986 820 471 375 40 165 1039 10 740 235 737
713 86 944 1012 365 125 172 769 626 356 867 1031 410 1043 537 176 297 843 1031 445
718 141 1 1082 627 971 1095 132 815 273 915 223 227 237 903 182 628 977 480 237
7 551 845 973 387 633 267 619 187 305 892 812 996 691 232 572 721 924 919 883
0 0 0 0 0 0 0 0 0 0 0 0 0 0 0 0 0 0 0 0
0 0 0 0 0 0 0 0 0 0 0 0 0 0 0 0 0 0 0 0
480 650 500 123 422 862 1130 131 525 601 356 839 405 78 864 463 514 758 9 868
401 1028 1048 130 1114 839 2 101 1148 890 723 278 1005 665 745 470 378 1089 1006 660
1078 185 789 75 448 793 952 307 767 468 381 590 760 935 427 589 249 501 293 458
715 861 1091 389 1123 509 534 1080 235 269 1002 620 729 188 218 426 129 625 151 917
0 0 0 0 0 0 0 0 0 0 0 0 0 0 0 0 0 0 0 0
0 0 0 0 0 0 0 0 0 0 0 0 0 0 0 0 0 0 0 0
694 139 1136 204 251 553 245 190 107 151 873 607 416 193 554 883 838 964 469 128
694 316 414 14 545 768 932 542 675 713 440 613 1147 495 36 943 1008 936 285 994
387 848 75 1124 379 701 248 440 498 78 371 256 32 730 364 173 325 366 220 373
1061 662 1127 619 212 505 174 35 571 511 754 858 926 687 42 465 778 864 47 415
0 0 0 0 0 0 0 0 0 0 0 0 0 0 0 0 0 0 0 0
0 0 0 0 0 0 0 0 0 0 0 0 0 0 0 0 0 0 0 0
623 100 932 306 312 986 8 822 100 809 856 742 743 125 1046 783 311 472 163 731
13 65 285 530 145 685 990 804 993 206 167 530 93 805 675 412 682 6 423 788
1030 831 55 1130 346 199 902 688 1048 334 115 956 551 1044 1039 1131 459 123 240 650
1107 639 28 435 780 440 888 332 30 681 222 886 500 892 814 32 133 374 48 155
0 0 0 0 0 0 0 0 0 0 0 0 0 0 0 0 0 0 0 0
0 0 0 0 0 0 0 0 0 0 0 0 0 0 0 0 0 0 0 0
403 824 925 927 523 457 582 703 153 105 128 1026 392 91 877 904 535 1060 524 442
810 101 129 138 287 605 931 779 8 762 1146 917 1115 170 684 811 298 475 67 713
819 777 566 325 395 1147 1014 630 897 328 784 188 752 964 150 990 512 786 972 56
237 367 1025 419 250 1066 638 572 913 438 766 638 177 649 118 9 153 225 944 867
0 0 0 0 0 0 0 0 0 0 0 0 0 0 0 0 0 0 0 0
0 0 0 0 0 0 0 0 0 0 0 0 0 0 0 0 0 0 0 0
655 526 242 1103 1095 1105 1109 466 416 974 362 605 499 446 579 931 825 1120 154 701
460 570 1080 1142 445 850 294 981 894 633 251 396 471 26 309 610 192 1131 635 412
238 1142 286 1078 905 85 774 874 65 389 182 454 1153 514 1047 669 745 1054 919 864
525 267 499 773 874 819 297 1000 1137 712 424 502 399 395 508 822 333 1097 824 316
0 0 0 0 0 0 0 0 0 0 0 0 0 0 0 0 0 0 0 0
0 0 0 0 0 0 0 0 0 0 0 0 0 0 0 0 0 0 0 0
375 273 1109 771 321 698 646 495 298 405 848 873 985 1122 390 509 958 274 830 903
411 46 1097 871 658 459 867 159 1139 598 670 98 1097 329 33 418 2 483 561 597
984 753 347 123 379 637 1125 815 587 384 19 755 976 540 198 193 85 384 833 179
418 8 526 328 472 533 514 1007 0 1020 82 909 739 685 436 1060 761 865 672 393
0 0 0 0 0 0 0 0 0 0 0 0 0 0 0 0 0 0 0 0
0 0 0 0 0 0 0 0 0 0 0 0 0 0 0 0 0 0 0 0
701 259 385 686 1001 299 947 555 86 876 19 564 392 1076 935 50 876 775 858 480
225 181 195 392 658 50 675 91 597 714 159 884 1016 410 966 362 549 1077 735 338
326 51 53 933 520 449 394 473 995 153 738 1150 994 368 977 957 82 78 51 845
1039 466 901 499 307 399 732 516 461 561 694 47 149 1111 1086 309 927 972 157 831
0 0 0 0 0 0 0 0 0 0 0 0 0 0 0 0 0 0 0 0
0 0 0 0 0 0 0 0 0 0 0 0 0 0 0 0 0 0 0 0
278 334 995 559 556 234 256 103 609 450 114 319 815 862 399 556 359 636 1063 875
352 841 677 431 1081 718 265 1138 371 262 120 1042 631 200 671 362 443 163 46 1053
236 784 547 133 1138 1007 175 164 1112 1100 897 98 788 737 440 95 101 104 461 116
442 917 600 954 1091 446 923 62 370 145 948 336 15 287 334 1106 889 114 253 422
0 0 0 0 0 0 0 0 0 0 0 0 0 0 0 0 0 0 0 0
0 0 0 0 0 0 0 0 0 0 0 0 0 0 0 0 0 0 0 0
581 715 26 633 91 680 7 221 1022 1001 213 254 1056 481 874 501 1088 959 543 372
40 738 901 1010 590 98 665 282 93 661 972 612 259 184 675 337 429 200 1075 385
759 920 897 224 1010 192 268 336 1089 328 4 504 694 136 37 210 61 885 920 524
46 946 646 870 704 313 393 32 244 284 867 430 247 642 514 350 328 772 825 372
0 0 0 0 0 0 0 0 0 0 0 0 0 0 0 0 0 0 0 0
0 0 0 0 0 0 0 0 0 0 0 0 0 0 0 0 0 0 0 0
527 558 736 995 1045 15 498 1018 1046 350 249 145 60 394 728 823 510 721 650 575
543 1135 490 368 253 18 611 252 1083 306 1111 585 859 703 280 126 577 518 509 7
584 604 734 366 414 777 931 631 210 925 894 419 369 388 557 186 786 916 522 848
835 217 117 755 34 589 180 884 1037 191 980 871 152 70 941 746 267 261 976 920
0 0 0 0 0 0 0 0 0 0 0 0 0 0 0 0 0 0 0 0
0 0 0 0 0 0 0 0 0 0 0 0 0 0 0 0 0 0 0 0
947 1050 976 846 186 850 1154 545 179 624 218 728 668 987 934 86 54 981 742 671
463 820 817 339 679 275 724 1046 432 1077 831 37 202 47 846 835 1070 359 1031 189
166 33 386 701 737 247 1118 705 1015 494 159 608 88 1104 251 736 61 423 1023 415
441 415 333 1037 978 275 594 127 124 296 372 44 502 6 1029 997 782 138 878 629
0 0 0 0 0 0 0 0 0 0 0 0 0 0 0 0 0 0 0 0
0 0 0 0 0 0 0 0 0 0 0 0 0 0 0 0 0 0 0 0
914 962 809 406 705 426 741 1137 567 1149 898 700 621 625 668 328 154 916 974 755
462 410 929 781 1031 637 1095 277 965 875 690 837 488 439 690 998 419 964 948 687
836 661 342 1145 979 222 524 111 144 641 565 698 982 1032 953 45 815 2 1114 365
1011 1081 959 561 229 588 975 1139 286 932 137 576 263 905 250 133 914 449 724 418
0 0 0 0 0 0 0 0 0 0 0 0 0 0 0 0 0 0 0 0
0 0 0 0 0 0 0 0 0 0 0 0 0 0 0 0 0 0 0 0
35 979 994 442 290 1060 755 619 584 528 585 971 555 628 695 766 274 932 804 641
998 850 465 547 764 86 374 454 888 858 392 782 526 594 617 22 782 622 878 497
960 264 558 917 394 795 798 839 341 816 935 64 261 576 938 1 637 979 1028 360
1130 886 46 603 989 932 262 592 60 239 696 875 658 937 972 736 606 870 335 321
0 0 0 0 0 0 0 0 0 0 0 0 0 0 0 0 0 0 0 0
0 0 0 0 0 0 0 0 0 0 0 0 0 0 0 0 0 0 0 0
1031 665 337 1111 137 844 295 805 1002 78 930 36 45 197 366 1120 882 216 313 712
341 86 289 950 34 398 1016 141 329 906 1064 555 521 269 242 193 94 832 575 1096
502 280 941 128 1121 856 388 562 825 87 883 316 635 949 1152 649 319 559 236 994
668 182 714 652 848 586 435 400 14 380 463 213 789 562 534 809 847 549 66 942
0 0 0 0 0 0 0 0 0 0 0 0 0 0 0 0 0 0 0 0
0 0 0 0 0 0 0 0 0 0 0 0 0 0 0 0 0 0 0 0
762 310 19 1113 482 636 789 412 119 10 114 946 496 699 251 708 408 764 833 285
373 31 588 1095 732 566 843 958 363 1024 385 401 838 19 530 101 771 939 213 292
35 422 630 170 555 651 1005 299 1057 383 273 515 209 843 770 524 519 526 622 297
226 427 1013 67 389 60 510 114 554 469 851 552 74 226 940 812 1045 341 137 349
0 0 0 0 0 0 0 0 0 0 0 0 0 0 0 0 0 0 0 0
0 0 0 0 0 0 0 0 0 0 0 0 0 0 0 0 0 0 0 0
45 998 479 477 1148 681 493 765 1131 506 950 498 523 537 221 335 189 993 711 793
499 208 369 326 1020 38 373 92 55 747 341 408 625 40 77 234 1077 765 239 1084
977 721 583 1072 366 850 329 430 105 541 980 447 852 306 917 725 732 412 221 551
56 85 209 401 272 718 1048 359 506 240 944 380 753 661 1110 636 1106 363 24 513
0 0 0 0 0 0 0 0 0 0 0 0 0 0 0 0 0 0 0 0
0 0 0 0 0 0 0 0 0 0 0 0 0 0 0 0 0 0 0 0
891 30 80 64 753 627 324 748 751 795 354 698 575 1125 602 265 182 69 495 579
497 1001 773 722 286 319 816 559 562 631 929 30 888 289 526 68 322 1097 781 311
663 593 350 318 676 399 1094 525 1136 984 30 507 691 101 81 771 158 744 300 999
16 44 562 413 587 410 119 1020 784 885 560 967 602 87 454 1082 175 395 458 232
0 0 0 0 0 0 0 0 0 0 0 0 0 0 0 0 0 0 0 0
0 0 0 0 0 0 0 0 0 0 0 0 0 0 0 0 0 0 0 0
951 396 782 229 398 551 1022 165 623 770 299 954 973 170 312 1152 389 578 11 107
105 733 1136 502 202 248 838 1114 995 42 1080 821 802 779 80 952 1027 998 20 17
12 433 505 890 1036 647 668 651 346 856 1099 680 249 597 586 603 348 699 489 687
49 200 323 670 703 812 167 996 1024 789 895 256 97 916 419 71 251 1147 344 935
0 0 0 0 0 0 0 0 0 0 0 0 0 0 0 0 0 0 0 0
0 0 0 0 0 0 0 0 0 0 0 0 0 0 0 0 0 0 0 0
712 281 1098 768 806 922 1122 918 28 999 395 308 477 520 634 519 45 932 862 1113
457 886 254 158 471 892 1071 143 563 486 1146 307 208 729 557 937 568 1094 710 991
765 951 928 189 85 812 635 175 89 1030 1 752 814 782 728 183 936 539 277 289
145 415 280 462 53 986 1154 1114 477 561 668 428 8 695 429 967 650 946 597 407
0 0 0 0 0 0 0 0 0 0 0 0 0 0 0 0 0 0 0 0
0 0 0 0 0 0 0 0 0 0 0 0 0 0 0 0 0 0 0 0
666 276 574 575 966 270 624 964 222 113 75 1135 267 482 1003 73 959 482 1143 738
170 1098 890 923 465 378 88 1142 1020 452 31 510 75 956 669 1017 936 540 486 702
957 955 99 580 161 709 934 72 822 737 946 545 110 905 543 723 15 603 992 1043
281 970 176 960 387 666 232 117 706 118 81 192 740 55 1120 323 289 67 179 1144
0 0 0 0 0 0 0 0 0 0 0 0 0 0 0 0 0 0 0 0
0 0 0 0 0 0 0 0 0 0 0 0 0 0 0 0 0 0 0 0
186 190 522 881 559 285 948 62 1099 238 1106 297 308 304 560 814 466 885 412 207
451 912 572 347 2 139 334 188 416 583 234 471 1144 722 113 153 555 947 966 578
209 407 974 828 482 329 1012 696 484 528 528 81 221 159 280 937 255 396 242 969
576 144 216 104 25 149 602 727 20 1069 102 1046 641 1136 989 719 776 22 834 366
0 0 0 0 0 0 0 0 0 0 0 0 0 0 0 0 0 0 0 0
0 0 0 0 0 0 0 0 0 0 0 0 0 0 0 0 0 0 0 0
479 173 765 635 500 354 427 52 236 356 717 306 1090 1150 1094 371 761 631 2 306
838 993 1025 31 313 680 759 695 734 924 470 55 788 623 421 675 1017 772 38 404
769 46 457 892 607 717 208 315 901 430 872 840 334 339 599 478 1133 837 587 1046
80 73 978 403 531 283 118 1120 768 532 774 615 951 987 536 1036 942 28 455 447
0 0 0 0 0 0 0 0 0 0 0 0 0 0 0 0 0 0 0 0
0 0 0 0 0 0 0 0 0 0 0 0 0 0 0 0 0 0 0 0
946 890 1076 695 461 531 534 307 1098 655 565 184 1086 864 341 604 300 554 647 583
729 1132 1147 779 274 801 493 495 268 575 777 835 706 483 1029 488 580 207 968 1101
648 516 76 951 610 797 132 639 1122 504 1065 882 632 767 177 786 1099 50 28 1076
731 156 211 1123 612 1099 586 993 646 1128 1083 278 71 63 609 174 767 298 411 568
0 0 0 0 0 0 0 0 0 0 0 0 0 0 0 0 0 0 0 0
0 0 0 0 0 0 0 0 0 0 0 0 0 0 0 0 0 0 0 0
43 162 979 1065 1078 269 704 283 870 781 647 601 380 860 1046 490 749 773 1058 1019
359 294 554 583 976 362 624 546 816 806 350 1001 905 95 266 324 590 386 795 447
150 514 513 202 479 153 1086 774 791 940 331 1042 321 301 573 984 106 146 772 323
518 119 222 561 1077 549 698 860 731 1042 283 324 26 547 736 663 807 781 528 117
0 0 0 0 0 0 0 0 0 0 0 0 0 0 0 0 0 0 0 0
0 0 0 0 0 0 0 0 0 0 0 0 0 0 0 0 0 0 0 0
831 870 553 701 486 167 83 993 530 653 572 448 994 98 546 370 747 1059 409 96
453 44 986 997 169 934 933 693 1042 493 773 596 160 663 326 978 333 487 343 565
1132 13 387 688 439 1097 506 436 266 501 1088 426 329 979 533 145 709 483 494 1117
9 1050 331 411 271 3 556 59 122 786 228 1109 317 1151 955 902 665 621 740 650
0 0 0 0 0 0 0 0 0 0 0 0 0 0 0 0 0 0 0 0
0 0 0 0 0 0 0 0 0 0 0 0 0 0 0 0 0 0 0 0
625 768 473 853 646 767 451 638 1136 709 1036 308 635 1138 1042 826 17 1145 346 1074
682 935 1116 1098 756 639 937 582 859 592 403 878 69 133 725 255 393 872 892 313
505 840 125 123 469 118 644 607 239 816 234 593 24 338 379 1147 678 1 771 992
1122 758 909 976 715 647 92 215 127 687 706 1052 575 387 972 369 71 188 99 635
0 0 0 0 0 0 0 0 0 0 0 0 0 0 0 0 0 0 0 0
0 0 0 0 0 0 0 0 0 0 0 0 0 0 0 0 0 0 0 0
974 262 238 18 1143 1063 101 152 909 499 650 27 383 575 853 1071 39 152 1106 421
1046 347 279 951 799 1147 713 529 394 114 892 432 814 285 1144 761 22 646 467 488
1006 784 1033 775 547 124 272 360 588 846 37 524 431 486 611 890 733 277 452 779
638 905 302 23 1093 3 625 24 330 860 664 185 328 429 313 686 971 977 742 85
0 0 0 0 0 0 0 0 0 0 0 0 0 0 0 0 0 0 0 0
0 0 0 0 0 0 0 0 0 0 0 0 0 0 0 0 0 0 0 0
1148 989 1137 487 1033 531 482 366 936 889 674 405 197 77 435 304 349 862 1090 871
194 431 6 1134 889 1054 560 38 170 630 862 162 404 32 783 957 699 330 302 966
353 924 442 22 988 458 1137 582 1128 405 548 5 39 727 677 535 410 915 1146 806
447 771 617 350 590 391 144 243 116 161 157 313 189 609 367 25 293 894 482 572
0 0 0 0 0 0 0 0 0 0 0 0 0 0 0 0 0 0 0 0
0 0 0 0 0 0 0 0 0 0 0 0 0 0 0 0 0 0 0 0
702 552 389 872 352 308 417 1118 12 1100 457 402 891 1135 444 1024 828 148 794 317
749 1147 1013 989 942 916 472 227 1037 197 1126 535 183 242 323 523 290 463 233 262
570 218 1052 271 1114 294 733 656 799 127 790 121 127 817 504 595 904 322 13 742
1154 27 672 396 543 1130 425 1052 509 614 785 439 481 296 772 160 162 355 677 789
0 0 0 0 0 0 0 0 0 0 0 0 0 0 0 0 0 0 0 0
0 0 0 0 0 0 0 0 0 0 0 0 0 0 0 0 0 0 0 0
920 927 559 506 134 245 1115 931 609 545 549 726 833 314 214 846 345 290 346 64
742 66 381 1005 200 448 414 670 499 552 1131 982 226 883 853 496 257 509 892 118
1039 543 252 790 1066 892 866 676 545 1032 280 1099 648 711 675 743 1111 663 440 803
141 772 721 801 977 605 289 150 897 232 590 840 813 490 269 351 185 455 892 1019
0 0 0 0 0 0 0 0 0 0 0 0 0 0 0 0 0 0 0 0
0 0 0 0 0 0 0 0 0 0 0 0 0 0 0 0 0 0 0 0
810 110 386 234 967 865 51 879 33 703 716 835 478 302 734 596 252 79 66 1062
872 228 52 956 309 65 4 226 519 1066 889 878 834 532 822 426 345 1020 609 515
444 764 36 171 825 260 467 838 1022 39 441 91 1116 553 28 177 805 689 183 924
533 162 284 27 452 448 778 242 1044 303 1033 4 38 733 674 433 364 680 315 338
0 0 0 0 0 0 0 0 0 0 0 0 0 0 0 0 0 0 0 0
0 0 0 0 0 0 0 0 0 0 0 0 0 0 0 0 0 0 0 0
532 242 94 57 330 578 21 338 208 659 1054 215 955 484 926 588 973 608 1060 21
793 864 262 76 660 814 435 557 319 694 850 532 550 227 1038 163 90 552 812 431
1045 994 310 183 883 571 521 188 153 881 862 558 788 421 90 260 506 361 687 1063
459 349 1036 257 499 440 207 1065 1009 239 1132 896 698 601 1088 828 603 930 100 548
0 0 0 0 0 0 0 0 0 0 0 0 0 0 0 0 0 0 0 0
0 0 0 0 0 0 0 0 0 0 0 0 0 0 0 0 0 0 0 0
838 910 377 284 883 251 1139 581 213 1090 933 362 534 24 162 989 596 960 14 750
980 381 79 1142 416 196 906 256 1042 1058 733 167 646 292 398 60 987 26 67 942
387 315 1096 154 932 139 315 750 326 28 254 662 155 390 748 1098 810 712 602 1043
13 756 426 501 944 379 732 479 680 74 834 326 542 286 1055 1143 241 425 37 1132
0 0 0 0 0 0 0 0 0 0 0 0 0 0 0 0 0 0 0 0
0 0 0 0 0 0 0 0 0 0 0 0 0 0 0 0 0 0 0 0
348 159 1067 149 642 627 198 475 276 943 967 141 187 566 937 108 328 443 844 475
28 841 395 203 815 463 156 732 820 1073 863 201 136 424 699 705 690 295 15 637
404 507 343 548 662 333 1003 1153 1008 482 163 662 688 509 1069 174 190 862 311 1031
707 1103 759 472 985 354 1136 1054 532 417 271 611 47 452 135 590 360 484 257 454
0 0 0 0 0 0 0 0 0 0 0 0 0 0 0 0 0 0 0 0
0 0 0 0 0 0 0 0 0 0 0 0 0 0 0 0 0 0 0 0
976 786 383 355 119 350 460 183 394 670 473 547 1107 553 500 905 735 29 647 510
366 1028 184 716 1021 250 4 151 166 682 642 433 42 365 1101 623 778 164 834 742
659 224 431 320 314 218 244 1131 482 1080 667 147 802 975 328 536 127 1032 694 132
179 843 645 585 693 1150 336 1093 41 1069 1141 552 99 641 1135 744 95 510 1137 403
0 0 0 0 0 0 0 0 0 0 0 0 0 0 0 0 0 0 0 0
0 0 0 0 0 0 0 0 0 0 0 0 0 0 0 0 0 0 0 0
411 72 106 1140 362 910 305 768 1109 884 330 942 635 828 0 1081 839 76 69 531
922 65 1076 771 761 248 164 470 77 599 328 762 234 201 430 79 890 175 948 661
727 634 874 637 796 576 26 96 405 468 1028 639 948 243 559 1021 253 663 920 796
30 291 365 957 808 879 607 757 199 1070 786 558 342 15 212 471 459 801 1083 312
0 0 0 0 0 0 0 0 0 0 0 0 0 0 0 0 0 0 0 0
0 0 0 0 0 0 0 0 0 0 0 0 0 0 0 0 0 0 0 0
141 792 711 1101 1082 102 1035 598 79 184 242 711 425 221 113 846 425 519 311 131
964 638 1022 230 956 842 422 865 566 711 856 913 609 3 183 1068 676 936 226 586
281 1077 467 445 742 170 542 326 301 826 147 92 1048 882 182 985 207 894 962 1061
629 727 202 4 999 511 818 394 427 474 842 394 534 595 306 817 554 570 765 958
0 0 0 0 0 0 0 0 0 0 0 0 0 0 0 0 0 0 0 0
0 0 0 0 0 0 0 0 0 0 0 0 0 0 0 0 0 0 0 0
960 371 251 1110 571 243 334 124 174 241 948 836 159 1090 152 508 412 369 234 100
908 186 706 1059 276 75 1089 961 120 79 837 235 67 1042 862 30 561 591 131 364
453 695 541 24 312 1041 69 558 1017 956 548 387 1028 213 671 75 961 464 854 927
246 925 571 1038 910 278 798 920 149 239 205 365 477 57 618 585 180 908 40 139
0 0 0 0 0 0 0 0 0 0 0 0 0 0 0 0 0 0 0 0
0 0 0 0 0 0 0 0 0 0 0 0 0 0 0 0 0 0 0 0
580 1024 421 418 1033 468 732 874 337 638 1032 668 230 698 884 763 568 936 768 246
576 26 36 931 252 186 289 79 255 12 577 219 265 995 1095 961 839 1009 460 589
886 55 1013 940 876 31 770 417 41 107 211 349 124 621 564 51 306 521 352 595
827 183 121 557 660 864 355 432 535 1103 765 671 798 984 602 564 246 487 664 553
0 0 0 0 0 0 0 0 0 0 0 0 0 0 0 0 0 0 0 0
0 0 0 0 0 0 0 0 0 0 0 0 0 0 0 0 0 0 0 0
12 691 929 56 758 1118 946 573 655 45 1145 746 942 173 1064 156 42 939 18 460
616 351 512 854 196 106 1064 242 751 687 1002 564 1049 40 497 724 864 652 872 1052
133 858 172 43 396 651 445 974 953 594 23 375 270 1132 607 915 66 468 994 295
13 346 964 414 741 50 343 11 314 827 650 418 235 322 1 1042 1084 282 253 869
0 0 0 0 0 0 0 0 0 0 0 0 0 0 0 0 0 0 0 0
0 0 0 0 0 0 0 0 0 0 0 0 0 0 0 0 0 0 0 0
443 992 279 193 885 12 1146 594 629 668 222 734 1149 32 405 183 799 1038 766 460
62 58 980 1014 729 795 694 1000 401 1115 969 260 876 394 969 36 869 670 1088 498
43 599 424 202 109 329 1129 548 1139 664 37 916 149 104 786 530 45 899 810 664
771 673 407 893 948 1043 176 255 143 697 709 958 631 225 225 22 408 188 62 912
0 0 0 0 0 0 0 0 0 0 0 0 0 0 0 0 0 0 0 0
0 0 0 0 0 0 0 0 0 0 0 0 0 0 0 0 0 0 0 0
201 144 818 262 625 927 8 456 432 366 231 662 714 191 525 230 490 495 1095 432
976 524 916 901 346 765 503 510 40 752 870 870 50 169 882 34 743 978 940 853
1 763 604 125 943 649 504 544 121 290 187 645 1094 984 747 755 859 864 369 255
735 459 168 486 798 320 207 811 403 879 82 301 329 1040 203 579 338 515 897 287
0 0 0 0 0 0 0 0 0 0 0 0 0 0 0 0 0 0 0 0
0 0 0 0 0 0 0 0 0 0 0 0 0 0 0 0 0 0 0 0
394 626 419 905 796 416 1072 1012 174 131 762 1041 330 1104 754 173 460 515 819 447
79 906 223 425 735 367 895 952 747 624 97 618 100 291 451 591 1001 605 941 770
613 368 627 509 324 448 177 31 547 30 1116 1074 1042 113 781 700 1012 201 541 459
556 87 222 409 6 190 866 906 63 756 1152 976 31 1147 660 1124 178 270 227 464
0 0 0 0 0 0 0 0 0 0 0 0 0 0 0 0 0 0 0 0
0 0 0 0 0 0 0 0 0 0 0 0 0 0 0 0 0 0 0 0
997 49 1153 108 391 547 171 1034 347 584 943 485 598 468 364 1012 267 811 83 436
76 326 1099 335 1072 407 914 760 517 41 272 1096 67 503 461 1123 68 27 709 695
60 1130 752 110 794 267 921 1016 324 426 115 423 868 549 706 1103 633 405 940 272
260 1132 830 836 411 234 70 792 1090 1110 616 395 187 436 211 75 108 28 891 522
0 0 0 0 0 0 0 0 0 0 0 0 0 0 0 0 0 0 0 0
0 0 0 0 0 0 0 0 0 0 0 0 0 0 0 0 0 0 0 0
582 996 197 571 100 772 675 870 1082 94 426 682 726 388 733 586 46 969 853 890
1109 940 505 499 264 386 790 1058 182 34 112 918 451 645 98 360 590 1116 851 365
505 611 284 1143 892 595 1150 796 969 757 785 372 14 449 31 830 456 748 946 476
1022 979 901 86 1147 574 1058 460 527 759 478 107 24 702 147 588 1079 494 1144 509
0 0 0 0 0 0 0 0 0 0 0 0 0 0 0 0 0 0 0 0
0 0 0 0 0 0 0 0 0 0 0 0 0 0 0 0 0 0 0 0
505 32 631 525 1047 362 7 858 811 781 264 935 748 703 352 8 319 927 576 547
1133 935 798 577 963 192 293 359 272 596 330 374 280 1073 22 572 47 466 620 308
292 1085 513 120 798 61 1133 693 389 116 879 810 318 653 1137 210 789 210 835 607
708 533 28 253 843 40 337 599 220 799 733 855 657 726 865 995 37 507 262 245
0 0 0 0 0 0 0 0 0 0 0 0 0 0 0 0 0 0 0 0
0 0 0 0 0 0 0 0 0 0 0 0 0 0 0 0 0 0 0 0
87 75 1031 1028 1119 1141 18 853 263 196 630 913 47 967 396 222 714 59 803 281
275 882 90 913 110 274 211 616 1130 469 790 96 15 493 813 711 195 702 361 363
644 372 542 130 350 536 739 281 721 747 793 81 651 1114 836 880 675 1080 1095 1075
255 232 613 1099 330 716 209 674 242 548 161 16 388 410 71 321 560 552 17 219
0 0 0 0 0 0 0 0 0 0 0 0 0 0 0 0 0 0 0 0
0 0 0 0 0 0 0 0 0 0 0 0 0 0 0 0 0 0 0 0
218 629 643 619 219 895 1144 713 1055 377 751 535 608 592 150 333 594 416 416 357
1130 1081 238 1080 425 913 200 748 1099 977 491 481 673 631 942 498 787 939 499 481
388 957 174 1143 83 486 1106 691 1084 423 384 234 268 812 1123 715 80 733 344 171
69 569 200 223 1092 544 1108 328 30 627 365 629 1012 67 901 375 973 413 306 1129
0 0 0 0 0 0 0 0 0 0 0 0 0 0 0 0 0 0 0 0
0 0 0 0 0 0 0 0 0 0 0 0 0 0 0 0 0 0 0 0
1013 772 906 699 379 560 1 13 185 979 564 791 390 323 705 74 362 1007 338 414
660 667 931 754 996 124 458 771 219 380 433 1121 545 183 927 733 56 142 247 598
82 570 919 903 551 214 89 658 1060 329 874 66 498 147 803 808 538 557 231 279
1116 925 252 28 785 404 546 1095 306 269 954 285 1066 359 88 745 796 93 632 627
0 0 0 0 0 0 0 0 0 0 0 0 0 0 0 0 0 0 0 0
0 0 0 0 0 0 0 0 0 0 0 0 0 0 0 0 0 0 0 0
103 538 93 482 867 340 789 308 830 636 467 1036 162 621 619 920 861 707 821 487
652 544 1146 976 57 507 529 788 344 391 765 288 34 476 380 330 322 899 1011 1014
961 327 932 182 411 590 977 989 310 474 976 272 951 164 1047 1015 2 736 496 416
311 450 733 1078 587 857 123 923 485 252 384 752 944 378 274 192 137 270 888 421
0 0 0 0 0 0 0 0 0 0 0 0 0 0 0 0 0 0 0 0
0 0 0 0 0 0 0 0 0 0 0 0 0 0 0 0 0 0 0 0
36 764 562 207 1074 815 1037 913 2 419 586 1008 1110 367 195 573 804 219 777 615
951 180 1043 190 691 1109 763 166 785 450 842 238 651 14 678 1091 613 189 398 1152
890 987 23 1113 1070 110 806 134 822 788 412 893 259 214 66 510 483 601 1001 431
643 306 25 649 717 30 608 1154 630 952 322 959 180 807 306 442 351 905 449 803
0 0 0 0 0 0 0 0 0 0 0 0 0 0 0 0 0 0 0 0
0 0 0 0 0 0 0 0 0 0 0 0 0 0 0 0 0 0 0 0
609 637 579 980 23 283 458 38 290 1144 772 878 602 810 43 583 388 1058 1116 974
937 791 369 397 448 589 971 253 871 968 208 1087 124 179 203 690 1014 354 1110 4
578 911 597 604 912 986 864 156 704 701 609 411 205 523 765 1139 970 576 323 177
543 1154 450 581 763 785 587 113 233 910 674 325 945 502 918 402 835 363 945 894
0 0 0 0 0 0 0 0 0 0 0 0 0 0 0 0 0 0 0 0
0 0 0 0 0 0 0 0 0 0 0 0 0 0 0 0 0 0 0 0
787 1128 369 616 956 9 537 583 677 365 389 757 338 246 801 503 556 717 27 1078
259 296 200 1079 507 80 827 1065 72 167 979 1058 368 44 1055 774 628 916 879 1086
373 689 883 1137 582 242 276 924 280 203 383 563 44 405 564 210 1002 147 778 1018
1153 240 1017 201 72 222 617 524 606 228 882 620 205 1011 327 7 632 31 709 481
0 0 0 0 0 0 0 0 0 0 0 0 0 0 0 0 0 0 0 0
0 0 0 0 0 0 0 0 0 0 0 0 0 0 0 0 0 0 0 0
753 1019 79 741 1085 292 900 681 881 1042 802 278 1085 947 660 278 1019 522 80 881
352 960 570 989 808 642 759 113 492 567 950 814 255 1088 57 584 853 495 1069 960
1062 1032 716 71 1019 398 1005 832 655 756 802 1143 269 780 424 963 167 834 89 1054
737 871 672 538 508 607 856 753 986 1119 922 217 600 185 1107 241 724 475 902 43
0 0 0 0 0 0 0 0 0 0 0 0 0 0 0 0 0 0 0 0
0 0 0 0 0 0 0 0 0 0 0 0 0 0 0 0 0 0 0 0
272 271 618 67 88 947 627 992 547 0 1058 1051 157 300 711 716 931 212 1105 240
833 1100 947 282 522 413 584 36 1109 854 80 394 1028 563 1138 953 734 1127 410 559
352 434 488 223 861 502 8 1089 730 876 386 1079 1092 274 218 875 426 225 1107 734
357 926 624 726 1096 398 600 769 1027 1131 285 645 285 402 221 50 1094 253 580 714
0 0 0 0 0 0 0 0 0 0 0 0 0 0 0 0 0 0 0 0
0 0 0 0 0 0 0 0 0 0 0 0 0 0 0 0 0 0 0 0
284 791 394 155 482 966 1118 153 612 448 1113 67 191 140 444 256 821 122 65 925
378 291 259 54 835 1001 1041 118 1154 475 1133 996 349 374 741 1151 926 914 735 865
125 1146 1054 923 617 382 718 567 795 140 266 791 442 596 353 314 146 298 177 673
186 240 730 128 352 763 657 5 840 1062 948 511 61 155 298 1010 570 336 409 1087
0 0 0 0 0 0 0 0 0 0 0 0 0 0 0 0 0 0 0 0
0 0 0 0 0 0 0 0 0 0 0 0 0 0 0 0 0 0 0 0
523 857 202 370 584 1042 818 93 725 285 40 656 144 481 859 1004 622 712 511 1025
216 664 605 25 988 760 495 221 936 958 959 177 553 11 157 638 620 660 181 971
1074 113 245 432 697 581 1123 379 886 625 223 532 508 230 965 346 688 147 29 891
204 576 978 484 362 264 105 1060 776 734 924 615 1090 558 452 735 610 880 369 372
0 0 0 0 0 0 0 0 0 0 0 0 0 0 0 0 0 0 0 0
0 0 0 0 0 0 0 0 0 0 0 0 0 0 0 0 0 0 0 0
449 446 1036 637 194 423 715 866 893 90 1032 915 585 525 168 506 766 1083 699 333
48 334 915 201 88 965 61 280 552 460 997 1124 41 277 326 673 440 445 806 1093
531 200 621 64 663 157 1087 9 938 564 772 215 1125 978 850 17 108 978 692 581
568 1016 269 1105 1075 58 755 733 463 214 418 977 769 645 85 138 767 522 701 850
0 0 0 0 0 0 0 0 0 0 0 0 0 0 0 0 0 0 0 0
0 0 0 0 0 0 0 0 0 0 0 0 0 0 0 0 0 0 0 0
549 1087 1052 502 134 226 18 674 422 109 375 929 343 1031 747 373 567 501 824 485
526 970 834 796 631 1132 402 144 1108 668 199 1063 632 568 1111 612 289 163 586 519
783 520 721 540 680 57 791 358 913 151 448 335 52 275 556 202 142 329 176 185
645 555 809 680 701 4 167 285 570 28 631 143 524 156 426 419 376 169 1133 634
0 0 0 0 0 0 0 0 0 0 0 0 0 0 0 0 0 0 0 0
0 0 0 0 0 0 0 0 0 0 0 0 0 0 0 0 0 0 0 0
379 1006 746 756 287 366 987 1059 174 590 206 904 972 1049 993 795 205 1118 455 459
1052 1093 1088 644 936 77 236 321 541 631 863 487 104 980 588 712 383 907 809 1013
13 560 228 226 234 1145 549 953 159 115 517 554 240 669 229 1112 934 236 279 1006
412 1153 673 666 291 852 522 153 605 913 462 391 9 587 668 1144 977 497 874 899
0 0 0 0 0 0 0 0 0 0 0 0 0 0 0 0 0 0 0 0
0 0 0 0 0 0 0 0 0 0 0 0 0 0 0 0 0 0 0 0
314 97 203 739 1075 383 883 1043 924 919 738 589 1041 363 700 541 673 648 435 406
855 889 936 380 23 882 598 363 287 299 806 1116 312 1026 121 111 381 550 975 829
292 830 805 796 109 215 1099 1143 892 172 304 824 163 1063 1154 430 927 704 74 1034
946 1012 209 383 731 475 1023 482 817 519 819 883 1138 1068 1106 401 689 590 240 148
0 0 0 0 0 0 0 0 0 0 0 0 0 0 0 0 0 0 0 0
0 0 0 0 0 0 0 0 0 0 0 0 0 0 0 0 0 0 0 0
448 195 932 611 487 186 594 140 497 838 1139 1111 869 352 595 306 1075 1004 994 438
1072 783 706 63 1127 276 741 586 409 565 1154 374 439 360 458 347 483 155 499 446
747 1042 951 258 390 901 112 909 190 311 815 259 801 1035 294 601 132 869 19 792
838 539 846 218 292 36 535 693 145 980 1097 240 367 119 157 1103 203 7 391 666
0 0 0 0 0 0 0 0 0 0 0 0 0 0 0 0 0 0 0 0
0 0 0 0 0 0 0 0 0 0 0 0 0 0 0 0 0 0 0 0
253 539 856 44 171 1084 769 203 117 903 285 200 837 307 53 212 945 1103 146 180
278 862 1016 443 187 88 576 419 131 192 767 225 387 545 12 658 1077 881 91 7
112 1044 275 116 110 565 340 555 1106 451 361 787 42 369 950 914 914 1137 981 818
63 385 200 831 310 977 674 610 858 855 1053 721 513 860 461 82 286 320 617 297
0 0 0 0 0 0 0 0 0 0 0 0 0 0 0 0 0 0 0 0
0 0 0 0 0 0 0 0 0 0 0 0 0 0 0 0 0 0 0 0
480 745 411 623 569 246 1143 24 489 954 187 848 10 1073 116 653 661 834 418 903
4 923 271 859 524 196 170 124 523 180 532 545 520 672 876 647 105 1045 82 329
899 214 1098 990 420 335 575 673 541 965 901 1010 258 146 187 694 1033 673 493 899
26 505 1018 655 700 773 279 796 637 286 521 651 808 843 30 389 156 1059 1077 1079
0 0 0 0 0 0 0 0 0 0 0 0 0 0 0 0 0 0 0 0
0 0 0 0 0 0 0 0 0 0 0 0 0 0 0 0 0 0 0 0
920 146 648 131 751 985 583 522 682 960 63 412 74 911 76 222 855 115 681 400
575 931 661 649 60 90 486 1114 995 371 879 598 942 1087 303 337 305 534 313 686
676 581 624 936 64 758 1037 407 1084 1153 331 899 872 100 82 1057 1084 1014 12 1084
661 185 500 65 774 230 1059 503 65 1076 848 738 916 314 107 321 622 974 661 366
0 0 0 0 0 0 0 0 0 0 0 0 0 0 0 0 0 0 0 0
0 0 0 0 0 0 0 0 0 0 0 0 0 0 0 0 0 0 0 0
345 859 1088 744 596 722 273 69 334 834 145 292 728 895 1099 387 254 568 1081 751
529 1144 55 111 520 495 788 629 196 785 936 588 1007 386 296 103 761 454 179 1122
489 1135 616 41 817 572 1083 788 553 997 442 187 898 314 225 284 726 807 826 287
640 1033 13 158 1004 82 804 264 150 555 540 941 293 297 540 400 527 904 240 294
0 0 0 0 0 0 0 0 0 0 0 0 0 0 0 0 0 0 0 0
0 0 0 0 0 0 0 0 0 0 0 0 0 0 0 0 0 0 0 0
1152 176 492 59 574 1084 441 1132 546 374 926 807 519 915 659 993 763 484 489 123
723 388 717 864 1036 249 4 148 885 1145 650 307 624 869 596 23 562 779 524 227
543 1068 1096 243 696 505 622 794 429 770 1015 511 711 237 732 323 48 28 769 892
565 111 532 454 671 530 140 372 132 674 1121 227 969 673 535 206 841 311 899 1147
0 0 0 0 0 0 0 0 0 0 0 0 0 0 0 0 0 0 0 0
0 0 0 0 0 0 0 0 0 0 0 0 0 0 0 0 0 0 0 0
746 491 520 717 195 18 126 145 1085 822 264 537 1020 1045 1054 748 171 705 186 396
767 670 638 269 970 61 948 190 990 391 415 549 628 732 317 729 25 903 706 468
800 680 134 284 812 475 4 260 1123 857 388 43 124 593 57 993 309 785 510 987
140 767 763 1093 1048 1105 1151 530 938 62 829 170 736 435 779 538 1082 189 1107 879
0 0 0 0 0 0 0 0 0 0 0 0 0 0 0 0 0 0 0 0
0 0 0 0 0 0 0 0 0 0 0 0 0 0 0 0 0 0 0 0
966 636 268 818 431 335 321 38 160 276 442 1146 956 50 1040 75 1037 401 816 907
591 935 199 703 374 555 278 614 137 470 609 729 303 588 834 1024 453 376 335 571
1113 293 632 840 632 960 162 896 834 1142 1065 186 1025 105 180 60 546 1059 7 106
731 918 1115 58 675 1130 878 295 236 864 153 317 490 691 268 392 78 677 770 994
0 0 0 0 0 0 0 0 0 0 0 0 0 0 0 0 0 0 0 0
0 0 0 0 0 0 0 0 0 0 0 0 0 0 0 0 0 0 0 0
353 122 1130 53 589 953 1019 560 696 844 810 864 1064 665 695 235 138 1114 562 1048
1110 457 912 1103 617 309 39 792 543 824 960 99 309 1056 50 68 101 207 321 808
897 100 642 1074 1078 162 925 668 957 745 495 150 543 799 19 940 40 56 424 350
391 559 1084 942 226 641 54 561 376 219 686 955 72 534 951 193 1050 270 1112 613
0 0 0 0 0 0 0 0 0 0 0 0 0 0 0 0 0 0 0 0
0 0 0 0 0 0 0 0 0 0 0 0 0 0 0 0 0 0 0 0
85 394 809 662 671 223 363 113 747 7 773 753 1130 584 1060 297 1151 595 1055 748
648 1153 504 850 77 1068 86 386 184 349 512 328 521 429 694 647 961 762 926 374
1042 171 951 76 420 331 659 1026 748 229 314 1011 869 996 1122 969 513 265 21 328
156 757 350 356 154 659 133 775 595 488 1036 1096 980 87 383 593 1105 384 1107 1014
0 0 0 0 0 0 0 0 0 0 0 0 0 0 0 0 0 0 0 0
0 0 0 0 0 0 0 0 0 0 0 0 0 0 0 0 0 0 0 0
1130 655 1112 672 616 964 64 1123 144 718 55 248 330 543 473 861 816 773 603 961
909 907 748 322 762 266 743 115 172 837 831 585 866 483 753 305 1052 136 860 938
870 904 472 1139 612 534 326 466 609 648 83 620 16 694 432 72 539 645 902 882
1131 858 513 588 906 373 854 931 1042 413 414 263 143 1150 391 708 363 121 935 821
0 0 0 0 0 0 0 0 0 0 0 0 0 0 0 0 0 0 0 0
0 0 0 0 0 0 0 0 0 0 0 0 0 0 0 0 0 0 0 0
963 418 167 1021 567 854 843 765 706 891 765 743 694 334 831 152 544 933 539 184
247 155 1034 101 280 350 295 733 509 323 785 105 1011 238 1149 304 384 1044 787 419
57 720 539 259 655 30 767 469 821 722 634 972 51 742 115 794 309 878 669 887
135 0 877 767 132 1064 499 287 398 1119 721 218 989 587 986 791 939 215 692 1141
0 0 0 0 0 0 0 0 0 0 0 0 0 0 0 0 0 0 0 0
0 0 0 0 0 0 0 0 0 0 0 0 0 0 0 0 0 0 0 0
261 809 354 807 981 43 473 647 1052 474 287 976 1092 382 903 117 759 1154 836 912
565 960 247 105 950 782 570 353 53 854 68 70 1029 574 1097 647 591 55 64 1001
547 984 1049 1068 565 506 697 914 1045 58 142 569 143 901 20 749 1063 670 463 666
680 890 493 373 739 286 494 866 807 292 525 103 1041 1004 805 741 448 167 283 1064
0 0 0 0 0 0 0 0 0 0 0 0 0 0 0 0 0 0 0 0
0 0 0 0 0 0 0 0 0 0 0 0 0 0 0 0 0 0 0 0
14 271 44 622 592 450 731 1057 386 924 142 846 580 294 40 1121 9 6 224 695
946 395 511 497 1112 559 485 759 183 606 706 689 363 382 749 1109 1133 259 328 772
290 589 1116 753 1068 851 1057 1130 999 637 404 162 1075 492 573 664 167 131 1030 28
359 96 720 1048 395 864 460 1045 42 922 126 266 190 1067 730 453 304 330 955 1147
0 0 0 0 0 0 0 0 0 0 0 0 0 0 0 0 0 0 0 0
0 0 0 0 0 0 0 0 0 0 0 0 0 0 0 0 0 0 0 0
372 16 570 988 1028 139 1113 113 1029 687 648 1144 439 212 598 265 149 743 1076 98
156 765 969 288 572 501 770 630 962 68 85 606 277 417 661 1016 243 399 1005 864
536 602 374 934 312 149 549 49 783 83 729 662 56 148 268 754 475 254 227 898
1029 674 195 27 871 312 353 720 1021 716 1093 345 628 306 842 735 880 341 862 398
0 0 0 0 0 0 0 0 0 0 0 0 0 0 0 0 0 0 0 0
0 0 0 0 0 0 0 0 0 0 0 0 0 0 0 0 0 0 0 0
240 537 409 680 1043 844 887 1059 933 1050 1034 471 113 84 85 806 258 160 762 45
163 662 534 54 1043 693 130 709 1130 476 339 339 981 265 120 829 883 842 557 988
316 689 766 411 91 229 205 1084 602 810 42 918 479 161 467 643 178 268 443 389
483 334 951 145 1065 431 1031 1102 70 874 858 220 363 892 199 47 573 96 5 0
0 0 0 0 0 0 0 0 0 0 0 0 0 0 0 0 0 0 0 0
0 0 0 0 0 0 0 0 0 0 0 0 0 0 0 0 0 0 0 0
564 831 390 988 913 76 7 108 791 1104 178 308 552 990 122 792 286 503 435 673
459 754 810 244 610 434 821 650 609 837 845 577 1048 525 2 827 398 432 1114 1091
1029 393 86 1049 394 402 200 1009 594 216 1105 280 154 962 864 489 140 751 146 0
829 65 689 1139 896 878 1043 719 1007 1011 343 600 791 473 1052 859 1033 335 737 647
0 0 0 0 0 0 0 0 0 0 0 0 0 0 0 0 0 0 0 0
0 0 0 0 0 0 0 0 0 0 0 0 0 0 0 0 0 0 0 0
236 267 1041 193 174 574 999 318 100 143 876 500 35 944 946 514 837 537 495 421
584 92 493 614 549 348 1016 1143 872 932 686 699 1018 422 418 940 150 372 157 380
44 98 974 939 206 253 1007 658 994 100 109 816 782 899 1129 547 1088 417 641 251
648 53 60 192 194 370 729 38 576 152 203 315 177 1025 651 312 773 818 1145 301
0 0 0 0 0 0 0 0 0 0 0 0 0 0 0 0 0 0 0 0
0 0 0 0 0 0 0 0 0 0 0 0 0 0 0 0 0 0 0 0
937 942 941 638 19 830 191 1118 930 438 118 740 616 10 317 506 787 784 780 797
617 995 543 1100 638 395 992 927 599 263 498 1131 50 249 218 1071 581 1078 397 932
535 144 1015 522 880 985 517 634 8 190 622 874 22 1032 1056 96 802 60 601 197
1033 788 844 337 1132 54 536 39 1060 179 653 4 533 337 128 163 670 415 1135 659
0 0 0 0 0 0 0 0 0 0 0 0 0 0 0 0 0 0 0 0
0 0 0 0 0 0 0 0 0 0 0 0 0 0 0 0 0 0 0 0
1088 164 943 713 837 1007 1149 150 204 993 1003 295 1126 679 29 1132 844 464 127 850
235 855 633 245 38 96 833 727 661 891 1016 888 234 1087 682 1103 960 244 841 377
664 430 274 1075 1007 1129 827 908 1018 456 395 676 437 332 1098 1017 1143 718 655 76
171 245 172 680 771 17 940 300 439 131 1052 516 489 617 594 202 132 849 251 165
0 0 0 0 0 0 0 0 0 0 0 0 0 0 0 0 0 0 0 0
0 0 0 0 0 0 0 0 0 0 0 0 0 0 0 0 0 0 0 0
815 158 1122 57 756 656 489 50 298 887 899 1002 818 255 545 360 910 510 993 925
661 263 1026 132 718 967 679 896 775 1126 758 342 802 1101 82 208 204 331 333 430
570 9 287 857 949 185 124 566 609 68 13 66 289 212 1145 868 970 868 1123 464
382 957 679 1117 104 683 440 1122 314 793 236 557 384 618 472 413 1041 693 760 236
0 0 0 0 0 0 0 0 0 0 0 0 0 0 0 0 0 0 0 0
0 0 0 0 0 0 0 0 0 0 0 0 0 0 0 0 0 0 0 0
589 545 678 262 913 1048 1091 807 813 511 412 144 1116 665 617 157 914 536 891 504
359 255 262 272 631 56 1099 290 489 339 894 86 373 259 921 552 636 590 520 242
1028 1111 1092 909 914 452 735 391 767 181 69 548 966 90 879 657 1017 89 832 13
145 1044 691 726 343 574 1076 169 433 139 775 769 966 580 226 884 548 351 1014 482
0 0 0 0 0 0 0 0 0 0 0 0 0 0 0 0 0 0 0 0
0 0 0 0 0 0 0 0 0 0 0 0 0 0 0 0 0 0 0 0
719 450 939 5 1017 690 776 550 758 1020 855 189 1089 633 594 1111 424 892 462 795
585 125 282 1137 848 473 769 1090 310 1134 375 649 394 464 949 197 727 188 382 1137
454 992 597 17 824 683 741 1035 176 836 416 149 58 323 88 53 600 646 503 273
290 1124 1054 1054 1099 279 366 1022 301 724 188 555 502 257 1082 342 592 575 802 300
0 0 0 0 0 0 0 0 0 0 0 0 0 0 0 0 0 0 0 0
0 0 0 0 0 0 0 0 0 0 0 0 0 0 0 0 0 0 0 0
680 852 889 630 393 368 673 1106 263 80 706 55 896 867 469 145 372 514 292 1084
97 351 659 817 1120 680 991 409 899 674 750 828 701 255 809 521 415 655 299 1124
674 505 556 76 741 877 612 58 1081 355 778 70 139 431 25 990 198 411 584 202
553 491 1009 609 508 454 611 772 590 687 12 505 1094 14 891 804 327 492 439 893
0 0 0 0 0 0 0 0 0 0 0 0 0 0 0 0 0 0 0 0
0 0 0 0 0 0 0 0 0 0 0 0 0 0 0 0 0 0 0 0
471 297 579 855 600 480 706 533 546 1000 263 199 129 1141 17 401 858 291 368 401
131 144 296 105 580 814 242 227 928 1004 37 675 220 292 160 685 957 86 89 923
596 474 498 1120 751 53 46 554 1055 404 917 54 810 367 808 504 592 959 797 448
496 1154 928 335 1115 1088 1048 1140 335 734 1005 643 664 581 372 1077 1141 779 1068 796
0 0 0 0 0 0 0 0 0 0 0 0 0 0 0 0 0 0 0 0
0 0 0 0 0 0 0 0 0 0 0 0 0 0 0 0 0 0 0 0
156 245 658 1141 458 614 347 706 329 520 668 882 15 883 197 206 645 268 574 73
463 180 479 1034 71 202 909 271 66 450 136 652 618 175 315 156 835 201 1005 331
301 697 1047 639 319 235 334 103 569 1125 1068 306 105 379 77 304 1036 719 293 457
78 829 781 255 274 377 703 877 137 581 1099 641 150 731 555 116 781 296 557 848
0 0 0 0 0 0 0 0 0 0 0 0 0 0 0 0 0 0 0 0
0 0 0 0 0 0 0 0 0 0 0 0 0 0 0 0 0 0 0 0
655 1095 168 743 269 847 310 677 275 635 701 368 397 195 127 81 312 952 241 976
1010 1086 802 344 866 896 676 680 55 17 260 219 46 411 789 1095 985 62 836 22
216 935 98 426 522 570 59 143 760 54 316 42 248 312 571 1118 438 304 240 122
319 52 26 400 421 931 552 824 1133 285 444 45 1147 411 605 933 1138 810 75 373
0 0 0 0 0 0 0 0 0 0 0 0 0 0 0 0 0 0 0 0
0 0 0 0 0 0 0 0 0 0 0 0 0 0 0 0 0 0 0 0
78 271 334 193 712 383 708 26 182 407 946 551 377 972 365 41 300 141 934 1080
828 718 294 729 393 102 2 164 527 636 175 481 311 1054 473 138 23 271 800 951
43 217 795 637 54 274 681 695 49 530 1112 644 119 909 23 98 271 965 963 807
571 201 270 903 772 241 895 91 541 321 910 2 795 497 745 547 124 417 385 932
0 0 0 0 0 0 0 0 0 0 0 0 0 0 0 0 0 0 0 0
0 0 0 0 0 0 0 0 0 0 0 0 0 0 0 0 0 0 0 0
45 1014 190 812 857 489 764 144 1113 409 394 914 669 842 45 127 876 467 752 114
212 415 798 47 1120 574 50 6 4 744 663 887 978 285 360 429 83 1058 417 532
315 945 11 725 345 972 880 886 186 385 883 526 125 740 645 1002 570 571 1095 883
107 684 435 369 823 310 880 244 966 868 516 897 502 829 568 923 41 333 820 1024
0 0 0 0 0 0 0 0 0 0 0 0 0 0 0 0 0 0 0 0
0 0 0 0 0 0 0 0 0 0 0 0 0 0 0 0 0 0 0 0
310 24 317 1144 1142 1055 973 1028 555 15 65 517 208 1089 875 896 355 185 961 377
465 143 878 1122 843 559 976 1093 261 621 783 323 190 777 473 281 190 52 367 610
965 1038 155 166 200 318 619 904 652 355 928 517 812 200 882 484 692 828 214 752
502 508 972 374 458 355 506 964 896 582 779 847 79 236 22 456 710 465 144 512
0 0 0 0 0 0 0 0 0 0 0 0 0 0 0 0 0 0 0 0
0 0 0 0 0 0 0 0 0 0 0 0 0 0 0 0 0 0 0 0
539 727 257 669 840 82 20 6 750 1089 907 762 928 1104 550 715 971 778 721 430
856 649 546 589 403 804 289 547 171 938 935 1126 376 465 93 616 31 996 870 57
1037 965 1088 885 563 182 123 889 1120 367 202 728 673 21 827 908 371 787 389 797
596 1074 791 99 926 56 695 271 547 1067 1025 884 5 866 293 17 330 1007 438 1027
0 0 0 0 0 0 0 0 0 0 0 0 0 0 0 0 0 0 0 0
0 0 0 0 0 0 0 0 0 0 0 0 0 0 0 0 0 0 0 0
106 539 292 702 457 637 722 34 53 990 59 671 546 1107 709 42 589 247 572 325
235 292 751 921 754 850 118 1074 1123 32 759 337 31 861 906 199 444 43 1131 137
460 1035 844 843 292 888 711 812 514 526 177 267 55 879 503 1082 328 420 21 204
294 681 28 840 75 230 612 471 621 320 763 996 791 847 1067 431 1060 786 176 610
0 0 0 0 0 0 0 0 0 0 0 0 0 0 0 0 0 0 0 0
0 0 0 0 0 0 0 0 0 0 0 0 0 0 0 0 0 0 0 0
745 711 992 800 912 850 990 220 31 598 56 52 19 911 734 842 609 1091 847 1083
136 892 779 501 851 371 694 1114 140 322 695 776 431 527 548 933 269 1002 1121 905
357 423 54 94 14 86 303 1026 626 770 560 239 146 565 834 725 768 1031 781 831
114 865 7 299 475 1110 953 979 23 647 589 685 50 393 103 709 1096 328 190 530
0 0 0 0 0 0 0 0 0 0 0 0 0 0 0 0 0 0 0 0
0 0 0 0 0 0 0 0 0 0 0 0 0 0 0 0 0 0 0 0
89 353 327 202 1034 105 753 180 37 828 713 726 251 375 587 256 1043 343 674 574
213 2 991 145 467 1034 716 875 741 59 889 356 31 66 919 190 509 668 228 359
656 924 759 235 976 735 743 322 738 508 428 332 1116 8 235 636 842 333 515 13
1027 276 573 560 1137 528 869 15 526 521 1017 1035 652 42 855 857 1103 1054 664 643
0 0 0 0 0 0 0 0 0 0 0 0 0 0 0 0 0 0 0 0
0 0 0 0 0 0 0 0 0 0 0 0 0 0 0 0 0 0 0 0
563 880 1152 193 8 500 646 822 707 250 763 746 989 631 706 476 1038 665 389 450
1007 87 427 1105 64 512 1146 692 438 463 99 686 744 403 1150 826 499 249 130 729
264 718 1081 413 615 145 230 942 107 1036 977 257 190 115 125 385 964 37 1135 395
859 307 1046 530 1053 770 331 471 1015 845 1151 958 1013 770 503 167 163 1030 864 272
0 0 0 0 0 0 0 0 0 0 0 0 0 0 0 0 0 0 0 0
0 0 0 0 0 0 0 0 0 0 0 0 0 0 0 0 0 0 0 0
237 1073 480 192 237 298 409 464 1099 328 425 669 177 862 253 331 348 482 917 751
1023 2 869 591 835 38 578 100 514 174 532 127 822 536 196 626 1136 768 801 23
79 441 936 912 271 554 127 267 502 269 953 368 1099 189 1089 781 209 330 674 331
98 49 907 285 1077 1147 1140 435 970 75 43 751 732 854 359 806 514 814 3 414
0 0 0 0 0 0 0 0 0 0 0 0 0 0 0 0 0 0 0 0
0 0 0 0 0 0 0 0 0 0 0 0 0 0 0 0 0 0 0 0
293 1049 1077 326 363 1131 967 419 1030 728 537 1085 997 413 734 174 79 230 972 467
750 739 15 1097 103 971 92 809 896 450 763 1046 1090 315 369 515 445 1101 829 618
980 167 191 1120 272 660 308 828 865 249 407 721 496 946 165 53 27 120 921 284
250 1152 499 29 759 1026 321 942 114 760 536 722 538 754 581 194 847 4 45 929
0 0 0 0 0 0 0 0 0 0 0 0 0 0 0 0 0 0 0 0
0 0 0 0 0 0 0 0 0 0 0 0 0 0 0 0 0 0 0 0
59 349 528 325 422 133 434 1029 1132 996 454 1126 778 59 999 793 100 276 309 723
1118 519 553 698 4 725 869 866 1133 397 292 473 305 28 110 68 385 191 1139 42
528 1095 412 106 833 106 742 989 603 919 752 457 416 651 402 12 745 1054 1102 249
861 402 464 327 1010 671 996 253 910 316 179 199 953 1096 292 1075 234 83 396 666
0 0 0 0 0 0 0 0 0 0 0 0 0 0 0 0 0 0 0 0
0 0 0 0 0 0 0 0 0 0 0 0 0 0 0 0 0 0 0 0
918 903 1005 104 323 276 199 189 71 315 29 880 601 965 760 234 386 884 375 134
455 459 859 313 167 282 565 699 114 385 532 1085 758 952 1102 1047 244 379 845 1070
804 1064 614 301 832 941 61 970 201 790 981 897 217 478 890 707 942 474 465 794
364 14 220 326 418 96 354 1017 118 1089 964 1050 735 108 644 97 825 1090 880 41
0 0 0 0 0 0 0 0 0 0 0 0 0 0 0 0 0 0 0 0
0 0 0 0 0 0 0 0 0 0 0 0 0 0 0 0 0 0 0 0
355 281 79 405 678 72 205 300 818 731 871 510 802 1035 299 804 376 610 1046 1099
512 718 1024 458 750 76 570 1152 998 335 320 362 1123 778 173 332 997 3 827 1066
808 39 600 479 794 457 7 965 945 569 674 434 1060 784 896 536 642 202 220 955
826 47 1056 113 787 845 927 148 6 1032 917 1129 46 371 641 701 334 26 924 1032
0 0 0 0 0 0 0 0 0 0 0 0 0 0 0 0 0 0 0 0
0 0 0 0 0 0 0 0 0 0 0 0 0 0 0 0 0 0 0 0
975 60 772 150 363 976 801 886 669 512 1140 828 387 185 164 400 760 1144 616 1061
188 742 697 356 88 641 524 409 349 332 887 909 961 363 194 809 17 244 108 73
229 1032 941 223 1123 245 74 391 1024 1034 1126 172 883 470 953 777 1092 1107 1120 721
379 691 160 176 1023 638 119 828 262 614 814 888 1054 5 1046 791 441 913 677 324
0 0 0 0 0 0 0 0 0 0 0 0 0 0 0 0 0 0 0 0
0 0 0 0 0 0 0 0 0 0 0 0 0 0 0 0 0 0 0 0
196 1025 842 861 571 793 510 1095 629 275 1024 646 172 149 184 438 23 860 516 1046
257 625 424 666 791 413 1010 69 205 921 1102 285 526 950 807 691 1024 52 1111 207
712 867 186 744 90 893 406 91 1084 924 688 978 115 26 95 1089 621 431 344 103
501 488 421 641 235 1001 590 204 831 1105 944 939 914 838 522 739 576 929 592 761
0 0 0 0 0 0 0 0 0 0 0 0 0 0 0 0 0 0 0 0
0 0 0 0 0 0 0 0 0 0 0 0 0 0 0 0 0 0 0 0
710 81 296 933 1066 984 1025 1073 797 179 1093 800 221 193 1091 795 877 686 976 1070
434 326 642 707 236 903 273 895 993 1034 1075 504 871 70 271 743 452 343 202 588
489 859 22 861 1013 1058 723 736 160 1106 48 1113 761 397 199 636 143 1105 942 239
149 893 476 388 415 161 218 880 54 277 729 47 768 356 520 373 410 75 590 621
0 0 0 0 0 0 0 0 0 0 0 0 0 0 0 0 0 0 0 0
0 0 0 0 0 0 0 0 0 0 0 0 0 0 0 0 0 0 0 0
965 198 219 1040 434 871 1063 420 229 450 929 533 137 82 180 328 574 1091 1033 898
624 63 458 886 637 982 1006 336 425 643 89 701 910 110 289 277 131 249 534 1094
638 380 124 54 506 518 1102 339 323 21 1082 951 657 749 463 572 874 161 970 647
1120 299 1102 490 908 365 102 510 203 179 464 509 452 254 228 985 1066 412 119 876
0 0 0 0 0 0 0 0 0 0 0 0 0 0 0 0 0 0 0 0
0 0 0 0 0 0 0 0 0 0 0 0 0 0 0 0 0 0 0 0
1086 1115 82 560 457 760 420 363 658 243 230 1134 295 422 562 457 1003 417 355 528
1149 968 941 570 892 948 493 961 828 505 687 874 569 449 906 193 905 512 187 677
970 594 639 165 244 276 1145 443 268 441 537 109 1121 377 419 687 384 1005 597 387
238 620 705 650 301 175 730 224 355 278 588 830 80 190 166 1071 659 947 407 572
0 0 0 0 0 0 0 0 0 0 0 0 0 0 0 0 0 0 0 0
0 0 0 0 0 0 0 0 0 0 0 0 0 0 0 0 0 0 0 0
876 723 983 893 493 1030 1054 402 101 268 979 560 547 944 1087 422 473 644 105 1135
1119 373 111 121 79 745 865 796 280 420 1117 527 333 868 342 503 1083 915 907 135
981 86 949 954 830 75 89 915 390 772 1118 930 1011 746 228 532 58 265 390 661
442 383 415 11 129 980 957 598 905 900 835 1100 26 808 799 18 175 178 429 1106
0 0 0 0 0 0 0 0 0 0 0 0 0 0 0 0 0 0 0 0
0 0 0 0 0 0 0 0 0 0 0 0 0 0 0 0 0 0 0 0
889 1005 143 633 285 1013 999 440 322 286 1044 1033 508 6 990 568 249 4 1050 212
711 675 499 694 415 919 371 536 1003 937 454 424 62 382 544 1118 551 161 756 933
832 374 964 1139 542 34 199 15 204 421 315 528 655 497 58 498 660 882 358 955
1036 186 280 372 857 187 980 1023 589 537 996 307 124 1112 510 904 22 296 1100 1040
0 0 0 0 0 0 0 0 0 0 0 0 0 0 0 0 0 0 0 0
0 0 0 0 0 0 0 0 0 0 0 0 0 0 0 0 0 0 0 0
1144 851 354 810 917 249 1036 598 559 822 551 827 146 374 1057 358 825 827 142 1034
510 237 246 150 868 519 615 974 1016 80 431 254 315 934 555 827 348 882 1038 159
319 711 471 1050 919 295 1126 1154 367 265 268 303 1150 1069 531 91 859 579 713 53
213 923 910 467 620 445 368 552 1117 233 202 916 132 882 304 377 11 1001 356 242
0 0 0 0 0 0 0 0 0 0 0 0 0 0 0 0 0 0 0 0
0 0 0 0 0 0 0 0 0 0 0 0 0 0 0 0 0 0 0 0
254 215 187 938 1096 1019 194 692 115 809 858 68 171 911 449 604 450 201 736 659
1012 967 795 770 1008 556 142 221 602 139 491 871 475 509 427 685 779 587 307 241
180 602 208 947 1032 171 310 798 1146 157 235 158 1131 875 201 649 802 718 538 849
294 534 200 822 978 341 497 222 222 1084 825 461 675 1108 834 624 570 1073 1123 347
0 0 0 0 0 0 0 0 0 0 0 0 0 0 0 0 0 0 0 0
0 0 0 0 0 0 0 0 0 0 0 0 0 0 0 0 0 0 0 0
73 179 998 569 753 593 812 794 988 462 129 779 203 304 2 1084 135 1025 686 923
542 653 705 869 495 3 792 1071 845 800 231 1059 199 127 144 396 369 468 495 187
112 42 290 220 478 506 436 78 19 500 914 354 507 605 534 97 1008 153 260 832
1124 805 1014 1098 788 939 20 433 755 760 631 63 979 441 472 17 1021 988 442 812
0 0 0 0 0 0 0 0 0 0 0 0 0 0 0 0 0 0 0 0
0 0 0 0 0 0 0 0 0 0 0 0 0 0 0 0 0 0 0 0
146 473 500 179 881 110 869 516 1101 508 766 916 487 562 528 247 993 531 849 1002
438 803 822 969 1135 296 129 20 59 923 908 400 874 515 786 576 889 257 653 997
637 760 1138 556 403 757 600 389 726 373 832 991 950 956 839 799 1064 971 1082 834
817 978 38 351 1105 519 1067 1126 810 603 573 399 560 1115 301 187 817 89 35 660
0 0 0 0 0 0 0 0 0 0 0 0 0 0 0 0 0 0 0 0
0 0 0 0 0 0 0 0 0 0 0 0 0 0 0 0 0 0 0 0
91 543 826 961 755 1097 653 47 762 150 488 304 281 773 609 269 43 31 807 812
631 12 13 1123 985 366 1133 407 405 1132 786 984 856 642 251 357 1141 151 854 928
64 1086 473 190 656 362 962 459 227 243 891 53 953 1069 407 593 204 197 1043 641
307 259 531 246 693 852 306 174 85 787 1043 826 1139 761 1026 327 815 582 740 559
0 0 0 0 0 0 0 0 0 0 0 0 0 0 0 0 0 0 0 0
0 0 0 0 0 0 0 0 0 0 0 0 0 0 0 0 0 0 0 0
439 1118 385 304 487 550 575 811 671 24 139 184 541 652 520 543 241 120 461 426
657 507 607 844 619 1033 277 35 903 119 259 867 743 932 250 588 1107 275 389 850
951 268 430 1030 1088 443 705 989 946 865 286 522 895 835 491 158 961 1091 841 344
522 1154 1090 65 52 641 587 828 1124 762 111 126 605 51 334 777 378 166 684 802
0 0 0 0 0 0 0 0 0 0 0 0 0 0 0 0 0 0 0 0
0 0 0 0 0 0 0 0 0 0 0 0 0 0 0 0 0 0 0 0
641 663 264 268 856 849 816 1004 765 837 136 445 656 374 331 806 892 39 280 134
732 640 871 1009 568 117 1110 1004 905 235 693 1001 671 1064 240 418 190 16 491 193
766 482 794 841 708 1006 693 537 1136 156 860 611 751 79 126 365 37 442 823 236
708 670 85 645 19 1059 1001 763 1085 27 209 800 948 642 95 495 713 2 641 698
0 0 0 0 0 0 0 0 0 0 0 0 0 0 0 0 0 0 0 0
0 0 0 0 0 0 0 0 0 0 0 0 0 0 0 0 0 0 0 0
1116 158 578 929 276 969 974 108 1057 960 1031 562 88 984 430 855 725 321 765 1137
72 179 835 878 315 331 945 175 985 1111 36 670 118 332 402 868 763 116 1059 826
232 91 867 714 53 1132 441 48 215 249 452 468 12 536 562 88 366 426 391 95
468 981 813 917 477 281 74 549 498 496 217 97 604 443 465 636 841 420 184 1000
0 0 0 0 0 0 0 0 0 0 0 0 0 0 0 0 0 0 0 0
0 0 0 0 0 0 0 0 0 0 0 0 0 0 0 0 0 0 0 0
267 42 1024 956 760 386 427 260 309 946 191 437 809 285 317 23 914 559 709 752
639 1124 595 779 823 950 963 158 1146 937 36 491 354 102 534 721 776 831 505 103
458 417 585 142 845 380 872 158 1064 810 239 447 57 633 727 3 917 978 17 252
481 466 769 1106 487 425 165 203 299 782 851 873 1055 354 821 123 809 365 308 579
0 0 0 0 0 0 0 0 0 0 0 0 0 0 0 0 0 0 0 0
0 0 0 0 0 0 0 0 0 0 0 0 0 0 0 0 0 0 0 0
1006 179 56 815 394 99 337 569 894 334 660 442 132 613 229 83 604 1104 259 855
1115 1057 691 210 746 60 1039 455 1048 1140 96 42 684 923 296 840 348 303 495 195
521 816 792 837 920 266 777 682 549 1080 549 766 667 201 685 431 1126 341 753 730
448 65 1080 603 533 435 934 316 523 414 238 779 769 688 120 293 704 1137 132 174
0 0 0 0 0 0 0 0 0 0 0 0 0 0 0 0 0 0 0 0
0 0 0 0 0 0 0 0 0 0 0 0 0 0 0 0 0 0 0 0
1116 1059 992 528 579 575 349 685 695 43 9 453 764 926 324 655 117 489 848 102
323 468 723 872 1053 477 772 890 580 769 112 231 790 848 998 1035 147 997 785 950
428 562 1135 567 252 483 847 114 196 41 237 1091 255 624 950 189 810 806 966 840
671 543 289 464 1083 507 514 44 522 616 617 571 515 998 198 110 526 284 333 761
0 0 0 0 0 0 0 0 0 0 0 0 0 0 0 0 0 0 0 0
0 0 0 0 0 0 0 0 0 0 0 0 0 0 0 0 0 0 0 0
419 167 529 13 97 425 756 851 1062 737 440 475 1073 413 97 942 461 300 6 137
163 891 172 938 721 102 332 489 524 51 184 991 532 1002 712 1138 909 218 874 908
171 27 156 574 504 1077 962 522 194 1107 584 985 862 686 457 620 546 234 1039 369
304 743 787 101 1014 76 198 589 655 152 921 801 706 904 794 252 986 110 147 196
0 0 0 0 0 0 0 0 0 0 0 0 0 0 0 0 0 0 0 0
0 0 0 0 0 0 0 0 0 0 0 0 0 0 0 0 0 0 0 0
722 915 741 812 627 208 317 826 227 1077 110 281 715 139 462 668 336 820 963 1024
119 536 220 488 708 483 134 247 571 697 233 310 1027 566 440 980 679 595 952 746
925 578 799 1018 1060 519 653 961 261 475 1023 550 3 35 700 401 392 218 570 968
1089 1113 312 693 418 1114 703 170 1140 258 188 480 860 1087 966 796 176 36 178 273
0 0 0 0 0 0 0 0 0 0 0 0 0 0 0 0 0 0 0 0
0 0 0 0 0 0 0 0 0 0 0 0 0 0 0 0 0 0 0 0
188 1038 1138 1018 1027 325 876 1121 751 130 981 281 997 850 368 1058 1125 413 379 676
420 131 192 766 861 632 76 1053 879 1029 76 773 235 880 923 488 955 432 973 1131
904 22 686 954 91 1080 1025 1023 408 385 1041 205 1032 801 823 122 153 819 595 781
888 1133 1067 537 978 817 152 829 1150 305 931 356 665 271 1026 491 748 1147 195 992
0 0 0 0 0 0 0 0 0 0 0 0 0 0 0 0 0 0 0 0
0 0 0 0 0 0 0 0 0 0 0 0 0 0 0 0 0 0 0 0
519 164 31 716 640 252 928 675 103 623 639 887 918 198 541 443 312 1022 212 726
1071 120 1123 436 759 592 387 504 1125 657 1003 271 294 433 1098 441 40 982 1139 1098
973 156 957 736 294 479 541 353 885 550 835 1107 417 485 642 623 256 582 407 789
1011 98 379 377 523 407 49 447 583 764 808 373 733 678 428 50 411 218 716 943
0 0 0 0 0 0 0 0 0 0 0 0 0 0 0 0 0 0 0 0
0 0 0 0 0 0 0 0 0 0 0 0 0 0 0 0 0 0 0 0
856 255 369 961 305 1093 405 88 824 182 197 868 1064 980 487 215 230 585 439 311
216 470 460 404 530 963 154 1077 482 843 269 109 935 512 140 286 452 0 224 422
427 1054 544 442 442 157 1063 531 841 195 1088 872 805 918 63 571 846 367 381 42
623 395 511 1099 261 924 730 1084 71 528 766 262 418 666 1034 108 859 303 924 85
0 0 0 0 0 0 0 0 0 0 0 0 0 0 0 0 0 0 0 0
0 0 0 0 0 0 0 0 0 0 0 0 0 0 0 0 0 0 0 0
112 534 1010 11 181 318 470 640 862 1150 46 999 210 858 440 399 382 775 590 47
569 954 221 839 23 987 495 345 563 566 417 1133 95 958 271 400 923 571 78 758
871 190 926 82 582 53 907 788 297 825 743 725 20 215 130 266 639 760 467 165
18 575 398 204 693 109 66 627 1078 219 544 67 549 196 717 816 629 694 192 171
0 0 0 0 0 0 0 0 0 0 0 0 0 0 0 0 0 0 0 0
0 0 0 0 0 0 0 0 0 0 0 0 0 0 0 0 0 0 0 0
700 945 413 65 659 258 53 1002 303 852 792 931 41 84 504 73 913 576 172 822
389 831 838 481 846 598 1074 820 285 1080 330 203 702 763 944 865 548 279 10 735
749 1068 673 238 84 718 330 1091 44 1111 834 399 639 397 222 505 232 784 311 294
286 1097 1084 890 563 189 1078 643 515 201 732 324 806 632 476 127 507 537 943 462
0 0 0 0 0 0 0 0 0 0 0 0 0 0 0 0 0 0 0 0
0 0 0 0 0 0 0 0 0 0 0 0 0 0 0 0 0 0 0 0
234 946 1154 863 292 1027 904 400 110 828 827 790 810 269 627 776 954 428 477 326
83 219 294 48 968 760 115 688 840 1011 1078 437 609 538 783 905 312 194 88 414
586 885 224 1023 867 12 1103 81 649 367 44 146 1146 1120 6 582 894 529 1022 948
214 631 563 41 504 849 284 16 512 609 970 231 667 822 544 754 485 323 960 490
0 0 0 0 0 0 0 0 0 0 0 0 0 0 0 0 0 0 0 0
0 0 0 0 0 0 0 0 0 0 0 0 0 0 0 0 0 0 0 0
715 170 717 328 312 415 570 43 1055 779 862 597 756 660 717 716 229 253 975 1016
885 655 715 164 140 958 937 958 571 485 86 85 280 287 749 803 63 113 885 446
292 10 1118 510 620 95 727 1070 156 145 791 822 31 49 326 349 893 82 580 38
187 763 520 986 94 119 162 263 820 743 300 1026 1071 613 485 151 813 931 601 311
0 0 0 0 0 0 0 0 0 0 0 0 0 0 0 0 0 0 0 0
0 0 0 0 0 0 0 0 0 0 0 0 0 0 0 0 0 0 0 0
643 573 165 192 937 729 145 238 842 970 488 465 874 1038 1 1036 574 4 232 306
210 1054 661 867 595 113 52 924 1109 136 1059 183 143 743 528 209 1133 1141 384 848
448 654 7 111 392 719 1101 859 540 232 1075 861 288 731 63 219 125 406 159 711
348 376 802 398 225 173 890 461 410 649 450 758 517 352 640 1042 136 430 854 497
0 0 0 0 0 0 0 0 0 0 0 0 0 0 0 0 0 0 0 0
0 0 0 0 0 0 0 0 0 0 0 0 0 0 0 0 0 0 0 0
712 961 188 647 330 1015 813 1031 980 155 828 729 942 989 881 321 121 1120 905 505
334 300 351 79 577 901 976 167 402 675 424 491 1120 718 224 383 851 938 84 657
709 336 447 794 863 224 770 203 364 108 535 1042 590 149 632 732 889 438 993 346
990 389 46 1109 533 546 829 1105 842 361 676 337 967 666 141 382 246 313 872 395
0 0 0 0 0 0 0 0 0 0 0 0 0 0 0 0 0 0 0 0
0 0 0 0 0 0 0 0 0 0 0 0 0 0 0 0 0 0 0 0
509 482 1001 747 562 1075 509 397 225 105 17 966 474 743 834 125 816 858 991 127
176 1144 89 668 1049 626 97 336 558 670 785 242 291 83 408 362 981 889 295 108
683 107 819 1116 694 227 774 454 379 565 272 338 143 681 352 135 298 603 331 563
563 247 1 950 886 572 134 938 319 1084 710 782 1110 1128 625 457 43 716 623 974
0 0 0 0 0 0 0 0 0 0 0 0 0 0 0 0 0 0 0 0
0 0 0 0 0 0 0 0 0 0 0 0 0 0 0 0 0 0 0 0
942 103 952 620 383 145 292 1147 301 1120 1149 224 701 577 289 943 659 202 231 150
1048 369 196 447 739 683 614 674 184 228 376 936 881 520 939 591 684 686 215 1012
678 351 865 401 686 326 110 906 52 1011 389 702 533 450 879 158 67 319 122 804
977 189 683 639 1101 29 426 170 865 385 917 869 510 1109 835 1140 1001 255 1033 573
0 0 0 0 0 0 0 0 0 0 0 0 0 0 0 0 0 0 0 0
0 0 0 0 0 0 0 0 0 0 0 0 0 0 0 0 0 0 0 0
29 248 874 584 872 925 447 273 526 657 51 449 842 357 991 1055 200 1068 1017 453
61 425 371 1128 233 398 74 62 1013 216 1060 744 379 501 97 132 562 1008 1046 545
71 1042 932 92 533 825 216 743 156 47 359 378 385 338 188 178 863 920 273 254
752 756 1068 878 172 953 810 15 507 173 18 803 158 507 378 615 873 548 43 17
0 0 0 0 0 0 0 0 0 0 0 0 0 0 0 0 0 0 0 0
0 0 0 0 0 0 0 0 0 0 0 0 0 0 0 0 0 0 0 0
86 1136 593 1058 807 610 88 43 472 305 93 655 408 211 669 701 103 326 286 702
771 26 39 736 60 415 28 1073 999 72 980 73 490 223 1129 931 630 294 497 824
578 672 741 154 1056 718 1135 85 61 456 379 245 900 32 32 1126 71 978 1041 479
1085 258 585 1137 937 378 860 897 1028 216 846 1024 675 678 270 333 92 439 623 313
0 0 0 0 0 0 0 0 0 0 0 0 0 0 0 0 0 0 0 0
0 0 0 0 0 0 0 0 0 0 0 0 0 0 0 0 0 0 0 0
748 282 188 984 1102 805 882 818 388 1138 613 50 1080 806 127 1089 1008 630 486 457
16 846 445 69 357 914 639 944 764 573 497 288 418 113 871 29 1124 937 742 1044
845 174 581 196 595 816 662 254 981 437 798 163 100 264 368 803 576 174 738 208
235 760 782 729 877 1037 398 676 179 481 600 679 150 867 100 756 353 547 421 836
0 0 0 0 0 0 0 0 0 0 0 0 0 0 0 0 0 0 0 0
0 0 0 0 0 0 0 0 0 0 0 0 0 0 0 0 0 0 0 0
800 630 118 232 23 663 1079 933 165 849 354 598 921 216 330 713 605 563 723 799
391 1097 996 675 576 219 248 88 367 902 86 428 282 235 540 38 385 952 414 402
322 116 937 1095 153 952 377 364 1010 585 340 145 22 502 1037 287 221 108 349 859
1002 736 10 1060 912 57 292 129 899 354 1154 24 267 604 212 327 908 223 779 921
0 0 0 0 0 0 0 0 0 0 0 0 0 0 0 0 0 0 0 0
0 0 0 0 0 0 0 0 0 0 0 0 0 0 0 0 0 0 0 0
628 916 243 602 705 582 1011 298 352 649 25 448 677 971 1075 75 503 651 41 849
272 757 481 942 540 1112 135 462 1014 754 259 409 684 238 634 145 863 20 755 980
956 128 1120 916 307 711 114 125 79 721 893 273 129 285 188 868 1139 128 1089 658
1097 199 955 339 1 709 316 766 1147 315 1106 503 1074 55 1098 351 666 866 582 479
0 0 0 0 0 0 0 0 0 0 0 0 0 0 0 0 0 0 0 0
0 0 0 0 0 0 0 0 0 0 0 0 0 0 0 0 0 0 0 0
154 394 35 449 541 27 1003 278 448 48 1030 867 532 368 553 112 229 1007 802 649
1027 985 351 172 2 258 1103 1052 554 293 128 709 976 774 592 774 341 331 1019 930
493 107 451 29 158 450 669 609 1028 913 803 538 477 356 856 202 593 994 485 781
211 1008 880 819 971 778 395 73 526 822 127 683 799 752 365 776 2 904 440 1026
0 0 0 0 0 0 0 0 0 0 0 0 0 0 0 0 0 0 0 0
0 0 0 0 0 0 0 0 0 0 0 0 0 0 0 0 0 0 0 0
716 623 33 156 862 464 475 807 1131 19 783 762 189 406 107 901 91 293 305 812
1085 1117 524 760 926 754 577 1055 487 585 579 183 1009 975 932 1039 366 627 574 338
94 1078 623 267 284 1043 1105 658 256 251 622 899 416 1092 254 275 737 807 521 812
311 362 372 554 325 58 854 867 530 1056 667 132 240 214 499 382 88 329 653 263
0 0 0 0 0 0 0 0 0 0 0 0 0 0 0 0 0 0 0 0
0 0 0 0 0 0 0 0 0 0 0 0 0 0 0 0 0 0 0 0
934 787 387 995 514 801 226 280 644 458 114 234 922 36 108 1065 946 1084 197 650
398 177 848 145 233 953 926 714 488 655 216 543 1133 1009 82 97 431 732 603 1085
630 817 781 258 633 354 549 712 242 618 1143 822 556 1117 929 661 1141 972 881 966
98 753 1127 931 956 507 1147 810 823 107 530 786 536 129 955 1037 666 358 903 868
0 0 0 0 0 0 0 0 0 0 0 0 0 0 0 0 0 0 0 0
0 0 0 0 0 0 0 0 0 0 0 0 0 0 0 0 0 0 0 0
40 629 278 1009 410 312 1053 264 497 137 685 842 1124 431 870 33 799 98 632 115
360 408 666 832 22 571 543 900 752 768 617 262 1046 223 985 147 443 788 1073 251
950 736 824 587 646 1105 36 211 477 379 801 730 78 468 376 1058 447 44 740 982
1009 912 2 982 1053 435 898 425 97 1061 844 151 925 512 789 25 426 986 71 984
0 0 0 0 0 0 0 0 0 0 0 0 0 0 0 0 0 0 0 0
0 0 0 0 0 0 0 0 0 0 0 0 0 0 0 0 0 0 0 0
700 1056 940 905 708 537 1120 502 336 537 325 162 108 486 120 518 649 421 904 411
361 345 86 665 150 782 206 616 644 566 774 378 1146 1036 813 158 369 16 773 534
412 405 320 531 121 765 1149 1001 807 121 491 1022 679 916 649 541 1027 459 688 584
562 513 85 1079 814 1044 11 414 251 455 417 645 97 760 877 400 330 668 980 966
0 0 0 0 0 0 0 0 0 0 0 0 0 0 0 0 0 0 0 0
0 0 0 0 0 0 0 0 0 0 0 0 0 0 0 0 0 0 0 0
800 251 357 912 954 154 118 1134 938 407 561 65 1153 24 417 233 422 647 1014 1048
225 966 260 617 1095 541 57 475 795 684 1008 467 376 1090 13 732 782 842 360 439
349 410 436 912 261 1103 538 289 362 426 1130 107 585 114 770 268 127 367 670 166
492 840 137 650 1135 717 230 914 673 946 507 684 623 769 321 919 966 32 715 423
0 0 0 0 0 0 0 0 0 0 0 0 0 0 0 0 0 0 0 0
0 0 0 0 0 0 0 0 0 0 0 0 0 0 0 0 0 0 0 0
404 911 1073 48 814 399 277 60 1147 1035 234 43 297 200 760 477 244 970 774 742
366 208 472 325 513 866 684 461 156 792 289 713 276 904 493 593 1071 293 559 1034
456 360 762 1032 2 555 301 0 104 164 704 483 954 698 384 685 485 919 985 594
277 763 231 495 920 109 464 217 30 49 156 1072 262 173 1106 101 277 490 765 725
0 0 0 0 0 0 0 0 0 0 0 0 0 0 0 0 0 0 0 0
0 0 0 0 0 0 0 0 0 0 0 0 0 0 0 0 0 0 0 0
1101 951 760 105 857 264 1032 323 46 91 460 1049 236 314 56 490 773 925 208 362
781 578 607 213 699 906 693 817 705 799 120 930 794 328 1082 917 314 916 746 385
784 935 511 16 400 69 974 306 851 403 123 721 1135 661 686 242 1137 84 652 237
265 650 288 488 508 165 310 645 486 952 866 832 1105 1063 318 1032 333 201 874 918
0 0 0 0 0 0 0 0 0 0 0 0 0 0 0 0 0 0 0 0
0 0 0 0 0 0 0 0 0 0 0 0 0 0 0 0 0 0 0 0
998 1052 782 47 296 1004 393 482 543 1063 148 416 818 131 572 404 1071 839 748 142
625 1037 40 1037 341 858 736 141 874 944 321 699 405 263 517 963 560 652 1146 729
55 241 1075 555 46 503 179 353 926 489 982 780 356 123 423 821 961 1152 26 634
282 845 697 595 526 927 937 971 160 289 923 337 160 103 769 39 163 734 16 69
0 0 0 0 0 0 0 0 0 0 0 0 0 0 0 0 0 0 0 0
0 0 0 0 0 0 0 0 0 0 0 0 0 0 0 0 0 0 0 0
261 358 354 33 982 517 339 713 164 1127 1121 905 817 462 1036 238 495 205 1074 178
791 528 136 729 62 379 804 1068 5 536 1002 104 919 978 937 258 631 851 152 42
669 291 817 765 419 580 726 309 36 799 1031 356 740 914 626 770 511 415 37 254
201 971 364 465 729 784 206 18 425 949 526 442 509 514 90 923 638 91 417 1111
0 0 0 0 0 0 0 0 0 0 0 0 0 0 0 0 0 0 0 0
0 0 0 0 0 0 0 0 0 0 0 0 0 0 0 0 0 0 0 0
216 291 496 643 79 854 134 424 916 104 496 840 508 708 595 265 244 424 1009 177
1068 52 605 460 613 837 1016 1102 294 829 1150 942 1063 1065 682 863 663 199 859 667
557 752 384 120 842 498 1000 535 56 1089 1125 1011 261 406 112 363 439 879 217 946
793 32 825 765 733 7 962 21 95 18 785 275 17 96 972 715 369 445 102 463
0 0 0 0 0 0 0 0 0 0 0 0 0 0 0 0 0 0 0 0
0 0 0 0 0 0 0 0 0 0 0 0 0 0 0 0 0 0 0 0
543 353 428 1057 32 1093 188 916 550 628 147 587 689 647 675 250 1011 75 674 707
44 820 656 433 341 884 541 23 335 315 818 301 681 232 743 590 626 29 1099 721
106 527 81 743 235 861 550 926 627 181 983 893 259 1112 825 105 816 1079 1064 298
1093 879 117 577 1005 940 976 963 1141 483 682 415 695 159 917 564 992 553 749 1035
0 0 0 0 0 0 0 0 0 0 0 0 0 0 0 0 0 0 0 0
0 0 0 0 0 0 0 0 0 0 0 0 0 0 0 0 0 0 0 0
1152 1082 864 985 169 934 63 1106 586 1112 973 311 593 1002 716 237 760 744 230 560
844 20 409 249 231 864 220 963 1127 70 714 15 1109 869 1036 276 718 1016 267 455
42 371 1007 48 740 970 998 1113 645 703 326 581 42 735 34 236 840 319 940 48
643 735 334 992 877 904 165 237 284 398 690 1133 1084 924 481 186 540 392 668 250
0 0 0 0 0 0 0 0 0 0 0 0 0 0 0 0 0 0 0 0
0 0 0 0 0 0 0 0 0 0 0 0 0 0 0 0 0 0 0 0
162 147 10 880 648 30 458 1010 897 904 273 1034 732 658 1032 968 964 1084 560 21
852 299 490 753 663 827 410 1024 299 684 950 322 352 386 45 272 130 822 194 557
1151 916 880 795 1004 959 886 1113 82 363 354 326 414 233 69 345 313 637 1082 1041
27 745 403 220 1110 1131 505 157 348 289 572 809 99 542 1085 960 196 1151 1075 1038
0 0 0 0 0 0 0 0 0 0 0 0 0 0 0 0 0 0 0 0
0 0 0 0 0 0 0 0 0 0 0 0 0 0 0 0 0 0 0 0
443 481 889 131 380 885 1104 663 194 414 719 288 670 1060 965 573 558 1126 236 46
453 608 959 503 1080 50 88 195 728 485 1095 311 467 937 1131 180 190 87 52 1135
608 92 481 253 994 563 188 155 189 313 856 419 1095 643 780 945 683 180 36 315
907 266 972 98 954 59 287 640 291 150 1033 830 1076 605 1140 284 759 300 100 62
0 0 0 0 0 0 0 0 0 0 0 0 0 0 0 0 0 0 0 0
0 0 0 0 0 0 0 0 0 0 0 0 0 0 0 0 0 0 0 0
49 918 737 96 495 569 619 622 171 471 813 57 358 50 341 966 1006 904 1048 838
571 302 315 633 511 266 1087 884 438 960 856 854 359 601 257 24 296 695 974 757
730 841 1047 1134 505 153 627 671 1109 305 805 240 657 231 480 578 80 1079 517 204
992 546 454 39 57 811 975 1154 152 959 1034 424 770 163 1060 998 1129 45 34 574
0 0 0 0 0 0 0 0 0 0 0 0 0 0 0 0 0 0 0 0
0 0 0 0 0 0 0 0 0 0 0 0 0 0 0 0 0 0 0 0
181 1096 1135 543 1083 148 514 643 568 817 166 971 921 977 1089 1110 205 887 108 78
331 670 962 792 258 298 1082 1000 331 995 452 157 644 427 1123 778 1017 455 571 794
295 516 180 72 294 471 726 865 612 756 790 785 524 841 439 395 583 791 773 846
1043 574 636 558 914 995 731 85 72 178 571 1111 910 843 560 115 182 375 1076 676
0 0 0 0 0 0 0 0 0 0 0 0 0 0 0 0 0 0 0 0
0 0 0 0 0 0 0 0 0 0 0 0 0 0 0 0 0 0 0 0
1014 513 151 1072 670 281 1118 281 790 684 641 289 1125 183 526 67 893 775 168 31
348 1017 657 206 874 407 617 537 178 760 563 87 127 376 50 863 138 1054 299 291
267 719 453 9 129 943 229 714 94 729 533 563 179 462 1070 768 541 173 1047 135
28 96 588 1048 751 125 564 318 547 676 235 255 965 923 1060 508 1104 135 972 721
0 0 0 0 0 0 0 0 0 0 0 0 0 0 0 0 0 0 0 0
0 0 0 0 0 0 0 0 0 0 0 0 0 0 0 0 0 0 0 0
881 136 407 869 70 662 292 957 306 280 162 828 362 490 74 267 1087 256 190 451
1039 442 749 1087 493 309 175 320 1113 878 1001 606 281 290 1061 410 836 93 572 533
48 774 604 630 836 788 782 1022 794 453 984 94 952 292 477 551 935 447 792 456
1146 176 709 221 152 390 494 990 951 345 763 255 107 80 891 432 657 465 911 838
0 0 0 0 0 0 0 0 0 0 0 0 0 0 0 0 0 0 0 0
0 0 0 0 0 0 0 0 0 0 0 0 0 0 0 0 0 0 0 0
1057 56 585 835 259 827 691 554 869 22 132 713 456 644 725 1017 862 358 354 267
667 281 650 997 928 250 1114 477 1093 909 816 93 1044 376 398 1045 1131 406 126 427
953 739 651 1083 613 184 791 449 673 302 458 588 932 550 61 330 521 420 723 616
974 1079 51 591 507 661 316 926 137 794 386 79 896 991 86 681 799 327 218 1111
0 0 0 0 0 0 0 0 0 0 0 0 0 0 0 0 0 0 0 0
0 0 0 0 0 0 0 0 0 0 0 0 0 0 0 0 0 0 0 0
587 305 259 531 636 194 63 1053 180 467 1051 1105 913 43 475 1001 482 905 402 649
67 767 303 553 1145 1013 212 997 633 781 339 612 992 1023 1055 340 134 701 1101 236
296 720 353 369 434 646 1073 242 326 1137 313 890 598 551 27 124 210 149 698 719
324 464 742 376 89 844 399 576 1087 138 875 808 59 146 892 1095 991 153 1041 1050
0 0 0 0 0 0 0 0 0 0 0 0 0 0 0 0 0 0 0 0
0 0 0 0 0 0 0 0 0 0 0 0 0 0 0 0 0 0 0 0
1094 69 823 1058 256 785 379 96 844 389 415 792 234 479 378 844 682 264 209 572
1150 1141 946 418 826 843 939 933 856 593 229 740 198 269 431 841 1061 1045 958 413
152 358 985 413 887 173 291 302 821 720 565 815 142 720 312 373 1041 586 244 571
828 103 311 523 184 860 711 171 25 117 1088 439 9 1011 336 902 1110 1101 1026 486
0 0 0 0 0 0 0 0 0 0 0 0 0 0 0 0 0 0 0 0
0 0 0 0 0 0 0 0 0 0 0 0 0 0 0 0 0 0 0 0
511 585 238 990 312 63 657 17 81 1026 385 1018 498 1046 870 967 593 403 769 114
552 788 129 1019 232 675 474 1058 488 788 765 531 400 659 402 276 479 85 931 71
886 375 120 123 865 744 209 824 1021 441 259 423 597 666 1060 994 309 341 526 1143
333 465 133 465 1021 806 409 672 545 737 826 817 919 818 1121 893 872 357 137 700
0 0 0 0 0 0 0 0 0 0 0 0 0 0 0 0 0 0 0 0
0 0 0 0 0 0 0 0 0 0 0 0 0 0 0 0 0 0 0 0
591 368 267 247 397 1044 259 964 932 314 74 95 762 23 750 1123 131 977 474 962
344 609 1022 1033 987 1033 601 725 204 1135 734 487 1118 418 177 162 880 1014 223 1017
134 198 1092 336 244 338 642 94 888 941 597 51 985 784 109 1109 912 446 852 919
1075 915 182 143 1049 202 873 965 498 468 381 833 125 1066 153 222 175 1146 231 405
0 0 0 0 0 0 0 0 0 0 0 0 0 0 0 0 0 0 0 0
0 0 0 0 0 0 0 0 0 0 0 0 0 0 0 0 0 0 0 0
260 353 1003 524 493 545 971 232 167 1064 33 25 824 14 93 1050 698 81 440 121
1143 290 765 688 92 885 368 454 186 134 254 1002 337 1038 1117 1054 853 611 928 485
80 642 813 702 1061 782 1055 608 198 546 615 849 102 317 466 1031 775 427 482 325
1081 208 696 339 866 721 164 376 1040 472 537 430 507 346 712 1011 835 764 334 339
0 0 0 0 0 0 0 0 0 0 0 0 0 0 0 0 0 0 0 0
0 0 0 0 0 0 0 0 0 0 0 0 0 0 0 0 0 0 0 0
854 316 169 957 133 686 1134 570 63 1151 1085 1033 627 367 116 397 616 1075 460 322
416 874 634 57 350 1092 898 351 1109 671 161 342 196 216 855 536 755 578 483 504
72 69 412 773 356 721 661 166 36 817 617 596 1154 115 440 194 844 346 1082 478
816 704 728 330 701 710 1062 358 711 1113 794 926 782 557 944 333 475 832 306 955
0 0 0 0 0 0 0 0 0 0 0 0 0 0 0 0 0 0 0 0
0 0 0 0 0 0 0 0 0 0 0 0 0 0 0 0 0 0 0 0
113 360 260 231 161 779 205 17 439 187 1043 664 587 615 397 177 14 808 697 955
653 878 141 603 661 186 545 233 1115 496 963 907 1036 438 99 645 1009 422 330 248
777 875 1096 573 197 956 436 285 28 546 130 123 439 473 212 549 339 858 777 863
238 1024 181 836 618 809 141 826 1108 769 652 864 789 188 831 408 145 868 786 326
0 0 0 0 0 0 0 0 0 0 0 0 0 0 0 0 0 0 0 0
0 0 0 0 0 0 0 0 0 0 0 0 0 0 0 0 0 0 0 0
288 474 59 347 214 775 581 571 743 28 462 1027 1120 980 153 52 869 60 527 74
1062 92 302 973 914 691 690 297 767 712 805 220 439 815 373 301 1143 619 514 861
845 1075 736 263 716 1056 743 1018 179 1023 963 206 147 263 202 212 696 209 585 829
471 873 661 504 871 216 483 79 1028 456 221 531 1039 915 221 1102 1069 214 361 1056
0 0 0 0 0 0 0 0 0 0 0 0 0 0 0 0 0 0 0 0
0 0 0 0 0 0 0 0 0 0 0 0 0 0 0 0 0 0 0 0
487 270 710 544 609 347 432 667 244 331 1015 986 133 266 527 63 938 572 467 793
410 1016 546 552 1075 660 122 357 437 1129 339 337 901 1076 352 289 789 350 999 1134
1 1120 777 327 567 845 916 175 230 275 505 495 948 407 694 622 741 1136 144 624
1035 447 398 1005 670 313 75 531 1078 1068 673 585 75 555 747 49 805 80 732 34
0 0 0 0 0 0 0 0 0 0 0 0 0 0 0 0 0 0 0 0
0 0 0 0 0 0 0 0 0 0 0 0 0 0 0 0 0 0 0 0
237 458 120 349 379 892 834 89 555 539 707 319 347 774 66 576 978 545 480 136
673 163 445 326 984 1070 685 135 914 735 880 100 524 111 369 1118 523 428 9 290
1077 926 678 966 905 533 1074 1139 399 830 869 784 819 491 779 1037 234 205 367 490
238 428 94 97 760 766 325 547 370 413 976 209 626 218 636 310 838 533 664 842
0 0 0 0 0 0 0 0 0 0 0 0 0 0 0 0 0 0 0 0
0 0 0 0 0 0 0 0 0 0 0 0 0 0 0 0 0 0 0 0
393 205 782 776 556 820 923 339 79 676 342 328 266 742 882 862 534 1104 711 1034
748 300 70 491 430 306 991 1079 109 521 1026 604 909 1045 787 303 68 1058 916 238
1152 134 888 665 122 539 1067 410 402 958 1091 591 599 149 495 424 209 817 262 630
951 851 951 1073 1151 799 190 466 85 592 923 398 407 686 535 369 1010 193 359 666
0 0 0 0 0 0 0 0 0 0 0 0 0 0 0 0 0 0 0 0
0 0 0 0 0 0 0 0 0 0 0 0 0 0 0 0 0 0 0 0
1075 305 603 118 1029 111 370 570 841 225 785 686 1131 663 666 784 405 1123 543 164
700 665 1123 1 732 434 389 599 1073 930 408 430 265 154 918 212 805 913 631 100
1112 382 917 56 678 622 789 198 1049 456 1048 551 46 998 553 304 38 727 174 234
1005 353 775 317 871 199 545 745 576 763 1021 167 1146 982 522 403 694 738 893 803
0 0 0 0 0 0 0 0 0 0 0 0 0 0 0 0 0 0 0 0
0 0 0 0 0 0 0 0 0 0 0 0 0 0 0 0 0 0 0 0
186 435 1074 73 318 386 165 520 219 816 877 905 404 1148 96 41 971 1098 894 54
295 76 182 991 690 981 559 125 26 850 1121 682 1040 523 978 484 479 278 1100 1140
966 842 755 76 1102 212 913 693 908 500 888 290 396 176 373 267 1029 1121 1149 568
222 636 194 827 386 703 438 356 793 379 681 934 91 1101 893 1039 1029 843 616 736
0 0 0 0 0 0 0 0 0 0 0 0 0 0 0 0 0 0 0 0
0 0 0 0 0 0 0 0 0 0 0 0 0 0 0 0 0 0 0 0
493 908 957 269 328 749 552 963 720 188 988 683 736 817 137 1009 235 943 589 703
564 717 214 382 468 689 763 1086 816 540 331 421 712 973 1141 10 924 147 1143 1089
1095 470 530 1066 249 461 1145 162 583 901 359 331 432 417 595 417 519 132 264 622
613 911 1051 80 68 636 702 61 2 135 181 109 702 438 748 405 262 964 67 213
0 0 0 0 0 0 0 0 0 0 0 0 0 0 0 0 0 0 0 0
0 0 0 0 0 0 0 0 0 0 0 0 0 0 0 0 0 0 0 0
1072 1134 557 173 976 300 478 830 715 617 546 480 608 984 275 276 75 373 242 718
1149 709 287 779 858 171 881 757 705 1152 137 98 1057 224 456 424 336 753 931 780
342 826 1021 677 120 398 0 544 50 242 113 770 936 668 1 1042 1082 688 346 545
149 385 511 849 615 721 218 387 82 978 1148 88 10 5 746 246 838 1001 1022 233
0 0 0 0 0 0 0 0 0 0 0 0 0 0 0 0 0 0 0 0
0 0 0 0 0 0 0 0 0 0 0 0 0 0 0 0 0 0 0 0
1097 326 305 22 181 760 201 572 79 145 98 486 47 233 1041 323 66 902 109 192
5 390 76 361 1030 244 750 217 741 77 708 847 1106 647 515 437 576 245 749 1099
156 497 858 880 249 630 281 773 939 300 897 640 501 798 947 850 783 437 1065 459
855 347 835 911 121 613 494 771 271 704 3 1017 426 0 677 1090 839 384 631 175
0 0 0 0 0 0 0 0 0 0 0 0 0 0 0 0 0 0 0 0
0 0 0 0 0 0 0 0 0 0 0 0 0 0 0 0 0 0 0 0
990 94 854 1131 151 295 679 857 180 722 527 647 583 107 194 700 1014 1076 451 513
1075 845 595 134 128 972 943 619 294 280 505 160 308 128 836 1068 729 872 127 907
898 1085 852 464 878 1024 813 109 153 128 904 66 589 724 507 471 1046 853 476 391
135 997 523 690 108 1000 439 893 409 432 428 654 554 551 848 376 293 203 799 56
0 0 0 0 0 0 0 0 0 0 0 0 0 0 0 0 0 0 0 0
0 0 0 0 0 0 0 0 0 0 0 0 0 0 0 0 0 0 0 0
925 356 26 172 55 541 836 773 830 724 130 836 811 974 677 523 641 689 851 238
790 87 410 78 173 670 238 580 341 725 590 235 998 904 952 424 863 465 796 786
1143 618 1068 433 154 934 629 31 230 934 360 692 526 697 7 967 397 112 887 258
193 213 589 250 225 719 107 674 994 601 160 1019 759 218 859 484 620 975 114 366
0 0 0 0 0 0 0 0 0 0 0 0 0 0 0 0 0 0 0 0
0 0 0 0 0 0 0 0 0 0 0 0 0 0 0 0 0 0 0 0
237 445 943 2 40 813 742 353 885 891 1068 103 454 749 608 103 997 733 1087 772
421 749 1088 1047 947 448 588 939 203 799 1050 1035 792 726 339 1127 406 1136 397 345
233 1109 888 248 952 845 681 872 505 180 482 436 755 1085 130 831 1046 264 1046 211
67 43 874 258 424 489 440 863 1013 597 549 990 138 726 808 64 561 98 670 152
0 0 0 0 0 0 0 0 0 0 0 0 0 0 0 0 0 0 0 0
0 0 0 0 0 0 0 0 0 0 0 0 0 0 0 0 0 0 0 0
807 944 524 964 211 858 1147 315 657 66 574 1062 317 352 934 393 1148 1129 142 765
613 250 620 1060 103 702 13 369 565 814 135 526 657 287 1016 224 334 852 300 1103
112 270 480 552 752 6 375 213 1120 517 206 54 975 531 883 654 551 1097 1069 698
908 558 570 260 802 290 447 598 362 1103 479 679 687 940 539 259 97 320 301 565
0 0 0 0 0 0 0 0 0 0 0 0 0 0 0 0 0 0 0 0
0 0 0 0 0 0 0 0 0 0 0 0 0 0 0 0 0 0 0 0
993 205 816 795 990 927 335 908 1104 761 1096 598 1104 376 1123 351 963 629 845 132
266 725 878 27 8 138 68 1043 494 181 735 255 920 1079 933 236 884 371 563 0
617 455 663 603 1043 329 722 101 276 687 1135 88 312 72 940 773 948 684 628 949
970 794 9 1050 433 298 94 873 938 832 1007 467 287 597 331 313 195 636 370 1102
0 0 0 0 0 0 0 0 0 0 0 0 0 0 0 0 0 0 0 0
0 0 0 0 0 0 0 0 0 0 0 0 0 0 0 0 0 0 0 0
1095 424 647 37 215 725 287 1114 686 975 485 407 438 487 312 259 296 613 1072 883
1110 1132 110 663 211 832 739 580 381 944 413 13 749 802 427 801 94 239 488 736
284 229 217 779 763 640 558 184 259 792 857 409 1087 1092 98 827 1137 658 533 966
838 241 318 574 1005 864 1041 974 1060 1 517 186 455 363 188 155 887 801 404 183
0 0 0 0 0 0 0 0 0 0 0 0 0 0 0 0 0 0 0 0
0 0 0 0 0 0 0 0 0 0 0 0 0 0 0 0 0 0 0 0
132 628 522 37 916 1099 1059 231 782 697 170 946 1099 460 510 975 87 810 805 534
1109 652 706 350 763 301 1093 871 392 173 915 875 74 77 190 1094 1137 532 651 816
204 513 1065 1046 865 1120 390 215 974 433 970 585 273 135 201 803 755 588 34 547
726 53 655 369 875 820 181 1125 79 1080 1083 963 1052 149 1058 143 1126 72 1009 738
0 0 0 0 0 0 0 0 0 0 0 0 0 0 0 0 0 0 0 0
0 0 0 0 0 0 0 0 0 0 0 0 0 0 0 0 0 0 0 0
870 552 169 541 193 1080 390 498 2 543 467 923 1048 280 931 761 532 1032 224 546
204 481 338 784 1085 7 615 1100 17 812 902 578 21 168 660 129 1142 833 371 193
834 399 822 484 531 874 132 449 319 269 198 437 748 1064 1105 681 1131 521 733 258
173 125 1105 505 1011 725 760 548 552 458 886 374 377 591 624 771 193 625 977 694
0 0 0 0 0 0 0 0 0 0 0 0 0 0 0 0 0 0 0 0
0 0 0 0 0 0 0 0 0 0 0 0 0 0 0 0 0 0 0 0
354 599 202 647 716 390 671 32 740 348 986 126 386 414 740 576 260 754 875 528
314 883 862 1102 594 715 1058 196 669 1068 984 846 807 274 411 241 373 184 338 572
749 1080 638 572 841 744 485 653 990 581 528 172 552 649 821 637 515 505 1152 1069
528 312 1008 196 1107 1064 703 577 780 333 694 1069 1000 456 825 1021 1080 812 1003 655
0 0 0 0 0 0 0 0 0 0 0 0 0 0 0 0 0 0 0 0
0 0 0 0 0 0 0 0 0 0 0 0 0 0 0 0 0 0 0 0
757 315 220 1065 841 833 423 53 485 202 959 627 44 583 680 777 1121 822 749 367
283 555 12 395 254 806 593 863 439 205 222 522 406 219 479 612 875 228 356 401
656 924 993 880 361 251 203 672 669 473 350 103 374 723 465 534 912 739 371 1031
274 266 281 759 1043 576 1143 658 247 311 1131 633 767 1120 257 600 771 504 1024 805
0 0 0 0 0 0 0 0 0 0 0 0 0 0 0 0 0 0 0 0
0 0 0 0 0 0 0 0 0 0 0 0 0 0 0 0 0 0 0 0
1005 410 1047 144 89 89 333 337 849 385 636 462 1094 758 846 82 1134 140 926 637
1071 116 43 1 9 541 243 886 943 1001 1045 361 964 990 11 811 92 108 886 588
1152 764 1107 193 737 604 670 993 805 702 830 123 55 589 482 252 612 217 957 581
63 1153 536 16 815 1074 725 789 838 339 716 99 126 358 822 1046 665 845 249 647
0 0 0 0 0 0 0 0 0 0 0 0 0 0 0 0 0 0 0 0
0 0 0 0 0 0 0 0 0 0 0 0 0 0 0 0 0 0 0 0
659 42 452 605 683 269 233 343 450 317 773 162 898 950 992 842 455 756 1042 569
223 488 800 7 517 940 1057 915 434 693 391 61 386 989 119 870 580 967 929 917
685 824 41 1057 175 468 273 831 246 556 119 660 258 552 964 457 890 982 958 229
733 379 619 599 926 1045 614 484 1006 602 777 422 857 645 38 112 266 1027 361 945
0 0 0 0 0 0 0 0 0 0 0 0 0 0 0 0 0 0 0 0
0 0 0 0 0 0 0 0 0 0 0 0 0 0 0 0 0 0 0 0
1049 1060 1091 980 139 275 854 121 904 755 993 266 951 901 1076 391 753 695 180 1090
406 820 862 1085 969 615 1078 159 853 586 282 498 751 463 418 672 185 431 44 314
511 663 713 61 734 997 1134 112 929 496 881 377 417 47 827 1055 316 523 1127 862
608 103 445 754 286 248 925 577 544 262 102 844 232 1036 343 454 646 492 182 209
0 0 0 0 0 0 0 0 0 0 0 0 0 0 0 0 0 0 0 0
0 0 0 0 0 0 0 0 0 0 0 0 0 0 0 0 0 0 0 0
554 1040 595 702 898 922 923 753 337 680 472 282 623 1120 586 706 1002 256 969 911
459 586 627 718 223 1083 740 582 360 908 494 319 1078 290 289 347 825 462 835 1110
265 464 1018 708 971 725 328 346 35 194 351 686 454 33 956 795 1112 530 860 1066
457 335 189 125 293 71 663 596 410 433 736 718 312 401 220 1141 158 1111 494 964
0 0 0 0 0 0 0 0 0 0 0 0 0 0 0 0 0 0 0 0
0 0 0 0 0 0 0 0 0 0 0 0 0 0 0 0 0 0 0 0
1039 492 578 6 774 518 493 477 674 227 106 365 105 12 570 885 484 405 23 542
180 1107 7 769 1030 515 81 590 385 645 1049 1060 761 321 424 80 672 837 300 786
1133 864 568 1055 855 1076 574 925 751 11 799 955 938 1037 1128 104 712 652 1094 829
727 289 358 951 399 550 838 531 807 310 823 859 263 653 873 539 237 990 634 1096
0 0 0 0 0 0 0 0 0 0 0 0 0 0 0 0 0 0 0 0
0 0 0 0 0 0 0 0 0 0 0 0 0 0 0 0 0 0 0 0
142 68 550 306 939 933 963 755 959 565 1031 963 143 190 570 1074 162 963 400 959
811 244 530 1119 137 723 609 830 264 826 202 133 121 662 395 255 301 524 754 862
1116 286 1089 551 523 661 424 449 872 374 381 783 244 598 316 180 722 31 771 808
386 208 850 452 520 2 431 942 205 1035 633 1154 747 858 1013 805 313 828 738 1150
0 0 0 0 0 0 0 0 0 0 0 0 0 0 0 0 0 0 0 0
0 0 0 0 0 0 0 0 0 0 0 0 0 0 0 0 0 0 0 0
1020 979 46 1126 970 519 287 359 668 995 1077 132 788 851 148 491 462 194 1033 1088
27 980 710 1027 1096 21 305 932 127 864 1056 727 95 683 673 1133 750 607 306 59
486 406 261 296 422 195 971 971 988 136 219 929 180 998 722 349 18 77 505 432
531 905 1072 1126 870 877 179 200 1152 1066 273 690 286 560 58 591 264 55 796 976
0 0 0 0 0 0 0 0 0 0 0 0 0 0 0 0 0 0 0 0
0 0 0 0 0 0 0 0 0 0 0 0 0 0 0 0 0 0 0 0
409 876 583 102 894 724 866 642 789 1127 811 971 377 452 1030 642 178 827 963 803
782 102 179 1052 315 417 200 1147 623 1127 293 595 194 899 631 731 950 1072 648 676
548 936 709 697 191 363 74 938 769 675 1050 174 68 358 938 853 1091 152 569 169
1019 850 530 775 516 625 78 576 960 520 893 935 669 608 413 977 120 527 1085 99
0 0 0 0 0 0 0 0 0 0 0 0 0 0 0 0 0 0 0 0
0 0 0 0 0 0 0 0 0 0 0 0 0 0 0 0 0 0 0 0
982 63 920 669 396 237 39 686 998 498 786 969 1074 263 533 448 239 427 250 538
223 682 258 1139 189 309 663 1154 699 669 331 849 419 491 22 102 48 670 330 249
1030 320 787 1032 918 236 1081 758 874 1146 1001 513 732 576 951 305 944 232 616 715
936 676 684 531 571 10 283 1043 1128 659 890 1022 201 279 196 386 1083 983 1019 119
0 0 0 0 0 0 0 0 0 0 0 0 0 0 0 0 0 0 0 0
0 0 0 0 0 0 0 0 0 0 0 0 0 0 0 0 0 0 0 0
241 68 298 899 803 68 73 915 343 917 100 1098 1152 281 521 73 990 1006 634 67
400 845 716 261 1008 203 960 451 683 689 862 751 100 413 759 909 946 349 243 313
485 299 1140 230 110 314 251 591 3 814 201 695 198 432 179 1103 1077 183 983 147
475 1021 458 587 384 286 795 420 120 695 121 830 879 46 74 881 866 417 173 1023
0 0 0 0 0 0 0 0 0 0 0 0 0 0 0 0 0 0 0 0
0 0 0 0 0 0 0 0 0 0 0 0 0 0 0 0 0 0 0 0
328 89 916 211 89 438 63 170 122 109 1144 113 392 487 482 15 651 985 369 1066
907 305 512 886 903 1034 730 598 1144 695 125 544 1153 304 727 934 118 467 536 167
383 161 832 371 976 22 790 650 36 381 654 337 115 499 761 836 230 273 468 997
719 474 845 329 261 864 809 765 818 290 530 907 1079 658 938 200 967 128 724 160
0 0 0 0 0 0 0 0 0 0 0 0 0 0 0 0 0 0 0 0
0 0 0 0 0 0 0 0 0 0 0 0 0 0 0 0 0 0 0 0
322 1062 895 651 380 462 618 1074 525 152 322 473 758 77 282 278 556 246 251 167
446 416 173 140 166 692 313 146 160 638 972 231 625 1019 854 589 804 1085 1142 159
570 1152 85 430 986 802 589 491 274 61 164 907 411 534 491 264 481 21 1119 291
728 206 367 98 746 136 447 192 721 1089 516 1027 387 1140 1111 525 613 471 533 626
0 0 0 0 0 0 0 0 0 0 0 0 0 0 0 0 0 0 0 0
0 0 0 0 0 0 0 0 0 0 0 0 0 0 0 0 0 0 0 0
1071 951 97 485 54 1070 564 363 717 36 461 161 600 274 687 41 241 568 597 636
629 447 763 621 261 995 358 1122 926 551 206 1082 666 1130 1031 896 385 406 973 908
596 460 231 631 883 817 960 197 92 1070 213 1060 243 332 964 435 155 740 41 1008
447 609 336 581 737 449 660 780 979 178 65 1109 971 424 17 904 993 1045 947 794
0 0 0 0 0 0 0 0 0 0 0 0 0 0 0 0 0 0 0 0
0 0 0 0 0 0 0 0 0 0 0 0 0 0 0 0 0 0 0 0
62 222 968 964 748 1080 528 551 103 860 662 484 1075 490 1005 327 597 809 369 674
653 430 737 485 1103 755 775 634 18 980 156 42 753 339 21 84 1078 1120 652 584
229 391 912 545 105 897 322 147 675 741 934 944 61 876 899 549 606 673 42 975
308 1003 19 610 436 555 123 662 1000 842 485 851 301 282 566 521 925 242 1015 86
0 0 0 0 0 0 0 0 0 0 0 0 0 0 0 0 0 0 0 0
0 0 0 0 0 0 0 0 0 0 0 0 0 0 0 0 0 0 0 0
1037 477 623 95 581 404 998 342 380 841 773 629 968 271 1143 70 889 201 184 419
1098 1017 252 455 166 729 681 273 33 215 256 479 51 210 40 914 31 631 260 655
800 797 736 550 677 765 1087 585 993 953 662 477 315 29 681 466 922 1107 480 136
140 550 665 1065 402 648 675 766 784 1023 151 276 335 39 1092 909 833 773 916 316
0 0 0 0 0 0 0 0 0 0 0 0 0 0 0 0 0 0 0 0
0 0 0 0 0 0 0 0 0 0 0 0 0 0 0 0 0 0 0 0
185 374 638 1097 767 1136 317 133 773 1009 135 383 905 839 544 1034 911 901 343 633
705 354 286 1045 537 192 1080 1075 713 217 209 943 235 535 430 1053 1019 634 535 239
301 1016 707 1004 807 55 980 487 586 264 1060 409 502 564 509 49 1069 918 1103 816
381 1094 1098 1130 1034 862 454 129 563 521 436 228 286 336 854 1072 319 697 552 261
0 0 0 0 0 0 0 0 0 0 0 0 0 0 0 0 0 0 0 0
0 0 0 0 0 0 0 0 0 0 0 0 0 0 0 0 0 0 0 0
1013 509 34 1133 1050 655 166 120 829 890 857 238 813 839 503 385 374 878 943 173
85 65 868 247 672 961 594 621 37 560 389 1044 976 858 364 400 49 56 21 46
490 83 1147 231 424 86 1064 888 450 134 70 682 803 8 625 969 873 556 692 72
49 327 839 653 594 833 97 775 85 219 981 880 16 1077 348 187 235 388 475 1101
0 0 0 0 0 0 0 0 0 0 0 0 0 0 0 0 0 0 0 0
0 0 0 0 0 0 0 0 0 0 0 0 0 0 0 0 0 0 0 0
792 761 878 960 837 789 686 980 976 908 553 617 855 550 478 170 351 212 543 216
513 493 263 882 1015 511 929 898 830 159 513 474 112 98 100 954 640 462 645 227
912 677 792 774 991 1070 756 134 1071 695 765 968 172 566 109 628 197 452 601 1085
1092 148 544 1009 391 993 215 1148 328 167 406 1148 305 622 681 1038 335 482 650 1080
0 0 0 0 0 0 0 0 0 0 0 0 0 0 0 0 0 0 0 0
0 0 0 0 0 0 0 0 0 0 0 0 0 0 0 0 0 0 0 0
434 890 1096 493 833 277 19 100 37 687 1100 1062 450 188 689 415 964 593 639 761
1051 359 366 611 831 508 511 176 155 311 1049 11 907 147 897 603 184 844 1153 991
844 1080 913 792 484 1056 692 451 535 21 391 304 1070 738 711 731 829 51 319 221
1047 293 443 774 31 1082 449 543 966 819 981 241 12 1044 518 572 855 354 683 878
0 0 0 0 0 0 0 0 0 0 0 0 0 0 0 0 0 0 0 0
0 0 0 0 0 0 0 0 0 0 0 0 0 0 0 0 0 0 0 0
943 182 208 1098 696 0 387 928 858 501 555 644 240 917 238 996 1034 488 103 313
803 881 545 346 719 275 981 874 931 585 836 764 66 937 445 757 705 1059 896 11
793 120 586 586 1019 506 730 45 390 323 798 750 383 948 294 685 577 395 302 208
1052 1000 944 861 242 1017 143 598 488 557 993 665 447 697 320 888 1 1051 279 1077
0 0 0 0 0 0 0 0 0 0 0 0 0 0 0 0 0 0 0 0
0 0 0 0 0 0 0 0 0 0 0 0 0 0 0 0 0 0 0 0
910 738 716 1075 799 368 217 880 714 406 166 1146 170 313 944 441 108 345 293 761
48 719 504 960 462 226 174 62 1084 959 39 352 931 854 595 335 890 1074 664 272
438 430 186 397 905 355 385 670 836 457 22 249 1060 320 814 736 796 243 368 1020
963 258 157 0 432 206 125 220 552 712 412 1028 407 149 816 492 179 974 348 587
0 0 0 0 0 0 0 0 0 0 0 0 0 0 0 0 0 0 0 0
0 0 0 0 0 0 0 0 0 0 0 0 0 0 0 0 0 0 0 0
726 550 987 661 240 512 675 907 49 445 971 912 551 708 374 201 550 447 13 533
25 524 126 1021 183 175 370 1138 350 800 321 846 1049 47 887 64 288 1069 908 35
694 381 516 257 924 882 923 997 452 240 255 828 1058 511 671 955 797 495 7 472
524 305 688 868 353 151 229 718 968 119 921 317 1073 729 814 308 760 1122 755 601
0 0 0 0 0 0 0 0 0 0 0 0 0 0 0 0 0 0 0 0
0 0 0 0 0 0 0 0 0 0 0 0 0 0 0 0 0 0 0 0
637 979 663 1014 716 1044 228 79 826 210 1145 559 616 243 433 321 521 98 523 563
1069 18 1070 1078 56 277 372 969 736 549 787 100 727 139 341 107 112 1057 660 682
798 107 909 756 1107 1034 469 125 393 358 46 181 323 833 228 836 360 478 906 465
332 34 180 588 722 420 465 462 606 61 1143 949 1069 74 971 239 1110 746 917 416
0 0 0 0 0 0 0 0 0 0 0 0 0 0 0 0 0 0 0 0
0 0 0 0 0 0 0 0 0 0 0 0 0 0 0 0 0 0 0 0
995 1040 562 6 1142 896 328 895 534 593 22 829 34 1011 983 44 1111 809 919 1152
1110 461 944 40 630 600 33 327 8 327 897 425 510 836 849 21 1123 379 256 382
1137 1015 16 236 164 834 783 234 434 1133 164 426 127 97 119 167 534 114 999 142
988 708 918 923 520 361 1053 941 53 1135 750 60 419 763 124 450 20 25 241 979
0 0 0 0 0 0 0 0 0 0 0 0 0 0 0 0 0 0 0 0
0 0 0 0 0 0 0 0 0 0 0 0 0 0 0 0 0 0 0 0
1038 531 891 81 1032 273 1044 398 839 1077 445 265 50 188 450 1013 503 1031 627 121
986 760 23 17 799 271 509 143 149 79 1009 625 498 468 326 620 62 304 192 1008
807 1006 994 353 1001 427 516 1034 1047 515 1103 140 888 972 871 226 431 927 661 29
1137 193 1061 819 228 1062 28 784 117 509 86 59 516 308 852 81 225 215 25 367
0 0 0 0 0 0 0 0 0 0 0 0 0 0 0 0 0 0 0 0
0 0 0 0 0 0 0 0 0 0 0 0 0 0 0 0 0 0 0 0
953 784 651 184 915 884 465 480 666 295 243 251 133 868 372 742 184 420 713 388
815 739 25 712 859 531 463 891 625 583 958 583 522 827 853 218 1023 387 7 643
438 65 309 122 382 1092 590 866 839 731 1004 249 693 897 760 65 452 532 893 638
322 818 385 637 230 948 249 512 85 176 98 436 764 806 591 414 705 68 297 811
0 0 0 0 0 0 0 0 0 0 0 0 0 0 0 0 0 0 0 0
0 0 0 0 0 0 0 0 0 0 0 0 0 0 0 0 0 0 0 0
1038 330 48 8 171 978 349 1045 238 109 633 57 120 321 1036 890 991 137 122 157
1092 1060 663 252 1018 464 606 240 641 1025 595 523 114 341 785 941 616 1039 367 636
121 84 538 545 627 814 146 214 437 387 328 26 119 97 665 666 117 197 831 186
1092 1078 956 262 942 599 191 141 670 648 1128 446 92 599 954 443 339 284 923 356
0 0 0 0 0 0 0 0 0 0 0 0 0 0 0 0 0 0 0 0
0 0 0 0 0 0 0 0 0 0 0 0 0 0 0 0 0 0 0 0
379 303 86 866 980 1046 425 191 803 189 1062 865 1132 785 657 542 443 749 988 297
691 417 388 725 944 282 50 1058 218 1029 695 215 714 669 86 666 191 135 171 549
631 855 591 748 1018 753 1111 918 27 379 119 266 466 1106 1048 907 408 1008 512 101
263 12 374 292 790 640 1050 326 430 498 769 765 1077 598 654 838 928 547 933 347
0 0 0 0 0 0 0 0 0 0 0 0 0 0 0 0 0 0 0 0
0 0 0 0 0 0 0 0 0 0 0 0 0 0 0 0 0 0 0 0
1058 1083 405 44 552 99 172 955 941 555 908 441 951 420 764 542 743 1087 187 913
163 780 863 998 958 151 1001 296 1041 857 1095 901 496 394 1104 795 346 129 545 206
864 85 682 351 170 912 107 107 134 44 240 505 795 867 112 27 306 95 268 339
1137 430 360 501 577 1003 337 53 731 949 207 208 469 1132 153 585 1079 538 1014 994
0 0 0 0 0 0 0 0 0 0 0 0 0 0 0 0 0 0 0 0
0 0 0 0 0 0 0 0 0 0 0 0 0 0 0 0 0 0 0 0
215 764 251 100 63 680 530 924 251 770 596 462 748 551 1058 919 218 646 108 1029
161 836 1016 687 588 745 715 547 970 690 431 504 1011 880 292 209 1092 854 60 787
40 151 52 1008 523 325 34 635 3 568 554 150 268 185 331 766 813 1100 177 929
718 332 653 1079 889 841 34 769 151 660 852 616 504 955 777 1076 411 714 84 965
0 0 0 0 0 0 0 0 0 0 0 0 0 0 0 0 0 0 0 0
0 0 0 0 0 0 0 0 0 0 0 0 0 0 0 0 0 0 0 0
172 1086 738 626 948 210 874 757 939 43 270 840 558 896 929 226 913 818 642 751
309 808 160 160 700 749 593 37 1142 433 927 759 131 599 815 327 337 679 917 232
597 670 494 607 253 1051 901 495 410 1084 7 670 764 309 320 392 504 26 400 926
559 223 714 19 1144 373 698 210 215 177 931 360 350 166 956 695 242 824 183 1120
0 0 0 0 0 0 0 0 0 0 0 0 0 0 0 0 0 0 0 0
0 0 0 0 0 0 0 0 0 0 0 0 0 0 0 0 0 0 0 0
302 752 983 250 1034 596 921 437 923 235 110 51 469 450 977 84 786 719 575 246
919 1009 725 30 61 305 395 799 1028 298 1076 374 942 287 1115 298 1005 194 898 535
333 1084 772 166 870 79 428 774 434 948 909 207 880 613 91 615 175 290 1098 523
340 842 601 1041 345 936 698 183 313 596 153 936 517 923 252 805 1104 180 437 88
0 0 0 0 0 0 0 0 0 0 0 0 0 0 0 0 0 0 0 0
0 0 0 0 0 0 0 0 0 0 0 0 0 0 0 0 0 0 0 0
210 870 665 807 330 493 537 224 1068 521 1034 1026 579 193 1106 778 49 674 962 1041
738 15 128 977 329 448 223 805 778 965 1043 120 749 850 869 993 829 105 868 911
815 1123 365 212 320 511 809 998 949 1022 280 660 215 293 815 211 220 674 436 855
1022 548 381 1059 381 844 542 630 299 549 481 957 846 824 436 539 899 1057 712 984
0 0 0 0 0 0 0 0 0 0 0 0 0 0 0 0 0 0 0 0
0 0 0 0 0 0 0 0 0 0 0 0 0 0 0 0 0 0 0 0
1136 256 97 881 1143 574 17 15 146 1127 986 484 3 397 510 218 413 367 979 953
62 376 19 1064 448 867 1124 512 834 523 927 1012 1121 839 283 880 616 401 58 213
12 920 975 554 382 526 240 100 89 255 378 979 754 733 187 893 817 1101 1045 320
583 993 583 735 813 793 1052 497 697 351 295 834 845 163 806 686 467 396 1015 1120
0 0 0 0 0 0 0 0 0 0 0 0 0 0 0 0 0 0 0 0
0 0 0 0 0 0 0 0 0 0 0 0 0 0 0 0 0 0 0 0
433 530 265 815 506 988 338 390 306 411 184 825 156 54 278 162 142 861 229 357
906 897 900 324 168 845 1087 837 80 1002 981 23 272 681 8 1035 82 17 1072 1037
875 1139 787 602 254 435 1030 744 704 471 859 683 770 642 946 187 1029 1054 17 226
175 186 431 11 24 537 408 976 444 129 1129 857 1112 445 599 28 221 371 315 783
0 0 0 0 0 0 0 0 0 0 0 0 0 0 0 0 0 0 0 0
0 0 0 0 0 0 0 0 0 0 0 0 0 0 0 0 0 0 0 0
44 940 167 660 196 1060 100 928 547 243 379 702 743 518 629 277 617 61 587 806
521 904 951 768 757 1031 24 704 151 932 198 505 722 691 102 142 746 630 845 1054
559 390 438 312 302 384 1026 94 680 1080 880 194 584 305 89 621 1064 1032 970 739
248 119 680 150 640 51 1057 166 1148 611 346 942 1065 181 244 45 467 648 385 475
0 0 0 0 0 0 0 0 0 0 0 0 0 0 0 0 0 0 0 0
0 0 0 0 0 0 0 0 0 0 0 0 0 0 0 0 0 0 0 0
410 685 103 749 714 1072 1043 987 458 233 291 996 106 909 1084 833 697 13 443 142
1045 565 793 1053 256 818 457 1062 571 123 187 824 1146 1125 926 459 975 115 32 1090
596 194 874 486 959 215 210 1151 240 680 801 33 598 943 511 159 73 982 107 642
159 28 1089 1131 664 782 688 488 363 939 476 1024 222 1039 185 1108 278 117 943 127
0 0 0 0 0 0 0 0 0 0 0 0 0 0 0 0 0 0 0 0
0 0 0 0 0 0 0 0 0 0 0 0 0 0 0 0 0 0 0 0
487 552 132 497 1034 823 323 457 302 625 363 342 992 952 579 216 961 220 708 302
778 206 593 979 130 259 654 179 505 819 68 706 144 829 877 988 300 1105 618 122
288 860 747 1065 172 220 523 1143 299 1073 12 1030 1101 96 253 1115 978 312 724 888
857 323 576 255 593 959 864 234 989 63 183 909 228 839 514 291 26 745 1124 651
0 0 0 0 0 0 0 0 0 0 0 0 0 0 0 0 0 0 0 0
0 0 0 0 0 0 0 0 0 0 0 0 0 0 0 0 0 0 0 0
924 129 195 838 1088 882 720 931 441 934 281 385 211 482 223 353 1140 77 1116 228
1063 252 465 690 413 1070 132 1091 87 883 339 289 945 350 840 457 1090 762 1049 315
381 676 525 890 198 771 151 747 228 888 611 112 1145 888 1136 1035 188 261 98 201
121 1134 99 972 303 945 507 710 1070 1095 661 914 824 1121 156 264 62 142 520 956
0 0 0 0 0 0 0 0 0 0 0 0 0 0 0 0 0 0 0 0
0 0 0 0 0 0 0 0 0 0 0 0 0 0 0 0 0 0 0 0
895 815 224 970 411 406 1117 698 639 721 392 577 966 354 573 536 382 963 365 876
718 395 281 544 442 314 926 835 984 1129 240 370 1144 863 960 939 232 179 1016 360
390 800 295 560 130 833 1042 733 1007 260 148 1025 117 461 916 357 283 466 1025 918
139 1036 85 161 8 1054 194 755 1021 191 959 677 673 1018 178 1073 752 1149 490 811
0 0 0 0 0 0 0 0 0 0 0 0 0 0 0 0 0 0 0 0
0 0 0 0 0 0 0 0 0 0 0 0 0 0 0 0 0 0 0 0
85 1030 801 299 528 27 1022 124 561 189 11 742 871 202 850 426 988 260 979 529
977 451 688 443 279 580 577 629 361 810 339 552 760 345 242 325 454 209 1061 1003
331 1119 457 82 980 511 1069 1019 270 244 212 426 908 243 109 1034 310 69 1118 334
223 503 1033 1110 807 793 1107 967 44 378 50 550 67 672 143 478 156 1028 1001 835
0 0 0 0 0 0 0 0 0 0 0 0 0 0 0 0 0 0 0 0
0 0 0 0 0 0 0 0 0 0 0 0 0 0 0 0 0 0 0 0
26 1007 23 750 925 315 244 1072 898 1103 722 1085 631 881 390 1 520 159 348 525
27 284 12 68 77 297 576 555 981 658 14 141 1005 409 232 621 406 676 173 110
511 1074 1040 388 87 594 758 317 912 765 590 825 544 18 315 1147 1044 119 246 94
1076 1053 89 805 220 138 969 386 1085 1040 176 934 202 53 1144 797 355 1047 795 1009
0 0 0 0 0 0 0 0 0 0 0 0 0 0 0 0 0 0 0 0
0 0 0 0 0 0 0 0 0 0 0 0 0 0 0 0 0 0 0 0
435 581 708 658 435 1129 96 240 990 747 393 562 93 770 43 329 570 43 818 887
933 719 450 1120 413 1073 760 130 1118 1105 95 374 977 1119 512 590 659 591 65 651
1069 635 651 553 252 397 167 40 351 607 1040 1114 887 953 742 600 804 693 789 767
461 515 267 1132 967 453 893 214 985 914 107 522 581 450 118 546 321 160 479 1071
0 0 0 0 0 0 0 0 0 0 0 0 0 0 0 0 0 0 0 0
0 0 0 0 0 0 0 0 0 0 0 0 0 0 0 0 0 0 0 0
259 201 911 316 779 114 129 418 123 672 906 361 266 398 422 559 923 1065 559 667
911 52 467 726 30 9 452 631 952 813 715 422 452 261 610 437 780 239 1070 363
174 646 24 700 648 1117 896 371 123 407 266 904 1048 65 922 241 336 823 535 993
429 493 775 708 501 695 79 1096 649 561 333 1034 219 77 292 1087 50 119 161 1109
0 0 0 0 0 0 0 0 0 0 0 0 0 0 0 0 0 0 0 0
0 0 0 0 0 0 0 0 0 0 0 0 0 0 0 0 0 0 0 0
943 406 308 567 139 786 408 112 232 955 875 859 619 430 338 697 492 836 28 560
1084 206 722 653 318 991 389 1022 0 648 535 811 814 357 53 324 1100 1104 207 537
301 952 1127 342 983 760 186 212 653 1000 460 204 142 1043 89 939 1082 712 514 921
96 552 1139 959 765 899 923 976 770 251 653 273 1101 755 184 1091 404 448 1093 299
0 0 0 0 0 0 0 0 0 0 0 0 0 0 0 0 0 0 0 0
0 0 0 0 0 0 0 0 0 0 0 0 0 0 0 0 0 0 0 0
907 552 904 305 1030 869 678 975 1139 149 1100 1122 890 5 516 1053 197 276 686 1027
565 508 995 61 304 300 444 1104 79 228 910 625 1063 694 497 1036 763 284 1046 388
740 789 483 892 1119 241 374 555 785 1056 691 279 929 160 62 418 941 659 990 1086
36 431 904 733 128 587 26 222 1132 929 590 317 890 863 796 1090 34 373 798 8
0 0 0 0 0 0 0 0 0 0 0 0 0 0 0 0 0 0 0 0
0 0 0 0 0 0 0 0 0 0 0 0 0 0 0 0 0 0 0 0
796 994 349 695 160 631 34 86 349 189 204 984 549 701 429 411 445 684 309 168
1071 191 1043 987 386 43 283 922 1024 433 1032 352 134 1057 633 585 593 303 599 109
11 131 844 929 605 447 535 394 15 1133 305 252 159 608 3 735 823 92 1062 364
438 94 993 639 867 344 1017 632 296 159 342 919 1049 285 1001 891 143 80 304 804
0 0 0 0 0 0 0 0 0 0 0 0 0 0 0 0 0 0 0 0
0 0 0 0 0 0 0 0 0 0 0 0 0 0 0 0 0 0 0 0
667 1133 256 667 727 1142 903 301 716 218 628 497 911 332 275 499 630 301 589 508
22 500 391 259 153 796 985 350 983 179 1060 17 38 319 721 362 1121 493 863 267
114 809 1070 701 945 296 713 471 904 939 771 844 53 832 65 843 909 779 723 1026
988 441 828 672 1032 451 168 817 492 965 300 503 993 177 730 496 190 846 277 1021
0 0 0 0 0 0 0 0 0 0 0 0 0 0 0 0 0 0 0 0
0 0 0 0 0 0 0 0 0 0 0 0 0 0 0 0 0 0 0 0
489 655 1142 557 481 120 632 156 592 500 853 869 779 883 269 1145 1006 932 512 885
1021 795 929 579 578 324 848 1086 1154 46 674 392 492 446 786 989 1011 890 711 564
768 1135 1000 9 92 448 482 788 837 939 1049 1096 939 1129 270 1099 927 1007 573 27
108 551 965 495 232 1116 321 972 315 657 518 381 281 1113 280 38 182 508 931 537
0 0 0 0 0 0 0 0 0 0 0 0 0 0 0 0 0 0 0 0
0 0 0 0 0 0 0 0 0 0 0 0 0 0 0 0 0 0 0 0
585 722 867 567 847 212 403 625 863 103 705 78 822 663 377 603 439 257 1015 33
257 597 577 835 121 311 953 434 501 277 177 769 0 517 1003 134 213 220 689 608
592 603 165 167 291 218 551 817 809 816 958 420 542 78 945 278 684 145 167 599
983 1154 779 362 954 625 702 979 1036 763 919 1059 375 777 13 999 428 683 778 294
0 0 0 0 0 0 0 0 0 0 0 0 0 0 0 0 0 0 0 0
0 0 0 0 0 0 0 0 0 0 0 0 0 0 0 0 0 0 0 0
460 739 865 490 633 738 714 451 924 818 1034 533 315 457 149 1008 274 867 73 1132
800 376 14 614 320 780 822 503 629 307 1099 447 412 1095 1040 679 1028 487 315 963
624 696 409 405 828 1124 1140 897 836 315 386 33 331 444 913 498 383 269 398 117
262 1068 245 521 176 266 82 345 446 1136 360 259 662 189 936 495 702 328 53 968
0 0 0 0 0 0 0 0 0 0 0 0 0 0 0 0 0 0 0 0
0 0 0 0 0 0 0 0 0 0 0 0 0 0 0 0 0 0 0 0
317 367 404 643 249 118 267 304 568 303 652 165 594 490 683 362 873 133 29 1097
193 327 987 486 356 629 499 806 39 392 34 230 16 490 492 374 977 827 518 493
1065 473 506 389 654 114 212 708 616 272 442 1078 862 366 712 453 398 670 1036 113
915 267 1142 278 1095 1136 1059 700 325 534 432 147 326 927 368 519 1152 1148 331 582
0 0 0 0 0 0 0 0 0 0 0 0 0 0 0 0 0 0 0 0
0 0 0 0 0 0 0 0 0 0 0 0 0 0 0 0 0 0 0 0
588 287 684 1088 126 61 956 1012 764 24 210 856 578 603 1042 531 747 160 1082 178
803 7 711 334 1116 874 1151 207 950 811 314 779 759 1150 145 762 798 46 792 710
547 562 470 858 666 915 971 1146 236 247 213 626 206 85 17 451 329 1148 222 797
166 205 565 10 946 685 448 1091 860 1075 97 105 862 194 621 907 408 776 795 736
0 0 0 0 0 0 0 0 0 0 0 0 0 0 0 0 0 0 0 0
0 0 0 0 0 0 0 0 0 0 0 0 0 0 0 0 0 0 0 0
736 743 608 9 586 319 634 492 96 769 903 390 289 1040 267 159 271 99 954 121
88 403 500 237 294 901 426 83 738 670 387 707 486 450 1006 621 692 720 433 928
85 359 142 60 1068 355 112 402 935 425 292 86 508 592 107 516 770 1075 933 392
749 416 1138 158 445 575 327 103 1124 511 815 715 413 1070 770 618 799 810 963 470
0 0 0 0 0 0 0 0 0 0 0 0 0 0 0 0 0 0 0 0
0 0 0 0 0 0 0 0 0 0 0 0 0 0 0 0 0 0 0 0
739 638 1119 972 246 42 1078 96 178 514 571 92 667 238 409 302 531 113 951 335
246 271 104 814 100 11 575 1008 518 712 695 657 375 521 734 387 455 747 375 793
50 105 159 360 434 396 748 719 1133 818 1005 562 406 603 228 367 580 23 698 813
795 284 75 552 286 985 733 322 901 779 1024 372 1048 789 219 143 386 206 209 1130
0 0 0 0 0 0 0 0 0 0 0 0 0 0 0 0 0 0 0 0
0 0 0 0 0 0 0 0 0 0 0 0 0 0 0 0 0 0 0 0
516 405 68 273 768 109 724 1001 427 97 164 1107 593 1019 1111 987 514 988 533 999
9 868 53 297 64 1082 1127 1006 1131 172 486 354 455 427 582 154 305 763 782 881
14 16 415 72 367 644 496 236 290 785 787 224 1027 54 132 764 499 733 821 803
1001 657 533 995 1050 638 919 143 660 1111 44 347 941 112 450 1116 1079 598 598 1029
0 0 0 0 0 0 0 0 0 0 0 0 0 0 0 0 0 0 0 0
0 0 0 0 0 0 0 0 0 0 0 0 0 0 0 0 0 0 0 0
260 209 1112 250 833 1109 904 231 1003 370 410 473 1073 321 446 241 731 1014 895 682
121 313 827 510 177 335 163 77 332 437 325 215 559 96 1132 295 646 969 63 240
793 44 541 11 173 77 6 885 536 348 450 268 797 238 683 276 758 554 119 446
94 760 872 456 569 249 273 909 724 880 1118 144 625 966 1107 376 102 986 170 329
0 0 0 0 0 0 0 0 0 0 0 0 0 0 0 0 0 0 0 0
0 0 0 0 0 0 0 0 0 0 0 0 0 0 0 0 0 0 0 0
777 261 198 326 854 1078 1026 161 169 225 524 432 301 419 84 984 180 131 984 928
842 75 882 844 588 810 439 202 774 345 332 971 421 282 1016 480 852 921 666 773
50 747 1148 588 42 809 1090 358 397 381 1047 607 1134 128 680 482 555 626 676 295
1072 414 7 117 789 852 22 757 782 241 823 426 89 192 6 1093 636 871 668 871
0 0 0 0 0 0 0 0 0 0 0 0 0 0 0 0 0 0 0 0
0 0 0 0 0 0 0 0 0 0 0 0 0 0 0 0 0 0 0 0
0 370 933 695 841 645 387 881 864 774 653 348 1093 451 861 68 504 701 699 466
758 280 689 333 1056 64 166 327 173 51 1066 846 113 164 191 1096 698 663 37 12
191 792 518 376 774 1130 394 1145 132 485 924 1094 687 165 722 857 1022 383 583 499
36 335 901 1028 533 1044 1015 112 694 568 603 342 339 228 340 736 647 90 114 278
0 0 0 0 0 0 0 0 0 0 0 0 0 0 0 0 0 0 0 0
0 0 0 0 0 0 0 0 0 0 0 0 0 0 0 0 0 0 0 0
559 435 529 1060 111 1016 504 476 559 23 16 632 1106 1008 371 780 1049 529 109 527
500 716 551 739 1038 445 668 43 1067 54 244 211 99 1122 659 606 305 1039 738 976
1084 298 1098 40 703 39 705 326 284 1004 530 1073 120 974 621 897 825 285 298 841
93 586 826 821 1079 775 114 13 188 545 807 635 152 427 901 356 619 665 1139 514
0 0 0 0 0 0 0 0 0 0 0 0 0 0 0 0 0 0 0 0
0 0 0 0 0 0 0 0 0 0 0 0 0 0 0 0 0 0 0 0
388 579 466 913 376 29 140 262 406 25 198 858 849 147 456 520 1086 1128 445 331
25 1020 697 272 636 1127 457 76 96 807 1036 25 690 1149 296 143 413 868 307 110
168 1051 765 691 901 550 728 967 146 787 760 1005 567 454 1055 947 902 1044 995 869
595 993 145 1126 599 1084 246 202 211 1061 20 100 762 105 631 741 1002 589 99 413
0 0 0 0 0 0 0 0 0 0 0 0 0 0 0 0 0 0 0 0
0 0 0 0 0 0 0 0 0 0 0 0 0 0 0 0 0 0 0 0
1014 811 1147 1055 892 476 647 371 491 402 259 392 388 1095 418 617 683 836 734 492
662 525 677 975 86 943 542 359 942 918 275 828 259 94 772 563 811 522 124 222
107 756 196 649 442 65 1024 1113 313 673 536 961 1052 496 1085 939 216 839 514 854
1121 561 86 948 1153 636 439 1021 471 856 1126 528 505 628 647 1045 662 24 819 266
0 0 0 0 0 0 0 0 0 0 0 0 0 0 0 0 0 0 0 0
0 0 0 0 0 0 0 0 0 0 0 0 0 0 0 0 0 0 0 0
403 463 202 170 826 325 53 605 54 238 1153 17 762 100 494 255 986 389 564 1080
597 172 547 313 184 908 92 70 453 666 507 951 1032 1048 521 228 115 964 669 846
699 1091 785 848 94 189 424 606 401 683 249 671 747 882 233 216 435 1032 276 142
630 563 818 47 260 876 424 484 637 1028 249 1113 468 27 108 345 144 199 915 565
0 0 0 0 0 0 0 0 0 0 0 0 0 0 0 0 0 0 0 0
0 0 0 0 0 0 0 0 0 0 0 0 0 0 0 0 0 0 0 0
267 670 206 777 553 845 344 806 402 175 63 232 1025 649 920 578 487 644 500 880
115 647 306 931 54 278 944 440 116 1067 631 1117 1088 1133 857 915 1066 136 685 843
983 1083 467 252 112 553 159 795 1068 1009 292 288 518 1027 979 1052 919 370 601 507
223 201 738 930 255 197 590 1109 602 1035 80 1066 1123 935 691 653 73 853 711 644
0 0 0 0 0 0 0 0 0 0 0 0 0 0 0 0 0 0 0 0
0 0 0 0 0 0 0 0 0 0 0 0 0 0 0 0 0 0 0 0
788 1047 1083 454 701 753 507 1141 350 668 121 235 511 296 738 752 74 473 708 95
738 812 686 311 42 440 715 11 1088 196 772 747 775 214 248 747 155 373 505 953
315 411 765 703 101 174 899 764 1066 60 1142 343 1048 665 728 891 519 884 718 630
1146 585 699 387 415 835 458 428 1117 175 974 586 521 773 822 687 580 773 143 593
0 0 0 0 0 0 0 0 0 0 0 0 0 0 0 0 0 0 0 0
0 0 0 0 0 0 0 0 0 0 0 0 0 0 0 0 0 0 0 0
847 885 428 540 648 683 911 673 1095 1059 106 788 123 619 614 615 137 907 626 751
1060 722 234 296 204 328 644 686 410 623 1035 804 583 202 601 950 449 929 279 1064
1139 181 223 567 71 370 188 539 1119 200 492 714 99 922 743 599 24 940 1037 302
331 903 771 971 749 1105 577 923 10 1052 244 1023 355 1063 663 631 940 918 1017 241
0 0 0 0 0 0 0 0 0 0 0 0 0 0 0 0 0 0 0 0
0 0 0 0 0 0 0 0 0 0 0 0 0 0 0 0 0 0 0 0
327 589 773 922 852 624 638 78 387 14 346 194 896 477 684 465 846 552 359 1053
716 1025 1081 870 449 524 810 490 395 442 68 889 655 826 349 1121 321 623 895 1016
102 683 808 630 455 995 1076 360 1056 229 385 371 294 1104 634 461 827 1022 810 214
186 633 441 825 538 435 566 1103 375 28 263 139 891 1093 426 841 331 267 240 394
0 0 0 0 0 0 0 0 0 0 0 0 0 0 0 0 0 0 0 0
0 0 0 0 0 0 0 0 0 0 0 0 0 0 0 0 0 0 0 0
67 240 487 103 786 672 142 88 77 962 149 685 700 95 558 1128 87 965 814 276
811 1082 1066 291 429 575 125 202 1063 452 637 196 388 677 441 1146 1138 146 737 113
244 479 180 1137 1032 28 275 994 13 211 98 270 1056 774 282 488 1117 502 482 0
748 248 127 166 323 486 120 1096 437 940 877 192 677 1140 951 145 1153 241 271 694
0 0 0 0 0 0 0 0 0 0 0 0 0 0 0 0 0 0 0 0
0 0 0 0 0 0 0 0 0 0 0 0 0 0 0 0 0 0 0 0
960 1074 75 204 688 998 188 186 902 1032 299 24 946 206 296 836 657 251 1104 689
800 645 1117 573 666 580 237 822 356 870 885 286 474 176 961 1037 667 483 59 1133
1126 1017 543 961 335 585 1048 555 945 874 276 298 666 1133 895 541 465 9 970 713
445 718 535 196 1027 622 948 555 219 167 465 103 686 233 620 207 720 424 398 86
0 0 0 0 0 0 0 0 0 0 0 0 0 0 0 0 0 0 0 0
0 0 0 0 0 0 0 0 0 0 0 0 0 0 0 0 0 0 0 0
127 952 526 930 256 438 1086 863 443 1012 715 728 380 129 897 1073 321 1149 341 772
594 530 178 653 40 28 193 30 268 1090 362 1117 698 373 278 51 185 91 914 922
614 727 1146 1132 1039 608 615 171 335 986 813 77 266 75 723 74 212 183 195 781
1045 754 847 1053 1055 833 420 1058 234 904 187 75 538 751 739 562 331 981 1137 545
0 0 0 0 0 0 0 0 0 0 0 0 0 0 0 0 0 0 0 0
0 0 0 0 0 0 0 0 0 0 0 0 0 0 0 0 0 0 0 0
105 658 804 864 250 849 1130 855 452 651 777 483 543 448 1034 694 616 942 632 1109
472 1115 80 633 703 332 1056 1065 933 189 13 809 655 87 1135 423 165 606 225 185
62 445 641 501 852 571 117 104 994 937 807 108 104 887 798 1045 837 678 1001 291
813 1074 177 221 1052 491 1119 277 549 426 1022 118 1104 221 918 412 505 307 437 219
0 0 0 0 0 0 0 0 0 0 0 0 0 0 0 0 0 0 0 0
0 0 0 0 0 0 0 0 0 0 0 0 0 0 0 0 0 0 0 0
165 180 850 185 264 694 1087 988 33 351 308 951 1068 186 1122 352 269 887 203 922
108 1012 92 552 465 200 1047 489 78 317 365 256 1095 559 485 744 35 104 325 1126
1152 708 621 122 296 513 10 1146 1082 402 1064 682 728 959 316 92 1061 607 872 855
801 18 983 992 945 172 404 959 837 575 419 236 9 521 753 733 958 859 502 956
0 0 0 0 0 0 0 0 0 0 0 0 0 0 0 0 0 0 0 0
0 0 0 0 0 0 0 0 0 0 0 0 0 0 0 0 0 0 0 0
667 147 32 158 996 463 180 130 257 720 596 839 771 706 188 521 8 722 675 970
1071 240 743 851 161 1087 34 106 294 265 688 1072 965 78 759 279 93 679 919 238
1062 782 1111 1143 955 719 134 128 83 700 155 460 1072 498 120 361 1038 637 300 777
945 985 908 882 881 1104 760 967 859 1153 173 1118 272 705 53 842 1072 392 679 105
0 0 0 0 0 0 0 0 0 0 0 0 0 0 0 0 0 0 0 0
0 0 0 0 0 0 0 0 0 0 0 0 0 0 0 0 0 0 0 0
153 571 345 732 746 438 329 448 850 909 210 489 39 288 213 784 183 881 1095 598
366 655 700 827 1132 662 962 877 887 505 640 878 593 541 805 646 970 17 913 932
531 26 946 188 521 586 1150 896 646 759 21 577 119 251 486 18 586 693 501 702
432 402 559 313 453 352 1002 805 487 906 343 1086 647 990 617 704 995 718 500 1139
0 0 0 0 0 0 0 0 0 0 0 0 0 0 0 0 0 0 0 0
0 0 0 0 0 0 0 0 0 0 0 0 0 0 0 0 0 0 0 0
1066 452 757 806 171 1013 328 222 89 738 551 460 526 1044 281 195 915 16 1141 54
1144 447 33 646 277 99 851 247 269 238 23 1105 178 853 500 838 571 811 717 950
383 408 664 755 648 566 310 896 663 1097 155 145 234 456 139 205 642 543 261 912
210 1042 562 1014 670 682 191 1122 380 276 991 567 885 1072 1080 963 526 851 333 619
0 0 0 0 0 0 0 0 0 0 0 0 0 0 0 0 0 0 0 0
0 0 0 0 0 0 0 0 0 0 0 0 0 0 0 0 0 0 0 0
663 1080 996 468 279 822 891 438 163 676 179 227 583 528 1077 481 602 894 695 543
283 179 421 154 802 1147 490 505 114 1085 1139 1103 1130 778 732 1008 679 558 304 1036
1118 685 349 584 688 186 964 886 427 176 966 972 279 400 84 213 338 796 1037 88
385 48 383 448 969 57 1017 33 832 182 1137 493 116 247 655 309 87 1065 699 317
0 0 0 0 0 0 0 0 0 0 0 0 0 0 0 0 0 0 0 0
0 0 0 0 0 0 0 0 0 0 0 0 0 0 0 0 0 0 0 0
537 207 637 185 1008 1130 246 181 212 858 374 691 512 905 657 604 480 489 262 464
609 649 1131 29 1099 789 817 467 593 397 499 459 462 1111 172 777 56 1148 80 839
801 470 933 574 811 408 997 646 1134 362 702 831 894 168 619 947 757 584 638 785
94 644 127 347 504 946 908 762 1069 678 1016 961 40 232 317 915 215 1077 789 734
0 0 0 0 0 0 0 0 0 0 0 0 0 0 0 0 0 0 0 0
0 0 0 0 0 0 0 0 0 0 0 0 0 0 0 0 0 0 0 0
124 712 832 256 1146 797 951 440 361 83 808 522 784 255 1125 537 149 458 478 1109
789 653 917 146 144 928 766 539 83 624 1111 961 1084 370 289 322 537 1136 1044 604
306 957 853 364 966 807 47 1049 977 275 927 941 1113 391 1056 581 1027 293 281 405
273 499 500 512 637 730 57 740 911 182 467 946 82 416 531 606 1071 936 934 640
0 0 0 0 0 0 0 0 0 0 0 0 0 0 0 0 0 0 0 0
0 0 0 0 0 0 0 0 0 0 0 0 0 0 0 0 0 0 0 0
223 911 966 634 243 378 22 279 617 326 231 1009 59 776 1120 557 91 319 918 236
723 167 370 899 633 989 298 158 1005 291 151 588 402 205 574 706 68 192 845 136
684 659 621 86 1149 54 894 653 1089 350 244 8 271 821 321 205 709 607 208 835
986 44 376 1121 627 374 692 615 634 771 489 113 523 420 659 1129 845 909 456 549
0 0 0 0 0 0 0 0 0 0 0 0 0 0 0 0 0 0 0 0
0 0 0 0 0 0 0 0 0 0 0 0 0 0 0 0 0 0 0 0
780 478 436 1014 1019 1099 805 177 51 1026 127 764 864 1126 355 302 486 720 455 402
669 1031 250 89 1127 989 1061 332 1129 746 842 995 707 238 801 794 423 173 46 569
958 223 1047 317 107 181 205 766 542 759 5 816 787 750 566 135 201 332 1122 361
825 287 350 265 831 550 217 235 677 346 1042 381 985 976 175 207 688 221 1099 429
0 0 0 0 0 0 0 0 0 0 0 0 0 0 0 0 0 0 0 0
0 0 0 0 0 0 0 0 0 0 0 0 0 0 0 0 0 0 0 0
465 84 814 772 286 1068 1117 720 14 413 699 191 545 758 424 142 566 969 320 527
22 714 85 21 985 953 593 250 675 778 1121 617 345 1031 428 598 449 11 1058 574
629 534 1097 898 502 804 985 807 655 29 916 1008 1153 486 315 1055 414 792 642 433
1059 823 556 349 978 1100 431 269 1146 430 551 941 861 683 822 589 512 842 411 411
0 0 0 0 0 0 0 0 0 0 0 0 0 0 0 0 0 0 0 0
0 0 0 0 0 0 0 0 0 0 0 0 0 0 0 0 0 0 0 0
777 3 520 895 804 500 9 153 110 685 364 275 283 662 339 1109 1027 972 936 213
357 1146 530 310 59 658 715 110 419 802 328 447 767 437 967 738 1042 622 215 549
1151 574 19 971 960 762 1050 913 281 296 419 67 675 552 776 579 838 812 497 474
706 1059 266 932 637 678 231 91 125 580 392 190 453 737 936 349 1110 964 556 236
0 0 0 0 0 0 0 0 0 0 0 0 0 0 0 0 0 0 0 0
0 0 0 0 0 0 0 0 0 0 0 0 0 0 0 0 0 0 0 0
620 929 986 895 485 107 392 171 576 134 729 235 876 631 412 1008 669 545 794 1012
431 1123 662 1098 624 715 1099 1071 842 515 1102 887 183 859 890 935 930 479 828 1006
935 72 327 1004 1040 107 677 396 1031 209 747 669 319 623 646 588 1053 834 639 455
292 1068 1092 900 1051 151 516 529 884 84 120 433 1095 491 497 343 837 833 812 353
0 0 0 0 0 0 0 0 0 0 0 0 0 0 0 0 0 0 0 0
0 0 0 0 0 0 0 0 0 0 0 0 0 0 0 0 0 0 0 0
747 1086 1084 667 1057 890 150 935 1002 949 121 898 113 371 808 363 666 875 709 84
505 309 405 33 644 467 43 993 1100 567 202 1129 117 9 691 374 883 151 328 1013
1093 1072 125 1138 596 36 234 227 958 770 375 386 541 1104 436 1001 837 50 281 651
296 114 462 161 835 986 952 717 99 291 221 403 302 651 596 748 433 1057 174 1108
0 0 0 0 0 0 0 0 0 0 0 0 0 0 0 0 0 0 0 0
0 0 0 0 0 0 0 0 0 0 0 0 0 0 0 0 0 0 0 0
526 1151 477 1154 27 654 806 987 414 290 378 825 132 1120 764 259 287 748 1044 301
814 841 453 1020 547 1114 779 323 63 197 910 52 246 511 480 335 793 175 440 216
100 998 755 618 1144 718 874 1123 252 113 208 69 174 700 774 506 348 695 1092 42
790 348 988 771 1126 453 118 1067 629 394 1095 1106 388 97 74 471 389 409 530 264
0 0 0 0 0 0 0 0 0 0 0 0 0 0 0 0 0 0 0 0
0 0 0 0 0 0 0 0 0 0 0 0 0 0 0 0 0 0 0 0
601 834 23 177 1084 226 271 404 349 248 682 669 543 743 1012 38 985 831 502 606
1050 247 645 830 935 1082 1028 736 177 434 980 953 931 594 346 1009 489 335 145 1021
70 806 760 447 65 53 2 723 410 256 475 805 466 489 823 498 299 42 917 881
746 412 546 581 787 863 1114 829 704 432 560 46 586 81 734 991 545 268 390 175
0 0 0 0 0 0 0 0 0 0 0 0 0 0 0 0 0 0 0 0
0 0 0 0 0 0 0 0 0 0 0 0 0 0 0 0 0 0 0 0
87 689 112 310 631 518 339 255 180 203 539 864 995 1050 756 173 90 105 529 542
67 242 895 40 610 703 1007 1082 974 458 252 690 42 823 272 254 510 136 1118 365
948 22 1099 484 1078 265 445 716 707 300 153 90 698 767 629 7 1091 651 498 1073
371 723 342 760 489 964 686 17 1105 1030 513 570 357 981 132 445 946 108 793 550
0 0 0 0 0 0 0 0 0 0 0 0 0 0 0 0 0 0 0 0
0 0 0 0 0 0 0 0 0 0 0 0 0 0 0 0 0 0 0 0
309 354 319 374 994 243 395 734 246 35 716 879 276 315 64 60 355 955 646 992
645 905 952 102 761 441 175 349 673 564 984 750 458 575 555 1031 948 104 149 314
1095 927 1126 77 794 556 445 165 696 1147 688 404 1115 186 913 223 958 297 38 138
10 675 453 419 1080 379 274 431 708 584 734 108 142 73 771 711 995 129 314 1006
0 0 0 0 0 0 0 0 0 0 0 0 0 0 0 0 0 0 0 0
0 0 0 0 0 0 0 0 0 0 0 0 0 0 0 0 0 0 0 0
593 813 152 157 1031 1105 608 625 588 532 93 63 129 1048 301 571 1150 301 853 404
288 715 919 828 592 485 965 593 738 989 856 416 828 541 139 1145 520 661 619 977
814 365 303 270 190 477 813 1130 305 387 311 399 855 540 628 732 1040 738 223 91
1046 95 385 124 588 1096 985 156 1117 729 87 345 397 563 504 220 1042 1054 679 438
0 0 0 0 0 0 0 0 0 0 0 0 0 0 0 0 0 0 0 0
0 0 0 0 0 0 0 0 0 0 0 0 0 0 0 0 0 0 0 0
666 44 1062 1026 211 8 1071 914 97 896 513 520 1075 679 787 91 1024 227 525 276
1066 686 696 944 569 69 725 588 592 291 990 736 769 686 1096 721 238 806 381 617
554 898 134 475 589 536 4 719 479 895 532 795 540 950 977 1025 1012 818 1022 983
1080 569 53 576 375 797 1126 98 1059 924 1011 265 280 623 676 563 310 346 35 767
0 0 0 0 0 0 0 0 0 0 0 0 0 0 0 0 0 0 0 0
0 0 0 0 0 0 0 0 0 0 0 0 0 0 0 0 0 0 0 0
729 715 561 920 631 1025 162 942 684 74 728 446 349 385 429 617 371 148 739 1104
423 793 309 95 888 983 1000 893 561 326 346 638 1039 154 162 716 859 751 1042 378
1027 361 468 534 1041 69 1089 711 171 493 256 409 816 572 844 95 70 863 293 638
177 450 225 411 560 984 645 512 298 514 628 783 1009 965 329 517 1117 296 193 1042
0 0 0 0 0 0 0 0 0 0 0 0 0 0 0 0 0 0 0 0
0 0 0 0 0 0 0 0 0 0 0 0 0 0 0 0 0 0 0 0
173 801 867 177 422 390 485 317 1147 61 648 466 134 78 842 60 406 560 835 135
237 242 844 954 579 434 717 188 727 81 462 625 248 980 199 380 948 602 546 390
466 257 3 1088 46 122 118 1009 338 49 43 659 705 718 246 191 199 494 822 56
521 1121 227 1063 760 760 568 773 125 394 764 386 1019 903 768 710 637 445 307 436
0 0 0 0 0 0 0 0 0 0 0 0 0 0 0 0 0 0 0 0
0 0 0 0 0 0 0 0 0 0 0 0 0 0 0 0 0 0 0 0
10 762 894 366 150 24 118 837 562 656 721 850 753 227 1009 1094 458 700 968 216
1151 122 491 615 1013 744 277 272 270 103 1120 168 849 790 269 555 676 1106 190 735
903 504 475 404 647 298 745 405 295 496 56 286 958 331 42 612 221 1069 975 145
1104 78 778 478 1024 376 258 902 71 531 471 983 533 721 125 615 549 633 486 1086
0 0 0 0 0 0 0 0 0 0 0 0 0 0 0 0 0 0 0 0
0 0 0 0 0 0 0 0 0 0 0 0 0 0 0 0 0 0 0 0
276 178 333 338 989 1024 635 152 997 400 1086 452 259 403 4 938 177 457 254 254
621 681 931 8 831 1116 783 674 616 300 1088 157 475 973 318 490 1102 27 304 581
441 998 409 191 543 1074 1025 930 821 110 329 879 331 1136 1019 412 918 490 1027 57
431 810 390 402 545 926 781 826 587 527 322 1032 595 981 625 999 175 1141 612 439
0 0 0 0 0 0 0 0 0 0 0 0 0 0 0 0 0 0 0 0
0 0 0 0 0 0 0 0 0 0 0 0 0 0 0 0 0 0 0 0
689 58 1032 936 48 615 228 1056 639 1015 548 62 710 131 223 898 1143 399 678 165
536 258 997 93 1072 599 608 962 199 234 449 297 677 166 331 950 766 72 1104 698
149 289 513 49 36 773 342 902 664 223 687 1034 219 449 811 763 152 810 903 845
554 647 473 997 219 411 791 706 597 670 335 213 227 1014 677 2 818 1057 385 626
0 0 0 0 0 0 0 0 0 0 0 0 0 0 0 0 0 0 0 0
0 0 0 0 0 0 0 0 0 0 0 0 0 0 0 0 0 0 0 0
236 790 373 390 78 1019 155 44 649 1054 374 58 195 745 509 126 161 794 996 781
921 738 533 110 9 428 399 692 90 451 376 100 290 1041 867 154 1007 1094 981 276
226 424 251 517 1114 555 312 535 349 457 259 481 673 539 31 672 825 724 954 916
55 43 183 426 257 970 1052 671 144 405 806 135 243 495 93 971 1 569 314 582
0 0 0 0 0 0 0 0 0 0 0 0 0 0 0 0 0 0 0 0
0 0 0 0 0 0 0 0 0 0 0 0 0 0 0 0 0 0 0 0
410 1026 701 596 123 327 197 184 47 400 621 188 1046 620 68 46 399 242 641 703
538 861 15 389 571 931 904 60 650 376 733 706 145 765 598 362 503 179 130 872
558 658 892 959 853 598 671 800 103 910 30 143 510 646 243 1137 284 990 945 1140
364 979 23 752 882 517 944 1115 199 302 253 458 925 842 232 22 11 36 130 988
0 0 0 0 0 0 0 0 0 0 0 0 0 0 0 0 0 0 0 0
0 0 0 0 0 0 0 0 0 0 0 0 0 0 0 0 0 0 0 0
469 832 97 497 427 324 1110 775 826 161 209 312 554 1131 319 839 928 1138 464 709
398 824 393 1090 144 351 976 330 365 13 943 315 185 155 457 661 384 324 395 573
353 653 811 820 128 377 531 662 521 184 709 91 237 964 868 754 944 501 510 68
205 583 391 598 267 310 155 165 686 1072 794 426 1044 220 416 655 905 846 14 892
0 0 0 0 0 0 0 0 0 0 0 0 0 0 0 0 0 0 0 0
0 0 0 0 0 0 0 0 0 0 0 0 0 0 0 0 0 0 0 0
480 815 756 870 512 126 1112 1114 893 1136 194 240 952 246 1041 33 646 173 1044 47
1106 433 1016 598 1100 896 265 820 1141 537 367 381 846 561 169 180 78 497 237 918
181 1051 894 873 38 969 163 289 951 827 126 238 624 920 650 326 484 371 258 641
246 643 243 346 480 466 685 356 1010 130 369 946 258 919 865 431 1071 387 671 563
0 0 0 0 0 0 0 0 0 0 0 0 0 0 0 0 0 0 0 0
0 0 0 0 0 0 0 0 0 0 0 0 0 0 0 0 0 0 0 0
617 717 855 432 131 860 596 314 533 98 215 588 457 662 177 476 287 304 1133 390
812 623 958 582 199 585 780 160 869 184 165 33 1091 572 517 574 806 646 143 484
859 991 257 483 17 344 77 514 98 712 1052 1117 226 869 1079 145 1097 1033 311 565
875 863 355 304 976 1082 473 93 100 158 362 615 600 195 353 25 81 423 1121 84
0 0 0 0 0 0 0 0 0 0 0 0 0 0 0 0 0 0 0 0
0 0 0 0 0 0 0 0 0 0 0 0 0 0 0 0 0 0 0 0
129 169 1136 47 770 131 141 664 926 20 464 185 634 294 25 363 955 713 142 351
1039 854 545 992 599 22 565 199 548 790 855 1047 597 702 351 1098 365 942 303 448
733 1142 376 334 91 1063 575 902 881 875 851 574 387 870 1053 614 447 852 221 375
4 1014 803 994 351 579 836 1072 597 241 154 85 159 555 1060 661 440 510 580 634
0 0 0 0 0 0 0 0 0 0 0 0 0 0 0 0 0 0 0 0
0 0 0 0 0 0 0 0 0 0 0 0 0 0 0 0 0 0 0 0
479 644 940 587 892 761 611 902 108 799 993 890 137 113 229 805 1053 710 1032 121
1088 527 646 549 482 976 672 80 1097 441 65 736 1129 1071 130 623 516 277 3 492
338 125 460 1142 484 928 867 1089 1067 440 135 528 909 569 928 648 1007 1086 1 267
1005 775 229 631 743 927 18 34 706 495 808 279 684 735 969 1141 775 907 1040 351
0 0 0 0 0 0 0 0 0 0 0 0 0 0 0 0 0 0 0 0
0 0 0 0 0 0 0 0 0 0 0 0 0 0 0 0 0 0 0 0
1119 622 242 976 965 43 1130 856 819 989 148 252 841 1082 736 172 921 874 1028 58
66 930 1042 228 946 1024 245 892 685 94 526 819 77 353 972 80 756 913 1042 895
1008 1147 622 342 799 719 232 564 824 1142 316 576 11 1044 206 623 221 470 861 330
530 1134 1070 600 667 193 55 105 733 803 726 953 579 1133 577 263 1039 871 804 462
0 0 0 0 0 0 0 0 0 0 0 0 0 0 0 0 0 0 0 0
0 0 0 0 0 0 0 0 0 0 0 0 0 0 0 0 0 0 0 0
927 540 637 389 542 376 626 833 1097 988 953 930 565 934 999 1041 1023 532 572 444
766 621 313 585 684 619 54 550 664 7 175 732 4 1020 196 925 140 254 605 815
1044 906 665 495 1107 633 400 182 484 131 498 1105 992 367 477 435 367 664 607 959
773 628 951 424 726 66 881 609 1056 482 560 693 342 899 626 975 726 968 654 910
0 0 0 0 0 0 0 0 0 0 0 0 0 0 0 0 0 0 0 0
0 0 0 0 0 0 0 0 0 0 0 0 0 0 0 0 0 0 0 0
106 770 605 594 447 327 858 1048 519 254 1150 432 423 982 423 985 792 1139 302 227
386 923 386 466 178 441 395 450 431 1142 182 42 1035 564 217 170 667 430 1040 349
74 990 189 1027 20 1068 996 488 367 346 33 223 331 966 42 176 604 867 925 612
97 326 1013 693 925 734 497 105 83 315 597 944 849 83 497 998 613 763 475 1047
0 0 0 0 0 0 0 0 0 0 0 0 0 0 0 0 0 0 0 0
0 0 0 0 0 0 0 0 0 0 0 0 0 0 0 0 0 0 0 0
1100 202 514 402 591 665 92 379 141 280 183 1137 447 791 294 276 24 959 932 682
159 16 559 274 1087 665 394 1106 258 588 781 73 385 12 779 529 731 641 344 817
203 692 274 197 485 1142 346 343 232 1107 864 412 133 93 1037 59 79 341 646 1023
146 553 379 202 1108 570 135 348 383 877 863 502 180 633 5 832 380 173 651 1135
0 0 0 0 0 0 0 0 0 0 0 0 0 0 0 0 0 0 0 0
0 0 0 0 0 0 0 0 0 0 0 0 0 0 0 0 0 0 0 0
352 336 421 953 457 608 776 966 587 416 959 1058 896 545 1114 47 704 605 1132 23
75 446 1100 497 1149 447 97 14 272 257 3 4 28 0 795 1093 886 1071 584 478
454 167 252 741 223 868 725 501 262 727 1088 186 192 924 976 428 745 1117 693 347
969 449 192 343 865 498 37 609 723 514 368 891 1149 840 446 455 488 1046 922 485
0 0 0 0 0 0 0 0 0 0 0 0 0 0 0 0 0 0 0 0
0 0 0 0 0 0 0 0 0 0 0 0 0 0 0 0 0 0 0 0
610 1052 1149 916 265 988 289 215 18 493 384 731 1047 173 621 792 675 538 774 576
436 1059 245 15 1062 1020 169 30 446 966 439 409 456 838 614 1082 163 624 400 614
281 442 356 406 555 167 976 872 126 561 711 273 109 579 452 18 813 704 960 561
893 291 1084 129 1030 102 121 439 208 31 470 304 967 97 746 44 441 938 657 595
0 0 0 0 0 0 0 0 0 0 0 0 0 0 0 0 0 0 0 0
0 0 0 0 0 0 0 0 0 0 0 0 0 0 0 0 0 0 0 0
119 643 226 1024 237 598 527 220 8 429 549 1102 860 8 330 779 1044 413 179 581
512 946 227 1066 1052 1067 35 831 842 106 993 504 910 94 766 759 233 234 410 114
858 212 220 461 603 402 402 885 304 678 90 1140 247 683 286 831 358 507 185 980
1135 283 670 266 456 605 139 103 385 478 832 21 456 958 308 1043 332 951 1135 1052
0 0 0 0 0 0 0 0 0 0 0 0 0 0 0 0 0 0 0 0
0 0 0 0 0 0 0 0 0 0 0 0 0 0 0 0 0 0 0 0
559 914 801 643 486 867 406 280 309 564 693 812 595 835 928 948 932 588 677 248
516 661 846 110 940 932 809 150 653 666 223 515 745 778 289 272 294 260 206 884
602 794 725 251 908 614 504 303 675 1098 765 124 820 373 1142 83 285 1073 40 239
1086 1011 1152 907 587 986 675 542 423 994 216 273 877 1095 105 52 693 883 1017 865
0 0 0 0 0 0 0 0 0 0 0 0 0 0 0 0 0 0 0 0
0 0 0 0 0 0 0 0 0 0 0 0 0 0 0 0 0 0 0 0
265 889 59 299 1132 1152 294 1036 1055 134 522 27 902 1140 514 379 326 494 517 546
196 173 1099 176 258 319 924 1131 571 814 567 550 213 354 663 721 921 253 590 650
546 354 575 607 299 655 575 418 474 551 1024 828 808 131 510 128 233 90 234 56
1110 709 572 760 219 1038 114 846 385 205 654 187 1100 167 856 946 675 518 957 145
0 0 0 0 0 0 0 0 0 0 0 0 0 0 0 0 0 0 0 0
0 0 0 0 0 0 0 0 0 0 0 0 0 0 0 0 0 0 0 0
127 9 497 911 45 110 1083 219 111 302 1059 816 714 1136 1057 804 304 434 642 948
352 368 1 1021 442 632 76 46 1044 459 543 998 1061 804 1092 615 8 803 419 771
816 408 304 729 638 111 1065 279 418 369 496 65 749 848 821 402 62 276 1063 474
823 93 1061 1107 353 938 473 333 877 269 362 826 847 1031 587 543 696 177 796 1001
0 0 0 0 0 0 0 0 0 0 0 0 0 0 0 0 0 0 0 0
0 0 0 0 0 0 0 0 0 0 0 0 0 0 0 0 0 0 0 0
307 733 33 283 111 385 803 213 582 747 850 1149 398 207 45 311 602 284 438 266
331 1066 353 426 1094 478 544 271 1061 845 550 1042 327 287 420 833 397 837 1109 892
1054 78 298 1124 1077 517 1056 858 388 19 259 754 675 59 279 80 1113 465 1005 1070
1082 838 380 296 1053 934 834 409 535 229 392 703 979 1136 590 260 223 850 846 224
0 0 0 0 0 0 0 0 0 0 0 0 0 0 0 0 0 0 0 0
0 0 0 0 0 0 0 0 0 0 0 0 0 0 0 0 0 0 0 0
954 224 435 976 573 366 127 585 346 450 724 477 1126 540 356 838 432 133 866 727
450 34 1004 344 503 211 52 327 310 192 568 930 33 748 942 828 509 551 1079 31
131 760 1024 1101 795 1089 530 341 778 470 449 916 777 1086 514 378 643 642 349 429
752 614 186 993 310 597 110 72 1105 1060 30 782 750 676 356 869 805 4 531 758
0 0 0 0 0 0 0 0 0 0 0 0 0 0 0 0 0 0 0 0
0 0 0 0 0 0 0 0 0 0 0 0 0 0 0 0 0 0 0 0
1091 829 557 767 442 242 1035 283 236 1017 1068 276 728 92 487 205 88 816 752 1093
1043 1141 163 305 77 842 384 1054 204 916 346 592 182 145 232 614 979 438 84 725
470 455 930 213 511 387 882 344 684 466 915 1136 1121 350 83 379 9 752 764 359
443 715 661 824 1072 803 15 22 182 703 1129 37 483 794 933 260 831 594 846 977
0 0 0 0 0 0 0 0 0 0 0 0 0 0 0 0 0 0 0 0
0 0 0 0 0 0 0 0 0 0 0 0 0 0 0 0 0 0 0 0
642 52 720 1149 389 361 472 1154 438 929 264 522 198 955 820 389 539 920 925 491
837 614 571 643 911 319 671 490 1081 638 500 401 158 13 1100 97 118 975 122 689
553 680 759 861 298 301 169 203 791 191 1146 918 86 164 151 71 838 296 983 1022
832 778 496 239 663 955 133 620 104 463 717 954 677 966 389 844 375 834 761 99
0 0 0 0 0 0 0 0 0 0 0 0 0 0 0 0 0 0 0 0
0 0 0 0 0 0 0 0 0 0 0 0 0 0 0 0 0 0 0 0
736 620 602 1141 278 408 442 44 488 85 1054 776 265 527 293 160 42 981 639 253
432 901 518 649 37 214 334 539 726 668 735 719 643 209 1014 901 722 33 887 620
1043 595 655 940 969 908 786 339 351 743 27 460 897 435 192 773 318 462 266 771
956 1153 893 649 84 424 403 671 486 112 245 532 594 117 141 1144 707 592 339 111
0 0 0 0 0 0 0 0 0 0 0 0 0 0 0 0 0 0 0 0
0 0 0 0 0 0 0 0 0 0 0 0 0 0 0 0 0 0 0 0
641 490 754 472 1055 759 1099 37 1061 292 232 178 562 1107 169 1055 1051 1081 771 1088
687 379 975 369 221 152 368 214 56 227 482 329 24 505 711 1061 996 528 842 1112
542 591 472 973 465 753 539 714 796 80 245 615 304 543 1060 757 428 780 60 1058
1122 661 266 1124 219 804 916 637 1014 771 945 556 258 358 430 351 206 298 375 296
0 0 0 0 0 0 0 0 0 0 0 0 0 0 0 0 0 0 0 0
0 0 0 0 0 0 0 0 0 0 0 0 0 0 0 0 0 0 0 0
0 1065 892 620 233 1119 656 285 733 598 1054 469 12 878 889 319 1147 407 585 202
158 297 780 300 481 621 23 774 882 413 726 675 284 125 1 964 1051 937 847 287
690 430 423 211 640 143 925 211 394 43 721 25 744 272 582 895 948 326 193 601
138 117 110 623 289 1020 533 1070 137 982 1131 965 178 1063 969 66 597 842 1073 492
0 0 0 0 0 0 0 0 0 0 0 0 0 0 0 0 0 0 0 0
0 0 0 0 0 0 0 0 0 0 0 0 0 0 0 0 0 0 0 0
256 270 245 288 777 120 1113 774 1091 850 192 519 637 719 950 391 160 9 884 768
884 162 34 245 113 694 389 996 737 359 545 520 415 619 832 289 1042 925 457 561
788 106 514 195 924 910 420 145 315 415 324 457 332 1075 52 847 580 154 223 178
779 396 520 687 244 750 914 347 890 65 240 1060 962 452 723 1128 656 362 904 1117
0 0 0 0 0 0 0 0 0 0 0 0 0 0 0 0 0 0 0 0
0 0 0 0 0 0 0 0 0 0 0 0 0 0 0 0 0 0 0 0
1074 1081 772 75 111 261 1040 556 47 738 66 119 821 1115 1089 47 46 713 113 132
48 766 333 1132 246 398 189 596 0 1081 515 868 951 626 582 768 350 129 626 482
324 699 188 960 805 10 304 261 815 363 667 37 1153 536 1073 1078 163 1020 982 565
35 1062 705 678 452 95 269 50 746 753 989 1036 110 999 1111 986 107 191 353 336
0 0 0 0 0 0 0 0 0 0 0 0 0 0 0 0 0 0 0 0
0 0 0 0 0 0 0 0 0 0 0 0 0 0 0 0 0 0 0 0
90 337 481 839 205 911 399 137 358 640 921 17 300 305 528 869 658 154 844 818
1125 897 1049 404 244 799 991 270 344 111 268 263 847 164 235 835 711 799 354 545
349 487 921 75 1042 596 379 696 753 1082 57 971 150 742 1113 691 879 858 524 525
907 173 344 732 321 359 813 1146 1071 601 3 40 422 695 219 596 361 713 1073 815
0 0 0 0 0 0 0 0 0 0 0 0 0 0 0 0 0 0 0 0
0 0 0 0 0 0 0 0 0 0 0 0 0 0 0 0 0 0 0 0
555 673 231 593 772 585 1078 812 975 735 698 676 919 325 68 552 677 492 343 32
1081 590 560 86 68 55 745 1120 944 1033 1140 416 109 418 259 795 834 296 23 944
764 772 201 824 379 814 128 563 1062 108 594 459 992 1101 333 144 344 676 212 1028
1009 576 451 736 188 82 516 380 373 1098 1112 673 839 1041 577 488 960 252 1153 1130
0 0 0 0 0 0 0 0 0 0 0 0 0 0 0 0 0 0 0 0
0 0 0 0 0 0 0 0 0 0 0 0 0 0 0 0 0 0 0 0
651 1050 414 1110 357 599 793 195 287 978 1031 173 734 673 602 337 583 139 1094 452
457 1077 574 432 563 1052 1015 472 930 409 775 1135 0 392 576 504 0 404 390 179
322 317 120 478 350 954 891 698 570 732 1108 679 986 937 307 658 41 513 900 628
112 651 924 268 197 170 1003 109 416 947 1148 144 65 793 250 602 171 851 1061 1034
0 0 0 0 0 0 0 0 0 0 0 0 0 0 0 0 0 0 0 0
0 0 0 0 0 0 0 0 0 0 0 0 0 0 0 0 0 0 0 0
829 622 822 739 430 694 752 734 1049 900 264 497 454 853 1051 273 1099 42 742 591
505 376 229 116 27 954 765 851 875 310 98 140 2 671 513 164 641 450 829 283
546 1047 222 421 314 901 1092 787 439 83 648 1006 650 809 711 13 335 916 35 1083
175 596 135 734 739 1024 1034 609 90 49 93 501 492 33 548 275 395 385 359 221
0 0 0 0 0 0 0 0 0 0 0 0 0 0 0 0 0 0 0 0
0 0 0 0 0 0 0 0 0 0 0 0 0 0 0 0 0 0 0 0
1026 191 13 798 138 75 1028 810 394 268 222 510 422 130 690 155 450 1138 297 1033
951 1101 676 408 314 1027 945 432 931 692 258 129 837 1089 588 959 995 900 322 503
418 271 342 451 571 180 144 428 1149 288 491 406 714 35 854 308 560 767 745 518
301 109 761 528 181 754 1142 967 180 972 92 693 623 840 799 924 931 800 1093 144
0 0 0 0 0 0 0 0 0 0 0 0 0 0 0 0 0 0 0 0
0 0 0 0 0 0 0 0 0 0 0 0 0 0 0 0 0 0 0 0
539 595 131 1137 836 1115 712 845 912 500 250 429 707 279 1063 565 724 657 79 1143
1061 805 135 552 22 336 79 128 339 853 960 203 1075 678 33 523 1 903 402 169
747 370 72 985 228 836 996 282 903 88 1046 177 1030 357 768 936 775 649 104 505
736 642 639 954 286 904 1116 409 881 528 610 638 841 1110 262 823 554 352 678 299
0 0 0 0 0 0 0 0 0 0 0 0 0 0 0 0 0 0 0 0
0 0 0 0 0 0 0 0 0 0 0 0 0 0 0 0 0 0 0 0
236 370 75 390 568 840 547 378 407 890 685 1004 119 958 529 166 459 214 286 706
320 903 781 966 761 734 1146 921 771 447 503 799 1050 971 541 903 468 242 1134 345
242 1073 1093 822 851 328 313 275 573 807 705 670 905 827 1114 275 236 1074 683 498
282 333 517 1074 1000 678 132 726 170 711 163 424 147 394 184 938 647 172 821 726
0 0 0 0 0 0 0 0 0 0 0 0 0 0 0 0 0 0 0 0
0 0 0 0 0 0 0 0 0 0 0 0 0 0 0 0 0 0 0 0
32 77 27 197 491 1089 1073 196 79 995 931 250 568 234 1093 170 935 47 785 437
177 494 765 811 213 193 337 28 1005 531 1080 589 654 801 189 1096 473 77 88 549
82 722 998 919 813 668 885 878 212 869 338 226 183 167 276 229 0 667 1036 761
728 18 422 214 961 80 863 1030 15 1029 906 845 300 1032 857 421 993 433 1076 955
0 0 0 0 0 0 0 0 0 0 0 0 0 0 0 0 0 0 0 0
0 0 0 0 0 0 0 0 0 0 0 0 0 0 0 0 0 0 0 0
1016 423 864 53 379 537 874 239 893 158 971 197 507 542 254 316 305 947 416 214
962 43 507 841 501 1153 528 1092 276 956 197 110 121 133 583 1086 716 965 216 263
130 909 473 639 1147 1115 863 211 611 673 386 369 951 636 974 488 525 745 904 626
1000 1088 456 371 581 455 64 4 220 592 571 975 336 459 354 1039 65 361 324 339
0 0 0 0 0 0 0 0 0 0 0 0 0 0 0 0 0 0 0 0
0 0 0 0 0 0 0 0 0 0 0 0 0 0 0 0 0 0 0 0
186 865 1032 31 264 249 663 993 121 424 1131 709 251 622 966 67 205 1030 833 596
1059 784 552 98 166 34 369 179 885 520 324 499 630 75 390 992 759 409 355 593
596 327 369 499 1070 268 778 683 580 207 140 1014 881 49 284 923 1082 1093 433 264
415 938 775 715 731 643 146 255 340 679 617 206 668 1089 1074 259 599 275 603 801
0 0 0 0 0 0 0 0 0 0 0 0 0 0 0 0 0 0 0 0
0 0 0 0 0 0 0 0 0 0 0 0 0 0 0 0 0 0 0 0
523 706 199 1106 439 912 443 817 545 982 3 713 1127 228 729 717 806 848 393 586
836 910 35 713 904 106 862 225 383 554 69 132 156 50 512 242 1136 620 412 316
557 478 548 302 526 674 1054 313 439 23 954 948 913 552 154 595 76 923 1038 489
935 642 706 813 1121 314 702 1086 632 976 534 475 113 682 570 376 38 429 954 851
0 0 0 0 0 0 0 0 0 0 0 0 0 0 0 0 0 0 0 0
0 0 0 0 0 0 0 0 0 0 0 0 0 0 0 0 0 0 0 0
444 661 1015 1141 540 272 640 141 478 385 482 410 1098 833 1149 329 426 608 479 929
453 818 102 326 253 875 751 817 907 459 947 655 627 927 881 1041 930 381 860 467
1114 297 972 568 349 459 325 672 325 392 761 1081 136 788 637 50 832 4 320 37
523 404 1014 340 771 624 1102 886 995 1136 979 484 314 839 765 580 765 661 776 412
0 0 0 0 0 0 0 0 0 0 0 0 0 0 0 0 0 0 0 0
0 0 0 0 0 0 0 0 0 0 0 0 0 0 0 0 0 0 0 0
677 590 123 263 160 304 299 111 441 321 46 583 1046 443 721 253 1099 618 962 804
1135 154 245 306 788 721 707 731 170 889 387 598 997 435 258 974 839 627 533 217
574 440 189 550 657 398 436 58 682 574 974 310 1143 479 507 366 780 929 659 635
604 570 926 1055 280 336 261 208 638 136 534 341 723 287 540 1032 706 717 248 1100
0 0 0 0 0 0 0 0 0 0 0 0 0 0 0 0 0 0 0 0
0 0 0 0 0 0 0 0 0 0 0 0 0 0 0 0 0 0 0 0
109 669 268 635 394 948 490 889 875 692 1121 228 1136 354 894 130 379 697 793 1027
899 408 155 417 38 65 895 203 1133 2 1134 58 543 411 632 390 301 172 1003 931
435 186 814 822 471 499 107 1146 500 969 1028 968 592 410 71 392 413 980 1064 684
904 198 567 214 516 630 749 959 716 445 392 384 35 632 265 364 318 394 930 424
0 0 0 0 0 0 0 0 0 0 0 0 0 0 0 0 0 0 0 0
0 0 0 0 0 0 0 0 0 0 0 0 0 0 0 0 0 0 0 0
108 568 296 364 801 653 562 553 1044 220 232 254 373 1102 1003 944 198 666 758 152
996 702 1007 8 288 348 1125 707 770 108 1127 1129 781 717 948 486 791 130 329 135
978 1108 58 249 815 1026 328 245 113 1099 737 456 1032 705 269 856 928 271 99 208
111 120 956 1120 999 112 111 432 765 301 555 47 819 512 875 899 51 466 739 844
0 0 0 0 0 0 0 0 0 0 0 0 0 0 0 0 0 0 0 0
0 0 0 0 0 0 0 0 0 0 0 0 0 0 0 0 0 0 0 0
981 1135 510 136 859 872 909 1145 1026 1064 774 714 226 940 228 625 900 605 376 611
103 5 33 1096 1033 779 370 158 1126 881 800 281 765 760 316 860 21 410 938 158
1069 126 736 531 890 1127 326 808 1018 1136 606 826 271 1047 1006 137 533 1057 88 246
174 942 372 861 750 188 267 350 968 826 512 119 238 648 1094 845 698 728 306 845
0 0 0 0 0 0 0 0 0 0 0 0 0 0 0 0 0 0 0 0
0 0 0 0 0 0 0 0 0 0 0 0 0 0 0 0 0 0 0 0
511 701 427 339 478 892 738 309 780 969 607 55 435 935 1076 40 423 385 706 624
1121 343 43 589 35 440 1146 957 10 918 18 336 84 462 592 505 244 519 464 242
753 533 1051 746 1079 942 1074 135 653 519 813 613 466 926 654 400 620 594 451 970
507 241 438 595 527 958 287 709 320 236 911 575 265 698 667 994 1099 961 338 29
0 0 0 0 0 0 0 0 0 0 0 0 0 0 0 0 0 0 0 0
0 0 0 0 0 0 0 0 0 0 0 0 0 0 0 0 0 0 0 0
1118 693 40 884 825 740 801 764 391 242 598 1077 404 432 220 385 29 109 188 265
93 45 375 723 658 20 576 65 1072 883 510 1070 229 546 1025 656 896 504 426 925
0 419 786 268 967 260 484 81 1060 973 641 81 235 125 376 560 1130 134 240 558
272 594 391 728 327 1081 14 760 1101 237 695 719 625 886 239 112 979 113 170 552
0 0 0 0 0 0 0 0 0 0 0 0 0 0 0 0 0 0 0 0
0 0 0 0 0 0 0 0 0 0 0 0 0 0 0 0 0 0 0 0
1090 687 999 149 714 392 88 376 652 849 971 988 217 511 852 334 1113 472 1142 687
705 130 224 415 661 898 1058 1042 934 649 202 1014 573 1081 1002 591 113 321 342 233
450 380 604 1106 851 1047 241 1127 203 462 1053 201 57 1062 200 1003 1153 1053 157 68
79 489 1014 893 698 876 797 172 592 156 79 971 1003 368 439 658 582 90 285 559
0 0 0 0 0 0 0 0 0 0 0 0 0 0 0 0 0 0 0 0
0 0 0 0 0 0 0 0 0 0 0 0 0 0 0 0 0 0 0 0
466 366 1082 451 750 1152 814 700 556 1067 139 401 701 1101 1140 685 1099 1084 478 607
178 997 1098 345 334 613 309 106 153 710 196 960 1072 444 1131 299 431 1004 595 766
1093 561 262 277 486 1077 249 422 134 1094 1 929 463 422 67 741 1058 195 260 408
868 55 262 1091 642 29 1131 422 965 72 967 912 669 556 101 585 425 464 934 614
0 0 0 0 0 0 0 0 0 0 0 0 0 0 0 0 0 0 0 0
0 0 0 0 0 0 0 0 0 0 0 0 0 0 0 0 0 0 0 0
577 487 470 509 182 539 275 1118 1007 71 837 366 644 433 206 847 641 915 411 1020
1102 1078 369 182 482 589 121 854 643 279 198 1006 800 884 1091 139 963 330 290 28
414 581 708 412 626 463 777 464 198 1108 1044 575 772 900 701 278 141 543 230 529
673 856 909 542 896 297 812 524 545 972 48 30 445 512 652 123 508 279 406 1079
0 0 0 0 0 0 0 0 0 0 0 0 0 0 0 0 0 0 0 0
0 0 0 0 0 0 0 0 0 0 0 0 0 0 0 0 0 0 0 0
997 780 461 538 705 695 321 642 801 846 782 146 305 1134 78 669 1002 153 1036 465
300 329 288 647 999 1135 339 969 845 1086 974 1076 1100 1105 722 838 442 471 772 636
1075 713 358 213 192 444 193 790 91 298 1068 540 852 606 540 350 677 207 432 15
297 853 777 443 92 23 838 262 174 911 67 362 106 496 325 599 448 538 716 153
0 0 0 0 0 0 0 0 0 0 0 0 0 0 0 0 0 0 0 0
0 0 0 0 0 0 0 0 0 0 0 0 0 0 0 0 0 0 0 0
276 391 880 401 25 569 702 299 227 406 197 1019 556 378 963 893 1090 733 439 1153
313 966 795 578 1119 838 687 0 218 855 873 971 1024 245 814 304 758 59 1132 676
79 275 884 951 796 472 475 1134 113 394 292 197 766 423 615 711 605 405 76 882
269 145 745 1050 1004 358 927 841 755 745 1027 1009 618 622 1127 767 1048 549 484 593
0 0 0 0 0 0 0 0 0 0 0 0 0 0 0 0 0 0 0 0
0 0 0 0 0 0 0 0 0 0 0 0 0 0 0 0 0 0 0 0
525 411 680 720 689 535 282 836 413 533 264 150 1120 560 875 876 894 536 670 1003
845 440 157 118 813 1125 517 174 305 638 123 589 950 52 249 178 262 632 712 970
868 916 164 1108 818 770 159 798 704 696 287 197 920 821 232 240 253 1042 22 918
783 647 481 144 711 352 54 352 44 862 147 339 457 467 341 790 476 704 713 371
0 0 0 0 0 0 0 0 0 0 0 0 0 0 0 0 0 0 0 0
0 0 0 0 0 0 0 0 0 0 0 0 0 0 0 0 0 0 0 0
566 960 358 568 472 53 480 137 362 381 236 77 1070 740 322 907 949 210 517 232
813 918 573 1124 469 484 608 422 48 990 632 857 966 267 38 713 1143 978 499 409
1080 645 396 653 739 447 941 119 791 137 488 393 447 581 896 171 107 195 293 996
716 341 138 616 1149 810 541 257 1004 98 422 1056 502 947 201 618 787 574 223 72
0 0 0 0 0 0 0 0 0 0 0 0 0 0 0 0 0 0 0 0
0 0 0 0 0 0 0 0 0 0 0 0 0 0 0 0 0 0 0 0
990 696 121 96 856 799 131 862 1140 241 564 171 698 368 157 383 1092 763 554 419
831 656 143 489 565 292 559 838 413 374 958 48 625 1147 634 591 540 904 249 736
705 324 322 533 594 1092 25 840 95 881 19 941 244 363 432 1140 347 704 846 494
281 151 433 764 1042 606 54 373 898 197 893 57 814 932 167 879 900 840 677 25
0 0 0 0 0 0 0 0 0 0 0 0 0 0 0 0 0 0 0 0
0 0 0 0 0 0 0 0 0 0 0 0 0 0 0 0 0 0 0 0
965 577 1031 998 172 539 467 960 919 810 83 28 179 1070 865 943 681 636 158 84
745 519 413 274 104 996 34 393 213 758 70 491 119 194 1095 438 54 1036 5 1009
298 90 537 974 791 527 672 129 537 51 298 1139 136 731 186 69 27 618 951 1091
159 689 674 475 902 55 442 456 281 5 95 723 639 411 198 24 1125 269 665 952
0 0 0 0 0 0 0 0 0 0 0 0 0 0 0 0 0 0 0 0
0 0 0 0 0 0 0 0 0 0 0 0 0 0 0 0 0 0 0 0
463 721 916 1064 839 1153 155 301 1134 256 866 853 147 223 389 1077 130 543 394 314
1042 381 407 128 370 1121 1003 416 935 607 253 789 673 269 383 177 461 951 1111 984
995 774 110 709 614 825 130 388 304 493 566 136 929 804 160 676 1011 1016 341 1057
334 564 877 633 658 451 192 811 456 517 961 986 470 447 1115 404 551 1074 359 985
0 0 0 0 0 0 0 0 0 0 0 0 0 0 0 0 0 0 0 0
0 0 0 0 0 0 0 0 0 0 0 0 0 0 0 0 0 0 0 0
546 913 140 881 874 464 820 801 809 483 67 865 448 23 464 95 814 644 494 559
801 671 924 440 893 1052 313 121 198 980 27 425 321 452 994 1030 1134 1003 445 950
596 945 377 501 1060 695 900 435 235 930 573 356 877 1010 502 515 101 737 915 859
780 890 1145 824 317 125 294 801 331 161 102 619 726 867 77 948 629 364 740 672
0 0 0 0 0 0 0 0 0 0 0 0 0 0 0 0 0 0 0 0
0 0 0 0 0 0 0 0 0 0 0 0 0 0 0 0 0 0 0 0
105 389 242 1018 215 608 438 1039 129 875 132 984 549 510 526 779 104 665 880 664
582 56 395 91 871 347 825 103 148 831 672 469 360 357 370 76 153 231 1060 281
1084 759 627 769 915 683 525 581 171 939 251 629 609 988 260 528 323 86 583 1097
207 866 158 8 924 22 872 557 132 300 379 763 206 130 1096 139 874 941 389 195
0 0 0 0 0 0 0 0 0 0 0 0 0 0 0 0 0 0 0 0
0 0 0 0 0 0 0 0 0 0 0 0 0 0 0 0 0 0 0 0
487 579 699 818 868 679 235 770 987 579 955 281 745 1117 857 380 1124 1107 805 648
857 233 1149 1055 461 352 596 618 1103 893 409 916 286 51 926 228 783 642 848 537
155 442 805 1121 224 351 1008 762 1098 803 1063 1094 495 20 965 67 1077 997 94 833
914 288 1049 674 502 435 236 435 599 641 401 1072 956 385 415 939 56 150 532 265
0 0 0 0 0 0 0 0 0 0 0 0 0 0 0 0 0 0 0 0
0 0 0 0 0 0 0 0 0 0 0 0 0 0 0 0 0 0 0 0
324 260 1142 792 700 898 654 1094 951 43 1051 1056 487 186 572 434 788 1144 137 832
142 173 690 675 432 88 3 1147 827 428 524 728 83 301 686 1043 302 820 909 230
216 200 906 525 880 371 1079 846 789 552 920 876 954 883 618 1001 1049 425 596 756
841 792 706 152 587 350 1124 859 862 569 1042 602 334 38 399 57 211 174 970 14
0 0 0 0 0 0 0 0 0 0 0 0 0 0 0 0 0 0 0 0
0 0 0 0 0 0 0 0 0 0 0 0 0 0 0 0 0 0 0 0
323 333 222 215 1009 1082 377 959 403 855 629 307 528 1078 912 883 872 843 1050 913
906 267 433 784 147 152 334 719 944 1126 52 1062 271 856 994 637 775 551 309 330
773 735 209 249 43 676 496 1153 1122 222 866 1114 813 957 361 787 45 838 441 428
456 197 632 332 1081 1146 504 629 977 169 941 791 1041 859 278 476 668 1126 743 714
0 0 0 0 0 0 0 0 0 0 0 0 0 0 0 0 0 0 0 0
0 0 0 0 0 0 0 0 0 0 0 0 0 0 0 0 0 0 0 0
211 453 358 1119 274 158 373 1141 400 361 1003 191 1047 224 964 107 688 179 448 27
744 691 131 159 387 347 93 1014 500 169 424 100 1078 695 91 652 1068 930 678 659
1041 451 86 307 266 429 1120 640 771 859 628 497 1067 1102 825 469 1015 281 942 69
335 94 462 470 1069 162 767 279 275 383 702 88 790 912 956 282 368 635 395 979
0 0 0 0 0 0 0 0 0 0 0 0 0 0 0 0 0 0 0 0
0 0 0 0 0 0 0 0 0 0 0 0 0 0 0 0 0 0 0 0
704 580 866 118 1090 791 863 518 1099 1132 697 97 1136 1071 331 1008 1110 453 1014 316
9 779 672 300 373 236 90 180 183 386 179 692 269 648 175 203 838 1137 1075 184
69 46 192 520 61 313 568 1011 848 1056 301 767 379 459 88 639 646 565 107 165
980 136 1115 862 240 72 1069 418 351 695 344 9 394 176 761 886 249 641 464 372
0 0 0 0 0 0 0 0 0 0 0 0 0 0 0 0 0 0 0 0
0 0 0 0 0 0 0 0 0 0 0 0 0 0 0 0 0 0 0 0
381 727 367 79 776 1009 1048 1029 460 762 47 1090 991 151 107 640 952 522 1147 584
238 911 442 603 29 197 704 964 966 665 967 873 352 143 580 293 391 740 714 68
79 970 395 361 739 1080 383 1036 302 772 411 422 804 1019 218 716 968 216 204 813
364 128 587 1060 83 100 844 1009 921 533 407 985 325 540 931 914 411 731 32 1061
0 0 0 0 0 0 0 0 0 0 0 0 0 0 0 0 0 0 0 0
0 0 0 0 0 0 0 0 0 0 0 0 0 0 0 0 0 0 0 0
441 1016 1077 1026 606 566 523 358 163 675 4 420 508 565 293 1138 708 498 1125 270
159 870 94 486 461 373 652 987 209 21 499 290 1083 175 580 1070 666 429 455 1083
1108 16 122 624 471 643 757 521 1072 239 458 471 34 666 1051 859 210 1077 832 65
794 474 757 633 935 143 442 876 146 819 1039 422 570 698 1131 1075 1006 745 676 852
0 0 0 0 0 0 0 0 0 0 0 0 0 0 0 0 0 0 0 0
0 0 0 0 0 0 0 0 0 0 0 0 0 0 0 0 0 0 0 0
898 438 1057 463 669 297 101 830 936 793 557 1070 674 89 1086 15 298 745 939 275
508 781 506 445 710 68 331 531 1111 595 175 442 894 406 593 739 999 171 1023 930
171 759 717 985 427 551 962 514 62 1029 38 1074 305 910 649 149 503 468 1033 469
962 33 211 241 1000 1099 586 759 261 475 627 800 502 1062 618 977 152 282 515 597
0 0 0 0 0 0 0 0 0 0 0 0 0 0 0 0 0 0 0 0
0 0 0 0 0 0 0 0 0 0 0 0 0 0 0 0 0 0 0 0
459 126 623 409 404 1000 386 143 125 589 74 781 1114 739 903 40 917 1140 1046 528
550 1069 343 114 977 506 348 90 50 712 950 818 1025 414 1126 1097 967 1026 413 497
1030 1063 428 82 168 1137 306 100 224 717 817 325 539 956 912 236 264 1101 453 1139
967 307 704 176 329 683 946 252 35 789 510 889 885 985 398 407 694 473 1136 18
0 0 0 0 0 0 0 0 0 0 0 0 0 0 0 0 0 0 0 0
0 0 0 0 0 0 0 0 0 0 0 0 0 0 0 0 0 0 0 0
755 343 1109 164 348 592 1015 228 734 935 1053 85 507 34 262 648 504 162 412 131
885 351 157 1062 502 690 938 363 40 24 49 590 624 425 375 527 639 509 573 498
770 184 286 475 1085 269 460 556 1082 321 312 100 958 310 50 516 296 310 313 143
62 981 777 877 1089 985 716 1082 352 610 377 658 215 971 274 741 730 364 834 814
0 0 0 0 0 0 0 0 0 0 0 0 0 0 0 0 0 0 0 0
0 0 0 0 0 0 0 0 0 0 0 0 0 0 0 0 0 0 0 0
402 326 300 629 228 829 142 174 152 851 949 991 773 702 478 1037 521 837 947 1142
92 646 999 2 16 959 308 518 726 572 327 363 857 831 888 1051 832 312 979 646
772 973 632 1093 294 424 581 894 280 1056 507 463 1144 808 777 207 62 925 161 523
520 457 993 530 906 994 1098 703 521 564 92 252 424 699 1089 104 983 1001 631 579
0 0 0 0 0 0 0 0 0 0 0 0 0 0 0 0 0 0 0 0
0 0 0 0 0 0 0 0 0 0 0 0 0 0 0 0 0 0 0 0
422 1091 980 1135 526 26 836 312 163 230 673 331 1085 67 1063 656 1014 972 862 377
287 396 203 1146 252 639 294 271 464 142 335 768 502 1021 227 865 533 7 954 453
880 54 529 816 248 652 128 877 587 870 1086 825 212 882 519 363 467 184 125 317
688 919 1147 612 303 922 954 364 297 205 381 821 714 589 259 362 1125 193 1100 263
0 0 0 0 0 0 0 0 0 0 0 0 0 0 0 0 0 0 0 0
0 0 0 0 0 0 0 0 0 0 0 0 0 0 0 0 0 0 0 0
22 111 714 711 201 919 22 1000 354 408 169 1104 172 630 1025 1065 292 944 982 13
348 705 579 7 478 67 835 510 32 172 523 356 364 1057 412 129 610 985 986 451
299 1082 204 779 449 587 1119 610 315 501 257 770 115 229 382 757 834 939 726 214
981 504 956 643 1046 521 1146 802 634 947 658 503 785 869 608 1054 927 391 227 877
0 0 0 0 0 0 0 0 0 0 0 0 0 0 0 0 0 0 0 0
0 0 0 0 0 0 0 0 0 0 0 0 0 0 0 0 0 0 0 0
861 808 281 637 559 857 709 715 313 436 1112 1076 33 493 274 203 818 831 777 102
739 146 444 162 145 491 523 548 132 299 667 1071 1010 497 513 128 617 10 118 894
102 1138 286 654 705 963 845 374 261 106 78 197 108 186 647 770 66 1113 1032 699
124 721 308 360 544 844 593 267 814 480 533 37 169 615 803 730 371 1091 82 952
0 0 0 0 0 0 0 0 0 0 0 0 0 0 0 0 0 0 0 0
0 0 0 0 0 0 0 0 0 0 0 0 0 0 0 0 0 0 0 0
115 449 935 708 383 521 239 974 310 245 626 280 633 822 65 37 465 568 240 1081
693 1048 639 254 421 204 713 673 31 408 25 431 669 1111 199 59 749 864 295 727
456 350 437 965 680 956 863 650 752 610 526 994 1015 734 654 623 1146 711 800 885
636 184 155 886 1142 55 822 912 71 898 940 56 703 268 784 147 752 972 850 464
0 0 0 0 0 0 0 0 0 0 0 0 0 0 0 0 0 0 0 0
0 0 0 0 0 0 0 0 0 0 0 0 0 0 0 0 0 0 0 0
882 81 206 165 204 455 633 97 1001 539 767 17 845 42 337 165 232 508 194 314
912 1047 346 410 891 556 668 994 172 969 703 505 818 231 954 874 1056 149 1087 312
938 1045 108 1065 363 747 134 873 675 409 115 1106 1115 613 1059 127 1030 51 147 1123
1065 459 475 789 721 1058 144 777 739 558 694 868 1074 769 932 293 285 839 23 371
0 0 0 0 0 0 0 0 0 0 0 0 0 0 0 0 0 0 0 0
0 0 0 0 0 0 0 0 0 0 0 0 0 0 0 0 0 0 0 0
11 351 321 1062 388 744 289 1133 78 955 284 300 495 1071 38 1045 48 88 897 51
331 905 1038 506 440 558 52 502 186 591 239 472 307 1095 645 664 703 529 487 321
389 951 458 13 823 534 676 1003 79 1073 1024 711 678 801 880 23 24 381 755 856
64 620 972 66 1105 291 768 384 960 897 998 1097 1090 533 795 723 425 56 853 871
0 0 0 0 0 0 0 0 0 0 0 0 0 0 0 0 0 0 0 0
0 0 0 0 0 0 0 0 0 0 0 0 0 0 0 0 0 0 0 0
665 994 527 1080 384 607 602 830 917 614 92 907 38 368 1082 88 174 1003 853 161
457 78 264 294 0 634 258 670 930 684 815 282 379 573 225 129 438 355 570 689
765 404 861 670 254 1040 206 238 671 405 666 154 886 377 874 1098 318 867 389 124
177 154 130 918 854 1068 839 623 618 996 75 368 846 129 1059 518 148 40 940 986
0 0 0 0 0 0 0 0 0 0 0 0 0 0 0 0 0 0 0 0
0 0 0 0 0 0 0 0 0 0 0 0 0 0 0 0 0 0 0 0
715 527 25 1132 157 200 954 422 434 828 542 760 431 685 232 320 552 1018 1107 260
631 514 334 1127 798 1034 474 602 1090 358 1017 922 968 1059 152 856 630 901 1000 347
12 149 690 473 335 546 917 732 1084 1151 955 1050 536 966 539 457 25 288 5 954
725 145 767 774 586 896 1154 277 1138 839 976 1084 204 298 527 353 71 186 22 140
0 0 0 0 0 0 0 0 0 0 0 0 0 0 0 0 0 0 0 0
0 0 0 0 0 0 0 0 0 0 0 0 0 0 0 0 0 0 0 0
701 368 614 577 773 1018 87 277 599 975 660 797 312 35 347 861 373 607 15 767
504 924 408 389 494 1090 820 938 363 715 104 289 1133 244 438 510 320 1138 533 1050
277 1149 1080 1153 400 329 967 866 551 214 776 499 833 439 781 829 981 761 109 798
71 656 538 1142 422 587 804 495 126 763 332 1051 862 512 746 255 421 521 1013 40
0 0 0 0 0 0 0 0 0 0 0 0 0 0 0 0 0 0 0 0
0 0 0 0 0 0 0 0 0 0 0 0 0 0 0 0 0 0 0 0
305 92 1017 598 445 400 562 184 63 446 796 84 979 695 109 678 739 198 1023 1129
801 749 325 734 738 814 252 308 397 819 357 62 1109 424 812 1100 476 331 656 505
736 12 632 88 106 114 1103 113 636 870 292 663 728 349 495 961 297 655 897 688
44 413 649 990 416 3 784 1066 211 1070 1154 997 419 827 868 608 60 1129 599 502
0 0 0 0 0 0 0 0 0 0 0 0 0 0 0 0 0 0 0 0
0 0 0 0 0 0 0 0 0 0 0 0 0 0 0 0 0 0 0 0
624 0 750 267 13 1036 553 106 883 918 569 199 1136 785 424 290 1090 1074 111 420
307 156 288 272 231 756 302 464 217 9 695 687 710 691 639 244 1067 203 773 776
836 1138 1119 787 229 347 1129 298 779 191 90 1144 822 1035 770 52 93 21 1025 278
1011 257 300 610 935 583 393 1106 766 197 65 466 494 595 391 754 405 569 8 495
0 0 0 0 0 0 0 0 0 0 0 0 0 0 0 0 0 0 0 0
0 0 0 0 0 0 0 0 0 0 0 0 0 0 0 0 0 0 0 0
595 360 876 1042 546 911 963 702 1095 398 503 695 368 729 681 812 359 1039 76 326
228 200 911 1125 966 647 190 313 208 1101 723 1024 732 888 1117 15 297 810 907 859
551 476 1088 221 297 172 367 764 891 539 398 824 409 609 449 332 34 815 707 1108
416 22 503 381 655 578 276 312 436 616 124 454 540 177 514 296 914 55 245 509
0 0 0 0 0 0 0 0 0 0 0 0 0 0 0 0 0 0 0 0
0 0 0 0 0 0 0 0 0 0 0 0 0 0 0 0 0 0 0 0
133 658 472 797 978 678 890 767 357 396 884 284 307 602 697 384 424 169 129 684
1048 1041 334 671 415 1146 59 1110 847 635 671 909 357 534 445 173 320 41 97 236
170 199 896 335 0 803 745 1092 417 357 50 255 515 870 16 162 825 826 586 210
509 978 159 609 603 577 817 270 106 272 385 979 961 561 965 594 758 1022 523 275
0 0 0 0 0 0 0 0 0 0 0 0 0 0 0 0 0 0 0 0
0 0 0 0 0 0 0 0 0 0 0 0 0 0 0 0 0 0 0 0
740 112 488 999 461 71 437 245 941 1016 494 603 238 343 241 538 988 1153 60 1049
142 340 586 1062 644 758 803 684 682 96 241 13 669 886 1064 223 952 1059 452 224
1018 297 759 348 996 835 944 380 876 988 10 230 165 409 993 517 173 1037 987 1083
414 1067 179 232 451 1039 368 477 642 676 789 94 418 138 897 966 311 443 1142 1149
0 0 0 0 0 0 0 0 0 0 0 0 0 0 0 0 0 0 0 0
0 0 0 0 0 0 0 0 0 0 0 0 0 0 0 0 0 0 0 0
780 405 332 326 1138 4 580 1080 188 1126 306 780 49 704 717 0 1094 625 104 787
493 1058 382 473 334 119 189 748 160 495 104 275 910 1052 391 471 330 14 121 832
491 647 849 366 836 676 1079 110 780 637 212 651 964 915 944 948 937 578 861 96
1051 1007 152 796 478 374 1048 472 354 472 479 116 248 528 250 655 279 765 234 308
0 0 0 0 0 0 0 0 0 0 0 0 0 0 0 0 0 0 0 0
0 0 0 0 0 0 0 0 0 0 0 0 0 0 0 0 0 0 0 0
609 1051 780 255 716 79 228 241 899 822 1118 1083 837 919 571 90 112 362 1056 748
985 1075 488 679 732 166 277 418 480 94 576 909 366 575 1133 868 920 1034 130 658
1126 614 582 794 71 425 896 522 354 340 465 992 964 9 834 880 1105 622 1006 642
1092 954 70 1145 836 237 878 360 190 900 694 180 412 1137 32 201 92 855 805 88
0 0 0 0 0 0 0 0 0 0 0 0 0 0 0 0 0 0 0 0
0 0 0 0 0 0 0 0 0 0 0 0 0 0 0 0 0 0 0 0
1020 874 584 127 505 1067 283 270 570 139 510 520 31 446 1048 40 1100 660 722 640
329 923 389 716 1110 29 327 227 370 577 421 586 235 289 546 690 200 560 45 247
13 491 578 712 272 970 667 574 766 898 434 602 288 523 557 50 128 393 1017 1104
326 433 298 809 8 963 455 983 1077 698 11 881 485 214 34 261 144 763 105 344
0 0 0 0 0 0 0 0 0 0 0 0 0 0 0 0 0 0 0 0
0 0 0 0 0 0 0 0 0 0 0 0 0 0 0 0 0 0 0 0
1070 872 50 987 1084 136 1056 18 319 1114 926 808 795 726 456 566 221 1117 868 1066
950 1027 442 970 45 451 12 544 67 755 558 545 561 759 1106 245 543 699 506 400
281 120 380 799 156 1122 989 364 499 802 474 698 513 101 815 967 883 589 676 931
1023 345 542 912 1126 775 948 612 1020 1145 566 565 378 1000 878 67 754 161 883 302
0 0 0 0 0 0 0 0 0 0 0 0 0 0 0 0 0 0 0 0
0 0 0 0 0 0 0 0 0 0 0 0 0 0 0 0 0 0 0 0
559 650 854 270 79 643 260 848 536 658 495 236 339 1105 984 599 668 1028 544 954
1025 977 829 750 242 440 922 93 749 1032 527 227 998 962 1117 115 201 409 227 721
111 4 989 139 323 936 938 69 354 196 913 315 926 281 203 412 650 537 832 17
315 99 412 97 357 256 277 874 291 461 1103 849 70 946 197 485 418 648 916 735
0 0 0 0 0 0 0 0 0 0 0 0 0 0 0 0 0 0 0 0
0 0 0 0 0 0 0 0 0 0 0 0 0 0 0 0 0 0 0 0
1049 137 309 683 938 687 206 713 336 626 757 488 1114 327 397 1141 1120 1017 307 1098
768 109 803 684 786 385 569 636 37 867 59 1064 273 963 454 307 790 1145 53 837
724 1033 631 241 1009 1149 96 370 191 485 855 528 987 672 161 601 914 357 679 565
942 339 835 872 321 1079 797 1007 250 585 535 689 787 129 443 705 602 894 538 676
0 0 0 0 0 0 0 0 0 0 0 0 0 0 0 0 0 0 0 0
0 0 0 0 0 0 0 0 0 0 0 0 0 0 0 0 0 0 0 0
389 372 675 1049 1148 605 108 951 536 813 1137 107 482 490 140 706 85 776 307 250
638 388 978 450 463 871 737 411 49 999 68 108 1027 167 462 1146 45 384 866 746
299 864 506 1050 523 991 336 1077 327 747 65 761 528 808 404 553 592 61 167 599
912 961 553 635 150 259 697 635 385 1011 296 904 630 148 364 390 486 116 1147 1030
0 0 0 0 0 0 0 0 0 0 0 0 0 0 0 0 0 0 0 0
0 0 0 0 0 0 0 0 0 0 0 0 0 0 0 0 0 0 0 0
4 215 166 160 441 1148 592 285 511 380 871 471 1054 988 209 520 614 16 1083 848
678 1117 381 507 519 973 652 158 200 466 1149 419 564 654 1117 1024 35 406 1113 601
996 1144 523 586 178 263 630 716 805 307 552 128 1026 269 913 823 138 662 915 1146
285 149 245 301 32 454 972 68 451 169 682 772 265 91 44 46 1025 414 514 703
0 0 0 0 0 0 0 0 0 0 0 0 0 0 0 0 0 0 0 0
0 0 0 0 0 0 0 0 0 0 0 0 0 0 0 0 0 0 0 0
364 93 932 249 1080 748 1060 215 1076 819 321 519 254 549 22 557 219 522 360 625
1097 884 1125 344 960 382 1107 753 1111 793 1040 737 814 79 959 913 1023 837 1108 658
1101 839 532 579 602 339 892 715 422 791 236 556 583 521 62 69 377 748 935 515
85 874 743 423 592 163 263 121 704 699 899 669 1154 1096 751 71 734 159 1077 1049
0 0 0 0 0 0 0 0 0 0 0 0 0 0 0 0 0 0 0 0
0 0 0 0 0 0 0 0 0 0 0 0 0 0 0 0 0 0 0 0
800 809 137 175 246 459 232 240 516 1099 417 1069 173 237 884 728 352 876 790 987
226 36 1024 687 198 678 1101 1133 586 63 20 135 712 486 516 431 515 1 1116 809
6 719 698 841 801 135 1108 462 670 1025 1027 90 618 374 114 1044 132 613 1080 367
80 584 769 502 262 78 249 809 848 804 43 434 1067 344 942 568 163 776 520 349
0 0 0 0 0 0 0 0 0 0 0 0 0 0 0 0 0 0 0 0
0 0 0 0 0 0 0 0 0 0 0 0 0 0 0 0 0 0 0 0
461 614 1032 313 35 504 465 130 261 627 102 375 100 183 825 513 821 24 453 685
92 48 796 1056 574 195 340 634 440 343 931 979 188 749 7 689 1057 824 186 486
529 654 255 1017 250 1126 206 655 472 1079 827 660 504 634 281 1144 199 516 242 115
86 385 601 362 186 614 569 46 888 446 565 406 680 514 868 926 611 851 406 504
0 0 0 0 0 0 0 0 0 0 0 0 0 0 0 0 0 0 0 0
0 0 0 0 0 0 0 0 0 0 0 0 0 0 0 0 0 0 0 0
644 584 744 427 291 533 690 652 372 937 716 1084 722 586 530 190 1031 707 165 460
386 33 66 94 558 1143 897 896 724 918 266 617 540 1139 262 733 162 1001 777 882
87 214 763 927 422 384 387 802 222 1014 87 851 768 1033 498 509 405 615 320 561
905 879 392 996 661 1039 479 637 912 401 608 322 1053 868 347 669 334 814 170 1135
0 0 0 0 0 0 0 0 0 0 0 0 0 0 0 0 0 0 0 0
0 0 0 0 0 0 0 0 0 0 0 0 0 0 0 0 0 0 0 0
393 45 958 702 140 1004 527 1033 1148 464 786 1056 645 239 161 772 97 818 847 957
723 422 124 1005 703 179 31 157 1073 1138 411 1122 651 1123 158 216 1112 804 19 376
300 533 997 811 947 14 821 327 522 1079 883 442 612 865 126 505 43 1117 1022 367
52 817 664 352 891 988 419 901 884 105 28 408 391 977 636 839 151 808 1137 145
0 0 0 0 0 0 0 0 0 0 0 0 0 0 0 0 0 0 0 0
0 0 0 0 0 0 0 0 0 0 0 0 0 0 0 0 0 0 0 0
783 389 1016 865 126 1027 746 696 512 293 992 1099 313 727 463 871 1121 26 768 336
61 1015 1056 831 731 751 589 731 1093 415 694 283 477 593 731 400 997 542 515 432
309 1141 124 946 797 481 6 773 406 603 479 422 365 561 494 908 621 933 972 713
1151 183 671 741 406 664 325 734 710 533 728 66 334 581 1133 941 738 29 402 626
0 0 0 0 0 0 0 0 0 0 0 0 0 0 0 0 0 0 0 0
0 0 0 0 0 0 0 0 0 0 0 0 0 0 0 0 0 0 0 0
41 59 792 602 487 981 36 454 1056 392 439 589 886 139 1087 356 813 213 1002 707
399 161 417 789 1150 1004 438 410 167 560 789 685 944 248 532 647 752 10 1048 609
941 658 1110 211 511 1108 246 1127 958 1114 181 586 241 88 678 1125 1063 600 396 1016
223 965 110 708 479 270 914 474 494 636 746 861 393 923 1094 491 125 688 1010 628
0 0 0 0 0 0 0 0 0 0 0 0 0 0 0 0 0 0 0 0
0 0 0 0 0 0 0 0 0 0 0 0 0 0 0 0 0 0 0 0
618 282 1153 884 866 897 729 335 296 382 96 534 258 803 15 910 123 94 928 758
383 337 653 47 1010 1117 824 460 905 829 728 539 619 712 272 98 323 592 290 1045
50 764 368 881 608 600 788 147 407 1036 398 631 180 931 549 501 611 282 142 936
401 287 515 358 1029 447 380 943 1126 432 889 1007 734 995 807 680 578 102 745 815
0 0 0 0 0 0 0 0 0 0 0 0 0 0 0 0 0 0 0 0
0 0 0 0 0 0 0 0 0 0 0 0 0 0 0 0 0 0 0 0
791 414 371 757 908 205 72 487 423 579 748 424 196 568 93 1097 678 38 633 540
328 218 1108 889 1063 238 991 194 1038 994 814 848 628 1072 39 1114 994 246 762 1141
860 852 305 234 112 968 780 575 981 738 1154 545 797 560 384 840 594 1063 369 894
683 350 451 429 600 843 586 166 597 115 37 388 619 209 389 903 515 741 732 492
0 0 0 0 0 0 0 0 0 0 0 0 0 0 0 0 0 0 0 0
0 0 0 0 0 0 0 0 0 0 0 0 0 0 0 0 0 0 0 0
684 526 141 850 794 745 521 820 864 151 57 108 238 229 818 687 767 430 1043 384
367 292 67 599 1094 1049 339 957 851 594 470 674 709 1133 21 1127 795 0 593 32
906 766 840 6 877 822 46 918 108 594 805 781 89 964 652 976 753 975 1041 885
133 841 517 1085 248 359 816 954 692 442 133 68 901 873 297 76 862 474 1080 1125
0 0 0 0 0 0 0 0 0 0 0 0 0 0 0 0 0 0 0 0
0 0 0 0 0 0 0 0 0 0 0 0 0 0 0 0 0 0 0 0
354 648 689 217 760 1047 442 662 276 500 282 264 203 904 557 678 710 923 527 180
427 889 422 548 1061 450 1080 875 627 72 630 454 791 1001 1139 1058 731 903 891 274
650 792 508 1085 866 416 444 177 585 80 519 111 1121 40 484 1001 880 1069 69 635
605 31 302 578 431 431 444 850 613 453 473 80 1010 384 516 1015 892 651 301 209
0 0 0 0 0 0 0 0 0 0 0 0 0 0 0 0 0 0 0 0
0 0 0 0 0 0 0 0 0 0 0 0 0 0 0 0 0 0 0 0
227 960 797 179 334 922 163 1152 436 740 945 1148 719 307 764 884 962 216 613 140
940 238 166 344 281 556 238 444 1140 972 124 1091 602 1016 400 721 318 79 208 1008
1069 372 1003 631 539 662 514 965 571 752 1005 475 646 1045 928 242 1082 466 1135 361
644 664 895 421 251 443 314 382 1064 673 307 630 173 666 951 256 1053 71 1079 329
0 0 0 0 0 0 0 0 0 0 0 0 0 0 0 0 0 0 0 0
0 0 0 0 0 0 0 0 0 0 0 0 0 0 0 0 0 0 0 0
337 956 134 75 504 709 142 274 1124 899 488 766 1049 143 723 571 956 229 592 592
255 348 268 38 185 436 36 320 328 152 64 999 1149 545 683 770 611 748 812 881
132 891 923 189 53 975 1009 644 521 1037 182 493 390 398 505 151 762 233 404 618
169 607 448 600 467 274 829 740 998 64 1020 283 533 1033 235 853 1099 794 1054 735
0 0 0 0 0 0 0 0 0 0 0 0 0 0 0 0 0 0 0 0
0 0 0 0 0 0 0 0 0 0 0 0 0 0 0 0 0 0 0 0
377 596 669 264 48 1079 6 1126 255 1011 424 660 1041 830 1004 455 369 371 649 1123
565 156 37 249 41 803 137 884 1000 380 878 143 915 604 39 523 486 408 136 1147
647 936 20 142 104 670 92 235 705 671 6 639 562 674 614 1101 778 966 557 1085
350 738 66 714 466 807 286 101 374 1104 1107 292 19 615 442 174 314 254 231 176
0 0 0 0 0 0 0 0 0 0 0 0 0 0 0 0 0 0 0 0
0 0 0 0 0 0 0 0 0 0 0 0 0 0 0 0 0 0 0 0
433 816 379 960 661 201 793 978 536 942 590 603 536 44 303 34 740 247 982 83
59 1053 452 1103 866 1009 405 544 2 988 248 16 704 1080 54 50 1105 340 52 303
139 16 484 859 95 924 328 869 152 47 582 609 784 440 59 613 169 124 966 541
383 1124 875 851 849 1021 891 1140 160 221 517 91 595 573 789 53 1119 194 933 159
0 0 0 0 0 0 0 0 0 0 0 0 0 0 0 0 0 0 0 0
0 0 0 0 0 0 0 0 0 0 0 0 0 0 0 0 0 0 0 0
790 57 312 56 475 944 425 539 547 221 552 285 711 134 12 50 878 1035 685 89
633 706 496 1066 366 370 481 5 228 1069 432 555 969 153 394 567 610 690 584 737
540 462 1103 166 589 4 642 871 130 7 888 277 522 526 879 722 903 843 680 544
168 94 1031 108 914 306 1120 68 928 869 122 151 271 964 327 834 626 929 669 903
0 0 0 0 0 0 0 0 0 0 0 0 0 0 0 0 0 0 0 0
0 0 0 0 0 0 0 0 0 0 0 0 0 0 0 0 0 0 0 0
399 1065 578 741 775 1107 456 201 1053 1063 240 712 301 917 1142 819 900 182 639 387
948 572 460 731 249 472 840 97 829 962 476 664 184 891 343 690 956 344 266 253
656 796 439 19 786 600 925 783 72 1056 608 390 787 489 13 515 738 926 620 744
55 429 480 617 430 233 8 523 877 71 340 1123 388 1007 1140 900 357 259 149 963
0 0 0 0 0 0 0 0 0 0 0 0 0 0 0 0 0 0 0 0
0 0 0 0 0 0 0 0 0 0 0 0 0 0 0 0 0 0 0 0
253 923 724 636 122 127 606 670 445 796 1088 558 993 56 598 550 121 363 1053 358
138 1002 645 936 766 891 495 1092 1025 436 373 356 1007 883 242 608 477 883 732 9
784 927 507 526 412 1107 1050 1020 986 1117 132 895 387 1095 1051 858 816 572 632 231
919 785 294 919 825 136 832 1088 421 729 439 969 220 1046 41 1080 1008 581 417 313
0 0 0 0 0 0 0 0 0 0 0 0 0 0 0 0 0 0 0 0
0 0 0 0 0 0 0 0 0 0 0 0 0 0 0 0 0 0 0 0
1014 465 548 732 225 299 235 768 1086 959 615 784 1016 559 476 1015 649 257 18 782
124 717 77 1065 1055 336 92 659 569 789 654 113 1111 715 296 1119 908 841 154 770
953 1061 861 124 1048 84 827 753 583 402 792 659 540 855 1127 490 778 1089 783 1055
1153 795 904 787 1081 41 784 562 477 1100 502 482 370 42 587 812 952 820 369 496
0 0 0 0 0 0 0 0 0 0 0 0 0 0 0 0 0 0 0 0
0 0 0 0 0 0 0 0 0 0 0 0 0 0 0 0 0 0 0 0
548 375 461 1131 1140 810 446 42 200 472 736 535 1011 575 452 434 759 701 664 1101
360 734 777 163 644 1090 1129 618 828 658 267 239 633 299 891 797 394 247 82 994
955 735 753 651 744 674 803 907 538 1021 15 583 674 662 122 707 400 1089 63 978
536 274 448 431 761 1111 111 74 811 1081 500 532 772 793 181 180 698 178 636 484
0 0 0 0 0 0 0 0 0 0 0 0 0 0 0 0 0 0 0 0
0 0 0 0 0 0 0 0 0 0 0 0 0 0 0 0 0 0 0 0
694 1076 888 716 36 176 175 724 369 784 741 481 701 1072 292 506 561 598 1068 112
308 817 106 859 877 317 478 618 1130 81 946 416 683 435 855 84 322 876 1043 150
834 150 37 84 941 450 980 1045 1100 1056 251 738 536 565 90 1080 809 110 883 207
446 434 704 1007 115 66 329 692 885 887 244 918 712 299 478 228 545 962 45 188
0 0 0 0 0 0 0 0 0 0 0 0 0 0 0 0 0 0 0 0
0 0 0 0 0 0 0 0 0 0 0 0 0 0 0 0 0 0 0 0
1101 696 1015 999 739 189 91 928 1044 2 249 916 260 391 152 585 473 366 889 274
738 1013 597 272 386 763 142 574 331 824 451 122 874 611 712 998 280 87 746 628
967 679 1117 251 416 404 1063 876 346 469 1074 248 308 861 315 233 1026 550 301 1018
196 706 924 145 215 876 542 844 390 317 1147 145 54 1024 951 154 1041 534 1102 376
0 0 0 0 0 0 0 0 0 0 0 0 0 0 0 0 0 0 0 0
0 0 0 0 0 0 0 0 0 0 0 0 0 0 0 0 0 0 0 0
1095 341 1118 901 500 901 998 452 404 164 739 577 542 1038 824 214 366 552 589 1029
629 178 1123 695 68 547 389 262 341 0 288 237 249 1129 735 456 1116 479 604 340
97 550 499 270 342 599 145 265 88 421 93 873 1150 1009 1105 62 759 245 892 502
942 635 1127 490 688 685 1022 327 53 271 314 382 487 629 391 535 411 655 605 507
0 0 0 0 0 0 0 0 0 0 0 0 0 0 0 0 0 0 0 0
0 0 0 0 0 0 0 0 0 0 0 0 0 0 0 0 0 0 0 0
657 659 917 616 990 91 617 578 877 313 320 435 556 1026 279 401 848 719 341 998
1004 555 621 313 784 564 262 1001 70 90 224 305 206 624 1135 415 744 217 940 330
508 533 31 321 770 570 1090 674 213 164 102 950 183 740 1108 339 606 747 470 248
729 1075 814 747 1086 777 771 372 415 540 1067 597 338 591 1017 763 841 74 701 1090
0 0 0 0 0 0 0 0 0 0 0 0 0 0 0 0 0 0 0 0
0 0 0 0 0 0 0 0 0 0 0 0 0 0 0 0 0 0 0 0
640 15 29 885 428 1057 821 916 707 850 326 993 1140 478 843 537 533 872 317 1136
641 674 446 473 800 661 792 417 742 42 452 705 408 110 532 627 1132 640 891 523
794 53 828 423 86 163 659 1121 268 372 1139 583 555 488 140 190 867 1084 22 1128
586 516 705 148 1020 484 1037 236 801 1090 964 1063 366 1083 1011 477 789 686 210 134
0 0 0 0 0 0 0 0 0 0 0 0 0 0 0 0 0 0 0 0
0 0 0 0 0 0 0 0 0 0 0 0 0 0 0 0 0 0 0 0
766 803 413 515 322 889 644 730 703 638 117 559 501 982 1073 682 558 577 28 1098
562 667 941 84 460 379 230 942 645 399 1038 264 54 103 656 400 314 245 16 858
965 11 418 613 1051 587 827 946 170 990 361 112 93 959 412 504 325 917 695 1041
913 114 596 111 125 423 478 182 170 482 243 179 754 328 193 984 289 1037 16 1039
0 0 0 0 0 0 0 0 0 0 0 0 0 0 0 0 0 0 0 0
0 0 0 0 0 0 0 0 0 0 0 0 0 0 0 0 0 0 0 0
1038 642 245 275 513 620 981 794 1007 1131 809 282 673 66 1046 1059 768 921 505 1132
201 157 434 928 226 861 149 442 139 432 374 290 326 38 39 640 22 789 551 461
1045 330 180 635 96 1055 324 1057 37 21 272 381 658 823 319 1011 527 222 378 407
1007 83 90 438 548 623 670 90 540 390 153 547 79 134 846 156 129 251 799 87
0 0 0 0 0 0 0 0 0 0 0 0 0 0 0 0 0 0 0 0
0 0 0 0 0 0 0 0 0 0 0 0 0 0 0 0 0 0 0 0
963 276 614 802 931 271 455 586 765 769 221 110 121 1033 139 1034 864 1026 1125 344
641 637 693 310 781 959 649 582 678 688 41 287 40 332 683 578 934 123 887 162
980 897 190 1144 384 1141 24 143 691 211 1009 499 770 489 1062 425 731 344 553 808
381 1068 177 351 1108 374 105 191 721 636 1107 764 743 130 405 727 1083 288 945 504
0 0 0 0 0 0 0 0 0 0 0 0 0 0 0 0 0 0 0 0
0 0 0 0 0 0 0 0 0 0 0 0 0 0 0 0 0 0 0 0
836 253 1006 63 1105 1094 266 450 774 1079 947 201 76 239 910 1067 685 346 761 40
453 1063 274 453 512 379 429 1006 339 499 817 1138 358 607 37 1073 882 672 1094 1119
208 197 139 478 531 304 373 157 47 840 351 187 438 1105 1115 748 574 872 777 1070
721 321 263 764 1096 995 519 735 1019 879 375 841 656 368 618 274 888 1139 957 50
0 0 0 0 0 0 0 0 0 0 0 0 0 0 0 0 0 0 0 0
0 0 0 0 0 0 0 0 0 0 0 0 0 0 0 0 0 0 0 0
348 1063 739 1077 1140 464 363 702 287 47 906 69 492 351 850 543 1013 814 30 1150
949 988 364 893 960 346 924 263 491 31 358 1080 231 831 499 930 295 628 901 804
218 137 800 507 509 873 828 926 10 944 809 531 717 707 331 824 606 719 534 1104
4 1039 286 411 534 248 739 424 400 31 1106 331 270 547 23 842 162 316 955 479
0 0 0 0 0 0 0 0 0 0 0 0 0 0 0 0 0 0 0 0
0 0 0 0 0 0 0 0 0 0 0 0 0 0 0 0 0 0 0 0
1102 652 985 332 707 348 1135 582 742 81 203 888 520 1027 633 697 515 749 1019 937
782 563 350 1006 21 680 4 591 579 230 904 116 243 297 1148 665 317 62 604 1128
146 733 613 887 908 266 356 964 1108 979 379 736 580 592 83 83 247 579 310 1014
971 689 773 550 394 348 13 189 111 358 891 348 885 489 947 865 536 1090 1018 959
0 0 0 0 0 0 0 0 0 0 0 0 0 0 0 0 0 0 0 0
0 0 0 0 0 0 0 0 0 0 0 0 0 0 0 0 0 0 0 0
589 578 350 853 326 304 587 108 293 134 302 587 403 755 843 73 67 547 204 249
1097 250 371 78 1118 342 132 530 972 700 333 165 836 43 794 974 886 515 759 610
69 669 341 824 19 99 1001 560 51 256 693 415 950 665 524 76 128 302 709 676
152 550 88 961 1101 465 78 447 202 975 290 956 676 81 1125 71 763 819 352 608
0 0 0 0 0 0 0 0 0 0 0 0 0 0 0 0 0 0 0 0
0 0 0 0 0 0 0 0 0 0 0 0 0 0 0 0 0 0 0 0
1066 775 1075 297 466 665 176 586 419 282 419 128 662 242 1122 1075 956 743 216 1119
127 142 610 85 986 997 673 625 771 564 531 578 95 387 568 1037 1033 283 912 1023
400 60 683 933 1077 237 881 1075 469 610 21 160 500 752 599 525 1044 448 852 590
574 54 254 960 956 1022 84 206 877 217 125 174 43 67 126 746 766 305 290 394
0 0 0 0 0 0 0 0 0 0 0 0 0 0 0 0 0 0 0 0
0 0 0 0 0 0 0 0 0 0 0 0 0 0 0 0 0 0 0 0
752 794 861 765 237 410 876 1069 732 327 45 676 52 428 583 778 455 1118 247 706
1085 20 936 874 122 100 884 1034 364 1017 1126 549 951 366 52 973 279 617 319 578
1008 962 530 987 1002 58 625 413 535 512 710 876 849 357 479 139 457 7 299 628
1008 453 943 436 229 859 315 965 123 133 282 118 39 469 352 375 711 1104 586 897
0 0 0 0 0 0 0 0 0 0 0 0 0 0 0 0 0 0 0 0
0 0 0 0 0 0 0 0 0 0 0 0 0 0 0 0 0 0 0 0
612 291 1076 244 206 791 160 221 860 328 756 261 902 252 222 676 725 847 844 265
1134 838 1053 83 1099 272 830 1145 75 824 725 925 418 11 766 1055 510 181 108 244
89 811 944 750 908 668 790 898 419 291 33 538 558 493 823 514 447 334 163 107
883 943 785 14 709 665 792 1136 531 682 583 273 289 936 1024 1095 114 280 948 389
0 0 0 0 0 0 0 0 0 0 0 0 0 0 0 0 0 0 0 0
0 0 0 0 0 0 0 0 0 0 0 0 0 0 0 0 0 0 0 0
748 1046 665 610 46 919 931 436 805 861 937 516 291 711 783 1122 227 825 458 96
255 536 763 248 692 582 730 933 756 209 567 270 377 682 574 242 350 284 817 184
871 142 632 738 884 30 549 601 209 308 918 656 858 852 843 303 705 781 658 780
344 695 1088 384 88 397 64 1038 532 754 140 625 738 628 434 757 1020 545 28 358
0 0 0 0 0 0 0 0 0 0 0 0 0 0 0 0 0 0 0 0
0 0 0 0 0 0 0 0 0 0 0 0 0 0 0 0 0 0 0 0
382 288 1102 394 915 173 107 711 760 1106 994 749 215 395 883 527 88 470 976 961
781 980 206 405 28 1118 533 439 517 748 235 396 1043 614 802 175 203 160 630 549
372 1014 1123 506 290 852 674 1040 384 770 89 153 835 344 239 1046 444 221 390 170
874 117 835 945 198 86 548 565 251 402 163 386 575 701 214 521 815 693 171 935
0 0 0 0 0 0 0 0 0 0 0 0 0 0 0 0 0 0 0 0
0 0 0 0 0 0 0 0 0 0 0 0 0 0 0 0 0 0 0 0
382 101 459 485 650 779 1059 758 6 850 329 59 1127 179 325 362 752 33 314 44
597 134 171 374 615 265 387 166 1117 522 1013 40 710 346 658 562 731 479 173 1132
78 991 372 896 850 284 225 961 1083 1015 908 564 801 299 424 932 12 248 264 906
599 655 1007 315 587 1136 933 943 875 1042 705 356 145 817 153 949 782 467 482 297
0 0 0 0 0 0 0 0 0 0 0 0 0 0 0 0 0 0 0 0
0 0 0 0 0 0 0 0 0 0 0 0 0 0 0 0 0 0 0 0
684 974 569 860 444 384 687 227 131 826 406 624 676 841 222 250 1103 641 79 209
664 103 663 952 587 1089 1104 312 280 645 1112 995 1024 659 613 1057 544 642 63 1082
1110 249 897 313 563 909 105 1096 673 992 708 682 792 624 1136 607 164 420 49 888
193 1041 288 543 67 152 24 1054 1053 676 63 18 267 848 392 972 850 340 520 1048
0 0 0 0 0 0 0 0 0 0 0 0 0 0 0 0 0 0 0 0
0 0 0 0 0 0 0 0 0 0 0 0 0 0 0 0 0 0 0 0
20 522 1099 499 611 967 922 887 533 873 123 241 389 887 284 455 524 1002 845 868
203 1100 196 215 87 1128 877 696 1073 497 116 1078 310 737 877 911 429 892 702 158
755 559 883 532 712 681 15 486 488 837 112 1071 908 849 831 235 427 29 10 258
663 421 607 750 241 1041 211 206 257 854 747 28 691 550 482 1047 253 29 717 696
0 0 0 0 0 0 0 0 0 0 0 0 0 0 0 0 0 0 0 0
0 0 0 0 0 0 0 0 0 0 0 0 0 0 0 0 0 0 0 0
76 1121 635 810 672 669 912 399 18 813 38 580 369 930 791 1012 97 29 318 89
554 1030 539 497 689 751 80 27 879 247 240 946 846 728 709 674 149 646 117 1131
123 125 1044 237 399 919 22 10 167 997 1045 137 926 688 946 1078 203 169 282 396
613 776 61 965 730 449 144 10 367 349 1012 425 554 190 802 468 452 762 576 413
0 0 0 0 0 0 0 0 0 0 0 0 0 0 0 0 0 0 0 0
0 0 0 0 0 0 0 0 0 0 0 0 0 0 0 0 0 0 0 0
417 115 283 1027 285 360 659 277 368 810 1119 498 210 609 573 656 923 34 86 106
760 792 823 870 921 239 240 365 741 1146 72 11 802 362 695 754 877 325 1135 1037
958 1143 408 817 1073 673 400 1127 702 748 471 798 899 965 1109 717 431 752 610 653
1019 317 252 834 859 1084 1042 1005 785 490 1081 1020 873 981 661 658 345 78 722 871
0 0 0 0 0 0 0 0 0 0 0 0 0 0 0 0 0 0 0 0
0 0 0 0 0 0 0 0 0 0 0 0 0 0 0 0 0 0 0 0
33 957 438 179 970 887 40 71 693 749 208 557 1039 524 492 1093 477 973 206 1137
1045 89 468 530 1058 61 906 1146 264 240 290 331 630 426 355 62 493 325 478 507
462 765 766 427 810 253 590 267 494 375 308 915 1026 308 484 1067 322 822 34 89
613 916 301 843 941 855 37 1015 416 460 458 267 1001 131 975 219 384 1106 46 253
0 0 0 0 0 0 0 0 0 0 0 0 0 0 0 0 0 0 0 0
0 0 0 0 0 0 0 0 0 0 0 0 0 0 0 0 0 0 0 0
342 1119 824 112 221 170 817 136 87 482 881 923 782 484 47 698 544 223 525 662
1126 283 375 349 533 994 964 1032 956 116 105 548 406 713 107 1048 589 452 545 74
962 947 250 117 1 231 140 1062 870 791 960 876 706 781 546 724 869 818 327 9
1095 111 408 201 644 225 453 1094 539 363 1008 257 709 582 674 31 359 645 898 23
0 0 0 0 0 0 0 0 0 0 0 0 0 0 0 0 0 0 0 0
0 0 0 0 0 0 0 0 0 0 0 0 0 0 0 0 0 0 0 0
10 131 1078 1055 146 610 1138 888 208 258 618 911 229 57 921 194 457 879 32 1073
1118 962 157 45 313 36 706 432 588 223 48 621 663 47 435 444 119 511 715 245
802 410 631 1133 45 513 136 747 382 592 995 1094 468 635 452 579 859 44 128 1035
1064 850 520 1073 744 185 576 171 594 325 398 1110 955 930 907 835 532 567 577 868
0 0 0 0 0 0 0 0 0 0 0 0 0 0 0 0 0 0 0 0
0 0 0 0 0 0 0 0 0 0 0 0 0 0 0 0 0 0 0 0
556 251 607 10 375 193 1012 261 86 580 193 565 1145 565 769 480 194 860 128 442
1048 169 407 57 890 748 963 113 87 116 818 543 539 699 788 732 939 448 262 125
884 937 691 143 1076 256 20 361 558 47 590 1000 651 753 240 834 1131 311 1143 536
1037 415 268 372 957 289 162 816 353 689 928 532 654 986 77 166 1025 905 618 1106
0 0 0 0 0 0 0 0 0 0 0 0 0 0 0 0 0 0 0 0
0 0 0 0 0 0 0 0 0 0 0 0 0 0 0 0 0 0 0 0
355 1028 716 10 1099 617 437 505 952 1074 340 750 345 178 696 415 167 843 1107 379
508 656 567 378 618 279 504 266 319 780 1089 843 15 429 776 1121 222 20 21 1043
1090 75 782 59 682 312 458 476 636 452 1113 1036 1127 23 326 311 1088 799 554 719
504 762 162 591 237 1020 232 806 863 861 886 609 72 1143 89 916 140 34 331 986
0 0 0 0 0 0 0 0 0 0 0 0 0 0 0 0 0 0 0 0
0 0 0 0 0 0 0 0 0 0 0 0 0 0 0 0 0 0 0 0
1093 15 22 21 345 550 813 882 666 540 598 1037 801 833 49 207 503 611 603 745
453 33 134 495 743 1006 937 376 716 634 939 144 380 608 473 907 275 1115 47 693
608 444 1073 511 82 809 860 879 1097 336 557 844 198 410 63 6 582 761 146 277
128 931 190 550 116 550 865 203 980 687 78 370 780 595 988 533 753 985 683 24
0 0 0 0 0 0 0 0 0 0 0 0 0 0 0 0 0 0 0 0
0 0 0 0 0 0 0 0 0 0 0 0 0 0 0 0 0 0 0 0
804 316 918 835 138 201 251 684 441 262 1011 280 475 877 901 455 770 104 477 497
291 519 930 514 112 305 714 613 952 232 306 652 524 972 964 220 6 650 204 944
985 540 575 1150 487 211 119 247 1060 927 239 343 840 940 113 1096 215 675 398 799
811 400 671 17 509 1130 248 272 755 616 597 547 955 973 59 232 229 951 994 287
0 0 0 0 0 0 0 0 0 0 0 0 0 0 0 0 0 0 0 0
0 0 0 0 0 0 0 0 0 0 0 0 0 0 0 0 0 0 0 0
702 765 186 527 465 612 965 169 527 628 935 369 1089 1120 647 162 75 1074 819 547
357 177 445 147 79 1073 93 1097 870 850 241 146 187 740 415 213 1073 812 377 755
263 1130 541 406 983 1100 732 170 1061 134 178 467 996 1142 670 553 1048 659 35 803
390 785 142 1098 1043 714 95 1037 600 720 606 151 593 1076 400 578 600 149 814 352
0 0 0 0 0 0 0 0 0 0 0 0 0 0 0 0 0 0 0 0
0 0 0 0 0 0 0 0 0 0 0 0 0 0 0 0 0 0 0 0
851 520 672 550 201 627 768 624 492 1060 1 914 985 231 97 902 623 845 521 1074
273 24 598 403 626 692 539 499 644 588 49 1002 505 356 530 871 315 405 105 1093
303 38 263 683 1104 330 946 142 595 869 416 1070 589 588 338 148 94 1016 957 632
462 443 47 96 134 373 10 985 332 921 263 503 281 355 703 560 12 654 907 1003
0 0 0 0 0 0 0 0 0 0 0 0 0 0 0 0 0 0 0 0
0 0 0 0 0 0 0 0 0 0 0 0 0 0 0 0 0 0 0 0
184 823 1028 965 535 45 1020 1048 923 625 222 838 1061 506 570 633 100 1041 1141 1002
666 890 819 438 584 1148 828 542 5 656 641 599 535 241 767 880 478 485 676 544
167 1076 494 131 517 990 404 760 298 715 462 1003 334 550 13 401 1112 684 260 335
604 278 562 101 771 503 886 219 622 543 383 80 252 1007 937 437 1025 203 311 980
0 0 0 0 0 0 0 0 0 0 0 0 0 0 0 0 0 0 0 0
0 0 0 0 0 0 0 0 0 0 0 0 0 0 0 0 0 0 0 0
180 755 714 864 184 501 810 160 182 657 1088 791 276 111 641 477 1028 463 539 546
1069 376 828 778 624 346 1115 269 336 828 147 761 767 532 157 63 650 884 21 211
1016 822 374 858 1023 105 1148 920 1130 1045 531 379 288 888 478 548 400 747 453 994
91 837 754 454 648 542 511 290 727 588 863 933 1128 446 752 1128 516 751 135 857
0 0 0 0 0 0 0 0 0 0 0 0 0 0 0 0 0 0 0 0
0 0 0 0 0 0 0 0 0 0 0 0 0 0 0 0 0 0 0 0
553 256 1075 1046 567 934 108 185 1076 729 706 859 1120 443 758 941 1004 694 699 522
33 690 116 304 1084 876 689 1056 876 638 825 170 552 761 113 782 610 1122 253 1025
1036 1115 34 767 391 685 725 569 787 183 509 900 840 409 1140 736 565 701 501 123
379 176 340 248 173 717 370 604 715 747 430 53 480 1120 808 959 166 261 827 454
0 0 0 0 0 0 0 0 0 0 0 0 0 0 0 0 0 0 0 0
0 0 0 0 0 0 0 0 0 0 0 0 0 0 0 0 0 0 0 0
1043 614 255 949 371 832 968 191 814 840 450 6 890 7 750 303 728 613 850 854
266 156 846 418 505 532 861 583 747 153 39 683 72 874 827 997 269 724 190 835
71 1124 454 119 987 1044 71 231 45 108 778 101 767 1076 923 623 420 196 383 301
471 848 932 135 391 165 236 455 1101 1070 381 336 1016 367 1109 719 1101 1143 953 991
0 0 0 0 0 0 0 0 0 0 0 0 0 0 0 0 0 0 0 0
0 0 0 0 0 0 0 0 0 0 0 0 0 0 0 0 0 0 0 0
769 857 725 748 547 59 992 1020 526 860 669 423 706 593 872 112 737 315 19 1055
124 435 1083 350 644 606 616 949 1081 963 440 93 721 412 570 861 130 811 532 131
88 380 623 253 1014 717 728 201 856 316 284 331 763 1002 1152 231 81 644 590 84
591 289 683 897 683 72 1049 489 535 931 1125 546 697 364 766 917 622 152 460 597
0 0 0 0 0 0 0 0 0 0 0 0 0 0 0 0 0 0 0 0
0 0 0 0 0 0 0 0 0 0 0 0 0 0 0 0 0 0 0 0
40 699 807 982 684 216 979 742 749 350 175 360 865 253 847 784 772 858 396 865
454 203 345 519 69 95 616 797 989 46 258 70 562 338 293 569 547 71 39 748
745 254 235 231 462 372 610 233 305 365 327 827 563 66 718 768 653 451 996 422
213 609 148 1030 664 1125 1099 537 597 868 446 605 998 233 371 939 696 837 521 746
0 0 0 0 0 0 0 0 0 0 0 0 0 0 0 0 0 0 0 0
0 0 0 0 0 0 0 0 0 0 0 0 0 0 0 0 0 0 0 0
459 185 1018 892 829 526 612 361 583 352 1101 298 1118 866 6 329 224 1105 858 909
970 343 77 811 812 388 856 679 155 206 931 124 34 816 281 890 550 553 1096 831
1066 726 822 262 448 286 684 32 601 881 38 592 687 712 281 955 199 528 322 437
358 710 554 536 532 307 244 523 853 194 28 270 183 1046 189 978 482 472 1114 524
0 0 0 0 0 0 0 0 0 0 0 0 0 0 0 0 0 0 0 0
0 0 0 0 0 0 0 0 0 0 0 0 0 0 0 0 0 0 0 0
1141 694 1081 1143 1098 989 601 25 732 925 81 561 1064 219 913 657 395 13 296 20
506 859 695 1100 943 963 964 222 848 756 1144 789 825 441 10 1077 936 863 719 479
992 832 34 457 332 585 947 316 683 241 724 602 402 49 305 1013 87 378 305 777
843 938 171 1142 814 740 572 387 176 911 555 552 19 196 422 120 365 132 284 1134
0 0 0 0 0 0 0 0 0 0 0 0 0 0 0 0 0 0 0 0
0 0 0 0 0 0 0 0 0 0 0 0 0 0 0 0 0 0 0 0
670 833 149 40 1064 853 909 601 171 928 79 14 690 191 164 64 1128 563 658 541
645 97 449 30 115 318 895 744 398 320 15 821 132 462 292 1118 525 1082 96 316
504 868 1030 1109 420 161 290 568 936 183 468 584 49 1112 535 212 192 465 347 929
1138 355 803 667 701 470 414 1056 316 773 636 399 80 256 1024 792 703 5 751 708
0 0 0 0 0 0 0 0 0 0 0 0 0 0 0 0 0 0 0 0
0 0 0 0 0 0 0 0 0 0 0 0 0 0 0 0 0 0 0 0
337 391 1075 540 106 632 293 911 75 370 607 602 342 151 983 77 901 1154 612 481
151 829 619 721 872 232 537 400 1001 1003 915 1008 481 716 914 817 418 968 649 349
369 1018 134 467 448 580 101 149 121 761 262 266 373 609 761 800 929 797 81 298
779 958 440 192 200 677 330 101 1145 813 958 70 673 530 948 77 951 317 316 606
0 0 0 0 0 0 0 0 0 0 0 0 0 0 0 0 0 0 0 0
0 0 0 0 0 0 0 0 0 0 0 0 0 0 0 0 0 0 0 0
627 1043 1126 370 983 713 870 57 871 100 680 450 683 1083 728 1101 840 238 648 277
414 652 1134 216 398 727 771 176 18 253 619 687 58 878 602 1023 86 931 387 705
1054 540 436 269 592 388 280 943 602 277 6 723 521 896 243 601 646 647 1107 399
507 48 144 915 755 178 949 900 988 280 569 417 372 522 862 478 863 156 318 1043
0 0 0 0 0 0 0 0 0 0 0 0 0 0 0 0 0 0 0 0
0 0 0 0 0 0 0 0 0 0 0 0 0 0 0 0 0 0 0 0
1012 55 881 610 554 1 1005 80 921 254 197 447 1128 115 951 716 1053 214 1027 1031
131 1147 872 398 22 249 115 651 1101 39 1031 953 1066 803 672 757 392 940 513 454
161 1063 1027 592 998 1116 555 1129 1029 496 60 366 242 1086 39 1027 1038 1075 389 173
22 1042 1110 546 561 560 157 284 466 454 637 146 931 929 562 83 265 694 720 62
0 0 0 0 0 0 0 0 0 0 0 0 0 0 0 0 0 0 0 0
0 0 0 0 0 0 0 0 0 0 0 0 0 0 0 0 0 0 0 0
372 237 453 1038 1021 858 149 865 562 131 1135 583 1147 1136 641 111 975 441 617 992
391 324 701 533 1065 355 867 51 760 1019 686 1003 554 853 650 446 174 467 718 459
302 521 253 977 621 429 1072 676 428 144 482 784 832 940 68 103 166 604 751 107
410 35 898 394 1066 1107 945 1026 662 634 666 138 220 173 628 229 0 319 834 305
0 0 0 0 0 0 0 0 0 0 0 0 0 0 0 0 0 0 0 0
0 0 0 0 0 0 0 0 0 0 0 0 0 0 0 0 0 0 0 0
812 545 865 878 293 445 886 742 25 826 581 699 957 602 286 945 396 84 437 1054
494 242 965 740 463 977 412 32 557 259 358 502 1003 550 750 701 616 173 1041 352
348 637 1034 940 1040 1021 119 89 767 370 912 653 496 143 350 1014 429 446 234 136
60 113 676 619 444 705 249 688 984 142 508 570 658 646 16 675 848 101 855 876
0 0 0 0 0 0 0 0 0 0 0 0 0 0 0 0 0 0 0 0
0 0 0 0 0 0 0 0 0 0 0 0 0 0 0 0 0 0 0 0
41 1062 84 20 409 283 618 75 75 705 399 791 1067 437 1074 271 790 249 322 399
809 120 87 673 260 398 577 310 1117 962 621 980 257 909 704 1061 949 1151 563 256
781 951 968 356 532 175 49 624 1026 132 246 874 626 816 462 696 539 160 122 724
1045 90 779 571 1019 227 883 50 280 857 1141 1129 720 58 252 360 1107 843 186 911
0 0 0 0 0 0 0 0 0 0 0 0 0 0 0 0 0 0 0 0
0 0 0 0 0 0 0 0 0 0 0 0 0 0 0 0 0 0 0 0
1 837 76 516 922 260 1117 979 740 361 844 643 726 1014 186 76 1112 553 350 667
438 226 500 655 622 309 500 840 35 473 420 110 92 451 511 565 687 469 1102 639
874 1087 756 1092 504 939 909 1140 1074 533 587 344 97 886 1051 552 414 794 441 835
779 1002 770 353 57 776 191 780 567 196 335 635 273 432 147 235 193 75 507 1132
0 0 0 0 0 0 0 0 0 0 0 0 0 0 0 0 0 0 0 0
0 0 0 0 0 0 0 0 0 0 0 0 0 0 0 0 0 0 0 0
5 847 973 365 387 611 616 201 1005 415 272 449 94 913 63 1038 683 114 869 447
200 1135 1088 73 246 189 356 809 317 971 1132 205 437 678 944 875 701 955 1125 614
761 474 970 544 881 431 749 506 881 315 306 187 1150 320 141 725 1122 23 985 583
111 1109 919 10 966 488 872 449 1076 550 688 850 764 867 99 452 972 794 638 12
0 0 0 0 0 0 0 0 0 0 0 0 0 0 0 0 0 0 0 0
0 0 0 0 0 0 0 0 0 0 0 0 0 0 0 0 0 0 0 0
776 125 1097 842 552 614 73 934 1039 329 1005 811 93 467 17 1 317 888 1142 394
134 882 1128 900 727 849 315 5 704 520 500 469 684 163 1115 691 604 551 1016 824
403 843 850 940 476 1057 558 59 247 435 1056 79 964 875 361 89 1141 378 116 1003
369 537 424 634 344 349 359 749 513 138 35 878 77 13 85 677 316 1071 400 50
0 0 0 0 0 0 0 0 0 0 0 0 0 0 0 0 0 0 0 0
0 0 0 0 0 0 0 0 0 0 0 0 0 0 0 0 0 0 0 0
292 191 998 781 544 651 312 550 700 459 830 828 963 401 521 34 286 581 547 99
95 267 823 199 1129 910 456 639 1127 573 214 324 774 392 206 286 652 198 673 1135
813 334 835 551 336 294 262 496 561 832 265 117 913 417 876 468 142 392 620 943
353 282 288 206 200 1058 22 380 82 217 144 632 428 729 732 402 340 1018 13 656
0 0 0 0 0 0 0 0 0 0 0 0 0 0 0 0 0 0 0 0
0 0 0 0 0 0 0 0 0 0 0 0 0 0 0 0 0 0 0 0
244 807 735 308 74 578 1110 54 9 485 627 318 604 24 968 773 49 281 983 148
963 29 1064 848 408 1049 595 296 500 630 310 861 696 1044 1050 1082 459 929 1059 264
4 1133 109 441 223 904 301 876 609 633 1101 602 812 458 780 609 386 171 641 185
737 421 232 479 230 160 626 1076 407 751 1047 672 179 69 928 647 828 1137 307 857
0 0 0 0 0 0 0 0 0 0 0 0 0 0 0 0 0 0 0 0
0 0 0 0 0 0 0 0 0 0 0 0 0 0 0 0 0 0 0 0
137 39 845 944 343 7 679 230 209 582 724 855 883 450 653 964 31 824 25 668
489 205 631 88 588 506 368 240 994 1106 377 185 1034 1088 43 492 705 1066 140 887
66 635 65 373 19 359 64 529 348 1087 554 1030 904 360 570 325 783 1104 145 115
686 947 595 1090 163 614 171 721 904 848 692 963 918 643 409 290 1098 766 414 54
0 0 0 0 0 0 0 0 0 0 0 0 0 0 0 0 0 0 0 0
0 0 0 0 0 0 0 0 0 0 0 0 0 0 0 0 0 0 0 0
520 848 349 253 210 252 575 1120 923 452 904 142 412 660 68 342 137 334 231 1139
189 742 78 217 1086 260 390 388 824 284 1063 988 1059 55 248 424 743 720 1027 500
272 874 533 343 249 52 100 293 463 91 706 399 1096 328 8 394 210 313 458 492
438 476 201 423 857 549 386 197 831 382 60 474 352 505 836 551 750 279 344 7
0 0 0 0 0 0 0 0 0 0 0 0 0 0 0 0 0 0 0 0
0 0 0 0 0 0 0 0 0 0 0 0 0 0 0 0 0 0 0 0
870 521 408 966 343 475 511 25 3 298 667 853 1131 53 524 905 1025 120 250 84
603 935 421 848 877 348 46 612 158 825 24 1047 666 990 5 813 766 241 63 523
345 1075 214 943 995 1093 826 1013 787 704 685 980 1116 356 230 366 1130 286 526 975
298 639 998 1080 208 659 304 1043 258 63 261 1146 651 759 327 362 682 953 899 1094
0 0 0 0 0 0 0 0 0 0 0 0 0 0 0 0 0 0 0 0
0 0 0 0 0 0 0 0 0 0 0 0 0 0 0 0 0 0 0 0
45 1069 194 459 604 616 492 589 1142 514 760 1147 794 1068 178 370 412 699 1016 604
1119 633 227 249 260 712 575 1150 989 540 517 32 154 597 128 227 955 507 799 512
1009 66 1060 496 1097 532 742 667 794 271 627 361 5 487 947 319 952 549 537 75
549 361 643 304 510 16 901 1150 766 81 750 662 1123 1040 882 1004 609 1145 593 570
0 0 0 0 0 0 0 0 0 0 0 0 0 0 0 0 0 0 0 0
0 0 0 0 0 0 0 0 0 0 0 0 0 0 0 0 0 0 0 0
91 402 124 891 561 388 1023 815 632 68 98 153 1107 89 111 486 600 998 150 801
821 1047 220 770 337 66 1052 429 975 610 271 659 1005 409 25 450 251 134 993 287
715 771 763 515 180 797 669 969 450 86 729 60 342 170 1098 1092 455 180 521 788
1123 414 150 318 1130 560 1148 140 465 763 628 188 1012 1104 162 768 759 978 192 125
0 0 0 0 0 0 0 0 0 0 0 0 0 0 0 0 0 0 0 0
0 0 0 0 0 0 0 0 0 0 0 0 0 0 0 0 0 0 0 0
768 629 428 366 60 179 265 118 823 747 425 766 732 755 570 55 233 962 132 295
138 533 289 917 404 453 106 787 66 597 1048 588 1058 805 309 740 457 35 318 152
792 564 349 784 819 457 775 446 774 637 344 556 877 994 951 11 718 503 938 533
182 1100 702 423 784 503 957 488 712 92 268 241 986 78 684 675 187 755 138 292
0 0 0 0 0 0 0 0 0 0 0 0 0 0 0 0 0 0 0 0
0 0 0 0 0 0 0 0 0 0 0 0 0 0 0 0 0 0 0 0
30 804 146 1106 427 402 591 774 937 140 257 911 30 1107 179 470 980 1056 1040 971
842 250 783 740 706 740 942 264 777 840 334 1063 447 668 278 26 1119 196 519 256
418 844 1117 667 218 996 476 726 0 63 1149 486 178 976 109 397 628 955 816 116
1101 1140 886 495 715 417 806 347 342 522 823 738 384 433 1005 282 696 568 253 643
0 0 0 0 0 0 0 0 0 0 0 0 0 0 0 0 0 0 0 0
0 0 0 0 0 0 0 0 0 0 0 0 0 0 0 0 0 0 0 0
1043 1058 133 966 813 0 505 733 926 617 851 196 1072 969 500 1095 222 570 855 300
699 931 126 399 963 550 596 755 901 813 546 1073 286 644 503 922 795 1062 513 499
215 322 137 1009 1105 918 775 828 474 753 967 116 455 957 136 6 521 279 682 96
731 303 281 4 1139 721 66 945 1131 677 109 196 884 879 284 121 257 100 1012 988
0 0 0 0 0 0 0 0 0 0 0 0 0 0 0 0 0 0 0 0
0 0 0 0 0 0 0 0 0 0 0 0 0 0 0 0 0 0 0 0
64 504 1145 917 333 709 1094 734 972 745 482 326 1108 812 1060 335 144 245 1143 308
73 427 311 62 530 964 363 80 87 843 68 577 12 1146 493 1010 224 812 616 605
1084 622 69 272 114 718 1119 994 1048 79 1017 1059 695 143 416 778 129 845 1071 332
799 1122 1013 566 650 721 465 900 467 854 548 58 845 396 330 434 510 625 493 66
0 0 0 0 0 0 0 0 0 0 0 0 0 0 0 0 0 0 0 0
0 0 0 0 0 0 0 0 0 0 0 0 0 0 0 0 0 0 0 0
684 711 937 245 752 224 505 265 91 810 1020 1116 285 284 488 210 35 678 140 94
171 318 245 291 40 1116 61 703 929 347 826 839 1115 74 360 422 1053 58 1106 547
7 418 213 297 571 438 467 410 229 142 406 892 761 93 742 685 53 1004 482 341
1151 566 1141 561 834 1043 72 318 156 43 69 887 624 1052 454 523 1040 1076 382 488
0 0 0 0 0 0 0 0 0 0 0 0 0 0 0 0 0 0 0 0
0 0 0 0 0 0 0 0 0 0 0 0 0 0 0 0 0 0 0 0
865 688 844 860 874 628 375 615 921 296 252 304 237 770 1110 661 1094 1105 311 1076
833 323 948 475 772 677 282 746 959 192 931 1132 143 1124 1049 597 821 395 319 836
148 555 604 974 1069 615 157 449 915 1037 107 100 1020 391 835 574 176 689 211 214
1149 95 587 1097 247 1089 512 247 124 303 1021 158 716 981 684 977 136 946 455 896
0 0 0 0 0 0 0 0 0 0 0 0 0 0 0 0 0 0 0 0
0 0 0 0 0 0 0 0 0 0 0 0 0 0 0 0 0 0 0 0
679 2 817 973 258 296 930 750 316 913 584 198 150 595 431 534 897 994 442 244
503 967 248 706 243 723 151 72 234 960 367 70 429 447 897 1128 1086 821 537 540
905 762 518 884 928 369 277 1087 1137 144 196 743 394 633 1098 612 344 1084 271 660
538 495 303 547 909 994 518 471 619 348 567 933 932 435 676 101 359 1099 629 84
0 0 0 0 0 0 0 0 0 0 0 0 0 0 0 0 0 0 0 0
0 0 0 0 0 0 0 0 0 0 0 0 0 0 0 0 0 0 0 0
755 891 331 328 1057 559 779 740 949 21 408 137 411 149 654 352 731 1098 117 327
229 607 569 990 1008 696 49 335 216 1019 794 586 223 464 1106 1129 791 282 1090 979
1014 208 1098 857 1069 351 69 317 1138 993 1011 516 971 694 784 690 1041 603 931 514
725 198 63 587 698 50 390 1129 99 731 188 606 773 192 77 360 833 364 700 552
0 0 0 0 0 0 0 0 0 0 0 0 0 0 0 0 0 0 0 0
0 0 0 0 0 0 0 0 0 0 0 0 0 0 0 0 0 0 0 0
782 619 665 506 364 897 37 966 66 683 386 9 1113 619 275 680 812 1096 269 214
370 102 255 134 337 315 114 549 60 497 1001 1065 140 1037 128 401 197 812 693 98
325 436 1042 351 249 62 996 863 105 409 97 154 1118 726 72 829 1058 380 223 559
581 818 306 946 768 806 976 140 681 996 527 99 237 345 109 847 160 353 1043 1079
0 0 0 0 0 0 0 0 0 0 0 0 0 0 0 0 0 0 0 0
0 0 0 0 0 0 0 0 0 0 0 0 0 0 0 0 0 0 0 0
571 324 691 282 249 416 692 857 150 109 791 657 841 73 786 984 532 734 793 105
235 288 30 90 1107 100 554 1105 557 678 231 770 739 376 55 202 604 1109 532 920
761 842 425 363 800 852 155 344 1031 1140 1000 1033 473 855 1088 779 315 710 304 632
1129 794 172 832 329 1013 629 715 587 62 125 672 269 101 120 588 647 7 140 399
0 0 0 0 0 0 0 0 0 0 0 0 0 0 0 0 0 0 0 0
0 0 0 0 0 0 0 0 0 0 0 0 0 0 0 0 0 0 0 0
268 1007 350 686 148 851 647 227 659 449 662 748 1050 778 946 124 765 56 365 517
850 63 853 901 11 632 633 416 9 1154 588 33 723 39 987 481 390 467 784 165
60 827 1 102 21 535 791 441 151 975 410 820 977 1102 607 180 905 8 755 482
951 564 1082 716 1104 674 639 564 211 785 529 797 24 474 844 260 610 967 1154 815
0 0 0 0 0 0 0 0 0 0 0 0 0 0 0 0 0 0 0 0
0 0 0 0 0 0 0 0 0 0 0 0 0 0 0 0 0 0 0 0
458 913 821 666 132 929 25 1007 17 547 800 877 797 810 40 520 499 183 159 360
14 1077 539 775 717 870 62 806 483 360 54 1001 99 995 607 629 109 1127 591 506
347 842 570 302 662 444 1114 879 292 1024 611 537 396 860 230 598 154 790 325 99
632 371 643 332 876 966 1053 696 310 39 66 617 55 1143 597 382 270 384 46 1075
0 0 0 0 0 0 0 0 0 0 0 0 0 0 0 0 0 0 0 0
0 0 0 0 0 0 0 0 0 0 0 0 0 0 0 0 0 0 0 0
296 417 1022 501 313 667 1045 275 793 679 864 625 581 716 977 69 234 1080 28 726
645 195 962 346 858 226 228 74 311 933 745 475 393 804 275 948 414 239 1058 332
40 991 832 337 1123 795 974 748 266 351 271 631 603 809 521 452 481 349 1058 241
1080 533 207 406 26 996 673 217 702 976 496 815 120 148 643 709 251 13 689 552
0 0 0 0 0 0 0 0 0 0 0 0 0 0 0 0 0 0 0 0
0 0 0 0 0 0 0 0 0 0 0 0 0 0 0 0 0 0 0 0
914 595 198 45 878 184 284 881 544 544 96 672 273 223 517 607 1012 978 1118 618
53 569 1114 1153 876 471 76 1137 482 366 327 633 270 759 745 700 642 916 985 816
335 157 274 593 70 158 45 116 138 774 838 772 493 1137 1116 829 613 683 120 785
355 546 290 112 29 402 1078 995 552 583 991 964 184 601 795 935 960 103 298 228
0 0 0 0 0 0 0 0 0 0 0 0 0 0 0 0 0 0 0 0
0 0 0 0 0 0 0 0 0 0 0 0 0 0 0 0 0 0 0 0
392 166 104 436 334 449 629 48 1104 775 494 427 793 181 283 652 701 184 42 792
245 688 238 1017 838 465 589 607 476 1006 995 1143 838 860 260 442 153 588 1053 937
1002 310 500 426 1050 539 82 392 524 1010 390 641 1088 0 1081 1069 796 997 491 1152
1090 107 385 943 999 73 12 886 312 732 697 373 138 1047 1152 569 1063 758 597 584
0 0 0 0 0 0 0 0 0 0 0 0 0 0 0 0 0 0 0 0
0 0 0 0 0 0 0 0 0 0 0 0 0 0 0 0 0 0 0 0
454 138 1045 1016 270 466 531 430 54 377 154 321 780 235 657 519 206 589 543 1045
429 99 822 1076 24 572 92 1104 936 314 417 788 358 1074 697 229 855 430 1133 278
288 754 551 133 71 159 403 266 119 1082 973 783 1078 305 699 647 499 959 901 573
786 298 749 457 1094 950 269 778 106 812 282 956 892 1140 356 179 1085 412 960 125
0 0 0 0 0 0 0 0 0 0 0 0 0 0 0 0 0 0 0 0
0 0 0 0 0 0 0 0 0 0 0 0 0 0 0 0 0 0 0 0
103 372 967 490 594 395 1080 194 97 717 770 33 252 279 705 661 876 277 1117 523
332 379 173 394 648 1131 345 48 1 173 1149 74 1058 834 470 1129 1073 610 6 91
877 378 438 1101 427 473 1055 537 586 825 300 215 585 412 350 171 357 694 154 893
398 916 278 731 106 879 371 588 216 393 272 49 405 285 46 1114 189 813 720 1089
0 0 0 0 0 0 0 0 0 0 0 0 0 0 0 0 0 0 0 0
0 0 0 0 0 0 0 0 0 0 0 0 0 0 0 0 0 0 0 0
572 919 125 618 18 252 1140 601 846 342 1051 1128 876 972 162 1087 1091 101 781 67
971 776 151 332 317 317 720 928 841 443 383 474 391 679 482 576 71 704 350 742
222 1078 1074 936 111 141 695 131 102 1146 118 110 725 651 730 270 279 514 149 221
790 671 741 427 181 769 18 369 1094 281 15 1016 814 654 260 896 375 943 1042 128
0 0 0 0 0 0 0 0 0 0 0 0 0 0 0 0 0 0 0 0
0 0 0 0 0 0 0 0 0 0 0 0 0 0 0 0 0 0 0 0
831 358 534 39 335 612 23 621 560 272 890 1153 76 619 1036 1061 193 1050 304 688
366 233 697 832 228 724 134 801 439 122 602 69 927 298 784 271 180 395 461 325
922 318 923 656 477 1110 832 628 1137 77 964 738 1132 321 269 551 688 416 126 606
286 531 549 994 321 976 38 116 627 469 1122 916 715 586 253 54 870 311 972 363
0 0 0 0 0 0 0 0 0 0 0 0 0 0 0 0 0 0 0 0
0 0 0 0 0 0 0 0 0 0 0 0 0 0 0 0 0 0 0 0
161 768 229 167 253 529 1008 504 282 251 288 127 123 1116 678 260 256 21 58 629
135 520 794 762 401 626 320 155 48 394 468 37 640 799 67 392 863 993 294 858
828 260 1111 302 189 781 486 482 1055 585 488 395 1 500 387 728 480 828 21 129
688 531 1073 400 552 984 12 693 58 782 650 53 921 890 260 229 891 792 1119 1016
0 0 0 0 0 0 0 0 0 0 0 0 0 0 0 0 0 0 0 0
0 0 0 0 0 0 0 0 0 0 0 0 0 0 0 0 0 0 0 0
7 884 708 317 995 223 418 684 1025 468 522 1132 714 309 1079 188 178 254 768 105
1136 900 213 1103 203 366 84 267 692 252 1054 302 438 786 306 926 1000 669 84 544
523 307 1005 560 470 511 394 90 935 862 927 799 1018 155 594 1060 784 950 377 1154
814 130 405 466 357 955 347 180 688 533 879 1081 193 843 88 83 1033 494 945 862
0 0 0 0 0 0 0 0 0 0 0 0 0 0 0 0 0 0 0 0
0 0 0 0 0 0 0 0 0 0 0 0 0 0 0 0 0 0 0 0
597 94 910 391 943 166 612 391 744 391 851 957 657 639 413 755 660 597 562 431
370 148 1144 492 589 247 1124 656 488 1131 675 344 1108 1059 843 646 271 1034 755 428
349 443 873 280 887 1143 638 896 608 887 753 601 572 1145 976 657 348 946 113 325
193 801 325 458 291 512 757 0 762 1103 924 573 1153 538 236 168 1154 609 798 940
0 0 0 0 0 0 0 0 0 0 0 0 0 0 0 0 0 0 0 0
0 0 0 0 0 0 0 0 0 0 0 0 0 0 0 0 0 0 0 0
215 808 163 344 449 1008 851 325 225 477 969 160 400 1128 1152 369 256 161 451 804
830 1007 44 64 1041 426 131 851 898 876 523 164 95 886 569 869 1054 78 387 776
1067 527 842 753 1055 708 1125 1121 550 198 269 33 136 684 1083 502 442 679 736 941
339 287 207 544 548 140 9 787 295 930 12 946 1075 510 679 733 491 353 1102 528
0 0 0 0 0 0 0 0 0 0 0 0 0 0 0 0 0 0 0 0
0 0 0 0 0 0 0 0 0 0 0 0 0 0 0 0 0 0 0 0
837 102 26 659 663 756 438 569 168 296 712 921 10 460 1034 673 770 714 686 220
1127 980 623 83 723 247 994 8 75 886 120 502 200 283 668 783 1122 994 846 870
214 309 210 495 284 1021 629 356 678 77 498 485 302 768 428 432 10 651 787 427
1069 743 237 495 806 201 803 36 1028 315 625 873 1028 356 1132 542 431 271 544 600
0 0 0 0 0 0 0 0 0 0 0 0 0 0 0 0 0 0 0 0
0 0 0 0 0 0 0 0 0 0 0 0 0 0 0 0 0 0 0 0
495 51 823 782 744 1041 287 288 175 867 916 580 597 896 836 243 749 800 599 499
110 913 631 1003 9 866 421 234 1017 213 1023 1139 1096 874 847 640 1016 525 306 1143
237 377 377 919 800 1072 485 783 603 969 1018 994 894 474 609 217 856 916 679 458
20 168 217 447 381 926 173 388 312 583 985 705 787 987 368 847 66 1127 440 1147
0 0 0 0 0 0 0 0 0 0 0 0 0 0 0 0 0 0 0 0
0 0 0 0 0 0 0 0 0 0 0 0 0 0 0 0 0 0 0 0
968 770 1096 1004 110 640 1029 411 1140 983 15 321 240 900 579 1049 446 448 693 605
201 126 455 956 658 37 542 409 706 838 508 669 211 996 1031 358 924 706 1 1103
75 1085 174 424 969 53 501 564 282 902 749 651 212 1048 424 29 54 1100 475 601
325 334 379 1032 170 694 65 846 947 196 550 1113 980 371 422 713 695 740 718 197
0 0 0 0 0 0 0 0 0 0 0 0 0 0 0 0 0 0 0 0
0 0 0 0 0 0 0 0 0 0 0 0 0 0 0 0 0 0 0 0
618 535 1082 349 538 446 708 15 887 1037 317 532 882 1043 887 143 945 1110 112 48
256 471 547 446 62 544 233 1049 578 924 312 125 1084 71 836 594 697 486 193 970
219 887 1018 324 62 364 697 957 448 356 238 676 269 1098 957 445 536 793 7 449
1011 657 80 838 1120 434 1068 591 711 205 532 1027 142 291 55 1093 294 275 291 488
0 0 0 0 0 0 0 0 0 0 0 0 0 0 0 0 0 0 0 0
0 0 0 0 0 0 0 0 0 0 0 0 0 0 0 0 0 0 0 0
503 45 1116 626 584 206 369 198 29 669 116 702 748 275 1096 1130 895 755 794 61
1095 176 1126 788 636 1130 1109 830 873 627 175 770 196 114 219 963 1105 107 324 1019
318 487 407 421 656 631 784 875 615 327 467 967 1070 846 210 783 444 847 252 1145
127 355 796 1018 452 709 1081 935 58 131 647 369 2 587 604 443 288 851 72 6
0 0 0 0 0 0 0 0 0 0 0 0 0 0 0 0 0 0 0 0
0 0 0 0 0 0 0 0 0 0 0 0 0 0 0 0 0 0 0 0
719 146 900 732 334 1052 470 827 801 136 887 626 279 196 267 517 595 698 6 323
142 1131 509 820 182 912 615 215 446 842 474 1131 338 629 729 799 173 945 514 2
770 717 1137 887 858 111 927 422 109 586 410 661 766 423 572 498 1060 596 367 650
98 406 771 834 900 856 401 155 689 430 932 908 705 962 561 911 667 968 322 1010
0 0 0 0 0 0 0 0 0 0 0 0 0 0 0 0 0 0 0 0
0 0 0 0 0 0 0 0 0 0 0 0 0 0 0 0 0 0 0 0
682 327 946 776 175 793 731 883 64 759 1153 1010 865 123 661 122 158 898 514 771
257 1147 640 281 1028 987 149 311 466 527 332 122 1020 482 216 890 636 188 911 316
1121 1110 222 692 830 477 125 210 994 436 1071 1140 211 60 669 344 1118 948 876 923
378 569 969 332 322 308 221 1065 712 311 1136 996 252 904 828 427 528 1127 309 340
0 0 0 0 0 0 0 0 0 0 0 0 0 0 0 0 0 0 0 0
0 0 0 0 0 0 0 0 0 0 0 0 0 0 0 0 0 0 0 0
411 632 262 755 755 1089 957 1153 121 172 148 169 71 504 677 808 531 1028 729 741
558 1062 1036 388 429 446 718 969 348 1019 55 177 488 110 146 1009 1062 1083 662 807
447 739 773 774 992 848 351 222 88 584 601 640 1106 605 560 4 798 818 730 665
75 1120 17 1026 336 930 793 882 839 277 395 290 424 432 604 817 962 981 612 729
0 0 0 0 0 0 0 0 0 0 0 0 0 0 0 0 0 0 0 0
0 0 0 0 0 0 0 0 0 0 0 0 0 0 0 0 0 0 0 0
937 403 234 294 739 789 927 122 777 987 221 32 436 437 1124 861 1079 484 922 894
428 494 816 839 259 1121 526 954 386 424 969 184 75 323 609 342 51 356 158 726
455 263 449 175 55 140 986 98 908 447 98 420 131 964 388 415 453 358 465 328
1091 1069 855 942 207 665 851 1121 172 932 285 795 915 523 1000 723 225 703 928 80
0 0 0 0 0 0 0 0 0 0 0 0 0 0 0 0 0 0 0 0
0 0 0 0 0 0 0 0 0 0 0 0 0 0 0 0 0 0 0 0
603 553 780 506 241 747 1071 841 366 153 665 1085 966 18 786 602 636 1041 596 519
702 1008 200 986 731 322 441 424 635 1018 507 1097 225 226 189 322 382 664 513 896
1029 1089 180 238 592 668 152 617 959 805 895 730 627 757 284 165 428 509 491 2
1116 198 395 501 818 632 253 175 944 935 967 1026 1030 1043 55 292 899 949 829 1072
0 0 0 0 0 0 0 0 0 0 0 0 0 0 0 0 0 0 0 0
0 0 0 0 0 0 0 0 0 0 0 0 0 0 0 0 0 0 0 0
771 373 1016 920 35 505 20 1119 1060 990 994 845 449 456 323 1077 561 263 626 327
178 1124 390 86 294 678 363 1141 984 85 168 202 416 629 1003 1011 614 240 498 373
780 911 977 279 700 668 880 908 807 1117 61 835 278 244 1060 882 516 1022 352 615
951 464 1120 942 1016 391 392 643 651 128 509 309 625 682 589 463 821 379 371 1038
0 0 0 0 0 0 0 0 0 0 0 0 0 0 0 0 0 0 0 0
0 0 0 0 0 0 0 0 0 0 0 0 0 0 0 0 0 0 0 0
439 533 400 766 486 977 586 236 227 544 4 578 806 115 772 945 405 766 272 3
286 905 1009 804 108 482 638 310 1109 167 338 269 815 576 443 1066 58 402 678 773
442 616 358 1061 526 892 764 766 325 802 576 1105 1069 658 533 997 4 598 534 646
691 820 1005 872 688 654 2 150 37 628 559 510 213 287 337 1016 1002 626 275 957
0 0 0 0 0 0 0 0 0 0 0 0 0 0 0 0 0 0 0 0
0 0 0 0 0 0 0 0 0 0 0 0 0 0 0 0 0 0 0 0
614 862 507 1085 136 157 615 766 285 775 919 1050 984 930 999 539 562 1143 310 771
196 163 631 800 45 411 157 447 73 1120 328 692 794 313 557 1054 751 179 778 493
1066 84 441 313 586 229 1145 875 831 941 59 438 968 1000 622 778 155 202 819 788
712 283 804 929 758 588 243 1013 437 173 256 730 778 548 1106 550 838 329 1019 218
0 0 0 0 0 0 0 0 0 0 0 0 0 0 0 0 0 0 0 0
0 0 0 0 0 0 0 0 0 0 0 0 0 0 0 0 0 0 0 0
864 446 109 451 113 1095 239 362 642 871 93 281 374 520 536 346 915 744 913 373
735 216 650 388 798 383 1038 1109 515 877 12 88 783 756 900 290 56 9 900 547
1018 508 1112 517 115 697 597 671 361 440 556 88 164 68 1017 319 760 39 246 807
145 844 764 545 1065 1150 102 449 585 779 184 78 1096 242 655 977 384 758 1042 273
0 0 0 0 0 0 0 0 0 0 0 0 0 0 0 0 0 0 0 0
0 0 0 0 0 0 0 0 0 0 0 0 0 0 0 0 0 0 0 0
154 275 837 930 615 871 267 480 845 556 354 920 127 36 772 1132 755 994 192 253
1139 287 716 835 1087 96 452 238 76 797 816 654 560 93 574 225 38 406 28 1025
823 414 344 904 131 903 290 177 174 879 51 1033 190 719 1062 636 288 251 391 522
555 49 791 585 863 1033 395 225 270 722 1119 6 775 1061 123 516 256 458 213 622
0 0 0 0 0 0 0 0 0 0 0 0 0 0 0 0 0 0 0 0
0 0 0 0 0 0 0 0 0 0 0 0 0 0 0 0 0 0 0 0
226 853 897 422 476 1145 887 917 30 628 124 401 188 1065 972 748 439 695 1051 917
623 727 54 725 201 0 944 754 258 1151 250 220 359 279 1065 676 596 583 260 64
870 940 1143 229 587 723 208 889 618 726 484 154 60 747 940 99 800 1103 139 994
1029 758 189 234 78 254 1100 7 935 1026 894 56 983 1144 329 729 479 448 562 611
0 0 0 0 0 0 0 0 0 0 0 0 0 0 0 0 0 0 0 0
0 0 0 0 0 0 0 0 0 0 0 0 0 0 0 0 0 0 0 0
146 651 513 990 18 643 512 376 255 30 889 173 385 463 999 527 1033 372 132 77
510 1052 986 1089 389 854 59 918 845 654 222 841 952 116 663 1128 572 324 412 406
655 341 952 870 232 323 1070 858 991 959 445 1067 972 445 674 59 1154 165 509 565
799 585 593 380 20 1050 86 107 689 966 589 1125 406 378 997 126 966 1035 120 214
0 0 0 0 0 0 0 0 0 0 0 0 0 0 0 0 0 0 0 0
0 0 0 0 0 0 0 0 0 0 0 0 0 0 0 0 0 0 0 0
575 314 810 1060 760 871 314 393 1043 1121 822 152 297 731 120 1090 291 986 461 569
1117 753 807 973 493 43 376 954 540 739 1042 133 879 871 1015 618 643 1088 31 306
1011 1147 197 272 394 320 1040 556 1070 911 200 1048 373 188 1130 653 341 273 651 236
536 280 972 850 371 667 1093 947 494 1126 25 1026 391 1149 16 849 1086 55 437 965
0 0 0 0 0 0 0 0 0 0 0 0 0 0 0 0 0 0 0 0
0 0 0 0 0 0 0 0 0 0 0 0 0 0 0 0 0 0 0 0
572 39 532 806 718 1026 761 200 458 1122 1137 672 600 419 168 127 519 152 702 278
853 1091 521 153 1043 942 878 324 117 530 116 715 691 1097 896 419 1148 1021 283 771
740 759 377 908 187 63 713 244 516 780 1028 666 919 645 1068 507 203 837 43 448
914 663 605 513 607 1123 483 667 681 254 1081 472 669 22 176 1034 862 421 370 1025
0 0 0 0 0 0 0 0 0 0 0 0 0 0 0 0 0 0 0 0
0 0 0 0 0 0 0 0 0 0 0 0 0 0 0 0 0 0 0 0
950 769 1103 373 973 658 1122 597 258 606 122 787 830 58 430 26 19 460 772 610
494 406 377 455 574 584 407 828 513 3 886 162 131 145 1130 967 73 870 342 990
718 869 731 654 1103 1145 980 284 463 357 831 244 509 1046 780 309 426 374 677 674
394 88 1107 1089 563 752 718 731 776 82 505 638 697 559 615 937 1033 655 101 1094
0 0 0 0 0 0 0 0 0 0 0 0 0 0 0 0 0 0 0 0
0 0 0 0 0 0 0 0 0 0 0 0 0 0 0 0 0 0 0 0
180 566 960 52 126 1055 1104 775 755 875 669 1112 680 779 885 1063 89 417 187 909
427 602 125 63 370 361 339 736 334 513 590 882 437 843 654 485 643 76 279 541
561 29 934 457 808 413 549 982 199 886 874 328 281 263 56 62 634 428 987 1101
91 911 611 738 815 225 1103 577 162 895 984 203 1025 1029 640 180 338 906 213 147
0 0 0 0 0 0 0 0 0 0 0 0 0 0 0 0 0 0 0 0
0 0 0 0 0 0 0 0 0 0 0 0 0 0 0 0 0 0 0 0
202 797 1114 404 138 768 254 349 1041 26 31 624 1144 1135 201 201 1144 752 487 583
445 848 78 625 828 845 677 158 278 740 499 986 197 972 217 861 270 1132 590 238
635 1008 1116 318 717 531 355 1105 81 704 497 843 674 302 1061 720 985 944 1044 535
1118 525 297 543 941 1028 1141 420 27 141 819 779 452 416 1004 161 263 825 652 1027
0 0 0 0 0 0 0 0 0 0 0 0 0 0 0 0 0 0 0 0
0 0 0 0 0 0 0 0 0 0 0 0 0 0 0 0 0 0 0 0
363 228 341 776 897 544 209 699 164 515 768 914 552 435 260 755 254 585 142 943
489 728 15 56 471 130 270 211 765 926 378 155 472 268 540 858 866 674 153 860
919 1112 985 15 947 648 407 1146 500 800 715 1106 204 1008 1142 524 423 42 586 473
342 693 469 1055 313 779 935 1072 58 241 693 1147 1070 431 121 131 5 611 227 1104
0 0 0 0 0 0 0 0 0 0 0 0 0 0 0 0 0 0 0 0
0 0 0 0 0 0 0 0 0 0 0 0 0 0 0 0 0 0 0 0
760 360 1004 1135 801 343 1104 811 814 1142 668 1021 1012 321 377 713 908 436 859 668
903 604 797 363 934 399 496 383 656 243 213 666 1032 933 753 936 116 819 590 766
1055 889 85 328 262 1120 1100 291 569 738 1095 579 993 781 805 791 233 938 666 350
1054 40 996 40 463 477 442 70 522 542 638 688 811 577 0 55 344 272 267 922
0 0 0 0 0 0 0 0 0 0 0 0 0 0 0 0 0 0 0 0
0 0 0 0 0 0 0 0 0 0 0 0 0 0 0 0 0 0 0 0
214 322 811 180 1061 626 527 960 1046 383 802 689 191 741 50 245 454 208 845 94
243 311 648 1088 480 786 32 476 1 9 391 1037 487 565 489 1129 822 51 600 538
567 528 817 923 27 610 623 380 815 1109 74 1119 919 979 988 327 341 684 368 406
705 488 336 781 726 411 275 821 1059 54 724 244 564 155 964 66 581 295 192 1128
0 0 0 0 0 0 0 0 0 0 0 0 0 0 0 0 0 0 0 0
0 0 0 0 0 0 0 0 0 0 0 0 0 0 0 0 0 0 0 0
482 308 141 90 497 609 777 1073 466 1139 851 829 629 739 411 19 383 329 414 864
13 837 1146 495 358 168 1144 1067 633 666 1114 1078 569 639 25 858 666 747 473 351
770 676 314 698 651 533 847 61 485 839 449 651 991 269 79 705 292 1093 558 122
715 427 1056 699 867 402 219 179 897 122 371 1059 738 44 107 1008 900 882 236 785
0 0 0 0 0 0 0 0 0 0 0 0 0 0 0 0 0 0 0 0
0 0 0 0 0 0 0 0 0 0 0 0 0 0 0 0 0 0 0 0
49 322 462 11 609 854 1085 1031 941 262 750 92 282 1137 964 617 633 426 879 229
347 1040 793 1097 1124 175 168 971 168 1063 848 1151 49 418 817 328 435 459 586 684
835 331 709 314 244 544 594 420 222 100 957 1077 1132 0 193 807 830 1099 1057 709
801 532 262 940 601 1087 1073 1144 766 455 559 247 497 928 1119 776 701 5 266 800
0 0 0 0 0 0 0 0 0 0 0 0 0 0 0 0 0 0 0 0
0 0 0 0 0 0 0 0 0 0 0 0 0 0 0 0 0 0 0 0
957 328 51 902 257 102 203 658 1039 152 1037 1134 118 430 401 653 433 784 536 367
321 612 448 968 196 809 605 955 805 126 556 737 665 770 446 288 294 1030 232 747
194 687 617 899 366 907 661 524 841 763 315 625 713 254 331 698 1148 2 41 187
73 66 1107 744 772 1134 275 677 1130 224 782 1145 969 670 318 722 639 828 533 380
0 0 0 0 0 0 0 0 0 0 0 0 0 0 0 0 0 0 0 0
0 0 0 0 0 0 0 0 0 0 0 0 0 0 0 0 0 0 0 0
777 1033 487 512 605 173 729 915 712 540 300 1140 618 397 670 2 1084 943 152 632
375 520 352 107 142 1014 233 749 832 573 912 874 859 864 971 406 957 279 538 841
686 628 843 46 158 33 159 1134 52 39 1098 615 1056 258 8 903 209 281 718 737
770 937 83 904 203 770 846 675 279 443 996 34 135 748 1007 981 868 113 64 624
0 0 0 0 0 0 0 0 0 0 0 0 0 0 0 0 0 0 0 0
0 0 0 0 0 0 0 0 0 0 0 0 0 0 0 0 0 0 0 0
333 954 842 816 238 387 293 170 290 550 776 120 268 280 41 1006 730 257 627 1130
501 1080 1093 647 747 1079 8 619 1141 611 416 31 1060 332 373 18 778 1137 932 793
285 1135 212 322 65 822 1000 306 732 871 360 433 30 733 985 608 102 325 249 540
953 128 759 1117 717 35 272 550 1141 813 1084 1034 113 517 1114 79 1025 219 36 476
0 0 0 0 0 0 0 0 0 0 0 0 0 0 0 0 0 0 0 0
0 0 0 0 0 0 0 0 0 0 0 0 0 0 0 0 0 0 0 0
367 1058 712 262 285 679 391 876 570 537 845 979 694 121 56 442 601 1080 871 214
634 647 58 118 178 655 508 19 574 275 442 340 947 475 1064 454 305 782 104 1123
693 227 1084 1153 935 418 782 1124 739 479 591 419 475 657 821 1124 98 956 1005 257
621 664 864 508 406 801 54 1038 550 230 510 490 259 554 227 828 455 566 11 244
0 0 0 0 0 0 0 0 0 0 0 0 0 0 0 0 0 0 0 0
0 0 0 0 0 0 0 0 0 0 0 0 0 0 0 0 0 0 0 0
529 114 947 823 343 103 1058 523 36 43 588 245 470 688 895 882 694 883 528 895
827 844 658 797 209 1037 797 142 727 700 987 1010 343 133 9 371 1142 780 633 975
403 179 701 1008 372 783 299 687 244 405 84 1084 669 163 710 146 385 615 940 122
700 648 987 1143 904 1053 492 1081 983 488 5 813 838 751 567 687 718 737 774 1093
0 0 0 0 0 0 0 0 0 0 0 0 0 0 0 0 0 0 0 0
0 0 0 0 0 0 0 0 0 0 0 0 0 0 0 0 0 0 0 0
693 1146 387 1066 583 1086 136 528 1024 467 847 24 414 26 970 1092 93 247 1148 1141
36 85 638 491 93 202 826 987 254 57 59 597 1029 551 139 940 68 1037 198 508
117 173 472 613 444 404 391 527 800 269 163 338 634 375 874 193 1069 598 146 770
599 457 1000 83 270 914 576 439 856 205 1100 310 804 289 984 1056 468 770 339 759
0 0 0 0 0 0 0 0 0 0 0 0 0 0 0 0 0 0 0 0
0 0 0 0 0 0 0 0 0 0 0 0 0 0 0 0 0 0 0 0
680 485 425 639 767 835 739 448 784 806 945 431 503 1060 113 526 1048 35 776 356
952 599 226 435 1113 671 422 211 879 465 461 941 149 111 739 139 719 419 90 388
66 470 1021 758 1063 131 1111 624 762 221 773 716 358 532 664 810 4 1073 1154 1048
577 296 637 580 770 647 211 735 913 345 486 369 1090 743 694 182 926 369 186 897
0 0 0 0 0 0 0 0 0 0 0 0 0 0 0 0 0 0 0 0
0 0 0 0 0 0 0 0 0 0 0 0 0 0 0 0 0 0 0 0
547 755 268 1014 136 682 92 1021 486 840 284 263 1017 150 726 765 1077 1143 1108 605
901 987 283 275 683 1094 664 319 1065 942 293 1043 741 419 975 136 81 949 995 620
960 102 46 645 298 835 937 430 51 134 841 631 504 608 986 1083 517 975 597 1046
1100 498 1044 232 942 150 791 473 1041 767 634 1130 859 90 948 793 733 1140 426 20
0 0 0 0 0 0 0 0 0 0 0 0 0 0 0 0 0 0 0 0
0 0 0 0 0 0 0 0 0 0 0 0 0 0 0 0 0 0 0 0
961 479 1072 884 779 724 325 165 518 734 737 1082 1113 1072 603 904 251 430 12 276
949 303 138 349 271 96 941 13 763 742 283 549 934 925 471 919 654 1145 230 450
402 489 379 43 887 154 720 206 366 280 963 38 308 620 81 140 142 734 561 605
400 1060 1115 902 1024 234 1021 614 1063 1038 944 426 531 171 608 856 895 378 294 73
0 0 0 0 0 0 0 0 0 0 0 0 0 0 0 0 0 0 0 0
0 0 0 0 0 0 0 0 0 0 0 0 0 0 0 0 0 0 0 0
147 827 107 950 1068 329 1094 96 543 179 20 770 572 726 1084 778 58 30 1078 295
241 1127 973 527 40 4 332 1114 951 422 227 1032 429 719 27 532 645 454 1107 145
483 994 768 883 645 498 328 1009 617 867 288 1010 265 412 962 656 747 553 752 1148
111 1146 962 879 22 40 591 689 179 903 456 460 712 1074 207 103 803 3 632 477
0 0 0 0 0 0 0 0 0 0 0 0 0 0 0 0 0 0 0 0
0 0 0 0 0 0 0 0 0 0 0 0 0 0 0 0 0 0 0 0
1030 991 145 77 178 516 757 764 736 390 964 44 103 1059 1093 918 608 348 237 468
96 782 309 78 402 999 331 489 894 446 954 1025 399 884 754 345 451 172 90 961
670 77 680 259 414 833 944 1062 249 221 759 968 1113 555 766 1124 1108 111 501 1061
591 1 798 681 596 749 709 532 39 506 644 428 969 265 346 809 529 1096 77 425
0 0 0 0 0 0 0 0 0 0 0 0 0 0 0 0 0 0 0 0
0 0 0 0 0 0 0 0 0 0 0 0 0 0 0 0 0 0 0 0
98 1110 303 467 158 339 606 1128 192 177 471 1053 27 284 373 945 871 798 571 361
1068 1082 874 279 337 98 707 220 196 451 896 935 931 938 266 826 36 892 992 244
378 191 258 982 849 1109 94 29 227 525 53 541 961 678 54 361 591 757 1028 100
405 3 278 170 251 1068 264 1030 1079 505 336 1127 423 239 372 454 467 273 652 584
0 0 0 0 0 0 0 0 0 0 0 0 0 0 0 0 0 0 0 0
0 0 0 0 0 0 0 0 0 0 0 0 0 0 0 0 0 0 0 0
852 599 600 981 174 846 293 743 1077 1147 51 1079 1080 994 312 43 17 336 473 206
320 539 1004 594 975 270 594 640 539 537 110 647 615 25 411 880 380 1142 992 9
152 342 32 957 1074 803 376 474 1059 250 103 592 454 916 938 815 77 1138 204 193
690 1119 616 393 442 670 918 357 1043 332 304 690 84 271 843 249 745 148 1039 127
0 0 0 0 0 0 0 0 0 0 0 0 0 0 0 0 0 0 0 0
0 0 0 0 0 0 0 0 0 0 0 0 0 0 0 0 0 0 0 0
1050 725 978 160 732 299 806 988 663 807 842 96 1037 982 594 386 860 295 148 43
594 146 263 930 661 633 352 223 562 1015 689 206 828 320 261 24 29 1005 938 455
648 608 751 279 763 228 5 1137 239 19 881 1142 1111 152 910 1143 1131 923 436 857
502 906 680 56 235 1065 871 582 706 804 855 1066 937 1015 662 1048 296 279 551 423
0 0 0 0 0 0 0 0 0 0 0 0 0 0 0 0 0 0 0 0
0 0 0 0 0 0 0 0 0 0 0 0 0 0 0 0 0 0 0 0
777 593 280 287 1078 385 81 293 242 511 1055 72 7 926 489 896 536 101 973 485
206 587 691 183 1070 1065 1056 259 282 850 1030 595 1020 885 778 1059 383 298 45 189
103 432 860 509 806 110 603 661 306 309 38 848 744 390 876 406 225 147 42 401
312 415 981 459 760 1130 296 1133 689 568 12 572 381 280 905 561 1061 374 252 224
0 0 0 0 0 0 0 0 0 0 0 0 0 0 0 0 0 0 0 0
0 0 0 0 0 0 0 0 0 0 0 0 0 0 0 0 0 0 0 0
488 279 1038 642 909 557 504 802 681 390 113 487 991 915 655 41 121 1072 945 749
843 431 765 201 345 153 1110 35 443 779 1098 940 175 662 915 41 1098 500 905 1040
729 833 483 178 886 1118 877 468 233 452 886 727 579 1055 845 1027 1071 826 816 817
799 157 256 180 248 165 118 822 615 260 1119 367 672 437 864 843 1128 911 207 9
0 0 0 0 0 0 0 0 0 0 0 0 0 0 0 0 0 0 0 0
0 0 0 0 0 0 0 0 0 0 0 0 0 0 0 0 0 0 0 0
6 61 46 1006 161 845 204 564 377 293 1073 690 48 868 660 37 881 750 193 0
64 883 115 435 887 1046 855 309 956 1003 1148 445 610 82 779 199 389 190 1138 977
753 519 654 73 810 1093 255 722 106 1071 975 393 511 625 781 1067 324 987 644 200
415 954 991 941 923 814 511 759 1017 75 236 546 1052 761 1058 697 571 666 388 363
0 0 0 0 0 0 0 0 0 0 0 0 0 0 0 0 0 0 0 0
0 0 0 0 0 0 0 0 0 0 0 0 0 0 0 0 0 0 0 0
131 274 595 826 611 370 893 2 1031 706 436 814 455 426 105 347 123 633 553 501
886 627 918 987 882 1119 534 947 916 410 739 459 1021 636 989 972 776 483 371 314
760 581 328 572 879 891 473 774 581 1028 52 937 692 1001 485 75 360 10 717 744
1145 23 906 916 533 1148 823 128 660 1040 1058 963 237 396 460 653 901 1082 400 708
0 0 0 0 0 0 0 0 0 0 0 0 0 0 0 0 0 0 0 0
0 0 0 0 0 0 0 0 0 0 0 0 0 0 0 0 0 0 0 0
890 445 397 386 651 768 969 161 783 572 354 1130 765 129 1077 750 229 1018 116 1152
826 437 165 1124 772 804 196 677 512 891 670 438 215 530 847 847 953 1091 1028 488
973 777 147 692 936 275 191 317 861 260 814 159 766 374 786 214 49 452 961 1070
449 735 774 485 714 660 1093 1061 630 981 1134 250 899 676 253 781 172 519 964 675
0 0 0 0 0 0 0 0 0 0 0 0 0 0 0 0 0 0 0 0
0 0 0 0 0 0 0 0 0 0 0 0 0 0 0 0 0 0 0 0
524 51 486 41 966 887 859 104 400 893 1142 652 628 402 302 321 885 537 1007 1078
1137 137 660 266 747 1012 932 187 364 487 383 1092 17 1143 957 172 755 214 444 786
638 1123 476 0 205 676 557 417 601 891 181 119 1005 906 151 735 601 1154 706 1
94 41 1118 1085 1016 826 200 419 637 493 141 593 921 885 235 601 232 777 140 772
0 0 0 0 0 0 0 0 0 0 0 0 0 0 0 0 0 0 0 0
0 0 0 0 0 0 0 0 0 0 0 0 0 0 0 0 0 0 0 0
1137 780 802 90 424 318 1023 592 88 964 435 613 773 521 806 442 1138 703 787 782
1031 396 426 295 273 31 186 1107 217 322 1024 341 935 241 911 418 963 526 392 830
807 249 688 714 1014 490 35 60 231 1097 667 812 468 232 40 775 1144 144 623 775
1022 503 1106 599 32 105 771 665 945 297 978 121 625 414 541 7 56 449 653 636
0 0 0 0 0 0 0 0 0 0 0 0 0 0 0 0 0 0 0 0
0 0 0 0 0 0 0 0 0 0 0 0 0 0 0 0 0 0 0 0
314 364 34 1105 872 211 183 1137 25 398 723 541 843 398 1125 860 286 1118 173 970
1043 548 1031 205 960 588 737 27 637 135 106 352 161 979 456 920 95 660 860 570
1149 533 521 1022 174 29 807 651 227 229 1097 856 592 997 807 940 135 60 1116 824
114 370 96 580 938 587 235 976 16 377 505 989 509 496 28 143 789 1043 314 557
0 0 0 0 0 0 0 0 0 0 0 0 0 0 0 0 0 0 0 0
0 0 0 0 0 0 0 0 0 0 0 0 0 0 0 0 0 0 0 0
267 276 12 978 371 582 960 431 157 400 729 210 706 272 385 874 234 785 600 593
743 74 519 244 326 731 685 1138 318 696 406 267 579 1027 451 387 221 800 171 984
878 366 988 850 143 138 387 1091 376 51 973 458 669 268 7 735 547 741 458 1026
555 190 516 243 722 891 844 785 823 508 1083 143 302 539 1062 793 785 325 751 741
0 0 0 0 0 0 0 0 0 0 0 0 0 0 0 0 0 0 0 0
0 0 0 0 0 0 0 0 0 0 0 0 0 0 0 0 0 0 0 0
748 748 0 0 0 0 0 0 0 0 0 0 0 0 0 0 0 0 0 0 0 0
4205 4205 860 1146 699 583 1095 818 530 440 1024 985 1019 371 39 749 259 53 412 1132 795 338
1998 2010 1150 866 920 458 516 661 921 687 584 1035 581 175 663 740 437 66 1127 176 124 746
938 1058 653 840 835 410 902 167 865 466 839 99 86 517 1134 267 621 351 882 767 1061 683
3519 3519 554 1042 506 422 580 287 299 1073 323 1055 44 341 68 47 127 259 364 618 556 608
1187 1201 47 289 931 415 509 589 839 897 842 1133 400 318 1127 396 747 993 802 92 630 1027
3581 3610 999 909 148 995 526 230 418 1034 1117 1009 252 15 365 764 1024 563 12 128 386 699
3353 3563 483 343 189 245 588 833 1120 1148 231 476 406 308 1099 154 357 266 574 721 742 63
225 225 132 11 814 1001 363 121 352 1023 1045 990 275 297 253 726 638 803 671 517 187 495
1842 1842 210 78 768 1137 276 39 333 792 36 903 513 384 711 69 546 462 63 294 1014 291
1322 1335 150 399 318 180 1083 831 558 666 435 456 267 0 414 225 78 342 321 153 936 1086
365 4668 714 105 900 372 1047 902 901 1144 1019 32 645 1091 965 974 41 775 439 891 400 856
2052 2052 300 735 895 225 820 870 310 170 1115 405 285 905 1070 380 520 935 350 1065 155 620
3799 3808 537 466 941 779 76 539 312 359 868 616 792 641 992 970 269 244 793 347 453 320
1342 1345 834 83 866 1137 221 204 729 620 744 423 327 269 343 921 55 954 706 485 233 875
1403 2082 247 514 378 358 1032 490 867 902 249 860 404 327 769 212 621 473 890 954 78 883
3847 3847 0 0 0 0 0 0 0 0 0 0 0 0 0 0 0 0 0 0 0 0
4260 4265 906 774 1015 220 381 895 222 673 919 867 853 1074 761 792 232 3 1131 657 1055 494
4655 4668 1011 861 688 576 102 891 313 195 312 731 1094 195 298 393 967 817 623 856 178 245
83 1452 734 30 980 704 662 946 958 934 694 209 20 1042 714 598 642 1021 610 217 1056 857
3873 3873 464 285 922 82 1093 272 720 398 158 1149 1124 308 65 725 868 13 76 315 583 733
1860 1872 620 410 998 549 881 559 197 1076 919 813 25 833 644 612 755 1116 717 819 602 792
4060 4068 1078 1100 710 604 366 804 111 690 545 270 585 1084 8 866 797 348 781 401 55 491
871 1171 953 762 925 512 521 22 268 348 1141 82 402 981 686 889 26 404 794 805 201 1136
3611 3611 225 360 1140 480 165 30 150 660 495 990 435 495 465 225 30 240 45 60 585 270
2881 2884 851 251 702 471 727 582 215 431 620 397 666 379 112 141 198 975 1108 389 660 776
4895 4905 312 570 288 969 1146 957 1047 1011 936 420 219 93 162 75 1056 960 192 918 708 495
2113 2416 167 812 899 23 600 312 219 1002 464 706 347 670 505 1082 88 1027 277 8 98 190
696 696 330 165 330 330 990 990 0 0 825 165 330 495 0 330 660 825 825 330 0 660
2164 2180 1 415 1090 137 660 136 135 871 858 855 576 324 117 930 270 1017 533 491 375 991
3627 3655 931 1067 636 256 807 1031 247 410 765 365 777 732 234 768 956 1139 163 26 1106 147
515 3362 605 118 372 216 371 807 377 244 802 620 389 750 19 91 506 695 901 14 181 724
112 112 829 993 653 740 1134 606 921 620 549 431 707 314 323 553 1101 637 954 326 635 376
4551 4562 353 622 864 471 613 501 1011 1083 809 77 753 220 719 1018 904 673 245 671 317 705
2817 2827 686 710 276 915 251 225 1068 1087 475 385 176 894 240 24 1122 568 901 532 635 339
31 3610 872 1144 969 1108 1079 133 734 169 429 511 1082 426 999 420 697 647 154 463 1019 64
2573 2573 401 789 954 637 945 683 659 623 756 463 104 565 977 682 169 785 520 533 50 1044
1224 1243 1033 68 692 662 106 102 420 698 1103 836 571 134 1116 427 750 140 594 637 603 970
2208 2232 229 367 1025 55 1039 753 968 379 212 860 428 309 973 1115 264 199 28 621 346 938
146 3836 206 126 84 677 1084 484 5 618 940 482 784 1023 431 172 189 410 1126 1104 386 769
765 765 638 102 761 871 385 203 936 1140 166 209 896 244 460 46 363 1142 201 105 830 885
4347 4359 1141 879 616 953 1100 720 1046 265 172 966 309 768 323 687 545 646 908 738 352 230
4224 4251 769 1008 863 339 917 402 415 1106 784 146 236 752 773 224 310 250 1084 65 466 75
1670 3942 1010 398 1043 969 991 996 806 29 161 20 1022 126 612 599 435 808 928 1 86 162
3896 3896 0 0 0 0 0 0 0 0 0 0 0 0 0 0 0 0 0 0 0 0
330 343 918 616 101 1131 988 629 583 354 470 8 71 1015 1151 921 521 306 239 716 320 610
2123 2159 575 975 109 911 18 495 808 507 192 1 1151 1131 987 491 747 988 717 721 201 837
1734 4541 966 366 290 1039 984 562 46 432 408 1047 622 668 363 1070 926 406 886 562 862 821
1928 1928 0 0 0 0 0 0 0 0 0 0 0 0 0 0 0 0 0 0 0 0
3840 3856 341 3 511 467 882 837 131 512 986 1090 131 409 721 936 1086 344 50 812 1109 125
1782 1815 422 44 1043 1086 306 159 677 872 225 495 453 1069 808 829 1055 786 972 2 122 912
410 515 561 627 242 198 407 990 704 330 154 682 308 1067 198 484 1089 33 858 539 660 308
1313 1313 254 910 819 460 513 527 843 1055 960 1013 894 986 296 615 724 749 422 610 1131 34
3949 3959 145 717 171 213 665 386 471 540 11 1130 41 441 873 529 793 183 3 279 299 721
2582 2600 877 463 322 398 951 15 659 102 152 628 869 571 173 872 277 667 160 65 673 984
18 1008 320 135 49 772 1004 424 856 160 216 1151 483 1111 753 45 671 1102 260 955 646 1115
4214 4214 0 0 0 0 0 0 0 0 0 0 0 0 0 0 0 0 0 0 0 0
2841 2854 243 138 522 297 126 687 759 369 0 1050 795 138 474 327 273 468 534 909 927 381
1545 1564 989 907 893 636 217 966 832 524 130 371 368 72 719 324 88 766 144 1058 1045 501
1328 3933 1003 113 904 819 296 1106 832 289 532 456 654 225 167 778 192 925 818 701 913 436
274 274 824 120 743 286 904 495 1018 178 61 271 756 72 838 313 782 117 875 964 967 53
2179 2186 750 77 1117 10 1097 542 782 30 888 85 569 597 7 212 152 986 384 285 982 469
2679 2684 685 679 362 683 755 844 393 1045 73 632 228 10 1011 652 1061 1096 890 292 397 709
689 2285 454 715 834 756 687 747 873 1060 722 760 549 874 559 446 116 257 1092 813 404 14
4721 4721 348 276 187 721 1003 297 946 21 541 800 976 1080 654 479 172 436 369 119 926 1010
3238 3242 0 0 0 0 0 0 0 0 0 0 0 0 0 0 0 0 0 0 0 0
2792 2808 892 152 1028 1029 901 460 821 903 326 138 462 571 600 1153 204 1116 818 842 370 15
508 4074 1029 1020 1153 35 841 765 462 641 877 774 178 257 59 82 242 203 540 1154 836 1031
411 411 256 760 65 188 92 293 73 285 1000 829 260 352 74 597 18 977 552 356 1144 1030
2563 2573 474 1112 706 325 556 298 358 297 43 555 665 18 146 53 256 575 109 172 170 24
584 592 552 1056 504 942 438 76 1143 206 1122 427 209 1123 875 534 224 390 85 322 382 1064
577 893 789 432 1137 906 945 972 396 675 1047 189 1137 957 876 255 741 363 57 174 696 570
3150 3150 489 981 372 273 351 24 651 903 864 738 102 258 612 231 339 687 240 255 540 489
575 582 404 206 231 395 619 156 987 28 351 28 877 222 548 721 910 798 735 135 282 393
3541 3560 342 592 471 470 1062 377 145 722 429 239 34 737 496 616 303 284 31 214 523 1092
446 1133 703 130 471 57 1067 847 921 779 387 741 461 568 601 347 296 1008 118 1008 139 306
768 768 330 330 759 561 330 660 1023 99 693 792 429 165 0 66 99 99 297 132 660 264
1702 1709 426 277 834 105 466 71 41 152 305 58 414 628 723 67 497 138 1065 391 1015 921
4442 4442 0 0 0 0 0 0 0 0 0 0 0 0 0 0 0 0 0 0 0 0
824 1012 797 674 453 342 232 807 1059 393 1014 1123 483 622 658 1131 966 299 250 739 722 92
3354 3354 1041 30 291 723 558 159 315 672 369 768 978 72 1044 48 720 621 582 870 24 18
1025 1028 911 679 420 1116 839 950 126 927 869 746 201 487 137 411 13 358 962 951 398 813
871 877 449 1095 540 377 783 736 608 258 244 964 140 612 169 1067 580 120 826 1040 416 518
812 1498 940 459 211 32 940 890 31 500 722 235 952 735 1045 511 831 410 479 51 89 398
2998 2998 254 90 876 730 832 703 169 244 92 335 36 1146 1148 972 1087 786 1120 474 193 13
2122 2125 156 107 312 378 21 600 50 614 582 980 1092 454 809 350 789 504 384 650 972 504
946 952 1133 323 848 996 808 113 292 294 1044 932 99 678 792 1009 1033 515 734 582 810 602
1145 2700 305 225 715 132 1020 470 238 516 584 1088 1046 1073 500 584 714 567 1144 821 165 1146
1231 1231 0 0 0 0 0 0 0 0 0 0 0 0 0 0 0 0 0 0 0 0
2970 2974 336 286 741 6 36 738 1110 13 635 556 769 1114 677 565 585 66 277 92 913 1011
314 343 16 178 28 935 291 563 442 379 962 101 540 622 270 554 707 897 393 254 900 410
120 3017 1076 1055 1015 541 7 476 195 1 941 390 702 1101 212 506 592 999 344 601 38 91
312 312 1131 608 153 397 847 160 1030 446 541 605 614 560 480 765 186 735 940 180 232 437
149 167 114 759 55 900 504 433 909 680 289 979 1106 106 701 423 301 1127 97 569 473 941
4694 4695 705 318 513 204 414 168 921 45 120 162 24 1035 855 78 522 474 501 861 66 1014
252 461 545 735 422 702 70 436 107 307 278 730 752 1031 485 254 899 809 35 226 888 915
2196 2196 1014 975 378 42 765 276 819 405 129 321 606 675 774 291 792 1035 864 1047 123 1023
543 561 332 948 669 391 697 215 296 36 114 605 57 565 703 641 576 872 1088 708 1 1115
1944 1983 589 809 1076 1154 573 801 84 194 873 821 226 1074 1093 424 40 501 533 841 633 686
370 2225 788 993 641 1068 511 1102 274 575 158 898 151 839 94 814 425 895 998 949 828 583
44 44 0 0 0 0 0 0 0 0 0 0 0 0 0 0 0 0 0 0 0 0
4863 4868 843 1142 949 1128 164 956 799 889 223 437 101 1033 940 256 690 53 725 537 545 69
2796 2824 429 1062 198 198 429 282 480 948 309 603 573 978 1020 861 540 1101 1128 1110 78 843
2070 2130 849 363 496 1128 51 464 26 365 672 296 743 895 63 930 550 892 123 465 129 216
1625 1625 480 105 330 315 270 765 600 735 975 375 105 675 225 480 120 90 195 765 1050 255
3232 3240 173 749 173 1058 760 814 145 123 864 220 973 1021 692 240 80 376 76 370 407 605
1000 1017 382 574 205 1059 786 767 520 22 253 298 334 537 1069 222 797 1025 1153 204 706 573
69 184 750 726 408 6 681 144 159 729 432 381 1071 537 972 243 222 105 930 192 708 222
1853 1853 250 608 12 212 114 92 24 767 179 651 35 596 282 411 814 748 266 586 821 611
1834 1836 966 870 12 768 102 819 566 648 1100 97 772 326 263 864 447 1078 1146 949 25 561
829 864 384 1033 164 535 805 202 11 260 469 1013 1035 1065 850 172 757 591 823 709 60 689
1507 2442 535 875 55 1085 325 215 380 1120 425 430 105 1005 1105 150 230 750 855 600 665 585
2831 2831 255 120 225 930 240 1065 435 630 345 255 150 555 915 0 585 435 720 1065 390 90
79 84 885 117 1052 694 754 1051 368 490 794 1082 421 849 319 512 405 90 661 482 386 1153
1925 1948 0 0 0 0 0 0 0 0 0 0 0 0 0 0 0 0 0 0 0 0
1181 1251 263 448 773 742 739 670 930 113 1021 337 506 33 19 58 312 1054 273 1044 567 227
4659 4659 70 781 637 434 259 369 908 630 1091 231 1083 90 674 1058 501 680 437 786 70 1045
136 143 369 307 783 277 1109 95 155 887 381 806 867 930 472 1043 846 251 440 1029 891 846
823 861 738 68 204 523 236 1145 1045 1019 833 905 966 292 526 1152 705 880 182 501 463 721
3194 4234 55 335 723 56 747 871 299 273 1142 153 1144 291 478 472 91 125 154 236 549 672
4344 4344 659 941 1027 678 988 919 751 1016 1075 311 187 114 1096 371 168 450 622 411 463 704
3595 3611 137 492 409 884 132 29 991 783 84 302 453 430 675 98 1047 992 486 793 489 958
4223 4252 1006 1142 1011 903 771 990 980 976 502 947 499 218 328 445 667 171 748 298 1153 419
2984 4891 366 678 1098 435 198 647 828 789 442 368 431 716 260 100 516 992 605 512 937 856
3926 3926 0 0 0 0 0 0 0 0 0 0 0 0 0 0 0 0 0 0 0 0
2110 2117 1134 1141 541 213 856 569 31 1040 838 656 1115 460 197 429 403 848 969 212 810 1108
1580 1595 1024 919 563 300 890 294 548 342 581 544 783 634 679 490 74 147 256 459 987 64
306 370 855 485 445 1040 80 160 885 85 1010 655 460 680 470 765 595 390 710 825 690 15
790 790 809 552 19 295 942 105 336 234 372 400 125 1145 819 844 847 1069 364 899 373 453
1210 1227 1047 855 380 290 357 226 68 721 976 239 1067 859 625 81 531 416 947 215 529 233
982 1004 1139 189 82 798 830 488 641 1131 1085 447 943 789 1105 717 18 680 93 153 452 674
1193 3538 127 572 707 417 971 289 503 73 364 233 455 786 1152 909 854 326 566 77 833 714
3312 3312 345 237 832 688 375 61 369 245 1145 474 72 987 1081 732 703 279 192 448 761 867
2447 2464 991 171 382 1106 547 249 818 425 341 1025 131 734 709 772 102 623 697 54 263 328
3138 3167 1153 809 886 832 923 620 886 845 815 884 736 31 1144 898 805 20 1031 801 321 710
266 274 0 0 0 0 0 0 0 0 0 0 0 0 0 0 0 0 0 0 0 0
3077 3077 1010 1067 345 668 639 746 932 179 703 361 793 673 1097 492 531 454 590 423 875 104
2745 2761 692 592 132 209 232 439 9 956 176 358 299 618 534 1068 597 82 121 104 455 886
3248 3265 970 760 450 727 766 870 15 446 843 634 716 453 708 155 741 777 210 914 1066 639
151 561 630 465 100 1145 350 560 550 470 920 155 235 210 400 630 790 1070 715 630 675 485
512 512 0 0 0 0 0 0 0 0 0 0 0 0 0 0 0 0 0 0 0 0
164 173 1091 577 799 197 466 1101 4 695 278 963 734 637 836 705 1131 654 591 547 1014 1066
2716 2752 472 4 661 673 426 728 70 377 876 116 67 84 185 872 1057 514 1073 60 702 1096
417 1111 1061 842 971 664 1094 649 873 1058 270 541 98 700 803 70 616 180 426 863 339 1054
1495 1495 839 775 286 429 463 616 538 199 227 81 365 951 175 74 1134 1081 575 711 1061 821
54 57 79 521 745 561 591 426 931 399 604 668 1102 893 327 138 316 190 774 655 227 525
325 340 378 499 1020 321 799 449 1059 859 66 693 580 113 630 1097 721 900 863 105 385 858
1227 2249 355 1137 300 1066 565 835 468 624 722 184 1123 600 1029 358 629 841 400 589 358 834
1562 1562 1145 710 902 819 1025 778 1119 12 351 1123 534 347 1109 886 668 195 420 599 494 769
2880 2889 396 828 683 176 427 624 295 727 593 164 86 477 1096 343 1005 375 868 1074 166 139
3082 3100 774 23 435 220 1004 1086 70 866 212 300 546 1134 73 513 124 783 665 905 1138 510
1092 4876 736 1058 780 480 1067 276 453 532 876 6 412 588 129 787 253 890 168 283 1076 682
4106 4106 264 247 601 1055 751 250 378 417 1101 442 605 1115 447 313 375 241 1031 830 1141 259
518 526 62 777 911 71 806 117 908 565 1154 877 795 379 409 999 823 334 1139 127 1049 870
2854 2865 50 617 557 47 435 1025 619 76 739 484 228 799 754 56 1054 894 543 986 517 278
713 3664 447 194 502 788 998 770 317 526 901 587 470 304 1037 809 761 77 38 346 88 604
1652 1652 639 1045 620 238 332 712 824 998 765 270 319 16 414 1118 386 421 975 814 38 47
655 662 490 795 708 55 333 299 384 762 1001 648 293 854 997 1016 14 47 182 419 1145 1098
1088 1094 323 351 500 375 762 669 239 385 1021 855 1028 708 283 1092 379 297 168 1082 1046 837
1469 2758 915 143 614 320 854 398 642 473 637 777 421 769 42 81 954 315 267 456 423 263
2965 2965 0 0 0 0 0 0 0 0 0 0 0 0 0 0 0 0 0 0 0 0
2066 2072 25 271 1096 683 596 409 730 313 183 812 1113 861 650 984 423 213 901 586 900 554
420 441 167 549 295 761 830 924 244 945 462 313 104 214 699 271 598 482 890 180 371 620
1215 3118 1008 556 70 775 944 493 297 608 742 853 1011 402 875 12 609 438 941 166 129 842
1811 1811 932 1078 608 36 952 1028 205 7 312 302 700 1033 224 573 901 712 96 649 808 405
2616 2621 705 915 540 915 75 150 525 15 1095 165 495 915 270 105 75 645 285 1125 600 225
2538 2570 267 1024 1123 70 715 36 169 458 501 1028 1077 41 558 101 199 918 608 419 367 1139
795 833 1092 558 1071 487 1021 780 89 598 242 448 135 450 35 504 100 556 760 979 888 684
3336 3336 409 1051 881 248 1124 703 58 330 2 317 808 1063 1137 1123 121 426 629 472 447 793
4441 4441 449 1039 695 1105 968 667 805 592 515 959 618 921 1068 702 331 466 717 533 3 839
3415 3451 785 995 872 834 931 256 735 364 1092 968 665 876 353 491 647 284 971 270 642 751
3233 4999 1036 241 923 561 1133 227 955 600 573 960 170 895 512 529 985 391 715 63 98 183
1908 1908 1045 378 593 1142 874 752 1152 1110 295 377 786 680 807 929 254 348 447 760 568 581
4526 4538 703 228 851 762 834 1144 666 94 956 477 1097 204 575 40 638 493 704 768 62 1073
3980 4006 524 904 217 226 389 1064 1037 684 135 1129 960 575 728 340 1096 726 441 200 29 976
2171 4907 396 97 618 680 751 474 367 391 314 724 627 419 157 662 351 454 952 30 1097 1126
4772 4772 104 994 840 69 109 1129 393 238 752 841 779 653 616 74 316 976 890 68 178 1132
3140 3159 856 356 493 652 1034 956 424 799 367 416 425 143 558 72 1126 622 499 428 309 735
3364 3375 56 807 620 137 112 560 576 44 782 1084 1015 125 894 318 995 909 789 608 720 88
339 2033 846 279 845 816 45 394 1005 442 37 744 1096 339 86 46 1015 65 300 520 1113 683
3207 3207 844 785 970 695 1133 304 104 120 183 393 412 165 48 372 974 1116 1021 798 337 21
1883 1900 1114 863 247 17 931 293 478 478 597 676 17 819 889 835 928 1125 757 445 645 1072
4574 4577 471 813 1021 454 3 85 63 68 233 110 384 926 148 980 302 494 1066 173 26 768
1945 2669 1120 949 174 366 163 667 892 534 571 61 238 910 1019 393 822 401 603 717 232 677
3906 3906 347 1118 187 115 993 191 2 338 363 824 855 1095 867 791 343 183 523 992 372 378
27 37 672 411 1119 654 546 198 588 153 39 930 399 90 486 24 474 927 120 894 693 255
4264 4271 324 598 857 612 1042 490 484 223 53 942 622 622 566 905 962 87 1043 334 622 986
116 2517 178 14 366 765 189 155 62 365 438 651 883 756 614 372 373 591 778 24 233 650
2138 2138 0 0 0 0 0 0 0 0 0 0 0 0 0 0 0 0 0 0 0 0
3406 3406 652 689 397 402 33 965 260 799 631 164 364 112 151 1094 252 702 556 932 1034 41
2584 2622 403 640 113 850 653 387 269 716 646 57 935 139 428 652 447 569 164 1072 999 573
72 290 891 174 416 639 882 1090 314 884 712 539 637 967 454 423 997 588 607 1148 591 983
3630 3630 477 1113 761 218 334 562 143 499 1055 669 80 985 440 705 533 793 1082 352 1154 149
4049 4054 1077 992 298 387 506 366 537 48 870 870 97 730 1108 58 570 980 744 8 545 380
120 159 583 74 737 324 616 1041 198 156 453 872 848 431 950 1136 281 213 1059 253 217 1029
1146 2730 564 434 529 700 324 232 77 496 764 721 846 986 393 88 539 732 812 1122 829 727
93 93 1077 559 752 472 285 353 374 912 925 303 453 1104 649 975 1018 965 1125 1145 499 909
4093 4101 728 87 983 289 181 363 993 89 904 709 235 606 163 225 25 743 210 22 774 240
4116 4122 535 53 46 19 121 242 150 1057 939 217 945 860 59 1034 354 665 164 590 714 980
965 2160 279 306 93 795 942 825 369 513 189 1095 924 870 135 246 996 696 390 1122 78 75
3899 3899 770 0 770 0 385 770 0 0 385 0 0 770 385 770 385 770 770 770 0 385
4266 4280 1104 1031 586 378 635 293 352 5 43 666 368 209 699 529 1038 1099 55 810 1056 1072
4074 4092 759 776 133 492 308 69 370 1115 424 974 1052 920 416 750 651 21 178 826 491 776
211 1139 408 593 7 436 793 958 1010 541 676 989 549 614 310 732 696 463 534 761 862 746
3867 3867 1059 220 517 351 289 223 86 1113 1062 580 334 834 398 122 160 640 309 625 751 612
314 316 343 119 133 105 1141 665 903 7 1064 511 1071 301 756 742 665 560 1022 364 329 588
4218 4242 776 312 621 942 528 159 301 923 60 173 1078 604 516 1090 909 1098 832 1133 801 783
174 1525 655 877 489 218 1107 941 843 468 686 735 935 1061 221 760 146 60 161 901 639 133
4658 4658 0 0 0 0 0 0 0 0 0 0 0 0 0 0 0 0 0 0 0 0
111 113 645 610 775 555 100 220 485 165 700 40 430 265 30 355 685 55 535 825 850 845
2175 2198 220 720 493 366 747 594 1125 73 468 1057 1087 793 1151 764 482 147 746 1109 648 1075
295 1933 95 1073 228 900 681 558 494 383 770 869 1055 570 582 441 143 1086 593 535 199 637
2871 2871 872 867 686 247 329 590 800 736 968 197 1120 1118 345 766 526 871 1147 1062 978 1023
3683 3692 342 990 114 876 108 792 885 528 1113 282 6 258 777 261 762 1095 519 396 249 663
4224 4263 661 913 985 199 96 1122 139 821 692 1101 774 432 504 704 487 202 151 1013 945 747
239 3128 987 24 603 870 702 30 75 720 1131 288 588 183 771 669 891 1119 585 126 288 840
1500 1500 186 186 387 885 177 780 549 297 369 564 702 492 828 753 510 48 687 726 735 885
4387 4403 510 1042 1030 1000 1035 174 498 565 484 571 850 457 319 49 458 291 1071 442 25 401
3487 3519 856 282 641 1098 63 606 874 1089 968 213 91 1102 607 1132 1014 848 1064 709 294 1032
1098 4356 966 876 510 386 55 953 210 203 1037 277 9 1142 757 109 414 395 19 749 190 156
3287 3287 747 367 1135 328 630 1048 589 138 797 1077 888 647 94 386 355 144 1002 292 999 948
2473 2486 948 304 607 810 776 325 667 182 185 1065 32 821 621 25 491 214 301 60 168 829
1449 1473 1057 330 797 892 647 869 534 918 240 340 977 1129 1125 857 572 249 398 1089 1108 774
2849 4432 320 612 535 981 490 312 89 821 749 854 509 135 571 955 1093 197 66 1061 119 554
3071 3071 810 324 60 915 927 9 1068 102 438 342 768 219 657 78 102 363 27 42 423 912
2572 2583 970 1091 563 928 967 479 73 911 436 474 298 584 1027 502 789 594 841 33 505 228
1094 1130 1143 976 69 47 62 1049 931 150 727 662 144 524 777 729 455 225 737 1076 1062 111
3494 4063 1004 465 1091 416 653 453 322 512 825 585 239 24 145 502 126 261 745 374 181 391
4563 4563 1059 162 909 243 570 507 15 1044 234 51 765 963 486 435 795 330 789 1131 561 300
464 467 700 794 629 971 362 996 290 212 1 974 1129 842 1074 305 215 23 521 674 184 104
1617 1652 872 913 764 198 538 76 573 340 1009 481 589 750 62 1047 992 454 199 995 574 946
759 1283 539 1101 898 163 524 956 1 358 928 802 354 457 1104 727 1037 776 781 1039 808 1081
4422 4422 250 148 438 588 219 740 815 1094 295 2 506 251 1150 404 677 96 1070 497 69 282
3759 3773 884 918 560 705 560 889 572 637 68 936 493 714 856 851 1149 470 83 47 160 1007
3416 3438 836 374 113 772 423 861 395 287 195 41 166 975 133 425 790 748 111 561 925 266
4051 4672 441 444 140 918 447 749 874 954 639 1010 648 613 914 985 1024 708 602 69 298 31
4101 4101 133 958 405 78 833 406 627 373 320 831 461 1095 799 595 833 1032 859 390 461 987
62 63 728 1113 1072 391 866 707 608 331 101 293 159 1129 783 973 857 569 251 611 1152 274
33 58 108 629 485 1007 745 672 1097 673 569 153 622 1120 272 895 966 884 490 779 1120 937
1674 1875 15 802 380 101 571 761 960 877 654 850 666 926 989 243 510 1083 859 1050 1141 94
1630 1630 276 852 780 393 111 741 759 909 153 921 534 360 981 180 348 1017 1110 234 801 831
3362 3381 985 179 411 260 284 23 590 577 446 539 382 1052 536 140 1015 1120 884 441 668 949
3691 3718 168 28 210 441 476 994 343 266 147 56 231 903 462 70 175 476 1001 140 1120 1064
1523 3233 967 393 57 854 27 348 68 553 898 1060 323 747 593 137 1082 36 137 305 527 590
677 677 1038 711 186 111 990 600 102 387 708 402 972 906 813 618 363 849 768 396 294 624
332 337 1095 708 1092 125 1028 988 47 705 582 472 910 18 400 1034 1140 228 331 464 171 1007
1744 1773 965 973 685 1009 245 295 20 459 123 1090 863 290 377 141 375 490 150 494 839 354
577 688 225 378 484 790 87 790 213 346 568 525 329 972 984 796 727 657 538 988 421 589
4457 4457 744 624 603 54 249 150 999 237 801 1047 543 1029 879 903 1095 471 354 861 1095 294
256 272 850 73 632 864 848 739 1105 613 721 1060 740 1097 312 196 452 18 1060 99 1072 242
769 797 835 549 692 796 543 397 195 1007 987 562 1119 558 345 49 632 416 1108 1055 584 666
463 2376 285 274 895 1120 1011 6 1110 221 1031 363 691 569 913 329 572 109 825 189 370 779
3650 3650 0 0 0 0 0 0 0 0 0 0 0 0 0 0 0 0 0 0 0 0
2354 2360 745 237 1018 277 401 285 463 93 19 359 728 702 1106 1056 747 899 795 740 932 741
3920 3926 604 21 632 835 984 177 1142 409 898 342 469 89 688 684 795 1069 758 190 255 718
1724 2966 480 1022 55 465 375 234 88 63 873 752 1136 684 238 981 933 758 1050 806 143 691
543 543 795 873 420 588 0 954 366 858 213 1113 639 480 126 927 249 807 978 1035 1041 822
3065 3077 896 380 708 220 1092 846 413 553 893 747 719 409 345 206 665 414 793 696 993 342
2384 2394 1017 957 117 734 445 828 784 899 345 46 425 675 459 5 323 4 596 519 915 71
857 858 217 432 1115 864 841 587 676 319 517 297 1053 396 37 340 1025 72 816 447 1126 373
386 386 686 789 5 350 264 1037 75 983 509 462 224 1033 808 846 994 140 894 1082 457 1003
4399 4414 805 448 316 607 300 286 805 955 1097 557 288 715 906 868 388 173 269 244 208 353
1813 1825 67 577 577 202 893 1084 4 54 100 453 579 101 753 536 133 467 652 645 721 611
102 4890 743 75 339 597 647 376 442 893 556 388 95 345 1148 271 749 233 764 139 750 768
2392 2392 76 848 1086 957 778 562 784 1106 325 271 683 747 232 186 787 1123 324 571 393 1000
4096 4096 231 126 651 420 966 777 924 1092 903 378 546 1071 399 84 924 777 735 1113 567 147
3069 3084 999 249 363 400 196 550 626 307 593 494 84 814 150 391 268 239 1134 1027 258 354
31 166 747 184 1061 558 454 190 537 333 451 578 24 882 265 159 567 394 1083 394 205 365
1120 1120 419 411 766 324 560 832 59 1069 224 1152 663 1050 773 1039 460 12 540 901 418 612
2693 2695 466 777 1054 702 933 547 468 100 305 770 91 22 300 367 695 195 1078 150 1124 174
1 35 510 626 643 1074 289 412 1116 981 463 111 747 1050 427 108 347 489 471 745 186 211
2271 4667 865 828 1120 455 89 172 796 13 840 494 1136 623 537 355 466 188 15 813 781 313
134 134 120 509 732 975 597 1089 1077 1012 586 146 326 256 652 135 344 680 642 596 937 642
4087 4095 595 580 1029 919 175 252 58 67 1065 943 770 16 587 957 362 425 1115 126 305 1038
4011 4040 494 472 1088 477 755 811 287 277 18 772 334 1007 822 792 873 915 883 32 1030 1075
2314 3873 0 0 0 0 0 0 0 0 0 0 0 0 0 0 0 0 0 0 0 0
904 904 997 1062 499 665 31 585 208 720 199 1017 416 657 97 1154 570 933 85 910 665 937
3660 3663 685 973 353 908 19 354 1113 952 635 743 774 279 209 615 178 1093 32 998 979 252
532 569 435 221 421 734 1120 137 945 449 383 992 550 194 863 231 368 343 593 567 956 887
1270 3973 0 832 801 782 166 161 152 91 811 607 677 86 912 697 730 577 578 305 494 956
3867 3867 1025 157 119 885 301 976 281 560 987 180 76 208 838 431 192 389 334 496 919 160
107 114 17 780 409 82 151 71 216 103 249 240 403 857 1124 958 41 546 508 1011 261 446
2448 2479 532 345 93 1013 546 869 909 932 1076 1097 351 397 1016 1106 43 778 206 437 898 272
366 4634 952 210 945 651 700 1008 308 98 427 672 28 126 399 567 70 763 903 77 427 21
4380 4380 1064 285 406 354 1027 291 1038 600 973 219 756 64 705 568 350 578 1017 1075 630 469
4734 4738 194 846 125 712 785 992 730 188 1130 774 386 697 635 876 560 1036 706 950 257 981
156 195 1099 383 277 623 291 721 1030 479 295 297 1038 1065 942 1051 1049 94 674 1085 110 883
1708 1841 685 692 400 950 964 19 234 444 856 372 1003 244 1027 745 430 1056 672 3 979 848
4126 4126 465 507 163 1152 487 993 716 682 542 561 1103 769 62 134 960 25 878 624 569 65
2298 2298 490 1141 721 56 1043 994 168 693 945 840 630 392 791 924 630 595 1064 28 1050 1113
1409 1414 1146 951 563 3 514 824 368 322 84 970 727 905 131 533 765 373 44 801 163 41
1075 3075 778 170 864 876 623 77 468 266 352 148 406 737 214 1010 58 774 408 718 104 1122
1694 1694 477 1096 1091 759 822 754 736 949 373 180 131 327 923 82 842 803 806 425 448 552
4210 4217 1092 143 1151 1009 832 1043 779 1132 1014 861 520 783 1082 271 225 378 300 1023 1148 341
2606 2619 48 875 218 234 746 833 1064 1030 389 703 282 842 193 921 1145 731 634 1152 465 670
2650 3756 985 538 430 161 198 645 178 739 885 299 1 993 1065 498 39 263 533 136 884 669
1423 1423 186 10 28 377 643 220 1105 867 541 975 33 1047 765 719 936 584 391 954 656 241
566 580 101 358 659 8 1057 1018 329 1154 659 633 456 157 337 237 728 728 778 325 1025 234
1314 1336 931 238 1037 873 462 1139 963 732 524 528 98 662 420 97 295 445 1119 420 55 951
1247 3695 691 199 782 961 462 620 75 1130 648 1114 56 569 244 417 81 867 740 100 388 811
222 222 1128 360 423 985 1130 163 1058 979 106 533 790 759 1153 885 730 292 827 253 439 135
1695 1708 597 626 625 755 196 642 470 501 646 144 493 749 712 951 1104 714 1151 234 128 232
4762 4797 776 659 881 379 1077 843 785 144 260 1118 857 1039 256 500 988 50 974 1036 179 977
152 294 337 1093 735 600 804 128 573 507 774 538 408 726 54 951 804 836 523 1108 173 716
3103 3103 244 353 252 288 1140 305 1061 1124 272 405 28 74 867 469 458 626 526 151 910 625
677 683 930 560 1021 472 1036 201 297 1018 1080 582 75 921 471 281 1069 1087 742 62 300 815
972 998 270 670 30 300 820 300 1010 780 750 935 565 385 0 890 590 585 85 790 520 270
3406 4506 25 766 845 1104 696 946 92 159 49 631 1035 305 750 85 225 857 207 1093 960 585
273 273 177 1120 167 328 358 633 436 151 27 882 466 780 171 226 625 699 1122 12 713 633
4901 4908 918 880 452 832 2 325 1007 1032 594 361 685 787 605 302 932 1152 317 178 433 833
915 919 133 876 1133 403 741 646 707 1102 865 585 370 850 864 695 918 1051 443 690 48 224
477 4879 984 3 1037 509 982 64 284 365 931 760 545 744 947 782 1101 104 1000 94 1045 678
332 332 0 0 0 0 0 0 0 0 0 0 0 0 0 0 0 0 0 0 0 0
4605 4612 221 526 312 268 170 629 1152 394 755 1148 1092 606 33 351 906 1103 434 878 249 206
492 499 1036 111 511 617 609 1110 352 271 147 363 536 5 428 211 1141 1141 1116 443 361 110
3649 3759 161 378 546 119 742 343 56 182 889 532 847 630 889 875 938 259 42 322 763 721
387 387 507 596 669 745 151 918 585 284 294 1036 275 959 955 807 474 203 808 513 704 236
1035 1041 675 21 430 750 759 44 1150 774 1029 947 479 1001 1012 216 453 1021 50 61 1105 186
3616 3647 1122 770 286 428 824 246 425 146 62 304 472 106 97 848 771 546 26 936 491 233
3461 3743 6 865 253 626 502 86 607 642 246 796 302 1041 767 1135 754 655 792 1112 1062 134
4783 4783 707 905 365 1022 1015 314 482 1147 187 233 519 235 1068 526 1067 1037 216 125 451 400
3364 3376 815 270 574 646 86 1140 764 655 496 168 495 304 995 436 1147 715 1151 1034 908 867
4549 4580 345 29 629 236 45 269 911 281 752 1080 30 844 857 85 312 484 810 529 22 510
3383 3769 1000 657 953 444 292 1038 655 1147 60 800 841 537 981 939 312 809 587 516 948 10
3844 3844 911 554 156 150 788 146 978 257 1101 610 497 1020 1139 183 552 823 97 778 560 92
4821 4835 402 569 591 1064 785 829 421 1039 967 1032 351 53 511 170 526 854 481 877 146 1019
1067 1076 197 437 418 312 650 811 559 981 438 520 1082 695 761 62 969 579 278 956 666 169
782 4038 458 871 744 62 619 732 625 1068 555 677 126 592 199 32 333 651 818 625 303 8
2806 2806 881 50 222 351 940 833 968 987 621 103 864 775 355 912 58 980 228 164 1008 276
3669 3688 755 182 74 173 323 123 797 42 972 947 1149 831 560 62 863 638 520 1007 623 1091
353 366 744 531 834 231 765 144 1044 186 1116 603 174 414 1065 798 552 723 159 435 834 1029
1745 2314 570 367 9 706 542 489 708 1047 203 415 688 1126 573 343 699 1152 988 293 331 134
3100 3100 465 1035 672 468 483 909 396 204 678 210 1041 276 1059 957 21 150 336 714 1134 999
4887 4892 33 1056 462 198 891 33 198 528 198 0 693 990 462 462 66 924 33 330 792 990
2966 2969 1073 415 434 246 629 579 699 984 437 818 335 380 1055 982 599 653 947 618 369 660
822 2873 155 1099 718 604 375 854 821 94 1106 505 728 497 1135 533 1078 30 507 1042 243 71
1985 1985 789 210 87 261 57 807 1116 9 825 24 456 897 600 753 39 33 858 48 12 168
2173 2179 465 246 957 336 717 882 555 354 1098 585 99 465 150 108 729 645 1047 969 729 9
4920 4937 864 784 842 483 1052 301 1132 458 344 1037 34 1012 245 1054 622 554 480 320 190 176
90 3270 629 595 828 992 1042 206 907 237 312 930 170 911 765 265 19 132 78 935 838 664
2063 2063 1127 938 791 665 1064 938 679 525 126 252 224 238 112 882 952 175 161 959 364 658
1567 1568 602 25 353 650 1060 28 970 600 580 492 610 686 137 1044 805 255 630 565 481 452
2090 2119 421 212 1017 3 927 54 1111 135 115 271 380 1070 33 621 659 196 509 205 1071 346
1365 1479 560 990 405 450 400 835 100 725 760 995 155 440 530 875 135 155 585 885 285 120
4330 4330 130 654 582 398 539 947 545 544 1003 20 1098 284 169 853 652 626 42 256 765 37
4033 4037 927 356 74 647 795 725 491 595 1127 40 1081 591 365 1016 958 68 912 543 566 1052
4708 4733 210 112 44 649 234 273 1126 447 906 83 1130 604 225 1031 427 495 730 180 537 168
993 2455 442 41 411 722 65 601 1005 157 783 79 894 948 1135 155 284 761 532 894 1007 680
4062 4062 61 842 977 466 808 869 718 967 1014 967 974 776 743 1023 1075 160 114 1095 729 308
253 254 811 1052 979 933 825 218 156 94 400 221 961 830 639 1071 932 226 846 390 790 116
1534 1544 602 486 924 587 77 1132 378 1035 466 878 618 757 157 992 749 708 976 171 607 611
206 276 868 812 990 285 1067 1116 1033 154 874 53 620 587 695 284 961 467 809 398 988 590
2857 2857 0 0 0 0 0 0 0 0 0 0 0 0 0 0 0 0 0 0 0 0
1039 1053 538 336 1 1118 1013 680 10 1133 970 850 89 256 667 871 1017 670 975 794 440 411
1618 1631 193 725 668 73 1147 51 773 120 144 1056 1 997 615 325 363 817 1107 250 153 307
330 755 54 460 216 668 112 534 482 59 462 644 308 455 989 697 265 1088 424 294 96 365
3460 3460 1050 715 1125 710 700 120 925 680 260 400 1105 285 0 715 985 105 455 665 485 1145
3189 3189 794 149 611 925 638 542 12 254 851 985 1100 27 973 510 404 588 552 743 395 402
4454 4476 1058 482 1022 420 827 716 241 461 614 406 485 243 690 953 779 1045 276 221 766 282
1050 1086 196 378 579 218 371 690 871 573 374 754 481 342 807 99 660 768 702 1055 928 133
105 105 831 919 387 878 1124 33 311 791 1096 88 409 1142 949 706 122 189 806 795 298 527
3511 3525 451 392 808 547 471 1012 584 631 1011 69 363 609 245 231 537 571 395 1014 876 511
2000 2006 546 693 324 591 858 957 348 312 636 3 1002 930 39 27 213 414 126 666 33 93
748 3843 243 624 1017 642 171 1017 168 864 36 804 183 273 312 417 834 789 297 936 267 1002
4746 4746 885 1115 625 273 329 110 156 492 793 668 963 275 502 226 189 317 842 1124 402 105
2291 2295 228 217 470 327 113 296 414 645 601 243 583 94 284 100 880 693 671 370 292 958
1387 1395 239 821 115 464 769 792 320 769 259 25 1051 1116 534 275 298 833 790 508 907 496
1441 4142 510 464 333 847 1089 447 712 295 432 54 10 735 952 209 399 724 278 10 52 958
2831 2831 30 535 570 585 300 80 1025 210 335 30 1150 790 85 0 250 255 515 850 1065 690
3014 3020 623 189 1099 623 7 791 777 1001 742 938 973 721 231 511 91 175 308 329 1036 581
1854 1855 1022 322 924 1106 854 518 756 840 364 1085 749 581 77 301 406 1036 490 266 441 868
2 152 0 0 0 0 0 0 0 0 0 0 0 0 0 0 0 0 0 0 0 0
1497 1497 40 120 786 813 31 696 1029 616 789 73 556 771 390 496 290 1095 823 21 11 1037
2112 2122 190 755 575 675 470 695 590 395 770 845 25 375 870 540 730 580 920 700 30 730
4371 4373 671 952 563 700 1099 62 131 483 1040 645 870 115 968 675 903 490 584 699 406 514
2981 3548 921 580 510 705 437 1125 959 910 115 216 420 783 951 1143 1140 37 378 443 816 454
4057 4057 0 0 0 0 0 0 0 0 0 0 0 0 0 0 0 0 0 0 0 0
3850 3862 599 440 124 377 287 663 102 1038 1097 1059 1032 504 423 559 501 1129 265 603 87 88
2867 2868 937 264 861 798 827 19 576 347 624 193 201 348 380 707 857 592 516 688 786 677
180 1451 53 692 49 1114 681 229 443 692 219 920 847 547 404 425 432 277 849 726 687 984
4450 4450 545 644 616 233 511 449 38 497 355 673 98 977 212 468 733 250 440 119 923 18
2026 2031 555 1101 551 186 347 1140 286 764 505 497 262 488 750 924 195 21 814 936 79 193
2743 2778 830 195 471 160 926 341 984 709 824 920 762 332 993 788 1141 185 818 791 11 374
521 1861 43 727 402 975 110 138 404 113 516 164 456 951 38 472 500 511 351 617 695 722
740 740 0 0 0 0 0 0 0 0 0 0 0 0 0 0 0 0 0 0 0 0
4357 4363 589 309 109 1132 1075 45 984 292 686 594 420 509 825 965 339 864 34 128 643 379
2402 2441 939 912 642 1152 534 423 141 225 1056 396 606 789 873 1098 528 738 30 1041 183 903
207 720 454 162 292 472 1035 49 326 1110 57 138 1071 6 99 125 987 115 520 1091 97 444
2594 2594 0 0 0 0 0 0 0 0 0 0 0 0 0 0 0 0 0 0 0 0
2603 2613 407 636 413 220 474 473 1055 1114 1025 300 929 841 632 370 361 249 522 1010 615 377
3548 3559 396 132 858 528 990 627 231 231 1089 33 165 957 495 165 462 330 759 66 627 1122
789 4233 854 1057 312 1132 79 1114 970 1024 995 254 701 577 599 607 936 557 437 510 806 32
3014 3014 0 0 0 0 0 0 0 0 0 0 0 0 0 0 0 0 0 0 0 0
912 920 965 630 735 150 740 965 205 660 440 360 1105 200 1035 900 845 420 595 10 635 500
1374 1401 525 538 743 157 957 380 912 773 724 58 1069 491 214 303 947 937 1131 955 650 19
500 1727 843 1152 165 603 368 408 573 353 912 284 490 1114 942 136 652 116 754 543 429 150
1154 1154 0 0 0 0 0 0 0 0 0 0 0 0 0 0 0 0 0 0 0 0
3613 3620 155 240 660 1140 845 185 315 295 170 960 670 875 350 820 835 925 595 155 835 310
2563 2579 892 1108 855 681 895 2 779 1025 1019 1023 964 1041 686 111 421 1140 767 378 988 308
94 142 1010 463 912 213 593 495 448 56 29 63 772 337 100 998 1091 462 117 1084 1097 0
3039 3039 810 1056 879 174 1110 351 588 156 612 960 468 363 1047 669 267 519 693 1146 732 402
3527 3529 1019 153 1019 729 111 517 534 504 562 373 149 968 1130 992 1125 510 481 145 98 368
1505 1525 375 954 902 111 748 955 546 249 927 489 802 1015 710 1145 936 449 233 12 1124 216
2091 4450 214 1047 1094 0 479 638 938 1021 961 425 816 1014 988 203 690 399 878 973 222 704
1903 1903 0 0 0 0 0 0 0 0 0 0 0 0 0 0 0 0 0 0 0 0
4588 4607 376 981 1048 661 245 705 73 774 842 954 1063 1104 1137 289 679 632 139 1137 619 21
1164 1201 825 858 825 693 132 330 528 297 462 165 363 693 726 924 264 231 594 858 330 759
2033 2977 1044 55 581 183 290 938 827 550 897 840 299 1146 760 1010 291 218 576 365 421 1065
324 324 189 285 387 693 453 501 903 762 414 126 30 894 117 321 645 1140 120 969 834 90
3366 3374 35 930 950 965 340 650 855 965 785 340 370 695 930 210 470 195 750 155 330 595
4689 4716 674 38 827 162 810 443 867 425 947 1031 842 90 560 865 227 967 1100 515 600 709
1844 3884 441 797 510 505 987 492 390 646 1134 432 824 175 497 187 880 41 988 412 335 575
3592 3592 532 791 637 791 385 7 140 455 812 1029 329 672 1092 462 98 945 756 49 609 546
4775 4777 786 105 277 711 206 24 379 0 624 650 1046 224 276 1016 961 989 241 634 533 1037
641 646 345 26 1040 692 328 456 21 1136 711 1025 463 777 285 376 592 466 143 397 496 405
3744 4605 1083 408 711 435 270 567 45 1140 720 297 1116 699 753 945 918 981 966 642 618 657
4133 4133 1127 943 425 568 825 712 104 979 858 758 586 989 303 688 852 324 1031 789 901 293
3735 3750 861 1140 259 355 290 761 567 188 125 284 100 761 1002 334 11 273 695 246 326 229
4627 4640 508 683 551 720 647 765 1041 824 1114 823 107 638 570 454 852 423 1001 789 904 473
133 4800 1062 177 444 495 315 45 60 249 183 1095 783 15 969 423 1056 207 849 249 1104 1062
4752 4752 26 829 555 267 1107 560 701 86 652 632 570 435 675 1123 460 753 450 328 778 545
3531 3550 798 1085 539 333 372 815 565 503 288 519 681 196 778 911 814 1130 235 496 719 407
4173 4205 452 1101 761 431 969 854 601 72 777 45 329 988 71 103 807 1033 476 35 703 314
259 3362 244 1132 424 1134 762 872 746 323 134 258 757 1131 978 746 1148 1084 618 487 135 1037
407 407 357 224 35 595 252 0 686 350 105 147 483 231 665 1029 623 679 280 364 322 910
3168 3181 1053 854 1133 448 14 919 856 898 1099 555 874 623 717 730 845 323 471 280 711 942
44 72 164 193 945 701 384 379 619 671 906 990 85 1033 515 983 462 32 901 749 605 535
2657 2887 249 870 332 539 144 495 936 835 1123 671 741 889 904 627 800 1040 661 708 469 2
336 336 296 224 377 1110 668 634 593 1039 349 535 215 643 159 65 384 885 373 497 915 1111
924 934 1043 58 15 1119 854 493 863 514 63 625 1149 685 904 355 745 423 380 280 803 628
2679 2707 732 226 975 61 164 1124 211 516 354 44 1085 45 1105 548 448 31 421 813 713 588
2592 2845 268 477 15 1142 545 392 1136 471 740 373 666 996 569 76 97 1055 507 61 93 795
1293 1293 1004 623 148 426 886 912 385 272 596 725 944 214 862 26 496 230 577 1003 790 849
1168 1183 562 1006 917 364 19 1102 1105 408 667 306 96 837 201 907 407 62 1057 237 35 40
3952 3955 272 440 259 730 261 257 714 845 549 497 834 473 427 238 621 624 661 417 338 662
2627 3465 472 889 164 405 1069 27 75 868 777 382 45 169 605 217 653 81 610 560 594 878
4470 4470 394 188 55 192 970 292 330 871 760 813 188 455 1058 145 948 847 951 1087 701 606
1068 1085 198 1059 829 885 823 758 870 203 971 765 585 738 787 190 670 96 230 389 317 354
3717 3736 783 276 211 663 188 731 27 110 584 799 766 1095 1012 23 10 1055 692 1016 661 472
1356 2353 468 616 548 620 156 814 668 280 231 90 72 228 674 870 988 1081 268 827 1136 837
3559 3559 0 0 0 0 0 0 0 0 0 0 0 0 0 0 0 0 0 0 0 0
3929 3929 258 803 778 521 553 792 140 740 18 62 524 91 1111 971 990 1127 560 823 786 87
3913 3917 612 1085 368 279 820 505 609 872 1113 1009 22 141 280 729 716 812 932 658 923 208
1230 3506 378 408 411 1068 157 503 489 57 655 534 307 224 971 930 1024 510 575 1132 587 1124
2133 2133 122 892 480 771 701 259 783 1142 184 54 210 454 437 88 4 990 315 833 1110 1050
4147 4155 456 855 752 1076 762 1143 228 450 785 321 97 848 1000 1026 888 153 30 221 779 581
3539 3570 271 985 902 1148 202 962 943 765 950 642 561 287 809 864 432 236 413 475 79 1004
122 820 252 944 362 338 800 411 1151 329 1039 1116 683 525 885 640 234 517 82 137 272 1069
664 664 850 185 307 124 862 184 714 773 877 361 589 131 259 6 968 675 1043 1013 363 278
2513 2524 35 513 1017 942 57 13 833 809 26 339 1007 843 641 757 514 417 831 409 361 317
4622 4647 744 464 588 807 223 104 568 638 42 910 331 512 422 98 857 839 21 250 755 772
2562 2680 382 43 731 947 230 514 970 951 261 325 355 744 421 869 549 596 370 33 349 977
924 924 1111 765 712 1131 179 1140 163 427 890 645 1102 879 505 990 674 839 1081 474 869 689
1295 1312 252 840 591 639 861 705 516 663 810 864 438 795 315 39 102 1110 987 663 285 1053
3917 3929 863 593 88 124 742 646 833 540 450 661 922 713 133 595 709 943 1065 980 223 817
4735 4857 912 818 66 1022 119 974 562 462 1019 1098 320 9 591 413 216 578 403 696 394 1086
1134 1134 58 970 177 1081 363 346 1051 723 1070 947 872 1074 471 614 179 540 934 859 861 1003
3946 3954 640 498 288 1082 843 1009 282 659 320 441 899 611 196 512 946 569 793 174 505 1074
4542 4580 1055 1017 490 1083 302 1055 157 697 955 1117 1052 1036 1140 691 968 664 574 81 1150 692
231 1298 820 651 135 347 855 754 216 745 998 2 982 1055 13 713 455 847 950 674 248 1065
2326 2326 894 974 567 695 616 789 853 283 482 977 136 809 373 132 437 226 923 816 643 352
2677 2684 390 717 313 248 832 525 1088 228 554 400 83 927 465 137 639 31 933 484 606 703
873 908 559 64 39 1064 363 1122 404 269 20 737 775 961 739 1095 757 382 94 938 736 648
2456 4317 726 1131 345 318 114 374 481 567 351 79 491 667 11 140 324 492 672 637 47 566
1352 1352 156 8 99 497 325 1043 605 781 492 583 930 1121 90 143 1054 415 475 738 992 109
4061 4074 364 355 807 216 647 520 15 610 190 277 388 690 202 542 253 142 79 290 521 851
3084 3089 360 150 840 180 420 960 1125 1110 720 1095 30 900 825 15 1035 315 420 855 300 1110
3364 4996 574 1000 221 218 1027 611 401 58 369 890 956 701 660 843 607 611 945 1095 235 888
371 371 576 468 256 365 1006 83 1009 280 179 417 26 91 767 759 221 934 326 397 147 82
1076 1091 601 94 517 1065 767 1100 796 465 534 168 747 523 1027 719 700 1084 645 827 710 346
4239 4242 973 116 296 1120 896 944 373 499 877 295 326 609 1018 408 235 1092 1062 903 388 110
4141 4937 888 137 262 368 887 831 894 105 706 351 880 493 716 134 308 198 747 793 54 1075
1107 1107 573 738 788 1117 516 46 724 518 883 462 478 808 153 248 56 736 674 814 729 830
3042 3048 529 1111 250 526 37 368 854 506 167 218 114 888 210 1101 984 815 391 612 741 16
1399 1417 86 135 784 447 154 314 42 1127 738 396 331 1034 510 1122 1153 82 990 558 1116 336
1475 4006 813 138 372 228 243 870 1059 189 654 507 45 441 393 942 1113 318 204 744 642 882
1332 1332 437 1148 178 1093 345 780 640 114 685 1112 1030 1141 149 482 1072 991 234 956 1022 574
4643 4658 912 1125 882 935 447 338 146 846 180 173 153 1022 1126 1035 130 823 582 1027 224 1019
2960 2991 612 200 1036 328 1117 563 979 446 189 500 800 755 649 30 648 62 211 68 747 93
2505 2954 989 30 364 1024 355 772 784 745 867 896 559 203 101 99 23 9 357 854 638 299
437 437 466 678 311 664 1086 301 107 369 597 945 828 702 126 805 720 576 563 966 223 1149
3899 3912 467 835 306 9 351 761 784 479 980 787 295 230 444 951 1005 804 533 208 823 938
1626 1628 12 348 594 288 1038 606 618 60 24 891 594 465 447 972 852 474 1074 795 504 531
522 3278 127 838 341 456 498 423 47 465 52 566 441 1028 153 379 834 17 37 771 878 801
3513 3513 889 1124 752 835 113 1006 77 496 872 651 750 476 695 27 1074 82 1092 831 557 541
2163 2177 609 274 374 1056 446 882 647 1130 177 388 623 363 409 247 630 375 395 526 426 318
3276 3309 447 929 1047 1149 955 652 1016 1131 201 1091 655 52 1074 475 1071 327 648 531 470 843
3059 3457 888 1029 63 46 856 232 342 987 77 323 664 886 997 1151 988 617 1113 119 973 391
60 60 840 1090 830 700 1005 995 1110 495 1020 955 140 75 970 120 695 1060 70 15 10 790
1893 1907 262 809 162 874 112 1140 832 151 1133 633 256 1082 1055 700 826 895 1101 680 487 257
3742 3760 811 229 628 408 1136 518 348 670 333 627 856 648 869 139 907 175 337 1124 136 938
8 8 0 0 0 0 0 0 0 0 0 0 0 0 0 0 0 0 0 0 0 0
3872 3872 459 248 1123 223 294 979 1129 1054 664 1099 410 98 496 871 1104 678 1116 1101 1129 142
2290 2300 470 742 1102 460 228 174 759 757 50 896 354 955 1068 16 408 547 74 72 313 1064
877 890 841 686 476 587 1042 1004 612 920 444 371 866 118 83 719 1094 769 524 44 67 53
831 1485 448 100 518 72 1071 917 772 820 910 718 440 742 792 203 369 314 76 395 169 167
4844 4844 0 0 0 0 0 0 0 0 0 0 0 0 0 0 0 0 0 0 0 0
4619 4635 1094 293 1006 528 669 542 959 384 1064 984 93 488 370 305 678 478 576 421 716 167
2236 2242 764 964 592 976 774 401 616 690 639 313 325 929 434 528 459 512 559 286 255 663
556 591 744 468 1080 996 300 576 606 990 876 861 744 1104 789 756 408 249 606 603 903 900
4505 4505 632 416 63 861 42 642 282 975 1107 544 961 817 86 83 908 156 117 442 903 395
2040 2043 574 1029 154 147 1078 56 539 952 504 847 917 217 329 392 581 406 1043 1127 854 602
21 60 926 1103 850 278 126 431 1000 582 304 563 642 554 984 478 442 983 1079 360 261 1018
90 94 154 972 1114 723 602 127 582 989 560 749 898 219 1096 14 607 351 870 1110 410 383
602 602 1085 11 751 804 790 545 718 280 718 189 550 359 173 215 957 828 85 323 670 744
4133 4146 1011 542 621 756 302 111 989 975 700 582 1130 865 147 527 233 576 323 657 816 288
3368 3389 361 815 722 123 520 1000 622 974 165 823 803 314 930 174 498 489 1011 1052 309 992
1713 2468 279 849 936 828 397 144 625 287 437 998 703 631 954 876 897 528 406 225 97 157
2500 2500 910 1017 167 1154 136 36 965 507 162 770 371 1015 64 56 26 576 752 32 370 325
3679 3690 205 190 965 545 810 825 1010 50 375 45 20 1065 700 1125 335 1130 825 370 575 355
713 730 508 726 13 645 264 892 648 260 380 779 1120 427 617 772 386 315 694 1056 983 1024
609 897 446 699 490 581 904 951 579 1016 669 1024 573 293 608 611 68 555 8 73 738 1145
154 154 812 426 35 533 594 431 657 801 640 1041 659 594 300 626 399 867 615 523 998 804
472 475 734 607 420 84 411 130 576 294 263 486 34 41 1098 307 1079 270 465 1030 923 1128
3143 3143 375 350 950 730 1075 720 435 900 70 715 1075 750 755 995 280 820 810 705 555 635
3042 3106 321 728 769 138 925 216 382 579 364 491 26 899 135 642 349 646 694 618 290 310
946 946 444 1041 864 128 753 357 1097 370 510 849 33 345 274 381 69 824 237 959 837 3
2102 2105 9 492 396 432 156 66 264 540 963 114 951 153 891 393 771 879 1044 579 1137 540
3975 4001 461 703 338 984 580 975 593 399 213 337 94 945 459 1032 827 869 275 391 85 918
376 1215 487 606 348 666 361 11 275 496 761 567 551 919 630 881 1145 1038 930 44 671 944
3260 3260 0 0 0 0 0 0 0 0 0 0 0 0 0 0 0 0 0 0 0 0
3850 3860 556 1015 989 266 748 721 893 1072 55 1079 1114 15 369 837 612 998 84 852 896 89
2407 2413 725 462 1050 169 968 266 460 148 917 79 92 694 138 1129 86 1109 522 875 286 720
1737 3562 73 804 94 902 91 518 207 608 196 590 782 710 591 1029 901 815 506 452 781 300
1623 1623 257 480 1139 1135 908 985 1094 140 1063 63 948 40 844 307 863 146 290 180 981 119
5 6 1101 422 1067 631 207 1150 21 98 947 718 721 754 394 1148 884 854 415 48 563 747
2327 2352 104 198 974 105 217 1075 1113 298 612 796 942 281 480 586 155 66 1148 518 962 743
2293 3600 264 144 335 403 118 936 527 489 138 288 623 723 746 15 25 188 487 301 557 739
2841 2841 844 121 660 222 1134 715 318 1109 1123 851 1055 1102 927 277 800 1139 879 461 441 0
3432 3449 415 110 530 145 623 430 30 246 519 311 693 87 139 23 987 865 722 854 1134 796
1951 1986 247 262 162 49 1037 712 556 117 924 102 64 910 1131 858 251 1135 977 461 277 202
1405 1625 23 997 651 79 250 342 723 141 920 1123 257 1086 1086 957 602 1096 1033 72 1027 1042
3788 3788 0 0 0 0 0 0 0 0 0 0 0 0 0 0 0 0 0 0 0 0
1811 1825 1051 934 889 110 736 635 527 656 785 1121 936 154 317 435 1056 1073 696 549 69 1129
887 920 31 248 416 309 722 243 559 309 844 519 845 45 927 670 260 1076 782 3 156 261
330 3356 856 290 110 221 427 557 962 1104 1050 849 417 614 284 150 29 405 110 728 1105 449
94 94 560 323 1010 132 541 15 33 837 298 638 587 957 1081 626 1005 153 251 652 1002 9
4817 4817 85 504 427 660 781 679 344 46 992 882 293 428 1026 743 532 294 692 868 184 23
3245 3245 248 807 311 536 490 833 452 97 300 947 766 1038 949 39 797 1012 815 282 1054 662
2349 2799 753 48 885 924 1134 423 642 42 801 942 555 528 171 426 273 951 702 615 114 819
4502 4502 0 0 0 0 0 0 0 0 0 0 0 0 0 0 0 0 0 0 0 0
119 132 600 1065 330 1050 955 120 115 150 1085 490 1080 775 250 845 1105 190 1050 1025 105 1075
3156 3157 33 686 340 257 979 308 562 263 551 690 507 54 466 5 656 639 882 1102 741 433
429 3347 847 495 50 176 95 724 1062 1082 66 336 161 745 996 990 413 754 940 257 1121 569
1374 1374 730 1132 324 769 191 894 215 244 844 561 936 593 969 433 1058 168 295 962 1006 914
2124 2130 330 495 165 825 660 330 495 825 990 825 495 495 495 165 990 825 990 660 330 0
4979 4979 1144 326 346 1001 746 527 25 865 92 952 259 1035 591 359 385 1010 1005 1070 639 613
2540 4234 760 911 1022 729 994 509 291 675 1152 249 388 491 655 1005 286 693 282 891 378 752
4243 4243 407 226 290 549 377 363 524 132 769 863 84 239 729 779 917 788 1034 941 359 611
1683 1701 583 280 227 22 85 660 945 97 467 727 7 231 727 1001 911 754 253 944 230 18
2546 2577 700 485 681 797 92 121 172 872 1125 815 725 780 624 784 48 197 99 527 649 159
3114 3217 1147 933 783 880 579 45 606 804 808 1143 14 422 409 114 954 134 191 970 863 866
236 236 89 548 132 790 723 370 781 591 214 148 133 867 975 778 123 678 706 272 1016 986
1202 1214 783 1050 906 189 504 183 243 279 258 291 792 570 93 990 105 1011 228 1122 360 201
439 450 369 971 846 1004 241 954 466 1139 547 582 117 439 836 756 450 169 740 594 717 132
1265 1299 759 761 88 580 305 579 617 631 959 902 322 681 74 1143 842 344 1087 451 80 581
4799 4799 340 572 1099 240 64 806 335 396 592 623 760 374 69 760 863 773 398 165 698 355
112 129 721 709 214 177 90 805 236 1086 285 897 412 338 489 1145 601 756 595 163 1032 652
2339 2355 157 500 571 1073 1076 934 477 444 886 1119 81 303 884 515 710 36 634 1136 602 693
2066 4370 1039 773 171 562 70 613 229 1065 916 678 886 204 1100 380 574 262 1072 160 761 696
690 690 397 619 847 738 1132 344 876 728 45 18 349 1029 501 535 368 829 937 688 1067 820
58 77 530 35 833 250 58 653 697 1077 707 119 827 819 661 69 565 613 129 319 698 791
809 839 408 613 1100 85 608 207 455 518 789 737 301 344 952 1045 574 213 197 879 978 282
1186 1969 815 167 678 29 456 1083 206 149 120 374 4 96 674 842 994 323 745 925 309 57
697 697 0 0 0 0 0 0 0 0 0 0 0 0 0 0 0 0 0 0 0 0
195 195 359 914 107 1142 234 10 655 235 139 587 71 633 255 610 169 129 283 359 593 889
570 589 484 780 969 949 1110 228 204 332 753 874 281 5 669 347 219 297 205 559 420 640
1215 1495 208 119 397 538 493 1010 214 109 801 831 473 794 137 759 959 643 956 1055 231 909
2888 2888 658 786 302 404 287 949 574 891 209 393 123 527 664 1059 322 602 885 657 436 864
3343 3346 420 150 990 475 805 770 510 805 845 1125 310 1005 350 940 420 300 900 655 300 20
420 458 344 141 496 723 44 274 275 925 705 574 182 513 0 258 612 927 1027 496 966 298
2896 4738 714 800 795 814 664 670 414 458 1134 468 810 1148 89 1128 188 49 742 629 153 360
2368 2368 195 655 480 310 775 665 920 485 840 1035 515 610 25 525 1025 530 695 795 355 695
2777 2782 354 810 147 300 773 676 820 139 760 235 141 256 874 121 612 269 489 376 772 288
4537 4575 1053 146 261 438 317 279 296 797 366 487 555 774 427 220 521 221 345 1089 1139 472
241 827 721 467 417 748 305 1011 566 28 878 614 837 74 113 670 254 352 719 537 441 1057
1472 1472 746 919 177 502 376 859 517 754 844 48 691 214 209 695 135 98 839 1102 643 724
2359 2360 0 0 0 0 0 0 0 0 0 0 0 0 0 0 0 0 0 0 0 0
1288 1313 730 70 270 30 430 1090 940 665 940 950 20 150 1075 325 635 660 575 460 285 235
165 394 494 147 684 28 311 168 464 605 462 1110 369 197 81 497 552 217 585 417 574 59
480 480 176 475 1038 78 622 463 270 1048 820 919 1105 121 359 626 980 510 658 670 956 908
242 259 74 138 218 258 993 965 887 934 1149 85 647 770 245 1077 6 371 338 509 701 419
3654 3659 231 170 684 935 1008 257 734 1110 322 649 125 594 270 923 97 1133 903 154 54 821
3347 4080 333 805 416 705 1046 346 840 908 106 498 23 947 248 710 497 569 1126 842 1084 89
927 927 402 21 633 789 1002 777 1107 174 225 105 564 627 858 903 21 813 1122 258 321 21
2681 2694 1065 67 599 1011 395 7 116 209 313 1102 841 446 1021 1017 919 245 467 3 835 55
4510 4542 1097 1110 63 162 37 970 882 318 635 1138 509 839 793 148 67 618 631 1151 629 534
32 46 995 357 443 722 996 886 337 388 1102 324 851 252 332 973 254 1058 1142 1063 690 125
592 592 220 935 1100 0 660 825 770 935 440 495 660 275 220 330 330 715 55 440 220 0
4139 4139 489 660 624 355 333 809 124 653 275 1020 192 630 1063 517 35 967 599 951 791 1121
399 433 215 386 616 517 985 1032 926 559 1056 886 708 1075 449 392 1139 930 1111 250 197 974
160 292 278 262 104 1094 726 329 681 714 271 647 397 373 1020 416 123 558 478 741 835 1065
2440 2440 979 440 231 484 770 308 220 627 803 363 561 484 561 330 660 363 781 451 264 539
2108 2122 1139 515 578 926 600 972 860 1082 788 492 1141 128 782 900 142 648 406 285 376 459
3096 3109 942 239 1009 1038 124 975 201 442 1077 474 896 1135 466 663 1116 332 965 890 435 188
171 425 848 741 1090 554 777 1151 525 168 240 1018 500 511 670 896 350 497 67 614 49 569
315 315 120 903 963 210 1041 1113 69 288 510 234 810 630 627 66 663 66 468 660 339 927
4639 4639 342 570 423 198 533 930 602 375 275 783 814 289 634 541 587 602 65 362 929 38
672 672 761 890 8 71 616 655 1129 1117 261 48 995 628 249 905 1004 143 324 781 197 100
2159 4393 1062 624 1030 79 704 1032 508 525 881 602 303 18 117 512 764 1000 979 1094 425 1085
402 402 315 133 700 371 525 1036 798 889 532 21 427 924 889 189 168 903 833 1127 1015 455
2716 2717 840 779 208 108 179 376 704 402 615 486 922 710 313 422 902 880 1110 513 659 165
655 683 187 84 980 31 569 924 46 407 988 372 1123 1035 810 159 52 621 79 123 15 93
46 155 961 178 180 228 141 1113 51 851 553 955 873 683 667 229 307 985 509 706 1136 409
4721 4721 652 94 632 682 677 98 124 620 436 36 622 525 486 1025 466 113 468 8 1108 140
1666 1672 1058 105 99 540 1002 614 272 360 195 389 280 632 816 754 298 783 39 795 312 774
846 882 373 1123 387 999 83 721 679 766 683 748 365 672 11 795 75 41 402 550 769 1133
1021 3013 1111 1086 640 827 161 1051 1034 573 328 366 387 798 167 409 895 572 32 1085 213 412
3571 3571 993 1108 680 630 463 292 887 779 567 543 481 702 686 48 438 561 382 444 267 99
1524 1534 962 957 782 981 798 70 1067 373 64 54 954 102 359 803 833 914 252 49 407 413
4641 4667 610 223 862 242 168 293 659 1010 491 1073 521 1063 649 86 867 530 770 542 377 1005
86 895 1044 1146 708 429 189 894 1134 1053 81 24 312 261 660 990 1083 525 63 486 594 171
2704 2704 211 808 634 397 706 964 795 1107 713 962 845 924 229 279 934 81 878 61 126 429
360 360 1050 765 75 870 915 660 270 300 420 75 585 240 540 870 765 585 405 420 825 1050
3979 3988 749 702 691 851 272 501 900 6 703 239 555 1018 473 17 630 589 1148 505 439 924
240 317 379 877 693 403 64 100 370 253 516 402 161 1025 793 402 345 1126 827 589 673 1151
550 550 43 1052 896 1104 347 339 171 1052 464 444 802 180 782 52 321 785 920 671 409 39
4002 4003 975 918 180 423 672 576 288 399 708 1116 618 966 993 768 324 201 570 138 816 357
2164 2172 302 852 1071 14 343 1044 243 851 455 572 467 295 393 582 527 701 884 691 1141 1030
704 4806 1076 976 315 714 334 1043 34 17 549 867 1062 645 1113 826 834 224 290 770 897 555
3719 3719 798 923 354 309 56 882 328 669 1065 1073 174 361 377 976 752 951 602 374 836 651
2852 2856 299 250 770 180 426 278 1038 118 1076 772 969 533 94 721 1097 1072 61 126 987 245
2063 2089 163 213 1023 566 88 491 574 860 10 555 560 1032 751 1011 1024 289 228 415 316 382
2667 4595 519 1083 990 933 153 972 18 852 795 672 81 1059 210 435 72 261 966 714 918 384
3890 3890 523 579 754 692 744 989 231 1091 437 110 1076 575 410 844 486 505 389 101 146 937
2300 2318 1128 552 138 565 773 277 168 84 914 1080 251 751 973 826 34 927 966 355 541 968
3100 3111 709 1141 972 688 576 739 990 376 23 666 440 1071 912 703 736 567 313 9 13 185
4237 4710 817 870 401 425 437 952 239 222 669 94 663 620 588 764 91 150 1079 1107 865 45
2595 2595 1147 1080 564 1034 523 331 445 1027 828 1086 716 710 242 201 776 835 870 858 979 683
2081 2083 566 262 933 503 358 717 48 344 715 959 815 740 1024 808 39 701 825 415 566 925
2877 2901 750 40 963 1130 894 651 742 1099 571 193 11 97 297 953 837 628 795 761 779 229
24 130 0 0 0 0 0 0 0 0 0 0 0 0 0 0 0 0 0 0 0 0
3746 3746 5 395 500 403 1043 746 780 987 221 598 339 835 1147 560 646 1079 99 910 642 1133
1384 1389 443 441 215 397 1021 636 716 548 361 766 278 608 968 1058 81 688 905 596 599 539
4580 4616 816 564 599 147 996 681 239 736 531 1077 1041 935 788 427 91 940 105 501 368 259
57 2204 567 140 304 496 295 920 451 196 546 513 1024 1054 645 150 377 1067 406 1001 1138 144
2382 2382 348 138 54 402 1107 414 516 684 555 474 258 159 108 402 468 993 645 615 360 1074
2659 2661 366 1144 956 797 358 1093 871 1060 1100 762 563 130 645 401 33 809 426 857 213 194
4346 4380 27 674 817 658 963 1020 24 121 1014 713 671 964 606 316 411 296 715 494 19 587
458 2441 770 842 851 614 170 708 86 502 539 598 596 268 695 1123 941 651 84 19 1097 495
1194 1194 940 918 486 683 525 1026 236 606 182 574 8 251 155 480 392 613 796 97 336 960
108 123 1041 790 509 235 837 140 587 1125 888 560 691 209 1151 1007 674 622 0 12 208 290
2509 2548 702 705 129 426 336 63 705 939 915 381 417 765 111 240 537 1101 159 942 891 507
225 869 530 70 515 317 763 385 369 954 667 924 540 540 1 187 33 82 634 953 658 15
2378 2378 632 409 51 1028 792 465 97 1148 521 390 463 457 877 680 817 739 473 547 760 172
2928 2930 0 0 0 0 0 0 0 0 0 0 0 0 0 0 0 0 0 0 0 0
2352 2390 367 391 807 1028 681 495 460 344 838 1140 968 450 333 536 1060 183 1129 414 556 456
70 1768 268 214 19 38 963 231 680 57 1052 270 527 22 732 750 636 817 675 534 466 31
3569 3569 1051 806 1107 896 564 817 738 913 521 542 753 286 351 361 899 917 328 1140 672 790
4046 4053 153 219 645 318 262 754 626 124 861 1082 431 299 69 458 64 1008 782 951 819 1009
4094 4109 865 36 199 698 190 871 850 953 576 170 894 167 997 927 125 906 592 323 858 1145
159 384 270 835 598 733 567 644 153 836 538 536 1025 1 991 159 537 61 1066 588 246 864
57 57 36 1086 297 57 951 42 537 1122 969 255 990 1137 687 177 336 504 138 609 66 852
1757 1769 66 847 784 706 689 1049 889 693 155 124 568 957 344 257 47 654 698 635 998 433
4648 4660 1019 321 734 826 2 567 469 784 524 109 482 626 586 251 1009 551 582 140 527 807
537 2383 798 732 665 1068 114 875 328 294 208 27 590 468 904 75 45 131 1033 256 1085 447
1970 1970 0 0 0 0 0 0 0 0 0 0 0 0 0 0 0 0 0 0 0 0
1335 1344 353 254 777 607 826 887 476 1105 1033 848 742 282 289 605 1078 98 576 757 923 299
4259 4292 480 680 410 480 85 1040 60 140 885 80 1055 905 635 155 470 115 855 735 325 585
1393 1967 597 456 105 228 666 924 534 582 567 1050 615 294 333 966 60 6 114 1140 675 858
3463 3463 364 738 1131 514 107 245 71 130 83 1105 1128 394 464 1141 102 208 805 1056 1140 1145
1042 1044 874 274 781 319 119 691 837 594 1044 70 1003 558 78 96 276 680 154 31 593 390
4678 4686 469 405 443 511 297 63 918 606 310 830 389 830 768 965 206 559 90 444 318 482
1883 2139 449 171 931 812 333 338 747 1124 916 178 1050 873 662 360 242 1056 259 102 543 772
2595 2595 249 87 1137 51 459 921 741 732 63 90 999 558 297 381 690 405 465 1149 180 648
1290 1309 1110 351 898 874 147 156 944 584 1115 1081 197 509 650 463 495 964 238 490 1152 935
4431 4455 726 1140 21 66 963 534 336 372 27 717 1083 762 441 234 684 462 12 1008 615 483
36 201 519 836 715 455 1072 304 212 181 189 731 916 446 751 543 639 35 188 70 930 175
3099 3099 734 167 52 374 315 730 118 795 1132 410 971 364 564 332 1109 385 572 1139 559 944
4330 4334 292 1142 843 272 383 622 49 627 700 711 396 802 738 296 121 755 1040 25 811 838
226 226 601 501 496 1028 4 842 583 87 900 829 1076 303 1138 599 795 192 1002 657 99 96
4227 4888 917 521 719 79 1005 1091 817 282 645 239 91 623 309 102 737 107 1031 203 346 150
626 626 667 527 54 238 884 914 1080 104 1110 844 750 751 245 258 999 870 146 933 386 568
683 688 904 667 369 1100 876 154 791 244 405 640 397 1047 523 869 1129 455 129 401 1068 1053
354 387 1032 1051 751 346 281 96 958 899 978 307 1035 160 548 697 851 1060 351 1053 885 749
1301 2831 133 657 651 676 154 942 1144 333 597 711 151 543 1061 583 1004 284 650 746 1114 255
2681 2681 777 378 441 357 84 252 0 84 987 1029 210 966 210 147 546 1071 567 1029 189 1008
2791 2800 0 0 0 0 0 0 0 0 0 0 0 0 0 0 0 0 0 0 0 0
517 542 581 736 513 180 75 807 871 707 372 531 252 807 1039 319 290 661 691 138 11 26
1378 2452 559 333 44 654 115 626 1148 327 427 501 551 732 744 503 449 1039 876 39 980 653
345 345 336 888 21 207 9 1143 12 912 741 1020 294 90 1149 12 801 963 1059 363 126 444
786 791 0 0 0 0 0 0 0 0 0 0 0 0 0 0 0 0 0 0 0 0
2387 2407 1120 517 910 1033 575 574 689 176 847 828 872 277 776 452 870 60 273 511 982 154
1018 4221 899 484 118 1047 1050 170 828 566 451 1053 413 920 182 208 708 1033 1036 426 685 372
200 200 773 1043 1115 1141 565 951 142 41 509 10 381 400 630 289 80 28 343 989 693 352
2193 2202 478 314 694 504 284 359 362 396 69 938 564 1010 193 259 1004 1017 964 334 1089 745
542 551 473 787 735 686 174 430 837 656 658 450 4 415 658 738 622 768 807 283 54 1001
1675 1963 288 21 762 597 373 427 692 157 40 316 404 1097 667 357 397 360 874 137 793 209
908 908 0 0 0 0 0 0 0 0 0 0 0 0 0 0 0 0 0 0 0 0
4915 4928 950 358 721 600 839 639 514 332 840 629 965 996 206 482 936 449 624 780 1037 231
937 968 371 19 440 507 339 487 518 1089 469 429 669 2 973 676 674 1091 466 531 86 542
720 1690 300 242 748 1133 652 960 370 155 170 462 317 873 672 129 630 768 986 418 514 248
4762 4762 732 171 345 159 651 582 792 189 906 90 42 78 984 666 1062 459 786 390 867 327
3070 3072 407 508 715 545 915 162 260 991 394 117 545 958 1064 533 1046 949 995 68 780 533
4566 4567 360 802 254 529 138 475 152 988 982 1147 776 753 297 434 134 367 329 409 1121 1076
2293 4185 682 585 449 982 636 694 276 140 473 347 517 145 1153 983 771 531 454 1054 99 356
3936 3936 379 988 12 23 917 406 849 878 41 813 875 245 796 704 678 1 482 325 496 663
1320 1320 1056 1136 1152 1054 997 1067 1070 689 806 381 1088 97 769 816 651 443 593 334 39 633
4369 4375 56 709 289 544 811 933 501 965 55 646 132 636 41 122 856 146 275 335 326 1077
575 2308 128 1112 929 963 1035 694 470 744 66 279 366 1034 696 248 230 492 421 15 452 414
974 974 0 0 0 0 0 0 0 0 0 0 0 0 0 0 0 0 0 0 0 0
2824 2832 237 618 1077 270 1025 823 575 272 302 899 161 439 1024 815 455 676 122 962 675 1006
1770 1802 461 908 306 525 78 830 988 286 886 200 351 269 99 692 1052 946 86 842 820 1067
1590 2175 723 508 423 1123 1051 1062 730 954 39 185 686 241 670 771 314 333 367 421 327 845
632 632 0 0 0 0 0 0 0 0 0 0 0 0 0 0 0 0 0 0 0 0
3447 3465 297 267 780 659 51 546 1134 105 574 84 1007 246 1123 871 903 321 997 722 1131 98
56 63 82 1110 331 580 252 643 473 667 0 5 743 941 1060 1145 819 52 959 752 1011 522
3270 3505 282 872 754 707 10 245 1075 356 253 29 1055 832 1048 821 898 261 212 190 903 900
202 202 624 250 1044 78 279 1038 1010 490 1148 375 478 271 179 261 196 695 349 299 450 832
2989 2998 616 686 864 26 273 669 657 744 930 691 467 755 592 17 511 1045 644 853 1037 978
1210 1245 188 126 865 261 152 482 239 960 490 426 947 561 769 1020 962 654 840 475 833 718
3631 4623 516 1115 787 155 556 613 960 556 674 760 644 1041 200 935 888 1066 788 956 873 303
387 387 127 1046 292 301 716 475 151 1070 769 242 707 175 238 566 807 779 33 869 381 876
1683 1697 450 292 1105 499 809 858 538 1109 492 366 371 161 155 1047 1013 478 718 1102 25 557
2921 2925 260 613 147 1147 8 1069 510 288 411 799 263 409 689 926 1015 806 383 1112 710 1133
1314 4733 992 511 963 364 381 1144 894 726 276 408 476 554 456 977 224 565 420 228 943 353
1123 1123 1054 638 158 518 757 308 681 596 778 444 727 404 665 988 977 1151 524 39 433 995
2902 2903 74 1087 176 367 350 381 833 1058 388 995 88 663 673 962 503 144 533 1025 109 515
970 997 490 955 259 887 918 234 46 1100 318 356 808 338 454 180 292 1074 568 1088 500 1073
609 3119 682 434 190 434 900 721 790 213 824 984 155 321 847 938 116 633 538 736 1057 990
3787 3787 885 606 320 911 100 432 510 1015 542 340 1076 1065 730 1118 710 657 241 818 760 892
4538 4549 786 886 656 4 293 39 620 69 229 210 132 309 243 594 655 810 299 851 519 500
737 748 369 1055 894 43 39 904 146 576 33 749 253 733 196 56 88 899 660 1004 345 1039
2885 3019 423 1123 433 533 250 1118 57 405 457 749 1040 395 785 637 413 827 63 329 1091 1116
1783 1783 1119 1027 513 869 268 778 514 422 239 701 948 1097 1037 384 874 945 957 945 232 335
1835 1840 951 875 116 980 657 167 1098 424 334 334 1138 306 734 831 706 300 958 727 423 903
3557 3574 922 336 557 956 1092 92 299 1007 771 641 670 604 831 147 416 706 830 889 1028 623
267 1369 523 183 444 541 547 1020 672 146 627 715 1017 408 1034 855 694 398 526 569 1003 1069
491 491 251 257 523 993 333 305 1072 222 251 547 539 902 520 575 655 982 192 1071 716 464
1926 1926 121 109 481 500 66 947 42 511 310 342 905 261 1087 912 1022 185 418 874 786 397
3995 4012 1138 617 1115 610 159 577 1002 473 292 606 1111 1043 158 408 197 636 243 192 955 5
3271 4094 115 376 590 186 866 943 147 833 172 921 771 27 82 170 247 1006 191 616 255 835
3842 3842 0 0 0 0 0 0 0 0 0 0 0 0 0 0 0 0 0 0 0 0
144 144 344 988 691 172 80 711 1052 214 927 71 986 1105 111 564 258 356 106 1036 239 1066
3672 3675 0 0 0 0 0 0 0 0 0 0 0 0 0 0 0 0 0 0 0 0
3027 4231 761 315 581 642 384 1081 13 707 584 595 910 643 622 486 601 940 826 127 1103 715
1853 1853 775 1007 453 1073 261 8 906 368 116 609 455 554 828 789 121 517 224 754 674 254
614 615 1068 488 1129 77 790 498 342 1030 655 973 514 253 382 659 980 893 339 58 313 305
3029 3038 1069 781 424 339 792 886 907 339 111 1135 883 1069 65 203 498 602 1050 894 1 193
1052 1497 207 530 794 799 1105 518 218 1071 874 679 1053 1068 262 236 359 683 1071 469 924 1079
4070 4070 0 0 0 0 0 0 0 0 0 0 0 0 0 0 0 0 0 0 0 0
4619 4623 924 1107 1114 1111 614 828 132 409 1137 927 459 940 853 578 952 634 394 931 600 37
3415 3420 1034 511 471 515 980 1085 418 262 214 621 595 802 25 252 619 854 1039 25 1067 977
3012 3697 153 726 831 423 831 132 1014 1104 12 243 51 939 426 324 219 336 807 24 912 867
3917 3917 624 535 564 105 275 259 1021 519 996 183 1075 1119 831 797 117 154 421 415 139 1029
3456 3456 1002 1016 676 325 138 325 10 616 1151 37 1026 506 878 377 578 14 1091 831 659 389
2504 2510 800 181 614 750 708 852 950 855 568 886 746 645 122 120 394 1044 86 545 571 749
2825 3067 117 785 563 1117 395 723 917 223 510 396 498 353 614 784 1153 353 692 1088 137 347
4369 4369 0 0 0 0 0 0 0 0 0 0 0 0 0 0 0 0 0 0 0 0
3888 3890 0 0 0 0 0 0 0 0 0 0 0 0 0 0 0 0 0 0 0 0
612 644 72 1152 411 18 180 333 939 771 1041 3 183 738 1125 1032 159 177 957 1005 438 840
368 1298 711 306 717 348 849 741 690 1005 315 363 435 375 516 768 870 819 1053 198 327 768
55 55 0 0 0 0 0 0 0 0 0 0 0 0 0 0 0 0 0 0 0 0
3556 3561 199 108 19 1060 92 716 318 1043 845 352 860 367 641 400 156 235 734 264 840 775
3652 3661 738 1027 753 683 1108 506 119 24 374 822 955 1028 448 853 451 65 1068 503 518 218
1074 3268 163 924 227 1067 983 1108 597 717 318 1005 433 925 54 977 967 800 775 645 876 346
1346 1346 0 0 0 0 0 0 0 0 0 0 0 0 0 0 0 0 0 0 0 0
4423 4435 1052 1104 370 1037 1142 560 65 454 724 834 1106 1041 707 1028 197 273 504 576 1099 287
26 36 1070 302 888 621 761 414 169 943 165 851 189 1018 788 698 330 932 56 143 393 295
1554 3036 300 44 582 737 917 1108 694 940 1111 951 705 541 172 1001 534 589 299 813 664 751
274 274 180 440 205 920 165 600 805 115 665 110 575 1005 545 55 380 665 640 585 710 565
4152 4164 181 701 1078 7 628 688 613 92 141 946 907 572 1150 412 957 511 1003 273 204 832
240 259 439 846 1025 92 168 685 1051 5 136 406 279 927 991 193 956 62 612 522 582 438
336 383 278 418 682 301 723 926 549 167 1077 1038 353 696 293 151 807 907 1067 1096 348 1137
3366 3366 622 411 623 437 931 1151 906 597 137 359 16 897 839 526 463 96 957 764 105 1001
85 103 962 958 580 148 804 504 1011 644 908 1098 662 269 810 198 788 833 84 1024 199 125
4467 4489 1086 564 9 983 486 707 543 1009 298 21 664 310 758 321 554 868 934 606 173 906
809 2525 233 1063 177 2 67 637 176 408 491 111 970 855 1093 826 898 700 265 518 613 580
4125 4125 581 986 291 448 519 2 540 373 723 1048 1019 691 863 934 80 835 914 98 330 745
509 509 1048 564 1051 619 701 48 1127 447 100 624 449 1102 294 414 511 872 514 804 904 466
137 169 903 232 678 390 279 244 965 555 942 757 1138 294 266 902 165 70 451 974 650 957
671 4017 501 475 588 407 1056 791 7 1085 540 907 818 258 511 265 218 840 23 76 989 25
1616 1616 723 465 1138 745 522 237 3 175 18 1107 396 116 922 475 970 417 865 780 194 303
1901 1915 913 974 781 192 614 1001 65 473 1055 622 456 298 493 376 872 332 1022 235 696 117
213 240 617 431 51 1077 344 315 555 797 836 333 686 642 86 466 507 487 775 91 18 1117
144 1909 767 554 868 203 706 36 684 1020 505 1074 483 1004 1099 53 585 1036 817 993 644 325
654 654 891 94 684 581 692 1121 990 797 662 282 380 191 92 212 1115 724 924 540 738 1100
1102 1103 989 701 869 677 229 755 387 1042 1134 216 265 208 354 441 112 433 976 111 668 427
2294 2324 220 1025 1052 803 410 226 761 438 345 826 771 667 659 171 1001 344 1132 1145 677 717
6 80 789 957 917 133 469 1057 534 842 807 839 367 217 417 1039 1130 1022 206 1058 885 281
1991 1991 513 599 557 207 324 765 92 821 877 632 36 360 772 203 22 66 689 88 1018 89
3076 3084 1150 1025 1034 597 189 609 685 1008 182 430 1032 502 219 443 349 879 123 720 639 515
4449 4462 440 260 22 707 979 870 607 712 279 322 1123 1081 547 1008 451 306 210 583 245 731
478 770 929 1024 880 626 1009 609 915 282 828 617 538 376 841 1073 16 284 13 969 358 656
3369 3369 578 491 855 1077 450 547 1043 443 116 885 1008 749 141 1101 294 751 763 825 140 310
303 318 131 488 243 1018 722 433 562 32 0 1149 618 37 363 1031 877 699 1105 408 192 248
1752 1771 176 44 383 52 1015 338 139 185 910 519 321 593 101 343 44 106 969 22 693 468
1163 2894 1073 844 649 68 236 990 443 604 1063 772 875 1049 181 205 323 131 888 679 435 1135
4014 4014 474 308 185 951 238 276 883 931 1146 1062 240 346 582 228 663 826 566 590 5 337
833 846 924 947 341 143 266 334 1124 1052 1034 802 284 262 383 192 573 1034 322 1129 400 76
3037 3041 1107 882 402 717 234 765 522 522 411 267 948 1068 795 6 789 303 426 924 915 984
1094 3560 397 547 896 610 325 548 108 316 688 838 349 562 215 341 865 713 941 746 895 501
1399 1399 0 0 0 0 0 0 0 0 0 0 0 0 0 0 0 0 0 0 0 0
4103 4111 130 438 657 391 1105 258 237 962 700 1071 801 1132 262 78 18 375 796 1047 930 9
351 368 1143 358 928 45 989 67 709 847 840 599 462 156 58 454 1094 698 627 911 267 1055
138 1225 132 569 349 57 273 37 635 700 1082 958 405 119 429 187 1089 750 210 1004 345 606
853 853 0 0 0 0 0 0 0 0 0 0 0 0 0 0 0 0 0 0 0 0
2280 2281 0 0 0 0 0 0 0 0 0 0 0 0 0 0 0 0 0 0 0 0
2022 2037 342 458 860 702 384 1092 1062 1076 107 628 1104 128 95 316 1131 726 838 554 986 520
344 2067 651 1119 801 1107 0 513 21 708 480 84 783 252 1152 750 1041 111 891 981 153 159
3631 3631 0 0 0 0 0 0 0 0 0 0 0 0 0 0 0 0 0 0 0 0
549 559 599 633 650 163 467 547 600 817 487 1000 162 366 928 837 446 53 678 113 957 886
2077 2108 555 465 855 637 268 150 865 969 929 695 277 175 574 51 960 852 236 467 1089 318
37 78 853 920 134 1021 634 874 381 416 97 524 25 56 832 977 14 1154 631 978 916 528
3349 3349 1154 919 895 920 223 91 439 601 59 73 12 1086 1014 456 642 582 280 25 77 675
879 895 776 1119 669 823 303 604 313 1120 13 38 504 16 822 719 686 831 817 448 774 258
4592 4593 475 52 601 65 751 907 720 765 909 479 798 211 723 770 930 379 311 520 554 914
3753 4153 341 178 396 49 493 906 67 489 192 667 291 382 198 260 639 271 446 977 696 1102
2727 2727 1130 541 860 827 440 575 539 108 816 741 152 988 702 454 1153 779 697 323 885 1022
877 884 738 801 354 1071 882 1077 354 414 210 591 315 312 69 768 690 600 966 186 681 357
1900 1914 817 820 1090 25 561 1144 599 331 434 11 775 1010 228 784 106 514 724 318 406 378
815 1248 852 138 108 1035 684 168 651 1026 888 513 1095 924 855 381 966 870 120 903 321 123
4925 4925 690 924 390 1008 978 651 93 249 153 762 1023 66 336 675 582 468 486 597 447 972
489 503 882 367 1008 476 169 103 520 1072 171 300 526 1071 210 164 27 496 736 188 1150 577
515 522 758 680 1118 229 1058 1062 376 270 898 472 1002 510 476 47 699 101 436 1085 51 632
3543 4526 524 529 152 21 145 599 930 693 425 1154 1129 200 776 408 576 922 707 110 784 1135
4513 4513 706 375 111 1031 520 1062 269 434 290 998 962 107 408 687 107 130 161 617 480 748
264 264 129 311 235 175 1098 866 966 284 828 211 31 132 288 617 658 242 76 776 721 922
4477 4510 742 1088 758 85 729 440 988 797 952 1023 106 699 1037 420 157 696 591 998 332 306
2866 3320 300 479 196 184 890 497 329 831 229 1070 20 200 710 1034 1111 871 259 985 804 833
3475 3475 688 900 48 176 115 745 389 197 671 709 29 768 884 462 710 621 652 531 789 478
3258 3259 0 0 0 0 0 0 0 0 0 0 0 0 0 0 0 0 0 0 0 0
2689 2723 674 590 270 479 595 171 682 47 1065 880 29 957 101 152 698 392 509 575 416 239
2139 4535 708 1130 558 369 550 420 79 1072 302 377 944 850 505 147 346 1127 843 406 888 248
3612 3612 420 910 406 574 707 1008 42 721 364 0 217 651 441 945 336 994 910 448 245 819
4811 4818 61 374 818 32 149 1089 231 872 398 229 811 639 736 58 942 1047 761 535 538 1097
1576 1592 598 65 744 1049 94 572 986 118 528 308 361 212 558 666 1043 1022 671 766 137 257
104 162 923 956 998 562 797 444 364 605 1115 260 768 909 363 119 554 988 925 871 931 62
1883 1883 681 732 999 651 366 1083 1011 12 306 594 123 201 645 588 981 264 48 642 51 375
4007 4008 1109 754 739 628 1084 773 996 163 1059 381 743 526 306 424 68 416 645 702 454 1003
3338 3362 132 319 1025 975 1088 251 922 405 446 708 490 51 560 748 352 678 486 626 508 1120
1456 1832 924 930 151 493 1083 706 933 535 1105 138 1008 183 245 79 611 445 1058 506 994 913
859 859 840 594 393 375 542 1008 555 889 503 921 1070 961 70 633 1056 311 1004 897 26 410
4051 4067 889 1051 208 1143 437 170 362 975 448 369 1078 385 738 955 470 781 850 813 188 701
1050 1078 382 506 238 765 1103 1042 314 909 151 295 688 82 382 489 848 702 185 967 1024 476
1857 3013 910 954 922 705 1131 273 1020 668 782 285 307 633 70 398 770 249 386 809 751 303
109 109 0 0 0 0 0 0 0 0 0 0 0 0 0 0 0 0 0 0 0 0
1539 1548 285 496 866 1031 521 605 791 861 415 724 725 589 67 68 620 41 973 914 309 997
4316 4327 428 599 456 780 1080 475 618 1067 471 699 313 1063 600 429 895 1005 840 203 521 376
570 2134 193 69 835 595 636 577 911 586 921 986 987 564 831 1069 925 78 362 818 973 833
670 670 1140 1074 414 975 1110 1152 609 339 192 861 606 930 993 594 1002 201 159 1131 903 405
1109 1128 31 424 505 421 113 1083 692 636 1034 717 792 483 923 560 685 304 310 9 1084 107
1359 1375 204 1101 80 519 303 1135 282 846 823 910 291 588 554 708 676 18 629 534 432 934
2418 3001 587 751 162 266 324 326 39 989 134 745 239 332 973 321 414 434 573 573 91 1043
4785 4785 332 377 909 274 106 478 1006 1103 27 419 452 455 101 752 302 1100 339 677 1142 245
2964 2967 702 10 699 405 330 603 1115 557 606 809 769 232 606 424 652 789 447 611 830 198
2538 2540 812 805 105 490 959 665 35 1036 1085 7 987 910 700 1085 644 189 511 28 1078 1078
1293 2425 1126 632 194 1047 987 230 748 487 873 275 814 606 439 346 95 594 981 589 448 854
3390 3390 726 857 915 406 920 818 133 715 387 698 722 897 123 337 59 405 301 201 128 364
1439 1446 480 453 1097 772 1112 692 564 965 742 290 227 481 267 974 157 392 102 715 275 290
4905 4920 774 672 730 480 1025 815 551 1053 968 651 544 927 1115 373 902 933 402 101 968 81
1455 2387 223 638 366 174 167 37 744 528 1043 36 668 505 134 1082 887 236 53 648 1103 1032
368 368 0 0 0 0 0 0 0 0 0 0 0 0 0 0 0 0 0 0 0 0
624 641 347 853 228 1098 503 137 1110 4 371 1118 712 525 799 316 234 516 734 215 30 1049
3813 3818 468 23 256 1064 6 1033 767 728 1059 440 107 844 1103 797 368 754 858 576 718 787
319 455 1043 233 224 553 597 887 417 1073 48 530 646 265 296 550 310 94 34 29 230 606
358 358 84 707 224 154 679 588 721 945 847 336 1148 441 392 581 49 245 966 98 7 777
2579 2581 793 1144 270 207 897 6 819 732 682 907 62 775 491 881 1029 342 1049 291 383 844
2937 2952 333 871 1126 255 497 526 231 410 461 611 1097 265 746 931 117 280 616 373 775 312
349 2593 499 731 186 1098 348 43 729 951 721 649 917 677 621 253 429 229 312 408 1048 1126
2683 2683 0 0 0 0 0 0 0 0 0 0 0 0 0 0 0 0 0 0 0 0
4948 4966 973 887 415 619 77 877 55 356 780 161 630 354 269 453 772 192 305 154 1094 43
1120 1135 955 219 224 377 864 601 1121 362 851 761 611 16 877 149 1026 814 1152 1031 204 229
495 2170 13 34 34 867 994 0 268 519 790 472 460 393 980 182 545 404 357 1136 896 868
2760 2760 801 945 986 800 775 456 905 272 544 418 1086 522 749 982 93 367 798 146 880 414
3561 3562 854 310 1084 697 171 1021 731 241 909 575 868 681 35 15 7 67 1078 271 94 896
366 384 1062 188 620 780 777 809 924 811 495 18 223 521 765 383 492 1116 440 967 843 430
507 3681 569 588 977 1122 435 228 973 233 941 885 917 916 250 766 308 373 12 118 6 1097
2893 2893 283 940 841 915 441 993 447 684 38 627 439 232 480 568 448 771 669 964 949 985
1901 1915 591 73 880 26 1111 397 392 769 186 52 747 995 114 481 202 351 657 1092 993 672
2358 2366 1080 915 570 750 420 795 180 30 1080 105 495 1080 855 840 960 855 930 720 195 780
1812 4053 839 1072 764 791 131 781 324 407 404 1128 345 256 358 743 634 848 821 726 572 40
1464 1464 864 696 50 525 1116 1099 897 796 850 1113 674 273 892 865 1133 49 220 613 736 611
19 26 435 817 44 132 492 833 462 411 543 126 201 1025 135 301 368 756 678 1036 756 412
4781 4803 1025 1103 169 114 621 821 914 710 0 1088 2 225 1136 156 836 232 320 921 396 762
1018 1874 1008 1011 39 1011 906 321 963 453 285 1137 420 345 555 972 192 912 894 1050 696 480
1129 1129 564 504 644 255 18 328 573 153 298 109 1031 544 121 657 455 589 206 619 1045 147
3790 3806 271 486 40 495 295 578 232 1098 790 382 12 877 989 855 661 438 447 122 189 275
3775 3786 930 1141 540 10 387 396 732 450 565 763 864 1087 506 1048 1038 763 418 790 1046 317
386 868 34 214 553 582 461 269 815 430 300 327 780 15 1044 942 780 391 1142 12 1008 192
3346 3346 475 108 672 332 931 585 412 142 917 627 759 905 277 232 832 596 645 149 1024 170
110 126 253 788 211 597 88 706 992 982 788 831 867 109 142 1137 963 782 656 450 442 970
2419 2426 1084 733 913 432 1138 296 256 930 996 12 1048 139 231 988 996 131 429 895 910 326
146 1327 846 608 351 1136 1128 623 717 1041 1105 236 627 364 280 406 301 160 158 945 212 472
2945 2945 220 770 165 605 1100 220 495 55 660 605 880 330 880 715 330 990 1100 1045 770 1045
4533 4552 255 932 486 777 301 730 637 160 666 706 619 331 447 986 443 710 785 75 445 168
3688 3699 595 731 577 344 675 82 1121 641 204 518 922 790 1018 783 266 666 662 682 913 234
1704 2950 1119 41 167 542 986 35 630 1031 530 889 880 161 866 56 78 398 288 74 275 421
127 127 0 0 0 0 0 0 0 0 0 0 0 0 0 0 0 0 0 0 0 0
177 187 868 231 10 936 378 920 551 329 909 1017 403 536 493 692 1100 871 167 532 579 1025
1531 1543 563 1046 354 878 373 1132 342 571 914 1044 370 56 1014 449 71 404 936 511 637 551
1707 4457 516 249 597 147 519 513 228 1017 1110 414 732 1131 66 699 1041 804 432 654 939 1152
1057 1057 950 375 477 1085 492 489 251 434 543 86 118 115 1038 524 888 680 663 517 1012 633
2243 2256 121 548 416 791 421 871 734 403 332 744 505 721 1060 826 78 716 1069 819 574 522
3042 3081 135 987 150 1047 759 642 351 390 342 801 75 1122 258 273 0 687 1002 552 1116 645
36 715 638 733 665 355 190 14 566 901 290 1125 820 321 972 1121 767 16 1100 703 432 588
1280 1280 808 825 134 17 653 408 873 552 1041 422 239 965 854 129 238 993 308 605 816 357
306 320 415 71 904 750 785 211 936 1110 993 782 62 948 837 270 1088 591 1031 779 93 364
4402 4420 711 651 1120 1109 1047 864 158 1090 11 1014 1017 992 314 665 575 339 597 757 349 125
3597 4151 167 361 530 439 836 566 1085 53 223 353 148 806 1009 213 758 685 545 721 71 1103
2600 2600 868 51 968 420 202 104 500 584 469 502 815 541 391 1077 735 64 44 516 866 333
2711 2715 800 31 633 1122 501 957 319 1152 413 852 256 1062 1091 357 544 804 895 272 171 209
3383 3412 62 611 287 314 999 359 1080 502 559 975 994 665 88 212 809 958 160 31 977 637
258 2955 1071 867 960 7 4 1023 861 615 473 362 657 42 921 31 160 688 1052 208 972 96
3489 3489 42 18 425 365 204 1075 54 918 1045 260 644 880 158 892 879 109 2 57 996 123
4264 4272 932 378 1080 11 928 770 980 1045 918 163 285 133 1094 365 1130 998 1021 58 152 367
1632 1655 1022 199 192 372 828 543 675 4 1116 965 1061 631 242 617 1074 366 831 596 306 137
3817 4069 462 1104 470 941 900 316 332 869 27 814 1102 980 2 271 847 367 220 495 396 585
3388 3388 555 595 1120 730 210 550 605 880 1150 980 230 435 575 740 415 435 115 545 710 640
671 678 920 535 888 500 462 397 1022 935 789 707 146 528 169 1128 1042 29 103 147 259 721
4015 4021 765 615 513 471 279 399 171 1143 597 906 579 591 921 1017 1128 852 564 534 858 315
1528 3024 267 804 406 719 841 979 737 1031 717 146 1128 966 677 816 451 608 572 602 766 427
4095 4095 495 990 660 165 0 660 660 165 495 990 660 825 165 0 0 165 990 165 165 330
4079 4090 387 433 615 963 296 156 438 1084 465 396 230 740 409 568 600 1058 271 1122 374 182
707 725 260 1003 42 647 730 245 187 880 415 732 1103 531 438 521 114 444 709 582 971 419
3647 4456 765 1080 705 705 825 1080 510 675 330 30 870 960 45 360 210 555 750 585 315 1110
2564 2564 867 82 713 523 257 949 219 50 1088 418 131 225 687 123 356 344 93 256 591 415
3860 3864 989 68 830 224 1012 29 76 420 844 10 349 1018 497 95 592 172 364 212 131 538
22 26 1136 13 606 558 319 347 3 26 514 767 16 352 807 932 656 1123 606 498 15 688
1053 1960 300 360 586 970 85 316 520 450 9 73 464 162 217 760 161 690 230 701 986 313
3397 3397 0 0 0 0 0 0 0 0 0 0 0 0 0 0 0 0 0 0 0 0
4052 4061 721 779 766 984 38 1122 765 219 1032 69 332 248 96 263 822 69 332 902 913 435
303 308 811 500 953 1094 556 327 423 784 456 356 1075 96 538 836 481 1111 179 111 520 350
203 1261 270 450 252 495 249 1146 54 312 327 414 849 456 1050 837 792 210 39 732 519 690
1818 1818 748 1007 354 883 356 1075 910 521 31 205 319 682 892 475 674 1012 901 184 1150 834
3576 3578 460 556 539 695 1091 169 210 540 424 832 1043 644 679 759 735 665 1116 691 887 72
2250 2265 866 461 64 1142 886 398 406 904 159 1007 445 521 203 448 445 660 852 485 802 1141
258 4194 902 420 405 613 792 669 240 230 1153 116 772 345 815 1114 44 114 218 649 721 1025
1290 1290 325 550 860 165 205 920 290 650 1005 585 245 490 490 1070 25 1105 90 315 790 450
3896 3905 733 1031 385 238 1009 771 199 148 708 906 982 310 566 283 362 478 365 10 233 1012
4919 4932 1002 128 657 61 288 800 124 812 257 495 638 70 136 528 423 46 486 550 455 172
8 10 1060 1135 512 242 173 452 191 1004 194 1052 811 863 733 799 467 1142 1032 123 492 336
2187 2187 1149 1108 895 14 448 171 371 816 706 880 1135 782 388 426 439 565 549 401 618 358
756 767 1129 201 168 982 575 419 808 971 850 104 111 887 246 536 174 779 744 1002 389 970
4812 4850 373 337 995 1085 890 573 1098 570 1148 1034 1140 361 136 1020 764 89 109 1154 1153 893
979 4231 885 138 1105 99 40 360 579 358 1081 155 209 1083 974 1034 62 527 564 230 72 309
1008 1008 1048 436 59 832 242 558 466 695 306 926 708 785 681 702 456 727 603 94 421 122
3514 3526 918 477 1036 101 70 869 816 986 400 1094 521 722 948 575 400 504 924 1150 711 99
426 455 1117 468 525 270 756 896 300 228 1041 1072 226 943 399 1018 458 1018 715 365 287 1082
1442 4370 731 528 226 615 202 358 419 694 430 613 1000 284 1153 708 1008 531 755 52 267 442
1087 1087 0 0 0 0 0 0 0 0 0 0 0 0 0 0 0 0 0 0 0 0
1817 1835 678 670 442 253 225 817 767 988 796 443 273 967 13 565 813 308 138 746 341 516
3259 3273 729 310 1135 409 397 391 1030 424 834 969 12 971 333 362 133 669 84 53 1046 553
2185 3072 220 815 417 464 890 815 1038 8 79 1125 1153 84 990 381 535 966 1083 453 150 101
4370 4370 0 0 0 0 0 0 0 0 0 0 0 0 0 0 0 0 0 0 0 0
459 474 158 986 876 769 530 37 363 108 664 233 336 359 552 681 56 397 680 307 831 578
2370 2379 785 439 49 343 414 90 396 228 877 316 140 1135 30 442 292 962 493 956 384 1043
816 949 714 226 830 693 323 1085 545 835 398 292 510 413 617 124 73 300 676 901 512 123
4726 4726 240 374 424 467 459 485 1031 530 897 33 70 770 679 6 741 537 970 188 321 236
3025 3043 469 1045 393 519 885 910 29 104 434 813 1054 802 846 55 402 720 141 963 1065 866
1943 1963 496 691 432 1118 367 829 161 554 1019 1154 667 736 353 552 58 621 662 375 714 89
596 1945 164 911 32 938 820 133 1119 1016 413 603 479 163 135 844 889 639 179 941 956 885
1596 1596 440 550 165 1100 550 55 110 715 1045 275 110 440 1045 440 1045 0 1045 1100 660 275
4039 4055 498 486 29 768 837 1066 1119 242 489 642 65 647 548 7 498 623 9 324 531 969
3698 3709 385 230 860 1125 255 1065 180 1145 1140 585 150 665 45 595 20 1030 550 115 210 745
2915 4265 1014 191 600 130 813 755 190 586 479 966 1123 368 627 109 361 483 343 640 884 346
1703 1703 555 793 140 843 758 531 970 1062 306 562 971 686 1124 268 874 986 85 1104 1079 894
4166 4175 218 820 1060 186 303 1073 559 687 1084 938 1109 746 16 37 479 466 1083 473 1056 14
1927 1955 819 420 311 973 363 331 844 508 242 325 58 321 299 898 145 499 1085 940 292 610
1698 1868 660 795 650 115 1120 905 910 240 985 510 750 15 975 665 790 735 120 130 620 825
2661 2661 146 301 555 1105 872 642 840 194 458 655 655 874 744 1115 753 294 699 793 1070 24
4498 4505 832 274 654 2 947 1136 683 202 1027 771 610 810 148 596 366 474 231 702 519 372
2457 2476 1024 646 209 157 472 28 1143 712 310 477 74 730 237 1116 659 499 381 173 424 863
1906 2016 42 141 1056 1003 920 998 373 712 527 54 971 590 1141 904 798 240 946 1001 1029 605
410 410 0 0 0 0 0 0 0 0 0 0 0 0 0 0 0 0 0 0 0 0
99 107 415 449 951 1060 130 428 1140 572 1001 34 771 189 780 279 615 562 25 313 685 12
1027 1048 637 461 742 1143 1097 313 294 855 908 364 942 1095 263 820 421 848 525 205 258 931
1492 2616 43 365 993 412 459 568 40 55 192 642 611 716 168 1134 770 569 115 164 1119 1044
633 633 495 915 1081 755 717 150 434 356 133 1149 240 1081 767 758 697 1045 211 1135 414 935
2426 2431 889 718 1023 1006 481 103 384 497 595 1027 804 1110 510 726 761 397 47 297 658 1134
1323 1340 839 498 785 1138 538 45 371 242 1077 232 722 1006 619 452 180 904 917 64 528 384
436 447 801 52 293 948 623 784 178 1032 519 955 354 259 811 719 996 688 278 649 1099 605
4760 4760 952 665 630 348 671 797 962 952 364 9 343 478 1107 842 905 1103 84 510 861 312
3246 3258 525 200 1050 513 249 912 1001 818 816 543 172 108 916 606 335 1139 103 442 749 1142
2911 2915 717 943 210 139 375 1068 806 1030 801 262 510 439 41 44 568 959 144 203 88 1154
1093 1361 63 468 1009 655 1085 428 254 844 971 356 807 418 721 1096 407 908 816 1147 444 334
4619 4619 247 334 100 561 460 744 580 13 922 540 575 311 451 405 256 523 210 235 683 964
3146 3152 426 603 7 394 553 791 673 932 516 915 264 735 564 221 23 608 628 1136 198 17
3809 3828 969 582 652 816 225 373 827 765 563 396 1082 509 388 743 1034 470 953 1148 1016 1095
459 1246 281 16 732 720 914 179 329 917 683 391 1099 962 363 1101 747 977 279 486 435 331
1225 1225 4 224 1109 30 543 1036 1045 370 864 98 356 619 55 828 846 229 988 80 554 563
2005 2008 729 16 682 344 690 406 90 406 592 833 731 860 1010 706 113 556 219 964 349 556
3996 4028 934 291 619 978 994 680 491 583 774 798 935 950 935 921 140 474 1076 534 1129 915
2215 2648 45 315 534 282 900 15 98 927 212 952 163 621 281 43 199 555 580 199 95 844
1880 1880 388 852 708 807 1030 238 146 707 1032 273 105 889 987 272 854 611 984 853 1121 721
3496 3499 501 804 861 405 138 888 648 342 1137 777 285 114 435 348 651 189 111 294 966 309
4467 4477 321 996 949 480 102 340 385 456 166 152 980 404 1007 132 230 23 703 971 822 172
664 4698 380 790 205 541 56 714 1153 297 155 1129 346 998 1040 762 418 672 72 585 924 944
678 678 362 1147 1035 55 335 378 987 184 98 110 516 360 876 305 1139 424 262 1054 468 251
4388 4399 1027 1079 629 722 406 354 439 192 558 1060 1008 809 1039 12 503 447 687 824 935 550
2367 2394 334 405 7 785 141 817 1082 193 180 318 236 755 781 639 720 270 159 457 569 275
2307 2313 805 70 140 735 630 840 105 350 70 630 0 420 630 770 35 770 1050 945 210 0
2010 2010 1106 50 645 130 713 626 992 1007 924 1058 275 977 1057 532 85 151 1150 291 123 81
3728 3742 715 355 466 586 184 1003 212 6 1000 1097 964 1141 30 593 1111 653 173 323 728 463
1182 1202 347 417 535 140 517 621 1126 553 1119 451 208 560 473 464 1013 1113 977 43 989 871
1457 1509 306 50 976 587 510 1048 158 490 999 153 493 779 851 93 16 863 474 387 941 975
3498 3498 31 414 21 855 163 463 213 337 347 357 345 754 405 863 476 784 876 749 371 524
2210 2216 960 550 711 671 787 630 776 607 498 583 406 319 629 897 2 593 865 825 746 916
2885 2916 1091 85 942 360 610 134 1052 57 80 1050 198 86 627 374 195 853 306 743 734 249
169 450 1039 200 868 1064 698 453 1090 865 905 80 806 1115 685 271 595 192 96 579 1053 282
914 914 0 0 0 0 0 0 0 0 0 0 0 0 0 0 0 0 0 0 0 0
3424 3438 580 795 554 317 181 774 1050 545 56 583 397 812 354 122 596 449 1054 75 59 661
1346 1367 359 544 680 696 562 570 357 143 977 319 297 963 1022 323 47 519 143 497 19 11
677 1065 405 456 703 72 718 1014 1110 445 1010 868 935 37 1018 340 427 527 238 937 952 1144
4984 4984 27 869 1121 314 363 265 828 317 1148 945 531 643 756 959 150 28 283 190 1130 464
1084 1100 511 296 457 932 345 247 1032 690 616 895 456 974 368 222 1028 307 558 412 1154 277
4044 4067 949 906 927 906 341 19 943 864 898 350 812 912 377 713 294 234 28 224 489 968
424 1373 553 46 327 146 670 409 526 1110 1103 941 979 315 1142 712 656 860 34 191 134 1032
1533 1533 504 17 23 585 492 248 422 1123 991 692 1106 989 1095 250 793 17 253 16 940 774
4125 4135 156 265 905 976 1047 174 877 364 43 921 653 927 1135 663 986 806 387 965 767 23
871 897 32 717 669 818 502 853 963 685 980 408 563 135 391 633 492 967 670 740 123 1151
1972 3917 14 881 997 880 581 306 820 1124 1087 641 113 240 433 251 919 487 718 523 591 909
65 65 782 434 1072 742 213 499 646 926 349 1125 432 177 874 697 858 503 846 398 142 113
444 453 458 606 533 851 993 44 604 419 300 518 184 964 829 843 1105 491 897 852 794 364
3929 3956 666 549 1001 748 800 482 83 1064 606 79 363 70 40 101 203 1146 367 76 209 378
11 4941 9 894 385 845 778 1068 963 1081 30 760 250 649 339 41 979 1101 33 548 1109 832
3216 3216 790 49 311 770 263 469 9 435 304 1050 1138 708 412 1083 631 1065 250 8 670 370
2067 2082 57 818 109 537 650 386 442 115 73 675 650 1066 166 566 42 755 172 908 498 615
238 276 960 70 913 695 268 743 904 43 624 446 787 115 693 55 1008 954 6 247 94 1122
3184 3863 778 441 1018 924 987 476 1127 1096 1091 249 342 327 794 873 326 357 539 187 228 840
1140 1140 527 974 703 9 996 295 609 816 100 302 1120 480 917 1059 485 594 629 955 1034 217
4808 4820 551 196 260 319 610 1072 354 1014 633 903 359 499 737 49 1000 242 463 505 13 37
1364 1400 838 882 463 647 406 1100 895 919 213 168 281 525 895 1142 182 219 790 944 809 505
508 3276 0 0 0 0 0 0 0 0 0 0 0 0 0 0 0 0 0 0 0 0
2647 2647 81 846 57 563 18 40 1032 984 799 852 123 184 631 1077 713 888 648 481 83 695
778 795 492 128 869 774 701 141 278 97 1074 1033 87 114 818 142 1117 997 487 1063 66 1097
4111 4126 48 0 228 981 453 477 237 348 39 813 960 1113 675 72 189 678 153 663 1113 147
3620 4141 361 1008 363 460 800 87 200 1030 469 1049 76 743 115 227 305 640 816 202 953 415
2250 2250 1 90 645 669 768 378 489 1062 1143 56 715 96 93 1009 102 385 500 197 1138 1142
4938 4948 254 502 366 1106 500 445 968 372 979 767 217 1130 433 573 175 687 1091 783 139 1112
959 993 819 192 635 140 432 1134 826 908 219 663 641 590 378 709 130 885 51 916 979 391
645 2328 232 1001 542 730 1079 924 220 272 366 644 880 790 604 554 115 194 120 318 865 976
3141 3141 150 180 426 543 171 1008 39 1110 972 729 66 912 1152 828 219 132 1023 642 972 306
4445 4460 612 1118 81 323 95 62 62 889 963 1127 60 543 468 557 144 842 830 882 954 267
829 846 470 1048 46 1135 292 452 555 278 687 1113 46 952 80 85 384 461 758 992 279 782
591 866 802 445 1006 800 280 461 503 384 1095 1046 15 763 141 308 959 6 1143 148 888 711
2288 2288 0 0 0 0 0 0 0 0 0 0 0 0 0 0 0 0 0 0 0 0
1376 1387 1112 930 572 486 1152 79 745 860 817 193 106 1057 176 270 66 831 950 497 1118 66
1366 1387 967 447 542 849 108 87 109 64 477 1047 484 22 432 190 503 884 838 152 1060 1088
428 3829 450 555 230 1113 879 872 905 922 134 34 254 502 406 950 487 1025 946 495 174 704
1520 1520 0 0 0 0 0 0 0 0 0 0 0 0 0 0 0 0 0 0 0 0
1157 1157 795 574 456 1148 566 76 147 443 1020 732 1012 43 951 307 506 304 254 1008 1080 265
4088 4119 439 834 609 282 1147 119 913 152 1138 1125 809 120 769 395 193 198 66 54 504 103
1205 1616 147 1010 867 887 362 1112 983 707 198 945 406 474 831 1137 1117 955 224 287 82 773
2128 2128 457 549 134 201 144 240 66 719 615 761 738 290 353 8 818 1020 594 459 604 56
2506 2511 861 1139 487 267 471 125 445 819 271 259 250 635 1152 28 484 676 954 1130 254 363
386 416 1023 160 352 1107 334 777 791 352 625 406 172 570 896 810 883 657 620 813 186 339
3822 4003 655 1052 339 393 231 300 546 157 814 997 257 808 314 932 359 392 339 1062 577 425
3114 3114 972 410 143 194 29 1009 83 247 661 706 267 423 878 402 968 932 198 352 906 545
1747 1766 57 1031 16 413 270 560 49 241 777 934 263 558 434 1049 229 987 667 578 518 495
1259 1277 612 141 1119 135 315 57 123 1020 165 369 462 75 699 819 402 1008 132 561 282 69
2757 3647 706 396 485 634 704 81 1025 295 742 523 851 633 883 337 660 637 1154 758 540 414
495 495 176 634 248 482 837 452 89 1101 825 714 749 45 248 622 16 732 905 255 989 501
3952 3968 767 916 236 1086 1046 948 1051 504 951 138 446 362 769 184 673 885 529 668 120 1089
1430 1442 450 690 346 415 199 653 705 847 122 357 953 250 1001 367 717 93 86 676 1003 1084
2 210 110 1065 672 658 912 355 413 766 188 973 1068 1078 1053 1048 1152 538 557 835 1083 720
2229 2229 1097 766 123 232 253 452 792 332 877 0 233 226 1147 1125 876 221 931 872 775 900
1292 1301 597 228 795 966 552 831 789 831 321 513 264 924 1119 180 1071 318 303 819 147 489
1668 1702 424 898 358 303 55 200 997 106 709 385 409 199 736 645 643 1020 433 868 323 685
11 1498 453 622 265 938 958 162 576 716 695 365 899 1139 763 1042 781 847 830 728 1053 972
248 248 0 0 0 0 0 0 0 0 0 0 0 0 0 0 0 0 0 0 0 0
1447 1457 855 994 370 861 861 1008 74 169 259 175 908 648 435 836 576 870 770 792 861 135
2078 2112 918 853 562 269 387 633 286 787 366 408 524 16 317 794 426 521 167 395 996 551
289 311 1051 328 561 495 998 65 277 364 1091 299 561 261 555 588 243 839 629 366 93 514
3700 3700 957 726 693 264 1122 1089 264 924 726 528 0 264 363 594 594 726 792 33 957 165
47 59 1048 232 289 600 426 54 391 837 378 1116 812 633 816 332 1073 1107 923 781 912 396
4711 4712 1152 419 564 526 302 510 386 62 89 1067 626 891 738 1082 250 542 34 740 727 118
612 2809 673 698 517 892 225 482 77 151 147 116 143 982 376 896 495 20 541 307 409 294
2558 2558 345 978 6 502 267 854 846 155 413 961 977 419 315 895 22 891 614 974 962 564
4056 4060 9 909 367 817 461 239 467 444 739 668 975 1065 1022 913 1104 198 1132 557 175 782
1677 1693 264 298 1143 902 741 321 994 859 492 1053 1029 893 400 483 165 50 85 632 88 1152
1270 3920 542 652 213 481 1033 554 972 716 564 1000 149 285 854 833 744 837 958 410 1009 140
2741 2741 40 1089 752 976 559 1047 459 541 597 150 63 1029 590 507 337 379 528 23 423 395
1904 1921 74 584 211 774 556 728 805 200 757 86 153 797 61 653 109 893 1028 419 749 463
3561 3590 241 912 303 348 328 585 250 511 699 981 897 604 603 1118 241 1079 1088 461 1008 389
131 2353 759 19 206 741 782 851 290 615 137 23 174 449 528 217 845 801 1024 220 470 1072
1663 1663 558 617 435 770 756 659 196 207 744 994 931 869 1133 765 105 126 1075 682 528 251
2946 2959 933 1024 172 538 448 59 636 360 342 640 794 419 603 900 126 785 831 441 474 671
2326 2333 324 878 717 364 935 178 689 151 547 251 1013 1146 745 1061 909 408 258 710 907 126
359 388 197 190 1121 695 1082 498 429 456 48 425 45 1022 300 1075 234 773 1134 350 231 1140
970 970 346 454 672 198 594 1113 757 366 787 234 1069 79 634 887 1056 352 844 304 666 995
3017 3017 952 261 596 247 113 4 483 889 1073 967 197 239 969 569 944 485 1147 16 644 139
1251 1289 833 281 658 263 1025 699 504 409 590 120 90 255 719 890 722 1039 299 189 409 402
24 49 904 85 755 470 929 721 944 778 641 510 468 349 851 1024 48 535 214 548 686 631
390 390 1076 1145 38 827 390 820 903 470 416 251 51 851 891 282 692 456 110 284 539 700
2659 2662 1148 380 663 807 232 769 403 217 282 126 99 17 1049 889 411 1014 239 915 922 885
1052 1052 513 1069 1050 293 670 916 205 1052 308 1044 420 165 952 910 755 742 1089 1108 158 809
4522 4556 998 141 572 1001 644 221 730 349 527 212 560 1104 761 642 160 39 809 313 413 894
677 677 406 386 928 685 158 338 1073 926 528 174 68 240 1136 777 852 19 1132 368 1039 1035
2676 2684 858 83 950 199 286 669 580 516 995 437 816 631 1028 702 1057 331 694 970 98 558
3457 3459 584 572 985 856 117 1148 960 275 470 769 164 348 415 651 1052 610 416 878 678 518
1321 1763 1021 139 853 862 510 856 170 145 773 191 570 1033 212 841 460 64 712 895 418 1051
2153 2153 1083 662 265 256 954 118 352 939 487 110 373 518 470 186 694 3 407 888 863 720
2577 2591 1014 885 1116 37 365 265 21 488 93 771 346 1072 21 169 609 34 1084 723 313 876
2231 2249 952 1123 269 645 375 972 785 875 1083 890 777 906 799 930 140 556 582 511 852 732
814 2031 681 437 1128 196 305 1106 986 941 430 355 503 221 911 249 871 1138 502 627 792 45
2718 2718 272 566 122 923 292 844 1080 625 751 227 423 658 860 44 902 304 210 487 845 867
3030 3042 1153 324 323 672 1130 459 112 503 107 774 872 502 524 1050 522 1008 166 1037 91 146
1567 1580 435 636 875 320 163 565 925 736 433 729 2 460 47 229 1084 1117 462 987 895 80
2653 2760 212 61 501 1009 711 244 63 763 1021 124 535 100 949 149 829 702 527 911 267 765
4800 4800 989 460 82 981 319 389 148 74 323 89 40 361 46 754 124 621 610 600 902 835
4828 4836 861 76 575 1020 864 1067 180 316 29 299 409 145 203 101 781 737 307 625 252 960
2308 2338 358 37 45 758 673 220 736 28 978 672 897 530 899 1032 111 325 230 401 808 679
1984 3693 476 82 827 715 397 1078 392 209 60 1024 1059 786 412 612 1148 661 75 1042 85 514
2288 2288 365 597 716 990 962 175 960 914 1002 377 871 798 1152 16 445 477 181 23 797 480
1254 1265 326 319 581 378 1128 671 956 796 1074 810 605 629 214 573 1087 381 409 458 578 395
641 660 584 866 315 607 269 429 612 303 1038 1121 657 749 871 634 603 1086 448 910 237 44
983 3850 139 910 1063 915 462 648 672 149 251 271 198 39 1153 1079 23 4 222 460 914 428
37 37 766 704 282 720 456 134 625 265 704 636 235 1078 614 99 620 16 478 238 540 728
3760 3762 519 906 533 430 257 374 828 345 963 48 312 998 413 786 1030 375 484 66 223 1121
1264 1285 479 478 46 506 210 728 459 844 458 74 1132 906 841 329 1001 322 989 525 1011 360
1476 4865 374 868 1006 119 377 175 1114 302 365 979 859 215 1057 1092 617 112 1015 777 129 742
3256 3256 622 1070 458 414 112 673 366 191 210 156 373 1154 765 1018 931 978 1031 448 698 893
3983 3996 707 883 434 432 781 933 39 24 367 685 1020 869 984 865 514 875 668 3 336 965
4135 4163 1134 536 484 171 260 845 186 194 528 170 574 781 331 526 160 864 1086 1139 68 803
739 3669 569 751 1138 191 311 632 1057 112 1135 491 152 126 406 412 576 450 1058 932 159 601
4672 4672 442 769 410 266 244 798 1060 1109 648 939 49 840 359 835 757 868 739 451 716 744
2011 2029 257 1137 19 384 919 569 846 627 1028 181 500 410 850 1135 309 786 969 73 851 338
1301 1333 651 871 708 366 314 1087 449 1061 270 990 696 779 78 883 427 396 341 300 462 102
762 1477 572 452 372 696 19 13 781 890 655 818 720 900 949 225 73 1140 369 108 385 686
1489 1489 595 1102 385 37 898 179 288 746 741 503 988 951 394 429 360 757 856 782 1023 964
259 271 291 916 990 1019 232 342 582 243 936 899 19 227 482 1147 365 656 557 509 474 558
4228 4262 435 990 411 870 282 43 94 959 423 1115 1019 517 410 912 377 573 787 33 1123 379
1161 3976 822 1037 62 951 763 2 677 142 431 246 815 332 382 936 838 772 1122 550 1069 176
4427 4427 122 596 55 608 991 1103 818 934 1014 445 930 996 554 792 996 223 1129 210 279 1129
3931 3933 462 105 798 1029 735 1113 1134 504 882 651 861 1071 588 168 273 294 420 84 777 798
1601 1609 825 555 1010 620 0 0 755 260 905 1135 620 915 110 435 65 435 1110 105 520 375
1256 4422 883 1098 189 944 766 1097 512 293 656 482 682 764 326 755 803 1138 84 585 575 538
4504 4504 957 209 1045 110 473 66 1045 0 385 187 0 715 913 44 539 1100 528 1001 968 1056
1206 1221 462 1045 900 657 858 800 487 441 346 684 240 948 435 985 1070 703 736 642 493 154
3854 3871 492 46 683 408 819 692 933 692 634 908 1062 195 212 400 412 791 994 316 499 298
1071 1196 1107 671 1077 984 501 929 202 180 124 441 844 1095 1029 937 791 331 81 470 871 65
3231 3231 231 846 285 52 62 63 75 259 609 601 464 385 184 278 397 587 600 308 174 582
2270 2278 352 881 964 871 837 209 1020 175 51 683 422 1100 889 674 629 853 448 179 214 789
3097 3114 1122 681 624 834 42 66 408 426 438 930 312 861 1098 729 771 1050 900 123 1038 93
846 3227 128 364 130 542 109 1034 722 764 286 538 197 878 156 780 334 703 673 647 272 428
2821 2821 0 0 0 0 0 0 0 0 0 0 0 0 0 0 0 0 0 0 0 0
1476 1485 684 61 963 288 39 1005 256 632 137 350 315 861 958 61 547 620 601 102 301 390
360 375 264 629 969 482 1062 196 631 514 263 1037 514 351 104 350 156 1064 6 668 869 93
99 150 1107 539 1089 356 759 79 1027 237 819 1128 1116 536 1107 151 1103 557 1026 460 11 67
4269 4269 172 845 530 916 1148 639 717 167 222 151 838 650 745 794 796 372 101 1115 623 1107
4350 4368 332 307 362 736 685 754 96 1133 110 158 249 497 898 313 519 845 884 202 876 170
1275 1304 1006 767 817 577 830 327 443 527 656 398 257 1061 1134 628 337 1056 552 56 925 662
1683 2331 670 1086 605 771 1130 377 262 1060 1057 302 535 484 896 668 1124 306 923 249 95 112
3573 3573 217 1128 278 401 332 224 301 914 395 289 980 533 382 25 388 335 247 316 368 13
2467 2468 0 0 0 0 0 0 0 0 0 0 0 0 0 0 0 0 0 0 0 0
4313 4329 754 120 448 1099 1023 1022 14 693 1147 539 925 515 803 1058 49 17 760 590 643 133
2755 4807 405 345 28 1080 1117 122 134 221 833 717 179 454 867 848 161 997 459 101 525 727
898 898 40 347 212 564 0 274 663 571 147 130 132 541 516 34 286 208 193 965 961 58
4281 4292 718 289 664 856 289 983 583 227 189 732 932 1073 500 1076 204 349 816 1067 500 122
786 796 96 830 410 205 222 159 442 780 665 91 98 760 523 97 851 698 332 186 622 306
779 3325 1025 118 898 771 32 681 217 980 674 628 480 801 961 261 749 178 358 792 35 664
1132 1132 32 51 398 1056 554 169 1063 1027 291 485 996 678 604 841 830 645 617 513 619 212
4334 4339 900 881 593 902 342 621 150 299 392 163 202 63 1138 961 69 808 296 110 286 362
1484 1501 827 439 161 5 656 718 999 46 87 894 954 329 752 940 778 87 223 681 989 716
671 762 998 1018 591 911 509 753 103 429 231 401 703 447 198 347 297 809 648 431 149 540
1897 1897 183 70 335 436 362 591 670 99 894 507 678 680 320 87 89 767 971 261 247 1082
2752 2764 136 961 17 478 806 845 1120 169 768 404 1120 540 1063 66 671 2 669 809 1091 26
4807 4812 797 729 842 755 1051 584 1137 266 726 626 136 715 1064 921 638 532 334 200 628 111
68 3370 373 352 881 1022 201 67 1070 717 188 902 864 118 192 1131 1027 1104 1007 784 505 877
20 20 1064 973 65 449 594 477 200 695 107 967 16 7 794 124 1104 106 15 958 352 243
4956 4962 359 1109 616 458 1091 892 237 1124 322 265 212 939 739 583 70 1100 289 870 732 359
2359 2367 1150 504 726 165 835 831 1026 441 243 496 789 590 812 41 857 626 632 397 262 517
558 1419 434 507 1036 310 457 143 810 28 2 706 994 110 119 483 634 744 1079 87 657 747
2760 2760 329 170 945 166 64 155 1108 481 662 854 797 1049 69 204 747 549 795 568 944 409
1617 1622 749 231 209 580 180 722 776 956 700 136 1019 972 1144 759 563 734 139 788 655 274
2257 2291 321 1031 441 1012 127 585 1113 630 252 966 470 355 497 556 499 448 506 72 383 420
1451 2139 640 283 269 730 479 1028 19 561 587 958 129 524 601 492 325 380 843 498 609 206
1580 1580 0 0 0 0 0 0 0 0 0 0 0 0 0 0 0 0 0 0 0 0
1204 1222 395 506 296 133 823 926 23 408 939 307 301 204 1029 423 724 298 423 413 318 698
4789 4795 1085 265 285 725 1125 0 20 985 720 920 250 220 590 510 1065 445 365 1045 260 295
409 460 649 530 818 1055 6 1098 621 1065 76 238 752 805 977 639 292 350 77 504 999 956
3848 3848 1045 301 373 259 1128 627 257 625 747 407 20 728 328 865 637 419 787 102 42 328
2560 2574 634 600 727 941 54 996 1001 158 890 0 831 933 897 40 123 261 398 633 216 244
263 297 1089 138 753 858 474 93 915 213 474 954 543 948 996 273 948 87 1056 165 219 1098
1088 3483 827 398 450 818 177 96 394 174 567 172 773 286 820 1144 323 879 362 743 858 679
1365 1365 394 644 35 502 358 910 260 653 1051 286 198 713 264 1147 1065 171 750 467 21 369
3081 3094 459 631 154 250 758 469 1081 494 1009 1118 68 232 781 792 281 829 445 994 978 35
3178 3190 1101 873 696 429 292 656 764 0 49 796 382 522 844 1110 707 1077 315 340 339 597
2250 3869 418 165 539 925 133 638 293 533 710 27 634 321 186 17 974 1147 1024 293 782 152
2637 2637 354 824 691 386 145 252 268 180 433 623 309 62 753 1023 211 113 807 1022 1037 1056
4348 4362 533 379 959 959 1130 310 815 594 165 121 849 484 951 455 583 191 947 457 894 291
591 629 959 533 1082 1109 554 425 1089 588 361 208 605 296 1063 554 878 931 569 505 1108 365
1501 2551 492 1123 590 178 120 764 439 442 1099 874 836 947 614 808 860 213 768 739 872 781
1200 1200 403 90 439 825 876 486 598 824 967 813 1137 718 399 675 970 285 403 76 1061 868
2513 2517 553 1147 1127 1028 1123 211 730 610 495 135 174 458 57 75 874 24 932 97 229 510
980 1007 273 540 492 314 330 410 745 296 978 785 335 691 154 39 585 610 544 303 451 334
3491 4292 497 1148 373 12 274 405 540 940 1034 619 825 858 86 242 352 889 866 1081 638 649
312 312 98 623 1071 1148 1057 357 672 1036 826 1001 35 70 1127 420 343 42 231 371 714 1050
2076 2083 120 870 630 780 1110 990 975 570 960 435 240 420 225 630 360 225 780 420 1095 900
1781 1782 68 141 826 470 431 830 1022 817 603 681 1104 76 745 737 1063 684 403 11 368 95
366 1133 197 899 485 648 1112 385 58 166 734 1140 422 121 750 1120 361 1052 577 1126 812 20
2776 2776 475 1130 400 1130 1100 495 430 255 655 200 900 60 585 320 550 390 980 745 1065 360
3122 3136 840 930 877 681 790 786 226 316 820 591 729 350 1132 861 875 364 100 638 299 247
4603 4605 597 419 447 709 654 1062 398 548 935 124 97 828 1040 601 491 950 124 113 257 800
85 996 278 341 173 18 1024 187 1153 930 445 1113 498 316 997 204 781 1000 948 398 448 22
3988 3988 935 931 1006 561 933 252 719 606 880 566 252 677 64 1067 281 641 1114 754 508 60
681 682 740 193 203 1070 633 105 71 574 175 912 852 941 272 107 805 704 623 130 251 1036
4633 4649 414 221 1046 425 380 14 161 344 1098 731 527 870 790 931 999 196 226 1014 10 537
744 1573 749 306 916 839 286 181 886 67 116 132 981 119 534 889 980 83 922 109 58 43
526 526 866 414 328 996 317 565 240 254 150 602 1125 841 1073 306 85 470 467 61 30 644
2251 2255 180 845 590 45 265 105 25 350 185 185 305 1120 365 40 440 200 185 130 325 535
761 768 818 368 948 360 1135 257 1002 490 882 742 918 277 115 259 683 414 915 1072 652 456
148 624 1123 564 222 728 752 453 829 670 52 526 875 918 983 1127 16 1014 746 592 1063 566
2169 2169 225 308 1083 147 383 8 978 1044 972 135 359 386 82 741 1053 434 1113 472 347 597
2564 2581 295 550 428 945 429 26 746 353 937 492 795 130 944 43 750 148 811 545 53 175
1270 1297 818 638 544 330 914 34 769 481 1044 456 574 917 455 376 827 656 390 441 1139 795
2964 4195 50 3 1080 403 974 937 1074 473 259 299 395 1038 375 807 398 919 948 937 368 880
3325 3325 348 475 181 849 538 603 900 676 1061 302 661 455 745 236 283 597 1013 749 794 154
251 266 855 842 954 585 758 7 289 507 117 459 710 711 742 619 625 864 1043 716 33 314
2894 2918 417 967 130 187 1115 689 142 753 196 254 1122 95 560 525 187 271 1010 463 984 430
3241 3305 215 872 1135 614 731 615 171 831 1136 837 980 800 797 491 553 14 182 151 304 857
3911 3911 501 493 1107 440 225 667 37 396 493 199 487 535 622 112 685 215 481 525 811 753
938 954 7 966 712 714 248 832 435 817 668 945 149 150 218 752 682 1093 178 399 167 37
1532 1554 411 21 526 230 708 813 87 435 1129 809 616 975 285 705 623 1101 254 705 328 599
792 1134 430 354 1081 709 300 413 59 781 577 189 1096 566 341 869 247 39 394 943 999 195
1616 1616 0 0 0 0 0 0 0 0 0 0 0 0 0 0 0 0 0 0 0 0
1751 1764 99 609 660 693 330 1005 855 993 762 687 540 144 114 690 150 1002 318 402 297 381
4880 4909 461 700 39 806 359 826 1077 983 881 754 348 611 737 687 152 208 102 137 349 974
1948 2365 947 352 774 1109 969 782 337 50 406 864 775 121 537 487 1133 20 1152 844 587 1112
420 420 765 585 795 840 990 570 975 165 1020 1020 1095 210 120 330 315 285 435 525 765 480
828 836 118 1050 508 478 60 817 1096 768 526 840 1019 212 1116 468 1047 1044 720 561 801 685
3642 3681 873 780 1021 378 867 613 1148 87 578 282 814 492 183 936 770 382 709 58 1152 700
495 3198 812 739 590 129 337 638 279 1083 72 689 623 981 252 268 752 1136 659 934 292 271
3904 3904 855 245 852 293 467 894 865 638 511 383 938 353 502 549 386 332 581 2 965 329
3405 3412 391 172 227 894 744 370 67 731 284 5 961 494 155 29 976 1082 206 563 724 328
4948 4963 1120 979 1132 521 25 885 905 566 389 61 1021 784 743 304 1098 113 293 971 927 975
265 1990 558 23 896 831 337 337 95 1145 89 83 685 755 21 1030 214 493 42 22 157 808
1971 1971 889 1057 1099 266 735 336 861 1092 252 1134 833 140 441 455 28 1148 539 896 1099 910
1565 1578 435 656 476 384 866 6 274 484 943 781 866 620 138 773 845 8 105 632 123 1073
206 237 692 428 498 856 1085 473 483 277 670 121 299 835 585 938 854 835 956 163 993 871
1361 3301 341 264 946 748 979 1001 979 429 341 121 0 913 44 660 517 407 770 957 132 275
2038 2038 554 260 914 902 70 803 670 736 235 651 167 582 1071 936 432 66 214 250 236 164
3539 3555 865 832 1105 1004 1143 526 216 757 63 1046 163 259 1099 196 553 1076 1061 524 370 685
3394 3426 506 695 338 115 345 612 110 420 951 1116 1133 873 564 823 519 709 98 385 515 514
363 425 182 432 714 796 252 645 1134 818 1015 238 478 207 229 556 1113 253 371 1007 230 570
3571 3571 19 1038 368 84 971 32 264 900 782 1141 242 747 199 157 428 613 693 664 136 816
1531 1545 325 584 238 512 293 1063 778 130 921 1128 719 934 606 1034 868 647 879 924 273 544
2330 2351 840 910 700 35 105 420 875 280 1050 315 35 665 1120 70 210 420 770 105 770 525
1288 3429 936 79 625 156 95 1001 663 378 606 680 334 23 734 889 793 967 387 746 555 801
3326 3326 0 0 0 0 0 0 0 0 0 0 0 0 0 0 0 0 0 0 0 0
2721 2738 378 273 315 1008 777 504 21 861 441 336 105 84 294 861 966 1029 1008 1029 399 63
4834 4857 1004 133 20 491 751 605 805 61 685 1146 68 795 1097 988 775 1093 616 544 643 175
1952 4153 87 545 345 791 340 953 256 243 573 974 474 832 49 745 0 129 173 204 277 398
1307 1307 759 968 297 495 781 693 132 473 1012 242 0 913 1045 946 847 781 957 352 165 198
776 789 302 133 1010 1019 97 1128 227 26 603 872 747 763 90 31 193 408 1127 973 965 45
1241 1253 827 199 79 475 290 83 90 74 875 754 399 1144 480 150 556 598 689 871 786 144
1633 4085 968 1101 316 837 525 881 729 713 656 371 693 363 780 570 553 749 225 732 708 615
3187 3187 0 0 0 0 0 0 0 0 0 0 0 0 0 0 0 0 0 0 0 0
4261 4277 530 1025 723 222 488 194 76 144 714 600 318 973 424 263 357 873 696 1016 337 699
464 493 340 323 593 235 627 782 801 1145 1113 748 80 548 405 679 138 1042 140 729 1049 116
3341 3881 509 741 353 155 790 330 463 620 995 229 11 526 758 888 124 930 950 462 242 36
1103 1103 807 218 1149 300 986 990 402 249 552 105 847 430 190 213 633 663 665 781 364 75
2566 2578 361 771 58 739 185 83 662 380 486 975 233 583 374 1067 318 371 295 355 651 989
1262 1291 391 1031 180 913 204 1039 162 1035 238 277 384 835 715 518 367 867 322 368 1147 665
536 2865 1047 1133 62 195 349 135 1018 560 681 1069 799 475 971 590 1054 1019 973 192 489 387
3462 3462 664 616 443 180 210 536 413 790 306 575 1078 603 48 712 40 992 1030 114 1127 5
4432 4440 289 296 258 539 667 521 421 384 687 633 97 290 649 1138 600 1032 322 153 989 962
1559 1577 1066 924 260 691 1010 200 952 482 182 466 575 533 428 455 187 848 29 1106 912 1070
1593 4698 498 241 502 614 426 76 834 128 620 565 371 53 606 633 594 396 1047 493 971 329
4202 4202 202 405 329 755 927 930 645 701 399 100 592 126 294 630 350 326 66 944 869 437
4717 4731 1036 382 27 814 271 343 50 1128 294 553 767 572 931 419 347 906 683 178 995 794
1404 1426 298 885 167 485 675 1 818 411 594 1081 430 522 990 159 1112 586 674 642 696 756
111 197 263 934 279 557 459 447 1050 814 440 541 145 998 186 874 1141 562 670 57 844 533
4522 4522 594 556 760 621 163 828 901 648 998 744 857 392 116 890 790 1041 1109 1013 230 747
4013 4021 625 995 349 1008 407 442 373 509 1031 148 1097 1013 603 221 934 751 1027 1002 1064 40
2078 2078 0 0 0 0 0 0 0 0 0 0 0 0 0 0 0 0 0 0 0 0
1486 1519 657 896 562 56 294 832 285 234 802 334 802 1014 1056 1044 19 759 765 849 679 1077
4885 4885 650 443 523 1136 561 676 23 426 690 113 465 500 122 519 1113 898 614 1140 1088 318
875 885 250 757 208 3 445 806 722 208 586 611 424 635 813 904 75 605 989 824 263 56
4837 4854 1126 797 88 273 170 863 478 871 212 989 168 395 592 8 201 664 139 1088 981 375
846 2034 641 207 806 1029 768 696 1125 77 433 731 764 318 665 616 477 851 545 641 105 628
964 964 383 448 1089 662 1124 514 598 6 393 1005 105 1067 274 1126 894 671 686 927 616 343
4001 4020 955 494 97 755 428 442 885 510 109 192 466 418 391 290 61 597 745 822 1064 879
900 929 861 191 953 1011 376 1053 423 13 90 309 706 900 837 819 839 355 272 915 618 616
1069 1716 635 119 783 985 738 711 918 1 40 1016 852 730 614 715 753 742 336 878 676 776
2588 2588 1010 24 438 34 309 411 1109 195 414 807 890 491 108 357 920 459 230 102 715 111
4372 4388 805 610 1138 962 418 481 1113 826 903 361 22 620 517 799 516 979 1134 378 0 52
2320 2341 419 92 1131 958 986 779 278 1123 357 891 692 549 418 574 185 711 835 847 75 605
584 589 764 698 257 41 1024 179 325 668 524 303 1054 664 547 1078 84 197 1000 790 969 543
966 966 802 869 603 413 543 261 47 501 263 106 924 914 879 42 28 811 597 504 728 181
1013 1018 118 839 36 593 241 646 684 119 1122 723 1112 50 830 545 879 986 392 254 595 1099
4055 4082 893 482 991 90 802 116 372 1097 1120 1141 514 727 915 56 489 473 448 170 305 752
478 675 624 859 994 1146 196 63 254 1110 15 1145 310 735 965 702 574 160 1003 480 434 73
2457 2457 735 808 1133 623 984 101 648 617 642 1040 641 653 211 615 802 393 887 752 138 692
81 83 51 291 978 1017 381 389 70 77 379 479 533 989 1049 599 154 313 136 811 278 1003
4299 4338 861 273 1092 945 945 882 987 1134 588 525 672 777 336 987 1050 441 546 924 357 462
349 1458 88 502 935 501 57 200 62 1111 220 120 427 1102 1106 827 140 944 753 153 219 348
1337 1337 243 402 861 273 333 282 417 690 594 1086 630 501 168 765 771 837 81 930 501 144
3560 3574 204 1032 1140 1146 522 519 864 1083 678 1065 1080 444 699 669 276 513 726 432 855 783
4119 4129 440 330 1045 330 385 330 220 220 1100 385 385 715 1100 770 385 935 385 275 990 165
214 2040 937 236 83 788 26 625 374 1150 65 452 702 257 626 1105 1005 385 622 821 524 1088
2033 2033 802 838 391 331 211 156 274 315 43 100 971 840 862 702 467 874 704 936 851 23
2275 2286 63 837 693 267 330 60 192 1041 753 324 1026 585 276 27 51 1125 741 1134 762 861
1757 1793 394 1010 703 120 466 961 717 507 347 560 1079 194 1070 639 93 379 478 150 288 25
3737 4234 259 229 472 990 349 175 985 140 690 450 913 985 211 175 636 416 870 419 761 368
339 339 195 737 793 87 857 496 473 243 367 202 580 491 625 906 1135 1077 433 886 787 965
4829 4844 180 947 964 594 709 875 476 353 800 93 0 710 455 257 69 415 927 12 702 947
3797 3823 76 340 972 377 6 192 127 360 252 959 53 1115 15 980 990 617 493 884 905 934
375 1532 1055 569 968 105 350 879 824 794 559 871 293 362 391 43 812 1139 709 464 516 764
4890 4890 980 366 504 36 368 306 834 992 901 76 370 1026 566 827 609 249 926 484 1143 956
4564 4572 840 982 1118 928 160 792 452 89 372 1053 8 954 805 932 933 1009 929 784 153 157
3655 3656 0 0 0 0 0 0 0 0 0 0 0 0 0 0 0 0 0 0 0 0
347 1816 811 302 720 432 423 91 353 551 677 900 1081 592 535 460 55 364 981 628 848 969
3666 3666 61 957 1031 877 497 22 985 1116 1115 363 886 552 1023 47 794 190 575 534 197 279
1683 1697 578 96 349 1021 789 13 942 495 567 1131 1127 790 633 746 545 577 183 803 575 637
2400 2428 378 327 700 178 353 344 1154 757 557 752 810 96 1033 727 418 407 904 889 610 1117
2775 2994 130 195 653 654 1019 100 44 939 802 757 737 851 783 910 281 863 198 676 32 780
3671 3671 597 876 698 648 781 612 690 633 671 1098 227 400 238 1096 1072 999 1039 117 731 678
652 671 579 375 1120 688 990 446 912 750 1014 336 35 229 596 258 114 861 407 352 305 447
2493 2496 189 288 1026 121 278 648 1002 821 878 583 589 1019 31 452 899 1028 631 404 338 939
2570 4396 491 835 230 404 735 125 629 691 547 394 314 970 817 392 833 1027 1129 572 817 360
1262 1262 1088 813 683 393 451 960 192 756 726 534 491 794 500 906 830 864 359 1086 1020 1124
338 356 1089 1037 364 892 797 836 1039 495 388 365 933 529 1024 888 579 412 110 292 530 1105
2592 2625 40 152 393 348 299 493 784 841 521 109 173 607 123 658 901 582 761 201 747 568
1453 2499 495 73 280 42 1126 868 53 995 320 993 101 382 1004 102 166 732 24 340 51 277
3706 3706 999 1018 377 725 266 46 482 918 463 766 826 280 1011 250 596 657 324 592 872 767
3027 3036 523 129 1119 73 810 380 505 489 151 74 639 405 702 1003 772 242 915 70 898 545
4796 4821 371 879 442 55 1078 44 934 298 404 660 145 1024 202 612 397 389 594 731 570 345
671 1120 437 689 644 1008 841 430 524 307 315 709 529 557 613 1008 240 698 425 868 60 388
548 548 893 659 644 252 415 951 884 980 546 382 1069 956 222 241 934 687 603 1144 434 884
852 864 588 1008 450 831 1101 822 495 147 540 690 132 78 399 429 6 1116 48 1023 1023 459
2839 2866 969 636 1134 216 465 342 54 501 270 360 873 651 1110 888 165 39 741 747 939 861
2397 3400 115 937 877 649 902 1014 31 36 487 56 867 605 530 760 103 959 1143 580 200 487
973 973 612 280 725 159 212 51 4 746 74 180 576 408 1024 1069 959 654 926 241 840 306
4640 4647 585 381 732 789 855 504 45 243 774 972 639 336 474 261 1113 147 159 954 75 810
4409 4436 684 728 804 16 665 880 638 639 662 506 932 617 1142 673 341 293 665 281 453 239
1085 2382 1146 887 459 539 36 193 73 227 788 890 561 788 549 1022 731 127 801 552 457 735
4225 4225 0 0 0 0 0 0 0 0 0 0 0 0 0 0 0 0 0 0 0 0
602 615 906 129 405 1053 714 282 726 39 357 690 774 699 972 150 990 177 1050 438 9 624
945 962 394 1065 972 276 129 847 865 3 460 707 1116 617 974 889 559 496 849 283 17 1076
2926 3413 279 325 684 168 41 242 936 197 769 717 1072 148 607 269 651 82 652 683 11 810
1136 1136 0 0 0 0 0 0 0 0 0 0 0 0 0 0 0 0 0 0 0 0
3357 3362 12 411 1008 308 328 494 830 77 1083 774 322 475 1063 76 127 862 987 229 709 86
2578 2616 843 1139 429 409 789 772 1076 1143 1079 157 879 528 677 702 1135 720 873 1130 760 687
103 241 537 1085 908 595 99 956 900 208 234 410 13 892 305 143 331 1008 724 809 122 718
3218 3218 0 0 0 0 0 0 0 0 0 0 0 0 0 0 0 0 0 0 0 0
2906 2920 731 882 768 468 985 636 494 1068 980 715 166 551 527 940 877 903 607 679 335 860
4593 4626 753 912 660 848 324 355 1153 184 999 5 581 401 1042 862 785 955 467 424 836 86
904 1866 1044 1046 592 1010 236 582 1148 267 681 937 13 526 1149 566 294 75 44 623 769 683
4683 4683 399 1053 96 1074 285 996 396 543 15 1101 384 669 273 453 453 156 246 948 711 210
4385 4389 105 161 567 568 143 510 118 734 129 138 372 311 248 368 148 1106 111 534 423 196
2205 2226 757 1096 442 781 791 648 244 745 630 391 698 66 971 941 630 499 129 231 265 430
1168 1759 498 600 141 459 597 339 741 759 42 246 660 906 300 906 771 993 336 357 1101 141
2537 2537 843 619 138 927 1115 74 97 461 667 599 714 1084 311 1103 828 711 103 386 63 648
320 322 1122 957 0 792 198 726 726 693 561 1023 132 66 528 825 792 1056 462 1122 429 396
3916 3916 484 671 660 495 594 121 726 1144 704 11 143 1001 836 847 77 1001 704 550 528 605
2501 4718 674 188 792 925 507 782 184 252 216 1112 1029 1098 341 433 390 806 729 334 400 718
811 811 0 0 0 0 0 0 0 0 0 0 0 0 0 0 0 0 0 0 0 0
2449 2450 339 631 777 1111 570 385 321 491 402 268 581 584 975 1064 588 395 67 239 126 639
4386 4401 213 784 125 759 445 959 666 177 150 826 539 365 168 407 636 716 77 173 228 78
15 2679 1059 652 462 995 789 467 1043 893 915 8 906 1114 20 1067 381 896 1091 991 894 991
2717 2717 1041 1051 726 401 715 18 431 930 1035 729 503 749 897 529 495 692 986 327 810 920
1538 1538 0 0 0 0 0 0 0 0 0 0 0 0 0 0 0 0 0 0 0 0
3526 3562 629 474 36 1061 683 782 1107 822 101 87 345 916 709 443 788 115 847 750 1023 844
188 189 586 853 871 1107 243 1068 482 720 372 172 743 884 1087 986 285 236 446 148 345 942
548 548 209 1095 133 829 345 308 960 591 311 810 288 431 111 954 57 583 180 940 546 934
215 225 998 369 501 507 103 761 602 385 54 839 643 1075 713 559 538 659 163 33 1028 890
4524 4537 409 178 844 74 389 312 203 749 264 1089 66 545 1001 1008 782 260 185 941 1143 969
3344 4656 96 447 1078 192 49 55 280 674 380 1116 931 615 145 1025 79 372 369 706 542 211
993 993 673 379 782 314 66 677 1089 646 347 653 674 575 988 379 897 976 587 152 126 44
1834 1843 256 187 858 898 382 748 338 365 913 699 1075 138 779 743 396 1045 384 444 974 376
2782 2800 530 443 1129 1142 287 469 1147 594 260 1105 759 122 74 1127 363 1139 322 1138 94 986
1392 1796 0 0 0 0 0 0 0 0 0 0 0 0 0 0 0 0 0 0 0 0
1594 1594 985 942 850 473 267 894 773 900 113 397 516 457 428 965 842 773 1054 227 832 1042
4673 4678 812 483 868 931 147 945 392 518 147 847 854 903 1022 651 49 826 413 196 126 441
4175 4188 186 623 547 742 254 65 291 71 578 100 332 679 273 592 1073 73 138 673 513 315
3816 4565 185 120 528 87 990 488 53 293 1099 84 385 43 750 511 399 1070 935 183 664 1078
3345 3345 83 46 130 239 472 27 915 1078 430 606 725 138 156 285 209 189 325 970 312 1101
1854 1864 557 1053 313 131 678 984 27 151 1000 760 572 1103 39 1069 645 1071 409 45 597 1027
1429 1442 72 122 174 285 397 947 998 784 658 1034 1074 411 72 454 173 573 223 921 1014 236
1566 4001 778 259 998 97 1030 960 918 809 281 804 252 715 549 234 1137 274 1144 131 232 338
3352 3352 854 421 595 801 374 925 1127 99 1151 56 189 1142 256 236 997 1094 1096 747 901 337
4703 4705 468 978 945 165 783 387 933 282 576 924 96 780 369 816 936 459 540 42 1149 189
2231 2236 29 1080 847 29 382 355 1108 883 342 477 856 964 747 581 414 645 110 943 997 73
381 539 302 32 668 404 306 761 423 466 331 499 1062 287 1044 145 53 927 544 1145 223 232
1473 1473 782 992 767 1121 67 399 1062 1102 688 443 106 2 1091 248 1137 770 874 246 870 988
55 67 754 462 177 937 567 227 304 138 780 1065 138 423 602 722 428 65 247 234 973 872
1742 1759 32 678 2 220 610 558 1074 479 1149 747 72 327 800 1003 926 188 601 178 287 1020
775 881 1121 964 979 648 210 695 53 226 354 201 154 542 28 740 830 1060 1025 78 1037 51
1641 1641 223 312 175 141 263 802 738 849 1027 127 575 573 1032 53 276 581 370 902 602 246
4400 4416 171 558 1056 591 678 486 1071 792 543 567 954 156 126 663 399 183 186 546 438 615
2394 2399 1083 174 1041 924 555 327 126 534 309 135 717 336 456 606 1050 1071 597 156 1083 1140
1961 2904 795 615 1005 1005 450 1140 645 915 960 555 690 30 870 1110 15 435 180 1005 120 690
1901 1901 1115 375 830 625 660 895 1020 990 775 210 615 290 145 360 1050 910 335 100 1080 360
4831 4846 150 189 812 1000 755 652 58 1124 470 1139 399 815 934 1066 92 937 706 1114 754 279
4569 4576 110 1021 1053 314 817 544 389 240 1008 916 1019 898 90 1011 938 951 750 293 243 28
798 2650 71 866 568 88 209 1130 422 578 1038 508 23 307 559 944 518 81 677 62 747 536
4643 4643 785 1054 118 1031 595 1046 795 227 51 738 226 754 676 144 312 298 871 311 195 650
4877 4888 760 253 182 751 703 23 230 1076 852 967 149 362 918 915 532 12 940 746 629 502
2253 2276 581 922 960 896 367 931 305 1139 862 52 690 823 700 697 649 238 487 8 592 650
4057 4515 497 812 175 1036 161 700 693 574 189 308 77 567 266 294 371 840 21 1085 357 406
4960 4960 653 523 105 282 1005 999 778 573 506 376 53 907 620 884 977 679 789 500 840 801
4568 4581 60 785 325 890 185 270 400 430 30 890 1095 150 245 1115 450 605 465 0 300 180
1439 1441 29 919 602 234 370 681 35 73 296 1136 418 289 38 135 801 427 673 568 582 1087
562 4534 1088 233 323 660 359 429 105 259 565 227 847 773 660 774 208 490 445 290 250 229
2478 2478 719 1027 286 663 636 926 181 840 420 791 678 933 1035 106 990 316 129 688 145 403
1387 1397 350 245 871 332 151 1032 953 421 964 337 415 786 975 212 970 959 745 811 724 1138
2398 2425 822 991 968 389 669 724 14 407 298 551 251 565 368 906 60 284 160 687 622 593
9 30 0 1078 33 704 1089 264 1122 1045 187 572 22 825 979 495 748 803 748 176 726 44
1667 1667 390 595 829 1042 719 686 440 286 1011 305 274 889 104 659 83 811 302 693 1010 354
328 331 911 726 1129 365 756 854 1108 324 421 433 902 1008 850 879 25 911 759 108 203 770
1684 1687 462 462 231 0 231 0 693 693 0 462 693 231 462 231 462 462 231 0 924 924
113 3019 325 680 164 489 605 337 633 96 759 56 779 528 964 956 128 862 946 353 718 578
2286 2286 837 59 909 488 593 257 577 350 1087 16 227 2 261 220 542 0 164 938 525 793
2397 2414 374 868 55 302 179 1041 449 1008 738 923 274 739 588 867 198 523 54 18 145 850
1651 1664 361 194 1130 1135 193 199 156 675 909 709 287 909 937 1122 375 305 437 31 789 976
1407 1448 282 978 534 752 1014 412 828 972 518 616 959 1117 1066 1153 589 633 753 461 295 1029
4772 4772 228 447 963 672 71 579 122 364 7 387 316 834 334 585 649 414 340 666 899 1091
2430 2449 939 534 425 865 1021 461 453 771 556 246 463 538 388 613 695 134 471 777 798 1042
3884 3902 746 270 898 553 740 253 180 1135 582 709 717 323 565 353 724 252 892 749 423 784
294 1048 172 440 1110 98 435 422 169 825 53 333 952 989 596 927 438 866 887 951 7 357
2941 2941 0 0 0 0 0 0 0 0 0 0 0 0 0 0 0 0 0 0 0 0
312 328 729 388 922 974 157 711 1000 767 801 812 165 715 891 202 477 128 334 937 447 1098
417 425 406 362 872 931 627 433 259 1023 10 505 89 406 1001 75 576 360 139 964 982 1005
2147 4116 752 660 772 386 615 678 998 909 450 400 181 697 857 1017 825 349 620 598 779 1017
4677 4677 368 34 487 406 718 161 310 87 1007 414 468 374 1051 79 442 290 517 80 755 721
2181 2192 852 439 259 372 937 1132 814 122 980 44 242 412 1145 249 604 1033 222 151 120 790
3019 3024 200 74 277 788 185 865 807 16 925 714 214 1041 579 534 1127 242 510 592 959 248
82 196 584 107 830 1065 936 1153 303 1056 754 347 1105 1097 706 955 1099 832 154 1026 390 491
1736 1736 175 215 802 830 369 295 309 486 117 724 974 475 624 636 728 470 654 736 670 169
579 586 308 934 345 450 352 238 627 446 845 587 437 374 204 579 120 475 164 644 512 102
4183 4186 436 418 702 357 369 532 48 308 540 423 362 0 108 310 142 190 522 853 347 344
1791 2539 45 730 864 1007 699 411 512 699 696 107 613 743 617 348 544 602 467 795 1061 65
1900 1900 964 403 502 176 730 250 806 152 328 943 1041 1138 820 469 381 583 1056 69 1138 890
4730 4742 168 126 348 1151 1066 537 52 352 6 145 443 492 551 440 373 705 835 413 11 325
3021 3026 246 227 315 416 773 165 517 753 450 598 1012 170 674 64 908 238 597 363 506 6
2449 4121 164 838 527 586 1133 358 671 376 1122 569 346 755 281 664 595 311 461 362 1071 91
3148 3148 594 1133 148 623 421 358 830 890 1056 890 192 997 876 38 892 511 177 1015 198 644
1201 1204 332 638 610 672 1028 858 364 1096 284 526 400 602 341 958 228 989 727 309 808 161
2804 2822 998 510 1094 1071 167 634 1127 1006 419 629 157 810 1150 207 385 765 142 30 427 670
195 792 1117 438 583 1064 311 467 1096 318 230 593 797 548 815 354 759 160 77 51 88 853
1230 1230 1062 1060 275 785 921 361 562 906 1079 1018 986 422 821 316 955 943 103 846 1006 598
3845 3859 140 1115 295 167 418 1089 758 844 223 897 621 695 333 136 255 633 730 287 1134 150
361 366 1030 845 825 1005 678 276 389 808 760 31 531 996 212 270 689 956 987 511 871 905
552 1083 87 352 380 455 193 1091 102 836 505 1153 234 754 275 1141 203 648 661 1144 472 202
4138 4138 202 805 297 972 887 442 928 887 571 295 613 691 879 146 887 340 859 299 380 1014
3406 3416 449 1050 129 819 235 429 419 468 397 220 353 684 708 1013 180 34 670 1144 971 606
3584 3591 7 830 88 29 271 529 1050 746 892 451 1025 732 651 1006 63 264 650 1071 754 180
1215 2785 287 322 451 1096 649 327 123 632 272 704 425 665 581 724 259 405 363 1013 418 272
1139 1139 259 700 1043 462 448 245 623 21 497 413 420 147 56 462 371 1106 168 161 742 854
772 780 504 1148 437 52 395 32 1132 149 1037 882 742 504 1052 198 215 547 626 288 904 321
2068 2087 421 196 1078 241 1017 1063 933 413 949 1075 541 750 1063 413 961 611 1108 1132 437 238
53 2113 281 231 1045 1111 1119 64 909 750 690 41 996 759 129 648 755 39 561 643 886 140
3214 3214 318 687 678 369 666 933 192 627 438 141 429 960 771 138 816 366 963 420 600 732
4081 4095 814 216 1092 888 705 1013 931 793 564 352 195 578 870 321 196 425 979 617 663 106
1597 1620 988 533 545 56 141 749 187 906 382 561 880 953 592 1035 93 18 323 903 1028 653
29 770 706 897 155 376 1124 282 704 759 96 272 402 108 688 231 619 696 985 1014 721 854
2912 2912 0 0 0 0 0 0 0 0 0 0 0 0 0 0 0 0 0 0 0 0
1427 1436 303 318 846 1020 243 723 1152 126 567 306 801 999 408 1056 747 762 447 354 951 789
3063 3070 436 1145 351 54 110 991 63 961 882 483 1050 829 1138 1041 781 477 414 448 849 245
1899 1912 327 14 8 966 428 948 615 1131 1145 398 117 1089 145 553 646 840 308 918 716 154
1281 1281 1016 60 877 599 106 298 356 713 873 448 1064 49 405 515 464 858 846 480 663 189
2088 2095 1140 299 1120 368 506 383 89 649 293 945 490 400 578 619 390 333 527 1054 553 556
3605 3642 29 30 605 503 272 900 991 414 432 730 1038 177 1117 929 6 186 553 877 213 103
744 1146 648 358 1000 163 1130 895 955 754 844 890 165 642 337 588 947 1146 472 675 76 221
1992 1992 842 119 166 914 928 60 510 1038 1093 623 697 1014 613 842 170 889 275 187 214 503
4854 4868 967 1032 537 1104 279 847 500 673 370 986 770 1151 62 425 1005 676 472 535 109 277
4283 4316 209 858 308 539 539 77 572 539 891 649 1111 198 231 638 990 429 693 792 924 352
1504 2108 338 1022 601 521 1061 778 1020 407 1116 1106 39 349 377 918 806 597 569 191 94 676
3637 3637 871 27 784 67 724 142 143 495 329 789 1003 740 696 108 331 107 1018 715 127 467
3752 3753 396 506 748 693 33 495 1133 495 814 583 957 825 737 550 165 1100 660 88 297 88
929 935 558 1117 443 1115 328 436 448 946 914 802 391 683 836 872 1096 560 680 79 607 247
1973 2103 827 879 422 867 160 1027 548 67 1041 907 252 581 688 199 1090 106 1151 224 640 881
1541 1541 867 440 830 572 242 220 160 479 140 29 795 334 749 28 366 408 1054 486 433 399
2123 2131 341 804 67 581 884 759 668 278 831 1044 44 763 955 34 891 225 618 129 760 117
1243 1256 246 660 116 781 924 741 525 124 1137 540 733 363 664 764 750 867 728 718 977 813
127 2973 227 799 468 659 944 920 851 770 700 294 199 33 884 1009 691 403 796 359 830 871
1767 1767 606 1114 189 579 304 113 719 69 747 980 445 773 215 423 111 717 468 1038 574 143
4885 4890 1045 731 8 100 997 445 112 578 932 860 882 268 389 737 48 874 124 1050 276 1119
1453 1462 861 330 741 696 1116 792 282 939 555 690 291 912 75 591 726 417 699 627 849 837
1079 4698 439 609 52 943 42 773 565 412 1150 930 442 1033 765 596 37 682 171 750 6 546
239 239 539 497 329 1008 476 420 686 791 217 203 812 91 749 189 175 546 658 1099 658 700
3659 3674 189 17 263 1098 267 952 1076 646 301 229 57 765 1137 67 939 196 477 382 824 889
2442 2444 357 50 400 132 827 239 1087 598 1008 468 52 1020 425 328 19 286 576 767 98 549
324 1538 186 512 641 42 1001 834 1073 949 511 148 1118 709 364 1023 1042 13 50 1076 82 1048
3988 3988 865 645 23 330 388 613 479 783 1149 68 1076 117 124 96 726 768 709 673 854 845
3305 3305 693 716 301 1077 376 1058 504 254 918 677 1099 92 144 1072 401 441 261 644 402 184
2816 2822 150 32 584 318 1025 11 819 1082 413 275 1080 95 514 1097 860 656 360 778 634 53
22 78 1086 171 340 478 4 974 860 1011 378 539 1005 125 110 442 488 733 430 1105 891 861
741 741 240 759 409 166 613 950 473 724 414 308 254 254 1038 657 832 216 430 718 33 978
4727 4745 914 72 922 157 1037 440 950 777 842 627 511 515 12 298 114 121 804 553 151 878
3469 3493 48 416 901 436 142 20 479 63 187 1129 510 1127 575 300 455 916 648 576 383 328
1447 1799 728 379 1038 325 88 30 936 451 179 548 494 1061 119 1031 985 1006 1134 995 1031 951
1563 1563 748 6 784 437 441 848 611 956 289 184 39 35 199 6 910 65 40 417 1047 320
3474 3489 812 843 921 825 661 126 314 295 1109 945 706 717 745 103 831 336 814 872 580 704
1217 1241 992 837 520 374 429 1080 130 670 447 250 845 934 555 677 532 992 1090 1071 159 139
14 465 57 271 602 243 689 1144 705 957 1019 381 1015 867 1014 835 517 319 479 866 675 1068
4542 4542 957 539 99 1122 968 891 374 143 99 418 495 561 748 220 44 869 990 396 836 1078
4194 4206 221 1068 26 526 852 162 234 933 589 51 780 612 665 380 481 1054 842 212 1029 1019
212 212 478 1033 560 1101 1033 234 587 588 528 629 1097 393 374 662 444 518 408 249 64 813
2603 3877 614 556 526 668 222 369 179 587 1016 799 1072 241 1111 405 184 447 694 43 382 922
3419 3419 191 988 744 1003 991 302 750 879 155 239 552 308 854 345 1062 941 698 657 435 1144
3579 3588 982 841 635 666 910 771 703 329 473 953 39 1131 257 398 606 122 555 735 159 149
3980 4016 1120 901 236 639 1042 259 857 777 547 183 578 505 1003 339 629 484 842 1145 1111 865
47 729 121 168 892 144 25 266 334 133 1007 1012 684 1085 1131 661 85 469 445 16 332 1114
4547 4547 973 904 458 1057 828 741 936 825 812 1041 923 689 153 759 1110 1133 707 924 862 505
4059 4078 12 37 801 111 28 473 507 340 129 286 907 1013 1094 88 286 523 386 349 774 984
3417 3424 145 1063 891 218 980 652 884 931 350 813 197 827 480 359 1031 19 915 333 314 638
3748 4471 430 1050 865 1125 695 265 285 465 530 795 270 970 125 1000 680 670 100 55 540 50
4458 4458 507 112 444 358 506 145 418 93 484 589 975 258 1076 644 373 960 610 363 886 756
677 696 147 945 255 874 880 52 590 995 564 395 691 1079 521 383 485 732 269 1014 1140 262
4069 4099 68 254 938 419 305 744 262 108 459 706 368 327 425 865 652 668 1144 223 947 465
385 789 917 35 1074 103 1039 871 493 821 530 94 147 604 647 758 113 273 211 969 626 1080
2433 2433 1038 171 654 288 87 3 93 1116 882 1122 891 906 12 852 30 516 705 366 909 690
1093 1097 473 620 663 973 1066 646 827 261 737 900 245 856 215 480 355 1141 1041 391 1007 22
2021 2021 1047 82 992 517 795 477 564 293 188 1041 611 1002 529 635 46 829 80 995 24 222
3742 4099 729 876 954 854 644 657 98 192 562 878 907 558 150 673 278 216 496 915 111 1108
2363 2363 953 562 1117 148 200 1016 831 267 895 1012 583 562 272 560 223 429 648 1028 576 1086
2464 2472 1071 863 616 430 973 71 339 453 637 207 103 16 565 190 800 259 692 637 824 157
4561 4570 641 14 215 898 168 105 731 685 664 542 129 454 756 92 859 796 1051 493 631 114
296 893 745 519 800 531 1109 457 492 249 55 1103 431 530 63 745 195 409 815 201 599 903
1347 1347 805 707 881 1071 181 848 696 1012 694 132 253 129 105 537 851 1033 385 285 117 44
3250 3254 429 904 342 442 913 966 93 21 444 32 862 258 312 524 797 126 929 611 292 1024
1474 1498 785 1078 182 562 351 1036 317 285 37 839 34 526 999 1039 213 134 406 1059 1043 184
2781 3383 957 843 870 163 1080 878 684 811 783 663 244 146 113 623 708 179 638 291 183 183
4856 4856 0 0 0 0 0 0 0 0 0 0 0 0 0 0 0 0 0 0 0 0
4927 4938 833 277 828 653 671 710 103 8 631 640 140 211 527 1 623 878 566 72 834 235
4655 4667 990 1067 410 1092 941 661 956 882 666 1087 272 142 222 906 4 898 946 474 232 430
1190 4591 133 275 327 1072 159 357 1123 262 146 651 46 468 1154 831 899 598 43 269 322 422
3926 3926 470 728 627 1115 441 298 867 146 960 1099 480 439 320 424 794 486 525 186 936 5
4587 4596 1138 778 174 369 875 752 477 502 8 1112 67 319 324 615 48 55 541 561 395 987
3471 3479 700 968 208 551 995 499 175 695 777 819 187 498 771 438 160 1137 956 524 719 367
3895 4536 448 345 463 248 863 1058 233 291 59 322 98 644 120 312 1136 669 1090 633 911 983
2952 2952 632 117 1061 1070 270 601 883 316 161 59 500 961 726 277 461 11 205 15 876 624
3974 3978 829 357 154 48 705 906 876 56 709 911 877 438 806 416 718 674 250 254 270 507
605 608 944 285 1049 739 186 1060 109 854 468 531 777 428 877 189 564 813 547 166 806 530
433 2033 126 698 786 580 768 452 981 264 18 85 316 700 1097 382 984 731 387 998 599 1148
4379 4379 235 530 185 55 955 575 460 680 360 850 865 1055 420 225 900 240 1065 685 1110 85
1318 1320 683 872 817 63 166 498 838 1046 969 206 325 863 218 945 331 602 853 638 751 430
768 794 570 801 616 430 979 8 681 423 818 532 1042 149 275 707 663 98 218 1124 214 163
696 2667 814 645 708 193 1097 974 389 481 1125 1054 987 454 705 400 298 1011 121 495 990 56
450 450 325 991 910 840 325 190 303 304 189 837 87 652 1051 769 349 647 398 1072 569 386
4277 4283 771 536 607 444 799 581 115 457 299 306 693 1118 160 200 866 814 611 131 700 1148
2361 2363 496 78 960 452 28 880 1072 128 96 767 347 396 183 510 362 96 1030 1027 1075 620
1057 2521 980 945 980 560 490 245 910 1085 105 945 1050 735 35 665 315 280 35 280 350 630
1686 1686 1107 654 190 268 1095 549 821 475 840 193 1048 918 249 641 968 913 425 698 59 109
3472 3480 455 784 1017 254 859 122 561 1133 88 795 637 196 597 636 723 888 231 522 813 338
775 778 187 60 278 1053 1002 633 970 152 797 900 31 295 1042 505 1014 87 364 370 1144 254
982 1638 224 386 557 11 451 933 1091 538 183 242 1086 464 778 749 248 328 526 927 1141 727
2071 2071 0 0 0 0 0 0 0 0 0 0 0 0 0 0 0 0 0 0 0 0
3465 3467 979 812 886 257 327 1003 999 295 437 50 384 202 324 536 66 574 897 398 48 35
845 862 692 688 606 165 889 15 393 837 908 1091 679 356 775 376 833 24 1011 349 860 464
529 1043 791 954 128 991 276 410 51 886 455 858 254 684 1130 485 1124 566 233 1058 362 599
4355 4355 904 534 185 754 473 481 452 188 1134 932 674 589 844 609 489 332 608 682 597 146
557 561 497 42 420 1050 126 728 875 1099 644 70 861 343 1127 868 987 84 910 1092 840 329
2133 2149 345 513 117 596 50 964 97 114 806 493 555 274 371 981 1102 331 848 956 288 296
56 556 305 435 228 1041 270 18 522 659 164 341 636 792 232 738 124 725 273 778 1128 732
4915 4915 0 0 0 0 0 0 0 0 0 0 0 0 0 0 0 0 0 0 0 0
414 427 153 530 1006 511 807 415 755 1027 778 323 562 168 934 332 840 722 1088 805 1119 817
2024 2030 376 896 220 1103 602 1027 293 101 783 151 263 531 570 1153 1015 612 274 573 254 750
2337 3288 230 225 660 855 650 665 210 55 300 60 300 265 760 255 145 995 670 605 645 340
4142 4142 1083 628 473 301 832 563 920 155 125 1134 250 505 281 725 862 769 830 729 257 1035
781 781 185 49 1036 198 201 27 808 54 115 59 211 1077 33 726 792 114 1149 87 1100 923
4881 4916 473 220 446 793 894 783 934 473 761 688 1063 296 745 543 62 650 852 705 643 415
2169 3600 537 1108 1076 1087 1033 944 278 791 933 514 55 97 1035 1023 33 926 87 272 376 472
1483 1483 0 0 0 0 0 0 0 0 0 0 0 0 0 0 0 0 0 0 0 0
4552 4557 922 552 785 1000 178 176 808 443 664 262 1010 1136 795 519 533 849 576 328 646 976
4343 4363 371 667 233 1043 1043 391 728 501 862 750 596 914 321 705 800 547 397 566 625 990
1229 1711 449 206 355 609 979 195 778 155 776 629 98 22 443 633 566 398 57 903 321 545
3584 3584 550 881 238 799 567 477 35 883 520 130 263 316 551 1085 985 193 277 653 1012 108
2298 2315 518 46 1111 318 521 40 319 484 329 903 708 13 56 837 567 846 289 1071 1005 313
4473 4495 435 273 1098 114 733 760 1136 267 935 387 766 257 985 798 1106 967 433 327 73 49
1539 1964 166 223 1018 344 833 596 321 553 345 1004 1063 490 828 618 297 709 517 162 89 1013
2728 2728 54 180 267 144 324 216 816 639 813 111 1101 513 1032 648 39 648 957 492 1068 510
3498 3505 450 195 50 425 980 1000 480 220 1035 80 110 425 685 910 830 330 930 490 5 315
3976 3984 230 8 576 634 9 688 390 919 1122 889 1131 39 904 136 866 381 824 1012 59 936
1505 2654 1064 392 14 224 189 543 826 611 168 555 768 441 524 127 395 466 285 81 1001 340
1751 1751 241 1046 336 52 292 327 203 593 366 854 1068 78 369 857 813 322 449 564 1102 455
1517 1519 108 49 1126 329 962 149 712 677 923 901 211 474 769 498 1005 111 125 35 444 348
1533 1547 515 113 649 470 77 70 381 358 1085 824 618 169 674 984 319 1004 430 291 462 346
209 728 441 461 176 918 1109 292 784 508 868 49 998 419 749 158 674 1054 1095 587 602 1105
2756 2756 865 953 79 217 60 923 215 13 629 36 206 1060 426 130 601 1105 606 240 839 63
2069 2077 830 569 974 49 405 842 146 521 961 780 646 742 1026 549 544 279 474 292 599 686
4105 4132 652 594 1062 121 508 301 633 757 559 636 859 390 540 556 590 249 1064 255 1008 83
1484 2186 655 655 1061 622 787 100 401 472 489 442 756 498 241 372 501 1144 533 378 1067 45
3243 3243 120 359 473 418 408 829 571 23 527 61 790 438 331 156 634 425 704 25 499 756
3068 3083 152 348 14 951 909 875 1123 223 1090 925 685 259 1128 561 278 98 683 647 1117 74
1251 1283 104 912 722 541 79 1020 56 91 643 808 608 686 633 217 991 723 13 178 968 83
1324 3155 12 680 324 749 211 240 991 218 1119 396 16 31 725 952 634 53 328 835 631 1110
3833 3833 0 81 174 27 843 1095 66 159 555 42 474 159 390 60 624 315 450 591 300 582
3504 3509 857 443 26 770 448 187 628 452 1111 1129 384 403 24 373 663 296 122 793 668 837
2235 2238 176 689 536 410 738 1064 152 937 203 1037 512 958 264 130 441 999 1024 163 1145 845
2613 4373 354 506 791 694 965 49 819 675 390 628 188 1059 417 66 447 10 681 31 731 951
3576 3576 15 787 840 169 1002 639 456 92 805 624 651 980 1092 792 816 471 637 11 427 1111
2606 2624 433 1121 326 936 45 972 740 417 941 232 1110 733 117 279 1009 885 1125 127 624 576
4129 4152 309 15 338 810 1122 790 770 152 234 1026 1032 790 414 896 1028 710 436 1004 1109 109
820 987 350 1028 244 229 754 428 201 1078 785 721 490 613 270 169 46 1143 578 994 332 492
1655 1655 329 783 261 248 976 257 798 1074 89 675 143 229 1068 1126 492 605 81 61 247 821
2214 2214 348 902 758 260 517 481 888 570 680 665 352 139 1113 1044 527 533 675 823 855 321
3359 3374 665 188 555 927 191 406 447 1147 787 474 839 614 100 706 911 332 1042 459 291 1023
909 2820 953 917 530 577 857 360 364 520 672 550 924 74 222 268 391 798 899 1095 828 534
3294 3294 894 179 625 381 795 951 788 542 39 188 299 66 200 792 773 110 975 666 211 1130
2708 2713 825 555 1140 585 465 630 630 930 780 585 375 1065 135 120 1065 165 1050 945 465 240
3494 3496 90 459 471 1080 1095 1137 42 36 486 474 579 90 306 1146 492 273 384 135 309 132
3172 3850 982 716 333 441 480 222 553 758 26 405 1070 777 523 1128 131 1029 344 1123 557 459
4115 4115 132 418 1111 407 297 660 506 924 110 220 1034 825 891 913 198 1023 594 11 660 374
1603 1616 1132 321 951 277 617 31 679 694 173 851 615 1045 881 472 988 513 254 3 638 1030
1796 1805 33 1069 481 78 882 1030 502 181 1101 878 1035 28 156 982 827 745 704 558 60 41
954 2691 316 1049 851 371 459 1046 1095 681 321 30 1109 90 407 392 1117 298 867 209 127 733
4281 4281 932 277 242 132 279 469 408 212 134 887 706 180 13 1048 445 140 837 972 695 963
1670 1674 21 653 948 417 590 488 938 1001 748 533 622 557 353 1089 212 228 578 1116 729 2
1131 1157 467 145 1132 627 214 354 890 84 152 7 686 625 422 863 806 1023 595 533 814 703
2854 4434 280 486 865 1064 21 133 478 855 1072 710 102 13 661 174 499 1010 647 77 805 948
4580 4580 399 142 850 1122 982 632 1118 224 1007 1005 489 804 1004 195 625 1135 1086 860 28 772
2490 2490 935 363 836 1111 561 594 429 363 66 440 979 418 737 11 154 781 308 671 330 781
1610 1644 554 821 1099 8 745 26 869 1075 765 981 822 718 493 335 1060 510 668 659 995 966
1706 3287 1012 44 1060 439 308 57 1074 833 719 718 67 101 894 425 567 1075 272 36 462 157
4962 4962 687 983 216 688 546 66 765 69 936 74 82 985 808 9 177 613 557 416 146 980
88 92 597 594 1065 298 682 667 732 444 317 683 280 650 1131 915 1003 885 12 992 837 218
4967 5000 764 472 248 481 674 853 596 753 721 274 656 76 1008 594 871 419 688 198 560 462
1511 1921 891 234 447 540 724 641 707 109 815 185 243 773 314 539 53 638 426 70 209 165
325 325 914 331 357 179 1135 1024 386 935 71 161 318 1012 720 570 774 224 507 64 1070 329
3229 3247 53 327 771 83 379 720 376 662 224 361 903 586 1134 851 357 1012 746 670 614 463
1708 1726 531 2 966 840 707 983 1011 1131 237 87 19 529 475 280 197 6 320 149 216 676
2404 4330 864 45 961 359 692 372 1113 289 98 589 572 993 386 666 776 789 743 1076 370 139
4312 4312 399 138 948 678 294 552 1005 795 390 789 690 960 33 396 1011 1020 1035 741 423 699
434 440 432 219 180 816 720 462 1059 261 852 543 111 807 816 84 102 384 255 1128 735 846
2319 2322 689 462 551 545 128 734 579 754 537 209 450 459 23 522 1137 800 1108 72 524 213
1334 3144 156 285 104 493 483 198 402 65 1056 697 420 1145 428 688 586 740 1137 1137 641 1033
1605 1605 164 1028 741 616 957 597 923 1130 593 90 474 553 998 109 946 591 330 665 777 853
4915 4922 987 807 522 360 288 504 879 1116 393 204 810 0 297 66 474 93 963 60 693 975
2251 2289 844 269 603 165 420 610 685 398 761 85 296 460 918 421 737 419 1088 398 53 844
2850 4694 425 745 1044 428 799 859 281 267 562 344 1086 767 314 31 92 332 821 813 1068 818
231 231 641 228 707 503 1011 1016 780 481 639 724 722 195 594 388 1067 194 307 1107 888 351
987 990 46 935 1012 805 778 781 141 798 329 308 637 459 560 452 682 788 407 204 344 662
2924 2948 869 1041 409 167 245 318 93 407 244 448 990 352 1098 749 992 1040 510 1060 658 384
10 494 241 426 916 692 712 831 364 342 94 265 536 1009 20 480 919 610 561 1058 235 435
1629 1629 781 594 235 330 26 756 1003 721 457 882 132 20 966 1055 1084 1038 387 728 700 792
4918 4927 903 1103 767 924 995 359 911 130 662 487 811 998 43 128 485 500 745 362 411 79
1913 1931 81 746 665 1057 492 820 715 917 392 454 397 709 508 83 369 1145 924 862 1053 521
96 556 304 487 1034 234 1031 74 411 501 496 263 300 777 772 717 274 680 814 752 355 465
3531 3531 549 219 801 531 228 390 894 900 819 1071 984 294 657 234 378 813 270 378 369 822
4882 4886 231 1134 378 336 0 231 294 588 588 378 42 63 1050 504 672 588 861 1092 945 714
738 756 168 1144 876 948 122 244 308 258 383 307 604 742 1013 810 1026 918 549 1128 6 41
49 196 78 179 405 1138 102 873 547 308 524 1086 532 946 433 307 1041 146 119 411 506 806
4428 4428 652 638 655 899 194 1011 475 457 715 831 115 914 585 595 619 1022 313 513 1121 202
4643 4655 184 298 151 683 513 859 757 956 801 20 630 1092 1151 583 250 736 184 651 79 369
4031 4046 579 605 887 1093 562 411 62 148 486 22 791 645 284 76 117 951 979 437 640 141
1151 1971 869 391 71 985 124 806 169 234 887 61 616 720 303 101 423 407 881 1055 225 1117
3612 3612 870 895 181 529 557 768 912 1081 94 825 1027 276 6 1050 201 574 895 268 590 459
4967 4980 688 160 993 650 628 230 536 562 50 482 983 30 163 487 241 1052 324 403 1153 785
3218 3239 564 340 303 203 305 319 605 995 590 601 167 422 899 952 737 1127 581 115 578 979
1155 1895 29 192 872 201 159 646 682 808 41 740 382 301 236 386 862 846 73 343 477 1113
2174 2174 614 805 698 593 104 214 799 1138 805 825 795 204 750 995 136 687 623 313 207 826
136 144 143 321 736 1142 505 44 119 32 649 670 134 110 670 724 631 103 1077 298 817 936
3353 3381 354 938 386 733 245 479 646 1105 865 910 478 291 899 510 1037 804 907 550 367 321
790 1007 600 271 293 304 409 594 1088 86 563 380 172 423 971 1149 687 573 225 1062 579 1017
1559 1559 1069 55 590 185 803 989 1143 680 593 613 556 576 796 1070 476 597 697 886 979 1093
651 654 254 441 293 471 1143 447 457 978 304 586 240 88 553 827 1063 521 1099 1094 296 888
1573 1575 847 740 179 327 972 453 483 1111 1101 616 387 939 244 171 398 887 429 322 1070 80
195 1978 787 359 701 632 818 777 866 529 543 62 517 656 848 479 12 805 179 53 188 266
3217 3217 966 822 833 1024 94 18 818 214 504 1082 428 1091 932 24 864 1074 419 447 844 908
1076 1095 310 260 105 689 1070 21 170 971 502 528 154 946 666 16 1056 666 769 1128 731 543
3564 3579 476 1117 1008 904 822 680 27 1034 1036 820 117 608 210 119 292 1147 1142 996 102 770
2199 3979 330 197 811 138 424 310 515 354 309 219 1108 404 601 10 1025 158 656 138 480 925
4203 4203 376 912 204 527 732 115 976 234 405 179 854 698 56 371 101 604 31 1020 925 206
1432 1437 379 375 1023 784 1052 354 161 297 395 55 678 326 1088 250 354 103 815 782 2 555
3344 3365 1116 373 466 724 602 1055 99 184 1129 898 790 488 677 436 374 855 432 389 643 616
212 300 677 1144 1104 400 1110 306 44 134 350 37 417 392 250 637 586 342 124 41 260 744
1625 1625 794 448 209 1036 899 481 184 749 607 38 294 438 1070 24 1084 582 183 327 784 417
4026 4036 318 339 144 105 441 612 90 165 642 993 375 771 525 270 396 306 933 609 978 363
4144 4154 264 90 877 892 1004 459 454 736 396 382 356 453 484 335 123 1077 926 462 723 39
9 9 326 383 812 359 848 619 952 1146 272 278 239 580 550 1000 26 699 531 412 543 489
85 85 0 0 0 0 0 0 0 0 0 0 0 0 0 0 0 0 0 0 0 0
3926 3939 563 1020 808 10 995 752 529 923 1081 245 735 574 934 420 1020 831 560 1120 726 368
1432 1441 390 276 743 179 971 744 194 901 522 297 925 129 634 397 1073 613 759 952 704 183
288 589 212 1084 357 121 905 636 986 1089 207 562 394 1089 837 580 694 1139 548 261 978 627
1386 1386 204 290 1130 570 680 999 186 556 50 194 919 377 1147 389 477 377 371 65 1085 1004
1154 1170 66 359 800 7 673 592 163 50 406 258 81 352 661 900 384 671 579 1130 104 671
4717 4719 306 1005 1074 498 771 1017 216 1140 114 1119 684 84 504 651 114 396 210 45 504 876
1744 2937 367 937 375 261 424 590 487 950 888 939 1149 996 704 154 723 755 41 500 342 682
245 245 321 355 191 238 192 34 131 59 902 390 166 202 513 1106 522 1152 923 292 644 993
1495 1514 197 89 977 46 529 195 614 1099 140 746 556 122 846 539 254 183 52 788 881 868
1577 1603 220 536 1089 805 62 779 166 671 764 304 529 859 908 106 233 519 1061 400 1056 1093
71 117 1134 682 647 1095 1066 300 439 845 877 104 74 688 563 380 427 409 790 455 51 239
4510 4510 130 680 661 521 1107 273 832 1138 79 712 89 1115 619 741 13 280 652 1025 1020 838
439 453 831 738 52 872 425 561 356 738 13 649 835 1139 97 109 429 525 124 536 1045 667
1373 1384 944 612 594 675 426 1125 372 196 337 0 839 828 1060 584 767 256 249 426 114 705
2464 3648 1143 239 750 375 737 393 989 851 1036 131 355 27 16 384 975 636 124 648 597 925
4267 4267 839 1085 1000 142 518 1020 1035 299 52 449 557 798 71 375 1085 482 674 1042 1014 702
2599 2618 1031 332 35 681 885 815 224 953 309 22 655 1104 424 584 616 1135 915 11 271 717
3642 3668 858 72 990 636 183 507 507 780 234 993 510 300 912 123 1056 936 78 717 150 420
46 274 702 1104 576 226 951 604 913 527 1114 843 520 815 701 183 377 198 1008 834 1062 822
1684 1684 469 644 287 875 287 1015 371 1141 1015 539 56 602 399 567 644 329 497 980 868 903
4505 4511 661 1079 978 64 452 1137 160 255 201 339 1080 952 146 767 577 152 771 25 55 214
685 690 1014 183 156 402 75 909 726 939 639 849 288 786 579 729 369 915 1005 537 222 123
744 4781 219 329 151 956 1098 404 97 474 1089 557 784 933 844 19 907 390 637 510 727 414
2235 2235 55 944 770 1109 598 1006 76 560 532 34 350 1043 73 50 859 936 364 1104 1070 479
3080 3097 289 955 406 892 376 999 638 960 681 186 1027 1152 246 553 1105 431 128 278 924 708
492 506 997 119 526 874 941 695 109 462 905 312 1017 520 566 649 1002 813 1099 170 18 400
1647 4103 664 893 485 232 487 1022 791 647 620 984 372 1012 1126 1144 27 262 1124 371 936 334
1119 1119 156 617 1048 712 1051 356 953 586 375 947 1127 215 78 270 879 898 202 1094 749 275
1404 1406 0 0 0 0 0 0 0 0 0 0 0 0 0 0 0 0 0 0 0 0
1621 1654 900 621 639 655 309 127 748 755 1110 116 54 323 1144 175 282 1041 909 250 993 633
620 4588 667 193 122 558 281 844 1142 1112 816 847 325 575 263 606 978 723 427 927 282 657
2463 2463 325 1152 194 380 849 115 990 220 367 1081 812 94 523 92 83 989 168 62 154 936
2833 2852 1094 64 803 341 1120 923 613 858 144 1015 348 1137 578 910 986 873 1123 664 565 484
204 220 700 667 354 557 1149 630 514 952 784 55 773 1125 1062 25 110 595 1021 1028 589 99
1971 3689 730 205 870 895 660 90 320 835 950 1120 585 70 785 280 520 1080 185 100 975 655
3410 3410 0 0 0 0 0 0 0 0 0 0 0 0 0 0 0 0 0 0 0 0
4108 4111 798 117 1108 54 587 1060 630 37 391 593 1016 13 759 1066 87 12 751 543 543 0
3852 3861 917 836 623 1046 724 634 602 167 795 41 767 637 966 557 182 351 587 922 631 815
1795 3038 840 212 489 1016 1035 88 651 1017 364 808 588 760 474 685 813 132 862 160 335 472
2618 2618 87 803 701 62 576 449 480 925 58 4 741 286 179 624 1140 187 1104 691 501 1040
1370 1371 372 99 89 825 744 347 469 720 93 24 840 659 338 760 966 1154 410 502 526 464
752 779 924 693 693 462 0 924 924 462 462 231 693 231 462 0 231 693 231 693 924 693
2450 4587 232 955 30 288 4 314 330 140 45 787 200 776 26 1072 1014 1104 859 1108 44 330
4934 4934 234 990 421 205 179 579 367 305 620 808 536 620 36 418 951 960 673 603 8 849
671 675 725 903 437 968 306 1055 83 102 635 717 637 324 545 543 518 639 1115 660 654 190
52 78 434 823 697 138 774 709 726 221 497 137 72 627 760 132 41 767 813 774 7 26
2 1032 23 674 888 382 948 958 388 1149 493 186 846 942 643 269 849 561 140 125 1131 86
4645 4645 0 0 0 0 0 0 0 0 0 0 0 0 0 0 0 0 0 0 0 0
4771 4779 598 235 553 464 822 627 1060 177 574 199 853 1118 1139 31 863 127 907 644 13 403
3551 3561 949 247 1111 965 1097 1079 1017 565 334 100 370 691 1119 380 734 544 940 272 43 1082
90 137 486 332 959 318 913 990 720 707 403 656 996 477 479 1070 813 1113 1095 600 316 229
1638 1638 583 374 473 165 660 1133 902 143 484 1034 792 198 198 132 253 1056 143 957 451 396
3928 3940 150 757 395 169 440 129 253 406 957 730 328 1133 1013 142 1077 1132 523 287 903 1149
1011 1015 40 79 1003 902 337 1015 612 411 493 858 441 541 689 464 259 610 1057 166 99 1088
204 1784 970 172 310 629 943 721 626 323 235 625 177 396 229 744 12 620 879 773 175 264
1150 1150 300 280 460 1081 754 360 254 461 298 1145 427 9 1080 821 39 162 1061 7 151 767
3008 3024 341 215 692 850 924 705 233 1149 818 266 342 303 446 293 1028 912 520 121 559 979
514 533 530 103 50 1098 1103 635 463 350 487 501 417 917 380 389 591 1100 899 587 835 35
4617 4725 847 299 678 887 860 778 268 114 515 498 822 772 399 279 944 113 193 194 198 945
11 11 164 502 810 58 834 598 141 1148 1004 1069 290 447 983 371 1126 886 120 89 67 547
1351 1360 449 310 464 1115 1082 746 451 446 1063 618 936 677 277 1098 772 142 175 271 1037 1078
4675 4699 691 894 547 834 65 97 49 120 949 752 318 855 234 180 689 6 311 427 863 867
256 991 74 460 382 1005 942 651 593 482 519 841 963 600 99 359 399 978 408 736 348 965
502 502 583 341 550 1023 1023 1056 121 1045 715 1012 1111 374 1023 429 814 913 847 759 77 1067
3347 3356 466 283 779 348 381 264 417 811 393 466 114 172 750 208 125 512 1122 796 1006 751
4778 4808 888 695 975 552 747 1100 107 187 560 1098 201 26 164 445 26 129 560 736 778 1115
3926 4677 1008 808 222 745 889 382 234 73 71 1039 312 1081 124 532 544 465 1024 897 988 288
4649 4649 768 535 155 534 210 1001 298 833 1031 290 375 104 827 0 379 1096 949 778 404 468
279 285 946 91 98 107 1123 905 22 1027 867 263 849 379 997 1058 582 321 375 528 1091 243
4488 4505 488 295 417 870 57 376 714 433 924 632 230 564 662 502 1058 626 552 587 288 291
270 3754 480 482 925 851 1092 795 622 1011 646 372 653 75 676 403 1122 188 212 139 669 1068
3049 3049 626 699 239 73 785 450 1143 1001 888 681 165 962 1111 376 198 279 538 447 143 922
1081 1098 350 218 856 377 697 166 365 636 996 535 117 963 1140 946 457 1109 752 885 347 593
500 537 621 134 942 885 85 537 550 654 956 507 932 466 494 346 208 475 723 706 408 1005
176 828 773 500 245 323 118 913 286 581 773 891 1 426 894 1102 563 986 1042 362 449 238
1716 1716 868 84 5 457 984 209 692 573 220 1077 282 480 1144 204 408 148 759 60 265 565
3652 3656 244 733 68 88 558 141 374 743 737 782 1146 883 84 122 205 79 196 42 905 480
293 310 311 394 508 1027 197 729 929 654 514 661 669 528 893 26 1095 414 178 21 941 699
303 2124 1016 814 414 659 734 810 559 316 909 877 437 615 382 143 304 826 285 77 231 576
901 901 0 0 0 0 0 0 0 0 0 0 0 0 0 0 0 0 0 0 0 0
3383 3401 60 880 530 892 778 729 173 595 624 88 1097 830 1016 59 576 1049 143 761 864 406
3388 3399 741 1000 161 861 610 474 176 2 207 329 231 414 959 304 618 612 399 422 501 246
287 984 570 557 44 1038 1103 715 179 781 304 418 137 1052 774 135 1024 76 747 833 566 499
645 645 252 897 210 840 282 876 681 531 654 360 759 105 66 789 1149 93 570 303 708 588
2555 2565 869 1003 682 900 821 27 1013 850 660 432 783 139 388 1106 404 130 80 868 517 745
3061 3096 246 419 1132 274 344 708 295 313 49 746 498 377 368 656 925 609 1094 572 5 944
1027 3840 774 1057 73 1139 837 174 663 344 94 830 272 205 652 1103 894 622 804 568 842 109
320 320 798 360 962 838 734 395 999 487 752 284 1006 1007 341 11 1117 4 1146 45 431 1085
1070 1084 680 146 606 207 15 659 639 714 1006 330 944 579 718 838 241 1061 1011 365 781 934
4865 4865 399 252 882 819 336 252 651 399 21 63 630 315 1008 189 651 483 63 147 126 462
283 478 386 222 1048 333 215 1077 1058 478 318 204 1093 683 1033 1082 218 329 1035 429 354 195
219 219 1018 237 276 773 475 945 996 898 653 574 388 297 884 189 28 433 155 920 179 159
3072 3082 92 1051 318 1066 217 967 549 725 104 626 174 871 543 161 961 186 776 23 1148 864
4898 4929 1016 854 102 95 292 293 1116 853 1154 573 121 618 852 174 133 1034 392 5 764 1074
3602 4908 786 33 51 256 1097 971 506 204 747 999 1046 951 97 298 147 902 571 534 50 88
398 398 727 242 1085 398 261 444 852 924 445 617 719 750 574 815 1151 579 1030 454 892 589
4271 4289 997 126 1079 716 106 310 831 814 1116 188 264 659 328 283 140 567 67 996 479 88
4195 4212 231 580 1133 535 768 62 114 1124 875 61 103 284 377 636 719 42 910 175 610 368
411 644 801 411 426 261 351 798 60 153 627 327 1068 501 255 510 945 891 429 6 81 435
3835 3835 528 308 798 1027 1150 929 637 850 663 150 978 989 814 1054 338 48 1145 777 179 1093
3422 3428 1034 715 131 999 705 208 948 494 1072 91 255 387 884 1034 1068 208 1017 114 956 516
4695 4723 579 777 480 770 234 323 75 618 879 517 934 599 578 889 700 861 777 325 60 233
194 4429 569 999 122 162 539 224 903 70 1120 1010 1065 496 978 699 423 41 598 65 1059 230
1162 1162 207 1128 663 141 1143 345 873 624 366 1077 285 585 171 1098 495 204 444 1080 873 21
4673 4687 753 305 188 223 283 605 88 909 37 90 529 188 754 712 821 622 267 319 851 612
72 94 422 804 659 267 721 1076 582 603 625 1115 207 127 72 521 221 42 886 427 519 434
2 2142 290 876 654 268 863 281 237 204 441 1090 1133 93 276 817 935 505 868 207 856 274
2874 2874 630 241 456 372 738 520 652 1129 389 147 92 479 893 267 341 442 277 724 1014 954
3958 3972 609 568 982 54 405 534 205 328 64 1151 378 401 818 864 138 645 885 1143 777 53
2420 2428 660 330 165 330 495 0 165 330 825 990 330 660 165 495 495 990 495 825 990 330
2611 2910 215 816 795 1034 296 430 1140 94 343 299 972 928 1074 279 617 232 78 783 822 190
3842 3842 415 638 39 280 836 339 754 375 699 227 247 863 865 457 884 355 505 1014 1069 230
1933 1942 201 345 1136 516 1140 40 570 107 893 663 419 531 540 498 831 120 89 1145 246 3
3721 3749 197 846 200 247 1021 387 316 559 418 532 1137 752 186 144 511 872 301 547 667 695
4271 4562 408 678 983 191 149 434 495 970 348 263 657 233 354 209 152 915 1011 189 356 1107
90 90 70 1135 965 880 525 1035 755 5 945 490 145 880 1025 1015 450 720 985 640 780 870
4435 4448 145 242 1047 506 562 313 871 697 283 243 1123 289 158 404 223 193 324 1019 336 407
2044 2066 513 148 960 698 570 36 676 527 569 150 447 1043 960 1152 108 558 291 456 135 185
309 540 336 199 1112 6 1116 68 755 414 916 597 684 971 890 267 790 1018 351 444 769 123
2352 2352 25 11 611 25 799 817 912 124 1060 106 66 213 923 303 140 803 451 121 81 128
2478 2489 443 737 112 404 533 812 484 776 74 1120 641 95 1117 604 1131 238 1048 930 1145 877
1981 1992 102 284 913 23 881 743 1093 923 511 1123 635 295 450 551 191 623 916 773 1022 383
1278 4735 112 54 210 810 63 918 215 93 773 33 1004 204 221 768 353 1002 345 52 418 306
1989 1989 684 60 108 126 369 1062 108 579 798 300 648 1122 327 873 1062 681 921 513 966 465
2351 2351 930 702 783 519 414 1128 546 1035 822 1071 507 1101 540 606 579 1062 201 213 555 504
1938 1970 215 176 818 1008 196 1028 819 790 710 958 870 1001 500 966 440 193 251 494 402 78
2817 3811 79 82 229 309 401 1015 628 442 868 188 1035 816 330 335 649 396 1139 237 876 53
1919 1919 431 899 474 251 938 1028 1028 772 20 512 282 691 326 1077 429 1010 418 824 988 473
604 608 87 751 966 96 967 203 694 1070 582 202 380 89 699 626 785 457 477 751 930 72
4569 4589 1122 164 68 919 599 1039 513 361 1001 544 466 532 452 166 1113 317 610 307 384 437
1785 4385 37 60 1071 1120 80 641 541 693 1048 945 991 785 229 1008 99 556 748 204 872 977
2222 2222 0 0 0 0 0 0 0 0 0 0 0 0 0 0 0 0 0 0 0 0
3409 3412 280 1023 74 534 583 286 830 141 81 894 938 350 1090 729 874 36 758 848 616 609
2683 2700 68 683 291 271 133 607 205 773 666 1085 231 540 427 852 633 393 1000 917 780 33
2198 3604 453 156 499 1009 456 197 1140 924 125 577 950 11 127 114 389 1084 356 182 446 576
2106 2106 576 922 698 326 499 877 84 946 446 793 687 1112 451 3 1054 283 747 798 23 502
2147 2151 1080 36 311 229 427 759 677 6 654 774 1107 224 1068 461 585 563 337 162 363 195
1031 1041 876 879 405 295 33 27 143 208 915 930 1119 252 267 930 845 843 407 4 291 864
1237 3307 600 959 85 482 328 760 183 1061 225 418 847 349 222 1017 596 587 707 580 565 374
4405 4405 0 0 0 0 0 0 0 0 0 0 0 0 0 0 0 0 0 0 0 0
85 97 600 691 476 401 432 720 984 3 75 428 494 237 1110 388 33 857 999 293 418 1137
3641 3653 832 481 743 630 1139 169 981 167 968 118 1099 1131 358 318 872 525 74 875 503 376
1850 4253 859 512 114 526 158 448 357 738 1045 206 228 434 573 1153 586 702 292 979 310 987
4778 4778 0 0 0 0 0 0 0 0 0 0 0 0 0 0 0 0 0 0 0 0
2270 2282 277 489 832 526 851 723 361 1108 1133 890 801 646 1035 310 297 333 849 834 414 899
106 130 759 431 326 579 650 304 849 874 1134 790 4 430 299 430 679 939 78 439 337 340
497 4297 0 0 0 0 0 0 0 0 0 0 0 0 0 0 0 0 0 0 0 0
913 913 0 0 0 0 0 0 0 0 0 0 0 0 0 0 0 0 0 0 0 0
3547 3560 677 309 488 518 159 453 1038 1145 566 220 954 173 528 285 116 904 128 210 260 1
2749 2763 931 815 94 504 757 144 432 1022 778 251 147 378 364 397 993 682 1050 513 36 34
1342 4024 98 438 134 579 867 1143 621 627 182 729 877 52 317 1099 459 480 486 128 295 817
4859 4859 622 963 260 588 343 1107 225 967 1144 274 450 1075 611 5 47 510 724 575 391 1068
2512 2526 1038 452 234 567 372 1068 868 813 12 1061 789 394 727 260 23 745 575 689 267 1065
1250 1283 65 897 920 455 934 701 491 923 591 477 162 519 360 394 530 504 911 605 338 332
1618 4653 60 954 52 100 746 354 312 453 946 454 783 168 437 844 249 195 479 788 323 158
769 769 0 0 0 0 0 0 0 0 0 0 0 0 0 0 0 0 0 0 0 0
2056 2058 897 714 1036 334 688 491 784 818 663 189 654 508 686 648 703 1087 1088 433 770 532
3361 3369 382 23 399 79 625 1037 521 860 223 714 191 524 248 949 279 178 276 956 103 485
1140 3203 898 350 313 624 868 673 319 263 373 379 183 608 1106 872 920 1021 990 13 404 91
1958 1958 121 520 213 1056 588 215 368 367 653 260 1049 489 99 214 64 706 581 354 243 454
4759 4775 945 634 639 74 1119 752 867 572 1000 546 453 285 825 1137 491 1121 809 260 310 734
3399 3434 374 45 890 805 923 251 650 388 937 1039 296 464 872 223 939 198 661 1149 345 596
398 1116 401 321 1007 690 645 1141 134 195 1100 304 774 1037 807 202 623 554 650 956 147 250
419 419 1070 595 1110 150 315 130 540 530 520 510 845 850 1020 65 1060 460 1120 115 465 1090
53 71 519 975 9 210 540 1026 1062 255 330 624 402 567 846 798 9 684 648 219 243 126
4822 4832 257 946 1040 289 660 1035 880 1034 384 265 839 867 1106 629 690 858 935 283 935 269
1172 2535 264 462 126 1064 976 1141 652 124 504 1130 553 753 182 268 356 631 246 28 714 877
4429 4429 0 0 0 0 0 0 0 0 0 0 0 0 0 0 0 0 0 0 0 0
21 31 12 498 40 883 328 549 42 431 504 375 602 20 795 463 473 845 334 145 1078 556
481 503 204 331 600 1043 1129 1122 355 881 405 487 760 507 244 550 355 283 685 268 288 528
2555 4676 16 442 316 86 308 165 1152 825 1068 981 209 955 675 1058 1031 579 697 218 495 585
4678 4678 1105 716 797 160 1010 571 853 171 1095 847 739 296 776 1117 701 536 964 625 300 388
4587 4593 738 438 442 804 407 393 794 737 67 883 569 727 670 625 843 178 477 620 1099 527
3534 3560 654 387 786 531 227 321 885 929 217 103 577 1080 760 131 722 76 1093 200 571 1129
352 376 1024 186 715 376 624 659 116 776 500 359 337 267 205 334 477 468 199 154 1128 57
76 76 115 490 510 505 480 450 325 340 775 775 1115 475 865 820 915 585 460 335 40 765
568 580 995 323 123 827 683 194 461 796 243 963 685 968 239 1001 162 340 352 695 461 984
2923 2932 918 830 1044 1092 145 486 746 1015 299 626 813 548 935 906 590 677 375 671 386 345
753 1200 14 342 714 584 815 613 232 571 203 1067 934 1113 238 652 1027 627 783 938 614 638
234 234 782 6 753 269 143 34 1136 313 224 884 125 918 670 569 834 599 570 627 1064 857
3963 3964 1073 1041 1074 48 489 0 1040 893 79 501 966 386 130 983 623 305 65 62 246 470
1810 1835 113 476 585 385 1053 331 148 806 160 633 833 1111 157 270 1043 1113 376 272 742 1002
526 3704 311 219 110 127 518 187 89 975 1118 90 604 642 520 914 489 430 239 541 1075 513
3830 3830 0 0 0 0 0 0 0 0 0 0 0 0 0 0 0 0 0 0 0 0
409 409 535 461 900 364 773 1039 751 1109 936 1020 1102 378 547 700 41 98 770 777 114 270
2227 2265 796 138 203 271 164 1099 1094 756 201 914 610 291 813 655 425 607 508 651 430 206
1648 1649 130 427 1127 34 980 962 563 249 405 833 996 548 478 1126 846 845 857 606 540 359
3959 3959 195 624 1130 62 219 606 810 317 86 281 0 34 1024 827 166 896 477 474 688 690
2000 2006 117 230 842 3 412 788 1137 164 779 894 332 359 735 7 407 439 711 629 519 445
273 288 319 1097 446 338 237 489 868 93 407 959 76 1150 1120 342 1152 898 105 156 946 844
847 1543 576 109 641 952 448 138 406 488 891 702 163 841 144 678 32 1065 827 636 675 340
3867 3867 945 720 795 570 600 600 435 495 420 900 825 600 630 315 420 270 1035 450 1140 855
1754 1756 165 308 990 550 1133 1023 22 847 55 715 1056 1133 132 748 891 429 176 836 803 770
615 635 602 815 79 40 1142 120 734 403 769 538 647 504 644 81 199 358 641 57 983 25
2935 3464 206 549 496 978 129 54 244 482 600 856 14 58 281 558 519 254 788 465 116 594
3760 3760 201 945 510 417 297 756 384 783 639 228 675 168 810 123 1023 393 1116 588 492 339
1221 1236 606 464 868 305 754 11 55 500 432 858 263 72 267 761 106 894 508 541 109 580
1963 1976 63 410 263 708 763 189 54 958 1108 852 1073 315 1093 16 678 757 512 0 92 998
2638 3294 624 609 395 292 229 224 352 498 488 453 731 571 12 246 543 472 379 648 717 1026
1527 1527 150 3 114 1014 240 501 582 711 1113 195 564 57 963 174 720 1152 135 1101 492 363
935 936 885 120 405 145 45 1025 95 1060 920 480 285 500 470 1045 495 1000 905 920 190 280
121 154 340 407 761 321 552 620 57 439 1116 252 1007 534 718 254 693 1007 1132 60 900 517
2176 2210 248 692 322 236 485 303 642 197 54 122 617 1049 774 1114 328 313 1107 1056 1015 602
2358 2358 168 812 811 963 648 2 237 149 882 521 123 327 1036 985 345 945 12 162 749 382
3878 3878 0 0 0 0 0 0 0 0 0 0 0 0 0 0 0 0 0 0 0 0
759 771 975 800 417 656 122 1059 296 481 338 829 919 413 349 823 387 51 636 243 705 527
3475 4091 426 1103 637 451 92 1021 362 175 295 542 83 158 8 1108 983 235 385 438 1094 362
1419 1419 31 215 941 822 438 803 59 840 224 689 1044 527 604 138 357 53 692 715 1141 750
1350 1354 546 1137 984 564 906 312 1092 78 612 126 1101 678 531 336 984 822 1083 1083 660 498
3712 3739 702 615 525 27 666 165 1080 1050 753 96 1110 1017 558 561 1008 75 423 657 531 753
1517 4555 108 519 1127 438 902 127 414 976 264 573 974 408 592 146 887 621 163 1150 956 30
4785 4785 256 820 287 794 221 468 770 1056 1063 732 121 977 1090 345 648 852 314 811 777 390
1653 1654 302 22 983 377 141 1120 825 1095 148 921 1132 85 415 689 998 563 718 150 601 539
1987 1995 30 948 565 849 791 493 1007 336 123 659 508 898 728 672 23 340 1091 937 318 212
185 1987 963 1063 56 68 1 600 464 496 983 594 194 763 598 1033 1034 779 1134 751 1011 685
4611 4611 1131 1063 348 669 724 273 405 477 896 1135 375 710 478 21 989 280 977 150 461 660
3254 3269 386 214 223 712 207 794 976 658 0 1032 410 764 341 483 997 516 55 261 843 513
2925 2950 700 309 12 837 60 763 1043 743 62 895 316 248 265 827 633 173 1053 716 486 39
181 907 699 1132 1009 1114 223 28 520 532 435 354 1103 653 993 207 465 692 238 918 933 717
3912 3912 953 1091 320 492 166 515 294 366 1091 1153 332 302 898 486 305 567 99 667 438 743
3017 3026 586 597 1011 459 762 953 833 641 965 711 291 302 508 532 233 468 1010 1093 792 910
636 672 105 665 70 700 595 35 1015 525 210 420 0 385 1015 175 595 770 875 980 700 700
1441 2451 185 409 1057 555 320 682 830 517 91 578 1079 229 1072 274 1068 57 598 351 1066 229
4872 4872 100 0 818 1110 354 14 1002 720 1042 622 627 990 800 943 270 1003 599 757 763 1118
3040 3045 152 718 276 841 815 314 310 738 91 267 926 105 898 822 274 901 808 53 597 951
4109 4111 199 678 1092 47 422 443 8 1153 102 969 660 1130 979 231 1094 257 144 1144 1086 285
1761 3891 129 543 630 460 854 957 982 131 525 1002 893 687 896 726 867 160 935 465 1001 1006
363 363 1069 684 139 683 869 1144 118 465 585 92 942 911 830 545 485 623 92 139 1125 153
735 747 1149 995 79 764 377 18 1121 199 314 627 877 750 962 297 1029 767 57 884 992 200
659 674 574 976 682 485 884 987 881 213 588 263 892 881 1089 130 904 188 1031 497 379 688
4764 4925 873 230 1037 1154 277 458 584 924 370 337 967 164 342 637 780 521 504 395 1074 382
1042 1042 567 642 1035 126 1038 393 213 495 93 1008 108 714 927 114 759 1113 387 813 180 81
898 911 1102 502 68 815 1010 1041 555 313 696 132 746 269 54 895 679 912 673 413 311 672
4170 4198 254 113 768 277 456 154 632 1053 839 212 203 298 445 1135 449 388 302 722 492 172
387 935 1070 722 786 364 307 585 774 1118 523 186 299 503 381 979 364 447 51 641 559 156
4708 4708 697 716 501 1041 735 75 673 887 612 531 344 705 141 1070 334 900 119 793 123 385
1663 1671 813 886 857 960 418 1122 946 626 870 998 1142 280 986 1001 434 91 926 45 637 1004
819 856 593 683 515 691 267 545 221 55 668 1140 606 184 450 1115 656 1034 1073 32 921 804
692 1540 85 1115 456 653 939 418 704 769 981 65 515 1135 751 643 525 62 374 175 166 76
1105 1105 226 113 575 1061 814 212 829 65 125 47 1092 198 676 345 373 300 813 677 1018 701
4418 4433 793 1041 822 44 404 560 609 5 735 855 633 742 1044 1094 679 524 340 1076 419 377
2234 2248 223 550 441 734 647 431 467 299 447 655 602 507 433 1013 1116 885 250 977 897 334
961 4751 889 7 18 501 40 488 553 348 217 492 987 182 247 925 785 411 568 145 863 277
3864 3864 492 540 345 525 282 234 51 1053 900 345 981 1137 804 1026 756 411 414 1017 297 1149
2216 2218 619 36 663 847 137 1143 54 121 509 155 893 274 191 57 87 356 157 969 1119 616
3250 3260 30 904 343 239 428 276 950 437 401 955 935 1127 313 764 31 409 1029 656 415 208
128 2857 1113 977 355 719 583 437 73 338 307 788 902 743 807 114 111 944 249 125 19 371
4185 4185 683 899 201 561 522 521 354 214 30 744 376 825 204 845 716 665 981 329 946 37
334 336 437 441 226 945 495 624 487 1142 635 22 741 822 86 27 523 769 519 79 919 144
1409 1446 819 9 0 741 27 843 639 159 399 828 729 1047 234 579 342 141 744 288 819 507
1781 1884 318 345 55 107 194 559 981 484 894 1084 847 1107 608 207 817 564 1109 622 1006 676
3834 3834 24 975 770 1150 693 821 653 973 1146 207 1068 1141 128 1132 23 1009 1090 684 227 722
310 314 374 232 192 725 1082 1101 727 224 165 1 261 526 1091 344 380 131 730 217 1040 169
2579 2609 535 119 887 707 457 285 1006 483 601 980 809 956 525 262 879 361 1095 388 423 181
2178 2630 23 1013 66 1113 14 897 850 567 304 283 779 293 561 661 728 405 26 651 542 242
4832 4832 767 6 551 1007 127 51 432 632 890 283 537 187 1085 918 221 160 696 967 488 671
1351 1357 42 57 938 935 456 259 846 296 954 190 553 1143 712 266 39 1063 504 878 139 37
3642 3646 1057 565 79 475 477 840 567 200 1017 646 1040 1035 949 306 866 581 959 338 373 605
443 531 1023 1023 539 352 770 528 374 1034 55 1012 506 814 627 770 594 748 396 451 627 11
3820 3820 138 915 33 291 543 954 720 963 6 216 870 141 240 480 771 300 1071 1110 483 963
3583 3585 924 462 462 462 462 924 0 0 231 231 924 462 924 231 924 924 693 693 924 924
3936 3940 717 874 724 373 272 568 796 63 1090 279 719 775 907 172 359 10 679 564 664 38
4031 4080 48 891 204 1065 1128 537 1002 66 1035 807 888 909 264 774 849 531 1032 243 33 876
1879 1879 576 194 74 1048 851 665 869 1081 339 826 1050 116 669 718 420 439 166 118 456 1005
2557 2557 174 979 1045 716 859 667 140 73 660 661 270 778 413 678 322 170 1064 132 151 47
191 203 721 723 608 361 654 1138 20 480 126 283 1027 293 48 701 917 180 546 961 1058 801
2606 4567 722 1053 200 300 582 447 319 713 323 969 1052 642 433 653 818 569 210 1085 985 968
4263 4263 249 74 647 396 101 669 1072 1034 812 894 812 24 586 586 52 919 145 51 613 883
4960 4977 108 1089 642 737 894 1130 21 106 443 1059 201 558 866 776 404 457 270 354 1018 658
4090 4123 408 1130 268 660 976 817 1066 1036 380 353 923 300 447 606 345 436 873 917 1150 1113
2104 3532 87 655 297 967 274 726 373 1127 61 8 935 579 616 146 721 892 1005 182 908 940
3212 3212 956 551 19 600 150 589 623 404 960 1047 167 412 1136 8 961 228 1047 274 429 1029
3845 3849 66 947 1109 299 487 379 988 294 168 963 142 1043 41 139 434 827 156 45 575 126
2489 2494 425 666 1100 526 399 234 321 675 756 401 217 232 416 50 229 493 116 896 939 997
1402 2402 37 551 1152 3 176 327 1135 1009 149 135 980 217 763 881 617 586 337 207 515 487
1565 1565 525 119 189 889 714 140 35 14 378 539 112 252 301 245 84 406 301 728 1008 252
2641 2655 961 37 401 4 704 784 435 291 546 356 61 385 773 750 990 105 952 162 1039 410
458 491 821 125 177 630 959 443 852 216 973 109 885 780 650 1003 995 902 908 513 336 60
345 787 78 838 404 945 897 48 619 526 742 268 809 520 1099 372 713 586 67 276 1002 236
1344 1344 963 651 108 507 672 450 603 669 144 1053 75 201 903 516 849 783 312 789 1032 81
899 911 446 127 937 551 454 179 191 135 757 57 1061 1015 559 1030 483 54 598 1030 110 1138
3845 3879 810 60 1012 947 793 1113 16 172 593 1060 155 174 191 552 981 998 903 117 584 761
125 466 952 941 758 1148 190 1093 308 680 579 749 906 1076 255 1092 572 59 292 1051 109 472
1184 1184 390 196 828 159 104 908 756 910 520 190 440 361 686 1075 695 384 109 722 859 47
4794 4812 1115 981 744 41 561 650 829 796 171 447 652 138 536 801 331 867 984 857 225 1029
4727 4757 1154 469 10 830 119 66 125 1112 793 92 32 917 906 473 483 995 60 890 89 1147
3426 4806 534 679 231 373 1024 160 781 660 774 46 1081 824 420 505 390 97 934 80 357 1113
479 479 901 324 626 83 907 349 939 415 1118 465 983 674 1101 1068 876 721 64 1120 111 18
1355 1370 1120 133 959 149 261 74 369 881 435 252 675 890 308 351 656 445 753 495 1115 635
3175 3208 912 273 450 690 148 836 497 1001 423 979 777 444 388 554 170 623 1105 837 271 1135
1036 1327 37 307 1062 1094 641 427 443 401 1042 1148 250 1140 165 207 31 538 1152 1088 590 75
1134 1134 1051 1089 140 48 495 552 685 1143 562 561 198 680 838 796 1153 1060 1016 823 268 1021
2749 2759 240 861 1150 37 90 536 492 635 540 129 798 262 206 290 173 57 367 277 615 689
816 828 490 1019 1063 823 1053 1072 158 757 370 376 637 758 1071 782 293 228 1100 747 453 837
1645 3054 116 857 114 1067 38 593 463 999 380 381 692 777 468 494 413 464 951 585 746 251
2504 2504 0 0 0 0 0 0 0 0 0 0 0 0 0 0 0 0 0 0 0 0
3132 3147 335 867 494 456 154 1034 48 694 1052 512 614 1148 792 342 12 630 541 850 230 2
929 943 232 1125 371 762 708 739 369 897 613 220 791 462 268 595 997 806 623 1065 644 803
1889 3478 1081 160 18 699 485 141 1086 703 215 925 1114 956 782 23 882 222 516 600 182 535
2603 2603 286 99 330 704 220 550 484 946 1078 990 583 264 429 1056 1034 1056 154 66 979 924
2726 2734 194 630 1047 1 997 726 1003 568 899 580 596 484 691 763 81 921 258 646 1065 350
4306 4337 145 867 197 68 912 862 685 492 1043 896 287 969 96 314 185 234 652 689 838 767
1471 1917 988 476 1005 555 313 148 34 497 908 544 360 198 370 67 366 983 38 195 627 728
2381 2381 825 99 0 792 990 990 957 99 198 660 957 264 1122 132 726 66 792 330 726 1122
408 412 386 69 688 971 508 789 318 675 696 581 160 365 1030 109 717 611 785 707 708 143
4107 4130 591 739 905 448 599 242 168 887 519 714 667 802 1119 567 949 897 72 214 111 146
2304 3922 766 599 191 1110 173 619 1033 1048 680 193 608 305 950 446 1087 249 1093 574 276 440
1899 1899 76 141 909 342 517 953 689 890 968 566 573 994 714 456 558 551 652 737 871 1089
4177 4183 298 92 1013 170 1032 839 327 134 1007 331 515 896 537 507 38 505 85 900 340 817
2911 2917 810 1066 50 244 317 758 445 905 447 161 662 1054 372 734 369 26 1088 681 691 946
918 1210 960 1141 962 39 315 202 763 1020 770 432 412 798 120 635 764 785 860 836 934 535
2124 2124 1045 275 275 440 165 770 1045 605 770 165 220 605 990 770 165 935 880 330 990 275
4648 4656 341 813 518 252 305 694 315 239 1 423 890 76 737 1000 94 846 643 974 1006 1018
479 508 988 987 895 208 96 373 300 799 51 144 202 346 970 559 223 142 1101 215 1090 362
381 673 829 83 392 1017 298 796 148 820 825 925 292 510 905 666 943 707 361 80 291 738
4955 4955 744 1148 588 958 421 878 697 663 683 512 421 292 339 500 395 1102 651 721 771 997
4041 4045 1004 227 4 689 499 706 1061 599 1090 334 297 342 307 618 1111 2 1012 278 307 363
617 649 899 1143 124 236 25 152 424 1109 358 929 1051 548 1014 152 1048 567 1142 538 324 504
276 450 1040 438 1136 34 145 137 614 505 249 6 1063 186 169 999 1135 902 490 1105 1114 63
1953 1953 490 1100 670 675 35 820 980 1075 1015 385 780 415 825 845 755 1005 850 280 1110 435
2715 2720 542 234 586 1111 506 447 488 720 954 171 189 1000 357 513 750 455 935 788 357 1111
3027 3034 1100 750 394 362 1039 1128 511 627 822 345 795 853 403 1003 913 626 920 711 120 583
315 3857 791 734 314 451 952 978 327 160 966 254 605 287 588 54 522 306 707 8 313 814
2810 2810 411 259 1063 147 640 398 365 615 1064 910 88 281 158 286 516 1044 967 255 758 138
4149 4163 331 441 845 406 492 662 816 523 1088 904 1085 281 839 619 207 746 573 830 901 35
1375 1388 335 588 522 233 366 199 141 3 1028 604 566 631 805 95 1086 1072 235 43 455 423
982 1138 3 1077 135 33 776 552 761 546 443 1025 992 367 1046 334 169 1038 1134 822 154 1052
2877 2877 294 666 729 957 273 861 504 675 798 591 525 123 627 927 186 537 231 270 180 357
3712 3713 978 422 933 866 371 154 653 140 806 326 2 650 963 802 843 929 459 1018 695 248
736 768 1105 204 51 251 469 1012 875 785 404 118 867 1064 416 195 112 259 88 877 710 706
136 3941 1001 591 878 44 1105 352 326 506 399 220 414 903 513 781 997 358 583 666 636 370
3175 3175 75 128 479 248 170 794 548 574 294 65 239 477 533 1004 9 288 275 73 137 261
3011 3017 128 422 219 941 963 224 636 666 1130 1028 521 452 1064 1062 259 516 9 651 905 150
1059 1060 286 872 740 143 141 1083 371 151 792 398 644 11 750 984 990 378 845 115 278 1026
1233 3605 633 112 372 1057 614 658 943 308 153 184 46 914 482 899 945 794 40 790 414 105
1375 1375 964 675 1040 695 535 818 609 1110 294 131 255 885 556 130 775 609 363 900 555 572
635 653 732 993 468 591 724 730 1135 453 1 1052 483 780 702 896 753 812 651 504 635 636
654 664 129 462 448 572 1073 529 362 923 14 826 913 691 320 732 229 455 25 553 75 130
6 874 536 1026 119 658 235 75 210 72 849 536 46 82 174 330 730 30 320 351 279 1010
4879 4879 149 336 203 546 400 920 1120 727 908 160 311 852 11 211 340 856 969 624 441 788
2692 2706 732 422 819 430 1099 947 775 768 519 834 146 127 908 638 1120 562 108 366 804 1134
3452 3488 162 10 529 312 297 147 421 942 118 612 556 848 1054 1102 570 150 503 177 1099 1143
1395 3338 1129 260 54 456 942 837 986 786 221 973 673 438 885 706 1139 778 693 635 95 666
2522 2522 386 1117 574 734 749 836 159 1066 1079 277 136 534 955 388 856 990 427 476 23 634
15 27 854 986 120 996 793 195 721 1023 228 1068 1088 322 1077 798 831 197 838 189 1141 970
3920 3948 843 200 430 1039 37 672 658 871 797 711 588 61 310 449 456 607 967 386 192 671
305 346 461 956 435 851 350 1137 552 311 560 957 73 321 293 1109 250 393 448 961 331 833
87 87 561 754 285 795 195 687 67 466 525 53 937 11 222 1010 788 855 974 199 142 582
4789 4797 1045 594 144 1133 921 479 337 873 480 436 660 565 60 601 1018 407 695 375 1066 23
2608 2608 170 301 1048 840 1103 900 262 665 859 930 978 861 327 524 128 1050 369 849 495 615
4239 4943 85 268 732 869 650 189 666 1142 191 911 733 979 640 83 1106 838 1114 329 257 647
4688 4688 233 339 330 605 453 381 931 167 218 835 577 352 1075 1058 45 251 361 254 748 382
2541 2541 820 177 680 463 661 1013 698 320 566 126 72 408 987 801 181 116 349 258 68 138
2195 2212 54 933 1098 378 219 705 633 201 390 261 669 603 414 1026 423 420 1083 69 624 39
328 651 688 919 911 1003 974 293 885 223 368 798 132 239 1056 667 879 953 1140 99 457 5
2221 2221 343 74 471 28 154 292 538 1104 1091 535 69 633 1139 984 868 992 461 1106 199 938
2654 2668 415 90 461 365 508 991 961 229 351 804 264 217 952 448 983 96 781 432 954 864
4922 4949 422 427 454 815 959 530 826 105 89 40 494 292 930 618 629 555 460 87 437 812
3181 4875 539 1092 1051 320 590 661 328 404 183 765 506 344 799 669 493 753 599 579 720 1090
708 708 215 450 1105 660 370 970 510 640 960 595 565 605 45 85 40 550 405 705 935 865
4459 4477 381 967 38 434 466 646 1007 941 1135 1088 70 1109 1015 459 644 659 1088 317 717 217
2922 2929 163 1053 730 785 1153 376 132 514 132 971 288 825 552 63 216 85 261 203 457 1075
1495 4138 1011 575 103 153 534 1093 466 568 1010 746 976 309 418 792 769 677 577 385 53 85
4382 4382 0 0 0 0 0 0 0 0 0 0 0 0 0 0 0 0 0 0 0 0
175 176 892 485 148 582 701 196 583 883 553 493 743 550 515 932 943 806 572 72 1150 1018
2406 2419 391 594 744 1070 780 707 520 820 896 189 337 70 291 77 217 415 608 766 734 742
707 1298 273 809 615 698 329 863 298 556 323 1141 1035 271 387 1084 341 1050 238 422 993 707
983 983 439 406 573 888 104 867 1127 472 572 76 893 339 421 35 712 158 702 769 265 703
4606 4625 565 37 519 282 978 619 272 851 600 738 969 283 531 922 139 328 416 325 616 58
1906 1913 1068 643 652 401 354 475 119 725 64 461 1041 938 74 1029 937 159 303 784 313 672
1066 2074 852 881 152 951 249 888 628 571 300 445 1127 494 894 25 210 151 995 1110 1061 690
446 446 0 0 0 0 0 0 0 0 0 0 0 0 0 0 0 0 0 0 0 0
3507 3518 418 727 51 765 1084 643 488 146 336 629 490 424 762 1057 360 155 691 805 1100 162
4723 4724 0 0 0 0 0 0 0 0 0 0 0 0 0 0 0 0 0 0 0 0
3106 4745 1133 811 298 634 732 331 559 386 875 431 274 851 590 631 224 205 194 681 905 1101
4682 4682 0 0 0 0 0 0 0 0 0 0 0 0 0 0 0 0 0 0 0 0
2480 2488 32 411 355 467 957 140 899 452 1026 846 149 802 366 590 626 287 217 422 520 15
1806 1820 639 663 486 687 540 825 366 132 1074 204 249 381 153 114 915 753 363 1071 453 1050
1111 2019 164 442 850 835 129 939 628 836 768 69 939 817 788 233 111 782 2 375 920 1052
2351 2351 822 572 946 862 506 353 74 666 371 509 670 354 605 642 695 388 1062 50 737 608
3956 3971 918 286 219 26 376 28 543 891 495 359 974 821 347 535 405 246 737 323 470 411
2157 2166 344 875 359 1019 1104 30 990 760 167 729 539 273 931 372 363 799 887 1082 851 814
2972 3604 136 182 53 910 15 21 210 432 30 210 926 693 170 1004 440 907 99 851 587 481
358 358 716 452 288 1087 730 120 766 1073 310 953 1033 621 183 456 1063 488 1121 393 431 995
2864 2866 556 1023 150 335 110 997 489 759 486 344 606 974 16 424 385 160 473 123 541 719
2557 2583 62 975 1001 39 549 522 139 535 97 722 0 149 606 705 956 589 769 394 514 34
918 4867 110 1123 944 577 816 1133 941 895 831 1090 400 595 499 423 481 282 479 603 28 993
1223 1223 670 152 410 105 882 992 166 187 323 339 927 205 324 992 64 99 696 348 180 307
4565 4569 798 904 861 649 1119 921 538 1119 825 454 439 541 719 729 828 508 344 981 734 730
1064 1088 971 222 690 696 902 210 147 1014 714 862 964 133 441 177 696 21 171 61 78 359
765 1210 1019 33 462 219 1116 182 374 1098 131 466 330 1102 1003 611 197 356 723 917 565 601
4382 4382 187 241 232 762 1069 117 890 1151 84 16 449 370 78 1087 581 183 446 871 1046 425
780 785 55 276 995 166 104 842 107 374 1093 457 206 271 865 948 7 832 891 488 1093 800
4379 4389 497 469 798 147 882 1071 966 574 1001 945 231 777 840 231 259 1099 1113 1120 714 427
1179 2642 172 843 6 460 134 318 812 1076 317 1147 1002 820 583 636 941 1079 65 351 798 457
3552 3552 510 450 1140 810 540 540 975 300 180 900 555 870 645 210 570 930 945 225 285 480
2976 2983 182 827 773 32 556 278 881 473 739 858 557 396 792 446 322 730 384 3 339 590
1693 1711 568 676 953 935 886 771 697 314 956 660 575 693 148 937 705 415 856 453 1092 784
32 1278 159 524 915 39 98 462 808 687 174 4 449 574 385 469 400 737 393 727 982 229
3718 3718 355 758 321 1086 898 137 1133 902 1020 185 2 290 354 886 1008 1005 511 1143 1105 1140
4805 4808 531 992 982 922 809 745 400 356 145 226 610 563 1103 943 790 1033 451 798 126 766
2060 2066 375 664 304 1067 395 28 392 1078 33 1055 108 139 986 244 801 769 248 216 332 630
147 521 50 158 1050 935 10 1020 677 10 1072 764 911 402 750 565 456 566 114 916 415 363
1265 1265 163 1140 987 272 980 978 508 488 496 261 167 404 749 557 798 79 391 369 244 1129
141 160 502 944 229 440 792 860 266 180 635 1057 693 684 545 1136 965 338 447 1059 598 182
1070 1105 662 794 717 364 170 125 613 664 277 308 448 503 181 23 40 877 1069 842 308 43
1708 2976 137 126 533 941 834 1117 419 5 250 386 399 1118 29 570 75 657 446 17 400 788
3221 3221 365 216 75 1001 540 1124 520 610 908 305 725 848 300 776 1109 548 1084 1105 1009 560
4065 4080 729 623 962 317 619 215 398 296 665 574 942 1063 110 679 634 742 664 1068 434 559
4220 4252 31 286 169 1095 375 236 442 694 220 157 852 840 919 514 511 689 1056 839 1057 931
734 2467 200 307 208 439 1046 15 391 1014 596 697 715 806 668 348 430 471 912 195 717 62
1390 1390 42 28 803 372 38 70 789 670 101 544 598 795 290 130 895 47 546 207 522 526
4981 4999 844 853 887 753 324 961 371 893 396 619 559 469 218 322 157 797 191 64 408 1101
2486 2515 387 243 1121 422 412 653 1137 89 573 1045 704 1009 591 989 814 293 569 590 525 695
2243 3042 759 1091 628 1140 152 1128 659 981 855 412 575 144 240 152 978 679 433 424 834 163
9 9 350 878 183 1011 584 308 690 499 292 58 25 22 565 48 556 977 587 385 936 608
4279 4291 489 1029 162 863 629 55 948 59 801 50 441 806 1135 945 70 425 464 94 967 74
395 415 870 274 172 1107 1031 892 459 1045 418 260 466 790 547 570 514 959 291 903 493 968
84 505 1112 994 919 82 1062 811 380 631 434 617 1038 242 911 723 1104 89 634 384 543 481
2510 2510 0 0 0 0 0 0 0 0 0 0 0 0 0 0 0 0 0 0 0 0
3514 3528 37 707 671 927 414 578 871 1143 579 192 151 199 1000 242 1082 834 590 474 1144 96
95 133 99 671 605 308 242 242 517 275 528 1133 561 440 396 484 44 979 968 605 649 473
133 144 666 324 971 642 332 91 907 210 6 934 384 348 114 386 118 448 686 955 867 605
4984 4984 825 895 295 882 480 650 248 498 1048 736 315 699 332 246 365 514 1002 1150 987 266
3724 3737 1070 276 920 286 386 91 1034 1105 506 889 934 707 591 131 295 12 618 273 778 645
1728 1758 390 426 669 477 747 627 1035 435 24 759 492 549 1146 825 582 429 420 312 297 183
107 277 299 610 859 186 54 1124 14 910 967 557 243 897 285 528 438 463 281 575 1050 393
2234 2234 0 0 0 0 0 0 0 0 0 0 0 0 0 0 0 0 0 0 0 0
149 154 884 1032 976 298 379 463 6 911 350 237 120 271 54 146 1024 699 622 481 764 936
1437 1469 165 465 160 830 340 135 790 320 295 1090 295 140 980 685 905 820 80 485 810 985
217 408 920 683 219 261 350 772 338 387 542 5 223 463 179 145 222 977 313 896 881 468
4283 4283 52 510 787 137 449 1089 580 1084 421 79 162 285 321 982 1036 734 274 373 309 422
3541 3541 933 642 828 568 1071 537 412 968 1090 94 1025 663 564 969 8 735 863 552 820 1143
2643 2662 894 1083 959 404 775 949 374 901 588 33 540 714 503 861 650 826 1042 922 876 742
1687 2282 786 509 352 274 638 332 233 642 409 935 921 1153 634 677 703 669 1127 116 1145 708
588 588 418 642 686 832 971 797 525 637 588 1052 339 178 662 956 422 1134 72 4 1005 1042
64 70 89 477 99 622 825 486 686 859 673 148 147 82 707 298 610 195 851 526 526 893
4643 4645 240 1125 1154 970 1065 551 457 5 1088 417 1115 398 64 490 650 625 725 984 1022 1069
2032 2726 529 1010 865 971 276 662 154 1021 886 905 1067 386 24 1115 795 628 214 288 414 938
1195 1195 276 402 731 1013 1100 54 439 482 241 67 606 977 737 831 413 924 545 539 467 1112
4001 4018 1127 898 985 291 355 689 1072 394 979 145 327 904 974 1017 874 461 635 766 618 503
966 997 1091 931 444 860 774 1041 1000 1064 781 1138 290 551 146 196 388 279 558 181 692 556
1516 2409 516 294 501 1014 1062 501 723 723 1143 3 324 768 252 267 234 600 42 774 882 456
4317 4317 693 1071 735 735 756 189 336 336 525 441 987 546 966 336 63 462 567 0 798 21
4959 4970 755 106 677 867 381 576 886 926 700 825 561 666 1104 467 685 1096 2 809 195 1116
3900 3922 623 693 198 585 608 54 541 197 281 435 626 119 1005 377 64 116 275 993 21 577
3504 3734 281 211 411 217 750 258 940 696 498 695 181 1049 246 464 794 799 112 788 182 232
526 526 462 252 266 448 560 147 266 686 1015 28 749 511 693 560 1071 322 84 259 483 854
4186 4191 1091 753 305 430 750 390 492 1095 896 961 63 683 1064 247 71 267 575 335 1103 1054
523 538 814 745 374 758 1033 972 890 696 1011 268 459 2 153 513 408 265 780 218 599 360
33 2129 446 819 856 533 223 1085 591 466 82 1082 1093 636 735 565 882 492 902 24 1126 573
853 853 587 592 261 264 213 667 1033 912 718 438 407 377 55 981 373 254 741 1003 28 393
2999 3003 321 748 380 1014 809 560 349 674 814 1015 1028 1077 450 624 1107 520 140 1078 385 779
129 132 525 988 992 1141 730 341 1026 1012 77 499 630 1112 1028 1056 1083 1131 784 548 1154 931
2072 2422 842 1137 390 148 119 1132 491 278 240 583 205 121 956 875 21 500 996 61 1015 988
2672 2672 279 383 762 103 793 974 710 430 1009 524 707 952 504 856 422 321 619 733 1110 562
4525 4538 225 150 495 510 705 75 180 0 810 840 15 675 630 270 960 630 465 960 90 720
659 677 54 1080 947 726 294 601 865 615 68 75 192 1136 233 983 612 333 487 21 1127 784
11 2508 268 1106 186 779 1098 132 978 373 121 802 648 1149 1027 599 838 206 324 377 871 202
3887 3887 794 276 641 386 227 295 626 134 393 1142 92 252 1068 953 142 728 695 319 587 470
3031 3048 292 460 797 283 340 362 1013 241 581 155 448 539 162 821 1075 46 900 112 470 382
264 289 1025 657 567 35 619 1077 667 1001 38 732 941 1074 403 829 367 14 1063 420 676 473
1582 1930 892 222 683 440 191 876 356 582 387 278 610 1008 672 153 941 478 859 469 1145 548
2146 2146 433 107 175 636 1086 690 1121 650 919 205 1011 400 939 926 1011 624 946 320 892 162
625 626 729 910 258 926 769 587 953 552 705 393 823 120 245 979 747 1081 335 389 148 1044
2569 2593 942 729 1107 882 722 1088 136 931 444 246 805 759 134 1154 819 868 1048 651 1024 402
3470 4697 900 1150 520 660 875 1040 405 130 75 590 695 495 155 645 220 1120 820 440 295 215
4181 4181 195 658 956 375 532 924 633 952 629 465 939 1126 779 779 629 193 690 376 209 705
4742 4751 188 600 168 1083 963 34 211 665 907 181 837 1152 35 634 154 993 311 336 484 60
1057 1064 276 276 321 513 633 504 195 75 195 909 1146 681 630 813 1086 504 1122 195 132 1101
803 2029 683 978 401 307 812 170 1043 834 810 1019 577 1019 820 981 485 361 58 730 32 61
3829 3829 0 0 0 0 0 0 0 0 0 0 0 0 0 0 0 0 0 0 0 0
969 976 1106 378 613 570 535 969 268 379 184 907 77 573 850 1062 930 452 495 746 794 669
3385 3409 258 921 792 729 402 1119 303 234 831 852 468 51 225 297 636 438 33 345 819 978
1014 1936 473 634 905 432 122 244 298 608 221 602 826 262 1142 399 129 1119 402 1107 187 541
4905 4905 134 67 357 1110 361 809 620 268 107 927 248 57 9 42 536 9 993 45 654 1013
662 675 295 459 1019 598 1142 541 971 262 71 181 419 444 876 32 763 526 657 821 937 54
2434 2467 674 1022 918 644 549 632 732 382 581 871 418 448 70 390 487 196 80 1069 477 837
960 4567 321 360 884 809 254 177 363 399 136 977 974 475 814 305 491 1013 728 703 251 157
2761 2761 861 1042 190 390 53 25 369 858 433 824 602 1100 514 676 185 893 390 40 1147 637
1660 1666 447 612 1019 675 242 77 41 1067 842 267 165 1020 264 1150 166 904 1005 788 161 1150
528 537 853 496 71 539 467 874 787 1151 328 441 54 632 893 22 198 234 983 1039 315 1072
1122 1197 163 114 710 316 888 249 310 908 543 53 985 491 1088 905 793 272 927 642 374 19
415 415 0 0 0 0 0 0 0 0 0 0 0 0 0 0 0 0 0 0 0 0
3031 3045 141 788 329 372 211 1096 809 868 284 1084 942 452 1045 930 709 576 916 1151 600 193
1008 1011 405 1098 624 123 486 516 174 1149 990 378 717 243 795 72 33 477 957 267 177 612
534 659 995 657 1047 338 981 234 291 421 1152 113 298 529 54 916 738 363 875 524 1071 539
1175 1175 930 970 841 702 91 701 248 94 1025 468 1072 1045 893 57 763 161 944 1092 164 481
777 785 440 719 918 509 870 843 430 575 939 389 532 875 157 677 331 470 1074 542 696 546
1244 1249 995 836 271 646 1053 305 164 993 1139 992 590 650 541 87 1086 965 707 821 1150 492
1181 3154 1021 1081 371 372 121 392 849 910 575 383 942 701 82 421 972 311 952 891 1050 270
4796 4796 0 0 0 0 0 0 0 0 0 0 0 0 0 0 0 0 0 0 0 0
2109 2122 809 914 1023 451 447 699 111 323 68 546 714 620 995 812 841 515 1028 310 1107 254
3269 3282 582 224 387 332 139 750 738 1119 1037 908 777 843 213 239 1087 185 164 435 251 327
1842 3180 705 1005 252 511 512 364 620 940 814 585 303 394 1014 801 689 810 494 721 586 1151
916 916 990 231 0 264 363 528 330 99 66 495 990 891 528 429 594 0 924 33 363 33
3732 3743 299 1008 388 419 721 102 338 231 553 993 1135 1108 865 886 264 508 275 161 843 1117
2443 2446 451 425 1126 955 153 748 706 1032 787 1110 1090 1134 593 492 646 968 360 524 328 749
2981 3027 839 1007 125 902 992 887 566 512 1048 16 897 230 661 1130 841 757 591 637 737 1143
2212 2212 166 725 594 8 499 668 947 347 681 858 475 899 938 73 548 1125 979 689 373 550
2301 2313 99 829 1101 262 767 20 684 917 498 784 631 174 546 582 220 930 632 119 582 840
2472 2489 518 318 129 125 181 137 976 1041 550 393 57 43 614 921 514 62 848 89 525 307
1170 2600 735 113 1071 819 438 498 534 193 663 1113 975 427 884 385 267 172 543 1032 9 863
4051 4051 147 226 61 841 906 92 826 331 947 264 425 207 937 633 811 1143 1142 121 195 15
4134 4148 221 587 734 149 157 724 859 2 704 128 820 165 652 468 147 477 785 73 210 1098
1545 1563 418 770 426 706 496 489 368 6 594 1125 851 982 53 470 1128 979 172 60 340 701
2735 3776 356 1031 422 79 295 176 180 761 93 453 773 830 1 499 743 923 316 1050 826 459
761 761 97 249 222 250 718 521 745 852 869 861 728 1122 1001 1071 143 105 435 994 248 965
4191 4209 945 731 174 113 1135 387 89 346 620 1069 843 236 617 800 405 523 722 1145 1090 1089
3468 3499 574 660 100 637 596 309 315 276 665 403 61 993 189 983 1104 731 348 976 470 188
225 1087 725 13 1033 308 828 706 470 365 901 1006 960 145 917 966 542 33 328 983 241 730
2889 2889 366 843 83 449 673 640 602 862 86 196 924 94 910 1085 411 34 968 750 389 848
2573 2582 536 583 237 583 1040 1087 467 348 594 163 805 307 664 670 180 1004 672 748 883 570
3462 3482 364 721 1047 732 1005 836 195 37 276 424 48 142 605 383 57 852 933 443 748 1028
1077 3555 953 396 544 883 998 598 370 387 622 14 877 429 129 1087 916 977 808 457 70 890
4743 4743 942 520 836 74 237 721 88 667 1127 921 742 1101 1010 228 79 130 1119 414 718 46
1723 1734 319 264 338 542 688 571 1041 671 738 441 588 833 1006 659 5 103 107 900 341 302
3666 3673 746 551 469 813 23 10 980 56 862 1027 786 815 288 968 589 598 559 453 733 1078
2862 3452 956 170 461 142 840 745 352 127 469 153 1020 417 562 428 215 478 490 1084 1126 491
3242 3242 559 665 542 636 1122 1092 134 749 887 994 11 511 81 546 1069 337 166 441 347 298
3960 3970 737 519 99 453 81 1017 230 1025 1092 64 293 911 724 121 284 532 620 678 620 1002
880 918 126 406 622 588 644 368 1077 364 636 1025 1028 619 325 442 701 402 1027 9 900 490
1027 3508 886 881 184 244 237 854 654 603 1138 477 599 814 833 1012 194 116 526 539 21 36
974 974 931 785 496 602 620 465 934 1136 309 1069 1108 149 70 343 1140 830 387 918 445 882
2995 3004 657 117 740 11 684 239 1058 181 907 908 588 286 281 1067 1004 1023 569 1018 876 202
145 168 205 324 562 22 344 691 1138 519 194 600 961 128 412 391 326 234 995 772 954 1016
2085 3648 210 982 1091 60 617 854 321 568 317 840 253 704 969 36 819 591 383 338 198 881
2171 2171 819 570 1054 653 866 726 1131 841 176 952 503 1117 158 221 376 211 520 19 505 950
801 817 454 926 385 368 683 285 138 943 199 229 800 376 583 388 1054 931 1008 1149 667 674
13 50 763 717 170 715 20 783 430 672 846 376 771 209 176 344 369 165 1121 648 508 554
2238 2661 571 1064 724 874 1138 409 1039 917 852 450 79 489 340 292 278 1070 948 165 597 985
3849 3849 640 340 155 1055 350 770 275 5 20 365 480 450 350 160 815 385 725 1125 600 705
836 853 1140 1051 571 1152 949 647 53 882 239 714 378 699 401 137 957 547 1148 357 205 443
1525 1563 881 140 1116 1064 258 140 683 246 815 1135 827 185 221 512 713 873 796 375 880 1035
878 1735 397 965 62 753 109 605 255 772 522 557 627 5 1141 375 366 174 606 340 153 882
3842 3842 896 818 402 394 130 410 174 629 886 394 92 965 1117 1079 606 819 861 531 985 31
4296 4298 401 857 1134 308 404 696 326 1066 221 691 887 544 492 369 991 666 759 243 729 861
2795 2803 106 187 842 1025 480 771 403 1111 872 84 206 1128 471 777 354 930 355 806 1055 906
54 4634 703 179 27 441 642 704 569 954 930 411 448 987 396 262 574 166 731 320 841 829
4773 4773 1025 101 66 656 819 365 1134 182 278 630 824 467 550 755 124 1036 966 162 802 625
337 347 404 237 324 994 575 696 428 778 533 916 2 242 751 874 448 59 358 313 110 213
1117 1124 697 454 236 1071 1021 486 460 907 601 768 781 492 991 631 11 740 635 961 196 258
94 789 339 678 939 600 693 539 1133 1091 293 840 347 80 665 960 180 1096 1051 17 627 581
3974 3974 711 558 917 846 686 1091 859 272 124 555 195 906 398 36 133 950 7 437 503 91
1775 1780 134 367 226 1119 756 1048 1025 18 1003 949 647 417 569 693 629 474 1144 570 191 138
674 681 452 488 666 1144 770 279 1006 628 342 317 201 642 86 1010 578 710 995 948 352 403
411 1984 896 857 1140 1129 564 437 371 375 972 403 13 308 350 426 728 430 203 711 614 1116
4874 4874 123 395 225 171 399 163 550 539 604 668 125 592 348 1106 864 34 841 946 775 912
4273 4275 867 193 938 1108 914 646 288 613 680 301 985 29 838 1051 1072 2 823 113 126 549
187 204 130 425 289 991 516 287 731 329 649 754 641 858 953 177 902 942 932 89 177 887
342 2765 817 1032 820 570 187 886 532 1092 728 71 1043 258 824 1025 843 261 1005 283 763 559
4422 4422 98 1139 649 904 741 985 670 312 528 142 307 9 531 326 499 716 316 157 402 929
2640 2640 415 906 747 459 775 859 883 121 1121 0 977 171 38 153 713 561 473 64 352 106
3557 3559 829 1095 465 342 737 556 88 958 581 310 812 986 989 32 126 730 441 874 395 731
398 481 669 738 785 701 1128 780 823 180 282 55 474 794 1016 1065 50 1074 207 1033 418 462
1025 1025 294 1134 1092 693 357 945 588 504 294 378 903 840 819 651 987 147 756 294 42 924
754 768 795 296 297 564 408 602 880 454 733 999 283 1090 30 678 825 690 1071 1045 84 1050
3329 3329 584 454 429 163 893 129 270 462 833 836 77 708 96 1135 366 358 549 317 828 605
1708 2153 516 615 585 990 180 135 810 618 531 72 699 885 741 90 345 39 219 762 1056 1101
3228 3228 231 468 532 941 368 1050 259 592 437 791 194 254 1065 1070 252 803 261 77 69 225
2009 2025 225 317 840 572 330 867 402 248 860 418 769 465 70 334 326 1093 1004 200 769 503
4320 4354 1031 100 1023 465 725 1041 985 1112 799 406 961 718 297 1003 328 718 214 717 497 903
892 2854 720 123 756 723 141 78 240 297 537 183 276 810 369 735 381 990 351 12 735 753
165 165 549 511 1005 856 705 895 1154 23 24 713 851 452 893 182 583 245 318 235 218 1106
2915 2923 542 961 1101 776 584 662 583 450 836 737 457 268 435 1129 560 867 277 628 600 378
4548 4585 53 98 172 64 1024 1010 330 403 984 1131 793 767 534 870 956 670 805 637 308 319
1297 4229 1041 628 1046 922 708 636 953 395 553 825 1060 1091 582 496 906 966 110 473 1149 808
2833 2833 0 0 0 0 0 0 0 0 0 0 0 0 0 0 0 0 0 0 0 0
726 742 422 885 777 976 368 901 234 48 1116 0 664 268 482 722 137 1050 623 994 221 120
583 592 16 838 1015 138 20 191 700 570 919 55 243 1008 495 30 56 856 1141 682 814 472
1256 3241 188 756 88 430 265 435 194 973 1136 389 921 334 941 1001 785 292 485 787 916 942
2511 2511 300 285 895 135 165 940 975 1090 810 815 795 930 510 590 1010 745 145 1045 385 1055
3524 3529 1 769 331 184 668 804 221 1071 1050 824 160 945 195 1081 773 957 1091 415 352 437
3596 3622 74 950 955 86 352 169 306 792 671 110 795 594 117 767 169 1044 446 723 793 366
1560 1652 543 377 230 552 1045 562 13 364 315 286 224 1045 572 287 561 234 467 44 499 295
749 749 900 450 30 345 1080 660 675 330 495 900 630 75 720 375 1095 210 15 495 0 630
447 455 494 114 736 18 269 22 368 914 182 760 1018 1153 198 364 911 960 48 87 668 19
4908 4917 1097 207 842 647 827 778 1065 145 791 652 524 856 178 807 1077 244 883 468 812 508
1406 2980 620 762 535 479 502 214 589 1128 821 59 981 533 417 461 347 333 609 727 1125 308
3577 3577 588 425 103 894 829 915 466 516 614 358 430 436 225 366 155 190 875 230 478 440
2246 2248 838 868 125 260 839 134 478 311 650 979 251 118 354 22 951 473 1060 798 1052 691
1124 1142 656 195 170 527 68 971 938 772 171 379 511 44 668 600 360 258 10 883 939 1085
1705 3019 48 503 818 457 896 8 535 186 178 103 21 444 1014 431 400 111 93 260 299 375
1997 1997 226 1148 869 326 288 530 322 635 840 533 910 276 216 468 406 520 576 1151 1108 118
2399 2405 324 945 113 1094 635 446 839 489 706 1071 319 373 504 276 1087 1013 255 618 710 1144
228 256 213 1107 387 618 1029 822 384 249 177 807 744 669 228 1020 924 438 786 999 432 708
4364 4770 155 219 349 984 794 532 670 661 871 874 6 140 73 1080 1086 901 981 73 852 734
2781 2781 419 963 702 985 968 716 149 1045 548 312 175 1103 896 101 101 844 154 17 406 432
480 498 1120 331 904 861 212 343 259 161 800 865 321 323 1150 198 654 822 298 400 872 906
3605 3612 982 578 1 649 808 610 671 44 440 386 533 967 159 261 717 692 846 723 845 921
3937 4452 430 112 887 70 1112 616 1100 182 337 133 1111 164 991 1025 276 351 757 346 520 785
1080 1080 283 284 206 460 978 860 666 618 519 262 995 705 1025 237 144 503 49 117 697 95
4645 4648 308 787 144 806 244 181 1125 464 757 1021 566 296 550 549 927 445 772 209 381 905
2926 2951 0 0 0 0 0 0 0 0 0 0 0 0 0 0 0 0 0 0 0 0
1467 3028 70 38 595 681 503 1147 170 433 256 449 922 648 346 3 1083 20 11 244 374 670
229 229 0 0 0 0 0 0 0 0 0 0 0 0 0 0 0 0 0 0 0 0
3797 3805 455 103 996 508 157 309 178 656 200 391 931 798 233 660 208 849 833 642 641 50
2412 2425 1151 932 356 133 1030 501 918 138 496 449 1032 1027 1052 165 608 116 104 233 486 404
1167 1550 130 14 423 387 496 1 25 240 613 691 430 1002 752 560 649 134 1149 577 553 480
361 361 886 38 934 91 466 820 804 747 282 958 1020 435 773 470 781 866 708 1028 678 803
2389 2405 277 381 723 852 334 439 197 272 250 285 756 800 612 1144 1044 166 602 711 352 774
2605 2618 978 928 389 960 979 1141 103 16 808 441 197 820 54 911 951 221 209 383 840 790
876 2375 1121 367 553 726 110 289 490 991 54 701 1146 1030 192 60 950 754 664 228 683 779
3328 3328 85 1133 494 694 510 61 159 513 95 332 1117 526 417 272 592 35 466 804 609 172
4651 4662 373 995 878 970 568 1138 440 173 916 468 903 900 824 1055 249 820 913 431 116 394
3813 3827 35 1057 1045 1131 978 375 162 983 394 137 766 330 316 713 248 668 608 151 339 247
3544 4950 88 425 799 50 995 325 301 315 608 362 1001 713 582 973 606 67 1112 787 237 600
1483 1483 1037 136 340 426 708 947 72 18 797 695 542 351 59 400 140 306 793 69 214 919
2186 2188 1092 1117 7 1031 757 118 551 60 832 520 977 42 1124 752 392 590 74 144 1082 652
169 170 0 0 0 0 0 0 0 0 0 0 0 0 0 0 0 0 0 0 0 0
775 4125 784 190 947 255 839 234 943 115 629 466 737 880 215 1075 1022 387 770 713 930 672
4260 4260 435 554 591 890 495 777 1030 376 934 74 389 398 770 656 1051 1002 538 106 1035 400
2853 2871 305 789 913 422 139 71 127 516 82 128 532 342 420 59 813 238 1000 993 455 980
1588 1617 589 11 665 1044 310 379 360 1100 88 1016 1011 161 92 1103 190 1098 987 664 65 1090
364 2398 601 64 931 286 1086 757 834 802 1137 182 862 640 952 423 730 21 1094 1135 544 14
550 550 616 847 462 462 693 770 0 0 693 308 0 77 77 924 1078 77 77 308 693 770
1802 1813 475 683 398 137 668 1042 433 411 651 316 22 1136 891 1007 95 63 476 217 1102 453
2424 2457 62 610 158 525 672 806 459 69 285 1119 395 365 633 53 63 893 620 178 325 571
2429 2637 786 797 337 326 875 654 314 832 969 785 129 255 908 175 358 274 1034 695 485 590
418 418 914 140 791 156 1099 904 232 297 166 576 404 1082 150 563 7 57 602 685 1114 83
1158 1166 675 1101 1086 1053 221 746 477 74 345 452 457 345 1115 1025 567 602 408 805 71 274
3505 3539 919 354 31 1136 388 650 304 1055 264 161 804 804 807 74 1013 1013 665 848 194 22
1200 2321 107 90 165 60 0 1125 24 611 101 802 584 678 818 913 264 213 811 899 508 679
4328 4328 1055 143 79 674 1121 44 135 807 928 611 612 92 490 1013 592 1124 745 344 212 771
122 137 651 262 949 1143 683 1110 810 712 428 346 1071 612 1129 385 918 168 480 660 461 779
119 129 953 962 577 693 324 976 401 170 952 112 916 337 1072 498 641 871 1050 842 581 908
2827 3169 1120 1133 614 252 285 955 415 1096 897 1119 690 129 1079 712 254 414 754 922 1135 785
4042 4042 411 1090 472 645 252 604 920 701 71 237 741 83 894 81 509 255 429 1065 404 743
3542 3547 1000 437 951 197 912 1121 1057 467 336 717 746 651 1075 528 583 1018 47 552 1110 128
803 834 501 440 453 291 8 917 696 660 845 775 704 621 1082 774 152 259 148 1104 613 159
1810 4970 326 656 795 708 38 298 1144 398 303 837 406 1006 186 812 939 705 445 72 148 588
1799 1799 809 807 127 122 605 1144 167 470 741 537 317 302 366 1084 654 687 1051 75 253 495
1810 1827 247 35 867 91 672 1034 141 342 155 454 571 672 779 1 407 358 174 864 828 811
2298 2313 99 486 282 705 93 717 630 780 807 1077 273 1032 828 1137 9 462 957 1080 441 531
46 50 491 614 914 1042 435 904 405 867 235 774 290 1057 676 393 368 299 1093 476 440 248
1627 1627 744 794 980 20 1050 150 335 841 862 42 426 988 491 664 1065 183 1133 1044 97 1086
2494 2502 165 352 673 455 611 667 812 473 963 659 918 522 740 50 115 838 690 1035 1113 772
1148 1185 770 0 770 385 770 0 385 0 385 770 0 0 0 770 0 385 0 770 385 0
104 180 500 190 585 75 330 250 940 0 575 180 180 260 265 605 1055 40 375 675 470 905
1188 1188 952 657 34 825 78 358 964 801 999 455 874 517 345 484 962 354 358 489 517 762
533 540 1129 766 319 347 545 237 42 724 768 123 1103 197 878 308 271 278 866 904 626 79
1830 1858 525 46 167 514 1010 946 758 230 858 358 964 781 986 353 482 880 400 765 875 766
2699 3371 1103 221 195 435 786 593 467 348 641 298 182 449 719 1086 1105 762 792 386 815 20
4408 4408 492 732 597 787 609 863 526 1068 519 4 449 588 1119 1125 129 649 600 416 151 1088
4161 4178 270 490 1114 117 752 530 394 227 38 395 123 943 120 745 306 183 1122 289 242 815
143 148 632 308 951 448 1153 374 159 187 1043 274 571 410 34 1020 800 397 259 626 855 831
524 4310 1010 1112 815 1096 180 1019 89 1146 781 728 745 1129 46 176 434 468 726 475 1009 1003
1077 1077 417 216 6 600 537 177 555 477 624 705 150 1032 363 270 1050 954 315 1116 333 546
1532 1551 1048 1048 971 270 527 1039 780 900 58 1028 405 598 281 438 528 861 471 946 214 451
2251 2284 105 369 580 740 614 847 396 374 1016 380 474 165 808 946 51 817 894 417 179 188
1001 4876 1136 946 127 766 292 74 220 811 992 559 498 921 827 389 906 959 293 679 285 368
2266 2266 105 301 504 560 812 1008 322 462 1043 161 434 1134 168 819 154 504 294 385 525 91
369 382 374 867 893 278 1002 527 894 83 932 1094 1033 1040 1066 327 173 257 786 596 678 265
3338 3345 1092 228 249 666 273 945 813 504 1038 240 54 1116 735 957 462 1002 318 318 519 624
478 3826 49 62 444 234 172 229 875 419 307 267 44 787 779 161 517 225 172 474 1123 55
2728 2728 590 49 391 956 1082 742 268 998 992 685 532 286 1045 149 517 475 388 919 913 780
890 902 47 311 411 892 1131 79 414 588 166 506 398 875 697 1132 335 34 743 564 359 362
3229 3255 1087 942 615 743 759 430 169 1140 173 703 961 33 1050 259 800 417 334 1034 809 1032
3257 3407 1106 333 834 132 1047 451 513 434 862 1048 753 158 89 408 438 1141 624 981 1133 535
556 556 246 669 249 12 39 947 390 69 830 1092 341 112 774 12 747 770 650 67 258 30
3180 3193 731 573 249 928 564 315 827 41 237 1049 570 105 639 343 772 383 704 589 996 593
2105 2126 1058 726 487 644 991 178 434 903 545 1154 478 437 618 629 1009 238 507 586 229 135
1003 1989 882 296 974 860 830 1121 846 503 33 83 195 221 420 878 42 722 765 590 888 109
35 35 294 861 1071 1120 308 910 1015 602 525 476 959 336 770 91 35 350 364 875 168 1120
3847 3859 457 72 641 613 477 1049 837 519 93 312 932 788 425 231 738 978 192 312 910 618
1155 1155 410 355 660 245 845 260 550 655 1055 675 860 990 990 610 180 165 455 665 460 480
1598 1956 262 57 661 138 313 551 404 587 593 864 1063 817 1049 544 1082 977 586 182 1146 713
2362 2362 1074 338 875 164 58 176 1016 581 446 562 493 757 798 1086 808 206 122 382 710 1078
3147 3148 843 261 66 216 57 1113 474 548 569 177 160 835 5 758 45 263 443 311 132 451
4743 4782 1023 798 402 11 152 600 197 1037 632 201 582 257 429 781 379 981 912 256 282 488
2470 2519 991 258 368 1152 1048 1015 983 736 922 969 513 573 622 685 14 725 364 295 460 693
4589 4589 1028 454 827 301 681 136 301 1081 741 332 698 1123 365 431 617 89 65 296 734 98
3467 3477 1062 796 664 518 357 471 341 132 641 30 521 465 959 986 531 679 1041 1021 820 755
1785 1795 1070 390 784 20 271 217 784 70 457 660 938 238 352 485 1094 573 791 181 746 7
2130 3982 461 1018 794 424 187 652 957 935 703 128 1074 876 282 1148 1024 244 127 560 550 335
3031 3031 130 945 644 1072 83 594 1025 902 104 44 460 927 89 156 414 65 564 530 800 171
229 243 922 1146 889 46 492 892 30 827 993 863 934 585 858 86 814 43 74 549 816 822
3197 3205 576 1040 600 797 241 223 1125 565 422 690 819 22 772 919 121 899 331 873 880 1115
759 3218 32 173 309 449 358 184 575 68 396 301 1021 393 526 202 230 1007 99 1137 931 831
3179 3179 1154 25 707 848 607 872 972 855 1124 721 96 309 243 166 621 763 166 589 442 718
3349 3358 229 425 84 714 823 101 186 900 888 216 468 754 831 596 899 693 517 731 1038 602
153 169 397 104 1074 7 516 716 411 333 609 963 456 165 1053 961 1099 662 599 220 174 1105
2 44 716 188 701 367 810 795 563 361 463 1033 720 148 715 427 320 292 260 1021 965 713
1387 1387 0 0 0 0 0 0 0 0 0 0 0 0 0 0 0 0 0 0 0 0
1239 1246 723 975 955 980 1063 825 25 33 1066 148 665 466 16 963 716 872 1020 1045 577 111
3224 3261 598 429 401 45 562 527 483 517 619 69 1068 497 886 660 79 789 242 468 750 1140
122 945 280 878 625 492 674 154 744 1005 623 564 378 462 882 697 805 581 953 16 862 294
4013 4013 690 920 840 325 830 470 755 805 110 705 30 385 85 950 355 705 930 705 680 1060
1402 1402 19 154 138 145 460 968 965 51 490 802 258 247 151 940 557 478 883 638 1142 816
3379 3415 673 635 928 481 784 730 625 269 931 786 588 593 808 357 475 17 196 267 765 1013
1889 3157 745 905 11 762 476 944 950 944 431 1115 874 606 693 111 487 397 878 148 714 1114
389 389 764 519 989 482 165 8 884 782 249 345 572 966 128 282 1126 46 121 364 1051 714
4642 4656 197 600 728 549 1148 957 994 1115 470 611 560 397 914 1107 858 830 883 272 840 940
4928 4933 981 778 734 1035 301 36 1145 863 44 337 731 1127 928 561 177 411 880 777 608 725
3513 4361 529 483 942 893 817 1017 326 80 335 980 220 954 133 677 532 39 527 508 106 787
4892 4892 343 83 293 417 1072 1087 595 219 1074 1010 736 998 781 156 1073 576 757 309 743 975
776 789 407 238 245 283 118 306 574 484 25 41 726 204 99 352 1027 216 258 528 1108 94
4956 4978 164 252 809 372 616 1069 848 1046 1080 962 835 892 1056 48 407 142 877 387 1077 78
406 2184 180 510 875 517 767 977 992 547 124 539 477 583 380 646 998 910 574 890 59 1023
2133 2133 885 750 270 825 240 45 870 780 795 165 810 390 570 615 855 525 795 90 1140 690
2555 2564 359 414 170 608 403 526 489 394 420 816 459 370 863 202 58 558 428 896 981 339
792 814 432 464 422 270 553 854 876 636 675 396 346 38 458 576 813 901 573 1086 932 82
600 3161 931 409 27 152 104 194 974 281 778 1024 1051 714 421 1075 686 78 242 682 316 331
4442 4442 835 722 940 699 519 754 1085 50 826 752 86 104 985 12 851 943 997 940 960 612
82 84 941 648 1124 947 591 113 701 1130 860 1038 175 30 965 1020 836 1021 36 1088 986 582
1529 1535 1015 982 1036 217 472 519 1011 1111 1108 720 195 392 446 1025 415 426 332 703 456 713
1415 2398 503 576 98 239 477 651 856 281 146 1137 950 792 595 66 933 517 671 425 259 762
2291 2291 40 875 570 855 325 1070 1025 605 235 820 580 1010 530 580 1030 910 235 60 855 235
522 531 655 1060 513 795 1025 26 845 223 320 1029 84 264 1104 1153 704 353 735 416 19 366
2051 2085 687 996 172 910 484 237 826 877 188 361 700 1149 612 227 216 1058 667 988 774 926
1044 1992 527 368 815 294 309 838 520 811 813 580 62 174 467 872 436 986 124 640 212 47
3445 3445 1005 224 772 870 679 1141 809 678 655 927 181 801 111 179 216 939 937 232 310 674
147 166 646 467 95 739 197 687 323 550 856 513 646 329 598 45 1029 210 249 611 921 920
3021 3027 448 536 185 804 568 148 6 931 257 1055 417 1018 45 162 1085 1062 60 902 158 951
193 332 31 411 989 79 391 746 1030 69 751 65 1059 168 49 644 454 145 1057 328 895 354
435 435 442 521 559 873 530 239 1048 1066 300 101 78 787 146 797 857 242 1138 314 847 1067
1075 1085 11 973 379 876 447 198 944 840 529 475 400 777 674 888 689 575 279 513 529 166
4904 4932 419 75 658 73 6 470 1133 350 479 208 305 313 96 1031 280 924 501 853 809 87
1063 3503 485 77 814 437 733 816 579 1057 492 134 1005 301 665 598 358 881 785 240 524 274
3743 3743 1010 696 170 140 552 462 376 1094 917 1088 722 791 1044 131 755 369 478 605 761 52
4878 4879 154 862 299 607 384 402 214 1104 82 444 812 509 526 504 148 1120 1063 9 285 1077
2911 2916 980 954 1070 835 79 574 718 1046 79 1023 307 479 642 120 286 445 844 486 871 1099
124 909 837 655 1067 120 195 673 714 624 882 1001 380 121 307 227 866 1106 440 35 1125 62
2949 2949 195 160 520 682 286 1018 247 117 205 6 425 803 698 1141 991 126 622 248 616 547
1301 1312 1057 909 766 475 758 869 901 534 966 991 385 79 960 923 511 643 446 331 210 809
538 567 1069 827 959 246 537 189 1115 554 548 592 1085 766 415 806 1047 272 593 724 270 919
391 2300 203 214 652 80 925 117 287 391 265 693 904 769 363 985 807 717 335 548 184 1108
4272 4272 356 579 969 63 802 300 125 592 686 621 737 517 766 1062 194 337 283 918 125 1053
4455 4459 131 454 1140 30 843 753 639 1142 578 311 199 994 360 686 270 1027 381 553 704 679
2753 2777 1083 519 703 1 709 1032 17 1129 1009 441 281 925 146 404 655 59 470 946 244 705
385 3738 853 816 527 518 939 373 80 599 1000 866 461 349 21 421 964 1103 789 1125 37 1151
232 232 399 609 303 327 759 606 426 918 0 1020 1026 159 45 0 501 744 753 660 171 9
548 559 1119 940 644 418 537 682 1075 806 1147 129 449 1133 608 687 956 169 155 330 1127 358
3839 3872 1152 512 1040 712 1085 838 729 448 994 512 1129 613 527 531 996 1081 95 206 293 101
78 1484 715 836 506 176 1045 836 484 1056 165 1089 1023 495 1078 671 682 286 539 407 220 583
4625 4625 1080 333 249 1143 609 390 609 84 639 225 450 900 723 663 993 930 120 837 885 1053
1582 1583 1078 704 275 1001 572 759 451 506 583 275 220 902 429 1144 792 154 572 638 616 440
3667 3696 325 421 461 1060 27 896 349 279 940 794 28 1077 523 983 602 818 670 780 107 14
34 72 675 565 635 598 124 597 1030 10 711 757 19 500 344 1052 1137 828 881 293 721 347
2965 2965 0 0 0 0 0 0 0 0 0 0 0 0 0 0 0 0 0 0 0 0
601 608 651 1071 609 126 21 315 0 1113 777 399 546 651 1050 84 63 420 441 42 735 819
1141 1142 0 0 0 0 0 0 0 0 0 0 0 0 0 0 0 0 0 0 0 0
470 3396 1084 697 1073 1116 592 414 395 756 124 123 648 328 1019 638 135 65 1114 137 945 995
1544 1544 0 0 0 0 0 0 0 0 0 0 0 0 0 0 0 0 0 0 0 0
2087 2090 266 704 724 165 866 1133 448 876 678 937 848 155 476 147 1154 616 1030 165 256 876
1415 1450 1083 178 975 924 759 874 775 953 224 34 85 1015 725 951 454 818 315 952 561 51
1037 2478 647 389 621 551 1135 417 131 702 546 941 34 597 777 215 559 1002 889 468 703 778
1397 1397 749 182 350 77 1141 896 434 973 840 490 490 420 497 210 1043 420 882 1113 336 84
2063 2070 623 407 895 551 614 993 630 963 232 697 669 703 341 73 48 417 14 491 671 1018
664 672 467 671 184 123 232 22 938 6 20 707 666 866 754 166 142 598 542 22 238 390
3197 4014 727 956 787 797 416 469 125 1140 381 582 10 594 0 18 572 858 781 831 388 1053
589 589 0 0 0 0 0 0 0 0 0 0 0 0 0 0 0 0 0 0 0 0
2659 2665 1045 924 462 564 982 1124 926 290 498 1140 671 799 561 533 75 694 1005 1057 227 225
912 916 909 835 680 645 1067 966 353 370 434 467 111 637 498 246 368 351 586 747 690 1053
21 90 316 223 1065 690 11 738 414 809 749 83 200 726 1113 585 658 353 46 358 59 964
3255 3255 510 798 384 1029 510 12 933 600 165 366 174 96 579 0 69 1092 270 69 1044 1101
2853 2868 547 806 1131 103 439 76 39 772 93 1031 265 241 906 714 760 1131 1015 148 669 846
3583 3600 853 308 1086 524 547 226 404 1153 988 1110 556 260 532 215 970 1033 953 416 1111 106
22 27 968 690 944 833 1018 125 1115 14 716 1004 381 635 590 498 626 471 171 488 496 1132
722 722 0 0 0 0 0 0 0 0 0 0 0 0 0 0 0 0 0 0 0 0
285 301 629 1143 199 989 82 532 407 123 491 934 383 762 944 922 375 358 309 48 243 322
2899 2923 783 125 242 623 254 580 448 83 942 932 930 1098 651 794 559 963 1092 819 570 392
580 1954 679 722 1063 785 191 98 159 404 830 475 483 439 164 906 14 964 704 437 793 529
1759 1759 63 1010 58 620 126 100 815 1122 560 210 209 483 757 593 232 1023 812 130 780 354
1734 1750 52 44 734 804 353 366 700 111 638 72 177 1149 830 271 903 448 517 626 158 497
1863 1885 1016 992 134 355 861 1149 714 590 183 757 197 547 626 269 937 881 534 62 660 804
1440 2344 323 422 573 230 356 942 1066 713 750 292 155 88 758 679 500 48 371 130 314 652
4103 4103 9 451 922 439 157 1082 945 359 1015 433 993 632 879 101 682 382 537 1103 1125 894
2922 2934 986 651 77 388 682 244 121 535 929 73 76 1133 528 1022 653 102 1137 821 381 20
3921 3923 444 666 888 959 126 145 810 166 433 307 724 453 964 723 350 28 509 54 351 904
1780 1792 626 442 121 351 345 428 1122 153 619 594 56 64 1068 457 820 967 418 0 940 274
3337 3337 261 1008 177 39 395 1009 769 1141 340 560 60 515 912 968 1087 475 302 738 707 550
4976 4985 848 557 1123 740 282 916 124 479 234 407 194 982 109 340 856 1106 598 817 83 473
3293 3309 318 1070 722 255 274 672 0 1002 393 570 149 906 869 132 475 1139 230 331 268 765
1485 3563 1114 513 232 711 727 723 508 218 122 648 76 267 828 624 982 651 819 479 199 934
1260 1260 792 121 847 297 99 660 1133 264 352 660 924 198 726 803 110 924 341 231 858 1067
1204 1216 955 174 680 1028 927 886 365 84 976 471 738 331 464 188 862 596 40 622 309 1048
2468 2492 13 66 965 395 374 220 987 214 906 26 237 115 414 683 152 425 1130 945 614 825
3361 4199 432 1021 204 397 448 453 671 1060 874 82 87 349 492 1042 954 583 1137 678 345 1098
2696 2696 473 12 1151 395 418 391 947 1035 228 359 438 881 714 134 356 543 30 450 799 436
3258 3277 730 503 187 481 920 954 712 83 364 661 104 70 170 183 399 603 836 542 502 453
3563 3580 435 506 7 1004 81 855 311 219 437 1001 1124 783 61 155 794 901 438 130 94 99
259 1049 601 40 834 553 673 668 801 353 1008 200 356 1009 757 30 680 354 646 187 557 146
3769 3769 0 0 0 0 0 0 0 0 0 0 0 0 0 0 0 0 0 0 0 0
3580 3587 481 404 848 644 101 1147 320 830 950 284 2 1081 471 566 644 139 353 1086 1065 127
1515 1517 480 840 330 765 990 915 840 1005 75 645 450 435 555 825 120 1035 1095 1020 1140 720
3292 4524 495 986 228 831 159 920 54 212 881 849 888 31 487 38 610 115 56 613 773 944
4695 4695 545 544 64 872 977 84 653 985 60 81 12 325 235 39 261 237 58 623 418 507
565 566 672 296 251 327 1151 478 924 232 763 769 389 308 682 574 433 577 779 771 113 48
3189 3199 1019 506 1002 543 1032 778 209 765 1118 1128 787 594 687 413 277 218 533 1144 109 573
2470 4084 976 432 509 643 402 807 359 51 1037 2 698 931 610 194 8 1106 923 1121 192 284
4285 4285 0 0 0 0 0 0 0 0 0 0 0 0 0 0 0 0 0 0 0 0
2197 2209 511 192 642 67 987 517 98 1105 1086 1028 720 710 40 360 719 904 778 517 177 984
778 789 870 616 751 195 750 948 1023 1130 515 196 307 146 695 1108 661 33 495 187 716 312
2214 2466 522 1064 234 634 792 929 1020 990 50 473 912 173 268 600 1103 369 824 287 506 1128
4031 4031 99 52 693 561 649 623 122 30 19 677 25 358 961 164 556 657 1015 1074 108 551
4724 4742 1076 345 466 105 1154 1107 707 985 524 229 331 83 141 999 826 974 867 1033 771 163
1528 1544 573 114 1104 819 96 753 1023 414 135 975 675 447 141 594 318 174 1005 366 462 441
1830 4321 374 1115 1129 913 1106 839 799 677 1049 939 352 102 537 1075 752 842 672 797 434 481
279 279 864 1001 1117 895 1120 363 1035 208 569 297 203 391 716 1113 379 78 86 279 691 370
3827 3844 300 170 133 365 47 1121 886 794 173 1133 584 633 696 152 564 222 361 402 234 1051
1964 2001 167 403 1092 227 974 705 692 626 991 378 1153 546 657 324 210 666 491 496 527 397
3174 4955 145 76 1108 71 941 464 1005 340 55 851 504 1151 344 507 1101 1140 850 635 1004 891
3166 3166 336 1092 1113 630 1029 672 840 588 798 609 1050 840 399 1029 336 1071 21 420 1071 399
2937 2944 314 582 352 947 549 253 951 46 305 7 55 1150 385 1038 1134 1135 799 64 312 173
4088 4113 589 472 516 283 390 932 799 724 329 113 259 40 276 773 677 598 443 982 506 364
733 4989 698 851 1122 628 1073 739 965 1031 1033 921 610 105 27 591 352 1033 1095 476 994 515
1464 1464 494 733 92 519 1100 345 497 1045 810 771 760 960 217 978 646 31 381 775 700 112
4206 4206 770 924 735 952 875 133 763 938 917 1141 665 413 623 322 735 945 987 14 784 168
4318 4332 929 830 903 935 704 567 504 1051 503 95 980 440 442 625 94 416 516 222 66 991
2180 2829 468 1039 420 310 66 1058 463 1024 467 139 367 198 635 492 695 424 976 361 555 485
3420 3420 715 601 1078 222 965 497 105 347 306 886 748 720 52 64 226 883 1114 39 243 920
3923 3927 1068 926 902 132 378 182 1081 858 230 914 151 740 1119 1117 368 464 544 74 467 142
392 426 841 473 353 172 801 379 1117 390 562 985 605 130 839 354 705 348 181 883 967 1098
3766 3965 905 761 430 684 125 59 301 78 444 246 911 161 1027 599 1069 250 904 787 1121 474
4329 4329 1019 58 1021 360 46 651 202 56 1123 593 615 82 51 534 218 286 353 30 1046 399
4526 4528 931 641 250 421 518 785 809 570 337 832 477 1122 969 557 260 527 448 831 738 1113
888 913 380 279 500 817 874 937 120 169 0 38 60 904 753 314 196 612 446 759 1100 654
189 2006 924 663 0 599 619 160 220 366 208 532 158 952 156 813 127 565 5 343 156 780
1775 1775 556 878 86 367 696 423 787 780 968 1149 69 430 228 1027 836 755 592 58 1091 1092
3791 3791 866 597 1014 685 247 1074 773 354 960 65 574 347 111 369 356 688 249 664 181 559
3435 3438 1051 184 872 261 93 531 303 715 498 642 195 684 180 523 391 73 360 480 789 1101
688 1859 549 1080 900 111 969 33 210 210 915 288 1143 672 957 183 1095 147 426 750 645 1134
1055 1055 1003 77 297 646 396 831 760 347 992 278 273 1010 413 670 840 268 118 41 63 550
4952 4960 487 622 817 924 1115 288 514 465 864 773 858 628 162 914 276 879 63 464 747 1131
1860 1894 390 708 834 516 1014 12 636 720 399 72 159 102 1137 546 129 915 1149 111 864 960
114 1683 115 467 150 864 828 434 399 437 175 484 746 1080 614 249 141 60 730 1029 288 561
1817 1817 645 150 121 695 228 43 511 621 599 490 163 139 289 931 740 1124 992 434 678 386
950 966 450 776 419 16 823 652 864 409 392 1130 985 792 616 285 632 1095 639 151 584 21
3303 3313 205 323 358 947 608 807 942 249 374 599 527 1060 537 286 730 415 239 474 573 26
100 103 10 935 170 440 450 90 75 755 40 195 25 245 670 155 790 300 905 410 185 590
946 946 786 204 156 237 537 273 813 270 60 426 792 720 381 534 606 876 123 756 873 177
2847 2849 581 384 827 1024 1088 1008 440 238 198 1016 539 74 70 68 184 623 483 840 708 580
3543 3543 480 736 698 203 138 13 206 19 500 297 743 452 277 661 543 337 1151 995 47 764
123 3937 585 925 332 793 943 532 1127 590 893 516 346 449 452 662 763 204 168 215 538 737
1977 1977 780 895 60 603 842 497 209 74 1072 957 799 401 175 1106 1122 243 595 302 799 30
3112 3131 301 97 374 99 487 465 838 298 415 956 460 1063 639 819 30 314 19 102 231 166
2417 2423 746 1094 725 232 11 37 1115 841 65 632 1081 26 404 524 978 813 322 905 234 516
3567 4962 737 800 368 288 772 177 589 695 602 452 78 295 68 1051 437 1061 853 923 927 825
2409 2409 55 891 77 0 594 1144 209 1078 1144 550 638 1100 1078 561 77 275 1056 242 506 407
4623 4624 665 977 439 792 547 236 291 836 1026 1040 365 781 537 930 1076 646 451 9 509 847
1056 1090 801 895 300 184 77 22 490 512 187 310 44 998 570 361 1 426 113 318 56 113
557 832 325 543 777 858 465 1145 640 956 617 731 966 751 374 365 752 404 463 434 554 759
634 634 12 24 207 195 924 77 374 1088 794 735 1031 950 245 1005 405 1003 613 866 891 518
767 784 633 1110 840 177 717 1146 141 969 90 1008 357 6 528 852 1083 867 711 1137 519 198
4175 4199 342 787 898 32 808 832 333 875 1143 849 1151 772 16 33 262 45 559 321 796 117
710 1513 806 657 163 709 632 616 1078 346 1041 197 65 1095 1097 707 409 613 654 804 168 364
4954 4954 198 1111 825 561 825 858 495 385 748 979 858 440 770 187 330 781 858 1045 55 880
3725 3728 902 1053 471 459 230 754 169 122 438 674 405 737 774 965 273 124 1117 116 99 983
2763 2771 514 898 939 252 118 589 77 1018 428 493 365 380 676 861 610 282 975 961 978 883
582 921 1022 1101 365 768 842 570 737 798 412 879 322 515 52 159 965 302 758 521 656 1065
4035 4035 843 925 708 538 183 974 913 914 487 500 358 303 845 373 930 967 904 876 733 845
3770 3782 682 304 373 98 827 528 648 417 340 360 742 337 448 415 420 98 256 277 700 24
4000 4029 445 836 390 496 470 1106 151 414 1126 934 55 450 664 1081 822 11 361 798 45 1110
2598 3027 657 454 312 365 46 117 448 1146 1128 576 535 687 652 59 898 470 92 696 980 790
3554 3554 729 195 466 188 1126 240 63 709 219 110 775 434 809 279 658 402 192 680 794 925
1528 1528 544 488 648 507 837 1058 740 907 535 958 726 592 221 1065 481 734 853 916 1011 658
3089 3100 276 1080 891 908 67 546 69 987 350 329 961 783 518 619 226 890 298 564 807 310
1304 1339 808 689 830 1120 593 949 658 566 266 599 763 1065 847 252 778 291 801 846 804 914
2151 2151 1004 861 290 1095 365 788 233 747 499 357 175 142 57 810 743 417 365 335 83 363
1526 1539 621 221 137 1020 987 860 656 859 364 1127 971 779 291 778 535 263 367 478 985 6
3 3 960 1011 345 474 1047 546 300 774 363 300 15 396 771 351 354 801 708 351 906 1038
842 3985 890 755 220 430 405 1090 575 920 665 530 695 170 380 830 1150 480 1055 365 995 570
2055 2055 455 609 154 329 413 721 308 154 973 287 623 154 490 749 1106 1043 406 1120 518 987
2635 2644 824 871 1151 583 610 733 775 21 437 495 376 478 720 1044 858 603 392 158 943 752
3078 3094 169 250 247 745 738 1066 67 57 1133 128 1112 544 227 1152 1060 752 440 461 1016 155
1182 2767 887 527 337 953 380 894 851 718 877 46 56 395 986 161 754 799 328 1130 542 526
3865 3865 461 729 263 731 417 55 620 305 902 920 251 41 311 318 486 64 646 836 459 461
2943 2945 32 244 736 559 871 1004 940 382 681 769 11 469 768 450 476 485 715 322 1002 385
653 676 941 815 281 142 117 260 468 576 409 466 453 233 290 1077 771 540 1090 177 454 130
894 4530 192 512 801 279 999 930 1024 1142 837 930 808 629 260 50 409 896 5 374 159 748
1965 1965 67 1154 671 184 1146 318 994 747 56 9 469 162 1070 1056 728 300 975 183 709 516
4021 4033 1028 829 407 507 142 176 114 762 754 144 174 376 73 434 816 80 102 545 1123 900
1369 1390 173 573 441 906 521 724 319 115 287 252 234 23 447 408 786 764 762 405 283 723
2922 3407 520 603 1036 973 324 1142 664 25 279 227 386 1060 631 11 1136 937 976 672 414 323
3663 3663 440 539 1144 649 572 627 924 1001 880 484 627 132 517 825 374 869 781 319 902 231
3997 3998 0 0 0 0 0 0 0 0 0 0 0 0 0 0 0 0 0 0 0 0
789 799 426 489 302 716 654 148 856 390 240 578 205 233 119 674 1011 305 275 689 1012 340
3282 4936 17 106 737 1022 92 786 604 401 574 615 1031 383 364 527 983 398 254 1144 873 67
3331 3331 727 799 811 276 551 1029 519 502 805 707 617 778 252 413 310 440 436 700 1002 1038
3786 3786 26 51 898 657 563 45 238 740 732 885 843 734 540 1131 556 1045 744 698 443 233
2495 2500 595 1082 867 615 598 932 1033 665 130 236 709 1004 468 227 214 679 174 574 1049 1001
1746 4435 606 707 681 146 251 969 158 940 904 500 598 1145 734 1060 922 1114 214 152 442 967
1386 1386 441 1085 581 1134 77 931 931 546 259 637 140 532 1134 224 21 889 469 420 707 651
2657 2670 1032 688 964 110 602 1036 478 7 499 977 743 268 16 122 194 1121 849 1088 420 563
4527 4560 655 585 991 367 845 592 574 292 308 1081 1065 670 839 799 65 559 355 999 474 765
732 1388 903 147 581 959 1148 812 196 483 126 0 714 987 161 1113 665 14 245 924 329 364
4243 4243 66 1066 1005 897 933 940 523 425 439 441 5 1103 156 180 202 209 651 791 549 405
3715 3723 516 87 618 585 693 420 105 435 945 90 48 909 534 915 849 924 585 693 1131 996
70 105 761 16 200 1107 1041 1062 1138 1005 468 549 113 1013 85 126 1069 189 940 632 860 1091
1243 1277 885 861 330 755 1113 168 636 912 213 1112 841 928 444 750 1047 32 840 273 862 482
1786 1786 137 58 703 715 1062 809 605 273 592 227 801 688 99 953 383 503 277 932 527 884
2704 2704 939 929 816 799 900 835 112 2 201 618 455 787 805 727 226 259 210 21 833 656
932 955 1095 231 292 1048 1109 831 883 353 501 891 48 381 336 565 754 509 463 1118 20 654
441 1292 99 291 1140 843 891 210 966 525 207 726 573 348 873 1074 924 807 291 483 1134 441
3648 3648 602 504 1036 21 490 903 154 931 7 784 560 721 238 553 14 1001 609 287 483 70
4091 4108 953 898 538 178 532 1121 445 897 129 916 834 630 81 932 394 272 1055 342 482 121
907 929 673 77 13 297 1129 200 176 780 1052 1141 274 198 495 480 265 925 996 294 348 741
76 652 1088 892 766 498 784 195 627 909 685 411 1003 92 1048 255 386 87 736 467 192 937
4058 4058 0 0 0 0 0 0 0 0 0 0 0 0 0 0 0 0 0 0 0 0
1036 1054 936 792 1044 795 858 534 657 567 861 558 1026 66 1083 456 783 378 1044 492 186 153
1779 1812 627 949 985 1119 419 608 754 482 409 360 364 630 866 222 1048 666 421 628 939 633
1846 3377 889 1032 532 339 1099 1115 95 449 685 393 274 921 452 544 744 1005 831 992 404 202
4823 4823 1089 186 96 183 642 777 96 603 201 744 906 192 249 492 399 318 681 1152 1113 729
1885 1892 828 559 511 32 497 640 587 371 224 1149 476 493 713 399 673 709 320 651 1025 791
3385 3403 523 896 532 343 898 756 307 17 118 1046 4 831 714 838 291 775 484 358 721 622
676 1074 538 793 625 251 102 325 331 605 943 150 1101 239 120 400 601 979 358 142 261 969
1769 1769 564 1085 113 28 1065 1116 1030 1101 716 980 984 807 978 8 858 289 946 1133 546 575
4681 4683 308 616 462 1078 385 77 77 231 385 462 693 308 231 231 616 847 77 616 462 0
1439 1464 517 935 895 651 922 663 548 1046 396 372 367 81 89 380 782 933 724 808 314 966
772 1365 425 982 1116 696 530 695 444 943 569 1023 445 1014 1139 922 1064 875 210 584 81 231
1898 1898 0 0 0 0 0 0 0 0 0 0 0 0 0 0 0 0 0 0 0 0
647 657 116 345 1082 1007 57 115 963 501 1020 288 1149 254 61 296 430 612 540 543 11 684
2606 2635 771 776 43 647 560 114 635 276 28 544 363 1014 432 90 906 214 54 599 117 284
551 687 861 846 703 973 609 462 1053 109 829 537 331 790 650 805 195 16 142 481 522 1143
1476 1476 390 409 932 683 329 845 1042 805 490 852 16 96 952 894 102 638 508 465 940 1005
632 634 596 640 1081 695 658 1109 81 670 412 434 521 649 1082 729 159 830 319 188 2 441
479 482 902 9 877 712 418 248 175 838 704 233 447 792 475 1033 456 883 910 254 1145 263
1189 1368 621 153 178 757 939 532 460 549 962 641 555 1065 853 98 272 736 941 355 1125 1069
87 87 660 815 570 435 390 450 365 470 1050 1030 950 715 675 865 190 555 100 860 515 240
914 931 176 165 664 1135 1052 157 271 890 217 1145 62 118 1050 397 491 494 14 275 969 794
2792 2812 63 525 992 776 933 1113 946 1057 1056 707 612 1075 783 806 93 1084 998 794 457 699
2209 4897 907 139 753 829 409 270 96 467 1101 747 569 1084 141 275 836 347 710 38 880 77
1592 1592 704 176 1067 1117 147 11 961 675 148 498 1030 265 1119 181 320 249 167 724 270 684
3321 3332 708 523 468 843 532 1107 355 604 483 174 113 648 754 122 395 60 614 1097 328 883
1343 1369 868 464 563 1091 908 497 849 788 1060 340 648 801 663 407 272 766 621 227 503 682
1631 2049 807 674 936 505 522 862 1110 1088 107 169 315 256 1154 639 255 566 688 1062 415 430
4121 4121 1054 111 426 147 362 544 179 605 1048 1085 756 204 451 1019 1007 366 868 174 540 647
2969 2982 829 1135 753 799 103 184 916 280 826 851 55 993 701 519 40 745 1106 1149 511 470
931 970 876 413 770 977 803 293 609 620 249 594 1150 175 471 1134 565 455 503 300 1128 254
135 135 581 1129 843 1113 983 289 739 600 126 44 803 491 580 234 668 519 142 459 22 700
958 958 311 537 870 838 955 776 199 643 556 910 710 988 342 619 302 142 430 787 1017 667
1738 1756 163 474 152 753 1048 513 459 14 432 926 936 693 733 831 771 510 957 354 703 143
1591 1613 727 50 446 910 36 596 1137 759 802 143 38 898 1087 442 1049 531 945 143 166 157
1695 2792 840 855 45 885 915 480 675 600 1005 0 840 315 1110 105 90 750 915 555 570 1125
3102 3102 1027 713 540 791 240 66 7 554 1140 632 399 1066 706 313 65 137 57 993 403 861
119 120 1122 399 366 1077 804 699 921 999 759 1134 375 897 1080 1110 852 735 339 234 972 1107
2784 2790 339 354 918 720 894 216 225 900 567 528 975 522 642 357 1134 561 93 423 609 132
131 754 986 1003 411 532 1062 88 1097 669 512 711 1022 1008 117 886 650 111 1114 230 773 919
1733 1733 140 155 255 995 305 165 270 455 295 740 760 475 250 35 190 625 320 475 90 255
3505 3517 900 197 600 1150 1015 982 163 686 807 289 1045 1033 761 564 506 239 1059 520 185 776
242 269 711 13 900 1154 578 745 1147 633 1102 952 406 916 284 205 297 529 184 81 490 274
2443 3779 1011 835 820 475 735 30 595 250 270 36 903 889 10 538 761 188 399 1038 154 1011
756 756 420 533 496 465 863 581 956 353 572 290 1081 31 692 339 817 839 1023 369 328 433
3037 3044 1122 496 571 24 829 924 350 949 446 1128 792 1000 374 1152 88 225 780 864 846 893
3690 3696 931 621 841 110 926 723 312 1079 433 453 504 149 767 164 1147 743 979 276 879 568
1735 4270 640 858 1086 302 154 624 644 507 271 630 723 991 449 319 1122 458 881 211 773 724
3647 3647 1152 879 1032 567 960 549 117 114 1092 627 387 441 303 783 324 156 501 198 1005 627
2426 2432 575 546 216 148 853 497 26 916 715 457 673 988 917 36 1085 783 156 968 164 140
2611 2623 141 617 850 26 625 1050 352 719 633 329 919 933 195 831 458 569 599 555 286 88
1308 3084 156 846 78 768 417 132 327 654 588 1131 549 489 258 957 645 330 60 918 129 1068
741 741 597 761 800 478 661 1091 776 118 683 141 128 255 422 646 875 1058 975 101 264 942
1362 1364 852 1154 366 213 876 443 559 958 992 546 27 278 124 701 1072 1055 431 661 881 435
651 687 452 1118 762 914 335 605 531 144 446 31 1107 43 557 960 663 1004 260 1099 925 959
2492 3009 413 884 251 451 723 739 36 686 758 524 617 24 54 433 1146 1038 635 623 471 886
2911 2911 974 293 144 50 337 611 708 467 239 1108 831 789 1012 633 645 311 516 584 934 612
4407 4414 726 826 407 411 977 1001 1043 850 1015 27 591 1063 925 229 872 611 463 986 160 379
45 47 574 552 933 1065 10 1018 921 391 636 89 287 1045 973 371 740 0 712 108 709 963
318 2828 378 151 752 261 609 909 466 293 265 995 760 212 617 830 157 693 71 947 457 829
85 85 248 829 1145 342 1051 912 196 451 334 394 1103 94 195 58 713 351 1140 903 774 329
816 827 828 103 717 1066 334 217 517 256 808 304 1154 990 1046 610 25 1098 60 1039 450 647
1054 1088 336 306 1032 303 929 690 540 988 531 855 818 888 583 922 928 596 952 635 92 1109
1144 2855 818 251 141 770 252 59 291 583 924 773 453 411 1005 859 679 1148 389 64 22 335
2679 2679 93 1090 974 940 212 879 478 442 352 639 380 878 254 77 1122 278 1021 969 12 118
1937 1944 590 1072 565 1026 680 752 677 351 191 639 1111 172 202 38 939 44 310 922 31 226
1032 1049 1074 744 89 312 1132 153 812 68 2 1100 884 184 401 785 859 6 1136 120 76 272
1114 1859 1025 589 458 491 219 236 169 4 1151 260 559 148 502 182 566 244 287 827 491 113
4875 4875 188 791 1121 905 93 783 628 1099 107 181 798 561 831 1060 354 289 576 282 762 81
3095 3110 211 435 785 773 297 362 295 328 436 66 963 991 613 69 201 871 178 772 169 348
1062 1099 146 844 566 71 922 209 882 12 105 571 988 791 632 828 173 395 305 366 207 60
297 1983 144 206 62 324 586 403 871 208 1014 922 806 1093 581 575 132 1089 1100 158 631 580
3732 3732 273 851 719 632 106 723 347 1075 596 516 305 294 1020 610 499 679 781 1131 468 949
2346 2363 398 768 132 697 619 1077 618 986 361 567 1013 94 929 553 169 1127 756 669 890 852
4797 4820 163 344 226 739 923 220 405 944 878 832 316 624 589 1066 375 934 491 454 892 494
28 38 680 1035 1088 87 472 987 862 733 534 1014 766 705 1117 892 521 323 356 1012 1022 198
2642 2642 0 0 0 0 0 0 0 0 0 0 0 0 0 0 0 0 0 0 0 0
2465 2477 624 615 124 825 782 701 309 1090 258 899 357 117 487 897 1116 895 247 512 275 903
3418 3439 648 618 119 970 647 331 951 1118 554 938 940 576 590 520 925 672 552 806 570 443
1538 3564 228 179 1047 338 862 257 904 537 1119 635 0 1147 32 583 572 256 990 1083 522 96
4264 4264 981 2 469 593 356 651 664 962 914 57 814 835 166 898 1104 170 1067 834 316 256
3687 3694 946 772 702 1125 222 886 1153 468 235 72 1147 25 197 252 1099 811 1086 1052 776 750
576 598 1114 135 814 114 125 706 376 464 1073 813 927 300 715 604 30 274 547 548 885 775
796 3090 386 427 375 243 71 386 1063 1009 282 497 132 817 101 149 920 104 906 738 933 923
2119 2119 749 1100 477 259 162 820 161 958 509 1080 814 677 853 660 227 602 426 459 603 961
4110 4117 1154 1027 864 857 986 663 957 870 620 330 796 793 317 352 1128 745 541 86 134 229
4744 4746 63 801 387 831 968 317 749 1143 482 811 209 170 184 185 820 996 82 47 535 305
2254 2603 1092 1139 234 781 286 80 356 990 876 335 861 987 175 631 1148 566 875 148 136 1081
1784 1784 477 170 999 930 1151 802 9 208 144 1034 486 872 90 996 782 965 556 93 154 1083
4665 4676 700 197 340 680 1015 543 191 604 1041 945 877 196 1048 1011 358 332 44 101 797 798
3251 3269 1071 209 1133 311 377 390 1029 574 255 11 868 284 608 8 117 671 337 1028 843 814
839 2533 913 1118 511 404 632 693 851 194 821 1128 142 838 265 1124 553 290 791 777 771 514
1590 1590 440 829 346 836 113 950 921 459 698 1133 489 497 209 715 805 524 857 213 513 457
2545 2549 1153 698 812 694 677 1141 81 714 622 187 237 310 306 479 447 1015 107 572 1011 1088
440 452 1077 459 751 1129 487 1050 428 455 878 90 850 439 1028 111 403 542 167 62 418 519
2803 4771 29 871 265 480 157 149 543 337 1068 131 555 1045 572 578 783 405 903 495 307 84
1564 1564 612 2 50 788 617 99 1154 493 491 595 965 231 882 962 292 503 1088 900 725 878
1358 1371 986 724 609 260 1134 391 356 261 120 709 451 1064 743 864 36 562 976 211 191 874
789 789 418 1029 475 1094 353 1038 152 383 458 258 1096 507 455 252 801 1097 486 994 530 546
1625 2107 943 1137 243 462 1151 305 299 296 37 843 165 279 1115 927 563 562 97 68 538 100
2199 2199 533 788 1098 487 102 425 1044 1078 460 1026 757 371 87 141 254 1150 441 1057 391 782
726 734 426 38 1020 370 428 229 514 1047 207 507 27 672 1099 837 624 640 799 675 300 381
4178 4204 409 907 303 363 1011 613 1137 857 390 432 653 330 342 205 838 175 48 427 1133 866
2859 3149 619 471 892 915 340 809 435 919 328 763 45 653 697 823 1032 767 775 681 1000 576
3494 3494 824 328 553 884 341 836 921 326 1070 1081 66 262 482 860 1065 533 605 850 958 1149
4022 4023 0 0 0 0 0 0 0 0 0 0 0 0 0 0 0 0 0 0 0 0
2974 3006 1038 744 347 166 212 565 175 702 573 569 58 114 928 292 283 926 335 26 1026 626
887 893 665 14 1131 152 686 902 745 741 39 1056 939 457 1073 1031 125 621 375 261 1065 582
4068 4068 442 743 917 573 1053 369 1089 984 17 388 1082 250 1075 180 884 308 245 670 768 142
2265 2275 805 10 25 440 55 75 775 745 1125 105 1105 245 340 150 1005 230 135 450 1120 960
2372 2411 114 618 230 754 1129 154 152 704 336 420 354 1109 1064 235 816 1116 1003 340 993 1058
1437 2819 1048 14 737 774 392 1022 123 838 786 130 778 917 828 941 1095 43 712 81 756 1090
3944 3944 0 0 0 0 0 0 0 0 0 0 0 0 0 0 0 0 0 0 0 0
1046 1058 23 978 436 964 9 922 18 594 756 346 403 226 265 994 747 87 1003 376 983 1015
4563 4590 896 613 203 601 96 188 68 709 761 973 661 1030 1070 757 914 166 472 382 1063 755
595 684 714 616 1030 876 651 198 460 540 1029 1010 116 349 373 847 1046 1044 315 634 149 10
3173 3173 411 515 803 564 1030 498 988 988 676 946 435 410 1080 633 203 843 699 100 197 831
391 399 238 879 841 610 741 1046 1059 1124 829 161 839 319 467 510 115 425 232 873 1127 454
4419 4437 542 637 487 670 199 1099 573 835 876 1013 928 514 277 638 534 1075 954 626 480 509
167 342 398 175 954 645 823 99 30 559 463 559 259 962 1087 576 519 285 872 1041 442 274
1063 1063 0 0 0 0 0 0 0 0 0 0 0 0 0 0 0 0 0 0 0 0
967 972 464 1104 909 449 622 1130 381 676 5 299 65 132 1043 133 916 1091 1028 750 965 1125
1276 1288 81 942 840 161 865 632 586 205 1149 612 179 551 869 665 1005 701 1064 189 431 764
1435 2505 1115 292 13 775 1058 374 49 682 659 218 288 842 1045 523 853 137 998 380 478 683
4013 4013 45 676 1029 515 871 265 379 707 814 975 474 1001 419 688 296 282 372 513 811 116
136 137 100 434 550 535 1073 200 688 0 635 800 266 1063 841 726 518 1053 871 1102 1056 739
2 5 36 326 1110 1037 644 450 575 93 434 187 975 361 965 492 514 235 1117 44 1004 88
576 1513 941 844 665 408 170 120 686 396 1088 794 683 888 398 869 640 999 559 821 884 1020
4409 4409 615 659 100 1022 835 511 489 882 593 40 455 75 947 208 1012 772 768 783 95 511
4495 4507 69 188 509 608 841 397 1090 558 594 1153 523 410 943 170 1007 393 1055 1127 842 183
4839 4869 672 1114 676 1037 215 293 290 240 239 538 1 336 355 292 594 1035 886 404 40 472
1720 2007 866 1079 934 262 508 47 221 202 776 789 894 974 381 994 557 429 92 804 269 931
1620 1620 510 1116 453 51 417 93 135 1131 1071 735 39 195 291 498 666 810 1077 1107 957 657
1617 1617 308 1022 868 7 924 1057 1064 581 1043 35 1085 98 119 329 1015 819 56 266 770 0
1981 2009 888 753 587 335 95 1039 827 7 1072 292 81 660 607 150 776 1046 1057 164 930 54
1406 1638 165 192 926 129 167 400 970 60 245 1114 422 1052 299 308 383 457 635 699 436 414
3016 3016 84 255 423 105 576 480 462 141 1047 309 468 507 804 1137 792 378 135 789 1056 816
2492 2496 215 762 303 16 398 487 1006 966 350 714 215 688 987 301 1139 218 855 751 796 384
1539 1572 640 9 203 689 1113 646 156 428 426 769 425 878 253 376 585 664 339 475 342 643
875 1781 425 99 854 1018 502 80 56 1016 619 710 785 290 18 149 602 1030 95 276 1058 1010
212 212 0 0 0 0 0 0 0 0 0 0 0 0 0 0 0 0 0 0 0 0
994 1011 206 234 496 720 194 1052 974 954 107 372 634 411 118 408 12 797 207 627 536 317
756 768 1081 860 812 1134 1056 687 522 758 90 802 619 477 508 201 126 701 17 731 576 342
1721 1810 298 372 852 86 547 444 1086 395 97 369 1143 310 708 222 561 972 331 142 209 813
1798 1798 1025 1145 20 220 320 425 15 535 680 1005 540 955 845 270 105 690 510 590 885 970
4056 4068 916 759 926 178 1033 603 181 765 1111 1 559 645 915 181 490 286 1048 501 904 783
1102 1106 633 327 1146 450 324 330 603 951 828 735 693 645 285 897 372 417 420 594 546 690
800 3118 378 456 581 57 379 575 618 1089 317 870 758 206 1125 760 81 618 65 750 305 196
3953 3953 1025 902 1019 925 807 381 1023 845 863 933 865 755 774 502 455 619 1148 379 680 758
1108 1111 344 617 544 105 747 769 484 817 1027 423 116 197 963 1129 66 760 627 258 211 645
4144 4173 501 945 297 198 1125 801 117 1062 744 360 849 381 843 363 123 336 1110 552 564 114
219 1035 875 820 871 654 608 261 648 42 330 581 911 1113 653 615 1127 883 966 470 828 768
3776 3776 302 269 680 48 215 272 280 815 1007 107 247 675 55 394 823 614 673 630 563 506
4478 4496 666 69 403 1061 1054 1146 323 813 881 951 471 973 899 776 887 981 1111 201 209 775
2761 2773 145 979 781 272 531 1088 996 529 312 677 851 587 886 421 283 597 297 612 125 28
107 753 31 105 773 1131 537 806 460 185 166 856 42 468 783 1102 1015 1002 537 626 310 369
2873 2873 130 639 426 159 367 289 415 526 726 252 855 138 339 544 122 607 1115 434 379 95
4694 4708 395 816 49 751 202 466 195 94 559 739 796 913 259 419 622 205 930 528 673 524
1041 1053 931 652 742 624 264 193 1035 687 735 493 128 123 961 521 151 1017 155 681 363 1050
513 1866 545 653 311 226 893 727 1139 1045 1098 538 450 438 1096 337 653 466 394 1132 386 728
1476 1476 768 996 360 1148 946 948 854 571 192 130 757 544 945 33 765 28 486 77 1139 593
3580 3582 354 571 1133 25 654 128 507 932 501 551 26 1039 388 381 442 313 1107 373 648 211
2617 2623 961 706 461 551 1055 109 795 655 810 556 268 875 787 490 416 1152 103 513 219 430
2064 3213 276 769 355 848 763 615 724 932 710 119 977 597 452 107 737 1042 1107 378 812 1151
961 961 881 434 726 93 204 397 127 459 1108 72 643 772 16 1083 332 554 676 538 230 76
3922 3936 1071 1149 319 377 745 887 1044 93 959 167 285 8 615 1094 868 66 805 276 329 620
596 596 797 1054 913 422 595 746 227 605 594 1058 785 1118 648 174 663 382 1018 716 1107 449
190 810 381 439 679 860 536 287 1038 1151 895 990 455 154 380 825 363 1106 59 39 542 1099
2765 2765 624 675 678 318 793 30 959 0 811 346 781 357 576 712 951 755 1150 1136 740 1056
17 27 16 444 137 482 86 897 1103 1041 95 1020 34 352 378 162 240 149 711 52 816 395
1655 1682 1091 62 108 382 949 800 627 772 1099 366 428 484 663 721 12 795 702 717 171 816
2878 3560 997 3 506 85 85 997 92 712 12 138 510 926 523 473 920 869 293 208 561 184
2004 2004 870 301 1154 341 15 848 967 568 1117 34 161 70 34 715 61 573 957 286 657 55
2334 2337 926 882 850 634 946 135 443 500 56 1033 527 125 238 422 399 985 732 1085 988 737
4873 4903 454 594 471 430 115 1116 55 588 553 199 540 149 536 1120 772 349 1060 142 1009 386
1358 1558 1078 713 305 745 554 3 936 1049 557 1001 921 101 954 472 391 112 543 170 92 206
3595 3595 0 0 0 0 0 0 0 0 0 0 0 0 0 0 0 0 0 0 0 0
2151 2169 1092 521 63 760 666 1138 388 1063 1137 480 109 780 918 1118 339 505 203 243 578 170
3430 3440 1149 576 1152 499 1 1062 20 609 784 1062 721 95 814 733 200 163 841 758 178 1107
1179 1212 475 816 232 813 470 1103 505 851 78 256 543 318 980 403 572 131 843 112 154 2
2943 2943 165 375 630 150 885 1140 1050 900 30 300 75 480 495 390 135 630 15 975 165 1125
559 564 663 875 1111 1100 155 157 1065 154 313 696 341 125 939 593 731 365 258 1135 306 730
2353 2391 1081 710 994 204 697 856 838 1026 519 517 527 929 424 661 304 40 777 457 72 1001
1637 1648 753 898 450 701 220 385 87 263 451 6 523 129 65 1092 24 416 55 661 411 1111
2695 2695 0 0 0 0 0 0 0 0 0 0 0 0 0 0 0 0 0 0 0 0
205 210 477 609 137 762 572 970 800 9 91 568 832 976 1117 299 244 249 481 516 473 465
2484 2505 666 410 332 309 768 488 483 308 866 783 1092 158 1081 512 1046 633 81 424 381 617
2240 2789 1145 434 587 995 1121 629 762 867 1146 591 536 715 344 1090 567 967 722 699 682 943
1290 1290 175 385 1085 0 910 140 245 350 630 315 665 175 175 665 280 595 315 525 70 420
2178 2197 841 744 476 853 1040 1019 645 902 888 691 60 317 651 19 576 153 864 371 961 618
3573 3606 331 382 851 508 956 678 611 565 503 459 933 52 336 795 503 400 645 330 156 934
1841 2418 577 540 453 952 872 702 705 331 5 890 746 925 2 876 87 104 199 1053 993 70
2447 2447 909 788 547 281 64 733 154 810 980 1087 317 247 459 185 554 659 964 181 269 736
355 363 227 730 312 538 155 582 64 553 704 780 1001 465 858 575 1027 951 1044 186 645 211
103 138 153 212 531 224 802 984 542 386 623 60 927 864 657 273 979 667 869 899 265 599
2984 3938 780 45 1050 615 440 505 565 15 1135 1140 1120 300 50 25 940 310 840 880 15 1060
4557 4557 1078 891 22 363 528 814 759 275 671 869 539 1089 66 407 858 198 330 1034 660 198
3924 3928 293 1078 1016 106 874 512 517 1021 471 684 596 833 561 338 1040 260 311 95 321 510
2836 2869 774 830 158 159 1085 855 498 1134 822 302 276 204 1151 230 1131 567 1125 307 330 467
1539 4984 731 758 705 79 817 138 705 690 693 33 534 463 948 1075 702 259 1114 113 433 300
2641 2641 0 0 0 0 0 0 0 0 0 0 0 0 0 0 0 0 0 0 0 0
4300 4304 1093 507 65 1093 508 1133 371 99 603 1107 328 935 394 1124 280 1081 589 859 78 1112
1203 1215 709 1025 39 63 488 255 45 1048 414 633 475 256 307 783 830 68 485 807 403 838
673 3047 999 526 952 495 35 48 782 648 872 789 1117 733 152 114 514 869 1071 548 542 414
3872 3872 0 0 0 0 0 0 0 0 0 0 0 0 0 0 0 0 0 0 0 0
1873 1878 729 509 379 1147 438 545 386 881 306 884 987 149 333 54 549 772 608 745 399 668
3616 3652 845 734 368 605 161 199 750 1079 2 643 447 867 18 479 286 712 23 1085 61 625
78 967 1153 1142 627 567 44 787 230 942 177 1031 743 546 1085 1068 586 193 605 530 1015 298
4879 4879 0 0 0 0 0 0 0 0 0 0 0 0 0 0 0 0 0 0 0 0
3849 3859 479 16 772 139 644 175 499 881 561 225 550 122 486 126 451 553 913 1104 742 441
3579 3599 387 491 68 944 524 881 187 784 777 906 235 296 532 116 254 1065 932 307 799 1069
1652 3000 765 745 380 225 415 504 267 1003 528 571 169 897 733 812 322 748 909 19 688 136
3239 3239 810 1010 820 245 655 812 328 397 818 155 337 500 243 839 244 1008 262 109 500 1107
4095 4113 206 289 457 36 1067 869 685 796 867 8 422 433 436 540 626 214 605 555 534 1145
511 511 49 10 1101 936 644 596 38 457 529 304 992 925 907 1103 173 896 480 541 815 510
959 4763 936 9 368 99 269 775 262 171 491 117 871 622 862 896 827 985 456 158 656 799
705 705 532 13 971 896 568 1010 1129 362 1127 99 1122 1026 513 762 592 215 811 250 823 591
88 97 31 341 709 498 1001 230 722 705 60 806 477 14 830 435 237 257 1103 633 751 929
2579 2581 771 886 553 98 452 18 654 18 159 40 991 1052 472 350 519 859 889 240 607 813
152 208 1052 769 81 389 362 655 134 91 379 135 512 361 705 845 586 230 918 459 740 1063
38 38 496 218 410 438 308 447 910 1031 813 419 335 488 289 994 854 690 998 567 758 1058
4811 4819 746 244 1124 274 990 583 101 409 147 118 896 1128 10 1064 1122 468 658 872 504 360
2788 2810 513 640 483 944 329 314 1065 202 593 1063 197 76 43 285 730 1020 344 450 433 730
3147 3640 740 533 743 819 352 503 17 6 814 840 488 301 249 827 35 225 854 1066 801 599
3060 3060 504 909 726 434 897 1 379 556 860 940 546 254 720 898 415 1144 382 688 761 301
4321 4335 893 210 2 283 670 37 839 181 1082 285 158 362 338 1137 414 785 1008 214 331 140
3725 3738 141 876 1108 519 899 413 493 1154 932 179 672 636 659 419 18 284 580 757 419 442
907 2667 753 1096 1044 441 387 656 927 527 519 828 885 833 720 937 1028 339 78 245 631 945
1561 1561 155 134 212 835 728 27 218 1067 118 633 1031 690 1068 321 762 1119 186 730 442 176
592 598 201 51 413 642 422 334 104 525 390 200 363 421 234 225 846 447 692 623 474 810
107 119 14 850 286 508 946 884 644 645 672 751 340 123 683 1154 813 470 291 404 224 539
2030 4449 1125 554 1127 638 1037 996 82 209 697 519 404 973 124 734 327 338 1015 1085 263 218
195 195 280 70 140 945 525 980 805 105 35 245 1050 1050 420 210 735 525 245 1120 175 840
3262 3279 774 921 306 1050 720 429 1086 39 96 321 231 291 276 459 1011 459 15 6 1131 942
760 771 183 58 1031 79 724 584 522 47 930 889 443 206 704 1099 526 428 349 758 610 547
2343 4062 159 279 255 985 518 635 6 651 71 594 340 14 483 908 269 149 368 1069 344 1152
3005 3005 942 344 57 613 737 919 985 48 175 177 410 648 55 1009 1112 567 717 7 957 56
1344 1363 1002 362 409 396 698 686 879 281 243 172 393 236 424 154 75 448 280 571 953 358
1448 1449 374 88 231 660 407 1144 209 1111 671 286 55 561 319 891 737 506 616 1111 66 715
1314 4482 270 1154 145 562 1022 950 736 952 123 435 1020 163 771 741 219 663 208 646 561 587
2788 2788 588 392 385 980 623 357 196 1022 84 119 140 882 728 210 77 553 378 434 434 497
3777 3781 627 369 753 549 1059 900 165 509 1093 331 782 916 1035 1100 197 337 486 251 1107 246
3337 3341 427 85 222 357 370 400 1043 1098 814 311 1088 902 852 673 161 324 681 741 946 166
1172 4373 111 663 376 922 1111 447 918 795 283 335 228 135 923 1013 675 325 915 64 1101 758
735 735 159 1073 534 898 901 974 900 792 206 162 681 869 66 122 915 803 1067 474 325 516
3306 3324 872 829 654 859 368 43 394 633 322 719 706 466 252 195 627 419 850 928 990 918
883 884 92 68 1036 132 962 263 1124 893 589 826 71 888 306 419 354 149 976 548 43 362
3650 3664 965 770 724 61 929 732 987 1127 145 505 1026 909 454 321 710 365 865 676 692 945
2399 2399 194 913 651 12 932 701 105 103 911 733 222 809 798 390 267 306 711 437 166 544
2068 2072 861 945 812 812 602 784 63 210 917 917 1015 1057 525 1134 553 301 413 378 140 182
1466 1466 0 0 0 0 0 0 0 0 0 0 0 0 0 0 0 0 0 0 0 0
282 1787 609 918 197 1120 582 558 417 930 20 139 515 783 315 600 583 708 1144 174 362 352
1293 1293 1015 630 770 210 630 385 1050 280 455 420 525 875 490 315 665 175 910 350 560 70
3796 3806 433 30 377 785 805 42 342 631 836 457 1098 407 111 854 150 954 487 1059 86 605
1599 1601 48 863 868 223 899 998 849 1074 901 227 578 418 1058 559 653 1053 864 902 406 597
1496 3693 903 346 996 903 646 874 211 852 395 818 873 840 1108 1053 266 805 222 225 302 781
2596 2596 441 182 1120 854 630 343 735 1120 595 1078 798 1120 49 686 441 889 679 518 567 343
2530 2549 312 400 1125 882 1128 293 832 992 482 890 1044 220 551 878 507 894 1037 134 325 1019
4773 4787 1086 958 66 722 842 480 443 294 636 117 213 1154 1018 97 363 1068 743 840 766 83
240 1521 437 955 822 592 769 921 994 1016 781 53 83 82 898 159 937 254 961 584 560 204
2945 2945 1054 350 591 452 1154 1117 324 1072 159 284 562 363 982 307 6 648 83 124 623 1048
2162 2181 861 1141 41 210 1001 267 523 134 174 175 580 109 1099 1150 291 645 78 1097 174 762
2210 2211 126 623 336 70 532 1022 952 427 280 1001 833 322 868 105 392 77 287 217 504 1036
813 2379 1092 318 844 958 620 670 92 1123 1035 200 535 35 839 652 86 176 453 679 173 1105
1677 1677 18 684 881 1125 676 163 818 450 197 1118 530 470 1124 1059 123 196 505 154 319 199
1552 1554 810 529 348 300 374 1091 4 296 351 396 327 1053 338 167 665 10 333 710 865 451
4002 4003 42 928 931 441 374 1141 271 1100 1049 908 223 417 662 1010 1138 575 769 721 1041 337
2148 3756 1095 302 761 209 1046 837 272 764 229 109 136 869 191 910 768 148 1114 163 736 517
4501 4501 0 0 0 0 0 0 0 0 0 0 0 0 0 0 0 0 0 0 0 0
4096 4114 472 419 507 604 1027 167 223 805 683 658 228 161 821 32 583 550 627 762 813 942
1479 1485 682 445 328 519 334 691 1079 192 850 819 710 386 633 1004 709 695 281 271 572 1065
341 2008 954 420 723 183 348 879 156 702 813 414 1059 1149 57 51 903 456 768 999 666 1074
3360 3360 1020 975 105 75 930 30 915 540 435 960 915 345 450 945 555 750 480 525 135 1005
3951 3953 319 781 998 30 448 849 998 326 743 826 32 466 535 0 331 341 232 1107 227 1001
4819 4828 165 1145 355 400 40 455 1125 1135 250 730 535 325 620 905 140 815 100 410 735 855
615 1073 298 73 11 304 441 964 278 16 634 69 559 191 1013 798 83 1102 263 491 961 312
2107 2107 951 327 630 665 858 110 1094 659 21 706 17 1150 82 923 488 286 204 1027 62 889
4729 4729 0 0 0 0 0 0 0 0 0 0 0 0 0 0 0 0 0 0 0 0
4638 4659 230 778 1033 1097 463 860 399 842 546 411 835 763 283 870 1125 397 283 233 528 1112
1538 2646 787 761 729 494 378 933 629 1036 830 927 923 916 1083 38 562 127 661 646 95 347
4518 4518 971 853 244 1059 660 891 1054 633 306 45 25 597 312 659 493 709 149 846 522 530
4070 4070 0 0 0 0 0 0 0 0 0 0 0 0 0 0 0 0 0 0 0 0
502 512 949 845 567 948 889 654 1127 751 934 198 609 1110 781 385 301 83 823 274 166 1071
3815 4351 747 1085 17 526 386 980 968 45 1052 726 301 752 358 877 874 971 259 534 797 382
4943 4943 242 721 541 328 797 169 16 876 1109 401 220 586 8 308 920 881 1015 429 246 281
1909 1926 593 739 760 419 1092 849 49 808 656 569 23 466 949 635 410 533 905 965 242 600
2750 2772 451 949 911 632 722 767 820 1115 611 208 101 955 1006 589 28 191 350 482 899 831
2148 3515 219 317 257 172 920 567 602 375 48 791 686 153 376 727 483 130 720 309 522 93
672 672 545 1093 561 163 863 667 329 670 600 315 455 1014 587 527 381 652 681 222 371 969
1168 1171 429 496 1092 697 61 244 563 146 1024 819 438 69 716 552 258 560 1104 942 883 258
2531 2567 853 625 116 778 848 516 972 253 761 73 928 742 205 72 684 447 489 216 1046 510
1789 2375 1 948 354 59 364 208 944 394 669 215 356 370 361 413 456 1104 833 218 265 406
4407 4407 77 385 924 385 462 924 231 693 924 385 847 308 385 462 154 539 1001 770 77 693
4436 4451 884 169 1118 228 186 813 167 574 853 7 498 565 316 372 779 612 277 161 714 796
2266 2279 1092 224 747 738 124 791 364 324 214 623 384 735 11 887 133 781 249 452 753 106
465 671 518 814 334 2 950 178 320 235 1082 427 667 255 601 911 244 482 306 891 367 704
262 262 231 693 0 924 385 539 308 1078 385 1078 231 924 924 308 539 154 0 385 385 539
2775 2786 1059 843 652 497 110 1122 547 1012 123 404 1076 6 625 1080 1031 385 766 236 942 1093
645 680 474 942 907 649 190 805 627 133 1092 682 631 576 892 41 1070 565 404 521 752 1125
1312 4275 549 33 207 51 377 137 836 298 420 904 871 110 386 770 344 366 241 136 124 518
4083 4083 315 420 630 210 840 945 630 420 1050 315 0 945 315 945 945 945 1050 945 945 1050
2414 2426 778 1058 63 89 1067 176 547 746 1030 750 694 9 176 1076 941 918 307 801 733 916
2371 2389 921 1149 397 988 998 872 1098 576 412 293 558 551 911 438 607 777 453 219 707 101
514 1837 1074 1135 6 15 265 597 60 913 661 357 657 360 212 1 724 356 1072 336 740 1125
3555 3555 67 1127 874 551 1023 498 353 62 890 231 1145 739 272 303 747 64 1083 475 477 585
1794 1800 811 519 380 44 998 690 541 381 255 521 72 751 227 883 39 537 968 753 93 87
499 517 137 282 14 883 548 303 947 237 677 1079 824 221 398 183 600 994 239 677 814 169
1593 3535 447 647 195 461 791 221 703 131 751 149 407 57 942 824 328 730 745 39 751 196
4654 4654 871 589 229 245 186 1053 757 547 769 817 0 708 583 0 1011 973 865 810 737 699
3884 3898 762 1020 1058 787 81 1064 395 689 697 303 78 485 646 157 6 302 594 960 1000 1078
673 683 827 650 1081 717 184 262 304 1065 94 1086 970 1140 695 673 510 645 171 927 818 96
2485 3853 1118 825 132 702 266 891 469 361 677 171 530 750 345 621 638 560 264 1072 989 1134
2072 2072 0 0 0 0 0 0 0 0 0 0 0 0 0 0 0 0 0 0 0 0
273 292 1094 44 496 366 75 1007 289 358 889 696 147 157 1109 677 221 920 201 1098 541 1131
2758 2783 607 671 1131 536 355 573 1110 771 718 524 425 113 455 420 992 982 1096 213 427 1126
299 4614 960 238 63 746 838 158 413 860 1142 947 740 545 729 702 232 823 317 510 644 426
2487 2487 706 1076 291 603 338 257 984 101 468 946 1082 698 664 964 349 436 175 33 525 901
2139 2156 1058 279 537 931 1151 130 313 739 689 791 15 455 560 329 977 1007 1042 124 27 235
3196 3207 105 1093 933 1054 860 89 387 197 421 681 438 623 824 896 248 394 1139 402 50 475
976 1057 1047 13 158 288 162 1112 641 12 1067 137 24 801 948 377 302 673 860 997 381 731
3291 3291 114 38 828 633 876 18 385 757 508 830 608 924 481 65 870 155 350 1007 58 252
725 742 728 323 679 11 462 152 670 591 512 608 74 521 315 982 1027 847 219 874 64 341
3603 3630 1015 966 981 938 500 430 588 770 238 95 520 158 966 475 77 875 247 416 813 933
225 291 1122 383 51 6 535 45 1080 234 1004 955 112 786 840 662 349 546 729 304 1089 1133
4078 4078 880 341 176 935 990 143 726 572 11 55 264 55 1023 297 1078 385 1089 132 583 1100
3144 3150 739 249 39 584 85 1003 894 698 464 130 900 765 857 469 1042 540 1025 415 628 682
3650 3666 193 75 167 735 711 964 913 1042 728 680 794 343 599 157 63 973 257 255 1089 344
2455 3090 1004 972 623 1105 851 995 581 646 755 1084 40 850 771 576 832 534 1030 806 874 515
4917 4917 84 284 344 755 681 518 743 762 51 338 1025 770 209 132 808 256 316 960 616 970
2504 2517 1016 892 727 955 373 213 330 528 324 675 527 86 228 649 674 487 952 617 571 862
289 301 654 1085 127 988 764 64 975 375 31 814 399 275 368 918 449 298 1088 1094 1003 843
132 224 1017 450 201 336 588 348 45 444 672 651 660 204 714 1092 9 399 150 1143 984 1149
3267 3267 637 469 77 1113 721 504 147 448 763 1015 35 301 826 70 1022 973 483 539 112 1085
2099 2107 7 892 315 1018 539 1153 597 602 467 1131 1095 577 10 112 799 343 233 425 49 271
1692 1729 595 839 736 954 1151 267 272 782 521 1065 800 857 543 817 102 1064 909 1140 35 655
2029 2216 33 670 1153 24 505 1004 369 1055 482 842 70 305 96 171 924 120 465 554 790 517
3372 3372 994 924 679 1092 602 294 686 1064 294 1064 644 462 455 392 448 770 553 861 651 784
2577 2580 638 723 1104 488 1092 1145 634 458 416 349 909 446 696 34 217 728 1045 399 304 1026
3257 3280 729 708 483 378 336 687 1047 141 171 267 1041 402 855 528 1092 435 60 1071 78 1020
4010 4621 62 1051 39 1008 299 478 677 1098 242 854 27 1143 730 687 498 500 307 954 248 761
4695 4695 454 385 726 935 80 885 974 957 1033 930 353 1091 803 61 702 1028 130 1080 272 991
3365 3380 1098 517 545 220 110 748 764 671 139 111 907 987 632 976 437 176 54 713 670 596
1896 1909 440 857 1117 907 910 1124 74 779 566 1028 351 959 807 467 298 167 654 1005 157 87
1830 1859 775 175 787 794 245 878 1079 876 904 712 258 702 534 767 822 548 1105 367 87 419
2073 2073 310 408 115 203 687 191 898 1100 832 928 703 248 1061 378 988 1085 393 764 116 969
3151 3155 630 424 485 444 251 574 1088 83 549 358 451 800 150 461 299 108 454 453 1078 415
1120 1150 789 231 995 837 48 1133 75 1124 736 842 255 1114 807 174 430 766 904 472 762 1067
1232 1293 914 882 114 150 849 294 894 773 747 972 450 908 927 211 942 760 415 814 256 1028
4617 4617 154 951 1051 4 346 109 581 1042 666 232 206 401 234 951 589 237 666 1103 648 620
977 988 494 987 1095 262 990 359 108 153 1081 121 740 1053 391 447 484 407 324 632 461 598
621 622 378 870 271 722 1052 537 559 405 37 506 480 213 1078 323 989 939 997 241 933 382
80 1917 1132 142 689 474 721 455 89 277 555 307 554 650 315 158 503 875 606 332 177 844
4888 4888 438 366 882 633 66 228 633 78 318 840 168 750 42 252 981 399 123 705 852 15
1661 1669 259 1134 604 138 550 1052 178 1058 225 377 957 547 4 1059 845 718 72 7 997 7
39 71 238 515 415 1114 1106 875 547 477 512 206 958 879 289 782 1134 446 614 274 1025 920
1221 1367 1024 468 719 210 987 269 298 280 541 1090 1072 1120 851 1072 171 1037 748 954 227 289
4299 4299 985 520 535 165 955 245 440 730 995 915 995 530 395 605 495 535 710 965 750 645
3922 3925 921 366 673 1066 1089 152 433 1010 1154 655 922 735 931 10 163 523 505 296 723 1098
4040 4072 871 224 140 967 771 363 669 952 156 901 499 589 85 604 471 7 245 267 493 79
2424 2824 156 677 103 594 634 409 906 53 550 777 194 465 367 1009 610 304 298 36 412 935
3304 3304 690 255 630 570 45 615 195 1020 915 285 945 810 390 930 435 525 390 960 315 435
3967 3976 732 1096 1042 290 358 194 350 919 907 487 553 138 7 476 1141 504 779 527 64 430
1872 1898 797 195 1144 430 851 423 705 488 311 869 1082 16 684 235 1076 723 560 1144 1061 552
1045 1319 784 256 1016 151 934 965 857 886 432 478 209 53 295 453 816 889 1065 625 197 748
2082 2082 404 399 268 136 907 926 12 981 653 534 653 1068 946 169 660 985 149 695 840 156
2453 2464 133 841 834 606 700 78 1110 896 1077 126 596 1069 1027 129 734 882 476 481 1074 402
1752 1755 203 9 458 476 68 37 902 720 1127 1104 526 379 797 914 363 667 339 290 867 256
589 1685 1146 798 301 367 327 688 635 1106 1111 967 797 49 648 503 901 627 603 848 360 378
2317 2317 0 0 0 0 0 0 0 0 0 0 0 0 0 0 0 0 0 0 0 0
1162 1181 804 80 367 716 862 920 200 809 142 1012 879 256 889 679 898 1092 463 179 814 502
1068 1089 886 845 443 525 399 688 450 884 532 826 64 325 648 932 1040 75 1027 609 689 150
1191 1226 384 511 657 641 862 266 920 857 575 585 596 513 844 1095 713 173 984 492 51 990
2907 2907 660 862 403 236 1012 484 395 699 2 1137 1030 552 417 41 675 373 866 1103 991 665
3166 3181 1079 437 294 1108 482 590 1042 445 923 80 825 604 317 864 91 761 899 315 430 521
350 360 801 942 559 890 493 477 172 1101 474 221 269 653 442 675 1020 581 839 177 947 105
1185 1401 350 982 353 674 1029 680 750 443 526 918 741 582 714 886 1075 655 155 427 859 955
1254 1254 542 40 449 914 875 965 190 11 199 362 874 800 607 548 34 1086 29 392 743 595
207 217 36 986 899 116 252 854 479 120 709 687 3 1070 181 945 578 312 1061 1039 90 69
2547 2552 264 649 990 253 693 198 55 462 616 1133 759 253 726 198 440 616 583 374 385 880
377 485 203 931 168 672 798 651 665 231 763 574 98 476 168 966 854 1008 1064 798 938 1008
765 765 976 821 469 672 264 296 120 1140 900 995 638 39 1000 368 1131 1128 128 498 342 432
1598 1607 521 1083 668 1113 128 774 1105 751 517 905 1048 939 903 723 383 1131 1115 417 190 647
3884 3917 471 641 1061 1075 532 711 966 237 1121 432 794 1024 966 126 368 173 182 1048 986 247
1395 2861 377 922 840 674 384 794 685 101 178 669 932 769 563 144 775 753 584 217 315 865
4393 4393 205 1112 651 662 414 27 960 664 897 90 151 479 989 156 829 308 1106 444 1025 555
4597 4600 805 140 700 875 630 420 35 315 735 735 980 980 0 945 315 315 420 175 1050 630
4208 4228 1077 567 306 534 138 138 1044 180 120 1119 162 702 432 309 522 405 399 702 657 942
97 667 353 1078 214 1042 384 12 407 321 451 244 574 1037 829 147 49 83 604 230 1029 113
701 701 756 390 525 738 240 828 1020 813 948 0 375 1029 1008 726 837 372 465 951 582 381
858 862 28 489 948 359 577 141 1042 1033 223 997 635 264 168 121 485 584 562 777 877 109
1416 1428 704 380 656 199 271 210 657 41 709 249 798 1112 802 128 450 377 105 719 907 103
800 1318 877 445 214 775 416 1064 913 1111 888 10 422 937 1045 334 993 894 152 927 541 749
4231 4231 266 994 911 597 398 210 114 433 180 1015 0 138 949 723 814 467 531 224 214 1
4794 4813 967 951 1116 255 239 722 850 463 1064 1088 263 384 826 138 986 693 610 355 1014 405
4094 4131 820 636 883 474 1124 626 496 878 438 439 1117 413 357 977 958 711 1031 671 10 950
965 3127 837 1055 661 191 700 824 714 790 257 351 236 189 530 1127 347 526 699 996 74 760
4863 4863 231 1029 903 231 21 651 84 1029 777 336 651 987 504 525 1008 714 714 882 273 21
609 624 1053 11 1083 544 1107 475 190 5 862 678 295 695 659 358 381 163 456 611 117 816
809 827 626 1091 680 546 409 755 896 354 410 587 261 1030 815 620 896 1051 612 865 506 923
169 4548 784 422 389 111 186 1041 351 424 587 729 76 722 819 153 782 463 951 832 399 623
1995 1995 1114 662 815 48 461 301 921 508 582 555 301 443 1099 733 610 483 1037 233 48 677
1937 1950 64 822 1080 659 171 262 806 822 151 1042 438 764 743 814 181 853 670 249 1096 58
3898 3919 927 791 683 1040 872 259 817 98 498 18 906 489 495 867 194 1028 998 11 969 328
2764 3528 826 474 1111 716 1000 210 72 690 860 152 1088 758 578 194 952 946 260 416 733 369
898 898 434 835 391 624 125 924 977 821 107 149 935 24 650 875 379 326 118 224 922 531
519 532 953 423 244 386 50 1056 550 397 1126 597 583 1016 877 90 924 193 732 1029 760 304
2136 2175 1061 706 1093 104 270 909 782 946 940 290 659 61 562 1140 305 619 452 2 657 432
888 4402 639 989 597 596 819 937 1067 355 227 984 813 811 317 387 277 1101 858 262 413 133
338 338 0 0 0 0 0 0 0 0 0 0 0 0 0 0 0 0 0 0 0 0
450 452 360 335 435 630 1100 185 160 55 985 430 980 230 480 60 225 675 110 570 520 1010
2120 2152 256 1135 569 328 864 1079 304 666 1115 63 1083 52 113 533 1052 915 102 115 431 1131
1448 3104 219 573 633 13 991 740 596 183 639 1120 402 499 131 804 857 545 868 708 474 904
265 265 731 757 739 894 572 930 43 1107 1042 510 183 407 351 690 242 157 26 738 927 611
626 630 210 305 692 1022 996 507 543 313 603 580 642 935 116 824 307 1072 978 528 348 55
2339 2371 302 1138 137 94 161 956 336 782 859 391 373 570 22 815 383 966 479 789 196 419
3309 3929 294 617 876 225 35 1076 928 176 565 538 783 1095 176 1081 389 446 1123 1021 313 268
4020 4020 634 1136 213 528 535 673 208 1083 1148 685 1045 207 258 661 132 743 1014 720 959 922
1138 1143 297 265 731 1048 854 1076 640 640 385 560 455 53 591 23 233 238 799 149 759 734
3552 3572 1049 387 150 876 308 109 1021 253 808 482 662 818 918 679 748 407 691 561 91 418
61 114 546 529 265 250 685 817 407 391 1125 1093 267 106 717 1025 13 965 4 679 992 712
2386 2386 1080 432 470 870 1036 1017 408 294 477 314 1061 417 121 293 974 543 1133 1032 597 1004
1802 1815 541 420 1143 996 39 908 26 796 163 631 423 781 1055 725 648 625 643 347 82 784
747 764 989 394 1097 537 783 917 696 917 156 197 914 97 7 627 979 124 855 680 1043 544
2441 4652 917 229 276 54 371 1115 235 358 1005 693 522 344 61 814 126 378 424 662 815 92
2749 2749 0 0 0 0 0 0 0 0 0 0 0 0 0 0 0 0 0 0 0 0
980 981 0 0 0 0 0 0 0 0 0 0 0 0 0 0 0 0 0 0 0 0
899 935 407 1088 317 119 26 118 238 421 257 964 72 103 291 409 815 796 1149 245 256 700
3185 4382 733 867 574 20 496 1011 592 397 668 383 1043 1020 752 645 921 385 904 112 847 232
3468 3468 125 916 621 1012 635 8 864 910 442 266 254 596 865 72 661 425 698 586 1035 748
3258 3276 842 137 39 987 76 403 420 793 575 591 780 139 105 193 985 612 1107 54 641 505
757 762 1026 435 1123 268 576 474 1012 699 169 961 227 263 548 161 1033 839 138 534 324 756
551 959 280 123 1079 910 855 45 994 5 319 490 72 83 94 278 53 186 304 1092 604 747
21 21 726 10 974 554 915 153 690 558 537 1085 226 861 1131 859 555 243 615 422 1150 209
340 354 499 643 556 512 841 841 697 836 437 554 757 26 750 835 434 272 402 383 522 280
4021 4054 902 659 315 84 130 50 944 969 449 334 1098 258 723 192 984 201 243 1047 460 1119
242 284 819 497 549 1067 465 669 667 560 656 414 224 829 976 340 855 601 544 69 743 326
1971 1971 643 1114 118 182 60 282 702 834 294 663 101 35 102 815 106 716 308 422 943 310
2247 2264 1005 311 241 738 1090 651 72 932 979 844 262 999 201 561 45 439 707 545 809 736
2550 2589 1036 335 542 645 708 390 745 695 909 597 632 298 607 798 694 674 687 396 436 483
2082 3510 556 480 18 423 331 1028 580 296 278 278 1042 1113 901 768 1096 916 1151 554 684 1113
4597 4597 0 0 0 0 0 0 0 0 0 0 0 0 0 0 0 0 0 0 0 0
4557 4562 81 765 817 416 99 1042 405 1021 103 101 715 683 1043 994 762 372 1105 129 1001 510
1638 1677 84 521 243 564 807 961 302 347 422 317 528 149 649 314 384 635 921 428 553 957
770 1208 550 150 1020 435 445 1140 850 1055 785 140 995 490 55 1085 185 610 915 1125 650 635
4152 4152 1008 756 105 609 147 441 840 504 483 651 567 1071 42 315 21 105 609 651 735 525
3092 3097 1127 82 364 463 654 275 70 419 452 858 995 8 809 573 298 1043 998 306 496 657
1265 1276 772 315 867 610 638 926 260 567 332 831 93 1016 859 284 584 34 502 788 1002 896
25 621 1043 837 639 61 277 444 947 944 236 242 894 971 196 119 851 800 663 386 629 170
3360 3360 54 1073 728 1048 937 65 327 554 904 925 96 940 436 161 548 778 347 175 562 137
1868 1880 943 892 6 420 1123 682 895 699 588 926 30 534 994 906 570 760 483 738 96 382
2699 2719 602 488 814 384 124 1149 652 993 822 903 670 778 967 674 131 830 1014 718 14 420
2222 3498 882 338 553 526 2 617 866 868 513 337 643 115 3 683 562 528 1068 676 70 829
4808 4808 0 0 0 0 0 0 0 0 0 0 0 0 0 0 0 0 0 0 0 0
747 765 250 164 1126 900 952 882 799 610 697 905 851 122 946 556 732 755 80 713 340 737
2755 2759 614 1135 221 102 1131 673 278 1124 157 306 790 592 225 879 385 263 422 692 80 206
289 4677 574 1 948 20 362 851 50 835 53 941 776 59 947 335 31 1040 988 317 930 132
1779 1779 532 186 323 532 273 1062 722 912 1089 472 688 225 855 1093 90 518 88 23 84 423
1907 1913 1151 992 745 720 337 656 499 305 778 788 984 98 973 140 514 1058 776 656 767 529
4865 4900 191 135 105 296 260 872 485 1059 1094 273 783 373 409 699 1098 89 999 526 751 933
498 1118 284 1106 837 405 289 617 124 668 19 190 48 107 260 720 69 1110 169 547 529 211
4066 4066 695 395 709 1022 486 653 206 44 1095 662 1083 897 243 265 484 854 655 352 80 14
174 179 930 341 829 780 141 12 815 426 622 813 387 612 769 662 876 555 528 598 994 668
1566 1596 387 774 844 438 405 619 452 826 1055 1028 942 1012 443 208 479 741 639 551 123 49
217 280 1107 1044 68 612 24 914 428 152 236 653 1033 277 993 481 456 1098 1099 1003 599 477
2972 2972 129 38 222 1035 24 471 620 215 943 192 454 858 860 2 410 767 157 1020 574 245
258 274 606 973 602 326 477 730 183 1051 546 425 80 6 1017 757 530 508 731 838 140 263
4341 4362 572 1035 803 936 1008 1077 180 719 434 1020 145 501 1032 1105 301 198 862 311 1030 744
1003 2689 690 932 305 170 449 293 581 353 540 182 676 124 637 685 1153 1106 286 1119 881 1022
3518 3518 0 0 0 0 0 0 0 0 0 0 0 0 0 0 0 0 0 0 0 0
281 296 54 288 675 450 981 567 753 1113 723 678 282 132 903 120 468 954 765 273 348 906
3065 3067 168 922 595 690 997 72 36 667 936 921 902 192 870 812 210 51 1037 719 585 882
11 78 520 597 656 160 451 1020 741 991 902 1065 495 33 334 792 57 1104 206 734 560 585
865 865 0 0 0 0 0 0 0 0 0 0 0 0 0 0 0 0 0 0 0 0
1988 1995 359 355 779 969 28 1092 1076 454 848 326 201 510 783 768 245 159 79 915 1090 648
3140 3143 949 535 902 882 1138 403 641 818 453 796 998 602 509 504 88 589 458 1033 1103 669
1472 2328 212 1050 696 1005 498 885 1025 1090 992 250 810 989 207 1149 1138 1077 662 852 1056 989
4526 4526 865 186 1152 288 668 469 69 675 718 756 1102 1095 1135 1138 167 716 425 993 76 119
1958 1977 954 165 62 969 944 856 921 463 248 817 697 993 879 1041 912 955 920 738 984 966
1203 1232 654 466 127 149 725 250 1140 635 771 37 1067 541 818 679 1040 759 748 102 418 537
2418 4880 51 575 852 946 311 284 333 697 763 546 360 355 346 777 916 379 521 968 970 156
1589 1589 342 238 129 1077 767 437 246 159 870 384 1130 173 1118 712 40 435 238 345 337 11
4612 4624 278 671 384 872 1090 488 383 190 678 1122 394 766 938 263 402 420 36 119 845 873
1852 1889 109 2 891 413 771 431 1038 962 1064 759 803 314 675 144 1138 625 1061 421 926 653
1939 3646 848 31 770 829 443 877 423 333 1146 688 562 988 542 293 926 527 1105 718 361 268
1085 1085 954 1070 1045 1151 116 854 4 1035 659 893 39 181 612 579 1011 263 440 858 1043 1050
3500 3511 289 689 586 1037 857 46 11 322 562 1084 476 774 257 73 760 638 404 156 411 491
3186 3223 245 652 661 426 832 990 65 97 67 363 957 669 135 316 103 51 482 682 676 518
1147 3422 75 915 735 420 915 300 15 90 465 1080 180 225 990 630 75 150 315 945 285 465
3870 3870 363 682 341 1089 396 737 264 737 814 407 462 759 737 187 1111 440 616 319 748 616
1789 1797 110 968 342 777 382 603 586 669 706 538 803 110 935 808 261 541 466 1004 159 1060
3578 3606 390 1010 1005 680 930 335 485 940 850 1070 585 110 240 1025 545 580 1050 360 1045 85
478 520 956 507 17 1083 1102 965 189 250 689 307 598 1027 823 729 34 13 1138 854 905 823
3355 3355 519 425 441 155 455 216 25 931 194 35 184 391 861 957 304 726 383 637 745 510
4187 4188 70 1065 330 420 1070 465 275 1030 715 795 1020 725 1040 1080 425 345 835 955 0 880
4672 4703 234 1102 831 15 741 191 580 916 6 945 901 325 211 133 730 823 581 203 426 1136
1010 1468 168 857 711 620 15 1053 572 850 1016 1063 62 112 920 828 448 494 565 543 791 670
37 37 0 0 0 0 0 0 0 0 0 0 0 0 0 0 0 0 0 0 0 0
3243 3262 65 1150 267 998 561 944 1129 848 297 998 187 614 712 49 155 1077 861 600 363 103
3195 3229 909 362 529 1103 13 854 758 1032 480 665 767 409 723 8 452 17 462 1101 494 962
224 2131 788 21 362 947 632 259 170 1004 892 378 1144 368 74 245 843 77 901 1140 967 656
3618 3618 1075 147 100 585 941 629 275 420 809 319 858 754 732 814 911 139 1142 8 807 231
2219 2238 181 223 995 1135 1000 1119 334 1044 294 734 177 257 316 994 468 65 601 904 397 620
717 733 309 1119 598 1009 896 1022 325 772 163 259 748 991 48 555 139 298 460 179 534 767
804 1207 282 178 474 739 846 354 1123 76 109 72 36 1018 744 714 839 1066 572 433 338 296
2012 2012 131 9 238 984 584 1100 403 764 149 97 120 630 725 732 341 209 526 312 232 1034
868 868 1123 318 434 785 995 681 841 265 322 937 1023 1151 348 58 381 820 776 439 316 380
2461 2471 770 14 943 119 114 608 241 152 313 880 305 1040 73 628 78 372 43 625 1106 1131
1051 1260 656 532 265 95 439 1022 917 569 214 823 1127 687 1004 770 547 139 428 769 521 832
877 877 0 0 0 0 0 0 0 0 0 0 0 0 0 0 0 0 0 0 0 0
3821 3829 146 73 597 911 748 530 422 761 1136 819 840 870 456 998 247 299 87 312 199 212
724 743 820 842 898 660 971 688 794 529 854 103 202 294 948 8 1055 733 286 1125 908 258
888 1093 367 274 931 60 407 1139 912 17 1008 216 14 990 22 905 767 574 647 239 28 306
4544 4544 0 0 0 0 0 0 0 0 0 0 0 0 0 0 0 0 0 0 0 0
2956 2973 755 230 192 939 362 53 311 200 738 960 475 928 312 339 484 701 630 1122 997 724
1952 1966 1105 826 793 929 251 307 1130 293 1051 672 501 130 1131 470 199 631 947 844 868 562
3623 3727 760 1115 1065 1025 660 165 400 1050 330 190 700 0 15 340 865 600 660 880 900 560
4488 4488 495 0 132 1056 594 528 0 264 33 726 759 792 660 792 792 561 0 726 66 495
3550 3564 552 550 256 947 604 142 858 473 270 25 296 463 278 1092 244 1000 666 393 818 924
126 126 882 615 388 2 740 566 226 885 120 407 588 97 448 54 18 750 396 701 312 327
493 2278 996 46 502 3 848 1055 41 7 1097 365 840 735 760 544 732 157 1096 627 666 1064
3416 3416 847 588 331 943 614 139 51 1131 172 665 1009 635 979 542 909 456 963 1152 55 1146
3735 3746 244 549 1002 760 759 250 126 849 348 486 501 33 81 731 291 1092 224 65 593 416
1789 1816 984 279 393 459 603 63 486 1137 1041 411 366 549 996 942 21 519 576 612 969 1062
29 152 66 150 144 438 210 303 1047 570 900 540 351 3 186 762 843 465 726 102 675 840
3215 3215 140 459 461 1070 1041 380 114 835 1044 651 136 770 1058 448 1028 258 866 257 535 667
4140 4147 744 175 393 843 720 923 454 921 235 63 1085 322 916 18 1139 1094 194 1001 990 198
4360 4368 1013 164 379 762 567 837 727 218 14 199 161 510 771 753 1135 1076 1100 109 1002 491
380 1741 404 262 992 943 113 851 906 999 1122 878 440 704 54 50 216 921 1059 203 1109 947
3732 3732 987 378 84 1092 441 504 588 441 651 966 1008 735 882 210 819 441 21 483 168 105
781 787 674 732 100 574 592 404 235 774 116 957 877 75 973 186 693 674 665 1127 948 815
4731 4755 994 788 783 1047 690 488 463 805 1087 50 1111 49 210 136 858 568 176 619 1061 565
450 1758 383 645 489 304 456 1108 570 975 908 381 624 285 360 705 955 1114 335 753 91 361
3977 3977 313 699 840 625 1083 150 1121 292 32 28 290 60 676 542 1131 785 898 265 841 407
2182 2184 1061 130 396 104 755 865 840 73 276 401 423 865 802 771 175 796 50 1152 992 949
1179 1180 793 800 384 895 649 533 324 189 1112 83 113 793 224 1081 750 305 65 1029 981 662
1330 1744 104 569 335 240 299 2 1023 949 1101 8 1012 686 1131 161 556 920 318 310 6 1021
1822 1822 990 990 825 0 660 825 0 660 825 330 660 825 330 0 990 330 495 990 165 660
118 122 198 161 744 258 391 531 389 516 66 721 655 883 485 60 943 560 1011 381 13 218
1256 1266 397 388 408 369 201 586 883 219 582 620 325 950 729 318 775 885 738 192 827 440
2312 3112 159 236 1127 206 860 1036 189 989 783 526 97 113 541 382 634 1074 323 189 399 740
3490 3490 787 676 905 1027 993 771 1105 722 729 509 1142 553 473 235 761 687 654 284 209 681
1587 1598 112 294 49 322 714 1113 273 119 217 672 392 1092 1148 658 63 756 987 448 399 364
4390 4400 0 0 0 0 0 0 0 0 0 0 0 0 0 0 0 0 0 0 0 0
434 3293 990 1044 472 767 860 193 436 1058 305 972 179 466 664 858 836 102 272 747 442 320
1796 1796 1012 734 17 592 180 204 930 210 247 891 420 131 524 814 400 317 295 1053 564 673
889 899 661 981 321 179 959 1050 344 240 283 1021 600 303 752 236 385 714 734 559 948 151
3387 3420 578 817 711 405 38 82 285 383 268 400 1045 1109 703 572 189 422 1101 1143 334 567
1945 2520 205 207 854 194 256 179 693 620 185 406 916 205 457 951 1133 479 321 881 866 34
3379 3379 306 917 1008 48 492 116 601 104 643 196 135 516 470 151 204 6 265 680 938 904
823 830 448 973 302 724 1150 94 435 72 1154 680 1026 807 898 910 610 487 846 68 577 1049
1908 1931 948 951 886 914 1113 546 208 744 673 1147 225 624 579 128 519 303 130 1092 249 471
1342 3029 264 738 48 943 570 131 558 331 964 501 59 400 979 180 349 1116 302 100 285 585
3831 3831 523 712 1138 556 763 280 189 353 161 368 484 989 1075 35 150 95 645 909 692 397
385 394 1060 669 760 699 235 276 1008 717 1132 97 509 290 911 854 607 545 30 60 435 965
4950 4959 1012 938 1061 649 25 650 1102 75 398 907 530 334 726 396 78 694 1040 512 466 348
3120 3301 367 164 248 1111 630 326 562 429 697 79 501 738 887 807 770 187 410 227 784 14
2846 2846 0 0 0 0 0 0 0 0 0 0 0 0 0 0 0 0 0 0 0 0
3623 3630 490 1039 853 1091 23 897 346 786 166 934 916 120 831 876 422 415 515 83 124 26
2559 2560 22 982 750 770 903 1126 487 701 812 859 716 181 775 794 952 145 809 362 817 916
27 2205 131 412 384 1119 29 331 541 894 466 385 356 401 66 1122 796 428 911 101 611 959
4717 4717 975 976 1128 55 457 281 507 672 411 699 1000 360 665 307 804 252 576 676 240 1019
3566 3585 128 971 1153 1145 466 439 8 869 661 839 779 337 1040 1044 1114 1030 494 762 612 363
3633 3662 288 271 904 91 1140 862 6 560 300 910 90 46 706 839 909 161 571 376 243 464
1068 2911 360 766 229 359 772 203 929 1141 100 911 113 939 209 747 27 70 802 226 702 682
3004 3004 896 1085 802 329 33 634 544 207 527 565 329 580 233 360 227 52 732 409 233 707
2340 2359 69 53 447 443 715 515 924 439 453 795 969 920 608 1027 62 83 436 901 853 691
819 856 621 992 175 689 846 1030 573 244 61 881 638 20 118 1002 861 28 892 485 405 210
776 2701 216 515 192 745 942 718 794 902 1005 617 312 540 704 857 464 187 143 540 87 278
2049 2049 528 1007 448 149 264 305 424 453 506 961 880 928 1153 978 384 33 209 1019 385 467
419 431 283 360 1079 588 553 445 868 882 155 628 482 621 379 397 182 971 821 1102 634 182
4001 4026 512 733 1141 646 368 893 360 785 446 123 337 1101 1059 324 478 914 953 345 817 543
507 1854 973 525 147 78 858 1060 204 54 1083 695 147 401 620 409 927 55 493 47 1134 1072
2227 2227 455 875 924 463 249 626 199 1098 610 1055 957 250 835 56 117 740 678 1107 227 260
2726 2741 22 720 169 932 496 881 49 614 534 382 614 441 524 1044 383 190 815 70 529 280
4422 4457 40 128 264 582 817 1082 526 205 37 793 652 194 841 709 1118 85 299 643 134 99
84 3646 535 997 795 491 935 180 644 485 237 1019 840 846 392 972 585 399 278 17 791 509
1373 1373 394 12 179 411 125 1148 1088 257 514 622 249 610 388 500 527 149 635 463 42 712
798 798 1057 829 668 516 999 1080 570 525 1050 200 110 1054 1003 452 482 49 78 201 320 329
4018 4050 435 959 363 389 885 393 369 672 827 1076 452 307 113 174 617 623 123 217 99 560
10 11 8 346 478 1141 620 215 638 149 1073 258 424 953 26 910 271 528 196 705 99 414
4603 4603 195 500 837 272 1012 189 385 518 776 639 186 436 258 412 147 678 650 117 441 189
3629 3639 264 89 432 433 648 575 280 697 642 1022 1115 1015 846 887 59 718 1007 722 385 634
861 887 943 703 1000 734 576 935 640 303 924 929 560 48 979 990 316 310 417 169 390 616
3961 4055 458 557 934 707 86 431 927 555 459 67 536 715 1000 149 758 588 94 497 491 727
3275 3275 90 405 630 1020 570 1125 495 645 1110 990 930 780 1140 675 45 825 180 795 495 900
2367 2369 753 403 220 728 195 578 747 775 1128 789 895 339 516 1075 524 989 111 584 23 377
1076 1081 299 67 242 645 589 209 965 1004 948 610 1045 954 186 670 945 293 455 422 936 1057
820 3284 196 534 928 138 933 941 738 835 917 497 1095 1006 1033 1126 436 936 1124 475 313 422
683 683 95 983 571 416 133 920 1062 790 671 757 1016 138 1100 164 541 695 516 558 235 858
2745 2750 693 93 361 1104 334 834 664 283 175 810 299 1111 1149 1071 815 316 164 443 286 246
3544 3547 243 673 1089 1010 948 173 1060 653 81 506 796 368 964 154 417 701 1084 1051 1102 798
475 3462 1123 414 322 270 32 298 357 179 187 1115 917 1130 488 330 509 332 302 511 550 131
4475 4475 308 94 230 753 1013 1118 310 156 98 583 104 845 315 646 862 555 217 455 391 846
897 908 298 771 1128 295 1142 1077 484 997 3 57 424 652 353 40 393 117 629 923 893 146
575 592 121 849 497 64 1052 239 840 49 756 614 648 991 584 962 299 798 894 178 255 169
273 3156 328 342 661 284 193 359 112 624 1004 706 462 846 490 196 246 1093 310 243 931 430
1433 1433 119 224 763 595 469 749 56 343 196 833 833 602 854 308 301 406 511 707 343 287
4250 4269 123 656 225 760 792 970 199 523 697 350 649 910 959 1082 418 183 737 168 794 1011
1052 1090 252 432 678 1086 186 267 309 630 498 1074 213 369 15 129 990 231 807 15 624 123
1725 2847 94 725 644 318 652 604 884 792 378 245 29 395 143 652 990 588 205 36 919 1110
4452 4452 160 1123 450 383 566 1114 546 228 837 970 78 929 811 424 207 68 719 661 268 1137
3997 4011 265 1146 739 1083 358 181 230 193 603 1028 570 327 89 560 638 620 740 778 274 773
2911 2917 940 170 711 346 903 717 850 810 802 1110 305 602 282 6 837 28 150 376 261 383
19 29 0 0 0 0 0 0 0 0 0 0 0 0 0 0 0 0 0 0 0 0
1614 1614 106 860 460 682 1063 99 586 625 1099 561 1074 825 375 30 1040 8 1013 427 494 873
2732 2750 521 650 1154 829 880 996 700 745 517 19 630 528 1043 1016 984 188 1059 650 744 907
1799 1806 963 574 517 39 709 297 293 748 893 887 215 454 449 1105 98 1136 120 1034 219 947
2178 3486 1151 143 237 206 1080 44 1084 1130 3 167 535 229 297 462 995 1058 74 591 660 325
956 956 0 0 0 0 0 0 0 0 0 0 0 0 0 0 0 0 0 0 0 0
4097 4101 988 99 1057 510 320 476 198 405 525 369 589 571 210 872 826 650 1139 569 388 550
1426 1442 463 340 523 816 282 411 453 959 474 604 684 910 2 377 596 345 632 910 978 1005
1466 1763 313 146 198 130 600 561 43 600 946 108 535 177 182 916 2 1036 666 94 703 559
2740 2740 244 1101 694 530 79 799 1003 252 334 1040 678 774 979 932 236 251 508 501 834 700
374 377 539 864 610 332 365 426 193 258 217 698 460 856 931 1070 595 451 983 393 993 197
4144 4169 1100 636 145 798 92 875 241 107 1111 1015 901 615 240 923 605 993 77 650 1058 294
883 1642 32 593 50 555 1033 854 728 1050 673 971 818 411 598 678 220 922 1130 274 786 718
2760 2760 963 630 78 75 975 678 915 141 282 429 1098 381 987 1146 579 186 609 288 660 342
1974 1991 1149 70 546 727 735 269 450 56 761 225 619 568 1149 400 1098 948 1127 1084 637 911
290 306 275 995 1142 1041 302 48 190 325 1062 211 1112 1112 201 929 468 383 1021 100 698 551
111 3195 104 893 463 425 937 177 513 232 1089 716 903 1127 374 532 461 238 226 717 699 143
3757 3757 292 355 1060 837 598 919 78 164 645 997 1011 779 324 961 882 107 745 328 841 622
1421 1430 549 114 555 252 66 318 294 174 78 351 291 1026 246 726 666 63 663 132 384 1023
1406 1445 1096 1079 720 380 845 158 381 750 536 996 450 548 109 1036 307 146 892 268 912 1061
946 2666 140 1109 127 1058 944 749 565 375 1041 363 1094 679 945 1093 603 737 10 1007 858 724
3903 3903 525 1098 594 1086 690 576 111 498 183 525 429 993 1128 240 12 738 828 630 165 933
3159 3171 1082 397 620 82 90 132 625 1139 465 708 775 118 759 685 808 47 133 735 550 505
1868 1882 468 1118 895 1008 513 432 1080 272 627 1127 662 429 281 568 76 1041 953 408 388 769
4054 4819 787 68 410 193 686 247 933 109 275 662 769 834 946 747 458 1073 295 909 376 433
4970 4970 0 0 0 0 0 0 0 0 0 0 0 0 0 0 0 0 0 0 0 0
3880 3894 471 609 1083 252 75 507 450 1092 903 15 864 54 651 75 624 369 1086 78 186 705
4966 4996 981 356 1132 873 848 320 875 290 1109 886 403 202 383 659 626 624 348 918 627 186
407 2577 195 816 699 770 625 1004 1038 798 865 1102 507 286 20 536 652 843 52 319 1137 250
1518 1518 326 992 582 881 540 1071 131 345 719 334 768 565 554 995 688 593 249 802 1010 674
2759 2774 406 218 649 1023 13 149 978 832 876 1015 252 1004 243 535 272 1011 1022 921 525 226
149 186 463 960 606 792 1059 149 486 533 658 893 78 1012 551 332 987 862 387 1030 194 871
6 45 814 1068 288 1006 664 109 19 350 784 790 527 635 884 944 52 221 687 1094 1119 287
391 391 410 251 202 452 234 1093 625 159 414 998 938 1007 689 344 238 1118 564 61 252 411
4511 4512 842 793 1011 912 617 675 1050 159 1002 665 1115 471 761 23 1119 843 474 915 317 817
1307 1331 291 747 834 281 825 403 604 34 800 528 39 445 863 254 654 656 1024 398 615 129
696 2840 726 1134 1005 589 63 967 467 566 949 1016 951 92 786 246 83 596 450 1087 331 661
2488 2488 288 451 840 157 520 258 663 74 37 533 978 169 959 566 148 121 775 377 1110 1118
3182 3184 405 148 232 799 1117 1127 65 544 632 871 831 912 815 971 851 90 133 1009 779 505
4312 4323 510 379 602 727 1153 933 305 942 819 1111 903 540 523 1133 686 253 700 106 248 1061
1053 2471 767 441 200 121 661 801 374 1015 1051 1102 190 885 401 885 780 702 1147 189 746 272
3589 3589 1096 981 110 228 695 584 623 454 925 430 23 1047 1053 381 826 348 964 935 760 928
3135 3154 725 915 395 915 690 725 495 1025 210 895 685 895 1035 365 390 1115 285 470 970 275
4434 4440 399 718 578 786 122 117 20 207 1069 1 996 786 781 946 595 623 493 635 1120 345
704 885 607 589 390 304 874 869 186 277 76 731 514 379 710 574 45 24 232 227 91 349
289 289 0 0 0 0 0 0 0 0 0 0 0 0 0 0 0 0 0 0 0 0
3692 3700 590 289 1016 865 747 812 288 177 826 460 604 1120 418 124 370 1041 851 42 13 468
628 638 547 24 1108 715 407 487 949 603 678 591 193 484 263 1106 963 458 906 159 942 184
266 428 689 345 83 1003 491 1121 701 15 761 191 888 180 561 991 460 599 857 620 665 927
4661 4661 1106 399 609 273 686 154 805 1071 203 0 1050 175 315 56 70 483 441 812 77 469
470 470 992 781 701 104 1108 957 201 764 785 404 391 825 441 11 842 992 680 143 216 73
1505 1525 760 517 350 855 758 33 101 484 101 1098 855 123 75 377 320 319 1097 470 959 724
1608 1712 212 1077 1080 634 300 389 408 403 514 485 280 551 998 502 1124 141 1049 186 809 1141
1072 1072 662 594 321 255 383 301 452 462 893 629 250 691 369 520 1051 183 70 985 647 16
2531 2550 74 1063 1007 1089 901 703 277 790 214 973 780 123 940 659 900 378 731 1079 387 216
71 78 288 933 1139 328 853 374 192 343 126 345 25 1011 608 122 801 776 991 471 904 113
1283 3628 556 852 842 256 168 808 1089 761 3 973 1140 1099 907 946 329 120 1145 436 1115 1056
915 915 356 557 763 644 750 511 268 51 450 580 443 297 136 850 1017 415 227 258 580 390
3176 3188 227 565 968 749 1150 571 1082 695 1131 969 583 750 509 1108 361 303 627 274 1046 454
3031 3065 1111 116 472 606 165 641 220 341 1144 1056 1019 330 927 1032 888 788 515 1141 439 478
1113 2040 431 666 781 935 215 1022 454 108 326 1135 258 692 566 479 683 717 143 757 297 335
3778 3778 1091 499 216 1003 603 514 594 21 678 323 191 605 88 469 319 408 788 320 1083 554
100 113 180 1036 71 918 715 952 225 261 541 965 489 777 1135 453 807 64 336 235 868 920
3656 3680 458 899 326 153 229 183 349 476 1126 324 627 1049 356 1096 933 63 756 837 1010 719
2100 3057 559 753 556 849 574 810 539 794 199 270 401 1071 788 571 119 1094 392 650 1046 849
4540 4540 483 14 456 854 1107 1135 1125 521 523 298 1091 386 1038 440 976 998 316 300 614 850
906 917 55 510 671 1011 318 672 235 572 792 382 225 10 748 786 15 450 960 112 271 451
565 578 96 40 961 623 334 494 447 938 617 984 921 683 924 455 715 1129 751 1066 156 405
2170 2525 0 0 0 0 0 0 0 0 0 0 0 0 0 0 0 0 0 0 0 0
487 487 0 0 0 0 0 0 0 0 0 0 0 0 0 0 0 0 0 0 0 0
2245 2253 154 858 605 429 748 418 594 616 330 363 220 440 165 66 979 297 1034 825 836 176
36 48 1152 165 996 868 345 666 1139 602 763 949 270 203 500 259 516 682 569 344 900 314
390 2025 348 1120 946 158 249 1141 469 394 934 950 283 651 1090 704 987 424 714 87 984 838
1828 1828 251 137 834 115 581 2 137 1035 295 32 67 1109 502 593 202 661 326 749 472 906
1317 1336 354 46 741 1042 1026 328 271 945 904 1125 907 933 517 823 1013 449 637 228 67 457
4743 4782 1047 793 1139 855 789 396 1132 768 1013 133 911 524 160 549 46 403 1049 234 1134 687
187 390 373 105 196 803 699 460 1053 176 815 764 427 903 1004 959 38 25 614 514 1137 343
617 617 600 705 252 816 975 843 849 684 489 552 1035 714 444 753 1104 486 582 1008 174 267
1423 1439 780 570 498 870 484 845 580 276 739 1114 234 277 372 524 79 37 645 757 128 1119
1227 1235 119 414 897 525 995 660 666 762 553 443 729 627 710 581 343 850 464 1095 266 903
2554 2649 716 811 125 958 575 227 478 1018 982 27 862 460 952 407 113 209 369 1011 1028 586
4606 4606 214 365 199 447 348 747 1011 364 86 419 648 952 1085 463 809 1047 608 1056 341 959
1171 1182 429 428 1104 385 643 446 164 872 748 939 1087 617 599 1150 262 495 1132 6 599 1060
2501 2501 744 935 274 72 880 382 841 890 903 132 1071 574 188 135 289 868 444 760 1113 308
3999 4848 525 71 907 213 756 795 1154 663 187 737 13 757 377 996 422 980 508 57 1047 126
3504 3504 740 285 0 980 355 155 70 60 825 150 1130 430 755 1050 335 715 505 910 435 460
3949 3949 0 0 0 0 0 0 0 0 0 0 0 0 0 0 0 0 0 0 0 0
2809 2822 236 395 235 611 86 267 319 157 83 167 799 1153 535 152 1027 220 233 1110 647 615
36 710 830 422 651 606 257 330 715 1030 607 385 451 87 686 1073 1005 520 212 993 479 238
3165 3165 736 212 576 717 62 1053 709 2 1012 1022 837 480 278 223 837 559 336 861 575 891
212 215 1023 484 608 297 197 292 700 353 257 325 869 193 132 487 120 195 331 928 654 589
1033 1038 224 1096 943 804 588 855 853 912 584 35 664 352 882 780 955 737 928 311 944 128
3053 4192 985 1135 960 845 1045 900 180 875 615 645 300 915 1040 390 495 1020 400 390 1020 1115
1677 1677 301 112 1111 625 454 718 269 921 49 629 455 135 802 931 159 421 377 920 1088 285
1532 1535 17 1046 1038 883 176 373 839 684 980 742 803 1087 531 280 638 1134 693 1152 1004 691
1878 1889 295 982 179 1046 295 925 589 201 917 832 1123 36 631 318 1089 88 622 448 970 1075
408 4674 269 206 706 687 741 451 524 984 528 1120 221 858 837 508 905 1141 1040 0 28 893
4162 4162 451 1111 781 242 737 902 297 726 473 132 1100 737 352 209 693 1001 165 0 1034 11
3162 3174 195 549 122 296 827 427 34 1154 253 337 549 134 943 705 550 449 703 781 299 343
2491 2526 725 171 1153 1104 386 1064 880 827 462 652 788 748 79 788 55 479 374 12 524 808
1530 4192 388 106 989 114 151 115 1020 809 415 82 406 179 156 40 483 671 329 228 569 679
1506 1506 182 210 154 1148 483 518 798 567 861 798 938 707 742 343 77 294 1106 322 133 112
3816 3827 740 267 309 1067 688 483 694 500 896 729 837 726 1070 913 342 992 1063 886 34 680
7 36 356 658 339 1146 578 160 489 391 1119 729 203 10 381 13 770 737 1133 788 1056 601
20 33 968 417 581 144 1004 4 245 523 368 615 760 451 906 932 70 649 29 655 108 833
1851 1851 659 769 540 710 630 1100 849 782 185 326 684 106 1029 612 567 277 783 320 1065 951
3023 3029 1021 648 827 684 456 917 1147 93 221 83 919 800 420 213 300 405 121 1125 1082 188
141 173 138 223 1132 583 942 940 1104 361 141 1087 679 142 1049 255 1045 177 488 702 375 1096
475 498 808 1005 1086 544 463 950 538 888 2 935 825 331 395 122 471 707 546 147 583 345
158 158 0 0 0 0 0 0 0 0 0 0 0 0 0 0 0 0 0 0 0 0
3531 3543 1110 700 585 665 25 155 405 810 945 680 140 290 1150 400 735 290 5 355 25 210
4246 4261 226 454 564 378 962 16 696 1037 163 426 630 158 874 1097 545 318 996 496 512 1030
61 104 307 951 601 853 518 41 1153 821 331 459 206 469 427 868 242 872 835 664 952 625
3964 3964 735 1008 441 651 336 945 1134 924 105 987 42 105 252 105 840 546 147 672 609 1134
3171 3185 322 1120 413 560 287 392 525 532 518 1050 609 497 1064 728 420 315 504 805 623 399
87 122 436 302 1063 1153 338 373 1058 496 305 905 377 736 44 795 666 131 654 552 1039 607
1875 4952 279 866 308 1047 759 159 329 473 712 399 430 66 398 1017 973 248 684 226 216 29
4932 4932 405 234 894 555 1098 144 957 645 1002 120 798 126 654 162 141 762 621 504 36 507
3690 3696 843 261 444 57 1119 66 99 735 879 132 585 684 402 267 825 393 1002 390 18 291
817 845 1056 321 953 1017 384 1031 632 532 737 658 486 1094 282 967 798 260 575 391 733 1141
4051 4263 1043 315 833 161 1036 868 637 378 889 1085 1050 497 266 973 371 266 833 504 532 455
4531 4531 0 0 0 0 0 0 0 0 0 0 0 0 0 0 0 0 0 0 0 0
371 384 268 541 749 842 1133 1111 318 625 486 295 657 722 283 233 502 17 1012 800 1017 1069
786 808 118 1052 1003 202 742 178 1129 81 1121 1111 1036 918 437 353 749 133 851 434 59 943
789 2647 399 74 388 4 560 91 756 680 236 213 727 908 778 1018 742 198 786 281 834 74
2592 2592 1137 505 745 150 316 531 539 532 1085 753 11 965 387 708 425 330 977 398 509 302
3892 3905 708 469 1060 329 1004 823 825 677 827 999 1008 896 45 1113 335 1049 972 924 710 64
991 1018 962 221 40 711 77 769 656 762 492 405 672 30 755 181 435 568 985 2 425 184
1651 2344 9 954 1029 828 708 183 357 162 909 126 1062 297 36 1143 612 903 696 306 933 0
3738 3738 162 1038 528 813 804 621 978 765 219 174 111 519 762 348 1116 1104 960 21 999 360
2118 2119 664 826 304 317 500 1036 318 1037 413 605 390 498 904 709 635 304 693 902 547 423
531 565 741 534 766 475 869 380 1088 391 729 547 456 497 661 200 432 689 645 371 1152 824
627 720 1026 728 1005 590 232 42 308 104 832 1036 356 1136 706 54 338 808 648 328 99 1052
2743 2743 621 188 1119 836 1060 233 238 164 721 222 449 115 843 581 1048 755 419 314 128 833
3359 3367 852 730 329 207 212 800 702 1087 1099 1059 375 709 444 107 1010 108 984 338 847 569
4107 4125 312 897 703 179 506 1102 956 796 122 582 651 663 268 873 1085 197 135 256 231 776
179 1547 542 146 433 959 1060 237 599 1087 67 373 457 425 275 337 321 789 367 509 783 1135
3495 3495 766 763 555 776 893 136 8 1026 952 958 450 755 1031 8 1042 4 861 360 58 11
706 722 126 596 532 240 14 668 47 958 1126 856 87 314 565 641 138 983 359 159 617 298
194 213 1071 1112 268 715 347 550 416 199 555 1019 585 903 502 978 573 470 135 691 413 1095
850 2340 466 122 1135 1121 453 489 871 565 819 550 331 447 575 49 842 546 962 940 941 336
4771 4771 0 0 0 0 0 0 0 0 0 0 0 0 0 0 0 0 0 0 0 0
4582 4591 579 66 1131 219 597 861 309 510 1068 609 822 654 522 6 369 315 681 213 834 792
1760 1767 67 480 1052 539 628 189 379 131 859 374 736 121 75 135 632 291 208 291 1018 605
1105 1559 487 432 251 59 734 605 572 543 21 707 308 877 779 1147 994 600 476 293 203 1099
2485 2485 3 602 285 963 526 585 1087 936 271 694 1144 476 120 307 698 1137 545 746 135 500
1793 1802 797 126 888 852 457 209 350 463 200 1124 222 49 596 295 390 419 642 0 671 188
1674 1703 1107 979 1025 876 300 333 326 783 1052 560 954 75 1105 1132 975 79 993 791 735 253
1223 1909 154 1024 799 155 700 489 217 578 194 690 464 706 1006 418 595 668 453 404 508 541
1781 1781 94 321 751 221 868 576 244 29 945 479 537 1116 506 67 980 639 359 805 654 405
4401 4414 858 195 129 960 573 972 816 657 477 294 156 465 603 1122 1056 648 231 288 1008 30
919 937 814 9 1119 778 1127 972 564 544 112 266 92 958 142 913 995 652 150 503 1028 705
3 1056 713 353 476 810 842 1144 720 815 43 907 847 633 681 652 923 250 781 833 503 415
849 849 508 692 999 495 686 465 402 768 967 634 1106 949 155 29 952 51 849 116 865 601
1651 1656 673 921 18 515 756 1024 984 107 194 141 618 959 340 896 360 393 305 607 765 558
2785 2799 60 224 478 155 688 17 1097 720 473 162 862 877 1102 501 841 58 882 850 1109 1021
1032 1489 1062 1101 28 75 1013 58 637 1125 676 664 676 665 546 212 356 713 973 151 183 137
4720 4720 1113 1031 453 845 445 582 390 288 195 423 801 1020 573 231 808 407 116 219 313 258
1463 1463 510 662 690 772 103 23 39 712 843 31 809 155 752 717 636 698 902 838 307 1141
1047 1053 387 306 245 1052 104 626 279 597 1028 274 262 541 34 53 298 477 868 190 219 927
1281 2232 823 225 249 1133 645 471 954 230 265 668 44 1027 282 3 1119 432 1140 704 830 959
1891 1891 0 0 0 0 0 0 0 0 0 0 0 0 0 0 0 0 0 0 0 0
660 663 491 1007 697 369 852 686 486 920 563 712 1039 848 301 663 1104 859 665 57 466 660
3164 3175 211 12 1103 1040 979 7 1010 308 18 809 120 985 799 244 636 1041 736 540 896 479
2297 3434 426 187 949 1110 578 837 32 299 117 335 888 701 796 76 354 542 40 223 968 58
4618 4618 148 266 933 538 1006 1031 1046 505 794 629 327 142 807 317 583 510 867 1049 91 80
1685 1698 5 248 1109 956 1126 626 860 753 849 217 764 317 376 171 919 212 791 218 770 619
518 526 775 660 28 1013 1047 556 583 1075 811 595 676 1019 181 914 717 418 787 354 750 644
1462 4144 294 263 311 425 509 513 14 570 328 913 620 1008 361 715 430 290 1044 193 83 1057
673 673 0 0 0 0 0 0 0 0 0 0 0 0 0 0 0 0 0 0 0 0
3339 3345 441 108 759 573 672 924 783 903 747 810 177 816 483 492 672 447 1110 333 447 384
972 985 33 263 693 111 230 396 709 1035 489 970 506 962 771 451 841 912 203 230 902 177
51 3392 912 449 818 805 148 155 552 262 1113 586 332 128 175 479 959 186 189 156 975 465
1794 1794 1083 271 556 179 22 903 578 790 390 310 99 140 659 397 185 941 401 401 464 845
3022 3032 306 12 298 1093 61 323 963 812 382 489 218 472 170 813 88 296 381 333 1029 153
4637 4646 16 464 740 421 743 613 780 772 312 807 587 452 782 330 684 347 557 496 966 994
119 852 977 690 573 441 626 59 771 568 523 515 903 890 1065 210 156 163 637 1072 155 161
4049 4049 773 460 372 740 1000 726 682 898 391 690 377 89 389 160 268 253 1093 315 709 789
3431 3434 33 297 99 968 209 132 1045 99 803 198 1001 583 77 1001 1144 143 1034 253 803 990
4376 4376 922 529 359 508 703 524 382 844 149 466 681 1047 823 842 642 45 1068 737 245 1008
536 713 331 35 6 384 1095 861 557 330 1032 865 738 949 291 490 310 40 1059 1079 546 579
2426 2426 0 0 0 0 0 0 0 0 0 0 0 0 0 0 0 0 0 0 0 0
2104 2122 338 44 676 531 58 264 723 352 1063 769 666 844 1060 631 1117 251 576 1098 307 986
3163 3181 1058 10 777 588 782 552 152 832 1096 803 261 825 969 433 602 112 292 126 970 743
1751 2695 545 1037 447 1148 1067 546 304 391 950 398 1146 540 973 304 242 47 887 751 995 270
2402 2402 0 0 0 0 0 0 0 0 0 0 0 0 0 0 0 0 0 0 0 0
2073 2085 122 873 15 30 901 794 793 9 21 1145 850 625 1119 288 664 298 211 78 448 912
2855 2887 625 378 570 853 212 972 390 652 750 215 422 759 418 1112 966 1065 271 7 976 1051
85 240 910 915 828 896 898 288 393 353 477 400 388 180 344 557 9 999 691 471 1103 720
912 912 100 520 206 379 180 698 942 214 537 259 637 943 752 967 844 681 651 976 35 683
1950 1967 1043 1027 1008 307 729 507 557 840 564 278 976 98 183 1002 673 610 758 359 712 843
3317 3351 933 920 332 1029 1064 238 1040 57 745 299 235 510 618 651 358 434 24 843 785 105
1344 2032 789 325 596 474 1059 956 713 256 229 592 193 660 447 852 125 426 960 959 148 985
1828 1828 618 474 588 9 762 957 402 813 1080 231 975 912 39 1113 327 819 615 837 561 1146
2159 2178 966 417 156 796 186 1072 193 502 1012 249 728 219 417 578 447 445 352 22 83 557
2547 2560 898 274 988 939 967 950 774 561 95 31 1013 31 194 201 961 432 174 239 816 378
4165 4353 1085 750 330 735 580 360 1045 785 1100 690 1125 760 445 240 565 975 485 1025 0 110
2033 2033 408 867 654 1044 669 834 606 840 837 120 1119 315 18 288 468 171 891 384 744 582
712 712 831 334 207 866 292 444 726 954 318 913 579 1017 302 641 21 801 709 618 1118 172
1319 1339 358 1036 133 710 648 50 983 1135 705 823 222 152 823 659 447 590 960 381 686 811
3765 4046 348 906 75 309 732 1032 258 42 1095 1044 1125 636 816 459 861 654 297 693 297 81
1525 1525 0 0 0 0 0 0 0 0 0 0 0 0 0 0 0 0 0 0 0 0
2688 2700 909 447 588 66 1122 639 27 57 477 849 468 1098 3 120 732 768 972 483 90 996
730 731 901 408 892 747 80 872 556 595 599 88 610 655 593 795 676 842 740 791 1125 36
813 3387 953 173 711 734 900 726 349 687 593 1020 1106 327 749 1133 108 59 142 206 1015 287
2332 2332 522 1146 1089 21 186 168 339 1080 621 1041 603 1125 78 609 684 705 951 303 795 714
4792 4810 892 204 1108 865 805 169 667 738 1039 426 491 341 938 256 514 540 557 723 568 817
4055 4063 657 43 640 1127 264 63 53 477 1 727 475 827 38 767 855 12 877 964 178 238
2181 4121 509 1064 353 704 943 96 430 317 353 1008 0 198 750 82 450 365 461 1064 196 267
5000 5000 1126 709 158 533 233 637 988 467 759 29 463 401 954 143 1077 240 218 973 700 1126
3908 3915 276 144 292 245 1053 690 689 214 249 1079 84 252 1085 609 1001 217 306 826 476 355
1963 1972 110 370 679 1045 235 38 476 947 653 443 1104 116 145 434 444 697 336 482 331 954
568 833 341 685 39 432 1015 849 158 1061 663 362 292 234 12 992 120 178 1068 493 1136 1070
1805 1805 353 981 1073 442 180 412 331 22 30 624 776 1139 1061 407 356 475 694 621 774 723
34 49 803 942 721 45 312 1033 872 90 335 725 1144 856 349 808 1077 696 468 1056 68 1083
1462 1473 59 996 252 986 1126 630 582 629 498 808 640 10 73 642 781 795 374 99 1034 212
729 1442 910 333 179 297 342 1081 882 375 681 182 359 804 337 1024 865 632 571 329 112 600
2784 2784 853 137 82 1009 611 1001 275 190 1079 534 597 979 813 998 642 916 262 243 471 948
393 410 338 992 793 281 49 341 948 32 520 805 1039 858 723 498 713 818 800 270 1140 213
1809 1839 1148 232 623 8 626 52 394 557 25 1041 383 170 469 177 953 765 863 297 335 717
1125 2635 762 887 868 997 462 288 523 92 148 776 596 251 956 191 1045 665 598 1041 509 452
2700 2700 644 672 546 371 49 896 1050 105 84 56 126 1001 1106 84 336 840 336 371 301 119
158 175 97 1038 571 324 886 136 185 1023 1049 663 496 420 453 1151 889 789 564 758 331 407
2319 2342 221 1122 960 150 75 940 489 1044 664 1075 1103 1101 1017 1041 1138 5 884 66 682 485
39 4451 238 847 714 56 1057 917 1029 77 595 7 1022 1050 273 1001 357 28 308 147 504 273
1400 1400 1068 451 551 801 521 326 716 115 130 347 715 241 560 917 142 232 539 1008 31 556
3723 3740 657 873 858 153 309 786 1143 600 54 834 771 1014 267 513 291 114 300 21 9 690
677 686 557 1093 136 889 490 899 596 1003 637 347 886 182 6 880 518 295 520 1133 862 363
1330 1616 988 785 355 152 1116 848 1068 989 290 363 618 949 284 1065 738 635 940 1023 117 240
2338 2338 216 360 792 93 315 105 1095 309 57 549 780 840 828 1134 612 177 102 927 576 1152
4581 4594 589 562 716 360 675 1133 767 636 63 132 71 806 433 875 431 477 491 457 639 42
4105 4127 738 916 1 796 157 606 773 507 34 7 228 924 543 135 1145 76 344 592 449 1085
479 596 889 546 1013 822 583 333 820 481 398 983 332 1057 567 463 922 1154 652 545 951 1139
4477 4477 321 421 369 181 648 45 863 31 272 1121 158 412 759 888 386 339 346 389 290 377
2296 2312 211 469 816 366 368 1145 572 377 1090 952 1032 783 990 733 894 70 927 1074 613 354
4067 4104 548 958 436 56 906 388 313 92 163 815 732 393 1138 930 942 871 904 910 82 30
314 1878 1113 90 449 243 116 743 1015 465 363 540 49 1009 765 759 834 537 1013 956 761 86
3786 3786 1120 910 254 897 663 82 877 427 708 155 1079 364 62 895 405 176 930 136 18 1041
710 712 693 693 462 231 693 924 231 231 0 693 0 462 231 693 231 693 0 0 231 924
1252 1291 291 1066 685 745 602 127 20 213 1152 86 78 663 821 922 540 272 741 483 244 28
1252 1467 471 741 295 949 516 735 733 1113 884 358 1123 677 293 314 238 367 218 901 438 413
1118 1118 381 960 6 498 238 1096 323 414 807 703 791 427 407 711 983 346 1080 386 869 119
1832 1847 592 302 192 1024 842 464 320 849 1045 6 538 850 83 891 378 558 733 493 670 578
875 886 407 330 462 594 748 462 374 539 88 880 407 264 935 770 143 55 704 121 715 308
829 1089 175 1041 1113 674 1131 418 423 227 1104 267 1039 918 184 1147 610 745 866 303 324 821
4266 4266 177 408 345 678 843 168 900 345 915 1110 933 852 444 1104 471 906 1149 51 894 372
1820 1820 39 730 778 638 626 870 1099 219 961 184 9 548 287 829 488 1135 231 631 43 364
4449 4457 320 392 553 599 973 737 419 581 1060 604 749 491 431 474 1039 430 530 812 1139 99
894 1723 816 179 962 955 235 380 178 773 394 444 19 696 110 567 1049 189 970 470 122 954
2480 2480 0 0 0 0 0 0 0 0 0 0 0 0 0 0 0 0 0 0 0 0
3076 3082 455 159 882 765 1000 297 752 470 179 1045 63 1029 563 834 1028 496 277 164 133 791
3569 3606 615 333 935 407 239 515 820 236 225 223 763 85 591 1134 1150 711 839 36 991 839
113 1897 484 374 726 921 1075 795 351 870 793 544 346 743 95 258 662 968 156 13 502 854
157 157 0 0 0 0 0 0 0 0 0 0 0 0 0 0 0 0 0 0 0 0
815 831 279 628 401 661 633 1063 785 705 231 735 977 1004 266 957 213 989 1016 318 777 931
846 864 848 114 1078 447 1073 520 167 251 971 153 777 663 728 947 1009 951 711 699 335 500
2170 2823 513 462 160 852 269 681 886 907 683 310 1077 28 599 222 131 490 326 184 667 307
1363 1363 0 0 0 0 0 0 0 0 0 0 0 0 0 0 0 0 0 0 0 0
4200 4202 819 472 1073 444 977 873 70 194 949 407 416 193 943 712 831 477 563 782 312 504
724 735 1077 105 504 12 4 47 704 1061 25 664 948 590 727 866 503 995 1097 894 800 1084
25 1884 1125 542 275 55 68 257 657 743 136 1139 1141 345 123 112 557 768 200 1098 664 290
4232 4232 356 654 370 846 292 666 411 133 26 802 199 223 650 280 1132 680 68 560 888 233
3886 3895 372 842 1112 1075 11 550 976 108 563 680 215 384 972 918 594 492 540 317 350 1036
2272 2281 342 737 460 391 510 777 310 632 129 542 132 419 802 171 86 1043 747 1004 986 250
612 2075 743 476 756 191 154 984 457 457 1022 1032 1028 906 185 74 51 291 598 416 1046 699
3309 3309 668 358 221 772 951 562 978 841 82 1032 208 825 891 1120 62 158 732 7 236 683
3510 3527 764 919 905 930 603 778 1138 60 958 1017 250 437 607 978 9 316 392 556 35 76
3549 3583 452 440 559 843 711 100 270 554 473 413 311 65 732 868 609 857 1136 709 42 951
2883 4310 316 614 432 694 484 117 441 297 628 121 113 352 438 533 591 374 962 539 286 192
1461 1461 819 825 729 984 144 363 558 531 705 1095 969 453 345 39 429 948 351 528 1041 108
3974 3989 30 864 447 195 78 759 693 705 1053 747 600 954 195 1008 420 771 324 147 915 696
4147 4168 65 625 1070 565 780 870 635 795 720 1000 5 1085 270 285 1130 225 155 455 260 735
224 2817 675 821 696 355 845 1108 1060 945 372 957 517 271 459 257 859 409 243 660 139 924
136 136 606 1073 636 841 227 947 692 372 859 595 851 1103 195 223 130 107 247 1147 232 1128
3438 3452 132 420 362 682 111 596 1073 20 851 800 856 351 315 436 254 999 626 367 717 637
575 577 946 114 265 925 562 465 734 66 908 788 94 611 465 874 617 618 963 331 98 1025
2773 3093 183 813 169 888 532 227 740 967 716 762 335 945 349 223 390 69 891 1138 377 76
602 602 0 0 0 0 0 0 0 0 0 0 0 0 0 0 0 0 0 0 0 0
1095 1113 843 264 804 35 1020 192 1093 294 819 16 998 660 25 703 686 567 152 1147 905 261
4501 4518 786 1052 1052 1146 503 720 437 797 929 1079 615 31 1075 653 1079 199 492 218 370 122
3799 4188 736 16 820 370 937 533 260 306 1009 127 818 546 457 329 283 318 998 258 935 50
923 923 797 1106 808 390 611 304 536 151 1102 627 151 235 558 609 410 553 852 315 32 900
380 382 930 244 315 786 509 574 507 150 981 73 463 835 721 423 267 920 758 99 533 887
3237 3274 234 768 346 196 60 916 397 839 385 1069 172 882 879 565 641 229 1081 707 1052 31
1136 1982 675 207 237 669 867 504 459 807 801 1038 99 1152 570 243 438 150 174 798 75 51
2548 2548 187 1070 679 106 547 3 759 572 686 858 662 257 1064 700 398 800 265 781 311 1093
3642 3661 306 871 636 110 835 302 914 465 338 771 853 95 115 148 919 797 819 575 731 569
2833 2856 311 158 412 1086 914 74 157 877 156 970 934 348 539 1078 242 385 317 247 824 748
622 4523 265 251 158 326 368 684 1153 48 649 655 184 962 853 495 12 559 155 237 564 969
4869 4869 546 769 916 446 1100 74 432 585 151 705 135 975 24 991 340 101 457 844 746 731
2363 2374 188 489 314 74 439 582 1119 490 545 18 535 811 813 703 502 686 674 889 245 710
3738 3747 781 785 252 262 861 699 647 239 530 365 526 831 262 583 1142 924 725 912 268 624
2664 2681 285 1144 1151 882 388 553 94 615 843 107 796 731 825 28 1097 1136 1137 285 734 784
141 141 802 330 943 242 992 903 585 286 1078 235 1147 445 527 694 590 750 155 403 669 1058
3373 3387 123 646 644 728 811 32 43 670 500 1105 89 1112 156 672 257 403 804 656 629 11
4474 4496 694 1090 1122 619 778 680 501 597 1090 740 289 904 136 1122 59 757 85 879 923 617
79 150 776 585 697 877 362 84 221 115 289 145 853 1063 954 1024 148 105 194 246 854 97
4458 4458 642 217 159 508 176 580 748 603 319 739 435 108 146 959 568 375 130 528 541 21
431 437 863 662 528 260 1005 882 604 204 389 937 212 128 302 444 419 782 757 130 250 1029
481 503 391 1025 1118 1096 14 263 457 148 652 300 801 806 595 464 445 126 564 258 852 1008
1646 3550 768 45 33 897 60 840 972 12 279 204 132 708 414 552 867 558 990 915 282 120
2257 2257 1092 1102 785 552 464 404 258 556 447 687 725 12 224 1001 113 1131 1128 438 384 1089
318 318 290 716 348 862 411 204 332 44 534 795 967 718 502 475 1050 1141 278 956 706 804
332 348 589 362 459 628 52 306 1042 147 1015 449 372 705 534 1150 261 476 365 71 443 718
27 57 1153 414 821 538 373 762 162 1111 275 441 735 135 730 867 153 1065 131 851 854 672
1858 1858 805 506 135 824 796 59 588 1145 27 1044 980 355 655 1029 177 801 1077 987 903 695
3952 3961 948 783 468 333 972 471 210 786 1032 153 213 162 990 435 336 333 825 885 285 1086
4108 4142 92 140 124 1114 1042 327 90 941 917 666 976 233 491 50 753 838 712 632 1021 1021
2404 3808 745 649 911 1150 985 730 843 143 194 316 269 671 956 161 813 618 892 898 1070 33
628 628 892 996 99 443 477 466 42 603 926 87 717 1000 733 794 294 301 364 925 154 877
314 316 153 557 354 966 122 174 154 295 177 141 272 54 266 804 526 604 255 931 226 738
4667 4667 851 246 53 763 55 892 480 1004 527 922 584 1100 890 334 940 722 370 321 1141 722
1140 1308 123 676 709 517 795 321 301 852 984 731 213 1024 238 646 460 941 372 84 1030 525
4198 4198 591 1004 497 507 344 588 1059 1028 808 85 88 31 196 577 513 280 718 278 242 497
1535 1543 539 679 315 112 203 189 462 210 987 238 546 840 735 1057 1050 623 1071 910 126 133
4838 4860 300 1050 300 900 600 795 585 825 930 1050 1125 900 525 225 285 915 450 570 525 1110
179 2510 539 6 689 506 1120 206 145 1150 800 65 932 228 863 335 840 8 757 805 119 124
873 873 382 882 217 237 196 447 653 634 514 63 437 4 514 147 173 567 36 108 1145 667
375 388 528 487 173 883 821 277 1035 934 494 352 917 436 123 1150 683 1102 768 228 467 208
3661 3668 955 563 228 103 1099 543 822 808 830 249 1075 400 1072 130 872 555 188 297 865 712
3918 4551 822 956 998 878 749 40 459 620 560 608 1121 268 414 566 111 789 867 495 630 620
3750 3750 315 690 540 780 30 15 825 1050 360 735 1065 1080 120 825 960 330 810 0 435 345
444 450 1003 518 142 370 750 1154 719 601 1129 596 1036 31 400 1130 714 207 455 760 3 451
3322 3355 1077 1032 489 30 1031 549 1037 238 8 287 19 323 596 696 400 206 454 1147 621 172
122 272 207 414 193 813 843 318 1049 258 654 782 944 129 326 806 697 99 382 1048 728 189
3361 3361 1023 1013 303 793 25 292 840 228 405 203 111 245 497 723 754 132 935 769 577 612
4430 4431 1134 342 285 807 1008 486 99 603 792 735 435 1053 270 651 1110 624 714 744 180 882
788 824 685 618 248 549 1013 499 178 599 460 1069 726 306 523 504 99 1138 400 923 177 1115
510 1041 574 158 341 515 65 810 292 531 274 362 174 971 304 607 636 358 737 826 390 181
4057 4057 0 0 0 0 0 0 0 0 0 0 0 0 0 0 0 0 0 0 0 0
957 966 873 666 291 532 940 985 630 329 900 1014 693 907 559 469 589 441 592 1047 341 38
46 78 207 150 225 773 257 480 873 444 983 800 529 392 509 48 813 862 1002 1003 237 186
2440 4790 569 83 412 566 130 981 856 864 1116 899 486 203 259 727 595 289 689 970 308 1153
3025 3025 696 214 427 567 794 296 542 378 812 701 615 585 897 110 92 454 548 349 990 1032
1333 1334 367 293 117 86 570 852 48 318 501 91 1054 434 700 421 638 1086 719 1010 573 1082
1047 1059 340 295 1023 552 1059 100 113 739 996 842 383 847 720 789 596 1012 936 738 1142 676
319 722 275 638 722 938 1075 200 111 490 988 993 949 1140 924 900 566 667 174 60 74 739
1031 1031 268 388 830 484 739 619 285 940 589 1018 363 532 1120 266 728 914 61 1058 208 911
3034 3052 146 789 122 911 630 393 143 1084 380 1061 437 970 980 458 148 419 98 1129 858 364
4601 4614 863 538 726 163 237 185 210 846 1054 555 193 11 614 987 787 54 224 280 816 392
2673 3782 994 337 213 531 1066 149 750 1072 103 366 501 916 756 18 478 13 203 134 961 134
2634 2634 1037 448 656 684 437 557 619 840 426 483 1017 454 497 769 1130 703 78 724 56 566
1197 1201 1041 1130 305 903 858 843 712 905 1003 64 126 122 241 971 39 95 404 462 981 573
1857 1883 703 1125 1111 301 47 53 999 957 551 819 963 264 845 491 1127 4 15 836 82 918
2873 3613 369 609 382 652 1144 936 595 753 1068 285 901 464 194 133 47 1131 700 1152 917 441
4754 4754 746 88 315 538 834 684 1112 237 445 296 1102 406 400 840 1012 592 726 691 814 773
1574 1588 632 456 160 809 811 633 1029 700 173 737 269 428 346 783 908 780 1054 11 878 801
546 585 488 366 591 114 859 752 986 414 212 759 829 553 443 798 504 403 120 1083 834 215
775 820 1016 662 633 767 409 1078 945 884 178 1030 300 605 532 712 816 726 41 1006 741 141
1740 1740 320 19 297 1008 1064 886 668 890 355 778 131 794 391 760 547 304 838 990 0 828
1871 1873 490 320 738 661 1102 673 1078 155 741 550 690 814 706 338 744 944 31 234 67 405
204 204 888 111 190 940 641 713 647 1074 670 1079 46 993 1068 394 431 651 233 1082 107 73
1904 3072 822 1018 250 711 185 340 890 796 605 794 992 339 328 1062 985 496 1074 589 770 622
4889 4889 304 984 528 1009 151 217 1116 500 985 1003 195 551 1041 435 470 631 265 95 853 36
3658 3676 467 972 334 318 982 427 187 537 398 961 778 14 308 244 298 12 9 993 1079 154
1211 1226 79 585 438 920 149 268 284 681 398 601 1027 56 172 1013 151 1025 932 109 259 955
806 2466 1031 24 521 879 1151 416 950 1081 637 902 170 734 635 1151 233 242 180 602 1023 937
4909 4909 0 0 0 0 0 0 0 0 0 0 0 0 0 0 0 0 0 0 0 0
398 412 251 682 711 208 810 400 92 455 773 928 711 663 1035 1109 929 509 292 627 966 468
4311 4334 803 1096 1036 262 666 496 594 151 559 990 943 1051 117 490 851 613 165 504 62 717
1847 1852 672 341 599 84 971 836 956 216 1099 785 566 118 547 976 591 1003 900 12 504 201
1370 1370 465 64 552 900 64 76 557 641 853 299 411 1086 647 139 562 663 145 153 1119 1025
655 657 0 0 0 0 0 0 0 0 0 0 0 0 0 0 0 0 0 0 0 0
1214 1253 696 978 714 895 616 178 813 799 968 149 361 313 1002 711 141 569 712 1010 50 34
770 2322 777 457 962 214 201 1036 728 385 89 758 945 172 695 1113 142 311 421 144 95 290
757 757 0 0 0 0 0 0 0 0 0 0 0 0 0 0 0 0 0 0 0 0
682 699 881 990 553 1081 589 756 66 861 551 710 601 189 15 1040 720 194 142 547 1111 593
2838 2856 1112 611 90 1100 217 326 890 359 646 306 974 268 676 1013 99 968 1035 776 1070 116
1964 3232 878 759 824 785 374 735 397 306 134 296 627 897 671 1054 261 561 228 524 46 514
1737 1737 1059 264 1037 231 1145 809 222 247 1098 274 19 447 643 572 897 755 939 432 250 1006
4611 4619 701 438 1053 757 203 245 241 446 383 6 815 697 1022 555 706 390 97 27 164 319
1878 1903 727 123 391 576 569 943 696 491 188 824 1106 279 852 291 864 926 78 815 735 243
792 1887 721 58 198 838 751 93 269 47 451 709 856 32 518 621 353 1045 52 925 303 10
750 750 250 984 174 951 276 960 514 30 720 705 249 634 682 1112 242 816 391 499 319 401
4466 4467 0 0 0 0 0 0 0 0 0 0 0 0 0 0 0 0 0 0 0 0
4490 4528 958 58 233 957 932 1042 368 668 1020 414 691 834 655 909 940 82 119 71 178 532
682 864 380 799 970 884 855 693 145 78 165 12 826 1106 237 556 884 834 440 845 1078 59
3008 3008 0 0 0 0 0 0 0 0 0 0 0 0 0 0 0 0 0 0 0 0
4345 4364 368 295 581 176 10 747 961 1030 936 776 42 985 1025 1118 685 657 602 512 182 124
4223 4254 772 420 124 190 37 1140 653 1036 212 783 769 778 159 62 451 181 139 361 1032 356
122 4832 888 601 7 886 571 463 775 203 698 836 703 486 1092 577 210 403 967 759 909 205
2902 2902 1014 1022 169 890 704 1117 170 807 1028 226 826 1012 832 149 503 1033 258 565 1043 991
3540 3543 783 76 1059 299 667 368 33 411 459 1139 575 542 928 952 537 116 542 340 103 651
1190 1205 396 835 403 307 113 1084 47 87 531 315 1070 224 15 1104 565 1124 307 388 820 75
2390 3018 353 449 692 867 692 322 553 284 874 472 141 107 4 1142 971 262 266 1085 470 339
2792 2792 0 0 0 0 0 0 0 0 0 0 0 0 0 0 0 0 0 0 0 0
935 941 161 273 928 334 1143 1140 435 352 576 464 179 1148 27 201 799 344 22 110 605 795
608 644 387 470 377 202 755 993 501 111 1037 317 96 794 637 129 635 10 403 434 1087 789
1134 3974 554 692 113 449 74 711 568 880 196 452 1115 708 250 293 549 540 415 980 1137 921
2291 2291 1032 1092 153 807 993 1041 804 594 288 366 642 648 969 180 9 609 288 393 114 288
4058 4077 653 934 142 1001 626 345 752 2 276 1103 719 827 1076 517 820 861 1047 1003 45 665
1506 1536 987 636 249 960 606 174 501 909 183 411 273 312 405 45 249 636 429 123 585 897
77 354 474 623 1013 908 161 1149 1129 42 607 1077 192 784 1069 885 779 557 1049 161 323 1062
858 858 231 66 165 132 198 726 1023 792 726 1056 594 1023 396 330 825 396 1023 726 33 1089
3599 3609 131 946 809 1118 860 189 299 1001 89 795 501 10 341 621 715 592 1070 457 493 1089
2528 2529 735 231 168 840 1008 357 441 1050 798 630 1008 546 84 84 945 336 588 357 861 441
1899 2124 295 828 141 103 680 44 1072 49 28 245 1029 569 699 928 1134 1141 1123 645 526 208
1942 1942 352 1019 847 179 40 376 917 263 1099 894 1135 438 575 450 628 737 94 313 11 375
2975 2978 712 487 141 382 804 735 609 842 22 196 1051 12 851 576 884 371 941 1149 944 768
2725 2753 488 568 702 833 74 967 963 33 1017 912 572 398 209 675 343 1055 898 806 782 75
281 3142 515 1088 413 594 493 418 772 757 505 882 104 485 902 72 988 538 870 394 729 318
2313 2313 63 921 262 758 37 1075 414 130 1033 304 894 186 565 383 528 231 628 1060 496 662
2343 2356 1042 500 432 774 848 895 343 287 555 167 732 93 1075 231 44 16 979 325 1026 1101
600 619 812 1117 244 787 462 756 237 752 604 82 1031 338 475 402 16 723 698 537 520 1086
1398 2580 225 770 781 553 798 308 489 800 236 1037 238 498 598 973 536 69 997 1024 286 242
2608 2608 295 203 419 1050 1024 135 971 1120 587 255 909 903 846 787 589 735 552 162 825 150
3072 3082 53 431 150 999 1065 1066 1018 668 408 568 584 54 400 137 39 1024 762 572 754 1009
191 216 835 923 885 716 417 990 910 376 607 446 195 697 305 899 998 1083 77 472 562 429
1670 3973 2 252 749 913 189 1091 970 119 331 155 603 1047 1 302 520 145 316 793 848 566
2030 2030 417 795 778 887 578 539 722 194 532 323 1049 742 1103 475 466 852 1052 706 28 777
2974 2987 136 929 129 484 1099 468 65 577 512 448 183 1074 521 1078 674 830 765 988 835 269
679 712 850 684 90 238 1074 733 1048 74 246 768 113 700 71 615 772 772 797 861 677 140
421 486 811 338 196 54 918 34 917 1048 831 135 268 855 168 179 696 647 874 38 640 8
2542 2542 39 13 1131 286 139 1150 250 421 595 315 1132 167 1083 343 207 578 78 645 397 720
3442 3458 226 194 267 610 227 396 486 105 701 948 89 904 469 800 187 95 169 177 329 689
133 155 458 1102 44 255 1132 894 676 740 493 521 104 544 719 964 755 544 710 267 140 929
99 472 818 114 664 677 825 599 355 594 773 1047 499 804 457 220 133 370 1078 312 549 253
4615 4615 0 0 0 0 0 0 0 0 0 0 0 0 0 0 0 0 0 0 0 0
460 479 575 258 204 619 97 364 604 869 306 703 247 1014 520 1039 352 130 748 1133 522 1067
4450 4454 99 843 804 201 588 918 579 120 69 57 615 90 330 756 822 945 381 951 711 396
2850 3008 418 970 157 1032 619 786 433 216 1002 6 1077 344 11 127 400 937 421 96 181 1022
4844 4844 884 957 1065 359 347 983 682 292 657 827 1074 1025 418 1050 97 477 981 269 159 555
459 461 488 671 448 210 54 454 112 64 655 877 462 704 139 1148 864 642 615 733 409 788
4412 4431 864 599 219 1035 320 215 936 779 386 692 1064 557 1033 844 167 973 721 602 157 190
372 591 770 105 175 525 455 280 245 980 350 280 1015 1015 0 700 770 630 0 1050 665 910
1488 1488 714 666 495 771 923 245 910 212 156 395 290 1001 661 847 497 286 1126 793 825 23
3637 3644 928 933 648 1014 335 353 682 440 695 223 130 535 375 63 460 1096 33 1107 122 472
1494 1500 215 331 361 446 1131 97 642 125 35 422 655 1103 782 979 371 1098 757 500 516 30
333 2453 545 495 732 794 762 704 1091 412 554 28 136 801 294 963 195 327 482 76 707 408
3012 3012 389 677 932 622 493 605 277 572 578 91 1071 766 1 180 589 581 658 326 398 210
3541 3555 477 623 1145 21 499 522 504 268 323 86 519 905 214 267 943 449 1071 988 361 1023
3232 3248 475 20 1144 286 355 262 65 750 423 513 373 544 783 764 343 210 329 309 488 801
1717 2456 541 942 829 780 1138 606 527 541 400 450 1032 299 807 99 256 340 279 811 47 136
54 54 228 435 174 444 834 384 621 552 1125 1098 474 510 75 1137 1077 828 825 429 1068 426
4817 4820 690 99 1146 378 21 588 747 651 798 309 1068 1029 825 1014 90 840 975 1092 360 138
1666 1687 684 329 497 77 277 299 669 458 377 359 222 743 572 785 282 756 886 699 1039 853
2198 2267 625 217 92 312 325 1149 815 553 474 329 398 379 777 946 999 1062 534 271 620 466
4179 4179 257 584 669 684 635 717 544 355 79 695 1056 125 5 202 1130 589 1005 685 1009 965
4722 4731 57 221 1126 833 147 1124 758 425 594 1044 283 128 208 396 762 696 241 734 1035 902
3119 3143 1154 1054 309 1022 843 485 651 489 655 899 500 1021 221 98 717 176 138 505 1096 1133
3525 3637 516 63 1049 686 405 1031 150 1067 376 531 85 145 141 616 782 562 377 488 766 571
1984 1984 462 42 168 840 903 651 147 42 483 147 63 1050 147 588 924 336 798 84 630 777
4935 4935 594 174 83 80 740 335 590 477 1118 79 1042 144 821 1095 802 583 928 991 1105 950
991 1016 750 1105 82 206 592 1058 513 470 919 964 1128 806 342 180 706 758 213 1035 62 664
616 792 744 642 18 1052 807 217 664 1046 26 1010 162 576 333 828 1035 60 270 760 1107 415
626 626 37 307 957 365 32 601 244 1046 507 157 89 757 344 697 20 175 150 683 1051 11
2281 2292 556 551 590 618 643 894 422 995 251 153 678 868 239 19 804 49 221 15 1000 590
1082 1099 758 152 52 203 1048 88 414 1133 704 330 735 103 700 1065 293 602 132 1029 599 198
422 1162 1060 8 208 647 871 249 59 550 803 84 384 1121 135 353 370 1061 912 1098 1089 1042
444 444 822 1092 831 552 990 3 207 1083 288 306 837 918 1011 333 1056 726 891 549 63 495
525 534 79 38 929 953 358 227 659 527 959 731 1088 910 535 467 233 594 163 855 339 630
3379 3380 375 154 179 734 115 711 425 1084 316 744 860 767 938 636 122 241 709 535 33 117
835 1489 571 181 260 119 1080 210 960 57 686 562 481 122 1145 111 1048 276 1044 292 846 602
141 141 298 499 559 77 36 7 408 818 515 1041 199 161 1074 97 1018 325 297 726 743 909
3640 3651 46 340 855 491 341 1020 518 1027 588 639 251 339 486 409 683 288 704 932 210 927
4522 4527 843 929 350 121 51 459 362 1151 186 212 305 327 383 297 21 378 47 1132 1150 458
605 1033 204 864 1136 846 748 444 746 1063 365 217 862 366 455 731 171 278 730 725 174 19
2802 2802 711 105 813 1149 174 423 495 774 138 291 75 396 543 693 372 432 360 1134 471 1065
2127 2131 916 841 837 523 992 1129 630 973 187 514 1145 795 963 217 415 658 569 323 121 1012
36 69 1133 582 192 446 732 923 534 1096 797 231 1026 1047 1016 645 588 541 1074 720 135 961
4605 4812 674 377 533 607 972 498 28 262 118 587 382 537 1040 934 527 701 518 538 164 198
3759 3759 847 35 988 261 583 580 71 1030 636 835 995 132 721 1152 179 470 1052 291 587 174
358 367 360 509 383 147 900 635 700 1012 990 1137 973 1139 109 1016 349 652 424 552 909 1108
52 54 875 615 103 1058 605 787 1055 177 367 561 907 779 91 858 22 1031 1097 109 342 965
1050 1359 482 745 371 448 522 971 905 1142 971 670 349 149 259 963 577 1130 365 882 549 898
2991 2991 363 748 44 484 682 165 352 979 550 396 352 462 187 33 550 297 880 473 385 561
1701 1714 1129 769 146 626 465 331 668 629 1134 540 643 724 232 349 1106 280 844 338 215 571
1818 1845 1011 428 592 591 1064 878 169 527 1116 1056 944 65 222 304 501 178 163 1140 1122 14
330 360 136 823 684 1070 68 1126 710 1121 653 205 181 381 166 104 664 417 899 56 574 1153
4932 4932 870 15 1005 465 870 720 165 915 390 600 525 630 960 810 705 345 795 210 180 225
707 714 95 528 920 452 1036 684 1019 713 26 51 385 972 704 628 398 1109 632 841 202 812
2795 2831 704 412 933 900 221 148 806 994 429 408 440 502 667 1085 496 432 337 967 892 1124
1946 2137 112 441 966 693 399 490 910 1141 742 532 1015 497 413 343 161 560 336 665 406 567
2608 2608 450 235 104 526 538 305 168 567 502 1134 1004 224 863 1133 5 648 720 297 1058 155
3381 3386 937 657 283 588 668 542 96 75 57 1091 758 687 412 1013 1091 1018 746 860 719 363
2306 2337 59 635 953 1047 281 178 237 720 203 909 772 335 339 180 606 794 924 600 1045 1064
1341 2051 300 787 127 543 501 23 303 6 1102 723 248 266 127 218 1045 95 233 223 393 482
4229 4229 1023 990 44 693 682 660 385 275 715 132 517 66 1012 110 825 660 88 880 176 1089
2835 2838 245 1070 87 283 868 937 9 824 257 357 716 38 192 548 362 1144 570 417 65 570
106 126 700 975 265 320 180 400 1150 635 415 200 320 975 200 575 755 495 335 340 550 905
853 1010 470 107 5 386 1002 313 322 586 323 650 665 914 748 1017 929 119 798 27 114 1139
869 869 601 183 832 370 1070 133 384 71 172 439 389 3 762 928 1112 1049 258 1133 251 159
2964 2980 904 7 890 144 754 940 149 599 1142 927 1072 1038 642 909 38 826 444 887 620 1116
3456 3469 80 321 1029 855 841 737 229 628 392 1043 1127 220 933 472 94 130 462 696 166 424
1699 2692 546 176 1009 541 1011 836 267 471 532 997 929 39 195 895 768 202 123 662 911 378
4010 4010 950 161 805 357 381 155 314 143 73 354 821 604 1127 231 683 439 59 700 431 845
472 482 635 584 294 570 254 432 968 1099 788 416 722 505 643 1108 159 995 61 984 876 707
1582 1620 948 308 647 354 458 1064 1068 921 647 63 778 1112 977 613 570 570 1044 1027 114 410
1477 4047 719 300 775 439 832 972 1134 332 712 346 550 193 1010 751 1055 529 952 378 1013 339
1036 1036 285 861 250 60 264 869 400 219 609 932 719 1001 352 276 258 556 620 1126 535 366
1647 1649 390 1150 720 215 1060 930 175 55 760 280 605 5 195 165 640 30 930 715 650 125
4215 4253 232 438 516 348 1021 496 725 428 1074 216 631 438 532 207 559 442 5 106 664 789
2044 3703 0 0 0 0 0 0 0 0 0 0 0 0 0 0 0 0 0 0 0 0
2511 2511 183 826 543 414 174 510 749 116 678 602 307 153 586 1024 226 875 965 1126 488 979
2990 2997 158 166 342 1098 836 1098 1106 1102 966 505 333 151 736 115 723 586 638 1028 613 212
4250 4288 384 95 1020 162 673 291 16 671 868 208 828 1122 920 84 1071 653 470 188 1076 723
164 1882 805 753 665 595 1024 95 346 130 325 729 288 484 742 421 89 1016 470 751 404 231
3611 3611 586 2 3 938 973 726 159 623 171 889 875 440 355 339 1030 588 400 676 538 772
1287 1287 13 553 773 894 526 1118 558 418 845 616 851 1131 744 562 612 783 1141 802 864 860
2612 2627 355 506 728 672 853 70 852 149 98 70 202 1107 217 918 196 700 702 260 762 63
65 2591 177 879 948 866 944 411 467 1062 942 1095 940 1142 166 621 1089 639 5 1124 814 304
93 93 832 795 759 81 691 878 999 1027 12 121 235 796 405 1113 520 337 340 915 242 444
3745 3752 124 1 1102 823 352 505 805 333 35 799 155 604 52 1036 736 1000 467 1088 999 662
1790 1809 893 1069 397 321 93 12 1140 137 476 781 1034 84 1007 306 274 953 1115 984 324 486
741 3282 475 257 1039 764 1004 355 40 213 208 926 1067 939 459 467 667 384 707 1078 1089 52
2627 2627 525 840 210 840 945 1050 945 945 735 1050 0 0 420 1050 210 315 210 105 105 0
82 98 1046 1092 926 299 929 377 917 648 416 557 1029 228 48 662 513 1089 744 161 645 628
4163 4166 894 229 210 549 883 1083 604 207 432 906 910 499 881 601 823 649 177 540 69 285
1157 3689 157 1045 1084 269 405 29 553 379 165 1005 706 1101 358 426 928 505 854 299 4 1041
2624 2624 717 504 5 48 1124 957 1067 594 233 431 626 792 795 568 109 335 33 759 804 926
497 499 927 183 546 24 1034 1115 813 678 1027 237 284 328 1003 527 367 380 765 387 322 816
670 697 103 899 1 416 83 200 606 195 645 545 391 666 608 634 1030 340 530 77 254 373
518 3295 437 759 663 364 1001 354 756 286 241 562 38 447 64 982 331 174 780 524 733 1054
537 537 650 419 771 668 925 530 344 1104 307 1053 899 887 966 204 164 61 597 727 223 292
1372 1381 484 995 222 598 437 232 1077 1150 740 69 456 913 1073 1016 1098 942 357 961 158 167
2414 2439 1105 503 1046 29 988 5 298 299 321 709 530 887 1023 779 1023 250 237 1040 46 961
674 706 75 488 278 590 622 8 541 90 1013 42 274 747 184 689 80 12 931 612 866 451
654 654 122 216 572 439 776 324 163 1137 777 551 828 632 1056 831 161 172 314 746 203 322
775 786 63 100 385 70 915 1092 592 38 268 423 177 321 852 419 270 507 1034 635 778 158
3952 3958 616 847 77 385 770 1001 847 462 847 385 385 154 693 847 1001 1078 693 462 231 0
735 1386 477 1153 752 716 848 620 709 612 688 757 1119 523 244 11 560 914 57 203 506 43
1477 1477 0 0 0 0 0 0 0 0 0 0 0 0 0 0 0 0 0 0 0 0
2709 2722 460 553 807 774 919 538 323 888 700 247 694 220 417 331 1128 402 1017 689 376 1107
1553 1587 384 113 116 188 755 990 216 2 895 19 632 132 627 739 1050 1042 74 470 110 137
753 1053 252 1041 572 17 662 252 427 93 914 570 341 313 788 269 379 645 440 464 745 1147
2164 2164 293 193 392 790 911 946 697 620 671 538 76 578 851 769 1063 59 19 636 317 415
1227 1243 80 54 733 990 1083 897 834 403 747 330 1099 163 607 61 135 858 458 36 200 417
1284 1284 856 87 1117 384 301 806 419 883 485 1093 881 748 964 272 638 714 708 308 415 1048
1396 4902 925 809 981 414 471 360 889 378 598 581 418 839 1113 704 602 806 379 670 857 463
206 206 188 50 228 232 345 798 485 1112 74 99 844 980 109 625 925 609 396 746 146 440
2160 2166 289 674 706 635 868 788 866 325 358 1109 158 454 688 497 149 412 737 858 646 845
4315 4334 409 683 188 925 957 976 408 187 581 883 536 335 114 809 407 720 5 634 109 42
257 3131 894 1122 909 666 517 1083 1059 374 1012 648 885 240 1132 350 126 810 852 315 649 274
4479 4479 454 930 895 132 919 1141 1037 135 644 2 623 3 760 727 127 236 268 108 901 982
3096 3112 458 929 66 63 465 867 658 196 647 953 1136 184 458 582 1000 254 569 1062 241 1063
4036 4057 484 674 223 258 777 206 334 800 390 996 101 716 856 244 862 409 59 644 167 693
2428 2576 246 1093 585 870 679 106 896 622 1082 160 663 632 991 368 859 830 646 854 598 369
275 275 995 530 905 635 655 520 1060 135 875 980 350 780 760 260 0 340 165 25 215 260
3996 4010 1056 1138 918 403 181 850 1020 473 845 193 659 1061 603 519 1032 338 480 118 869 516
1383 1402 769 65 617 18 460 154 209 214 271 1082 666 665 185 425 672 321 836 343 122 87
3172 3523 74 604 173 248 632 644 826 241 356 16 411 684 672 1138 476 1091 862 905 9 679
4344 4344 505 647 90 1094 262 403 192 1007 156 1063 285 239 225 1126 632 795 304 386 913 763
1685 1691 770 633 1061 583 535 413 256 265 1120 177 801 277 268 984 136 30 511 696 444 534
2002 2039 682 454 153 1133 256 494 1086 126 647 31 1024 450 805 55 520 579 218 799 371 1046
813 1336 1058 202 122 778 854 461 486 97 78 335 410 167 1007 396 523 904 359 246 529 1000
1036 1036 1125 1113 845 480 957 22 890 597 252 526 1132 1078 506 1053 909 983 340 923 815 618
344 348 542 1053 696 174 370 384 785 868 778 730 944 1091 217 1136 1059 358 671 949 345 914
1822 1856 753 238 748 917 457 962 1087 470 207 1022 1140 113 461 693 711 237 397 307 980 794
35 3392 1021 94 613 922 802 180 286 1135 997 282 770 533 76 357 1053 257 998 792 260 370
3172 3172 873 660 3 200 247 306 1115 456 1058 882 1096 252 841 262 868 869 391 581 846 823
762 773 903 521 466 844 680 168 793 449 89 927 1126 1007 879 645 647 1091 997 586 758 1121
4259 4266 1090 507 311 296 927 18 327 771 534 687 168 960 983 1056 440 352 1058 587 858 888
967 3064 263 619 1151 1150 1135 908 682 914 616 977 67 821 233 192 399 353 1097 824 452 485
2162 2162 226 245 710 1128 251 1136 201 664 519 747 873 113 796 829 1083 646 934 646 685 991
2677 2685 135 492 749 601 889 41 825 455 1141 785 139 488 306 67 989 709 335 584 88 175
2427 2450 0 44 987 251 0 1127 288 112 515 812 37 774 745 420 413 864 317 324 864 815
2719 3689 414 696 976 913 1147 467 584 983 286 1125 650 796 1044 843 436 871 746 358 435 145
1462 1462 271 283 563 626 8 900 252 764 1065 907 1072 555 194 447 307 185 865 967 353 951
2699 2706 5 1100 638 704 54 760 910 970 526 1016 486 859 1011 1081 705 650 211 344 988 1071
2790 2806 797 1102 885 337 564 1 118 204 127 96 355 95 230 765 337 823 207 942 135 827
195 4295 175 965 1014 1058 3 317 283 34 243 415 321 1006 998 844 877 299 324 721 954 946
133 133 301 923 666 5 72 602 980 748 420 483 119 166 254 106 526 139 503 903 427 860
3478 3488 253 517 1138 809 49 439 499 182 605 947 972 720 843 910 714 910 334 10 600 729
1040 1078 448 196 978 828 1035 680 771 501 329 920 1128 775 792 398 1071 69 757 728 277 144
1133 1531 507 472 818 809 556 493 86 383 505 703 20 464 43 186 1121 131 675 898 340 442
451 451 0 0 0 0 0 0 0 0 0 0 0 0 0 0 0 0 0 0 0 0
927 936 239 170 547 1069 731 70 1153 1055 896 597 952 758 903 403 575 544 614 60 790 149
3829 3841 758 700 717 276 91 1083 518 831 869 372 59 999 425 634 982 481 409 310 104 789
17 3573 1016 4 600 488 1113 83 31 425 673 1023 715 357 301 372 213 785 291 634 484 159
2561 2561 632 1052 203 904 1147 590 1002 744 571 1068 703 19 841 699 627 1136 355 978 13 913
1876 1895 411 655 20 953 917 77 997 778 920 103 437 800 646 197 1024 457 820 349 435 345
2498 2529 626 285 975 331 285 954 412 382 1076 60 123 961 327 374 51 34 898 382 1015 353
227 1497 49 1098 765 9 57 978 142 1075 931 70 398 893 1091 723 1079 677 621 472 157 935
3570 3570 313 645 422 928 659 495 1082 951 121 306 910 1039 587 581 586 1002 671 114 1028 764
3303 3304 905 899 710 35 123 543 84 11 924 148 814 328 105 992 1069 798 524 267 578 1052
1495 1522 284 472 427 233 926 1082 905 128 431 410 743 453 103 345 209 111 895 957 668 816
423 560 1124 298 624 276 141 276 1126 99 134 317 76 791 1012 615 593 309 817 1042 768 656
3178 3178 126 396 6 552 1113 375 825 342 465 45 696 294 81 660 702 99 252 819 255 207
4346 4346 1149 1110 794 298 883 459 979 897 546 694 1121 834 118 929 1021 363 471 669 535 263
1991 2013 96 547 207 213 71 484 277 825 690 1001 524 184 1054 396 610 403 222 548 16 243
8 10 61 748 1077 330 1054 478 909 20 425 323 101 362 869 519 1007 358 355 917 21 793
2990 2990 0 0 0 0 0 0 0 0 0 0 0 0 0 0 0 0 0 0 0 0
3049 3053 806 279 503 611 72 847 1051 1123 642 494 447 290 543 36 351 1089 735 940 960 976
4798 4815 955 215 400 347 245 749 858 1005 201 225 643 41 883 1082 566 955 227 815 494 905
330 2013 39 616 418 741 906 495 153 792 622 114 783 1150 283 306 134 827 363 85 503 565
1470 1470 999 517 434 810 823 395 613 978 588 305 59 769 435 181 515 757 751 655 461 1058
3080 3093 624 466 853 409 1046 903 186 221 443 92 883 608 52 408 123 444 1072 857 860 1119
3099 3105 833 350 9 354 734 694 1070 511 674 167 502 27 88 627 391 973 600 390 370 699
645 3735 975 969 123 165 237 699 1074 144 441 783 867 873 264 1053 9 642 732 969 552 444
1462 1462 338 847 1099 866 58 852 207 508 454 1129 591 31 777 116 1022 323 978 1009 718 256
1634 1639 125 575 1059 520 304 404 1116 62 571 862 336 45 712 278 310 7 853 453 289 286
1675 1676 442 1002 321 205 816 820 121 96 971 103 454 3 33 532 103 892 637 648 1146 1051
3762 4004 986 795 1025 234 1062 808 382 485 513 1009 836 201 1121 357 941 438 780 990 688 1130
3316 3316 45 1087 231 1140 837 47 476 1020 469 163 602 587 1090 968 544 785 951 663 27 436
1020 1038 389 1090 983 499 216 290 871 278 393 451 971 383 1008 171 996 542 140 34 688 659
1923 1934 971 372 1079 749 922 845 249 157 194 339 562 780 240 80 302 878 493 795 812 1128
261 1453 192 524 38 100 154 963 217 925 345 911 1112 688 566 541 83 979 29 61 17 696
2780 2780 0 0 0 0 0 0 0 0 0 0 0 0 0 0 0 0 0 0 0 0
3733 3752 1054 1093 69 49 890 1031 457 322 445 76 661 984 105 338 974 961 443 977 402 114
4610 4630 112 854 1044 27 706 849 929 131 97 179 819 356 69 378 558 515 846 636 931 978
446 1607 982 875 328 643 370 137 1152 412 339 389 358 1116 181 768 622 316 249 106 351 341
1096 1096 174 179 1089 172 264 79 1138 52 838 929 435 515 209 589 306 596 171 14 395 66
3650 3652 1045 38 991 1031 859 367 271 189 472 1106 429 522 155 1055 1139 438 304 1140 697 564
4700 4703 144 639 886 1084 450 354 1095 952 522 787 581 411 431 194 553 419 520 462 772 281
2685 3042 982 911 459 1037 504 377 903 352 344 105 158 816 516 364 437 106 528 1132 1087 865
4069 4069 0 0 0 0 0 0 0 0 0 0 0 0 0 0 0 0 0 0 0 0
1568 1581 1130 13 1081 16 919 106 885 717 961 874 236 726 771 611 722 2 176 24 667 1019
4406 4406 419 571 608 267 788 873 545 471 333 736 570 46 0 805 134 116 403 945 778 788
1183 2795 102 315 6 55 578 660 415 1138 669 41 102 741 204 721 881 274 320 72 383 293
2276 2276 186 410 1086 1022 394 554 141 770 326 1048 821 196 163 1003 684 423 1064 489 864 398
2262 2267 788 687 593 369 570 556 1060 381 699 615 1134 1084 638 485 84 908 576 726 871 888
4880 4895 694 104 192 458 568 933 1053 603 641 933 913 430 105 673 995 202 719 128 1013 1035
2536 3687 795 21 217 388 485 405 598 183 706 488 569 173 999 1062 64 310 800 719 697 1121
4172 4172 821 808 872 545 613 1049 234 550 902 633 689 468 1002 240 1015 418 477 933 359 79
74 80 215 531 160 381 1092 269 768 71 886 290 74 565 549 642 93 341 986 612 1072 407
4983 4990 1085 1135 980 535 350 95 935 1140 205 790 880 120 675 915 520 930 275 560 55 215
729 3411 501 906 1082 565 924 415 897 113 622 214 988 736 592 158 874 417 131 91 894 729
484 484 781 272 274 574 864 861 834 821 150 715 1099 267 509 63 992 312 1106 681 138 192
2888 2905 483 1089 15 642 480 552 378 555 162 723 351 321 1098 255 138 393 636 48 966 780
4618 4647 502 954 485 1038 959 446 194 657 1086 1086 1036 390 435 784 862 178 508 316 337 622
1589 2193 616 968 275 154 726 1089 1056 1012 121 605 781 1001 33 583 286 506 1078 462 187 979
3470 3470 120 1151 493 376 691 446 845 311 503 129 978 820 614 927 789 433 195 1140 699 666
3570 3579 355 357 538 982 1152 249 195 258 552 1136 952 972 141 356 634 907 1121 871 82 620
1556 1580 499 490 998 102 20 1015 1052 1117 229 742 911 341 1050 701 790 403 616 842 759 181
1124 3182 533 16 1065 178 680 971 34 699 989 334 340 500 407 1027 235 1058 738 836 359 477
726 726 439 879 224 1026 796 548 734 652 239 691 405 704 256 372 944 317 853 108 1028 29
945 951 432 753 504 937 954 711 586 722 285 717 12 270 1016 213 516 727 570 304 498 231
3934 3946 783 157 354 355 757 181 661 492 566 717 367 599 823 468 691 663 127 130 704 630
468 1945 512 484 935 1052 912 285 29 828 828 302 860 1091 311 537 1103 672 866 216 32 672
980 980 0 0 0 0 0 0 0 0 0 0 0 0 0 0 0 0 0 0 0 0
3829 3831 0 0 0 0 0 0 0 0 0 0 0 0 0 0 0 0 0 0 0 0
3968 3978 953 389 1105 78 534 231 41 655 1080 641 1072 752 103 316 1093 796 936 1075 917 137
1043 1403 806 294 674 560 91 457 949 980 859 908 1153 925 1110 1091 771 974 1138 13 896 685
1221 1221 347 94 326 361 579 161 451 261 51 117 572 436 457 159 556 794 1104 342 872 106
4031 4049 120 678 963 694 110 454 1132 100 381 911 382 44 78 857 229 287 718 401 938 61
3572 3610 47 945 366 1121 851 621 671 930 594 159 186 896 875 36 892 544 147 1122 270 555
2629 4788 341 452 619 264 628 372 694 848 768 471 615 1121 782 813 337 956 873 306 686 175
3089 3089 510 504 1096 1146 1016 1085 37 579 1084 10 1083 5 576 700 162 866 689 790 291 921
2842 2858 242 864 906 438 449 237 929 334 754 1075 328 256 122 1142 16 183 1035 1040 863 72
4008 4020 1004 871 1070 220 130 1082 369 352 731 611 885 1121 325 293 903 966 880 222 893 791
943 2055 753 249 386 287 595 72 782 1092 340 703 572 439 227 891 1046 678 1117 553 1151 337
454 454 380 55 430 0 355 280 470 775 760 395 615 325 435 1000 630 775 915 95 825 1100
4429 4434 749 1112 285 37 623 871 869 218 22 735 435 1053 1040 1036 1110 624 329 1129 565 497
3661 3693 667 821 544 372 943 798 370 745 799 304 999 561 298 907 1116 456 558 693 358 1143
611 1678 49 1081 51 1022 614 444 614 941 34 748 472 988 42 457 223 731 863 987 743 1107
3361 3361 0 0 0 0 0 0 0 0 0 0 0 0 0 0 0 0 0 0 0 0
4730 4743 766 476 477 196 353 634 96 534 724 283 652 614 21 669 793 996 248 929 574 221
2832 2871 31 976 692 1149 765 427 702 402 321 130 872 833 962 5 1034 832 322 496 105 176
620 2956 882 300 735 1127 453 625 365 145 319 481 405 1040 328 483 335 586 639 659 1058 824
4490 4490 379 623 12 18 1070 159 57 643 218 45 583 93 82 33 76 71 402 425 31 888
3009 3012 458 94 541 790 766 352 334 256 586 52 784 160 1111 540 398 447 471 1069 850 1135
2274 2310 1008 147 924 153 465 894 255 702 534 216 57 732 1134 900 789 720 681 261 54 57
1942 3148 679 1 245 1145 165 136 39 942 784 834 1124 245 911 1055 793 901 850 508 908 787
3999 3999 567 111 981 825 579 210 183 1017 231 924 552 1107 60 357 747 825 432 468 879 744
1029 1034 96 329 516 823 814 365 1097 467 824 523 259 426 373 346 872 1033 510 1088 312 736
1347 1359 650 105 921 926 152 1136 1070 1131 803 915 618 979 1133 1046 592 495 257 293 1101 4
2375 3717 973 12 127 311 1053 457 422 795 286 349 1086 581 627 195 546 84 763 794 742 663
2746 2746 116 540 100 353 462 211 1014 391 583 433 190 652 170 213 1006 188 541 624 883 708
4465 4469 173 695 1094 35 166 1109 498 101 616 20 393 0 449 118 607 1079 92 664 617 620
3100 3107 532 771 102 1090 993 427 751 854 600 943 1127 574 123 380 849 157 740 1009 1002 1003
448 1424 11 824 1040 596 156 918 805 111 916 1035 279 104 741 1055 202 102 590 232 598 14
735 735 842 858 1102 90 1085 471 1053 321 1040 82 223 1009 1141 313 693 1105 789 884 664 760
3750 3759 875 280 20 75 1055 260 895 965 15 110 370 855 245 255 10 475 775 675 190 120
2246 2258 125 821 215 743 531 393 1027 840 252 303 979 222 474 664 553 456 949 105 894 965
662 1845 1100 124 645 870 174 3 1082 790 791 720 818 721 743 607 22 1003 26 281 815 286
1979 1979 731 78 71 1072 1067 57 923 108 393 1068 1124 876 396 1098 1080 534 813 581 975 323
4831 4841 495 845 673 584 253 540 74 994 480 498 1086 591 685 1106 725 263 438 445 39 278
2966 2977 1088 496 168 2 792 807 451 1041 164 237 1081 243 828 843 1141 755 277 514 831 1059
34 773 82 189 528 1070 744 681 703 358 964 121 167 541 760 833 100 93 707 774 468 43
4801 4801 482 691 658 338 972 638 100 514 714 836 210 365 64 331 509 346 827 792 622 577
2080 2096 633 360 1047 749 1071 818 421 41 412 850 1152 867 231 340 850 146 687 690 296 250
3155 3179 1021 917 614 271 832 908 150 975 221 119 1066 498 517 1085 101 962 134 82 691 800
1756 1949 345 525 375 390 1095 840 195 735 1065 990 1080 480 240 975 915 690 1140 75 75 960
926 926 0 0 0 0 0 0 0 0 0 0 0 0 0 0 0 0 0 0 0 0
2844 2858 398 818 59 539 601 186 493 505 155 881 743 1086 368 40 1103 279 40 446 31 144
3533 3552 188 470 423 898 1034 632 1057 355 101 550 697 493 263 668 248 669 455 1040 803 1087
342 932 973 966 49 189 119 77 175 119 280 980 784 91 448 553 532 826 616 329 357 231
1181 1181 861 90 86 602 1147 1133 1134 629 34 54 788 390 1014 141 460 922 142 1075 723 726
3844 3852 653 521 405 484 1068 467 257 27 501 742 497 1004 125 390 1124 510 27 304 747 796
1592 1619 231 1005 1129 602 851 366 653 172 470 55 1049 853 869 231 948 341 32 416 936 421
15 267 910 96 411 84 116 356 807 273 262 1066 938 947 559 645 638 302 679 994 622 524
2423 2423 343 1036 441 567 847 805 112 574 917 315 1029 483 630 217 1001 427 133 497 119 91
263 281 327 249 315 906 819 768 51 246 339 306 546 960 777 639 147 1089 432 837 90 636
3204 3223 58 807 1101 1020 717 899 835 69 433 827 347 1123 5 809 860 321 889 329 484 685
992 1433 539 639 981 1120 413 592 900 148 1096 1108 1137 755 1135 593 1069 1124 389 579 34 397
3858 3858 1056 264 231 1089 891 1089 759 1056 957 198 561 66 198 33 825 792 924 264 858 264
3114 3119 311 1020 977 977 538 682 815 960 1005 166 546 600 676 666 1113 1010 554 85 334 536
2882 2895 920 609 262 584 755 827 965 398 54 1131 404 555 762 1003 182 92 586 1105 401 671
1472 1564 854 1134 1040 384 176 562 780 995 157 218 482 225 380 868 321 929 287 520 587 390
4032 4032 66 777 396 330 1149 372 966 129 369 240 261 813 366 138 987 702 510 1011 741 648
474 482 702 864 930 512 863 15 800 822 591 1126 843 537 1048 967 365 195 288 277 123 906
2124 2154 679 185 430 685 556 1071 983 678 370 344 33 234 773 814 639 226 11 960 784 811
705 713 343 1110 839 566 1106 556 1130 786 431 6 718 903 759 1028 717 1137 457 675 14 286
2640 2640 223 1138 464 631 218 684 1064 874 1056 818 316 874 872 234 280 123 202 791 823 479
1258 1273 436 1005 1024 334 746 1046 684 528 788 170 921 786 68 977 443 48 856 879 369 975
4003 4017 964 542 39 1003 198 322 39 830 734 109 951 79 192 506 468 883 903 477 581 1133
1541 2411 649 876 877 139 536 203 1102 663 1136 219 825 782 147 816 1038 252 418 214 804 728
2542 2542 552 184 993 583 457 640 340 628 70 105 1096 1031 669 679 531 629 1104 600 466 240
1150 1164 1099 748 420 202 538 444 1003 209 940 1131 768 208 1006 979 1087 985 497 122 529 583
4908 4934 214 849 881 167 196 255 794 85 416 640 387 800 90 184 730 794 918 565 692 84
463 1101 1061 379 994 2 969 482 135 444 930 672 1131 712 829 132 1012 935 115 937 1043 915
4898 4898 0 0 0 0 0 0 0 0 0 0 0 0 0 0 0 0 0 0 0 0
139 154 966 435 956 94 531 791 392 328 183 521 990 483 455 803 245 707 903 987 1085 292
3658 3675 951 396 507 395 43 841 669 403 627 245 78 189 425 753 441 473 399 797 117 563
1273 2925 890 1107 731 535 773 117 712 200 737 150 65 357 139 613 1120 862 1154 184 205 179
2336 2336 209 625 264 1099 438 676 915 774 458 1069 759 464 76 879 228 394 1132 885 940 806
1162 1173 678 390 518 96 469 395 813 511 681 270 396 567 367 885 938 369 990 913 992 1100
2213 2231 848 333 790 132 124 270 324 200 787 616 1094 110 511 857 904 71 614 527 999 730
3381 4869 606 1150 1002 392 1116 1125 155 987 124 305 292 465 50 166 1015 746 647 1043 652 712
1015 1015 829 991 19 84 1137 97 642 277 172 68 689 123 712 461 148 363 386 295 152 367
4637 4649 416 844 914 760 1075 419 524 351 345 145 446 1033 46 94 367 310 284 109 729 867
4646 4660 187 912 1150 300 1047 396 722 110 239 391 972 741 522 430 1093 727 828 815 303 140
1713 2559 445 765 897 805 354 913 1130 795 609 51 549 1066 820 1066 555 1004 943 318 1022 737
1430 1430 0 0 0 0 0 0 0 0 0 0 0 0 0 0 0 0 0 0 0 0
1810 1822 905 1081 171 442 629 566 1026 1131 888 898 5 627 780 1120 180 303 1045 321 18 1102
1262 1288 923 881 891 104 951 1108 198 780 618 306 1101 706 377 584 396 856 1132 167 824 486
1445 1948 623 365 1054 656 301 773 124 5 629 891 659 234 479 437 342 618 851 488 724 890
1972 1972 693 730 916 44 799 413 1020 758 535 910 975 93 97 776 975 667 346 1091 747 333
1108 1108 564 1134 103 145 636 454 911 791 776 1072 564 476 361 74 192 339 26 130 415 1033
2709 2723 287 201 1103 1011 37 568 699 334 635 1015 308 967 638 130 394 958 1070 36 285 175
1336 4203 726 574 849 702 297 841 868 40 431 813 169 1028 678 1054 809 231 594 1007 492 47
2980 2980 1123 56 90 943 653 202 1130 545 612 1088 66 32 715 367 81 248 565 1137 249 484
2923 2939 240 736 119 690 262 1059 327 29 48 476 1097 351 849 525 1055 975 473 810 1077 913
3062 3072 356 825 341 878 527 620 254 136 762 445 577 1091 1082 215 940 812 979 787 402 817
3168 4354 834 453 898 343 684 888 684 124 1049 10 683 573 443 580 798 439 484 50 1078 108
4927 4927 96 851 352 686 539 455 646 470 691 537 1043 365 502 753 657 272 714 274 35 882
3533 3549 608 66 148 460 148 652 8 958 98 955 199 925 760 1000 1119 400 599 951 154 436
3257 3269 382 354 654 84 492 264 781 221 49 717 203 1089 83 238 170 924 698 1095 292 962
851 1512 373 908 847 822 802 39 736 332 1000 219 546 1016 24 344 247 337 1031 994 1147 269
1227 1227 1032 919 141 787 580 983 1001 436 360 893 136 1000 74 203 888 511 1128 462 972 619
967 978 1013 1110 956 446 244 499 184 776 1114 461 77 1071 975 270 1046 1113 536 308 407 932
3569 3599 916 136 810 926 1091 182 125 383 1017 1030 1151 72 84 139 1137 567 773 1096 969 635
1795 3295 1104 693 876 60 366 378 534 918 645 201 1110 990 597 843 369 54 522 528 3 654
4549 4549 0 0 0 0 0 0 0 0 0 0 0 0 0 0 0 0 0 0 0 0
1176 1181 306 22 716 99 66 112 419 426 499 45 855 860 584 363 519 482 86 1143 559 341
865 900 1101 918 997 474 511 779 131 913 186 977 1065 241 1112 829 944 339 645 925 565 307
1469 3367 224 278 360 753 655 791 957 226 478 194 669 726 128 1022 697 412 1135 1141 264 754
4901 4901 140 397 153 391 786 1077 682 658 802 285 1117 827 334 776 348 224 437 391 350 278
3994 3997 99 1004 672 892 773 237 889 134 548 474 905 673 372 968 947 202 397 402 515 386
2476 2491 1062 42 711 785 609 1148 1049 44 545 147 598 992 866 464 166 223 77 301 930 1058
204 2932 986 90 180 76 1119 222 456 556 484 523 241 1148 809 7 215 675 89 1107 986 17
220 220 252 1119 1000 149 490 1091 733 230 827 356 228 458 897 1127 681 231 851 631 1153 93
1992 2008 463 550 614 838 44 681 764 22 704 580 877 1080 576 948 826 850 1002 206 30 907
4763 4778 413 81 312 546 726 301 397 988 208 822 886 915 1084 605 496 503 453 776 214 203
1088 1319 679 1098 298 347 111 251 397 289 531 1001 208 553 738 448 913 1100 95 331 861 646
3688 3688 875 1120 325 20 770 290 135 160 180 310 1030 160 455 445 250 1040 1045 930 210 1070
1157 1168 976 40 244 586 161 999 1005 950 522 926 169 950 931 368 764 75 957 292 568 302
2936 2969 1143 241 1148 352 1142 727 893 969 68 941 506 1099 426 1135 575 485 1098 161 681 364
661 2630 390 706 22 177 781 843 946 892 106 862 978 5 795 661 419 765 892 1066 908 1140
95 95 185 668 1066 662 189 305 459 1097 124 854 999 697 482 778 662 1090 488 1007 284 426
3195 3195 210 705 665 642 825 823 702 224 738 851 44 696 744 1018 1106 118 49 509 137 51
777 782 684 699 237 228 711 426 435 951 603 93 384 603 804 81 717 501 819 393 570 228
184 2411 846 794 858 918 84 206 623 244 463 854 654 511 713 109 717 622 228 968 672 241
2914 2914 476 92 269 106 454 496 517 14 835 54 1079 945 1004 762 785 741 342 352 96 52
3520 3528 140 329 278 959 931 675 819 719 1148 537 677 425 486 637 734 1113 1029 752 56 307
1615 1628 143 1065 729 40 1010 327 538 858 181 157 19 675 284 546 462 278 876 319 222 860
2508 4553 723 107 194 1091 1071 1007 1146 701 1146 585 799 768 1023 631 318 1103 408 658 672 349
3990 3990 932 1092 573 693 645 1001 987 822 770 613 604 821 118 1059 94 803 587 693 533 296
2779 2779 470 1112 989 843 558 764 1130 530 61 648 1049 25 589 1143 462 206 756 308 918 1108
84 119 882 863 296 578 966 325 530 1078 99 194 379 276 1144 273 1077 231 29 933 1031 308
2497 4169 1025 246 222 1130 793 120 105 69 936 168 308 966 123 742 63 1150 1006 803 583 102
3642 3642 568 115 777 1044 133 422 864 921 523 840 327 630 181 1084 799 727 318 1002 260 23
3420 3434 831 653 723 477 680 792 274 24 532 585 339 741 1119 551 388 23 38 669 712 151
2433 2458 622 1056 566 1076 621 815 1077 529 1029 271 432 477 542 1000 1019 206 390 873 208 852
1123 4057 944 770 147 100 184 11 877 444 1035 840 693 267 854 436 1102 329 787 566 1042 453
1471 1471 458 716 384 1075 1004 98 293 271 772 805 142 14 1044 203 733 771 89 725 767 614
4374 4390 2 554 637 545 199 723 624 934 1096 396 371 548 734 814 30 1062 671 30 819 438
4488 4504 21 553 855 9 949 681 911 906 267 859 598 561 431 238 303 138 1047 547 586 312
3788 4503 253 904 37 287 942 794 674 411 1060 394 741 617 1 53 177 944 599 624 27 852
4803 4803 155 157 825 513 269 565 233 730 355 950 498 89 703 536 573 197 127 924 450 720
1371 1373 409 864 887 30 87 916 760 1038 859 211 83 34 1090 274 524 256 140 967 229 1093
4043 4054 287 581 86 102 403 250 1009 879 587 105 569 1073 903 578 55 74 371 873 1129 610
3347 4896 847 1077 1121 141 856 939 318 182 610 694 311 202 770 786 743 17 961 481 583 120
2130 2130 383 176 1090 295 959 607 466 75 1016 304 1152 994 556 305 79 999 981 1021 965 889
209 216 797 65 1070 22 1044 557 340 124 664 508 821 137 360 94 775 780 709 380 493 647
800 806 276 195 1150 1099 1041 204 252 26 257 534 570 251 172 1008 438 781 80 767 532 405
559 3179 272 1076 747 371 1083 433 871 505 381 1069 152 186 377 996 949 629 795 592 294 807
3501 3501 936 498 412 961 406 155 675 935 351 382 583 499 239 938 94 594 918 665 457 147
2124 2135 539 701 361 666 315 859 127 298 148 710 670 690 411 928 936 822 94 1044 755 215
4177 4198 464 192 1131 967 1036 1127 873 519 561 369 225 298 581 890 473 475 198 524 123 281
672 3511 999 11 174 1026 364 986 869 666 138 559 249 828 267 940 434 7 817 648 363 771
789 789 689 142 889 1118 253 563 814 105 312 179 442 441 694 71 14 853 291 330 461 303
159 161 658 139 103 623 792 160 835 380 872 423 719 427 879 873 271 10 54 825 420 723
4673 4697 529 437 383 159 987 881 726 984 547 911 877 157 898 825 856 254 811 514 954 959
419 1607 144 52 54 237 1122 953 1143 706 847 330 264 713 693 479 371 337 327 680 414 1086
2139 2139 927 974 634 867 98 525 904 982 269 751 268 211 893 960 711 221 410 447 467 829
870 887 222 497 234 1146 976 1010 424 197 311 93 647 183 127 982 125 744 755 1102 947 134
463 497 786 1098 583 360 143 683 520 1138 481 237 1085 704 4 351 171 207 1067 946 687 712
923 2146 425 418 678 433 950 24 505 972 903 871 301 919 547 237 299 304 195 294 1024 646
4551 4551 624 165 365 94 291 102 535 489 646 775 116 453 832 482 374 580 1084 990 54 422
3770 3781 514 119 796 663 951 851 525 736 1129 363 411 1147 856 254 292 923 935 64 782 12
4222 4236 921 261 51 933 1095 210 51 1047 927 636 1092 228 336 486 99 918 867 588 720 774
1291 1986 574 204 553 431 955 1070 598 990 5 822 961 1066 590 883 129 1003 990 1124 491 354
2028 2028 531 604 592 1114 189 378 1049 607 243 334 343 1022 77 217 1 474 789 112 18 277
4870 4872 1103 724 417 616 1022 840 129 588 379 669 762 381 849 1050 8 903 275 884 1096 560
2309 2342 0 0 0 0 0 0 0 0 0 0 0 0 0 0 0 0 0 0 0 0
616 1325 96 316 335 1116 514 692 629 283 913 763 830 659 875 843 654 903 627 922 1012 1110
902 902 0 0 0 0 0 0 0 0 0 0 0 0 0 0 0 0 0 0 0 0
2468 2477 343 917 476 385 182 784 931 700 581 784 1134 931 441 336 84 70 854 378 868 819
2208 2240 716 1113 769 416 544 964 790 1122 652 74 754 794 873 952 171 668 472 1026 836 939
3459 4133 895 795 678 616 753 188 369 306 390 269 389 905 134 582 213 686 377 382 508 128
583 583 172 803 655 66 58 287 789 17 683 21 1138 127 209 189 347 271 971 961 1021 635
3951 3958 1016 1040 908 198 919 1093 573 12 502 554 505 115 298 360 923 1117 257 219 832 799
2140 2153 1 792 805 275 1143 1144 929 93 608 269 1000 332 65 1010 954 1086 444 131 1030 101
571 600 578 251 271 945 869 448 1032 396 396 50 79 15 82 882 695 297 605 361 8 6
3094 3094 915 81 979 1045 348 318 345 445 62 973 671 82 1075 850 640 192 641 256 850 71
4439 4444 432 867 305 956 604 278 886 835 1130 562 274 953 466 731 19 144 541 107 558 272
3895 3905 605 1099 1123 698 618 181 589 403 1128 374 72 987 768 581 1070 885 947 475 678 1106
245 698 775 1078 682 20 25 898 602 819 986 542 896 842 358 433 524 154 2 1119 1132 307
1814 1814 512 586 649 32 272 248 166 164 563 730 443 990 980 711 515 472 587 215 725 852
2464 2477 1101 596 109 593 246 464 776 1078 1063 993 613 589 236 1114 566 1043 923 681 95 745
243 274 766 644 112 1006 1048 47 972 769 907 240 379 299 587 696 309 432 1002 169 121 140
1580 1798 138 1055 326 693 431 684 434 280 512 941 153 10 599 769 660 787 87 339 1100 75
1205 1205 94 594 215 115 770 1069 684 18 1153 773 697 114 510 116 937 484 789 1068 191 376
752 753 970 606 565 659 1053 343 256 1049 285 36 1116 866 996 3 577 82 131 893 895 333
4249 4261 686 162 1048 252 691 1025 520 248 325 578 355 204 960 659 762 183 340 94 436 226
273 3017 859 1147 257 467 770 977 933 792 61 108 558 237 408 452 984 1133 606 740 77 446
3685 3685 26 515 686 1093 178 653 854 644 1147 1084 435 799 276 871 474 225 794 746 25 484
3127 3137 462 374 450 763 894 585 203 317 460 306 958 359 642 49 440 463 715 248 85 218
3391 3425 916 108 584 697 497 77 641 706 690 856 81 338 1 519 405 867 886 76 1056 566
124 176 796 478 896 195 825 378 1010 872 1052 734 72 782 52 1079 604 887 1136 66 115 613
998 998 932 541 424 1044 713 578 246 514 766 28 770 1025 533 449 626 992 826 640 720 951
3008 3013 592 759 673 529 829 163 250 731 252 403 277 381 920 154 754 520 415 417 272 610
4572 4590 516 453 665 1101 580 936 76 838 419 527 196 269 575 149 600 1037 138 148 791 1117
3479 3886 169 647 439 957 911 153 105 865 789 1142 1032 279 766 608 1010 32 993 937 165 96
3846 3846 70 880 580 740 1095 170 855 1040 320 900 730 1005 855 790 1070 960 500 410 895 1130
2815 2816 938 657 429 13 591 479 303 222 1036 763 179 233 650 1097 324 828 571 496 476 531
1192 1226 338 379 1099 235 52 1014 1137 750 449 691 896 1100 986 864 487 715 510 208 380 729
299 1788 48 1006 171 527 840 203 995 1110 733 422 540 255 1127 979 563 354 150 975 201 51
2301 2301 93 1089 918 96 1071 276 189 1098 399 726 939 393 81 510 1131 402 987 396 1011 807
2793 2808 860 204 187 189 204 377 1091 848 912 345 847 673 844 920 207 977 428 597 930 1123
4902 4920 691 788 214 365 1094 1065 842 176 106 1144 683 369 478 347 1127 1010 422 597 612 509
117 3112 818 910 623 565 878 28 1 296 736 843 270 525 871 597 479 886 597 1044 337 2
4959 4959 102 588 930 978 66 621 1123 439 637 109 1116 1046 337 1056 443 795 968 242 997 176
1694 1710 523 738 464 948 902 650 465 561 580 1077 433 1075 537 128 582 813 564 148 451 548
4497 4508 421 1148 189 998 436 901 1011 915 486 1012 88 1011 223 469 929 418 1036 616 1099 860
142 1357 525 172 1084 382 886 115 106 413 461 693 580 315 836 19 428 763 1088 207 927 183
2814 2814 454 27 691 998 334 173 772 43 1008 813 434 1005 1010 244 701 848 1011 999 516 772
4346 4358 984 270 554 285 141 63 658 951 80 640 263 993 357 366 274 85 59 861 1117 987
867 885 1037 655 708 846 658 792 11 1054 487 1117 515 816 330 1040 542 697 365 901 470 50
378 916 356 612 635 753 808 1004 51 174 772 589 222 37 937 866 338 173 527 1126 566 283
1655 1655 1020 302 176 842 313 1014 984 670 791 1135 855 120 182 780 16 468 519 169 140 505
4519 4537 647 618 750 1058 876 830 75 1039 821 187 1069 1104 233 38 80 597 172 837 415 933
3630 3669 845 1114 1141 58 934 714 669 78 359 859 1115 469 759 63 1130 697 269 794 555 292
6 2472 758 911 1129 951 244 453 207 24 570 1027 691 812 998 1136 146 463 201 1019 157 480
3132 3132 1 955 257 707 382 1109 611 332 187 721 339 523 1027 321 341 847 1130 33 925 1079
2936 2946 141 317 570 1004 503 534 923 673 357 1018 949 794 758 517 741 663 260 71 493 1033
4621 4659 24 1129 873 716 220 369 651 342 1046 543 710 363 126 958 566 989 247 550 132 971
1744 3053 1044 1077 135 207 516 0 579 1026 897 537 279 825 126 732 186 855 639 708 855 879
1392 1392 840 1078 254 890 551 730 341 145 43 437 491 114 577 422 579 843 7 514 141 64
3535 3539 939 1056 14 33 15 671 477 848 306 1057 361 802 88 337 498 282 992 871 998 883
22 44 73 351 8 272 506 809 734 1110 27 367 781 831 201 343 874 602 1052 453 832 783
2128 4632 867 758 856 716 730 110 549 236 716 1007 776 683 106 649 865 458 890 138 839 1017
3900 3900 600 655 940 1084 232 955 84 936 71 1036 807 719 1056 507 847 978 934 434 895 357
43 52 338 952 389 532 396 183 600 217 120 8 505 748 666 1118 629 814 131 17 629 668
4552 4560 1132 323 714 27 755 828 348 120 823 1048 135 266 964 1055 176 977 307 835 124 450
3211 3756 310 358 486 1088 1043 665 409 55 969 569 307 243 583 263 686 941 205 187 221 459
327 327 492 306 912 189 567 690 549 729 834 1071 876 531 858 141 819 741 648 348 402 6
1982 1989 607 790 374 1133 182 346 514 682 249 690 814 811 131 499 576 613 508 679 428 1135
4579 4595 615 586 459 362 70 351 1136 534 871 299 177 129 834 476 21 445 358 310 710 593
1543 3406 271 65 913 762 114 190 397 680 1142 545 163 1123 297 366 738 797 905 1103 667 475
3655 3655 0 0 0 0 0 0 0 0 0 0 0 0 0 0 0 0 0 0 0 0
3947 3966 485 838 638 91 1023 560 643 1079 1002 772 707 906 285 250 554 109 843 278 29 435
4362 4380 849 297 115 239 108 463 32 162 608 730 689 226 893 943 54 650 1138 913 846 1145
21 23 786 472 742 238 813 921 533 403 617 121 39 411 480 368 510 169 369 1111 686 868
3646 3646 1106 1134 595 1050 882 945 434 945 1036 861 854 1064 966 833 784 742 938 714 665 784
1443 1448 197 909 651 1142 58 1054 822 880 857 976 842 848 498 743 1066 289 387 1106 387 517
1864 1870 4 1143 1126 812 1015 662 601 475 553 327 366 928 977 377 122 789 554 774 625 970
70 321 72 813 96 537 495 258 438 810 234 663 441 759 567 216 504 759 87 1011 459 1047
2299 2299 418 976 396 392 723 385 115 990 435 592 746 749 642 318 1150 698 657 511 764 848
743 759 587 462 798 589 739 101 1102 203 833 664 522 588 294 621 994 342 955 713 876 830
3092 3114 697 642 340 624 775 120 621 57 962 848 397 204 667 883 887 371 175 764 928 683
1513 3373 819 302 918 1142 944 1029 177 506 761 415 1032 117 509 1024 1101 143 360 621 12 685
4684 4684 997 978 149 10 1019 505 71 216 1079 787 802 1059 671 394 370 72 772 630 868 33
621 622 113 832 688 35 616 1081 844 884 421 1098 547 422 430 975 132 699 61 372 741 530
1621 1622 0 0 0 0 0 0 0 0 0 0 0 0 0 0 0 0 0 0 0 0
43 314 306 284 111 867 983 875 326 762 186 1001 989 605 815 947 641 714 742 923 536 71
3036 3036 921 972 853 769 76 874 857 230 13 1082 805 1102 1061 460 222 89 659 521 1075 578
1328 1335 683 758 1098 847 816 803 1030 829 142 510 989 6 905 319 310 593 112 734 73 1120
1633 1651 363 562 71 800 1102 517 569 1023 534 19 567 25 1107 488 229 704 488 820 81 731
1663 3025 593 49 745 505 481 712 662 797 832 920 740 1126 0 1153 772 602 857 311 1066 592
1929 1929 532 938 311 1035 406 1137 436 795 725 710 118 643 1014 822 76 178 553 325 348 488
2140 2144 1027 1151 880 1051 636 546 986 238 325 691 979 245 521 178 420 1060 1048 373 111 565
3511 3520 1075 1077 728 641 450 132 302 870 667 717 445 239 788 611 702 778 748 486 762 23
1808 2475 882 513 1066 882 699 205 850 174 635 1075 590 867 872 802 586 206 1077 480 701 524
1200 1200 956 919 852 1106 655 751 476 557 804 876 15 355 167 846 286 644 531 228 626 313
3345 3352 147 192 209 527 174 969 223 580 802 860 366 1150 633 939 610 746 714 509 538 327
832 851 894 434 1074 509 243 444 1023 381 582 1099 643 973 484 205 152 379 40 266 303 275
1946 2641 3 922 844 100 1023 548 1025 631 821 576 462 554 182 467 778 163 195 868 1095 238
784 784 1151 579 955 534 92 378 780 981 929 1046 1091 827 342 856 946 590 862 612 531 505
2797 2799 675 506 667 602 536 520 236 295 511 1153 399 334 329 213 502 197 193 454 704 358
2937 2945 948 322 1035 271 986 1144 365 157 537 497 369 511 611 807 771 889 851 175 866 479
111 244 891 248 146 327 108 1050 681 1053 889 1128 193 449 524 588 768 1145 821 210 1002 370
3653 3653 123 41 576 702 605 710 775 1051 53 877 1048 553 613 581 560 1038 178 866 1114 770
1734 1752 124 1090 260 453 837 260 1035 264 126 256 205 664 916 930 350 507 62 1023 813 751
3864 3893 503 360 1094 583 96 368 568 56 400 1029 806 717 475 1044 269 506 361 952 733 695
2439 3566 904 1018 242 1023 421 913 1114 852 86 564 412 206 166 959 1130 210 1142 994 950 491
2546 2546 0 0 0 0 0 0 0 0 0 0 0 0 0 0 0 0 0 0 0 0
1941 1945 484 1089 22 627 935 121 11 22 1045 957 132 935 1001 22 253 528 143 1122 1089 220
1914 1925 130 889 628 99 747 137 63 765 443 1089 228 81 173 896 1132 395 1145 740 754 441
658 1246 508 70 993 114 1071 1124 1148 49 865 64 683 398 236 170 95 41 659 938 225 862
3825 3825 469 944 28 501 502 613 1152 426 795 921 478 715 510 605 149 100 942 385 379 636
4969 4970 772 793 176 434 780 1054 1056 1113 925 972 242 463 990 334 583 939 32 479 817 849
1249 1255 576 979 39 246 468 382 69 41 507 471 377 156 144 972 1033 306 492 297 1026 386
2283 4555 923 529 381 113 244 1128 661 756 669 795 136 1018 284 142 350 514 590 144 321 994
1763 1763 119 9 25 556 912 491 563 742 15 380 621 124 1012 815 254 8 447 368 127 242
343 360 0 0 0 0 0 0 0 0 0 0 0 0 0 0 0 0 0 0 0 0
3078 3098 438 287 204 575 812 106 517 1122 809 113 658 519 508 723 392 226 892 211 501 513
198 2041 120 1078 699 435 665 614 300 784 904 374 476 374 679 1097 1065 56 1079 350 251 185
2865 2865 797 1131 729 1090 637 29 119 1126 932 957 572 692 748 638 1031 5 1013 176 727 848
4796 4812 183 865 236 975 307 364 240 37 409 196 491 327 1001 945 185 987 21 370 974 81
1375 1396 258 962 38 1002 1037 598 577 315 1096 376 332 847 336 230 1134 997 673 204 221 129
668 1251 635 537 257 344 523 987 593 126 693 187 882 733 589 964 656 217 495 43 949 1009
2157 2157 683 1107 630 370 822 600 129 521 213 317 627 273 39 321 807 52 925 294 362 668
2364 2376 623 888 602 365 1044 14 447 1057 677 706 268 881 411 206 1145 801 725 82 834 528
3835 3842 5 498 936 646 336 343 242 824 323 681 334 617 623 14 663 1076 252 248 463 498
4092 4766 121 381 533 290 715 820 369 342 463 168 584 385 7 1077 384 71 567 211 267 1088
1564 1564 1148 606 692 215 208 565 835 855 549 342 602 482 699 626 649 1016 815 1064 1112 420
2132 2151 234 115 101 456 1096 108 580 64 614 43 300 628 482 1046 682 400 451 1006 124 532
705 706 1151 973 1002 818 580 199 172 136 960 745 1072 776 412 343 827 494 930 146 365 352
1095 1285 129 789 720 45 990 630 633 396 1128 153 288 948 1110 837 147 345 267 243 306 1089
1011 1011 850 190 763 441 350 497 534 278 663 92 79 725 628 654 1101 266 644 532 441 955
77 85 180 765 185 70 620 670 75 780 900 910 140 1040 285 40 270 1150 915 370 225 890
1607 1607 159 777 224 1001 738 194 253 183 1021 588 604 71 894 129 887 922 545 607 137 835
3634 4585 268 144 347 300 439 932 286 953 564 324 909 1014 15 525 1140 95 1066 182 794 488
4234 4234 789 1119 981 801 228 714 36 357 393 762 33 96 612 708 636 9 315 201 303 1119
1242 1259 926 443 313 1019 480 446 894 412 43 1109 507 251 851 480 879 752 236 267 465 443
253 273 63 51 740 1103 1046 351 927 936 819 870 210 468 1081 6 418 87 952 86 745 744
1159 1409 264 255 943 920 881 665 648 19 1102 679 829 751 650 600 944 646 1054 245 448 59
1157 1157 531 762 71 966 344 945 1047 737 784 518 12 118 475 328 170 375 661 609 3 1009
3823 3842 245 454 72 745 341 321 648 991 134 145 578 78 134 1147 829 252 220 556 952 290
3386 3397 514 932 918 161 640 637 475 265 953 750 1098 323 867 1046 744 35 448 898 713 627
1289 2684 459 1074 857 175 36 680 237 189 776 126 1114 1013 318 1099 472 1143 158 29 115 221
3508 3508 816 858 20 488 823 76 650 628 523 786 116 385 956 981 1064 1135 42 720 995 1125
612 620 935 1025 836 239 512 669 675 29 300 976 773 978 62 474 637 382 1078 809 1103 491
4262 4273 879 432 933 999 520 356 867 470 475 1032 99 944 851 574 687 271 558 768 399 192
431 842 305 655 296 233 391 332 727 171 131 558 915 1056 780 751 849 989 404 577 449 203
1392 1392 647 487 823 45 115 768 714 972 957 760 400 494 571 173 216 857 655 259 683 859
3942 3960 789 631 655 114 783 339 1147 288 182 876 505 423 855 797 769 153 835 481 612 802
475 507 654 239 764 633 846 758 863 916 1030 2 266 599 614 1080 1130 33 53 1103 479 115
212 2667 503 949 1080 943 683 375 595 28 938 136 93 691 0 813 237 535 114 708 636 186
3205 3205 809 356 371 670 1049 357 582 24 34 136 728 122 228 397 1128 609 276 336 509 723
2545 2550 884 478 61 38 709 788 958 52 32 540 266 1048 1053 45 309 356 396 127 1017 344
2629 2668 824 896 1041 1037 971 353 674 752 742 366 663 691 692 1092 23 572 1021 1029 642 207
2153 2223 901 1009 662 910 740 577 471 781 1117 91 117 822 760 841 1015 73 600 215 105 78
4674 4674 1133 258 717 707 678 248 199 1033 396 602 891 1028 1100 698 869 222 240 808 531 594
3914 3930 354 24 860 289 23 631 687 82 68 1045 240 45 584 507 1029 516 73 146 649 736
4393 4404 903 273 210 168 546 252 672 798 735 1050 189 819 693 1050 105 1092 252 378 588 525
1047 3580 79 864 1088 39 1007 143 687 58 506 960 304 1023 926 1142 981 168 772 505 571 90
2642 2642 531 520 491 726 676 110 66 445 778 319 780 20 1138 996 378 1087 1035 512 1042 659
4009 4011 7 767 992 821 586 45 110 881 988 224 475 122 675 1078 490 271 472 998 200 593
1803 1840 1096 488 943 276 700 1078 972 588 722 398 638 746 200 710 860 698 480 454 1123 385
1196 3048 808 189 306 796 973 1036 686 1003 330 387 549 419 542 654 217 606 714 89 971 1014
1567 1567 1116 844 112 137 413 1126 953 1114 190 951 110 350 268 658 836 1063 1061 629 436 95
4467 4481 771 1088 216 864 1072 758 1074 949 372 617 281 1098 122 67 478 312 469 974 498 705
996 1031 808 182 804 675 1086 468 992 15 200 522 941 770 934 912 286 105 373 378 444 445
2484 4450 695 1127 948 251 706 204 1154 1002 22 886 726 255 137 814 169 734 713 968 317 1036
1390 1390 700 175 140 1015 140 105 70 35 875 1085 560 735 0 700 770 910 140 245 455 140
4463 4463 636 335 159 379 60 959 697 1092 765 732 294 1138 432 38 803 496 349 560 832 557
1256 1268 480 190 805 600 900 120 80 195 1030 120 210 540 405 20 1070 0 335 1050 135 110
444 4227 834 343 810 205 409 933 319 1006 183 338 578 149 594 1095 808 746 889 1116 312 576
122 122 451 634 1 1149 254 469 663 48 842 943 216 809 69 431 857 851 338 958 226 620
1145 1163 421 488 693 717 202 594 345 816 710 864 22 979 338 308 673 458 930 988 375 569
3913 3917 261 51 857 1111 566 775 613 462 662 631 838 273 913 302 1073 142 1059 395 464 693
167 1829 832 507 648 1134 580 779 257 647 866 854 111 982 38 1068 763 56 919 318 911 266
302 302 742 211 471 890 354 976 104 12 258 938 1130 402 429 639 928 1116 278 118 581 399
1543 1553 801 731 472 654 135 237 1044 467 1133 96 171 46 915 837 909 55 958 416 649 49
477 485 767 768 339 854 484 181 599 287 458 78 418 1097 754 862 867 69 449 947 260 85
134 2795 131 601 305 365 444 878 1006 890 1087 351 1138 748 422 814 1109 164 558 84 611 256
234 234 936 883 1057 437 356 14 877 998 365 750 325 879 761 1153 979 659 348 484 345 745
2230 2230 128 607 32 895 91 367 989 774 836 829 41 429 496 804 341 611 554 1118 835 959
1918 1922 86 909 774 505 587 493 1153 367 146 776 116 50 852 1099 210 953 817 128 399 1095
632 2657 139 1037 1087 466 956 1130 892 439 730 251 488 910 35 1100 846 750 387 797 347 455
4927 4927 869 680 5 48 824 1151 582 931 688 112 826 1101 428 879 211 391 810 370 100 882
3265 3282 631 49 1150 910 556 78 262 1044 118 285 100 276 738 156 564 617 924 1078 250 749
804 817 386 235 905 145 377 845 772 281 164 663 1116 1055 1098 534 526 710 991 201 349 663
902 2753 932 945 102 413 906 414 625 349 468 972 603 873 924 717 151 329 922 1047 1072 330
4328 4328 0 0 0 0 0 0 0 0 0 0 0 0 0 0 0 0 0 0 0 0
1440 1455 526 371 355 357 1126 740 831 1121 406 1011 547 62 372 440 1094 345 239 1086 1063 761
3059 3093 570 779 639 1061 930 377 445 494 163 1078 301 890 555 742 341 483 1015 1088 310 146
3202 4429 622 1036 699 194 4 131 406 874 545 654 359 657 705 852 263 41 1008 61 179 730
3741 3741 774 96 686 15 984 29 852 660 1075 230 922 759 662 878 710 354 174 779 53 428
4770 4773 314 221 726 679 89 1104 94 243 734 146 260 105 303 934 356 994 855 421 190 942
3704 3727 1009 300 18 1002 559 368 776 822 383 929 587 853 217 985 810 666 326 574 872 900
1975 3816 735 588 506 19 1100 820 964 34 39 1034 316 980 224 884 21 312 627 1142 946 1040
23 23 614 540 1041 1058 984 725 656 791 417 373 363 70 762 347 325 634 372 320 95 498
1714 1715 825 1143 426 243 663 600 1110 474 990 795 180 435 792 843 660 636 624 807 72 1002
3816 3844 0 0 0 0 0 0 0 0 0 0 0 0 0 0 0 0 0 0 0 0
969 3722 1062 271 334 1086 1142 437 436 129 52 350 615 952 583 329 388 287 58 574 579 743
3508 3508 1073 43 167 708 856 636 762 537 778 18 539 412 846 604 753 848 77 1058 669 317
1445 1446 1104 408 1100 511 406 837 785 190 542 808 91 653 8 808 63 311 972 366 455 233
159 165 863 1086 551 749 386 200 891 1121 790 1060 893 74 391 831 920 185 788 708 691 1009
744 1839 253 785 132 949 903 351 621 729 339 701 16 391 658 825 625 971 151 660 148 713
1184 1184 0 0 0 0 0 0 0 0 0 0 0 0 0 0 0 0 0 0 0 0
2287 2303 259 572 893 1152 896 748 681 840 392 680 544 843 491 659 1129 44 271 553 75 775
2671 2710 392 698 293 186 965 389 636 583 55 94 366 842 951 696 676 92 693 590 1055 133
1140 1826 527 31 721 1101 1020 563 106 50 1104 450 7 272 902 755 917 121 180 87 642 418
3981 3981 320 298 700 730 484 738 573 322 541 980 626 810 156 632 1033 295 134 471 77 176
1297 1311 325 918 981 477 928 915 82 908 59 232 1066 1045 108 709 454 581 77 1024 456 167
2356 2393 672 180 1117 1087 593 384 884 592 626 788 454 310 643 389 116 852 184 670 1141 686
162 1343 779 39 565 755 660 664 852 260 812 693 429 359 827 268 916 867 713 778 173 407
1697 1697 660 77 143 528 869 1122 539 198 748 649 572 132 693 572 110 781 319 385 242 110
1904 1907 114 951 472 926 1035 949 828 282 839 354 432 214 1096 335 894 343 196 345 885 76
4910 4920 663 728 623 875 1152 416 1106 1104 297 611 950 80 758 369 1096 322 277 945 592 55
2234 4298 539 670 141 406 854 817 345 309 531 799 360 743 1141 146 8 252 640 1074 134 853
3988 3988 167 70 94 509 150 945 945 51 473 965 127 84 703 1065 405 856 523 656 521 1098
2941 2950 960 271 1084 30 999 10 307 464 607 531 494 852 1082 188 914 13 689 434 172 518
4129 4138 646 1103 1102 443 783 371 190 596 89 855 420 557 1079 322 708 547 585 706 1122 126
255 3820 540 968 992 146 544 929 958 973 478 1123 343 769 116 120 87 193 1085 657 779 288
2833 2833 412 227 509 439 22 581 753 1131 302 769 598 850 881 80 856 509 675 1154 1064 143
527 530 949 100 344 425 160 952 171 1037 367 520 521 283 1005 463 427 649 579 8 339 790
569 597 303 769 153 191 586 192 1015 391 494 229 535 903 1099 707 981 424 574 841 842 1139
2385 2496 1086 519 471 180 525 789 672 507 1083 129 477 990 15 1092 435 480 897 636 1044 258
1432 1432 143 251 29 774 979 183 446 67 965 1056 90 431 370 694 1026 971 410 389 1086 572
3522 3536 405 436 610 237 370 1067 461 1052 246 644 697 29 828 1069 79 614 721 1078 451 947
2089 2115 205 969 373 1024 873 23 111 940 767 184 918 448 938 742 456 22 977 1056 15 370
3793 4566 518 612 629 463 696 82 344 695 760 1044 969 19 432 1007 687 610 65 319 683 341
2303 2303 413 676 1007 1044 636 932 189 243 551 376 248 544 96 156 874 1000 511 157 1094 139
3107 3111 985 385 740 1145 955 665 620 65 1025 150 640 870 510 220 340 845 395 805 690 340
4042 4049 1004 1056 575 304 778 1011 369 826 16 693 472 987 538 303 346 473 326 99 102 959
74 140 58 178 655 646 133 797 958 775 1072 132 128 1019 411 875 497 1123 741 122 74 382
2441 2441 420 105 154 490 735 273 770 1064 1029 770 917 749 1120 70 420 588 210 644 525 917
3925 3938 1048 693 166 289 483 622 312 278 65 979 818 103 523 693 133 471 409 168 610 809
3207 3239 277 322 367 612 522 708 269 982 238 100 831 188 330 942 123 318 1141 915 274 922
833 1120 1017 231 1153 360 453 988 270 132 1087 296 1067 475 620 161 941 1009 842 1110 357 331
2405 2405 982 240 1033 1142 204 559 325 971 616 150 894 798 28 355 894 430 985 709 765 289
365 378 1028 1015 3 330 258 843 289 488 20 119 420 489 886 774 709 367 546 455 323 1153
4960 4997 741 1125 994 237 8 539 1058 148 390 493 1150 348 127 531 35 672 294 679 408 1138
1549 4140 904 249 26 872 73 373 660 117 311 422 521 434 1041 1132 101 719 1033 872 755 527
2746 2746 333 1142 317 649 956 950 728 580 84 1040 390 438 987 587 474 251 439 577 557 123
3562 3565 604 11 769 1148 413 475 310 323 258 782 129 518 373 1130 237 859 1105 863 812 368
3183 3213 879 882 1007 870 885 772 823 1119 517 23 776 1096 228 290 920 872 1040 728 845 43
889 1521 522 167 359 212 829 874 907 761 688 643 177 261 961 426 260 927 1016 903 1042 425
4796 4796 0 0 0 0 0 0 0 0 0 0 0 0 0 0 0 0 0 0 0 0
238 249 1057 716 995 21 699 1003 600 829 632 570 987 381 848 1071 388 105 430 873 1054 409
3095 3118 988 95 508 563 320 1011 585 426 38 803 760 785 394 789 270 110 452 509 223 373
1388 2168 1028 815 583 601 688 493 262 37 271 48 898 191 196 47 956 1104 1017 563 1151 326
896 896 243 760 496 225 689 756 155 673 13 1137 46 757 268 866 120 467 1139 624 165 721
693 712 499 66 870 1038 882 289 226 12 988 345 347 764 329 519 483 330 937 234 987 486
3702 3710 667 245 503 1034 160 453 413 869 877 734 914 236 869 39 1103 55 452 47 102 796
2284 3980 775 704 1105 815 522 1063 694 962 288 115 816 462 245 228 320 547 230 583 39 680
4275 4275 1034 1012 559 252 955 911 1064 645 786 851 323 804 304 956 175 803 430 229 734 160
1965 1973 397 891 1098 424 115 223 472 856 741 375 64 685 1065 208 297 37 50 373 721 84
4671 4691 501 432 444 1050 1128 975 1077 567 699 12 663 1113 360 309 1116 483 918 546 561 411
9 121 532 977 395 511 160 906 846 383 644 294 878 942 119 844 562 868 619 528 641 797
4198 4198 882 1064 224 854 1134 875 329 1120 252 371 903 735 1071 777 476 1113 350 945 301 1078
1340 1353 389 408 141 897 1146 414 204 1095 169 78 87 679 478 961 815 29 1106 585 373 985
1817 1833 582 399 255 1086 1053 669 487 341 594 969 930 571 242 461 299 375 999 372 382 778
1063 3993 118 402 933 757 810 57 1036 1051 505 647 931 348 1123 848 172 37 128 671 212 953
3843 3843 868 60 888 752 704 815 503 398 184 950 413 955 638 37 635 1133 691 677 904 160
4651 4657 556 1047 859 462 201 685 1078 10 162 610 179 47 376 367 732 97 504 712 224 736
2852 2882 1135 90 1094 1104 360 820 704 132 224 805 531 26 989 1003 141 778 223 519 992 963
1948 2375 1024 368 1070 971 154 802 1066 1069 941 554 21 997 174 1089 281 0 767 330 1116 818
1544 1544 856 709 1073 1117 452 1108 822 459 49 404 430 703 264 1098 313 356 193 1043 1139 731
3338 3339 25 682 871 335 49 502 1082 693 554 80 1150 814 694 213 958 383 208 1137 1130 341
3576 3614 1065 445 597 117 1024 333 364 494 664 694 502 798 86 339 642 204 869 781 6 1015
990 2186 1115 209 670 300 433 390 560 335 739 531 524 516 1086 582 323 971 353 538 314 870
3821 3821 373 1092 622 477 545 14 332 256 151 257 192 742 772 549 982 1004 146 49 451 867
3742 3750 796 418 668 1116 1070 716 883 191 641 305 316 308 696 687 884 142 516 153 898 599
2595 2626 660 723 15 1080 543 66 546 432 396 267 243 198 816 1050 708 804 915 531 57 633
1851 2347 432 647 468 817 593 834 630 615 1111 623 904 946 678 589 442 979 204 382 147 784
2053 2053 794 893 12 523 398 857 812 125 953 171 676 687 1030 883 771 703 991 430 471 808
4743 4760 510 360 349 580 528 104 751 210 786 527 121 537 1106 524 1112 904 618 894 416 561
779 781 11 1134 476 230 570 680 652 502 494 792 563 60 1052 907 312 846 511 1152 1046 54
503 605 869 11 187 132 814 715 605 286 957 506 693 1100 341 308 242 110 308 1067 319 176
4622 4622 913 476 822 90 17 396 93 42 258 389 506 109 45 719 177 239 1124 855 515 172
1390 1408 488 496 386 184 850 1025 232 231 178 633 908 84 509 1046 726 158 286 904 896 359
2622 2651 357 37 480 760 890 270 463 938 464 366 591 594 963 504 1142 976 299 733 598 212
218 341 979 633 413 1099 62 529 534 510 62 258 583 1071 661 269 696 1131 1117 967 1061 629
717 717 669 548 1091 570 727 93 455 327 993 1039 1042 365 109 711 298 912 481 966 446 292
1181 1182 651 795 392 917 453 1002 459 45 719 99 528 648 490 459 661 1125 1121 630 577 760
96 113 1081 1094 803 437 660 274 1052 842 24 995 404 409 583 419 503 825 638 476 1034 1141
1213 1692 373 882 142 27 596 935 495 468 1086 640 875 438 828 790 282 788 998 617 496 824
1988 1988 0 0 0 0 0 0 0 0 0 0 0 0 0 0 0 0 0 0 0 0
2808 2820 97 631 541 1065 245 353 953 663 398 203 970 503 1104 501 950 422 224 100 758 6
861 886 633 1057 1051 3 761 599 495 96 1037 690 966 685 1135 405 847 631 805 257 454 293
1857 1899 1095 82 990 580 921 810 588 452 261 585 1092 685 850 547 443 969 348 653 885 446
3286 3286 256 819 803 375 382 150 957 1088 61 698 77 353 511 921 336 364 136 1038 901 1114
1017 1026 317 991 365 514 497 669 806 960 33 107 180 1119 202 473 506 1029 573 734 56 1142
448 461 954 975 883 338 367 302 361 94 684 1031 611 66 1142 353 40 1081 343 151 1128 409
549 3262 825 565 590 927 505 409 216 342 614 932 489 160 875 302 492 432 841 376 140 123
535 535 0 0 0 0 0 0 0 0 0 0 0 0 0 0 0 0 0 0 0 0
765 766 783 997 95 673 798 890 158 908 688 315 491 376 1059 187 123 63 559 731 810 836
4326 4362 225 545 1118 1095 347 936 74 788 965 855 334 478 42 700 752 21 192 486 1004 442
1000 2316 388 252 720 395 598 366 336 364 541 800 239 23 77 127 944 1036 68 62 938 281
2810 2810 0 0 0 0 0 0 0 0 0 0 0 0 0 0 0 0 0 0 0 0
259 277 5 704 1073 953 314 453 391 649 506 341 960 576 0 576 108 381 567 41 671 392
1528 1565 1036 627 108 976 582 111 608 105 1143 216 733 108 1114 212 149 479 150 618 570 613
51 173 588 481 389 519 981 799 158 1009 540 367 1054 194 141 1056 924 69 1006 389 151 719
2402 2402 0 0 0 0 0 0 0 0 0 0 0 0 0 0 0 0 0 0 0 0
1537 1543 775 797 109 820 769 383 1112 136 1036 873 108 847 885 843 47 609 934 547 576 570
2991 3017 411 1048 335 39 881 279 917 557 719 1038 824 988 52 192 702 321 895 273 156 164
1888 3357 996 483 162 363 504 939 33 429 45 210 1110 393 321 84 462 423 306 177 894 135
4467 4467 469 1018 644 1004 1034 197 26 145 123 784 906 764 963 820 422 48 799 236 581 219
2462 2472 562 736 106 819 926 763 896 470 438 317 262 243 303 719 1002 101 170 836 631 772
1250 1261 546 304 1095 595 58 1024 342 934 976 796 1073 1045 400 407 944 947 937 1056 119 949
23 63 653 295 1030 901 1083 390 1116 484 474 743 1022 325 25 160 928 1104 926 796 986 575
4576 4576 60 455 105 525 390 110 955 235 155 45 840 1105 935 280 25 365 1020 225 510 755
3667 3676 22 863 991 31 277 302 241 541 879 954 1038 338 401 969 1092 780 998 1133 584 606
287 302 502 653 465 1095 102 601 859 68 55 605 158 780 978 411 449 314 500 586 593 135
822 885 810 913 40 1007 721 399 157 785 625 696 434 953 663 955 712 1028 75 829 813 377
2550 2550 807 300 606 1136 1012 338 835 1127 969 114 1141 13 1068 314 537 789 814 219 849 585
2435 2448 780 451 976 429 1116 503 122 281 177 222 531 1051 890 819 781 757 890 584 479 365
3082 3087 243 346 941 160 476 857 186 510 1025 955 144 85 132 325 689 841 223 1123 142 884
989 1952 69 867 361 528 999 166 968 641 75 556 1121 520 672 358 512 157 840 1023 467 511
3978 3978 402 575 696 314 68 556 928 208 871 864 921 999 41 366 1116 598 712 879 906 93
2582 2586 629 963 240 193 1125 1138 66 206 414 399 1091 851 757 1127 132 477 356 1033 679 148
1778 1797 1134 25 701 496 718 58 891 959 908 606 215 883 219 742 212 540 535 671 372 49
727 925 651 346 544 620 430 400 1031 128 43 835 1125 1039 806 720 616 424 131 439 502 1015
4686 4686 1089 1025 760 150 51 563 945 706 242 421 392 785 1069 995 684 949 855 191 819 977
1268 1270 739 148 80 566 263 558 530 942 364 391 656 20 171 75 507 1010 402 590 563 313
3215 3242 839 292 398 499 636 382 995 538 604 70 94 378 297 1119 922 951 477 262 5 109
2216 3624 181 415 246 1136 116 237 639 1140 223 260 1128 364 610 1032 355 623 1148 933 686 515
1013 1013 738 725 1152 173 167 93 1132 77 780 911 1092 67 199 415 243 1024 7 1151 195 482
2006 2013 1015 486 606 201 180 165 483 1019 889 1151 247 796 926 251 211 392 629 231 1091 547
179 179 251 578 155 345 339 367 417 264 241 428 1090 248 964 895 1036 943 616 1149 45 569
575 1398 348 278 356 115 1018 203 985 455 1036 265 834 616 1053 229 498 1106 425 940 114 1002
4684 4684 206 90 183 503 413 591 609 327 947 672 244 677 783 171 816 416 100 1014 609 424
1583 1596 868 497 518 538 441 182 975 194 1061 505 385 553 360 505 900 949 796 562 526 432
2883 2886 528 132 286 275 979 968 869 990 792 143 649 220 583 308 462 297 308 66 759 550
3780 4952 777 903 21 945 399 0 966 336 357 84 525 0 546 1071 735 819 189 462 315 966
2402 2402 801 1019 291 324 19 316 582 277 188 1082 132 982 242 115 897 1095 1141 362 314 421
3571 3572 0 0 0 0 0 0 0 0 0 0 0 0 0 0 0 0 0 0 0 0
4736 4761 177 534 876 596 297 115 277 889 698 362 355 716 373 718 1096 507 292 511 462 413
125 955 884 32 863 928 970 537 459 403 1114 944 278 975 897 16 1010 312 891 479 224 1035
2140 2140 0 675 570 1050 525 885 210 495 615 255 150 285 270 225 630 30 240 780 285 720
1635 1647 184 882 734 1059 1021 283 666 614 626 205 313 276 492 215 462 942 270 827 208 913
84 86 828 999 222 636 1038 1074 3 555 375 279 315 825 60 750 723 543 318 429 1068 906
856 4595 117 77 884 921 275 800 664 790 770 145 211 1047 464 648 373 1144 545 171 181 1137
2622 2622 650 389 408 122 690 565 813 59 670 8 114 533 957 77 97 768 629 714 835 526
4521 4532 137 524 528 790 720 449 1112 922 210 61 981 1074 594 767 986 856 354 1039 1037 422
3131 3158 765 1091 360 120 495 53 361 218 318 493 817 178 467 527 720 398 1017 463 435 1113
1742 4823 315 289 180 365 315 1079 75 358 283 1046 519 643 1143 471 538 1039 569 612 0 555
4834 4834 904 563 270 609 717 126 707 862 137 206 530 975 236 947 861 893 570 224 524 774
300 303 440 770 663 846 73 171 515 759 1111 246 53 533 249 344 234 386 55 406 74 124
113 139 911 401 853 348 716 1109 124 259 540 153 690 84 734 786 718 583 784 769 845 969
3536 3943 588 357 200 1089 1093 326 837 1043 695 389 198 335 195 965 581 785 305 545 903 592
3054 3054 878 328 1072 913 733 846 1029 939 279 252 1046 364 479 1093 593 374 218 9 624 674
3729 3741 420 102 99 1137 333 960 627 1053 390 30 882 849 1131 735 762 3 108 408 102 873
1044 1055 941 391 700 941 912 370 1012 165 585 47 98 901 966 207 671 496 589 1124 869 697
1909 2129 892 444 556 165 991 390 829 439 250 777 960 832 427 991 252 530 841 791 1033 687
311 311 102 441 555 90 1050 762 1152 357 729 876 876 540 168 732 132 75 735 141 45 630
3931 3937 870 144 609 896 591 802 506 715 776 234 176 1045 1144 874 905 571 4 1127 1144 316
2207 2216 0 0 0 0 0 0 0 0 0 0 0 0 0 0 0 0 0 0 0 0
1644 2896 982 366 375 157 1039 894 304 746 913 171 1029 1152 797 879 818 6 601 135 810 333
960 960 552 385 712 1121 220 334 868 154 266 813 595 843 504 949 920 578 416 836 725 97
3085 3086 157 454 601 360 1131 275 820 242 184 841 745 616 138 912 814 62 176 826 97 98
1309 1316 675 625 915 225 325 915 275 510 1115 975 225 650 1005 805 410 235 1105 980 435 370
377 1825 855 799 1013 517 683 111 395 121 236 216 995 225 1043 713 1092 992 247 144 489 249
4433 4433 760 925 923 605 1126 284 397 99 1151 252 1116 363 783 504 763 594 733 981 709 445
1780 1794 320 863 951 998 1033 862 267 119 231 493 938 882 356 351 1072 301 316 1005 776 593
2352 2354 135 390 615 600 570 45 810 660 315 810 945 840 435 990 30 180 465 330 150 930
164 592 523 433 891 799 542 391 866 155 111 219 1045 312 90 1064 956 147 936 1017 660 438
2448 2448 309 621 879 198 1101 750 132 78 777 234 468 924 258 1107 759 612 345 1080 558 444
672 681 269 760 438 791 487 173 105 690 1040 556 139 637 285 730 585 242 752 60 138 518
309 311 135 938 983 935 55 80 317 888 1084 888 108 522 701 300 341 997 499 61 882 768
57 280 744 282 425 480 707 125 572 757 667 382 42 1037 1048 951 105 317 423 583 539 807
4285 4285 300 850 508 729 399 713 483 433 821 776 456 823 760 380 255 785 818 933 102 541
651 651 994 522 230 430 1132 1029 531 630 1115 976 478 232 920 878 897 489 677 237 494 179
4430 4435 1103 527 367 287 546 732 1103 693 390 474 634 593 821 188 479 959 945 133 419 658
2245 3550 173 50 996 931 704 425 1132 244 354 363 503 22 1130 906 1111 756 903 481 221 943
4067 4067 623 112 441 427 28 70 28 336 42 980 525 196 917 882 882 770 875 896 413 546
3200 3202 536 653 3 863 930 530 470 160 1071 1066 469 539 962 713 231 366 497 7 635 317
2651 2662 396 818 348 157 500 1000 397 70 75 987 136 584 774 268 437 1139 115 158 662 246
714 2980 382 1080 142 226 751 567 1034 604 170 305 1119 1064 725 517 945 443 1027 1102 553 1008
1452 1452 887 474 732 913 657 1148 1133 476 1108 724 161 556 1076 213 428 388 564 623 62 374
3559 3563 608 430 1034 653 187 599 978 97 302 552 973 719 858 742 497 812 582 252 887 412
4133 4149 230 306 735 180 553 326 15 94 1041 395 359 87 697 140 561 688 241 832 65 292
8 90 724 200 260 189 403 239 1080 122 330 601 5 239 38 522 273 206 1113 523 643 306
4014 4014 222 328 1025 397 323 417 455 693 1136 955 879 173 178 883 875 929 357 513 881 377
1565 1576 554 412 670 841 275 664 943 284 679 1013 1095 850 445 238 66 1037 127 994 772 1143
2701 2714 384 374 369 445 843 208 214 266 717 87 470 178 1045 220 526 343 492 654 542 140
301 3678 1024 82 935 716 581 769 992 677 191 761 910 280 704 883 217 268 1096 442 1138 529
4470 4470 1050 630 0 840 105 315 0 105 630 525 630 210 105 105 105 0 840 1050 420 630
1598 1613 391 551 198 854 557 916 313 571 68 640 384 891 1077 34 192 243 226 716 747 953
1823 1857 1087 183 552 888 693 1027 642 721 705 1128 567 1133 213 398 1101 120 979 19 139 582
108 3380 595 196 344 546 23 558 113 595 957 556 208 831 348 787 1106 794 639 279 1097 469
3736 3736 90 375 630 270 885 495 405 105 600 960 705 930 960 990 840 750 765 795 690 600
292 295 1139 103 175 555 834 515 183 527 847 93 359 842 454 272 1101 694 73 493 881 836
1593 1593 762 168 915 148 186 576 991 563 734 164 757 697 913 450 781 490 1003 191 818 1016
682 3479 783 814 972 957 403 553 1097 262 133 315 513 1000 694 772 672 905 875 290 851 1051
4924 4924 732 1054 768 306 1044 543 647 408 753 802 633 1030 588 388 263 465 407 734 975 542
2189 2189 956 429 393 411 526 102 427 107 218 816 708 648 446 679 326 440 340 401 538 207
1097 1124 110 540 54 576 552 751 1027 878 94 373 1113 678 83 720 33 564 594 270 635 75
942 3663 409 1154 786 135 717 667 831 1042 556 423 1135 825 67 243 304 94 847 689 967 1017
4306 4306 175 445 960 620 520 1070 265 715 245 510 1145 30 1005 405 695 455 375 850 110 40
3051 3054 546 1028 1034 4 305 279 87 513 797 1088 1148 633 665 412 817 243 1050 550 730 903
4815 4838 451 146 680 447 1106 8 179 416 607 753 561 442 1109 950 297 624 579 1022 239 653
4331 4341 439 646 289 13 474 453 153 1113 210 824 557 881 413 164 95 317 271 1098 305 838
4988 4988 29 1023 573 959 1047 137 222 482 136 491 215 814 267 939 530 251 516 530 824 1152
343 351 656 613 960 1007 1136 874 190 547 799 503 157 368 99 1120 233 960 1010 185 957 327
3528 3561 1064 447 122 295 863 46 236 238 192 25 78 204 1089 217 649 859 37 553 916 71
1695 4754 638 873 708 215 410 517 1138 802 990 306 175 47 443 1142 48 340 76 910 576 1045
293 293 491 722 1021 376 701 299 342 1051 260 760 646 54 881 833 596 775 972 330 341 541
3118 3120 420 105 210 840 0 630 0 735 735 420 840 630 420 735 1050 315 1050 525 735 105
1752 1772 975 940 1095 20 310 335 100 440 495 925 895 725 285 20 885 545 1140 155 125 475
37 2119 314 678 291 415 566 439 213 880 2 451 435 847 597 506 339 529 554 735 17 473
1914 1914 1062 55 301 9 309 694 974 1057 103 463 599 417 782 933 655 845 693 501 692 786
3680 3693 931 658 85 933 376 279 160 282 703 391 254 201 414 1065 1120 246 674 854 155 696
1097 1135 491 491 218 835 548 609 1118 767 274 420 234 979 223 1061 526 1036 554 1013 280 417
3163 4283 410 399 466 310 316 698 299 701 219 681 387 829 555 499 171 53 33 706 753 848
1831 1831 0 0 0 0 0 0 0 0 0 0 0 0 0 0 0 0 0 0 0 0
2989 3001 1079 220 993 593 805 145 992 630 510 131 312 375 259 1071 500 141 545 699 178 1106
267 290 597 291 1138 917 72 1061 1083 398 222 489 391 575 692 997 753 113 681 848 690 332
199 436 695 228 541 736 790 1032 308 190 809 867 299 370 637 1113 474 416 713 894 297 113
2721 2721 455 980 840 175 840 315 315 455 770 770 980 560 805 595 560 630 175 525 175 525
1731 1745 1097 677 134 311 459 1097 406 805 262 200 637 4 273 857 556 874 846 905 382 416
1290 1307 169 1060 845 350 1143 873 184 311 330 190 627 189 200 264 76 1149 153 1039 363 215
753 4313 412 29 821 529 982 872 536 610 747 919 990 775 643 77 897 813 712 5 71 324
96 96 944 582 564 684 779 1042 358 1067 558 944 301 903 455 390 128 298 101 129 634 58
263 272 852 915 1088 355 849 724 114 862 1017 654 122 193 103 149 48 562 258 976 48 793
1859 1882 945 132 289 1075 355 533 92 1018 900 312 1064 1053 1049 153 552 812 1049 515 308 378
879 3158 276 1071 369 395 60 458 756 59 646 57 172 387 416 898 227 559 126 832 292 471
4285 4285 613 817 933 464 701 970 116 794 201 401 48 623 354 485 220 632 618 1139 862 604
863 868 726 452 29 726 558 92 109 426 439 801 1055 204 865 1021 68 22 339 1049 854 7
4967 4981 712 353 1001 466 451 533 537 734 292 1090 218 559 176 653 101 419 355 1146 879 104
94 613 536 772 851 32 695 1122 654 362 197 80 728 415 15 1049 211 14 774 548 367 995
1382 1382 0 0 0 0 0 0 0 0 0 0 0 0 0 0 0 0 0 0 0 0
4258 4269 162 983 797 930 698 397 385 195 68 291 872 264 901 992 1064 189 320 293 873 532
3996 4011 839 860 248 618 950 617 1055 1035 582 1061 236 25 459 1045 460 865 599 889 659 46
412 4104 988 759 804 736 13 123 535 399 535 329 677 262 892 956 679 260 769 298 740 1024
2012 2012 0 0 0 0 0 0 0 0 0 0 0 0 0 0 0 0 0 0 0 0
1746 1761 814 476 119 477 811 1081 284 233 333 124 166 951 468 704 529 163 679 643 938 861
1274 1281 1074 759 5 831 551 2 1041 1110 26 354 456 988 753 594 201 690 601 366 231 377
218 907 581 673 856 432 829 169 235 822 516 359 409 291 651 994 560 638 326 500 107 219
3053 3053 576 648 218 1047 858 1056 1068 822 673 79 222 876 93 882 856 973 432 762 723 665
4973 4983 1059 937 571 262 851 38 1013 95 341 10 549 907 949 1115 1088 1065 785 117 486 485
4630 4645 87 833 525 935 628 1121 165 90 58 482 361 1076 34 545 149 1071 76 988 732 646
713 741 587 1034 157 706 440 977 704 108 973 361 662 890 313 329 578 110 783 902 227 971
3566 3566 297 450 345 1112 127 1102 109 342 469 238 648 113 222 129 807 728 597 12 1015 247
4697 4705 416 502 782 472 247 1122 162 1025 745 827 452 58 687 383 200 137 887 693 531 959
4563 4593 214 757 755 454 246 572 71 159 808 811 344 770 688 337 238 720 276 406 514 634
226 309 1089 765 309 1092 330 708 597 1110 639 933 960 258 498 267 858 1080 423 375 1116 762
2835 2835 923 73 176 407 700 746 1006 726 453 490 36 954 551 280 872 1086 541 613 85 913
3982 3994 942 1083 429 966 495 756 804 525 507 555 468 1098 816 267 588 1086 63 141 324 609
4177 4199 409 42 910 539 568 620 784 1040 15 307 882 948 479 208 1048 492 1151 942 244 745
96 271 699 818 22 120 453 695 180 663 257 1094 919 918 98 891 197 372 112 342 166 673
761 761 755 1049 299 993 607 775 962 416 1089 207 980 576 941 439 129 46 144 321 4 552
2353 2368 298 319 917 988 672 816 703 639 475 85 274 466 828 821 746 200 813 204 235 172
2269 2294 36 1101 328 538 387 366 761 857 335 809 52 929 750 653 12 534 72 465 982 859
3745 4089 828 709 513 919 929 860 1090 268 77 18 281 847 711 1030 353 184 220 152 99 601
2020 2020 955 828 40 898 540 588 1133 817 1110 202 806 555 795 601 69 1032 81 180 1086 927
359 375 535 681 178 92 14 441 896 993 8 683 975 604 174 1020 588 777 361 570 690 1001
3571 3605 890 643 832 584 955 883 763 982 498 565 472 1027 233 420 328 1015 414 972 754 762
3396 3663 967 688 1006 63 331 664 129 226 100 844 154 137 244 924 235 64 885 497 1109 652
3748 3748 44 149 978 625 804 1116 115 178 893 754 968 12 921 176 526 610 559 789 892 110
2027 2044 588 953 642 1020 279 967 1089 385 1129 418 1073 868 469 710 435 374 452 593 1114 758
3266 3270 118 80 617 233 507 445 368 455 1029 354 1060 1126 205 651 725 471 554 54 207 726
1884 3085 176 354 677 1006 637 965 722 261 226 310 387 790 661 103 383 1 1147 284 615 476
2156 2156 0 0 0 0 0 0 0 0 0 0 0 0 0 0 0 0 0 0 0 0
3986 3990 1062 1134 81 797 575 573 897 440 74 848 1060 814 170 28 83 905 947 352 582 653
1179 1211 1115 1138 693 1057 81 795 463 12 1023 477 1054 959 24 365 1061 701 127 629 606 801
293 497 708 552 483 75 900 627 129 909 294 342 399 378 204 831 822 84 48 252 600 351
1905 1905 1076 341 409 594 208 507 660 506 596 982 981 377 1072 959 675 790 462 945 193 206
3017 3025 196 34 173 960 1084 713 513 28 964 454 615 290 1076 39 348 1121 187 1152 529 737
4245 4263 1080 573 1098 327 690 378 975 909 531 474 1083 1143 441 831 267 678 621 447 909 891
3677 3733 75 650 790 535 755 595 995 25 1000 1040 680 545 65 565 1130 1060 1105 690 155 410
1436 1436 0 0 0 0 0 0 0 0 0 0 0 0 0 0 0 0 0 0 0 0
4572 4589 855 1137 510 766 666 508 1037 565 191 561 162 923 483 273 275 949 24 180 361 859
2764 2768 108 844 316 1030 549 893 732 338 633 726 262 1094 498 292 379 74 903 989 247 242
49 53 421 825 232 393 876 857 775 738 875 227 1010 917 1000 202 489 512 843 195 572 535
3962 3962 0 0 0 0 0 0 0 0 0 0 0 0 0 0 0 0 0 0 0 0
1996 1998 783 819 297 138 129 855 441 120 1050 339 945 1038 963 354 1008 1035 258 303 384 879
3425 3432 921 1089 402 168 516 168 696 783 546 888 1059 780 1098 96 546 819 201 1014 207 1128
147 1848 989 146 307 876 131 465 9 663 1107 250 604 449 514 284 917 24 1057 913 1037 42
4366 4366 153 915 522 962 930 1122 1053 340 187 771 519 249 204 331 969 487 660 74 129 340
640 644 102 53 940 631 950 1061 1127 385 56 427 617 966 217 775 403 481 589 1113 438 894
1854 1872 397 419 299 369 874 68 264 620 748 376 454 678 627 409 947 1043 945 912 748 411
193 285 630 387 623 891 1014 643 227 389 347 470 206 71 1022 927 260 924 213 416 115 348
3189 3189 1103 17 783 904 1020 906 783 1062 484 412 205 877 129 189 726 425 651 763 451 855
2311 2330 120 1088 353 110 695 494 108 1107 335 1094 478 906 172 144 535 907 54 285 21 657
3472 3477 240 384 993 312 432 42 840 321 993 138 276 87 177 228 435 1011 1038 1110 525 1101
844 4205 581 880 313 475 615 498 551 1153 203 285 590 740 896 1065 508 52 296 525 10 1074
3895 3895 380 548 524 865 455 108 916 970 484 1100 81 146 702 1065 2 82 288 431 863 271
148 165 592 1069 832 144 623 267 581 872 183 694 282 140 100 583 543 98 940 652 1049 1062
2248 2272 881 698 311 1051 975 1056 388 1116 833 784 217 985 25 42 1017 10 967 594 163 1020
1814 2979 795 944 38 17 837 693 113 97 706 989 714 437 762 1089 885 281 648 1025 519 561
1413 1413 692 204 719 253 24 530 94 854 663 863 20 736 713 258 268 50 924 557 26 80
2218 2234 290 808 369 918 581 93 1067 915 694 561 24 1038 889 838 334 625 535 710 1075 309
1428 1444 406 278 460 565 718 84 379 389 366 1112 899 1044 48 141 955 1070 1150 557 241 97
1290 1854 772 273 207 171 982 1102 252 931 318 624 325 103 211 620 561 658 138 71 960 1051
2671 2671 0 0 0 0 0 0 0 0 0 0 0 0 0 0 0 0 0 0 0 0
4400 4415 979 563 995 864 1054 787 353 483 213 716 1031 566 78 411 1123 440 907 809 293 372
1641 1657 258 417 496 114 302 798 126 901 576 1045 963 34 16 344 649 289 27 464 412 642
474 970 949 500 370 878 756 863 241 1008 24 797 217 1118 79 120 977 732 36 2 704 573
3452 3452 0 0 0 0 0 0 0 0 0 0 0 0 0 0 0 0 0 0 0 0
1714 1722 484 576 635 340 895 157 382 283 1131 1058 59 635 792 555 646 531 689 864 213 572
4339 4365 459 128 245 489 924 36 861 1034 554 86 774 49 873 584 1026 74 1006 958 245 586
332 1208 746 131 138 675 900 377 22 321 8 559 392 232 5 1011 992 879 81 608 114 674
4253 4253 615 540 1005 300 375 375 765 765 900 870 360 165 795 570 315 345 705 1020 660 30
4481 4486 865 11 839 221 67 84 687 542 516 143 36 87 1117 552 516 704 351 842 34 841
1681 1696 666 691 506 464 486 684 1094 305 746 905 624 1060 325 939 1028 642 130 100 301 694
1662 1819 836 1013 633 938 762 604 266 323 1054 874 760 391 1133 739 931 1111 933 768 815 918
2250 2250 171 376 324 383 965 1050 898 374 941 505 680 484 505 24 727 1113 446 189 947 11
1342 1344 972 33 786 1018 635 697 793 1097 782 1111 707 1024 1065 601 332 630 343 490 161 1056
2011 2035 659 1078 247 860 11 424 506 713 625 1014 190 454 451 237 1091 1070 877 98 211 678
787 1001 692 176 694 910 271 403 945 169 815 119 842 1127 519 850 7 165 1142 1071 17 43
2691 2691 369 841 574 5 806 85 904 529 742 1015 108 203 857 394 958 736 458 214 462 765
2556 2568 245 984 782 1078 1062 495 579 1135 945 865 225 258 900 422 658 589 625 718 20 464
459 468 677 100 182 553 472 818 848 359 949 466 309 697 1055 1057 113 906 12 1060 98 1055
866 3222 552 860 785 859 791 159 134 195 704 1 879 803 155 1146 168 433 509 30 61 945
916 916 858 472 809 618 428 259 687 733 117 591 67 234 794 318 552 209 817 918 144 1111
3035 3043 1021 599 969 600 370 846 944 635 182 250 1141 943 1134 20 755 966 1036 755 373 1024
1874 1893 916 132 510 462 321 226 907 529 797 1121 165 305 451 361 733 454 198 539 716 1020
419 541 719 550 1132 330 901 70 875 796 745 326 54 1120 1131 271 900 163 789 524 741 206
3755 3755 352 919 708 319 304 555 906 62 636 657 314 469 546 140 1106 77 1085 1088 340 917
3971 3982 603 546 816 529 431 1092 427 859 849 1054 121 1061 107 318 1127 44 49 281 1121 707
2579 2591 776 937 770 761 653 275 235 689 1144 516 101 491 659 158 785 702 1139 270 94 1074
683 1169 379 6 1131 268 1144 182 317 142 273 176 977 586 483 1142 266 37 608 716 157 255
3521 3521 419 802 726 649 636 100 85 343 284 682 398 520 602 890 278 148 1034 961 315 281
1748 1748 328 920 716 316 419 1074 1085 774 169 923 510 1035 724 189 982 222 306 603 292 876
2787 2788 1104 768 138 667 1045 427 236 68 814 984 138 908 680 541 654 169 1113 192 405 589
825 3934 435 557 846 1036 209 1127 30 838 507 466 714 554 206 66 1062 706 1040 561 36 40
3906 3906 345 160 520 655 0 935 940 415 990 885 1145 245 985 1115 800 1130 815 670 520 1095
1951 1958 593 872 736 1024 826 717 754 650 367 631 787 1045 713 871 128 844 1099 278 460 780
4107 4108 707 1029 952 1050 0 266 938 637 1120 756 966 882 595 1050 413 469 21 525 252 707
151 648 372 285 363 1110 234 435 9 723 474 1008 219 600 84 216 96 648 816 228 990 213
2873 2873 1095 558 372 513 879 453 75 237 1122 399 405 576 963 513 459 324 285 1008 678 45
4874 4892 149 652 1041 353 780 800 817 309 351 500 665 80 725 1118 98 1035 351 689 348 254
1232 1246 878 1087 975 379 1134 869 172 592 739 598 774 387 511 380 606 233 1131 434 846 309
1079 3350 679 672 422 1138 229 403 81 27 1019 549 512 861 601 1067 616 46 1148 881 198 712
4710 4710 213 134 311 674 336 602 224 129 490 665 1077 1151 962 375 489 872 526 651 217 852
4720 4734 1092 1116 159 890 156 42 1133 711 785 299 1002 237 125 510 16 1008 513 682 379 75
4345 4374 468 559 656 386 905 319 779 176 743 229 817 400 1137 196 597 837 644 489 134 853
729 1148 561 879 669 696 69 426 666 507 1023 612 900 1137 267 375 888 30 465 342 852 1032
1394 1394 0 0 0 0 0 0 0 0 0 0 0 0 0 0 0 0 0 0 0 0
4688 4699 330 1137 601 602 913 349 35 1109 1134 526 946 1034 925 1036 521 361 312 862 7 799
2657 2683 262 1041 421 641 996 157 392 948 87 1090 456 1107 826 513 401 1126 363 782 658 1003
180 369 145 130 29 839 906 594 286 280 384 520 879 797 222 1010 965 1096 951 397 439 299
112 112 614 742 438 168 80 774 1061 645 273 1008 787 357 1149 968 404 424 559 994 106 301
258 265 458 625 152 1069 256 479 426 326 23 426 458 897 518 1148 792 439 612 236 1080 781
1282 1319 57 829 59 861 1054 1011 760 784 24 187 236 741 970 71 764 1152 651 182 467 630
529 4018 874 614 947 897 884 926 281 272 191 603 700 748 48 497 504 1104 1149 1123 750 1123
1790 1790 0 0 0 0 0 0 0 0 0 0 0 0 0 0 0 0 0 0 0 0
3861 3874 910 1144 641 580 944 162 55 1017 251 337 243 580 1134 1110 29 486 34 642 630 425
3132 3155 927 189 723 579 402 1016 930 829 1001 531 150 622 106 622 427 958 247 681 467 485
1076 2336 1073 640 329 166 194 808 730 1088 370 1123 1090 991 886 115 1077 751 26 448 173 409
493 493 0 0 0 0 0 0 0 0 0 0 0 0 0 0 0 0 0 0 0 0
2743 2760 630 672 420 819 525 252 714 945 840 483 651 399 252 1050 21 294 819 294 315 798
1378 1393 943 1082 318 727 599 215 21 756 1152 203 34 472 949 735 1009 20 438 774 359 1010
527 968 1148 30 846 747 822 602 70 753 101 964 588 741 1016 136 340 716 823 270 459 614
2561 2561 480 707 298 857 57 456 955 588 1131 547 370 293 321 665 921 319 727 118 793 339
1666 1677 700 319 951 880 378 1125 900 890 664 860 536 290 1111 809 1082 99 822 80 571 334
2367 2391 70 896 1146 790 70 234 672 1034 661 921 804 54 130 203 314 667 115 48 413 403
2595 4769 129 164 1078 480 1149 714 566 508 0 1016 255 999 203 1020 833 4 1058 328 548 173
4952 4952 0 0 0 0 0 0 0 0 0 0 0 0 0 0 0 0 0 0 0 0
2902 2902 5 529 152 1004 249 1012 220 122 609 767 387 425 327 702 770 972 248 749 894 71
1707 1717 1066 769 385 63 305 1078 168 1069 285 1072 540 553 272 74 672 1149 530 464 338 141
915 1117 144 817 222 554 10 270 901 1099 538 84 1035 677 304 195 1000 486 1077 614 553 775
892 892 33 1068 1053 156 663 234 687 525 543 732 489 360 570 228 579 630 243 1017 222 507
1791 1796 120 313 1080 1102 323 1122 882 759 732 268 780 1116 568 173 120 1087 142 531 310 408
4605 4640 196 1090 928 860 954 599 120 616 319 634 405 660 157 633 831 671 925 783 63 211
829 1245 496 351 857 1105 731 60 281 732 507 952 979 1008 556 576 309 872 346 302 849 1119
3805 3805 0 0 0 0 0 0 0 0 0 0 0 0 0 0 0 0 0 0 0 0
902 921 428 485 222 358 686 721 964 769 326 13 1134 741 250 1096 254 764 582 811 418 532
3024 3042 170 1118 12 190 296 436 980 520 1154 629 715 935 759 127 183 303 811 245 312 220
139 241 1025 1054 36 832 853 415 1126 1066 909 954 729 1022 1084 637 87 982 280 998 775 360
991 991 0 0 0 0 0 0 0 0 0 0 0 0 0 0 0 0 0 0 0 0
515 524 540 1007 816 564 160 796 478 129 76 866 535 842 863 83 1123 618 9 685 1051 1111
761 787 721 403 833 753 851 546 112 97 565 275 107 844 849 154 609 715 615 884 421 906
4057 4773 614 789 520 357 495 1130 583 436 181 840 22 999 1137 973 777 280 357 929 1051 682
192 192 870 132 792 965 873 1043 1096 408 34 903 353 867 77 2 851 1031 392 29 1061 1072
741 756 755 903 117 878 678 573 178 115 723 258 583 460 523 443 980 411 297 731 28 21
3700 3738 181 404 204 1083 621 287 701 125 662 643 24 534 768 274 444 1017 155 632 551 924
1082 1617 175 302 164 529 893 540 1038 38 932 1031 213 863 186 40 73 790 957 395 707 935
338 338 1128 805 204 703 35 506 554 980 930 1042 347 388 1131 738 1131 521 143 397 571 87
269 278 301 259 196 112 623 119 980 966 700 553 49 294 245 868 924 140 693 1043 931 868
4670 4677 175 703 1146 592 551 1086 52 302 553 862 621 592 998 580 403 583 299 963 912 331
263 1015 792 164 1022 666 879 992 685 653 528 653 155 996 438 475 652 855 540 697 182 594
78 78 64 679 612 903 891 459 823 693 257 453 496 106 736 721 281 666 453 637 872 677
1997 2004 592 662 131 219 880 110 1126 25 939 38 1130 483 833 1060 275 987 711 16 366 230
3916 3916 572 583 990 165 1122 143 858 407 517 748 484 1078 253 1001 616 1078 517 440 99 715
22 317 786 198 503 506 688 418 33 1021 504 425 912 526 367 1019 795 81 920 544 1050 105
1781 1781 612 474 75 828 801 42 1011 861 648 741 1062 870 729 528 276 828 1011 984 825 1044
450 458 483 953 93 880 476 815 547 426 680 427 274 855 775 241 207 7 946 200 614 558
3665 3683 458 905 694 446 194 707 975 316 784 911 591 1013 828 405 1084 986 756 988 167 449
3718 3954 434 310 711 362 342 661 987 755 249 752 719 73 193 512 236 604 22 481 672 798
720 720 624 403 214 436 1133 214 562 587 484 187 738 105 1057 555 1078 936 349 256 1053 1132
1449 1452 677 571 291 658 78 375 797 999 301 660 1137 497 651 283 671 313 876 1103 701 170
245 282 894 844 488 572 788 80 782 422 922 646 297 665 672 279 824 378 728 844 67 161
1808 2148 235 301 952 465 305 1145 602 614 905 188 391 953 869 272 888 1116 357 520 377 532
4890 4890 65 836 377 907 1124 503 1042 155 1033 408 812 595 1032 835 216 672 181 546 855 815
4985 4991 79 708 1064 654 921 25 1070 36 304 835 131 189 1016 1116 915 197 800 507 225 957
457 460 1006 852 1021 19 977 300 1144 767 730 523 1027 1117 321 739 541 333 588 507 937 886
2686 3709 539 302 674 768 370 85 73 494 1087 271 638 173 5 509 129 73 726 446 427 549
1913 1913 822 873 795 1119 999 516 288 660 243 873 21 111 447 885 609 648 750 276 330 843
2220 2229 65 419 367 944 343 330 716 443 367 328 164 956 481 896 922 328 1109 531 873 387
3173 3184 919 780 582 666 365 112 257 582 34 314 335 545 775 872 477 1117 51 330 983 779
175 699 36 501 303 797 776 100 535 1033 323 260 127 909 53 869 707 45 928 94 29 118
3653 3653 83 112 149 921 458 763 945 876 1114 467 177 304 642 655 1115 991 848 560 639 784
866 870 588 460 11 87 1003 28 609 217 618 1139 1043 10 285 210 1132 165 860 87 241 732
2905 2932 371 260 442 394 241 500 483 431 678 756 70 476 364 391 708 1081 247 713 651 155
2349 2613 514 880 904 777 506 783 417 456 443 679 60 1059 653 411 278 154 1006 1090 419 194
807 807 1049 721 945 471 559 873 279 956 555 41 211 320 315 277 407 531 353 955 544 78
3255 3274 351 264 1095 876 894 501 99 684 888 846 993 534 435 1050 1029 867 357 474 1143 1134
3002 3028 106 226 390 984 1124 221 318 34 446 883 959 606 382 996 49 714 698 477 578 89
1335 2193 300 416 482 121 438 134 136 988 248 380 945 942 1013 634 613 204 876 971 652 262
3167 3167 860 510 1005 1100 410 360 275 195 855 965 175 595 1025 1015 590 1130 600 735 685 760
2786 2800 945 153 167 211 694 241 340 470 75 167 816 92 225 218 1089 370 123 233 941 414
1962 2001 758 233 954 884 458 296 985 773 372 898 980 904 66 257 225 975 174 998 611 1099
656 1172 879 813 606 17 1153 234 879 775 946 439 973 544 598 36 129 150 989 196 1083 920
3316 3316 1089 21 153 837 708 807 813 951 375 618 282 192 792 150 270 471 84 468 726 645
4218 4231 941 972 1057 422 336 75 401 849 695 805 1114 127 836 89 1017 713 1115 646 558 385
981 988 231 794 131 232 1137 969 1036 155 1153 1093 792 191 335 721 90 948 483 1126 371 423
1684 4093 108 335 1147 379 1045 666 909 996 809 1106 1087 334 442 1036 1051 128 316 162 365 932
1049 1049 460 576 39 641 193 638 787 27 1025 907 396 52 865 109 527 153 387 186 974 440
1331 1350 226 797 778 671 24 826 898 1036 886 590 824 266 511 667 1002 479 782 1069 411 386
750 770 339 391 831 801 882 895 900 410 736 461 523 497 540 677 852 138 325 748 272 712
951 4978 818 120 605 1063 884 221 105 723 333 571 696 244 89 776 512 1080 1118 1120 9 1059
2829 2829 958 874 227 905 1121 814 173 641 374 782 290 32 721 780 799 992 283 748 35 248
4921 4930 69 1080 607 645 398 427 735 721 1069 889 28 619 1021 428 766 315 929 1075 995 349
4442 4467 606 903 1021 804 741 1090 991 743 1110 1031 1072 733 133 861 411 763 127 950 164 1022
119 4217 435 934 1073 165 857 428 1074 465 1104 290 408 901 758 625 709 628 487 1124 553 636
2191 2191 0 0 0 0 0 0 0 0 0 0 0 0 0 0 0 0 0 0 0 0
2599 2613 844 872 556 438 639 120 967 108 751 522 854 1061 840 187 787 1070 1144 635 881 940
2875 2883 109 701 416 573 175 1008 152 489 571 484 889 1128 329 834 510 829 295 157 357 21
2416 2620 97 181 349 72 351 795 246 1113 647 1058 39 184 308 483 780 230 547 629 556 776
3592 3592 1101 799 694 1014 798 399 1116 390 256 1098 829 512 896 1014 672 350 164 944 464 589
4035 4048 734 980 510 582 867 386 14 551 285 889 1046 187 889 344 504 1078 453 372 201 498
3463 3498 262 253 407 77 529 558 389 430 1003 92 728 906 616 995 513 1013 920 143 732 108
61 190 484 230 1094 876 1050 346 773 142 1035 38 786 1088 1003 247 475 391 403 379 384 666
1548 1548 627 481 314 771 582 592 557 699 79 187 696 14 299 440 968 1114 583 476 506 357
2634 2646 567 560 1015 98 140 651 1078 84 14 336 1043 238 770 959 560 847 224 0 203 434
4584 4586 620 330 1000 325 10 665 1020 1080 160 70 1135 470 475 660 165 490 150 365 530 495
2376 2824 460 245 1037 262 335 851 880 246 656 1102 709 651 1126 588 239 85 639 112 137 1151
1096 1096 490 280 105 210 490 595 630 105 315 140 420 805 525 630 280 280 490 455 665 175
805 819 688 533 32 746 589 1137 792 166 228 204 814 630 1076 935 650 418 520 1144 825 492
1291 1300 437 669 1018 660 1053 197 964 640 706 728 850 641 1096 1153 902 102 657 275 821 1024
559 1932 383 638 703 699 1088 75 615 6 123 742 1062 170 438 775 1150 190 849 978 124 1073
1181 1181 861 750 306 987 267 1023 1134 519 309 219 843 555 519 636 240 702 747 360 558 891
1843 1856 502 849 1008 686 164 198 590 682 676 1151 844 630 774 307 797 1148 938 1042 933 814
2117 2152 449 59 692 482 27 344 624 285 353 269 489 702 1024 850 794 150 951 334 935 205
7 232 317 139 735 446 1078 704 513 101 1002 166 247 66 498 815 670 815 1079 35 270 816
927 927 386 273 1079 137 761 861 586 667 285 595 237 1056 594 959 1043 229 66 219 268 1043
3308 3322 1124 30 36 180 175 295 647 540 983 438 1098 32 649 262 479 289 142 826 770 1023
907 913 413 467 602 1029 367 745 507 695 864 1132 881 481 175 1006 1030 639 690 648 433 306
1326 2218 936 1113 515 683 850 579 525 26 773 755 87 205 9 325 207 812 1035 1027 902 72
1779 1779 921 828 1044 6 870 307 277 183 918 485 1056 464 611 179 198 761 392 195 522 317
4368 4382 125 985 500 1070 855 785 1100 900 655 845 785 395 85 395 740 540 430 775 760 170
4020 4052 1057 209 138 667 901 334 688 1031 225 411 503 119 746 1094 859 1140 960 1013 195 872
1316 4233 162 140 818 588 321 177 226 1137 124 423 997 434 400 250 105 322 213 1057 1089 209
3061 3061 587 551 912 59 759 116 1137 808 192 385 350 182 686 838 1071 226 84 200 26 869
500 507 623 698 693 1060 622 484 802 358 955 344 724 469 429 194 1073 813 397 1047 961 1076
1176 1187 283 262 761 212 484 312 1057 1141 538 686 21 925 1022 848 952 664 1044 767 1041 724
1107 2849 483 492 306 894 430 1071 323 401 1149 601 174 843 75 396 1094 226 174 248 930 566
3347 3347 414 1001 387 477 402 203 1064 490 572 678 1041 943 1 1116 92 1130 648 595 599 538
4538 4556 103 279 593 195 568 689 919 938 438 483 846 1086 756 429 582 722 352 248 989 944
4450 4463 704 661 200 275 52 897 766 948 947 294 286 591 495 1134 1000 978 969 137 521 776
479 1512 35 232 81 781 1031 483 987 769 781 817 881 898 650 1063 180 778 532 1120 69 408
1423 1423 0 0 0 0 0 0 0 0 0 0 0 0 0 0 0 0 0 0 0 0
2825 2831 119 160 664 672 1139 95 1035 186 105 1044 231 81 711 558 863 58 328 636 650 979
239 277 628 1072 354 705 1074 930 1088 235 772 296 914 1001 283 909 277 102 145 566 416 43
1622 3687 394 266 348 173 1136 539 674 1083 927 752 568 1144 285 714 1034 590 1067 637 503 184
3816 3816 692 834 679 860 1153 1073 1147 627 122 698 1132 257 904 415 317 952 964 720 817 818
3018 3023 1070 457 689 309 1153 1075 104 983 490 1132 393 133 482 264 613 900 916 985 160 338
135 166 816 675 234 855 909 3 783 1152 864 942 1095 276 741 948 939 807 360 939 1116 648
1093 2078 505 410 1117 355 994 25 724 909 583 643 28 342 817 793 557 656 244 388 276 676
1135 1135 739 1036 743 755 605 204 191 924 1096 49 849 1130 366 874 67 316 293 509 365 514
3071 3088 493 466 1096 660 151 682 1076 686 803 822 158 338 301 685 379 1083 1007 459 569 76
4924 4962 585 977 1087 977 5 1040 852 995 137 936 400 166 570 865 663 140 1055 791 161 332
1804 2276 80 360 1075 395 1035 1055 1060 985 90 670 1120 515 405 70 690 855 180 30 840 185
127 127 1132 3 252 635 440 1097 311 83 599 414 657 74 644 1012 261 136 411 491 207 74
481 481 0 0 0 0 0 0 0 0 0 0 0 0 0 0 0 0 0 0 0 0
2829 2829 798 563 173 1151 1134 1048 1144 457 712 955 886 848 1039 410 943 222 479 369 521 453
1239 1879 1005 298 1023 306 696 604 619 368 103 704 590 1023 903 364 752 187 1026 531 1060 1017
854 854 212 1142 1070 759 1072 660 106 254 630 996 313 401 138 186 742 893 839 444 1062 926
2214 2224 407 1070 425 344 779 998 375 49 694 353 532 41 1060 29 462 892 1105 892 920 388
163 171 520 542 740 990 726 807 576 624 664 653 1039 1019 512 711 760 822 609 154 763 142
209 513 586 898 276 850 761 873 429 965 874 697 661 866 302 594 221 274 871 47 572 937
3641 3641 897 370 962 327 1104 1047 808 12 870 128 587 675 466 935 466 923 895 168 583 764
1629 1644 949 483 178 158 695 526 792 1124 797 1059 252 375 25 1054 605 264 192 65 64 685
2096 2127 667 960 905 85 1131 579 494 491 502 591 168 764 218 235 176 402 880 940 757 441
3110 3669 1129 1118 900 201 548 995 967 792 418 911 740 983 546 459 303 301 84 763 1011 424
2763 2763 22 913 979 1089 902 462 341 495 11 165 1122 374 891 880 110 66 242 110 957 1001
3799 3818 818 516 952 507 765 126 1036 140 1139 1151 182 344 672 922 491 623 109 691 778 626
29 32 69 615 110 322 322 871 428 357 1066 284 343 705 525 727 626 1074 674 495 956 836
1408 1852 220 968 143 737 803 682 913 1056 231 781 1012 176 561 1067 275 693 1001 847 187 363
755 755 417 1004 668 406 969 191 1023 656 985 384 739 984 689 448 1066 634 649 595 419 715
4969 4978 912 759 246 21 762 567 174 57 708 198 1017 81 75 357 810 954 783 591 369 1122
1903 1912 258 664 438 7 1120 1040 899 130 589 971 633 284 806 104 741 1102 580 393 594 408
1242 1892 539 909 498 25 57 611 696 749 151 1100 1043 624 1100 463 648 932 534 584 554 1151
3683 3683 384 626 678 777 184 218 300 996 659 868 294 844 45 1122 353 853 1121 1022 954 546
4049 4063 708 267 855 921 1095 297 429 885 600 831 603 1080 867 351 639 1122 60 117 819 984
4674 4686 249 927 984 626 972 376 165 148 748 633 1138 603 1126 644 1101 297 62 407 122 223
737 1625 281 853 180 1030 436 742 1142 124 801 640 794 75 813 549 625 365 668 1080 1132 1087
4224 4224 436 809 623 1066 76 671 1116 1129 1151 26 355 812 197 533 311 405 223 593 276 704
3809 3825 91 36 11 486 880 950 920 18 208 632 644 410 534 48 503 1131 120 142 348 420
2225 2263 1087 1082 493 680 791 331 108 345 1024 500 293 777 942 1116 620 228 711 730 873 302
475 1987 827 128 650 948 297 616 669 987 1104 1078 607 543 1012 296 1030 760 29 202 240 934
1748 1748 953 198 679 814 1141 658 315 555 972 378 952 1070 814 572 833 383 339 949 668 231
69 75 490 634 852 870 201 362 232 1061 1097 718 156 692 482 49 452 578 799 307 467 1080
564 581 582 300 1128 990 921 768 355 536 1107 81 283 749 787 755 777 519 176 199 120 519
577 1108 247 638 473 307 973 703 694 656 964 1039 106 824 1089 913 95 819 611 955 812 375
1529 1529 405 933 676 875 88 487 16 894 660 786 745 431 277 667 303 62 45 659 83 294
3984 4001 675 50 130 65 235 605 600 750 760 470 155 1120 530 575 665 630 355 465 5 1030
863 864 495 898 707 105 984 801 158 1093 160 88 272 679 1094 1052 634 633 67 30 820 680
652 2048 582 784 838 843 465 887 761 841 158 237 181 187 666 649 853 474 655 1151 908 392
931 931 478 393 798 1093 163 1108 77 264 2 1036 381 963 702 559 684 406 382 351 183 319
3148 3165 1049 1054 506 680 790 609 258 142 359 181 841 929 703 1000 177 1068 381 727 972 98
1937 1975 167 932 743 1015 1029 573 977 609 341 1001 968 978 433 206 623 30 669 302 735 852
3114 3373 357 600 1115 530 230 37 574 1117 1099 1046 419 735 986 952 68 183 322 1131 781 128
1776 1776 936 306 240 585 993 810 1059 183 63 168 729 606 276 1110 1092 834 786 63 690 57
1583 1600 1043 390 94 242 540 225 995 261 642 929 816 781 563 559 106 610 96 593 473 150
4483 4501 1039 1077 521 725 333 835 1011 390 178 425 395 592 602 859 992 494 447 620 1042 258
4032 4958 580 235 343 24 610 729 616 342 175 337 1050 204 501 694 604 976 178 576 1020 234
4142 4142 9 671 66 1056 495 120 19 107 939 1106 279 425 415 643 986 5 386 362 776 236
3646 3665 916 13 10 90 701 567 80 35 920 1085 149 754 1132 510 87 540 589 611 165 471
4562 4575 135 615 95 495 1100 690 295 865 300 1005 830 465 195 650 375 450 570 890 1100 125
3067 4880 420 665 315 1050 140 630 665 70 560 455 35 210 910 735 420 0 700 1085 105 455
3814 3814 787 340 1134 972 698 384 635 517 242 152 1138 995 124 774 790 387 231 640 137 998
2655 2674 1092 355 1073 74 329 882 839 301 996 861 1114 798 897 188 85 1140 1138 616 894 569
4341 4378 867 5 131 334 1087 816 415 802 679 679 75 894 382 813 590 535 412 659 102 215
2273 2875 519 839 478 902 1065 18 540 832 1059 863 512 1014 457 57 442 862 772 55 749 968
2496 2496 966 612 534 222 555 1056 51 1023 420 981 669 234 813 186 117 585 339 678 396 876
391 405 576 1140 756 777 1056 1041 1116 1032 669 1056 900 285 1101 492 3 1119 678 513 534 615
1570 1604 149 710 1067 68 534 950 463 98 624 415 42 590 348 230 233 2 266 608 305 6
55 1240 1009 26 377 864 1068 1045 50 491 1036 293 576 181 155 190 389 909 864 616 1087 114
2851 2851 0 0 0 0 0 0 0 0 0 0 0 0 0 0 0 0 0 0 0 0
1572 1577 137 647 12 1021 257 851 239 919 289 660 785 582 611 149 586 684 828 307 569 912
3337 3359 424 504 409 827 988 736 423 837 342 239 101 881 85 136 878 681 1088 170 349 1126
168 4741 89 498 978 833 695 1145 396 1042 119 273 568 120 441 715 58 863 1112 1053 598 1068
1966 1966 886 423 1054 590 359 510 50 492 704 996 68 483 1052 698 44 520 722 712 698 494
4409 4420 246 187 1040 723 467 1023 515 305 110 23 395 294 787 266 723 118 828 455 489 1024
3392 3430 775 965 810 878 485 1147 597 99 461 164 313 1097 564 290 206 1014 1069 792 889 1029
266 3206 381 662 967 808 794 573 183 721 222 22 1043 580 524 805 634 620 116 890 40 280
3880 3880 795 849 678 991 118 53 349 682 563 233 1110 510 606 800 844 858 892 175 478 952
4050 4064 603 386 847 498 35 291 238 714 139 828 995 894 1060 804 519 676 1090 905 134 969
3024 3047 776 1138 578 30 354 522 568 1034 750 865 946 1102 212 986 996 374 537 882 796 41
2726 3076 743 897 492 961 401 322 260 0 531 55 523 557 322 1112 940 256 1074 1082 864 872
2663 2663 509 885 301 792 1098 243 487 774 341 983 121 454 684 350 699 813 201 221 868 717
4775 4791 707 986 899 174 316 583 329 639 271 100 705 391 505 853 781 436 1007 863 499 446
174 181 875 386 961 701 257 341 849 526 217 0 357 130 399 573 887 576 893 605 475 75
8 111 937 170 954 1026 1068 819 631 1046 658 176 156 874 759 1148 198 1020 1018 55 278 1151
2212 2212 1020 687 245 1132 128 384 1122 350 630 327 1110 1093 991 1153 150 893 61 998 1015 197
4514 4531 432 428 56 109 515 1113 700 710 457 1110 976 387 1021 979 282 906 996 1033 44 192
3890 3921 66 461 770 300 1045 417 459 252 144 386 328 250 541 378 401 267 698 101 435 987
797 2832 139 181 634 902 1047 296 936 874 466 922 535 22 642 931 12 1055 836 908 76 379
1586 1586 1056 1032 432 829 193 963 307 246 1004 702 618 217 13 31 102 307 1133 802 593 570
757 773 705 971 855 96 663 122 376 922 49 873 661 1000 210 540 873 243 960 1024 339 438
4024 4029 240 382 987 163 670 30 757 444 1153 216 741 299 654 945 994 278 554 988 443 569
3822 4420 342 564 118 462 520 740 6 780 181 1128 703 424 297 223 359 275 981 425 1121 548
4664 4664 1010 1112 79 506 44 952 1057 1022 938 1028 803 253 1109 825 563 340 632 1136 71 139
595 597 0 0 0 0 0 0 0 0 0 0 0 0 0 0 0 0 0 0 0 0
2180 2192 50 707 607 15 1034 606 1025 33 1049 139 263 1040 890 92 627 19 895 342 385 529
449 623 1144 471 364 110 160 1026 242 930 805 872 405 886 535 929 791 298 619 549 1005 844
1105 1105 0 0 0 0 0 0 0 0 0 0 0 0 0 0 0 0 0 0 0 0
3878 3884 75 5 605 90 985 460 580 355 350 605 370 930 415 1000 445 45 645 190 60 400
272 284 609 638 7 62 1089 204 1135 82 170 572 1103 807 17 121 578 38 178 288 644 664
621 1370 729 195 853 999 80 164 225 39 609 550 346 675 917 554 775 703 1083 977 850 733
1897 1897 0 0 0 0 0 0 0 0 0 0 0 0 0 0 0 0 0 0 0 0
3833 3845 299 574 951 470 922 1032 448 926 574 287 915 730 851 862 1053 627 116 957 189 634
1629 1657 639 276 894 335 545 175 56 136 469 570 632 77 49 745 450 826 710 469 836 25
35 2744 1075 785 906 280 346 852 966 944 367 492 862 986 248 359 164 256 610 503 652 664
1735 1735 925 1049 82 302 1055 307 451 1000 675 79 686 513 279 1109 361 761 695 362 996 506
1805 1815 1001 208 89 629 894 201 874 854 736 1031 290 51 273 738 1003 434 437 616 963 549
544 547 860 251 899 552 100 692 824 757 497 987 636 27 297 88 338 669 774 1100 412 877
1854 1879 7 736 675 613 529 960 497 490 734 306 641 611 1001 775 1128 264 209 443 784 682
3746 3746 0 0 0 0 0 0 0 0 0 0 0 0 0 0 0 0 0 0 0 0
2604 2614 264 1089 1056 924 858 495 165 462 726 33 1089 957 495 396 429 627 396 330 462 726
3792 3803 347 677 57 449 612 1079 809 150 248 642 1039 150 1100 788 152 954 849 272 105 9
4467 4761 876 857 246 917 1082 580 639 321 1149 151 1117 343 172 140 965 161 143 405 829 23
326 326 0 0 0 0 0 0 0 0 0 0 0 0 0 0 0 0 0 0 0 0
2243 2246 0 0 0 0 0 0 0 0 0 0 0 0 0 0 0 0 0 0 0 0
3954 3978 272 719 534 463 495 767 551 538 151 274 786 555 943 389 280 1019 1118 959 559 891
112 563 1087 869 40 1136 892 111 437 814 494 159 134 837 828 831 150 115 510 675 324 694
1757 1757 315 765 135 485 715 915 395 995 105 225 565 75 1075 10 840 755 910 1135 35 955
1164 1169 1143 126 799 318 483 920 315 951 681 754 616 117 357 1114 527 173 941 555 134 113
1716 1755 184 746 301 600 242 91 1046 762 1025 279 1027 983 539 102 1018 761 59 509 138 513
2055 4744 826 574 1094 831 302 615 435 800 187 227 825 1089 373 781 506 1022 103 458 484 572
4145 4145 547 108 212 909 21 685 540 737 465 1021 313 227 25 108 746 733 144 797 26 982
2329 2339 339 195 62 765 893 469 469 940 1081 174 753 834 241 1037 756 1138 636 644 310 1147
1753 1758 60 475 136 781 864 507 940 1025 66 624 564 554 261 339 147 99 712 73 236 1106
460 792 849 50 298 235 906 632 233 654 497 781 60 595 760 617 385 738 517 82 884 950
3604 3604 299 985 795 772 319 195 1137 884 251 380 1148 861 1070 86 468 596 105 957 1103 847
2015 2033 848 223 750 961 295 663 922 395 126 1032 1036 1134 135 348 1089 893 672 824 78 1062
2 2 0 0 0 0 0 0 0 0 0 0 0 0 0 0 0 0 0 0 0 0
2953 3279 140 244 201 942 552 592 696 730 161 894 1009 622 1002 168 144 975 379 683 425 1002
87 87 779 1090 214 953 999 603 48 813 1109 730 9 1070 721 1113 362 70 346 391 815 594
1246 1257 482 76 503 643 24 900 789 898 627 374 256 1043 1060 339 209 809 14 8 1037 137
3456 3473 56 786 832 727 876 948 735 1030 405 482 420 103 85 1106 837 933 1055 624 334 365
809 4929 916 1013 652 99 25 1082 568 183 91 625 790 439 1090 82 388 370 809 338 11 508
671 671 384 204 621 204 612 192 897 111 258 327 471 441 159 630 1053 252 795 354 795 348
4129 4147 919 827 377 963 846 172 207 989 1143 488 661 513 209 377 207 1039 332 1150 988 1079
4542 4551 519 337 724 297 934 462 1058 1149 225 145 537 1084 1021 741 642 701 326 494 907 87
2637 3929 1135 132 173 26 13 740 628 401 966 874 1106 176 601 417 149 143 378 1017 967 253
1250 1250 992 694 434 349 434 814 869 909 735 27 359 0 806 304 629 843 313 354 670 499
3359 3369 840 1068 855 291 999 354 1116 522 591 306 795 510 837 420 1116 291 1137 24 759 1113
3985 4022 163 688 79 963 595 966 378 1127 240 275 39 928 1056 639 14 532 617 576 878 939
14 967 648 908 24 621 348 808 427 1045 696 1067 797 827 219 1073 484 536 1116 705 581 386
2192 2192 0 0 0 0 0 0 0 0 0 0 0 0 0 0 0 0 0 0 0 0
305 321 1069 311 989 792 384 796 230 168 524 613 566 376 225 346 1001 798 986 577 579 458
4676 4679 999 275 115 637 965 91 878 546 334 172 523 1016 33 152 592 420 599 108 630 1071
3326 4501 263 1103 753 15 717 860 1135 460 595 281 1129 892 236 108 112 201 959 379 1056 122
2441 2441 735 1050 902 335 255 849 550 1147 27 385 271 1132 695 95 75 369 120 412 960 271
296 307 583 655 430 13 30 1 1118 1053 487 1016 997 130 80 206 850 872 1033 625 279 838
3426 3441 1099 159 653 1110 871 525 593 164 378 225 351 987 422 777 241 1013 436 694 329 60
1520 2597 883 589 357 1147 1016 594 224 406 1151 380 35 123 919 1003 1096 428 711 725 474 550
768 768 629 52 373 742 117 61 994 1067 785 504 816 820 777 191 461 957 889 265 728 99
809 819 877 807 244 207 56 1007 772 454 910 715 33 1129 894 650 255 993 46 321 561 787
1989 2020 695 1141 733 235 825 3 1049 457 761 609 342 267 987 510 790 1149 1036 449 622 855
2572 3180 195 1108 327 999 695 769 1098 411 957 457 1073 1076 210 821 207 135 675 991 90 601
2672 2672 0 0 0 0 0 0 0 0 0 0 0 0 0 0 0 0 0 0 0 0
953 953 201 371 39 138 700 361 373 1029 260 469 507 830 629 1004 786 1126 338 495 962 1095
3251 3273 709 564 1118 1095 70 228 151 710 828 78 840 999 875 180 332 721 684 872 1117 554
246 1270 622 107 724 931 53 225 971 729 324 447 1072 1041 1088 825 520 833 601 495 302 581
1738 1738 903 1088 991 808 1085 1057 252 1070 317 291 169 926 76 46 889 726 537 167 993 1088
3612 3630 156 1130 889 264 842 827 709 987 813 59 150 18 953 317 435 365 164 805 386 639
643 661 1026 351 894 141 708 165 6 438 933 528 453 642 81 576 180 798 216 360 756 708
406 2507 414 533 996 928 1104 360 497 753 761 1072 1066 707 161 514 1075 1032 732 275 612 848
1252 1252 710 1027 264 1123 743 479 663 82 590 790 911 2 1142 186 687 776 1048 68 861 746
76 92 417 1074 16 722 694 548 834 590 983 88 522 264 848 122 4 429 78 113 851 612
1407 1428 542 272 81 40 221 951 515 452 745 704 87 218 789 905 1033 715 399 1148 550 1150
3583 3623 1106 791 385 361 383 590 243 72 144 294 210 679 416 691 651 363 556 317 414 210
3416 3416 0 0 0 0 0 0 0 0 0 0 0 0 0 0 0 0 0 0 0 0
2202 2219 127 228 65 612 296 1005 876 145 346 361 722 184 89 1087 605 1047 684 1003 327 258
4782 4795 706 1152 319 1072 643 658 595 853 240 713 116 314 798 711 573 1032 775 652 744 873
2883 4669 281 118 811 201 586 854 606 1049 745 1018 66 1010 1111 366 239 956 444 93 1145 193
2730 2730 888 1029 660 42 408 384 480 39 993 186 321 444 237 291 195 288 96 657 330 738
4247 4258 956 639 856 908 276 1025 1153 34 934 1017 655 768 487 1076 505 1091 214 1147 807 105
562 564 627 473 1083 792 640 51 753 672 248 1132 858 289 1053 559 992 1031 774 430 1061 84
1602 3691 363 1132 867 786 1002 858 493 1135 381 430 225 841 1047 986 208 287 1126 1129 210 1064
1435 1435 1035 634 606 517 382 995 1014 223 932 47 1049 405 528 1012 1115 855 237 629 922 223
4329 4347 1032 586 59 1057 520 1090 311 447 400 105 610 971 590 99 642 829 386 653 1086 828
214 229 561 924 330 495 726 825 264 792 264 924 726 561 561 132 429 0 627 1122 99 330
88 279 491 751 963 496 785 798 364 962 754 675 599 490 976 548 294 310 201 578 990 415
4551 4551 279 321 752 206 253 1001 117 999 1153 1154 162 624 497 589 1054 140 863 140 431 1076
1747 1753 50 965 277 412 533 336 708 62 254 31 483 501 335 343 675 168 993 823 199 241
3528 3558 74 620 21 885 1031 120 127 832 374 999 588 1111 149 640 379 1042 796 568 439 234
104 4465 481 459 901 301 675 795 725 1002 57 282 558 757 686 831 298 967 835 444 428 623
3846 3846 77 110 1133 649 528 121 99 88 880 858 968 858 561 209 979 330 220 781 671 451
4601 4620 928 753 1007 159 889 701 529 843 1081 937 126 47 784 1028 678 784 20 473 424 1040
1395 1415 282 409 163 110 362 369 914 366 673 1075 761 562 487 650 974 531 459 1105 940 179
2776 3455 444 713 528 924 267 562 881 30 819 1016 248 760 181 941 834 894 412 577 683 199
3096 3096 606 964 1128 130 814 692 134 669 1138 571 551 108 176 1071 364 62 374 857 687 306
3497 3497 685 171 19 758 27 870 104 993 112 1080 399 143 636 392 312 149 1130 8 848 603
2546 2550 831 594 223 886 688 361 392 419 952 772 937 256 485 172 763 842 590 296 1002 66
2935 3355 816 655 124 819 740 867 878 262 573 214 960 518 1037 515 558 503 959 88 262 970
2340 2340 105 0 588 588 693 126 756 1113 147 126 1134 777 966 63 399 504 756 210 273 819
4814 4829 1072 605 529 358 968 440 133 529 645 725 219 802 223 996 207 230 347 34 1105 638
4697 4712 723 963 105 825 1143 87 738 717 801 924 711 435 459 846 291 909 390 672 894 714
509 3538 501 67 784 386 180 1029 490 1002 826 932 604 676 303 1072 1111 626 934 810 755 162
1196 1196 546 193 751 941 509 618 556 1119 1052 178 959 556 495 424 584 353 993 920 443 826
3860 3864 422 355 1060 991 694 205 13 394 599 1154 341 136 253 145 283 299 10 345 686 1113
819 830 244 932 823 959 1032 495 941 60 64 1079 428 884 365 101 317 26 663 501 892 846
1335 3983 759 432 578 480 195 149 632 658 240 697 1142 279 429 216 544 784 107 709 889 461
356 356 839 501 518 670 835 575 886 806 377 843 74 670 65 439 261 755 197 789 522 315
1680 1686 374 565 551 1071 341 637 207 670 429 995 1078 66 631 1137 473 822 405 1073 699 510
2744 2757 497 720 40 784 498 259 535 389 994 310 966 1098 315 524 420 1096 861 374 1018 144
2236 4099 560 997 817 433 849 309 626 241 438 953 345 499 557 469 661 525 767 1082 180 894
716 716 0 0 0 0 0 0 0 0 0 0 0 0 0 0 0 0 0 0 0 0
1682 1698 57 241 853 173 955 938 717 339 862 383 727 269 614 765 307 866 308 146 392 371
3454 3459 521 209 1135 881 908 159 173 266 342 900 177 835 725 915 130 255 52 797 652 940
780 862 1067 618 922 323 110 154 439 749 448 454 470 884 111 575 947 287 626 427 242 689
1426 1426 324 939 797 1148 188 395 270 243 531 356 266 500 4 880 560 525 1043 569 118 664
3888 3898 324 319 231 550 292 538 92 209 132 1015 543 505 39 1048 56 395 861 1007 950 925
3732 3755 916 830 731 976 440 514 506 890 263 205 650 46 394 1012 649 91 750 913 712 1104
3203 4248 676 102 893 1086 489 435 603 743 559 590 664 128 421 432 393 759 980 125 55 924
2763 2763 116 474 17 1076 106 27 854 986 823 434 58 835 1112 1154 492 989 911 600 872 1122
1057 1061 6 836 111 263 298 134 395 325 730 689 1021 261 830 543 151 574 1062 865 1097 906
3667 3703 859 623 597 1101 400 106 807 595 80 2 1124 437 298 643 209 321 328 491 379 446
1134 1284 121 746 710 99 605 1101 750 436 463 933 194 208 703 62 1126 778 301 942 240 361
2152 2152 1017 19 603 748 650 750 255 1071 548 207 475 520 974 782 837 1120 653 917 690 1065
166 175 735 503 20 283 1062 417 585 235 165 475 464 1059 74 566 198 45 1102 793 1078 556
3404 3419 683 455 111 595 323 127 306 466 1042 587 839 586 876 737 133 534 493 16 798 236
2767 4007 347 43 325 1040 333 1115 513 10 907 829 63 126 602 1122 1067 734 263 516 44 1097
2800 2800 636 765 456 111 924 246 330 972 1008 945 861 285 666 726 819 624 552 54 453 945
3879 3883 562 1153 653 483 862 991 853 217 553 23 685 94 248 814 181 1137 48 378 760 123
150 184 787 499 515 720 459 1000 894 302 644 434 230 1017 601 568 113 729 606 849 702 1094
2399 3055 368 418 596 477 1102 623 526 1011 988 1019 602 160 498 617 385 634 954 581 750 1046
3840 3840 420 769 1034 999 998 933 267 84 1051 843 1149 330 1038 913 293 738 1107 242 863 1059
594 599 932 24 515 297 882 1094 603 762 779 999 792 1088 763 145 1116 309 811 68 17 357
1721 1741 268 961 147 1117 964 621 189 259 266 25 758 680 842 805 1061 656 37 392 855 570
519 629 737 561 689 153 245 367 540 25 723 140 469 348 992 996 932 710 582 102 335 836
4241 4241 37 181 752 1153 39 323 877 139 1136 1012 640 997 452 94 170 61 255 775 185 1045
19 38 198 1131 936 147 210 1116 426 765 129 1149 663 1035 120 561 897 456 714 810 681 744
4519 4527 370 338 442 44 505 233 43 548 686 665 985 19 321 862 315 675 803 286 265 400
836 4617 567 838 585 720 318 232 956 936 671 1056 30 276 7 68 189 144 491 174 740 378
4515 4515 813 960 996 516 876 807 459 1047 837 882 465 1128 474 1101 186 1098 411 204 741 642
4149 4168 601 627 137 1142 461 1060 650 817 477 1105 537 702 1151 892 1119 512 465 133 89 349
444 470 1090 440 528 46 271 117 303 996 365 1080 396 88 718 1068 426 484 1053 1107 161 103
2938 3114 149 52 456 1135 133 136 136 626 734 41 745 964 1099 614 732 570 1066 703 831 928
407 407 765 810 240 120 210 495 150 585 555 315 45 165 765 225 510 300 765 1110 195 465
2092 2104 1122 84 1029 523 16 598 311 1143 856 511 876 999 302 1036 340 987 282 290 121 1099
3376 3414 536 752 208 545 1137 933 748 95 153 913 570 257 599 604 748 429 965 544 123 729
200 573 870 165 675 180 1065 285 15 210 690 1110 270 330 405 165 15 1005 870 465 150 285
1615 1615 592 1090 861 253 889 990 188 192 334 208 936 413 625 786 195 981 1069 561 102 104
4021 4025 50 292 857 410 963 607 358 493 585 564 12 64 12 479 575 694 356 28 651 18
218 253 123 711 495 213 39 69 399 897 123 804 303 297 414 300 1146 1002 867 813 1095 33
296 466 255 970 469 199 308 1116 274 592 902 677 65 613 431 521 731 331 109 54 221 675
1973 1973 330 15 345 510 660 690 765 345 510 1035 60 900 45 960 600 15 15 360 705 1020
1440 1459 960 796 674 87 932 518 739 232 27 607 682 257 318 772 457 244 358 1145 1121 1103
2036 2044 434 742 624 676 389 737 252 978 917 204 208 736 475 1091 110 375 817 144 625 12
990 2511 492 1067 845 28 886 1076 185 25 459 446 563 797 540 959 680 874 371 417 860 644
586 586 628 646 600 212 785 1107 1082 845 237 872 883 613 1028 182 861 1138 867 556 801 90
189 190 586 716 630 868 268 752 1026 862 204 663 24 302 621 908 545 816 950 919 589 1057
3915 3918 893 1008 685 1087 146 48 223 78 1013 655 344 521 847 93 98 1097 554 1089 825 629
97 196 643 1088 1102 43 588 696 963 19 969 37 1152 951 726 349 372 236 509 671 7 101
3225 3225 874 398 88 8 576 282 271 463 503 534 367 136 422 257 776 126 231 499 498 361
4404 4421 121 711 443 781 148 834 1059 622 116 455 867 0 802 967 87 6 394 26 545 1100
4354 4359 964 583 1053 306 1130 203 901 710 423 262 1070 695 627 879 193 832 175 631 920 975
322 2579 457 881 800 676 56 748 434 1122 879 951 229 204 1100 869 11 479 313 751 833 1121
3387 3387 4 1131 369 272 883 39 1011 938 805 619 968 95 413 793 549 766 487 319 414 235
4498 4513 1 608 230 63 444 175 814 62 725 113 1012 436 520 508 634 84 779 701 937 612
2069 2104 616 723 948 677 594 646 728 1126 38 436 628 572 92 79 139 1093 1101 1067 403 610
2279 3775 0 225 619 1145 611 783 362 1020 901 661 1138 868 894 731 973 88 559 869 270 34
4589 4589 868 187 507 528 844 522 488 515 1006 1108 679 388 1139 807 763 790 137 416 1028 1034
3178 3197 898 139 542 754 747 660 561 338 26 1062 765 45 737 839 601 4 797 562 1033 334
385 418 434 149 641 823 1106 883 1148 140 531 117 559 781 215 462 456 364 1053 1126 988 784
508 1134 994 256 657 931 393 340 1100 339 783 101 321 1077 1036 1073 89 989 782 601 639 941
73 73 634 530 124 404 384 784 964 228 1041 648 1057 794 379 822 672 784 1122 208 258 697
2960 2971 787 207 33 414 1123 910 628 518 640 344 1088 41 355 774 624 505 735 1113 849 207
3047 3074 429 1108 1064 63 800 704 226 620 521 1052 1051 643 405 684 887 554 161 155 449 279
350 2471 378 567 147 441 378 1113 1092 693 588 1092 483 105 1071 147 1008 609 315 840 756 504
3838 3838 905 166 924 974 651 1071 896 1057 698 569 1041 1091 674 1118 604 411 447 163 309 831
2085 2087 293 882 313 739 898 623 342 757 184 731 694 289 1090 679 914 433 862 111 1082 550
2034 2044 710 838 944 199 530 834 25 497 180 260 1066 583 262 776 1029 498 851 174 984 817
1564 2566 361 169 782 1152 993 631 499 130 552 863 280 92 70 1033 308 755 161 1011 1050 634
4992 4992 386 843 251 585 924 699 149 482 431 1152 1026 588 534 828 469 336 745 490 242 607
704 716 519 614 248 908 224 394 1048 807 531 144 345 9 901 189 894 297 500 70 38 904
3363 3388 124 1104 44 562 646 1052 45 196 529 38 848 114 880 1028 466 163 445 245 273 192
2531 2995 316 455 977 300 865 341 142 88 672 614 584 859 574 807 1138 782 270 130 320 980
3109 3109 1017 732 431 909 329 668 944 929 335 941 465 926 7 860 84 62 789 496 563 1069
3858 3876 1082 660 634 572 673 1128 1047 534 790 629 557 700 878 719 952 809 174 626 516 612
2993 3031 667 2 536 728 1005 641 668 239 798 247 1061 236 83 768 467 855 401 677 753 801
877 3844 206 272 291 748 819 1065 490 249 28 961 450 21 831 235 890 713 670 178 413 148
3774 3774 357 507 978 381 54 585 117 1035 615 1071 879 765 750 963 333 1014 57 582 534 270
4767 4786 175 265 948 83 268 750 555 11 527 336 270 648 758 351 537 852 251 460 864 1010
3309 3332 865 1008 655 1047 695 411 719 1091 1021 795 760 869 630 515 786 385 718 936 646 626
605 4183 760 948 354 1020 607 620 981 442 194 593 514 465 112 446 1015 910 420 294 272 323
4463 4463 174 846 19 763 545 997 926 249 902 72 878 216 489 280 280 1126 1116 229 279 797
3570 3586 376 174 904 1152 591 184 117 853 608 210 257 775 678 61 569 1048 797 874 795 233
4470 4470 861 147 0 273 525 1113 0 294 840 777 147 1050 987 525 987 693 504 168 714 609
1048 1167 342 217 1041 515 985 1024 766 997 586 877 789 777 486 585 1122 656 341 755 177 265
476 476 0 0 0 0 0 0 0 0 0 0 0 0 0 0 0 0 0 0 0 0
2211 2214 769 110 971 924 675 920 738 332 1128 319 1075 161 1057 34 13 530 320 600 558 727
4688 4723 503 215 97 267 697 228 211 92 1110 509 940 713 705 532 312 1057 858 816 489 875
717 3457 101 216 1043 1093 1078 33 522 714 269 179 245 1049 536 705 586 558 1080 603 726 1044
2312 2312 0 0 0 0 0 0 0 0 0 0 0 0 0 0 0 0 0 0 0 0
4169 4185 154 604 167 867 967 545 798 819 1 5 30 778 824 49 251 865 858 1078 188 433
4093 4129 801 522 472 555 604 8 793 1107 52 130 470 1082 865 1145 742 377 961 218 697 504
461 2345 1069 472 829 935 98 41 98 1147 40 373 1123 1124 506 697 187 703 209 1154 348 436
63 63 516 366 39 285 324 723 1050 216 381 957 1047 1071 699 129 1071 45 945 828 612 312
2277 2277 476 326 1062 307 525 1030 384 367 958 159 174 1045 962 967 177 767 754 708 11 832
2290 2298 235 1079 172 881 773 642 516 25 808 827 131 1105 626 1011 965 1062 121 568 849 592
874 3114 574 883 1126 446 404 167 865 1149 418 121 992 997 1026 1023 148 38 54 141 858 611
799 799 145 408 854 143 389 113 656 873 994 1086 348 171 532 182 951 352 578 609 323 30
887 905 0 0 0 0 0 0 0 0 0 0 0 0 0 0 0 0 0 0 0 0
124 144 363 99 363 297 1056 825 1023 957 891 561 561 396 594 66 627 1089 462 528 1089 330
114 4037 1050 1041 218 253 459 795 523 678 114 899 224 376 933 944 733 1065 498 1092 652 592
4812 4812 534 678 495 603 342 138 588 372 456 204 1041 852 219 627 396 594 1047 711 570 705
4293 4311 420 828 5 580 905 348 211 1005 1073 990 59 354 867 387 227 624 519 518 69 761
3077 3095 507 401 811 1137 859 279 850 493 339 176 1138 653 356 221 908 535 24 197 969 593
134 514 744 381 775 174 264 272 994 1023 668 912 1077 1083 1153 49 104 119 936 537 598 730
75 75 336 154 131 975 121 17 743 62 249 393 90 397 453 844 696 708 174 55 1111 688
4275 4292 406 921 873 1043 223 33 785 790 917 317 646 724 598 151 813 676 912 0 316 746
1022 1040 469 313 906 176 300 820 443 342 128 196 324 1153 190 692 579 977 29 810 89 44
203 470 1115 971 267 433 782 206 21 1151 1116 279 151 671 794 1030 659 249 348 601 457 333
3127 3127 377 393 140 789 832 809 201 1094 482 876 1083 1051 159 796 185 989 946 44 428 359
4011 4027 785 365 89 304 315 260 472 216 827 126 883 271 876 243 25 772 666 59 895 1041
3933 3956 86 454 187 1132 921 151 664 213 319 23 79 311 257 989 446 55 943 531 23 128
876 1605 844 838 560 956 13 444 1055 1019 282 400 608 1024 328 263 962 396 638 376 3 775
2680 2680 435 1110 675 300 1080 15 870 795 240 765 75 885 525 285 105 855 600 945 1050 375
4457 4459 0 0 0 0 0 0 0 0 0 0 0 0 0 0 0 0 0 0 0 0
2337 2373 721 57 979 370 1087 27 972 911 942 790 585 88 605 555 1134 117 385 265 1078 419
1172 1774 159 171 1123 626 1048 14 230 18 342 713 103 1040 322 37 1151 142 623 872 1031 495
2209 2209 0 0 0 0 0 0 0 0 0 0 0 0 0 0 0 0 0 0 0 0
20 29 658 96 545 560 590 359 240 39 243 250 1051 331 582 299 271 24 652 59 635 964
4483 4515 231 654 480 32 983 924 829 668 381 497 698 453 32 789 594 365 546 513 216 837
2137 2578 391 438 440 364 188 1141 904 724 424 620 299 382 901 1085 823 802 842 115 811 441
1749 1749 864 1022 833 269 344 312 776 631 324 650 672 1137 620 861 284 606 177 643 831 1055
680 696 435 307 42 912 53 71 951 874 770 103 601 936 820 1102 174 294 96 418 7 1000
3901 3924 607 1018 609 1120 556 197 526 723 1048 1003 404 491 986 441 406 453 123 267 718 492
689 991 1034 1004 4 397 979 444 165 871 265 211 904 1036 527 298 308 44 594 124 791 1065
4121 4121 287 512 661 901 1054 1003 164 681 859 770 526 181 502 89 1126 175 652 684 567 869
2071 2074 69 372 223 844 32 361 987 472 207 1042 1046 1110 1143 407 243 623 540 608 358 1072
3913 3925 895 1116 16 495 917 962 837 657 916 600 905 113 1027 321 1024 416 344 791 793 597
653 2474 44 463 1007 485 90 1054 40 489 784 282 304 616 702 890 950 164 351 461 598 195
4726 4726 641 622 693 501 577 765 647 961 1103 38 445 749 917 531 899 321 84 431 102 721
1493 1503 770 349 985 751 659 633 712 991 311 569 74 137 705 455 683 572 668 77 454 135
3910 3913 60 950 1105 240 120 530 1105 915 115 360 60 1135 1100 1055 1125 745 120 310 1070 1010
1637 4473 492 851 362 544 802 418 1140 216 582 354 881 359 260 696 631 503 549 653 1011 594
3718 3718 988 784 429 1006 80 769 627 96 1053 833 1000 263 569 543 763 1023 1148 173 1074 1033
2871 2883 259 633 603 674 202 911 742 307 541 762 1123 1011 209 255 1080 1038 594 1059 787 119
3829 3832 581 63 559 24 16 874 538 1149 997 761 443 1135 141 610 267 920 276 1014 1050 14
165 179 772 896 908 1102 452 98 731 895 823 709 1077 222 325 377 329 729 420 200 623 159
727 727 0 0 0 0 0 0 0 0 0 0 0 0 0 0 0 0 0 0 0 0
3312 3324 955 676 1094 756 549 785 130 193 976 1036 807 554 943 515 1143 83 1043 967 632 498
1712 1748 29 468 5 1036 850 114 575 528 237 689 1013 63 710 148 234 579 37 893 94 1037
1774 4510 438 1035 521 678 555 252 1086 660 17 410 730 229 826 659 157 374 313 823 258 247
4967 4967 1008 164 889 1088 431 443 998 440 467 976 117 425 637 644 215 1055 1126 369 1122 354
2338 2338 1056 990 792 198 0 0 990 99 792 759 990 0 198 924 297 1122 627 297 891 627
3332 3354 657 104 72 962 599 167 542 1127 297 101 893 586 1104 187 686 518 761 181 33 556
4161 4414 299 323 1126 238 235 631 0 546 45 498 264 1014 125 800 1146 148 822 1002 566 339
1550 1550 0 0 0 0 0 0 0 0 0 0 0 0 0 0 0 0 0 0 0 0
135 137 444 629 230 1116 592 1153 235 1053 492 103 340 32 887 578 287 304 704 1062 481 1066
4303 4311 675 750 1074 721 68 260 656 631 46 1143 589 416 659 859 393 582 166 378 1011 637
1824 2403 749 657 1093 1003 368 900 594 847 616 425 817 572 673 737 203 348 53 241 1085 249
3786 3786 30 1092 390 330 654 27 69 255 1110 756 78 129 822 396 381 336 291 660 372 339
1778 1786 742 72 181 1067 166 575 235 957 310 302 350 167 1060 431 73 799 651 763 960 52
1368 1370 399 390 63 306 138 168 1032 129 258 135 822 234 942 624 156 1134 402 396 1023 654
2155 4594 652 34 911 352 70 1040 297 283 395 201 488 9 503 941 920 580 865 78 354 491
1676 1676 0 0 0 0 0 0 0 0 0 0 0 0 0 0 0 0 0 0 0 0
3640 3643 1112 106 700 93 287 1090 1101 524 160 979 517 1119 57 607 366 671 907 542 1058 1031
1153 1181 493 266 351 382 154 1120 245 8 1021 225 151 36 291 779 363 288 970 1051 392 429
11 952 633 763 627 687 674 806 696 189 372 1006 1025 517 205 1044 496 489 673 540 385 545
4757 4757 136 478 130 931 822 108 196 541 564 887 206 423 631 1065 48 947 56 605 600 508
4737 4744 564 1033 1008 470 430 641 1063 617 284 538 282 731 669 116 198 957 984 697 146 969
795 804 984 13 1152 1009 611 1032 729 1059 413 865 536 518 1092 138 1029 69 649 444 942 470
2226 4807 397 796 396 421 761 994 448 94 470 204 450 86 296 238 262 975 620 543 369 758
37 37 782 207 324 993 312 189 1060 224 207 737 311 635 328 322 369 372 548 172 857 972
259 277 1095 717 816 567 237 978 483 984 639 225 969 657 435 1086 546 1110 1140 657 357 663
4295 4295 961 25 727 128 320 939 435 693 851 290 169 506 1018 1108 607 1106 84 1028 1136 511
1442 2678 817 901 265 410 889 707 1059 161 824 620 1139 387 752 1053 50 630 281 281 995 981
874 874 111 951 189 822 627 231 1071 45 477 453 33 825 111 831 750 1146 1008 1146 537 882
155 173 12 174 606 1086 87 465 792 546 576 489 33 321 492 849 1104 363 1047 306 930 1074
1239 1254 1069 342 72 305 1049 1142 112 1012 74 311 744 53 1039 974 580 108 1134 771 840 943
2931 4193 1006 322 432 1050 515 932 1071 44 579 933 962 179 1036 1103 52 385 436 509 83 210
4518 4518 1149 57 544 334 899 949 1049 329 48 918 350 233 77 823 850 302 1081 546 535 500
952 966 805 794 847 137 246 1130 840 973 808 335 348 518 181 910 860 1136 592 469 303 998
4857 4866 834 853 1116 629 287 625 1082 721 104 1105 61 253 194 934 872 570 1071 1131 137 43
1184 2468 101 193 657 41 160 112 482 421 138 432 230 486 724 121 425 413 663 1133 985 245
4180 4180 570 873 513 633 255 576 1086 285 783 222 519 684 204 720 648 0 786 363 882 846
2226 2229 551 112 119 602 389 32 717 349 1037 392 850 753 186 661 732 205 469 59 302 44
301 304 1080 385 283 31 356 353 640 321 1004 350 490 427 669 405 42 195 1035 983 718 663
545 1328 939 611 273 819 912 505 752 18 674 267 97 1 956 270 387 1140 748 40 288 953
4001 4001 959 55 534 1095 1089 36 962 1044 450 247 205 1148 230 229 552 136 430 573 21 184
4717 4731 675 225 300 345 275 410 145 775 970 670 1095 105 560 280 25 925 245 790 35 625
1975 2007 993 4 828 38 1037 18 1114 190 119 650 1053 814 756 783 116 591 1097 385 1040 938
946 1210 150 630 660 480 225 915 585 885 420 795 735 45 750 405 180 825 1140 975 1050 750
1522 1522 253 499 1102 732 264 798 133 432 734 1148 460 383 545 976 434 640 620 976 418 1035
2036 2046 253 528 278 344 666 1127 683 954 248 54 564 109 838 819 567 1017 1021 839 18 299
819 853 977 387 26 1117 654 423 69 766 188 130 1034 47 12 780 89 348 917 1149 1032 110
78 95 744 223 906 775 874 911 101 655 1045 733 764 508 170 375 586 906 328 37 1029 1057
1282 1282 159 833 709 1089 1014 893 607 349 1060 327 1091 586 639 1006 823 732 903 906 386 685
4570 4576 712 387 804 735 372 325 654 630 82 146 648 529 619 998 130 447 203 1054 125 19
180 194 825 62 771 620 349 342 99 1074 605 834 685 631 589 303 113 955 15 763 1029 390
2527 2995 1007 942 488 436 914 1034 174 177 37 53 465 530 1052 1053 442 843 723 490 648 293
3079 3079 0 0 0 0 0 0 0 0 0 0 0 0 0 0 0 0 0 0 0 0
2504 2520 1078 473 911 807 130 162 239 1077 435 363 51 333 162 812 617 134 665 483 312 511
2320 2357 877 616 331 176 1065 1146 229 301 998 859 164 651 1009 96 897 959 143 530 596 183
651 1609 1120 964 36 1036 319 238 227 948 225 804 695 1137 568 120 826 286 116 996 451 423
945 945 92 120 1140 892 440 957 982 997 906 399 434 687 1054 751 907 80 646 667 827 696
4685 4690 989 704 1139 1047 434 515 46 796 373 342 966 931 887 9 540 26 143 259 616 865
64 73 682 227 349 578 290 801 48 340 189 963 483 274 793 535 212 301 1144 1026 11 1049
62 100 33 87 798 63 952 343 452 1104 474 1097 995 655 940 974 594 1057 1130 58 192 178
2592 2592 231 0 0 0 693 693 462 231 0 924 693 0 231 924 0 0 231 924 462 231
4349 4365 382 5 647 888 50 293 635 688 284 918 124 944 655 22 345 327 45 845 471 96
1603 1634 1015 234 43 682 661 99 52 630 399 135 1129 1113 243 1067 1142 926 958 176 246 360
2735 3480 1063 682 888 509 1134 204 348 104 69 879 226 639 314 911 22 942 783 775 330 669
3653 3653 439 439 336 499 192 925 394 349 630 727 1112 729 1078 188 207 863 877 256 1107 469
2427 2443 862 971 480 77 454 444 535 143 123 274 570 408 749 409 278 1151 14 1045 45 959
4177 4207 42 614 802 717 726 564 638 377 262 314 967 545 1148 270 380 844 1066 111 896 623
94 106 540 615 748 328 13 151 728 201 802 1117 427 983 186 312 971 217 872 363 398 1154
1704 1704 816 702 324 678 582 798 858 819 630 687 1059 405 582 90 645 993 546 468 810 624
212 213 979 667 930 928 273 507 465 672 851 257 30 316 153 530 1030 512 452 820 860 403
1111 1148 472 428 959 901 987 557 130 564 1151 505 797 507 41 623 455 443 390 1116 254 47
1559 2726 528 180 808 992 456 14 588 1060 102 1042 74 279 464 623 50 1035 561 54 852 340
1075 1075 709 489 78 525 453 220 206 1107 1083 982 563 236 601 280 811 996 1018 488 219 517
2874 2879 715 995 509 252 224 49 1116 198 36 76 133 530 969 839 883 659 233 989 44 98
2012 2032 795 252 961 95 543 3 669 559 1002 665 1068 211 579 689 1096 85 830 440 978 453
4718 4724 514 542 577 602 450 741 670 234 27 971 345 332 599 171 381 565 203 685 1080 1040
414 414 214 36 638 832 433 154 160 315 659 65 664 1001 55 5 436 368 230 1071 317 1033
2642 2655 989 445 591 187 963 103 637 979 246 609 1025 233 232 826 908 378 1128 1132 399 955
866 876 304 367 481 1144 746 557 1000 471 420 333 298 402 239 501 441 1135 537 1126 308 421
2881 4985 769 740 869 60 406 401 1100 849 716 523 969 573 1012 961 1081 942 131 449 1080 841
1724 1724 0 0 0 0 0 0 0 0 0 0 0 0 0 0 0 0 0 0 0 0
2902 2912 1150 855 1143 662 788 997 1125 620 468 480 968 929 501 261 601 113 719 526 1077 962
3336 3363 94 943 5 1126 38 107 263 155 426 173 304 606 283 338 382 851 1058 1070 807 1140
2048 3004 583 88 1064 631 218 468 1015 559 384 141 372 875 475 239 117 462 330 506 413 540
2498 2498 0 0 0 0 0 0 0 0 0 0 0 0 0 0 0 0 0 0 0 0
3791 3808 840 899 678 979 1072 531 576 573 204 700 262 1093 699 73 1044 20 145 0 184 311
4564 4574 716 1006 527 1099 164 403 563 269 308 435 480 319 632 1119 226 1012 367 344 427 281
2207 3383 215 335 12 23 498 943 1088 173 1148 328 1081 647 1051 924 87 1029 1085 1066 667 958
281 281 202 384 1103 395 605 94 427 685 65 533 1016 364 787 99 1086 202 467 201 953 94
741 755 909 588 194 923 1133 521 1003 752 261 1143 935 963 845 71 901 1039 548 163 634 170
1184 1191 92 675 43 74 935 879 180 1047 976 200 236 304 1105 24 211 597 1047 647 828 677
94 2835 797 1038 13 677 564 413 962 637 269 637 443 849 910 851 1038 640 997 455 525 677
2132 2132 0 0 0 0 0 0 0 0 0 0 0 0 0 0 0 0 0 0 0 0
1849 1853 130 980 105 185 520 145 1100 380 260 785 595 405 1115 65 540 45 160 655 770 10
2354 2380 824 927 680 269 113 811 697 815 897 368 1006 550 740 460 298 799 284 508 864 726
3630 4515 760 546 194 734 244 1145 624 358 686 1075 76 505 1005 183 633 462 371 448 131 22
3259 3259 250 711 872 273 41 310 693 462 682 492 557 379 671 85 578 384 136 776 765 1149
3246 3260 688 781 1086 446 853 585 260 840 813 867 67 832 215 815 661 1040 184 1021 315 677
2193 2227 433 1002 817 422 604 547 925 118 96 1042 1030 426 1018 1020 628 55 61 111 547 659
2436 4914 676 686 851 963 205 118 64 503 414 181 632 244 403 631 819 904 809 990 761 710
4978 4978 472 790 300 614 315 17 643 354 112 110 734 405 465 278 579 730 1072 1051 792 937
3504 3515 456 231 522 251 543 137 165 621 512 217 1132 652 124 532 517 579 175 881 727 996
2952 2955 385 507 799 1003 1146 658 430 40 770 322 1043 501 126 658 614 910 143 1106 479 671
396 4777 601 465 912 1113 173 1131 99 1006 905 465 1045 1046 836 875 731 804 626 723 865 601
4795 4795 990 821 603 1093 472 445 323 20 727 150 425 708 230 540 370 1046 701 627 934 774
2812 2829 692 757 40 596 21 31 63 641 166 154 467 852 752 344 138 570 1065 439 436 556
648 677 645 32 68 1081 530 730 1065 920 200 399 283 281 908 472 1063 293 726 27 742 950
470 4046 348 469 512 513 876 1052 70 405 229 29 857 485 139 59 276 1072 451 128 192 506
2995 2995 264 1003 533 580 419 146 347 710 577 822 706 912 838 830 96 815 228 419 9 649
2816 2816 227 263 938 814 1000 1103 711 345 326 801 446 993 233 420 946 391 97 619 992 574
3172 3176 0 0 0 0 0 0 0 0 0 0 0 0 0 0 0 0 0 0 0 0
271 2774 186 1077 162 924 416 125 681 1096 393 451 22 861 881 1152 590 379 18 910 982 989
3034 3034 230 941 91 640 386 449 1068 413 539 492 845 965 210 850 284 142 1086 280 579 122
4790 4796 330 324 1086 311 537 844 387 934 850 715 700 1062 262 152 616 319 731 314 294 353
1090 1092 857 15 493 135 272 91 776 409 1044 739 546 731 2 943 499 1141 810 441 1056 481
1895 2104 404 821 204 886 436 1054 981 2 382 159 45 478 209 389 202 264 1131 21 599 326
4951 4951 478 57 414 955 660 680 1101 1048 537 890 710 999 547 1037 506 496 190 152 753 726
735 745 215 472 271 672 721 135 194 982 841 187 941 160 476 436 202 120 387 974 578 539
1230 1241 925 971 1152 120 622 448 251 77 618 380 946 262 718 994 535 532 1122 304 755 73
1921 2191 800 1081 656 415 410 763 625 917 152 595 577 557 434 856 484 743 187 453 464 847
1839 1839 1034 664 1065 795 129 186 10 75 59 257 582 721 567 181 629 385 1107 340 293 603
676 681 815 1017 1062 657 626 88 522 525 285 913 658 662 458 966 590 367 309 457 55 753
1349 1351 124 319 109 276 1051 300 918 603 143 433 770 817 777 772 143 477 766 135 381 346
3211 4613 816 105 966 529 1054 370 231 533 996 691 620 29 250 424 616 196 534 483 888 180
1249 1249 9 241 765 270 478 560 809 271 502 626 990 596 805 501 197 983 206 939 638 108
2412 2426 1079 831 472 82 85 188 1014 404 402 702 59 29 240 749 231 576 527 54 249 800
1790 1806 119 937 156 39 692 789 665 534 570 1128 1001 641 1144 103 28 542 170 390 725 222
34 69 1086 434 257 1073 979 257 434 1002 827 29 726 514 907 531 1028 861 525 482 465 211
3687 3687 678 927 921 501 876 396 405 864 243 1101 669 108 84 36 291 30 1089 18 696 729
4154 4154 514 658 578 102 116 683 527 1107 817 626 883 687 458 299 464 381 725 1147 804 1057
1025 1055 304 556 443 34 451 767 41 229 680 11 105 496 444 39 1110 354 639 117 28 496
1824 2944 429 407 252 706 641 699 104 206 931 279 1059 176 600 936 447 1012 1077 916 916 379
4344 4344 728 786 312 240 88 117 43 164 254 399 298 396 622 377 406 459 702 889 925 235
624 635 241 603 811 474 780 317 245 152 292 880 533 126 969 1013 746 1092 1045 387 731 187
4784 4789 846 74 1092 1037 512 595 851 101 173 420 71 1085 1059 917 234 170 399 693 163 1029
2049 3765 868 1044 372 283 598 410 622 876 901 560 131 1001 322 1113 329 547 1062 138 526 509
4268 4268 947 826 559 967 862 25 891 324 1127 811 973 166 513 759 6 433 39 624 917 286
2070 2073 125 1142 453 754 788 1032 583 654 144 605 715 539 891 981 48 1126 1151 992 62 739
2566 2600 858 220 1144 946 22 33 165 836 275 550 462 539 209 1001 660 187 715 814 869 1012
154 480 60 1110 996 219 507 75 1134 240 453 261 729 351 1110 831 66 966 270 1101 219 264
4110 4110 540 1014 603 948 1152 723 543 891 1089 174 969 459 279 291 681 981 804 684 972 699
3770 3777 153 583 512 370 1109 266 319 36 4 970 94 177 666 985 553 856 144 208 435 897
4277 4304 476 523 10 1097 606 802 802 882 228 789 117 571 477 356 487 0 207 407 451 182
1200 4864 0 1053 414 325 1087 502 1084 615 223 460 121 570 341 914 566 677 19 88 531 36
1432 1432 996 774 359 486 151 937 880 410 649 105 310 646 761 257 262 150 844 110 425 811
949 953 281 597 1 720 1140 600 773 221 938 778 1002 647 59 902 404 1069 164 307 875 538
4945 4951 585 211 569 48 991 552 964 606 1074 769 209 631 662 171 877 244 864 500 521 324
677 1088 792 737 373 190 950 323 993 1094 827 379 990 76 702 595 621 639 988 761 479 1024
1676 1676 746 399 988 1072 888 378 437 432 897 559 837 1106 1041 246 869 177 1105 1014 1069 1017
4056 4058 1073 731 846 818 839 229 587 54 1007 198 3 108 38 643 59 446 653 122 323 127
1265 1283 95 621 1001 1097 441 178 484 31 971 515 936 934 539 876 917 984 544 794 278 599
666 2659 816 813 338 42 706 367 677 8 386 271 173 912 238 462 540 484 363 117 472 1104
2113 2113 0 0 0 0 0 0 0 0 0 0 0 0 0 0 0 0 0 0 0 0
2832 2841 428 288 512 517 255 445 386 562 977 526 501 1005 784 766 617 765 942 748 1105 2
94 102 573 384 430 1096 199 103 1079 1125 1147 397 256 875 1029 78 257 319 500 1149 104 239
829 1097 346 242 23 348 753 594 167 125 259 997 800 15 336 310 629 859 1004 522 404 111
4604 4604 337 725 1129 589 716 164 149 997 658 656 501 662 1125 713 737 457 556 906 343 1144
4648 4649 175 152 1127 453 212 1110 251 443 1099 464 475 642 212 190 1105 608 477 882 837 113
3399 3417 1053 625 63 986 128 346 524 1126 616 477 556 852 482 480 313 909 889 865 90 1062
2475 3233 88 397 702 708 830 356 182 548 747 24 201 712 356 81 928 599 924 1036 1054 33
1364 1364 0 0 0 0 0 0 0 0 0 0 0 0 0 0 0 0 0 0 0 0
324 343 10 825 645 865 145 1145 810 560 685 650 1105 110 695 55 40 755 10 470 400 760
1903 1909 891 611 405 589 728 812 1125 169 455 1038 195 577 9 138 308 140 125 635 658 175
437 4397 926 219 695 125 105 795 396 888 842 791 1011 106 336 1139 1095 1001 173 1086 512 470
1471 1471 389 336 284 657 143 511 1115 620 680 103 645 653 960 659 789 285 882 660 140 817
3720 3734 253 1147 727 361 87 22 213 651 370 491 1067 1122 1154 137 227 1065 456 602 509 556
3893 3928 868 492 774 542 581 622 698 669 540 457 23 1040 680 1079 832 758 1062 138 326 1007
2846 3296 606 898 1007 144 185 748 519 74 508 999 571 92 1143 680 423 224 84 956 1146 310
1044 1044 1059 1087 1065 653 401 487 539 357 19 526 229 1082 1012 665 856 480 340 149 104 43
2918 2927 1107 818 310 1039 1110 1001 415 981 1052 857 243 883 184 1058 1110 1112 131 337 836 382
4042 4049 448 84 1093 419 1072 768 266 831 304 17 560 399 897 237 94 722 509 734 487 107
371 2428 155 51 710 531 247 776 961 185 1046 642 1088 448 638 48 377 1133 509 617 991 953
2251 2251 0 0 0 0 0 0 0 0 0 0 0 0 0 0 0 0 0 0 0 0
2726 2727 616 121 770 176 814 363 352 572 847 132 715 363 1078 242 847 1078 1111 1133 88 1111
4086 4114 1014 1073 825 317 740 245 121 125 665 1143 209 165 948 698 412 567 8 431 813 879
488 1482 970 337 605 406 1022 637 568 350 330 182 563 692 913 917 119 0 828 89 310 538
1534 1534 531 457 810 865 686 924 78 1057 360 1033 1083 482 660 513 305 1002 155 606 1111 820
424 436 975 231 653 773 355 0 551 449 913 102 538 217 538 394 580 913 159 218 139 1116
1252 1282 1111 1050 758 71 557 111 279 18 172 829 851 189 455 359 909 1103 324 437 1015 489
715 1250 861 1097 68 366 1130 759 493 728 735 819 528 215 767 4 1059 348 389 201 456 647
3968 3968 505 128 638 565 338 1026 1017 119 664 486 146 248 523 722 389 917 1020 46 248 348
3888 3898 1108 497 605 261 120 352 10 194 735 230 888 112 822 457 597 492 269 464 704 61
3508 3545 705 907 578 238 673 247 310 1134 874 1035 934 996 756 519 686 813 513 742 412 96
2628 3885 647 341 604 970 999 1061 954 79 570 869 1071 688 250 675 75 1066 364 441 671 7
3854 3854 394 387 26 300 676 894 951 728 710 797 526 687 145 327 10 780 800 1068 28 789
3519 3520 969 920 241 940 58 131 1110 318 456 866 350 297 1013 177 486 1055 285 894 334 656
2852 2889 610 532 672 651 20 358 266 31 878 94 216 556 336 1042 913 864 454 1097 868 108
232 641 41 1116 700 173 1041 463 423 51 946 562 265 1052 912 342 346 913 201 1118 295 277
176 176 0 0 0 0 0 0 0 0 0 0 0 0 0 0 0 0 0 0 0 0
3380 3395 165 321 391 314 130 1058 1065 961 395 32 582 852 1001 388 624 891 382 1144 725 985
1063 1066 0 0 0 0 0 0 0 0 0 0 0 0 0 0 0 0 0 0 0 0
723 1577 625 803 326 1010 8 660 700 170 373 965 263 186 224 566 908 752 355 500 968 117
3874 3874 59 445 409 471 961 634 484 693 3 665 735 528 55 602 827 353 265 897 9 418
2255 2255 1101 535 322 600 1055 474 1127 586 946 202 301 800 169 605 652 79 1039 203 572 890
1037 1050 476 1137 455 533 630 51 720 728 389 197 598 375 806 131 94 586 51 458 240 902
1438 1867 825 990 825 660 495 495 825 495 495 330 165 825 660 990 990 165 330 825 825 990
4045 4045 0 0 0 0 0 0 0 0 0 0 0 0 0 0 0 0 0 0 0 0
2154 2158 114 978 194 752 169 269 451 943 237 636 781 54 366 368 1026 826 484 231 990 1081
4737 4748 565 393 894 990 418 251 405 609 1148 190 747 47 1052 864 642 556 196 662 52 424
2190 2889 988 1129 438 1039 267 273 145 428 249 124 473 842 182 920 219 67 410 4 457 460
587 587 24 946 672 411 801 49 102 94 816 156 560 118 203 463 1126 369 544 812 61 834
3030 3039 843 203 327 888 504 478 742 1057 391 12 443 559 612 1129 573 110 516 948 648 704
2414 2423 508 434 420 0 87 1081 104 946 768 112 138 335 674 668 800 503 579 332 1122 832
900 4285 695 800 863 726 757 766 10 641 180 594 679 670 481 541 891 263 991 1034 960 121
1852 1852 1045 961 29 693 634 919 823 878 486 67 91 93 449 456 299 1007 784 686 808 965
4188 4196 863 957 250 212 843 232 768 231 951 53 51 102 871 801 772 1143 271 949 308 696
4311 4331 398 1028 1137 242 1015 954 1050 96 587 326 503 309 257 612 919 723 1085 895 878 1125
805 4420 832 819 773 644 917 924 1095 968 719 21 791 177 584 370 1027 912 586 655 764 275
2056 2056 608 318 221 114 595 566 754 1060 50 459 777 974 1110 91 713 1035 823 209 99 207
2020 2031 675 1086 347 597 890 64 570 793 963 1075 850 483 137 28 906 651 903 43 504 390
3781 3803 547 618 314 500 893 390 477 128 549 209 425 314 491 368 428 196 962 171 485 758
1631 4823 1092 35 647 1133 1148 998 866 821 588 477 22 360 427 446 318 245 804 144 318 449
2205 2205 273 873 1129 45 217 668 90 184 654 207 42 954 137 645 569 232 1040 988 956 69
2328 2333 248 1 302 795 1153 751 328 178 849 742 223 596 1020 369 557 795 231 350 429 958
163 163 109 197 1153 564 204 317 1080 692 721 187 984 444 632 878 423 726 600 866 577 220
56 2205 1078 955 310 727 289 1007 643 279 719 1018 327 251 835 137 917 948 416 510 485 791
4101 4101 867 485 942 314 59 914 676 55 934 955 315 19 428 822 1035 838 410 894 968 568
4174 4186 521 853 817 1074 1071 668 41 140 1054 493 820 785 1054 55 1032 893 1138 29 440 74
862 887 193 491 684 255 191 1099 463 145 793 803 709 908 830 944 250 941 226 698 364 702
455 737 431 123 123 422 947 798 140 156 674 1004 240 439 722 480 826 425 504 12 247 241
433 433 0 0 0 0 0 0 0 0 0 0 0 0 0 0 0 0 0 0 0 0
1594 1594 573 222 283 73 630 263 769 364 43 650 98 70 247 659 965 377 73 811 483 4
369 380 214 199 232 955 19 348 233 1123 885 708 647 1129 474 1092 153 610 328 400 969 1064
1566 4082 544 439 172 716 372 628 765 8 234 1096 651 810 950 76 263 781 963 55 703 752
4105 4105 229 956 684 344 532 560 813 94 739 954 916 542 414 450 486 118 324 458 375 274
3466 3472 275 15 412 822 345 832 352 243 886 1064 1051 895 149 760 162 585 283 68 10 104
895 932 814 1149 343 671 405 890 652 300 198 1011 1103 111 812 902 130 14 497 367 816 464
2668 3168 140 468 346 810 659 331 380 145 27 275 575 745 521 502 739 653 555 517 194 478
2552 2552 0 0 0 0 0 0 0 0 0 0 0 0 0 0 0 0 0 0 0 0
4131 4140 648 1114 984 135 1072 822 991 45 462 1150 1008 525 291 466 360 460 137 707 561 5
4935 4956 1098 707 167 132 494 327 393 1096 621 196 969 912 289 741 363 31 708 822 944 925
788 1421 908 551 1127 251 978 1147 942 693 202 345 828 969 721 986 658 390 985 835 138 836
3374 3374 717 1064 301 491 540 1053 870 186 480 1103 566 847 87 183 1145 140 108 602 552 112
712 724 234 278 701 795 862 768 665 912 78 1054 967 965 304 171 598 117 1066 861 926 772
3248 3264 597 235 715 146 906 102 716 62 791 488 604 180 681 580 396 1009 147 548 706 366
3 153 42 455 271 1148 210 274 526 420 164 1020 624 351 683 807 827 1114 645 931 728 168
4011 4011 350 280 425 1020 645 415 560 185 665 905 335 955 515 185 500 220 960 250 1135 875
259 273 1089 281 394 1085 42 1014 614 3 49 173 458 961 1153 109 925 513 602 1122 465 1146
4568 4595 387 18 689 498 1090 646 807 1060 1103 352 287 1113 833 734 737 5 266 258 819 385
896 1534 1017 752 641 355 882 904 465 645 663 1079 522 9 649 840 736 824 670 495 238 645
2624 2624 245 159 558 1110 509 52 284 846 385 1091 659 466 910 1143 43 1123 84 1127 599 347
3849 3850 422 154 1100 604 487 547 880 465 574 917 855 1015 762 404 411 506 1070 360 649 347
4375 4408 241 859 1013 668 632 943 182 789 766 691 441 738 519 504 193 853 825 61 1087 697
572 3139 851 669 756 233 461 150 839 515 960 219 661 486 597 909 1087 723 263 1132 905 575
656 656 153 597 161 609 974 578 793 773 240 904 5 43 245 73 1009 81 932 70 1087 267
3371 3384 856 798 232 695 1141 277 175 750 1055 80 892 655 344 612 820 579 716 818 592 516
3716 3726 705 960 610 195 665 1040 620 915 655 540 1055 635 275 220 460 875 950 240 425 905
249 1630 784 11 84 1084 754 1124 686 602 831 694 950 790 402 1093 595 1 351 46 943 940
4196 4196 167 150 212 805 410 1145 591 968 193 443 58 551 84 933 39 606 353 978 598 651
2997 3003 640 705 240 920 785 10 550 1140 855 670 505 935 850 705 885 615 480 905 310 85
3872 3890 330 960 990 690 570 810 1110 180 975 120 300 435 60 720 960 900 630 840 180 870
2074 2461 533 621 1064 917 994 1037 325 395 352 704 997 497 1039 26 770 729 37 805 805 1093
4168 4168 297 891 416 372 827 399 790 329 562 520 286 921 355 1153 966 1077 740 1015 983 144
2024 2043 1038 660 891 378 1047 405 999 801 567 1089 783 636 1074 687 15 1047 693 210 186 126
3007 3044 1153 577 412 1056 103 522 12 995 751 617 453 167 384 282 782 839 347 341 1120 625
1921 2039 762 667 314 502 301 303 444 573 923 586 475 266 314 728 1056 286 29 651 627 1149
2012 2012 0 0 0 0 0 0 0 0 0 0 0 0 0 0 0 0 0 0 0 0
4755 4762 259 1151 144 890 454 408 1070 801 68 879 643 719 548 531 148 698 614 987 90 792
2311 2312 1057 44 946 790 509 1134 191 880 758 62 133 732 781 448 517 508 785 911 316 148
1598 1807 378 1076 407 436 776 408 256 834 81 1049 406 1096 992 1144 1067 970 1099 21 438 972
1351 1351 608 933 465 455 242 959 396 823 331 837 500 313 119 1110 598 539 57 473 222 937
2655 2659 400 288 394 734 120 671 335 871 613 103 691 854 824 98 750 601 529 240 1121 207
3341 3351 30 463 193 755 808 176 863 778 102 608 868 194 496 690 1008 801 59 419 1064 979
753 1541 85 448 38 208 189 678 656 555 804 1132 680 1109 502 364 1153 733 141 944 481 402
174 174 615 882 39 543 579 264 918 507 885 633 855 1143 918 126 519 180 765 402 516 42
3524 3536 982 855 814 375 680 386 239 850 1040 716 108 812 1065 1030 614 746 375 1144 209 273
997 1004 103 836 739 816 36 378 556 75 1043 955 365 1082 416 100 430 172 186 475 223 1142
595 1196 494 1049 1 3 593 504 519 390 370 445 127 1124 650 636 452 1114 1008 713 852 1149
3738 3738 499 816 286 16 908 52 1116 410 1138 978 677 793 194 801 1042 563 975 357 703 125
1297 1309 0 430 922 45 594 758 933 928 9 1139 384 714 609 97 548 615 93 347 556 1150
1135 1169 145 177 1095 787 188 795 397 968 268 730 77 32 744 76 751 954 11 267 670 761
2364 2539 0 0 0 0 0 0 0 0 0 0 0 0 0 0 0 0 0 0 0 0
1804 1804 921 879 779 47 779 529 1103 869 683 78 203 490 269 843 678 745 326 343 204 189
2898 2917 955 1079 88 690 6 312 153 217 674 1003 842 737 741 99 861 500 395 518 1109 713
4740 4741 861 28 273 469 434 616 427 840 644 742 742 252 189 623 126 224 231 364 273 35
1865 2280 39 397 720 148 74 985 361 19 829 950 307 1070 345 266 339 441 980 834 930 342
1600 1600 571 197 483 1104 6 527 970 160 208 917 5 778 472 116 34 774 244 280 62 647
4033 4052 1068 265 1073 788 397 929 98 911 293 472 711 520 830 430 649 582 475 921 211 493
4413 4427 459 810 632 1116 275 845 536 236 1147 13 238 402 334 13 363 782 881 830 663 697
416 2586 1096 941 256 333 427 313 267 477 1048 42 15 340 703 481 788 711 575 932 1114 281
2202 2202 350 748 1128 1051 528 465 553 949 1096 128 1128 0 639 265 476 201 227 1073 123 414
3072 3077 1077 15 75 521 205 1122 894 160 53 532 136 1018 1011 68 235 52 617 650 11 371
4190 4221 810 957 455 807 49 1005 372 1089 624 205 915 250 763 23 641 531 303 908 1113 426
113 701 108 545 157 243 578 532 311 630 397 1036 976 170 967 816 754 402 1066 289 688 827
1512 1512 209 778 942 1147 85 1132 1118 493 113 817 741 728 110 607 915 699 106 551 371 807
3318 3319 1094 1143 45 383 645 296 7 1142 25 528 548 1121 173 941 954 1078 191 176 1016 448
4582 4599 982 248 352 929 951 215 579 591 321 656 843 709 605 858 82 1099 178 68 521 588
4570 4615 800 1133 721 336 203 197 898 11 1124 455 1002 789 629 655 1083 879 974 1036 241 709
3634 3634 957 968 902 407 506 385 737 1078 594 924 473 374 770 726 352 242 913 88 22 341
745 753 917 76 480 1154 187 1018 292 1028 778 469 439 492 488 340 170 177 977 994 18 85
4901 4922 425 825 469 482 78 608 975 505 516 609 552 293 1051 117 931 136 799 159 340 695
157 1074 791 419 435 874 882 789 635 995 480 84 799 118 925 928 549 967 674 290 595 717
3860 3860 78 990 242 772 99 951 529 154 781 707 864 217 802 606 9 627 787 835 345 594
1315 1322 1121 812 38 312 667 963 823 1031 688 580 93 1006 310 387 272 167 339 47 767 477
2765 2784 235 470 307 150 738 216 681 271 444 1123 6 45 38 739 404 896 236 94 308 793
446 3521 0 0 0 0 0 0 0 0 0 0 0 0 0 0 0 0 0 0 0 0
4218 4218 921 62 416 779 329 598 364 786 472 909 595 266 1084 746 287 448 1094 38 499 3
2649 2662 1088 634 222 681 1111 575 574 51 1144 949 791 349 234 936 69 516 631 372 278 305
3489 3500 365 460 1010 1080 390 535 40 1005 200 185 85 800 810 355 710 410 1080 95 690 355
17 1277 354 969 538 483 412 1030 246 734 239 256 264 1082 1149 154 978 334 985 517 444 1095
2936 2936 0 0 0 0 0 0 0 0 0 0 0 0 0 0 0 0 0 0 0 0
2641 2657 358 938 600 279 636 268 1021 509 882 661 869 843 369 970 909 954 352 1095 290 338
3852 3854 835 760 915 125 245 825 980 530 635 75 75 480 190 800 730 120 505 75 490 170
1571 4317 229 235 63 217 740 536 500 119 964 953 1074 900 196 988 700 693 548 713 97 758
2785 2785 0 0 0 0 0 0 0 0 0 0 0 0 0 0 0 0 0 0 0 0
4524 4529 0 0 0 0 0 0 0 0 0 0 0 0 0 0 0 0 0 0 0 0
3527 3529 929 807 891 964 1078 147 505 280 1078 551 193 46 479 1140 531 35 298 694 56 478
366 388 790 644 641 1000 502 701 1083 301 758 242 1088 216 1061 168 452 1003 447 824 747 139
229 229 113 1019 618 284 772 121 712 1069 392 512 307 893 241 794 897 887 1133 545 1001 1071
798 810 152 427 650 661 110 576 571 742 676 654 561 797 166 1031 773 380 278 297 990 524
4887 4926 648 1093 854 944 272 862 830 193 841 644 1049 960 1089 305 797 874 953 392 321 397
1141 1750 852 823 650 1095 65 736 898 370 258 772 1100 235 710 373 803 804 363 784 137 43
2148 2148 1079 1112 972 367 399 509 625 259 404 537 43 618 354 758 1042 594 625 37 121 774
3479 3488 826 861 763 812 1043 336 245 1113 245 196 854 42 1022 1134 735 280 966 693 1113 497
343 370 196 100 1076 1052 1069 254 403 377 350 936 795 443 1030 730 765 641 34 336 993 966
3502 4411 1033 663 802 893 40 272 405 238 863 224 1024 927 754 736 971 874 617 528 985 414
1826 1826 743 984 698 558 400 321 842 210 807 119 1121 736 725 829 512 444 183 319 867 328
3272 3283 875 938 805 581 434 945 1029 1029 14 903 980 140 203 854 322 476 413 679 931 98
1037 1054 779 958 127 108 699 267 264 140 635 554 388 35 640 1038 974 1114 463 1088 1037 397
1033 4480 1009 1071 604 850 701 1092 317 917 471 232 12 966 351 1089 31 589 431 366 504 687
1554 1554 243 774 109 527 594 390 318 156 478 551 961 549 444 822 758 984 644 699 595 1124
1239 1246 574 1096 323 669 1095 1073 609 275 730 883 157 482 506 19 953 957 519 230 401 187
1431 1461 56 230 146 284 1154 429 1014 1153 736 278 846 275 92 302 1102 959 201 1 232 134
2050 2703 957 119 303 671 152 773 157 902 105 401 1132 591 75 802 595 428 1125 157 224 542
3379 3379 1003 955 344 617 948 882 388 903 644 498 138 754 594 38 42 674 904 1040 474 28
1123 1126 1014 1068 417 927 51 465 873 381 621 909 588 624 363 633 243 234 837 1026 747 276
4831 4834 549 58 580 521 1131 1105 430 941 250 821 363 380 17 263 1075 1018 911 289 533 300
1594 4422 812 1008 553 882 126 721 588 665 735 868 1127 665 70 630 931 182 945 917 833 1071
4401 4401 513 870 669 548 1095 3 335 316 548 607 935 936 396 700 458 918 810 696 21 148
3981 3985 617 65 82 580 402 618 342 1083 911 160 76 642 35 869 161 285 381 212 460 741
2582 2619 884 607 514 740 744 1064 651 828 667 678 289 499 1070 848 123 271 872 932 677 1063
2924 3621 761 833 510 156 793 276 598 147 876 1108 661 1076 94 962 741 608 355 442 899 837
1989 1989 897 180 324 378 1107 876 324 582 84 900 789 1056 981 309 876 888 453 384 588 240
4959 4967 297 64 935 761 827 172 627 865 785 577 838 802 1027 48 568 1112 1040 934 917 1069
2423 2435 353 493 981 451 52 699 692 636 875 1051 652 85 721 1050 163 614 248 1051 988 538
493 991 241 119 896 307 833 943 526 683 456 644 192 430 114 202 540 302 1074 521 681 1002
3203 3203 387 410 1125 734 577 601 810 145 464 1005 63 484 1024 58 352 983 457 1146 880 695
3299 3301 966 798 903 1029 1008 210 1134 693 252 966 63 378 1050 189 21 903 336 126 546 1008
4354 4378 1067 763 263 509 855 650 956 627 886 740 500 515 577 536 65 129 586 94 832 59
251 2790 770 566 523 255 760 3 1098 444 1001 518 774 523 372 1046 70 1137 730 27 906 649
4981 4981 397 95 397 154 1044 362 110 856 254 907 653 921 454 237 228 1119 1132 820 124 278
4274 4282 221 199 728 56 1122 728 476 749 349 600 357 194 186 1145 655 266 803 739 324 775
476 484 75 161 718 1074 1013 1134 613 1031 811 205 305 1115 143 324 905 458 842 470 630 220
1055 4782 448 204 711 517 1042 785 160 184 610 1017 237 566 1123 43 658 93 514 387 187 576
3540 3540 638 120 1089 571 250 326 1004 1128 598 1113 455 149 847 946 103 1027 334 968 698 605
857 860 822 148 642 292 950 393 255 332 933 1067 318 582 379 647 922 286 630 100 809 1070
914 926 300 631 1021 980 395 83 694 27 198 710 1091 73 272 618 356 748 821 843 891 408
1725 4043 575 21 867 248 563 257 763 191 838 240 1004 683 444 492 1023 184 299 768 388 88
752 752 0 0 0 0 0 0 0 0 0 0 0 0 0 0 0 0 0 0 0 0
2 19 967 163 95 319 112 8 505 278 706 1036 1116 768 390 419 1009 1018 946 908 534 149
119 121 267 523 772 147 848 885 321 347 569 143 515 1154 28 551 394 554 157 188 277 44
2484 3982 587 1148 82 954 741 306 352 394 879 1027 523 1093 585 1118 389 594 339 81 544 872
705 705 936 870 771 276 336 984 666 891 366 276 411 1098 873 228 153 912 270 1146 405 282
3379 3398 938 866 424 1015 899 967 958 790 772 28 858 86 376 593 1131 1024 1100 336 1004 632
1508 1510 0 0 0 0 0 0 0 0 0 0 0 0 0 0 0 0 0 0 0 0
1568 2471 1096 261 400 327 197 305 665 58 15 1026 1072 1138 390 280 1117 1028 991 205 209 655
4313 4313 257 538 377 855 299 164 685 919 587 438 264 139 54 619 949 472 6 82 289 296
4896 4898 752 894 93 617 581 1051 674 786 46 286 592 862 252 108 1130 451 820 198 629 717
1258 1259 437 868 842 527 716 1058 908 854 988 662 1054 507 537 452 651 505 189 666 707 8
808 4312 915 359 0 293 712 522 178 5 391 410 413 203 860 1133 348 692 10 199 181 331
3494 3494 0 0 0 0 0 0 0 0 0 0 0 0 0 0 0 0 0 0 0 0
1623 1625 1099 846 163 958 589 63 913 1008 453 939 49 1089 363 902 479 347 118 86 516 237
492 506 753 228 458 741 191 357 776 1149 1099 403 425 926 216 403 600 297 1002 227 132 764
1991 2216 933 372 14 924 914 84 316 1005 1097 300 534 285 893 983 418 431 121 214 699 592
1623 1623 731 147 742 580 162 731 571 688 491 989 278 652 488 380 150 132 114 604 186 711
393 395 855 156 1122 405 1128 831 984 960 399 1092 528 228 477 840 855 48 576 651 51 1083
3822 3859 542 344 126 993 411 1149 381 1151 470 616 853 274 557 341 627 270 71 294 189 500
984 1810 767 57 399 1020 729 220 1083 104 208 388 394 709 886 36 910 691 254 947 140 275
1111 1111 0 0 0 0 0 0 0 0 0 0 0 0 0 0 0 0 0 0 0 0
1701 1702 1111 1078 341 0 913 627 759 352 1045 55 363 759 121 396 528 429 979 242 88 792
2574 2602 1127 343 762 197 609 903 528 851 815 1025 488 386 227 1050 309 708 1012 631 222 325
2267 3897 528 1058 1135 579 69 346 853 891 621 393 435 230 88 841 281 132 122 539 1052 275
1510 1510 1056 276 642 1065 954 264 1062 405 600 303 864 846 834 570 123 1002 372 867 222 1128
1651 1660 1025 1134 876 145 598 685 609 13 1073 145 725 517 786 859 1073 1010 366 633 406 866
4569 4584 667 175 759 92 1038 397 174 439 178 745 144 951 932 803 395 859 1137 317 132 263
2500 2976 844 962 479 677 969 464 686 557 664 231 732 257 749 382 656 967 390 95 938 134
1363 1363 0 0 0 0 0 0 0 0 0 0 0 0 0 0 0 0 0 0 0 0
4180 4189 192 767 1006 303 1154 517 1043 225 40 266 267 803 96 579 398 288 195 1049 335 320
2962 2991 287 421 829 520 372 1132 602 402 1070 1001 606 361 593 866 875 894 1049 769 1078 862
411 1029 930 582 342 843 1002 690 912 519 984 444 336 660 468 405 384 165 852 1131 18 363
1523 1523 463 36 352 1008 805 602 92 1153 1018 920 10 855 775 926 847 245 1132 594 970 181
2561 2566 391 1013 783 1010 360 1110 179 410 632 996 1104 748 1129 990 1072 605 372 1110 361 824
1461 1480 1140 599 285 467 247 268 958 62 970 593 1154 189 895 760 248 489 157 941 855 392
382 3450 438 1002 883 1 1144 93 601 951 1024 826 683 1010 129 214 1014 902 651 353 1043 939
2221 2221 43 502 141 963 949 781 139 144 751 820 491 623 969 524 465 424 125 1109 95 177
1843 1846 241 898 682 637 1059 326 522 70 248 409 1109 937 356 537 1041 1069 110 429 708 644
3902 3929 1130 969 807 466 704 632 1139 628 735 933 593 211 1121 230 283 136 1072 390 1010 312
1926 3234 588 598 992 1152 984 692 581 181 807 557 1018 520 331 438 259 904 622 1151 1016 133
1669 1669 629 934 544 341 745 727 215 870 906 569 410 1057 916 1144 1069 397 1140 127 934 314
1296 1315 308 189 175 420 273 266 679 490 469 98 322 644 427 616 35 756 1008 518 329 700
867 892 339 54 624 213 809 327 921 270 754 906 122 365 400 504 992 980 799 936 46 206
2328 3931 665 170 259 769 4 161 325 788 1148 173 1082 1063 890 350 520 430 422 176 594 785
3728 3728 565 271 868 609 686 43 748 721 722 958 475 614 221 810 1108 720 239 151 362 1022
4911 4916 598 32 218 631 1069 874 983 37 1153 815 486 195 637 609 193 1035 118 94 559 727
3526 3536 39 575 245 282 1070 259 490 850 711 163 149 718 726 893 722 904 677 164 428 997
422 2345 336 291 993 546 612 801 951 402 186 759 1044 270 369 267 537 39 486 498 201 1068
2101 2101 0 0 0 0 0 0 0 0 0 0 0 0 0 0 0 0 0 0 0 0
17 34 54 263 646 465 808 1071 744 647 1039 604 821 275 423 666 1075 1026 1146 180 805 999
2147 2177 40 28 35 1122 262 489 693 395 148 931 957 52 249 709 828 1006 369 672 271 631
503 3539 739 1065 236 325 185 43 653 230 569 836 572 287 1064 134 243 577 1024 267 836 765
2469 2469 840 840 945 1050 0 420 735 1050 1050 210 630 0 630 840 1050 210 630 525 210 525
724 743 1140 1138 691 114 993 727 487 608 682 798 571 684 570 33 463 22 142 259 251 940
4709 4719 672 502 468 58 402 855 1090 867 413 92 258 1124 173 301 814 483 949 959 865 309
514 1035 489 986 44 246 355 777 754 762 295 629 5 732 1071 466 807 897 1113 882 929 1015
3495 3495 220 814 946 1100 880 187 847 396 726 979 594 605 1056 671 407 693 759 715 319 1067
4935 4949 207 362 739 681 487 462 140 198 746 136 374 1043 934 788 130 792 834 302 484 263
464 501 621 856 721 28 359 231 1093 845 656 502 430 382 643 313 34 96 545 608 720 7
1166 4470 1080 1009 134 14 272 922 429 982 281 896 233 179 295 217 720 869 268 947 98 22
1763 1763 176 506 880 407 385 770 385 902 1133 363 110 561 341 605 330 363 737 803 253 1034
1766 1776 341 481 39 437 998 474 360 301 362 273 269 496 607 220 817 857 989 958 716 539
1298 1298 0 0 0 0 0 0 0 0 0 0 0 0 0 0 0 0 0 0 0 0
235 861 961 1150 1006 832 1083 1045 748 657 135 500 285 125 929 94 292 994 327 383 1082 1072
4107 4107 252 204 1026 807 1065 759 810 720 783 567 108 207 582 12 396 576 1002 996 1125 750
823 834 139 241 858 869 380 229 70 377 1131 567 438 343 813 831 314 639 127 571 629 1086
2625 2651 14 359 1070 534 297 117 399 1060 677 908 187 1009 515 781 533 925 376 1130 992 168
1264 4994 564 86 260 159 932 721 257 342 265 670 957 975 403 771 791 295 590 297 984 582
1215 1215 227 1112 637 273 322 427 608 1041 496 12 943 634 537 683 1083 360 968 788 836 1096
3037 3040 496 303 370 373 217 902 658 913 321 825 801 488 447 12 388 500 363 1100 385 678
2673 2673 434 660 344 430 822 1005 152 153 88 833 65 1088 7 829 649 618 609 121 1093 825
3076 3152 0 0 0 0 0 0 0 0 0 0 0 0 0 0 0 0 0 0 0 0
4448 4448 0 0 0 0 0 0 0 0 0 0 0 0 0 0 0 0 0 0 0 0
2036 2043 1016 319 1103 713 492 411 579 4 882 51 476 777 344 603 333 584 524 228 431 890
496 522 395 537 1145 360 411 866 440 377 837 195 301 748 322 930 999 612 609 211 1119 694
4576 4668 1106 484 102 987 665 1040 38 665 41 1144 323 7 473 57 841 1072 418 121 1071 700
453 453 830 124 655 1038 1111 575 1122 646 315 438 885 109 973 444 1044 1034 866 712 341 754
655 673 579 221 406 193 91 723 850 701 655 1124 967 738 188 791 1144 394 1080 527 860 1120
2873 2907 1136 582 1092 86 360 886 406 90 655 582 823 298 298 830 701 384 131 1028 1148 845
2395 2993 762 217 305 94 1133 948 921 408 464 613 370 849 615 880 1154 946 489 1015 533 1086
1807 1807 454 826 487 634 1102 595 411 690 181 220 332 760 852 1061 353 367 825 123 173 801
2407 2418 996 117 480 303 889 673 191 728 171 346 592 123 1008 646 767 803 1031 798 529 396
3304 3336 754 658 1141 970 66 385 704 507 920 415 718 6 852 165 760 309 76 211 536 630
863 3277 863 947 196 554 512 82 993 450 718 579 663 863 470 696 850 284 896 300 549 381
2020 2020 1010 531 260 986 45 126 781 344 285 389 157 720 1125 557 333 9 642 15 822 1059
1378 1390 1089 1128 873 540 489 582 9 465 222 345 183 813 849 930 771 627 48 474 279 570
1282 1306 462 266 299 519 388 1030 299 413 591 215 1098 92 452 378 1128 346 181 763 672 629
2378 4872 1132 191 800 682 1074 570 467 1095 490 496 751 199 432 389 119 1116 593 431 332 750
4211 4211 560 621 547 364 240 338 668 1084 441 1126 162 1108 395 219 1030 50 608 918 885 1147
1089 1096 291 159 515 526 925 1063 795 629 925 41 963 65 779 738 907 370 668 675 980 1108
1451 1483 1105 979 528 1101 735 373 658 999 1042 845 505 176 1078 89 76 247 82 311 690 1152
2447 4087 586 201 757 322 646 658 955 725 60 1090 172 99 305 1018 628 268 379 849 1115 457
2495 2495 440 670 597 301 355 197 8 928 1068 529 986 662 1051 737 375 10 460 203 216 181
4326 4328 937 621 730 840 429 338 569 985 503 801 184 953 890 848 277 248 920 924 108 935
4138 4161 625 908 551 334 1012 168 932 289 516 724 707 1088 708 161 315 761 946 869 1098 205
1021 4697 419 517 1072 565 102 1035 141 636 332 226 458 674 762 336 915 781 971 427 543 829
2309 2309 725 905 107 1037 476 250 1072 380 664 986 34 1129 892 689 261 474 807 170 390 21
2495 2505 325 503 750 233 802 175 594 811 1129 1024 1045 273 471 48 48 275 59 284 948 40
661 667 1064 236 695 287 262 603 136 614 879 942 693 354 453 147 872 930 863 811 302 1019
1809 2811 796 716 426 488 433 809 63 1042 152 494 900 513 155 820 146 506 788 548 1101 239
1681 1681 0 0 0 0 0 0 0 0 0 0 0 0 0 0 0 0 0 0 0 0
1368 1371 763 905 931 562 1031 686 144 403 806 180 634 928 24 293 362 203 74 297 671 333
3249 3282 839 1072 78 732 195 819 435 298 956 291 135 584 399 951 546 115 393 981 521 1066
997 3083 575 1030 1135 669 642 126 726 303 1085 147 899 464 1134 86 698 487 1075 337 380 808
691 691 0 0 0 0 0 0 0 0 0 0 0 0 0 0 0 0 0 0 0 0
4055 4059 495 990 726 198 429 1122 990 330 759 528 363 495 462 1122 726 0 792 330 297 726
3253 3289 636 320 1037 297 10 151 735 429 963 110 531 277 760 301 751 145 987 143 489 862
1773 4291 1081 182 1135 646 1135 899 617 33 504 1010 836 25 1013 804 514 552 289 890 248 775
3551 3551 561 691 581 93 45 612 558 344 807 637 116 648 858 618 679 416 594 1025 1016 1119
1186 1205 1066 192 155 693 125 848 642 695 407 14 556 942 178 193 1049 250 1057 223 442 670
2124 2131 732 181 996 682 1107 403 524 297 481 647 461 132 692 765 803 136 887 1065 550 609
1165 1561 100 668 816 61 751 144 957 247 425 245 774 56 580 929 959 16 896 1130 1104 278
4426 4426 627 615 1014 666 156 369 666 429 369 957 660 570 723 459 12 543 75 528 957 855
2592 2605 557 525 685 11 484 913 750 309 248 26 1011 339 794 556 827 893 944 587 441 1041
2473 2475 506 715 264 1111 836 275 517 429 539 715 616 572 1133 682 1012 77 1056 770 803 825
37 2429 1080 1060 180 900 195 805 160 205 945 660 365 1005 145 665 685 585 320 745 915 665
1799 1799 405 622 716 497 508 758 208 719 149 781 935 849 754 84 334 704 915 150 981 210
4261 4270 786 237 1123 488 1058 605 31 467 177 968 118 703 224 455 188 1138 537 156 888 634
805 841 730 445 663 143 554 1007 708 356 780 559 27 949 354 234 2 679 299 1003 261 612
717 3996 784 214 779 1031 1067 534 444 462 990 596 332 1135 846 609 427 815 69 173 625 869
947 947 36 955 198 616 476 55 415 109 270 644 141 357 740 686 244 344 937 205 773 959
959 974 624 113 400 375 389 748 293 1003 1044 252 953 413 945 920 55 99 1078 363 868 591
2569 2576 878 121 658 826 1145 957 907 916 984 597 1086 685 643 561 616 1111 659 700 49 738
1 1979 657 909 871 498 163 1105 757 564 540 891 414 371 90 345 946 586 1082 1143 199 407
891 891 193 187 544 1116 323 471 1082 986 244 768 756 745 389 625 526 405 522 975 1092 229
1801 1816 815 291 572 763 646 63 855 395 868 857 708 739 985 987 629 394 864 427 119 227
1714 1731 1074 106 978 784 479 402 692 388 1152 723 746 305 136 707 875 67 536 764 983 420
1084 2923 1099 1127 700 1022 336 280 427 630 1106 1029 1127 189 763 539 917 567 511 721 868 567
4147 4147 248 1123 276 1153 1032 429 648 394 858 1095 378 296 325 12 224 455 143 869 577 662
639 651 748 349 928 1042 4 892 103 612 271 553 788 293 649 611 237 1078 305 1043 406 983
3150 3165 570 762 177 832 781 54 170 518 251 296 647 448 936 576 250 1066 1005 946 726 464
1175 2674 102 609 1065 117 1092 672 1068 558 324 1059 735 954 714 714 246 936 852 660 1116 60
3344 3344 0 0 0 0 0 0 0 0 0 0 0 0 0 0 0 0 0 0 0 0
2720 2720 0 0 0 0 0 0 0 0 0 0 0 0 0 0 0 0 0 0 0 0
3970 3998 747 462 398 790 821 720 1120 184 790 823 1023 128 715 146 254 1033 1073 893 532 718
279 464 561 854 643 104 1134 906 848 30 1058 446 834 7 62 253 658 839 282 817 439 667
2875 2875 0 0 0 0 0 0 0 0 0 0 0 0 0 0 0 0 0 0 0 0
2571 2575 798 23 651 744 314 238 447 18 1003 161 299 529 543 736 29 422 954 367 612 754
1088 1104 218 1024 649 479 1089 1142 422 325 638 425 1104 479 381 853 95 426 75 174 416 865
72 2347 655 759 558 657 214 940 317 538 375 622 101 523 134 518 1087 715 457 659 774 1091
4850 4850 0 0 0 0 0 0 0 0 0 0 0 0 0 0 0 0 0 0 0 0
3844 3849 75 167 562 1101 425 847 706 231 833 728 418 773 1052 1015 183 952 265 193 675 323
1429 1436 595 910 280 1120 700 455 140 140 70 385 70 665 980 700 735 105 1120 1015 805 980
2676 3796 624 784 981 42 892 25 365 925 256 999 931 377 686 1129 492 627 1100 993 55 121
2193 2193 312 286 395 1005 258 748 797 896 1029 655 5 1012 1018 1126 986 226 553 16 748 914
2258 2272 906 875 1128 433 55 714 338 816 868 295 745 1017 495 495 83 186 30 656 27 233
3957 3959 79 433 402 713 937 549 742 199 607 707 377 536 542 425 1101 575 6 424 1039 535
459 2203 904 982 677 58 809 158 540 876 818 235 368 430 775 57 557 696 583 687 866 320
289 289 722 75 709 111 1017 31 762 942 205 654 904 953 1150 641 1013 769 1119 1118 686 255
1065 1081 663 919 647 776 476 728 598 97 1092 648 822 930 570 659 220 823 49 1083 603 998
2819 2840 39 1002 179 656 2 430 904 763 866 417 994 407 345 639 299 929 247 917 537 290
1652 1679 851 476 333 953 10 1000 706 277 160 900 32 164 871 552 916 683 656 210 156 142
643 643 0 0 0 0 0 0 0 0 0 0 0 0 0 0 0 0 0 0 0 0
551 555 988 688 514 1076 349 1041 245 184 810 165 193 311 982 54 942 900 1025 583 1103 11
3447 3483 119 965 727 1073 36 1016 76 936 27 170 951 511 417 905 170 265 679 257 1004 233
1014 1844 255 356 153 163 77 268 41 1093 1077 212 692 439 255 583 1029 697 396 304 880 29
3233 3233 1140 610 525 65 165 870 85 780 855 1020 1040 805 155 1020 410 705 320 690 560 465
1377 1385 572 297 264 308 209 891 220 968 891 99 374 187 0 55 748 814 220 396 726 594
1248 1263 520 148 412 74 1045 766 204 427 1104 1117 378 540 801 573 1120 539 754 1049 703 789
1352 1767 44 762 923 47 73 336 1012 696 548 1075 733 941 450 1054 453 155 733 1135 977 55
769 769 0 0 0 0 0 0 0 0 0 0 0 0 0 0 0 0 0 0 0 0
1046 1064 1099 263 35 544 874 203 650 705 71 949 467 667 1141 561 28 346 530 226 84 647
3108 3129 637 177 742 1009 162 839 129 27 679 970 234 904 520 516 133 872 324 506 784 391
377 1323 523 786 672 899 84 186 732 535 944 28 689 439 582 69 832 109 469 300 281 203
1138 1138 66 0 99 891 1089 165 891 627 1056 528 363 726 1056 0 891 66 924 132 462 660
2525 2529 1035 660 345 900 420 465 720 630 1020 345 915 750 585 915 600 195 630 300 1005 555
2990 3002 80 90 1074 699 138 398 55 37 1111 399 1064 82 373 673 278 908 625 496 735 594
323 1272 877 313 1070 240 567 1148 778 1047 100 615 425 389 1064 61 368 288 85 296 717 616
1396 1396 841 218 12 920 753 64 2 133 696 398 362 1063 1048 523 1023 920 518 379 511 118
2431 2442 166 322 223 645 654 969 435 31 717 275 1147 500 946 389 575 926 304 547 269 544
101 102 694 219 558 215 371 1147 186 328 989 1031 84 1140 1099 629 1028 361 93 514 72 509
1070 1391 125 725 443 116 635 351 22 61 443 176 788 494 918 397 1035 511 779 963 311 819
1975 1975 0 0 0 0 0 0 0 0 0 0 0 0 0 0 0 0 0 0 0 0
2608 2609 1029 216 608 276 975 680 329 62 606 1118 1060 400 202 826 324 143 808 510 562 747
1787 1825 123 103 758 783 330 130 650 1027 771 981 274 924 1049 37 240 1087 731 538 750 1084
976 4208 767 439 125 179 164 413 937 665 87 31 240 388 866 878 362 30 1065 418 127 441
2633 2633 303 429 672 123 42 270 930 891 1026 0 87 1110 489 27 456 69 96 378 630 792
2592 2606 773 63 864 603 683 733 273 708 355 631 1084 655 890 452 1101 1101 24 197 269 1138
4432 4441 148 739 571 995 808 555 608 35 988 430 68 693 578 936 607 937 358 904 704 583
539 1120 1037 629 796 575 272 641 754 445 1059 596 883 1040 173 388 193 331 1068 996 264 1074
3479 3479 672 864 458 673 36 1059 1140 304 550 626 450 306 895 785 443 271 66 405 706 328
563 567 516 1024 493 1013 623 715 514 414 163 1131 602 136 65 335 790 253 65 191 333 765
3594 3627 324 832 1139 1002 1030 1075 83 32 990 265 884 227 1119 688 676 263 398 624 99 337
3697 4337 598 93 286 156 767 602 223 276 1078 148 949 238 463 481 587 547 212 184 442 801
796 796 849 396 505 604 1032 613 1040 1102 1079 250 837 1020 372 267 323 280 835 822 843 610
265 278 484 138 671 792 832 24 488 699 54 7 143 455 935 874 261 1088 529 817 935 887
2497 2533 594 1083 336 831 985 236 685 861 814 966 180 984 665 304 698 1002 905 752 385 785
1082 2819 603 245 744 631 73 35 386 69 942 719 948 88 31 1142 901 598 622 289 792 1003
2722 2722 233 1034 340 345 931 1033 1071 1145 398 1109 105 228 621 1132 1066 34 122 763 411 241
2041 2050 107 411 662 934 122 529 613 1142 1151 691 86 630 268 246 974 855 854 430 699 10
6 25 502 49 982 748 773 497 1021 547 345 500 426 56 802 22 513 870 325 245 360 422
238 2502 910 264 81 991 344 1022 696 866 814 751 465 744 1048 774 17 323 846 429 1133 1048
581 581 998 30 483 120 830 1026 686 964 827 441 206 760 1066 69 322 767 1129 83 433 539
1322 1322 815 988 207 578 683 641 751 470 516 27 187 413 393 879 480 628 162 562 237 651
2065 2080 511 238 819 749 161 672 784 672 147 938 133 630 469 154 420 413 98 434 455 602
2566 2607 427 1069 552 57 1015 386 1026 423 774 667 1030 673 244 314 79 488 632 522 290 299
7 7 0 0 0 0 0 0 0 0 0 0 0 0 0 0 0 0 0 0 0 0
3373 3379 826 608 341 825 876 575 675 466 418 468 873 913 640 71 521 726 971 295 195 1127
3679 3680 225 142 527 1022 379 394 314 790 810 34 747 481 239 972 988 1053 704 357 226 103
1098 2747 320 626 1036 701 927 815 299 520 311 873 318 576 351 330 358 855 1121 63 54 272
2598 2598 1086 1077 6 504 174 657 843 963 741 687 84 309 138 411 1005 1002 762 945 348 435
4705 4722 1118 935 785 109 1038 148 1086 282 578 885 218 780 278 318 567 788 532 1007 201 858
768 791 429 660 1125 464 205 874 737 42 913 359 383 437 894 689 893 1081 642 667 618 689
277 1179 55 928 401 727 177 605 341 30 272 768 99 627 528 829 1055 203 306 82 935 651
2191 2191 0 0 0 0 0 0 0 0 0 0 0 0 0 0 0 0 0 0 0 0
1237 1256 954 266 600 1044 123 225 393 880 724 1119 1105 890 677 794 1017 822 1046 364 305 1140
129 168 128 1131 333 881 557 662 60 649 1067 1112 667 483 1034 1062 1084 417 5 315 806 880
989 2805 685 618 16 689 958 676 97 448 507 1035 457 204 722 602 786 183 647 407 119 161
1206 1206 1143 564 511 712 418 495 287 807 36 749 682 252 492 1110 846 927 213 1039 411 852
1164 1182 844 473 673 365 665 468 711 777 1149 747 263 990 77 168 852 69 458 305 721 374
2960 2989 885 997 430 1067 886 770 635 917 880 1095 183 333 261 732 558 890 174 791 817 749
284 1364 475 297 14 348 548 1093 576 505 95 927 679 556 280 1083 910 386 1105 909 853 223
3125 3125 891 274 242 1051 546 624 299 994 112 1097 241 283 927 1073 121 24 671 574 681 671
4526 4542 1048 109 844 332 378 752 369 796 890 160 973 564 247 997 93 211 911 1149 754 397
3211 3230 71 384 639 862 702 981 1078 102 132 771 1070 673 234 1082 580 402 29 621 1096 343
189 2636 673 797 712 781 339 106 106 1083 855 1114 403 649 1091 411 400 717 462 620 464 457
2763 2763 485 613 993 356 1043 697 1126 1057 404 641 25 465 388 466 947 43 599 544 508 1079
3907 3921 721 1092 672 1064 889 742 910 770 126 1092 700 518 280 826 581 980 917 861 70 504
1019 1048 82 600 404 473 687 1050 493 731 747 395 1001 348 706 1056 752 761 1138 261 411 599
2 698 781 550 285 347 945 296 301 97 769 707 616 704 52 218 912 948 1107 465 192 768
4086 4086 1093 394 621 681 649 618 57 605 336 392 973 97 466 879 590 1101 793 961 223 69
1361 1379 70 400 814 1127 534 669 100 776 917 122 619 729 204 555 1024 398 832 636 691 434
310 349 1006 813 185 976 1109 737 548 565 580 942 566 212 903 2 458 1087 156 1026 630 32
891 2296 1150 328 520 632 1144 863 739 246 198 41 111 75 878 1132 633 1066 163 37 302 351
4566 4566 518 935 183 747 721 962 363 272 643 998 547 229 1004 1047 741 1020 748 80 342 958
4575 4576 846 721 722 744 260 40 890 404 992 371 803 722 316 197 524 175 666 1003 681 1086
3895 3914 1030 629 905 382 448 807 1056 789 621 301 776 583 795 865 895 389 879 74 608 1126
2334 2642 1041 1148 728 104 741 1119 794 468 7 675 326 922 793 954 145 930 590 981 15 567
314 314 792 1134 600 1003 709 414 487 256 825 265 544 923 1031 1053 899 1144 330 878 821 1073
3983 3983 862 836 119 427 845 754 603 484 5 290 612 919 354 1088 423 464 1055 287 99 670
3615 3632 625 755 515 420 880 380 1085 945 695 525 150 905 885 695 560 650 55 70 1045 720
56 94 165 686 200 914 617 820 76 840 449 880 789 878 152 532 523 249 725 452 788 302
2647 2647 0 0 0 0 0 0 0 0 0 0 0 0 0 0 0 0 0 0 0 0
3508 3525 174 561 1118 499 802 920 166 345 47 704 224 790 374 1141 313 423 632 995 217 445
4384 4396 902 997 56 706 892 1006 460 962 80 167 105 71 105 352 583 1093 654 237 668 551
274 296 209 396 658 1099 1046 216 938 470 611 1000 24 340 447 734 663 634 764 162 809 1006
471 471 908 1044 153 904 253 107 843 825 292 993 779 1128 576 862 790 956 477 38 561 1055
4563 4574 564 290 581 235 1127 217 468 105 346 1145 355 239 1065 208 477 378 773 78 147 741
4895 4926 870 1153 588 39 730 52 813 788 1119 504 1015 21 537 724 627 271 144 648 802 1121
1397 2819 50 905 523 653 946 720 748 1082 224 177 493 192 167 962 58 1076 95 166 1086 660
2891 2891 1046 1064 619 1004 693 372 674 788 782 1035 56 460 1144 613 437 126 428 330 983 753
1724 1741 655 21 1076 543 1100 781 957 712 752 340 344 700 425 1011 294 736 937 844 621 595
3661 3672 2 505 314 567 72 1028 722 603 12 1080 587 504 253 463 67 163 723 642 567 696
311 3392 144 402 375 1099 804 675 808 369 235 102 984 827 407 1001 599 294 1024 998 269 424
2126 2126 0 0 0 0 0 0 0 0 0 0 0 0 0 0 0 0 0 0 0 0
2108 2108 567 481 1079 351 814 659 492 841 11 1034 662 929 355 1081 711 178 190 347 384 121
4056 4063 520 475 1018 602 163 667 740 21 411 1080 101 537 394 65 347 244 732 473 101 568
408 1149 447 46 563 600 500 455 857 18 532 655 893 693 861 353 393 427 256 99 227 447
2310 2310 556 293 517 490 1009 379 16 549 216 86 145 609 383 490 1130 261 466 413 451 967
1885 1897 263 702 521 326 311 1063 693 336 458 461 754 807 132 1147 38 689 283 961 1108 379
2472 2476 995 717 198 28 903 768 1009 733 970 609 965 212 727 1135 349 199 440 750 753 554
299 662 1020 739 756 957 32 798 854 991 246 768 867 864 164 756 1114 23 605 918 1065 244
4828 4828 1060 146 531 775 306 170 359 1046 86 1010 628 197 734 309 574 42 150 184 1055 406
3220 3222 356 405 853 792 918 631 334 1078 849 647 362 109 973 1109 459 130 441 199 402 859
1329 1358 474 152 547 893 532 461 153 1007 1006 648 591 786 1003 942 145 249 851 254 602 977
836 3437 772 294 840 27 910 659 1147 1080 1150 370 1083 40 1096 6 930 79 262 648 317 949
3910 3910 964 954 356 130 488 437 993 214 831 906 927 416 709 403 1007 361 355 487 573 487
2118 2122 921 497 406 872 209 72 666 595 1070 56 576 4 196 485 528 439 1057 621 484 928
2504 2526 605 87 117 467 309 553 136 1028 665 252 804 378 1059 751 201 328 1059 1027 40 999
340 951 227 726 837 91 562 499 1022 395 802 1115 444 695 115 444 428 339 262 66 46 679
1175 1175 555 405 369 948 294 894 687 456 1065 1017 138 990 867 768 777 609 156 63 771 564
3478 3486 1017 1001 878 928 1098 1008 860 1112 715 360 1152 652 790 1063 287 151 1079 89 107 371
2672 2700 86 564 666 84 917 807 365 392 682 701 913 456 887 711 890 89 617 332 329 558
560 3592 668 788 919 112 829 329 316 636 954 278 4 530 71 549 186 1077 671 561 634 545
3653 3653 117 706 435 286 10 1068 560 587 1083 712 383 0 110 1133 724 451 542 1028 77 138
3289 3291 0 0 0 0 0 0 0 0 0 0 0 0 0 0 0 0 0 0 0 0
222 224 621 203 191 531 326 508 279 943 971 437 1154 687 420 1083 1147 69 229 103 97 438
2848 4317 817 129 352 733 305 776 476 701 163 1034 940 381 897 989 301 468 630 965 17 779
4529 4529 110 550 110 0 935 605 770 990 0 660 825 385 385 1045 660 0 220 660 880 1045
1165 1176 120 306 442 515 921 857 686 1057 786 388 678 981 221 715 329 920 520 203 1101 51
474 500 543 299 875 1071 1095 1039 609 1083 201 283 1030 966 467 735 719 61 572 306 297 91
2997 4504 1128 41 880 136 537 230 122 1076 244 185 952 166 373 810 1010 573 342 77 150 249
3577 3577 404 154 780 694 261 1017 1014 1130 602 332 465 1011 506 721 712 632 993 424 784 158
210 228 264 681 537 267 900 270 705 18 18 1110 1134 327 420 969 708 42 678 438 528 561
2754 2778 199 400 615 217 284 996 1112 782 417 813 225 406 199 298 902 351 335 457 450 330
748 3675 197 532 988 715 449 488 242 1030 34 378 1005 4 35 939 899 758 920 945 702 611
711 711 1118 828 757 151 978 749 401 841 190 738 430 1152 31 828 1 133 675 735 276 769
3411 3418 337 129 821 684 923 234 146 58 517 919 559 11 638 533 750 248 134 407 167 844
193 204 180 276 918 558 351 503 812 798 757 473 575 1148 88 219 255 71 740 783 839 880
132 240 458 406 793 973 627 333 390 1 657 1050 319 962 618 85 759 813 726 1024 1108 699
4853 4853 773 415 801 674 20 1125 1109 512 903 256 209 1053 254 924 1027 1081 73 1080 400 21
3478 3489 815 118 478 828 479 204 945 495 902 474 751 858 458 624 774 171 1139 1105 1152 112
1985 2022 621 1064 879 991 844 731 34 689 55 174 1043 272 135 14 57 230 130 861 417 518
2925 2981 491 791 1139 786 696 78 409 375 779 990 949 268 732 583 402 27 498 696 341 1098
4738 4738 845 170 1030 649 794 245 823 678 462 910 702 121 1018 919 1034 380 559 282 787 216
3960 3977 49 62 978 19 572 988 121 1111 417 709 414 831 1144 192 906 107 1109 1149 233 167
4314 4328 1058 416 281 859 593 269 545 675 201 701 246 1046 934 109 509 746 363 998 3 158
3482 4030 125 639 252 652 918 666 880 966 983 802 1029 709 779 1079 6 572 630 638 190 1082
2492 2492 106 157 689 125 530 956 868 175 938 3 642 977 914 53 1059 84 510 403 586 563
3404 3411 141 1038 1132 149 391 391 300 318 699 340 1099 1055 0 466 1062 1024 756 915 1043 556
3724 3760 313 934 579 1108 250 928 509 38 38 450 678 539 493 976 1117 231 448 399 154 642
457 729 888 855 998 173 378 667 928 1023 288 173 923 94 384 394 234 36 1115 258 1095 771
895 895 1133 77 831 698 110 462 156 402 332 107 812 568 304 1053 609 159 316 887 966 194
3076 3095 30 1076 865 589 522 374 171 206 888 1110 1045 446 1127 432 143 75 429 159 157 635
653 655 1122 584 575 668 323 781 3 813 996 391 610 624 604 807 1078 310 411 799 345 540
474 3008 1057 76 327 1137 214 205 203 614 332 740 409 613 11 398 565 619 1091 1001 653 72
4495 4495 678 497 597 552 307 325 391 983 632 1032 831 934 690 449 832 1023 695 165 939 182
3627 3646 820 157 796 548 615 633 300 959 927 488 992 869 1045 681 785 225 852 713 460 466
1127 1141 396 969 799 882 623 451 297 248 485 81 555 914 882 471 195 983 459 738 479 1137
1531 3180 1044 921 17 531 87 467 1045 835 428 676 231 165 485 329 1104 325 810 1149 542 72
2434 2434 191 512 648 382 90 5 113 996 882 695 846 1146 551 404 893 1055 722 684 184 1013
4776 4777 859 661 678 68 191 651 1041 656 584 551 802 1150 1 1031 812 550 586 1148 368 701
2845 2870 490 455 630 700 875 875 1085 1120 630 385 945 735 980 0 665 280 980 455 105 140
2281 2493 460 14 286 766 111 1014 997 578 165 7 1034 238 128 444 454 514 1089 838 641 500
300 300 71 96 927 298 228 211 981 406 867 423 1059 672 490 273 1108 476 921 764 848 649
4221 4234 884 6 260 606 1009 242 1037 347 881 841 1146 402 1120 1059 1115 501 550 24 382 1033
164 199 710 563 535 320 420 760 312 645 1152 349 636 982 1040 65 1046 726 4 576 785 733
534 1776 922 993 904 161 870 949 931 142 53 558 1032 998 56 715 852 952 922 459 1 713
4885 4885 662 35 623 609 646 994 492 275 1051 952 160 287 1091 710 235 648 565 876 1104 648
44 50 468 690 390 783 90 861 444 96 1041 291 303 858 996 909 840 780 948 228 48 522
119 145 527 260 1104 984 336 261 581 1006 51 880 743 954 257 642 1092 660 1102 1048 513 780
1350 4364 957 288 747 927 924 1143 942 873 303 750 816 1095 951 630 324 732 708 159 612 330
3002 3002 0 0 0 0 0 0 0 0 0 0 0 0 0 0 0 0 0 0 0 0
4472 4478 1 177 823 923 1114 1063 91 136 686 694 558 459 20 770 969 124 109 1028 1101 420
3640 3644 324 199 597 98 530 213 482 504 678 359 1048 1056 234 735 316 1120 988 16 617 1105
927 2647 599 862 1146 467 648 260 272 793 30 726 37 724 431 500 584 131 758 110 754 1086
715 715 0 0 0 0 0 0 0 0 0 0 0 0 0 0 0 0 0 0 0 0
123 124 1084 361 746 924 537 263 1153 460 266 371 848 776 251 804 1123 998 735 376 553 79
1593 1608 101 969 302 275 444 342 648 379 749 231 1036 366 586 113 945 630 432 782 435 992
1417 1632 812 336 1134 780 165 162 232 880 1048 730 1040 78 827 713 459 1025 487 337 950 376
4992 4992 214 847 462 349 1065 324 840 158 1081 481 146 122 1147 383 497 803 779 262 429 266
1919 1921 229 912 792 1064 401 331 636 885 42 603 577 501 887 721 387 989 518 902 637 201
2292 2317 63 1097 863 231 202 257 1079 871 474 122 814 1023 191 143 914 1138 326 879 14 926
245 3905 19 367 0 524 336 780 603 288 784 1047 206 946 471 460 550 380 642 876 640 131
2401 2401 0 0 0 0 0 0 0 0 0 0 0 0 0 0 0 0 0 0 0 0
103 120 330 1075 902 829 498 260 1119 1120 654 666 825 952 643 609 739 280 209 851 771 219
20 54 965 750 349 863 77 276 132 887 280 906 939 312 446 822 357 981 562 676 955 33
120 1449 744 515 633 1117 815 1105 403 204 210 483 87 234 748 492 813 622 139 1116 759 660
2116 2116 672 105 441 126 21 63 1029 315 462 399 903 147 609 1071 1050 714 105 105 483 126
1116 1116 334 335 405 485 581 982 39 794 285 776 581 713 810 964 934 1082 645 489 17 704
2426 2460 121 175 1138 878 915 321 391 396 575 711 904 794 636 949 161 775 512 832 801 726
1645 4013 402 1137 192 1052 379 15 285 620 894 878 76 212 422 736 515 352 648 691 957 723
318 318 1150 85 1020 1067 947 573 961 297 662 1011 872 745 15 966 679 906 648 1123 821 965
3062 3062 0 0 0 0 0 0 0 0 0 0 0 0 0 0 0 0 0 0 0 0
831 841 293 621 352 188 922 592 89 277 73 679 1001 160 498 835 441 402 186 344 709 937
1751 2526 341 885 318 31 879 771 815 851 819 1071 72 16 472 951 293 945 880 106 522 996
2763 2763 962 128 914 789 1012 567 631 120 61 915 237 394 1056 785 1135 261 1027 400 162 406
4642 4650 478 889 1141 49 66 271 496 547 156 525 876 488 612 379 192 263 199 781 818 13
2343 2382 886 783 580 113 362 134 194 674 1146 854 258 911 226 631 989 130 869 715 107 134
1380 2044 90 309 443 315 1072 240 1110 619 529 834 750 533 1104 544 191 301 1072 1047 101 753
146 146 0 0 0 0 0 0 0 0 0 0 0 0 0 0 0 0 0 0 0 0
530 531 341 715 1023 957 44 1133 341 704 209 583 979 572 726 33 726 1133 1122 627 924 121
4659 4671 204 1079 675 1133 973 1060 586 33 915 787 1092 181 636 543 440 927 923 524 1136 917
718 1418 1109 661 378 364 512 946 336 624 35 617 658 438 757 1124 1078 131 757 836 157 496
2304 2304 87 194 887 359 1132 343 317 179 98 1074 116 251 217 864 803 824 687 1049 1077 1083
3697 3704 194 693 536 550 318 574 999 665 36 631 791 1013 204 272 975 397 656 104 637 48
2368 2397 548 677 629 298 479 880 829 352 599 326 1154 596 983 1127 812 74 1023 210 103 1133
2654 3395 137 1024 232 943 960 835 15 842 89 1093 300 449 832 748 1093 145 120 957 263 546
2121 2121 360 990 390 1140 600 285 480 765 300 1035 495 390 225 810 780 1005 225 465 450 15
768 776 430 789 912 266 254 307 800 196 348 169 671 60 679 1088 144 220 153 1016 884 1125
2350 2350 737 1031 557 69 813 421 293 40 1113 983 1042 1144 686 63 8 601 39 949 414 498
79 961 61 722 600 688 623 806 1086 745 1106 543 682 406 24 707 760 598 958 897 678 22
3376 3376 1066 641 952 1110 1065 192 325 170 585 583 145 1035 96 379 859 293 326 788 914 479
39 58 732 586 1114 980 110 54 1114 658 520 223 367 251 98 157 99 293 405 657 14 102
1130 1168 190 177 766 1137 343 228 756 572 27 696 291 732 679 1060 982 880 924 934 383 1118
1071 1585 332 828 592 672 566 400 640 609 90 762 137 11 290 200 886 564 1134 754 517 129
1770 1770 907 303 681 996 448 264 781 697 413 662 225 57 323 858 17 687 387 546 611 853
3996 4003 562 334 833 293 1144 73 458 484 1154 1016 275 923 1048 985 181 550 175 715 263 597
4115 4139 987 603 326 267 997 875 821 1124 35 175 784 955 106 858 473 48 964 956 110 1124
722 1732 584 138 539 1133 637 360 569 485 839 223 542 568 437 355 957 1042 40 405 926 810
1192 1192 1053 87 1095 411 372 540 459 1146 1092 102 81 996 546 222 1128 99 810 525 528 906
293 302 48 769 600 587 795 1112 416 126 111 1084 704 355 796 808 89 703 316 426 610 205
332 338 72 1095 1029 330 360 816 1092 516 954 273 483 297 207 828 1122 675 114 981 702 309
2083 2165 490 360 421 684 376 328 756 899 83 369 1086 156 653 926 695 672 1126 592 577 1105
2985 2985 1125 204 958 292 766 600 345 636 1139 276 884 701 856 70 637 842 364 984 518 252
3668 3668 1024 819 1093 960 233 906 1129 170 566 557 600 141 454 424 1125 442 1024 528 909 995
3632 3634 347 213 386 382 98 890 484 58 26 599 1076 260 276 966 1078 229 234 129 974 636
94 605 968 843 589 732 605 685 1060 259 1091 892 692 271 44 410 124 152 1116 143 670 470
4898 4898 0 0 0 0 0 0 0 0 0 0 0 0 0 0 0 0 0 0 0 0
1974 1989 977 157 298 112 52 509 283 298 467 667 1094 212 1079 597 831 665 640 1103 636 805
2627 2653 21 98 623 51 1076 799 723 196 689 417 88 10 932 1150 589 826 341 584 956 898
790 4114 366 784 1018 375 616 490 290 859 901 286 806 104 1007 433 366 974 1131 278 983 572
252 252 445 192 479 933 389 747 259 265 311 635 1062 513 97 658 865 1052 7 76 692 370
4502 4515 792 103 705 705 205 290 930 664 430 74 778 976 494 127 140 1033 990 710 1073 580
3329 3357 191 285 251 575 9 124 1071 49 191 262 584 1123 1099 987 259 750 751 251 1091 178
2388 4582 406 1081 566 287 118 230 844 905 48 833 275 555 227 66 247 832 490 681 606 1015
3119 3119 1046 248 829 682 561 719 988 647 607 137 373 593 699 1101 215 926 263 250 542 1069
3831 3841 877 134 1088 489 83 1071 591 657 381 457 731 327 354 518 449 1016 1108 566 293 715
2674 2677 432 225 1132 544 245 494 483 1135 619 1040 991 170 25 927 813 236 1070 646 1074 1020
167 1353 440 314 1018 15 1107 738 1099 205 1083 961 332 798 873 93 194 343 233 899 506 915
4546 4546 312 275 214 977 358 657 1129 558 212 990 1041 513 879 495 650 1047 19 1069 567 307
877 891 1125 34 457 694 998 514 716 705 607 954 750 255 538 957 1022 383 1009 98 26 771
2062 2072 909 783 905 995 89 404 967 423 708 500 815 160 45 927 200 512 200 502 1110 1002
419 919 85 910 153 640 576 1021 238 1 770 254 1067 338 1111 1093 780 22 945 636 457 215
4631 4631 1152 492 45 267 417 339 939 39 327 324 261 12 396 615 930 108 924 1035 360 99
1972 1978 1045 441 412 721 71 120 1066 538 418 85 766 109 1005 74 619 561 206 103 1078 946
4327 4333 954 1009 522 1089 626 638 185 52 517 465 1147 188 877 483 302 1139 867 421 768 982
1336 1897 493 1056 271 263 711 609 476 1088 662 199 900 987 718 255 162 644 454 3 186 390
1111 1111 0 0 0 0 0 0 0 0 0 0 0 0 0 0 0 0 0 0 0 0
2394 2408 337 197 576 816 325 286 534 545 721 416 96 217 561 255 861 207 105 397 713 962
2742 2747 350 428 1018 420 434 994 430 230 608 896 87 1098 7 645 1096 436 440 699 296 287
784 1525 148 84 37 750 384 1068 131 795 519 45 1023 159 367 513 906 528 24 922 103 389
527 527 705 405 150 645 270 525 135 1095 660 1140 555 30 285 570 105 330 330 360 240 690
2362 2375 178 231 570 392 594 17 156 507 368 34 921 718 211 1066 179 1103 450 741 207 740
4780 4792 953 911 638 1149 741 322 386 891 1060 993 462 1120 666 595 843 1103 880 884 851 188
234 1430 132 8 951 1014 798 228 487 617 558 123 982 564 544 876 934 560 569 684 327 363
241 241 0 0 0 0 0 0 0 0 0 0 0 0 0 0 0 0 0 0 0 0
4550 4556 519 115 857 1061 717 45 499 804 1036 434 397 851 185 329 1084 832 1004 556 556 602
3288 3317 922 657 735 870 1024 242 1040 287 77 717 10 937 413 344 914 517 371 594 473 80
2483 4261 357 1046 208 206 549 231 1097 1075 930 242 857 74 584 213 1154 1048 439 71 893 1039
4830 4830 478 210 627 633 361 673 56 630 57 426 189 19 997 151 109 511 598 330 692 842
4853 4855 712 437 267 780 499 738 476 489 520 341 25 888 162 494 211 960 473 906 281 695
1506 1517 35 734 785 363 743 423 807 659 943 438 775 706 932 746 859 1073 131 809 163 735
3741 4625 293 247 53 374 146 900 409 479 278 132 144 1114 180 781 613 491 780 619 569 81
3632 3632 0 0 0 0 0 0 0 0 0 0 0 0 0 0 0 0 0 0 0 0
190 191 1038 666 441 1077 135 615 471 138 939 606 81 990 183 201 801 264 513 855 237 582
2128 2139 621 512 960 1108 549 933 1057 880 138 9 325 246 160 137 396 928 851 823 922 253
62 250 1044 374 1070 358 1038 195 835 971 198 97 471 362 814 79 272 131 160 884 217 1040
2599 2599 464 1115 753 126 359 631 29 407 1106 2 999 34 96 397 13 689 1106 498 276 12
4880 4896 33 862 913 666 952 609 835 1099 627 832 877 430 1042 789 362 476 870 727 1034 522
442 463 24 1080 445 841 262 102 148 967 606 453 771 26 269 479 324 30 1008 999 933 961
3011 3540 335 791 546 311 365 129 800 852 357 160 68 434 154 958 395 65 800 67 865 662
4980 4980 700 339 657 523 1011 1016 1139 1137 606 117 1154 260 967 29 759 202 112 92 847 638
2934 2949 450 450 372 612 300 708 510 819 162 924 426 924 672 249 150 984 327 105 1113 273
1334 1357 50 961 938 942 302 290 962 145 730 105 879 629 16 224 1153 801 813 513 825 740
314 3487 698 498 828 122 1097 962 735 756 893 236 979 618 417 400 751 882 241 1129 1010 120
2418 2418 46 343 585 834 262 211 455 804 896 725 599 750 114 369 1135 212 334 515 584 890
1721 1721 1055 662 130 442 1040 241 572 731 624 451 458 797 112 886 220 275 795 268 1009 342
1419 1431 999 1074 445 758 1048 968 224 222 468 2 510 847 351 1125 518 350 789 451 658 898
94 131 76 1118 1101 1133 389 202 1033 939 86 830 727 825 2 213 309 121 147 50 691 254
63 63 1093 153 152 15 552 34 805 753 863 176 586 798 977 947 28 590 70 769 401 831
3415 3434 1047 682 1057 816 951 668 56 929 1110 918 341 1127 756 773 1091 444 969 165 719 21
2426 2429 1072 460 889 1040 1118 97 788 603 265 803 988 1067 1058 324 294 937 543 720 211 1025
31 111 266 845 912 46 687 806 182 1132 70 712 1069 80 353 1087 37 353 839 782 130 1145
552 552 854 377 668 358 242 1090 523 78 974 243 25 17 927 863 963 877 907 799 496 186
331 334 418 985 354 578 775 12 858 896 156 506 347 538 1126 107 994 148 483 1071 30 87
2924 2944 1033 722 736 242 1073 1007 167 208 1126 557 802 557 305 572 808 234 1128 785 284 813
2743 3299 512 748 1068 721 786 494 480 905 729 303 282 886 411 876 404 1066 389 1150 1123 1073
992 992 0 0 0 0 0 0 0 0 0 0 0 0 0 0 0 0 0 0 0 0
4077 4092 1053 151 160 905 149 1139 713 1070 214 1067 418 227 27 343 281 604 1148 232 703 450
868 873 661 6 798 155 781 235 116 611 434 125 888 1 476 775 394 955 818 56 473 1133
620 730 1063 389 903 1057 366 991 87 353 39 709 314 859 396 855 784 162 235 521 429 257
3982 3982 336 840 798 259 196 994 700 1050 854 259 1036 1127 763 994 889 483 1120 805 182 847
1615 1627 152 332 536 45 1052 230 636 1036 1097 310 847 270 13 995 442 881 574 875 314 936
3387 3419 7 1013 1019 156 1048 1010 34 832 192 880 411 1017 132 566 754 787 432 830 286 811
573 1295 870 969 624 516 921 1007 440 524 671 150 431 713 11 45 1107 838 460 191 525 26
1851 1851 907 371 967 961 1015 35 959 1119 1001 17 597 493 69 716 660 757 413 25 191 1138
2095 2105 1040 754 766 948 934 1094 814 954 403 547 282 308 214 868 862 775 1153 1089 828 98
3442 3445 927 265 820 764 1084 1154 134 424 719 40 55 296 101 157 640 22 1000 629 136 599
758 2162 316 446 17 722 90 754 508 310 360 972 423 1154 977 370 727 923 1021 681 882 1060
1577 1577 69 419 997 1086 72 455 427 791 776 190 547 665 1018 682 96 566 244 315 185 136
749 751 260 205 72 101 402 1065 996 272 696 990 698 650 26 708 658 587 263 982 1069 565
2622 2623 0 0 0 0 0 0 0 0 0 0 0 0 0 0 0 0 0 0 0 0
1482 3290 549 607 101 62 1135 65 179 323 82 330 651 924 363 632 572 512 202 553 635 227
869 869 75 762 990 279 646 261 1149 45 18 653 846 1135 1111 815 803 946 729 704 855 1066
88 100 754 513 224 563 367 891 783 518 322 704 1024 267 483 71 396 363 91 5 289 898
4229 4247 861 465 186 348 267 639 372 588 285 936 807 165 1065 1053 483 618 456 552 528 1152
2018 4119 244 463 1135 363 283 121 188 872 984 928 2 714 705 1080 900 450 724 212 714 1114
904 904 525 560 630 1120 1050 140 945 420 735 280 175 385 560 1015 945 665 0 140 560 350
1512 1525 619 675 704 213 264 350 222 971 1035 449 1 557 103 368 284 440 149 405 224 766
1860 1871 825 92 941 712 180 561 1087 541 900 805 922 136 1018 921 502 685 630 808 349 1065
1584 4509 967 555 1045 120 803 198 394 182 1148 681 19 1087 778 292 554 92 551 503 508 1086
4615 4615 877 158 715 941 275 376 586 925 451 1104 254 698 138 474 427 340 526 161 1117 545
1122 1133 417 1135 1137 1144 422 233 1073 688 181 801 1005 784 222 1129 578 205 1121 917 933 1098
1794 1833 693 1113 126 231 21 0 714 378 105 399 273 609 987 147 1008 483 861 966 399 336
430 1133 922 350 715 168 933 439 133 385 595 527 434 669 273 376 193 977 556 1144 108 384
4763 4763 345 360 1020 270 1050 870 330 1065 930 75 1065 510 120 795 765 630 15 840 825 1005
2773 2773 0 0 0 0 0 0 0 0 0 0 0 0 0 0 0 0 0 0 0 0
4734 4759 108 331 802 620 182 30 455 702 115 105 975 964 1065 807 201 921 753 950 818 1130
85 454 356 748 1080 669 804 1142 630 824 459 431 588 988 1068 966 117 153 275 519 247 1092
4703 4703 240 146 927 188 631 791 427 728 715 883 370 276 605 63 343 667 40 406 307 803
2722 2736 1041 387 727 424 195 73 709 892 520 1041 247 467 605 969 689 1087 33 859 153 478
1833 1870 672 1037 618 759 615 853 731 658 196 267 722 576 1087 862 113 608 954 612 594 175
3 13 279 719 624 891 1032 1110 633 192 1148 1033 99 473 592 817 577 430 598 66 869 536
784 784 516 1128 354 51 1125 1122 513 552 18 555 198 486 819 993 426 3 294 30 192 975
1692 1710 656 662 891 71 1054 415 1019 605 294 24 394 666 252 851 930 958 517 948 339 515
2921 2950 666 105 548 972 870 903 277 138 921 591 599 579 310 854 911 782 675 362 718 891
2209 3311 764 1072 218 107 1105 74 804 1079 1013 181 41 858 504 768 990 544 86 7 286 868
1589 1589 178 61 161 434 744 728 836 454 773 428 875 54 425 523 621 822 622 966 227 882
826 827 234 296 21 328 916 700 225 292 709 151 990 844 1107 1067 818 1139 348 149 681 352
4283 4316 734 639 783 1010 953 998 1134 753 970 1105 120 211 788 959 35 527 704 932 859 33
1748 3233 795 893 787 1018 797 26 742 248 991 794 970 739 466 534 504 532 911 839 733 842
1886 1886 1083 623 18 993 760 590 601 765 32 1059 691 257 791 892 375 256 825 1126 966 44
2827 2832 486 807 870 56 474 966 919 740 165 976 798 252 301 657 79 342 995 913 347 471
2481 2486 766 1085 762 1106 672 928 347 1063 493 286 313 995 228 1040 702 470 746 45 1063 943
1577 2364 271 654 439 556 415 778 736 319 213 460 1007 876 63 763 236 576 165 794 131 793
4096 4096 132 942 1017 390 237 144 33 849 756 681 177 417 618 78 693 639 270 456 114 549
4210 4212 484 718 863 773 574 1153 1113 676 8 761 67 221 891 647 136 932 1032 256 388 446
2647 2660 822 265 12 423 942 343 663 417 410 22 9 722 279 644 436 550 366 69 713 371
3207 3688 125 1028 133 297 976 1051 637 827 648 602 67 443 942 719 1091 1065 112 220 272 830
3164 3164 530 587 854 65 566 252 456 24 432 31 55 26 618 106 684 675 944 748 817 971
215 232 0 385 770 770 385 385 770 770 385 770 0 770 385 770 770 385 0 770 770 0
4697 4734 940 86 506 490 63 110 512 767 381 310 1147 173 60 483 1052 100 388 881 316 42
1239 2775 716 718 87 373 460 1013 687 1150 725 117 154 1072 823 666 1094 427 189 498 548 1000
3923 3923 967 525 121 951 257 629 359 767 528 333 529 131 642 858 734 218 645 872 84 1027
4320 4334 522 915 425 345 816 1130 1012 1090 996 811 1085 829 1044 264 1004 964 806 927 382 444
566 594 1127 869 520 93 865 723 388 570 393 483 1112 1032 687 448 449 837 438 864 729 935
760 4967 823 688 97 791 32 438 1010 336 203 1017 726 301 722 1010 900 600 279 976 907 1020
1190 1190 413 586 607 57 876 509 109 916 837 1029 958 945 189 143 580 859 452 278 1083 696
1210 1226 909 238 201 1053 85 704 430 460 665 498 284 97 1100 726 954 93 107 540 908 489
1159 1172 50 743 908 194 155 385 125 914 1096 30 823 138 60 1116 228 290 865 550 1029 157
52 317 888 841 724 676 192 80 879 797 1143 302 47 849 355 617 517 300 991 763 727 988
1558 1558 177 576 930 648 507 558 399 513 669 225 801 564 774 414 105 1029 360 993 600 987
3129 3129 170 817 704 1028 1142 219 734 1114 1103 150 879 761 473 113 934 884 120 1022 957 287
1799 1824 130 92 241 973 450 956 211 352 539 706 195 523 1081 502 7 463 284 902 181 497
320 4996 1004 255 241 386 763 1019 493 956 921 428 1061 421 197 1112 101 177 76 35 62 230
4740 4740 546 993 1143 9 294 231 747 255 729 492 657 27 1134 108 426 189 891 1029 318 705
1796 1810 1013 507 650 1105 715 871 138 165 184 925 375 809 857 704 93 1033 751 103 1097 876
1630 1632 945 519 496 864 684 539 79 576 929 206 1000 666 497 124 692 832 729 356 509 737
2576 2939 939 85 159 791 1126 227 773 229 739 87 924 837 215 486 1149 1010 463 485 103 321
4848 4848 210 155 619 1108 827 568 1092 712 410 849 955 637 895 66 275 1103 416 1044 680 386
118 126 48 444 856 1063 393 675 542 324 475 37 960 376 175 701 431 173 192 1036 338 1056
1723 1734 436 622 88 383 373 803 648 505 692 833 960 252 589 1082 389 1030 936 988 305 769
45 718 837 318 591 183 672 351 780 708 750 825 612 84 876 846 483 753 1056 114 45 828
4769 4769 1023 535 671 102 257 1098 1131 707 1069 1124 617 586 1142 1042 397 714 801 560 514 858
3417 3436 182 651 684 605 67 825 464 619 914 38 676 144 101 534 1108 28 429 845 273 918
2089 2102 658 948 712 17 606 329 313 956 672 3 660 677 991 818 707 978 352 423 510 1023
2480 3252 386 1083 216 457 722 408 323 511 725 1076 914 496 291 997 777 251 581 82 516 315
2331 2331 40 800 1039 819 77 398 683 236 93 191 605 481 165 471 121 147 912 796 606 1142
2055 2066 350 1137 502 73 137 1104 27 801 112 583 352 463 593 588 491 158 794 732 331 245
4952 4974 1105 991 252 647 856 751 326 226 1125 940 121 231 774 807 530 136 617 79 455 456
1035 2851 448 543 532 791 151 927 482 285 368 772 985 576 46 24 500 757 876 953 168 833
3398 3398 0 0 0 0 0 0 0 0 0 0 0 0 0 0 0 0 0 0 0 0
3298 3301 1065 566 266 409 1055 985 696 277 737 411 875 342 1048 1087 39 314 43 930 735 261
834 840 117 603 824 472 947 736 533 117 833 936 167 93 1024 589 393 62 643 422 944 686
2346 4367 126 243 996 496 464 1014 753 585 888 841 191 1120 477 33 518 889 1058 638 904 440
3072 3072 411 215 644 545 320 1007 695 44 192 156 574 1036 308 646 528 758 281 603 1046 607
2437 2456 648 833 718 689 669 358 90 484 527 209 641 762 972 280 988 501 1037 184 318 65
2392 2410 361 1107 698 207 770 860 689 1027 481 772 191 273 247 993 1106 858 380 95 1038 414
1651 2462 273 170 25 520 750 408 30 353 818 620 894 1095 826 189 614 902 618 409 1095 528
380 380 0 0 0 0 0 0 0 0 0 0 0 0 0 0 0 0 0 0 0 0
3616 3627 906 90 335 679 624 471 971 712 984 751 330 462 777 624 1121 337 687 385 962 465
1146 1169 743 791 79 565 512 961 354 135 74 182 894 211 503 188 282 1003 630 634 20 208
513 2735 910 855 860 120 270 595 80 630 465 710 745 860 260 150 825 515 395 730 195 185
183 183 871 551 63 619 234 351 1146 1030 429 838 633 226 882 885 344 566 438 105 291 516
1489 1489 0 0 0 0 0 0 0 0 0 0 0 0 0 0 0 0 0 0 0 0
2840 2859 654 887 372 395 227 1005 3 376 714 199 850 885 659 817 453 129 363 657 514 705
2285 4599 509 1144 713 834 279 1024 757 351 656 467 733 320 432 484 326 1076 768 815 339 451
703 703 544 111 630 880 617 293 253 389 27 815 137 406 730 605 199 1059 828 849 881 798
305 311 0 0 0 0 0 0 0 0 0 0 0 0 0 0 0 0 0 0 0 0
2774 2798 1041 965 564 1080 596 1013 1146 871 133 184 235 979 443 399 1016 455 903 500 726 188
2635 4198 735 123 1058 299 493 100 173 315 121 821 1021 946 415 417 699 352 316 722 982 144
527 527 1143 288 543 48 423 399 1020 984 726 246 369 663 870 585 1050 363 132 333 453 465
2875 2890 216 472 64 1124 658 218 927 597 928 374 305 326 827 661 647 89 591 995 488 252
233 264 607 1136 564 1014 652 752 184 291 902 1069 226 926 174 625 95 756 916 1114 715 455
580 2725 813 384 1114 1154 749 671 1053 729 322 959 171 1010 117 872 935 239 167 171 437 1030
4650 4650 510 813 0 1077 531 1062 48 849 93 618 93 1107 552 723 1143 351 402 1107 78 411
1962 1976 981 478 471 989 1116 344 552 358 505 209 297 515 880 783 522 670 1013 186 251 476
4926 4940 803 1083 846 689 583 124 963 491 634 542 258 1085 281 710 97 556 295 348 77 291
389 2894 490 861 959 777 1057 462 945 665 504 539 1092 1134 196 0 672 924 735 777 847 1148
4083 4083 946 1100 1001 990 1111 22 440 902 374 847 660 44 396 715 66 836 242 407 121 726
1050 1066 1126 72 1063 161 739 529 453 463 604 283 414 169 722 2 191 377 280 611 588 816
3179 3186 1066 1025 298 649 349 300 52 874 65 339 869 1046 831 566 21 609 267 653 474 1009
1272 2300 566 893 276 638 463 89 140 214 1018 616 455 331 38 575 708 151 514 1089 3 1004
1787 1787 646 710 61 734 384 1112 388 601 870 589 1028 1094 69 830 622 898 14 1085 32 659
4049 4053 140 1084 206 85 880 803 180 7 742 877 80 540 120 1040 976 917 770 556 326 985
1011 1049 104 804 728 249 1146 622 1060 700 387 969 676 38 615 328 379 447 580 68 6 1092
984 2661 198 1051 1031 401 405 748 218 677 503 658 311 195 735 68 420 287 752 724 995 940
4268 4268 0 0 0 0 0 0 0 0 0 0 0 0 0 0 0 0 0 0 0 0
4214 4230 88 847 517 121 1100 1023 847 121 330 781 737 264 11 1012 374 594 1045 946 330 814
586 596 634 92 381 414 413 131 238 1113 439 202 1072 131 642 216 705 242 107 164 634 683
2640 3409 825 736 978 60 432 1120 974 216 1076 653 42 1074 301 992 461 442 538 751 947 527
4568 4568 323 474 296 1083 1055 858 454 251 510 1077 808 872 1147 173 168 614 798 451 491 517
3049 3053 655 559 1147 968 424 981 167 931 575 1030 215 230 926 37 1126 598 1146 779 870 793
323 361 156 1019 662 611 873 984 249 602 176 586 53 476 786 84 464 736 1089 1095 651 770
1200 4524 368 1076 238 686 632 972 182 117 760 383 783 1061 382 426 538 584 530 697 633 640
2600 2600 0 0 0 0 0 0 0 0 0 0 0 0 0 0 0 0 0 0 0 0
4703 4714 1143 618 432 510 922 211 359 1037 283 860 309 1115 147 950 845 561 559 858 935 53
644 682 263 373 275 802 64 480 902 308 805 446 852 913 499 505 238 177 586 36 316 683
2316 4166 549 308 735 948 641 792 923 895 1143 47 228 39 960 647 422 641 878 901 785 904
2060 2060 61 267 818 518 117 259 390 957 767 1070 947 391 798 330 405 413 1134 474 604 863
4159 4178 896 521 339 237 735 1129 1054 1091 1078 482 5 1143 82 413 1107 918 552 5 325 330
2347 2380 324 534 528 673 869 638 448 1008 948 640 312 152 1135 490 94 666 35 336 499 310
1506 4344 230 641 1078 558 850 478 624 284 899 858 574 363 791 369 906 1085 277 375 496 279
2171 2171 360 1140 390 195 135 630 1140 540 135 885 45 885 735 885 555 180 675 165 990 735
88 101 400 754 803 226 437 838 618 644 459 745 112 101 537 983 941 575 785 767 378 481
743 760 1005 589 974 526 438 288 113 564 146 676 754 543 624 322 767 975 223 256 70 645
200 2612 610 1119 1136 188 628 583 134 194 704 296 733 518 957 1151 46 541 931 173 981 225
80 80 1017 1042 470 278 1129 191 1116 251 625 450 792 953 454 705 999 497 1008 259 1041 111
1594 1613 484 1145 853 444 348 528 806 520 86 652 472 1070 1053 541 87 432 189 619 536 882
3157 3192 568 966 1084 865 122 576 915 654 789 262 275 395 627 657 33 713 63 935 713 472
149 268 920 421 799 10 567 170 381 250 445 840 947 861 2 745 977 355 121 909 70 345
2813 2813 641 59 547 451 763 926 221 815 1113 841 97 683 765 676 450 945 551 15 927 315
2817 2817 490 930 110 135 660 740 1075 610 60 915 1035 405 1105 335 275 420 1150 790 415 625
920 925 326 112 709 987 384 480 157 851 1030 1130 661 489 298 830 645 463 415 532 886 713
190 1959 1128 318 86 492 1153 843 681 832 879 369 787 744 984 158 777 985 337 338 938 981
2588 2588 111 160 996 584 112 1020 21 488 634 467 544 1056 606 102 968 435 882 253 908 753
252 261 616 325 965 671 798 27 1151 1126 680 351 792 513 1077 354 37 994 998 617 153 1040
4668 4679 446 248 868 289 897 789 955 750 251 407 239 133 981 673 521 905 510 526 57 588
1364 3328 815 920 326 658 709 513 922 271 781 488 540 1068 856 943 547 1142 331 423 583 1108
1521 1521 259 1127 392 791 644 1071 7 343 336 1015 987 721 196 1001 7 161 238 448 777 308
1924 1927 465 255 45 1095 1005 390 495 990 165 780 240 495 765 990 675 945 1050 30 945 615
3471 3491 74 1076 822 644 685 251 1131 423 976 921 705 1089 530 1048 251 710 305 1029 221 129
694 1251 640 705 1004 1141 659 1028 898 1101 1018 722 453 809 690 187 301 664 1116 114 350 87
1217 1217 840 499 729 306 178 380 580 955 188 288 299 523 191 1131 618 822 608 903 1079 822
531 544 488 946 126 306 919 22 203 430 979 1097 851 1068 617 976 152 882 533 1132 1034 70
3697 3707 67 390 215 323 324 408 316 204 156 359 766 430 110 1078 423 4 158 670 614 1100
1114 4835 245 407 422 146 343 654 704 824 835 858 177 385 921 869 214 647 272 655 500 162
4562 4562 0 0 0 0 0 0 0 0 0 0 0 0 0 0 0 0 0 0 0 0
4962 4967 665 353 343 1046 844 19 1001 434 1139 1073 380 1010 954 169 887 820 123 693 367 288
1273 1286 87 543 1062 519 765 1074 1014 816 882 441 519 66 264 114 102 504 0 396 420 747
107 1715 392 413 938 665 798 1064 980 833 588 588 350 882 245 623 1134 1078 357 1113 700 0
3200 3200 727 623 577 281 313 1 320 422 470 411 856 761 1033 156 800 76 956 870 198 877
2551 2570 986 387 456 861 56 363 579 1142 279 1097 1095 35 162 1075 927 51 985 43 633 544
677 683 542 380 1153 39 433 487 1093 279 1052 933 24 231 912 89 1000 934 589 1016 629 683
444 751 909 529 841 969 624 74 203 297 611 690 604 37 738 270 1078 81 1153 1061 1051 1045
615 615 948 96 1095 222 999 522 594 180 942 531 606 459 870 972 81 135 531 288 1122 681
753 761 668 488 381 1145 905 729 979 905 887 108 154 475 44 358 721 233 181 1038 367 312
493 498 710 561 307 963 16 821 36 640 557 725 309 1136 268 1081 46 791 608 1130 310 1089
4 14 677 297 380 704 393 870 695 256 63 1064 910 417 1150 59 873 345 1149 103 478 196
2678 2678 175 1122 404 1144 683 725 1100 118 13 364 1100 678 11 484 380 1107 241 573 1049 926
2077 2089 437 74 716 719 265 893 547 291 1028 929 1144 1100 319 640 213 203 735 348 1114 618
4349 4382 574 656 188 1023 781 587 530 1084 358 396 916 889 845 42 1124 1056 922 925 1006 194
336 1005 27 393 399 132 244 239 492 874 475 1100 68 199 565 91 756 247 319 689 1136 675
3864 3864 755 494 284 1049 761 872 1125 593 877 279 145 1151 861 328 269 356 752 315 1060 216
4912 4916 618 976 483 89 701 189 20 226 449 835 835 856 731 66 1143 991 162 247 1148 940
8 12 68 591 45 757 566 4 136 484 416 30 363 258 491 409 592 108 977 1095 464 19
716 1805 758 259 585 1143 651 681 18 632 1020 345 890 542 550 988 389 255 47 636 128 706
2262 2262 195 285 540 960 690 1020 690 720 990 990 0 300 450 90 675 990 1110 210 195 675
4099 4113 575 584 1118 980 1121 640 194 60 717 829 875 50 244 588 829 974 137 207 216 53
4754 4759 1050 663 475 576 724 622 1049 437 658 406 503 339 692 838 1127 947 568 53 518 86
547 2787 76 846 528 234 873 688 642 365 594 528 272 337 785 482 736 212 935 157 1024 136
1275 1275 311 421 954 99 651 640 638 756 405 16 5 119 155 707 887 347 276 56 684 515
587 602 859 181 1118 987 75 356 909 855 158 456 477 257 422 1003 619 1124 1022 1 45 544
3881 3885 662 395 546 673 431 230 170 225 64 251 76 768 876 37 799 220 885 21 452 401
3522 3551 81 1087 410 984 885 224 615 478 563 1086 119 542 1076 968 1149 1033 858 785 45 149
990 990 262 608 743 420 405 552 311 917 739 946 494 909 567 868 305 274 584 228 965 363
991 1000 1153 940 139 120 603 1094 213 780 857 579 147 17 1100 613 929 336 609 280 55 862
3383 3417 1019 103 940 914 80 285 90 751 741 1054 330 634 451 347 718 537 646 14 359 592
691 1501 469 809 635 404 836 722 862 1140 877 128 373 860 813 928 1026 692 990 137 924 435
1325 1325 438 935 450 315 569 222 415 863 920 487 562 811 602 680 435 52 896 104 149 1108
4754 4764 1049 265 917 1067 721 772 248 475 65 208 269 106 539 559 227 925 1119 537 75 430
1472 1486 612 841 1150 298 599 1114 17 518 1034 246 395 130 27 609 318 235 250 720 1136 381
892 1350 542 243 660 108 868 78 648 313 990 702 544 1136 548 904 42 59 36 163 636 559
1014 1014 150 102 494 586 296 700 706 843 594 1114 63 718 692 1047 77 135 266 703 912 1119
1783 1801 420 945 801 237 161 845 955 289 897 479 761 1081 861 774 707 387 518 1075 363 1066
971 987 662 187 1103 811 760 44 631 550 60 139 714 54 110 612 607 262 196 620 217 670
44 246 12 320 1099 406 668 332 383 369 1107 295 615 1072 171 496 542 788 367 55 245 406
4438 4438 817 435 159 350 182 1068 1078 487 388 39 440 324 28 181 570 168 130 118 301 593
3301 3304 165 717 378 528 885 720 69 831 348 894 1113 474 264 930 435 588 306 1044 315 876
1591 1612 835 811 111 344 594 1031 982 618 1006 968 302 307 351 177 691 832 671 435 760 1087
474 734 273 672 357 273 798 819 441 378 903 1113 903 861 189 315 420 714 189 1071 147 168
2229 2229 871 923 204 1136 44 421 891 391 431 0 424 788 1076 570 1143 883 98 526 290 225
586 588 289 1121 611 318 510 29 223 418 204 148 127 863 804 560 1112 356 1102 982 741 1130
492 528 580 617 1012 234 1074 198 190 751 1024 682 292 416 960 882 169 208 499 141 275 317
1090 2535 827 738 871 149 587 533 941 223 77 239 84 68 1126 128 258 466 1003 542 289 188
2226 2226 289 667 1139 164 355 3 349 359 897 66 636 477 283 620 751 964 1016 336 1087 1113
4042 4049 887 722 755 433 1092 1067 498 1032 933 1109 220 422 752 497 302 553 871 45 625 1040
3186 3200 235 422 1140 976 85 81 859 213 713 207 436 1044 361 494 39 831 816 507 982 729
1651 2443 716 231 997 751 323 122 552 1097 554 695 1089 367 1078 488 183 1072 75 60 333 959
3592 3592 903 459 1053 954 990 483 585 45 588 876 261 828 438 528 822 855 24 1071 606 549
4746 4761 892 106 262 889 46 314 749 1055 221 1136 9 800 964 1108 171 185 253 51 763 435
4641 4664 482 817 823 194 683 909 462 755 583 766 538 210 265 880 785 1096 578 547 1087 291
1663 3149 404 1113 465 586 140 659 676 570 147 1119 659 431 215 680 1109 620 1104 846 60 145
3841 3841 0 0 0 0 0 0 0 0 0 0 0 0 0 0 0 0 0 0 0 0
3962 3972 143 1060 1085 258 759 569 1135 225 253 857 479 1046 437 361 866 826 84 884 440 484
4144 4176 682 201 394 659 655 329 735 1097 201 108 752 707 1061 1106 1077 313 201 982 447 315
585 791 1033 398 148 231 1030 651 4 48 824 753 891 678 701 14 138 337 526 1112 1091 10
3210 3210 0 923 56 121 203 820 1018 483 329 359 906 376 1110 361 217 261 297 24 61 31
3424 3439 732 428 109 588 601 305 668 1037 98 658 1151 133 403 456 450 775 192 355 795 828
1422 1457 251 865 249 590 1129 797 1 799 372 710 718 228 319 999 253 325 786 106 193 163
2092 2343 224 184 1040 13 382 1116 67 643 427 250 473 866 75 912 106 760 93 1013 658 420
4422 4422 147 489 228 1038 6 939 1092 1065 324 861 696 276 96 1152 834 96 732 1137 675 204
3751 3768 1077 708 320 1052 417 1020 963 238 1145 252 415 970 896 411 199 235 428 796 1075 1032
553 577 675 474 1095 453 612 251 0 297 662 957 119 733 750 354 1002 347 284 157 930 522
1902 2163 499 451 631 293 773 1099 5 1135 30 1147 39 813 64 948 1113 885 888 555 366 818
3926 3926 518 733 504 11 288 1149 544 1057 154 431 684 989 477 1030 555 183 216 521 809 181
3479 3479 561 561 759 264 264 792 495 627 1089 858 660 297 1089 825 792 495 1122 1089 264 297
2725 2748 840 657 1017 537 804 309 105 588 252 72 570 369 747 663 465 42 891 1062 582 240
2493 2834 223 563 412 565 519 708 336 348 342 378 885 837 358 84 365 638 106 154 535 471
698 698 507 191 754 1154 118 81 690 598 379 443 714 1086 232 213 283 284 72 260 435 1125
4236 4243 30 475 1042 530 899 674 43 663 115 200 199 776 158 1015 1079 1007 738 1055 67 780
4024 4043 525 0 150 160 895 95 845 175 660 110 310 395 1045 905 195 765 865 860 145 420
664 3255 183 425 267 742 172 495 946 733 264 723 1105 333 888 119 541 842 457 839 810 282
1065 1065 802 133 615 529 640 613 249 325 903 535 1146 668 328 73 550 672 659 249 486 128
532 546 9 833 51 775 1005 701 806 649 547 159 980 914 285 212 704 134 481 993 244 445
3807 3809 270 771 438 788 276 263 305 441 382 1150 347 1030 818 318 257 430 1103 350 665 251
4030 4956 126 1053 598 452 283 13 155 598 1105 914 138 783 1006 306 1011 443 250 101 767 1100
2639 2639 169 856 605 246 1050 877 1070 886 815 459 169 770 177 1068 476 123 1096 739 611 591
1301 1315 629 1102 21 764 596 288 959 90 1125 639 1098 797 295 672 934 1054 809 450 724 765
2412 2428 801 1046 646 1036 461 818 47 667 782 97 908 615 411 634 485 917 489 814 760 418
3217 3328 316 1050 112 333 1143 1122 882 514 850 894 1043 186 303 77 148 698 566 347 1101 988
3094 3094 30 1116 484 880 303 18 390 955 512 658 176 1087 10 760 1075 207 1046 661 760 251
3273 3276 250 375 13 152 262 1115 828 18 815 233 95 579 1115 1037 447 159 32 405 965 628
3615 3639 477 375 701 500 598 262 284 508 958 370 1009 306 986 716 1132 57 807 647 367 572
79 210 412 208 1036 149 621 1104 764 695 289 869 1016 365 1154 17 1104 126 168 585 1113 752
4530 4530 869 215 479 1010 910 1135 450 819 863 839 662 150 790 254 398 864 839 130 6 890
2514 2518 207 258 977 1143 66 263 95 1003 66 49 595 582 569 1126 95 412 753 561 356 779
4170 4183 1147 395 871 236 999 273 756 403 882 792 753 503 737 132 179 288 452 1045 328 1009
370 499 429 623 389 690 168 635 604 1068 73 333 1004 613 97 974 577 894 46 54 884 220
3096 3096 581 1017 451 242 238 409 1061 828 571 123 399 138 646 344 81 818 1124 867 393 675
572 576 236 714 542 530 420 436 1059 791 653 502 752 384 582 1059 1143 474 290 671 189 827
3236 3261 759 894 305 883 853 448 554 1011 787 840 950 214 129 534 306 89 50 584 613 4
257 1290 840 875 448 938 1085 784 63 763 1022 1015 868 329 455 861 721 756 245 924 147 420
830 830 87 129 916 195 740 433 24 404 65 1065 572 873 1046 823 785 39 146 688 774 1140
2416 2417 725 724 1026 564 631 595 1039 235 356 1145 781 229 174 271 706 143 307 337 408 1020
1887 1926 837 571 781 1054 174 844 661 17 1139 1119 610 845 1058 771 1143 795 641 33 550 934
2644 3587 210 261 1112 1 870 461 759 165 911 650 1086 217 925 923 283 854 929 168 1000 35
2553 2553 699 465 1105 186 833 863 289 678 694 646 384 913 354 455 437 870 119 936 421 72
2888 2890 144 158 1083 656 850 471 334 791 309 309 238 213 99 450 430 429 79 1099 302 607
1564 1595 748 1002 67 65 288 195 692 47 202 476 74 727 648 612 1132 810 457 556 984 93
326 350 444 696 882 864 12 891 1002 777 21 618 1077 855 612 150 747 24 147 591 1029 765
3056 3056 0 0 0 0 0 0 0 0 0 0 0 0 0 0 0 0 0 0 0 0
3422 3425 1116 1003 677 147 96 87 746 847 1024 962 428 607 600 419 853 159 772 96 855 42
2864 2867 186 159 1148 958 932 32 46 1123 489 2 392 676 286 459 797 562 1024 970 865 1037
1691 1840 490 460 275 95 1045 660 25 1150 115 205 485 610 275 355 435 1120 835 60 425 695
3241 3241 0 0 0 0 0 0 0 0 0 0 0 0 0 0 0 0 0 0 0 0
1809 1816 315 854 396 256 231 53 11 951 416 708 114 61 190 832 15 958 350 627 39 175
1122 1146 998 246 398 621 577 286 453 319 276 288 578 303 225 1056 1143 1061 708 217 426 1119
2207 3655 568 622 32 908 786 803 847 297 691 521 347 181 449 461 338 731 622 553 240 989
2566 2566 97 298 465 814 990 1098 1122 441 115 970 231 669 839 1052 729 561 1074 348 990 1067
3637 3640 473 924 44 352 473 187 649 924 418 979 616 352 154 880 506 913 946 55 143 1012
474 511 772 23 782 272 390 420 78 115 758 187 180 67 1022 1061 382 817 536 1108 812 165
451 786 428 579 590 278 1066 399 296 1151 832 991 151 565 218 108 370 485 193 498 233 1061
4986 4986 161 407 737 727 812 446 732 391 598 1146 597 978 467 363 533 106 11 418 23 986
3155 3164 311 962 38 272 404 125 4 25 483 114 657 1134 323 639 350 943 607 975 463 723
681 715 887 528 1130 535 1101 489 58 1129 183 75 259 434 8 203 579 302 944 708 483 1154
1026 3140 103 184 850 1117 289 744 708 798 56 714 403 908 110 703 645 723 681 1152 88 1098
1438 1438 100 735 742 535 861 420 995 949 211 336 136 798 713 396 156 1118 970 778 917 846
1499 1512 150 27 966 639 1020 1149 591 390 519 891 549 744 12 726 408 504 555 339 6 651
3862 3868 99 693 495 264 627 99 66 0 759 990 99 1023 132 0 132 1122 594 1122 561 33
2162 4778 56 972 754 6 29 508 960 309 821 292 391 419 359 313 49 673 939 1012 736 662
4995 4995 489 207 9 156 182 1014 720 227 214 685 258 735 337 974 385 463 753 1070 450 926
119 133 761 37 756 1151 1144 917 71 497 132 965 861 729 221 607 938 969 50 961 680 928
1781 1795 70 726 911 1117 793 780 1046 1009 24 33 1146 669 410 976 178 857 1026 75 52 78
1886 2254 1091 487 1106 998 1050 1034 132 1076 585 624 907 473 213 915 209 139 904 858 415 997
2747 2747 365 552 648 739 335 917 436 745 326 515 580 491 124 556 696 759 586 603 903 631
4571 4587 88 439 35 1075 169 769 693 1107 778 550 779 451 690 368 648 195 439 707 337 564
739 744 885 165 315 510 75 540 15 75 585 45 0 300 270 945 885 540 45 915 255 225
1812 3036 781 508 917 850 955 656 950 799 524 660 688 1146 570 228 1105 97 1019 126 1052 607
1424 1424 0 0 0 0 0 0 0 0 0 0 0 0 0 0 0 0 0 0 0 0
1926 1933 0 759 748 506 88 693 429 550 429 484 418 484 693 275 1111 429 726 869 638 682
4686 4696 740 1096 350 862 968 79 4 554 950 603 241 191 302 1125 336 554 1139 460 1118 990
384 3871 1115 657 1082 271 76 841 722 324 341 1039 980 561 1078 514 277 503 239 845 428 245
4480 4480 1076 1088 270 414 718 745 296 81 675 478 732 1036 865 820 890 1077 1013 399 573 877
640 651 173 829 21 815 738 828 1034 315 164 655 625 768 506 268 167 372 26 337 252 707
141 178 340 249 1147 355 119 121 1154 497 524 269 870 717 297 1026 820 757 305 829 865 273
585 2353 1079 219 920 531 353 851 585 936 434 1070 27 279 875 939 799 904 626 1044 211 1051
3781 3781 347 839 16 393 847 576 950 487 401 36 250 99 216 570 320 82 1154 231 966 919
1076 1090 165 1125 180 1125 960 180 840 375 120 1065 870 495 1080 450 105 615 945 975 1065 900
482 499 292 214 788 762 1154 448 84 841 355 316 840 257 1078 451 36 1124 134 832 1094 1021
781 3203 178 996 995 383 636 976 831 728 184 375 329 333 423 420 247 1095 592 831 355 877
4145 4145 977 1141 675 1147 112 166 237 959 106 538 442 142 697 451 456 450 841 240 297 1007
4587 4604 629 663 805 937 370 369 496 1085 921 916 1148 194 188 983 147 470 1002 313 262 738
1014 1032 201 580 936 680 571 542 819 130 905 241 183 546 198 1150 672 54 1017 622 495 953
262 640 833 114 1112 835 405 237 621 813 485 57 889 417 928 536 1025 108 450 1018 121 767
3645 3645 560 91 252 413 35 854 182 595 399 854 42 868 1071 49 483 231 525 119 987 63
679 696 856 67 320 668 524 915 146 358 340 793 127 110 1038 58 1110 578 986 931 1117 857
7 9 315 711 531 207 123 231 885 558 639 831 1095 594 30 1086 837 1074 624 0 387 666
61 3350 189 1140 265 1010 610 601 565 726 594 180 783 359 225 596 103 460 752 955 42 855
2649 2649 455 582 368 44 1080 680 667 1003 420 414 281 1073 552 414 742 366 131 1048 728 322
4740 4741 0 715 495 880 770 385 1045 165 440 880 715 330 0 935 330 770 495 385 165 275
4260 4284 1034 675 1109 928 668 952 538 171 1153 527 116 643 373 338 1009 68 1128 638 250 761
1115 3336 842 903 639 757 658 377 50 974 1059 563 243 584 941 179 262 818 473 365 961 318
718 718 878 1071 218 636 189 267 834 410 499 1102 536 685 730 28 1116 116 548 516 1080 506
590 601 189 1033 549 391 949 557 604 763 793 359 1045 745 948 996 392 1036 74 799 818 124
2613 2618 1145 85 166 151 817 867 94 910 389 1008 61 1012 252 812 521 593 33 156 364 401
749 1916 1037 597 876 678 316 761 902 1033 708 402 214 252 263 46 9 30 654 769 452 464
4172 4172 0 0 0 0 0 0 0 0 0 0 0 0 0 0 0 0 0 0 0 0
416 432 142 431 582 79 137 880 437 601 675 933 51 265 22 694 1007 544 277 456 834 103
2190 2211 998 29 1149 356 1007 387 930 673 903 747 924 857 275 626 21 727 834 284 645 273
2603 3039 645 432 120 358 183 497 737 610 210 505 524 804 905 801 945 355 392 477 624 231
1731 1731 516 1142 1122 1121 825 7 731 556 187 682 1062 677 999 575 1138 466 1137 921 731 641
2134 2140 140 666 315 679 463 226 591 957 132 70 1127 154 262 1072 1 512 4 515 580 54
843 879 152 801 385 433 410 488 597 558 39 1121 330 1044 516 186 82 97 98 844 739 933
437 532 358 10 488 1125 114 858 767 858 1113 1110 826 1122 415 23 135 84 155 627 746 642
4017 4017 389 672 613 853 162 1108 514 1112 12 102 466 354 68 607 823 872 699 894 109 238
3265 3271 126 727 259 83 492 843 342 425 299 1148 101 689 396 798 786 951 793 535 251 23
1078 1087 447 1065 1121 572 485 316 982 703 947 259 90 616 378 931 1076 862 93 1003 177 595
1277 3029 1077 498 1154 238 527 842 919 687 996 668 521 206 745 892 1008 155 745 95 651 719
2991 2991 192 381 254 338 387 1076 952 58 180 125 992 1085 549 261 326 597 588 636 1099 80
248 258 486 1113 436 194 381 251 49 420 496 659 62 1123 468 344 1018 477 618 98 629 920
4166 4166 0 0 0 0 0 0 0 0 0 0 0 0 0 0 0 0 0 0 0 0
208 847 672 930 792 339 738 654 609 1098 627 60 480 231 189 1140 789 981 1104 1056 300 708
4404 4404 783 1098 1053 1042 879 947 1036 25 431 867 418 973 79 298 1010 977 258 653 959 392
3639 3639 190 512 1141 377 465 145 427 304 461 853 499 683 257 784 410 436 684 18 443 510
4010 4049 116 377 118 544 415 175 246 926 629 330 46 253 880 435 787 505 729 59 551 988
971 4913 962 529 425 576 236 670 1105 557 478 735 91 892 853 766 862 1154 224 1132 822 811
3514 3514 104 169 711 423 949 774 497 133 426 833 796 703 185 66 164 477 880 1042 131 454
1329 1331 45 0 1065 720 210 570 1050 180 705 1050 1140 735 450 255 75 150 180 60 300 945
537 568 826 120 873 314 974 243 920 307 631 675 219 812 454 875 1142 456 880 497 83 580
56 488 897 754 1068 602 179 215 856 239 66 305 116 141 464 382 311 934 479 488 284 719
4531 4531 0 0 0 0 0 0 0 0 0 0 0 0 0 0 0 0 0 0 0 0
855 869 236 584 279 825 777 1066 552 432 958 244 170 1067 767 120 393 267 149 1084 484 800
3712 3744 488 701 1081 801 924 951 248 935 128 481 80 225 876 532 332 800 376 606 695 960
594 2973 81 780 577 426 740 761 585 996 336 1150 19 1020 98 956 475 712 27 1073 145 1042
505 505 0 0 0 0 0 0 0 0 0 0 0 0 0 0 0 0 0 0 0 0
3398 3409 1003 1056 747 19 1002 184 913 799 851 102 1038 556 320 162 86 818 158 1130 1099 123
3897 3906 677 914 100 564 420 151 1009 1120 1137 593 205 747 407 342 362 303 47 102 798 1049
2693 4428 462 1042 725 586 628 80 684 505 1081 1053 1089 219 477 612 538 340 927 953 961 1019
1247 1247 564 452 972 287 226 416 365 998 434 177 706 90 330 692 238 171 213 366 520 530
1744 1762 615 746 294 1 1146 687 903 241 377 1104 843 699 1104 841 576 852 1032 154 437 885
1345 1367 807 233 293 58 763 911 978 173 821 748 1029 362 64 715 550 755 381 941 852 249
1456 2848 84 397 371 901 435 542 679 117 806 471 1133 331 204 976 243 744 894 862 223 398
943 943 0 0 0 0 0 0 0 0 0 0 0 0 0 0 0 0 0 0 0 0
4038 4040 476 314 250 762 719 779 245 508 681 961 44 369 408 948 818 943 883 461 321 525
1119 1129 237 834 406 616 101 197 726 172 472 683 791 619 271 451 185 424 320 510 853 798
1627 3644 413 256 680 856 525 955 0 535 985 530 623 860 246 979 542 482 591 249 837 1043
3384 3384 207 932 473 415 211 797 463 890 392 878 868 147 43 697 792 855 398 992 1010 940
1564 1567 778 616 828 782 823 1057 153 306 986 1011 206 823 150 637 517 133 589 4 19 860
2499 2533 697 1151 586 193 163 710 243 1098 231 660 808 586 19 577 399 904 760 619 18 1148
1454 3528 660 881 980 385 479 430 1043 583 311 365 475 81 9 762 1074 228 1035 203 350 795
4839 4839 350 105 511 1085 609 392 861 644 1001 763 952 224 308 84 973 532 637 1064 581 952
3740 3751 812 907 30 158 280 354 396 598 720 1107 893 959 901 677 1097 203 376 648 225 773
2463 2498 870 340 55 72 421 995 679 232 968 398 1106 818 40 989 699 3 1142 50 560 1148
4160 4553 603 891 402 522 468 579 441 1059 1092 1005 420 966 372 528 612 969 801 567 1101 885
1269 1269 210 945 210 105 420 525 105 945 210 105 1050 420 630 105 735 210 630 105 525 105
3088 3092 578 594 1061 1117 687 937 545 610 206 422 741 62 937 1140 706 109 188 493 700 171
4440 4479 801 1106 1090 749 872 1120 873 251 900 1043 493 122 70 37 965 565 424 269 262 9
1028 1088 877 374 934 844 834 978 475 1050 975 153 577 804 271 322 151 1055 448 834 391 140
1946 1946 800 1069 336 677 112 866 375 529 573 760 380 980 703 1119 672 425 1000 497 592 238
2089 2095 762 827 228 1036 197 345 244 435 1093 560 48 970 467 97 642 197 754 1037 656 946
4473 4509 518 584 547 743 489 696 1093 1144 857 1041 548 151 508 70 362 1147 889 241 559 803
2292 2466 711 984 249 747 216 306 624 66 666 1119 441 555 447 909 81 348 840 810 102 453
2282 2282 650 4 725 387 354 513 672 1036 25 216 881 932 222 1135 516 1010 339 862 123 228
4870 4889 1082 1077 823 426 826 1148 52 93 1070 1152 1051 519 309 673 186 122 284 513 1072 561
1422 1443 610 41 885 105 1147 507 1140 1100 834 635 1022 453 121 1007 570 654 1128 1075 457 63
1533 3839 158 478 840 866 712 289 1044 14 417 356 171 749 238 1137 303 790 295 813 302 73
4835 4835 533 501 633 461 547 1018 660 370 1129 749 636 457 464 654 138 1122 881 931 505 568
1857 1866 912 931 1115 246 335 674 288 686 468 25 903 483 143 6 406 598 777 884 120 912
4676 4714 268 727 647 351 502 1100 696 937 583 642 476 918 200 1004 430 557 1065 188 178 775
1840 3564 50 435 760 145 1060 130 570 1015 480 770 150 385 665 695 530 905 1140 140 560 595
2840 2840 0 0 0 0 0 0 0 0 0 0 0 0 0 0 0 0 0 0 0 0
4112 4125 82 568 1051 17 1102 1075 91 1144 540 735 304 735 801 473 128 793 979 806 20 579
3399 3413 1044 234 504 331 1100 986 748 927 469 380 38 266 851 991 784 202 1011 801 1084 26
3677 4047 428 808 342 595 914 1 275 805 328 1091 1037 861 23 966 465 916 232 292 399 509
3877 3877 366 538 359 79 378 824 645 864 918 907 438 409 708 1061 777 236 52 557 553 760
1719 1726 390 960 885 915 45 240 225 750 975 645 1065 555 615 1125 915 555 570 180 60 90
4847 4866 619 1080 168 825 346 801 473 707 359 80 557 581 513 160 435 929 798 531 674 50
868 1023 415 933 588 1077 744 262 1131 90 460 725 986 20 1008 701 532 401 220 974 1006 18
1663 1663 82 440 12 200 109 849 340 922 113 623 1059 429 747 492 757 477 1079 1150 758 899
4695 4706 285 1035 441 1134 435 432 156 828 954 399 1026 1002 300 237 1053 1119 210 702 894 630
3399 3408 836 737 551 862 75 173 1014 1028 447 283 468 1115 533 223 681 693 118 499 960 311
3339 3907 1117 904 469 1150 18 887 948 762 821 148 12 244 748 1086 1118 398 261 1041 678 201
4270 4270 243 546 924 195 33 987 792 381 39 1014 648 1071 435 261 1104 684 282 789 666 1011
3062 3078 586 204 269 1029 874 814 184 85 370 610 276 620 290 205 819 363 396 561 334 149
3732 3754 232 547 846 646 196 685 41 110 638 126 414 155 484 790 385 825 355 696 424 456
621 867 155 589 1 499 969 845 1030 871 999 991 356 118 499 322 786 98 105 990 710 488
780 780 147 314 67 343 289 129 158 78 913 747 8 610 1015 931 530 679 598 1131 1091 1006
995 1000 383 102 158 658 434 102 959 97 850 298 766 666 492 622 287 219 584 928 16 276
2106 2144 133 451 1017 1019 478 891 928 494 260 1095 665 69 676 150 1101 1012 362 834 796 399
2694 3171 567 214 100 557 830 870 950 191 332 1136 363 896 836 240 848 976 257 615 858 997
1886 1886 0 0 0 0 0 0 0 0 0 0 0 0 0 0 0 0 0 0 0 0
2863 2872 305 615 455 905 670 695 990 505 690 715 735 5 265 90 770 460 880 640 30 1115
3667 3706 675 436 1121 131 947 124 463 1068 850 288 82 240 627 352 258 87 956 1019 656 1009
61 872 838 148 932 1109 48 890 791 40 605 678 111 522 1130 1145 96 391 234 1099 773 787
3636 3636 569 1060 94 890 919 590 195 415 694 245 401 285 7 729 974 171 233 530 853 871
4604 4621 279 689 211 20 262 197 414 486 973 636 313 239 998 949 371 838 901 353 13 995
4102 4133 999 1152 844 864 53 695 938 553 428 632 117 561 111 1109 89 1138 886 758 88 198
13 3922 282 650 284 970 896 757 223 741 972 154 735 1154 431 1146 806 572 560 1105 56 245
1939 1939 0 0 0 0 0 0 0 0 0 0 0 0 0 0 0 0 0 0 0 0
4084 4095 385 265 32 766 3 677 557 709 1105 348 468 795 803 815 686 737 274 454 1131 1054
2303 2316 1065 1035 697 1147 1021 405 707 570 194 351 1074 1034 1137 269 271 1049 727 935 630 261
1902 2849 13 448 684 1034 41 1143 770 839 650 688 533 348 231 1067 281 774 73 193 103 363
1262 1262 715 689 224 991 414 743 453 388 391 928 514 1126 1032 418 578 380 706 800 636 486
4784 4788 1048 245 1134 255 1020 997 354 1035 920 412 393 50 919 87 1144 814 1025 928 39 316
1883 1908 435 638 865 172 883 539 991 449 631 419 431 1065 754 239 1011 198 622 107 284 990
1512 4286 74 183 33 1081 484 978 282 602 585 472 1001 409 214 974 504 1090 445 620 435 337
4013 4013 43 911 1020 712 764 867 332 988 496 97 886 431 437 971 993 645 684 583 75 1150
4122 4125 531 339 547 625 450 943 582 781 315 1116 478 940 497 1024 245 458 1110 7 617 112
186 199 960 840 1005 645 405 60 945 810 810 690 210 270 1080 960 75 165 135 240 585 615
388 855 940 627 886 495 310 318 932 1052 105 1008 755 442 674 217 2 481 291 1134 46 31
4994 4994 0 0 0 0 0 0 0 0 0 0 0 0 0 0 0 0 0 0 0 0
1013 1019 215 382 562 660 814 861 991 459 933 124 939 959 1008 1125 955 63 226 775 298 764
192 197 632 593 426 813 644 140 1088 553 602 947 393 505 111 579 624 411 414 1010 697 34
77 239 596 1026 1025 361 531 1104 297 17 42 668 807 275 754 424 745 67 774 1012 553 884
970 970 443 294 839 809 241 95 346 759 350 1014 875 562 239 894 9 243 908 989 1113 919
4323 4329 334 882 87 558 305 956 661 845 260 772 855 654 846 61 815 187 1132 750 353 550
2662 2684 523 379 91 691 320 526 1005 1013 1142 659 359 474 667 232 1039 714 329 819 943 127
3470 3876 878 310 993 1037 697 294 540 463 966 708 479 404 607 446 545 902 355 960 777 869
3427 3427 0 0 0 0 0 0 0 0 0 0 0 0 0 0 0 0 0 0 0 0
209 215 803 224 500 1133 704 419 150 917 913 1043 101 806 0 1106 973 828 248 84 215 482
3245 3248 381 639 1032 1047 315 651 564 489 405 1059 87 1101 438 18 279 1089 465 219 753 39
173 3959 479 906 1055 947 914 103 47 3 869 152 678 671 382 898 527 246 459 198 707 585
3950 3950 0 0 0 0 0 0 0 0 0 0 0 0 0 0 0 0 0 0 0 0
3453 3471 269 568 366 1075 140 83 562 344 630 554 13 233 464 566 1088 1016 650 873 562 1114
4956 4983 986 52 1140 259 827 309 71 262 262 756 365 573 40 370 737 212 703 991 28 538
1464 1704 965 1121 1106 437 556 60 839 580 530 96 769 999 1090 356 711 726 822 885 649 798
1054 1054 967 955 808 161 552 228 172 58 612 1050 1111 244 922 827 849 609 543 118 978 656
4690 4696 461 686 1066 476 780 748 572 552 521 1054 209 961 746 213 243 548 920 578 230 236
4520 4538 264 627 0 693 99 1023 330 759 1089 165 792 363 1089 594 858 363 924 891 363 198
1592 1937 857 360 812 188 19 264 103 926 435 197 650 222 128 1048 12 103 242 596 269 545
4041 4041 646 200 764 779 1043 318 129 87 677 144 1062 166 211 371 335 31 1039 664 347 1004
4113 4122 697 504 492 702 736 412 395 112 1030 554 140 792 828 754 464 946 466 381 176 1087
2175 2186 207 44 204 456 903 686 1072 792 1017 149 109 1060 947 286 856 434 1111 527 570 130
316 372 281 143 247 846 660 346 295 127 309 601 656 109 367 125 1089 958 528 106 110 1040
947 947 697 181 1147 1093 545 685 899 379 121 404 843 129 498 161 976 512 451 70 20 385
232 245 551 932 109 749 672 117 550 39 900 876 881 151 625 935 784 5 433 294 1030 645
2776 2799 736 884 72 794 1076 559 184 601 375 171 818 320 186 193 372 982 482 450 494 170
715 3653 956 795 990 496 320 397 710 592 599 153 963 989 215 357 728 97 539 769 457 177
931 931 448 738 290 635 1104 778 571 534 555 999 262 889 884 248 178 227 36 77 682 852
1669 1684 928 192 1065 1085 449 684 958 363 935 1090 898 355 787 237 1092 129 281 418 66 1052
1927 1929 1039 90 881 1088 130 128 682 209 856 290 348 980 188 917 643 1039 547 965 822 715
56 217 840 578 629 683 507 283 712 773 801 589 258 101 376 337 498 217 326 231 851 679
521 521 936 763 472 49 463 905 410 360 908 714 127 289 1048 988 1072 1087 729 485 646 120
3727 3740 166 793 484 16 186 101 602 877 138 172 366 916 488 704 702 596 126 1074 733 332
2497 2526 882 350 413 1030 864 615 659 7 471 517 261 532 347 546 1044 800 328 1116 221 4
38 133 698 296 1018 856 1114 320 439 722 522 331 807 10 460 220 930 523 69 763 495 1022
4858 4858 35 35 70 560 140 700 210 980 210 490 455 875 1120 385 595 1015 420 945 595 525
3754 3768 439 129 484 367 325 358 558 576 469 1064 189 516 1138 16 536 1125 1100 1026 1084 370
4634 4669 482 208 523 427 645 313 621 1008 386 780 704 490 1116 339 1043 16 1040 1117 996 282
3631 3958 871 187 473 425 1012 271 1077 76 276 503 572 568 192 460 335 546 976 175 1041 1130
3121 3121 0 0 0 0 0 0 0 0 0 0 0 0 0 0 0 0 0 0 0 0
2171 2185 283 977 923 784 694 583 435 459 581 322 635 385 1107 12 338 1146 796 729 295 532
4743 4753 676 704 568 388 36 93 41 814 338 516 460 186 854 406 733 43 666 335 487 871
318 4864 892 1042 208 941 494 101 403 85 578 183 70 79 505 293 101 883 374 512 751 186
968 968 0 0 0 0 0 0 0 0 0 0 0 0 0 0 0 0 0 0 0 0
3972 3981 429 222 273 267 402 1068 429 75 708 816 723 1053 729 105 510 975 969 348 39 411
4529 4559 649 876 886 728 975 188 693 543 789 86 195 9 1041 998 663 747 71 879 953 896
386 3121 272 66 453 863 490 859 684 1035 408 425 1051 116 1146 371 71 622 1146 30 246 330
4506 4506 885 985 663 1048 1115 218 1105 841 274 793 533 1134 563 172 1073 82 360 944 419 350
898 900 1130 422 1088 494 203 987 326 544 237 1140 486 883 726 518 693 882 233 270 0 890
4435 4444 228 978 717 321 339 747 603 36 816 714 954 357 339 189 606 735 750 303 954 978
345 492 959 309 1001 415 126 16 370 1060 639 544 748 721 329 180 562 386 1043 1067 534 961
526 526 264 369 1022 766 875 834 197 977 730 811 38 157 1056 875 702 499 783 778 6 398
4568 4576 958 830 147 820 719 820 3 891 828 855 536 377 168 907 622 679 951 524 576 1139
467 500 586 55 427 474 705 398 174 515 918 1064 298 205 1154 10 455 379 1090 1137 679 84
490 1303 794 1056 421 425 622 841 1108 1006 145 772 780 965 1033 1075 23 911 92 379 243 886
1266 1266 398 270 314 343 81 658 767 224 411 927 968 277 10 347 692 194 782 1041 15 992
1187 1188 1068 379 319 1149 869 192 765 972 90 911 126 624 156 876 218 35 18 767 492 759
2703 2739 796 917 995 258 1102 245 432 463 1021 617 367 475 1019 352 948 543 788 9 221 288
2949 3321 8 850 909 987 51 412 322 1026 800 1122 564 475 859 996 296 734 941 642 582 862
1745 1745 33 1037 1118 221 746 933 670 833 475 1025 925 1038 3 595 451 432 594 945 772 13
215 234 1050 357 50 816 247 644 965 337 490 881 283 182 81 468 603 323 404 127 285 617
390 416 665 517 713 377 1126 995 105 416 274 925 810 106 159 452 259 1128 196 457 831 350
2082 3391 43 804 375 1079 554 892 322 170 735 269 479 329 85 259 791 566 1152 877 715 1030
2255 2255 603 1020 126 615 90 867 441 258 858 696 168 435 102 495 291 1107 12 1134 1056 585
1531 1531 0 0 0 0 0 0 0 0 0 0 0 0 0 0 0 0 0 0 0 0
1046 1080 937 315 892 280 462 1032 1041 121 1024 634 167 408 1054 727 1145 1139 1041 253 426 865
2149 2708 773 326 1124 792 228 34 778 1128 717 1136 785 377 348 428 337 117 825 640 907 502
2264 2264 0 0 0 0 0 0 0 0 0 0 0 0 0 0 0 0 0 0 0 0
3366 3366 539 944 525 444 219 1104 301 845 16 221 1077 101 684 568 437 920 305 596 245 772
1850 1875 1010 583 814 283 405 453 477 943 479 447 237 1008 1051 402 657 226 356 384 305 505
1702 4002 380 401 166 463 57 202 337 347 330 761 60 319 1077 278 131 131 861 744 431 103
953 953 586 877 1022 278 659 1014 596 721 872 1037 845 1001 309 381 983 463 77 369 387 683
2709 2727 225 838 603 235 583 925 456 776 853 876 529 44 543 614 529 1107 165 552 841 917
356 378 1022 224 1039 844 354 380 874 71 764 830 650 943 303 108 539 321 15 1153 68 183
2588 4167 463 1030 856 981 1010 1034 608 200 511 1118 1076 315 890 119 185 75 166 1094 1027 1111
2297 2297 925 160 828 1068 761 499 854 98 25 299 802 791 342 1103 720 1044 306 501 615 951
1489 1498 678 995 1113 691 432 1116 395 1030 859 293 231 617 867 126 492 688 506 838 934 256
71 82 736 155 166 321 1067 245 12 71 831 114 830 613 612 539 349 237 411 720 432 313
4022 4939 745 186 738 214 480 499 189 1109 420 240 731 647 970 197 370 1032 326 747 1109 180
3567 3567 245 490 315 420 525 735 1050 0 420 490 1085 245 980 350 490 1015 735 105 630 0
174 177 976 589 1129 67 252 429 1104 212 114 491 651 206 675 983 1018 342 887 887 547 346
60 83 749 569 496 295 654 227 855 294 441 1033 13 682 1133 929 983 385 707 490 1082 1087
399 616 683 411 339 491 874 1150 1096 795 802 812 1151 260 79 952 720 827 992 564 987 546
4940 4940 0 0 0 0 0 0 0 0 0 0 0 0 0 0 0 0 0 0 0 0
4518 4518 981 936 413 1053 694 1003 972 31 951 280 658 617 1041 504 42 335 1004 381 531 1147
1116 1124 900 146 121 719 994 335 785 540 734 431 332 122 803 1055 176 845 1035 517 666 1058
1068 1874 269 569 1085 986 1044 667 532 1140 160 1154 1050 869 1001 703 1054 424 1134 883 331 442
1749 1749 909 602 728 1049 779 1002 656 331 774 740 1092 342 155 966 764 36 102 103 381 1130
3934 3934 183 183 189 1095 141 1077 675 195 1026 1047 303 339 978 471 735 21 741 789 555 918
3437 3440 0 0 0 0 0 0 0 0 0 0 0 0 0 0 0 0 0 0 0 0
419 1583 735 886 162 16 185 486 943 577 618 687 769 940 263 683 688 939 1095 593 736 583
3613 3613 181 1031 710 413 577 119 456 1000 447 193 29 405 865 1034 192 621 951 292 683 77
12 20 755 190 405 1070 500 755 835 395 115 800 630 740 330 875 1065 640 750 1045 1095 630
694 703 638 484 361 123 103 590 180 832 798 1117 999 717 464 449 843 586 657 952 240 13
3716 4746 336 387 283 346 389 695 434 937 617 291 475 1062 337 965 740 769 1026 756 516 298
3173 3173 804 940 517 471 725 207 137 137 884 704 480 625 435 117 532 747 381 575 613 909
1550 1561 302 223 512 721 323 533 474 700 831 827 729 805 220 908 978 603 930 547 8 1030
954 979 333 63 202 135 1048 521 136 782 293 384 693 243 15 917 737 1090 503 354 282 526
840 2875 167 80 991 82 1077 173 195 297 193 802 720 551 571 960 796 733 117 291 629 679
997 997 199 1111 180 45 998 71 911 708 833 301 907 85 1127 1107 1102 908 396 270 1084 874
4438 4453 189 557 1034 19 699 367 242 1140 398 126 222 426 722 14 842 414 911 860 306 509
1363 1366 207 527 658 940 1026 485 338 814 700 48 110 808 253 900 1114 43 18 342 898 970
5 28 69 51 957 108 183 246 81 882 891 876 804 624 756 135 261 663 501 903 87 636
2877 2877 407 951 166 933 510 339 693 609 155 1045 871 618 671 464 723 374 444 77 83 11
345 346 436 1062 534 972 68 684 1024 365 293 530 1096 7 1082 1111 900 362 145 344 132 451
1268 1272 949 1095 1148 360 943 468 917 1096 619 1007 403 465 864 727 155 687 228 121 996 930
1426 4923 381 5 140 587 509 52 450 26 1019 794 757 695 779 278 309 221 301 525 776 1064
3020 3020 362 681 173 616 917 966 694 761 145 421 1107 612 1014 418 481 318 1067 593 320 52
3903 3907 365 519 798 780 800 288 926 1007 812 411 605 49 536 642 898 1086 1037 1038 378 77
1331 1360 55 517 941 144 604 980 700 718 487 71 1145 1067 1152 861 317 231 1 507 736 433
3828 4003 962 348 371 785 577 102 17 981 857 965 890 856 143 1057 622 780 101 741 205 562
1657 1657 254 364 611 628 1072 11 248 1077 700 366 1011 357 1112 553 179 819 551 293 123 1139
872 886 807 918 337 1125 649 267 699 811 70 384 723 330 100 1115 1073 955 357 1069 676 1103
2112 2140 51 744 594 15 873 1089 1080 114 552 636 24 150 456 465 696 1116 117 441 141 87
4438 4664 67 532 566 73 335 605 1124 529 193 819 960 702 210 987 822 216 508 196 44 47
2354 2354 0 0 0 0 0 0 0 0 0 0 0 0 0 0 0 0 0 0 0 0
293 308 617 1042 266 1 810 906 154 895 806 911 582 313 1013 336 862 277 591 677 160 38
4027 4040 865 1035 1005 275 347 323 1102 517 744 327 1101 443 117 1109 218 11 574 1142 368 764
1496 4144 35 196 475 1091 234 692 526 399 53 870 736 262 168 1064 748 361 948 36 534 304
3581 3581 328 512 1119 167 70 292 564 519 955 761 952 94 287 1086 188 878 263 695 975 1107
3019 3030 1067 75 505 286 429 921 234 794 181 645 111 571 574 400 1008 373 156 38 252 868
3500 3524 155 229 437 316 566 610 348 74 187 374 511 775 1013 499 917 133 172 1079 1005 805
435 2107 362 1065 414 572 751 615 409 246 402 797 599 558 537 1152 240 668 234 42 719 590
3130 3130 640 1079 546 1051 573 1015 925 73 875 845 456 36 659 2 947 1084 258 709 653 665
3885 3899 512 1011 230 634 250 792 163 561 60 932 183 968 724 548 655 679 572 756 115 596
2066 2101 605 599 207 142 335 701 34 750 116 618 640 225 958 197 1059 327 461 988 8 804
2471 4337 256 843 453 36 376 221 906 356 528 1148 755 306 73 259 258 257 223 1083 890 335
186 186 826 9 417 56 455 622 123 596 707 443 364 935 325 803 121 299 1132 748 899 1060
670 686 55 1058 773 822 460 930 923 918 618 706 12 484 1065 61 466 403 1120 735 650 200
309 315 87 147 544 217 1093 273 508 794 844 744 890 1120 943 870 162 373 949 664 576 345
493 584 1118 615 295 291 559 55 1152 24 582 472 100 73 573 617 1029 448 200 570 14 545
2150 2150 541 726 341 875 1068 1010 739 636 29 357 308 1040 999 16 216 277 34 537 417 776
4951 4961 458 333 163 1122 1137 1076 745 308 536 991 291 734 5 1141 1026 209 694 273 915 1011
4299 4322 650 618 229 600 1120 341 947 70 679 1008 867 850 485 270 994 133 781 924 214 24
1292 2999 1008 1056 257 998 230 53 175 1111 1130 674 430 848 582 442 810 1032 1146 600 744 312
2217 2217 683 342 1101 539 724 1041 513 572 793 895 976 293 82 1119 249 1072 914 543 813 77
1091 1091 580 490 295 260 650 200 0 440 290 130 640 455 915 435 950 385 290 600 445 980
4039 4058 704 749 504 762 231 110 996 278 1129 1128 655 572 223 685 519 506 704 665 127 622
1729 4994 610 45 274 605 781 368 418 782 909 134 117 849 993 236 962 911 908 431 272 553
2352 2352 222 773 618 578 544 145 123 797 670 39 634 651 71 873 808 478 314 246 868 951
2971 2988 478 395 89 876 509 991 1090 961 796 675 112 397 916 299 945 53 378 262 668 810
1252 1262 490 180 155 905 230 495 675 120 835 715 35 810 65 170 765 380 495 245 745 300
276 841 733 775 776 29 464 1137 1016 972 238 476 919 1030 284 632 816 810 129 30 971 530
1836 1836 175 994 308 140 847 693 973 637 1057 217 119 1057 770 49 483 70 805 903 833 623
1399 1407 981 1122 98 1082 959 23 135 847 995 543 247 136 273 995 500 1107 409 808 700 877
1091 1109 542 671 345 697 821 346 372 482 445 738 450 911 53 1073 423 460 304 400 823 298
427 1380 1118 369 1051 1143 529 783 106 561 981 1021 765 723 898 985 21 171 615 40 963 307
596 596 412 68 34 12 503 29 447 998 589 490 109 38 435 633 408 730 835 28 781 592
3532 3544 424 1106 1094 220 953 221 1131 1111 628 194 135 184 326 483 347 213 1142 920 386 282
2664 2681 563 1142 224 89 851 180 1083 663 442 241 549 364 165 431 410 676 770 598 81 681
141 210 1095 384 440 841 235 420 103 831 326 14 668 56 590 1065 993 413 812 434 682 760
4048 4048 418 624 658 647 427 1052 947 331 964 1116 25 379 601 465 401 107 968 105 146 636
1869 1870 887 363 1114 646 537 366 1133 56 786 499 913 484 930 49 214 367 970 527 1149 1150
486 519 930 871 1008 917 797 532 969 891 1025 1003 259 863 581 1110 719 736 957 230 1022 752
2325 2895 983 806 698 69 384 965 1126 462 300 882 913 1122 1078 848 670 447 177 1106 436 600
3431 3431 630 1004 1056 357 703 202 1008 414 459 1030 341 663 120 826 420 113 233 164 16 55
2295 2305 501 711 907 1041 87 400 559 773 198 770 175 112 522 174 669 281 6 196 433 304
3215 3240 55 867 27 1010 253 462 696 1006 905 605 71 829 484 3 278 112 416 788 319 320
2172 4554 410 323 529 996 159 1149 465 777 241 116 986 429 285 806 755 278 794 892 6 1147
2771 2771 896 220 749 89 1070 456 76 114 619 437 612 329 755 284 784 913 333 756 1028 813
1886 1893 563 332 981 731 206 103 468 251 793 81 84 292 792 87 1088 339 218 901 233 609
1932 1962 259 416 486 242 274 556 281 642 194 123 646 460 635 1100 94 353 1113 493 530 178
1207 2907 771 686 737 633 801 277 112 903 952 107 946 961 1040 1027 542 480 106 304 722 726
1899 1899 282 1088 711 1030 1031 549 148 46 143 222 1139 825 40 557 897 851 473 214 734 591
3241 3245 820 1021 330 221 429 705 602 10 354 147 227 274 235 502 853 1056 934 527 28 1018
3120 3125 276 503 1127 664 788 649 480 856 469 1154 664 900 252 339 398 137 800 598 302 116
1084 1994 76 772 560 628 58 1019 568 320 429 551 617 564 205 511 356 845 140 827 374 1126
3388 3388 921 1029 252 1047 1029 330 825 297 1026 567 159 1059 975 843 81 1059 195 201 300 111
4301 4316 945 405 1125 885 210 465 765 450 90 1035 870 1110 825 660 180 1035 150 1095 915 570
1535 1558 1002 118 111 643 801 1118 410 584 913 1108 43 232 959 282 805 666 663 128 1040 38
1484 1559 49 173 195 741 676 1134 571 339 713 223 854 975 421 741 906 920 523 971 936 676
1546 1546 694 141 1030 719 253 58 3 776 834 561 1036 157 600 1139 719 102 216 1107 170 857
271 273 0 0 0 0 0 0 0 0 0 0 0 0 0 0 0 0 0 0 0 0
1448 1453 925 107 253 989 281 158 944 301 407 84 930 518 553 988 855 329 433 901 978 519
987 2256 884 232 288 265 582 761 1153 227 564 337 133 722 767 767 672 1045 172 716 824 767
4771 4771 0 0 0 0 0 0 0 0 0 0 0 0 0 0 0 0 0 0 0 0
4286 4294 473 155 748 883 226 7 616 972 163 76 965 276 543 359 600 1020 227 836 367 442
1735 1739 965 70 862 292 165 798 109 827 863 281 1076 1082 942 407 1109 488 577 968 70 46
702 3832 269 85 255 994 806 1023 660 132 1042 145 85 659 971 262 503 519 959 359 318 589
4498 4498 1040 225 895 477 195 694 599 57 915 276 757 614 1029 736 637 755 559 240 564 768
2510 2516 923 634 491 358 144 1110 454 690 25 1079 1107 297 991 797 1022 1112 114 248 182 1004
52 74 200 608 727 427 747 631 979 321 1048 174 634 65 504 457 112 648 170 798 865 1107
763 1080 0 0 0 0 0 0 0 0 0 0 0 0 0 0 0 0 0 0 0 0
3075 3075 263 419 623 292 751 697 687 947 313 449 713 1110 551 742 317 1057 157 960 743 269
3518 3529 104 938 928 483 1140 986 475 155 518 41 798 861 320 18 604 351 832 169 967 403
3324 3328 242 110 634 853 87 802 274 876 318 818 410 233 865 1088 336 981 391 1149 1133 1026
1215 3210 563 280 740 163 604 927 1000 656 730 720 78 431 453 82 136 889 1002 981 55 10
2726 2726 0 0 0 0 0 0 0 0 0 0 0 0 0 0 0 0 0 0 0 0
2698 2702 607 696 145 473 921 1076 222 854 1033 88 661 426 464 810 212 964 641 729 305 1061
4350 4363 273 517 280 1034 321 374 1 98 342 595 1003 373 652 528 659 610 972 171 799 409
4293 4989 606 1150 274 20 785 394 347 41 639 587 535 833 32 381 711 173 114 720 800 572
4166 4166 0 0 0 0 0 0 0 0 0 0 0 0 0 0 0 0 0 0 0 0
337 356 347 42 130 258 341 72 867 840 460 90 619 918 195 1107 338 673 323 782 862 836
3028 3040 940 444 849 152 478 247 238 47 94 781 527 264 388 117 1018 662 616 263 977 727
1190 3123 706 195 489 481 1133 972 630 1010 565 16 190 708 866 940 30 869 271 948 808 1036
4409 4409 158 347 521 849 258 735 410 949 528 578 407 520 123 405 863 465 631 487 899 138
755 757 346 1092 1016 270 682 798 1 1117 840 286 970 1081 219 384 355 906 1063 546 857 770
2295 2311 814 1060 604 700 1066 890 230 175 131 1039 1067 836 1064 916 309 798 768 496 1041 897
726 1214 834 552 853 729 114 599 424 308 1143 417 1097 772 461 14 173 612 893 14 789 1083
1235 1235 273 489 960 1036 15 439 508 624 910 316 543 639 214 1119 966 861 72 1099 381 736
3419 3426 963 449 702 1093 687 1 1122 848 175 537 792 619 601 785 856 459 817 1054 179 247
2407 2439 1026 436 277 806 181 811 949 24 500 637 395 1024 341 918 347 756 329 105 624 641
1538 2406 407 326 747 793 650 701 786 684 600 75 175 776 948 483 495 911 728 600 901 43
3321 3321 284 67 787 876 314 506 1136 918 489 416 882 615 281 100 963 846 839 396 456 869
4124 4139 1044 1011 930 312 522 177 414 42 291 717 48 1113 372 744 1140 726 876 1122 1026 939
214 237 53 516 797 1027 486 1150 408 771 644 839 737 1059 1153 791 849 843 383 68 478 306
2079 4734 403 1068 913 539 201 438 186 549 1024 981 447 845 432 748 1118 840 472 1045 872 734
378 378 771 426 45 660 261 1113 921 315 1008 1146 180 564 510 513 516 717 78 780 357 93
4474 4485 500 245 241 26 841 614 180 1102 915 886 238 486 705 884 894 241 750 896 32 328
1759 1774 835 125 384 325 950 678 91 411 790 402 1065 681 77 767 852 513 887 506 118 684
772 1205 681 159 852 150 819 885 612 315 813 63 933 171 48 777 273 147 606 435 222 759
2041 2041 0 0 0 0 0 0 0 0 0 0 0 0 0 0 0 0 0 0 0 0
872 889 1096 71 343 381 930 454 680 194 252 76 255 960 192 198 609 466 884 692 943 1044
2706 2725 649 468 874 525 359 1111 557 967 393 588 484 582 1068 680 1130 607 420 448 521 58
3597 4165 330 827 930 143 684 101 904 1027 437 1132 45 626 1143 507 780 927 851 739 555 795
667 667 547 125 862 424 558 55 1008 318 20 593 99 308 39 955 864 213 976 771 557 909
4041 4041 945 960 1104 828 609 684 27 948 225 702 597 570 237 96 969 1113 906 666 639 279
1077 1103 903 730 321 269 615 394 700 452 902 888 538 937 950 638 1075 83 130 140 284 548
424 1745 657 354 197 667 1047 675 793 189 793 897 1099 491 877 113 614 961 757 572 577 765
4315 4315 0 0 0 0 0 0 0 0 0 0 0 0 0 0 0 0 0 0 0 0
2504 2511 470 853 750 158 818 472 247 452 1057 394 147 37 393 233 731 724 355 25 656 971
1133 1169 447 931 449 432 703 118 93 90 26 222 689 1059 257 583 828 618 604 747 890 432
2553 3158 509 688 71 535 2 165 566 888 381 1070 660 540 400 660 664 902 462 461 11 1048
4656 4656 452 556 217 836 1127 266 1039 570 507 406 949 815 923 13 968 40 857 604 91 965
4289 4300 142 83 785 540 131 35 505 1026 647 367 252 340 351 20 730 577 704 986 1016 7
1453 1456 251 329 334 933 1031 100 1153 806 621 329 9 1113 1126 797 161 554 924 175 927 25
2477 2607 11 436 339 849 1142 73 470 894 891 821 635 919 27 720 197 931 228 439 748 350
315 315 695 858 245 655 313 193 64 78 330 944 209 525 207 149 1117 370 193 598 875 393
496 508 1040 355 27 792 722 736 68 1005 27 705 909 379 167 295 393 30 210 449 87 98
2026 2059 721 316 280 1005 412 1063 506 1058 532 939 240 650 778 409 80 225 1083 890 1151 734
1791 3664 1022 156 804 1005 83 908 1092 1004 1105 330 51 80 1029 547 34 620 897 346 961 655
4143 4143 495 698 335 557 394 87 374 1144 537 777 143 259 770 552 923 748 334 1116 343 52
294 295 922 245 1149 667 215 1101 531 896 1148 714 112 922 1103 1053 487 747 492 642 1055 16
4272 4311 173 58 997 913 624 819 187 15 1058 1102 454 792 756 402 1105 148 339 138 751 883
212 399 780 1105 916 346 654 774 697 1077 441 267 1120 199 458 650 582 503 735 1020 69 71
3492 3492 220 330 770 935 385 990 0 385 605 220 770 550 825 1100 825 220 660 55 880 440
1262 1274 165 1042 1020 1035 508 389 611 451 827 191 365 177 1027 474 452 562 333 422 840 1120
4425 4462 489 595 821 270 994 145 655 660 50 1134 1123 718 1008 709 157 1018 1026 339 92 698
1556 3367 153 101 659 968 1018 597 363 501 923 750 168 567 649 857 401 335 8 513 165 504
2873 2873 160 822 933 942 736 1102 955 523 858 861 75 774 897 172 701 676 395 392 502 650
4987 4997 457 68 116 998 981 174 683 483 435 574 207 413 958 456 432 781 1146 100 1009 482
2494 2508 665 541 699 505 1073 982 345 215 303 741 241 935 242 715 544 619 161 955 1086 39
953 4785 618 941 821 1005 406 1094 811 850 871 888 602 27 401 278 457 388 1134 1127 1026 683
3386 3386 0 0 0 0 0 0 0 0 0 0 0 0 0 0 0 0 0 0 0 0
2863 2869 1124 714 707 58 42 58 661 905 774 445 1109 772 188 748 162 207 55 654 178 1107
2689 2715 705 435 121 681 724 993 106 496 379 294 74 591 688 751 1119 681 210 432 662 196
166 4259 148 783 776 250 865 606 749 123 768 570 407 52 393 701 200 965 1107 272 396 1028
4273 4273 392 548 477 24 629 584 497 605 798 398 344 817 60 390 491 689 831 1098 525 1083
952 956 129 490 853 53 783 61 0 1072 318 917 318 409 205 246 345 109 1064 671 88 624
1253 1280 265 388 873 156 441 1023 998 1144 559 479 248 58 204 806 286 87 50 805 517 409
987 2700 860 950 107 731 1130 750 470 510 200 1041 647 1037 722 496 616 248 985 377 41 811
4429 4429 0 0 0 0 0 0 0 0 0 0 0 0 0 0 0 0 0 0 0 0
3311 3314 105 539 308 1022 777 252 266 714 1078 581 511 154 406 1113 196 819 434 1015 973 959
2299 2324 573 1089 750 429 120 615 324 1065 1023 222 114 711 915 1053 654 951 384 741 60 732
1620 3373 96 1101 669 735 1029 723 90 489 198 891 1137 399 501 276 675 183 525 240 651 1005
705 705 399 630 14 14 84 301 469 924 504 14 749 742 672 112 987 63 1085 1029 1050 483
1248 1259 689 934 708 1031 924 822 487 994 1098 552 193 903 855 860 126 79 582 962 1094 445
1937 1956 453 781 1031 988 248 1147 614 217 75 588 1089 392 762 826 621 150 872 1053 1059 378
2184 3596 796 13 899 99 862 37 1008 628 304 1079 892 1096 508 478 162 564 992 372 236 455
182 182 0 0 0 0 0 0 0 0 0 0 0 0 0 0 0 0 0 0 0 0
1311 1312 924 336 357 63 336 798 462 462 84 1029 315 378 273 105 42 231 672 336 714 1092
3921 3926 205 1065 10 150 1115 365 425 455 750 1080 1090 950 195 0 935 275 645 965 105 580
148 427 462 396 891 462 726 495 825 330 231 528 231 693 33 1056 363 429 165 132 0 462
539 539 897 1100 191 165 158 490 680 193 100 313 257 1130 1053 1083 415 349 837 1127 1073 958
3060 3078 597 53 621 822 243 431 1125 780 1046 336 959 343 148 586 108 152 786 791 207 783
2412 2420 834 291 537 660 603 1047 441 372 375 1131 846 375 354 837 156 849 87 1011 1134 795
3274 3286 723 146 59 768 444 111 868 1072 443 959 717 890 35 605 262 919 16 433 615 210
3427 3427 624 924 280 149 843 98 167 144 199 314 857 165 390 188 22 923 961 867 171 335
1473 1476 910 801 433 999 639 145 151 33 1083 721 669 153 61 645 760 1071 869 420 382 70
4391 4420 128 146 979 415 905 144 954 521 1133 242 1151 822 580 612 430 318 574 407 611 1038
359 1859 756 102 886 837 212 861 729 978 269 543 715 296 218 1124 1133 298 692 400 1084 484
2359 2359 0 0 0 0 0 0 0 0 0 0 0 0 0 0 0 0 0 0 0 0
3503 3516 912 120 380 67 919 821 694 609 619 954 1070 757 355 980 100 1038 1007 505 114 645
678 682 748 295 473 1047 614 473 1103 825 200 111 710 78 880 482 708 1077 270 606 190 114
55 327 1119 1075 628 917 839 867 461 495 317 982 23 199 466 312 804 789 100 996 585 412
2305 2305 0 0 0 0 0 0 0 0 0 0 0 0 0 0 0 0 0 0 0 0
2437 2445 1125 1095 900 1050 1020 675 1005 135 105 600 225 135 555 645 1125 480 1110 510 705 540
3609 3645 669 366 122 745 130 227 598 976 340 16 8 784 683 420 550 1090 668 531 705 1103
1423 4610 568 157 502 1106 819 572 747 476 670 379 996 376 44 492 761 1003 525 628 265 1061
1980 1980 915 513 303 984 162 816 621 786 345 1047 768 315 819 171 276 228 828 960 675 633
3648 3651 240 390 249 187 200 665 617 839 774 1103 142 555 56 851 1060 434 247 1134 179 136
4573 4576 751 800 606 1063 729 309 691 1004 703 1031 382 576 247 536 937 65 585 1017 921 688
4709 4838 568 942 315 841 381 632 769 629 1015 175 12 1135 399 322 388 487 834 475 525 446
1392 1392 990 132 88 99 506 341 242 847 792 22 737 176 264 110 913 847 55 968 616 1122
4131 4131 306 855 1031 864 1120 673 619 146 406 808 612 1122 705 1153 1057 269 149 1066 539 1089
2663 2681 165 1013 803 23 1064 171 1098 215 90 487 265 271 729 485 484 467 344 1073 171 857
2535 2801 598 730 551 332 1108 43 1111 19 640 434 423 1125 757 410 894 930 149 864 890 172
2656 2656 931 819 812 14 1134 392 1071 665 210 735 0 952 1113 392 1036 455 112 546 980 420
3883 3885 217 690 460 1003 647 600 635 49 16 313 313 1113 42 1084 22 155 863 458 260 783
94 124 837 51 889 736 433 25 80 828 766 1054 313 8 543 375 29 415 743 1131 833 761
1792 4394 309 568 569 22 887 499 380 1107 484 53 774 103 253 19 925 38 423 32 96 1017
135 135 45 225 195 795 1140 285 435 780 435 345 525 960 60 1065 330 420 795 660 990 15
733 744 1062 1010 1116 68 1114 346 585 541 259 636 941 910 196 778 831 1101 1087 820 891 226
671 689 781 765 368 690 412 1148 1035 840 342 100 138 909 682 722 560 471 1018 534 880 858
452 1017 630 924 21 315 945 1050 609 294 462 210 798 966 693 378 273 1050 525 630 84 126
1773 1773 486 705 255 861 1131 576 294 633 390 1104 540 1137 969 591 999 249 270 132 843 981
2542 2551 294 1013 596 76 499 1120 1035 786 160 725 682 582 913 943 122 668 733 445 902 240
4173 4186 991 153 991 1075 554 767 667 698 496 665 756 793 61 835 1141 338 17 607 445 475
3354 4883 494 615 518 572 874 915 28 838 791 70 372 1075 994 469 516 846 666 578 117 979
4333 4333 0 0 0 0 0 0 0 0 0 0 0 0 0 0 0 0 0 0 0 0
4356 4371 950 358 154 51 429 916 694 396 298 220 66 500 187 175 643 1067 998 1067 910 572
4187 4188 833 909 650 763 176 25 383 475 720 899 429 171 703 761 401 474 712 564 728 695
2146 3813 754 288 277 497 50 901 425 310 751 637 427 455 938 818 856 1064 516 466 830 560
4922 4922 0 0 0 0 0 0 0 0 0 0 0 0 0 0 0 0 0 0 0 0
956 975 377 954 1084 742 840 548 592 574 339 533 1019 1105 550 77 25 677 769 929 1006 151
848 866 1096 1029 644 12 64 794 655 508 688 912 105 993 145 73 848 1071 786 603 493 1138
1081 3968 825 74 140 1027 9 56 116 385 635 151 507 739 203 312 417 692 697 35 161 414
512 512 0 0 0 0 0 0 0 0 0 0 0 0 0 0 0 0 0 0 0 0
1573 1583 515 705 398 1143 932 714 353 705 364 599 1142 790 866 513 285 699 166 233 578 341
1450 1483 413 692 147 784 741 1150 179 207 296 273 142 724 482 1107 1012 757 246 35 654 570
201 1187 591 961 904 701 1125 898 297 993 124 995 211 750 548 821 352 622 1104 808 518 927
3490 3490 1077 387 592 129 72 1118 444 430 74 198 4 669 401 944 134 369 997 838 631 598
2048 2064 379 560 540 408 470 409 1042 514 604 444 727 335 1 231 479 104 761 770 927 291
2632 2656 801 684 92 450 1102 639 237 1067 377 774 74 977 464 773 1111 697 907 133 947 868
250 2561 1138 248 390 1070 687 449 383 122 1013 1151 67 990 110 650 474 103 412 299 254 1015
524 524 642 1004 715 509 826 966 281 68 829 536 279 614 347 986 451 583 983 986 587 280
2189 2207 25 964 1063 719 1081 220 528 412 965 236 709 318 390 376 358 807 667 804 597 175
3960 3979 423 120 3 390 831 921 945 405 159 927 987 1017 267 1104 1047 366 807 222 909 687
472 1203 105 660 648 192 843 753 1077 924 219 705 1092 1131 48 183 174 762 402 675 15 738
617 617 510 195 1015 170 540 1090 610 1105 535 885 1130 630 285 205 1000 5 795 595 710 585
3823 3828 338 67 618 812 638 752 435 378 1040 735 763 787 438 44 595 225 836 1003 329 208
4989 4989 5 1124 804 128 382 505 769 1129 424 937 372 205 718 201 261 1124 712 135 336 188
3201 3770 29 459 407 489 117 1064 300 485 906 151 1143 235 94 112 841 1143 1125 538 510 936
2266 2266 310 1043 928 373 803 957 601 317 342 342 551 369 765 215 1093 33 110 9 349 698
1625 1628 818 1036 803 707 258 52 788 168 619 216 1043 36 215 573 978 464 401 94 763 869
4877 4883 146 1083 25 822 333 203 365 752 329 111 316 44 860 330 13 495 347 96 496 812
863 2291 207 739 211 1005 423 392 598 291 100 792 28 1104 1117 425 328 557 742 92 998 419
2555 2555 627 438 1143 525 597 120 783 27 486 930 849 1059 135 12 678 1008 1062 537 384 879
438 438 291 1102 410 1063 870 231 577 248 221 839 163 311 1063 987 951 2 645 54 70 1003
2142 2177 291 1127 25 485 942 619 273 1030 328 417 730 1132 871 350 418 75 740 540 236 859
2009 3665 49 499 393 789 962 158 507 495 679 905 98 838 12 453 1100 723 650 1083 23 430
4859 4859 799 17 710 121 862 449 1117 687 419 928 208 1000 317 827 78 540 1112 55 482 848
645 659 220 1000 13 246 981 653 629 1059 1044 71 922 975 871 274 987 540 828 132 845 681
4134 4168 589 575 403 813 935 1014 1049 422 1132 378 151 561 432 749 842 35 896 1009 1076 878
705 1106 127 912 63 154 1125 436 252 42 796 904 887 379 353 598 897 594 329 667 207 491
3301 3301 0 0 0 0 0 0 0 0 0 0 0 0 0 0 0 0 0 0 0 0
3361 3363 0 0 0 0 0 0 0 0 0 0 0 0 0 0 0 0 0 0 0 0
2115 2117 867 776 975 502 279 381 779 86 883 730 833 54 410 908 1046 574 425 694 114 513
1529 3077 110 975 361 1043 973 943 1154 381 134 713 883 98 783 107 505 40 477 253 1135 330
2558 2558 1004 157 479 1079 1077 82 235 1049 18 258 33 31 88 545 958 767 717 969 300 572
929 945 1100 607 510 425 1027 433 54 1073 443 637 891 765 317 380 866 287 557 164 889 439
2338 2359 1102 726 893 495 652 146 775 803 202 853 895 83 317 379 914 938 466 232 640 738
15 51 1025 408 17 321 819 577 72 1124 223 123 462 322 470 271 254 905 883 900 400 2
1300 1300 266 142 810 612 961 1061 904 777 993 908 1041 399 591 604 627 700 563 35 70 258
961 969 975 940 95 860 385 375 485 390 780 855 670 170 1115 45 180 840 345 590 30 945
2751 2762 1149 740 118 322 121 1075 1022 103 639 415 789 720 257 508 538 583 1060 479 52 212
350 4058 125 1086 1112 1028 327 831 349 916 509 411 87 80 346 154 525 1151 980 303 1099 385
472 472 1095 1113 825 36 1089 648 129 6 564 654 477 1089 843 540 1149 948 396 528 105 696
1099 1108 694 434 448 997 825 204 476 903 880 816 953 178 9 4 824 383 526 1111 971 567
2915 2947 648 728 578 861 1075 1130 1022 701 785 464 870 1055 231 20 539 398 83 178 857 725
2424 4087 240 512 985 595 1017 789 606 246 681 66 230 765 245 870 545 60 133 668 883 934
1222 1222 33 259 54 931 1104 746 753 662 229 1030 344 668 355 1154 688 427 237 1133 734 831
2256 2265 904 269 49 470 1079 746 826 747 1151 616 972 0 910 1089 1051 473 740 631 769 350
4615 4627 714 729 1001 365 865 781 2 933 452 235 81 678 690 275 1099 580 19 114 872 1056
118 914 172 322 53 519 674 671 1078 1004 564 763 906 1027 934 670 58 634 613 949 905 520
4864 4864 599 513 1051 155 297 913 56 479 810 588 793 375 347 1068 592 772 853 759 201 347
1285 1294 593 91 1108 392 876 448 278 741 948 327 60 362 241 104 861 1057 10 932 1010 62
1885 1923 1096 674 879 1134 703 521 746 428 775 589 213 826 492 522 447 421 1020 836 486 1037
3788 4706 629 159 325 170 35 254 705 1012 915 494 758 201 445 1076 489 616 544 1090 364 829
4814 4814 853 323 867 1006 366 1153 925 887 542 373 792 4 864 187 1039 62 301 1023 946 543
4695 4712 42 456 69 232 1049 104 752 1149 659 771 229 892 205 575 975 859 336 312 758 586
3296 3327 47 584 858 643 816 530 152 1136 850 312 1142 176 458 604 1132 571 603 375 557 1139
440 4882 754 705 637 748 342 218 107 196 346 681 1007 899 341 465 925 738 1004 564 320 932
2778 2778 69 260 19 805 997 534 4 512 760 853 746 619 760 316 823 243 601 368 307 963
3282 3289 902 937 588 551 760 168 1100 52 80 1150 443 1049 649 693 147 450 1113 773 488 855
3286 3305 885 562 1058 686 937 957 1120 53 114 700 926 726 655 848 856 956 630 810 258 877
800 2072 408 892 584 711 1154 282 977 317 344 914 713 556 379 503 328 827 779 1073 931 120
1625 1625 398 157 393 488 610 997 101 536 662 146 427 951 174 64 79 909 476 1141 747 969
1343 1359 1137 1071 107 18 895 7 352 584 738 982 1008 453 864 736 282 1104 496 84 571 547
1632 1669 386 779 967 1102 516 827 165 322 1096 716 969 1148 670 552 464 147 811 477 243 731
77 79 888 9 56 100 1031 1096 732 1012 820 140 876 504 1060 1000 680 600 1044 631 871 546
176 176 0 0 0 0 0 0 0 0 0 0 0 0 0 0 0 0 0 0 0 0
1621 1629 827 192 719 889 1052 356 198 309 238 653 886 441 714 229 298 467 436 593 667 178
1455 1492 33 889 774 156 147 269 629 512 603 861 818 374 68 505 791 556 208 516 981 561
950 2797 855 672 546 300 432 441 276 519 255 741 498 354 894 954 504 15 735 720 396 849
3139 3139 72 228 355 91 1056 1010 231 497 886 593 738 959 517 101 477 607 994 1026 1054 366
4050 4057 535 23 950 241 541 219 397 864 302 1118 1058 975 414 414 934 819 681 1077 703 598
3547 3549 17 331 641 294 661 521 1081 185 1006 808 581 114 636 753 673 126 222 426 477 598
489 529 322 436 1072 838 122 242 508 888 379 93 176 562 11 665 1080 607 413 144 480 1033
4128 4128 585 772 310 525 276 724 1035 496 528 962 271 913 299 239 922 1147 961 1059 1120 616
4257 4272 466 287 659 605 415 812 894 1073 468 286 266 201 1055 564 930 649 707 456 194 259
3010 3043 719 53 813 815 857 1060 988 34 498 593 129 580 930 1080 81 869 45 858 190 52
1926 2221 393 739 789 652 974 359 858 801 171 431 693 972 916 56 895 31 226 549 1082 825
378 378 869 594 605 660 429 462 1089 770 77 649 110 781 825 1122 1034 143 407 220 308 1122
844 844 392 385 112 637 805 287 1134 686 966 819 112 133 686 427 1050 1043 455 1022 462 308
4109 4143 9 757 1062 60 666 912 346 282 596 326 719 818 214 760 662 232 29 181 495 1046
1059 4590 1114 513 631 983 708 249 918 600 76 280 1107 195 1036 676 289 747 618 560 135 890
3203 3203 866 152 361 611 339 1097 602 205 625 287 943 1122 238 368 435 1130 1028 375 912 269
2478 2493 350 175 175 735 735 490 630 210 70 315 1120 490 210 245 245 875 280 385 105 630
1569 1596 941 905 556 475 493 931 200 274 459 367 780 190 519 928 124 854 740 1000 634 513
12 1897 835 585 464 733 757 1071 312 1117 950 276 429 522 511 612 447 1011 887 851 905 828
3788 3788 0 0 0 0 0 0 0 0 0 0 0 0 0 0 0 0 0 0 0 0
3185 3199 327 156 948 414 1035 396 537 291 1011 972 936 48 810 1017 459 690 585 375 927 177
2875 2882 111 594 903 495 411 960 102 663 636 903 309 276 732 867 219 678 870 702 186 120
1829 3607 1123 554 1101 507 1056 722 951 86 354 109 447 1089 1077 957 616 134 826 1073 457 658
1788 1788 985 745 1065 70 1055 585 95 265 275 560 815 165 685 175 775 515 510 1055 285 535
4857 4872 164 881 86 724 576 283 550 1099 765 1016 501 497 601 763 358 907 530 834 411 669
4880 4905 1046 838 125 642 41 1055 1108 1122 183 909 909 1064 491 462 197 794 18 315 120 153
279 1438 446 927 196 249 731 669 98 402 173 458 594 806 833 884 874 922 854 975 803 737
4433 4433 99 396 1056 231 693 561 99 924 990 297 792 759 858 264 132 462 0 924 957 924
3891 3906 260 98 972 928 390 235 1067 135 210 156 1068 403 296 986 144 585 577 231 772 396
1112 1144 991 1092 974 547 204 955 18 379 846 951 404 380 26 985 494 500 140 576 186 861
26 208 576 184 299 618 819 572 644 10 1046 579 755 463 703 290 714 993 87 753 326 165
3090 3090 801 460 940 290 1074 903 612 871 559 218 842 736 838 709 870 322 183 378 123 822
166 180 583 1023 14 1034 679 1016 262 714 238 713 803 31 781 831 1058 363 583 225 182 524
3908 3925 34 621 285 630 124 262 169 177 646 527 321 154 242 827 678 1 299 865 480 396
1691 2500 181 1035 853 1068 590 432 477 59 447 171 5 295 797 37 524 55 37 531 897 874
736 736 737 902 1066 1073 677 682 1102 954 512 498 842 169 56 195 975 403 373 1144 294 693
385 386 347 1108 1031 44 1092 1035 858 72 1057 470 680 876 653 683 584 129 498 181 1000 1001
3923 3941 1066 186 1 746 817 966 865 877 767 843 916 324 299 338 956 283 20 390 743 65
466 1146 65 908 844 307 154 216 236 725 1046 138 1078 753 1092 264 830 124 72 355 97 489
2747 2747 760 1097 613 1024 332 1115 537 677 474 488 687 815 201 51 347 61 219 913 130 1109
2796 2807 593 1112 123 225 1089 543 702 203 66 1095 954 1102 621 940 352 611 460 827 306 809
448 473 514 986 787 264 1106 677 640 164 1022 647 321 823 554 389 69 700 642 126 423 985
240 326 805 742 480 932 1128 199 344 538 676 734 1015 376 973 509 520 1074 213 110 413 997
3685 3685 0 0 0 0 0 0 0 0 0 0 0 0 0 0 0 0 0 0 0 0
1430 1445 771 18 155 215 467 285 761 445 504 870 682 741 799 658 773 217 99 949 848 966
3382 3401 1005 1130 427 956 517 994 39 299 788 757 80 778 837 824 934 4 584 1152 256 4
1544 2485 769 339 1127 1100 769 136 1053 664 220 543 192 571 190 339 53 1071 919 753 762 455
1019 1019 343 632 623 129 525 1113 273 703 782 333 227 859 401 847 70 796 97 990 592 180
1600 1610 953 130 1025 504 720 966 724 600 59 336 549 996 665 171 899 604 1074 344 1079 686
4612 4613 492 202 802 638 370 746 434 135 575 122 86 783 227 185 579 654 623 727 255 445
480 701 954 540 468 915 15 498 9 165 330 1116 102 282 732 1035 462 1017 795 708 960 975
3700 3700 181 203 174 764 11 1117 363 314 725 377 489 113 570 356 528 852 640 380 257 952
2852 2855 820 684 1154 409 620 472 491 324 1085 82 1148 648 1071 1009 1113 614 572 498 280 391
3575 3588 1056 316 116 633 104 580 707 408 753 116 978 794 420 104 524 47 768 778 108 205
596 2013 244 705 979 312 457 2 168 1114 1081 856 297 829 992 92 1067 533 440 539 164 160
4396 4396 122 37 650 831 300 410 661 1123 434 30 773 738 1135 604 90 504 986 849 936 762
3600 3616 442 385 1038 649 678 669 407 1057 377 281 844 369 77 1071 581 323 61 823 309 97
577 589 977 957 268 1005 1005 834 552 484 164 760 317 1043 828 532 1003 673 158 593 626 737
970 4152 1149 23 220 615 941 125 120 1077 727 485 525 864 446 895 445 1049 245 27 927 613
2816 2816 820 340 999 556 656 963 824 719 1073 45 447 1068 367 556 84 237 760 520 993 1047
3455 3466 528 265 1057 748 792 98 407 1018 1072 702 830 800 848 602 437 824 162 1003 948 755
988 1015 764 536 368 836 729 1132 443 1052 376 936 546 207 1063 42 577 250 99 8 715 156
1061 1693 726 237 817 644 793 758 646 638 1080 1059 594 532 1148 142 843 950 377 648 667 223
4874 4874 980 684 440 698 796 63 601 1106 778 696 160 997 93 425 966 584 270 947 768 556
3755 3764 915 90 1083 228 1095 42 600 999 774 696 27 405 78 285 633 1107 816 381 759 327
3986 4003 85 550 565 241 1078 137 830 925 1039 610 910 631 29 1055 647 475 25 72 1045 34
2429 2672 757 1118 896 131 168 954 899 695 1154 437 395 172 863 605 793 869 211 864 1026 969
1676 1676 978 708 350 862 588 15 208 1135 465 85 452 266 1055 328 1038 525 329 649 98 715
1873 1876 427 946 586 419 820 447 90 1081 822 484 572 299 161 712 867 5 390 881 653 796
627 632 953 985 848 485 903 529 314 818 381 438 568 1137 194 868 32 166 197 204 805 1103
389 575 1086 88 563 408 265 277 143 954 448 288 953 888 835 320 944 1034 274 641 495 1083
187 187 206 154 222 243 595 939 478 666 460 1064 786 313 562 231 752 1011 487 1085 1040 136
791 801 1065 461 1043 721 688 25 273 253 110 1153 934 288 322 630 730 226 938 563 744 824
2389 2406 479 948 624 362 959 8 604 198 598 1099 995 118 671 1072 1118 793 19 727 743 803
118 853 125 372 915 1130 99 1009 921 729 4 906 54 150 1045 967 76 182 941 188 301 402
3909 3909 505 885 75 215 70 595 820 770 210 885 580 1010 265 295 125 515 575 555 1015 15
449 452 1001 824 455 739 618 963 876 221 531 107 397 145 262 955 1008 805 592 566 148 294
4357 4360 215 113 721 796 1041 1043 242 838 922 463 139 257 1093 96 896 1117 780 518 890 453
101 4685 767 222 1084 2 6 376 668 674 392 866 872 1086 1049 49 254 253 303 620 853 340
1294 1294 748 1046 711 509 1107 770 254 652 318 206 200 461 827 997 632 139 425 590 879 292
60 75 627 387 695 129 745 728 876 398 753 121 784 415 740 1122 1113 112 508 1111 217 493
2411 2449 360 330 825 286 721 1154 1070 61 738 665 908 689 706 900 792 964 81 91 493 287
850 2344 393 726 582 984 446 1146 72 919 1040 109 107 547 987 794 539 16 566 112 452 110
4047 4047 413 98 137 547 93 603 1105 367 987 66 1069 934 302 532 332 1149 1004 629 774 639
2106 2124 110 266 759 1071 123 108 1041 569 275 1097 482 1062 251 434 721 627 580 275 53 254
2438 2464 237 439 898 225 312 266 762 1148 899 630 460 1086 787 322 924 532 402 1138 902 137
1599 1941 388 1139 479 553 60 638 1047 659 1019 1147 693 114 598 888 648 435 477 584 337 641
1398 1398 500 284 491 854 790 961 618 1146 1109 665 14 1116 25 1120 221 728 754 807 172 46
545 559 1055 49 409 772 1125 955 769 414 831 65 169 60 911 159 412 68 28 158 480 987
2320 2352 195 506 700 614 556 1095 720 507 162 280 986 317 373 1034 859 163 846 263 753 176
685 4427 17 139 136 485 575 77 805 887 512 296 992 253 926 690 1145 702 688 498 4 515
4021 4021 0 0 0 0 0 0 0 0 0 0 0 0 0 0 0 0 0 0 0 0
2095 2107 455 237 613 674 377 322 27 232 439 1031 556 404 802 409 866 1065 714 962 169 204
4982 4998 1085 287 990 1153 1061 1145 1048 401 605 530 793 638 1001 648 488 54 125 1103 968 356
297 3862 587 209 405 1093 729 522 81 542 335 1013 188 191 1123 784 299 234 67 0 955 900
4409 4409 429 1144 319 319 957 330 638 506 770 22 913 55 407 924 814 869 1067 253 726 121
324 335 255 1071 677 1069 552 179 526 251 797 1079 590 1062 1079 102 636 188 374 420 900 702
1941 1974 1104 793 129 1041 398 372 654 433 541 674 721 404 622 156 1028 459 904 45 1104 953
1144 1477 153 701 145 963 270 211 408 131 1076 64 418 583 1028 740 512 41 1136 236 844 251
84 84 124 702 541 988 1104 172 949 775 430 477 1085 330 115 90 19 59 879 187 199 543
497 509 408 291 8 661 232 496 27 190 29 837 1077 351 426 840 594 764 666 933 890 274
4420 4448 742 100 612 327 226 90 901 574 706 545 1095 301 1096 677 528 567 884 746 616 186
3607 4063 515 62 913 496 821 649 275 951 643 348 674 373 828 472 480 869 100 1119 604 733
3941 3941 298 682 1127 721 140 621 4 513 832 412 263 1119 919 110 915 428 39 268 160 382
513 526 676 320 20 869 429 1141 448 183 535 231 650 9 216 642 339 226 519 280 126 623
3206 3237 1006 48 778 156 62 904 143 875 148 342 147 231 157 52 549 826 679 119 272 141
1168 1843 981 499 368 751 913 257 261 735 749 57 867 1028 926 768 293 660 1152 158 876 639
3782 3782 0 0 0 0 0 0 0 0 0 0 0 0 0 0 0 0 0 0 0 0
127 131 743 305 242 329 503 1049 943 846 815 569 112 790 430 1144 53 206 289 436 694 658
4771 4791 692 657 1038 483 299 133 891 633 743 975 347 826 998 1095 599 1047 862 1084 220 354
476 1820 915 949 635 908 1126 712 987 556 110 440 704 312 843 988 499 585 98 596 200 783
875 875 253 1005 917 59 109 540 564 648 1144 719 789 898 989 143 1109 913 315 392 406 995
36 52 186 54 679 382 688 986 1048 490 671 981 486 695 770 121 818 716 415 572 20 767
2850 2871 427 650 862 1114 980 104 206 111 733 440 717 295 642 568 799 1136 478 862 1037 948
851 4048 1136 823 1065 79 153 910 1140 268 111 988 896 361 249 662 839 127 354 295 353 801
3710 3710 0 0 0 0 0 0 0 0 0 0 0 0 0 0 0 0 0 0 0 0
317 330 492 120 418 584 84 220 368 568 1006 67 67 516 199 816 669 538 361 15 420 654
1960 1984 460 560 982 127 207 887 560 306 1149 608 4 1111 441 786 984 703 908 1091 1016 168
1856 3257 207 83 663 610 510 1120 734 948 939 900 301 467 417 806 388 1041 863 70 468 901
1565 1565 1145 770 770 903 493 180 292 77 287 1031 757 363 496 1025 605 1118 993 1135 1113 837
2054 2063 153 1150 422 286 548 562 251 833 801 263 855 416 195 249 605 3 253 808 934 780
1662 1665 1138 408 902 80 674 946 527 1088 1105 441 190 568 437 711 590 575 426 872 360 783
426 4465 964 803 276 222 845 715 1074 262 317 78 208 439 679 1046 1117 535 362 44 1120 659
4585 4585 0 0 0 0 0 0 0 0 0 0 0 0 0 0 0 0 0 0 0 0
3190 3201 254 547 429 799 182 1148 930 937 405 118 514 1105 1082 992 527 1043 477 496 788 793
1111 1133 0 0 0 0 0 0 0 0 0 0 0 0 0 0 0 0 0 0 0 0
4292 4802 447 892 33 212 598 876 791 903 562 272 155 1045 226 893 1054 1049 167 446 708 786
2196 2196 300 170 105 140 625 535 420 195 45 685 480 1095 1040 970 1100 755 185 795 25 330
4793 4809 0 0 0 0 0 0 0 0 0 0 0 0 0 0 0 0 0 0 0 0
836 861 981 418 219 434 904 917 1126 973 1045 558 347 642 261 14 64 350 412 810 1087 1081
1219 1382 852 969 632 664 808 412 1129 993 310 611 231 824 1029 1051 1140 25 619 589 521 162
1594 1594 915 907 129 809 769 380 524 225 32 1111 843 106 891 887 1074 495 630 931 334 353
1673 1677 520 694 1082 861 575 782 904 93 328 622 398 520 786 1051 179 823 650 127 998 211
1273 1302 39 197 344 686 890 81 619 880 679 977 338 245 364 1110 1088 603 49 250 467 1019
22 339 678 899 785 984 1018 306 1107 811 462 44 168 231 783 498 960 761 264 621 701 1099
2488 2488 448 530 398 785 533 10 1084 29 562 1154 1146 730 303 762 821 880 396 939 191 393
4695 4699 11 636 301 200 429 965 38 160 586 1113 688 62 0 202 1032 129 807 361 160 941
249 256 382 874 846 598 1102 934 943 779 200 919 404 501 1111 218 265 702 936 514 1087 542
718 1021 518 593 757 585 301 869 1068 1002 674 17 202 905 59 1030 102 30 545 218 454 115
2304 2304 730 309 763 421 869 695 140 1098 1023 971 1154 788 606 937 865 74 874 179 536 883
4708 4711 327 807 1129 1013 986 1050 274 671 284 1007 1083 214 398 649 1124 641 279 441 390 159
4026 4029 1093 1146 748 451 207 235 919 224 390 538 103 210 1132 198 590 1079 691 733 190 1105
481 1698 106 843 343 470 329 184 112 547 1138 925 70 188 917 877 1021 620 469 889 678 796
2848 2848 118 109 911 858 842 241 980 59 773 796 612 707 597 661 1013 534 432 90 1082 325
1052 1057 339 845 520 136 172 209 238 901 1036 92 356 222 1010 457 750 332 804 104 432 505
1945 1948 259 301 695 1086 438 658 1009 280 823 544 749 1108 218 236 2 194 108 150 745 100
368 442 460 949 206 506 803 516 1048 249 934 1050 527 821 339 315 76 356 150 257 824 362
3121 3121 0 0 0 0 0 0 0 0 0 0 0 0 0 0 0 0 0 0 0 0
1018 1031 48 633 360 1006 239 686 915 410 757 1028 1053 82 678 1034 1054 58 766 51 489 761
36 47 155 9 645 463 665 969 232 800 987 813 656 216 614 592 830 1028 666 630 282 571
673 851 252 329 518 945 721 294 35 1071 84 217 301 980 742 273 259 126 763 483 938 91
1283 1283 1071 259 581 707 350 742 707 938 91 623 1092 1078 77 952 791 987 770 308 630 686
1978 1985 725 753 226 34 693 450 991 468 212 652 1010 623 257 672 596 662 64 193 686 1100
4585 4600 439 926 266 804 113 667 517 981 1110 428 553 1005 119 312 542 387 251 265 749 1022
623 3841 140 35 385 210 245 805 280 105 1050 1120 980 875 875 560 630 945 350 140 315 595
265 265 740 15 273 1061 854 1025 72 310 610 629 533 674 138 635 495 230 1077 438 74 867
1547 1560 543 98 1119 1028 148 865 64 413 294 654 1135 514 618 674 765 604 747 474 542 272
4657 4683 570 1083 1078 491 713 242 99 32 457 643 350 658 752 12 175 183 505 699 811 204
4137 4229 868 16 951 1106 161 330 116 365 133 564 902 810 69 398 249 547 1110 540 649 617
3534 3534 140 625 670 400 434 674 981 263 340 234 52 217 300 401 460 744 11 284 1140 184
1550 1564 724 812 311 876 979 317 368 1134 912 416 225 1059 930 523 342 1046 233 905 292 772
2673 2710 1078 74 392 1121 440 428 421 1018 667 273 1086 557 399 14 179 965 737 495 402 215
2577 4764 682 378 318 404 433 956 84 926 190 64 876 652 445 88 212 649 1089 846 186 564
1926 1926 162 118 776 385 942 978 730 844 93 589 880 176 78 447 441 957 19 339 774 383
1882 1891 242 256 11 92 588 841 686 582 307 907 783 807 1074 342 1031 395 502 1028 725 1110
3438 3474 330 495 33 834 162 594 618 63 1011 603 636 972 483 507 111 246 453 1014 378 618
2292 4680 511 863 484 1121 924 125 425 1012 417 875 499 425 828 189 327 983 1072 806 405 729
1018 1018 1022 175 112 1134 1071 1099 938 532 231 35 1099 861 749 364 490 679 875 1092 14 539
2859 2864 185 766 213 613 696 599 709 551 483 9 1143 1044 93 739 2 895 205 382 621 755
3864 3890 253 382 488 394 10 626 571 835 413 50 532 963 796 907 585 587 53 127 386 254
707 4405 941 146 208 266 343 125 104 547 868 451 1089 578 246 129 307 424 914 1048 847 976
2891 2891 1049 489 265 529 735 468 895 869 199 1096 483 1123 39 539 179 941 67 770 1026 447
2666 2666 861 951 629 52 883 664 85 1109 775 1141 1036 696 907 831 1120 596 429 869 293 300
4396 4397 204 96 90 321 1023 315 651 72 1098 93 759 318 81 708 591 885 1134 45 666 741
582 912 648 1013 1109 171 51 461 1123 107 1070 1089 521 554 812 170 69 300 818 3 756 517
4755 4755 153 344 278 189 198 273 726 22 777 863 417 35 828 800 822 768 34 1129 366 305
1940 1947 936 805 616 798 987 802 136 507 80 12 361 979 854 1068 727 796 138 179 1133 699
3032 3040 450 1081 946 995 98 49 176 963 779 739 589 408 775 152 1068 689 1042 533 846 568
1196 1289 11 38 451 381 996 804 819 701 952 780 317 732 1074 621 651 276 931 139 103 681
941 941 114 760 402 352 39 815 473 574 315 269 597 753 282 1139 163 426 803 513 743 297
2806 2823 93 659 46 84 897 377 746 454 143 921 1085 58 244 707 585 977 850 225 692 50
1346 1351 161 461 447 383 1087 11 1063 926 6 268 562 526 1102 63 1110 270 602 692 792 398
1726 3057 293 888 113 1109 141 944 514 28 705 929 760 129 111 1149 833 490 707 452 443 691
1284 1284 314 828 488 1026 329 409 151 332 580 857 844 242 386 823 682 861 87 847 20 827
1302 1317 1010 520 461 604 374 1056 938 740 157 68 895 273 1082 450 377 809 569 260 764 326
972 990 185 910 1085 875 410 1150 136 52 516 771 141 1006 465 1063 833 857 409 1053 157 283
880 3040 154 414 1005 670 631 727 709 206 704 833 676 500 740 810 637 514 681 447 87 1125
2718 2718 705 1055 890 785 780 915 1040 855 85 90 835 750 1125 395 850 690 655 905 955 195
3496 3515 415 397 890 882 1135 29 190 1040 983 307 78 401 227 890 40 949 408 834 378 292
3821 3860 637 594 757 745 866 433 801 96 647 1113 768 508 365 1097 37 799 270 880 348 162
3440 4767 476 871 531 592 582 444 43 1083 733 1039 986 109 1032 1097 916 382 483 995 275 291
3286 3286 869 640 482 1043 741 677 845 910 556 1033 710 724 871 473 812 334 862 206 541 1044
3957 3967 885 1008 483 791 524 1121 435 17 761 397 253 400 969 248 587 642 1135 305 985 1107
1008 1033 1100 11 1023 880 1001 374 308 330 979 154 374 968 781 110 704 363 594 121 462 836
71 368 364 184 460 693 820 36 139 505 137 199 988 479 592 138 893 1101 263 860 701 536
3671 3671 468 234 197 537 649 828 390 177 704 942 443 745 322 124 703 876 1066 498 989 102
3255 3273 919 511 328 218 679 671 38 131 141 483 922 148 1063 1035 240 84 1010 924 656 763
482 499 1084 1057 618 589 215 1137 970 753 998 203 73 942 203 125 431 743 422 282 189 440
2136 4041 1017 117 611 27 53 139 330 768 293 956 938 502 1027 270 1067 1041 984 921 803 355
1823 1823 885 421 716 1016 38 425 1136 649 419 673 10 1059 452 335 726 1038 815 616 434 816
2927 2941 35 385 1120 525 315 805 245 525 1120 315 665 385 700 350 245 1050 910 770 1085 140
2390 2401 326 1144 60 257 678 793 206 303 888 509 1020 902 725 593 855 490 519 680 638 249
2420 2763 670 403 436 718 588 149 590 521 724 779 503 802 1001 119 506 261 760 894 13 1134
2024 2024 37 236 48 594 847 114 185 54 67 1015 896 262 1051 89 604 600 663 237 86 921
604 607 598 846 385 401 1043 591 233 895 230 499 696 930 11 819 401 285 374 1069 587 267
1392 1404 600 373 869 382 565 225 895 482 189 1050 735 613 594 253 878 644 671 973 721 448
4656 4898 1153 118 1039 106 353 947 1006 761 516 218 614 1021 938 232 731 385 1017 29 1004 1004
156 156 250 355 28 635 749 1120 375 504 369 1058 96 644 332 595 198 965 202 114 284 53
52 67 1137 524 466 38 714 325 507 1008 666 938 694 282 575 1104 397 479 1148 129 80 590
793 831 3 25 472 624 366 1003 785 323 748 244 614 813 552 1043 229 339 377 963 159 1072
33 591 1012 42 247 1147 700 135 171 1074 1088 150 829 381 247 233 740 14 376 892 196 153
4310 4310 230 587 187 915 962 716 950 1006 523 938 839 955 848 1141 858 152 579 560 713 940
4155 4165 789 763 621 230 552 602 631 1082 640 675 1108 905 765 146 1054 312 106 646 567 113
2435 2436 542 805 180 217 610 1004 307 321 434 71 669 280 728 830 636 273 596 872 1111 251
1565 1980 1037 138 130 745 993 781 534 452 825 23 32 276 73 1137 974 582 383 344 463 501
4053 4053 1115 637 548 639 281 146 557 455 536 251 479 573 343 868 886 358 958 793 465 449
1049 1052 616 1089 33 484 660 572 209 1133 748 0 627 253 66 737 187 154 209 946 22 0
710 713 544 639 536 758 324 652 298 848 1100 294 245 1056 998 624 848 89 15 270 3 1067
1981 2697 426 600 1151 18 911 776 675 165 463 296 7 612 1135 957 230 1084 34 20 478 865
1489 1489 10 563 636 376 1098 514 666 794 434 396 20 871 1065 70 834 464 500 461 191 709
972 981 536 1059 298 1123 952 588 722 613 668 219 799 887 1110 770 934 568 1098 830 275 404
2455 2458 1075 770 1000 15 505 805 305 955 1115 495 740 605 525 690 925 840 340 925 440 670
4 19 53 211 565 115 603 387 240 916 357 47 40 433 944 140 130 539 828 865 306 249
2602 2602 1122 627 0 1122 1089 495 1089 1089 33 1056 1023 1023 627 396 1122 693 363 33 330 264
985 998 290 718 187 1008 630 1050 673 1036 375 82 572 37 985 1104 988 133 292 66 864 772
4686 4712 186 989 411 247 233 308 834 175 250 555 78 442 904 702 1081 850 131 1130 535 408
1807 4976 321 221 1128 885 1051 1041 552 162 794 391 742 485 624 1007 745 647 942 206 227 1101
3713 3713 986 78 787 918 114 288 17 856 351 265 486 143 568 644 1129 699 225 1113 1099 541
710 728 38 180 149 1003 64 8 172 32 830 1039 503 299 112 899 589 369 970 343 781 605
4042 4046 766 93 734 168 1019 722 531 142 503 362 624 1138 1087 676 746 905 476 566 399 1154
412 1929 1054 507 414 1050 379 372 963 444 149 501 510 249 850 719 780 602 883 923 892 844
4120 4120 655 1095 545 990 245 45 1115 170 220 245 665 605 535 700 665 775 1085 895 345 1125
1892 1907 725 915 904 616 797 509 193 267 999 808 933 1141 480 269 1133 123 1148 978 952 275
2241 2255 132 936 940 783 1016 312 8 726 600 848 821 226 841 537 438 451 948 511 534 564
682 715 662 1084 547 906 20 229 390 1140 304 1077 461 74 149 1125 932 690 323 146 845 367
2582 2582 0 0 0 0 0 0 0 0 0 0 0 0 0 0 0 0 0 0 0 0
2388 2390 0 0 0 0 0 0 0 0 0 0 0 0 0 0 0 0 0 0 0 0
1150 1158 943 359 837 850 379 551 719 1095 358 777 503 316 303 996 189 18 687 28 8 304
260 790 1099 810 133 707 399 975 567 24 875 652 314 663 646 501 55 910 521 141 286 503
4164 4164 459 748 207 474 819 124 1110 619 49 826 771 1087 901 1139 491 558 198 817 152 515
4934 4941 248 287 45 76 403 663 425 898 839 752 1033 876 895 50 668 405 808 192 848 939
3156 3174 1003 239 502 954 534 771 668 240 752 415 781 1009 557 296 250 964 1018 930 994 914
616 1317 526 810 436 866 306 851 1121 715 956 994 925 174 766 723 395 633 258 479 608 281
432 432 735 855 780 465 705 375 300 420 1050 570 270 285 180 765 810 540 810 270 495 570
189 197 1117 634 464 639 779 1094 259 871 303 791 145 494 418 593 103 192 1 627 764 277
3805 3809 140 1036 524 283 1049 477 384 267 308 919 826 994 133 543 67 775 888 630 740 435
1402 4688 433 1099 870 13 389 597 408 82 355 763 571 250 450 827 1009 950 719 135 533 155
4578 4578 394 956 872 269 281 584 715 388 617 483 472 566 738 683 336 490 941 195 561 40
1755 1769 150 366 1149 1032 132 105 315 684 876 405 714 498 156 600 783 834 9 1107 687 741
375 383 1021 1084 438 776 610 1083 1043 1122 894 833 509 537 442 629 1044 289 640 853 1034 850
476 1976 586 982 479 1025 422 905 604 596 806 489 383 207 1052 419 173 999 994 683 674 852
2238 2238 837 1080 590 961 44 161 69 985 315 159 801 182 467 505 956 310 255 357 878 464
3716 3733 409 1134 1010 320 371 86 272 624 1052 741 120 859 1069 1012 995 917 88 979 114 450
3143 3174 1082 435 93 709 905 721 603 491 1033 469 646 199 1119 998 1148 455 404 95 1119 1009
830 4468 607 505 65 703 985 246 516 31 577 809 847 718 221 39 216 383 1128 263 119 453
2907 2907 60 575 475 430 320 1145 955 810 785 65 255 920 70 560 840 305 540 195 135 55
58 67 91 1018 1098 534 879 1094 330 664 806 49 404 451 737 194 649 882 1026 337 627 136
2783 2822 1130 305 299 240 1044 435 75 26 450 143 602 107 51 156 847 638 236 911 582 478
225 317 269 143 904 214 884 821 1143 649 185 505 154 816 584 917 389 985 978 0 14 1144
3981 3981 885 95 876 842 852 234 932 920 351 368 787 486 546 923 914 623 699 1046 620 634
4941 4942 858 627 726 165 1122 891 594 396 594 0 198 1122 1056 330 132 198 528 495 231 0
4243 4263 1108 254 678 673 886 847 905 1054 611 595 13 99 702 202 667 693 266 36 313 608
2104 3358 699 296 764 525 780 806 548 348 282 831 1093 5 950 888 850 675 13 974 531 892
1073 1073 1101 12 390 1035 510 375 222 687 1107 0 276 417 918 171 228 33 945 168 1128 660
134 145 1103 178 141 603 1106 774 182 102 751 1111 616 710 1030 96 1031 771 629 671 424 111
2658 2670 534 1084 1087 433 603 264 798 195 590 937 850 148 124 102 267 647 74 930 1130 994
4711 4756 92 1011 876 628 486 829 311 806 840 753 947 1118 410 381 793 34 50 996 1018 738
2951 2951 626 899 274 242 1012 809 507 926 742 707 783 247 1010 1037 169 1091 262 165 819 54
4381 4384 661 1121 368 1021 813 299 943 131 655 718 562 821 194 1142 239 491 1047 153 1119 1033
3909 3909 972 354 954 933 798 84 405 0 777 354 540 96 645 657 897 360 384 222 945 468
13 266 303 727 519 348 774 851 824 965 286 1057 848 389 99 326 966 736 370 396 371 296
3111 3111 385 880 440 1100 385 440 935 605 605 495 880 165 990 1045 715 605 935 550 990 550
2790 2796 276 131 289 326 161 1152 1147 566 225 849 793 818 156 673 1095 40 760 389 911 809
3414 3420 170 70 243 192 583 996 657 506 941 1083 1031 16 863 1133 423 1026 233 532 103 464
563 1354 1146 498 444 1115 1028 192 943 659 307 122 957 169 339 255 1057 369 626 653 599 746
4494 4494 879 503 377 457 742 715 608 159 679 502 122 820 289 53 1016 171 528 275 123 91
210 217 1083 616 521 925 1102 701 849 424 544 932 541 1125 907 392 757 1103 103 789 949 163
3926 3933 472 719 343 847 1120 254 951 50 339 735 146 733 615 346 39 104 809 886 733 404
679 2089 187 721 568 279 800 887 61 265 903 238 525 274 1099 529 1089 969 655 519 625 14
2043 2043 838 1062 814 180 1078 1079 209 358 570 286 92 646 395 590 911 175 119 533 1118 734
3036 3037 102 611 1093 648 427 722 171 453 720 33 730 41 634 853 696 572 860 567 59 225
814 830 421 166 754 440 371 631 807 397 1010 581 1065 999 891 621 938 331 238 708 73 455
347 4818 59 285 1031 310 725 85 947 22 1084 343 509 780 938 553 949 1139 701 1140 204 638
3365 3365 462 924 0 924 924 0 462 693 924 693 0 0 693 231 0 693 693 231 0 231
251 264 1030 428 877 67 493 206 722 624 599 1031 484 650 1070 1062 554 987 665 78 1072 617
3855 3871 185 180 230 135 485 120 125 925 960 375 350 355 435 545 230 220 1050 1010 850 140
348 586 543 21 187 875 428 379 1042 268 1036 536 575 320 824 616 619 181 991 778 111 870
4126 4126 353 99 198 457 624 384 171 203 1087 654 728 1046 45 512 856 799 591 308 546 651
4404 4417 1081 1071 337 166 488 1009 46 462 265 999 870 1075 1103 838 266 144 1087 717 864 290
2611 2636 586 491 901 381 308 22 80 225 387 862 739 1053 391 851 483 378 841 1018 619 272
2682 4605 120 135 117 188 805 932 43 595 557 338 687 902 854 478 298 921 737 418 537 415
2969 2969 596 1114 899 278 831 153 310 287 338 640 484 336 555 1033 481 828 1102 467 491 469
3023 3031 949 244 511 1044 1100 1028 933 425 183 993 216 30 750 437 158 1117 68 803 162 33
4787 4793 29 14 612 564 281 1074 525 881 372 233 497 206 887 546 901 184 835 333 375 635
29 308 296 541 871 1115 71 943 997 31 168 1117 725 219 13 679 821 332 73 889 292 189
1705 1705 0 0 0 0 0 0 0 0 0 0 0 0 0 0 0 0 0 0 0 0
1405 1422 414 1154 1089 235 346 851 14 511 425 907 479 969 850 731 789 382 306 767 1092 278
3765 3804 840 627 650 953 205 623 628 315 949 248 904 396 767 518 514 600 1148 51 958 506
551 2591 185 959 39 492 122 494 440 1104 900 990 507 1061 780 858 422 1136 366 202 955 933
2645 2645 1148 1016 1046 128 128 1028 1097 159 254 600 937 148 1085 177 567 134 684 608 1119 378
1312 1314 285 19 738 907 425 825 205 508 589 1061 335 96 956 391 70 336 319 596 556 38
3088 3109 1086 204 468 300 489 987 489 414 948 801 276 678 36 786 969 1107 204 57 417 636
2951 4690 909 170 610 903 617 50 828 493 684 842 270 1115 679 1108 632 1078 476 741 747 1089
4413 4413 679 948 939 223 794 49 737 1012 1131 626 991 684 116 9 291 174 557 359 50 880
1839 1855 1147 156 903 699 816 619 470 791 399 381 74 433 136 738 624 6 749 787 1093 1017
1104 1134 125 868 904 633 1081 455 907 285 842 637 250 73 968 1126 43 44 1072 217 1015 244
2515 3636 150 46 224 705 189 914 586 940 1019 827 696 492 341 864 686 619 951 648 322 1138
4854 4854 380 166 1142 1108 622 805 811 673 521 1036 570 740 217 847 61 1129 182 340 651 542
2770 2777 768 942 582 672 576 279 153 12 108 618 288 891 903 696 687 1119 471 669 903 507
1547 1564 350 394 629 408 1140 168 515 501 463 323 272 582 696 396 567 432 1048 679 884 69
1661 3380 779 91 217 391 62 46 1104 478 349 107 69 986 1153 1005 160 140 1105 414 1000 1035
962 962 0 0 0 0 0 0 0 0 0 0 0 0 0 0 0 0 0 0 0 0
652 661 948 330 684 381 837 750 222 978 27 507 513 804 18 897 684 180 99 219 561 168
1847 1862 45 1011 666 541 371 167 537 335 37 7 470 282 851 613 440 327 502 915 27 10
30 2166 1006 1070 75 945 337 430 780 801 699 1023 400 312 375 92 928 339 48 1064 730 586
695 695 402 892 421 348 303 710 999 1034 362 234 422 383 260 881 331 775 68 343 754 727
1977 1985 451 682 110 517 242 418 187 924 1144 297 319 33 979 121 55 1133 1133 11 154 770
3001 3018 1026 849 1026 210 459 258 504 783 738 984 732 21 1068 267 561 606 306 1077 309 603
2072 3105 719 44 307 268 336 303 627 954 645 142 136 1078 919 314 1142 478 694 249 685 63
4676 4676 0 0 0 0 0 0 0 0 0 0 0 0 0 0 0 0 0 0 0 0
370 387 82 1133 493 913 175 554 257 215 208 45 139 916 614 130 457 126 427 247 1122 67
2244 2264 897 14 1077 480 996 944 228 609 214 770 112 648 603 980 1043 374 1092 902 87 402
123 2166 327 558 354 369 894 552 822 24 1002 849 231 1098 963 978 327 831 627 384 792 861
2167 2167 823 274 58 518 514 292 61 1116 61 177 947 726 551 172 364 342 1040 1113 483 447
4784 4794 1151 162 339 149 829 415 78 42 1044 779 913 401 1117 107 1061 342 229 599 429 468
871 872 393 485 251 33 758 305 410 1026 978 971 204 765 739 1128 1091 36 491 470 941 776
904 983 689 482 322 542 623 357 842 939 761 785 707 957 152 1048 1142 284 289 298 556 962
1922 1922 0 0 0 0 0 0 0 0 0 0 0 0 0 0 0 0 0 0 0 0
4327 4332 609 763 861 1043 595 707 735 973 504 595 959 672 168 602 112 791 1071 959 462 588
4428 4430 0 0 0 0 0 0 0 0 0 0 0 0 0 0 0 0 0 0 0 0
2127 2405 986 166 1000 54 990 810 932 86 1109 65 984 362 163 689 84 267 359 401 826 58
2538 2538 294 795 75 405 168 420 135 1092 390 159 1134 375 885 225 768 168 57 471 561 726
4965 4965 764 346 490 259 839 130 782 188 1049 529 559 286 35 774 630 278 12 597 7 894
4445 4461 145 382 1124 95 876 1042 787 760 633 759 237 1044 1069 849 511 1139 597 1092 549 482
10 11 742 95 552 144 501 202 1063 133 499 554 819 58 87 622 593 40 1126 551 636 180
3026 3026 0 0 0 0 0 0 0 0 0 0 0 0 0 0 0 0 0 0 0 0
3029 3041 657 292 205 24 239 713 209 88 177 783 135 789 991 869 1083 377 419 21 370 679
1517 1534 233 1139 976 825 1136 968 683 343 1060 171 859 829 445 928 555 383 785 336 781 561
1185 1730 128 490 76 306 93 311 845 1135 979 548 121 53 942 268 923 718 1141 988 494 628
3613 3613 0 0 0 0 0 0 0 0 0 0 0 0 0 0 0 0 0 0 0 0
2538 2547 708 1006 897 187 628 235 955 772 910 210 619 929 381 511 204 1016 261 870 514 810
4421 4460 1069 522 913 457 382 380 86 317 2 189 34 1068 623 745 931 962 605 649 34 818
1520 2578 1005 215 817 697 1117 64 930 184 19 778 248 849 152 415 857 695 553 701 202 878
763 763 997 554 323 435 1030 784 3 746 238 313 982 757 1006 59 1108 362 708 498 631 91
4714 4730 315 3 1107 1011 135 948 540 486 957 405 687 1134 846 336 789 27 756 978 891 480
1656 1674 1134 483 252 1008 546 546 1071 21 357 63 777 147 756 21 231 231 1071 1050 588 273
888 3055 457 351 35 434 142 168 948 650 789 208 499 184 659 1003 695 458 488 789 1085 901
564 564 123 552 999 969 324 555 522 192 1059 18 381 798 540 420 885 789 480 78 519 675
3185 3192 993 589 674 664 98 193 703 845 192 483 678 715 70 619 943 666 361 45 426 786
3031 3043 1097 1101 725 896 318 820 1052 1139 785 53 731 813 1066 87 25 41 950 1142 1063 438
1576 3630 1132 1060 417 905 944 748 446 206 158 39 478 578 629 26 383 149 908 1114 858 947
1892 1892 0 0 0 0 0 0 0 0 0 0 0 0 0 0 0 0 0 0 0 0
3329 3348 395 715 940 1132 1118 11 809 688 279 576 935 228 687 172 515 987 1114 174 18 263
3259 3293 685 919 1046 212 610 454 596 1045 22 100 406 610 320 829 543 384 2 953 492 289
1904 3060 341 175 952 708 639 1120 354 786 676 891 772 340 573 1046 557 1148 151 892 387 738
4721 4721 1059 397 983 744 727 1064 32 957 1043 76 518 326 304 468 957 95 361 338 287 589
4083 4095 120 405 105 825 855 885 480 180 120 165 90 1065 375 570 1110 510 525 1095 1095 1140
2513 2542 0 0 0 0 0 0 0 0 0 0 0 0 0 0 0 0 0 0 0 0
626 984 942 439 570 463 462 656 935 280 483 297 1120 193 990 951 446 403 290 307 281 842
3443 3443 837 687 297 81 1017 1002 90 42 1077 198 777 9 168 102 492 831 1002 231 222 69
1652 1669 467 883 110 486 1134 1040 660 1041 540 793 957 316 629 1030 570 496 246 748 734 80
2990 2998 2 144 356 951 906 397 94 143 675 1085 60 446 343 260 420 791 409 348 1142 61
284 2483 9 512 293 2 146 504 960 1023 145 529 91 1103 661 62 317 286 144 682 806 409
1099 1099 789 204 729 601 287 967 234 228 566 488 790 605 327 911 222 237 972 1050 834 240
1617 1627 149 30 230 114 824 800 393 1076 500 277 1101 613 287 871 551 348 38 400 817 840
4467 4497 893 118 431 459 680 86 72 374 305 3 775 73 343 278 99 512 732 38 481 42
2056 4717 909 1093 492 696 1087 768 616 217 958 1044 318 266 614 932 1115 136 102 722 1024 1042
3803 3803 429 548 291 298 0 1132 166 578 789 60 766 36 456 428 24 900 519 403 1023 459
1910 1925 862 293 1090 1085 48 618 1040 1061 1031 291 892 641 1075 989 1062 610 715 995 1047 539
4358 4390 763 625 174 435 572 41 932 66 64 57 662 1145 681 609 256 1130 731 684 777 522
31 1657 1016 1075 68 1125 372 560 1 342 864 557 521 729 293 2 122 550 875 24 684 1154
4338 4338 906 177 951 1011 129 534 753 633 1131 612 966 276 1014 426 1134 1044 585 465 915 156
2134 2144 773 903 437 608 66 891 740 1024 493 354 673 1065 795 647 467 570 846 1068 1124 50
964 1001 1056 729 345 315 729 447 582 642 561 417 573 1041 117 210 312 87 108 915 30 159
2150 3966 554 45 925 1017 1099 876 306 113 780 709 179 914 693 465 417 426 219 63 701 702
1052 1052 976 101 433 658 419 640 260 370 292 1067 896 468 198 322 80 701 200 1050 784 629
4357 4359 132 363 1017 856 380 538 230 4 462 91 272 373 26 241 288 452 1068 917 1069 243
1955 1983 393 449 669 320 977 620 480 779 1070 165 232 115 595 229 1021 911 839 439 9 1150
1524 2233 644 472 212 303 145 699 876 18 1056 784 688 571 829 932 954 1015 788 175 488 31
2915 2915 490 455 805 490 735 245 840 0 805 525 1085 490 980 70 1085 350 910 875 945 315
2772 2790 1137 700 526 374 579 556 152 242 428 755 619 533 465 541 940 153 31 20 1056 85
3204 3233 1005 1133 319 482 739 392 613 404 1122 724 635 308 999 809 224 871 622 107 271 283
2482 2752 589 571 659 597 881 122 666 940 314 661 40 727 1052 927 465 1151 527 803 322 765
3992 3992 0 0 0 0 0 0 0 0 0 0 0 0 0 0 0 0 0 0 0 0
3825 3842 949 131 574 797 1084 423 718 652 687 651 148 785 926 342 421 242 989 801 789 128
1182 1213 748 135 1115 1087 154 461 568 306 571 163 331 363 209 608 592 248 87 521 450 681
1699 2905 648 942 774 198 888 648 402 258 273 1053 189 1107 177 150 609 648 1032 1152 207 210
339 339 414 271 127 753 418 696 765 409 10 361 518 1147 976 169 141 686 443 609 1115 489
2218 2224 264 615 690 873 816 534 858 846 474 504 765 33 795 81 69 18 141 660 828 615
620 648 503 619 642 585 1080 115 360 1022 900 95 557 499 892 169 806 577 870 651 662 552
1201 3418 31 414 15 437 836 973 749 130 797 1137 702 891 612 145 158 859 296 1046 755 685
758 758 0 0 0 0 0 0 0 0 0 0 0 0 0 0 0 0 0 0 0 0
2703 2715 1060 315 191 1139 556 711 523 1011 825 738 573 596 972 702 495 1066 715 1 906 383
2327 2329 210 945 945 420 0 1050 105 525 105 420 210 735 105 1050 945 1050 525 1050 735 210
1082 2027 406 1103 65 307 778 468 708 638 651 973 590 570 148 1113 1064 564 397 81 333 814
864 864 36 55 14 105 327 891 614 682 928 1090 809 1036 1112 818 460 723 691 615 829 605
3851 3863 774 445 505 0 231 204 1099 639 209 795 486 54 136 102 835 519 559 718 208 629
2766 2767 880 385 0 330 275 880 440 385 825 385 825 220 1045 1100 770 275 880 385 825 110
2345 3767 900 653 243 974 451 1030 1047 119 1128 312 682 364 853 1115 267 329 1051 1127 1034 940
4555 4555 0 0 0 0 0 0 0 0 0 0 0 0 0 0 0 0 0 0 0 0
1227 1236 1062 843 861 654 9 906 39 750 738 417 687 369 780 810 447 1077 219 510 567 624
4618 4656 725 493 537 49 880 1069 33 293 809 204 318 273 538 1046 751 1084 1021 863 90 147
186 601 784 145 305 33 909 319 72 351 1123 1088 897 173 388 698 282 1070 488 269 998 231
3279 3279 575 245 1040 370 725 80 515 895 1040 315 780 705 1080 325 825 960 320 645 570 1050
4902 4905 209 611 187 1012 355 213 153 1124 173 1123 843 687 819 357 371 444 1148 397 754 386
3118 3128 186 375 357 693 291 831 69 429 84 501 144 540 891 21 975 204 588 318 327 1026
20 556 799 1116 697 305 1141 92 527 122 585 900 700 112 709 1144 464 760 222 783 706 190
3070 3070 495 369 18 1106 90 1115 880 1049 104 995 314 260 588 437 204 1153 1135 107 811 417
3185 3196 480 89 208 587 440 137 527 33 472 527 41 554 259 645 730 1015 246 916 1061 46
923 941 1109 768 564 1007 222 147 257 521 774 419 955 605 94 29 526 775 906 671 694 788
1132 4255 131 764 182 797 644 840 791 299 1150 62 1051 892 971 1009 553 349 945 683 453 1134
2295 2295 375 619 503 879 611 527 588 999 199 324 325 997 413 1090 679 732 179 373 1021 361
62 69 749 301 72 882 866 397 869 34 647 638 669 640 935 143 495 37 641 621 1049 949
2486 2510 91 1091 284 234 266 1065 1075 2 790 559 4 194 714 32 675 991 193 233 958 1077
1973 4750 544 32 994 237 39 758 1104 388 543 424 965 1099 647 1049 656 498 905 122 714 1028
4232 4232 809 823 597 673 464 891 940 756 991 586 1009 966 153 978 559 387 383 214 1119 56
4378 4386 105 288 706 794 561 682 277 325 201 74 693 114 385 427 1070 427 550 12 666 242
1945 1957 533 639 556 88 1126 406 201 128 1038 911 827 49 657 969 1068 299 945 182 825 722
119 376 94 679 761 1154 955 777 426 679 1114 587 497 260 474 621 260 232 994 721 264 640
4060 4060 1045 605 880 110 715 770 0 550 550 330 935 440 385 440 550 825 990 770 55 550
3220 3223 1029 152 787 1124 920 885 856 381 1154 342 78 133 603 873 165 500 512 1139 2 659
1154 1161 184 466 74 887 443 68 1052 351 152 657 128 840 654 236 686 1103 776 384 788 776
49 4626 110 140 335 785 310 145 265 135 760 390 380 945 660 820 375 795 730 845 215 435
2626 2626 56 1019 220 152 372 567 1121 58 424 823 527 835 1153 839 440 665 931 280 448 914
4944 4951 517 726 935 1001 1045 165 1111 627 451 759 165 946 682 385 737 748 176 759 671 33
1132 1147 961 398 149 327 766 812 641 650 325 93 452 1059 154 1088 948 474 1008 303 294 386
196 479 569 639 18 1091 424 95 731 750 510 255 368 13 700 377 22 723 1112 795 464 1018
4032 4032 1120 224 513 836 234 311 425 931 151 242 499 685 585 741 920 471 173 301 997 785
629 640 913 1082 490 864 1001 1111 111 401 931 957 1035 541 276 419 244 174 507 967 1000 983
2082 2101 246 221 15 891 150 386 785 517 524 792 714 178 1008 586 736 153 496 845 1137 915
2120 2753 162 148 196 685 381 778 567 631 813 339 905 514 358 299 1134 1125 242 650 342 199
4034 4034 0 0 0 0 0 0 0 0 0 0 0 0 0 0 0 0 0 0 0 0
1613 1624 1032 708 750 438 336 120 231 756 1026 333 486 1146 822 339 834 1089 555 315 768 27
866 877 678 1096 22 803 468 581 1066 771 18 1041 845 73 1064 336 865 173 665 86 924 306
104 907 990 7 319 1133 238 1148 3 359 145 251 850 615 645 792 540 834 653 900 557 387
91 91 765 1062 1091 295 1053 1042 502 414 935 1080 732 215 627 411 647 767 257 370 667 595
3654 3665 996 4 546 326 781 1118 8 177 62 120 148 89 865 448 223 563 1041 89 890 446
3810 3837 495 880 660 715 550 440 660 440 825 770 825 0 220 220 825 220 825 1100 550 605
607 830 1117 661 257 967 702 573 611 95 749 401 849 649 386 812 454 277 596 944 586 214
2960 2960 928 616 387 232 722 1051 865 303 801 1077 262 1091 714 280 835 1097 717 161 691 466
1709 1709 455 345 1145 536 518 960 390 376 668 404 1104 384 594 1128 477 806 241 149 256 606
1803 1811 598 890 345 533 672 504 895 1078 316 858 886 232 121 157 640 676 404 56 721 167
2039 2204 691 948 673 519 37 625 234 369 697 938 836 840 964 555 101 933 702 868 577 1037
284 284 881 462 554 258 272 373 45 1084 955 783 494 465 548 58 950 74 401 1026 1051 448
4003 4010 419 963 873 447 182 130 871 635 1123 728 271 863 1075 708 1107 96 767 858 1084 784
3172 3179 394 116 289 614 742 505 1030 217 601 131 502 804 607 502 236 65 824 6 621 547
1738 2924 801 959 517 834 870 1031 960 388 23 642 809 801 604 1147 101 702 129 419 733 783
337 337 0 0 0 0 0 0 0 0 0 0 0 0 0 0 0 0 0 0 0 0
1889 1905 100 923 459 177 241 274 124 940 900 1033 379 1141 859 747 1145 892 27 243 1019 639
1128 1149 140 244 408 428 276 509 1014 185 254 1141 239 100 545 241 692 779 140 982 365 240
449 2912 1069 978 1139 916 878 578 210 463 902 1094 966 1020 663 678 404 165 259 802 375 1142
2010 2010 1127 145 829 890 989 196 46 468 1112 162 620 278 746 1103 67 808 823 641 157 880
1193 1196 229 54 619 1040 465 1116 475 422 556 952 270 122 881 935 220 61 515 406 96 1053
1148 1155 71 790 300 905 47 1088 1090 721 278 735 71 81 471 16 765 24 935 659 922 582
1685 4400 468 371 948 237 806 31 473 309 468 691 1043 310 614 27 470 420 1141 1118 347 1154
1950 1950 1139 135 158 953 206 624 100 555 371 716 816 247 853 28 376 554 422 701 456 347
1964 1969 1123 1005 539 289 1009 285 456 995 586 961 182 1122 442 753 221 634 656 249 103 259
2006 2034 1092 202 110 1054 767 850 606 845 841 126 885 545 617 1042 489 675 333 698 307 701
788 4346 1049 965 512 671 1137 314 96 180 922 299 692 62 327 816 609 744 522 838 1077 542
1246 1246 810 825 180 465 645 60 1020 750 1110 645 960 660 420 360 525 0 1035 570 270 975
953 972 690 302 692 657 414 1041 1125 273 445 822 1106 833 559 65 83 202 404 911 275 64
4178 4193 855 726 815 52 589 238 175 455 523 797 651 329 462 551 709 600 56 283 839 936
55 805 397 1065 600 95 1080 924 430 1084 541 1098 449 183 155 95 514 766 1153 308 207 640
2033 2033 848 1004 433 1145 988 164 44 235 1039 637 2 1076 537 625 753 722 1004 237 416 834
3158 3161 33 277 864 855 616 1067 543 267 161 296 694 823 12 1046 1070 668 541 556 118 963
3254 3258 1008 520 804 821 370 1009 349 86 706 1038 868 427 916 128 659 699 228 673 1025 401
1458 3972 894 948 649 128 532 728 759 334 228 1127 431 431 223 1058 538 109 468 586 780 692
865 865 0 0 0 0 0 0 0 0 0 0 0 0 0 0 0 0 0 0 0 0
2903 2906 553 548 34 502 1135 916 265 247 355 518 181 1034 251 128 1041 235 598 758 19 452
3177 3205 323 1043 1153 209 463 384 452 278 418 545 755 409 849 1090 312 62 389 236 581 562
1609 2269 138 716 308 935 109 762 628 515 666 723 226 685 252 774 695 479 395 766 21 1042
3824 3824 0 0 0 0 0 0 0 0 0 0 0 0 0 0 0 0 0 0 0 0
1179 1187 845 528 528 1010 236 638 318 30 19 298 1084 466 278 355 970 1087 271 451 6 613
913 945 0 0 0 0 0 0 0 0 0 0 0 0 0 0 0 0 0 0 0 0
1992 2758 654 114 351 208 10 351 896 904 522 683 492 419 688 1012 856 862 596 379 186 292
