5000 24 72 7000
0 0 0 0 0 0 0 0 0 0 0 0 0 0 0 0 0 0 0 0 0 0 0 0
0 0 0 0 0 0 0 0 0 0 0 0 0 0 0 0 0 0 0 0 0 0 0 0
15 4 19 46 5 68 22 41 27 67 63 37 51 35 46 10 70 27 23 71 38 12 18 19
4 12 29 12 58 56 20 38 36 69 66 32 68 12 53 50 24 19 26 44 3 0 1 26
19 69 17 3 39 64 52 3 68 5 14 32 56 33 29 12 21 8 59 58 3 64 63 35
14 19 40 6 3 58 25 59 51 25 50 52 28 25 58 16 0 9 17 8 37 8 35 9
0 0 0 0 0 0 0 0 0 0 0 0 0 0 0 0 0 0 0 0 0 0 0 0
0 0 0 0 0 0 0 0 0 0 0 0 0 0 0 0 0 0 0 0 0 0 0 0
6 68 41 54 14 23 58 27 6 49 46 30 58 55 38 21 55 48 33 11 20 24 0 31
1 27 26 15 71 63 47 54 9 43 24 32 69 31 65 22 45 6 0 41 68 63 37 55
30 25 49 29 2 45 62 48 31 43 27 42 15 59 5 62 69 7 8 28 23 19 27 5
6 32 29 12 54 60 54 8 34 58 21 23 42 9 22 2 6 33 2 60 34 53 59 23
0 0 0 0 0 0 0 0 0 0 0 0 0 0 0 0 0 0 0 0 0 0 0 0
0 0 0 0 0 0 0 0 0 0 0 0 0 0 0 0 0 0 0 0 0 0 0 0
63 61 49 47 33 66 70 46 24 31 35 48 31 50 22 68 44 27 49 65 21 41 45 36
18 14 51 10 45 16 48 28 18 29 60 53 38 1 14 11 41 31 52 49 12 61 33 55
1 31 45 32 48 36 40 18 11 8 1 5 38 21 7 13 70 53 63 38 42 61 61 37
52 34 21 36 37 70 6 45 53 52 37 11 38 10 50 32 35 58 30 28 53 57 60 19
0 0 0 0 0 0 0 0 0 0 0 0 0 0 0 0 0 0 0 0 0 0 0 0
0 0 0 0 0 0 0 0 0 0 0 0 0 0 0 0 0 0 0 0 0 0 0 0
26 48 49 44 2 43 59 24 60 50 32 38 60 38 57 28 14 43 46 65 24 31 70 59
55 41 3 63 29 17 1 34 71 57 45 29 39 52 63 28 70 66 32 3 70 41 28 17
43 42 41 59 49 31 43 2 59 70 47 4 39 37 42 51 68 19 65 35 14 27 20 67
49 28 62 39 40 19 28 11 64 14 60 2 12 10 25 45 66 61 52 26 62 71 50 30
0 0 0 0 0 0 0 0 0 0 0 0 0 0 0 0 0 0 0 0 0 0 0 0
0 0 0 0 0 0 0 0 0 0 0 0 0 0 0 0 0 0 0 0 0 0 0 0
35 28 15 68 22 16 70 65 35 1 28 7 30 12 5 33 6 58 27 16 27 39 20 43
37 7 61 31 61 17 16 60 17 4 51 54 44 29 36 45 18 39 11 62 14 23 21 0
62 45 50 41 46 15 38 46 1 43 54 36 12 25 14 13 40 25 18 53 10 66 71 60
38 18 17 67 55 9 69 70 37 11 14 6 8 20 0 45 33 32 34 20 49 43 21 48
0 0 0 0 0 0 0 0 0 0 0 0 0 0 0 0 0 0 0 0 0 0 0 0
0 0 0 0 0 0 0 0 0 0 0 0 0 0 0 0 0 0 0 0 0 0 0 0
42 68 66 66 42 61 32 42 45 2 48 11 67 21 55 24 27 32 62 27 23 40 53 12
47 68 11 8 35 32 2 16 6 38 28 47 10 34 12 31 36 22 47 44 47 32 50 69
17 51 59 38 12 64 45 15 55 6 21 20 23 50 42 34 21 38 63 66 27 44 10 13
33 30 61 35 66 54 62 3 1 15 28 64 14 31 16 24 37 40 14 62 52 7 63 50
0 0 0 0 0 0 0 0 0 0 0 0 0 0 0 0 0 0 0 0 0 0 0 0
0 0 0 0 0 0 0 0 0 0 0 0 0 0 0 0 0 0 0 0 0 0 0 0
32 42 61 63 40 56 37 26 0 24 43 53 36 55 13 46 63 17 37 20 0 10 50 2
56 29 44 7 49 52 28 44 40 0 32 38 23 64 19 23 20 15 47 15 28 38 41 36
9 55 5 17 51 39 1 34 61 25 9 49 15 19 50 27 13 9 11 32 68 8 37 46
18 1 69 18 64 44 17 28 44 26 34 11 12 13 24 35 68 36 62 37 1 14 52 42
0 0 0 0 0 0 0 0 0 0 0 0 0 0 0 0 0 0 0 0 0 0 0 0
0 0 0 0 0 0 0 0 0 0 0 0 0 0 0 0 0 0 0 0 0 0 0 0
25 30 47 33 16 2 69 14 41 52 69 51 24 70 18 60 7 69 21 13 64 45 34 14
32 26 54 59 12 64 24 9 64 25 5 26 60 20 55 32 32 30 47 48 53 51 63 33
62 23 61 19 20 54 68 26 11 40 68 11 41 55 14 58 35 58 10 4 63 7 10 48
48 37 52 50 24 39 36 4 52 11 67 57 37 54 46 14 26 67 69 29 51 24 2 34
0 0 0 0 0 0 0 0 0 0 0 0 0 0 0 0 0 0 0 0 0 0 0 0
0 0 0 0 0 0 0 0 0 0 0 0 0 0 0 0 0 0 0 0 0 0 0 0
26 4 38 25 57 1 69 10 9 20 35 63 21 12 26 45 0 71 59 30 30 49 42 50
57 6 71 30 41 9 9 54 10 10 12 42 63 57 34 70 0 1 45 7 45 63 19 67
39 6 69 45 17 47 27 21 6 6 50 58 39 23 0 8 11 50 60 60 49 19 20 44
39 8 42 52 31 55 61 18 43 40 2 57 60 62 52 40 12 1 15 12 15 50 21 10
0 0 0 0 0 0 0 0 0 0 0 0 0 0 0 0 0 0 0 0 0 0 0 0
0 0 0 0 0 0 0 0 0 0 0 0 0 0 0 0 0 0 0 0 0 0 0 0
34 10 14 4 42 50 7 0 68 40 9 15 53 32 64 40 23 7 63 22 41 20 43 49
64 54 37 39 5 54 11 45 64 43 12 35 48 15 34 66 66 23 46 26 5 18 49 11
69 26 61 30 36 7 8 23 39 41 28 19 47 33 37 49 53 61 5 0 51 27 3 57
71 61 48 55 41 35 58 36 30 1 33 71 2 29 36 8 71 36 14 33 67 13 67 48
0 0 0 0 0 0 0 0 0 0 0 0 0 0 0 0 0 0 0 0 0 0 0 0
0 0 0 0 0 0 0 0 0 0 0 0 0 0 0 0 0 0 0 0 0 0 0 0
3 66 66 57 56 23 41 45 1 26 42 55 6 27 66 23 55 19 46 15 35 26 43 10
59 71 37 18 15 47 45 39 9 5 45 27 57 56 34 44 13 19 48 40 43 28 8 29
39 8 6 66 21 15 67 44 3 57 57 37 54 58 37 13 2 7 66 23 21 30 62 45
42 5 35 22 71 34 49 25 37 3 37 7 68 8 43 41 10 55 26 18 7 7 67 65
0 0 0 0 0 0 0 0 0 0 0 0 0 0 0 0 0 0 0 0 0 0 0 0
0 0 0 0 0 0 0 0 0 0 0 0 0 0 0 0 0 0 0 0 0 0 0 0
12 17 71 56 53 49 7 19 25 70 38 67 3 35 43 4 55 4 67 70 42 59 60 16
63 36 31 36 49 41 18 4 69 49 68 31 7 33 41 30 61 67 12 65 35 16 0 10
18 63 68 3 57 1 23 8 15 52 42 44 40 41 46 20 31 58 14 55 27 33 18 17
20 12 44 39 38 57 13 7 42 5 24 54 40 39 7 35 53 6 66 33 65 61 4 64
0 0 0 0 0 0 0 0 0 0 0 0 0 0 0 0 0 0 0 0 0 0 0 0
0 0 0 0 0 0 0 0 0 0 0 0 0 0 0 0 0 0 0 0 0 0 0 0
50 16 68 63 6 42 53 59 40 1 6 28 40 18 4 65 40 30 56 20 33 53 23 62
36 10 63 19 52 33 41 21 68 49 11 45 62 38 35 47 18 52 51 31 64 34 26 28
62 39 69 44 4 20 30 27 40 8 53 14 3 66 61 2 5 58 60 68 12 42 68 7
71 69 6 18 50 56 51 20 3 10 7 30 10 65 20 11 52 51 21 41 19 51 24 46
0 0 0 0 0 0 0 0 0 0 0 0 0 0 0 0 0 0 0 0 0 0 0 0
0 0 0 0 0 0 0 0 0 0 0 0 0 0 0 0 0 0 0 0 0 0 0 0
4 25 39 16 24 17 28 29 37 1 47 67 47 69 24 16 23 57 38 7 52 67 63 61
47 8 37 23 56 64 17 43 16 57 39 30 13 53 56 58 61 36 29 10 62 64 63 64
38 71 37 14 55 18 25 28 21 62 1 71 2 20 22 51 32 70 58 62 25 2 38 5
69 23 23 28 22 55 24 58 55 12 33 68 27 38 8 33 43 60 39 16 2 70 42 56
0 0 0 0 0 0 0 0 0 0 0 0 0 0 0 0 0 0 0 0 0 0 0 0
0 0 0 0 0 0 0 0 0 0 0 0 0 0 0 0 0 0 0 0 0 0 0 0
27 6 38 3 58 71 42 57 21 39 17 61 13 52 46 37 53 5 14 13 52 24 56 33
17 38 43 31 69 43 55 40 54 18 5 13 24 16 30 55 31 45 47 6 36 67 12 35
48 45 42 53 38 20 51 68 14 58 19 41 3 27 24 25 46 49 68 11 18 47 29 30
27 41 50 59 1 26 46 69 39 35 35 18 30 6 32 63 48 53 31 25 34 49 21 46
0 0 0 0 0 0 0 0 0 0 0 0 0 0 0 0 0 0 0 0 0 0 0 0
0 0 0 0 0 0 0 0 0 0 0 0 0 0 0 0 0 0 0 0 0 0 0 0
62 14 48 60 65 14 16 56 8 42 65 42 26 23 6 63 28 56 66 57 19 36 1 33
35 35 21 13 19 61 69 25 24 30 69 57 23 19 51 18 21 32 7 50 20 44 25 18
53 67 0 63 27 67 66 1 54 48 44 65 19 50 34 0 31 41 36 27 33 2 39 21
71 20 49 42 69 66 48 54 33 45 49 26 49 15 59 32 51 12 13 15 44 18 45 35
0 0 0 0 0 0 0 0 0 0 0 0 0 0 0 0 0 0 0 0 0 0 0 0
0 0 0 0 0 0 0 0 0 0 0 0 0 0 0 0 0 0 0 0 0 0 0 0
23 65 55 26 54 3 16 60 63 71 52 68 14 24 38 49 10 27 67 70 54 45 71 69
20 65 42 66 22 15 0 25 67 23 26 65 28 24 68 53 45 23 62 51 14 9 7 42
58 70 10 8 29 28 25 54 61 52 31 1 50 42 59 1 25 12 69 2 46 52 52 67
26 12 5 41 38 22 16 15 24 27 5 8 60 46 63 47 22 67 36 62 54 1 45 54
0 0 0 0 0 0 0 0 0 0 0 0 0 0 0 0 0 0 0 0 0 0 0 0
0 0 0 0 0 0 0 0 0 0 0 0 0 0 0 0 0 0 0 0 0 0 0 0
46 25 13 24 63 11 46 57 59 67 21 18 53 18 53 45 18 58 47 23 64 0 47 4
1 3 4 54 3 33 32 30 49 3 35 5 14 43 61 63 2 11 12 29 9 36 41 13
53 7 64 3 11 4 56 3 11 40 49 65 45 38 31 2 39 40 71 54 21 1 24 40
64 16 39 37 53 32 45 19 9 30 17 33 19 33 26 35 19 28 19 68 39 38 46 50
0 0 0 0 0 0 0 0 0 0 0 0 0 0 0 0 0 0 0 0 0 0 0 0
0 0 0 0 0 0 0 0 0 0 0 0 0 0 0 0 0 0 0 0 0 0 0 0
68 7 45 13 29 31 3 38 48 53 58 37 0 63 28 22 34 19 11 56 12 13 3 59
34 46 20 8 62 9 19 38 29 37 54 67 18 62 8 56 9 9 50 70 12 14 27 62
52 47 67 31 65 0 7 44 6 23 19 68 52 31 68 5 1 67 10 42 30 66 38 35
10 35 11 66 17 0 3 33 30 36 51 25 52 59 1 2 51 25 14 55 70 5 40 17
0 0 0 0 0 0 0 0 0 0 0 0 0 0 0 0 0 0 0 0 0 0 0 0
0 0 0 0 0 0 0 0 0 0 0 0 0 0 0 0 0 0 0 0 0 0 0 0
11 59 51 0 63 48 61 43 32 25 36 1 50 5 58 60 20 68 46 13 6 55 34 55
71 42 25 40 9 66 48 67 31 12 33 62 36 21 34 11 62 35 21 38 42 5 63 10
18 5 27 44 25 55 68 8 0 15 12 4 32 62 36 65 38 32 44 33 12 10 68 39
0 52 69 45 12 57 63 36 16 53 6 64 62 28 65 60 39 20 1 52 59 30 28 65
0 0 0 0 0 0 0 0 0 0 0 0 0 0 0 0 0 0 0 0 0 0 0 0
0 0 0 0 0 0 0 0 0 0 0 0 0 0 0 0 0 0 0 0 0 0 0 0
47 36 56 58 59 42 25 49 17 51 47 61 32 4 29 14 70 29 58 38 44 36 66 16
44 58 36 50 51 5 50 13 14 27 15 67 14 22 71 71 16 21 26 4 44 37 15 7
0 27 68 58 7 17 34 24 49 2 38 5 49 59 13 1 24 8 71 64 35 8 51 14
37 48 59 40 27 25 25 57 23 11 56 30 63 32 14 45 5 24 17 19 29 7 33 48
0 0 0 0 0 0 0 0 0 0 0 0 0 0 0 0 0 0 0 0 0 0 0 0
0 0 0 0 0 0 0 0 0 0 0 0 0 0 0 0 0 0 0 0 0 0 0 0
50 55 15 33 23 21 61 18 26 9 10 57 50 69 50 52 38 61 65 31 13 65 15 27
52 64 47 2 24 24 27 16 61 20 24 19 3 35 15 5 61 62 34 34 58 63 37 19
27 10 1 12 36 3 64 29 58 37 21 11 8 59 26 59 61 36 31 39 5 27 27 3
11 14 56 49 11 36 33 47 18 33 49 56 13 60 65 4 6 6 34 49 56 65 18 27
0 0 0 0 0 0 0 0 0 0 0 0 0 0 0 0 0 0 0 0 0 0 0 0
0 0 0 0 0 0 0 0 0 0 0 0 0 0 0 0 0 0 0 0 0 0 0 0
9 20 50 30 56 4 9 50 0 59 69 4 55 9 64 30 34 24 62 27 49 14 69 7
11 43 51 71 3 23 56 49 56 0 3 13 50 56 32 23 54 21 20 67 32 17 32 67
8 28 47 52 49 37 55 53 30 5 14 12 9 21 26 57 37 2 70 8 52 59 20 55
46 11 71 34 32 5 63 67 37 51 42 55 61 27 27 21 23 2 64 10 17 14 26 20
0 0 0 0 0 0 0 0 0 0 0 0 0 0 0 0 0 0 0 0 0 0 0 0
0 0 0 0 0 0 0 0 0 0 0 0 0 0 0 0 0 0 0 0 0 0 0 0
35 57 18 40 54 63 31 56 32 28 25 69 47 26 56 9 46 63 71 37 35 13 48 7
24 5 31 68 39 24 40 2 29 38 40 18 31 8 49 21 7 32 5 70 48 25 42 26
6 7 68 37 61 43 42 57 16 50 34 56 64 59 58 14 39 15 13 30 29 60 55 27
0 70 19 23 15 29 59 0 12 19 21 21 62 51 29 65 69 49 25 16 44 53 54 41
0 0 0 0 0 0 0 0 0 0 0 0 0 0 0 0 0 0 0 0 0 0 0 0
0 0 0 0 0 0 0 0 0 0 0 0 0 0 0 0 0 0 0 0 0 0 0 0
71 66 35 24 52 67 26 43 24 50 13 33 24 70 13 26 7 33 39 46 25 8 9 30
50 25 12 61 71 9 30 49 56 36 1 34 44 49 71 40 58 70 57 40 1 65 44 3
45 31 40 65 48 19 57 66 30 38 19 7 5 31 22 7 11 3 36 28 37 70 11 18
16 29 7 49 21 68 24 0 57 69 15 42 30 6 16 29 65 46 63 15 52 26 66 71
0 0 0 0 0 0 0 0 0 0 0 0 0 0 0 0 0 0 0 0 0 0 0 0
0 0 0 0 0 0 0 0 0 0 0 0 0 0 0 0 0 0 0 0 0 0 0 0
42 37 53 18 26 59 53 33 30 40 55 20 23 47 64 5 3 6 60 8 12 2 66 50
15 9 52 17 69 17 25 47 59 61 7 70 29 59 62 64 51 66 45 21 29 9 5 70
9 9 3 24 12 8 0 45 15 59 2 53 12 30 0 34 22 21 29 59 40 32 36 56
30 46 11 14 12 1 56 52 61 6 10 25 34 42 65 65 41 41 19 45 1 55 12 56
0 0 0 0 0 0 0 0 0 0 0 0 0 0 0 0 0 0 0 0 0 0 0 0
0 0 0 0 0 0 0 0 0 0 0 0 0 0 0 0 0 0 0 0 0 0 0 0
70 50 39 53 39 10 9 50 23 10 61 1 52 51 30 51 64 20 50 2 65 33 24 13
71 16 14 54 8 35 41 69 36 11 37 36 13 50 20 42 17 55 22 3 49 62 41 6
41 0 14 48 62 12 59 36 13 25 4 36 38 13 8 61 20 8 63 52 61 20 30 58
59 34 29 4 62 64 44 1 31 41 55 44 67 54 20 46 3 66 69 26 11 19 55 50
0 0 0 0 0 0 0 0 0 0 0 0 0 0 0 0 0 0 0 0 0 0 0 0
0 0 0 0 0 0 0 0 0 0 0 0 0 0 0 0 0 0 0 0 0 0 0 0
56 61 15 55 61 60 25 48 38 54 68 70 26 41 6 36 55 40 6 20 38 70 59 60
0 35 1 46 9 40 31 3 4 68 42 24 47 25 22 50 42 15 19 47 39 20 12 47
66 52 6 11 59 52 16 16 21 69 70 2 9 7 17 55 15 66 0 41 50 69 37 24
11 22 50 0 38 34 52 31 48 49 34 2 3 58 51 15 33 22 24 42 47 18 62 2
0 0 0 0 0 0 0 0 0 0 0 0 0 0 0 0 0 0 0 0 0 0 0 0
0 0 0 0 0 0 0 0 0 0 0 0 0 0 0 0 0 0 0 0 0 0 0 0
17 4 24 44 14 54 56 5 54 55 69 47 71 59 28 0 63 15 44 33 52 18 71 21
6 7 14 41 24 62 14 26 43 62 32 12 12 53 14 23 23 3 70 18 60 22 59 0
57 13 53 56 5 16 43 68 55 38 51 68 6 22 69 16 35 0 6 39 68 69 3 30
67 34 62 49 23 23 67 33 27 32 46 10 19 67 70 53 29 54 26 55 64 29 68 9
0 0 0 0 0 0 0 0 0 0 0 0 0 0 0 0 0 0 0 0 0 0 0 0
0 0 0 0 0 0 0 0 0 0 0 0 0 0 0 0 0 0 0 0 0 0 0 0
9 61 51 12 3 67 52 15 50 30 64 52 52 22 56 69 0 39 69 45 10 18 64 0
9 67 4 24 22 12 6 35 3 1 45 16 49 42 36 34 50 56 60 32 16 56 45 22
34 1 50 1 46 16 53 61 22 27 9 51 67 43 38 71 25 66 13 41 66 30 50 59
53 39 71 43 25 28 48 32 43 57 62 53 59 70 28 36 58 58 71 1 55 6 41 71
0 0 0 0 0 0 0 0 0 0 0 0 0 0 0 0 0 0 0 0 0 0 0 0
0 0 0 0 0 0 0 0 0 0 0 0 0 0 0 0 0 0 0 0 0 0 0 0
28 67 34 55 48 46 52 6 59 11 52 53 44 8 62 13 69 71 10 5 55 10 70 60
69 21 30 41 39 34 10 2 33 58 54 53 2 28 14 58 27 31 20 13 36 1 63 35
20 68 6 32 34 18 38 55 31 17 50 63 44 53 9 34 68 33 50 60 52 64 31 0
32 3 70 59 24 9 62 23 19 39 33 25 27 43 63 0 55 3 8 63 22 21 64 15
0 0 0 0 0 0 0 0 0 0 0 0 0 0 0 0 0 0 0 0 0 0 0 0
0 0 0 0 0 0 0 0 0 0 0 0 0 0 0 0 0 0 0 0 0 0 0 0
50 36 29 6 10 10 13 5 37 39 61 46 0 37 51 30 49 37 32 56 3 41 70 14
7 35 42 16 40 31 8 23 39 68 0 7 25 11 8 5 39 67 71 54 49 42 22 27
33 55 45 34 69 71 65 47 6 17 55 4 58 60 68 10 27 3 26 26 56 60 47 42
57 30 24 45 37 41 39 62 52 19 26 45 3 26 61 19 68 3 24 39 56 24 39 59
0 0 0 0 0 0 0 0 0 0 0 0 0 0 0 0 0 0 0 0 0 0 0 0
0 0 0 0 0 0 0 0 0 0 0 0 0 0 0 0 0 0 0 0 0 0 0 0
62 49 61 61 7 39 62 66 38 9 10 23 30 10 63 50 69 31 71 19 64 14 28 22
9 28 34 37 35 1 16 7 35 20 43 34 10 67 27 39 18 43 11 39 35 67 61 2
47 0 8 45 15 4 26 5 14 2 66 46 66 14 44 60 9 38 2 65 71 11 57 67
5 33 17 45 31 17 44 71 2 39 29 3 55 26 44 35 3 20 12 20 34 21 51 21
0 0 0 0 0 0 0 0 0 0 0 0 0 0 0 0 0 0 0 0 0 0 0 0
0 0 0 0 0 0 0 0 0 0 0 0 0 0 0 0 0 0 0 0 0 0 0 0
59 20 24 4 19 15 23 71 66 16 51 35 9 13 38 57 48 28 13 28 55 6 55 63
3 45 17 34 50 40 69 34 48 6 64 31 53 11 15 23 21 14 41 31 0 53 68 31
33 53 18 23 24 19 51 37 25 24 59 9 48 46 41 43 1 37 70 25 3 19 38 56
19 48 21 40 52 11 20 70 48 3 30 1 40 34 40 64 16 43 67 37 53 13 63 37
0 0 0 0 0 0 0 0 0 0 0 0 0 0 0 0 0 0 0 0 0 0 0 0
0 0 0 0 0 0 0 0 0 0 0 0 0 0 0 0 0 0 0 0 0 0 0 0
62 7 5 24 23 5 37 36 38 49 37 59 58 49 13 1 43 10 34 69 66 18 48 35
21 51 13 49 57 20 53 52 43 67 65 22 37 29 21 15 50 57 55 66 59 47 24 29
51 44 63 15 8 51 46 53 35 43 10 67 1 16 22 15 17 58 5 65 46 42 42 47
27 7 41 68 40 35 52 63 41 26 56 62 41 62 5 57 2 18 31 33 26 68 65 50
0 0 0 0 0 0 0 0 0 0 0 0 0 0 0 0 0 0 0 0 0 0 0 0
0 0 0 0 0 0 0 0 0 0 0 0 0 0 0 0 0 0 0 0 0 0 0 0
1 70 44 54 59 37 35 59 47 43 30 68 6 27 9 46 34 36 15 62 50 31 70 5
70 32 8 63 41 55 60 40 62 65 0 35 14 48 58 37 48 5 57 49 10 49 54 46
57 0 34 51 66 62 31 13 42 11 53 35 12 11 49 68 24 63 66 22 55 64 7 10
22 6 27 15 20 62 24 44 51 26 25 14 20 10 38 64 11 1 39 30 28 63 17 71
0 0 0 0 0 0 0 0 0 0 0 0 0 0 0 0 0 0 0 0 0 0 0 0
0 0 0 0 0 0 0 0 0 0 0 0 0 0 0 0 0 0 0 0 0 0 0 0
52 21 59 57 43 5 32 0 1 54 5 1 67 50 66 19 1 19 31 37 4 16 13 69
56 53 38 40 33 4 31 30 0 4 14 1 34 58 52 6 47 13 1 50 59 56 51 51
66 70 42 63 67 69 17 7 69 52 38 39 62 62 52 41 38 3 27 71 63 21 61 4
61 25 12 0 30 31 22 0 6 61 16 28 1 32 31 27 43 41 38 60 23 55 39 64
0 0 0 0 0 0 0 0 0 0 0 0 0 0 0 0 0 0 0 0 0 0 0 0
0 0 0 0 0 0 0 0 0 0 0 0 0 0 0 0 0 0 0 0 0 0 0 0
25 34 67 20 0 37 69 10 44 71 45 23 1 31 6 54 0 27 34 20 58 53 30 47
20 23 37 22 53 28 66 27 34 0 63 29 4 6 29 7 64 60 4 54 23 49 24 50
39 30 41 3 11 38 58 15 46 51 12 14 9 60 11 52 57 9 41 66 63 18 19 31
33 37 49 69 7 51 33 13 69 46 69 1 45 4 26 10 52 37 2 30 64 58 26 11
0 0 0 0 0 0 0 0 0 0 0 0 0 0 0 0 0 0 0 0 0 0 0 0
0 0 0 0 0 0 0 0 0 0 0 0 0 0 0 0 0 0 0 0 0 0 0 0
65 13 30 30 26 4 64 46 16 22 6 0 33 30 29 51 46 7 65 54 45 34 13 71
59 16 47 35 4 4 45 66 69 55 1 5 25 26 44 45 61 40 30 46 61 43 9 56
8 9 28 17 36 62 18 21 42 58 68 29 29 0 2 69 61 53 31 32 36 46 70 7
57 23 67 60 58 54 38 5 45 54 62 42 26 5 7 58 10 24 50 12 63 60 56 14
0 0 0 0 0 0 0 0 0 0 0 0 0 0 0 0 0 0 0 0 0 0 0 0
0 0 0 0 0 0 0 0 0 0 0 0 0 0 0 0 0 0 0 0 0 0 0 0
50 37 52 5 24 48 43 39 31 35 46 16 52 49 63 32 19 57 36 47 17 37 6 61
49 58 42 37 63 63 65 60 19 27 27 51 14 62 60 54 63 21 13 12 10 2 48 44
24 62 20 35 51 30 63 10 44 26 47 44 55 47 54 48 65 7 0 12 67 49 24 2
53 3 40 16 16 0 22 52 56 43 43 60 14 43 11 43 49 44 36 61 31 61 32 39
0 0 0 0 0 0 0 0 0 0 0 0 0 0 0 0 0 0 0 0 0 0 0 0
0 0 0 0 0 0 0 0 0 0 0 0 0 0 0 0 0 0 0 0 0 0 0 0
5 55 29 11 52 24 2 11 32 6 10 35 68 0 33 4 64 8 9 0 5 56 49 70
16 23 67 51 4 5 34 21 26 5 27 29 16 22 2 11 4 53 16 39 40 11 40 40
58 34 35 35 31 28 43 4 68 60 51 3 28 28 28 63 62 23 30 66 51 38 6 45
44 19 0 65 21 42 60 55 26 42 12 27 61 69 47 35 14 30 55 54 3 16 1 16
0 0 0 0 0 0 0 0 0 0 0 0 0 0 0 0 0 0 0 0 0 0 0 0
0 0 0 0 0 0 0 0 0 0 0 0 0 0 0 0 0 0 0 0 0 0 0 0
2 67 71 70 11 37 10 1 70 59 2 5 55 48 3 19 69 14 17 48 36 11 47 22
33 1 2 24 13 69 0 18 60 4 13 41 1 36 8 13 33 22 68 15 6 50 14 30
44 44 21 29 7 45 14 70 40 16 37 12 19 54 13 15 20 8 32 3 50 47 28 40
32 0 29 70 55 20 39 12 71 28 17 42 17 18 39 3 25 42 1 32 4 69 44 21
0 0 0 0 0 0 0 0 0 0 0 0 0 0 0 0 0 0 0 0 0 0 0 0
0 0 0 0 0 0 0 0 0 0 0 0 0 0 0 0 0 0 0 0 0 0 0 0
69 58 48 27 48 48 54 36 33 47 48 25 62 45 36 49 50 53 66 27 67 36 28 50
15 56 14 9 3 19 31 14 12 47 4 44 44 13 35 67 35 33 67 7 4 16 68 63
2 55 63 39 49 4 61 39 43 6 37 68 50 2 10 25 39 6 43 45 65 35 17 29
51 62 58 0 48 52 69 8 20 40 47 49 56 27 58 36 22 32 66 0 53 3 29 26
0 0 0 0 0 0 0 0 0 0 0 0 0 0 0 0 0 0 0 0 0 0 0 0
0 0 0 0 0 0 0 0 0 0 0 0 0 0 0 0 0 0 0 0 0 0 0 0
63 59 36 8 65 69 68 10 45 47 51 67 31 39 57 25 25 43 50 43 27 24 19 65
66 50 4 47 8 18 45 34 34 13 69 21 47 1 65 7 5 32 50 29 7 0 43 31
64 62 56 30 71 10 49 69 35 2 65 25 61 60 1 31 28 47 53 37 69 22 32 53
44 49 71 54 57 24 53 63 23 9 31 13 60 22 66 27 52 38 16 27 7 5 71 50
0 0 0 0 0 0 0 0 0 0 0 0 0 0 0 0 0 0 0 0 0 0 0 0
0 0 0 0 0 0 0 0 0 0 0 0 0 0 0 0 0 0 0 0 0 0 0 0
60 64 24 18 16 23 51 57 62 31 70 10 58 60 0 47 32 50 29 68 50 20 66 54
41 23 62 7 66 22 33 55 30 48 48 67 55 19 43 47 20 44 30 24 57 47 58 62
63 4 2 40 5 23 30 1 26 43 21 8 51 6 51 50 48 20 63 70 63 40 9 59
13 17 41 19 3 39 14 45 49 62 30 63 57 70 17 15 53 33 47 17 36 49 46 17
0 0 0 0 0 0 0 0 0 0 0 0 0 0 0 0 0 0 0 0 0 0 0 0
0 0 0 0 0 0 0 0 0 0 0 0 0 0 0 0 0 0 0 0 0 0 0 0
52 27 40 15 59 46 20 61 22 52 17 44 21 30 45 25 6 24 68 12 5 29 33 53
16 42 64 50 30 66 57 35 49 56 50 55 53 23 25 64 67 45 10 63 35 56 48 67
62 57 39 58 51 56 50 42 61 5 64 18 36 51 39 45 53 24 16 49 15 67 37 45
58 67 14 0 52 5 40 65 39 40 56 34 43 52 17 17 25 0 4 56 40 67 0 7
0 0 0 0 0 0 0 0 0 0 0 0 0 0 0 0 0 0 0 0 0 0 0 0
0 0 0 0 0 0 0 0 0 0 0 0 0 0 0 0 0 0 0 0 0 0 0 0
32 7 70 2 70 53 34 5 13 62 1 4 57 52 52 29 33 45 0 29 70 8 66 70
48 34 15 18 35 18 65 44 54 35 59 31 53 69 35 47 37 32 52 7 59 12 12 15
59 49 56 35 11 53 0 32 36 7 6 38 48 16 21 61 62 17 52 5 51 62 36 65
37 51 34 33 48 35 18 1 61 0 17 64 26 21 39 6 23 31 71 54 66 16 0 10
0 0 0 0 0 0 0 0 0 0 0 0 0 0 0 0 0 0 0 0 0 0 0 0
0 0 0 0 0 0 0 0 0 0 0 0 0 0 0 0 0 0 0 0 0 0 0 0
30 63 3 1 3 56 59 7 41 11 30 3 23 42 38 7 41 53 12 59 45 47 24 32
48 30 5 3 32 23 1 42 14 20 36 62 42 26 66 62 43 30 31 24 1 46 56 71
11 15 24 68 29 62 21 22 49 47 55 59 24 39 56 18 46 71 35 32 42 17 61 21
64 62 56 22 22 4 31 59 44 70 50 62 54 51 15 47 20 21 38 32 21 12 36 19
0 0 0 0 0 0 0 0 0 0 0 0 0 0 0 0 0 0 0 0 0 0 0 0
0 0 0 0 0 0 0 0 0 0 0 0 0 0 0 0 0 0 0 0 0 0 0 0
32 61 1 7 1 13 24 51 5 71 61 71 71 49 46 43 24 37 61 47 63 18 65 4
6 18 7 18 2 71 39 0 66 5 60 55 21 70 7 68 24 32 50 18 54 44 9 18
66 24 69 29 18 6 45 49 11 40 18 40 70 34 6 52 61 15 47 46 17 15 39 13
20 9 30 43 26 40 45 34 26 19 19 1 1 27 4 45 36 38 71 40 60 43 46 9
0 0 0 0 0 0 0 0 0 0 0 0 0 0 0 0 0 0 0 0 0 0 0 0
0 0 0 0 0 0 0 0 0 0 0 0 0 0 0 0 0 0 0 0 0 0 0 0
2 33 16 23 66 63 67 53 61 30 20 41 4 41 57 66 49 20 38 70 21 61 63 17
24 57 47 14 6 36 37 20 9 63 23 22 4 9 39 33 40 29 57 33 16 31 55 32
50 24 23 68 46 68 69 24 11 32 1 41 50 51 69 60 45 47 18 39 42 69 13 12
23 4 44 19 7 42 20 27 55 22 7 36 36 9 38 11 24 4 48 25 5 51 37 50
0 0 0 0 0 0 0 0 0 0 0 0 0 0 0 0 0 0 0 0 0 0 0 0
0 0 0 0 0 0 0 0 0 0 0 0 0 0 0 0 0 0 0 0 0 0 0 0
65 27 62 35 66 68 40 39 61 11 65 64 49 50 59 44 27 44 27 53 16 22 37 5
55 32 20 31 36 59 69 48 1 57 41 35 33 21 4 38 52 67 1 15 8 69 25 51
35 55 58 20 66 71 8 26 45 19 45 69 41 5 29 22 28 44 7 0 24 50 63 24
36 1 67 68 10 49 40 54 49 49 59 66 41 20 23 34 48 60 27 50 21 37 26 9
0 0 0 0 0 0 0 0 0 0 0 0 0 0 0 0 0 0 0 0 0 0 0 0
0 0 0 0 0 0 0 0 0 0 0 0 0 0 0 0 0 0 0 0 0 0 0 0
66 51 50 6 41 40 9 33 34 53 41 71 59 37 57 39 24 23 26 39 43 61 11 20
29 59 61 26 56 50 2 57 54 66 0 40 7 40 20 68 63 36 39 63 40 13 69 22
53 54 27 33 32 48 37 65 53 16 41 18 11 0 28 57 38 53 39 57 25 19 48 0
42 4 6 44 34 1 47 55 65 57 8 17 19 43 28 25 15 7 46 58 21 57 51 50
0 0 0 0 0 0 0 0 0 0 0 0 0 0 0 0 0 0 0 0 0 0 0 0
0 0 0 0 0 0 0 0 0 0 0 0 0 0 0 0 0 0 0 0 0 0 0 0
12 63 14 37 34 69 36 49 23 24 63 0 50 41 21 40 70 43 23 40 8 19 60 59
24 26 58 22 41 64 21 46 31 51 4 32 11 9 41 60 16 27 26 20 48 37 33 36
12 20 39 38 0 44 20 63 41 23 67 33 43 40 56 28 16 58 38 25 38 56 20 44
12 15 3 9 24 26 70 41 28 13 50 46 49 2 38 21 43 10 1 26 15 25 39 4
0 0 0 0 0 0 0 0 0 0 0 0 0 0 0 0 0 0 0 0 0 0 0 0
0 0 0 0 0 0 0 0 0 0 0 0 0 0 0 0 0 0 0 0 0 0 0 0
54 22 63 4 50 33 33 37 3 43 37 51 18 69 44 57 4 56 45 13 24 57 44 1
45 67 57 61 34 3 42 23 22 50 33 70 23 34 60 8 8 21 5 55 3 56 60 32
31 26 62 51 11 55 2 42 22 14 58 66 61 55 11 51 15 49 24 4 27 16 54 41
36 48 44 68 70 65 71 47 46 4 19 70 15 26 10 17 63 23 14 23 36 4 13 24
0 0 0 0 0 0 0 0 0 0 0 0 0 0 0 0 0 0 0 0 0 0 0 0
0 0 0 0 0 0 0 0 0 0 0 0 0 0 0 0 0 0 0 0 0 0 0 0
39 54 66 4 24 5 41 41 50 1 43 42 60 15 24 61 10 50 32 67 14 9 61 37
31 40 65 9 53 40 14 46 64 1 25 16 10 9 55 35 54 69 47 53 52 66 33 25
8 10 46 47 4 64 51 36 17 50 9 52 13 37 69 40 27 66 71 4 53 21 47 44
19 34 27 43 31 14 50 59 37 20 15 52 49 34 35 67 29 60 12 52 70 19 15 63
0 0 0 0 0 0 0 0 0 0 0 0 0 0 0 0 0 0 0 0 0 0 0 0
0 0 0 0 0 0 0 0 0 0 0 0 0 0 0 0 0 0 0 0 0 0 0 0
51 53 34 71 68 14 39 29 9 39 69 57 30 70 61 58 50 25 25 61 43 71 12 11
21 38 23 48 62 11 8 45 16 35 53 17 35 60 23 18 10 71 52 13 59 30 3 7
33 25 38 42 0 42 18 36 64 16 8 6 24 58 28 26 17 12 27 53 59 51 10 41
30 65 24 36 0 13 16 50 16 43 49 3 59 66 47 57 36 51 46 31 38 67 56 51
0 0 0 0 0 0 0 0 0 0 0 0 0 0 0 0 0 0 0 0 0 0 0 0
0 0 0 0 0 0 0 0 0 0 0 0 0 0 0 0 0 0 0 0 0 0 0 0
13 11 52 50 48 71 32 16 44 44 33 59 8 49 7 22 24 18 39 58 15 68 66 19
25 59 14 69 53 12 48 7 8 68 56 48 8 26 30 39 54 69 34 55 5 59 40 56
29 13 59 2 14 12 14 50 26 67 47 12 32 68 24 39 33 3 22 7 22 28 24 3
16 8 0 4 33 52 0 25 48 3 42 59 66 68 4 15 20 33 9 58 6 67 51 45
0 0 0 0 0 0 0 0 0 0 0 0 0 0 0 0 0 0 0 0 0 0 0 0
0 0 0 0 0 0 0 0 0 0 0 0 0 0 0 0 0 0 0 0 0 0 0 0
39 64 27 58 61 38 35 12 27 56 47 19 64 2 32 67 12 50 45 4 45 59 26 65
38 31 29 28 23 66 40 60 27 57 38 43 54 55 48 40 67 9 47 24 13 69 55 35
6 64 29 6 14 60 20 57 2 22 3 0 7 26 69 37 39 35 1 24 23 47 41 28
58 71 41 34 10 61 37 54 13 71 33 22 59 58 22 50 66 9 55 26 36 27 6 5
0 0 0 0 0 0 0 0 0 0 0 0 0 0 0 0 0 0 0 0 0 0 0 0
0 0 0 0 0 0 0 0 0 0 0 0 0 0 0 0 0 0 0 0 0 0 0 0
36 28 66 54 55 56 0 52 42 7 60 9 48 29 55 68 5 7 11 64 38 65 12 21
17 14 14 35 18 61 56 50 56 1 47 11 32 33 2 14 64 49 11 18 35 69 5 40
70 11 6 43 63 66 50 5 17 61 37 66 61 33 58 59 52 2 59 48 9 44 9 21
34 16 13 69 41 20 64 55 39 7 34 18 62 60 41 15 35 18 3 71 55 21 70 7
0 0 0 0 0 0 0 0 0 0 0 0 0 0 0 0 0 0 0 0 0 0 0 0
0 0 0 0 0 0 0 0 0 0 0 0 0 0 0 0 0 0 0 0 0 0 0 0
0 21 66 28 62 34 9 58 8 42 56 38 58 13 53 15 42 61 39 61 46 47 42 57
9 26 56 19 48 13 39 26 69 69 27 64 62 24 57 33 41 47 35 8 66 21 16 27
54 3 48 34 9 67 67 55 36 19 9 6 19 34 20 34 3 10 4 66 11 18 26 52
20 42 63 40 34 26 12 42 44 59 21 45 5 45 27 63 34 11 0 9 14 34 45 71
0 0 0 0 0 0 0 0 0 0 0 0 0 0 0 0 0 0 0 0 0 0 0 0
0 0 0 0 0 0 0 0 0 0 0 0 0 0 0 0 0 0 0 0 0 0 0 0
40 60 38 53 51 3 68 36 28 10 38 70 23 30 46 41 68 11 41 11 18 56 28 4
65 6 26 32 51 71 13 14 67 8 16 16 41 70 30 0 25 58 47 32 70 37 42 21
67 23 70 40 29 15 52 22 41 61 54 15 56 55 69 19 49 24 13 60 1 41 54 10
66 24 59 10 64 57 14 33 48 64 65 14 37 48 32 35 11 68 26 50 57 22 48 42
0 0 0 0 0 0 0 0 0 0 0 0 0 0 0 0 0 0 0 0 0 0 0 0
0 0 0 0 0 0 0 0 0 0 0 0 0 0 0 0 0 0 0 0 0 0 0 0
25 1 8 6 6 40 23 41 54 28 64 71 61 4 22 29 25 70 13 7 67 63 29 25
4 11 40 22 55 42 36 19 23 71 2 57 4 32 70 34 40 18 48 58 68 29 45 60
13 54 59 71 47 16 36 18 54 28 42 63 70 17 49 23 41 20 11 41 32 46 8 41
34 37 42 32 64 37 10 8 66 14 48 32 56 13 32 57 9 41 37 29 33 62 50 23
0 0 0 0 0 0 0 0 0 0 0 0 0 0 0 0 0 0 0 0 0 0 0 0
0 0 0 0 0 0 0 0 0 0 0 0 0 0 0 0 0 0 0 0 0 0 0 0
16 21 10 26 65 47 46 36 39 5 34 24 26 15 43 71 4 48 20 65 68 40 52 7
61 4 41 49 1 3 40 30 24 16 22 59 55 17 11 21 6 37 63 16 66 40 24 40
17 47 24 44 45 6 3 64 56 47 39 49 43 19 56 23 9 67 40 22 19 63 15 1
46 39 11 9 16 23 38 69 41 71 0 62 1 32 53 10 6 48 42 67 4 10 38 18
0 0 0 0 0 0 0 0 0 0 0 0 0 0 0 0 0 0 0 0 0 0 0 0
0 0 0 0 0 0 0 0 0 0 0 0 0 0 0 0 0 0 0 0 0 0 0 0
53 14 54 59 17 46 52 8 21 24 59 29 8 5 18 9 40 22 63 30 53 71 34 67
48 29 15 19 14 0 70 6 26 37 32 60 70 9 11 16 10 32 21 38 24 33 29 9
50 53 3 46 26 39 38 55 41 3 69 48 11 57 51 37 68 62 28 1 2 5 69 58
59 28 43 10 31 23 11 60 40 27 40 13 23 32 34 38 14 68 18 29 3 58 7 33
0 0 0 0 0 0 0 0 0 0 0 0 0 0 0 0 0 0 0 0 0 0 0 0
0 0 0 0 0 0 0 0 0 0 0 0 0 0 0 0 0 0 0 0 0 0 0 0
65 39 46 10 2 27 24 66 44 22 8 31 47 38 1 40 31 7 38 5 28 42 37 14
38 50 9 1 47 18 6 37 60 13 15 27 16 63 26 43 50 24 23 29 56 52 46 61
19 29 6 40 9 39 2 50 45 19 42 10 22 56 47 64 64 54 41 71 16 6 4 39
57 60 14 69 0 41 61 71 62 1 46 14 45 50 51 27 35 18 66 48 56 10 67 45
0 0 0 0 0 0 0 0 0 0 0 0 0 0 0 0 0 0 0 0 0 0 0 0
0 0 0 0 0 0 0 0 0 0 0 0 0 0 0 0 0 0 0 0 0 0 0 0
20 60 43 13 42 15 55 26 69 36 45 28 19 16 13 24 11 36 23 49 64 61 26 18
36 19 36 31 23 3 3 26 24 15 8 19 57 25 63 68 7 47 62 47 24 55 25 47
6 40 16 25 5 29 64 16 28 46 25 11 58 30 15 3 46 23 6 24 49 31 54 48
46 57 21 22 63 17 63 67 24 5 27 42 14 4 13 66 71 40 22 55 53 36 42 62
0 0 0 0 0 0 0 0 0 0 0 0 0 0 0 0 0 0 0 0 0 0 0 0
0 0 0 0 0 0 0 0 0 0 0 0 0 0 0 0 0 0 0 0 0 0 0 0
66 22 20 32 58 40 27 38 68 66 0 26 2 8 56 5 13 7 15 2 26 61 6 36
71 10 47 68 43 38 30 70 31 46 19 44 9 51 26 34 44 19 44 10 39 52 47 28
10 56 36 47 54 14 50 3 46 16 69 30 34 25 32 24 36 12 62 34 35 40 28 23
51 48 52 68 8 51 39 1 18 8 47 63 46 5 60 49 3 64 12 40 26 44 23 34
0 0 0 0 0 0 0 0 0 0 0 0 0 0 0 0 0 0 0 0 0 0 0 0
0 0 0 0 0 0 0 0 0 0 0 0 0 0 0 0 0 0 0 0 0 0 0 0
22 18 68 64 18 4 61 12 45 23 48 1 41 17 7 42 4 20 42 28 27 9 0 49
10 65 49 26 48 53 5 3 20 60 69 46 58 2 16 5 19 34 49 64 46 64 12 7
61 18 40 34 70 27 6 23 32 47 14 21 10 7 10 18 66 28 21 29 10 66 12 48
53 68 24 51 33 57 41 46 7 64 8 8 1 54 16 54 63 50 48 65 36 45 35 5
0 0 0 0 0 0 0 0 0 0 0 0 0 0 0 0 0 0 0 0 0 0 0 0
0 0 0 0 0 0 0 0 0 0 0 0 0 0 0 0 0 0 0 0 0 0 0 0
43 54 0 53 45 31 53 39 3 45 24 44 62 70 42 44 42 33 21 60 30 55 45 0
33 56 58 0 29 18 18 53 10 30 43 40 40 39 21 25 44 15 35 60 19 12 30 18
61 18 35 62 26 47 17 1 69 68 28 41 35 17 18 27 70 14 44 55 50 22 67 64
2 9 51 31 56 42 47 51 55 49 53 49 25 36 36 71 49 33 15 40 58 46 69 57
0 0 0 0 0 0 0 0 0 0 0 0 0 0 0 0 0 0 0 0 0 0 0 0
0 0 0 0 0 0 0 0 0 0 0 0 0 0 0 0 0 0 0 0 0 0 0 0
13 47 43 18 10 48 5 45 58 21 70 58 47 41 42 51 33 34 22 38 10 6 51 35
64 60 7 39 22 66 2 0 56 69 32 43 13 54 55 12 38 0 45 35 14 11 23 32
4 68 47 24 21 26 17 45 17 57 1 69 65 17 50 38 34 59 56 57 48 52 28 12
43 25 55 27 14 57 29 55 6 33 65 28 36 66 29 9 1 71 30 51 15 24 68 53
0 0 0 0 0 0 0 0 0 0 0 0 0 0 0 0 0 0 0 0 0 0 0 0
0 0 0 0 0 0 0 0 0 0 0 0 0 0 0 0 0 0 0 0 0 0 0 0
70 57 65 59 41 13 30 56 15 17 45 2 70 60 40 8 13 51 20 63 23 21 3 10
40 3 18 61 54 70 2 55 54 35 46 71 41 8 53 71 1 37 69 52 66 40 63 10
24 63 66 13 20 13 30 2 22 59 37 69 45 49 57 46 56 10 0 8 49 29 0 33
32 13 30 7 30 8 56 22 11 53 45 37 38 20 1 15 14 33 3 6 17 63 19 25
0 0 0 0 0 0 0 0 0 0 0 0 0 0 0 0 0 0 0 0 0 0 0 0
0 0 0 0 0 0 0 0 0 0 0 0 0 0 0 0 0 0 0 0 0 0 0 0
47 60 3 23 67 11 42 2 34 35 45 69 28 38 40 37 12 71 64 52 39 46 63 2
10 70 15 4 16 35 64 27 46 15 60 14 41 34 33 50 59 64 17 20 29 7 7 7
6 6 15 26 17 42 41 21 27 24 28 5 47 33 18 46 50 51 4 52 70 26 17 34
57 63 22 63 55 58 66 40 40 5 71 33 25 32 23 42 37 52 69 4 3 11 68 47
0 0 0 0 0 0 0 0 0 0 0 0 0 0 0 0 0 0 0 0 0 0 0 0
0 0 0 0 0 0 0 0 0 0 0 0 0 0 0 0 0 0 0 0 0 0 0 0
26 63 8 34 32 18 70 66 31 12 69 38 30 7 17 70 41 31 34 40 9 66 71 1
27 69 10 36 69 16 53 60 61 41 29 37 12 12 67 35 58 21 4 60 33 42 54 30
59 57 13 45 41 38 69 47 20 23 62 25 44 14 33 22 49 55 68 17 58 46 26 37
64 25 33 31 57 17 45 57 64 7 12 27 6 22 34 20 49 35 40 33 61 67 31 43
0 0 0 0 0 0 0 0 0 0 0 0 0 0 0 0 0 0 0 0 0 0 0 0
0 0 0 0 0 0 0 0 0 0 0 0 0 0 0 0 0 0 0 0 0 0 0 0
62 5 45 14 70 33 56 65 23 49 31 57 67 22 4 52 34 63 70 60 63 62 44 3
48 52 60 1 40 65 26 64 66 4 33 29 46 53 54 13 6 2 9 39 59 25 31 59
37 53 31 19 48 57 17 28 45 68 7 51 50 24 11 14 65 4 29 62 41 36 44 3
0 0 55 71 9 28 71 66 17 57 12 52 24 64 70 68 11 45 38 66 2 66 2 12
0 0 0 0 0 0 0 0 0 0 0 0 0 0 0 0 0 0 0 0 0 0 0 0
0 0 0 0 0 0 0 0 0 0 0 0 0 0 0 0 0 0 0 0 0 0 0 0
39 37 62 17 41 5 15 45 66 29 71 6 21 24 3 20 64 17 21 28 66 69 25 55
66 19 4 12 11 12 27 23 17 26 5 49 35 58 8 33 59 9 6 32 29 68 20 48
67 6 58 65 56 9 54 2 65 52 9 3 45 29 4 56 17 71 26 8 47 46 13 34
56 28 44 41 67 3 47 33 46 5 0 20 41 36 54 65 26 69 39 25 65 0 36 12
0 0 0 0 0 0 0 0 0 0 0 0 0 0 0 0 0 0 0 0 0 0 0 0
0 0 0 0 0 0 0 0 0 0 0 0 0 0 0 0 0 0 0 0 0 0 0 0
69 63 49 58 37 58 31 62 71 21 32 14 19 47 43 5 20 10 70 14 23 36 65 17
37 51 54 64 38 39 33 45 3 43 55 39 31 54 0 33 24 56 55 52 55 69 9 7
50 34 32 70 70 17 4 44 39 33 56 3 60 29 26 16 59 6 44 62 12 52 32 56
9 36 9 9 6 65 66 7 53 28 2 8 70 52 35 9 51 12 48 66 17 65 61 32
0 0 0 0 0 0 0 0 0 0 0 0 0 0 0 0 0 0 0 0 0 0 0 0
0 0 0 0 0 0 0 0 0 0 0 0 0 0 0 0 0 0 0 0 0 0 0 0
36 35 50 34 61 36 71 13 34 31 56 63 46 21 45 33 40 4 21 38 69 65 27 53
55 67 40 34 25 69 52 28 71 53 6 37 24 14 37 0 54 20 22 25 54 5 71 39
37 61 63 14 2 29 50 27 44 52 5 57 13 45 55 55 19 65 23 68 32 34 45 47
69 71 24 70 22 37 9 2 67 23 3 40 34 55 57 8 11 67 68 10 2 31 2 20
0 0 0 0 0 0 0 0 0 0 0 0 0 0 0 0 0 0 0 0 0 0 0 0
0 0 0 0 0 0 0 0 0 0 0 0 0 0 0 0 0 0 0 0 0 0 0 0
50 55 0 57 10 16 59 38 56 52 33 19 18 63 5 5 32 21 58 51 34 29 24 39
35 13 59 60 40 42 6 19 59 41 61 43 15 45 13 59 4 65 64 50 46 55 53 57
63 71 41 0 32 71 20 63 52 44 20 70 26 59 1 38 57 55 12 61 44 16 5 3
22 58 65 8 9 32 17 45 54 27 25 49 43 57 11 6 31 27 68 50 58 9 15 12
0 0 0 0 0 0 0 0 0 0 0 0 0 0 0 0 0 0 0 0 0 0 0 0
0 0 0 0 0 0 0 0 0 0 0 0 0 0 0 0 0 0 0 0 0 0 0 0
64 43 52 7 51 8 6 29 18 28 18 46 46 49 15 39 61 16 17 26 54 68 14 27
39 64 1 54 64 45 18 8 19 0 45 29 3 41 32 49 12 69 19 17 12 54 9 5
20 64 40 19 32 64 9 1 34 61 8 52 10 0 65 38 12 54 47 24 54 6 49 25
32 32 30 70 23 32 35 46 33 9 61 33 9 31 7 4 71 66 65 26 59 18 70 12
0 0 0 0 0 0 0 0 0 0 0 0 0 0 0 0 0 0 0 0 0 0 0 0
0 0 0 0 0 0 0 0 0 0 0 0 0 0 0 0 0 0 0 0 0 0 0 0
21 0 0 13 3 35 14 41 45 27 9 34 15 3 44 71 56 58 16 7 71 21 43 5
64 0 24 3 1 9 38 60 62 40 30 3 26 19 47 54 50 33 4 6 56 66 40 51
37 39 30 67 3 60 36 48 7 55 55 36 59 65 32 17 60 5 67 9 38 41 58 12
60 54 40 22 70 45 40 21 51 71 55 39 25 37 64 28 32 4 55 0 42 27 33 47
0 0 0 0 0 0 0 0 0 0 0 0 0 0 0 0 0 0 0 0 0 0 0 0
0 0 0 0 0 0 0 0 0 0 0 0 0 0 0 0 0 0 0 0 0 0 0 0
56 62 66 45 41 22 30 4 39 24 24 49 30 57 66 2 59 50 56 71 48 61 46 42
57 27 64 59 64 28 67 31 13 23 48 14 71 50 59 10 51 68 11 68 55 13 17 62
59 60 6 5 22 54 1 57 38 4 69 65 19 3 65 10 29 11 39 43 59 36 57 19
9 38 46 49 49 9 22 9 4 17 14 5 53 17 55 18 57 18 46 36 24 50 71 46
0 0 0 0 0 0 0 0 0 0 0 0 0 0 0 0 0 0 0 0 0 0 0 0
0 0 0 0 0 0 0 0 0 0 0 0 0 0 0 0 0 0 0 0 0 0 0 0
26 40 17 43 61 58 39 55 32 59 52 59 28 66 17 0 17 47 66 49 65 34 41 17
20 51 59 37 54 21 54 61 37 40 67 36 19 69 49 37 57 43 49 43 12 57 47 49
33 5 57 42 18 40 11 17 35 14 71 7 35 10 50 11 6 29 26 33 67 11 20 2
42 57 49 19 50 44 51 63 28 4 12 18 70 10 21 6 69 23 42 23 41 60 55 61
0 0 0 0 0 0 0 0 0 0 0 0 0 0 0 0 0 0 0 0 0 0 0 0
0 0 0 0 0 0 0 0 0 0 0 0 0 0 0 0 0 0 0 0 0 0 0 0
19 26 61 36 62 48 22 12 22 46 62 45 70 3 7 54 60 47 6 51 63 3 62 13
3 69 17 20 26 34 37 37 22 40 69 66 61 4 22 16 13 37 31 44 62 42 37 39
22 25 7 53 6 43 5 18 15 47 49 54 39 48 35 16 18 39 40 58 58 3 28 70
8 17 37 10 2 60 31 58 57 23 53 15 13 70 6 6 63 47 34 55 42 52 61 64
0 0 0 0 0 0 0 0 0 0 0 0 0 0 0 0 0 0 0 0 0 0 0 0
0 0 0 0 0 0 0 0 0 0 0 0 0 0 0 0 0 0 0 0 0 0 0 0
13 63 34 34 63 61 6 9 32 3 37 16 44 64 70 20 35 52 15 35 41 0 40 23
45 43 59 15 67 38 26 14 71 41 16 13 30 6 22 68 46 54 67 68 53 7 52 23
46 46 10 20 6 39 19 45 30 70 10 4 66 27 7 11 59 22 62 7 5 22 21 34
71 47 0 50 22 15 14 61 38 41 34 8 61 24 39 27 53 6 58 7 48 67 37 40
0 0 0 0 0 0 0 0 0 0 0 0 0 0 0 0 0 0 0 0 0 0 0 0
0 0 0 0 0 0 0 0 0 0 0 0 0 0 0 0 0 0 0 0 0 0 0 0
45 6 14 44 20 64 19 31 40 10 37 9 22 7 18 5 8 57 66 59 67 45 45 56
4 55 24 2 3 5 38 41 3 33 31 8 56 42 28 58 34 59 16 52 43 63 37 33
21 19 27 1 36 34 61 19 23 54 12 49 68 51 23 42 65 57 46 5 34 24 45 32
43 42 64 6 62 27 24 27 46 64 39 6 13 6 61 8 36 17 34 61 54 37 39 52
0 0 0 0 0 0 0 0 0 0 0 0 0 0 0 0 0 0 0 0 0 0 0 0
0 0 0 0 0 0 0 0 0 0 0 0 0 0 0 0 0 0 0 0 0 0 0 0
6 16 18 8 5 21 6 25 33 69 63 32 27 5 27 2 41 1 5 7 70 20 16 41
32 5 17 8 36 4 15 43 22 56 40 21 14 53 48 54 37 16 18 42 36 54 36 55
30 13 34 23 54 20 65 26 29 56 18 13 22 16 19 31 51 32 17 26 20 28 51 20
41 1 64 13 47 29 64 12 65 5 69 16 57 53 63 64 19 43 54 34 27 37 63 16
0 0 0 0 0 0 0 0 0 0 0 0 0 0 0 0 0 0 0 0 0 0 0 0
0 0 0 0 0 0 0 0 0 0 0 0 0 0 0 0 0 0 0 0 0 0 0 0
46 53 24 29 8 24 64 51 14 53 20 41 52 55 56 10 13 0 59 0 4 52 3 41
29 54 71 31 9 68 33 59 56 57 9 59 71 25 68 31 28 3 62 35 60 35 39 46
30 56 70 70 66 13 58 27 38 30 53 20 45 21 58 61 11 14 5 25 32 4 7 4
12 1 43 9 12 24 37 60 4 4 2 67 52 19 30 14 34 70 24 9 64 22 21 20
0 0 0 0 0 0 0 0 0 0 0 0 0 0 0 0 0 0 0 0 0 0 0 0
0 0 0 0 0 0 0 0 0 0 0 0 0 0 0 0 0 0 0 0 0 0 0 0
35 68 28 37 41 44 61 13 36 41 54 10 71 16 18 32 27 28 56 27 32 39 19 19
53 27 56 23 30 2 4 11 13 16 22 36 0 69 48 15 56 49 1 52 34 11 32 38
37 12 70 47 26 37 19 42 33 58 65 70 50 35 27 54 43 7 62 21 65 33 17 46
17 5 6 29 21 64 7 0 63 4 8 4 27 70 39 6 9 53 6 52 56 16 36 32
0 0 0 0 0 0 0 0 0 0 0 0 0 0 0 0 0 0 0 0 0 0 0 0
0 0 0 0 0 0 0 0 0 0 0 0 0 0 0 0 0 0 0 0 0 0 0 0
5 0 64 55 24 26 65 9 49 70 55 3 49 34 66 40 26 9 28 46 18 9 15 57
53 63 11 67 33 64 17 48 55 20 53 47 10 67 8 29 53 49 43 62 4 58 30 34
71 34 59 1 22 40 62 32 29 25 63 24 44 35 30 37 12 67 14 35 46 12 45 41
8 29 29 65 36 40 1 0 5 43 56 51 30 34 7 29 28 12 6 15 28 53 22 49
0 0 0 0 0 0 0 0 0 0 0 0 0 0 0 0 0 0 0 0 0 0 0 0
0 0 0 0 0 0 0 0 0 0 0 0 0 0 0 0 0 0 0 0 0 0 0 0
9 36 53 19 12 69 15 41 38 47 35 23 2 14 40 10 1 71 45 66 18 4 28 14
9 34 33 48 28 39 69 69 49 6 44 9 42 51 51 33 2 1 48 20 7 17 50 63
71 9 61 70 24 11 57 13 43 70 26 35 3 28 12 18 31 35 44 62 31 36 62 52
49 71 43 39 7 48 22 50 18 0 66 25 68 36 42 27 54 17 21 38 25 63 11 50
0 0 0 0 0 0 0 0 0 0 0 0 0 0 0 0 0 0 0 0 0 0 0 0
0 0 0 0 0 0 0 0 0 0 0 0 0 0 0 0 0 0 0 0 0 0 0 0
26 38 51 17 19 68 37 52 44 35 5 67 4 5 9 12 34 8 43 28 69 53 9 59
40 50 7 45 19 67 64 30 17 12 56 53 31 54 25 57 40 27 51 9 35 1 10 22
67 60 65 25 58 24 55 33 38 15 4 16 58 44 35 33 64 59 14 18 39 67 47 50
38 2 50 11 31 40 5 18 53 67 33 68 43 4 55 37 34 48 56 63 61 57 13 63
0 0 0 0 0 0 0 0 0 0 0 0 0 0 0 0 0 0 0 0 0 0 0 0
0 0 0 0 0 0 0 0 0 0 0 0 0 0 0 0 0 0 0 0 0 0 0 0
19 18 20 70 58 67 60 13 52 37 46 48 45 30 19 16 7 42 11 70 44 48 66 60
40 70 2 41 60 66 12 36 37 12 40 35 38 8 28 58 60 53 17 66 8 64 51 10
46 5 9 58 34 22 11 47 59 25 0 51 0 54 23 62 9 39 23 8 56 37 26 66
0 17 32 28 9 59 24 28 53 68 60 34 57 34 44 35 44 44 43 35 36 31 50 53
0 0 0 0 0 0 0 0 0 0 0 0 0 0 0 0 0 0 0 0 0 0 0 0
0 0 0 0 0 0 0 0 0 0 0 0 0 0 0 0 0 0 0 0 0 0 0 0
17 70 12 57 38 10 21 70 12 38 41 51 69 17 53 25 70 59 55 53 0 54 66 30
21 25 37 67 71 43 68 13 32 10 49 14 44 71 15 34 36 2 44 19 46 4 34 41
23 49 23 54 58 33 24 51 57 32 31 26 71 5 58 30 25 70 64 48 63 35 21 7
39 4 64 5 45 3 33 54 32 22 35 45 28 16 0 62 55 71 34 31 51 21 61 61
0 0 0 0 0 0 0 0 0 0 0 0 0 0 0 0 0 0 0 0 0 0 0 0
0 0 0 0 0 0 0 0 0 0 0 0 0 0 0 0 0 0 0 0 0 0 0 0
53 68 58 35 55 21 9 5 53 42 22 19 71 27 69 70 56 33 23 60 2 14 16 27
2 59 15 33 31 56 38 31 38 16 9 5 28 23 70 53 3 51 55 43 71 44 28 4
9 31 7 55 6 43 29 67 6 63 42 60 0 45 59 24 8 20 65 71 12 22 44 2
71 8 17 26 21 12 20 27 10 62 11 6 5 6 4 7 15 64 9 70 17 3 44 45
0 0 0 0 0 0 0 0 0 0 0 0 0 0 0 0 0 0 0 0 0 0 0 0
0 0 0 0 0 0 0 0 0 0 0 0 0 0 0 0 0 0 0 0 0 0 0 0
0 38 65 66 43 48 22 56 50 22 60 34 70 43 35 21 14 60 3 69 20 11 44 2
13 7 70 10 67 68 27 54 28 53 25 68 7 32 67 68 28 7 41 22 66 31 40 59
13 53 24 63 20 25 51 5 41 23 15 21 63 18 13 7 46 25 28 57 43 62 0 4
63 28 27 54 29 2 19 54 11 32 13 69 56 19 0 23 43 54 70 3 2 50 22 3
0 0 0 0 0 0 0 0 0 0 0 0 0 0 0 0 0 0 0 0 0 0 0 0
0 0 0 0 0 0 0 0 0 0 0 0 0 0 0 0 0 0 0 0 0 0 0 0
12 18 7 1 43 34 37 54 56 52 20 46 22 13 62 50 66 14 6 60 12 71 62 20
56 13 55 43 55 38 0 65 37 68 49 0 68 39 38 56 58 37 64 5 70 58 52 10
58 66 15 61 47 48 69 0 15 60 22 60 33 15 43 49 60 48 42 31 25 19 19 1
45 13 69 51 61 41 18 14 68 21 59 56 70 60 57 70 11 18 28 44 61 49 34 60
0 0 0 0 0 0 0 0 0 0 0 0 0 0 0 0 0 0 0 0 0 0 0 0
0 0 0 0 0 0 0 0 0 0 0 0 0 0 0 0 0 0 0 0 0 0 0 0
5 68 6 36 22 59 64 29 51 9 52 26 24 15 64 70 37 23 22 34 27 46 70 55
2 41 44 29 27 42 69 1 68 6 14 2 2 48 40 59 23 35 41 18 44 54 9 22
1 44 11 61 2 6 70 15 27 31 21 8 70 45 36 39 50 28 9 53 40 9 22 0
62 7 32 49 33 52 49 57 48 56 60 59 10 52 49 31 6 18 42 2 47 16 67 2
0 0 0 0 0 0 0 0 0 0 0 0 0 0 0 0 0 0 0 0 0 0 0 0
0 0 0 0 0 0 0 0 0 0 0 0 0 0 0 0 0 0 0 0 0 0 0 0
40 34 26 23 63 51 44 46 16 67 61 52 60 67 61 16 3 57 47 2 6 30 41 9
62 33 1 26 52 36 22 17 19 9 5 57 2 70 46 42 65 50 69 19 14 57 61 48
48 38 18 32 3 55 54 35 28 66 59 6 30 57 23 56 26 37 46 24 55 0 69 61
49 27 7 20 46 51 58 18 22 67 71 18 32 20 11 0 21 53 32 35 69 20 55 18
0 0 0 0 0 0 0 0 0 0 0 0 0 0 0 0 0 0 0 0 0 0 0 0
0 0 0 0 0 0 0 0 0 0 0 0 0 0 0 0 0 0 0 0 0 0 0 0
37 19 47 33 53 44 56 30 19 26 71 71 6 42 20 18 17 42 38 37 41 22 26 7
66 3 60 63 24 14 1 43 3 21 51 32 44 20 70 6 46 59 55 6 15 68 33 45
17 2 41 14 68 61 6 51 41 52 13 15 71 29 65 37 58 25 13 50 35 16 60 14
32 16 14 7 62 44 55 29 4 14 15 68 23 39 29 65 68 64 14 9 0 42 56 53
0 0 0 0 0 0 0 0 0 0 0 0 0 0 0 0 0 0 0 0 0 0 0 0
0 0 0 0 0 0 0 0 0 0 0 0 0 0 0 0 0 0 0 0 0 0 0 0
5 61 37 68 71 49 6 6 60 32 60 45 37 61 14 41 40 50 60 45 51 29 69 51
54 3 21 48 53 46 39 47 1 41 65 23 65 7 64 42 7 26 29 64 17 13 44 19
25 21 52 23 66 63 57 20 57 67 43 56 2 71 16 54 61 40 18 28 64 10 47 17
6 9 35 2 12 0 12 26 67 58 71 67 69 57 22 44 39 66 2 38 57 46 69 36
0 0 0 0 0 0 0 0 0 0 0 0 0 0 0 0 0 0 0 0 0 0 0 0
0 0 0 0 0 0 0 0 0 0 0 0 0 0 0 0 0 0 0 0 0 0 0 0
70 14 35 35 2 59 53 2 42 31 62 1 46 61 34 61 11 37 1 31 0 31 71 30
59 46 19 17 46 64 32 12 21 36 33 45 43 61 66 43 57 37 51 6 6 5 4 35
11 63 49 44 24 16 7 50 58 20 18 65 15 45 70 29 59 52 19 35 18 33 9 13
27 45 10 43 25 70 23 15 0 6 0 35 18 36 71 46 68 59 30 56 18 37 31 9
0 0 0 0 0 0 0 0 0 0 0 0 0 0 0 0 0 0 0 0 0 0 0 0
0 0 0 0 0 0 0 0 0 0 0 0 0 0 0 0 0 0 0 0 0 0 0 0
29 69 50 4 14 69 39 18 30 22 63 70 6 33 21 10 20 29 53 3 71 35 69 71
17 11 55 40 18 71 61 32 59 9 17 69 50 22 1 45 0 59 5 16 48 37 63 23
0 25 64 63 28 70 12 43 66 27 59 11 7 63 55 58 2 62 2 21 43 10 19 4
7 54 11 26 28 52 45 41 55 26 43 14 26 43 39 52 4 4 39 54 8 61 66 34
0 0 0 0 0 0 0 0 0 0 0 0 0 0 0 0 0 0 0 0 0 0 0 0
0 0 0 0 0 0 0 0 0 0 0 0 0 0 0 0 0 0 0 0 0 0 0 0
41 17 16 51 46 42 46 1 28 10 51 51 65 14 12 34 66 36 64 12 8 42 59 2
67 5 35 15 46 49 57 33 69 33 60 17 21 64 57 51 7 43 12 60 68 21 16 30
11 46 6 57 10 0 41 27 15 47 40 25 56 33 10 29 61 8 38 26 4 18 37 37
51 65 43 62 42 44 1 42 60 29 16 67 27 59 45 6 14 26 41 41 35 15 34 65
0 0 0 0 0 0 0 0 0 0 0 0 0 0 0 0 0 0 0 0 0 0 0 0
0 0 0 0 0 0 0 0 0 0 0 0 0 0 0 0 0 0 0 0 0 0 0 0
13 19 3 30 63 30 7 54 2 33 2 7 19 26 4 46 55 16 45 7 33 34 1 9
50 40 4 21 37 61 53 24 4 30 10 24 5 0 38 14 50 7 25 2 16 25 39 3
34 24 53 3 37 40 35 11 12 34 22 3 32 69 9 68 46 26 71 25 14 33 52 9
68 2 45 52 45 50 41 15 1 66 7 21 35 37 50 57 64 40 55 33 60 21 10 39
0 0 0 0 0 0 0 0 0 0 0 0 0 0 0 0 0 0 0 0 0 0 0 0
0 0 0 0 0 0 0 0 0 0 0 0 0 0 0 0 0 0 0 0 0 0 0 0
29 6 59 36 66 8 12 48 21 17 59 14 22 42 26 55 26 69 6 52 31 10 30 60
26 11 36 55 13 71 61 57 29 4 69 34 28 32 48 50 20 45 3 33 60 57 36 48
32 30 41 50 39 40 53 40 21 35 68 12 50 35 55 22 43 55 12 9 58 26 58 48
45 60 51 24 14 64 51 22 42 51 26 22 65 27 41 69 52 31 18 57 29 63 8 54
0 0 0 0 0 0 0 0 0 0 0 0 0 0 0 0 0 0 0 0 0 0 0 0
0 0 0 0 0 0 0 0 0 0 0 0 0 0 0 0 0 0 0 0 0 0 0 0
3 1 8 0 12 0 22 33 6 9 65 30 24 0 53 50 49 60 62 63 62 19 42 65
67 1 56 34 5 26 8 27 69 7 69 40 33 45 58 16 11 38 30 35 56 41 39 17
7 45 22 57 68 32 19 64 4 63 50 34 52 24 21 52 21 57 56 25 7 49 18 57
13 4 3 22 34 33 1 27 39 26 25 53 9 11 15 10 23 67 63 22 29 56 56 5
0 0 0 0 0 0 0 0 0 0 0 0 0 0 0 0 0 0 0 0 0 0 0 0
0 0 0 0 0 0 0 0 0 0 0 0 0 0 0 0 0 0 0 0 0 0 0 0
67 15 32 44 61 7 30 20 18 58 64 33 26 70 51 13 54 55 47 41 10 38 18 4
23 6 60 71 22 70 12 27 4 5 20 51 45 61 30 31 44 34 59 6 4 31 17 45
66 29 37 27 16 33 46 25 54 16 64 44 42 9 69 9 16 11 66 3 60 54 24 62
59 34 57 69 19 45 49 69 15 56 4 41 40 22 3 8 11 9 68 71 33 69 58 5
0 0 0 0 0 0 0 0 0 0 0 0 0 0 0 0 0 0 0 0 0 0 0 0
0 0 0 0 0 0 0 0 0 0 0 0 0 0 0 0 0 0 0 0 0 0 0 0
49 18 44 28 46 59 40 69 33 60 7 64 67 10 33 15 20 51 25 67 58 66 41 32
35 33 40 37 30 57 3 64 61 27 11 51 22 60 15 23 26 51 29 69 43 0 63 22
0 6 26 40 60 42 13 58 9 7 24 57 33 49 48 47 64 70 49 40 8 0 56 4
17 46 57 0 0 22 6 57 17 27 36 30 54 25 11 56 23 31 32 27 22 14 41 25
0 0 0 0 0 0 0 0 0 0 0 0 0 0 0 0 0 0 0 0 0 0 0 0
0 0 0 0 0 0 0 0 0 0 0 0 0 0 0 0 0 0 0 0 0 0 0 0
1 5 47 37 44 69 38 7 71 50 2 45 29 7 35 28 68 37 50 30 16 65 0 3
55 45 10 32 60 7 0 8 56 1 35 69 54 27 32 55 58 20 39 47 69 62 19 50
18 55 48 45 32 44 21 40 2 0 71 14 55 39 9 63 14 4 69 48 39 38 44 18
71 70 66 4 22 59 64 10 27 11 8 19 68 13 60 12 30 65 28 48 45 66 6 8
0 0 0 0 0 0 0 0 0 0 0 0 0 0 0 0 0 0 0 0 0 0 0 0
0 0 0 0 0 0 0 0 0 0 0 0 0 0 0 0 0 0 0 0 0 0 0 0
27 12 53 21 65 70 25 4 21 27 23 70 27 58 67 35 66 26 49 31 1 62 28 30
31 15 44 21 42 16 25 16 39 51 58 18 41 31 21 20 47 22 14 46 25 61 62 6
21 55 34 36 54 2 28 7 41 46 60 20 10 20 46 48 59 57 10 29 37 2 44 54
64 28 31 69 13 28 7 6 57 20 13 40 53 37 50 56 12 71 9 46 42 13 48 3
0 0 0 0 0 0 0 0 0 0 0 0 0 0 0 0 0 0 0 0 0 0 0 0
0 0 0 0 0 0 0 0 0 0 0 0 0 0 0 0 0 0 0 0 0 0 0 0
21 67 6 17 62 22 36 63 5 15 54 8 70 27 22 5 23 39 32 7 69 1 24 15
41 68 37 42 34 65 3 14 4 15 56 63 37 61 30 20 68 51 45 66 61 42 61 28
56 10 50 11 13 27 28 36 45 30 31 35 65 5 61 42 33 7 24 15 18 16 43 33
24 52 70 31 29 5 48 44 7 33 9 12 23 65 45 34 2 51 56 36 52 48 14 42
0 0 0 0 0 0 0 0 0 0 0 0 0 0 0 0 0 0 0 0 0 0 0 0
0 0 0 0 0 0 0 0 0 0 0 0 0 0 0 0 0 0 0 0 0 0 0 0
2 69 10 56 23 50 52 5 1 3 37 3 62 41 14 59 27 13 51 2 66 50 64 50
3 63 53 8 25 58 66 34 15 30 58 26 27 0 32 12 23 52 42 27 59 61 44 58
45 47 39 65 66 53 16 69 30 41 26 27 56 27 33 40 48 50 50 53 54 11 49 41
62 36 17 44 51 51 26 9 55 34 62 58 54 9 71 50 9 55 18 22 5 26 42 32
0 0 0 0 0 0 0 0 0 0 0 0 0 0 0 0 0 0 0 0 0 0 0 0
0 0 0 0 0 0 0 0 0 0 0 0 0 0 0 0 0 0 0 0 0 0 0 0
35 20 1 27 33 68 37 33 53 7 25 5 38 63 28 13 35 32 10 69 66 57 2 43
7 64 39 67 59 13 13 43 26 10 68 14 68 53 37 52 24 46 3 52 36 63 37 12
49 17 30 10 43 22 50 40 19 52 53 32 36 21 1 9 58 51 1 15 57 25 48 33
71 63 6 49 13 24 61 16 39 33 28 55 59 38 57 14 15 65 19 52 26 68 60 51
0 0 0 0 0 0 0 0 0 0 0 0 0 0 0 0 0 0 0 0 0 0 0 0
0 0 0 0 0 0 0 0 0 0 0 0 0 0 0 0 0 0 0 0 0 0 0 0
20 39 57 16 24 68 16 44 38 22 8 57 70 43 17 62 10 43 17 61 3 2 12 41
26 56 20 28 10 0 22 44 5 37 24 53 34 4 26 34 43 34 71 49 16 33 48 1
2 1 30 18 37 5 10 26 12 58 25 21 58 71 59 17 2 57 38 36 2 45 36 28
43 16 70 50 71 42 62 71 28 47 8 60 3 23 14 71 50 10 51 25 13 42 71 25
0 0 0 0 0 0 0 0 0 0 0 0 0 0 0 0 0 0 0 0 0 0 0 0
0 0 0 0 0 0 0 0 0 0 0 0 0 0 0 0 0 0 0 0 0 0 0 0
23 0 54 33 63 35 71 40 33 40 52 21 12 36 11 54 64 30 57 62 51 12 41 63
13 60 9 71 56 10 29 54 11 31 26 0 38 10 11 53 36 35 7 58 1 65 47 19
38 40 58 66 46 62 25 46 28 60 28 16 25 1 54 21 16 31 37 11 61 60 37 7
3 64 3 16 19 48 20 16 41 26 56 9 43 54 70 29 65 71 62 65 48 68 71 19
0 0 0 0 0 0 0 0 0 0 0 0 0 0 0 0 0 0 0 0 0 0 0 0
0 0 0 0 0 0 0 0 0 0 0 0 0 0 0 0 0 0 0 0 0 0 0 0
41 2 62 2 35 43 45 6 52 17 30 71 32 25 33 18 64 70 37 30 45 38 51 41
1 7 14 7 66 3 69 13 51 47 27 54 34 53 19 10 17 0 13 19 39 5 47 65
46 57 59 39 7 70 48 44 20 35 70 4 1 37 66 0 53 18 69 37 39 43 15 3
14 38 54 40 45 60 5 63 62 1 18 21 46 6 24 23 12 62 43 26 38 2 58 9
0 0 0 0 0 0 0 0 0 0 0 0 0 0 0 0 0 0 0 0 0 0 0 0
0 0 0 0 0 0 0 0 0 0 0 0 0 0 0 0 0 0 0 0 0 0 0 0
7 3 54 43 28 51 67 51 63 64 34 50 19 50 30 45 40 4 67 9 62 41 35 49
29 51 51 69 67 53 59 4 42 40 49 69 31 8 59 14 65 64 64 15 53 36 48 4
8 63 52 68 27 39 4 21 17 49 8 59 41 40 42 59 21 38 9 26 21 14 64 46
25 13 40 40 2 8 12 5 27 38 39 1 14 35 43 65 53 4 54 41 8 29 10 2
0 0 0 0 0 0 0 0 0 0 0 0 0 0 0 0 0 0 0 0 0 0 0 0
0 0 0 0 0 0 0 0 0 0 0 0 0 0 0 0 0 0 0 0 0 0 0 0
14 54 13 54 25 64 64 46 54 28 36 8 30 63 3 42 13 14 43 11 69 24 21 55
68 22 7 29 41 12 15 10 43 25 36 15 63 46 41 12 55 16 25 61 58 4 49 5
10 26 24 37 44 7 54 59 2 62 36 44 10 40 63 30 7 66 30 60 22 15 64 24
1 69 71 45 71 7 42 39 25 60 45 41 42 31 42 61 62 34 20 49 14 31 62 50
0 0 0 0 0 0 0 0 0 0 0 0 0 0 0 0 0 0 0 0 0 0 0 0
0 0 0 0 0 0 0 0 0 0 0 0 0 0 0 0 0 0 0 0 0 0 0 0
10 59 71 50 36 11 63 50 0 64 38 14 50 51 17 51 31 51 50 66 39 41 40 13
26 34 38 40 46 8 53 71 64 9 32 10 71 15 9 41 65 49 5 15 6 51 29 55
58 40 19 30 28 37 5 16 25 27 0 53 52 47 59 20 10 9 60 28 25 25 54 55
14 57 31 0 71 69 71 4 56 48 28 8 48 5 2 48 45 63 22 63 68 27 20 44
0 0 0 0 0 0 0 0 0 0 0 0 0 0 0 0 0 0 0 0 0 0 0 0
0 0 0 0 0 0 0 0 0 0 0 0 0 0 0 0 0 0 0 0 0 0 0 0
35 24 68 65 27 56 26 1 14 50 35 12 63 7 15 8 41 20 24 47 25 13 11 25
55 19 24 68 29 46 21 62 52 17 34 20 45 41 23 65 55 65 30 46 60 71 29 15
40 30 6 4 28 66 36 24 3 58 35 27 20 11 30 27 56 54 14 62 24 53 37 37
71 16 69 0 70 17 65 35 37 17 13 65 2 17 13 21 36 35 56 13 26 15 13 4
0 0 0 0 0 0 0 0 0 0 0 0 0 0 0 0 0 0 0 0 0 0 0 0
0 0 0 0 0 0 0 0 0 0 0 0 0 0 0 0 0 0 0 0 0 0 0 0
13 42 37 48 41 46 37 55 25 4 22 14 9 4 68 29 54 4 48 42 15 30 57 34
3 46 44 6 43 46 64 15 43 16 10 6 29 14 21 19 25 41 38 44 66 51 22 66
12 63 4 61 0 57 12 5 2 25 27 6 14 47 29 9 16 17 23 66 66 33 27 67
35 7 52 25 69 0 61 22 17 37 39 48 41 22 62 22 31 15 54 7 4 58 32 36
0 0 0 0 0 0 0 0 0 0 0 0 0 0 0 0 0 0 0 0 0 0 0 0
0 0 0 0 0 0 0 0 0 0 0 0 0 0 0 0 0 0 0 0 0 0 0 0
44 71 50 28 71 35 12 61 0 62 59 1 7 47 11 52 37 49 42 21 13 5 29 49
65 8 21 27 54 49 21 57 19 15 55 43 42 70 35 0 26 55 40 45 70 25 30 8
44 43 10 11 11 63 51 12 6 59 65 33 27 15 56 39 48 19 7 47 12 37 57 40
70 53 63 44 66 67 27 64 4 28 27 13 22 15 38 48 28 25 2 67 20 12 66 59
0 0 0 0 0 0 0 0 0 0 0 0 0 0 0 0 0 0 0 0 0 0 0 0
0 0 0 0 0 0 0 0 0 0 0 0 0 0 0 0 0 0 0 0 0 0 0 0
5 68 0 65 27 13 67 32 58 49 0 71 54 42 44 61 13 14 10 48 14 8 24 15
60 49 30 17 39 12 29 44 48 63 0 61 23 50 59 35 21 13 41 4 5 10 55 2
65 44 28 37 6 29 32 45 23 9 10 10 23 13 70 30 68 66 1 47 7 34 49 4
23 26 40 28 12 37 53 40 24 50 9 28 0 35 5 2 3 12 60 62 59 54 29 47
0 0 0 0 0 0 0 0 0 0 0 0 0 0 0 0 0 0 0 0 0 0 0 0
0 0 0 0 0 0 0 0 0 0 0 0 0 0 0 0 0 0 0 0 0 0 0 0
35 52 70 4 67 13 0 22 27 28 69 65 37 3 0 48 40 37 51 62 57 30 37 48
71 6 47 70 57 43 48 41 22 34 33 13 26 7 43 55 35 44 46 45 42 46 36 2
7 12 6 10 43 21 69 21 15 5 43 2 35 15 43 46 45 15 71 26 28 42 30 62
9 27 60 38 20 1 7 66 55 34 7 31 53 24 2 58 47 6 11 62 60 47 32 55
0 0 0 0 0 0 0 0 0 0 0 0 0 0 0 0 0 0 0 0 0 0 0 0
0 0 0 0 0 0 0 0 0 0 0 0 0 0 0 0 0 0 0 0 0 0 0 0
4 24 33 61 4 64 47 9 19 2 68 32 20 61 2 13 55 58 0 43 51 52 44 24
31 18 56 14 9 36 32 17 12 25 28 57 71 20 40 54 33 8 0 63 33 60 46 17
46 21 38 24 43 10 15 62 71 60 58 12 60 34 45 65 50 65 30 38 56 43 58 58
23 51 37 49 20 39 68 49 66 37 60 29 47 47 43 56 20 41 37 27 46 65 17 12
0 0 0 0 0 0 0 0 0 0 0 0 0 0 0 0 0 0 0 0 0 0 0 0
0 0 0 0 0 0 0 0 0 0 0 0 0 0 0 0 0 0 0 0 0 0 0 0
1 0 49 3 1 39 28 6 62 34 6 71 54 30 48 52 70 21 21 29 1 0 8 48
54 23 44 7 5 19 68 29 45 7 58 8 3 27 52 6 22 60 30 9 44 43 67 44
63 62 37 14 50 55 6 21 3 5 33 35 50 38 14 47 25 52 19 45 11 49 65 27
65 61 14 69 44 30 36 14 3 18 14 14 7 28 0 7 33 17 9 39 68 28 66 40
0 0 0 0 0 0 0 0 0 0 0 0 0 0 0 0 0 0 0 0 0 0 0 0
0 0 0 0 0 0 0 0 0 0 0 0 0 0 0 0 0 0 0 0 0 0 0 0
39 7 71 49 67 43 69 66 20 2 18 11 17 44 45 25 67 29 58 71 62 36 14 42
5 26 38 30 8 17 69 37 6 4 14 49 31 54 46 24 6 36 57 6 30 61 0 42
56 43 36 9 7 21 57 49 33 13 62 38 8 65 67 65 20 51 33 50 59 67 4 31
17 34 44 3 16 66 64 35 30 19 3 27 30 11 15 24 49 58 29 50 42 18 38 48
0 0 0 0 0 0 0 0 0 0 0 0 0 0 0 0 0 0 0 0 0 0 0 0
0 0 0 0 0 0 0 0 0 0 0 0 0 0 0 0 0 0 0 0 0 0 0 0
49 11 21 61 29 6 39 43 3 61 43 22 33 21 17 9 52 58 15 17 35 36 59 62
14 62 18 48 20 32 43 9 29 37 12 24 22 66 49 53 47 9 23 38 47 66 58 66
6 39 60 68 67 21 11 13 29 1 45 50 56 33 7 69 64 22 13 52 50 12 60 18
24 6 15 26 21 14 24 9 43 16 31 64 42 50 30 58 18 46 61 71 0 35 22 10
0 0 0 0 0 0 0 0 0 0 0 0 0 0 0 0 0 0 0 0 0 0 0 0
0 0 0 0 0 0 0 0 0 0 0 0 0 0 0 0 0 0 0 0 0 0 0 0
70 35 46 66 6 2 39 50 50 2 65 61 39 48 64 41 42 27 6 64 6 68 32 51
41 32 41 4 43 69 25 6 18 9 60 24 65 0 47 48 12 45 25 35 40 18 13 28
32 9 11 45 29 63 63 16 24 47 13 2 23 26 24 57 46 55 27 36 5 31 56 16
16 51 55 68 70 37 44 32 67 40 61 71 29 45 51 1 69 53 39 34 7 28 71 7
0 0 0 0 0 0 0 0 0 0 0 0 0 0 0 0 0 0 0 0 0 0 0 0
0 0 0 0 0 0 0 0 0 0 0 0 0 0 0 0 0 0 0 0 0 0 0 0
24 38 65 11 5 38 68 5 66 1 35 37 58 30 28 37 2 47 40 37 6 29 16 47
26 2 66 8 12 8 25 27 48 70 32 9 9 2 14 7 30 53 24 19 47 54 69 31
16 8 7 22 37 8 9 52 17 56 11 57 15 42 57 69 46 53 70 43 34 22 1 0
33 21 55 13 70 59 25 71 16 6 23 5 50 54 38 46 57 25 32 65 13 6 32 9
0 0 0 0 0 0 0 0 0 0 0 0 0 0 0 0 0 0 0 0 0 0 0 0
0 0 0 0 0 0 0 0 0 0 0 0 0 0 0 0 0 0 0 0 0 0 0 0
62 55 17 11 9 22 18 17 11 0 42 54 53 66 31 49 57 29 13 39 39 65 38 23
30 27 31 7 3 44 1 68 27 13 63 43 7 49 33 26 21 50 20 67 41 8 32 27
41 0 56 23 17 9 13 55 19 52 66 56 31 10 12 38 28 18 38 26 38 15 29 14
16 55 53 5 24 6 57 40 12 59 2 34 57 69 48 55 35 47 0 5 71 25 44 9
0 0 0 0 0 0 0 0 0 0 0 0 0 0 0 0 0 0 0 0 0 0 0 0
0 0 0 0 0 0 0 0 0 0 0 0 0 0 0 0 0 0 0 0 0 0 0 0
61 1 23 33 6 70 58 0 49 29 48 52 65 31 66 50 21 62 37 61 70 69 70 26
40 12 60 27 54 6 5 42 71 3 69 7 18 15 53 63 0 25 16 25 30 23 71 19
16 60 56 9 28 58 43 7 51 3 53 56 63 27 66 41 35 61 27 29 8 65 53 3
30 70 69 22 39 58 11 21 62 35 10 13 64 44 50 67 49 64 56 46 48 49 59 6
0 0 0 0 0 0 0 0 0 0 0 0 0 0 0 0 0 0 0 0 0 0 0 0
0 0 0 0 0 0 0 0 0 0 0 0 0 0 0 0 0 0 0 0 0 0 0 0
14 39 57 2 59 28 60 65 66 45 68 11 48 65 56 14 70 56 20 30 60 45 33 9
52 40 5 44 55 67 70 54 38 64 49 52 29 65 54 10 28 42 60 52 36 31 64 51
22 60 61 28 63 23 50 19 20 31 41 53 51 16 27 66 8 42 4 46 59 55 9 6
26 21 21 63 35 22 20 17 9 37 43 59 9 58 8 63 33 56 2 49 52 18 30 11
0 0 0 0 0 0 0 0 0 0 0 0 0 0 0 0 0 0 0 0 0 0 0 0
0 0 0 0 0 0 0 0 0 0 0 0 0 0 0 0 0 0 0 0 0 0 0 0
48 44 70 12 60 32 68 4 28 7 21 10 5 46 19 12 16 38 50 42 65 7 52 28
46 33 67 35 57 22 16 56 55 6 21 64 43 4 14 34 17 23 17 22 32 46 10 60
29 32 60 41 24 67 5 37 39 48 44 25 18 40 2 18 58 60 48 35 56 7 21 70
14 69 70 0 64 6 14 48 29 43 24 11 50 69 54 16 63 51 46 21 6 71 1 0
0 0 0 0 0 0 0 0 0 0 0 0 0 0 0 0 0 0 0 0 0 0 0 0
0 0 0 0 0 0 0 0 0 0 0 0 0 0 0 0 0 0 0 0 0 0 0 0
17 6 20 9 2 53 58 41 33 42 54 62 57 71 46 51 71 29 26 54 39 70 22 17
5 63 70 43 63 32 47 55 21 64 31 21 40 29 23 0 62 15 17 19 66 43 26 1
60 21 48 63 54 15 38 0 2 36 63 48 27 45 63 62 11 12 43 32 39 3 0 59
13 60 62 4 39 23 64 3 70 13 1 14 41 66 18 62 59 30 9 42 5 44 2 48
0 0 0 0 0 0 0 0 0 0 0 0 0 0 0 0 0 0 0 0 0 0 0 0
0 0 0 0 0 0 0 0 0 0 0 0 0 0 0 0 0 0 0 0 0 0 0 0
64 41 69 61 8 49 39 64 0 57 68 8 36 67 21 27 56 7 54 65 7 35 2 35
1 70 57 34 9 34 43 37 36 8 57 1 49 42 0 27 65 37 8 54 4 49 49 45
49 13 53 43 11 64 60 4 8 56 8 65 10 6 29 38 2 66 22 17 39 27 30 10
58 63 68 45 14 27 39 14 71 57 50 63 29 64 64 33 42 21 26 26 28 42 49 33
0 0 0 0 0 0 0 0 0 0 0 0 0 0 0 0 0 0 0 0 0 0 0 0
0 0 0 0 0 0 0 0 0 0 0 0 0 0 0 0 0 0 0 0 0 0 0 0
50 28 69 18 33 61 11 34 9 47 20 64 27 3 53 58 20 33 49 6 61 62 40 4
33 31 1 10 49 65 53 52 42 13 53 61 27 7 2 53 59 57 39 32 21 0 22 38
34 31 28 12 1 3 5 59 15 49 15 34 2 65 24 4 7 19 53 64 54 62 15 57
69 32 54 39 56 27 49 71 67 57 9 61 34 8 60 6 6 32 60 22 0 6 68 37
0 0 0 0 0 0 0 0 0 0 0 0 0 0 0 0 0 0 0 0 0 0 0 0
0 0 0 0 0 0 0 0 0 0 0 0 0 0 0 0 0 0 0 0 0 0 0 0
0 67 0 61 45 57 11 69 4 55 48 46 54 56 0 25 47 8 38 26 57 13 44 61
1 23 50 57 18 0 53 2 20 62 59 21 34 36 19 8 38 54 12 39 22 47 5 10
36 63 56 71 2 55 70 13 41 59 41 68 35 24 71 24 71 52 50 4 60 31 17 62
29 12 35 10 27 54 7 1 56 11 12 19 27 13 29 31 49 32 69 19 16 43 44 45
0 0 0 0 0 0 0 0 0 0 0 0 0 0 0 0 0 0 0 0 0 0 0 0
0 0 0 0 0 0 0 0 0 0 0 0 0 0 0 0 0 0 0 0 0 0 0 0
24 54 52 23 16 40 69 13 60 42 36 7 9 7 55 69 34 57 24 66 67 8 32 14
0 11 5 68 24 14 9 39 46 19 9 0 61 30 45 58 33 14 8 23 40 60 0 46
58 46 71 57 71 9 65 31 20 19 47 34 38 13 67 33 1 3 71 68 6 66 48 42
68 32 29 20 31 50 38 56 52 41 58 26 19 44 8 15 23 16 52 45 40 48 64 27
0 0 0 0 0 0 0 0 0 0 0 0 0 0 0 0 0 0 0 0 0 0 0 0
0 0 0 0 0 0 0 0 0 0 0 0 0 0 0 0 0 0 0 0 0 0 0 0
9 8 34 38 66 30 17 60 42 17 44 24 4 50 21 44 2 13 43 36 38 43 68 11
5 37 1 20 7 52 51 4 46 3 55 45 71 25 30 51 27 32 55 63 29 53 32 6
38 10 14 36 71 67 5 28 10 50 23 48 29 10 49 65 58 17 5 29 52 9 68 35
71 36 5 3 60 54 5 44 45 27 23 9 47 10 49 15 70 61 51 27 55 48 58 49
0 0 0 0 0 0 0 0 0 0 0 0 0 0 0 0 0 0 0 0 0 0 0 0
0 0 0 0 0 0 0 0 0 0 0 0 0 0 0 0 0 0 0 0 0 0 0 0
32 26 69 54 1 4 69 51 51 1 13 54 51 56 53 68 65 13 1 11 46 61 12 38
71 64 37 12 8 57 30 13 11 17 8 54 20 12 21 42 3 65 54 53 20 11 10 33
67 30 6 67 29 58 24 32 28 30 53 35 12 57 10 31 51 0 21 42 50 44 30 7
46 25 71 25 42 68 26 56 51 25 68 48 38 69 11 68 3 60 29 54 39 1 21 8
0 0 0 0 0 0 0 0 0 0 0 0 0 0 0 0 0 0 0 0 0 0 0 0
0 0 0 0 0 0 0 0 0 0 0 0 0 0 0 0 0 0 0 0 0 0 0 0
10 53 46 65 39 23 1 25 7 57 40 3 41 8 44 46 53 54 67 7 67 31 0 39
39 54 66 16 31 69 58 44 12 10 7 52 3 51 37 5 11 38 67 52 37 22 0 71
40 45 2 17 29 7 40 0 34 5 6 45 43 55 19 9 58 29 51 16 40 63 15 24
63 51 37 14 21 22 16 41 13 20 64 62 6 61 42 44 36 63 48 1 47 56 27 33
0 0 0 0 0 0 0 0 0 0 0 0 0 0 0 0 0 0 0 0 0 0 0 0
0 0 0 0 0 0 0 0 0 0 0 0 0 0 0 0 0 0 0 0 0 0 0 0
38 54 2 38 66 7 33 66 14 11 34 2 63 33 37 67 47 33 18 39 32 33 71 28
62 68 49 64 14 16 15 9 39 66 23 12 6 11 57 20 16 1 5 58 46 42 45 68
60 14 4 62 10 12 54 66 53 27 53 29 52 28 10 36 28 40 7 55 68 70 62 6
28 41 50 47 20 35 6 7 50 19 54 61 14 25 65 24 38 31 71 4 49 39 64 26
0 0 0 0 0 0 0 0 0 0 0 0 0 0 0 0 0 0 0 0 0 0 0 0
0 0 0 0 0 0 0 0 0 0 0 0 0 0 0 0 0 0 0 0 0 0 0 0
47 46 23 16 56 48 63 12 57 32 30 62 43 68 15 14 50 50 62 8 32 29 29 48
18 37 28 6 1 54 45 26 14 36 69 52 24 30 44 36 70 36 3 8 71 38 55 21
0 19 46 34 50 35 16 68 24 68 31 6 22 66 7 27 58 50 58 8 10 33 46 60
20 53 63 70 5 15 58 40 22 31 62 35 67 51 12 60 70 34 0 68 11 16 66 15
0 0 0 0 0 0 0 0 0 0 0 0 0 0 0 0 0 0 0 0 0 0 0 0
0 0 0 0 0 0 0 0 0 0 0 0 0 0 0 0 0 0 0 0 0 0 0 0
11 30 36 16 25 35 71 22 32 16 48 28 30 11 62 31 47 37 50 22 58 22 26 56
53 41 56 27 2 34 58 21 59 29 48 0 65 49 45 37 71 29 27 41 59 37 27 17
71 29 69 41 22 12 5 46 29 69 25 64 13 42 4 57 24 10 34 60 64 63 40 31
0 35 63 52 0 61 57 65 1 41 10 15 36 24 3 24 65 46 28 18 44 64 53 67
0 0 0 0 0 0 0 0 0 0 0 0 0 0 0 0 0 0 0 0 0 0 0 0
0 0 0 0 0 0 0 0 0 0 0 0 0 0 0 0 0 0 0 0 0 0 0 0
3 2 14 18 49 49 45 34 33 62 41 11 6 52 49 68 25 26 40 3 45 64 63 50
40 71 35 38 64 27 51 29 56 60 31 47 4 51 70 49 1 6 71 25 47 7 14 24
15 54 26 35 18 14 35 1 29 16 39 4 45 38 30 35 37 39 63 28 35 15 19 12
19 50 41 32 46 5 36 65 27 26 64 27 35 11 61 41 9 64 46 0 41 19 46 51
0 0 0 0 0 0 0 0 0 0 0 0 0 0 0 0 0 0 0 0 0 0 0 0
0 0 0 0 0 0 0 0 0 0 0 0 0 0 0 0 0 0 0 0 0 0 0 0
9 10 51 29 5 18 51 26 56 68 2 50 55 56 64 25 8 58 55 41 63 32 50 28
25 57 35 23 17 34 68 21 69 33 36 20 36 2 35 30 16 15 8 68 14 59 53 54
27 35 41 31 36 32 43 60 71 9 54 17 31 12 27 32 58 22 3 43 43 44 50 69
45 71 66 66 37 8 68 27 22 21 61 71 21 34 60 28 48 14 13 17 28 29 43 26
0 0 0 0 0 0 0 0 0 0 0 0 0 0 0 0 0 0 0 0 0 0 0 0
0 0 0 0 0 0 0 0 0 0 0 0 0 0 0 0 0 0 0 0 0 0 0 0
6 70 14 3 18 55 10 39 22 2 8 25 36 71 57 59 40 65 14 67 35 48 34 20
56 10 2 6 44 46 34 71 4 29 7 1 52 71 13 3 27 3 15 48 20 34 56 68
21 64 63 0 58 69 53 52 61 20 29 13 61 43 29 41 6 33 12 44 19 43 9 71
24 71 23 43 5 1 60 34 67 8 15 47 32 45 6 69 20 36 42 30 45 71 26 20
0 0 0 0 0 0 0 0 0 0 0 0 0 0 0 0 0 0 0 0 0 0 0 0
0 0 0 0 0 0 0 0 0 0 0 0 0 0 0 0 0 0 0 0 0 0 0 0
45 9 63 40 51 58 16 45 52 37 2 18 55 68 32 29 70 46 40 60 19 38 71 18
17 59 60 42 2 38 15 17 49 40 1 33 34 39 53 1 1 14 20 19 66 41 70 51
4 48 41 14 28 37 11 69 17 7 16 4 12 17 49 35 7 60 26 9 69 29 68 55
16 65 38 49 34 56 27 11 33 53 45 47 29 68 37 44 57 22 51 64 43 1 14 6
0 0 0 0 0 0 0 0 0 0 0 0 0 0 0 0 0 0 0 0 0 0 0 0
0 0 0 0 0 0 0 0 0 0 0 0 0 0 0 0 0 0 0 0 0 0 0 0
33 31 7 18 14 26 47 2 53 71 63 51 38 16 6 12 65 0 17 21 58 63 60 14
66 43 6 44 35 57 51 67 46 44 60 17 37 3 33 60 18 10 46 44 25 17 49 42
15 61 27 49 44 53 38 63 6 67 55 6 10 65 50 46 54 38 2 55 35 45 24 10
3 35 29 41 2 66 13 10 59 71 34 62 28 48 19 17 45 2 27 14 16 6 39 68
0 0 0 0 0 0 0 0 0 0 0 0 0 0 0 0 0 0 0 0 0 0 0 0
0 0 0 0 0 0 0 0 0 0 0 0 0 0 0 0 0 0 0 0 0 0 0 0
1 39 17 67 25 69 60 70 40 18 9 25 25 44 58 49 10 39 2 45 7 68 8 37
59 63 23 2 38 30 49 42 55 58 50 63 36 16 47 57 39 52 38 28 49 10 6 6
37 5 63 71 68 53 68 2 37 59 16 45 57 48 14 33 49 48 24 47 18 34 11 15
59 28 20 59 61 25 48 67 71 33 6 65 18 63 16 69 5 58 52 70 5 56 41 53
0 0 0 0 0 0 0 0 0 0 0 0 0 0 0 0 0 0 0 0 0 0 0 0
0 0 0 0 0 0 0 0 0 0 0 0 0 0 0 0 0 0 0 0 0 0 0 0
64 23 16 7 64 62 49 1 30 27 49 67 25 56 20 9 36 40 17 31 55 37 3 58
30 48 71 45 64 8 9 65 40 61 61 43 69 54 11 38 16 44 11 70 1 48 13 40
46 31 23 12 8 69 50 51 62 67 57 23 62 66 61 45 41 46 71 10 2 8 10 67
67 35 62 52 54 50 36 41 48 4 18 41 27 37 42 17 60 17 55 50 48 9 52 6
0 0 0 0 0 0 0 0 0 0 0 0 0 0 0 0 0 0 0 0 0 0 0 0
0 0 0 0 0 0 0 0 0 0 0 0 0 0 0 0 0 0 0 0 0 0 0 0
27 60 42 20 44 67 68 53 7 6 43 15 63 61 27 49 19 33 21 4 35 14 15 61
53 50 31 22 9 28 52 38 66 44 20 43 17 71 66 20 22 46 32 40 53 3 70 16
41 48 38 41 55 6 28 46 20 57 58 66 50 51 31 40 65 15 17 53 5 9 44 20
20 40 69 3 16 8 9 16 25 19 70 18 47 36 28 49 34 45 7 24 63 45 35 2
0 0 0 0 0 0 0 0 0 0 0 0 0 0 0 0 0 0 0 0 0 0 0 0
0 0 0 0 0 0 0 0 0 0 0 0 0 0 0 0 0 0 0 0 0 0 0 0
35 70 24 7 14 26 45 17 46 4 10 58 66 25 21 5 57 31 27 38 7 0 35 44
16 55 29 14 11 0 66 48 41 6 41 58 53 17 48 15 40 63 45 63 5 46 70 24
68 39 62 70 63 4 55 31 18 49 36 40 18 29 6 34 59 13 50 47 17 6 23 49
6 67 16 26 70 1 30 41 26 36 68 55 22 11 13 32 24 60 70 15 37 10 35 23
0 0 0 0 0 0 0 0 0 0 0 0 0 0 0 0 0 0 0 0 0 0 0 0
0 0 0 0 0 0 0 0 0 0 0 0 0 0 0 0 0 0 0 0 0 0 0 0
62 22 38 26 35 50 22 64 33 62 41 21 22 63 68 57 59 15 0 56 55 26 53 58
63 23 14 27 68 34 36 54 66 8 16 33 43 22 68 38 7 7 58 40 55 45 67 42
27 42 1 6 54 23 5 69 61 34 47 53 4 12 55 35 43 45 32 51 6 2 70 57
13 24 38 46 6 19 0 3 64 49 1 20 31 20 48 18 32 36 18 5 38 24 3 60
0 0 0 0 0 0 0 0 0 0 0 0 0 0 0 0 0 0 0 0 0 0 0 0
0 0 0 0 0 0 0 0 0 0 0 0 0 0 0 0 0 0 0 0 0 0 0 0
14 50 15 22 58 42 49 10 66 68 29 44 22 59 33 38 40 47 66 71 61 28 71 27
64 39 71 58 70 10 0 30 64 26 48 62 3 58 13 24 30 27 11 44 31 57 54 16
48 15 39 21 33 24 65 56 0 32 1 16 28 58 15 45 68 57 61 28 6 30 1 63
7 55 19 56 51 9 21 39 35 18 42 22 29 36 27 66 13 8 68 22 31 67 14 49
0 0 0 0 0 0 0 0 0 0 0 0 0 0 0 0 0 0 0 0 0 0 0 0
0 0 0 0 0 0 0 0 0 0 0 0 0 0 0 0 0 0 0 0 0 0 0 0
57 15 44 44 53 42 43 66 49 20 6 26 63 18 52 54 32 11 4 5 43 4 35 16
59 69 16 13 55 27 25 49 21 31 21 39 36 1 36 8 40 5 70 29 9 53 1 51
62 0 63 28 21 71 54 32 8 30 2 51 64 15 67 36 48 10 65 18 27 66 65 9
7 35 38 53 3 30 16 41 24 70 66 57 45 25 22 65 36 46 32 41 59 55 34 68
0 0 0 0 0 0 0 0 0 0 0 0 0 0 0 0 0 0 0 0 0 0 0 0
0 0 0 0 0 0 0 0 0 0 0 0 0 0 0 0 0 0 0 0 0 0 0 0
47 38 32 60 40 27 31 6 35 59 68 35 57 67 26 39 68 64 67 38 30 62 5 51
54 46 53 9 18 64 50 20 33 24 52 70 33 22 23 65 50 46 46 66 51 5 24 62
8 64 15 41 47 68 6 67 34 67 56 20 66 26 69 39 3 16 61 50 40 58 12 63
28 56 11 33 53 51 65 62 60 68 17 47 59 1 4 18 39 35 18 60 47 7 14 27
0 0 0 0 0 0 0 0 0 0 0 0 0 0 0 0 0 0 0 0 0 0 0 0
0 0 0 0 0 0 0 0 0 0 0 0 0 0 0 0 0 0 0 0 0 0 0 0
13 46 60 2 9 31 35 0 55 53 39 61 34 49 69 19 1 16 70 14 60 12 63 59
23 27 59 20 6 53 63 3 31 25 23 62 47 21 15 61 15 41 67 47 13 65 2 23
14 66 43 71 54 63 67 7 8 49 47 6 66 52 39 6 68 16 46 24 14 15 15 14
66 68 12 26 8 56 20 11 3 31 11 32 16 15 32 1 10 52 31 14 15 64 40 24
0 0 0 0 0 0 0 0 0 0 0 0 0 0 0 0 0 0 0 0 0 0 0 0
0 0 0 0 0 0 0 0 0 0 0 0 0 0 0 0 0 0 0 0 0 0 0 0
11 25 39 64 29 2 42 61 5 57 57 0 0 2 2 64 8 15 62 34 12 46 23 64
1 60 9 52 7 35 52 49 23 37 0 26 35 67 43 21 33 38 35 60 27 31 60 9
66 5 60 45 69 68 0 38 57 41 59 62 51 1 37 7 47 36 71 64 20 35 67 52
16 60 6 40 32 21 17 56 56 70 64 11 21 60 66 50 47 28 1 45 18 71 26 66
0 0 0 0 0 0 0 0 0 0 0 0 0 0 0 0 0 0 0 0 0 0 0 0
0 0 0 0 0 0 0 0 0 0 0 0 0 0 0 0 0 0 0 0 0 0 0 0
6 33 6 25 63 65 29 18 64 1 50 32 9 36 15 17 26 11 48 24 58 71 69 18
36 61 57 4 52 0 54 12 52 36 65 10 21 26 45 66 17 18 1 71 16 32 36 18
56 24 34 64 52 37 62 58 13 2 8 69 34 20 9 46 23 42 37 64 59 40 70 41
9 17 22 12 3 17 44 16 22 33 37 60 57 23 34 70 12 61 34 35 56 39 44 67
0 0 0 0 0 0 0 0 0 0 0 0 0 0 0 0 0 0 0 0 0 0 0 0
0 0 0 0 0 0 0 0 0 0 0 0 0 0 0 0 0 0 0 0 0 0 0 0
59 62 1 45 8 16 6 68 66 4 67 9 51 1 6 61 11 70 66 61 28 41 11 44
61 23 40 12 41 60 64 58 48 62 32 55 6 34 35 71 0 27 17 36 25 65 52 46
62 21 43 2 11 47 41 35 31 11 48 3 39 51 26 3 22 64 1 49 68 59 29 64
34 18 22 21 52 18 20 68 11 4 1 20 42 60 40 64 25 53 60 15 69 64 1 42
0 0 0 0 0 0 0 0 0 0 0 0 0 0 0 0 0 0 0 0 0 0 0 0
0 0 0 0 0 0 0 0 0 0 0 0 0 0 0 0 0 0 0 0 0 0 0 0
2 53 12 34 14 32 65 14 56 60 24 41 61 8 14 44 32 60 39 8 33 25 67 62
50 57 0 17 50 59 10 8 37 62 6 47 35 11 1 1 22 39 15 0 17 14 10 18
41 52 45 33 67 21 57 1 57 9 14 53 19 11 53 47 57 21 53 28 69 55 38 19
11 61 40 49 37 64 70 51 2 17 58 26 4 47 8 56 54 25 9 27 32 69 27 38
0 0 0 0 0 0 0 0 0 0 0 0 0 0 0 0 0 0 0 0 0 0 0 0
0 0 0 0 0 0 0 0 0 0 0 0 0 0 0 0 0 0 0 0 0 0 0 0
6 35 12 51 60 19 31 41 48 48 70 36 40 47 17 34 45 60 47 1 42 36 45 31
57 66 46 20 40 13 44 3 24 58 42 38 59 23 29 12 31 69 65 59 9 0 58 37
55 11 7 71 53 30 69 44 17 56 51 50 4 17 49 10 8 0 52 35 8 19 44 22
61 22 24 44 21 63 43 71 57 55 43 69 10 70 14 28 52 23 46 9 42 37 21 3
0 0 0 0 0 0 0 0 0 0 0 0 0 0 0 0 0 0 0 0 0 0 0 0
0 0 0 0 0 0 0 0 0 0 0 0 0 0 0 0 0 0 0 0 0 0 0 0
36 62 31 52 33 54 32 34 30 49 8 67 24 27 28 14 43 60 12 5 11 41 29 46
19 56 43 51 71 70 12 30 1 16 28 69 11 19 64 17 68 17 31 67 14 7 11 26
27 0 49 68 64 35 14 61 62 22 58 5 59 71 48 41 57 56 71 28 33 0 46 51
27 0 56 41 47 43 12 2 19 33 59 70 32 11 64 13 62 56 41 28 1 59 6 20
0 0 0 0 0 0 0 0 0 0 0 0 0 0 0 0 0 0 0 0 0 0 0 0
0 0 0 0 0 0 0 0 0 0 0 0 0 0 0 0 0 0 0 0 0 0 0 0
35 69 36 12 11 13 38 23 42 19 11 62 59 27 45 65 54 47 34 58 14 29 29 34
67 15 61 15 70 48 46 3 52 40 47 28 48 50 55 63 26 45 33 70 21 2 63 0
9 54 35 61 69 26 34 47 3 24 17 25 8 47 29 23 66 41 57 36 19 25 60 15
25 38 64 67 71 17 40 19 44 61 47 4 5 12 40 2 53 52 1 7 11 7 26 9
0 0 0 0 0 0 0 0 0 0 0 0 0 0 0 0 0 0 0 0 0 0 0 0
0 0 0 0 0 0 0 0 0 0 0 0 0 0 0 0 0 0 0 0 0 0 0 0
33 17 36 6 66 1 31 62 26 24 37 59 8 4 38 52 50 42 39 8 9 29 35 16
69 15 21 20 0 71 45 51 49 56 46 45 7 9 17 45 39 13 6 54 51 11 14 8
39 59 61 32 52 42 44 31 55 36 23 49 0 3 4 27 52 13 20 46 52 60 58 16
66 24 15 50 39 62 2 68 35 1 3 65 59 26 63 69 59 9 11 24 36 12 23 11
0 0 0 0 0 0 0 0 0 0 0 0 0 0 0 0 0 0 0 0 0 0 0 0
0 0 0 0 0 0 0 0 0 0 0 0 0 0 0 0 0 0 0 0 0 0 0 0
22 3 60 21 41 17 41 8 25 43 1 20 53 60 7 39 18 49 57 22 23 70 15 1
39 58 68 3 52 5 7 50 56 64 23 62 6 21 29 29 36 11 71 66 27 65 6 58
8 34 39 27 19 38 67 52 16 49 14 23 68 69 16 45 11 22 17 3 19 22 34 36
35 18 28 25 45 4 71 57 11 3 41 1 32 64 31 16 4 46 63 53 50 18 10 20
0 0 0 0 0 0 0 0 0 0 0 0 0 0 0 0 0 0 0 0 0 0 0 0
0 0 0 0 0 0 0 0 0 0 0 0 0 0 0 0 0 0 0 0 0 0 0 0
68 24 17 62 41 23 36 68 58 14 61 34 58 69 44 59 5 50 57 60 65 8 35 10
34 17 0 29 47 9 25 35 57 12 61 48 0 70 40 48 45 5 33 64 30 29 51 67
41 25 62 16 48 6 20 10 25 31 54 66 28 28 49 61 33 43 22 48 19 30 46 47
0 71 10 62 54 16 53 19 26 17 38 39 27 53 5 38 44 5 29 13 37 57 14 13
0 0 0 0 0 0 0 0 0 0 0 0 0 0 0 0 0 0 0 0 0 0 0 0
0 0 0 0 0 0 0 0 0 0 0 0 0 0 0 0 0 0 0 0 0 0 0 0
41 8 24 37 28 42 71 3 68 62 44 37 30 34 5 31 35 10 5 58 66 1 16 50
67 60 20 49 35 71 26 66 4 62 33 50 32 27 61 45 31 19 18 60 53 52 71 50
10 19 40 41 52 22 8 67 57 71 41 12 53 15 53 0 48 36 52 33 22 2 50 52
19 5 32 4 31 7 69 37 22 45 62 9 56 50 4 22 33 44 54 65 34 1 53 24
0 0 0 0 0 0 0 0 0 0 0 0 0 0 0 0 0 0 0 0 0 0 0 0
0 0 0 0 0 0 0 0 0 0 0 0 0 0 0 0 0 0 0 0 0 0 0 0
59 11 62 11 49 39 37 4 71 60 12 39 59 65 53 39 29 55 8 8 40 44 35 45
21 33 62 22 57 45 45 27 65 43 57 67 8 0 13 57 29 59 17 7 42 71 46 47
10 6 55 1 32 40 34 56 46 23 69 70 48 62 57 71 71 2 18 43 7 13 6 34
21 34 40 39 13 61 47 9 1 46 30 27 24 24 71 62 36 9 10 46 70 70 47 17
0 0 0 0 0 0 0 0 0 0 0 0 0 0 0 0 0 0 0 0 0 0 0 0
0 0 0 0 0 0 0 0 0 0 0 0 0 0 0 0 0 0 0 0 0 0 0 0
56 62 18 41 1 2 4 0 54 46 47 5 5 2 54 7 69 52 39 1 23 10 46 40
32 4 7 19 67 26 39 14 56 50 17 46 35 63 1 32 11 15 41 58 47 18 15 9
0 19 12 14 27 41 66 44 21 40 21 50 6 50 14 21 22 41 30 47 50 26 27 11
23 29 14 26 64 34 4 65 11 26 34 14 38 30 28 22 26 46 16 26 32 37 23 8
0 0 0 0 0 0 0 0 0 0 0 0 0 0 0 0 0 0 0 0 0 0 0 0
0 0 0 0 0 0 0 0 0 0 0 0 0 0 0 0 0 0 0 0 0 0 0 0
38 51 14 14 12 31 3 54 69 30 19 66 56 45 57 29 9 47 30 50 9 12 37 28
67 59 39 56 0 19 25 4 32 52 2 39 44 25 32 38 0 39 11 42 2 46 38 35
31 56 56 10 33 37 64 31 35 63 59 15 8 69 50 0 39 39 12 45 16 58 22 58
67 5 46 33 13 8 7 67 64 54 57 37 4 57 67 46 35 7 6 32 25 29 53 49
0 0 0 0 0 0 0 0 0 0 0 0 0 0 0 0 0 0 0 0 0 0 0 0
0 0 0 0 0 0 0 0 0 0 0 0 0 0 0 0 0 0 0 0 0 0 0 0
3 32 8 26 32 37 68 24 11 3 12 7 35 4 61 44 45 13 29 66 10 6 31 17
48 50 14 10 51 2 39 57 21 37 46 20 35 19 45 30 16 24 1 5 28 70 11 37
47 39 58 24 45 62 34 63 58 35 42 50 34 50 65 4 3 47 53 54 6 21 21 65
69 65 63 63 35 17 39 60 54 30 18 4 47 34 11 23 15 67 20 44 4 69 30 65
0 0 0 0 0 0 0 0 0 0 0 0 0 0 0 0 0 0 0 0 0 0 0 0
0 0 0 0 0 0 0 0 0 0 0 0 0 0 0 0 0 0 0 0 0 0 0 0
70 24 71 14 15 2 70 71 17 28 1 35 1 70 63 3 3 47 16 20 15 5 34 29
38 0 46 41 14 27 15 33 31 49 46 27 10 48 44 29 66 40 22 34 38 33 55 46
1 7 20 29 57 47 14 70 58 44 61 38 22 15 61 22 57 65 1 34 48 28 70 39
15 68 13 39 3 2 35 43 24 49 1 58 69 44 64 68 48 30 11 37 33 68 58 66
0 0 0 0 0 0 0 0 0 0 0 0 0 0 0 0 0 0 0 0 0 0 0 0
0 0 0 0 0 0 0 0 0 0 0 0 0 0 0 0 0 0 0 0 0 0 0 0
57 65 64 3 34 4 4 17 28 30 25 62 21 41 65 62 59 63 17 3 57 13 40 0
11 67 57 56 53 11 0 20 8 6 11 17 13 20 49 26 10 39 53 35 14 10 21 61
37 42 25 3 59 62 39 4 26 22 11 32 5 59 51 50 14 37 35 20 11 18 3 21
29 8 42 3 0 15 10 60 30 51 62 58 26 58 43 3 24 35 15 55 33 18 48 2
0 0 0 0 0 0 0 0 0 0 0 0 0 0 0 0 0 0 0 0 0 0 0 0
0 0 0 0 0 0 0 0 0 0 0 0 0 0 0 0 0 0 0 0 0 0 0 0
71 18 38 7 70 9 57 61 67 60 45 44 5 66 25 25 57 49 60 8 21 23 21 61
13 44 64 60 4 7 33 6 24 16 33 4 3 52 35 62 71 37 14 30 32 6 34 18
9 27 36 9 15 3 58 36 22 13 19 54 6 62 32 50 48 25 2 27 36 48 66 31
63 47 46 40 58 24 23 7 36 10 45 62 6 18 52 31 36 59 7 13 35 64 35 7
0 0 0 0 0 0 0 0 0 0 0 0 0 0 0 0 0 0 0 0 0 0 0 0
0 0 0 0 0 0 0 0 0 0 0 0 0 0 0 0 0 0 0 0 0 0 0 0
2 69 10 13 48 69 39 22 29 69 47 62 6 71 62 61 62 35 0 21 12 28 21 8
62 32 13 2 23 21 47 61 10 45 57 50 3 6 48 51 10 34 19 33 68 26 0 15
70 43 67 39 7 2 13 60 46 30 32 6 51 55 59 39 33 1 16 47 35 4 71 30
63 46 15 38 4 65 14 19 35 35 11 0 6 6 20 70 70 12 59 49 71 53 68 39
0 0 0 0 0 0 0 0 0 0 0 0 0 0 0 0 0 0 0 0 0 0 0 0
0 0 0 0 0 0 0 0 0 0 0 0 0 0 0 0 0 0 0 0 0 0 0 0
64 9 24 9 47 10 44 15 18 67 22 31 35 9 8 45 70 52 60 44 31 38 50 68
26 20 7 55 35 21 15 71 42 17 63 71 26 7 50 2 26 22 3 32 27 71 59 56
33 56 22 42 69 11 5 65 7 66 26 68 50 52 44 2 11 4 4 39 6 54 7 1
13 70 65 58 69 22 43 56 62 50 13 49 26 62 64 9 31 11 69 29 10 56 31 18
0 0 0 0 0 0 0 0 0 0 0 0 0 0 0 0 0 0 0 0 0 0 0 0
0 0 0 0 0 0 0 0 0 0 0 0 0 0 0 0 0 0 0 0 0 0 0 0
57 10 26 48 11 44 38 34 64 62 58 16 49 3 6 7 40 7 7 37 11 31 33 65
16 56 65 47 68 41 60 31 63 16 45 71 10 60 46 29 21 66 6 57 60 36 46 8
49 35 15 56 22 24 10 40 30 48 8 35 13 17 26 23 17 61 11 48 35 24 18 43
13 71 63 48 54 38 69 29 56 9 45 68 48 26 61 33 46 37 28 66 64 32 39 41
0 0 0 0 0 0 0 0 0 0 0 0 0 0 0 0 0 0 0 0 0 0 0 0
0 0 0 0 0 0 0 0 0 0 0 0 0 0 0 0 0 0 0 0 0 0 0 0
23 52 58 61 44 49 50 47 33 34 19 62 6 40 37 38 48 35 2 18 41 40 2 71
42 35 1 67 17 43 68 8 2 12 51 10 71 37 14 21 39 28 15 7 39 37 30 46
25 30 54 45 62 15 51 36 42 59 70 66 68 7 42 66 67 55 57 35 45 5 56 14
36 29 18 71 1 5 34 32 27 56 29 31 3 3 47 7 56 34 61 64 33 13 40 52
0 0 0 0 0 0 0 0 0 0 0 0 0 0 0 0 0 0 0 0 0 0 0 0
0 0 0 0 0 0 0 0 0 0 0 0 0 0 0 0 0 0 0 0 0 0 0 0
50 35 17 69 63 57 55 21 23 26 71 64 51 71 7 5 49 21 25 56 59 26 30 71
39 33 58 2 60 23 49 45 41 17 20 45 27 48 27 66 43 18 1 65 41 70 65 59
1 24 45 45 61 7 38 60 48 24 34 38 14 58 59 48 70 33 33 36 7 38 4 43
3 6 6 34 52 35 19 20 48 31 26 12 43 33 56 22 53 44 65 4 49 28 21 46
0 0 0 0 0 0 0 0 0 0 0 0 0 0 0 0 0 0 0 0 0 0 0 0
0 0 0 0 0 0 0 0 0 0 0 0 0 0 0 0 0 0 0 0 0 0 0 0
22 48 8 67 65 63 69 35 11 39 41 24 9 52 38 24 22 51 1 17 50 61 32 61
20 60 2 6 47 4 42 48 54 24 40 14 34 5 6 42 49 36 8 65 66 56 15 51
57 61 24 59 43 31 0 19 13 47 0 61 42 66 61 13 41 29 1 0 56 20 48 60
48 5 66 41 55 59 63 70 27 34 36 27 15 62 18 21 39 35 55 39 0 2 5 6
0 0 0 0 0 0 0 0 0 0 0 0 0 0 0 0 0 0 0 0 0 0 0 0
0 0 0 0 0 0 0 0 0 0 0 0 0 0 0 0 0 0 0 0 0 0 0 0
36 27 56 69 49 16 46 31 57 42 41 4 34 50 14 46 33 56 14 5 64 13 53 14
71 54 28 41 46 42 37 58 56 34 52 40 36 28 12 69 53 20 29 58 68 12 19 1
5 44 38 2 29 29 42 42 21 53 55 55 47 6 19 63 29 37 57 30 46 21 10 70
52 45 4 17 62 2 64 53 57 47 0 34 21 65 10 11 16 50 24 61 48 25 27 11
0 0 0 0 0 0 0 0 0 0 0 0 0 0 0 0 0 0 0 0 0 0 0 0
0 0 0 0 0 0 0 0 0 0 0 0 0 0 0 0 0 0 0 0 0 0 0 0
63 60 24 67 28 67 65 4 31 39 69 68 64 2 7 11 20 16 28 15 48 45 5 2
15 64 25 19 5 24 3 71 13 24 30 28 0 23 34 51 0 28 58 57 6 55 56 35
44 37 70 57 1 29 3 1 26 38 34 13 46 3 23 64 43 47 63 57 11 46 58 46
51 13 37 39 64 60 56 28 14 22 7 44 0 15 37 58 58 31 48 46 56 22 25 15
0 0 0 0 0 0 0 0 0 0 0 0 0 0 0 0 0 0 0 0 0 0 0 0
0 0 0 0 0 0 0 0 0 0 0 0 0 0 0 0 0 0 0 0 0 0 0 0
7 15 62 34 8 11 59 23 58 9 5 13 17 61 1 62 22 64 5 61 54 5 50 50
44 3 14 5 18 30 49 13 16 61 14 14 52 24 12 4 1 24 0 48 63 47 0 8
20 54 25 26 57 17 0 13 3 71 20 4 45 40 36 53 16 61 13 55 31 41 5 2
0 35 66 64 8 70 58 16 57 66 28 47 9 61 44 46 58 65 68 30 48 24 53 27
0 0 0 0 0 0 0 0 0 0 0 0 0 0 0 0 0 0 0 0 0 0 0 0
0 0 0 0 0 0 0 0 0 0 0 0 0 0 0 0 0 0 0 0 0 0 0 0
29 12 46 45 44 64 9 61 35 5 4 5 32 47 38 18 52 6 66 63 37 60 37 33
6 12 66 52 10 56 8 48 62 55 57 51 59 11 64 56 22 12 14 56 28 51 7 43
59 10 9 26 9 2 64 3 2 61 12 30 19 9 0 68 18 3 57 2 19 38 4 46
17 14 66 28 0 21 36 21 61 36 19 68 19 64 48 14 32 30 4 61 35 56 6 34
0 0 0 0 0 0 0 0 0 0 0 0 0 0 0 0 0 0 0 0 0 0 0 0
0 0 0 0 0 0 0 0 0 0 0 0 0 0 0 0 0 0 0 0 0 0 0 0
5 68 54 19 7 43 53 15 1 46 39 14 1 67 65 45 8 33 69 10 42 27 26 5
59 43 48 53 21 8 13 60 53 57 67 5 51 42 43 13 43 64 14 28 42 12 37 4
36 52 1 42 52 46 5 35 3 16 32 21 55 26 48 32 28 62 10 35 15 38 69 55
27 58 13 7 28 6 8 64 15 28 66 44 53 46 56 16 62 43 0 46 6 47 51 60
0 0 0 0 0 0 0 0 0 0 0 0 0 0 0 0 0 0 0 0 0 0 0 0
0 0 0 0 0 0 0 0 0 0 0 0 0 0 0 0 0 0 0 0 0 0 0 0
33 45 52 59 49 37 30 47 64 9 15 69 32 67 39 21 7 8 26 59 45 39 11 5
68 21 67 3 53 31 28 34 55 2 19 7 19 19 35 20 28 58 65 31 70 40 33 6
22 41 44 18 25 15 6 27 39 56 44 50 53 43 14 8 3 9 19 33 39 21 52 23
24 17 12 15 62 11 41 47 50 38 49 23 35 39 44 51 10 0 13 63 1 50 50 7
0 0 0 0 0 0 0 0 0 0 0 0 0 0 0 0 0 0 0 0 0 0 0 0
0 0 0 0 0 0 0 0 0 0 0 0 0 0 0 0 0 0 0 0 0 0 0 0
9 7 57 57 33 42 24 61 22 60 54 6 7 12 42 6 28 27 40 28 26 46 14 30
57 39 33 27 47 50 68 1 6 54 68 62 42 27 60 28 40 17 21 21 70 17 9 22
22 47 14 60 53 6 68 69 5 40 71 39 30 25 35 39 19 57 40 61 33 57 37 67
65 51 3 64 52 18 15 63 5 20 58 19 67 43 68 32 41 5 43 40 45 7 53 21
0 0 0 0 0 0 0 0 0 0 0 0 0 0 0 0 0 0 0 0 0 0 0 0
0 0 0 0 0 0 0 0 0 0 0 0 0 0 0 0 0 0 0 0 0 0 0 0
42 11 8 19 58 25 57 34 6 29 53 56 55 9 1 15 57 4 36 69 25 32 36 41
22 45 53 15 31 8 45 33 60 60 50 41 22 24 39 41 29 3 40 22 51 65 1 50
18 39 25 42 6 69 27 41 56 63 10 35 22 10 71 46 0 44 32 55 42 36 19 10
62 44 43 24 36 63 8 12 17 21 32 10 17 65 55 10 60 21 60 36 52 6 39 59
0 0 0 0 0 0 0 0 0 0 0 0 0 0 0 0 0 0 0 0 0 0 0 0
0 0 0 0 0 0 0 0 0 0 0 0 0 0 0 0 0 0 0 0 0 0 0 0
12 57 36 51 57 32 70 17 21 14 61 37 23 68 1 46 47 27 57 1 23 55 48 41
59 66 59 6 62 33 43 71 7 56 2 23 10 29 24 2 38 53 39 55 12 67 17 27
16 58 59 35 21 31 33 12 30 55 68 52 41 7 58 69 66 4 38 62 51 55 34 35
22 7 46 58 12 22 24 44 58 7 43 8 16 62 16 52 14 4 2 45 19 70 55 32
0 0 0 0 0 0 0 0 0 0 0 0 0 0 0 0 0 0 0 0 0 0 0 0
0 0 0 0 0 0 0 0 0 0 0 0 0 0 0 0 0 0 0 0 0 0 0 0
29 58 35 48 32 34 51 32 24 63 41 70 70 70 8 5 16 18 5 62 16 67 21 37
46 65 32 58 34 22 22 38 67 31 10 57 37 56 28 4 31 15 24 63 2 23 63 6
68 55 26 46 11 45 29 26 27 51 69 0 9 9 6 38 28 69 51 69 64 59 27 20
46 6 54 25 31 40 12 7 50 18 40 35 69 8 59 1 22 67 24 67 6 2 56 59
0 0 0 0 0 0 0 0 0 0 0 0 0 0 0 0 0 0 0 0 0 0 0 0
0 0 0 0 0 0 0 0 0 0 0 0 0 0 0 0 0 0 0 0 0 0 0 0
22 5 35 60 22 2 4 24 0 46 70 66 68 50 17 47 49 20 46 29 9 71 15 27
51 22 1 56 1 44 17 7 61 19 36 15 48 3 34 68 63 52 45 9 48 58 69 71
30 7 62 11 20 6 18 23 26 47 21 70 7 21 63 70 10 60 29 70 29 14 32 22
12 19 28 9 10 4 26 15 8 18 52 43 44 4 42 29 67 43 23 52 3 33 26 54
0 0 0 0 0 0 0 0 0 0 0 0 0 0 0 0 0 0 0 0 0 0 0 0
0 0 0 0 0 0 0 0 0 0 0 0 0 0 0 0 0 0 0 0 0 0 0 0
53 17 0 35 35 4 34 23 49 55 26 9 4 49 14 54 51 33 5 71 12 3 35 35
27 24 3 68 32 1 30 47 52 15 57 10 37 58 28 39 14 5 10 58 51 33 1 46
40 32 17 16 23 41 11 69 63 18 68 28 52 26 25 45 41 21 47 56 21 20 51 67
54 39 23 12 29 8 43 29 11 23 31 66 41 11 43 10 12 66 40 20 59 20 47 1
0 0 0 0 0 0 0 0 0 0 0 0 0 0 0 0 0 0 0 0 0 0 0 0
0 0 0 0 0 0 0 0 0 0 0 0 0 0 0 0 0 0 0 0 0 0 0 0
36 38 23 10 37 23 10 57 31 30 22 67 15 10 23 56 67 33 67 20 15 9 66 31
49 71 15 26 19 1 1 45 24 46 36 51 60 69 18 17 71 64 61 32 67 41 21 47
22 35 30 37 11 29 18 63 67 25 14 64 20 33 61 13 38 35 3 14 45 36 47 2
61 47 29 38 48 47 7 6 3 61 11 42 64 62 35 38 2 30 29 61 12 23 14 30
0 0 0 0 0 0 0 0 0 0 0 0 0 0 0 0 0 0 0 0 0 0 0 0
0 0 0 0 0 0 0 0 0 0 0 0 0 0 0 0 0 0 0 0 0 0 0 0
34 60 1 54 48 19 56 27 49 21 52 37 16 42 10 69 10 27 13 32 29 9 7 58
41 3 51 27 67 52 67 65 55 17 62 59 68 20 40 27 34 71 14 15 10 5 56 24
43 59 8 5 41 66 22 16 30 20 53 45 0 37 71 40 40 68 25 53 62 12 49 3
8 11 49 60 70 27 54 53 62 32 22 23 39 71 43 5 31 29 24 24 12 61 21 47
0 0 0 0 0 0 0 0 0 0 0 0 0 0 0 0 0 0 0 0 0 0 0 0
0 0 0 0 0 0 0 0 0 0 0 0 0 0 0 0 0 0 0 0 0 0 0 0
3 48 69 62 8 48 66 29 49 71 71 49 24 34 39 52 4 23 14 1 70 45 20 5
8 5 27 4 61 36 17 4 69 30 23 21 66 39 26 3 18 40 57 17 29 4 60 18
33 15 5 57 63 13 47 65 30 26 14 21 4 44 44 20 23 31 37 68 60 66 47 3
32 20 27 7 66 30 29 55 67 21 63 32 32 10 39 15 58 14 34 4 48 58 61 60
0 0 0 0 0 0 0 0 0 0 0 0 0 0 0 0 0 0 0 0 0 0 0 0
0 0 0 0 0 0 0 0 0 0 0 0 0 0 0 0 0 0 0 0 0 0 0 0
56 64 34 23 46 70 46 58 26 55 18 68 42 63 41 13 9 62 18 69 54 66 10 53
53 57 16 50 34 68 39 51 5 38 37 24 5 43 50 66 23 66 37 7 69 67 61 46
44 64 59 19 60 9 67 33 65 53 30 67 43 51 35 46 55 17 62 31 55 38 31 46
31 21 62 37 70 12 68 66 19 64 40 28 23 56 5 6 20 25 70 71 43 44 35 28
0 0 0 0 0 0 0 0 0 0 0 0 0 0 0 0 0 0 0 0 0 0 0 0
0 0 0 0 0 0 0 0 0 0 0 0 0 0 0 0 0 0 0 0 0 0 0 0
58 30 43 40 22 66 67 10 51 42 4 2 61 28 60 47 10 0 25 13 61 27 67 44
13 35 43 17 48 4 30 38 63 15 49 21 55 60 0 47 52 68 58 3 32 37 26 38
30 58 17 8 5 53 14 67 39 53 64 31 66 19 49 4 3 50 11 64 69 15 61 36
14 3 34 69 70 26 36 56 4 36 5 10 70 0 54 3 53 31 22 56 12 29 16 39
0 0 0 0 0 0 0 0 0 0 0 0 0 0 0 0 0 0 0 0 0 0 0 0
0 0 0 0 0 0 0 0 0 0 0 0 0 0 0 0 0 0 0 0 0 0 0 0
3 54 22 37 51 63 68 19 66 31 67 46 31 12 7 3 62 18 26 67 36 55 3 19
8 64 13 57 47 71 19 69 50 26 32 47 34 22 10 6 49 51 42 23 45 56 39 26
48 5 52 1 69 29 30 33 64 47 7 22 49 19 55 15 21 2 63 6 47 61 53 54
57 58 56 71 3 47 0 41 57 32 7 28 19 48 37 68 42 40 26 63 59 50 34 51
0 0 0 0 0 0 0 0 0 0 0 0 0 0 0 0 0 0 0 0 0 0 0 0
0 0 0 0 0 0 0 0 0 0 0 0 0 0 0 0 0 0 0 0 0 0 0 0
5 45 69 11 58 14 69 36 52 65 13 39 9 31 29 57 65 36 50 21 11 70 38 3
11 28 14 31 71 62 63 31 14 64 0 27 32 68 27 25 3 21 14 49 17 43 46 49
8 4 43 19 16 48 41 39 22 50 36 0 41 19 21 36 49 62 58 0 66 37 22 69
3 23 46 18 29 29 63 26 1 34 31 67 10 3 55 45 70 17 62 41 2 59 41 67
0 0 0 0 0 0 0 0 0 0 0 0 0 0 0 0 0 0 0 0 0 0 0 0
0 0 0 0 0 0 0 0 0 0 0 0 0 0 0 0 0 0 0 0 0 0 0 0
24 61 6 71 1 9 16 63 49 70 66 2 50 14 42 11 68 24 44 71 54 2 39 5
29 53 9 30 70 28 35 50 7 37 61 59 63 16 6 55 45 52 65 58 42 26 19 41
9 66 30 59 50 46 15 18 3 40 53 42 31 58 57 6 36 17 6 70 60 5 36 23
32 39 42 30 22 65 44 0 46 15 6 29 58 61 11 68 67 46 6 2 3 37 60 37
0 0 0 0 0 0 0 0 0 0 0 0 0 0 0 0 0 0 0 0 0 0 0 0
0 0 0 0 0 0 0 0 0 0 0 0 0 0 0 0 0 0 0 0 0 0 0 0
30 48 41 66 44 46 56 36 57 22 9 69 56 20 30 58 28 62 22 65 26 22 26 15
67 24 55 26 62 42 22 46 32 19 27 1 13 45 6 31 8 22 49 37 60 19 41 20
65 55 63 47 57 33 71 30 42 20 1 23 34 60 4 25 50 70 67 4 33 56 64 52
4 43 33 2 59 65 4 35 52 69 55 33 14 27 17 1 46 50 21 66 0 31 2 35
0 0 0 0 0 0 0 0 0 0 0 0 0 0 0 0 0 0 0 0 0 0 0 0
0 0 0 0 0 0 0 0 0 0 0 0 0 0 0 0 0 0 0 0 0 0 0 0
27 66 37 61 11 59 64 64 7 44 67 66 20 11 67 30 46 28 71 63 52 2 34 63
13 37 64 51 13 59 13 32 2 6 26 40 1 56 0 66 49 38 42 57 29 27 21 30
11 9 2 1 23 1 10 38 15 25 25 8 21 50 33 8 50 62 20 54 28 51 13 48
15 29 8 40 22 22 62 29 25 37 32 20 30 48 6 61 4 23 15 8 31 43 45 41
0 0 0 0 0 0 0 0 0 0 0 0 0 0 0 0 0 0 0 0 0 0 0 0
0 0 0 0 0 0 0 0 0 0 0 0 0 0 0 0 0 0 0 0 0 0 0 0
34 64 7 41 56 62 67 54 3 15 14 68 39 65 21 4 69 45 13 66 5 58 3 49
57 23 30 24 63 64 22 69 49 34 36 69 38 49 51 40 43 41 1 3 6 51 69 26
62 15 40 70 49 57 23 48 13 4 66 52 64 34 10 19 37 13 35 23 55 70 63 10
40 17 68 49 51 7 16 6 62 12 67 58 24 14 69 19 54 51 7 52 12 44 69 26
0 0 0 0 0 0 0 0 0 0 0 0 0 0 0 0 0 0 0 0 0 0 0 0
0 0 0 0 0 0 0 0 0 0 0 0 0 0 0 0 0 0 0 0 0 0 0 0
41 69 36 64 68 33 23 21 55 55 58 20 12 56 45 5 18 1 7 7 59 7 49 17
58 26 65 45 30 43 3 43 31 13 27 43 50 10 34 49 8 16 4 50 18 70 58 58
14 54 0 48 49 5 54 56 19 25 49 55 15 1 52 36 0 18 68 56 12 71 12 3
59 10 37 4 64 0 50 32 19 41 17 30 17 56 2 14 9 62 11 37 66 14 12 21
0 0 0 0 0 0 0 0 0 0 0 0 0 0 0 0 0 0 0 0 0 0 0 0
0 0 0 0 0 0 0 0 0 0 0 0 0 0 0 0 0 0 0 0 0 0 0 0
70 6 20 58 42 34 28 4 41 27 17 32 14 31 25 11 0 52 5 24 41 34 35 21
16 46 20 63 51 68 60 15 58 13 7 25 70 39 11 5 1 16 36 28 46 60 44 66
22 12 52 6 58 35 60 59 71 45 58 10 49 26 41 38 36 16 21 24 63 33 30 23
59 24 21 70 41 68 31 48 31 34 16 35 28 4 46 7 36 63 68 63 8 30 16 59
0 0 0 0 0 0 0 0 0 0 0 0 0 0 0 0 0 0 0 0 0 0 0 0
0 0 0 0 0 0 0 0 0 0 0 0 0 0 0 0 0 0 0 0 0 0 0 0
58 26 37 6 25 4 68 0 9 8 35 46 23 5 56 28 23 34 52 55 4 15 10 21
51 42 62 35 50 59 39 35 37 54 2 23 46 31 41 32 48 6 11 66 21 30 2 29
29 54 19 13 63 67 70 38 14 64 11 31 26 42 21 6 46 59 65 4 67 52 7 12
39 55 71 36 56 68 36 16 47 62 34 24 39 34 6 46 47 15 27 8 31 60 26 59
0 0 0 0 0 0 0 0 0 0 0 0 0 0 0 0 0 0 0 0 0 0 0 0
0 0 0 0 0 0 0 0 0 0 0 0 0 0 0 0 0 0 0 0 0 0 0 0
47 23 68 55 59 27 31 2 21 63 53 41 44 59 7 27 4 45 36 24 24 51 32 53
25 14 21 12 0 56 36 21 66 48 21 28 32 49 40 2 49 47 50 71 53 14 43 60
46 67 0 37 61 41 31 70 8 1 9 15 70 42 3 0 36 38 64 5 47 4 55 40
53 22 19 50 58 60 8 12 47 16 2 9 16 13 52 50 2 8 6 25 66 59 59 34
0 0 0 0 0 0 0 0 0 0 0 0 0 0 0 0 0 0 0 0 0 0 0 0
0 0 0 0 0 0 0 0 0 0 0 0 0 0 0 0 0 0 0 0 0 0 0 0
14 9 70 46 0 41 36 47 25 3 13 54 21 30 67 41 68 18 11 13 28 63 46 52
47 70 71 53 56 35 59 45 57 6 37 70 4 26 61 63 21 60 24 51 19 49 7 61
55 15 17 32 36 20 69 12 18 49 6 43 47 63 45 65 31 71 54 53 1 50 67 1
3 8 18 49 51 14 68 31 50 6 25 70 56 47 54 57 32 35 52 2 34 44 32 10
0 0 0 0 0 0 0 0 0 0 0 0 0 0 0 0 0 0 0 0 0 0 0 0
0 0 0 0 0 0 0 0 0 0 0 0 0 0 0 0 0 0 0 0 0 0 0 0
29 7 23 22 17 37 30 40 43 37 51 24 24 69 30 4 58 6 60 56 40 6 38 5
58 62 59 51 48 54 36 31 24 50 48 60 52 54 22 5 27 14 51 52 1 69 24 42
63 44 15 38 16 21 34 47 57 71 70 31 0 30 29 30 22 8 0 16 43 32 41 16
69 64 35 8 41 9 37 34 30 36 53 1 26 35 32 28 55 24 46 36 12 30 68 71
0 0 0 0 0 0 0 0 0 0 0 0 0 0 0 0 0 0 0 0 0 0 0 0
0 0 0 0 0 0 0 0 0 0 0 0 0 0 0 0 0 0 0 0 0 0 0 0
30 7 63 63 42 29 61 4 33 10 49 43 49 63 40 51 8 26 31 35 8 61 8 66
13 60 13 12 21 22 9 7 3 70 42 41 58 57 58 34 9 31 39 0 59 9 43 0
40 16 54 35 70 50 65 25 45 10 4 69 52 29 25 44 49 67 60 27 15 62 46 45
40 57 69 48 42 68 53 26 29 23 50 58 24 13 6 4 64 29 36 67 46 59 13 14
0 0 0 0 0 0 0 0 0 0 0 0 0 0 0 0 0 0 0 0 0 0 0 0
0 0 0 0 0 0 0 0 0 0 0 0 0 0 0 0 0 0 0 0 0 0 0 0
5 56 8 65 18 59 64 70 46 20 63 6 35 49 63 33 49 29 34 20 27 18 59 32
33 20 0 31 34 66 0 5 23 51 60 64 30 23 23 64 32 10 43 48 38 36 21 59
11 25 29 66 8 25 7 56 49 37 10 29 34 36 33 24 30 34 53 49 36 52 70 33
49 62 53 69 4 36 67 52 12 37 62 18 22 44 54 66 26 66 49 58 43 30 7 26
0 0 0 0 0 0 0 0 0 0 0 0 0 0 0 0 0 0 0 0 0 0 0 0
0 0 0 0 0 0 0 0 0 0 0 0 0 0 0 0 0 0 0 0 0 0 0 0
54 58 29 30 33 58 70 67 65 39 36 13 18 52 47 56 6 44 66 28 40 5 25 71
58 48 37 31 6 53 3 32 23 19 64 38 58 71 25 41 59 10 22 5 17 51 70 21
40 8 45 59 0 3 2 38 0 36 52 18 32 44 29 48 42 54 67 6 45 14 55 11
17 9 30 32 51 60 37 55 16 7 62 62 59 35 29 41 38 13 3 69 29 46 66 28
0 0 0 0 0 0 0 0 0 0 0 0 0 0 0 0 0 0 0 0 0 0 0 0
0 0 0 0 0 0 0 0 0 0 0 0 0 0 0 0 0 0 0 0 0 0 0 0
66 27 56 21 64 23 65 28 64 23 20 5 56 52 31 47 24 63 17 62 14 47 59 26
18 29 26 32 33 58 27 59 53 25 6 66 39 70 19 21 57 66 69 68 33 14 44 20
18 55 68 17 66 65 35 67 36 4 41 12 32 1 53 59 7 3 66 40 42 67 30 42
39 35 2 4 35 6 33 10 5 65 53 58 60 70 42 60 47 63 13 50 46 32 25 31
0 0 0 0 0 0 0 0 0 0 0 0 0 0 0 0 0 0 0 0 0 0 0 0
0 0 0 0 0 0 0 0 0 0 0 0 0 0 0 0 0 0 0 0 0 0 0 0
42 40 49 47 12 9 58 23 23 62 30 1 14 50 61 67 38 12 61 22 18 24 41 66
33 31 71 71 15 62 43 40 22 43 64 63 71 13 48 37 47 41 46 17 30 7 59 12
71 61 61 22 7 45 65 71 31 66 4 46 50 3 66 27 27 51 66 44 9 67 64 16
11 48 38 23 34 18 21 69 25 56 22 26 10 8 25 50 60 58 0 46 38 64 67 51
0 0 0 0 0 0 0 0 0 0 0 0 0 0 0 0 0 0 0 0 0 0 0 0
0 0 0 0 0 0 0 0 0 0 0 0 0 0 0 0 0 0 0 0 0 0 0 0
59 52 59 5 25 17 20 15 1 52 27 12 58 33 18 1 41 65 7 53 50 50 58 42
42 24 21 19 4 67 62 22 11 64 51 46 41 54 13 33 54 49 43 60 10 54 69 65
18 19 24 40 37 32 62 1 35 61 64 18 41 9 56 53 7 27 25 26 48 66 19 48
10 15 43 65 35 24 32 49 0 31 29 27 12 70 56 60 38 37 9 5 28 53 52 34
0 0 0 0 0 0 0 0 0 0 0 0 0 0 0 0 0 0 0 0 0 0 0 0
0 0 0 0 0 0 0 0 0 0 0 0 0 0 0 0 0 0 0 0 0 0 0 0
67 4 38 1 28 39 25 67 71 5 43 52 28 55 57 39 60 44 7 56 49 47 34 42
27 21 30 48 2 46 48 22 59 39 35 17 35 11 49 20 2 64 8 26 4 23 64 8
14 43 60 71 38 48 46 23 45 8 13 26 26 38 15 53 56 11 54 34 54 3 71 8
17 69 25 9 50 28 22 24 66 24 48 59 46 6 37 46 6 3 26 32 71 44 28 30
0 0 0 0 0 0 0 0 0 0 0 0 0 0 0 0 0 0 0 0 0 0 0 0
0 0 0 0 0 0 0 0 0 0 0 0 0 0 0 0 0 0 0 0 0 0 0 0
6 62 37 66 14 20 17 41 45 16 0 3 69 40 26 60 17 14 30 66 66 51 1 15
9 47 55 34 30 14 37 56 57 66 60 44 46 55 18 25 2 25 58 55 32 18 29 52
20 39 71 45 4 9 0 16 32 4 1 30 33 26 41 59 45 1 15 44 27 34 63 39
60 34 46 26 31 48 25 11 25 47 66 13 62 35 64 30 23 6 11 67 26 70 57 39
0 0 0 0 0 0 0 0 0 0 0 0 0 0 0 0 0 0 0 0 0 0 0 0
0 0 0 0 0 0 0 0 0 0 0 0 0 0 0 0 0 0 0 0 0 0 0 0
4 26 67 65 22 28 6 63 54 29 13 15 59 39 16 67 21 26 52 56 68 53 50 35
14 20 52 71 40 8 26 58 20 60 40 62 35 45 7 61 19 7 71 49 30 0 66 61
18 21 58 14 30 65 64 27 24 51 2 7 1 70 64 11 49 66 43 34 57 38 70 20
47 10 6 20 33 17 1 59 8 24 29 30 8 51 67 37 7 1 35 31 3 30 20 6
0 0 0 0 0 0 0 0 0 0 0 0 0 0 0 0 0 0 0 0 0 0 0 0
0 0 0 0 0 0 0 0 0 0 0 0 0 0 0 0 0 0 0 0 0 0 0 0
50 50 23 12 14 10 35 59 20 13 57 14 28 32 45 37 59 59 25 24 56 38 17 5
53 49 7 23 40 58 28 48 25 14 62 9 39 49 26 11 34 48 67 26 21 29 52 42
28 52 60 16 63 52 9 69 39 17 1 61 2 38 64 20 65 44 65 38 64 54 15 44
35 33 25 8 57 51 58 37 32 44 29 34 20 60 24 60 26 55 31 37 6 4 30 16
0 0 0 0 0 0 0 0 0 0 0 0 0 0 0 0 0 0 0 0 0 0 0 0
0 0 0 0 0 0 0 0 0 0 0 0 0 0 0 0 0 0 0 0 0 0 0 0
48 46 46 54 60 51 6 4 61 67 64 35 56 34 14 60 22 41 13 70 7 6 38 29
35 31 27 54 62 3 47 30 40 68 28 45 25 70 42 49 26 60 50 57 70 58 35 60
66 32 8 10 6 10 63 48 64 9 65 20 14 42 5 42 32 32 40 40 67 71 31 59
32 58 26 30 6 9 17 68 50 69 48 34 16 51 28 35 62 29 27 49 66 10 24 4
0 0 0 0 0 0 0 0 0 0 0 0 0 0 0 0 0 0 0 0 0 0 0 0
0 0 0 0 0 0 0 0 0 0 0 0 0 0 0 0 0 0 0 0 0 0 0 0
12 18 54 64 42 60 32 5 38 27 51 44 30 34 46 43 8 24 18 25 51 55 29 66
52 37 9 26 39 32 28 5 9 30 45 48 18 38 34 36 40 12 21 24 56 38 2 41
43 45 39 69 59 44 9 32 4 16 34 64 42 52 15 32 9 46 64 45 10 61 22 2
7 61 68 1 26 70 6 0 56 47 71 11 63 59 11 9 21 10 19 70 56 24 62 2
0 0 0 0 0 0 0 0 0 0 0 0 0 0 0 0 0 0 0 0 0 0 0 0
0 0 0 0 0 0 0 0 0 0 0 0 0 0 0 0 0 0 0 0 0 0 0 0
19 36 38 44 4 66 52 53 60 35 40 29 52 46 47 26 49 14 56 33 15 10 47 67
10 68 46 64 43 19 60 3 70 17 25 58 65 28 1 19 34 20 55 19 44 43 68 63
50 64 20 7 47 30 0 7 54 13 38 66 0 45 53 34 20 62 47 3 10 38 59 53
65 71 70 39 13 61 49 50 19 9 22 36 26 50 21 28 25 23 70 67 46 0 43 61
0 0 0 0 0 0 0 0 0 0 0 0 0 0 0 0 0 0 0 0 0 0 0 0
0 0 0 0 0 0 0 0 0 0 0 0 0 0 0 0 0 0 0 0 0 0 0 0
50 5 42 63 20 33 66 63 50 50 22 62 14 17 70 26 8 63 60 9 54 55 24 46
54 21 57 71 4 15 29 70 62 9 61 56 70 62 23 17 10 15 58 59 41 61 54 33
29 53 32 51 17 50 12 34 58 8 38 2 17 58 41 40 19 17 28 39 20 61 63 39
49 56 28 64 71 15 6 14 1 62 26 47 29 37 37 37 44 23 26 31 62 10 50 59
0 0 0 0 0 0 0 0 0 0 0 0 0 0 0 0 0 0 0 0 0 0 0 0
0 0 0 0 0 0 0 0 0 0 0 0 0 0 0 0 0 0 0 0 0 0 0 0
23 47 71 15 12 31 10 53 45 50 58 24 64 57 49 13 16 24 33 14 54 28 27 66
52 22 27 47 65 14 43 40 16 56 38 18 38 3 10 28 8 66 12 45 48 5 5 22
15 21 36 32 19 32 70 47 35 8 45 31 45 6 14 37 29 21 9 22 15 51 44 42
1 28 10 53 67 32 44 15 21 5 25 40 36 33 14 2 68 35 57 61 45 18 54 46
0 0 0 0 0 0 0 0 0 0 0 0 0 0 0 0 0 0 0 0 0 0 0 0
0 0 0 0 0 0 0 0 0 0 0 0 0 0 0 0 0 0 0 0 0 0 0 0
35 35 61 29 5 56 50 69 33 42 45 71 43 9 60 25 48 67 70 25 28 43 20 37
61 6 20 52 57 31 64 69 7 26 41 54 50 48 48 42 36 37 1 5 42 54 18 1
57 59 33 49 35 13 5 49 49 41 14 39 67 70 70 56 52 29 21 19 63 45 31 16
56 8 61 36 53 45 23 0 53 29 40 56 54 54 48 15 64 58 38 27 22 27 32 57
0 0 0 0 0 0 0 0 0 0 0 0 0 0 0 0 0 0 0 0 0 0 0 0
0 0 0 0 0 0 0 0 0 0 0 0 0 0 0 0 0 0 0 0 0 0 0 0
21 41 45 24 49 9 66 59 18 52 65 24 14 40 41 51 3 41 32 41 35 70 18 37
46 71 16 57 19 40 69 15 58 66 35 52 15 39 54 62 45 1 7 12 25 37 11 54
59 64 40 8 58 51 16 58 53 57 11 18 44 29 17 15 50 34 0 25 27 37 30 15
10 6 41 42 49 31 60 69 52 23 56 28 0 33 39 4 17 37 13 41 12 65 64 42
0 0 0 0 0 0 0 0 0 0 0 0 0 0 0 0 0 0 0 0 0 0 0 0
0 0 0 0 0 0 0 0 0 0 0 0 0 0 0 0 0 0 0 0 0 0 0 0
63 12 6 59 2 55 9 39 3 19 4 70 22 61 13 55 49 65 14 50 0 33 70 63
59 38 22 4 61 36 52 70 57 43 62 19 68 24 21 4 53 8 51 19 13 30 15 3
45 21 5 67 1 23 29 2 25 67 27 60 25 8 46 47 53 19 54 44 14 41 29 54
49 58 52 21 47 12 13 42 32 39 59 1 59 21 30 52 30 66 33 58 4 16 48 2
0 0 0 0 0 0 0 0 0 0 0 0 0 0 0 0 0 0 0 0 0 0 0 0
0 0 0 0 0 0 0 0 0 0 0 0 0 0 0 0 0 0 0 0 0 0 0 0
29 37 13 59 17 1 19 54 39 37 55 37 30 29 8 10 28 0 3 5 23 43 29 53
6 68 55 33 64 33 66 34 30 35 16 50 11 69 40 49 63 57 2 52 56 46 21 66
57 65 60 31 22 31 24 8 44 12 65 13 27 57 7 58 42 62 17 8 22 37 43 6
36 32 62 5 14 26 31 57 54 3 32 45 27 55 33 22 8 57 69 20 50 21 48 35
0 0 0 0 0 0 0 0 0 0 0 0 0 0 0 0 0 0 0 0 0 0 0 0
0 0 0 0 0 0 0 0 0 0 0 0 0 0 0 0 0 0 0 0 0 0 0 0
64 13 15 60 11 61 70 38 38 60 11 68 5 45 48 25 24 50 71 16 28 2 40 41
17 44 34 4 44 27 47 58 54 55 46 26 35 45 60 19 43 60 69 1 63 51 7 19
46 40 18 38 67 37 17 53 71 25 71 63 50 10 66 0 37 52 32 68 13 43 37 42
36 21 71 33 31 71 43 46 11 9 8 18 68 17 50 0 38 23 35 30 1 40 17 71
0 0 0 0 0 0 0 0 0 0 0 0 0 0 0 0 0 0 0 0 0 0 0 0
0 0 0 0 0 0 0 0 0 0 0 0 0 0 0 0 0 0 0 0 0 0 0 0
6 16 61 56 64 42 39 33 47 46 32 4 68 3 20 41 8 19 31 52 2 2 50 52
23 30 71 27 37 46 40 22 9 33 14 56 15 52 31 13 70 17 68 49 63 51 35 44
43 50 69 26 52 45 51 22 53 21 16 29 18 29 27 58 36 14 47 71 34 37 35 59
58 10 34 33 26 36 45 66 29 29 2 33 4 39 56 43 65 36 12 26 66 52 33 31
0 0 0 0 0 0 0 0 0 0 0 0 0 0 0 0 0 0 0 0 0 0 0 0
0 0 0 0 0 0 0 0 0 0 0 0 0 0 0 0 0 0 0 0 0 0 0 0
64 63 66 52 40 3 13 53 69 12 17 37 14 2 43 63 48 21 9 9 50 25 7 36
11 7 31 40 58 67 13 33 22 7 68 6 14 44 53 51 43 66 29 61 26 32 29 13
56 65 53 44 68 49 33 35 71 36 56 67 36 48 31 63 5 13 6 44 14 17 63 5
27 65 17 66 66 62 15 36 66 29 16 29 39 61 3 33 7 55 23 30 55 51 53 18
0 0 0 0 0 0 0 0 0 0 0 0 0 0 0 0 0 0 0 0 0 0 0 0
0 0 0 0 0 0 0 0 0 0 0 0 0 0 0 0 0 0 0 0 0 0 0 0
45 63 62 3 32 45 65 59 44 70 58 43 15 2 29 56 18 51 60 44 63 19 19 31
67 22 21 30 71 66 40 63 15 5 5 4 64 64 69 32 1 0 1 29 42 3 71 7
37 21 37 49 13 67 68 15 15 48 39 21 39 64 51 38 52 25 21 59 9 58 5 9
51 28 25 7 68 48 43 16 1 71 3 53 63 4 56 14 15 11 63 41 68 70 33 2
0 0 0 0 0 0 0 0 0 0 0 0 0 0 0 0 0 0 0 0 0 0 0 0
0 0 0 0 0 0 0 0 0 0 0 0 0 0 0 0 0 0 0 0 0 0 0 0
59 25 16 58 70 59 23 14 23 71 26 7 11 6 35 45 27 1 38 66 69 43 32 4
24 28 26 5 40 33 37 22 12 22 47 49 36 19 43 22 0 64 39 67 49 13 27 24
43 14 54 10 47 34 18 14 2 0 57 68 17 69 61 46 61 10 55 14 56 41 53 62
45 48 39 51 39 2 18 7 50 71 1 55 31 0 52 35 1 13 23 35 71 43 20 52
0 0 0 0 0 0 0 0 0 0 0 0 0 0 0 0 0 0 0 0 0 0 0 0
0 0 0 0 0 0 0 0 0 0 0 0 0 0 0 0 0 0 0 0 0 0 0 0
25 59 26 42 43 37 52 20 62 46 25 19 1 37 39 50 62 37 20 53 30 1 39 67
10 30 53 28 13 64 56 9 16 69 24 48 13 62 54 11 61 30 48 28 55 55 3 60
59 28 9 23 50 39 41 19 24 54 50 6 15 53 27 71 50 43 41 26 35 62 50 21
30 13 13 37 65 46 30 58 52 64 39 18 33 28 41 56 23 34 17 43 50 23 29 24
0 0 0 0 0 0 0 0 0 0 0 0 0 0 0 0 0 0 0 0 0 0 0 0
0 0 0 0 0 0 0 0 0 0 0 0 0 0 0 0 0 0 0 0 0 0 0 0
51 35 4 20 16 69 2 23 7 67 61 24 39 5 31 34 50 37 33 36 50 7 21 70
13 68 64 41 34 15 19 10 11 43 13 49 37 66 1 63 41 42 12 45 32 66 30 15
24 58 21 51 65 68 1 35 2 4 68 59 13 28 68 49 46 67 1 34 24 69 44 37
54 22 52 27 6 5 63 44 56 62 32 49 38 18 61 13 13 44 38 48 50 35 15 33
0 0 0 0 0 0 0 0 0 0 0 0 0 0 0 0 0 0 0 0 0 0 0 0
0 0 0 0 0 0 0 0 0 0 0 0 0 0 0 0 0 0 0 0 0 0 0 0
67 44 45 61 42 44 5 0 68 67 44 66 59 48 25 49 66 19 28 69 69 67 70 16
62 48 8 65 34 38 53 30 53 7 58 37 37 1 70 58 37 45 24 17 66 32 40 30
14 2 33 13 52 51 29 71 61 42 31 59 22 68 58 55 39 60 49 42 43 59 38 67
28 69 59 48 38 9 49 41 66 47 13 17 17 4 14 26 49 50 58 55 29 41 35 40
0 0 0 0 0 0 0 0 0 0 0 0 0 0 0 0 0 0 0 0 0 0 0 0
0 0 0 0 0 0 0 0 0 0 0 0 0 0 0 0 0 0 0 0 0 0 0 0
32 27 55 50 28 25 14 40 33 1 7 35 30 25 46 4 28 49 27 64 54 49 37 16
20 32 62 42 63 48 37 21 40 43 13 40 23 41 43 63 49 9 44 71 28 33 68 25
12 6 30 13 23 50 0 11 36 14 7 48 12 40 68 37 61 52 57 49 51 16 39 52
39 10 2 34 21 68 5 64 40 63 26 64 46 23 49 29 41 14 23 61 15 59 29 59
0 0 0 0 0 0 0 0 0 0 0 0 0 0 0 0 0 0 0 0 0 0 0 0
0 0 0 0 0 0 0 0 0 0 0 0 0 0 0 0 0 0 0 0 0 0 0 0
69 17 22 16 65 24 20 26 36 69 61 32 29 63 7 43 1 14 5 0 36 48 12 35
32 69 57 61 69 6 68 49 39 13 38 51 28 56 23 43 3 30 35 67 4 13 58 24
70 15 28 19 53 47 2 20 56 67 71 9 66 26 66 55 53 11 33 52 44 44 32 15
70 67 30 22 39 24 44 8 44 1 22 57 37 20 13 20 1 4 52 41 64 56 63 15
0 0 0 0 0 0 0 0 0 0 0 0 0 0 0 0 0 0 0 0 0 0 0 0
0 0 0 0 0 0 0 0 0 0 0 0 0 0 0 0 0 0 0 0 0 0 0 0
32 12 12 51 58 41 5 52 44 3 58 37 41 65 33 21 16 24 22 13 50 71 26 35
7 40 36 16 24 14 71 15 57 48 43 30 61 30 21 20 56 59 51 20 3 12 55 67
13 15 7 27 41 55 39 11 38 14 37 48 64 47 25 22 71 33 0 60 40 60 47 66
28 18 53 67 32 26 62 22 41 0 71 70 17 59 46 45 51 42 65 14 11 61 2 67
0 0 0 0 0 0 0 0 0 0 0 0 0 0 0 0 0 0 0 0 0 0 0 0
0 0 0 0 0 0 0 0 0 0 0 0 0 0 0 0 0 0 0 0 0 0 0 0
19 11 47 26 55 69 35 37 45 48 37 4 19 20 69 71 0 35 20 47 36 58 51 63
70 6 68 5 59 49 33 10 55 33 42 26 14 59 48 55 33 38 56 63 56 47 1 22
36 40 31 50 55 45 57 21 12 11 35 39 13 51 19 23 53 10 62 26 51 31 56 17
32 26 70 67 14 17 16 51 2 55 60 22 52 13 52 70 36 12 62 22 39 66 55 67
0 0 0 0 0 0 0 0 0 0 0 0 0 0 0 0 0 0 0 0 0 0 0 0
0 0 0 0 0 0 0 0 0 0 0 0 0 0 0 0 0 0 0 0 0 0 0 0
25 71 30 8 71 30 2 47 70 58 64 62 61 18 65 12 69 5 22 19 38 28 59 10
15 48 66 2 64 12 2 8 57 18 54 4 51 6 16 43 30 23 6 70 22 45 62 12
10 24 70 71 17 43 31 29 68 63 25 1 20 52 8 60 46 57 59 17 22 62 0 49
48 2 5 58 20 62 60 63 50 32 6 50 24 19 24 37 35 22 14 62 39 39 68 27
0 0 0 0 0 0 0 0 0 0 0 0 0 0 0 0 0 0 0 0 0 0 0 0
0 0 0 0 0 0 0 0 0 0 0 0 0 0 0 0 0 0 0 0 0 0 0 0
51 57 54 35 8 7 25 42 53 60 18 55 42 38 6 44 66 66 12 41 39 19 18 54
54 63 55 9 4 23 45 50 3 27 68 25 14 43 31 1 8 48 67 17 47 13 11 2
27 43 26 36 45 56 33 59 22 23 61 20 7 32 0 51 12 61 55 54 66 33 17 55
14 52 1 21 13 15 14 49 64 43 55 50 9 35 54 35 67 6 36 38 43 65 15 52
0 0 0 0 0 0 0 0 0 0 0 0 0 0 0 0 0 0 0 0 0 0 0 0
0 0 0 0 0 0 0 0 0 0 0 0 0 0 0 0 0 0 0 0 0 0 0 0
6 12 26 70 20 8 34 14 19 29 17 8 28 56 40 53 1 66 67 8 0 18 13 57
70 1 25 6 23 52 65 44 33 60 16 35 17 59 18 14 19 21 63 4 31 49 28 27
67 60 31 41 9 52 20 49 70 58 5 55 66 44 32 43 11 28 5 48 53 43 46 34
40 67 25 54 6 4 70 70 53 7 64 58 70 30 34 28 65 28 56 39 22 60 50 8
0 0 0 0 0 0 0 0 0 0 0 0 0 0 0 0 0 0 0 0 0 0 0 0
0 0 0 0 0 0 0 0 0 0 0 0 0 0 0 0 0 0 0 0 0 0 0 0
66 42 4 47 13 70 0 69 46 30 15 36 47 23 6 18 70 63 48 55 64 52 51 63
53 71 66 44 3 11 24 36 10 65 20 10 36 14 66 45 69 52 65 28 11 48 47 58
24 22 20 2 62 28 6 28 21 32 63 48 27 45 19 8 63 23 39 43 1 66 49 11
51 34 30 44 31 56 6 47 56 60 32 60 2 23 35 29 60 24 24 44 59 27 5 35
0 0 0 0 0 0 0 0 0 0 0 0 0 0 0 0 0 0 0 0 0 0 0 0
0 0 0 0 0 0 0 0 0 0 0 0 0 0 0 0 0 0 0 0 0 0 0 0
0 11 26 68 69 45 57 44 1 50 68 66 24 48 64 59 63 71 18 16 5 37 14 54
54 61 29 10 34 6 66 52 47 66 39 29 48 32 44 34 61 61 59 27 68 12 45 20
57 6 37 51 29 3 15 42 0 27 65 40 21 44 33 6 57 67 36 32 20 53 15 62
19 7 27 62 13 53 22 32 2 18 58 30 23 41 55 46 7 8 3 41 11 36 43 65
0 0 0 0 0 0 0 0 0 0 0 0 0 0 0 0 0 0 0 0 0 0 0 0
0 0 0 0 0 0 0 0 0 0 0 0 0 0 0 0 0 0 0 0 0 0 0 0
7 7 24 5 67 33 26 9 2 31 9 12 45 54 59 43 70 12 37 3 22 49 38 28
36 19 69 60 4 56 60 39 61 13 26 23 23 17 64 18 23 58 63 63 66 27 2 30
13 66 45 3 49 48 14 63 58 47 69 19 33 22 66 20 68 56 69 23 38 25 7 21
7 32 66 10 28 4 9 8 18 11 48 38 53 11 70 40 39 19 61 8 49 17 8 24
0 0 0 0 0 0 0 0 0 0 0 0 0 0 0 0 0 0 0 0 0 0 0 0
0 0 0 0 0 0 0 0 0 0 0 0 0 0 0 0 0 0 0 0 0 0 0 0
63 49 2 52 53 65 35 66 68 66 18 25 26 52 32 67 40 18 70 59 49 9 71 25
20 56 24 70 45 70 14 68 46 27 21 50 8 2 48 37 36 54 50 50 8 48 57 53
9 29 31 52 60 44 45 5 48 1 5 1 20 9 64 0 14 43 4 36 64 30 35 9
50 6 30 4 66 70 68 70 34 7 56 56 31 6 71 24 51 49 46 65 14 64 66 36
0 0 0 0 0 0 0 0 0 0 0 0 0 0 0 0 0 0 0 0 0 0 0 0
0 0 0 0 0 0 0 0 0 0 0 0 0 0 0 0 0 0 0 0 0 0 0 0
71 50 36 15 48 23 22 38 47 61 44 23 16 27 31 41 21 30 32 40 27 47 9 47
42 51 15 27 54 19 10 49 34 69 17 40 48 39 54 69 50 9 53 36 61 43 66 59
53 46 6 17 53 32 65 47 27 13 49 57 35 40 62 0 6 15 44 14 11 32 36 36
66 21 66 26 54 45 48 8 13 26 39 59 66 48 28 3 18 53 38 41 32 18 10 34
0 0 0 0 0 0 0 0 0 0 0 0 0 0 0 0 0 0 0 0 0 0 0 0
0 0 0 0 0 0 0 0 0 0 0 0 0 0 0 0 0 0 0 0 0 0 0 0
28 67 35 21 28 33 47 37 47 29 66 59 30 45 54 20 38 37 38 71 32 65 6 13
35 26 9 47 35 4 58 54 59 6 20 22 69 59 34 69 9 10 27 12 4 37 32 47
55 65 43 66 23 10 16 26 30 49 68 20 58 53 12 48 48 10 64 61 32 71 64 4
64 3 21 59 61 32 67 12 61 47 18 64 30 37 70 6 34 49 49 6 46 23 23 18
0 0 0 0 0 0 0 0 0 0 0 0 0 0 0 0 0 0 0 0 0 0 0 0
0 0 0 0 0 0 0 0 0 0 0 0 0 0 0 0 0 0 0 0 0 0 0 0
24 12 44 10 41 69 13 13 29 66 46 30 66 28 33 59 11 47 56 23 40 19 58 17
39 1 29 59 30 5 50 46 67 65 0 44 61 34 21 71 8 62 49 71 8 62 6 34
54 64 17 30 30 18 36 68 62 20 21 10 70 33 34 12 0 8 33 35 19 0 46 4
28 47 67 41 14 66 42 48 49 47 18 11 11 23 12 25 63 15 51 9 25 36 25 49
0 0 0 0 0 0 0 0 0 0 0 0 0 0 0 0 0 0 0 0 0 0 0 0
0 0 0 0 0 0 0 0 0 0 0 0 0 0 0 0 0 0 0 0 0 0 0 0
71 57 15 23 45 37 60 39 40 28 14 35 2 57 70 44 32 49 46 33 16 10 31 26
45 48 44 34 58 6 3 29 30 66 33 30 70 55 33 51 45 63 10 53 61 23 54 58
55 53 6 36 17 43 30 67 31 7 41 13 55 14 2 36 42 10 17 47 22 8 26 8
7 40 11 7 69 27 7 2 18 23 17 32 38 57 6 52 51 50 51 23 2 25 47 8
0 0 0 0 0 0 0 0 0 0 0 0 0 0 0 0 0 0 0 0 0 0 0 0
0 0 0 0 0 0 0 0 0 0 0 0 0 0 0 0 0 0 0 0 0 0 0 0
14 35 44 58 12 54 11 16 64 66 38 0 63 4 5 4 54 52 34 66 64 43 56 45
0 12 58 44 0 20 0 45 39 14 25 54 66 45 11 51 7 20 45 6 56 34 21 43
6 43 3 70 42 40 11 69 61 71 56 8 50 0 63 34 35 11 53 30 33 55 35 5
11 40 59 55 9 36 43 9 66 22 33 10 63 13 55 46 41 43 21 15 55 71 15 47
0 0 0 0 0 0 0 0 0 0 0 0 0 0 0 0 0 0 0 0 0 0 0 0
0 0 0 0 0 0 0 0 0 0 0 0 0 0 0 0 0 0 0 0 0 0 0 0
67 64 63 19 37 41 65 10 62 67 69 67 53 12 3 47 31 64 45 23 31 34 7 35
5 5 52 24 15 31 63 5 44 37 54 5 60 33 9 23 28 70 1 30 3 12 36 71
17 40 25 36 65 0 70 28 51 4 2 71 30 48 28 45 20 46 46 32 32 68 71 7
18 20 24 49 30 26 31 29 25 40 45 0 18 29 15 55 70 49 18 35 28 39 49 42
0 0 0 0 0 0 0 0 0 0 0 0 0 0 0 0 0 0 0 0 0 0 0 0
0 0 0 0 0 0 0 0 0 0 0 0 0 0 0 0 0 0 0 0 0 0 0 0
64 16 0 30 0 3 47 7 2 32 12 1 20 33 17 57 34 65 44 70 4 41 18 59
9 65 35 46 49 21 9 19 71 42 70 47 36 29 34 45 40 61 55 10 1 67 59 68
69 37 10 37 70 7 50 18 31 0 29 38 37 47 59 6 12 55 50 3 64 59 63 61
17 40 33 31 40 43 42 52 68 2 17 3 40 36 43 7 32 37 30 4 17 32 10 26
0 0 0 0 0 0 0 0 0 0 0 0 0 0 0 0 0 0 0 0 0 0 0 0
0 0 0 0 0 0 0 0 0 0 0 0 0 0 0 0 0 0 0 0 0 0 0 0
15 32 55 33 41 31 70 26 13 70 19 16 16 11 58 14 54 12 13 58 42 35 24 60
8 37 22 16 0 43 32 62 70 16 57 1 54 14 60 17 16 64 42 43 49 23 16 52
25 9 4 55 62 71 69 69 29 19 49 3 18 42 23 51 5 37 50 60 28 51 53 44
69 58 37 12 2 38 37 34 63 53 62 36 62 17 26 39 47 46 7 25 23 38 28 45
0 0 0 0 0 0 0 0 0 0 0 0 0 0 0 0 0 0 0 0 0 0 0 0
0 0 0 0 0 0 0 0 0 0 0 0 0 0 0 0 0 0 0 0 0 0 0 0
36 1 46 16 68 49 37 34 35 34 61 40 2 22 23 39 8 61 10 53 50 45 61 47
6 27 13 27 54 11 50 15 32 38 37 22 57 71 68 65 1 66 3 38 35 54 29 21
32 26 33 0 49 62 67 4 1 28 63 32 70 67 42 15 16 31 46 53 10 59 48 0
56 32 48 37 27 57 30 22 64 5 7 49 22 70 41 49 8 53 26 53 12 1 29 60
0 0 0 0 0 0 0 0 0 0 0 0 0 0 0 0 0 0 0 0 0 0 0 0
0 0 0 0 0 0 0 0 0 0 0 0 0 0 0 0 0 0 0 0 0 0 0 0
27 14 25 66 37 36 15 57 26 68 63 41 57 49 4 53 38 71 21 39 44 45 19 43
63 5 30 45 9 66 34 52 29 34 53 25 60 25 65 44 44 64 59 67 69 43 23 54
28 19 35 46 39 56 12 51 70 37 27 26 60 20 31 43 19 30 25 6 25 8 60 47
67 11 20 53 46 63 11 14 11 7 0 49 33 52 57 7 6 43 45 17 42 10 41 67
0 0 0 0 0 0 0 0 0 0 0 0 0 0 0 0 0 0 0 0 0 0 0 0
0 0 0 0 0 0 0 0 0 0 0 0 0 0 0 0 0 0 0 0 0 0 0 0
30 11 16 10 67 13 58 25 57 46 13 49 14 5 43 37 35 55 61 34 23 32 19 25
49 12 67 40 12 59 43 34 15 41 59 18 20 58 21 30 8 9 49 10 12 34 45 3
28 19 36 33 48 39 20 8 50 68 4 40 38 70 10 70 37 52 69 5 10 46 30 44
70 53 57 69 28 63 12 41 6 41 37 5 32 32 9 15 26 39 42 54 65 45 0 45
0 0 0 0 0 0 0 0 0 0 0 0 0 0 0 0 0 0 0 0 0 0 0 0
0 0 0 0 0 0 0 0 0 0 0 0 0 0 0 0 0 0 0 0 0 0 0 0
31 2 1 13 38 53 58 27 46 71 55 16 65 20 40 3 25 46 15 70 26 61 34 8
70 6 37 54 16 24 46 32 28 5 51 55 64 48 69 69 51 71 27 11 59 59 9 53
12 7 58 61 32 61 23 27 3 18 25 14 44 38 68 7 59 45 68 0 24 41 2 5
28 18 28 48 58 69 53 17 40 71 51 7 10 59 44 21 20 28 9 12 10 31 18 18
0 0 0 0 0 0 0 0 0 0 0 0 0 0 0 0 0 0 0 0 0 0 0 0
0 0 0 0 0 0 0 0 0 0 0 0 0 0 0 0 0 0 0 0 0 0 0 0
29 63 20 0 69 62 51 50 70 35 70 36 1 28 11 31 46 21 67 69 11 46 20 10
54 7 6 41 5 12 2 11 49 0 71 54 46 45 26 25 37 13 56 71 62 16 54 1
63 29 49 65 18 64 69 41 37 17 50 52 67 25 27 55 68 46 43 48 9 10 71 9
7 38 4 20 65 12 26 25 51 4 46 26 18 57 53 6 0 53 14 0 57 10 18 42
0 0 0 0 0 0 0 0 0 0 0 0 0 0 0 0 0 0 0 0 0 0 0 0
0 0 0 0 0 0 0 0 0 0 0 0 0 0 0 0 0 0 0 0 0 0 0 0
11 52 66 9 46 15 1 15 24 12 38 40 69 61 46 38 66 40 54 10 30 19 0 38
52 3 54 4 63 30 39 27 66 13 58 38 37 49 49 40 69 11 7 20 62 27 38 68
31 20 46 2 41 48 56 9 49 28 0 67 52 2 22 60 56 24 30 18 1 48 59 19
20 18 1 20 37 38 60 62 9 29 21 62 47 69 38 45 53 66 50 65 16 58 11 27
0 0 0 0 0 0 0 0 0 0 0 0 0 0 0 0 0 0 0 0 0 0 0 0
0 0 0 0 0 0 0 0 0 0 0 0 0 0 0 0 0 0 0 0 0 0 0 0
36 24 41 26 50 15 9 35 6 59 69 60 62 62 60 3 29 65 1 16 42 57 69 16
42 26 48 3 64 64 52 41 13 67 28 16 24 62 49 57 9 49 38 20 34 43 22 17
69 64 30 61 1 5 35 18 36 43 70 11 71 55 31 49 23 17 63 45 28 26 51 60
34 60 44 39 67 24 6 64 16 33 52 37 63 44 56 13 40 2 32 21 67 67 46 33
0 0 0 0 0 0 0 0 0 0 0 0 0 0 0 0 0 0 0 0 0 0 0 0
0 0 0 0 0 0 0 0 0 0 0 0 0 0 0 0 0 0 0 0 0 0 0 0
49 56 50 68 5 27 16 29 50 45 63 44 5 69 50 25 50 5 51 37 2 58 51 13
42 7 24 56 59 18 38 53 62 40 10 42 27 13 13 63 62 56 12 49 2 47 8 39
19 25 66 16 67 51 49 49 26 70 38 55 2 37 19 33 24 41 10 32 68 36 71 50
49 52 40 7 21 6 42 36 6 22 39 32 12 15 54 5 57 47 16 18 2 38 47 43
0 0 0 0 0 0 0 0 0 0 0 0 0 0 0 0 0 0 0 0 0 0 0 0
0 0 0 0 0 0 0 0 0 0 0 0 0 0 0 0 0 0 0 0 0 0 0 0
16 13 59 44 11 69 10 12 63 69 2 33 6 22 63 16 42 46 46 36 2 8 55 61
46 30 30 68 67 67 50 35 23 5 12 55 21 41 28 9 63 60 28 68 34 28 2 62
53 52 32 3 0 10 35 25 33 40 54 47 7 63 67 46 36 10 26 37 56 44 35 17
51 12 59 34 4 4 58 71 65 48 30 53 24 12 11 42 56 9 53 4 42 41 24 31
0 0 0 0 0 0 0 0 0 0 0 0 0 0 0 0 0 0 0 0 0 0 0 0
0 0 0 0 0 0 0 0 0 0 0 0 0 0 0 0 0 0 0 0 0 0 0 0
40 27 59 56 34 66 63 32 5 19 4 2 42 4 0 69 38 70 69 35 20 42 29 67
24 41 30 26 53 46 45 56 14 64 59 3 14 67 12 31 12 65 16 43 23 53 43 54
20 32 33 7 3 47 36 32 66 54 43 39 6 68 18 36 46 62 36 36 54 15 43 14
20 62 27 45 67 52 22 3 25 42 4 6 15 8 7 24 33 54 8 54 8 53 13 4
0 0 0 0 0 0 0 0 0 0 0 0 0 0 0 0 0 0 0 0 0 0 0 0
0 0 0 0 0 0 0 0 0 0 0 0 0 0 0 0 0 0 0 0 0 0 0 0
20 39 39 31 39 43 38 25 25 48 32 68 16 60 50 40 29 39 42 22 70 41 61 21
64 28 63 17 28 57 2 69 33 54 28 5 26 3 40 60 30 56 13 43 31 32 44 54
21 61 19 30 54 59 60 47 14 29 40 36 19 58 64 28 4 11 48 43 24 4 39 62
49 1 36 10 15 53 17 47 60 25 59 58 33 13 3 54 65 17 51 12 14 54 62 18
0 0 0 0 0 0 0 0 0 0 0 0 0 0 0 0 0 0 0 0 0 0 0 0
0 0 0 0 0 0 0 0 0 0 0 0 0 0 0 0 0 0 0 0 0 0 0 0
6 51 1 3 67 41 22 31 28 16 20 15 47 28 49 16 29 51 24 41 46 33 1 8
68 49 69 44 56 14 21 71 48 37 64 49 64 28 1 24 57 2 41 53 65 50 32 39
12 26 48 27 10 24 54 23 25 48 27 56 63 10 38 37 9 56 18 8 69 34 59 7
13 69 38 39 34 35 18 34 15 34 45 5 54 68 26 49 60 10 8 70 14 45 47 52
0 0 0 0 0 0 0 0 0 0 0 0 0 0 0 0 0 0 0 0 0 0 0 0
0 0 0 0 0 0 0 0 0 0 0 0 0 0 0 0 0 0 0 0 0 0 0 0
13 66 2 33 41 5 42 65 47 1 39 56 62 64 18 21 62 57 11 64 3 13 2 21
55 0 55 35 40 54 35 67 49 21 25 44 47 22 13 45 9 30 0 28 67 46 62 37
13 30 44 28 12 70 47 34 51 0 49 17 32 36 25 37 67 66 5 5 55 26 29 50
51 64 50 4 7 57 8 37 50 6 8 9 25 33 63 20 63 70 59 27 28 60 36 21
0 0 0 0 0 0 0 0 0 0 0 0 0 0 0 0 0 0 0 0 0 0 0 0
0 0 0 0 0 0 0 0 0 0 0 0 0 0 0 0 0 0 0 0 0 0 0 0
1 14 23 51 22 41 63 44 34 45 43 3 19 43 21 61 1 12 60 54 9 7 1 14
38 52 12 2 25 66 28 2 67 63 32 45 0 24 70 10 38 49 30 34 62 7 29 71
66 7 51 22 24 28 39 49 39 10 27 42 71 30 53 27 18 31 34 9 42 19 26 16
56 10 22 6 33 19 41 28 12 61 60 34 54 61 64 9 27 63 2 5 68 48 4 41
0 0 0 0 0 0 0 0 0 0 0 0 0 0 0 0 0 0 0 0 0 0 0 0
0 0 0 0 0 0 0 0 0 0 0 0 0 0 0 0 0 0 0 0 0 0 0 0
7 65 16 13 47 25 58 40 35 45 45 21 48 57 70 16 2 2 15 32 5 7 63 44
39 33 8 8 57 35 58 60 47 13 30 54 70 67 27 18 59 70 47 11 51 19 24 39
42 49 63 7 21 60 23 67 56 13 66 53 27 21 22 52 61 15 2 12 8 1 68 67
27 33 39 49 63 46 8 71 0 42 67 59 20 58 6 40 60 55 37 14 1 27 51 13
0 0 0 0 0 0 0 0 0 0 0 0 0 0 0 0 0 0 0 0 0 0 0 0
0 0 0 0 0 0 0 0 0 0 0 0 0 0 0 0 0 0 0 0 0 0 0 0
58 48 9 6 47 5 17 61 51 48 13 1 64 30 11 55 69 3 31 2 71 17 21 64
19 29 3 60 21 51 70 34 32 52 48 45 42 55 22 63 29 17 15 36 38 6 33 30
19 25 11 60 17 4 32 12 18 3 0 3 48 37 33 62 39 6 0 20 16 44 67 30
66 37 28 62 51 29 50 34 25 66 13 25 57 62 20 53 4 33 35 12 51 3 54 52
0 0 0 0 0 0 0 0 0 0 0 0 0 0 0 0 0 0 0 0 0 0 0 0
0 0 0 0 0 0 0 0 0 0 0 0 0 0 0 0 0 0 0 0 0 0 0 0
16 47 14 34 11 36 12 38 65 20 54 35 61 57 63 0 54 50 19 22 13 51 47 47
44 34 2 16 45 51 71 7 25 7 7 47 40 0 41 32 61 29 15 3 27 6 1 7
63 4 28 16 37 26 31 46 32 11 42 68 15 56 61 6 35 66 59 15 67 23 60 25
1 68 67 62 64 22 60 50 24 24 20 3 47 24 33 31 1 25 51 48 24 41 35 55
0 0 0 0 0 0 0 0 0 0 0 0 0 0 0 0 0 0 0 0 0 0 0 0
0 0 0 0 0 0 0 0 0 0 0 0 0 0 0 0 0 0 0 0 0 0 0 0
71 46 70 32 25 21 56 55 71 27 1 53 23 28 65 71 24 39 23 9 35 38 53 8
5 52 39 21 5 12 68 35 68 43 59 27 33 8 45 29 61 55 17 40 45 3 38 68
64 46 16 36 42 1 49 25 53 12 53 69 50 66 4 6 59 14 12 32 36 20 54 19
46 32 51 54 45 54 52 55 49 23 49 65 24 57 10 58 40 3 28 10 60 43 23 23
0 0 0 0 0 0 0 0 0 0 0 0 0 0 0 0 0 0 0 0 0 0 0 0
0 0 0 0 0 0 0 0 0 0 0 0 0 0 0 0 0 0 0 0 0 0 0 0
15 22 0 63 30 23 65 6 18 7 37 23 16 2 2 35 21 26 5 5 14 56 23 54
31 18 7 52 58 16 21 65 45 28 55 21 35 19 70 24 70 44 68 28 31 28 61 5
0 25 19 52 32 3 64 41 61 44 32 69 63 0 27 16 67 17 12 7 46 24 21 68
24 52 23 3 32 41 12 15 18 71 7 61 34 0 64 33 59 48 68 21 36 59 57 42
0 0 0 0 0 0 0 0 0 0 0 0 0 0 0 0 0 0 0 0 0 0 0 0
0 0 0 0 0 0 0 0 0 0 0 0 0 0 0 0 0 0 0 0 0 0 0 0
19 29 67 44 64 6 41 58 67 4 15 64 62 69 27 37 56 27 66 37 44 69 5 39
37 61 41 42 47 54 43 23 63 26 1 18 45 67 66 17 44 0 24 58 20 0 67 26
7 35 61 41 67 40 30 34 68 43 33 39 25 29 33 14 19 22 65 69 48 3 47 38
11 61 1 28 48 50 46 47 65 25 38 71 44 15 53 66 69 61 48 44 33 17 64 69
0 0 0 0 0 0 0 0 0 0 0 0 0 0 0 0 0 0 0 0 0 0 0 0
0 0 0 0 0 0 0 0 0 0 0 0 0 0 0 0 0 0 0 0 0 0 0 0
4 21 4 39 40 5 9 69 56 65 22 22 42 35 40 53 63 24 52 39 52 16 65 11
35 31 55 43 35 48 39 55 63 50 62 25 66 24 25 18 13 13 24 53 17 34 11 39
1 5 41 7 4 45 10 4 39 4 67 36 13 51 70 10 71 13 70 42 5 45 68 51
16 45 39 59 3 29 21 4 71 33 25 40 24 43 16 48 59 49 8 21 59 15 60 71
0 0 0 0 0 0 0 0 0 0 0 0 0 0 0 0 0 0 0 0 0 0 0 0
0 0 0 0 0 0 0 0 0 0 0 0 0 0 0 0 0 0 0 0 0 0 0 0
4 7 3 1 45 57 12 16 61 9 53 30 31 13 68 2 62 52 21 63 34 39 54 55
43 30 31 17 41 32 18 15 17 52 12 40 3 27 27 9 5 63 66 21 37 50 53 1
54 70 35 9 27 62 34 55 49 53 23 10 7 63 48 21 32 32 36 68 66 71 61 44
21 46 41 35 5 68 34 22 40 27 43 35 65 6 53 40 5 34 38 0 45 4 1 40
0 0 0 0 0 0 0 0 0 0 0 0 0 0 0 0 0 0 0 0 0 0 0 0
0 0 0 0 0 0 0 0 0 0 0 0 0 0 0 0 0 0 0 0 0 0 0 0
9 24 55 49 61 19 11 9 8 33 63 58 51 18 46 2 13 65 71 59 42 41 57 14
2 35 41 4 68 62 33 50 65 35 16 70 25 54 17 59 27 39 61 7 6 39 51 0
15 5 24 41 51 14 30 7 41 63 8 47 17 71 68 46 22 34 70 0 62 22 7 49
63 61 71 52 5 4 46 11 2 21 2 29 63 40 34 32 33 50 64 35 11 56 61 24
0 0 0 0 0 0 0 0 0 0 0 0 0 0 0 0 0 0 0 0 0 0 0 0
0 0 0 0 0 0 0 0 0 0 0 0 0 0 0 0 0 0 0 0 0 0 0 0
21 42 15 17 26 36 28 27 44 36 42 26 63 27 54 69 31 48 28 22 48 49 23 28
26 68 0 49 57 70 0 10 48 62 15 23 11 11 52 33 48 56 32 1 61 57 50 24
3 70 32 12 7 66 18 44 15 60 63 66 41 40 12 13 68 60 64 0 24 61 38 67
8 43 34 58 68 0 17 17 28 28 49 45 63 35 5 43 60 26 11 22 20 23 61 38
0 0 0 0 0 0 0 0 0 0 0 0 0 0 0 0 0 0 0 0 0 0 0 0
0 0 0 0 0 0 0 0 0 0 0 0 0 0 0 0 0 0 0 0 0 0 0 0
1 68 39 24 33 55 42 2 4 40 42 0 29 35 37 33 32 33 61 33 8 45 40 56
19 40 60 24 24 65 43 43 71 10 31 39 29 36 15 50 27 43 37 68 5 28 23 44
22 26 16 54 58 48 7 19 54 31 67 54 56 5 20 12 35 27 41 24 67 47 38 42
67 15 11 69 31 66 22 10 38 15 10 12 53 48 56 48 64 32 69 7 44 56 60 59
0 0 0 0 0 0 0 0 0 0 0 0 0 0 0 0 0 0 0 0 0 0 0 0
0 0 0 0 0 0 0 0 0 0 0 0 0 0 0 0 0 0 0 0 0 0 0 0
71 17 61 17 0 67 48 27 19 49 63 34 15 8 47 43 36 15 41 9 68 46 16 51
67 24 35 39 24 21 38 53 46 59 31 41 37 5 33 8 46 55 67 33 1 63 24 52
12 68 8 24 31 4 50 69 69 34 30 69 49 65 39 47 34 70 41 6 53 27 45 68
1 63 2 41 18 57 69 60 71 65 66 69 12 1 67 32 37 8 17 58 68 32 27 21
0 0 0 0 0 0 0 0 0 0 0 0 0 0 0 0 0 0 0 0 0 0 0 0
0 0 0 0 0 0 0 0 0 0 0 0 0 0 0 0 0 0 0 0 0 0 0 0
18 43 11 1 31 27 29 59 8 45 58 53 45 29 33 71 52 10 12 27 16 5 39 4
14 1 12 27 18 12 59 35 48 68 50 10 6 70 40 53 17 56 16 55 31 26 62 22
11 33 37 34 53 54 49 30 52 26 49 26 54 16 60 28 53 17 59 21 10 7 50 33
62 15 66 41 0 28 62 14 51 59 55 16 40 37 1 24 70 27 46 0 49 9 6 46
0 0 0 0 0 0 0 0 0 0 0 0 0 0 0 0 0 0 0 0 0 0 0 0
0 0 0 0 0 0 0 0 0 0 0 0 0 0 0 0 0 0 0 0 0 0 0 0
48 16 3 0 55 33 24 59 11 40 38 3 22 67 0 2 68 65 71 68 7 52 67 39
2 62 22 44 5 70 42 15 56 70 49 30 39 52 50 53 30 53 61 8 61 24 66 60
46 22 36 18 3 10 55 50 44 41 26 25 27 39 63 48 24 4 3 63 45 1 48 43
29 16 55 22 61 58 47 20 22 61 32 20 49 26 44 7 70 35 42 25 34 26 60 39
0 0 0 0 0 0 0 0 0 0 0 0 0 0 0 0 0 0 0 0 0 0 0 0
0 0 0 0 0 0 0 0 0 0 0 0 0 0 0 0 0 0 0 0 0 0 0 0
42 42 53 11 63 32 1 6 14 1 21 70 29 41 9 69 49 25 19 2 12 1 28 70
60 52 24 33 39 18 37 60 48 14 65 69 42 23 12 58 23 0 54 14 48 2 34 13
22 14 64 61 38 29 52 6 45 56 60 14 2 1 59 17 58 11 59 6 10 58 51 59
18 5 64 24 45 67 33 53 31 50 32 26 11 31 14 40 38 21 32 25 65 33 33 63
0 0 0 0 0 0 0 0 0 0 0 0 0 0 0 0 0 0 0 0 0 0 0 0
0 0 0 0 0 0 0 0 0 0 0 0 0 0 0 0 0 0 0 0 0 0 0 0
0 0 7 26 19 52 48 68 44 26 25 33 51 59 67 21 6 9 67 24 56 23 20 9
38 11 36 22 19 4 46 21 23 31 5 47 33 19 30 4 1 9 38 36 28 8 53 28
7 25 14 49 60 68 51 34 32 70 37 25 31 57 57 18 33 58 62 42 35 66 6 43
15 59 61 18 31 36 58 52 1 35 28 8 53 26 29 14 17 4 27 69 55 19 24 25
0 0 0 0 0 0 0 0 0 0 0 0 0 0 0 0 0 0 0 0 0 0 0 0
0 0 0 0 0 0 0 0 0 0 0 0 0 0 0 0 0 0 0 0 0 0 0 0
1 18 59 52 54 43 52 31 31 19 63 46 3 20 45 4 17 29 71 41 65 31 12 11
18 45 49 21 5 50 64 67 26 6 35 63 71 21 45 60 36 40 58 71 8 7 40 62
35 63 39 58 56 3 54 39 2 48 7 42 58 43 68 57 56 24 34 45 23 1 13 20
32 10 6 65 8 63 33 52 21 34 41 55 0 64 46 62 28 40 16 18 23 52 23 14
0 0 0 0 0 0 0 0 0 0 0 0 0 0 0 0 0 0 0 0 0 0 0 0
0 0 0 0 0 0 0 0 0 0 0 0 0 0 0 0 0 0 0 0 0 0 0 0
57 49 9 3 12 62 32 18 68 63 62 70 43 35 32 53 25 21 69 66 23 58 12 42
33 11 57 36 47 22 30 56 44 59 15 30 69 15 40 46 51 13 13 64 2 40 12 31
10 10 16 29 56 25 20 69 47 29 55 21 18 3 3 61 27 37 11 48 70 27 19 51
3 27 37 60 50 25 25 30 10 32 67 34 40 68 48 52 64 13 48 63 50 17 34 15
0 0 0 0 0 0 0 0 0 0 0 0 0 0 0 0 0 0 0 0 0 0 0 0
0 0 0 0 0 0 0 0 0 0 0 0 0 0 0 0 0 0 0 0 0 0 0 0
29 57 43 55 45 37 65 53 26 39 60 23 18 13 43 46 11 38 71 7 25 15 11 30
71 27 22 15 16 0 69 64 42 57 23 48 6 70 65 20 6 18 62 47 50 23 6 47
28 7 23 24 10 53 3 71 62 23 29 46 4 67 40 35 49 41 31 36 37 28 62 43
12 3 44 31 40 67 37 3 43 15 55 50 53 27 53 40 58 29 68 50 58 33 61 52
0 0 0 0 0 0 0 0 0 0 0 0 0 0 0 0 0 0 0 0 0 0 0 0
0 0 0 0 0 0 0 0 0 0 0 0 0 0 0 0 0 0 0 0 0 0 0 0
13 29 53 47 60 4 66 19 62 33 61 16 64 63 8 49 42 26 7 59 70 62 36 39
22 36 32 52 68 16 20 70 45 68 64 41 23 60 48 26 21 2 34 27 18 34 52 37
60 38 18 36 47 33 66 65 59 50 13 11 23 7 17 14 68 37 49 60 3 47 9 70
27 14 34 51 50 58 47 40 2 22 11 71 18 11 65 62 68 62 23 24 44 24 19 15
0 0 0 0 0 0 0 0 0 0 0 0 0 0 0 0 0 0 0 0 0 0 0 0
0 0 0 0 0 0 0 0 0 0 0 0 0 0 0 0 0 0 0 0 0 0 0 0
6 57 6 9 30 31 68 31 21 53 34 66 45 60 25 28 12 68 33 40 46 59 56 8
69 65 4 24 60 26 42 71 41 35 47 53 9 27 1 1 66 68 40 37 8 70 15 35
60 25 66 10 27 11 40 13 58 8 68 40 17 2 52 58 34 70 46 18 21 67 44 55
26 63 40 15 56 43 70 5 64 43 6 12 2 69 13 40 32 39 29 5 6 45 50 3
0 0 0 0 0 0 0 0 0 0 0 0 0 0 0 0 0 0 0 0 0 0 0 0
0 0 0 0 0 0 0 0 0 0 0 0 0 0 0 0 0 0 0 0 0 0 0 0
16 25 33 2 47 37 41 21 54 11 65 44 19 32 39 55 53 12 47 54 12 40 13 36
2 67 10 59 69 60 34 57 43 22 15 58 30 37 31 63 19 57 49 38 33 13 61 21
40 20 52 14 14 22 65 18 28 8 62 58 35 61 4 9 39 8 5 62 38 42 65 1
69 45 2 38 38 26 1 6 32 37 32 41 15 46 17 53 31 10 21 60 62 9 21 36
0 0 0 0 0 0 0 0 0 0 0 0 0 0 0 0 0 0 0 0 0 0 0 0
0 0 0 0 0 0 0 0 0 0 0 0 0 0 0 0 0 0 0 0 0 0 0 0
37 20 54 3 7 37 50 38 8 21 39 39 12 67 65 36 47 9 39 37 3 28 66 36
29 37 36 65 70 47 42 20 59 23 23 45 69 48 44 30 37 29 15 46 40 23 54 67
61 58 68 64 40 25 71 8 29 40 69 27 14 41 40 1 70 29 54 58 62 55 60 10
65 33 16 43 30 1 60 9 9 54 21 43 25 52 61 60 0 26 12 4 67 0 50 57
0 0 0 0 0 0 0 0 0 0 0 0 0 0 0 0 0 0 0 0 0 0 0 0
0 0 0 0 0 0 0 0 0 0 0 0 0 0 0 0 0 0 0 0 0 0 0 0
70 49 42 52 9 47 56 48 3 19 54 20 7 39 5 8 31 50 45 70 67 2 28 27
44 2 46 6 44 19 18 30 8 10 51 53 62 53 9 65 56 43 42 1 4 24 56 52
44 36 30 27 15 68 46 3 70 58 7 41 9 29 25 51 43 53 47 33 1 31 5 14
37 65 52 11 37 26 38 65 60 50 71 31 61 37 6 28 38 46 38 44 15 40 1 27
0 0 0 0 0 0 0 0 0 0 0 0 0 0 0 0 0 0 0 0 0 0 0 0
0 0 0 0 0 0 0 0 0 0 0 0 0 0 0 0 0 0 0 0 0 0 0 0
45 47 54 34 30 61 39 40 51 50 27 41 17 10 71 54 57 30 10 21 62 35 44 0
51 61 3 28 41 21 7 41 40 43 18 32 49 57 14 20 41 28 55 19 62 48 33 56
48 17 50 41 23 71 50 14 35 36 41 49 0 28 3 21 20 45 16 17 19 51 0 31
22 21 60 53 66 23 58 3 12 48 55 53 21 55 61 8 22 28 53 28 19 7 67 7
0 0 0 0 0 0 0 0 0 0 0 0 0 0 0 0 0 0 0 0 0 0 0 0
0 0 0 0 0 0 0 0 0 0 0 0 0 0 0 0 0 0 0 0 0 0 0 0
71 65 50 36 38 56 21 22 63 32 50 25 14 0 71 57 39 38 48 20 12 43 7 8
40 38 62 69 49 18 61 6 23 69 22 22 11 23 11 56 1 32 71 33 4 68 63 66
3 21 3 6 24 41 65 6 67 20 49 16 31 48 34 37 47 24 11 20 30 9 5 25
7 19 39 29 2 12 40 47 11 3 21 7 68 2 3 20 19 34 62 38 29 41 59 14
0 0 0 0 0 0 0 0 0 0 0 0 0 0 0 0 0 0 0 0 0 0 0 0
0 0 0 0 0 0 0 0 0 0 0 0 0 0 0 0 0 0 0 0 0 0 0 0
64 68 63 4 37 39 2 27 66 36 53 20 59 2 16 55 64 61 61 58 33 2 39 57
21 14 7 32 47 55 43 16 52 34 50 57 45 65 35 18 12 65 35 46 41 65 6 43
55 12 35 61 23 40 55 38 36 11 57 42 39 66 61 7 50 70 33 28 24 23 53 39
19 28 28 16 7 45 56 60 58 66 58 57 63 44 39 3 4 45 45 44 52 67 43 71
0 0 0 0 0 0 0 0 0 0 0 0 0 0 0 0 0 0 0 0 0 0 0 0
0 0 0 0 0 0 0 0 0 0 0 0 0 0 0 0 0 0 0 0 0 0 0 0
70 19 4 60 38 32 4 18 71 14 29 22 45 70 26 46 42 45 21 44 35 43 67 65
47 66 11 27 69 38 53 8 64 14 22 19 57 49 17 24 29 71 65 65 57 20 7 49
41 23 49 11 33 1 23 52 71 9 20 3 56 71 21 34 21 64 55 33 58 64 28 55
27 38 67 44 6 11 1 53 0 9 56 44 16 64 9 12 36 55 26 69 62 36 10 41
0 0 0 0 0 0 0 0 0 0 0 0 0 0 0 0 0 0 0 0 0 0 0 0
0 0 0 0 0 0 0 0 0 0 0 0 0 0 0 0 0 0 0 0 0 0 0 0
52 13 18 10 8 33 65 29 16 64 45 9 21 12 4 57 19 41 42 34 13 19 24 34
6 57 29 7 47 70 19 24 22 37 5 65 2 35 8 16 31 60 5 54 8 35 39 3
68 67 51 15 10 69 56 12 46 44 37 0 18 17 50 55 57 22 11 25 50 22 10 4
23 60 26 24 56 9 67 65 9 33 9 58 19 27 7 52 66 51 47 33 31 4 10 62
0 0 0 0 0 0 0 0 0 0 0 0 0 0 0 0 0 0 0 0 0 0 0 0
0 0 0 0 0 0 0 0 0 0 0 0 0 0 0 0 0 0 0 0 0 0 0 0
22 30 48 15 36 5 21 48 56 49 67 47 26 1 44 66 48 43 51 41 33 47 53 39
2 44 33 50 16 24 56 64 28 5 2 30 42 18 48 59 33 41 67 7 64 71 59 45
31 58 15 11 48 6 38 24 14 68 65 48 16 57 19 2 71 55 9 46 53 66 28 54
70 69 3 20 53 51 64 7 65 50 22 47 22 50 53 6 53 13 27 12 47 41 23 0
0 0 0 0 0 0 0 0 0 0 0 0 0 0 0 0 0 0 0 0 0 0 0 0
0 0 0 0 0 0 0 0 0 0 0 0 0 0 0 0 0 0 0 0 0 0 0 0
30 14 33 4 14 70 26 57 57 10 14 53 8 70 3 31 8 27 12 44 67 2 2 70
2 30 15 21 56 55 70 51 6 50 20 35 49 65 53 46 41 7 12 20 18 21 6 69
28 15 53 12 41 60 27 9 59 55 13 26 47 70 57 43 19 26 15 21 27 36 53 58
18 8 18 55 62 58 32 49 32 62 26 32 0 65 24 52 62 32 51 50 47 6 55 4
0 0 0 0 0 0 0 0 0 0 0 0 0 0 0 0 0 0 0 0 0 0 0 0
0 0 0 0 0 0 0 0 0 0 0 0 0 0 0 0 0 0 0 0 0 0 0 0
32 23 20 24 17 12 11 31 7 48 28 29 63 50 25 35 15 63 65 26 51 19 8 14
57 40 23 53 61 10 46 24 65 21 48 63 59 57 8 31 55 35 31 62 52 67 30 6
16 60 53 20 65 25 65 33 23 70 33 56 3 45 33 37 32 51 15 31 64 60 13 13
47 19 70 51 13 54 24 16 32 47 42 49 0 40 27 20 50 10 36 18 60 64 62 59
0 0 0 0 0 0 0 0 0 0 0 0 0 0 0 0 0 0 0 0 0 0 0 0
0 0 0 0 0 0 0 0 0 0 0 0 0 0 0 0 0 0 0 0 0 0 0 0
0 26 68 69 69 40 43 22 2 12 32 63 68 56 51 50 56 69 41 4 26 6 42 15
53 4 60 68 30 25 46 55 13 23 37 55 36 1 22 35 65 12 23 7 43 59 0 38
23 23 28 9 60 22 2 47 67 9 20 39 52 11 34 50 20 30 44 50 60 67 58 51
36 42 65 25 68 43 30 16 54 55 62 66 22 46 54 0 56 22 18 61 15 20 64 30
0 0 0 0 0 0 0 0 0 0 0 0 0 0 0 0 0 0 0 0 0 0 0 0
0 0 0 0 0 0 0 0 0 0 0 0 0 0 0 0 0 0 0 0 0 0 0 0
47 29 19 28 67 26 39 2 28 26 6 53 49 64 23 37 16 64 3 58 48 6 11 67
49 31 43 57 42 56 46 8 25 28 36 34 63 31 26 58 17 11 20 0 26 47 27 39
23 33 4 36 66 5 4 34 24 19 46 8 50 36 26 54 39 40 69 70 4 11 36 63
31 30 6 36 10 4 35 33 30 24 50 25 42 33 40 53 64 6 13 52 65 64 1 69
0 0 0 0 0 0 0 0 0 0 0 0 0 0 0 0 0 0 0 0 0 0 0 0
0 0 0 0 0 0 0 0 0 0 0 0 0 0 0 0 0 0 0 0 0 0 0 0
19 66 31 54 31 26 13 9 25 49 21 37 59 50 68 65 28 43 34 49 68 40 35 18
71 12 6 33 27 32 62 50 49 46 34 2 50 53 32 41 36 10 4 11 19 10 38 62
51 56 58 70 60 17 37 33 21 49 11 30 25 27 44 71 57 16 70 66 9 42 64 52
68 4 14 17 16 45 39 43 9 43 12 41 39 67 13 51 31 46 10 1 54 48 43 2
0 0 0 0 0 0 0 0 0 0 0 0 0 0 0 0 0 0 0 0 0 0 0 0
0 0 0 0 0 0 0 0 0 0 0 0 0 0 0 0 0 0 0 0 0 0 0 0
6 47 52 12 38 22 66 47 14 43 0 53 26 44 32 67 66 6 19 45 19 2 11 65
47 35 56 26 12 11 9 61 22 15 50 48 26 46 61 70 68 33 65 22 52 34 11 64
14 61 59 35 33 46 50 62 32 1 57 34 26 3 38 42 5 68 27 45 68 50 2 18
16 30 48 24 53 10 5 61 41 61 31 33 31 33 66 42 22 10 23 63 31 11 48 61
0 0 0 0 0 0 0 0 0 0 0 0 0 0 0 0 0 0 0 0 0 0 0 0
0 0 0 0 0 0 0 0 0 0 0 0 0 0 0 0 0 0 0 0 0 0 0 0
34 24 5 59 1 35 17 8 28 36 45 66 46 15 56 48 55 29 30 71 3 64 45 4
57 23 63 47 6 58 52 41 66 70 63 7 70 43 45 4 56 27 36 17 40 52 42 9
69 21 64 0 47 14 61 64 43 31 49 32 51 40 23 21 39 19 58 63 69 25 47 6
40 44 34 39 67 63 65 62 39 13 64 32 21 0 15 65 25 26 58 55 32 64 43 12
0 0 0 0 0 0 0 0 0 0 0 0 0 0 0 0 0 0 0 0 0 0 0 0
0 0 0 0 0 0 0 0 0 0 0 0 0 0 0 0 0 0 0 0 0 0 0 0
33 4 58 27 46 2 44 5 0 34 46 21 14 47 1 54 55 42 22 15 9 5 69 61
53 9 21 8 45 15 54 65 51 71 28 47 39 63 24 43 34 63 64 70 64 15 7 65
2 55 40 29 28 13 2 43 68 61 62 5 41 57 15 26 32 70 50 64 38 47 15 57
56 34 46 16 5 41 30 47 27 43 24 8 37 47 37 38 37 22 67 64 18 3 20 11
0 0 0 0 0 0 0 0 0 0 0 0 0 0 0 0 0 0 0 0 0 0 0 0
0 0 0 0 0 0 0 0 0 0 0 0 0 0 0 0 0 0 0 0 0 0 0 0
46 7 50 8 14 23 70 58 32 60 47 23 62 49 28 10 49 20 24 1 42 13 30 60
28 32 55 15 32 66 38 65 18 17 31 71 43 21 63 63 57 48 38 9 41 7 17 31
61 49 11 71 15 32 15 10 7 40 22 38 47 39 67 12 5 70 17 69 42 46 28 7
65 38 13 27 16 71 20 38 20 27 65 42 8 10 40 4 22 45 28 56 24 24 12 23
0 0 0 0 0 0 0 0 0 0 0 0 0 0 0 0 0 0 0 0 0 0 0 0
0 0 0 0 0 0 0 0 0 0 0 0 0 0 0 0 0 0 0 0 0 0 0 0
63 56 1 11 55 55 63 43 24 64 43 63 61 13 67 5 5 0 65 59 30 7 4 59
1 49 57 42 62 29 40 56 6 64 21 29 10 63 58 65 69 71 1 48 22 57 67 71
35 6 28 28 65 12 13 70 45 24 53 58 41 59 15 56 44 46 0 38 0 3 14 15
18 63 68 25 1 29 11 6 63 49 55 3 61 71 16 55 52 11 29 18 18 38 54 32
0 0 0 0 0 0 0 0 0 0 0 0 0 0 0 0 0 0 0 0 0 0 0 0
0 0 0 0 0 0 0 0 0 0 0 0 0 0 0 0 0 0 0 0 0 0 0 0
4 29 31 54 9 45 7 67 13 64 47 40 35 18 71 48 52 17 42 5 20 23 42 61
43 30 46 67 68 38 35 4 62 66 70 58 71 40 64 3 16 4 36 32 67 11 36 21
8 30 41 53 19 31 22 0 54 23 53 58 25 27 58 51 15 59 59 15 4 41 18 4
65 1 53 22 22 39 19 18 51 59 15 34 45 23 13 34 55 28 18 10 65 22 67 48
0 0 0 0 0 0 0 0 0 0 0 0 0 0 0 0 0 0 0 0 0 0 0 0
0 0 0 0 0 0 0 0 0 0 0 0 0 0 0 0 0 0 0 0 0 0 0 0
67 25 70 40 58 31 13 34 1 36 42 30 36 49 3 11 3 62 12 48 66 20 43 0
62 67 56 3 36 10 71 69 60 64 11 8 12 3 15 33 24 66 49 5 4 51 61 66
9 17 1 36 55 4 67 10 25 20 45 46 35 28 33 47 18 45 64 36 53 2 39 15
57 19 52 11 2 66 44 3 41 16 42 15 20 9 6 49 17 28 22 60 24 3 64 44
0 0 0 0 0 0 0 0 0 0 0 0 0 0 0 0 0 0 0 0 0 0 0 0
0 0 0 0 0 0 0 0 0 0 0 0 0 0 0 0 0 0 0 0 0 0 0 0
67 68 35 62 6 68 17 46 32 20 67 45 54 27 62 6 21 57 64 49 27 11 11 48
65 8 62 30 37 28 3 22 35 21 7 46 42 52 65 52 48 1 47 28 1 58 70 20
52 14 40 14 58 25 18 33 41 51 13 19 40 22 12 53 23 41 24 33 13 63 53 39
23 21 25 48 67 15 39 26 0 30 68 30 15 44 34 19 18 54 30 43 63 61 58 47
0 0 0 0 0 0 0 0 0 0 0 0 0 0 0 0 0 0 0 0 0 0 0 0
0 0 0 0 0 0 0 0 0 0 0 0 0 0 0 0 0 0 0 0 0 0 0 0
64 3 32 8 20 67 50 59 39 2 25 14 37 51 1 43 11 31 61 34 54 59 25 12
71 62 63 64 46 53 59 15 28 37 49 0 67 41 24 47 31 10 9 24 32 1 0 33
53 29 9 32 6 59 36 46 69 34 37 32 60 14 71 41 48 49 37 39 27 62 68 48
61 57 8 16 67 1 39 65 24 66 5 23 35 42 37 51 63 63 12 69 66 70 42 68
0 0 0 0 0 0 0 0 0 0 0 0 0 0 0 0 0 0 0 0 0 0 0 0
0 0 0 0 0 0 0 0 0 0 0 0 0 0 0 0 0 0 0 0 0 0 0 0
42 34 16 68 42 13 36 60 64 58 30 2 31 45 25 44 0 39 30 6 58 29 29 59
31 8 56 22 69 68 70 15 45 70 49 16 62 7 13 2 65 3 44 67 6 30 58 24
16 60 35 66 60 69 0 61 26 54 67 57 32 7 3 30 43 39 64 12 8 61 17 57
61 45 7 32 67 30 18 67 60 53 19 40 37 53 6 47 30 24 62 65 20 65 36 2
0 0 0 0 0 0 0 0 0 0 0 0 0 0 0 0 0 0 0 0 0 0 0 0
0 0 0 0 0 0 0 0 0 0 0 0 0 0 0 0 0 0 0 0 0 0 0 0
4 56 51 71 57 56 31 51 59 12 48 22 8 52 52 71 1 47 11 29 38 24 17 12
58 41 34 2 1 1 58 32 39 63 3 8 12 48 19 25 50 15 59 64 69 8 21 26
2 62 19 34 63 58 6 57 7 57 46 11 43 18 63 40 27 61 23 65 41 17 20 8
67 18 62 41 39 15 69 52 12 10 21 48 32 47 34 43 32 48 2 62 37 24 64 29
0 0 0 0 0 0 0 0 0 0 0 0 0 0 0 0 0 0 0 0 0 0 0 0
0 0 0 0 0 0 0 0 0 0 0 0 0 0 0 0 0 0 0 0 0 0 0 0
33 25 25 7 40 42 1 35 15 59 47 11 16 47 31 19 8 46 6 32 8 7 7 1
43 56 68 58 57 24 33 17 51 64 5 2 50 41 41 71 62 5 67 27 41 59 71 5
22 37 35 38 18 71 40 70 60 62 23 34 22 23 31 3 3 13 35 27 24 37 41 19
43 11 57 3 54 4 58 5 0 13 34 67 44 69 0 48 3 70 51 44 15 7 56 66
0 0 0 0 0 0 0 0 0 0 0 0 0 0 0 0 0 0 0 0 0 0 0 0
0 0 0 0 0 0 0 0 0 0 0 0 0 0 0 0 0 0 0 0 0 0 0 0
36 15 2 67 2 52 19 2 21 38 41 65 18 21 49 27 21 13 17 4 4 34 20 54
43 2 6 56 11 57 24 37 66 38 12 46 71 9 53 39 3 10 13 42 59 26 9 42
64 1 32 5 24 70 44 21 3 59 35 9 36 60 47 61 1 66 11 27 48 67 36 9
43 64 38 6 2 46 19 33 63 39 64 42 49 60 8 40 25 70 13 68 67 40 63 66
0 0 0 0 0 0 0 0 0 0 0 0 0 0 0 0 0 0 0 0 0 0 0 0
0 0 0 0 0 0 0 0 0 0 0 0 0 0 0 0 0 0 0 0 0 0 0 0
45 28 54 59 33 35 41 64 26 39 4 0 63 64 31 28 69 21 69 70 31 61 32 65
24 3 12 17 69 7 21 8 67 34 45 16 0 40 32 13 51 41 25 22 39 13 69 6
57 11 4 23 46 59 46 4 56 49 55 0 36 34 23 50 7 56 38 3 45 23 21 6
63 32 40 57 25 7 10 54 31 50 6 57 14 66 41 4 36 36 36 61 40 56 39 43
0 0 0 0 0 0 0 0 0 0 0 0 0 0 0 0 0 0 0 0 0 0 0 0
0 0 0 0 0 0 0 0 0 0 0 0 0 0 0 0 0 0 0 0 0 0 0 0
41 55 45 3 2 60 37 48 24 69 56 36 41 21 18 39 41 51 13 13 19 70 13 17
4 11 10 46 4 18 22 10 37 22 51 2 38 9 20 45 10 41 43 36 59 52 14 10
27 24 19 38 57 67 8 33 68 5 33 15 19 31 30 54 67 11 14 18 16 20 37 3
13 26 36 50 52 0 34 13 59 6 66 19 15 2 40 13 64 44 63 31 11 65 58 46
0 0 0 0 0 0 0 0 0 0 0 0 0 0 0 0 0 0 0 0 0 0 0 0
0 0 0 0 0 0 0 0 0 0 0 0 0 0 0 0 0 0 0 0 0 0 0 0
64 70 13 9 21 71 71 21 69 55 56 5 1 66 46 45 46 66 7 35 69 3 30 3
47 61 36 27 22 68 49 23 55 5 6 35 6 38 66 65 5 21 59 36 54 59 5 0
61 65 41 63 5 22 33 66 11 69 41 31 11 0 21 43 29 17 46 22 55 54 71 53
31 56 65 11 3 3 31 66 11 26 11 20 51 8 59 13 14 0 36 48 55 0 36 20
0 0 0 0 0 0 0 0 0 0 0 0 0 0 0 0 0 0 0 0 0 0 0 0
0 0 0 0 0 0 0 0 0 0 0 0 0 0 0 0 0 0 0 0 0 0 0 0
60 69 10 34 24 53 55 9 23 59 61 28 25 30 3 8 9 21 17 19 70 53 39 17
13 26 51 8 50 59 67 48 63 13 26 5 29 21 67 27 6 70 11 57 43 39 0 29
18 55 28 67 2 38 4 70 48 35 9 33 66 45 42 31 71 15 23 37 64 8 2 35
28 52 67 69 58 38 21 25 17 65 30 43 64 7 7 46 62 10 53 51 71 10 45 53
0 0 0 0 0 0 0 0 0 0 0 0 0 0 0 0 0 0 0 0 0 0 0 0
0 0 0 0 0 0 0 0 0 0 0 0 0 0 0 0 0 0 0 0 0 0 0 0
69 21 40 4 24 70 25 51 13 19 18 53 66 23 4 30 31 33 34 2 6 32 68 2
48 40 22 54 67 24 60 16 15 69 68 36 70 38 17 17 32 31 37 38 39 65 63 62
62 2 51 65 20 12 23 14 12 10 45 67 9 28 29 27 4 39 41 42 34 40 67 55
38 29 43 69 26 53 68 23 69 34 3 31 41 32 45 7 34 54 28 7 2 52 36 40
0 0 0 0 0 0 0 0 0 0 0 0 0 0 0 0 0 0 0 0 0 0 0 0
0 0 0 0 0 0 0 0 0 0 0 0 0 0 0 0 0 0 0 0 0 0 0 0
8 42 32 69 70 52 31 46 59 24 57 23 65 19 32 19 0 66 64 47 28 32 51 36
62 46 44 61 70 14 70 43 17 46 63 17 54 14 40 17 66 34 49 23 53 50 55 32
51 66 45 35 17 27 18 49 4 54 66 42 30 32 22 48 23 4 45 19 17 46 38 70
4 30 18 2 4 68 17 71 29 63 50 59 35 67 70 67 64 16 0 52 9 10 67 54
0 0 0 0 0 0 0 0 0 0 0 0 0 0 0 0 0 0 0 0 0 0 0 0
0 0 0 0 0 0 0 0 0 0 0 0 0 0 0 0 0 0 0 0 0 0 0 0
63 39 17 17 8 2 9 36 55 66 52 7 59 55 55 2 26 60 61 2 19 35 66 69
60 14 32 17 25 67 71 2 2 6 26 17 2 60 63 30 54 62 31 35 0 52 0 30
1 69 42 53 63 44 17 14 50 44 15 19 9 40 63 47 18 44 26 20 5 33 14 40
5 35 4 50 44 29 30 12 50 18 29 32 22 50 14 20 61 67 6 60 27 26 3 4
0 0 0 0 0 0 0 0 0 0 0 0 0 0 0 0 0 0 0 0 0 0 0 0
0 0 0 0 0 0 0 0 0 0 0 0 0 0 0 0 0 0 0 0 0 0 0 0
50 49 57 16 24 50 1 39 30 65 31 21 38 32 19 67 65 7 41 44 66 34 47 31
10 64 45 12 25 58 52 42 63 1 67 48 8 29 52 62 11 33 43 8 2 14 33 30
38 68 51 69 20 17 71 17 48 11 57 0 47 67 57 21 5 44 19 64 41 70 10 56
31 3 49 35 5 71 38 55 54 2 49 40 29 8 7 2 62 53 0 9 44 1 52 7
0 0 0 0 0 0 0 0 0 0 0 0 0 0 0 0 0 0 0 0 0 0 0 0
0 0 0 0 0 0 0 0 0 0 0 0 0 0 0 0 0 0 0 0 0 0 0 0
31 47 66 13 46 66 35 4 55 24 4 14 51 26 67 66 24 57 2 54 24 10 19 1
49 57 16 38 44 5 40 18 3 32 29 64 23 55 59 27 12 57 5 71 58 29 0 3
39 40 12 16 59 34 69 22 34 8 65 20 32 22 48 57 57 1 59 54 5 46 62 69
50 10 61 26 63 11 13 43 2 21 19 55 40 61 52 43 57 36 64 49 53 47 49 19
0 0 0 0 0 0 0 0 0 0 0 0 0 0 0 0 0 0 0 0 0 0 0 0
0 0 0 0 0 0 0 0 0 0 0 0 0 0 0 0 0 0 0 0 0 0 0 0
30 18 34 22 27 67 69 22 54 43 65 60 70 46 26 32 47 37 33 70 1 46 14 65
55 24 39 27 66 18 36 4 66 34 21 8 23 36 22 49 42 18 5 14 14 60 26 45
46 34 66 10 9 35 51 2 60 14 50 22 64 24 21 37 53 3 52 71 16 23 33 4
57 33 67 29 43 2 0 3 69 7 49 33 6 5 68 23 60 50 33 36 12 37 7 29
0 0 0 0 0 0 0 0 0 0 0 0 0 0 0 0 0 0 0 0 0 0 0 0
0 0 0 0 0 0 0 0 0 0 0 0 0 0 0 0 0 0 0 0 0 0 0 0
21 68 46 47 37 62 3 17 12 46 29 57 20 62 56 3 44 9 30 62 42 6 52 31
21 66 16 35 5 32 68 64 3 6 60 56 34 13 22 20 53 40 0 43 6 0 26 53
67 61 32 33 1 25 60 46 48 12 57 59 68 17 17 43 25 62 7 53 24 13 35 11
71 18 45 30 49 56 18 27 65 29 15 20 11 51 45 71 1 61 68 50 55 38 55 55
0 0 0 0 0 0 0 0 0 0 0 0 0 0 0 0 0 0 0 0 0 0 0 0
0 0 0 0 0 0 0 0 0 0 0 0 0 0 0 0 0 0 0 0 0 0 0 0
32 25 5 41 53 4 28 23 26 53 41 32 28 14 14 35 44 61 47 5 45 41 24 21
42 1 61 20 57 10 62 62 11 12 47 71 59 54 14 8 54 29 49 54 20 58 38 47
27 6 15 44 60 39 69 50 4 30 60 5 10 32 21 55 47 61 47 27 13 63 38 51
45 56 41 58 63 36 3 21 61 10 44 49 27 2 65 51 20 49 28 12 58 64 54 51
0 0 0 0 0 0 0 0 0 0 0 0 0 0 0 0 0 0 0 0 0 0 0 0
0 0 0 0 0 0 0 0 0 0 0 0 0 0 0 0 0 0 0 0 0 0 0 0
64 49 5 23 56 3 39 56 59 52 8 11 8 55 1 66 23 20 16 55 21 17 38 57
35 30 30 40 60 66 18 18 29 70 64 12 57 13 29 30 22 28 39 52 27 43 22 70
32 16 18 46 70 43 24 46 65 63 45 30 55 44 9 59 65 29 67 35 52 48 69 54
52 62 62 7 53 48 51 14 22 37 49 71 5 20 67 15 51 51 29 31 24 65 1 9
0 0 0 0 0 0 0 0 0 0 0 0 0 0 0 0 0 0 0 0 0 0 0 0
0 0 0 0 0 0 0 0 0 0 0 0 0 0 0 0 0 0 0 0 0 0 0 0
33 22 20 51 46 36 34 15 35 25 5 0 33 15 44 47 15 65 53 21 17 57 34 39
46 26 39 42 47 35 50 71 0 70 0 63 52 3 9 49 56 19 4 1 44 40 19 67
5 62 60 6 43 34 69 60 6 54 38 19 61 59 11 56 7 11 31 22 43 62 67 56
6 28 6 54 17 51 43 12 34 55 10 25 20 63 64 44 24 52 68 54 18 29 27 44
0 0 0 0 0 0 0 0 0 0 0 0 0 0 0 0 0 0 0 0 0 0 0 0
0 0 0 0 0 0 0 0 0 0 0 0 0 0 0 0 0 0 0 0 0 0 0 0
23 1 50 59 4 15 43 0 28 37 55 7 54 41 48 10 51 25 26 14 37 69 19 60
3 3 62 59 21 8 8 67 56 33 21 1 12 17 70 60 58 8 1 2 41 33 3 71
53 53 15 7 69 69 12 51 8 70 16 23 35 55 22 5 65 17 56 1 25 69 49 13
6 23 50 64 66 41 11 61 12 45 54 70 61 63 28 41 70 53 52 50 0 48 35 24
0 0 0 0 0 0 0 0 0 0 0 0 0 0 0 0 0 0 0 0 0 0 0 0
0 0 0 0 0 0 0 0 0 0 0 0 0 0 0 0 0 0 0 0 0 0 0 0
4 57 24 49 6 48 4 9 28 56 36 40 14 4 12 60 66 33 31 53 32 20 12 40
4 60 56 16 32 39 13 16 8 23 28 53 61 0 10 66 3 38 26 42 8 62 2 24
41 0 56 29 54 10 4 32 3 9 66 51 15 55 10 67 41 7 57 15 67 71 41 47
2 40 22 39 15 34 65 63 13 55 27 2 50 38 71 46 64 31 20 29 5 65 35 61
0 0 0 0 0 0 0 0 0 0 0 0 0 0 0 0 0 0 0 0 0 0 0 0
0 0 0 0 0 0 0 0 0 0 0 0 0 0 0 0 0 0 0 0 0 0 0 0
21 17 14 20 13 5 6 23 61 32 54 26 32 43 22 30 27 32 47 6 26 30 23 32
22 61 64 5 16 36 20 32 56 20 62 14 41 57 69 20 59 40 19 51 0 45 1 68
48 19 20 36 65 49 59 17 45 54 36 10 65 32 6 13 37 53 9 11 2 35 33 36
25 10 1 8 67 31 19 43 15 43 36 71 22 13 9 9 25 59 6 54 1 25 58 40
0 0 0 0 0 0 0 0 0 0 0 0 0 0 0 0 0 0 0 0 0 0 0 0
0 0 0 0 0 0 0 0 0 0 0 0 0 0 0 0 0 0 0 0 0 0 0 0
11 57 13 70 53 53 22 25 54 49 67 58 31 54 29 20 43 44 47 70 45 1 5 17
45 56 68 60 48 31 13 9 56 69 56 64 20 27 5 7 16 4 51 8 1 39 35 6
54 7 17 57 50 3 39 50 16 16 15 31 3 34 58 56 33 41 7 10 53 52 57 55
27 1 48 41 61 29 9 44 20 67 15 16 36 4 56 50 57 2 58 53 24 67 47 28
0 0 0 0 0 0 0 0 0 0 0 0 0 0 0 0 0 0 0 0 0 0 0 0
0 0 0 0 0 0 0 0 0 0 0 0 0 0 0 0 0 0 0 0 0 0 0 0
52 38 36 44 40 40 34 41 19 31 3 9 9 57 71 69 34 62 27 1 11 4 18 16
14 28 62 57 44 6 52 19 39 26 43 51 57 43 31 24 65 45 8 60 8 16 46 28
7 67 41 21 23 69 38 6 26 71 64 7 12 4 2 53 25 45 19 18 51 29 11 27
63 42 11 46 44 41 51 64 63 25 6 63 43 17 4 65 43 13 11 57 16 60 9 49
0 0 0 0 0 0 0 0 0 0 0 0 0 0 0 0 0 0 0 0 0 0 0 0
0 0 0 0 0 0 0 0 0 0 0 0 0 0 0 0 0 0 0 0 0 0 0 0
39 5 30 54 31 38 52 51 40 50 57 54 26 13 56 27 29 59 48 23 70 47 11 38
29 62 5 23 1 43 42 19 27 16 70 24 1 32 65 11 7 42 46 70 68 47 28 42
60 21 5 71 70 63 9 61 0 26 71 30 8 9 56 48 41 28 33 52 43 16 57 16
28 13 14 55 14 1 45 24 65 28 62 32 19 54 6 25 49 2 64 47 69 69 45 12
0 0 0 0 0 0 0 0 0 0 0 0 0 0 0 0 0 0 0 0 0 0 0 0
0 0 0 0 0 0 0 0 0 0 0 0 0 0 0 0 0 0 0 0 0 0 0 0
45 65 62 21 0 60 17 24 57 34 15 47 70 70 34 34 69 51 46 70 15 48 32 16
54 8 65 11 9 64 40 27 45 11 35 41 6 56 5 40 58 12 10 36 43 1 42 53
31 9 6 71 54 38 66 51 60 38 69 46 1 60 7 40 57 20 70 11 18 71 10 52
2 11 40 7 52 55 28 32 13 36 70 58 11 48 27 42 57 29 32 22 12 3 48 47
0 0 0 0 0 0 0 0 0 0 0 0 0 0 0 0 0 0 0 0 0 0 0 0
0 0 0 0 0 0 0 0 0 0 0 0 0 0 0 0 0 0 0 0 0 0 0 0
25 69 37 1 69 65 26 17 66 45 66 23 67 50 9 6 32 32 42 70 35 29 57 68
51 15 54 2 31 71 60 4 20 60 24 32 68 46 29 43 26 35 21 30 64 68 33 15
10 19 0 9 26 1 71 68 12 25 52 41 7 25 24 14 11 32 10 70 23 66 28 42
39 33 25 13 19 14 44 17 53 28 33 38 16 50 15 43 61 38 50 58 46 13 28 4
0 0 0 0 0 0 0 0 0 0 0 0 0 0 0 0 0 0 0 0 0 0 0 0
0 0 0 0 0 0 0 0 0 0 0 0 0 0 0 0 0 0 0 0 0 0 0 0
49 8 48 31 47 6 33 51 27 55 10 42 41 63 16 62 16 18 55 35 9 50 4 26
5 8 32 35 0 45 48 15 11 32 41 11 20 14 51 7 42 62 64 2 23 57 62 1
59 44 33 30 40 67 15 42 64 7 23 7 14 65 8 16 40 17 3 21 29 8 16 8
31 9 24 10 33 6 65 65 6 6 66 49 55 55 71 68 34 52 27 52 60 65 59 48
0 0 0 0 0 0 0 0 0 0 0 0 0 0 0 0 0 0 0 0 0 0 0 0
0 0 0 0 0 0 0 0 0 0 0 0 0 0 0 0 0 0 0 0 0 0 0 0
48 20 45 65 11 63 6 17 47 17 47 20 61 9 69 67 68 61 21 11 62 23 29 23
54 7 39 2 61 10 34 55 69 44 26 56 9 45 14 43 48 31 51 31 12 51 3 71
40 7 55 19 20 34 26 1 34 27 53 3 60 67 29 40 67 28 50 68 69 30 28 23
38 57 7 8 25 66 53 12 8 32 2 16 2 58 7 54 4 27 59 63 7 44 41 2
0 0 0 0 0 0 0 0 0 0 0 0 0 0 0 0 0 0 0 0 0 0 0 0
0 0 0 0 0 0 0 0 0 0 0 0 0 0 0 0 0 0 0 0 0 0 0 0
71 6 25 54 26 47 42 55 38 9 21 34 40 58 17 13 60 27 8 16 7 42 65 43
63 23 69 42 66 65 42 20 70 15 20 47 39 52 10 33 43 4 15 23 4 11 7 59
69 46 21 47 26 56 66 14 40 5 61 59 31 70 49 41 10 30 26 20 49 31 27 40
22 23 30 19 60 64 7 20 46 35 10 10 58 16 34 23 49 9 3 7 34 13 64 24
0 0 0 0 0 0 0 0 0 0 0 0 0 0 0 0 0 0 0 0 0 0 0 0
0 0 0 0 0 0 0 0 0 0 0 0 0 0 0 0 0 0 0 0 0 0 0 0
6 39 58 15 3 33 23 23 34 11 64 3 11 42 40 28 19 40 25 41 60 50 21 55
47 46 40 71 66 45 55 51 26 28 56 2 8 9 39 60 5 18 5 49 40 57 67 70
1 61 21 48 66 56 66 4 70 48 16 22 2 35 42 1 50 65 64 31 56 42 15 32
44 22 5 7 40 68 25 24 21 25 37 54 39 1 63 38 56 45 25 2 47 32 46 28
0 0 0 0 0 0 0 0 0 0 0 0 0 0 0 0 0 0 0 0 0 0 0 0
0 0 0 0 0 0 0 0 0 0 0 0 0 0 0 0 0 0 0 0 0 0 0 0
8 54 11 28 24 38 10 11 71 38 55 59 41 50 20 39 34 19 46 54 33 49 27 45
62 67 31 10 55 56 4 33 6 32 20 38 53 11 23 49 27 35 45 68 43 35 54 21
9 4 10 65 17 10 13 59 24 36 54 36 68 12 6 17 43 18 59 5 31 43 44 39
56 5 46 15 60 15 39 32 15 33 48 66 64 37 11 65 70 27 67 22 37 34 13 65
0 0 0 0 0 0 0 0 0 0 0 0 0 0 0 0 0 0 0 0 0 0 0 0
0 0 0 0 0 0 0 0 0 0 0 0 0 0 0 0 0 0 0 0 0 0 0 0
44 48 69 43 6 30 31 57 46 53 5 44 1 51 48 37 2 55 18 27 2 62 41 62
64 24 48 20 56 3 29 22 49 22 5 50 57 42 19 6 52 32 56 18 17 16 0 37
67 69 50 15 26 3 50 68 25 37 7 70 14 52 24 50 45 28 32 41 69 0 52 30
43 66 24 56 61 61 61 54 29 61 46 16 4 2 31 67 63 30 51 33 36 69 67 5
0 0 0 0 0 0 0 0 0 0 0 0 0 0 0 0 0 0 0 0 0 0 0 0
0 0 0 0 0 0 0 0 0 0 0 0 0 0 0 0 0 0 0 0 0 0 0 0
2 1 10 18 17 29 23 13 23 26 53 1 3 47 29 4 48 69 5 43 55 2 19 34
24 25 7 29 59 16 30 40 56 2 40 1 46 42 53 15 65 7 59 39 58 18 13 46
65 63 39 64 12 27 25 61 31 8 12 66 46 12 59 48 58 64 29 31 29 48 6 57
50 21 16 55 49 29 14 40 64 8 11 24 0 39 5 40 15 64 17 25 17 30 51 36
0 0 0 0 0 0 0 0 0 0 0 0 0 0 0 0 0 0 0 0 0 0 0 0
0 0 0 0 0 0 0 0 0 0 0 0 0 0 0 0 0 0 0 0 0 0 0 0
46 18 51 32 29 39 21 43 51 39 19 20 37 70 50 22 14 51 55 57 25 43 62 30
14 51 11 50 5 17 45 70 32 66 32 9 12 47 7 35 66 12 36 59 46 0 64 48
66 7 62 44 65 1 2 60 46 54 56 19 25 31 11 25 39 35 8 53 46 39 4 4
8 28 24 44 41 43 65 42 29 54 3 52 37 38 10 64 38 12 31 49 51 47 10 26
0 0 0 0 0 0 0 0 0 0 0 0 0 0 0 0 0 0 0 0 0 0 0 0
0 0 0 0 0 0 0 0 0 0 0 0 0 0 0 0 0 0 0 0 0 0 0 0
51 22 53 32 30 40 40 14 63 65 39 69 35 65 24 31 13 24 63 47 56 24 4 2
70 23 53 0 62 14 42 39 13 10 12 55 19 32 70 12 30 35 25 49 65 69 28 71
9 64 54 33 34 59 22 29 18 48 39 5 15 68 70 25 27 41 47 39 6 39 67 40
53 26 7 34 39 45 20 49 33 42 28 57 28 9 2 27 31 28 65 34 34 17 58 52
0 0 0 0 0 0 0 0 0 0 0 0 0 0 0 0 0 0 0 0 0 0 0 0
0 0 0 0 0 0 0 0 0 0 0 0 0 0 0 0 0 0 0 0 0 0 0 0
19 61 55 67 56 1 10 54 32 31 42 47 25 38 38 28 15 44 44 23 47 24 63 6
31 2 47 33 65 51 46 16 5 68 69 44 43 31 15 70 37 36 70 70 6 47 25 41
64 58 26 61 22 51 50 69 69 31 45 62 2 71 52 53 15 69 63 3 30 12 24 46
40 42 5 42 47 10 44 29 30 47 54 3 6 13 30 47 9 66 14 67 24 51 59 11
0 0 0 0 0 0 0 0 0 0 0 0 0 0 0 0 0 0 0 0 0 0 0 0
0 0 0 0 0 0 0 0 0 0 0 0 0 0 0 0 0 0 0 0 0 0 0 0
52 17 18 34 31 27 38 70 24 66 54 39 19 56 1 33 65 24 57 15 50 38 71 31
0 67 52 71 26 59 38 20 54 61 50 12 14 48 47 23 51 40 28 38 54 34 31 28
57 65 25 67 66 20 67 35 50 5 33 63 37 39 33 60 41 7 16 49 53 27 50 31
53 1 50 53 5 69 63 15 61 20 34 46 70 27 19 64 63 19 62 67 0 55 28 6
0 0 0 0 0 0 0 0 0 0 0 0 0 0 0 0 0 0 0 0 0 0 0 0
0 0 0 0 0 0 0 0 0 0 0 0 0 0 0 0 0 0 0 0 0 0 0 0
63 70 17 20 50 46 3 70 64 35 43 64 32 53 55 48 10 62 20 61 31 5 10 50
54 16 31 30 50 8 56 17 7 32 43 27 4 65 40 13 52 15 43 34 53 48 62 50
8 67 64 40 24 16 13 59 45 70 38 0 25 12 46 69 5 43 18 5 13 20 46 68
63 35 62 38 37 31 1 0 39 62 30 45 13 9 64 62 51 45 15 20 25 30 39 14
0 0 0 0 0 0 0 0 0 0 0 0 0 0 0 0 0 0 0 0 0 0 0 0
0 0 0 0 0 0 0 0 0 0 0 0 0 0 0 0 0 0 0 0 0 0 0 0
64 27 68 57 67 15 60 42 10 11 44 2 15 56 57 21 9 28 14 63 43 4 59 64
61 19 35 14 43 59 59 5 12 20 67 63 6 49 4 20 62 16 7 14 64 2 8 27
70 47 13 17 2 66 37 31 32 54 27 7 59 11 8 59 51 66 62 51 52 22 41 11
25 62 36 42 58 3 35 47 43 18 42 19 40 25 64 36 6 70 52 24 67 22 44 16
0 0 0 0 0 0 0 0 0 0 0 0 0 0 0 0 0 0 0 0 0 0 0 0
0 0 0 0 0 0 0 0 0 0 0 0 0 0 0 0 0 0 0 0 0 0 0 0
4 27 44 62 3 52 60 23 0 36 70 53 22 34 45 8 51 7 33 7 19 51 44 9
47 24 63 12 35 39 48 43 30 10 58 58 67 41 63 6 0 4 62 28 34 40 56 26
67 67 37 56 23 3 1 23 2 60 35 5 65 20 40 64 33 13 7 65 29 70 36 33
11 54 11 7 70 29 55 1 7 51 18 12 62 43 10 45 19 34 56 34 52 21 1 65
0 0 0 0 0 0 0 0 0 0 0 0 0 0 0 0 0 0 0 0 0 0 0 0
0 0 0 0 0 0 0 0 0 0 0 0 0 0 0 0 0 0 0 0 0 0 0 0
36 50 24 12 0 69 59 40 29 66 29 29 69 20 22 51 38 49 41 5 20 22 70 56
60 64 5 44 40 64 48 50 67 5 67 17 54 62 56 11 69 32 64 19 70 23 17 44
63 40 42 29 55 41 52 70 54 53 39 1 31 10 33 15 3 67 48 20 17 3 9 29
46 15 4 11 68 10 52 45 63 42 13 50 39 48 33 57 6 67 67 46 1 7 38 38
0 0 0 0 0 0 0 0 0 0 0 0 0 0 0 0 0 0 0 0 0 0 0 0
0 0 0 0 0 0 0 0 0 0 0 0 0 0 0 0 0 0 0 0 0 0 0 0
54 46 50 14 65 11 59 10 69 6 37 58 61 41 36 5 42 19 64 71 30 67 23 4
11 37 61 25 64 47 38 61 7 50 28 56 23 36 66 26 22 19 34 19 24 10 12 50
29 12 44 61 63 68 40 57 37 19 70 60 15 42 7 61 11 42 57 19 21 4 28 27
16 17 2 66 52 38 68 49 10 65 60 17 9 26 14 16 12 0 62 22 11 59 22 59
0 0 0 0 0 0 0 0 0 0 0 0 0 0 0 0 0 0 0 0 0 0 0 0
0 0 0 0 0 0 0 0 0 0 0 0 0 0 0 0 0 0 0 0 0 0 0 0
10 50 43 43 71 33 11 39 61 6 12 20 46 47 45 60 19 48 41 59 7 63 5 27
39 20 60 16 43 13 4 31 31 10 5 26 66 35 68 66 62 17 44 18 61 6 0 49
66 33 20 23 50 13 42 42 25 68 52 13 31 57 31 23 24 22 27 43 51 36 41 31
35 69 7 59 5 19 46 20 1 59 65 58 55 62 8 10 36 47 56 27 37 6 71 4
0 0 0 0 0 0 0 0 0 0 0 0 0 0 0 0 0 0 0 0 0 0 0 0
0 0 0 0 0 0 0 0 0 0 0 0 0 0 0 0 0 0 0 0 0 0 0 0
16 61 64 18 66 71 57 55 65 13 59 44 12 7 33 23 24 57 12 22 55 46 32 52
14 25 44 19 60 49 12 1 48 38 51 56 39 26 41 15 17 20 7 50 4 61 40 33
13 34 23 60 62 60 54 20 44 1 57 16 70 14 32 14 55 48 71 68 23 49 58 32
60 23 35 52 2 21 69 19 42 27 1 68 20 63 71 7 3 65 4 35 49 34 24 12
0 0 0 0 0 0 0 0 0 0 0 0 0 0 0 0 0 0 0 0 0 0 0 0
0 0 0 0 0 0 0 0 0 0 0 0 0 0 0 0 0 0 0 0 0 0 0 0
62 35 68 1 15 13 39 11 50 43 15 43 19 16 57 44 61 18 50 57 18 19 6 4
42 11 64 31 4 63 69 23 29 12 64 70 46 22 5 42 44 56 60 62 29 53 11 66
9 64 35 57 44 47 18 5 47 45 34 61 50 0 15 39 62 23 46 51 27 66 19 6
40 34 11 6 26 13 39 11 60 57 54 16 30 66 15 3 48 3 64 1 13 39 18 53
0 0 0 0 0 0 0 0 0 0 0 0 0 0 0 0 0 0 0 0 0 0 0 0
0 0 0 0 0 0 0 0 0 0 0 0 0 0 0 0 0 0 0 0 0 0 0 0
30 44 18 39 5 7 28 35 15 27 66 11 29 32 32 34 7 26 46 67 51 63 1 53
35 21 61 11 11 66 10 31 60 30 50 44 18 16 51 5 65 43 57 62 11 56 65 53
20 70 39 61 49 51 8 2 29 23 9 12 64 23 63 20 22 31 41 16 43 56 6 30
1 1 25 0 16 21 12 62 47 1 33 4 50 49 1 34 30 21 57 58 0 66 64 55
0 0 0 0 0 0 0 0 0 0 0 0 0 0 0 0 0 0 0 0 0 0 0 0
0 0 0 0 0 0 0 0 0 0 0 0 0 0 0 0 0 0 0 0 0 0 0 0
62 49 19 36 49 61 63 20 51 11 49 15 25 59 16 56 43 42 18 30 67 34 38 29
27 18 2 45 49 29 65 23 65 6 38 64 10 21 13 22 18 62 18 71 34 7 7 58
41 50 43 59 64 54 48 42 59 5 22 26 31 25 32 47 34 29 68 51 55 25 29 61
27 57 36 44 50 49 56 9 12 43 55 70 66 54 31 35 63 46 55 49 70 23 31 15
0 0 0 0 0 0 0 0 0 0 0 0 0 0 0 0 0 0 0 0 0 0 0 0
0 0 0 0 0 0 0 0 0 0 0 0 0 0 0 0 0 0 0 0 0 0 0 0
26 13 53 35 32 27 24 46 3 18 65 51 32 14 48 4 18 37 47 22 15 20 50 10
71 5 68 55 43 71 0 39 1 40 22 13 58 0 44 54 48 41 27 26 66 4 59 47
38 52 68 21 36 68 61 3 33 46 32 52 25 28 50 39 29 9 14 61 2 63 50 66
45 67 43 44 6 23 50 6 35 57 64 70 11 30 8 61 24 8 0 49 34 21 57 5
0 0 0 0 0 0 0 0 0 0 0 0 0 0 0 0 0 0 0 0 0 0 0 0
0 0 0 0 0 0 0 0 0 0 0 0 0 0 0 0 0 0 0 0 0 0 0 0
11 45 59 0 41 3 25 47 62 3 55 45 47 31 62 2 44 31 35 32 38 10 23 71
65 11 34 21 8 36 70 69 55 47 41 71 43 60 69 30 21 63 55 48 49 61 43 62
49 28 17 27 36 9 36 64 16 37 24 16 34 18 36 33 60 2 51 17 33 44 9 32
34 48 42 14 54 19 31 36 71 45 38 60 5 40 43 57 21 44 66 63 6 30 3 20
0 0 0 0 0 0 0 0 0 0 0 0 0 0 0 0 0 0 0 0 0 0 0 0
0 0 0 0 0 0 0 0 0 0 0 0 0 0 0 0 0 0 0 0 0 0 0 0
13 16 9 63 39 18 39 17 37 38 59 48 25 30 38 19 11 6 39 36 45 49 67 13
25 6 33 47 32 1 58 68 66 65 45 33 7 47 48 36 0 37 28 39 19 61 54 1
42 58 32 39 36 10 6 56 55 45 5 25 71 14 62 40 63 47 16 70 64 51 55 48
58 43 8 36 13 55 2 30 55 31 57 48 65 59 67 9 49 15 32 53 51 6 53 21
0 0 0 0 0 0 0 0 0 0 0 0 0 0 0 0 0 0 0 0 0 0 0 0
0 0 0 0 0 0 0 0 0 0 0 0 0 0 0 0 0 0 0 0 0 0 0 0
3 7 28 55 51 5 2 5 44 10 40 15 33 66 26 3 42 15 28 23 63 24 65 1
55 33 49 18 62 50 7 29 21 30 28 6 21 53 54 51 54 41 22 71 30 51 62 70
69 41 37 30 17 12 46 59 17 33 23 2 53 13 51 34 39 54 6 14 69 4 68 21
32 43 18 13 44 57 67 38 42 40 40 11 13 31 37 7 18 31 59 16 71 3 41 44
0 0 0 0 0 0 0 0 0 0 0 0 0 0 0 0 0 0 0 0 0 0 0 0
0 0 0 0 0 0 0 0 0 0 0 0 0 0 0 0 0 0 0 0 0 0 0 0
26 16 4 50 43 21 53 33 64 5 15 16 2 45 8 71 4 27 58 18 70 41 29 57
21 36 66 24 56 41 35 35 31 18 59 70 40 10 31 59 14 27 53 49 56 35 71 1
42 53 28 0 31 41 19 63 66 57 4 58 33 68 4 30 31 51 4 27 69 68 22 57
70 54 44 32 12 48 63 3 50 39 8 39 7 12 3 8 15 18 41 21 44 4 51 14
0 0 0 0 0 0 0 0 0 0 0 0 0 0 0 0 0 0 0 0 0 0 0 0
0 0 0 0 0 0 0 0 0 0 0 0 0 0 0 0 0 0 0 0 0 0 0 0
56 14 54 29 3 32 33 21 25 11 3 3 9 21 62 62 2 36 67 60 56 36 64 19
0 24 31 39 57 9 66 70 4 12 27 2 67 46 14 5 45 67 17 40 21 58 50 21
56 50 26 37 67 12 4 31 66 15 33 35 13 13 4 36 38 30 68 42 51 2 9 16
55 49 15 54 22 36 9 50 11 32 46 14 63 37 56 40 39 33 22 21 57 17 71 1
0 0 0 0 0 0 0 0 0 0 0 0 0 0 0 0 0 0 0 0 0 0 0 0
0 0 0 0 0 0 0 0 0 0 0 0 0 0 0 0 0 0 0 0 0 0 0 0
6 28 52 20 62 60 9 12 25 56 29 5 69 36 60 13 23 31 44 55 6 14 65 64
13 49 51 23 32 26 30 4 60 53 30 45 39 56 11 63 0 3 35 55 70 6 57 49
53 71 45 12 8 35 44 16 56 52 17 15 23 62 38 42 29 9 32 44 51 36 16 46
25 39 35 12 58 55 22 15 64 24 29 49 48 32 39 71 8 5 33 63 44 46 67 39
0 0 0 0 0 0 0 0 0 0 0 0 0 0 0 0 0 0 0 0 0 0 0 0
0 0 0 0 0 0 0 0 0 0 0 0 0 0 0 0 0 0 0 0 0 0 0 0
2 55 22 31 62 10 36 19 37 61 66 1 64 35 47 24 38 57 45 24 60 41 39 64
63 32 60 2 59 39 36 71 63 71 4 16 3 59 69 44 17 10 22 37 66 31 7 3
62 71 15 43 43 57 32 43 29 8 21 23 8 18 57 41 36 33 18 4 45 53 16 14
18 71 38 34 52 56 42 55 65 31 65 1 65 32 12 9 21 12 35 38 16 62 66 68
0 0 0 0 0 0 0 0 0 0 0 0 0 0 0 0 0 0 0 0 0 0 0 0
0 0 0 0 0 0 0 0 0 0 0 0 0 0 0 0 0 0 0 0 0 0 0 0
42 43 67 44 24 16 36 26 9 20 71 26 45 5 28 69 14 64 1 65 16 41 43 13
2 31 14 11 61 58 37 2 0 8 39 30 26 16 25 66 21 17 21 44 43 66 38 70
66 57 54 47 62 46 19 2 46 53 31 30 17 26 27 10 4 45 54 28 68 36 18 64
21 0 16 8 2 37 56 17 43 57 64 46 51 35 14 40 57 60 51 29 50 49 10 47
0 0 0 0 0 0 0 0 0 0 0 0 0 0 0 0 0 0 0 0 0 0 0 0
0 0 0 0 0 0 0 0 0 0 0 0 0 0 0 0 0 0 0 0 0 0 0 0
18 15 30 54 35 17 36 69 13 48 68 38 71 57 3 57 54 64 26 27 37 0 39 10
4 13 56 53 16 64 7 41 63 71 17 63 50 30 66 49 23 48 33 57 6 43 56 45
14 8 9 47 56 31 16 22 52 61 36 45 54 1 21 37 29 60 32 17 52 55 36 67
56 36 32 22 22 20 43 50 1 69 5 56 4 53 34 17 40 31 68 63 24 42 40 38
0 0 0 0 0 0 0 0 0 0 0 0 0 0 0 0 0 0 0 0 0 0 0 0
0 0 0 0 0 0 0 0 0 0 0 0 0 0 0 0 0 0 0 0 0 0 0 0
59 43 20 71 58 19 60 7 16 31 20 26 67 4 3 56 10 8 40 9 13 47 7 58
30 40 35 17 57 25 52 19 29 39 43 21 51 3 50 9 50 68 62 46 27 2 13 38
15 36 35 37 45 31 46 35 30 30 20 1 65 34 7 32 34 49 5 38 23 55 24 65
40 71 46 23 15 42 56 32 22 70 66 71 2 28 43 17 26 56 66 23 63 53 21 40
0 0 0 0 0 0 0 0 0 0 0 0 0 0 0 0 0 0 0 0 0 0 0 0
0 0 0 0 0 0 0 0 0 0 0 0 0 0 0 0 0 0 0 0 0 0 0 0
9 57 25 14 54 61 37 59 54 71 36 5 51 20 58 7 33 16 48 18 3 2 18 66
17 51 39 55 58 9 42 45 6 71 68 12 71 47 53 56 49 66 41 8 63 9 31 7
63 52 51 33 40 39 31 45 69 14 48 33 52 40 14 43 16 5 64 2 2 57 57 42
25 41 14 63 7 23 67 59 3 32 19 46 5 45 23 24 53 7 38 20 25 31 6 68
0 0 0 0 0 0 0 0 0 0 0 0 0 0 0 0 0 0 0 0 0 0 0 0
0 0 0 0 0 0 0 0 0 0 0 0 0 0 0 0 0 0 0 0 0 0 0 0
45 58 5 49 18 8 54 51 57 2 51 63 15 48 13 33 56 35 35 68 11 47 52 2
18 10 11 37 14 50 39 50 50 51 14 58 47 56 11 52 24 54 4 8 37 29 48 18
21 40 11 45 59 57 16 17 6 62 6 47 17 4 70 23 25 5 11 67 61 15 2 9
5 10 26 64 48 16 31 21 28 71 20 33 65 39 45 41 52 68 41 50 8 7 46 41
0 0 0 0 0 0 0 0 0 0 0 0 0 0 0 0 0 0 0 0 0 0 0 0
0 0 0 0 0 0 0 0 0 0 0 0 0 0 0 0 0 0 0 0 0 0 0 0
38 14 19 30 70 70 19 43 48 59 7 14 44 63 10 52 23 17 71 10 35 47 57 18
44 1 29 20 17 47 2 50 6 68 26 33 47 47 9 38 8 59 70 11 30 35 4 35
60 15 52 17 52 44 32 23 57 69 18 32 16 44 46 31 24 18 15 10 61 2 5 61
44 52 11 29 16 47 7 27 70 7 34 43 65 6 17 28 44 19 64 44 39 9 33 71
0 0 0 0 0 0 0 0 0 0 0 0 0 0 0 0 0 0 0 0 0 0 0 0
0 0 0 0 0 0 0 0 0 0 0 0 0 0 0 0 0 0 0 0 0 0 0 0
56 38 46 59 32 65 40 51 55 56 9 53 38 46 26 46 10 0 69 44 11 1 31 56
6 13 61 48 69 9 38 44 5 46 68 37 5 33 23 43 57 4 18 45 19 59 49 1
5 58 18 19 3 25 17 3 55 2 0 61 40 27 54 1 34 67 36 56 38 68 67 46
63 53 13 14 42 20 31 67 0 26 0 53 66 22 45 9 1 63 62 37 66 70 5 26
0 0 0 0 0 0 0 0 0 0 0 0 0 0 0 0 0 0 0 0 0 0 0 0
0 0 0 0 0 0 0 0 0 0 0 0 0 0 0 0 0 0 0 0 0 0 0 0
47 29 57 34 30 4 10 14 59 16 58 69 65 36 46 40 21 50 64 21 44 34 9 49
62 53 31 60 2 62 45 63 3 4 57 68 39 0 23 70 35 43 45 3 36 30 62 22
59 22 8 25 34 6 13 31 29 27 70 28 61 30 40 65 23 66 24 8 60 36 68 63
67 64 6 4 5 26 12 45 65 19 30 17 47 10 10 19 4 61 15 23 35 56 44 46
0 0 0 0 0 0 0 0 0 0 0 0 0 0 0 0 0 0 0 0 0 0 0 0
0 0 0 0 0 0 0 0 0 0 0 0 0 0 0 0 0 0 0 0 0 0 0 0
69 54 3 15 37 18 71 47 49 1 2 8 58 48 36 6 64 61 67 10 45 53 49 39
49 39 65 51 25 57 3 47 56 4 32 62 18 35 59 42 69 13 53 19 12 67 10 19
58 6 30 17 27 67 70 15 47 20 53 13 56 38 13 21 71 54 71 58 53 21 32 21
41 38 55 23 19 50 17 23 22 67 49 56 26 63 38 21 25 65 35 11 40 10 51 63
0 0 0 0 0 0 0 0 0 0 0 0 0 0 0 0 0 0 0 0 0 0 0 0
0 0 0 0 0 0 0 0 0 0 0 0 0 0 0 0 0 0 0 0 0 0 0 0
31 35 43 43 10 50 49 53 42 46 67 15 64 51 65 4 48 46 0 21 28 9 67 53
25 25 62 57 14 3 39 68 59 19 62 32 44 43 43 71 27 44 50 47 40 24 12 60
5 26 69 30 21 2 37 8 20 31 2 39 34 6 27 13 48 71 20 2 69 64 14 68
14 28 46 31 30 42 3 56 68 26 2 55 69 33 61 3 29 25 21 57 31 29 35 36
0 0 0 0 0 0 0 0 0 0 0 0 0 0 0 0 0 0 0 0 0 0 0 0
0 0 0 0 0 0 0 0 0 0 0 0 0 0 0 0 0 0 0 0 0 0 0 0
22 7 40 65 33 62 50 67 14 49 62 28 63 58 55 37 13 29 36 41 19 1 36 25
46 26 8 46 27 56 62 18 10 64 45 1 57 71 65 67 58 35 54 56 71 27 57 15
21 15 26 7 36 13 49 46 38 66 66 57 7 51 63 54 45 70 40 32 41 28 32 67
8 26 69 28 41 2 34 10 59 3 23 65 20 53 38 57 10 0 9 9 57 18 54 17
0 0 0 0 0 0 0 0 0 0 0 0 0 0 0 0 0 0 0 0 0 0 0 0
0 0 0 0 0 0 0 0 0 0 0 0 0 0 0 0 0 0 0 0 0 0 0 0
64 0 23 39 39 50 14 61 2 52 6 10 65 62 19 17 35 21 46 60 40 19 44 22
54 35 47 19 37 61 62 68 14 48 41 42 47 68 63 14 71 29 56 65 25 42 50 40
14 10 22 33 61 14 0 40 47 52 16 36 47 17 2 69 19 14 70 38 22 21 39 41
14 25 70 69 20 64 9 55 38 3 15 9 8 69 66 9 16 25 0 15 24 17 26 12
0 0 0 0 0 0 0 0 0 0 0 0 0 0 0 0 0 0 0 0 0 0 0 0
0 0 0 0 0 0 0 0 0 0 0 0 0 0 0 0 0 0 0 0 0 0 0 0
58 9 22 24 41 52 37 39 26 16 6 69 33 8 66 67 51 67 31 37 28 46 41 42
71 39 30 68 55 21 22 3 5 36 32 38 12 4 39 52 58 51 44 3 67 62 54 48
23 42 1 3 19 23 66 49 62 29 34 31 62 67 32 2 11 20 31 12 28 46 50 49
29 52 51 64 58 1 58 42 8 31 34 20 63 41 46 0 42 41 58 38 26 54 66 45
0 0 0 0 0 0 0 0 0 0 0 0 0 0 0 0 0 0 0 0 0 0 0 0
0 0 0 0 0 0 0 0 0 0 0 0 0 0 0 0 0 0 0 0 0 0 0 0
14 39 33 9 42 37 38 56 47 65 29 26 67 39 64 9 31 49 9 33 17 0 8 15
36 15 61 24 37 29 38 52 31 65 66 64 2 51 34 61 5 41 17 21 71 31 47 35
12 34 69 7 36 26 11 52 9 47 10 10 0 53 57 17 54 48 1 61 37 43 22 24
14 5 63 41 13 41 28 45 7 14 3 17 67 2 34 40 68 63 5 36 22 38 54 4
0 0 0 0 0 0 0 0 0 0 0 0 0 0 0 0 0 0 0 0 0 0 0 0
0 0 0 0 0 0 0 0 0 0 0 0 0 0 0 0 0 0 0 0 0 0 0 0
42 26 67 34 8 2 46 31 3 0 16 42 32 49 60 3 17 5 56 68 43 12 53 3
68 59 62 15 69 67 56 20 65 29 28 68 20 42 51 25 5 9 51 58 6 54 3 44
2 16 56 61 43 15 3 34 36 71 52 28 11 70 16 38 13 54 6 2 52 56 22 49
26 28 40 63 64 37 2 3 60 66 26 44 17 29 62 50 16 14 40 19 16 55 15 44
0 0 0 0 0 0 0 0 0 0 0 0 0 0 0 0 0 0 0 0 0 0 0 0
0 0 0 0 0 0 0 0 0 0 0 0 0 0 0 0 0 0 0 0 0 0 0 0
69 71 62 65 34 26 5 61 13 28 52 60 9 40 69 29 63 5 55 61 26 39 56 14
8 30 55 71 30 1 12 40 62 35 8 56 11 16 25 20 48 46 41 54 45 8 32 32
28 27 32 71 32 36 21 1 56 0 71 15 52 4 29 63 37 6 35 32 69 65 59 29
42 19 57 49 4 6 10 5 43 29 69 17 32 17 26 49 69 63 50 68 60 5 24 13
0 0 0 0 0 0 0 0 0 0 0 0 0 0 0 0 0 0 0 0 0 0 0 0
0 0 0 0 0 0 0 0 0 0 0 0 0 0 0 0 0 0 0 0 0 0 0 0
25 7 9 24 18 39 23 17 57 54 25 7 12 58 71 20 55 10 40 32 39 61 63 60
32 56 4 5 47 25 47 40 18 12 43 57 25 7 70 60 32 12 47 20 51 64 34 48
24 6 55 35 57 6 29 53 46 9 14 67 53 20 33 63 25 43 15 55 6 68 30 6
63 53 29 40 42 53 39 18 28 1 36 35 40 63 30 16 49 68 42 0 38 23 11 1
0 0 0 0 0 0 0 0 0 0 0 0 0 0 0 0 0 0 0 0 0 0 0 0
0 0 0 0 0 0 0 0 0 0 0 0 0 0 0 0 0 0 0 0 0 0 0 0
44 12 35 21 12 8 64 59 62 40 35 39 9 62 45 62 37 6 6 57 39 20 13 45
11 44 27 36 59 32 27 66 12 57 71 59 66 45 45 21 9 12 36 70 24 25 10 64
43 41 70 25 20 47 71 17 28 67 70 36 35 63 43 17 30 50 30 14 40 51 20 52
62 2 55 71 64 70 45 48 36 34 38 58 55 59 15 11 51 13 46 20 8 43 50 60
0 0 0 0 0 0 0 0 0 0 0 0 0 0 0 0 0 0 0 0 0 0 0 0
0 0 0 0 0 0 0 0 0 0 0 0 0 0 0 0 0 0 0 0 0 0 0 0
51 59 40 44 40 29 41 68 65 26 46 30 57 58 65 10 66 31 35 51 69 9 66 52
47 28 61 19 41 53 65 13 55 35 38 41 45 44 32 4 59 55 56 26 48 4 65 10
2 21 43 45 51 52 71 63 70 32 9 68 34 7 44 33 2 71 37 50 63 53 26 15
60 2 3 13 70 35 59 61 50 60 9 28 26 21 54 58 56 71 8 13 8 65 24 62
0 0 0 0 0 0 0 0 0 0 0 0 0 0 0 0 0 0 0 0 0 0 0 0
0 0 0 0 0 0 0 0 0 0 0 0 0 0 0 0 0 0 0 0 0 0 0 0
48 33 9 35 42 66 35 46 33 38 24 52 35 42 20 33 1 19 14 50 47 63 41 48
48 18 5 35 25 3 28 32 12 1 68 70 9 20 28 16 52 40 25 38 19 0 24 54
27 36 39 57 16 6 34 24 14 68 10 24 43 23 22 17 35 70 2 45 22 70 17 49
20 9 42 11 9 50 26 8 67 30 48 63 23 47 63 64 11 2 5 40 53 31 60 12
0 0 0 0 0 0 0 0 0 0 0 0 0 0 0 0 0 0 0 0 0 0 0 0
0 0 0 0 0 0 0 0 0 0 0 0 0 0 0 0 0 0 0 0 0 0 0 0
5 54 67 69 38 24 19 9 36 22 48 56 4 9 28 38 50 23 10 65 42 57 47 54
17 62 36 59 9 67 59 57 47 52 14 5 43 13 33 64 0 7 67 33 23 50 4 39
2 56 57 55 63 36 56 27 66 37 11 4 24 17 37 49 52 67 68 29 17 48 54 0
15 31 36 57 34 18 4 59 30 56 39 30 4 62 10 71 70 42 37 63 46 40 28 6
0 0 0 0 0 0 0 0 0 0 0 0 0 0 0 0 0 0 0 0 0 0 0 0
0 0 0 0 0 0 0 0 0 0 0 0 0 0 0 0 0 0 0 0 0 0 0 0
16 25 39 68 38 55 64 60 34 21 38 30 44 66 44 15 2 21 54 60 21 7 19 31
69 67 59 45 62 36 58 29 47 46 24 36 45 4 47 18 35 22 33 57 56 16 28 1
50 24 66 55 71 27 28 38 48 12 6 53 13 37 40 36 40 56 51 58 18 6 65 2
54 54 30 71 71 24 40 48 32 49 30 25 31 30 22 59 49 37 37 27 38 17 22 13
0 0 0 0 0 0 0 0 0 0 0 0 0 0 0 0 0 0 0 0 0 0 0 0
0 0 0 0 0 0 0 0 0 0 0 0 0 0 0 0 0 0 0 0 0 0 0 0
49 68 49 38 42 66 36 63 27 53 43 17 20 34 38 69 35 26 18 69 27 11 43 71
24 29 32 26 7 49 65 7 13 3 23 16 34 24 21 8 30 55 71 26 40 48 41 24
9 50 41 51 17 31 21 65 11 30 58 35 33 26 68 31 22 8 9 37 21 64 71 1
58 54 71 60 55 50 41 68 61 5 66 45 61 63 23 3 68 41 5 40 64 49 34 69
0 0 0 0 0 0 0 0 0 0 0 0 0 0 0 0 0 0 0 0 0 0 0 0
0 0 0 0 0 0 0 0 0 0 0 0 0 0 0 0 0 0 0 0 0 0 0 0
7 18 65 60 11 2 39 51 20 15 45 25 8 5 41 8 45 53 9 11 9 12 50 51
15 44 63 4 52 27 15 14 6 65 9 43 6 14 19 38 11 62 55 33 44 35 55 49
58 6 23 47 30 42 59 63 8 25 5 43 61 28 36 10 1 47 50 2 22 58 38 24
36 53 32 7 53 60 22 32 31 45 9 30 49 47 62 68 19 68 16 33 2 47 63 18
0 0 0 0 0 0 0 0 0 0 0 0 0 0 0 0 0 0 0 0 0 0 0 0
0 0 0 0 0 0 0 0 0 0 0 0 0 0 0 0 0 0 0 0 0 0 0 0
2 33 21 31 50 14 24 37 71 17 16 3 12 24 56 52 22 1 32 38 33 4 1 48
17 57 38 19 59 9 43 20 59 49 69 67 65 40 49 14 65 28 12 28 18 60 39 16
65 47 34 68 53 18 59 66 55 60 16 64 22 29 48 7 21 50 44 14 24 61 13 24
3 18 11 28 66 36 13 62 49 15 35 47 29 29 0 21 45 11 17 41 39 41 46 12
0 0 0 0 0 0 0 0 0 0 0 0 0 0 0 0 0 0 0 0 0 0 0 0
0 0 0 0 0 0 0 0 0 0 0 0 0 0 0 0 0 0 0 0 0 0 0 0
4 35 0 68 35 6 35 15 24 58 66 69 28 32 35 46 69 41 45 10 36 54 53 18
20 12 49 19 37 11 59 36 7 63 43 27 19 31 56 32 8 20 63 43 59 32 12 36
2 0 12 13 10 54 52 57 21 43 69 46 2 48 51 46 33 0 9 66 55 7 55 61
22 9 67 35 10 45 10 70 20 50 51 58 54 48 54 25 49 28 16 51 27 62 71 18
0 0 0 0 0 0 0 0 0 0 0 0 0 0 0 0 0 0 0 0 0 0 0 0
0 0 0 0 0 0 0 0 0 0 0 0 0 0 0 0 0 0 0 0 0 0 0 0
45 7 20 34 63 5 50 42 1 23 28 63 64 66 29 23 50 59 39 10 52 35 35 47
34 29 52 23 15 6 35 0 45 42 16 34 4 11 65 13 36 33 46 29 17 9 29 55
71 18 15 58 60 22 64 47 39 50 60 6 27 53 19 42 33 69 69 6 8 18 33 61
28 42 13 43 61 61 67 14 44 30 49 0 57 63 29 18 13 24 19 16 58 59 50 64
0 0 0 0 0 0 0 0 0 0 0 0 0 0 0 0 0 0 0 0 0 0 0 0
0 0 0 0 0 0 0 0 0 0 0 0 0 0 0 0 0 0 0 0 0 0 0 0
2 17 26 63 37 17 65 1 3 3 52 48 25 27 68 39 40 3 45 6 51 32 37 59
54 25 34 42 9 43 57 4 20 29 14 42 55 20 25 8 33 52 59 54 31 71 40 25
57 67 41 32 0 12 65 29 24 64 57 27 53 8 63 61 2 25 66 1 53 7 22 42
30 18 67 64 51 57 52 7 55 8 15 22 6 66 48 23 34 71 64 39 28 11 45 67
0 0 0 0 0 0 0 0 0 0 0 0 0 0 0 0 0 0 0 0 0 0 0 0
0 0 0 0 0 0 0 0 0 0 0 0 0 0 0 0 0 0 0 0 0 0 0 0
9 67 62 38 21 60 9 39 26 13 55 32 51 69 23 7 46 4 27 4 68 44 47 33
53 23 60 59 42 45 20 21 38 40 9 45 31 59 45 21 38 49 44 39 37 7 0 25
20 59 42 65 40 44 4 32 28 31 30 58 65 11 52 61 33 33 19 66 49 25 5 12
67 59 46 27 34 48 65 42 60 14 14 48 37 32 28 41 56 8 24 8 6 50 53 21
0 0 0 0 0 0 0 0 0 0 0 0 0 0 0 0 0 0 0 0 0 0 0 0
0 0 0 0 0 0 0 0 0 0 0 0 0 0 0 0 0 0 0 0 0 0 0 0
52 10 69 21 22 66 33 3 64 9 53 54 60 15 46 59 68 33 46 71 61 34 65 52
2 53 59 61 42 26 0 12 70 51 46 49 11 12 55 66 53 31 14 13 21 54 7 0
14 13 66 0 44 38 41 36 66 30 38 44 19 31 42 68 22 40 38 39 54 1 3 61
58 11 24 9 41 15 2 13 14 13 12 45 47 66 42 62 37 52 1 48 49 49 32 32
0 0 0 0 0 0 0 0 0 0 0 0 0 0 0 0 0 0 0 0 0 0 0 0
0 0 0 0 0 0 0 0 0 0 0 0 0 0 0 0 0 0 0 0 0 0 0 0
28 12 37 12 69 52 30 71 18 55 59 59 56 65 23 17 67 35 8 70 66 3 20 16
57 15 34 47 61 10 54 53 32 9 15 2 70 24 71 35 50 32 12 25 31 29 49 5
26 32 31 34 10 49 4 23 50 11 9 1 61 57 12 23 26 63 57 6 42 48 27 70
65 20 61 69 11 41 25 33 7 7 49 69 27 51 66 38 70 6 29 31 20 65 57 41
0 0 0 0 0 0 0 0 0 0 0 0 0 0 0 0 0 0 0 0 0 0 0 0
0 0 0 0 0 0 0 0 0 0 0 0 0 0 0 0 0 0 0 0 0 0 0 0
36 33 65 60 25 69 5 38 2 26 15 35 32 69 70 48 4 11 24 66 8 22 38 25
16 2 3 28 6 21 12 33 50 53 28 41 60 57 55 34 44 12 20 41 56 39 42 29
67 11 12 31 38 31 59 66 69 24 66 33 37 8 60 16 66 52 71 34 10 20 33 66
40 57 30 12 36 55 18 54 44 48 3 26 61 31 46 29 38 31 31 60 10 31 45 24
0 0 0 0 0 0 0 0 0 0 0 0 0 0 0 0 0 0 0 0 0 0 0 0
0 0 0 0 0 0 0 0 0 0 0 0 0 0 0 0 0 0 0 0 0 0 0 0
45 37 61 48 38 25 41 40 58 58 52 33 14 17 59 62 46 12 28 9 36 35 6 60
42 21 8 36 38 46 49 14 8 9 32 50 66 19 1 34 60 49 10 36 9 64 9 4
16 49 24 60 40 18 71 6 61 52 50 71 40 35 41 30 11 58 59 13 57 54 11 21
43 28 62 25 51 34 0 29 4 39 34 51 26 53 57 65 0 59 40 9 23 22 2 20
0 0 0 0 0 0 0 0 0 0 0 0 0 0 0 0 0 0 0 0 0 0 0 0
0 0 0 0 0 0 0 0 0 0 0 0 0 0 0 0 0 0 0 0 0 0 0 0
53 8 41 6 45 59 2 2 28 65 16 41 34 48 62 29 41 6 46 48 66 69 25 68
67 22 71 6 51 42 42 20 17 63 60 3 46 22 49 52 6 38 13 36 63 5 59 53
12 9 43 36 7 49 60 25 36 27 16 35 68 57 18 1 11 63 29 13 40 10 29 20
36 36 42 0 9 50 0 33 69 22 8 65 45 6 44 63 1 60 13 16 43 31 57 51
0 0 0 0 0 0 0 0 0 0 0 0 0 0 0 0 0 0 0 0 0 0 0 0
0 0 0 0 0 0 0 0 0 0 0 0 0 0 0 0 0 0 0 0 0 0 0 0
46 15 62 12 67 4 39 26 42 39 40 60 35 58 36 31 62 27 49 42 8 32 24 20
18 62 65 46 49 30 69 41 19 1 14 31 44 28 47 45 61 24 39 45 33 69 23 59
49 42 28 30 61 51 30 4 53 9 3 17 41 36 69 30 32 61 19 4 25 31 41 64
50 65 20 47 24 65 9 50 40 54 52 65 57 29 32 13 54 69 60 25 43 65 55 11
0 0 0 0 0 0 0 0 0 0 0 0 0 0 0 0 0 0 0 0 0 0 0 0
0 0 0 0 0 0 0 0 0 0 0 0 0 0 0 0 0 0 0 0 0 0 0 0
11 22 65 14 40 58 63 20 55 53 70 68 57 2 61 37 62 53 32 60 18 19 65 49
59 45 56 71 36 0 27 41 48 38 31 52 50 54 59 10 53 18 45 58 50 41 35 17
33 20 34 68 53 68 54 60 6 32 71 51 71 41 49 41 20 13 51 34 15 59 43 67
42 60 39 61 52 67 64 15 47 4 52 41 39 42 50 55 11 8 41 66 60 11 15 34
0 0 0 0 0 0 0 0 0 0 0 0 0 0 0 0 0 0 0 0 0 0 0 0
0 0 0 0 0 0 0 0 0 0 0 0 0 0 0 0 0 0 0 0 0 0 0 0
1 16 10 14 55 71 67 27 62 48 11 35 57 30 41 51 14 34 65 28 19 51 6 47
7 7 26 23 67 66 29 29 18 50 0 37 44 53 47 19 69 7 45 42 0 5 64 58
17 57 50 38 46 10 66 4 18 60 63 9 14 44 30 5 32 53 44 56 62 42 65 43
43 13 24 62 42 54 55 58 18 60 16 68 40 7 24 49 61 25 20 17 40 53 56 51
0 0 0 0 0 0 0 0 0 0 0 0 0 0 0 0 0 0 0 0 0 0 0 0
0 0 0 0 0 0 0 0 0 0 0 0 0 0 0 0 0 0 0 0 0 0 0 0
10 28 10 68 21 20 5 16 55 49 29 2 67 1 35 64 11 57 14 69 19 24 25 57
8 42 11 16 14 67 10 29 13 65 0 37 30 22 49 16 20 44 10 38 25 9 12 67
5 57 4 27 43 10 70 54 18 52 0 14 35 71 13 8 36 49 24 3 17 68 54 44
44 9 27 8 30 58 64 23 12 42 39 68 10 45 56 53 55 66 12 15 48 62 19 39
0 0 0 0 0 0 0 0 0 0 0 0 0 0 0 0 0 0 0 0 0 0 0 0
0 0 0 0 0 0 0 0 0 0 0 0 0 0 0 0 0 0 0 0 0 0 0 0
56 12 49 15 31 54 6 48 12 0 36 46 32 36 10 0 32 34 9 62 62 23 47 44
29 66 45 54 65 64 47 6 11 29 71 29 17 12 27 50 68 54 45 31 52 0 21 1
34 31 66 16 45 53 64 64 55 0 48 36 27 67 61 39 43 12 46 24 39 45 42 17
46 24 43 24 32 4 47 42 44 50 56 2 42 28 39 9 0 18 40 30 38 37 71 10
0 0 0 0 0 0 0 0 0 0 0 0 0 0 0 0 0 0 0 0 0 0 0 0
0 0 0 0 0 0 0 0 0 0 0 0 0 0 0 0 0 0 0 0 0 0 0 0
29 17 10 40 51 44 68 8 38 70 67 55 42 2 5 16 68 39 40 24 48 25 30 30
41 2 36 27 14 26 58 14 58 3 61 24 48 43 17 62 25 0 17 41 54 46 24 69
10 35 69 31 53 10 29 15 55 42 53 2 29 14 52 41 52 39 51 67 59 63 68 59
39 53 57 68 13 15 41 26 46 69 71 53 8 61 4 26 67 58 40 20 62 8 57 52
0 0 0 0 0 0 0 0 0 0 0 0 0 0 0 0 0 0 0 0 0 0 0 0
0 0 0 0 0 0 0 0 0 0 0 0 0 0 0 0 0 0 0 0 0 0 0 0
44 56 69 66 3 68 16 41 4 34 16 16 35 50 25 54 64 34 68 46 26 68 19 30
52 55 4 40 2 51 6 1 50 44 18 17 66 18 5 2 0 40 36 26 32 17 69 47
54 46 16 20 68 45 9 39 0 52 68 56 39 41 20 12 58 47 46 30 45 10 68 69
50 17 14 22 4 52 0 26 18 8 27 13 29 34 33 61 46 23 53 32 23 30 66 39
0 0 0 0 0 0 0 0 0 0 0 0 0 0 0 0 0 0 0 0 0 0 0 0
0 0 0 0 0 0 0 0 0 0 0 0 0 0 0 0 0 0 0 0 0 0 0 0
25 48 20 48 13 41 4 71 60 68 68 64 11 47 58 47 7 62 33 28 23 4 41 27
55 60 64 19 66 26 35 35 54 42 50 37 22 23 11 49 1 70 31 37 58 70 44 57
69 34 23 35 18 47 19 35 48 31 6 57 4 49 57 58 53 13 13 12 16 23 47 7
1 69 36 19 42 40 68 58 5 30 46 64 57 67 17 46 60 0 63 47 19 46 32 16
0 0 0 0 0 0 0 0 0 0 0 0 0 0 0 0 0 0 0 0 0 0 0 0
0 0 0 0 0 0 0 0 0 0 0 0 0 0 0 0 0 0 0 0 0 0 0 0
49 4 68 24 38 54 60 53 29 22 57 39 59 66 12 49 35 26 65 34 38 34 20 23
57 31 0 67 48 36 64 31 56 56 31 61 61 66 21 42 7 20 42 37 23 65 6 2
21 15 59 47 62 8 7 5 13 38 6 25 30 65 69 19 45 31 64 7 45 11 45 3
54 68 15 58 24 63 21 9 66 21 18 57 64 9 58 23 48 4 7 6 22 26 16 47
0 0 0 0 0 0 0 0 0 0 0 0 0 0 0 0 0 0 0 0 0 0 0 0
0 0 0 0 0 0 0 0 0 0 0 0 0 0 0 0 0 0 0 0 0 0 0 0
0 32 71 6 30 6 39 0 59 26 69 46 18 14 50 70 7 15 25 63 46 8 55 33
57 69 0 35 31 17 7 10 13 50 22 29 33 31 16 52 61 14 17 46 45 34 41 48
21 52 21 68 36 30 19 9 6 26 29 54 7 42 66 65 39 0 13 13 35 3 6 52
55 49 5 25 40 45 27 26 26 4 55 36 45 6 34 52 45 50 28 18 71 25 5 30
0 0 0 0 0 0 0 0 0 0 0 0 0 0 0 0 0 0 0 0 0 0 0 0
0 0 0 0 0 0 0 0 0 0 0 0 0 0 0 0 0 0 0 0 0 0 0 0
48 58 16 39 50 19 37 71 11 57 13 39 70 56 56 71 26 3 36 27 30 58 40 43
71 2 13 60 16 29 44 29 9 24 39 2 19 24 27 36 17 66 3 62 17 29 45 61
53 69 15 18 69 53 69 18 5 16 1 55 24 61 47 57 6 12 9 11 2 45 54 9
37 55 39 40 6 26 51 68 38 10 29 59 59 49 61 17 56 33 3 29 58 41 2 16
0 0 0 0 0 0 0 0 0 0 0 0 0 0 0 0 0 0 0 0 0 0 0 0
0 0 0 0 0 0 0 0 0 0 0 0 0 0 0 0 0 0 0 0 0 0 0 0
17 13 30 56 62 48 50 12 51 16 21 35 56 45 43 58 13 6 23 59 54 71 5 8
67 34 50 31 12 45 27 17 37 24 63 9 12 37 71 37 65 25 9 56 3 36 39 40
20 48 15 58 7 56 59 36 23 36 8 0 59 0 24 1 41 33 22 37 64 34 63 64
20 71 40 15 60 55 44 14 5 71 10 41 20 38 4 66 33 19 2 27 0 53 27 71
0 0 0 0 0 0 0 0 0 0 0 0 0 0 0 0 0 0 0 0 0 0 0 0
0 0 0 0 0 0 0 0 0 0 0 0 0 0 0 0 0 0 0 0 0 0 0 0
57 59 7 24 32 12 42 54 9 20 45 57 2 24 5 23 57 28 34 0 31 40 11 57
58 47 3 27 2 28 47 58 70 15 17 56 7 33 43 47 23 7 50 20 55 22 34 17
10 6 45 1 50 24 42 7 64 10 58 35 60 47 61 3 20 40 58 11 26 13 48 51
61 19 28 3 6 60 30 67 25 17 8 19 52 1 65 16 53 20 50 39 9 2 40 30
0 0 0 0 0 0 0 0 0 0 0 0 0 0 0 0 0 0 0 0 0 0 0 0
0 0 0 0 0 0 0 0 0 0 0 0 0 0 0 0 0 0 0 0 0 0 0 0
62 17 14 65 48 33 15 24 55 67 64 33 53 22 6 49 24 41 38 5 66 53 57 21
54 43 16 17 4 8 27 49 48 50 67 39 67 62 70 20 50 36 4 68 15 29 64 19
38 71 26 17 9 62 29 66 16 58 62 5 52 14 6 63 3 31 10 69 66 14 22 15
48 66 40 54 58 70 18 38 25 26 10 33 57 16 68 34 56 1 71 16 34 60 39 36
0 0 0 0 0 0 0 0 0 0 0 0 0 0 0 0 0 0 0 0 0 0 0 0
0 0 0 0 0 0 0 0 0 0 0 0 0 0 0 0 0 0 0 0 0 0 0 0
1 44 55 37 64 41 6 42 38 62 39 5 36 30 9 61 26 47 43 60 63 55 23 43
27 41 39 50 64 70 30 69 10 29 1 8 21 54 44 32 70 15 37 3 68 36 3 31
6 36 2 3 47 43 18 13 54 3 25 67 41 64 41 8 10 53 20 43 25 66 40 62
44 71 53 51 71 2 33 53 28 58 9 31 9 11 3 71 32 51 54 46 63 58 26 44
0 0 0 0 0 0 0 0 0 0 0 0 0 0 0 0 0 0 0 0 0 0 0 0
0 0 0 0 0 0 0 0 0 0 0 0 0 0 0 0 0 0 0 0 0 0 0 0
30 69 3 6 44 56 55 21 1 35 9 28 18 57 1 25 62 55 69 63 12 63 18 14
39 48 6 32 12 42 51 13 48 38 44 23 38 5 4 9 63 24 1 49 15 52 0 6
52 9 5 9 42 40 56 15 27 30 11 24 50 51 28 29 68 60 3 62 10 62 39 52
26 67 1 17 59 28 36 40 6 53 14 6 1 8 2 48 23 58 66 23 36 51 50 7
0 0 0 0 0 0 0 0 0 0 0 0 0 0 0 0 0 0 0 0 0 0 0 0
0 0 0 0 0 0 0 0 0 0 0 0 0 0 0 0 0 0 0 0 0 0 0 0
1 66 63 53 45 53 17 6 57 37 64 2 39 9 42 57 0 59 28 7 66 16 37 66
22 34 52 32 15 40 40 29 51 53 6 49 53 9 57 41 27 4 25 6 25 23 16 55
60 58 51 48 24 46 15 32 20 46 60 14 55 22 46 37 65 66 13 29 29 8 64 62
8 38 22 32 41 5 60 15 34 61 36 9 21 18 2 40 49 62 47 16 70 59 17 12
0 0 0 0 0 0 0 0 0 0 0 0 0 0 0 0 0 0 0 0 0 0 0 0
0 0 0 0 0 0 0 0 0 0 0 0 0 0 0 0 0 0 0 0 0 0 0 0
4 39 51 14 50 17 40 22 35 24 27 21 60 12 55 16 47 66 30 55 53 70 41 47
36 4 4 34 33 24 15 0 69 0 17 47 14 5 37 9 55 56 16 55 64 29 50 21
48 31 56 13 60 31 20 35 1 42 23 55 16 15 11 0 19 66 5 33 15 27 64 40
57 34 26 65 46 61 58 17 38 5 10 46 15 32 63 38 19 0 64 2 19 53 51 9
0 0 0 0 0 0 0 0 0 0 0 0 0 0 0 0 0 0 0 0 0 0 0 0
0 0 0 0 0 0 0 0 0 0 0 0 0 0 0 0 0 0 0 0 0 0 0 0
62 4 32 6 64 31 61 25 54 14 42 66 1 65 52 43 54 19 22 60 32 12 23 26
3 69 1 36 20 14 1 6 2 7 65 0 30 42 26 64 71 1 25 63 28 45 46 61
23 21 42 48 47 17 67 12 6 27 39 3 50 4 8 39 52 19 10 42 20 5 25 10
0 58 0 31 67 61 24 37 1 36 42 10 13 12 14 66 60 22 27 23 22 7 24 7
0 0 0 0 0 0 0 0 0 0 0 0 0 0 0 0 0 0 0 0 0 0 0 0
0 0 0 0 0 0 0 0 0 0 0 0 0 0 0 0 0 0 0 0 0 0 0 0
34 64 13 10 18 41 68 36 41 34 69 25 24 50 17 69 50 8 41 51 63 50 8 8
5 17 13 12 69 58 2 58 68 50 27 38 52 44 41 60 20 39 12 27 68 48 32 64
70 33 30 50 16 48 0 60 46 28 15 51 45 5 8 13 28 67 14 46 46 48 20 35
13 39 15 19 36 47 28 57 28 38 50 22 41 32 56 7 66 24 23 49 58 50 36 42
0 0 0 0 0 0 0 0 0 0 0 0 0 0 0 0 0 0 0 0 0 0 0 0
0 0 0 0 0 0 0 0 0 0 0 0 0 0 0 0 0 0 0 0 0 0 0 0
46 55 8 36 6 46 52 14 2 0 12 66 12 9 12 19 7 68 40 39 42 30 48 61
21 61 55 47 46 11 61 32 47 41 33 18 40 12 66 21 10 64 53 47 5 7 1 5
25 22 43 42 45 45 59 57 46 14 42 17 15 50 55 66 37 60 38 0 12 37 54 35
60 46 14 7 9 50 2 28 9 58 45 42 4 49 22 29 51 34 50 15 28 60 22 38
0 0 0 0 0 0 0 0 0 0 0 0 0 0 0 0 0 0 0 0 0 0 0 0
0 0 0 0 0 0 0 0 0 0 0 0 0 0 0 0 0 0 0 0 0 0 0 0
25 6 13 40 57 18 29 40 16 35 18 47 66 50 66 23 42 22 41 24 31 69 29 31
12 67 62 56 17 24 42 65 64 14 57 69 57 10 59 44 27 40 48 15 24 42 41 4
32 31 54 5 60 41 8 14 55 9 51 56 56 53 29 45 20 31 67 3 15 51 21 23
28 2 51 21 39 33 40 66 17 40 12 9 20 39 1 70 17 31 68 10 14 41 66 31
0 0 0 0 0 0 0 0 0 0 0 0 0 0 0 0 0 0 0 0 0 0 0 0
0 0 0 0 0 0 0 0 0 0 0 0 0 0 0 0 0 0 0 0 0 0 0 0
56 53 5 53 6 7 53 13 49 17 5 24 45 58 10 45 35 43 39 38 55 22 49 58
1 16 38 70 49 34 36 69 66 9 11 22 6 47 54 29 53 15 68 57 30 44 36 66
15 23 43 52 38 63 71 26 51 35 9 21 59 42 10 30 11 25 5 0 64 48 64 59
63 55 45 64 69 42 55 68 59 51 26 42 65 28 67 42 46 67 5 0 56 62 66 67
0 0 0 0 0 0 0 0 0 0 0 0 0 0 0 0 0 0 0 0 0 0 0 0
0 0 0 0 0 0 0 0 0 0 0 0 0 0 0 0 0 0 0 0 0 0 0 0
35 30 10 45 44 29 43 23 14 40 0 50 44 6 30 67 17 38 17 46 16 39 28 21
67 38 14 32 38 70 17 42 55 37 64 25 14 43 37 12 16 10 49 2 70 12 11 11
20 63 44 34 71 15 22 1 51 51 0 50 6 28 21 56 63 65 61 68 17 17 20 20
40 67 34 45 0 43 48 58 0 47 63 17 47 57 1 41 36 58 28 61 60 19 29 7
0 0 0 0 0 0 0 0 0 0 0 0 0 0 0 0 0 0 0 0 0 0 0 0
0 0 0 0 0 0 0 0 0 0 0 0 0 0 0 0 0 0 0 0 0 0 0 0
2 13 5 37 16 15 3 41 70 15 10 52 1 2 43 40 16 45 51 43 60 66 67 3
0 67 51 7 50 57 15 44 16 39 52 33 53 16 28 35 61 47 20 12 66 51 18 60
19 67 61 13 30 58 56 4 50 49 68 66 44 64 41 61 32 17 29 35 20 43 59 68
11 2 28 19 49 70 63 18 45 50 12 29 16 59 54 43 7 45 11 42 31 17 41 12
0 0 0 0 0 0 0 0 0 0 0 0 0 0 0 0 0 0 0 0 0 0 0 0
0 0 0 0 0 0 0 0 0 0 0 0 0 0 0 0 0 0 0 0 0 0 0 0
64 33 15 20 28 63 39 12 60 13 38 8 4 70 32 21 39 5 26 13 38 14 35 64
19 18 64 63 63 4 40 6 30 2 21 22 14 36 36 54 17 3 12 67 71 18 27 57
43 13 55 56 30 18 23 30 21 9 55 36 43 13 29 61 18 71 61 69 66 13 48 21
26 38 43 0 3 39 22 63 53 34 33 39 15 32 14 58 57 17 27 48 0 28 10 15
0 0 0 0 0 0 0 0 0 0 0 0 0 0 0 0 0 0 0 0 0 0 0 0
0 0 0 0 0 0 0 0 0 0 0 0 0 0 0 0 0 0 0 0 0 0 0 0
23 13 51 44 66 44 34 56 2 48 29 25 15 43 50 29 44 26 16 5 54 41 63 51
46 16 33 29 49 40 61 4 23 48 19 41 45 27 25 1 60 2 59 43 45 22 50 18
25 59 36 30 68 51 66 37 35 59 34 27 33 24 13 26 0 50 58 60 70 51 70 10
25 58 65 41 38 56 23 15 6 56 49 55 27 55 3 41 63 8 1 27 61 14 56 17
0 0 0 0 0 0 0 0 0 0 0 0 0 0 0 0 0 0 0 0 0 0 0 0
0 0 0 0 0 0 0 0 0 0 0 0 0 0 0 0 0 0 0 0 0 0 0 0
30 30 28 65 33 54 49 32 70 52 17 25 54 49 51 25 13 69 3 64 41 53 37 10
46 16 29 29 30 54 53 57 54 0 12 34 46 39 9 31 70 63 44 68 71 61 49 19
22 27 39 54 31 62 42 8 6 56 29 16 64 44 19 14 9 0 49 8 60 16 35 40
70 45 4 48 70 23 1 34 32 12 1 70 50 3 68 65 30 29 6 29 21 43 24 70
0 0 0 0 0 0 0 0 0 0 0 0 0 0 0 0 0 0 0 0 0 0 0 0
0 0 0 0 0 0 0 0 0 0 0 0 0 0 0 0 0 0 0 0 0 0 0 0
28 70 49 17 64 43 3 30 65 44 64 8 33 34 4 5 6 13 47 21 60 33 9 8
64 4 11 27 39 28 49 15 50 58 11 40 30 18 62 49 48 3 13 6 8 17 15 5
17 71 51 14 27 9 36 13 5 63 9 22 22 5 67 7 13 13 6 70 14 12 63 11
64 2 49 45 65 52 67 2 16 2 50 29 35 37 50 9 32 42 67 5 33 0 16 65
0 0 0 0 0 0 0 0 0 0 0 0 0 0 0 0 0 0 0 0 0 0 0 0
0 0 0 0 0 0 0 0 0 0 0 0 0 0 0 0 0 0 0 0 0 0 0 0
41 52 12 29 52 4 17 35 67 47 14 46 44 6 55 15 66 57 53 46 32 24 59 1
21 4 70 52 23 5 61 68 12 32 6 50 49 32 58 47 48 22 65 3 38 63 59 6
9 14 24 16 53 41 24 13 17 49 37 44 15 49 70 1 39 66 62 32 35 49 7 12
66 37 61 61 71 27 69 14 66 1 36 56 50 58 23 13 25 21 11 40 55 37 62 22
0 0 0 0 0 0 0 0 0 0 0 0 0 0 0 0 0 0 0 0 0 0 0 0
0 0 0 0 0 0 0 0 0 0 0 0 0 0 0 0 0 0 0 0 0 0 0 0
40 15 27 2 33 42 30 25 3 34 47 33 53 4 45 63 4 70 1 24 13 8 57 49
61 3 31 23 63 19 38 30 63 65 15 46 50 31 64 45 22 22 16 54 12 19 5 17
0 13 69 20 51 48 68 16 61 69 22 69 39 48 15 55 69 24 46 62 61 1 32 62
62 57 39 49 22 41 32 51 25 56 53 3 14 65 69 58 63 25 19 20 69 15 13 60
0 0 0 0 0 0 0 0 0 0 0 0 0 0 0 0 0 0 0 0 0 0 0 0
0 0 0 0 0 0 0 0 0 0 0 0 0 0 0 0 0 0 0 0 0 0 0 0
30 30 37 21 5 1 55 37 43 40 39 34 47 11 4 7 15 47 13 50 61 55 53 33
7 25 25 22 44 56 62 34 45 57 32 53 3 66 24 36 22 34 26 27 25 62 12 29
22 45 43 22 10 70 40 9 28 9 43 24 40 30 39 35 2 13 36 25 24 2 58 35
58 47 68 3 6 28 6 64 17 62 4 44 51 2 56 52 58 20 1 25 47 71 6 40
0 0 0 0 0 0 0 0 0 0 0 0 0 0 0 0 0 0 0 0 0 0 0 0
0 0 0 0 0 0 0 0 0 0 0 0 0 0 0 0 0 0 0 0 0 0 0 0
0 69 1 46 8 69 33 2 40 3 57 13 23 70 15 24 42 14 37 14 27 60 4 59
28 54 44 18 4 17 67 39 32 42 44 69 3 47 16 69 71 11 0 45 17 3 53 17
21 69 57 13 65 40 53 0 27 38 48 26 51 32 60 45 42 58 55 30 65 2 57 32
6 18 23 52 11 6 33 52 5 13 62 51 29 53 2 20 29 11 34 0 29 67 49 51
0 0 0 0 0 0 0 0 0 0 0 0 0 0 0 0 0 0 0 0 0 0 0 0
0 0 0 0 0 0 0 0 0 0 0 0 0 0 0 0 0 0 0 0 0 0 0 0
16 0 39 5 44 4 1 29 58 38 10 26 48 29 43 19 44 36 12 50 37 4 2 66
12 1 2 65 58 42 23 0 44 3 44 15 51 43 58 59 3 39 2 39 49 5 48 71
54 47 68 58 49 66 30 43 26 52 15 56 69 64 54 19 57 1 49 64 13 66 43 71
46 45 2 18 1 8 0 70 62 7 43 6 41 62 40 44 34 20 58 58 27 14 56 24
0 0 0 0 0 0 0 0 0 0 0 0 0 0 0 0 0 0 0 0 0 0 0 0
0 0 0 0 0 0 0 0 0 0 0 0 0 0 0 0 0 0 0 0 0 0 0 0
12 42 8 38 65 26 50 24 2 13 57 41 17 10 3 37 71 0 26 54 52 17 14 45
44 2 30 63 12 55 39 1 43 42 17 15 42 20 10 10 12 48 61 27 46 5 17 59
65 13 4 25 8 38 10 29 5 2 48 60 44 13 14 11 58 8 54 65 54 47 66 59
42 12 32 65 8 54 54 46 34 45 39 61 31 64 26 65 44 41 38 21 53 15 69 41
0 0 0 0 0 0 0 0 0 0 0 0 0 0 0 0 0 0 0 0 0 0 0 0
0 0 0 0 0 0 0 0 0 0 0 0 0 0 0 0 0 0 0 0 0 0 0 0
48 5 12 54 56 49 38 4 13 27 18 56 47 38 45 17 71 7 15 69 9 63 2 17
62 38 61 20 33 7 50 62 44 2 63 64 3 48 4 52 44 66 69 12 8 11 19 54
43 64 0 10 19 31 36 57 2 32 42 38 57 1 43 11 0 62 42 45 21 71 46 47
57 7 18 67 15 22 68 33 39 8 34 43 6 68 51 61 60 4 36 32 32 28 34 55
0 0 0 0 0 0 0 0 0 0 0 0 0 0 0 0 0 0 0 0 0 0 0 0
0 0 0 0 0 0 0 0 0 0 0 0 0 0 0 0 0 0 0 0 0 0 0 0
43 3 45 32 59 40 47 26 44 62 59 9 26 31 4 66 26 35 9 28 3 2 0 63
31 66 64 62 21 47 63 66 25 49 49 64 42 39 39 18 56 60 17 14 68 47 53 20
16 4 23 57 15 2 67 1 51 25 66 70 46 41 31 46 64 47 40 0 51 53 59 59
45 57 24 5 22 25 71 34 46 26 65 4 54 57 68 65 36 22 16 60 35 5 8 16
0 0 0 0 0 0 0 0 0 0 0 0 0 0 0 0 0 0 0 0 0 0 0 0
0 0 0 0 0 0 0 0 0 0 0 0 0 0 0 0 0 0 0 0 0 0 0 0
55 22 65 45 0 37 45 33 60 11 12 53 25 62 67 23 60 14 34 16 49 27 29 8
30 3 58 50 63 54 70 63 46 21 64 69 24 4 29 46 56 44 25 65 49 3 29 39
24 10 70 3 16 35 25 46 12 43 64 35 47 50 27 22 59 53 69 27 71 63 71 48
59 41 69 71 45 46 29 62 7 2 29 6 7 60 42 16 8 36 13 60 65 49 4 58
0 0 0 0 0 0 0 0 0 0 0 0 0 0 0 0 0 0 0 0 0 0 0 0
0 0 0 0 0 0 0 0 0 0 0 0 0 0 0 0 0 0 0 0 0 0 0 0
50 36 16 0 55 23 9 0 4 55 28 63 25 65 71 13 39 40 24 41 41 48 24 6
39 25 66 19 43 14 23 6 56 47 6 61 23 59 33 1 33 41 65 30 40 48 48 34
38 63 6 27 22 2 5 8 12 24 47 52 41 54 57 31 39 1 38 34 54 1 53 15
33 57 66 56 30 46 10 50 56 11 38 52 0 15 46 58 63 8 55 50 30 24 48 4
0 0 0 0 0 0 0 0 0 0 0 0 0 0 0 0 0 0 0 0 0 0 0 0
0 0 0 0 0 0 0 0 0 0 0 0 0 0 0 0 0 0 0 0 0 0 0 0
22 18 25 36 52 37 33 49 60 29 54 24 42 58 70 13 6 53 46 59 30 46 38 42
43 68 41 45 15 58 70 51 31 32 70 58 41 62 49 61 53 30 29 48 15 4 62 8
54 2 53 10 13 16 28 47 9 57 21 37 52 6 5 16 44 12 38 33 10 47 34 12
62 63 31 41 20 60 57 35 9 37 43 19 15 71 7 68 35 35 42 11 68 16 22 31
0 0 0 0 0 0 0 0 0 0 0 0 0 0 0 0 0 0 0 0 0 0 0 0
0 0 0 0 0 0 0 0 0 0 0 0 0 0 0 0 0 0 0 0 0 0 0 0
36 29 38 34 61 34 21 6 12 14 58 61 37 10 4 11 47 27 50 30 20 61 8 11
65 26 65 48 54 38 12 67 5 30 16 41 65 0 66 60 25 18 33 60 60 4 4 22
52 55 54 1 43 56 0 15 9 58 40 35 51 14 28 69 31 44 25 60 48 50 28 62
49 30 30 44 15 38 32 49 13 68 14 67 27 36 53 48 70 28 68 11 63 70 41 32
0 0 0 0 0 0 0 0 0 0 0 0 0 0 0 0 0 0 0 0 0 0 0 0
0 0 0 0 0 0 0 0 0 0 0 0 0 0 0 0 0 0 0 0 0 0 0 0
45 11 9 30 66 65 29 25 39 36 61 12 26 68 12 14 21 3 32 56 25 7 15 23
8 7 17 65 61 1 13 40 9 3 62 54 6 11 44 66 9 0 4 52 14 1 66 21
67 63 7 65 58 41 20 59 34 64 53 20 55 67 10 28 57 49 61 25 70 40 1 4
34 19 58 26 55 28 63 43 16 59 55 64 11 43 43 11 63 32 25 57 42 33 41 51
0 0 0 0 0 0 0 0 0 0 0 0 0 0 0 0 0 0 0 0 0 0 0 0
0 0 0 0 0 0 0 0 0 0 0 0 0 0 0 0 0 0 0 0 0 0 0 0
36 26 19 45 66 35 40 5 41 11 45 12 55 28 13 34 48 48 22 65 5 0 68 31
4 67 44 27 39 31 13 53 51 52 3 56 1 15 50 41 37 2 16 66 49 29 53 3
64 46 50 27 17 56 9 43 13 0 24 62 15 36 49 64 53 62 29 39 3 69 39 13
71 37 24 29 64 39 15 0 37 54 6 34 43 54 31 29 19 6 8 3 68 65 41 51
0 0 0 0 0 0 0 0 0 0 0 0 0 0 0 0 0 0 0 0 0 0 0 0
0 0 0 0 0 0 0 0 0 0 0 0 0 0 0 0 0 0 0 0 0 0 0 0
36 57 67 0 31 37 35 52 45 22 15 6 13 20 21 56 39 57 49 12 50 2 61 65
17 40 13 33 53 36 7 19 69 25 57 57 3 58 30 50 2 8 10 31 10 5 65 34
17 7 43 7 4 47 31 63 23 46 60 11 53 43 56 40 66 29 26 29 30 4 60 57
53 68 31 45 63 14 30 3 22 67 41 58 35 34 70 36 48 24 4 29 8 40 8 51
0 0 0 0 0 0 0 0 0 0 0 0 0 0 0 0 0 0 0 0 0 0 0 0
0 0 0 0 0 0 0 0 0 0 0 0 0 0 0 0 0 0 0 0 0 0 0 0
48 35 8 39 55 57 20 45 30 16 58 65 28 45 32 29 17 29 11 56 26 38 20 37
10 51 40 54 36 27 43 63 46 30 28 34 20 67 38 67 56 21 40 21 10 22 69 55
61 17 29 3 24 46 61 6 2 1 15 41 5 2 58 48 57 37 37 18 33 63 53 27
18 35 71 68 2 52 32 2 71 58 8 46 46 49 69 6 7 38 69 48 49 49 59 12
0 0 0 0 0 0 0 0 0 0 0 0 0 0 0 0 0 0 0 0 0 0 0 0
0 0 0 0 0 0 0 0 0 0 0 0 0 0 0 0 0 0 0 0 0 0 0 0
27 21 7 3 6 4 51 56 11 46 57 11 44 61 23 70 27 69 40 28 11 69 60 20
24 42 58 3 30 3 29 19 63 1 70 61 64 47 61 18 54 14 45 41 65 45 61 16
21 59 55 70 62 23 11 58 68 67 3 22 56 28 48 51 18 4 48 34 4 69 19 58
13 57 49 54 3 30 42 57 24 31 58 71 23 68 54 42 28 59 56 61 61 49 0 20
0 0 0 0 0 0 0 0 0 0 0 0 0 0 0 0 0 0 0 0 0 0 0 0
0 0 0 0 0 0 0 0 0 0 0 0 0 0 0 0 0 0 0 0 0 0 0 0
44 51 46 51 66 35 17 70 30 58 67 42 62 22 67 55 31 50 52 7 54 41 31 37
15 42 50 43 46 28 54 2 29 7 20 48 39 57 71 51 16 31 59 55 64 12 29 42
58 0 31 46 23 21 45 59 17 2 60 13 68 43 8 66 56 10 37 11 38 61 22 65
14 67 13 0 36 25 30 70 46 69 62 12 35 35 34 34 20 60 59 56 18 64 1 54
0 0 0 0 0 0 0 0 0 0 0 0 0 0 0 0 0 0 0 0 0 0 0 0
0 0 0 0 0 0 0 0 0 0 0 0 0 0 0 0 0 0 0 0 0 0 0 0
1 7 38 3 33 52 27 7 4 54 36 40 55 68 2 48 31 20 41 36 9 54 34 58
33 62 59 56 30 16 22 6 18 8 33 65 58 37 64 48 28 55 61 22 27 40 47 51
3 49 13 43 61 44 29 52 67 12 49 37 62 43 20 15 43 17 40 63 60 64 8 26
62 22 50 22 63 41 4 11 15 37 64 51 14 55 21 0 13 56 21 60 11 55 51 11
0 0 0 0 0 0 0 0 0 0 0 0 0 0 0 0 0 0 0 0 0 0 0 0
0 0 0 0 0 0 0 0 0 0 0 0 0 0 0 0 0 0 0 0 0 0 0 0
9 57 20 41 58 7 70 22 58 40 54 10 0 68 35 48 15 36 1 3 22 33 11 4
68 58 71 56 59 29 27 50 36 47 31 47 2 3 2 45 57 6 71 28 49 36 36 34
11 66 18 50 19 16 22 40 36 44 35 57 43 25 35 22 1 47 47 58 55 48 5 12
63 6 45 44 25 36 47 62 29 38 0 66 69 70 36 20 29 53 45 59 10 30 10 58
0 0 0 0 0 0 0 0 0 0 0 0 0 0 0 0 0 0 0 0 0 0 0 0
0 0 0 0 0 0 0 0 0 0 0 0 0 0 0 0 0 0 0 0 0 0 0 0
12 52 36 22 31 68 58 3 26 49 70 65 5 32 17 31 37 16 56 0 37 54 17 58
56 59 43 15 37 24 30 19 33 48 34 52 36 68 35 52 15 15 71 50 61 1 7 1
62 6 68 13 54 9 9 7 54 1 49 53 21 67 34 70 4 43 16 58 26 42 57 17
29 53 14 48 44 17 37 61 7 50 3 45 68 43 3 35 49 25 56 19 19 21 31 5
0 0 0 0 0 0 0 0 0 0 0 0 0 0 0 0 0 0 0 0 0 0 0 0
0 0 0 0 0 0 0 0 0 0 0 0 0 0 0 0 0 0 0 0 0 0 0 0
46 47 46 47 30 63 56 47 28 33 54 28 58 58 61 69 9 32 29 34 70 67 10 66
58 17 38 49 57 8 9 71 18 50 7 67 45 33 32 24 48 33 28 3 48 45 66 8
53 60 30 3 68 1 2 70 68 46 19 10 23 45 22 45 26 16 22 45 52 33 0 61
41 40 34 9 12 25 24 24 2 46 13 64 30 4 53 40 56 56 43 19 14 61 34 4
0 0 0 0 0 0 0 0 0 0 0 0 0 0 0 0 0 0 0 0 0 0 0 0
0 0 0 0 0 0 0 0 0 0 0 0 0 0 0 0 0 0 0 0 0 0 0 0
9 24 39 39 24 64 69 68 14 63 70 40 47 39 65 47 4 9 49 59 41 36 24 23
16 61 14 30 3 48 27 36 68 46 40 20 2 6 42 0 23 40 26 19 33 51 21 52
62 59 39 69 30 51 41 7 34 67 71 37 13 28 13 4 15 36 16 40 38 19 51 42
0 61 43 26 21 67 14 40 49 4 62 32 44 4 58 50 27 28 35 17 4 71 21 68
0 0 0 0 0 0 0 0 0 0 0 0 0 0 0 0 0 0 0 0 0 0 0 0
0 0 0 0 0 0 0 0 0 0 0 0 0 0 0 0 0 0 0 0 0 0 0 0
13 23 22 53 24 32 62 3 34 59 24 56 4 7 5 23 39 38 8 69 56 41 10 71
55 63 19 1 37 43 55 37 54 12 38 14 3 70 22 30 68 34 59 65 22 36 64 19
13 51 37 48 62 22 44 63 22 35 46 28 10 44 2 17 20 2 3 25 0 16 8 70
19 1 5 62 11 64 35 5 33 41 36 19 59 17 30 41 0 4 16 68 47 37 59 11
0 0 0 0 0 0 0 0 0 0 0 0 0 0 0 0 0 0 0 0 0 0 0 0
0 0 0 0 0 0 0 0 0 0 0 0 0 0 0 0 0 0 0 0 0 0 0 0
15 40 5 12 30 9 12 19 22 13 59 54 0 29 27 4 50 19 47 71 14 9 46 44
21 42 17 51 35 56 2 53 24 14 26 42 9 22 39 37 5 24 17 48 28 20 16 26
69 37 62 16 34 55 10 14 49 56 64 20 15 52 31 25 16 21 9 10 38 9 1 11
27 51 71 43 37 13 34 63 32 54 31 45 6 41 49 62 9 68 14 34 68 67 23 24
0 0 0 0 0 0 0 0 0 0 0 0 0 0 0 0 0 0 0 0 0 0 0 0
0 0 0 0 0 0 0 0 0 0 0 0 0 0 0 0 0 0 0 0 0 0 0 0
52 62 67 68 3 62 44 10 22 5 16 40 53 42 24 11 37 15 1 15 10 4 24 55
23 26 38 31 50 20 40 70 23 21 33 26 19 0 55 12 51 39 34 13 20 60 3 41
23 55 47 48 28 34 56 3 28 37 0 59 50 17 39 2 54 21 41 30 53 63 26 8
16 43 44 40 42 61 66 54 58 36 19 43 44 32 17 46 37 46 15 37 66 31 67 66
0 0 0 0 0 0 0 0 0 0 0 0 0 0 0 0 0 0 0 0 0 0 0 0
0 0 0 0 0 0 0 0 0 0 0 0 0 0 0 0 0 0 0 0 0 0 0 0
2 32 8 26 9 36 24 57 45 23 62 0 24 0 1 20 13 41 13 5 20 38 56 65
39 54 6 11 2 21 15 4 29 68 66 17 35 40 70 35 12 47 3 69 69 33 46 69
25 34 8 29 23 45 24 23 37 10 57 2 16 25 57 32 13 37 63 5 60 23 17 5
11 36 20 48 33 6 9 2 70 38 8 27 59 36 49 57 67 65 65 16 1 3 0 26
0 0 0 0 0 0 0 0 0 0 0 0 0 0 0 0 0 0 0 0 0 0 0 0
0 0 0 0 0 0 0 0 0 0 0 0 0 0 0 0 0 0 0 0 0 0 0 0
21 49 1 67 52 12 66 16 54 57 6 40 25 71 30 33 34 13 20 24 25 41 11 56
31 14 51 2 35 64 64 53 37 33 62 12 25 29 63 19 24 29 4 36 5 12 64 56
19 39 56 36 24 1 54 44 25 44 3 28 37 2 54 7 48 20 65 26 58 52 29 57
49 45 62 21 15 68 11 29 44 8 43 71 14 21 36 54 16 54 45 20 11 28 62 53
0 0 0 0 0 0 0 0 0 0 0 0 0 0 0 0 0 0 0 0 0 0 0 0
0 0 0 0 0 0 0 0 0 0 0 0 0 0 0 0 0 0 0 0 0 0 0 0
9 3 45 33 52 26 43 54 42 69 4 41 41 61 12 51 40 46 6 17 10 5 33 27
48 55 71 39 36 68 35 38 71 65 39 71 28 55 21 3 5 31 37 16 4 53 43 2
44 15 18 13 65 21 63 29 38 22 16 57 63 49 25 13 42 35 47 29 46 57 2 13
21 37 33 51 24 14 11 40 8 57 25 45 57 37 67 0 44 9 41 8 13 46 11 33
0 0 0 0 0 0 0 0 0 0 0 0 0 0 0 0 0 0 0 0 0 0 0 0
0 0 0 0 0 0 0 0 0 0 0 0 0 0 0 0 0 0 0 0 0 0 0 0
10 23 61 31 41 0 61 66 36 62 4 23 9 13 49 5 32 2 49 44 3 27 22 41
23 25 27 68 22 35 33 53 44 41 5 30 16 51 16 28 32 7 3 69 60 15 20 51
30 49 34 58 8 64 10 37 21 46 63 58 17 1 29 61 4 36 15 18 31 18 8 54
17 64 30 47 66 49 45 55 0 19 24 9 10 69 43 37 14 71 68 21 56 20 69 15
0 0 0 0 0 0 0 0 0 0 0 0 0 0 0 0 0 0 0 0 0 0 0 0
0 0 0 0 0 0 0 0 0 0 0 0 0 0 0 0 0 0 0 0 0 0 0 0
59 9 64 11 7 29 44 21 52 25 37 31 9 50 26 30 0 41 4 12 53 8 65 55
20 66 65 14 20 1 14 51 38 36 50 69 66 39 40 38 49 20 18 55 5 55 46 29
42 30 27 40 21 23 66 30 3 21 43 50 22 47 62 52 52 15 71 0 0 56 20 61
8 63 38 52 71 66 70 57 14 11 28 41 48 31 10 67 68 9 70 4 27 49 38 28
0 0 0 0 0 0 0 0 0 0 0 0 0 0 0 0 0 0 0 0 0 0 0 0
0 0 0 0 0 0 0 0 0 0 0 0 0 0 0 0 0 0 0 0 0 0 0 0
35 33 47 16 39 8 30 15 47 14 37 15 3 63 68 68 35 42 42 7 32 52 33 43
69 26 27 24 61 60 24 8 15 11 41 39 39 7 64 2 40 30 67 65 28 16 10 11
57 23 27 27 1 22 59 13 58 11 27 21 30 71 41 38 70 46 50 16 4 49 4 69
68 52 45 14 67 41 8 47 41 41 28 21 8 67 5 0 52 20 67 44 19 26 41 64
0 0 0 0 0 0 0 0 0 0 0 0 0 0 0 0 0 0 0 0 0 0 0 0
0 0 0 0 0 0 0 0 0 0 0 0 0 0 0 0 0 0 0 0 0 0 0 0
37 61 36 51 20 14 7 40 64 1 11 38 44 62 1 67 47 58 48 26 20 65 64 68
70 30 16 47 50 57 20 70 6 49 68 37 36 38 3 42 68 52 19 25 65 67 43 24
36 53 17 22 71 11 4 7 5 16 45 42 29 64 27 16 21 8 68 50 55 0 15 32
50 57 3 54 25 45 46 7 4 58 36 13 52 43 42 20 61 42 33 25 16 63 53 68
0 0 0 0 0 0 0 0 0 0 0 0 0 0 0 0 0 0 0 0 0 0 0 0
0 0 0 0 0 0 0 0 0 0 0 0 0 0 0 0 0 0 0 0 0 0 0 0
37 43 61 40 19 10 7 65 4 22 33 10 57 70 47 38 6 21 39 60 52 47 10 6
53 51 5 35 14 29 22 45 59 67 44 53 33 62 9 27 7 5 42 42 58 35 20 69
9 32 50 34 56 58 42 20 43 15 14 25 22 20 35 4 51 9 1 51 34 10 11 44
31 20 46 19 54 69 12 14 55 19 52 61 23 54 4 62 45 37 70 65 44 2 36 64
0 0 0 0 0 0 0 0 0 0 0 0 0 0 0 0 0 0 0 0 0 0 0 0
0 0 0 0 0 0 0 0 0 0 0 0 0 0 0 0 0 0 0 0 0 0 0 0
45 31 30 27 58 37 54 46 40 71 13 61 53 7 14 4 6 52 57 33 37 58 69 51
63 26 15 63 19 25 59 46 34 42 67 29 71 59 69 49 67 26 64 27 40 7 8 51
58 62 28 7 17 16 67 9 59 32 33 14 13 65 5 14 31 29 61 51 70 42 1 56
70 67 6 35 18 51 40 58 62 46 35 30 55 30 46 16 43 45 54 54 6 36 12 35
0 0 0 0 0 0 0 0 0 0 0 0 0 0 0 0 0 0 0 0 0 0 0 0
0 0 0 0 0 0 0 0 0 0 0 0 0 0 0 0 0 0 0 0 0 0 0 0
57 43 29 15 13 26 29 47 5 65 48 38 6 13 15 49 31 0 43 15 71 54 40 4
7 26 19 45 69 50 71 16 36 30 56 55 4 42 15 62 44 14 4 45 62 59 31 62
40 3 46 14 36 14 11 24 63 34 20 23 12 2 4 17 1 9 61 65 68 42 69 26
52 36 63 37 42 8 2 49 35 29 41 29 21 48 21 16 51 27 49 64 35 31 10 70
0 0 0 0 0 0 0 0 0 0 0 0 0 0 0 0 0 0 0 0 0 0 0 0
0 0 0 0 0 0 0 0 0 0 0 0 0 0 0 0 0 0 0 0 0 0 0 0
71 58 53 62 30 9 63 59 44 28 42 24 69 28 12 15 34 13 64 41 32 45 40 20
68 19 62 8 53 70 17 56 10 43 23 27 24 3 4 5 55 36 37 47 64 2 50 49
24 47 52 58 39 56 43 61 1 15 57 10 11 33 30 12 36 17 70 38 46 33 4 35
28 8 46 17 16 28 55 23 67 67 52 39 31 19 59 20 65 25 52 71 32 43 14 71
0 0 0 0 0 0 0 0 0 0 0 0 0 0 0 0 0 0 0 0 0 0 0 0
0 0 0 0 0 0 0 0 0 0 0 0 0 0 0 0 0 0 0 0 0 0 0 0
19 9 8 19 69 52 13 57 48 18 57 3 41 52 29 23 31 46 45 53 1 66 70 9
50 12 41 7 29 67 52 15 11 70 54 34 9 37 44 16 63 61 14 10 10 8 36 56
39 26 44 51 51 50 7 7 67 57 51 22 1 67 23 37 20 30 62 53 25 45 44 9
54 45 36 37 37 37 17 27 61 14 69 59 48 2 10 71 33 30 63 8 16 31 59 18
0 0 0 0 0 0 0 0 0 0 0 0 0 0 0 0 0 0 0 0 0 0 0 0
0 0 0 0 0 0 0 0 0 0 0 0 0 0 0 0 0 0 0 0 0 0 0 0
12 16 29 6 64 33 62 21 61 12 53 12 21 51 57 34 35 11 42 18 22 57 69 0
71 7 25 3 11 53 50 10 67 59 67 62 6 16 30 32 14 67 69 3 56 68 28 36
68 2 28 4 12 12 60 0 13 61 14 71 15 67 54 39 68 54 51 4 4 6 42 39
7 65 47 2 42 49 33 48 40 14 68 27 46 60 69 6 41 67 24 42 61 66 65 7
0 0 0 0 0 0 0 0 0 0 0 0 0 0 0 0 0 0 0 0 0 0 0 0
0 0 0 0 0 0 0 0 0 0 0 0 0 0 0 0 0 0 0 0 0 0 0 0
26 50 10 68 68 11 46 37 16 27 58 58 19 70 15 40 46 68 39 50 28 53 54 69
52 53 63 24 37 33 48 33 56 43 26 37 62 9 12 69 52 67 13 49 56 39 5 68
4 27 17 42 26 32 45 2 1 14 71 49 31 58 41 15 64 27 3 8 36 66 17 64
11 29 43 55 6 6 6 26 5 57 44 35 23 52 64 14 7 16 49 8 63 8 39 60
0 0 0 0 0 0 0 0 0 0 0 0 0 0 0 0 0 0 0 0 0 0 0 0
0 0 0 0 0 0 0 0 0 0 0 0 0 0 0 0 0 0 0 0 0 0 0 0
15 57 69 40 69 56 40 6 20 23 41 69 50 18 4 12 10 33 41 43 9 59 71 39
38 36 25 55 47 61 25 40 59 30 6 0 38 46 49 36 44 57 22 16 69 69 10 52
6 32 9 26 23 16 11 38 68 39 69 71 49 42 47 61 63 26 20 48 28 70 52 36
59 61 58 65 12 47 70 13 46 24 27 15 52 32 28 27 56 24 49 53 21 20 15 30
0 0 0 0 0 0 0 0 0 0 0 0 0 0 0 0 0 0 0 0 0 0 0 0
0 0 0 0 0 0 0 0 0 0 0 0 0 0 0 0 0 0 0 0 0 0 0 0
37 65 26 1 58 17 58 43 2 50 13 22 69 68 19 53 51 51 12 69 44 22 59 47
46 39 63 69 45 21 20 32 43 0 18 19 22 0 53 69 29 56 67 18 68 16 42 63
33 10 17 64 61 49 66 34 23 13 4 12 41 49 61 58 34 6 63 49 58 50 50 37
7 34 57 63 48 60 17 56 42 49 22 59 9 12 31 32 2 59 55 35 5 23 69 26
0 0 0 0 0 0 0 0 0 0 0 0 0 0 0 0 0 0 0 0 0 0 0 0
0 0 0 0 0 0 0 0 0 0 0 0 0 0 0 0 0 0 0 0 0 0 0 0
17 42 13 36 67 21 39 14 11 45 26 47 29 66 13 6 57 13 22 0 3 20 49 4
65 71 15 66 19 40 5 25 58 12 33 39 54 14 68 62 58 26 63 22 33 23 41 8
57 67 13 20 31 21 29 33 50 24 39 2 52 38 19 32 21 26 12 23 16 27 54 4
8 15 71 32 8 16 59 3 63 32 41 5 21 25 16 14 2 58 65 52 67 50 27 52
0 0 0 0 0 0 0 0 0 0 0 0 0 0 0 0 0 0 0 0 0 0 0 0
0 0 0 0 0 0 0 0 0 0 0 0 0 0 0 0 0 0 0 0 0 0 0 0
30 11 28 8 50 55 58 21 17 66 44 15 17 15 42 21 33 64 34 64 44 29 5 7
3 58 25 2 28 17 34 53 10 8 10 18 16 55 70 1 23 15 1 70 66 21 54 32
54 13 17 33 49 2 43 33 64 32 32 45 10 33 14 1 1 40 45 44 51 35 63 44
4 42 36 37 16 1 42 64 30 33 35 58 2 2 57 42 8 53 8 16 4 35 65 64
0 0 0 0 0 0 0 0 0 0 0 0 0 0 0 0 0 0 0 0 0 0 0 0
0 0 0 0 0 0 0 0 0 0 0 0 0 0 0 0 0 0 0 0 0 0 0 0
16 50 15 17 70 63 69 59 29 17 7 35 63 3 38 22 13 7 2 35 42 2 13 55
7 14 14 38 14 10 7 53 22 43 60 14 11 41 21 66 5 63 70 51 8 1 36 27
10 33 50 68 30 64 64 48 15 55 34 29 31 41 20 30 10 38 56 31 42 22 30 39
54 54 34 48 32 52 52 8 63 36 52 38 8 13 36 29 53 0 27 61 52 41 46 19
0 0 0 0 0 0 0 0 0 0 0 0 0 0 0 0 0 0 0 0 0 0 0 0
0 0 0 0 0 0 0 0 0 0 0 0 0 0 0 0 0 0 0 0 0 0 0 0
41 62 19 30 15 39 71 42 43 67 4 16 9 10 58 45 28 33 28 65 58 63 24 32
44 7 2 57 56 68 12 6 56 0 68 57 31 33 30 40 40 70 13 24 59 68 44 5
37 48 63 18 64 60 43 37 28 67 22 1 47 24 57 46 52 47 44 21 31 44 24 69
46 13 27 68 7 5 38 43 19 60 15 35 17 37 65 29 65 39 55 29 1 38 14 13
0 0 0 0 0 0 0 0 0 0 0 0 0 0 0 0 0 0 0 0 0 0 0 0
0 0 0 0 0 0 0 0 0 0 0 0 0 0 0 0 0 0 0 0 0 0 0 0
5 57 0 58 39 28 45 35 10 14 57 2 25 27 40 12 70 1 34 54 21 18 27 59
19 2 16 26 70 32 56 17 30 71 32 51 33 45 38 45 63 66 29 36 42 37 42 28
6 46 6 4 35 46 26 19 13 14 0 38 11 9 45 69 54 71 18 1 50 59 62 14
24 65 25 28 66 45 30 63 17 40 6 3 52 59 33 29 71 46 49 62 64 22 9 52
0 0 0 0 0 0 0 0 0 0 0 0 0 0 0 0 0 0 0 0 0 0 0 0
0 0 0 0 0 0 0 0 0 0 0 0 0 0 0 0 0 0 0 0 0 0 0 0
70 39 11 26 46 45 65 10 64 65 23 11 52 56 22 41 26 6 16 30 21 52 22 3
36 47 18 22 63 69 9 57 4 70 60 1 40 10 27 30 37 37 59 69 19 69 63 12
46 43 14 60 15 68 45 49 56 71 35 18 6 59 40 47 43 60 0 3 23 67 66 2
45 7 68 10 19 52 41 25 65 55 42 58 1 19 6 34 65 26 60 46 13 1 67 49
0 0 0 0 0 0 0 0 0 0 0 0 0 0 0 0 0 0 0 0 0 0 0 0
0 0 0 0 0 0 0 0 0 0 0 0 0 0 0 0 0 0 0 0 0 0 0 0
35 60 42 2 27 44 63 31 4 34 64 57 70 3 57 10 21 48 38 64 70 5 9 26
40 20 40 9 2 34 1 29 52 70 17 37 12 8 45 49 28 7 30 66 9 27 20 44
46 56 64 66 46 34 59 64 57 41 32 13 52 33 39 39 5 35 24 41 8 9 31 48
16 27 12 19 35 33 9 52 57 9 51 55 39 13 16 71 41 50 69 21 4 18 51 48
0 0 0 0 0 0 0 0 0 0 0 0 0 0 0 0 0 0 0 0 0 0 0 0
0 0 0 0 0 0 0 0 0 0 0 0 0 0 0 0 0 0 0 0 0 0 0 0
64 34 1 20 10 60 15 44 71 60 50 2 31 62 35 12 67 61 52 16 52 65 9 71
4 31 42 40 58 23 47 24 48 6 42 59 71 13 44 37 37 65 11 9 41 34 54 54
46 27 52 42 54 18 45 34 67 41 47 17 44 63 49 24 4 57 3 27 3 30 64 46
57 47 60 29 52 13 2 26 54 23 5 56 18 25 23 55 3 42 1 46 39 23 30 51
0 0 0 0 0 0 0 0 0 0 0 0 0 0 0 0 0 0 0 0 0 0 0 0
0 0 0 0 0 0 0 0 0 0 0 0 0 0 0 0 0 0 0 0 0 0 0 0
11 56 0 13 22 44 64 11 48 41 46 2 15 23 36 1 69 56 21 61 48 22 67 3
35 22 0 21 44 62 34 26 17 57 12 38 58 11 28 20 47 26 54 54 27 7 12 50
60 46 19 71 14 11 62 38 6 13 43 49 14 69 28 0 19 12 46 21 29 27 30 3
70 44 5 58 44 31 1 26 23 31 63 56 11 13 39 33 51 54 14 59 67 19 49 67
0 0 0 0 0 0 0 0 0 0 0 0 0 0 0 0 0 0 0 0 0 0 0 0
0 0 0 0 0 0 0 0 0 0 0 0 0 0 0 0 0 0 0 0 0 0 0 0
50 19 52 21 48 42 22 58 10 5 15 55 25 43 2 41 9 1 21 10 11 57 2 9
67 8 18 15 70 71 50 38 64 18 55 47 22 55 55 19 2 37 7 53 44 70 71 54
40 58 28 8 59 1 2 23 33 24 66 35 23 7 67 40 36 65 47 39 58 29 4 24
9 47 34 0 37 15 26 66 67 22 10 26 64 71 43 22 61 15 8 3 18 10 67 45
0 0 0 0 0 0 0 0 0 0 0 0 0 0 0 0 0 0 0 0 0 0 0 0
0 0 0 0 0 0 0 0 0 0 0 0 0 0 0 0 0 0 0 0 0 0 0 0
67 1 36 22 55 58 38 19 17 24 5 60 57 44 10 14 16 4 71 68 70 67 22 57
7 28 43 19 64 61 38 40 24 15 38 14 69 52 4 67 14 43 38 58 40 49 12 13
9 25 6 51 25 53 6 23 30 46 26 20 12 48 18 65 3 50 13 44 26 18 30 25
35 28 17 39 70 62 63 21 35 2 16 6 23 59 65 50 70 50 27 17 31 71 48 49
0 0 0 0 0 0 0 0 0 0 0 0 0 0 0 0 0 0 0 0 0 0 0 0
0 0 0 0 0 0 0 0 0 0 0 0 0 0 0 0 0 0 0 0 0 0 0 0
52 33 29 59 30 6 70 13 43 69 70 19 4 49 7 28 33 52 57 19 30 65 15 10
35 27 70 44 69 35 67 39 63 60 47 59 7 38 61 3 3 35 44 62 9 5 27 57
14 61 67 33 48 30 24 29 37 10 71 57 4 2 65 36 9 1 9 45 24 34 18 22
23 15 22 5 38 42 64 50 69 22 66 62 59 56 31 70 13 34 0 14 41 45 51 34
0 0 0 0 0 0 0 0 0 0 0 0 0 0 0 0 0 0 0 0 0 0 0 0
0 0 0 0 0 0 0 0 0 0 0 0 0 0 0 0 0 0 0 0 0 0 0 0
53 4 22 57 15 36 18 63 29 6 65 65 19 14 11 52 50 36 53 20 63 35 28 28
12 21 64 36 9 65 17 22 31 8 61 43 18 69 15 70 64 20 32 38 30 25 16 24
16 8 7 19 49 52 26 56 56 57 27 64 54 8 32 1 36 34 38 28 40 9 28 9
29 47 55 51 4 19 30 14 52 61 49 8 54 45 67 33 19 5 8 27 66 42 49 26
0 0 0 0 0 0 0 0 0 0 0 0 0 0 0 0 0 0 0 0 0 0 0 0
0 0 0 0 0 0 0 0 0 0 0 0 0 0 0 0 0 0 0 0 0 0 0 0
21 54 16 57 62 33 16 61 50 32 14 29 36 12 41 69 71 43 17 46 54 50 37 5
45 52 32 9 13 26 56 54 37 70 69 37 8 65 7 55 29 23 55 43 64 23 29 51
0 46 13 24 23 25 19 30 32 60 8 39 68 20 22 18 54 68 18 70 48 65 2 56
9 22 61 28 70 2 66 17 11 3 1 2 4 32 27 24 14 19 23 62 27 25 9 30
0 0 0 0 0 0 0 0 0 0 0 0 0 0 0 0 0 0 0 0 0 0 0 0
0 0 0 0 0 0 0 0 0 0 0 0 0 0 0 0 0 0 0 0 0 0 0 0
32 40 31 44 64 36 11 26 38 56 21 41 44 56 41 4 48 53 32 60 57 66 6 5
57 41 13 17 46 18 17 19 60 35 40 43 11 8 34 24 36 11 23 37 36 8 6 62
66 61 66 41 56 52 60 10 54 62 12 56 14 65 14 49 59 22 48 15 1 41 11 13
56 15 51 35 60 60 58 71 13 61 32 20 62 25 32 32 54 52 64 65 58 71 54 57
0 0 0 0 0 0 0 0 0 0 0 0 0 0 0 0 0 0 0 0 0 0 0 0
0 0 0 0 0 0 0 0 0 0 0 0 0 0 0 0 0 0 0 0 0 0 0 0
51 45 70 21 34 44 65 26 22 51 65 4 17 26 44 9 28 31 61 53 59 63 63 68
68 46 9 3 13 32 17 40 58 27 10 64 70 9 70 27 20 39 53 63 9 22 34 33
46 49 28 62 54 0 5 48 44 28 69 31 64 9 6 32 19 31 60 27 25 60 28 67
23 34 49 37 19 51 67 25 9 7 2 29 3 53 20 26 43 27 20 48 66 13 11 50
0 0 0 0 0 0 0 0 0 0 0 0 0 0 0 0 0 0 0 0 0 0 0 0
0 0 0 0 0 0 0 0 0 0 0 0 0 0 0 0 0 0 0 0 0 0 0 0
16 28 45 27 70 6 41 67 56 26 3 8 30 30 52 62 37 66 28 65 17 71 30 19
39 37 56 0 61 5 32 51 19 22 45 48 26 4 2 57 65 60 55 18 50 48 15 53
25 29 71 33 18 14 15 33 42 2 0 61 8 15 60 59 22 9 20 51 15 1 3 34
46 1 8 16 10 70 3 59 44 60 27 61 43 6 28 10 13 54 25 71 27 29 50 67
0 0 0 0 0 0 0 0 0 0 0 0 0 0 0 0 0 0 0 0 0 0 0 0
0 0 0 0 0 0 0 0 0 0 0 0 0 0 0 0 0 0 0 0 0 0 0 0
28 53 24 5 55 7 18 43 50 0 67 43 19 67 67 36 43 52 66 27 3 56 19 28
27 56 24 57 10 16 2 53 27 12 28 62 57 62 65 28 54 39 34 4 66 65 1 39
15 44 53 2 22 40 40 25 59 47 57 28 38 24 18 62 16 9 31 42 63 40 3 54
22 22 8 6 43 61 44 41 63 0 5 63 43 19 43 34 49 59 70 33 69 47 12 18
0 0 0 0 0 0 0 0 0 0 0 0 0 0 0 0 0 0 0 0 0 0 0 0
0 0 0 0 0 0 0 0 0 0 0 0 0 0 0 0 0 0 0 0 0 0 0 0
2 69 59 4 9 55 32 16 50 48 22 51 43 4 61 15 55 6 67 9 12 1 39 37
9 0 59 14 12 39 30 8 20 3 13 13 64 29 42 51 28 16 0 21 33 64 39 29
32 8 37 53 55 2 6 62 13 27 67 69 40 20 5 19 47 16 23 22 30 26 56 11
37 12 52 27 26 40 24 36 70 52 22 39 17 15 71 28 41 6 8 7 29 36 28 23
0 0 0 0 0 0 0 0 0 0 0 0 0 0 0 0 0 0 0 0 0 0 0 0
0 0 0 0 0 0 0 0 0 0 0 0 0 0 0 0 0 0 0 0 0 0 0 0
53 25 15 62 0 8 32 8 52 18 40 38 48 13 17 4 18 46 40 26 10 60 30 31
10 65 56 39 62 0 53 12 45 70 27 44 55 41 41 23 57 17 33 44 36 62 53 63
66 62 67 52 27 50 59 59 16 12 49 9 1 68 66 21 19 35 27 27 9 26 24 69
39 6 2 7 8 53 61 70 32 68 65 54 39 54 34 25 24 2 46 66 1 15 20 51
0 0 0 0 0 0 0 0 0 0 0 0 0 0 0 0 0 0 0 0 0 0 0 0
0 0 0 0 0 0 0 0 0 0 0 0 0 0 0 0 0 0 0 0 0 0 0 0
5 30 13 32 20 42 65 70 1 52 3 42 26 33 17 23 34 31 0 23 10 38 13 47
5 12 44 32 30 13 13 43 2 36 41 13 43 16 52 29 55 58 69 36 62 61 9 0
30 7 36 69 14 46 51 38 50 25 47 43 13 13 32 46 40 58 47 39 66 60 65 45
3 13 46 19 37 26 65 22 39 40 60 38 43 17 41 3 10 45 7 49 14 64 21 24
0 0 0 0 0 0 0 0 0 0 0 0 0 0 0 0 0 0 0 0 0 0 0 0
0 0 0 0 0 0 0 0 0 0 0 0 0 0 0 0 0 0 0 0 0 0 0 0
54 64 39 7 56 22 30 48 45 36 39 66 67 11 13 50 35 51 41 3 35 20 1 41
36 37 42 5 24 51 27 3 41 32 41 44 56 56 21 3 61 35 31 11 38 59 48 6
11 7 48 34 29 18 47 31 5 58 64 16 16 3 33 9 57 2 19 38 58 68 16 45
48 24 67 42 58 46 12 31 4 6 44 64 52 1 55 49 45 63 58 70 9 24 53 5
0 0 0 0 0 0 0 0 0 0 0 0 0 0 0 0 0 0 0 0 0 0 0 0
0 0 0 0 0 0 0 0 0 0 0 0 0 0 0 0 0 0 0 0 0 0 0 0
71 26 57 52 50 36 1 14 1 22 9 25 38 11 16 18 12 0 4 44 60 49 28 38
48 62 30 42 26 62 58 11 53 58 35 59 57 40 29 22 52 46 37 53 54 57 12 19
52 59 40 57 19 49 35 54 3 6 15 49 32 60 50 34 18 1 71 47 71 59 66 11
24 1 43 68 58 9 47 21 24 58 28 67 38 21 2 67 63 2 20 31 1 66 11 40
0 0 0 0 0 0 0 0 0 0 0 0 0 0 0 0 0 0 0 0 0 0 0 0
0 0 0 0 0 0 0 0 0 0 0 0 0 0 0 0 0 0 0 0 0 0 0 0
40 2 62 36 59 58 60 29 9 0 2 9 18 23 4 20 5 5 1 8 26 60 24 10
39 26 64 5 65 37 28 67 65 55 69 40 1 36 38 58 12 26 66 70 59 32 33 69
57 23 61 15 46 60 56 62 4 11 61 20 65 27 28 6 31 38 17 46 20 18 10 50
12 13 9 11 46 40 20 7 56 65 56 30 11 6 46 61 62 40 55 55 41 9 13 20
0 0 0 0 0 0 0 0 0 0 0 0 0 0 0 0 0 0 0 0 0 0 0 0
0 0 0 0 0 0 0 0 0 0 0 0 0 0 0 0 0 0 0 0 0 0 0 0
4 2 68 34 57 14 6 17 31 18 62 14 7 41 21 31 45 57 22 38 36 33 45 59
8 19 67 54 37 68 17 63 70 31 60 40 49 10 36 33 13 41 5 47 13 54 11 20
8 11 7 50 33 1 16 14 15 54 14 4 15 50 48 70 39 40 71 57 63 17 65 4
45 51 59 66 20 29 13 53 66 27 56 47 59 7 56 42 37 42 62 15 40 39 50 55
0 0 0 0 0 0 0 0 0 0 0 0 0 0 0 0 0 0 0 0 0 0 0 0
0 0 0 0 0 0 0 0 0 0 0 0 0 0 0 0 0 0 0 0 0 0 0 0
15 69 64 50 32 54 20 35 36 28 61 56 4 61 34 12 48 48 32 51 0 56 11 25
41 14 37 23 2 60 26 7 17 32 0 17 58 68 63 19 27 50 51 47 58 64 62 39
24 46 2 19 31 46 67 64 7 23 58 45 46 69 42 50 55 2 5 68 6 46 62 51
47 65 63 25 42 45 47 70 35 62 36 36 34 68 50 14 27 30 1 66 15 39 42 53
0 0 0 0 0 0 0 0 0 0 0 0 0 0 0 0 0 0 0 0 0 0 0 0
0 0 0 0 0 0 0 0 0 0 0 0 0 0 0 0 0 0 0 0 0 0 0 0
60 58 23 28 15 24 67 21 57 48 56 52 33 23 6 15 58 48 62 7 44 47 50 4
70 46 25 48 39 14 70 4 17 60 14 4 53 11 3 66 14 57 28 31 47 10 33 18
44 61 47 40 11 0 57 7 55 35 43 48 20 59 64 54 59 48 54 43 6 37 33 3
68 25 11 42 13 70 64 1 52 55 14 41 59 70 38 16 33 60 32 44 43 58 51 8
0 0 0 0 0 0 0 0 0 0 0 0 0 0 0 0 0 0 0 0 0 0 0 0
0 0 0 0 0 0 0 0 0 0 0 0 0 0 0 0 0 0 0 0 0 0 0 0
40 43 3 42 14 8 40 44 45 60 50 2 62 24 61 67 67 57 15 63 1 31 32 37
46 63 36 21 34 4 41 57 62 24 69 10 26 49 15 7 45 0 5 71 17 55 33 66
59 55 36 38 9 8 1 29 27 40 3 33 22 15 39 17 17 43 18 4 51 18 46 30
67 50 56 49 5 40 16 58 2 58 35 30 33 3 5 22 71 49 50 27 34 63 57 16
0 0 0 0 0 0 0 0 0 0 0 0 0 0 0 0 0 0 0 0 0 0 0 0
0 0 0 0 0 0 0 0 0 0 0 0 0 0 0 0 0 0 0 0 0 0 0 0
27 15 16 43 19 29 1 49 51 2 46 54 5 17 62 50 52 47 16 0 7 12 33 67
11 59 64 63 3 8 19 5 60 57 18 56 12 8 64 2 10 11 38 53 54 59 51 71
12 35 57 29 1 48 62 16 36 29 27 4 0 20 25 67 68 51 8 34 48 16 25 26
42 63 66 37 67 18 14 57 46 60 26 17 70 37 43 19 16 66 23 70 38 43 22 50
0 0 0 0 0 0 0 0 0 0 0 0 0 0 0 0 0 0 0 0 0 0 0 0
0 0 0 0 0 0 0 0 0 0 0 0 0 0 0 0 0 0 0 0 0 0 0 0
20 0 17 45 53 19 34 37 41 3 6 32 62 6 22 57 2 32 13 66 51 58 44 20
18 26 1 1 62 41 52 13 44 46 36 61 30 59 61 27 70 19 11 15 63 67 6 33
70 32 48 12 40 15 70 11 45 67 55 21 10 65 51 2 54 35 36 11 9 38 16 23
70 62 22 24 20 18 70 59 65 9 34 39 2 28 2 47 44 46 9 35 34 68 59 44
0 0 0 0 0 0 0 0 0 0 0 0 0 0 0 0 0 0 0 0 0 0 0 0
0 0 0 0 0 0 0 0 0 0 0 0 0 0 0 0 0 0 0 0 0 0 0 0
3 22 49 56 50 43 38 47 8 55 70 40 43 33 48 51 43 29 0 55 71 50 56 16
1 5 27 70 17 38 27 53 9 53 28 20 20 47 48 50 32 68 44 45 35 1 18 62
35 36 23 15 46 17 11 13 17 43 13 25 44 65 33 30 1 54 34 67 27 45 4 0
24 26 42 4 62 49 42 45 46 36 5 54 5 22 45 35 21 24 34 22 42 33 42 64
0 0 0 0 0 0 0 0 0 0 0 0 0 0 0 0 0 0 0 0 0 0 0 0
0 0 0 0 0 0 0 0 0 0 0 0 0 0 0 0 0 0 0 0 0 0 0 0
32 13 42 15 7 29 23 15 25 47 68 54 2 7 5 31 33 22 11 69 68 63 65 2
60 28 46 19 12 13 22 55 33 48 4 17 20 69 32 68 3 26 68 56 26 7 43 25
19 0 3 58 43 57 22 59 63 33 69 34 3 17 4 1 40 50 7 16 13 65 53 61
38 40 15 18 22 14 58 35 44 30 46 56 49 19 25 62 55 0 19 68 25 19 14 11
0 0 0 0 0 0 0 0 0 0 0 0 0 0 0 0 0 0 0 0 0 0 0 0
0 0 0 0 0 0 0 0 0 0 0 0 0 0 0 0 0 0 0 0 0 0 0 0
8 7 56 38 61 28 38 63 36 28 58 27 40 33 16 3 18 53 51 43 26 46 37 50
21 0 8 14 61 56 41 9 32 69 6 67 65 10 33 7 12 65 13 70 70 10 54 19
52 24 15 61 61 34 29 19 56 57 21 38 18 64 40 55 15 22 20 49 40 41 5 40
60 61 65 18 51 41 30 38 12 20 8 66 3 10 6 21 31 20 9 50 12 69 42 61
0 0 0 0 0 0 0 0 0 0 0 0 0 0 0 0 0 0 0 0 0 0 0 0
0 0 0 0 0 0 0 0 0 0 0 0 0 0 0 0 0 0 0 0 0 0 0 0
56 71 7 69 28 32 16 8 22 68 2 48 58 28 10 66 37 65 21 47 49 5 54 7
71 17 35 60 9 15 63 36 15 44 68 5 12 25 36 36 0 18 7 2 48 47 1 40
4 71 47 41 47 54 67 68 24 32 45 0 15 59 5 53 20 38 35 32 57 31 63 18
28 2 4 42 6 45 69 1 56 50 71 64 64 28 11 31 31 6 38 15 54 67 2 5
0 0 0 0 0 0 0 0 0 0 0 0 0 0 0 0 0 0 0 0 0 0 0 0
0 0 0 0 0 0 0 0 0 0 0 0 0 0 0 0 0 0 0 0 0 0 0 0
70 45 40 71 41 60 47 34 52 69 38 7 27 69 27 21 54 55 55 15 16 68 43 30
55 18 69 3 9 46 8 63 32 55 40 46 24 41 41 49 23 46 63 23 50 61 24 25
62 34 13 29 9 68 53 15 64 53 63 30 62 6 43 22 63 25 23 21 12 46 67 31
55 3 35 45 25 3 3 52 68 50 61 71 1 66 57 70 13 44 14 59 30 17 60 16
0 0 0 0 0 0 0 0 0 0 0 0 0 0 0 0 0 0 0 0 0 0 0 0
0 0 0 0 0 0 0 0 0 0 0 0 0 0 0 0 0 0 0 0 0 0 0 0
58 18 71 27 69 40 40 66 12 39 46 31 14 0 69 10 53 7 62 1 22 26 13 44
13 29 23 45 37 58 0 13 37 19 18 71 65 2 68 50 13 19 37 19 71 62 16 65
45 58 51 50 4 22 33 3 7 59 42 46 53 21 33 32 67 33 69 66 12 70 46 28
69 58 47 36 13 41 14 48 27 33 58 21 56 45 63 46 71 56 71 6 70 14 40 15
0 0 0 0 0 0 0 0 0 0 0 0 0 0 0 0 0 0 0 0 0 0 0 0
0 0 0 0 0 0 0 0 0 0 0 0 0 0 0 0 0 0 0 0 0 0 0 0
26 64 52 30 24 17 35 29 25 47 23 28 53 27 19 52 40 40 40 23 0 13 42 41
63 65 41 48 63 35 33 27 8 49 41 22 23 48 48 34 71 69 64 51 18 44 39 0
46 20 0 70 31 9 44 48 65 16 71 10 11 39 18 69 14 10 25 47 30 1 50 44
23 43 24 42 15 22 68 70 37 48 54 14 49 60 3 26 32 40 5 33 45 36 11 16
0 0 0 0 0 0 0 0 0 0 0 0 0 0 0 0 0 0 0 0 0 0 0 0
0 0 0 0 0 0 0 0 0 0 0 0 0 0 0 0 0 0 0 0 0 0 0 0
6 14 61 26 36 3 10 14 64 62 55 59 25 1 37 56 63 53 70 8 16 68 71 70
57 8 52 53 51 58 4 58 23 9 6 66 46 20 12 70 22 70 65 41 24 43 60 4
61 0 27 28 59 2 49 28 30 1 44 65 15 6 32 53 71 49 43 10 22 35 43 57
9 36 39 64 14 40 22 23 48 65 30 51 57 49 66 60 51 4 49 54 20 29 67 37
0 0 0 0 0 0 0 0 0 0 0 0 0 0 0 0 0 0 0 0 0 0 0 0
0 0 0 0 0 0 0 0 0 0 0 0 0 0 0 0 0 0 0 0 0 0 0 0
64 13 8 20 68 20 23 46 62 26 32 51 36 45 1 58 43 6 60 62 48 33 22 29
32 63 61 66 38 17 64 28 30 18 29 10 48 39 65 62 32 15 36 8 2 67 58 68
64 61 33 5 0 21 41 41 51 32 61 25 59 36 10 42 37 28 27 38 62 38 51 63
42 32 11 36 46 62 57 10 46 3 8 28 11 64 13 29 28 4 1 38 62 60 63 20
0 0 0 0 0 0 0 0 0 0 0 0 0 0 0 0 0 0 0 0 0 0 0 0
0 0 0 0 0 0 0 0 0 0 0 0 0 0 0 0 0 0 0 0 0 0 0 0
46 48 59 69 49 70 13 42 63 8 59 4 7 40 44 63 19 41 35 54 31 46 3 55
12 55 33 42 43 5 38 19 3 2 54 32 35 27 53 69 38 59 61 29 55 33 58 35
71 16 31 69 27 7 71 40 11 48 52 3 29 70 13 23 62 33 17 30 0 57 60 40
31 57 71 36 21 58 12 52 26 40 37 65 67 36 41 50 26 65 3 18 42 60 63 19
0 0 0 0 0 0 0 0 0 0 0 0 0 0 0 0 0 0 0 0 0 0 0 0
0 0 0 0 0 0 0 0 0 0 0 0 0 0 0 0 0 0 0 0 0 0 0 0
69 10 42 38 59 40 21 63 6 22 9 29 8 47 49 3 28 30 48 13 66 53 28 7
40 45 64 47 1 15 9 18 59 37 34 56 25 0 40 35 71 62 23 59 14 31 48 47
34 59 17 8 7 43 49 61 57 18 25 70 71 20 14 25 26 6 18 65 27 38 5 13
47 1 15 37 70 48 27 49 7 53 48 26 62 14 32 58 1 15 8 45 49 55 59 56
0 0 0 0 0 0 0 0 0 0 0 0 0 0 0 0 0 0 0 0 0 0 0 0
0 0 0 0 0 0 0 0 0 0 0 0 0 0 0 0 0 0 0 0 0 0 0 0
65 42 58 26 66 62 50 32 23 65 65 15 30 37 8 16 25 40 58 4 13 7 37 58
41 43 55 17 3 68 46 16 0 7 18 42 0 68 24 57 61 41 47 29 35 8 61 1
33 11 18 27 27 10 54 57 33 46 21 6 1 67 38 25 56 31 25 23 53 12 14 0
1 5 54 16 8 16 7 23 48 67 30 17 42 33 6 49 0 38 69 55 60 55 28 35
0 0 0 0 0 0 0 0 0 0 0 0 0 0 0 0 0 0 0 0 0 0 0 0
0 0 0 0 0 0 0 0 0 0 0 0 0 0 0 0 0 0 0 0 0 0 0 0
4 1 29 13 59 13 35 0 11 43 43 17 44 66 52 24 28 12 1 51 39 49 32 36
64 0 32 59 60 22 51 1 27 51 43 23 42 59 24 35 23 1 31 51 22 13 54 40
28 53 49 53 25 52 15 59 27 21 71 22 0 64 18 1 67 19 51 53 44 31 64 51
49 52 16 30 0 44 27 41 46 69 38 58 43 35 2 42 0 40 9 48 58 55 39 57
0 0 0 0 0 0 0 0 0 0 0 0 0 0 0 0 0 0 0 0 0 0 0 0
0 0 0 0 0 0 0 0 0 0 0 0 0 0 0 0 0 0 0 0 0 0 0 0
55 44 9 35 52 49 66 57 13 69 67 49 19 2 14 67 57 41 42 0 51 13 31 44
56 22 26 28 32 2 1 36 26 42 26 58 43 26 34 51 17 25 51 12 9 32 39 62
18 16 21 49 50 64 27 45 43 64 8 4 9 16 27 67 51 13 15 34 6 40 49 48
48 11 34 17 53 65 26 34 22 54 51 28 62 70 25 35 47 11 60 60 62 44 12 27
0 0 0 0 0 0 0 0 0 0 0 0 0 0 0 0 0 0 0 0 0 0 0 0
0 0 0 0 0 0 0 0 0 0 0 0 0 0 0 0 0 0 0 0 0 0 0 0
58 25 12 56 33 28 69 52 12 36 66 68 52 10 67 28 27 30 62 44 35 23 51 54
45 22 24 27 40 68 63 25 22 50 21 56 32 33 23 42 46 24 13 41 6 67 71 61
43 9 17 59 46 58 44 35 37 29 33 7 25 22 53 23 5 31 21 65 12 61 35 64
9 3 49 64 15 29 67 64 59 39 32 70 22 16 25 67 26 53 36 58 50 18 55 34
0 0 0 0 0 0 0 0 0 0 0 0 0 0 0 0 0 0 0 0 0 0 0 0
0 0 0 0 0 0 0 0 0 0 0 0 0 0 0 0 0 0 0 0 0 0 0 0
15 65 7 69 21 11 25 27 60 1 9 57 39 5 34 28 15 51 56 48 41 56 51 53
26 37 60 20 8 54 66 37 55 18 21 31 28 26 49 15 16 48 48 32 66 34 23 36
47 56 67 9 38 68 38 13 27 14 8 22 62 3 46 6 65 63 9 39 17 64 50 43
53 7 57 8 67 69 36 55 71 13 61 50 18 60 34 1 3 51 5 3 6 15 55 36
0 0 0 0 0 0 0 0 0 0 0 0 0 0 0 0 0 0 0 0 0 0 0 0
0 0 0 0 0 0 0 0 0 0 0 0 0 0 0 0 0 0 0 0 0 0 0 0
64 67 19 64 23 52 57 64 70 40 5 8 30 24 29 24 9 18 6 65 24 57 51 52
4 40 16 36 1 8 44 24 49 19 37 53 61 1 15 21 8 53 26 2 13 13 64 14
21 9 30 48 58 58 62 32 0 1 56 6 44 8 56 10 40 58 24 20 3 4 34 26
42 29 32 46 58 21 26 58 68 24 66 39 55 57 24 68 61 22 22 59 62 24 46 47
0 0 0 0 0 0 0 0 0 0 0 0 0 0 0 0 0 0 0 0 0 0 0 0
0 0 0 0 0 0 0 0 0 0 0 0 0 0 0 0 0 0 0 0 0 0 0 0
5 67 1 1 3 69 59 50 43 33 17 69 58 42 26 9 46 59 51 39 41 23 11 62
56 30 69 56 24 11 34 46 17 45 55 65 51 35 31 29 63 28 34 16 56 67 7 21
33 47 14 63 10 6 56 63 29 16 63 22 23 5 2 59 67 14 13 51 31 27 40 66
50 51 9 14 5 50 69 41 7 13 3 47 49 42 66 59 68 41 71 26 33 32 16 62
0 0 0 0 0 0 0 0 0 0 0 0 0 0 0 0 0 0 0 0 0 0 0 0
0 0 0 0 0 0 0 0 0 0 0 0 0 0 0 0 0 0 0 0 0 0 0 0
68 64 67 30 8 14 37 5 59 21 39 18 42 60 62 70 66 50 18 28 56 30 51 33
42 69 37 41 44 67 39 54 60 62 28 14 64 49 6 53 19 26 36 54 46 54 31 33
47 68 54 49 30 27 13 69 3 12 3 12 32 49 67 7 11 35 39 19 5 35 15 43
71 68 36 66 29 37 71 59 47 27 26 23 62 44 46 5 16 56 15 34 40 64 45 1
0 0 0 0 0 0 0 0 0 0 0 0 0 0 0 0 0 0 0 0 0 0 0 0
0 0 0 0 0 0 0 0 0 0 0 0 0 0 0 0 0 0 0 0 0 0 0 0
9 26 34 0 56 5 38 37 24 56 35 37 64 37 53 54 12 13 57 61 49 67 46 30
24 19 28 26 65 15 41 6 46 66 55 56 55 38 69 69 53 44 20 46 42 46 35 38
10 14 16 58 48 61 17 68 45 0 2 39 50 40 69 24 36 37 55 30 31 20 65 51
38 32 44 30 58 21 24 33 32 55 8 9 37 67 43 47 36 4 22 24 35 32 53 50
0 0 0 0 0 0 0 0 0 0 0 0 0 0 0 0 0 0 0 0 0 0 0 0
0 0 0 0 0 0 0 0 0 0 0 0 0 0 0 0 0 0 0 0 0 0 0 0
59 57 20 23 48 11 68 12 20 14 59 55 40 45 38 42 19 24 66 19 58 28 52 57
21 23 53 49 21 64 31 60 31 67 30 0 60 47 11 38 53 18 60 51 15 33 41 71
38 58 67 44 52 51 15 0 61 71 21 25 38 35 27 34 60 32 71 24 57 22 55 44
23 57 32 51 7 22 7 53 28 54 25 62 21 35 64 2 44 50 16 39 69 69 8 66
0 0 0 0 0 0 0 0 0 0 0 0 0 0 0 0 0 0 0 0 0 0 0 0
0 0 0 0 0 0 0 0 0 0 0 0 0 0 0 0 0 0 0 0 0 0 0 0
21 61 60 59 19 27 19 23 7 15 55 13 17 53 27 31 65 47 5 61 18 49 20 14
28 71 66 58 61 68 8 56 20 27 52 36 52 51 36 58 1 50 52 66 12 7 49 49
16 0 34 67 36 53 30 21 31 0 35 46 34 48 26 57 26 30 68 30 21 15 68 0
23 42 4 70 38 67 62 0 38 0 2 6 36 41 52 32 34 58 23 54 3 14 12 69
0 0 0 0 0 0 0 0 0 0 0 0 0 0 0 0 0 0 0 0 0 0 0 0
0 0 0 0 0 0 0 0 0 0 0 0 0 0 0 0 0 0 0 0 0 0 0 0
39 41 18 25 66 39 14 19 38 26 40 7 3 62 47 13 26 44 70 27 20 22 29 21
42 5 56 22 52 43 12 33 24 71 50 12 16 23 18 19 46 69 5 27 0 22 37 54
58 9 50 15 10 28 0 52 29 10 18 45 37 59 23 43 18 38 48 48 36 68 29 15
23 37 3 35 42 21 13 50 1 1 65 10 32 21 11 51 8 65 58 47 60 63 58 31
0 0 0 0 0 0 0 0 0 0 0 0 0 0 0 0 0 0 0 0 0 0 0 0
0 0 0 0 0 0 0 0 0 0 0 0 0 0 0 0 0 0 0 0 0 0 0 0
45 48 43 7 57 13 65 60 4 56 51 54 23 56 55 26 48 64 8 32 13 8 7 1
19 8 62 30 58 1 15 67 68 35 51 2 69 51 71 12 53 67 25 49 13 2 64 8
13 15 69 36 2 26 31 27 28 54 51 53 59 10 44 49 32 66 30 31 44 55 37 26
52 22 27 20 0 69 69 17 8 28 9 5 48 7 20 25 11 6 14 2 54 33 38 8
0 0 0 0 0 0 0 0 0 0 0 0 0 0 0 0 0 0 0 0 0 0 0 0
0 0 0 0 0 0 0 0 0 0 0 0 0 0 0 0 0 0 0 0 0 0 0 0
32 19 61 60 4 40 3 13 46 62 7 28 4 61 0 12 18 45 11 30 67 30 33 58
3 28 43 15 46 68 53 48 28 27 60 30 23 55 29 63 13 22 33 2 30 29 24 10
24 17 38 20 67 7 33 66 30 54 58 2 9 27 34 63 9 13 63 20 10 38 7 29
15 20 36 44 18 27 29 70 7 22 5 42 67 56 67 41 59 12 7 15 14 55 41 5
0 0 0 0 0 0 0 0 0 0 0 0 0 0 0 0 0 0 0 0 0 0 0 0
0 0 0 0 0 0 0 0 0 0 0 0 0 0 0 0 0 0 0 0 0 0 0 0
38 16 6 1 17 14 5 59 12 19 7 71 24 24 64 64 11 71 44 6 19 31 29 54
28 47 11 22 68 35 1 46 34 71 69 50 28 13 5 23 47 2 9 58 68 1 38 10
32 70 45 51 38 71 55 25 71 18 52 15 34 54 29 34 55 34 24 62 13 18 3 69
59 64 15 58 43 3 27 10 10 38 13 38 67 59 4 9 58 19 62 9 2 43 65 15
0 0 0 0 0 0 0 0 0 0 0 0 0 0 0 0 0 0 0 0 0 0 0 0
0 0 0 0 0 0 0 0 0 0 0 0 0 0 0 0 0 0 0 0 0 0 0 0
33 53 5 9 33 28 65 19 65 8 31 69 67 66 5 59 6 28 0 15 1 30 13 42
35 60 45 55 29 32 40 66 70 25 20 24 64 17 65 26 2 43 16 50 38 25 50 31
68 62 60 48 69 63 3 50 1 33 56 19 38 16 60 21 28 19 40 8 12 10 39 71
61 34 21 13 17 64 47 43 49 32 14 14 32 10 1 56 14 43 16 44 29 55 35 42
0 0 0 0 0 0 0 0 0 0 0 0 0 0 0 0 0 0 0 0 0 0 0 0
0 0 0 0 0 0 0 0 0 0 0 0 0 0 0 0 0 0 0 0 0 0 0 0
6 25 71 32 1 62 23 37 34 66 39 38 11 3 12 28 60 15 61 26 53 56 2 57
33 70 5 52 41 8 71 33 67 53 69 1 68 5 14 55 34 46 65 27 12 29 6 8
36 35 10 40 19 45 67 20 14 63 9 11 43 59 60 19 53 0 14 67 46 56 0 22
5 28 18 20 59 47 61 50 23 18 28 32 55 38 19 17 0 54 38 31 30 14 64 53
0 0 0 0 0 0 0 0 0 0 0 0 0 0 0 0 0 0 0 0 0 0 0 0
0 0 0 0 0 0 0 0 0 0 0 0 0 0 0 0 0 0 0 0 0 0 0 0
39 45 22 67 36 40 1 9 16 37 33 54 48 5 10 2 7 19 17 17 48 0 35 49
8 70 41 48 10 10 34 0 3 34 18 68 1 34 16 34 51 22 35 21 56 21 60 41
21 55 49 35 24 14 66 20 10 22 52 33 3 7 12 56 61 16 60 21 50 12 4 3
25 43 42 45 64 64 5 61 26 5 15 9 48 14 30 31 5 20 7 6 19 46 51 53
0 0 0 0 0 0 0 0 0 0 0 0 0 0 0 0 0 0 0 0 0 0 0 0
0 0 0 0 0 0 0 0 0 0 0 0 0 0 0 0 0 0 0 0 0 0 0 0
14 52 8 41 0 59 10 12 1 38 34 41 0 15 36 13 0 54 22 55 7 10 50 48
48 22 14 44 42 66 64 1 36 62 9 33 18 70 7 15 44 28 46 41 39 57 53 41
48 69 30 32 2 21 33 19 3 20 25 24 32 58 21 5 12 49 20 23 30 44 53 11
24 14 24 26 50 42 7 71 50 12 32 47 1 58 7 66 9 3 31 33 35 43 44 17
0 0 0 0 0 0 0 0 0 0 0 0 0 0 0 0 0 0 0 0 0 0 0 0
0 0 0 0 0 0 0 0 0 0 0 0 0 0 0 0 0 0 0 0 0 0 0 0
52 43 66 35 56 51 21 53 33 0 43 18 19 19 23 24 61 32 26 28 27 36 2 4
61 43 25 52 27 19 43 42 2 27 29 31 30 66 60 63 11 10 27 4 34 68 40 42
33 37 14 15 5 51 60 16 5 28 51 37 54 55 12 48 47 44 17 48 44 28 67 12
63 45 28 34 17 9 24 27 21 31 56 0 54 43 48 64 70 50 71 4 22 43 18 24
0 0 0 0 0 0 0 0 0 0 0 0 0 0 0 0 0 0 0 0 0 0 0 0
0 0 0 0 0 0 0 0 0 0 0 0 0 0 0 0 0 0 0 0 0 0 0 0
4 20 13 41 44 32 48 68 41 29 39 3 21 53 29 42 70 43 64 20 46 38 21 37
38 19 4 50 16 1 66 53 68 28 0 35 26 9 69 60 35 63 62 8 23 68 69 66
42 42 46 7 63 26 64 66 54 2 8 46 3 34 41 65 59 31 22 37 5 49 13 11
64 63 64 21 44 24 2 28 70 68 58 34 14 13 26 9 8 60 32 6 28 28 6 34
0 0 0 0 0 0 0 0 0 0 0 0 0 0 0 0 0 0 0 0 0 0 0 0
0 0 0 0 0 0 0 0 0 0 0 0 0 0 0 0 0 0 0 0 0 0 0 0
54 37 24 0 25 70 47 59 9 28 24 47 71 52 27 45 23 12 0 7 71 9 65 8
3 27 12 70 1 35 16 56 51 62 44 34 71 32 49 57 58 39 15 26 70 31 22 7
41 12 9 11 1 47 43 46 8 53 7 26 42 31 6 58 68 3 42 40 45 9 59 7
31 58 10 46 11 62 63 7 47 57 42 11 37 9 51 19 64 19 3 49 3 31 38 12
0 0 0 0 0 0 0 0 0 0 0 0 0 0 0 0 0 0 0 0 0 0 0 0
0 0 0 0 0 0 0 0 0 0 0 0 0 0 0 0 0 0 0 0 0 0 0 0
47 18 41 54 46 41 33 13 21 43 60 17 27 70 0 36 42 2 8 54 0 54 15 30
23 33 24 71 65 12 67 12 17 46 61 42 26 8 57 42 28 41 29 56 17 71 11 55
57 24 32 42 8 59 21 15 57 5 16 11 44 23 16 44 18 30 15 67 64 4 65 31
42 19 22 67 48 44 7 46 42 47 58 57 65 15 1 62 47 40 68 26 61 62 16 46
0 0 0 0 0 0 0 0 0 0 0 0 0 0 0 0 0 0 0 0 0 0 0 0
0 0 0 0 0 0 0 0 0 0 0 0 0 0 0 0 0 0 0 0 0 0 0 0
37 68 43 40 37 8 65 25 36 29 58 4 58 5 38 4 10 14 67 59 62 54 60 5
45 51 29 21 55 34 21 16 40 32 17 39 35 58 11 12 69 16 17 45 23 5 22 25
26 68 20 37 27 13 20 52 26 21 10 55 25 37 44 71 49 60 17 24 19 1 65 61
58 39 53 12 15 17 33 27 19 43 65 60 21 65 36 49 26 36 5 19 38 16 4 14
0 0 0 0 0 0 0 0 0 0 0 0 0 0 0 0 0 0 0 0 0 0 0 0
0 0 0 0 0 0 0 0 0 0 0 0 0 0 0 0 0 0 0 0 0 0 0 0
3 52 66 6 22 24 1 28 39 30 16 13 53 38 14 41 9 23 8 12 16 29 33 18
18 5 55 54 43 21 0 55 30 60 1 56 26 69 24 31 64 70 39 32 35 39 19 68
8 44 29 40 26 51 40 48 51 33 25 29 30 48 19 43 46 45 16 16 3 3 51 54
47 31 44 26 16 48 24 32 57 5 8 70 66 7 59 45 21 21 62 23 71 9 21 71
0 0 0 0 0 0 0 0 0 0 0 0 0 0 0 0 0 0 0 0 0 0 0 0
0 0 0 0 0 0 0 0 0 0 0 0 0 0 0 0 0 0 0 0 0 0 0 0
67 39 51 38 27 43 55 6 10 51 0 12 6 41 23 4 17 47 52 43 41 38 60 19
43 24 70 59 3 56 27 1 9 44 59 38 63 57 22 7 32 51 20 71 17 29 25 29
12 63 54 28 16 11 45 33 1 47 53 22 13 41 26 52 60 30 1 66 55 17 61 21
64 68 8 13 27 22 37 71 52 12 45 23 38 63 28 65 47 33 42 25 43 35 26 27
0 0 0 0 0 0 0 0 0 0 0 0 0 0 0 0 0 0 0 0 0 0 0 0
0 0 0 0 0 0 0 0 0 0 0 0 0 0 0 0 0 0 0 0 0 0 0 0
53 43 49 70 66 35 0 26 65 11 63 35 69 9 57 22 12 9 3 23 53 52 37 52
70 68 45 1 50 71 64 20 34 70 50 5 36 61 36 30 55 35 66 25 51 7 33 7
17 43 17 45 60 47 39 54 19 39 52 14 53 57 36 32 18 48 62 7 25 6 24 34
25 2 67 53 11 26 16 50 37 13 19 41 30 19 56 18 16 50 45 65 32 14 52 57
0 0 0 0 0 0 0 0 0 0 0 0 0 0 0 0 0 0 0 0 0 0 0 0
0 0 0 0 0 0 0 0 0 0 0 0 0 0 0 0 0 0 0 0 0 0 0 0
59 31 14 56 60 6 26 2 65 28 55 4 40 5 11 13 56 53 17 33 34 53 39 62
61 17 46 16 6 20 26 31 1 18 2 45 57 11 35 48 3 56 56 28 68 11 21 3
34 48 45 68 25 10 61 35 19 59 24 17 7 9 29 30 71 0 11 67 61 35 29 16
47 1 35 50 41 17 11 42 56 27 12 49 18 31 41 70 55 42 55 45 55 31 11 36
0 0 0 0 0 0 0 0 0 0 0 0 0 0 0 0 0 0 0 0 0 0 0 0
0 0 0 0 0 0 0 0 0 0 0 0 0 0 0 0 0 0 0 0 0 0 0 0
33 58 4 11 51 44 7 29 44 71 9 5 0 58 2 36 5 67 58 54 50 63 57 40
28 37 43 56 30 13 3 38 57 10 10 17 34 13 22 56 31 50 42 37 55 21 8 15
43 66 27 13 7 60 44 64 20 65 25 24 64 41 35 21 25 50 45 10 49 43 15 40
70 18 9 63 27 66 2 15 1 19 35 10 20 20 11 46 62 7 13 30 59 10 16 31
0 0 0 0 0 0 0 0 0 0 0 0 0 0 0 0 0 0 0 0 0 0 0 0
0 0 0 0 0 0 0 0 0 0 0 0 0 0 0 0 0 0 0 0 0 0 0 0
51 46 3 37 46 9 44 2 20 58 27 52 33 62 67 53 43 48 25 45 64 56 51 70
2 8 30 15 12 71 4 58 26 7 71 65 49 37 45 29 39 36 39 10 53 64 40 26
9 70 51 53 25 33 22 67 20 6 65 9 26 28 9 60 46 70 56 29 16 67 37 40
21 65 14 55 55 12 29 56 44 13 70 56 11 4 29 31 43 32 36 16 65 13 38 50
0 0 0 0 0 0 0 0 0 0 0 0 0 0 0 0 0 0 0 0 0 0 0 0
0 0 0 0 0 0 0 0 0 0 0 0 0 0 0 0 0 0 0 0 0 0 0 0
12 3 41 18 10 6 5 25 0 4 49 12 20 21 41 61 16 69 32 59 39 17 31 9
46 41 29 30 13 30 29 64 35 3 9 30 48 42 67 68 13 63 0 55 63 57 42 55
12 36 59 58 19 5 61 64 54 28 30 71 51 67 32 2 60 40 13 35 7 52 65 33
22 14 25 2 50 8 54 67 58 21 61 33 9 35 47 70 51 71 39 38 18 25 6 68
0 0 0 0 0 0 0 0 0 0 0 0 0 0 0 0 0 0 0 0 0 0 0 0
0 0 0 0 0 0 0 0 0 0 0 0 0 0 0 0 0 0 0 0 0 0 0 0
38 26 58 71 24 63 47 20 21 57 51 41 31 20 14 41 65 31 23 51 63 48 22 14
36 26 43 71 27 37 56 67 50 13 24 43 55 18 24 2 20 13 61 58 24 50 48 16
11 27 55 30 34 3 52 29 15 68 18 49 0 65 11 11 39 38 36 57 55 30 12 39
36 14 19 62 44 7 62 44 41 0 12 61 33 8 39 7 31 70 25 61 4 26 29 1
0 0 0 0 0 0 0 0 0 0 0 0 0 0 0 0 0 0 0 0 0 0 0 0
0 0 0 0 0 0 0 0 0 0 0 0 0 0 0 0 0 0 0 0 0 0 0 0
49 46 63 51 51 15 67 28 60 9 54 20 44 41 7 68 45 13 71 4 30 45 29 14
60 3 63 24 66 32 61 9 32 16 35 10 70 53 50 51 52 24 8 34 6 57 63 69
57 17 46 20 62 48 20 50 57 10 39 9 23 57 7 5 30 71 68 30 44 23 40 9
42 10 60 69 45 51 14 30 13 27 62 63 33 42 65 4 0 42 56 16 62 62 22 46
0 0 0 0 0 0 0 0 0 0 0 0 0 0 0 0 0 0 0 0 0 0 0 0
0 0 0 0 0 0 0 0 0 0 0 0 0 0 0 0 0 0 0 0 0 0 0 0
13 24 25 34 42 16 67 13 26 59 67 24 1 33 14 35 10 59 4 38 23 24 27 68
34 29 71 56 4 50 40 4 34 25 17 49 30 5 44 66 52 34 31 29 15 54 27 46
17 0 15 16 10 30 27 29 45 62 64 61 7 59 3 39 38 65 50 40 46 8 34 71
28 60 62 54 9 62 53 67 19 15 50 68 37 46 14 64 45 47 35 40 43 57 15 46
0 0 0 0 0 0 0 0 0 0 0 0 0 0 0 0 0 0 0 0 0 0 0 0
0 0 0 0 0 0 0 0 0 0 0 0 0 0 0 0 0 0 0 0 0 0 0 0
29 26 10 21 53 26 18 24 17 21 6 10 65 24 10 19 3 57 0 31 71 58 3 38
5 69 27 39 69 50 71 67 48 28 58 62 42 56 64 39 46 3 64 30 45 34 71 35
7 67 65 25 15 12 66 27 48 4 34 64 68 7 22 69 44 50 17 1 35 36 26 41
31 43 12 60 27 19 39 42 65 2 22 29 42 64 54 42 26 14 44 49 33 35 20 36
0 0 0 0 0 0 0 0 0 0 0 0 0 0 0 0 0 0 0 0 0 0 0 0
0 0 0 0 0 0 0 0 0 0 0 0 0 0 0 0 0 0 0 0 0 0 0 0
28 47 53 68 5 0 33 71 62 62 1 67 48 14 17 71 49 3 29 9 57 47 16 11
25 55 53 17 13 34 29 17 18 55 0 36 30 47 26 28 59 22 42 44 57 54 40 39
46 37 42 68 24 54 24 37 53 40 49 0 40 36 14 42 69 50 25 21 34 11 66 16
22 13 8 5 17 41 46 46 2 43 48 52 71 68 70 8 26 57 62 32 48 35 0 38
0 0 0 0 0 0 0 0 0 0 0 0 0 0 0 0 0 0 0 0 0 0 0 0
0 0 0 0 0 0 0 0 0 0 0 0 0 0 0 0 0 0 0 0 0 0 0 0
0 55 42 38 62 9 31 65 41 59 23 51 26 20 40 35 50 26 51 45 26 28 69 12
18 6 61 28 7 5 54 29 41 55 48 21 71 9 40 59 68 31 6 69 58 56 60 30
12 57 7 10 51 71 65 49 49 21 33 27 41 6 71 33 2 53 37 68 22 33 37 25
47 28 45 55 15 50 58 10 33 63 70 1 71 16 46 49 63 44 70 60 49 59 34 22
0 0 0 0 0 0 0 0 0 0 0 0 0 0 0 0 0 0 0 0 0 0 0 0
0 0 0 0 0 0 0 0 0 0 0 0 0 0 0 0 0 0 0 0 0 0 0 0
37 31 65 13 39 47 14 11 1 64 48 50 15 8 52 11 52 26 16 63 22 57 19 39
59 9 20 14 14 18 67 30 42 18 62 3 41 70 71 0 7 40 38 52 66 67 67 55
50 3 13 14 2 11 18 47 41 42 54 40 17 65 40 65 59 5 32 30 7 9 16 68
10 44 20 32 65 61 6 21 21 70 61 41 57 69 24 30 58 40 47 13 55 58 69 70
0 0 0 0 0 0 0 0 0 0 0 0 0 0 0 0 0 0 0 0 0 0 0 0
0 0 0 0 0 0 0 0 0 0 0 0 0 0 0 0 0 0 0 0 0 0 0 0
41 14 0 37 46 37 52 36 64 6 67 37 41 4 54 39 40 60 50 1 69 59 36 52
49 3 36 37 51 47 4 57 51 56 28 29 7 69 3 56 51 25 33 64 31 68 29 14
20 64 60 8 60 16 19 52 14 59 58 65 2 27 18 21 69 36 40 54 66 50 11 63
23 20 70 34 61 42 50 27 67 27 37 4 0 65 28 69 56 56 45 3 23 25 44 44
0 0 0 0 0 0 0 0 0 0 0 0 0 0 0 0 0 0 0 0 0 0 0 0
0 0 0 0 0 0 0 0 0 0 0 0 0 0 0 0 0 0 0 0 0 0 0 0
5 70 26 50 50 29 42 40 8 33 19 54 29 48 21 16 42 45 1 33 27 39 12 17
38 6 62 9 35 55 6 32 12 34 8 67 11 2 35 53 58 69 54 69 2 64 0 59
70 7 40 55 47 22 69 55 42 49 17 23 12 57 48 55 45 67 25 64 66 7 69 61
54 62 29 49 36 52 54 8 4 34 41 69 31 30 51 42 60 21 4 51 60 5 26 67
0 0 0 0 0 0 0 0 0 0 0 0 0 0 0 0 0 0 0 0 0 0 0 0
0 0 0 0 0 0 0 0 0 0 0 0 0 0 0 0 0 0 0 0 0 0 0 0
26 49 58 10 47 4 8 46 66 63 32 4 21 32 40 11 26 8 27 10 12 48 30 68
1 45 49 16 10 32 54 34 44 56 19 52 3 53 60 30 41 18 11 19 22 48 56 17
56 8 64 24 41 28 9 36 24 24 20 46 61 65 0 55 24 59 40 37 24 39 22 14
1 24 30 69 60 15 28 35 13 7 40 38 9 4 44 64 71 39 34 22 67 0 1 17
0 0 0 0 0 0 0 0 0 0 0 0 0 0 0 0 0 0 0 0 0 0 0 0
0 0 0 0 0 0 0 0 0 0 0 0 0 0 0 0 0 0 0 0 0 0 0 0
54 30 12 11 30 45 5 36 19 66 53 12 22 35 56 0 49 59 57 60 38 6 16 53
7 68 8 71 52 63 40 40 26 10 17 49 5 45 54 60 46 16 70 6 35 16 13 17
60 66 8 10 42 52 50 26 31 33 45 31 53 47 14 40 41 51 58 27 31 10 36 56
66 12 0 69 28 5 68 58 14 5 71 29 4 60 20 63 39 26 41 51 11 57 33 50
0 0 0 0 0 0 0 0 0 0 0 0 0 0 0 0 0 0 0 0 0 0 0 0
0 0 0 0 0 0 0 0 0 0 0 0 0 0 0 0 0 0 0 0 0 0 0 0
5 19 71 23 36 67 5 27 12 35 29 18 29 45 35 37 17 45 4 33 45 2 16 17
57 66 33 34 12 53 65 46 50 68 11 6 2 66 12 30 36 2 69 39 55 20 56 20
66 37 59 49 57 4 13 13 54 41 1 40 1 19 58 34 53 5 7 59 64 19 21 48
0 35 45 30 6 27 27 40 22 13 58 48 25 6 60 50 71 30 27 34 6 67 36 1
0 0 0 0 0 0 0 0 0 0 0 0 0 0 0 0 0 0 0 0 0 0 0 0
0 0 0 0 0 0 0 0 0 0 0 0 0 0 0 0 0 0 0 0 0 0 0 0
2 4 29 25 12 27 8 59 10 44 54 32 30 12 35 39 40 49 54 39 59 1 17 25
61 64 40 40 16 71 7 56 50 66 31 68 67 69 0 2 33 29 24 46 40 32 10 28
4 2 15 46 25 24 62 40 27 8 8 2 10 35 9 53 29 24 69 43 22 57 22 68
24 8 17 19 12 3 42 36 61 25 31 62 71 24 49 16 66 70 3 36 12 57 5 27
0 0 0 0 0 0 0 0 0 0 0 0 0 0 0 0 0 0 0 0 0 0 0 0
0 0 0 0 0 0 0 0 0 0 0 0 0 0 0 0 0 0 0 0 0 0 0 0
23 37 68 11 10 5 3 32 70 14 38 64 20 53 33 12 68 28 13 16 41 11 58 4
68 61 25 70 70 31 30 11 53 22 3 20 63 8 19 56 38 43 1 22 10 23 1 52
8 45 58 61 35 33 54 26 51 17 56 50 16 71 24 62 46 22 1 33 58 25 65 45
44 16 4 36 70 47 6 70 3 39 50 47 56 7 8 38 53 68 31 27 38 47 10 21
0 0 0 0 0 0 0 0 0 0 0 0 0 0 0 0 0 0 0 0 0 0 0 0
0 0 0 0 0 0 0 0 0 0 0 0 0 0 0 0 0 0 0 0 0 0 0 0
43 53 2 59 1 10 55 21 45 52 40 13 3 18 29 31 52 62 44 2 10 49 63 41
62 27 31 46 54 26 0 19 53 19 4 4 40 37 27 11 36 43 38 11 53 30 39 24
44 33 50 12 68 48 24 16 44 3 53 22 11 56 69 25 28 4 18 40 0 67 51 36
2 17 20 10 26 41 56 41 65 46 5 2 7 62 8 53 1 58 11 53 20 63 66 31
0 0 0 0 0 0 0 0 0 0 0 0 0 0 0 0 0 0 0 0 0 0 0 0
0 0 0 0 0 0 0 0 0 0 0 0 0 0 0 0 0 0 0 0 0 0 0 0
45 30 0 65 11 31 35 49 42 18 22 18 24 45 67 36 4 35 57 55 43 34 37 3
37 1 30 41 14 33 66 55 39 3 10 59 37 39 13 70 4 51 70 7 47 4 71 47
63 25 37 6 18 0 31 43 39 42 63 53 5 70 58 18 63 71 70 30 45 57 9 2
35 57 15 66 59 48 14 6 54 17 24 58 57 31 51 9 70 31 26 54 71 27 63 53
0 0 0 0 0 0 0 0 0 0 0 0 0 0 0 0 0 0 0 0 0 0 0 0
0 0 0 0 0 0 0 0 0 0 0 0 0 0 0 0 0 0 0 0 0 0 0 0
9 2 48 45 68 63 50 71 48 66 66 35 66 2 28 45 66 35 67 2 6 18 17 51
30 17 51 38 12 48 51 45 16 22 31 54 22 53 21 36 17 1 49 27 6 45 13 47
47 62 40 48 46 69 1 30 39 43 13 14 51 14 51 2 14 42 43 25 44 31 65 22
45 53 9 71 24 53 27 45 60 16 10 64 38 0 66 35 20 56 21 41 16 32 69 13
0 0 0 0 0 0 0 0 0 0 0 0 0 0 0 0 0 0 0 0 0 0 0 0
0 0 0 0 0 0 0 0 0 0 0 0 0 0 0 0 0 0 0 0 0 0 0 0
57 69 1 60 15 59 15 24 11 21 20 36 49 3 25 69 34 64 13 2 20 47 54 50
20 16 61 66 29 16 20 31 18 21 36 38 16 40 36 19 58 24 31 8 30 26 1 3
70 46 47 8 1 64 31 17 2 56 8 13 50 46 66 43 6 4 9 57 32 36 12 32
30 27 22 54 58 18 44 38 24 22 47 20 11 38 58 28 64 9 23 40 9 45 52 61
0 0 0 0 0 0 0 0 0 0 0 0 0 0 0 0 0 0 0 0 0 0 0 0
0 0 0 0 0 0 0 0 0 0 0 0 0 0 0 0 0 0 0 0 0 0 0 0
27 51 4 71 26 9 38 39 36 70 63 60 10 0 15 63 26 52 48 53 53 38 64 20
6 6 70 9 12 35 0 20 8 12 35 43 25 55 31 27 45 49 57 19 46 7 68 47
46 70 17 47 38 46 57 58 6 58 52 38 46 28 33 37 62 5 66 32 61 52 13 2
54 12 71 11 36 24 29 61 11 33 47 20 31 24 46 53 35 70 30 54 67 46 33 32
0 0 0 0 0 0 0 0 0 0 0 0 0 0 0 0 0 0 0 0 0 0 0 0
0 0 0 0 0 0 0 0 0 0 0 0 0 0 0 0 0 0 0 0 0 0 0 0
48 51 43 33 52 51 3 11 44 18 16 9 24 35 22 27 15 23 45 3 13 38 20 26
51 61 51 17 17 36 9 44 60 51 14 38 28 36 36 52 68 32 17 43 15 31 15 70
20 27 7 52 71 59 69 56 66 69 62 35 43 0 12 31 32 24 34 0 54 64 19 16
11 11 10 13 15 64 48 9 58 40 26 34 14 41 17 49 53 61 51 11 41 36 62 15
0 0 0 0 0 0 0 0 0 0 0 0 0 0 0 0 0 0 0 0 0 0 0 0
0 0 0 0 0 0 0 0 0 0 0 0 0 0 0 0 0 0 0 0 0 0 0 0
31 40 54 53 40 64 57 60 54 31 31 40 53 35 65 43 71 40 14 62 60 7 56 17
30 33 43 8 2 49 63 38 63 16 61 49 66 49 51 5 6 8 0 26 24 18 13 55
15 28 29 45 70 24 17 21 8 41 28 35 56 46 43 16 4 68 51 17 9 70 19 52
1 37 5 51 60 26 10 61 64 16 25 70 7 35 69 15 28 58 17 41 13 57 57 37
0 0 0 0 0 0 0 0 0 0 0 0 0 0 0 0 0 0 0 0 0 0 0 0
0 0 0 0 0 0 0 0 0 0 0 0 0 0 0 0 0 0 0 0 0 0 0 0
49 15 8 61 20 17 37 71 66 58 12 7 55 31 1 2 14 3 17 25 30 1 37 47
4 10 59 13 23 14 44 19 46 13 69 21 39 3 32 42 47 12 21 38 16 64 18 9
6 57 50 69 21 64 2 42 48 59 55 45 34 7 44 59 26 53 18 56 19 21 23 40
52 10 27 62 54 58 15 9 0 33 18 69 3 17 18 61 33 6 2 34 35 41 66 23
0 0 0 0 0 0 0 0 0 0 0 0 0 0 0 0 0 0 0 0 0 0 0 0
0 0 0 0 0 0 0 0 0 0 0 0 0 0 0 0 0 0 0 0 0 0 0 0
8 10 42 61 48 0 37 50 32 11 13 57 1 4 15 63 55 58 61 45 64 3 16 66
0 17 3 22 53 15 2 60 20 34 46 55 53 45 4 33 53 34 52 11 50 20 56 52
10 60 19 23 35 34 68 59 36 63 56 6 64 63 38 32 53 47 45 67 51 38 17 38
66 10 11 40 13 49 63 63 57 13 9 27 33 69 17 10 59 30 64 37 30 16 43 37
0 0 0 0 0 0 0 0 0 0 0 0 0 0 0 0 0 0 0 0 0 0 0 0
0 0 0 0 0 0 0 0 0 0 0 0 0 0 0 0 0 0 0 0 0 0 0 0
1 41 68 55 55 68 54 46 21 12 56 7 0 66 56 25 37 16 26 68 0 52 62 0
10 10 22 5 0 34 44 0 57 48 43 27 38 35 28 46 17 3 22 9 23 53 47 59
26 41 30 27 33 48 49 61 58 28 42 62 18 0 37 40 12 12 50 26 32 52 18 44
33 8 17 29 71 50 47 59 2 66 58 22 70 43 69 61 65 46 9 50 8 19 66 6
0 0 0 0 0 0 0 0 0 0 0 0 0 0 0 0 0 0 0 0 0 0 0 0
0 0 0 0 0 0 0 0 0 0 0 0 0 0 0 0 0 0 0 0 0 0 0 0
49 12 10 67 31 54 70 2 28 66 54 61 66 26 41 3 44 64 68 46 11 20 36 51
51 68 57 4 3 12 24 48 55 60 49 41 30 40 52 22 28 13 37 32 42 62 71 39
68 26 52 66 28 24 21 37 54 54 27 29 9 48 22 61 58 18 44 16 62 20 42 58
1 57 22 28 49 70 64 24 60 51 19 15 60 31 2 68 24 16 43 57 28 66 28 9
0 0 0 0 0 0 0 0 0 0 0 0 0 0 0 0 0 0 0 0 0 0 0 0
0 0 0 0 0 0 0 0 0 0 0 0 0 0 0 0 0 0 0 0 0 0 0 0
55 2 3 13 17 0 64 65 43 5 11 21 39 29 15 65 23 33 33 31 45 13 61 4
36 19 54 57 17 3 36 69 9 24 63 70 3 27 58 44 16 2 63 65 1 56 48 16
35 20 57 1 60 0 28 68 49 41 68 38 15 24 13 11 26 1 21 35 24 71 16 32
62 19 58 41 16 41 71 38 47 27 33 58 15 56 69 69 39 56 7 43 36 33 13 49
0 0 0 0 0 0 0 0 0 0 0 0 0 0 0 0 0 0 0 0 0 0 0 0
0 0 0 0 0 0 0 0 0 0 0 0 0 0 0 0 0 0 0 0 0 0 0 0
71 21 6 9 23 34 19 11 55 4 70 70 29 59 42 2 34 36 58 47 17 27 45 63
44 7 46 53 67 29 60 12 13 66 59 0 22 50 69 31 21 47 70 48 53 25 35 53
64 36 34 7 0 45 7 70 22 59 15 29 2 40 67 52 51 53 55 45 31 61 3 48
62 2 27 6 65 31 66 68 41 46 12 34 64 3 34 9 40 29 31 51 0 36 4 1
0 0 0 0 0 0 0 0 0 0 0 0 0 0 0 0 0 0 0 0 0 0 0 0
0 0 0 0 0 0 0 0 0 0 0 0 0 0 0 0 0 0 0 0 0 0 0 0
5 5 68 56 17 3 56 23 24 61 44 52 17 5 58 52 18 23 1 45 56 37 4 8
37 30 42 35 65 19 8 36 63 14 1 59 46 60 13 22 51 41 38 30 25 63 21 25
37 29 56 15 56 27 68 32 48 20 35 0 2 19 58 0 48 55 50 20 46 32 9 54
45 21 23 0 19 29 70 26 33 12 18 66 0 71 34 28 14 37 22 4 68 55 58 71
0 0 0 0 0 0 0 0 0 0 0 0 0 0 0 0 0 0 0 0 0 0 0 0
0 0 0 0 0 0 0 0 0 0 0 0 0 0 0 0 0 0 0 0 0 0 0 0
24 61 59 17 17 23 48 15 61 0 71 1 8 54 65 1 7 23 0 62 47 45 8 29
64 41 62 54 47 7 65 17 64 38 25 67 35 69 43 55 35 14 6 52 45 63 33 45
21 54 49 60 22 45 53 27 68 22 11 21 60 51 9 50 14 49 40 40 70 7 21 14
67 70 9 19 45 28 53 64 55 41 24 36 10 41 33 60 49 65 54 62 4 49 41 71
0 0 0 0 0 0 0 0 0 0 0 0 0 0 0 0 0 0 0 0 0 0 0 0
0 0 0 0 0 0 0 0 0 0 0 0 0 0 0 0 0 0 0 0 0 0 0 0
59 9 46 7 7 10 50 51 43 55 54 52 58 39 46 33 43 69 7 12 10 30 32 28
26 12 58 52 60 32 57 60 55 67 46 51 37 61 35 33 34 61 56 12 15 28 9 15
21 10 58 61 32 0 8 14 68 58 63 50 22 37 14 36 69 19 43 18 6 67 52 34
29 20 5 42 65 56 19 2 64 35 39 4 24 12 38 47 63 64 8 68 8 45 4 55
0 0 0 0 0 0 0 0 0 0 0 0 0 0 0 0 0 0 0 0 0 0 0 0
0 0 0 0 0 0 0 0 0 0 0 0 0 0 0 0 0 0 0 0 0 0 0 0
40 37 71 51 71 2 24 63 2 41 44 68 20 0 52 43 40 18 33 34 8 38 31 59
15 56 7 52 64 60 54 31 10 43 37 40 20 14 12 2 2 71 69 61 35 28 20 23
68 4 43 54 47 37 31 11 1 71 20 35 24 21 65 37 64 5 28 4 64 12 30 48
44 8 10 41 15 43 9 69 58 53 10 6 12 38 25 55 41 19 35 61 62 18 19 19
0 0 0 0 0 0 0 0 0 0 0 0 0 0 0 0 0 0 0 0 0 0 0 0
0 0 0 0 0 0 0 0 0 0 0 0 0 0 0 0 0 0 0 0 0 0 0 0
18 37 8 70 49 15 68 42 32 50 55 2 10 53 45 16 71 44 1 9 1 38 40 46
68 31 46 51 0 30 65 25 40 39 63 18 30 68 20 1 11 22 32 32 25 25 44 28
29 3 27 4 35 42 65 30 8 71 43 6 26 38 60 42 55 24 24 51 17 49 66 1
23 0 55 2 52 48 64 5 1 53 1 63 45 41 68 41 3 60 5 65 60 12 45 12
0 0 0 0 0 0 0 0 0 0 0 0 0 0 0 0 0 0 0 0 0 0 0 0
0 0 0 0 0 0 0 0 0 0 0 0 0 0 0 0 0 0 0 0 0 0 0 0
23 30 41 3 58 1 28 37 11 10 16 49 49 46 46 26 65 71 15 11 47 9 48 18
9 27 36 55 52 38 14 26 56 7 50 31 43 30 18 11 6 1 64 35 0 56 17 34
16 3 19 68 57 59 32 37 30 2 29 35 56 70 26 52 0 24 15 39 57 50 41 17
16 59 9 60 57 69 10 69 31 44 66 21 38 63 9 42 7 36 29 1 47 2 6 15
0 0 0 0 0 0 0 0 0 0 0 0 0 0 0 0 0 0 0 0 0 0 0 0
0 0 0 0 0 0 0 0 0 0 0 0 0 0 0 0 0 0 0 0 0 0 0 0
32 62 36 54 57 54 62 2 10 0 5 69 54 6 47 4 17 41 45 2 13 51 61 62
34 28 55 39 42 65 20 62 3 49 28 63 15 62 0 23 47 55 28 39 51 36 29 57
20 36 54 65 19 13 25 24 14 55 53 31 1 47 11 48 7 16 31 51 58 47 55 27
52 27 69 16 48 2 13 6 47 16 68 22 26 52 19 14 29 12 19 15 30 42 35 23
0 0 0 0 0 0 0 0 0 0 0 0 0 0 0 0 0 0 0 0 0 0 0 0
0 0 0 0 0 0 0 0 0 0 0 0 0 0 0 0 0 0 0 0 0 0 0 0
1 71 64 28 7 8 19 18 19 13 47 69 31 52 26 27 37 34 6 55 3 34 2 49
21 29 67 58 71 47 13 31 61 39 70 41 12 43 66 38 38 11 39 50 46 38 45 50
44 19 62 16 36 69 33 7 19 12 67 52 23 40 5 18 60 19 17 18 64 16 29 13
32 41 1 59 31 49 46 42 19 19 40 5 40 65 8 47 19 4 52 37 41 10 3 44
0 0 0 0 0 0 0 0 0 0 0 0 0 0 0 0 0 0 0 0 0 0 0 0
0 0 0 0 0 0 0 0 0 0 0 0 0 0 0 0 0 0 0 0 0 0 0 0
2 23 44 26 23 26 16 0 13 25 70 53 0 18 52 4 40 23 38 26 45 50 54 21
12 53 49 66 60 40 52 17 41 2 13 22 65 68 62 3 14 34 0 69 51 20 30 29
21 13 36 29 27 69 14 48 54 62 61 66 58 61 38 32 44 1 55 4 63 11 51 20
69 51 64 14 67 70 52 22 41 31 70 42 51 19 44 58 19 42 28 33 23 2 23 21
0 0 0 0 0 0 0 0 0 0 0 0 0 0 0 0 0 0 0 0 0 0 0 0
0 0 0 0 0 0 0 0 0 0 0 0 0 0 0 0 0 0 0 0 0 0 0 0
66 47 28 36 22 46 30 9 25 7 23 9 42 48 46 19 9 6 0 39 6 54 35 52
0 67 61 34 11 10 28 35 70 36 15 46 66 64 17 58 8 44 14 35 21 46 56 14
67 19 66 40 26 14 50 30 6 1 41 53 63 37 59 9 13 65 67 9 7 36 27 1
23 1 53 45 71 36 17 53 13 33 36 37 59 20 20 67 22 41 17 4 42 40 20 68
0 0 0 0 0 0 0 0 0 0 0 0 0 0 0 0 0 0 0 0 0 0 0 0
0 0 0 0 0 0 0 0 0 0 0 0 0 0 0 0 0 0 0 0 0 0 0 0
71 68 43 52 38 31 64 49 69 37 47 12 28 46 65 28 30 33 63 23 52 21 62 6
24 52 26 4 60 56 13 66 45 61 18 32 50 21 43 4 12 60 14 15 15 0 70 41
9 25 19 11 61 31 55 3 46 67 3 18 46 5 3 64 4 32 61 45 48 53 54 51
7 34 19 2 23 69 44 65 16 2 13 14 31 20 71 24 31 50 59 15 9 49 46 5
0 0 0 0 0 0 0 0 0 0 0 0 0 0 0 0 0 0 0 0 0 0 0 0
0 0 0 0 0 0 0 0 0 0 0 0 0 0 0 0 0 0 0 0 0 0 0 0
48 30 36 53 54 38 65 69 28 43 12 46 50 68 20 55 9 19 65 53 9 7 4 29
11 69 70 44 39 33 10 6 63 39 10 32 49 66 18 59 55 10 41 14 70 65 70 57
50 17 46 38 70 55 30 22 24 0 16 5 41 61 58 55 4 35 9 15 29 31 35 66
60 66 18 28 59 37 32 44 21 59 16 42 33 47 14 66 47 65 70 20 6 33 50 43
0 0 0 0 0 0 0 0 0 0 0 0 0 0 0 0 0 0 0 0 0 0 0 0
0 0 0 0 0 0 0 0 0 0 0 0 0 0 0 0 0 0 0 0 0 0 0 0
49 5 6 0 42 11 51 70 66 0 8 25 7 71 56 24 46 44 48 52 53 3 10 67
13 33 18 66 28 6 0 46 49 33 55 13 29 37 49 51 40 60 43 58 31 35 27 44
37 30 33 31 25 67 46 37 42 39 44 58 60 55 36 34 15 56 33 59 18 14 41 16
3 51 67 7 42 24 11 59 13 47 68 17 58 29 34 6 13 55 4 25 32 70 28 1
0 0 0 0 0 0 0 0 0 0 0 0 0 0 0 0 0 0 0 0 0 0 0 0
0 0 0 0 0 0 0 0 0 0 0 0 0 0 0 0 0 0 0 0 0 0 0 0
62 6 50 35 69 9 56 12 40 66 56 9 20 42 54 5 44 69 45 33 34 29 17 36
42 43 49 20 13 52 17 65 31 10 59 57 40 46 33 31 20 11 9 54 60 1 60 45
52 60 15 8 31 70 10 12 52 22 7 37 21 9 58 47 3 30 60 24 59 62 53 16
18 66 52 51 53 29 22 35 20 31 9 61 13 32 4 64 33 7 59 13 0 53 44 71
0 0 0 0 0 0 0 0 0 0 0 0 0 0 0 0 0 0 0 0 0 0 0 0
0 0 0 0 0 0 0 0 0 0 0 0 0 0 0 0 0 0 0 0 0 0 0 0
13 62 70 30 60 62 44 12 11 56 23 17 7 21 8 20 58 66 11 33 14 19 2 69
49 35 35 9 1 47 18 30 71 17 65 69 57 0 44 52 42 70 10 62 13 4 24 56
6 59 37 52 22 65 49 54 19 47 34 18 61 19 49 59 50 41 51 12 48 58 50 26
21 3 70 41 52 61 69 70 43 9 17 48 32 26 6 45 60 61 27 66 32 19 61 13
0 0 0 0 0 0 0 0 0 0 0 0 0 0 0 0 0 0 0 0 0 0 0 0
0 0 0 0 0 0 0 0 0 0 0 0 0 0 0 0 0 0 0 0 0 0 0 0
8 19 28 54 61 68 66 61 50 25 24 69 19 51 19 47 3 17 36 19 54 64 1 43
42 23 36 71 44 18 26 47 56 18 5 67 41 35 51 52 36 37 13 14 9 0 33 18
34 4 31 37 60 13 3 29 54 63 20 42 12 65 11 64 56 38 38 26 27 34 6 33
20 31 56 23 49 5 17 29 24 45 61 56 10 34 53 68 22 44 5 30 24 9 13 64
0 0 0 0 0 0 0 0 0 0 0 0 0 0 0 0 0 0 0 0 0 0 0 0
0 0 0 0 0 0 0 0 0 0 0 0 0 0 0 0 0 0 0 0 0 0 0 0
23 60 47 17 16 48 4 24 36 45 23 71 35 17 15 16 36 16 30 64 31 59 45 54
63 41 24 60 8 29 18 70 5 62 4 22 42 65 16 28 21 32 9 58 50 23 16 26
12 4 56 37 53 12 9 44 18 5 52 6 2 71 16 31 16 13 61 49 22 43 48 42
21 8 20 69 68 16 53 3 14 58 23 55 2 43 55 16 0 70 67 10 65 44 8 50
0 0 0 0 0 0 0 0 0 0 0 0 0 0 0 0 0 0 0 0 0 0 0 0
0 0 0 0 0 0 0 0 0 0 0 0 0 0 0 0 0 0 0 0 0 0 0 0
42 3 6 44 32 25 50 25 43 6 20 16 8 0 64 31 54 65 59 66 45 55 51 28
6 14 28 11 60 2 49 20 68 13 37 44 62 66 45 9 68 38 49 11 3 41 8 24
64 58 10 11 17 32 21 39 51 67 51 27 64 65 60 65 53 0 17 57 26 32 12 17
20 28 63 62 44 66 58 29 62 6 69 24 40 1 47 35 10 3 47 69 4 8 59 64
0 0 0 0 0 0 0 0 0 0 0 0 0 0 0 0 0 0 0 0 0 0 0 0
0 0 0 0 0 0 0 0 0 0 0 0 0 0 0 0 0 0 0 0 0 0 0 0
52 34 19 22 42 20 61 25 18 7 26 56 24 70 49 47 47 9 33 13 3 38 52 63
12 57 54 45 5 47 48 62 64 17 51 13 66 56 29 62 51 68 39 39 34 11 1 51
4 8 13 25 55 56 27 14 2 46 14 39 0 14 68 8 49 38 30 33 40 17 26 46
62 45 55 28 55 54 62 8 58 64 70 33 29 55 33 21 51 26 41 29 10 31 46 10
0 0 0 0 0 0 0 0 0 0 0 0 0 0 0 0 0 0 0 0 0 0 0 0
0 0 0 0 0 0 0 0 0 0 0 0 0 0 0 0 0 0 0 0 0 0 0 0
35 23 43 2 19 55 41 7 8 55 36 33 28 8 57 58 13 65 0 51 4 30 51 52
69 70 61 68 69 42 46 56 45 11 3 39 48 29 9 52 62 18 20 58 56 35 53 37
57 39 2 8 38 20 67 11 55 69 17 5 47 10 9 58 12 11 64 18 46 7 61 33
67 30 28 56 28 6 52 34 6 65 4 1 66 30 22 69 57 44 61 22 0 15 23 48
0 0 0 0 0 0 0 0 0 0 0 0 0 0 0 0 0 0 0 0 0 0 0 0
0 0 0 0 0 0 0 0 0 0 0 0 0 0 0 0 0 0 0 0 0 0 0 0
28 70 10 27 26 28 67 71 25 52 61 7 66 39 15 63 24 54 0 20 64 18 40 51
18 45 59 63 69 40 48 71 15 10 66 5 41 26 58 39 24 19 45 19 62 8 12 4
8 28 32 35 18 66 45 64 13 17 53 64 13 56 64 33 26 13 22 29 17 50 46 26
47 33 57 4 48 13 17 45 63 4 67 48 47 51 20 19 61 63 18 28 40 22 66 39
0 0 0 0 0 0 0 0 0 0 0 0 0 0 0 0 0 0 0 0 0 0 0 0
0 0 0 0 0 0 0 0 0 0 0 0 0 0 0 0 0 0 0 0 0 0 0 0
31 66 51 51 22 17 19 58 62 28 47 30 63 32 59 22 48 53 44 51 38 64 6 62
20 66 36 19 42 20 44 71 49 53 28 61 32 43 45 46 69 19 16 44 71 35 37 26
0 53 48 44 27 1 28 10 6 26 70 20 25 19 55 61 32 18 42 15 7 27 38 36
65 32 69 16 39 67 18 15 30 2 56 35 35 51 48 15 55 66 25 16 22 22 28 49
0 0 0 0 0 0 0 0 0 0 0 0 0 0 0 0 0 0 0 0 0 0 0 0
0 0 0 0 0 0 0 0 0 0 0 0 0 0 0 0 0 0 0 0 0 0 0 0
0 46 6 68 27 8 9 52 40 2 49 71 48 46 35 20 50 53 12 15 62 63 56 70
60 54 55 63 17 38 6 57 5 70 58 71 1 3 58 30 15 8 27 18 17 24 69 66
55 17 62 16 49 3 0 20 1 44 52 57 65 45 45 21 35 64 61 3 12 16 38 13
13 5 69 35 16 32 4 53 9 28 15 45 30 51 9 22 58 34 62 40 7 69 31 29
0 0 0 0 0 0 0 0 0 0 0 0 0 0 0 0 0 0 0 0 0 0 0 0
0 0 0 0 0 0 0 0 0 0 0 0 0 0 0 0 0 0 0 0 0 0 0 0
48 19 10 41 0 62 48 70 55 19 13 26 13 19 25 13 3 53 19 12 63 20 31 54
7 46 50 31 23 41 8 58 26 66 3 43 64 3 36 31 49 35 56 11 4 4 67 44
66 59 70 29 9 4 13 63 26 6 60 64 21 44 70 44 18 11 45 20 19 50 14 37
30 24 35 44 16 50 22 27 67 36 51 55 43 44 20 20 45 26 40 58 3 44 4 10
0 0 0 0 0 0 0 0 0 0 0 0 0 0 0 0 0 0 0 0 0 0 0 0
0 0 0 0 0 0 0 0 0 0 0 0 0 0 0 0 0 0 0 0 0 0 0 0
59 8 30 29 27 69 5 22 14 18 36 63 41 43 24 16 9 66 50 57 53 44 50 25
30 47 60 30 55 36 64 64 61 48 64 34 5 0 58 16 12 2 18 20 55 48 46 45
17 63 9 44 64 16 51 35 49 10 64 39 29 37 20 11 16 38 18 30 8 19 10 29
8 66 1 25 41 50 10 59 59 20 59 25 54 11 39 35 40 34 6 38 4 25 68 39
0 0 0 0 0 0 0 0 0 0 0 0 0 0 0 0 0 0 0 0 0 0 0 0
0 0 0 0 0 0 0 0 0 0 0 0 0 0 0 0 0 0 0 0 0 0 0 0
59 13 11 43 3 11 63 37 56 19 31 6 13 7 32 7 49 57 31 33 69 60 17 33
16 17 29 21 4 41 14 33 2 11 17 68 35 70 59 23 3 33 17 32 36 54 22 1
7 54 45 16 65 44 39 17 34 20 58 6 31 58 46 26 19 67 13 50 61 12 24 64
26 34 1 29 41 50 33 5 64 59 46 36 5 63 6 53 1 56 61 46 44 36 40 29
0 0 0 0 0 0 0 0 0 0 0 0 0 0 0 0 0 0 0 0 0 0 0 0
0 0 0 0 0 0 0 0 0 0 0 0 0 0 0 0 0 0 0 0 0 0 0 0
25 30 29 15 22 46 1 13 71 56 65 10 67 56 41 54 58 71 1 36 15 42 8 20
10 12 23 13 68 31 25 61 40 42 53 18 28 42 54 68 67 34 54 0 32 28 31 36
32 27 18 35 69 50 32 16 42 6 44 22 42 4 61 18 68 15 14 69 9 63 0 42
7 15 58 55 51 37 47 56 6 71 30 0 38 25 57 14 30 20 18 30 54 31 37 23
0 0 0 0 0 0 0 0 0 0 0 0 0 0 0 0 0 0 0 0 0 0 0 0
0 0 0 0 0 0 0 0 0 0 0 0 0 0 0 0 0 0 0 0 0 0 0 0
62 29 52 8 66 46 46 10 4 24 7 3 0 27 26 37 17 57 56 60 3 52 53 17
41 12 9 8 7 47 54 40 58 9 17 21 63 54 8 56 45 3 41 47 1 71 17 39
42 67 19 68 20 53 6 70 66 18 37 12 39 2 71 64 7 61 16 69 56 56 27 42
7 11 5 2 9 52 21 47 57 10 55 24 6 39 49 57 33 68 57 14 42 19 57 23
0 0 0 0 0 0 0 0 0 0 0 0 0 0 0 0 0 0 0 0 0 0 0 0
0 0 0 0 0 0 0 0 0 0 0 0 0 0 0 0 0 0 0 0 0 0 0 0
66 11 54 71 51 42 17 27 32 27 7 21 62 21 32 69 40 68 63 38 39 38 64 2
26 8 65 1 48 5 10 7 19 71 22 16 22 45 13 50 6 40 9 29 45 56 41 66
50 50 4 54 43 60 7 0 41 65 18 53 40 25 70 41 60 31 54 35 38 11 14 66
26 12 30 49 5 56 13 45 66 33 12 27 62 25 3 6 40 49 17 15 71 26 71 1
0 0 0 0 0 0 0 0 0 0 0 0 0 0 0 0 0 0 0 0 0 0 0 0
0 0 0 0 0 0 0 0 0 0 0 0 0 0 0 0 0 0 0 0 0 0 0 0
50 47 52 41 16 19 41 46 38 54 30 15 4 8 38 1 20 38 46 21 8 24 64 9
44 69 71 50 7 67 38 66 58 40 45 26 57 2 21 19 20 46 12 64 28 26 66 70
21 58 63 22 15 31 61 14 67 12 35 6 24 21 60 45 11 21 2 21 40 39 47 12
43 57 41 67 3 4 28 10 66 64 45 3 31 37 60 27 15 14 66 60 16 39 66 44
0 0 0 0 0 0 0 0 0 0 0 0 0 0 0 0 0 0 0 0 0 0 0 0
0 0 0 0 0 0 0 0 0 0 0 0 0 0 0 0 0 0 0 0 0 0 0 0
53 69 12 63 28 43 46 69 48 52 43 21 10 14 66 69 18 62 29 3 7 25 58 60
67 31 60 32 36 70 21 13 47 55 0 0 47 63 35 53 68 35 31 24 7 30 38 61
3 3 68 22 39 10 31 27 58 61 65 27 24 44 50 47 23 7 12 50 49 12 20 22
56 68 60 24 9 71 31 54 5 2 50 67 16 56 41 49 8 13 49 31 28 26 59 39
0 0 0 0 0 0 0 0 0 0 0 0 0 0 0 0 0 0 0 0 0 0 0 0
0 0 0 0 0 0 0 0 0 0 0 0 0 0 0 0 0 0 0 0 0 0 0 0
62 15 30 47 34 5 61 29 14 26 19 58 42 7 40 9 45 67 33 15 1 46 13 16
19 2 58 5 33 63 22 22 69 39 6 19 22 38 54 51 14 18 59 32 66 48 53 52
34 3 36 27 60 57 7 18 66 27 9 39 29 12 30 39 29 19 20 46 1 12 14 50
63 12 29 43 24 62 33 18 28 16 4 62 40 11 58 53 48 30 35 47 5 3 71 21
0 0 0 0 0 0 0 0 0 0 0 0 0 0 0 0 0 0 0 0 0 0 0 0
0 0 0 0 0 0 0 0 0 0 0 0 0 0 0 0 0 0 0 0 0 0 0 0
64 46 15 64 1 30 14 67 38 10 8 64 3 40 36 27 12 40 35 19 53 11 39 58
37 60 63 67 58 28 40 58 5 39 17 51 12 16 9 27 55 31 5 57 38 17 56 42
45 58 43 33 11 58 44 63 7 17 3 42 21 11 67 26 33 55 10 39 29 3 61 53
41 0 13 63 31 52 4 52 27 62 38 36 27 32 32 62 25 42 8 61 15 5 32 30
0 0 0 0 0 0 0 0 0 0 0 0 0 0 0 0 0 0 0 0 0 0 0 0
0 0 0 0 0 0 0 0 0 0 0 0 0 0 0 0 0 0 0 0 0 0 0 0
29 68 25 1 39 3 30 34 58 17 68 50 27 36 37 49 47 50 26 34 67 20 68 5
32 70 51 56 61 41 27 60 70 61 41 34 67 31 58 50 69 5 26 32 56 4 31 45
27 48 56 37 35 4 16 61 45 43 61 62 26 62 69 31 6 24 16 17 59 36 38 1
62 36 65 64 35 55 11 18 65 57 2 58 61 6 47 57 55 23 0 35 0 32 48 38
0 0 0 0 0 0 0 0 0 0 0 0 0 0 0 0 0 0 0 0 0 0 0 0
0 0 0 0 0 0 0 0 0 0 0 0 0 0 0 0 0 0 0 0 0 0 0 0
59 30 56 36 0 34 13 15 18 67 25 64 64 34 20 21 52 34 49 22 46 24 8 43
45 50 11 34 23 23 68 50 20 56 3 47 38 70 27 37 56 62 51 28 50 69 48 58
8 43 8 31 34 40 4 1 39 45 25 30 9 18 53 11 20 32 33 13 52 42 7 56
1 9 30 51 49 25 34 20 24 4 56 9 32 69 67 36 25 71 54 70 69 18 35 0
0 0 0 0 0 0 0 0 0 0 0 0 0 0 0 0 0 0 0 0 0 0 0 0
0 0 0 0 0 0 0 0 0 0 0 0 0 0 0 0 0 0 0 0 0 0 0 0
63 69 53 57 62 9 51 9 12 16 46 12 56 4 68 38 15 2 47 71 51 39 62 16
6 17 25 50 45 7 3 16 4 10 45 33 21 7 58 27 52 2 60 69 22 47 33 25
24 70 20 58 61 45 66 37 19 71 37 34 20 35 31 55 37 26 46 61 27 1 13 32
48 7 21 60 68 42 42 63 13 32 71 33 38 6 40 68 15 30 29 8 47 8 60 13
0 0 0 0 0 0 0 0 0 0 0 0 0 0 0 0 0 0 0 0 0 0 0 0
0 0 0 0 0 0 0 0 0 0 0 0 0 0 0 0 0 0 0 0 0 0 0 0
17 13 54 71 53 51 27 37 17 13 56 71 34 70 70 55 48 58 23 32 36 60 54 18
48 59 31 23 0 15 33 3 67 47 29 14 18 21 50 37 61 47 6 18 37 45 58 53
66 53 8 67 18 21 70 4 59 30 39 8 9 55 22 17 41 46 37 20 38 46 26 48
7 50 68 2 52 48 1 64 38 48 46 49 60 57 53 9 52 18 56 53 44 20 34 57
0 0 0 0 0 0 0 0 0 0 0 0 0 0 0 0 0 0 0 0 0 0 0 0
0 0 0 0 0 0 0 0 0 0 0 0 0 0 0 0 0 0 0 0 0 0 0 0
44 47 70 71 27 22 24 34 40 71 61 10 3 55 59 59 11 23 5 33 21 39 2 63
1 39 42 62 31 64 44 58 8 40 58 22 66 57 71 3 41 10 19 45 70 14 31 26
70 15 14 49 65 16 55 11 49 13 67 71 65 25 17 10 56 36 28 11 19 41 59 50
69 33 1 60 37 55 45 7 36 21 3 70 56 19 21 25 61 61 63 28 23 56 23 7
0 0 0 0 0 0 0 0 0 0 0 0 0 0 0 0 0 0 0 0 0 0 0 0
0 0 0 0 0 0 0 0 0 0 0 0 0 0 0 0 0 0 0 0 0 0 0 0
9 25 13 7 69 34 69 52 31 30 11 11 65 0 50 68 21 4 49 42 35 55 34 68
46 50 52 29 43 71 67 47 0 35 63 54 34 63 55 29 69 20 43 58 25 6 20 59
27 40 69 30 3 65 28 7 37 35 31 46 2 0 26 4 40 5 28 9 35 68 52 9
5 51 7 6 2 8 68 17 70 17 67 18 24 17 45 45 49 28 58 57 65 1 8 33
0 0 0 0 0 0 0 0 0 0 0 0 0 0 0 0 0 0 0 0 0 0 0 0
0 0 0 0 0 0 0 0 0 0 0 0 0 0 0 0 0 0 0 0 0 0 0 0
41 19 26 13 52 35 6 57 39 40 14 35 41 65 40 48 5 30 65 15 3 19 9 43
25 51 49 53 46 9 12 62 27 64 68 69 42 52 45 66 51 15 68 3 29 33 47 26
13 68 17 27 60 17 16 2 35 12 50 49 29 22 47 51 9 53 45 25 58 51 25 19
19 53 51 41 4 4 7 8 25 13 25 20 45 41 0 41 59 58 29 67 7 67 2 50
0 0 0 0 0 0 0 0 0 0 0 0 0 0 0 0 0 0 0 0 0 0 0 0
0 0 0 0 0 0 0 0 0 0 0 0 0 0 0 0 0 0 0 0 0 0 0 0
29 31 32 43 57 45 37 46 23 6 9 64 48 29 23 41 27 8 58 20 51 67 53 35
60 67 71 35 29 0 2 41 49 26 13 62 7 58 35 9 28 27 64 67 35 47 35 13
39 41 67 45 13 9 36 37 10 28 0 32 51 13 0 28 56 37 15 46 5 30 68 48
41 65 52 51 12 17 37 68 54 16 12 60 14 9 1 28 33 70 51 34 8 63 15 31
0 0 0 0 0 0 0 0 0 0 0 0 0 0 0 0 0 0 0 0 0 0 0 0
0 0 0 0 0 0 0 0 0 0 0 0 0 0 0 0 0 0 0 0 0 0 0 0
10 10 64 26 59 22 1 17 9 46 6 70 56 0 15 29 17 15 59 70 56 5 22 30
53 10 58 62 11 70 41 32 60 37 5 51 36 58 30 3 25 29 37 19 53 52 3 1
28 19 54 6 26 25 41 17 57 51 49 10 44 26 48 64 70 68 3 71 69 59 10 57
16 24 18 65 41 35 36 40 29 60 37 41 69 38 16 68 31 55 30 59 45 23 32 60
0 0 0 0 0 0 0 0 0 0 0 0 0 0 0 0 0 0 0 0 0 0 0 0
0 0 0 0 0 0 0 0 0 0 0 0 0 0 0 0 0 0 0 0 0 0 0 0
62 16 16 4 42 6 66 63 45 35 62 2 21 63 10 44 42 36 48 58 27 67 39 60
45 70 43 22 30 7 64 70 52 15 60 47 17 46 60 42 31 1 32 60 53 25 55 27
31 28 70 26 57 64 20 46 18 6 4 64 53 23 26 7 12 54 51 25 19 33 58 25
1 9 7 62 67 70 43 10 41 1 53 21 55 47 45 11 55 51 35 17 6 41 48 18
0 0 0 0 0 0 0 0 0 0 0 0 0 0 0 0 0 0 0 0 0 0 0 0
0 0 0 0 0 0 0 0 0 0 0 0 0 0 0 0 0 0 0 0 0 0 0 0
41 1 47 60 67 28 51 2 60 42 47 24 29 54 41 26 0 10 27 12 69 54 39 53
19 48 29 4 45 68 63 31 37 9 39 37 65 56 32 29 51 19 56 9 51 66 61 16
69 26 37 37 10 4 58 45 12 32 15 3 70 37 47 43 40 58 35 42 48 15 17 4
40 4 5 38 5 11 58 64 13 48 3 14 26 54 42 2 0 6 23 66 30 35 55 4
0 0 0 0 0 0 0 0 0 0 0 0 0 0 0 0 0 0 0 0 0 0 0 0
0 0 0 0 0 0 0 0 0 0 0 0 0 0 0 0 0 0 0 0 0 0 0 0
22 51 61 56 56 12 22 45 2 1 59 21 19 41 9 36 66 69 29 70 55 31 58 29
31 31 48 5 41 55 50 40 5 13 46 22 56 28 4 21 37 54 17 42 26 43 62 69
14 1 9 53 8 9 24 43 13 2 9 56 6 42 46 42 9 27 28 44 41 16 27 23
58 63 49 28 39 58 2 35 8 44 24 26 26 34 70 47 23 57 1 27 40 50 10 29
0 0 0 0 0 0 0 0 0 0 0 0 0 0 0 0 0 0 0 0 0 0 0 0
0 0 0 0 0 0 0 0 0 0 0 0 0 0 0 0 0 0 0 0 0 0 0 0
56 57 40 39 15 17 52 69 8 19 29 9 30 59 34 38 42 43 64 68 46 40 48 40
41 46 19 57 7 39 23 27 29 31 1 33 48 42 11 21 25 42 12 60 57 28 34 1
3 38 9 52 63 55 70 42 58 20 59 6 50 69 6 46 22 31 60 36 0 70 38 11
5 59 42 4 31 43 14 40 65 18 4 30 4 9 60 45 47 3 37 71 36 55 39 11
0 0 0 0 0 0 0 0 0 0 0 0 0 0 0 0 0 0 0 0 0 0 0 0
0 0 0 0 0 0 0 0 0 0 0 0 0 0 0 0 0 0 0 0 0 0 0 0
39 26 33 35 70 7 52 32 69 3 69 66 51 20 64 2 62 22 37 46 44 66 30 63
12 65 58 28 18 58 51 41 16 35 29 45 3 34 26 8 9 68 1 48 55 63 70 41
25 9 14 20 51 64 1 7 53 4 17 22 42 48 65 17 53 46 58 37 3 67 63 46
33 30 51 33 41 7 20 50 18 25 29 30 31 17 71 54 9 50 61 4 11 56 32 19
0 0 0 0 0 0 0 0 0 0 0 0 0 0 0 0 0 0 0 0 0 0 0 0
0 0 0 0 0 0 0 0 0 0 0 0 0 0 0 0 0 0 0 0 0 0 0 0
40 45 32 37 13 41 25 1 22 64 19 4 2 2 49 43 9 25 57 71 36 57 34 28
2 39 18 37 48 31 56 16 69 14 47 62 59 63 0 13 39 36 66 28 13 25 12 9
58 18 55 10 1 10 39 28 71 33 42 50 52 47 41 32 0 18 63 63 2 33 45 9
25 9 44 33 31 59 1 26 30 67 8 48 40 21 40 70 30 39 49 16 60 39 53 28
0 0 0 0 0 0 0 0 0 0 0 0 0 0 0 0 0 0 0 0 0 0 0 0
0 0 0 0 0 0 0 0 0 0 0 0 0 0 0 0 0 0 0 0 0 0 0 0
63 64 10 33 57 9 21 69 71 14 36 24 40 51 52 38 70 71 55 36 24 14 15 21
54 43 51 47 15 39 53 39 59 60 19 11 55 32 24 14 39 7 63 46 47 13 61 57
2 65 1 38 67 9 71 59 68 57 57 22 32 6 35 5 25 31 38 71 16 2 22 13
31 10 63 63 66 13 15 10 33 17 47 62 48 40 50 40 45 55 0 16 68 0 10 26
0 0 0 0 0 0 0 0 0 0 0 0 0 0 0 0 0 0 0 0 0 0 0 0
0 0 0 0 0 0 0 0 0 0 0 0 0 0 0 0 0 0 0 0 0 0 0 0
32 38 63 14 40 16 40 67 62 14 2 16 67 44 29 53 63 0 35 67 11 49 64 60
54 46 0 2 42 62 29 38 63 55 67 58 42 28 16 14 53 46 48 52 17 19 66 31
59 59 47 40 25 29 39 27 5 32 68 45 3 55 46 19 6 13 19 47 46 12 5 24
60 36 48 61 71 6 8 14 27 29 15 67 60 27 2 21 42 46 54 67 17 58 35 31
0 0 0 0 0 0 0 0 0 0 0 0 0 0 0 0 0 0 0 0 0 0 0 0
0 0 0 0 0 0 0 0 0 0 0 0 0 0 0 0 0 0 0 0 0 0 0 0
46 53 57 45 29 47 58 60 32 43 53 27 44 29 11 24 16 43 48 21 43 65 31 55
50 5 37 38 18 46 9 30 47 70 6 25 18 61 50 3 18 37 35 17 14 0 50 36
15 14 24 10 39 31 12 63 10 49 66 54 30 3 43 37 66 31 63 7 16 24 20 49
41 69 47 20 22 6 17 12 65 55 42 16 14 4 49 49 34 32 46 14 52 35 67 42
0 0 0 0 0 0 0 0 0 0 0 0 0 0 0 0 0 0 0 0 0 0 0 0
0 0 0 0 0 0 0 0 0 0 0 0 0 0 0 0 0 0 0 0 0 0 0 0
32 25 15 28 38 20 69 54 71 9 36 59 13 6 20 21 36 21 71 64 48 18 56 42
25 27 32 50 44 21 66 40 47 54 6 53 25 49 30 29 40 43 64 25 18 29 60 9
64 17 21 57 10 36 47 61 3 4 15 29 32 25 61 10 54 5 55 61 35 58 54 8
30 44 15 60 24 3 35 27 28 54 11 43 63 24 5 12 29 55 46 57 3 54 17 9
0 0 0 0 0 0 0 0 0 0 0 0 0 0 0 0 0 0 0 0 0 0 0 0
0 0 0 0 0 0 0 0 0 0 0 0 0 0 0 0 0 0 0 0 0 0 0 0
59 42 66 63 69 48 50 62 70 48 38 9 60 54 69 25 33 44 32 10 1 36 69 63
32 56 62 70 26 4 40 1 35 35 4 60 27 51 35 63 32 22 63 9 13 67 7 16
12 10 55 38 0 48 53 41 26 60 69 51 41 31 56 57 60 18 67 33 5 43 55 7
67 5 48 16 26 8 20 40 10 13 31 44 7 58 48 36 56 57 63 45 66 22 8 56
0 0 0 0 0 0 0 0 0 0 0 0 0 0 0 0 0 0 0 0 0 0 0 0
0 0 0 0 0 0 0 0 0 0 0 0 0 0 0 0 0 0 0 0 0 0 0 0
57 49 21 32 44 33 8 67 19 70 63 14 46 50 67 48 29 18 22 55 16 50 35 63
23 48 23 3 2 14 34 16 67 2 5 66 8 50 25 33 41 17 9 27 64 62 43 22
60 2 71 34 23 11 32 23 35 60 59 61 64 8 6 54 37 58 21 57 58 51 58 47
51 32 9 61 11 8 63 58 63 36 51 50 24 32 28 17 60 67 26 53 46 44 40 44
0 0 0 0 0 0 0 0 0 0 0 0 0 0 0 0 0 0 0 0 0 0 0 0
0 0 0 0 0 0 0 0 0 0 0 0 0 0 0 0 0 0 0 0 0 0 0 0
61 31 16 27 31 39 26 45 20 33 60 13 17 62 69 6 18 14 60 51 27 44 0 30
42 65 42 66 16 71 33 20 26 53 31 42 2 67 22 7 1 31 19 44 44 70 60 14
58 61 50 56 71 62 50 70 35 59 23 15 7 43 46 51 26 56 49 66 68 48 15 33
64 49 64 6 25 60 71 68 49 15 6 12 3 68 34 52 53 51 4 51 25 68 46 26
0 0 0 0 0 0 0 0 0 0 0 0 0 0 0 0 0 0 0 0 0 0 0 0
0 0 0 0 0 0 0 0 0 0 0 0 0 0 0 0 0 0 0 0 0 0 0 0
30 61 11 37 37 68 63 40 36 3 17 20 43 65 56 1 70 5 64 57 51 9 30 38
70 7 71 44 30 62 24 48 6 21 33 62 44 8 17 42 71 44 7 44 50 62 62 25
41 60 16 33 57 12 43 56 43 32 34 45 64 43 46 31 20 62 51 20 66 17 5 39
16 20 1 11 64 60 53 66 22 68 51 70 37 29 69 7 6 70 40 38 71 70 61 12
0 0 0 0 0 0 0 0 0 0 0 0 0 0 0 0 0 0 0 0 0 0 0 0
0 0 0 0 0 0 0 0 0 0 0 0 0 0 0 0 0 0 0 0 0 0 0 0
25 51 10 22 38 51 47 62 26 11 15 18 23 31 48 43 11 62 11 57 37 52 65 50
64 17 34 35 70 11 13 25 13 20 47 20 23 53 58 31 26 39 38 45 34 7 64 23
5 60 69 45 54 31 63 30 43 51 15 30 34 6 30 56 53 52 34 69 39 48 0 35
22 67 57 50 65 21 47 61 0 26 65 45 18 13 48 37 59 10 22 19 17 0 44 53
0 0 0 0 0 0 0 0 0 0 0 0 0 0 0 0 0 0 0 0 0 0 0 0
0 0 0 0 0 0 0 0 0 0 0 0 0 0 0 0 0 0 0 0 0 0 0 0
8 70 29 29 22 71 30 67 48 4 29 54 32 7 34 37 70 51 30 55 41 2 16 50
60 56 15 51 51 8 49 56 36 21 38 54 63 2 15 6 26 33 18 32 50 13 31 12
8 56 47 13 59 5 37 47 18 43 58 50 52 37 29 40 52 1 37 9 20 67 21 2
48 2 22 18 12 29 41 20 47 30 63 27 49 40 14 16 11 33 46 10 51 10 26 3
0 0 0 0 0 0 0 0 0 0 0 0 0 0 0 0 0 0 0 0 0 0 0 0
0 0 0 0 0 0 0 0 0 0 0 0 0 0 0 0 0 0 0 0 0 0 0 0
29 20 71 49 16 41 63 26 12 44 13 66 48 13 33 11 60 1 66 53 66 57 20 46
3 3 10 63 0 42 10 11 24 47 34 52 6 67 44 41 7 58 2 14 65 45 34 54
43 30 44 9 54 54 48 34 21 53 53 35 47 20 66 3 31 0 8 56 4 2 41 12
67 37 46 39 6 60 10 39 29 10 65 7 5 12 10 30 66 20 41 18 46 50 24 17
0 0 0 0 0 0 0 0 0 0 0 0 0 0 0 0 0 0 0 0 0 0 0 0
0 0 0 0 0 0 0 0 0 0 0 0 0 0 0 0 0 0 0 0 0 0 0 0
27 56 21 4 19 20 6 62 37 30 19 48 43 38 49 47 60 26 67 52 8 34 15 44
58 67 66 38 19 37 19 6 71 65 60 68 37 55 53 46 8 41 3 36 10 10 59 64
36 23 53 49 16 1 68 2 32 39 46 25 63 30 32 12 48 16 27 1 30 57 0 42
20 17 15 36 46 35 35 28 43 62 46 49 27 26 15 69 36 57 14 52 66 66 8 26
0 0 0 0 0 0 0 0 0 0 0 0 0 0 0 0 0 0 0 0 0 0 0 0
0 0 0 0 0 0 0 0 0 0 0 0 0 0 0 0 0 0 0 0 0 0 0 0
53 0 35 55 51 2 42 52 57 58 26 46 29 26 17 38 54 48 3 13 6 13 12 16
9 5 23 56 37 9 64 53 67 39 47 4 4 61 27 17 63 26 67 57 63 42 13 19
58 49 62 7 55 16 64 69 1 30 25 30 59 43 26 7 50 9 24 62 14 31 9 56
11 52 54 57 37 32 18 71 55 42 50 66 14 5 71 33 45 43 51 39 46 0 64 26
0 0 0 0 0 0 0 0 0 0 0 0 0 0 0 0 0 0 0 0 0 0 0 0
0 0 0 0 0 0 0 0 0 0 0 0 0 0 0 0 0 0 0 0 0 0 0 0
35 69 33 47 36 19 33 38 7 57 3 15 20 63 51 31 25 58 11 64 23 48 53 71
65 55 59 70 55 30 46 38 54 29 3 39 41 36 37 12 11 1 46 10 30 38 26 49
18 10 11 8 15 58 44 7 52 15 13 28 19 3 56 66 54 57 17 5 48 70 25 7
0 53 23 55 29 3 43 39 52 54 58 47 65 40 56 10 10 25 9 52 32 61 63 11
0 0 0 0 0 0 0 0 0 0 0 0 0 0 0 0 0 0 0 0 0 0 0 0
0 0 0 0 0 0 0 0 0 0 0 0 0 0 0 0 0 0 0 0 0 0 0 0
41 15 60 1 36 1 11 35 7 59 11 6 22 34 26 30 10 20 15 0 51 39 37 35
37 13 63 14 40 43 50 17 39 60 52 8 59 41 2 20 11 51 64 0 64 18 39 23
34 20 29 70 34 25 45 49 35 58 5 67 12 24 44 30 6 43 4 45 45 3 65 10
37 64 30 23 20 42 6 65 6 29 39 39 9 9 61 46 45 20 16 59 58 14 48 53
0 0 0 0 0 0 0 0 0 0 0 0 0 0 0 0 0 0 0 0 0 0 0 0
0 0 0 0 0 0 0 0 0 0 0 0 0 0 0 0 0 0 0 0 0 0 0 0
66 38 50 39 42 35 2 2 66 16 13 45 37 1 4 15 68 27 70 42 0 53 43 32
33 37 71 67 70 48 14 36 14 7 43 0 31 56 70 43 27 66 38 49 71 14 40 9
71 63 68 15 44 47 39 32 20 18 43 30 46 58 58 52 46 58 52 34 68 8 11 53
50 17 3 14 34 18 38 15 9 35 25 16 16 24 7 11 43 58 52 5 71 24 0 45
0 0 0 0 0 0 0 0 0 0 0 0 0 0 0 0 0 0 0 0 0 0 0 0
0 0 0 0 0 0 0 0 0 0 0 0 0 0 0 0 0 0 0 0 0 0 0 0
2 61 61 66 42 36 28 65 38 30 31 69 35 6 25 3 50 19 3 63 50 8 35 24
64 60 3 47 57 64 16 19 46 42 25 57 29 7 39 66 69 30 10 9 34 48 59 22
19 2 54 11 42 59 49 30 42 48 40 36 56 38 18 13 70 49 60 58 35 27 69 55
26 2 26 39 45 70 70 7 52 2 57 30 27 8 20 12 33 66 35 26 49 4 49 19
0 0 0 0 0 0 0 0 0 0 0 0 0 0 0 0 0 0 0 0 0 0 0 0
0 0 0 0 0 0 0 0 0 0 0 0 0 0 0 0 0 0 0 0 0 0 0 0
5 3 54 70 2 11 64 66 7 31 21 66 20 27 35 33 14 8 10 13 36 2 50 64
23 54 17 11 36 36 17 60 10 5 30 31 35 69 55 44 11 39 25 24 7 25 53 53
31 17 26 28 64 66 45 33 27 57 48 35 27 65 33 11 4 56 16 21 10 70 57 25
68 6 17 42 13 16 71 8 43 61 18 2 60 61 12 54 5 65 66 4 50 24 3 65
0 0 0 0 0 0 0 0 0 0 0 0 0 0 0 0 0 0 0 0 0 0 0 0
0 0 0 0 0 0 0 0 0 0 0 0 0 0 0 0 0 0 0 0 0 0 0 0
23 61 42 43 69 27 31 62 14 35 10 66 39 29 69 40 25 50 2 70 50 66 12 9
65 48 23 14 16 4 14 3 39 60 47 65 31 0 13 7 46 7 69 50 40 40 40 5
5 58 61 30 59 66 9 19 62 14 26 51 15 21 44 3 18 62 12 37 45 51 8 8
15 59 44 44 32 57 55 44 26 33 36 10 57 11 31 33 11 28 70 18 28 3 61 68
0 0 0 0 0 0 0 0 0 0 0 0 0 0 0 0 0 0 0 0 0 0 0 0
0 0 0 0 0 0 0 0 0 0 0 0 0 0 0 0 0 0 0 0 0 0 0 0
51 15 48 53 8 42 69 65 27 62 25 20 33 67 63 15 66 0 6 25 32 64 3 65
29 55 71 6 27 6 66 62 18 67 37 34 62 47 50 46 62 20 31 21 43 7 34 9
11 31 17 8 6 4 64 43 51 35 43 35 28 7 0 15 2 54 9 44 69 2 69 17
63 59 34 11 59 27 56 65 15 44 54 28 50 29 51 22 36 47 61 59 67 16 15 34
0 0 0 0 0 0 0 0 0 0 0 0 0 0 0 0 0 0 0 0 0 0 0 0
0 0 0 0 0 0 0 0 0 0 0 0 0 0 0 0 0 0 0 0 0 0 0 0
5 37 15 44 71 14 58 67 37 49 30 48 22 47 19 13 25 3 68 36 45 25 9 5
20 23 53 24 11 4 13 3 20 68 31 61 51 43 54 46 43 35 59 51 35 7 1 0
14 34 34 9 71 19 66 54 12 15 10 21 5 68 58 40 25 53 25 51 11 15 55 51
20 71 29 65 46 41 52 15 31 0 60 68 61 69 60 71 15 23 2 12 58 33 63 69
0 0 0 0 0 0 0 0 0 0 0 0 0 0 0 0 0 0 0 0 0 0 0 0
0 0 0 0 0 0 0 0 0 0 0 0 0 0 0 0 0 0 0 0 0 0 0 0
38 69 43 49 20 26 5 59 43 19 54 56 35 29 46 40 63 27 62 7 25 12 56 13
12 32 31 55 60 27 56 22 24 7 14 11 14 5 62 8 15 39 36 70 41 70 13 12
3 68 8 13 11 15 47 14 0 14 19 58 32 47 47 64 26 43 31 18 46 1 17 2
71 16 42 53 28 7 20 14 41 19 42 20 25 46 22 43 62 13 63 57 19 37 63 39
0 0 0 0 0 0 0 0 0 0 0 0 0 0 0 0 0 0 0 0 0 0 0 0
0 0 0 0 0 0 0 0 0 0 0 0 0 0 0 0 0 0 0 0 0 0 0 0
36 43 71 26 60 62 60 21 32 50 6 13 32 16 21 42 34 41 65 40 13 54 1 63
66 55 48 1 56 27 42 57 35 34 37 22 67 33 66 59 52 59 50 8 12 55 44 65
6 21 4 17 57 15 52 7 10 19 3 32 53 5 30 25 12 71 52 13 15 39 5 23
59 2 7 69 68 1 14 58 40 56 69 23 39 38 70 21 63 18 45 57 21 61 0 7
0 0 0 0 0 0 0 0 0 0 0 0 0 0 0 0 0 0 0 0 0 0 0 0
0 0 0 0 0 0 0 0 0 0 0 0 0 0 0 0 0 0 0 0 0 0 0 0
13 48 60 40 49 55 41 18 46 21 34 71 38 60 23 54 62 71 51 1 14 12 70 26
5 41 60 53 20 56 57 52 30 61 63 70 62 61 26 50 25 1 68 29 46 30 25 23
4 70 69 19 52 66 55 65 42 9 0 56 65 39 56 19 61 34 70 11 47 56 36 3
39 48 51 50 12 69 42 54 1 49 0 35 29 58 52 46 54 60 53 42 59 45 7 23
0 0 0 0 0 0 0 0 0 0 0 0 0 0 0 0 0 0 0 0 0 0 0 0
0 0 0 0 0 0 0 0 0 0 0 0 0 0 0 0 0 0 0 0 0 0 0 0
32 46 58 40 15 65 17 7 57 24 6 41 0 8 52 59 30 39 42 5 58 35 28 2
65 62 3 61 63 60 44 41 35 35 68 13 16 4 59 33 10 65 46 21 23 19 28 2
4 42 57 26 18 32 33 61 8 4 57 16 14 71 21 46 47 45 14 23 13 50 3 31
7 41 37 60 65 63 70 48 65 36 58 21 65 43 40 54 42 33 16 23 50 32 40 63
0 0 0 0 0 0 0 0 0 0 0 0 0 0 0 0 0 0 0 0 0 0 0 0
0 0 0 0 0 0 0 0 0 0 0 0 0 0 0 0 0 0 0 0 0 0 0 0
38 41 59 9 4 29 14 57 46 21 22 62 15 35 33 51 5 21 69 40 10 36 35 70
28 63 71 52 20 37 32 14 38 64 51 29 57 71 59 38 36 15 35 20 14 25 40 37
3 23 45 4 37 70 65 20 27 30 52 4 55 56 68 41 33 53 70 5 12 47 18 8
30 34 62 8 23 66 5 36 31 34 19 58 63 54 45 47 7 22 61 29 45 71 43 5
0 0 0 0 0 0 0 0 0 0 0 0 0 0 0 0 0 0 0 0 0 0 0 0
0 0 0 0 0 0 0 0 0 0 0 0 0 0 0 0 0 0 0 0 0 0 0 0
60 64 11 19 41 3 71 44 12 69 54 22 60 30 27 26 28 27 55 18 33 7 10 11
65 69 49 27 43 7 17 46 67 67 0 68 64 60 56 60 68 59 51 63 16 28 23 51
69 2 16 62 31 15 43 50 69 51 14 52 37 26 15 13 39 23 57 37 39 71 0 53
69 44 30 62 55 28 54 31 18 55 22 70 25 17 1 45 28 21 58 63 35 52 33 34
0 0 0 0 0 0 0 0 0 0 0 0 0 0 0 0 0 0 0 0 0 0 0 0
0 0 0 0 0 0 0 0 0 0 0 0 0 0 0 0 0 0 0 0 0 0 0 0
66 24 54 24 50 68 63 5 6 16 16 55 2 0 22 23 44 57 41 50 19 54 41 68
2 43 42 42 53 3 56 41 4 18 35 64 31 51 14 56 28 45 64 15 51 56 32 14
71 49 69 49 70 52 29 34 62 46 21 59 36 39 20 24 58 2 56 8 2 54 51 51
24 1 11 23 40 60 56 6 50 62 43 15 7 51 7 9 20 18 34 38 61 42 39 43
0 0 0 0 0 0 0 0 0 0 0 0 0 0 0 0 0 0 0 0 0 0 0 0
0 0 0 0 0 0 0 0 0 0 0 0 0 0 0 0 0 0 0 0 0 0 0 0
55 29 66 30 59 42 63 11 15 2 37 69 46 57 15 54 43 70 30 50 16 42 30 39
19 2 10 62 47 36 2 56 44 31 27 1 30 39 41 63 43 39 31 7 21 69 13 29
26 18 50 48 27 23 20 61 67 34 68 2 34 23 0 35 25 18 62 57 68 52 43 7
69 44 32 11 40 51 53 57 44 12 63 41 58 33 60 17 11 19 24 31 26 4 43 15
0 0 0 0 0 0 0 0 0 0 0 0 0 0 0 0 0 0 0 0 0 0 0 0
0 0 0 0 0 0 0 0 0 0 0 0 0 0 0 0 0 0 0 0 0 0 0 0
33 4 45 30 36 0 36 62 30 52 49 41 9 51 1 22 42 42 35 54 56 3 28 33
38 15 61 47 43 56 53 40 50 7 52 30 15 10 65 63 46 34 62 56 37 68 31 23
62 40 70 16 5 63 16 53 29 60 22 34 20 36 57 16 44 15 0 66 17 65 58 70
56 43 46 46 25 63 58 62 47 33 50 4 53 2 4 54 4 47 28 53 10 7 6 11
0 0 0 0 0 0 0 0 0 0 0 0 0 0 0 0 0 0 0 0 0 0 0 0
0 0 0 0 0 0 0 0 0 0 0 0 0 0 0 0 0 0 0 0 0 0 0 0
18 21 28 47 18 15 63 58 6 35 13 12 47 14 13 23 15 33 66 61 30 16 62 2
9 26 29 40 47 0 11 56 44 17 42 51 38 32 21 34 54 1 12 16 63 2 36 63
6 49 19 42 31 35 12 69 69 28 58 63 53 14 43 61 48 4 47 18 22 24 9 46
53 49 29 51 64 28 46 38 39 48 49 14 19 33 22 55 64 23 5 53 1 56 5 34
0 0 0 0 0 0 0 0 0 0 0 0 0 0 0 0 0 0 0 0 0 0 0 0
0 0 0 0 0 0 0 0 0 0 0 0 0 0 0 0 0 0 0 0 0 0 0 0
56 67 54 1 61 13 3 62 40 6 63 6 51 38 24 35 64 62 9 26 56 64 38 15
5 10 55 39 69 38 32 1 12 66 33 3 58 69 25 50 50 0 52 26 32 10 6 53
23 23 41 39 45 18 4 22 10 57 64 67 42 15 2 19 48 69 62 21 47 34 63 21
53 11 66 56 65 62 43 11 48 46 64 50 69 31 28 21 37 11 14 29 49 68 20 54
0 0 0 0 0 0 0 0 0 0 0 0 0 0 0 0 0 0 0 0 0 0 0 0
0 0 0 0 0 0 0 0 0 0 0 0 0 0 0 0 0 0 0 0 0 0 0 0
56 60 46 8 12 71 66 44 39 12 18 8 27 48 52 11 47 0 21 39 53 53 61 6
22 30 68 9 58 50 53 38 6 29 8 62 4 53 61 22 47 8 6 69 65 57 13 28
69 39 42 34 29 59 22 34 31 41 66 37 12 62 26 57 46 29 28 53 57 30 26 61
4 0 18 11 16 3 44 47 70 11 66 41 53 26 19 39 58 11 53 10 28 15 3 62
0 0 0 0 0 0 0 0 0 0 0 0 0 0 0 0 0 0 0 0 0 0 0 0
0 0 0 0 0 0 0 0 0 0 0 0 0 0 0 0 0 0 0 0 0 0 0 0
47 58 57 58 53 43 3 54 58 23 69 64 46 45 15 60 7 35 64 61 39 46 20 63
55 51 69 51 39 6 6 31 20 12 49 37 49 54 68 12 70 37 35 7 41 41 51 39
61 27 64 6 9 50 52 66 3 53 58 3 44 60 19 20 60 43 16 53 53 25 67 14
18 60 28 71 10 36 14 69 58 9 8 64 57 69 2 23 30 22 11 53 11 18 66 59
0 0 0 0 0 0 0 0 0 0 0 0 0 0 0 0 0 0 0 0 0 0 0 0
0 0 0 0 0 0 0 0 0 0 0 0 0 0 0 0 0 0 0 0 0 0 0 0
69 3 32 59 26 15 49 71 29 65 19 6 47 65 33 11 51 3 2 71 62 37 45 28
26 28 69 61 29 43 17 37 7 63 27 9 67 58 16 28 48 17 59 22 26 18 16 37
55 23 9 10 32 16 24 34 7 51 63 60 30 56 16 29 45 18 19 13 1 22 22 45
46 42 14 6 38 68 66 51 29 8 18 18 59 62 15 60 53 55 64 40 16 59 9 40
0 0 0 0 0 0 0 0 0 0 0 0 0 0 0 0 0 0 0 0 0 0 0 0
0 0 0 0 0 0 0 0 0 0 0 0 0 0 0 0 0 0 0 0 0 0 0 0
67 1 68 54 41 34 1 22 62 59 65 64 2 10 44 14 14 32 32 66 62 25 22 3
54 23 35 46 50 31 54 22 18 31 17 50 38 8 60 0 44 37 12 56 34 4 2 42
30 54 8 49 39 63 35 39 71 47 69 65 29 26 67 13 26 33 10 50 59 36 68 6
4 70 71 25 50 2 37 16 71 61 35 49 33 23 63 19 58 58 56 46 9 64 2 18
0 0 0 0 0 0 0 0 0 0 0 0 0 0 0 0 0 0 0 0 0 0 0 0
0 0 0 0 0 0 0 0 0 0 0 0 0 0 0 0 0 0 0 0 0 0 0 0
57 39 48 53 33 44 61 6 65 21 23 17 24 62 47 18 25 12 68 35 0 58 61 61
37 67 63 13 54 0 7 43 31 62 34 29 54 67 7 44 36 6 9 70 42 66 70 3
24 52 23 6 20 23 57 68 46 13 50 25 39 53 50 4 10 42 61 4 23 15 65 27
8 43 58 29 12 7 39 2 60 17 56 30 22 38 44 56 3 44 9 24 58 38 40 41
0 0 0 0 0 0 0 0 0 0 0 0 0 0 0 0 0 0 0 0 0 0 0 0
0 0 0 0 0 0 0 0 0 0 0 0 0 0 0 0 0 0 0 0 0 0 0 0
51 48 10 56 52 18 42 35 5 4 59 32 27 12 8 7 0 36 43 54 3 51 5 70
31 42 38 58 66 7 34 33 28 32 16 51 8 40 39 64 70 46 58 35 69 32 68 27
8 37 0 59 23 23 64 37 40 33 32 28 68 1 33 70 41 1 38 43 62 14 63 70
47 52 47 34 35 41 67 27 22 46 2 26 20 0 1 27 35 25 2 13 56 30 66 45
0 0 0 0 0 0 0 0 0 0 0 0 0 0 0 0 0 0 0 0 0 0 0 0
0 0 0 0 0 0 0 0 0 0 0 0 0 0 0 0 0 0 0 0 0 0 0 0
60 36 9 65 41 21 46 60 52 9 57 63 6 2 20 66 54 17 59 17 45 63 27 43
6 33 41 1 40 56 23 31 67 50 39 18 33 17 16 52 12 22 22 52 49 39 5 14
58 6 68 34 22 19 71 24 6 1 56 12 41 29 44 60 13 63 19 4 7 59 23 65
29 19 24 18 28 29 30 20 66 6 20 4 64 56 56 56 48 27 54 68 32 6 54 62
0 0 0 0 0 0 0 0 0 0 0 0 0 0 0 0 0 0 0 0 0 0 0 0
0 0 0 0 0 0 0 0 0 0 0 0 0 0 0 0 0 0 0 0 0 0 0 0
10 67 49 32 0 9 45 63 15 71 2 28 8 52 52 39 40 22 67 44 35 18 35 69
25 4 56 46 50 51 49 39 64 43 52 56 42 56 10 10 35 11 2 2 7 65 54 19
52 44 60 30 51 55 50 65 64 57 40 2 63 48 39 55 51 70 3 50 29 53 20 7
64 5 35 4 58 58 58 23 21 66 29 12 70 25 24 37 25 10 42 27 33 18 11 27
0 0 0 0 0 0 0 0 0 0 0 0 0 0 0 0 0 0 0 0 0 0 0 0
0 0 0 0 0 0 0 0 0 0 0 0 0 0 0 0 0 0 0 0 0 0 0 0
29 12 23 45 30 30 19 12 14 54 13 59 66 39 25 15 32 11 14 4 33 56 53 30
64 33 31 17 31 53 28 67 24 38 51 33 42 20 25 52 21 5 12 34 42 67 16 56
22 28 22 12 39 71 53 26 54 36 61 2 51 70 30 39 15 54 71 15 67 60 37 61
55 1 41 28 17 18 43 61 27 54 6 21 60 48 46 21 5 19 19 28 9 13 68 14
0 0 0 0 0 0 0 0 0 0 0 0 0 0 0 0 0 0 0 0 0 0 0 0
0 0 0 0 0 0 0 0 0 0 0 0 0 0 0 0 0 0 0 0 0 0 0 0
18 22 2 46 7 47 46 9 59 63 26 24 22 8 24 43 69 54 36 53 13 8 51 40
14 29 12 61 17 28 42 63 16 20 16 19 5 31 43 35 23 31 47 41 71 16 57 63
60 2 8 40 28 69 70 55 48 59 45 1 31 7 17 23 40 27 34 69 60 3 35 11
56 41 53 22 2 1 19 66 64 69 61 65 24 61 20 15 47 62 64 33 12 64 16 65
0 0 0 0 0 0 0 0 0 0 0 0 0 0 0 0 0 0 0 0 0 0 0 0
0 0 0 0 0 0 0 0 0 0 0 0 0 0 0 0 0 0 0 0 0 0 0 0
56 29 71 20 32 5 62 53 10 33 61 37 34 19 23 15 1 16 36 2 21 45 57 32
30 71 48 8 71 11 44 62 58 18 43 32 40 21 31 44 69 71 50 17 46 55 71 39
60 56 52 55 4 67 26 22 30 50 50 11 54 14 36 71 56 0 23 67 0 60 47 63
41 61 31 13 70 9 14 62 19 14 44 68 63 30 55 9 36 3 61 47 10 49 21 16
0 0 0 0 0 0 0 0 0 0 0 0 0 0 0 0 0 0 0 0 0 0 0 0
0 0 0 0 0 0 0 0 0 0 0 0 0 0 0 0 0 0 0 0 0 0 0 0
25 42 39 45 52 33 47 22 20 20 52 66 16 56 51 53 15 64 21 2 24 49 12 24
52 14 55 42 44 24 45 21 25 31 24 13 40 24 16 14 33 15 64 54 21 30 19 22
15 5 49 56 21 14 65 16 22 9 41 54 11 71 39 54 59 14 28 10 22 11 41 19
43 56 19 37 58 52 68 66 38 46 2 60 7 46 56 51 60 49 47 48 19 64 26 16
0 0 0 0 0 0 0 0 0 0 0 0 0 0 0 0 0 0 0 0 0 0 0 0
0 0 0 0 0 0 0 0 0 0 0 0 0 0 0 0 0 0 0 0 0 0 0 0
32 62 0 65 44 1 24 42 4 62 13 29 4 40 20 11 30 71 67 5 20 62 13 53
61 18 67 4 0 49 48 54 60 17 55 32 58 69 27 63 57 8 58 32 66 62 11 64
60 24 45 59 67 35 56 7 6 7 21 14 51 47 43 46 3 21 59 59 62 37 59 56
2 17 61 7 58 23 26 49 55 15 65 11 45 38 7 24 31 49 30 25 47 46 67 18
0 0 0 0 0 0 0 0 0 0 0 0 0 0 0 0 0 0 0 0 0 0 0 0
0 0 0 0 0 0 0 0 0 0 0 0 0 0 0 0 0 0 0 0 0 0 0 0
66 1 41 36 69 6 20 42 64 61 10 65 43 65 57 51 63 55 27 46 70 57 46 45
26 0 20 66 24 70 33 55 50 8 44 29 1 17 55 30 56 3 21 24 27 66 0 39
45 36 33 60 31 69 61 46 19 50 9 35 59 15 40 59 65 46 70 26 57 58 6 67
34 0 14 50 65 16 24 70 26 11 47 63 1 1 43 2 71 13 16 62 59 3 61 12
0 0 0 0 0 0 0 0 0 0 0 0 0 0 0 0 0 0 0 0 0 0 0 0
0 0 0 0 0 0 0 0 0 0 0 0 0 0 0 0 0 0 0 0 0 0 0 0
26 54 9 42 66 15 3 28 19 34 7 60 33 19 50 10 51 58 11 38 25 61 45 36
14 57 28 26 48 31 51 29 37 60 51 49 42 35 70 31 7 9 29 17 49 1 36 51
67 23 34 39 55 16 30 10 57 56 28 34 22 55 52 56 66 11 40 31 7 70 12 27
17 65 6 56 54 56 37 35 4 61 22 50 31 24 52 31 57 56 50 35 58 50 48 57
0 0 0 0 0 0 0 0 0 0 0 0 0 0 0 0 0 0 0 0 0 0 0 0
0 0 0 0 0 0 0 0 0 0 0 0 0 0 0 0 0 0 0 0 0 0 0 0
22 42 11 59 6 26 7 59 71 4 9 13 42 57 47 71 36 35 22 51 64 32 42 4
49 37 16 17 0 23 6 59 15 23 33 40 50 43 46 31 39 41 4 70 34 17 47 44
5 65 43 49 49 67 10 4 48 34 0 51 24 4 29 18 37 1 57 71 24 8 16 44
44 35 28 23 30 20 43 21 55 64 10 48 39 17 28 42 60 62 55 22 6 5 65 22
0 0 0 0 0 0 0 0 0 0 0 0 0 0 0 0 0 0 0 0 0 0 0 0
0 0 0 0 0 0 0 0 0 0 0 0 0 0 0 0 0 0 0 0 0 0 0 0
54 5 39 56 56 40 71 24 15 62 47 51 57 64 70 59 38 2 10 48 59 57 58 20
70 14 69 59 69 26 14 58 28 22 44 53 50 24 67 62 45 9 28 67 28 65 70 1
71 1 56 29 26 25 18 44 18 21 69 28 39 56 59 5 64 29 43 11 66 27 30 15
65 52 24 12 13 69 32 69 33 58 9 33 35 22 54 57 24 49 2 61 42 28 49 38
0 0 0 0 0 0 0 0 0 0 0 0 0 0 0 0 0 0 0 0 0 0 0 0
0 0 0 0 0 0 0 0 0 0 0 0 0 0 0 0 0 0 0 0 0 0 0 0
60 29 71 63 9 38 59 43 22 63 21 43 66 20 26 68 14 32 37 2 59 58 16 25
63 8 62 10 8 16 0 57 37 24 46 12 20 33 57 70 59 38 47 38 5 41 10 71
0 43 41 37 3 28 6 51 30 59 18 63 33 28 6 23 41 63 16 6 25 3 34 45
64 4 42 56 56 6 26 48 25 30 41 6 37 3 36 29 23 49 8 30 46 44 9 66
0 0 0 0 0 0 0 0 0 0 0 0 0 0 0 0 0 0 0 0 0 0 0 0
0 0 0 0 0 0 0 0 0 0 0 0 0 0 0 0 0 0 0 0 0 0 0 0
27 34 37 1 47 24 34 33 1 12 39 29 32 28 41 34 58 67 35 37 3 37 70 10
42 47 24 63 45 8 65 15 29 66 39 11 59 57 50 16 22 32 38 67 7 49 37 12
58 25 19 40 39 48 29 1 48 23 51 62 20 36 52 43 55 8 13 45 39 34 5 23
34 10 13 4 14 25 43 30 3 28 44 1 27 58 63 56 31 12 51 39 47 16 30 35
0 0 0 0 0 0 0 0 0 0 0 0 0 0 0 0 0 0 0 0 0 0 0 0
0 0 0 0 0 0 0 0 0 0 0 0 0 0 0 0 0 0 0 0 0 0 0 0
29 36 36 15 71 49 17 4 37 62 5 25 67 47 18 11 10 47 39 46 37 6 34 38
63 28 55 42 38 3 35 51 38 69 37 33 49 34 61 14 63 29 53 71 19 14 6 39
36 19 36 51 24 21 4 70 26 40 7 39 18 54 27 54 45 6 11 14 28 23 26 21
48 66 4 19 36 26 11 62 36 12 30 54 69 4 29 22 52 65 10 47 57 64 54 55
0 0 0 0 0 0 0 0 0 0 0 0 0 0 0 0 0 0 0 0 0 0 0 0
0 0 0 0 0 0 0 0 0 0 0 0 0 0 0 0 0 0 0 0 0 0 0 0
4 10 57 21 32 46 8 34 34 34 9 64 17 65 5 19 12 67 51 4 38 7 15 31
66 40 30 27 58 24 50 29 14 9 3 46 13 65 7 17 40 67 12 56 56 8 30 31
33 1 53 2 33 26 31 25 20 25 39 10 33 19 13 64 9 36 57 24 17 31 10 55
63 16 25 9 51 22 46 34 65 22 11 15 47 36 29 40 62 27 26 4 14 50 29 71
0 0 0 0 0 0 0 0 0 0 0 0 0 0 0 0 0 0 0 0 0 0 0 0
0 0 0 0 0 0 0 0 0 0 0 0 0 0 0 0 0 0 0 0 0 0 0 0
3 8 24 38 20 39 24 50 26 18 20 11 54 52 26 2 48 47 29 19 51 56 15 10
68 59 36 41 56 23 13 36 52 67 69 1 30 51 13 2 62 51 38 15 53 29 27 50
64 64 12 40 51 7 48 39 0 24 17 15 64 54 47 63 24 64 55 25 44 11 17 43
1 25 25 14 45 69 22 60 42 32 17 12 64 3 43 45 19 43 0 35 15 59 71 21
0 0 0 0 0 0 0 0 0 0 0 0 0 0 0 0 0 0 0 0 0 0 0 0
0 0 0 0 0 0 0 0 0 0 0 0 0 0 0 0 0 0 0 0 0 0 0 0
44 41 45 47 13 52 68 1 49 3 65 28 7 27 64 51 1 63 41 8 44 57 38 43
23 67 23 6 30 57 7 46 62 29 8 50 46 16 18 36 13 42 3 65 25 49 5 4
5 46 8 31 17 17 45 38 24 62 47 5 20 12 0 60 58 40 52 53 33 0 70 21
27 59 21 5 27 22 17 37 7 67 4 14 25 59 19 29 46 63 69 56 35 20 64 56
0 0 0 0 0 0 0 0 0 0 0 0 0 0 0 0 0 0 0 0 0 0 0 0
0 0 0 0 0 0 0 0 0 0 0 0 0 0 0 0 0 0 0 0 0 0 0 0
64 28 35 14 47 11 68 8 26 66 5 11 48 23 60 3 66 2 32 21 26 62 12 28
30 68 42 66 66 29 31 46 48 29 11 37 5 56 55 65 59 21 16 71 19 35 23 48
34 8 35 31 37 54 1 41 58 65 57 66 50 58 59 43 62 0 36 44 39 68 49 41
58 69 12 29 9 12 70 31 22 64 71 55 13 57 20 52 61 55 5 10 2 54 21 54
0 0 0 0 0 0 0 0 0 0 0 0 0 0 0 0 0 0 0 0 0 0 0 0
0 0 0 0 0 0 0 0 0 0 0 0 0 0 0 0 0 0 0 0 0 0 0 0
30 52 41 43 58 60 10 7 4 11 47 10 37 5 52 53 60 29 36 66 39 51 6 29
32 57 25 45 32 39 31 15 58 27 6 20 43 18 26 21 31 20 56 9 61 57 36 27
1 57 25 15 60 18 63 71 8 26 8 19 38 65 21 38 15 57 40 28 35 28 7 29
51 36 49 1 71 27 47 46 47 48 41 28 23 38 69 29 6 15 45 2 17 32 39 71
0 0 0 0 0 0 0 0 0 0 0 0 0 0 0 0 0 0 0 0 0 0 0 0
0 0 0 0 0 0 0 0 0 0 0 0 0 0 0 0 0 0 0 0 0 0 0 0
7 44 44 54 36 71 40 58 44 51 30 6 54 28 50 7 10 19 56 50 64 19 70 52
66 27 19 8 8 11 69 26 54 45 45 47 52 51 68 55 55 29 69 11 5 59 44 65
37 37 64 47 46 38 70 28 71 48 68 58 23 3 8 45 70 39 33 0 36 6 47 28
5 49 11 18 10 16 9 48 8 12 44 49 67 18 46 56 26 31 7 0 46 59 52 43
0 0 0 0 0 0 0 0 0 0 0 0 0 0 0 0 0 0 0 0 0 0 0 0
0 0 0 0 0 0 0 0 0 0 0 0 0 0 0 0 0 0 0 0 0 0 0 0
12 55 64 38 41 22 0 31 13 49 44 42 68 57 22 40 28 37 25 23 32 40 13 22
62 37 68 24 47 57 20 46 49 8 49 29 0 22 48 67 24 0 40 57 30 31 28 49
9 28 54 71 25 23 69 67 60 57 10 27 69 60 2 42 11 22 67 59 39 16 41 16
47 59 69 15 57 38 62 2 50 53 18 34 50 9 41 43 57 43 9 40 59 17 0 42
0 0 0 0 0 0 0 0 0 0 0 0 0 0 0 0 0 0 0 0 0 0 0 0
0 0 0 0 0 0 0 0 0 0 0 0 0 0 0 0 0 0 0 0 0 0 0 0
25 7 19 53 33 21 7 18 2 38 2 61 30 39 30 19 35 48 8 6 36 10 24 21
33 0 11 54 54 45 42 15 38 10 0 63 20 67 45 23 2 27 59 63 30 10 43 10
18 59 40 17 36 10 31 44 43 64 27 31 47 58 25 35 62 35 57 24 17 47 11 20
7 55 33 67 30 18 13 17 29 63 33 26 16 69 67 19 15 19 36 38 61 25 15 59
0 0 0 0 0 0 0 0 0 0 0 0 0 0 0 0 0 0 0 0 0 0 0 0
0 0 0 0 0 0 0 0 0 0 0 0 0 0 0 0 0 0 0 0 0 0 0 0
24 37 15 23 8 53 18 29 60 17 67 65 33 17 32 59 1 57 52 46 45 13 40 65
2 54 38 4 13 19 26 14 32 49 20 68 49 34 6 13 34 14 61 17 40 17 29 35
61 42 7 25 61 50 26 48 23 20 57 37 53 50 67 14 35 58 7 50 30 28 67 66
12 10 6 26 10 18 67 66 53 20 17 17 16 5 64 59 1 1 56 22 23 0 30 67
0 0 0 0 0 0 0 0 0 0 0 0 0 0 0 0 0 0 0 0 0 0 0 0
0 0 0 0 0 0 0 0 0 0 0 0 0 0 0 0 0 0 0 0 0 0 0 0
23 53 62 1 50 55 7 8 42 34 53 32 23 5 59 35 16 54 16 14 51 65 46 60
16 11 3 8 15 55 44 4 40 62 27 67 6 66 20 44 63 62 9 7 62 8 16 51
67 12 9 28 5 1 31 44 53 12 67 60 69 0 6 11 34 55 69 18 31 53 39 68
21 40 6 20 21 17 49 4 24 1 9 70 69 12 69 50 39 42 58 21 67 3 24 42
0 0 0 0 0 0 0 0 0 0 0 0 0 0 0 0 0 0 0 0 0 0 0 0
0 0 0 0 0 0 0 0 0 0 0 0 0 0 0 0 0 0 0 0 0 0 0 0
59 11 15 24 58 34 50 51 16 56 29 2 19 17 3 58 52 63 39 1 16 1 67 67
7 67 22 44 16 30 27 53 61 49 44 64 53 70 42 62 52 48 12 44 54 24 51 32
49 64 0 42 53 45 64 64 41 43 64 69 48 59 60 7 13 20 59 60 62 8 6 40
26 50 59 2 37 62 44 68 51 45 52 67 61 21 19 63 21 21 12 70 3 47 24 49
0 0 0 0 0 0 0 0 0 0 0 0 0 0 0 0 0 0 0 0 0 0 0 0
0 0 0 0 0 0 0 0 0 0 0 0 0 0 0 0 0 0 0 0 0 0 0 0
53 54 19 63 34 3 26 61 55 11 19 13 17 46 59 1 46 1 38 8 21 25 65 28
45 10 36 36 63 65 69 68 62 58 12 42 48 18 66 56 28 15 14 9 15 1 51 13
9 25 33 10 39 33 56 14 54 23 63 8 25 21 21 26 20 71 39 54 46 47 60 45
11 52 61 56 68 10 18 42 19 68 22 71 46 58 20 40 14 12 59 10 41 33 54 61
0 0 0 0 0 0 0 0 0 0 0 0 0 0 0 0 0 0 0 0 0 0 0 0
0 0 0 0 0 0 0 0 0 0 0 0 0 0 0 0 0 0 0 0 0 0 0 0
33 3 42 52 62 62 46 69 25 31 16 3 35 17 70 57 69 20 70 38 27 56 43 40
61 28 63 20 44 38 44 17 10 11 46 65 10 60 56 65 66 55 0 29 42 16 23 49
41 65 37 51 41 71 48 64 0 21 13 58 50 26 17 56 63 71 26 64 27 42 38 12
8 17 55 35 15 59 56 52 3 50 63 38 45 56 14 24 21 25 43 11 27 69 20 8
0 0 0 0 0 0 0 0 0 0 0 0 0 0 0 0 0 0 0 0 0 0 0 0
0 0 0 0 0 0 0 0 0 0 0 0 0 0 0 0 0 0 0 0 0 0 0 0
55 1 39 25 27 12 51 3 16 8 3 39 24 34 26 65 51 39 7 53 6 37 0 17
7 45 45 25 23 51 71 21 9 4 24 56 55 26 37 60 67 7 71 52 56 0 38 48
65 56 43 63 11 14 67 57 71 60 38 31 13 71 54 16 8 64 8 21 13 18 63 1
7 36 9 42 47 4 52 46 54 4 48 1 49 30 20 1 30 33 57 35 59 38 44 30
0 0 0 0 0 0 0 0 0 0 0 0 0 0 0 0 0 0 0 0 0 0 0 0
0 0 0 0 0 0 0 0 0 0 0 0 0 0 0 0 0 0 0 0 0 0 0 0
51 46 0 2 3 66 53 63 67 32 24 56 54 19 25 5 39 24 12 13 23 23 12 58
33 22 22 46 27 60 54 68 42 12 34 5 13 14 1 7 23 55 14 62 14 10 1 13
4 65 0 55 8 63 28 60 61 24 27 53 7 62 14 54 48 38 68 70 65 9 69 28
17 39 55 7 29 70 17 44 63 3 59 29 35 15 61 43 66 63 33 59 37 14 52 26
0 0 0 0 0 0 0 0 0 0 0 0 0 0 0 0 0 0 0 0 0 0 0 0
0 0 0 0 0 0 0 0 0 0 0 0 0 0 0 0 0 0 0 0 0 0 0 0
68 39 29 63 36 0 3 9 14 9 17 50 26 63 63 50 71 38 62 71 18 55 46 4
31 26 44 68 1 34 49 18 28 57 38 36 67 32 32 7 13 40 71 31 47 64 50 10
26 42 44 35 5 61 50 40 58 26 54 69 70 50 35 4 70 4 47 35 68 60 63 28
71 59 1 30 32 36 38 37 14 62 63 52 43 3 44 70 21 62 69 18 2 27 56 56
0 0 0 0 0 0 0 0 0 0 0 0 0 0 0 0 0 0 0 0 0 0 0 0
0 0 0 0 0 0 0 0 0 0 0 0 0 0 0 0 0 0 0 0 0 0 0 0
49 43 59 44 7 0 14 71 8 53 56 37 69 58 4 18 40 51 30 1 1 64 53 4
70 4 21 33 45 14 5 41 30 63 40 20 62 41 7 0 50 13 0 17 69 56 1 54
55 15 24 44 39 19 13 22 5 31 56 29 37 1 29 25 50 16 5 50 31 69 59 64
44 70 54 39 68 35 28 32 40 61 42 55 40 51 46 35 69 59 67 17 51 44 19 50
0 0 0 0 0 0 0 0 0 0 0 0 0 0 0 0 0 0 0 0 0 0 0 0
0 0 0 0 0 0 0 0 0 0 0 0 0 0 0 0 0 0 0 0 0 0 0 0
64 63 20 54 39 58 40 68 12 46 69 48 53 8 38 26 59 63 17 36 43 35 0 3
21 37 13 65 56 48 15 10 36 66 13 67 50 2 26 16 38 52 56 68 18 4 30 21
37 19 24 59 63 25 52 20 37 69 35 19 4 22 45 5 10 34 12 27 3 54 35 8
47 36 25 37 31 35 35 50 43 58 35 28 68 44 13 24 6 1 61 71 25 40 50 37
0 0 0 0 0 0 0 0 0 0 0 0 0 0 0 0 0 0 0 0 0 0 0 0
0 0 0 0 0 0 0 0 0 0 0 0 0 0 0 0 0 0 0 0 0 0 0 0
48 12 3 5 13 21 34 6 45 71 67 60 24 35 40 41 54 17 23 34 22 63 54 40
47 71 65 69 58 12 49 13 3 10 28 34 51 17 30 58 70 32 15 48 58 59 26 21
28 18 15 12 18 55 38 2 69 22 48 20 5 65 25 37 22 45 10 63 21 10 36 30
19 8 54 61 26 28 25 11 40 10 15 21 43 51 6 28 37 10 38 69 12 48 52 60
0 0 0 0 0 0 0 0 0 0 0 0 0 0 0 0 0 0 0 0 0 0 0 0
0 0 0 0 0 0 0 0 0 0 0 0 0 0 0 0 0 0 0 0 0 0 0 0
56 40 57 24 58 1 42 32 41 44 11 24 49 0 48 49 59 26 23 16 39 54 49 66
55 4 26 47 43 61 61 49 68 55 54 38 57 29 16 20 0 18 11 21 6 50 60 17
32 13 49 57 51 38 39 33 58 23 63 47 15 10 61 24 40 66 53 13 21 3 63 28
55 57 70 0 9 0 6 68 67 65 59 41 19 30 36 23 2 11 51 52 0 51 3 3
0 0 0 0 0 0 0 0 0 0 0 0 0 0 0 0 0 0 0 0 0 0 0 0
0 0 0 0 0 0 0 0 0 0 0 0 0 0 0 0 0 0 0 0 0 0 0 0
5 63 46 57 13 27 24 61 16 62 15 60 42 58 43 48 58 4 42 41 46 30 32 27
32 59 38 63 56 25 38 6 68 44 5 56 66 39 58 22 69 19 12 5 2 19 42 11
51 13 42 6 60 41 33 25 18 17 37 39 7 13 29 66 9 39 55 0 2 51 41 4
0 48 64 8 50 51 68 4 58 25 68 31 19 35 70 68 14 3 39 34 19 60 68 34
0 0 0 0 0 0 0 0 0 0 0 0 0 0 0 0 0 0 0 0 0 0 0 0
0 0 0 0 0 0 0 0 0 0 0 0 0 0 0 0 0 0 0 0 0 0 0 0
0 1 0 37 41 8 40 23 6 5 40 14 27 38 34 6 40 28 23 0 2 17 29 71
30 63 67 3 46 32 64 69 0 68 4 55 19 44 65 58 51 34 5 19 17 55 39 39
69 43 24 10 31 51 2 1 67 14 17 33 26 39 17 15 18 54 57 5 35 34 51 3
53 38 8 28 57 20 30 23 37 6 26 38 52 50 20 64 69 22 7 2 70 2 11 61
0 0 0 0 0 0 0 0 0 0 0 0 0 0 0 0 0 0 0 0 0 0 0 0
0 0 0 0 0 0 0 0 0 0 0 0 0 0 0 0 0 0 0 0 0 0 0 0
22 47 20 68 69 47 70 43 68 46 27 70 32 21 70 2 11 13 8 49 40 70 62 49
22 33 46 32 49 67 46 9 45 51 43 61 46 50 44 5 41 66 59 8 37 59 37 50
70 53 41 37 30 22 3 38 46 13 9 5 50 11 17 17 62 16 60 10 63 50 33 4
59 12 4 30 0 29 40 4 34 17 32 58 53 58 29 60 53 12 51 6 24 56 56 71
0 0 0 0 0 0 0 0 0 0 0 0 0 0 0 0 0 0 0 0 0 0 0 0
0 0 0 0 0 0 0 0 0 0 0 0 0 0 0 0 0 0 0 0 0 0 0 0
1 52 69 8 23 65 11 30 42 11 29 6 24 69 53 11 40 9 2 27 43 62 20 23
1 56 8 60 23 10 67 49 64 45 60 56 57 11 13 21 19 58 56 53 29 36 39 45
71 24 59 0 67 57 36 35 39 51 48 65 5 41 16 25 65 38 7 40 71 23 23 0
1 51 12 65 18 11 58 16 35 53 28 25 33 59 48 48 30 43 64 62 33 47 18 46
0 0 0 0 0 0 0 0 0 0 0 0 0 0 0 0 0 0 0 0 0 0 0 0
0 0 0 0 0 0 0 0 0 0 0 0 0 0 0 0 0 0 0 0 0 0 0 0
36 46 54 67 55 23 6 29 6 65 22 38 40 48 2 8 61 55 22 36 46 15 63 1
4 70 15 22 8 38 9 59 5 42 28 8 40 28 11 32 67 16 64 53 24 39 71 45
55 61 44 65 14 3 17 53 60 31 8 10 16 51 33 67 35 64 61 58 23 61 40 6
40 56 55 6 41 12 51 22 58 19 0 3 39 17 27 30 7 45 18 5 53 37 23 60
0 0 0 0 0 0 0 0 0 0 0 0 0 0 0 0 0 0 0 0 0 0 0 0
0 0 0 0 0 0 0 0 0 0 0 0 0 0 0 0 0 0 0 0 0 0 0 0
46 2 36 46 31 63 14 23 12 6 49 63 55 0 46 42 48 15 42 58 46 35 46 62
31 67 56 4 14 55 10 58 64 31 68 36 58 39 29 4 61 28 29 64 40 53 59 10
71 52 44 9 11 61 14 71 55 67 66 48 38 1 36 68 71 33 49 47 57 71 22 18
11 19 19 19 41 56 7 6 58 20 18 48 33 18 55 4 60 52 36 53 42 57 51 69
0 0 0 0 0 0 0 0 0 0 0 0 0 0 0 0 0 0 0 0 0 0 0 0
0 0 0 0 0 0 0 0 0 0 0 0 0 0 0 0 0 0 0 0 0 0 0 0
71 55 42 32 60 16 48 30 16 57 7 3 56 34 27 36 29 71 36 57 0 64 42 55
29 18 44 50 42 8 53 45 52 35 18 14 5 46 39 45 44 24 41 10 56 63 62 45
51 21 61 59 60 45 67 30 35 43 23 34 34 10 55 15 11 10 4 55 54 13 32 16
56 29 31 71 55 58 32 14 11 45 39 1 23 44 51 32 2 13 12 25 58 64 42 38
0 0 0 0 0 0 0 0 0 0 0 0 0 0 0 0 0 0 0 0 0 0 0 0
0 0 0 0 0 0 0 0 0 0 0 0 0 0 0 0 0 0 0 0 0 0 0 0
7 47 50 67 60 59 56 9 66 30 71 1 21 22 16 13 32 49 30 14 49 17 39 27
43 35 17 15 14 12 14 32 58 11 63 43 69 24 36 62 55 32 43 44 43 18 24 55
69 33 49 33 42 56 16 11 1 3 0 36 44 40 29 30 46 44 32 34 29 18 51 28
2 70 28 23 27 45 30 68 66 23 32 60 9 5 1 44 11 35 38 45 59 40 8 59
0 0 0 0 0 0 0 0 0 0 0 0 0 0 0 0 0 0 0 0 0 0 0 0
0 0 0 0 0 0 0 0 0 0 0 0 0 0 0 0 0 0 0 0 0 0 0 0
23 25 29 42 52 10 22 38 18 29 65 46 10 55 68 59 47 19 67 34 59 0 15 10
33 42 67 32 69 18 26 59 37 58 62 15 2 17 59 19 36 70 46 54 67 55 9 18
7 64 12 36 50 28 36 38 18 0 42 36 50 22 35 57 25 21 31 25 54 7 54 20
66 9 1 29 22 15 30 1 53 7 2 49 67 63 48 51 19 63 49 14 64 0 46 58
0 0 0 0 0 0 0 0 0 0 0 0 0 0 0 0 0 0 0 0 0 0 0 0
0 0 0 0 0 0 0 0 0 0 0 0 0 0 0 0 0 0 0 0 0 0 0 0
10 69 37 34 27 35 21 21 57 52 46 40 39 40 49 63 17 50 21 57 53 10 13 27
52 65 3 9 0 14 24 61 2 71 20 54 16 55 32 55 45 28 68 35 45 14 47 71
26 64 41 22 70 69 53 55 45 20 14 5 11 24 20 56 11 59 18 70 65 26 18 32
47 10 5 15 38 40 51 42 29 19 39 10 15 66 10 20 9 8 63 29 36 36 66 23
0 0 0 0 0 0 0 0 0 0 0 0 0 0 0 0 0 0 0 0 0 0 0 0
0 0 0 0 0 0 0 0 0 0 0 0 0 0 0 0 0 0 0 0 0 0 0 0
53 42 29 45 54 26 3 11 27 50 52 15 50 22 58 41 13 48 23 60 62 61 51 2
35 54 68 48 65 42 70 12 14 7 43 35 16 14 0 35 26 3 59 40 65 64 18 15
58 31 23 40 4 9 24 59 1 19 29 40 46 16 35 9 11 1 18 65 43 56 6 9
5 22 35 42 9 67 44 64 37 16 39 9 27 0 40 29 52 14 16 41 34 55 15 40
0 0 0 0 0 0 0 0 0 0 0 0 0 0 0 0 0 0 0 0 0 0 0 0
0 0 0 0 0 0 0 0 0 0 0 0 0 0 0 0 0 0 0 0 0 0 0 0
50 30 62 53 46 62 56 49 1 46 59 42 67 13 53 50 67 25 60 67 13 55 38 4
0 71 27 21 53 7 32 19 51 52 66 34 3 69 61 60 15 10 20 67 71 56 7 0
17 34 20 3 4 29 16 40 58 6 35 46 1 36 1 41 4 25 41 70 18 21 20 0
29 63 15 65 9 25 71 31 45 41 4 21 51 17 33 7 42 0 28 36 14 58 29 54
0 0 0 0 0 0 0 0 0 0 0 0 0 0 0 0 0 0 0 0 0 0 0 0
0 0 0 0 0 0 0 0 0 0 0 0 0 0 0 0 0 0 0 0 0 0 0 0
43 4 30 62 54 48 34 56 31 34 53 40 63 15 54 16 30 40 53 3 40 5 47 41
62 10 29 22 14 39 20 63 25 71 5 49 2 27 64 71 43 61 38 51 14 51 66 59
11 29 6 30 12 20 24 56 65 43 25 54 28 67 31 3 66 27 14 22 20 44 31 52
44 65 11 1 29 53 3 43 17 64 11 47 62 24 7 23 7 12 64 53 46 27 34 5
0 0 0 0 0 0 0 0 0 0 0 0 0 0 0 0 0 0 0 0 0 0 0 0
0 0 0 0 0 0 0 0 0 0 0 0 0 0 0 0 0 0 0 0 0 0 0 0
57 64 19 8 56 5 65 69 21 50 11 67 19 37 30 41 65 71 3 52 35 31 1 11
30 60 4 20 33 17 11 24 20 67 4 42 12 26 39 53 55 71 10 50 14 38 37 45
23 12 40 35 55 65 46 60 54 16 0 64 6 26 14 26 14 31 47 11 57 54 21 9
8 51 45 48 17 15 70 29 48 21 42 52 54 21 35 44 32 60 54 34 47 23 17 17
0 0 0 0 0 0 0 0 0 0 0 0 0 0 0 0 0 0 0 0 0 0 0 0
0 0 0 0 0 0 0 0 0 0 0 0 0 0 0 0 0 0 0 0 0 0 0 0
54 51 59 48 36 58 62 68 26 31 8 4 44 69 58 61 36 23 65 49 57 6 17 46
5 66 9 58 51 60 2 45 62 5 65 27 47 51 69 15 23 32 33 60 15 70 21 25
11 22 18 42 52 37 50 42 45 45 7 45 46 57 13 36 50 27 14 28 65 65 71 16
44 29 8 20 59 8 57 54 25 7 21 37 36 44 60 65 10 30 43 14 56 55 56 52
0 0 0 0 0 0 0 0 0 0 0 0 0 0 0 0 0 0 0 0 0 0 0 0
0 0 0 0 0 0 0 0 0 0 0 0 0 0 0 0 0 0 0 0 0 0 0 0
63 50 34 6 8 69 35 63 48 27 2 58 12 67 16 59 25 23 15 5 0 12 0 49
37 0 22 14 60 21 65 41 27 23 26 1 14 15 34 41 21 8 29 23 58 16 57 1
42 13 42 43 59 35 39 17 40 48 64 41 29 40 35 16 41 38 33 38 66 24 2 29
62 52 9 11 36 36 15 48 71 44 22 56 67 43 35 55 65 36 51 25 54 33 41 33
0 0 0 0 0 0 0 0 0 0 0 0 0 0 0 0 0 0 0 0 0 0 0 0
0 0 0 0 0 0 0 0 0 0 0 0 0 0 0 0 0 0 0 0 0 0 0 0
38 8 25 6 68 63 62 16 69 25 18 9 36 67 21 51 11 36 8 51 59 67 33 33
57 43 27 13 25 52 53 53 46 31 25 49 14 68 40 32 7 48 20 38 28 70 50 1
5 40 59 38 5 57 17 50 36 42 30 14 24 22 31 39 25 35 64 37 42 1 43 68
0 17 59 8 67 50 10 39 56 35 47 61 5 30 35 50 49 67 29 44 31 51 50 34
0 0 0 0 0 0 0 0 0 0 0 0 0 0 0 0 0 0 0 0 0 0 0 0
0 0 0 0 0 0 0 0 0 0 0 0 0 0 0 0 0 0 0 0 0 0 0 0
61 46 28 42 22 62 20 51 0 42 66 32 24 40 52 71 45 24 2 64 36 34 36 36
15 65 8 13 69 14 33 47 5 45 63 18 31 3 58 21 42 13 66 26 3 47 69 38
38 26 17 31 41 20 39 28 48 0 18 27 60 31 10 31 57 28 27 66 51 11 8 9
29 23 54 32 19 70 55 47 17 29 41 34 9 54 32 16 55 27 68 52 40 47 62 12
0 0 0 0 0 0 0 0 0 0 0 0 0 0 0 0 0 0 0 0 0 0 0 0
0 0 0 0 0 0 0 0 0 0 0 0 0 0 0 0 0 0 0 0 0 0 0 0
8 9 68 33 32 66 66 30 55 4 7 36 16 69 37 11 64 61 15 52 6 36 27 4
50 35 61 30 9 30 18 16 49 7 51 35 57 31 8 70 12 45 61 18 30 56 67 46
31 55 42 54 48 35 62 47 68 64 34 67 62 71 8 39 32 63 22 42 60 46 56 12
16 44 50 58 2 40 25 5 13 21 46 5 42 40 51 44 57 25 48 69 10 57 8 6
0 0 0 0 0 0 0 0 0 0 0 0 0 0 0 0 0 0 0 0 0 0 0 0
0 0 0 0 0 0 0 0 0 0 0 0 0 0 0 0 0 0 0 0 0 0 0 0
57 22 49 3 62 11 42 13 55 32 21 44 25 54 11 4 22 62 3 58 45 24 35 58
68 11 8 14 49 63 52 57 48 40 47 2 66 26 40 47 25 17 66 53 48 25 49 1
1 28 48 44 11 43 46 13 0 49 63 27 63 25 26 70 39 37 56 51 34 51 38 65
67 6 52 24 32 46 41 3 26 67 71 61 54 16 67 49 25 38 44 36 65 23 29 14
0 0 0 0 0 0 0 0 0 0 0 0 0 0 0 0 0 0 0 0 0 0 0 0
0 0 0 0 0 0 0 0 0 0 0 0 0 0 0 0 0 0 0 0 0 0 0 0
51 18 19 34 55 43 21 25 18 37 57 9 62 26 50 40 5 4 1 17 47 23 17 59
12 8 28 38 35 0 70 69 41 69 14 70 27 24 50 53 52 13 62 21 54 60 11 3
29 23 22 24 10 11 61 68 61 8 64 32 31 59 25 16 12 34 25 34 56 69 34 56
50 55 1 13 26 50 18 21 8 57 3 26 21 8 61 4 34 68 13 61 26 15 70 71
0 0 0 0 0 0 0 0 0 0 0 0 0 0 0 0 0 0 0 0 0 0 0 0
0 0 0 0 0 0 0 0 0 0 0 0 0 0 0 0 0 0 0 0 0 0 0 0
51 30 15 53 12 46 14 51 27 51 51 61 10 19 14 58 15 47 54 27 36 37 25 32
33 4 13 51 59 58 1 51 4 37 41 16 42 42 41 25 30 9 61 23 31 46 16 20
49 71 45 10 39 23 51 17 54 53 6 57 63 69 12 8 17 25 34 24 28 67 47 1
15 59 10 0 12 46 28 15 50 41 37 34 48 22 52 34 13 14 65 39 1 67 49 41
0 0 0 0 0 0 0 0 0 0 0 0 0 0 0 0 0 0 0 0 0 0 0 0
0 0 0 0 0 0 0 0 0 0 0 0 0 0 0 0 0 0 0 0 0 0 0 0
20 54 8 43 46 46 24 69 19 19 52 63 70 2 51 7 70 6 12 40 54 34 37 2
22 22 10 9 29 45 52 12 20 36 28 35 48 56 21 4 0 13 52 50 22 69 41 66
23 53 29 32 3 36 51 69 12 1 50 8 10 27 64 1 10 5 7 61 35 35 48 14
16 49 3 70 26 46 23 41 68 32 57 15 46 36 6 40 66 71 41 36 23 13 2 46
0 0 0 0 0 0 0 0 0 0 0 0 0 0 0 0 0 0 0 0 0 0 0 0
0 0 0 0 0 0 0 0 0 0 0 0 0 0 0 0 0 0 0 0 0 0 0 0
29 5 31 43 68 25 31 30 44 70 4 15 37 25 14 64 43 24 42 66 17 11 5 47
54 27 12 7 43 0 3 13 15 30 67 2 5 61 3 14 3 7 4 11 11 15 6 35
5 45 25 47 22 58 43 30 32 40 66 52 61 27 34 2 3 21 36 6 12 59 69 55
37 50 43 67 62 34 37 8 66 12 41 38 67 27 33 68 29 19 17 26 34 66 31 48
0 0 0 0 0 0 0 0 0 0 0 0 0 0 0 0 0 0 0 0 0 0 0 0
0 0 0 0 0 0 0 0 0 0 0 0 0 0 0 0 0 0 0 0 0 0 0 0
19 11 62 16 57 20 66 6 57 43 69 52 41 16 63 65 57 11 57 36 58 41 31 32
35 71 19 48 26 69 45 69 9 49 29 36 31 23 40 33 12 21 59 20 14 32 5 9
36 0 24 53 4 70 35 58 28 39 66 17 21 39 9 6 21 6 28 48 46 39 23 24
60 49 23 43 50 15 45 47 55 3 65 70 41 8 62 48 51 48 63 46 48 67 51 68
0 0 0 0 0 0 0 0 0 0 0 0 0 0 0 0 0 0 0 0 0 0 0 0
0 0 0 0 0 0 0 0 0 0 0 0 0 0 0 0 0 0 0 0 0 0 0 0
29 45 3 31 66 44 21 53 67 19 57 66 58 27 18 67 23 61 38 13 29 0 1 4
37 40 69 32 59 3 11 36 18 7 11 0 36 45 63 5 63 45 35 28 61 44 49 11
39 27 51 17 3 62 20 11 68 22 62 51 38 64 46 16 22 44 35 57 2 39 36 42
60 52 63 24 5 26 19 29 6 50 12 39 69 19 69 65 54 71 23 62 25 21 31 68
0 0 0 0 0 0 0 0 0 0 0 0 0 0 0 0 0 0 0 0 0 0 0 0
0 0 0 0 0 0 0 0 0 0 0 0 0 0 0 0 0 0 0 0 0 0 0 0
49 22 4 23 39 21 4 47 59 2 41 42 35 37 38 62 52 61 0 24 17 50 58 21
33 53 22 4 43 20 50 27 54 57 9 24 31 45 25 24 33 16 22 1 38 57 4 32
25 66 18 58 26 29 42 37 15 24 54 24 17 25 34 54 0 36 3 61 32 64 62 62
40 6 3 23 9 3 30 3 43 9 26 32 11 18 58 63 7 30 52 42 20 8 7 13
0 0 0 0 0 0 0 0 0 0 0 0 0 0 0 0 0 0 0 0 0 0 0 0
0 0 0 0 0 0 0 0 0 0 0 0 0 0 0 0 0 0 0 0 0 0 0 0
7 56 40 1 37 50 22 2 25 2 47 56 11 53 38 35 35 21 60 39 36 44 32 65
0 50 24 28 44 66 64 65 61 18 28 42 44 40 7 34 33 42 60 29 51 71 12 5
16 63 30 32 51 68 31 49 17 28 64 40 29 31 29 58 24 67 9 3 67 13 45 52
24 6 59 37 64 46 42 51 61 29 32 34 52 40 63 56 68 33 22 13 10 31 23 32
0 0 0 0 0 0 0 0 0 0 0 0 0 0 0 0 0 0 0 0 0 0 0 0
0 0 0 0 0 0 0 0 0 0 0 0 0 0 0 0 0 0 0 0 0 0 0 0
20 34 70 63 22 40 12 4 23 51 63 45 31 18 44 25 14 23 61 16 70 1 49 13
12 58 45 25 20 56 57 64 63 14 23 53 4 50 55 18 39 7 65 2 42 56 40 10
48 68 58 54 43 51 27 24 63 44 2 50 61 68 46 7 48 8 57 14 45 19 54 67
29 2 6 59 66 21 19 44 66 36 20 44 24 46 40 50 54 36 36 1 33 58 45 65
0 0 0 0 0 0 0 0 0 0 0 0 0 0 0 0 0 0 0 0 0 0 0 0
0 0 0 0 0 0 0 0 0 0 0 0 0 0 0 0 0 0 0 0 0 0 0 0
42 2 53 7 33 47 27 19 10 9 45 34 64 2 27 57 19 34 22 52 10 69 47 69
37 27 1 70 70 22 27 49 47 5 47 21 68 54 41 20 28 20 5 33 22 12 18 4
57 53 65 42 22 60 19 62 67 32 30 61 32 28 25 54 65 32 20 24 17 36 59 44
45 2 10 23 26 7 15 42 24 3 30 49 12 53 23 63 43 13 58 16 11 28 35 1
0 0 0 0 0 0 0 0 0 0 0 0 0 0 0 0 0 0 0 0 0 0 0 0
0 0 0 0 0 0 0 0 0 0 0 0 0 0 0 0 0 0 0 0 0 0 0 0
65 15 31 6 43 56 68 59 55 1 20 35 18 6 51 50 25 67 1 57 66 46 53 8
10 42 22 21 23 16 67 9 17 41 2 56 29 5 28 46 36 16 7 33 47 39 27 63
32 71 20 2 23 54 53 43 60 55 55 39 42 29 23 66 43 34 49 17 15 54 48 27
22 55 21 0 50 39 20 71 9 44 26 39 17 44 10 23 29 63 16 26 10 50 1 33
0 0 0 0 0 0 0 0 0 0 0 0 0 0 0 0 0 0 0 0 0 0 0 0
0 0 0 0 0 0 0 0 0 0 0 0 0 0 0 0 0 0 0 0 0 0 0 0
50 48 54 71 18 54 38 49 12 14 52 41 15 33 49 14 42 47 29 65 42 67 21 21
22 19 54 33 28 20 7 0 4 24 54 22 8 58 19 44 19 41 19 10 42 48 3 6
5 64 29 10 58 20 27 52 21 28 43 2 4 38 8 70 12 27 24 48 60 59 35 42
9 33 50 41 1 29 30 57 42 56 9 15 69 35 14 16 4 58 6 38 35 4 20 55
0 0 0 0 0 0 0 0 0 0 0 0 0 0 0 0 0 0 0 0 0 0 0 0
0 0 0 0 0 0 0 0 0 0 0 0 0 0 0 0 0 0 0 0 0 0 0 0
56 37 54 17 70 15 5 54 63 17 65 3 62 28 58 35 43 68 4 44 24 61 36 69
19 37 23 39 53 68 27 22 0 21 56 34 23 59 56 6 5 16 68 31 4 46 51 32
7 7 64 47 24 19 54 33 31 66 12 46 17 1 37 47 66 39 59 37 2 41 41 31
14 55 33 31 16 19 27 13 44 62 12 53 27 56 20 65 29 65 6 29 50 43 50 39
0 0 0 0 0 0 0 0 0 0 0 0 0 0 0 0 0 0 0 0 0 0 0 0
0 0 0 0 0 0 0 0 0 0 0 0 0 0 0 0 0 0 0 0 0 0 0 0
1 6 50 45 55 14 7 9 21 50 0 10 48 48 69 37 64 15 60 30 49 6 39 43
63 21 9 4 52 42 48 50 62 18 20 36 38 40 5 0 35 26 28 64 42 67 56 56
36 39 29 17 65 34 14 49 46 14 42 30 11 71 8 41 59 49 53 1 71 40 35 50
55 60 44 38 38 36 34 34 25 57 47 2 61 48 69 7 67 66 20 15 71 39 54 37
0 0 0 0 0 0 0 0 0 0 0 0 0 0 0 0 0 0 0 0 0 0 0 0
0 0 0 0 0 0 0 0 0 0 0 0 0 0 0 0 0 0 0 0 0 0 0 0
68 71 52 65 28 5 28 60 46 57 2 25 44 58 65 3 57 51 11 20 65 2 22 67
42 55 71 45 21 2 16 64 32 49 19 56 49 28 37 45 65 56 42 64 10 1 39 70
18 5 55 14 20 61 52 12 50 13 49 14 23 24 12 43 7 3 66 66 29 47 30 53
19 38 13 48 68 33 15 37 13 27 71 68 27 37 53 33 49 29 64 8 64 27 52 29
0 0 0 0 0 0 0 0 0 0 0 0 0 0 0 0 0 0 0 0 0 0 0 0
0 0 0 0 0 0 0 0 0 0 0 0 0 0 0 0 0 0 0 0 0 0 0 0
20 35 38 38 52 54 31 53 12 16 0 25 40 13 13 60 67 64 3 8 27 23 19 25
53 4 44 66 67 69 22 4 27 59 58 34 47 41 50 57 35 49 49 8 47 33 54 23
23 55 45 4 50 56 33 13 34 43 68 70 3 27 60 31 6 3 19 2 24 35 29 45
33 48 47 18 11 2 12 23 23 7 67 23 53 55 13 26 47 35 33 62 30 30 4 42
0 0 0 0 0 0 0 0 0 0 0 0 0 0 0 0 0 0 0 0 0 0 0 0
0 0 0 0 0 0 0 0 0 0 0 0 0 0 0 0 0 0 0 0 0 0 0 0
35 20 57 45 63 30 4 29 56 1 41 21 38 39 16 10 67 51 31 53 45 37 38 31
59 60 0 53 1 43 66 14 32 51 15 1 2 24 49 27 51 29 6 0 64 59 4 38
40 48 7 65 40 27 19 32 46 44 65 48 14 18 31 20 12 19 27 43 20 21 61 51
53 13 57 44 63 9 43 32 62 15 48 43 59 12 47 47 2 68 21 42 46 29 52 35
0 0 0 0 0 0 0 0 0 0 0 0 0 0 0 0 0 0 0 0 0 0 0 0
0 0 0 0 0 0 0 0 0 0 0 0 0 0 0 0 0 0 0 0 0 0 0 0
67 9 55 2 39 63 22 31 23 60 0 49 20 47 38 21 44 20 0 49 63 53 60 37
13 58 0 21 10 5 18 11 67 44 8 17 40 44 7 17 55 71 52 64 16 52 54 58
10 4 25 67 7 32 39 43 65 69 3 10 11 42 12 31 71 57 26 59 32 25 69 57
44 1 29 63 54 17 39 52 15 5 50 69 9 54 2 10 49 57 50 17 50 28 23 7
0 0 0 0 0 0 0 0 0 0 0 0 0 0 0 0 0 0 0 0 0 0 0 0
0 0 0 0 0 0 0 0 0 0 0 0 0 0 0 0 0 0 0 0 0 0 0 0
6 15 37 56 54 12 12 31 19 31 62 43 40 50 53 7 59 28 0 6 15 0 26 10
54 66 13 56 10 26 18 64 1 37 34 20 17 15 0 47 44 41 4 47 34 4 63 3
33 18 22 44 18 49 51 16 53 6 20 18 13 68 8 9 30 66 8 5 36 56 23 20
34 58 45 14 53 15 6 1 17 31 63 39 68 27 55 15 52 39 52 17 14 10 15 44
0 0 0 0 0 0 0 0 0 0 0 0 0 0 0 0 0 0 0 0 0 0 0 0
0 0 0 0 0 0 0 0 0 0 0 0 0 0 0 0 0 0 0 0 0 0 0 0
26 1 42 34 68 38 6 69 20 42 5 48 24 32 60 10 40 59 10 61 49 62 48 6
50 27 7 3 9 56 38 38 41 20 40 64 69 41 23 7 13 60 9 22 71 57 19 44
25 38 67 13 35 44 48 41 25 39 50 31 47 43 29 40 32 31 0 41 18 30 28 71
43 0 11 19 13 51 21 30 63 29 38 20 16 24 67 4 9 18 55 46 55 9 67 58
0 0 0 0 0 0 0 0 0 0 0 0 0 0 0 0 0 0 0 0 0 0 0 0
0 0 0 0 0 0 0 0 0 0 0 0 0 0 0 0 0 0 0 0 0 0 0 0
51 67 63 5 63 62 23 32 8 45 56 61 5 50 0 10 69 13 23 10 62 31 33 8
1 21 67 46 71 44 30 56 39 41 22 48 45 26 20 49 42 62 2 34 31 54 25 56
49 53 12 13 30 55 25 46 47 30 48 29 65 34 31 37 67 14 24 53 65 41 29 37
16 45 52 31 52 18 49 51 31 33 31 26 57 65 11 21 40 18 6 29 69 71 41 51
0 0 0 0 0 0 0 0 0 0 0 0 0 0 0 0 0 0 0 0 0 0 0 0
0 0 0 0 0 0 0 0 0 0 0 0 0 0 0 0 0 0 0 0 0 0 0 0
16 40 26 14 19 67 45 2 70 35 53 12 64 70 41 5 3 22 5 22 7 69 22 47
21 18 67 9 2 11 53 26 54 54 3 6 49 33 51 57 23 9 48 70 40 43 27 46
11 44 22 0 57 36 14 25 68 55 15 1 30 37 35 48 22 52 43 16 65 38 4 46
50 40 43 2 55 68 33 23 5 57 51 65 57 8 69 64 57 55 56 61 29 32 21 25
0 0 0 0 0 0 0 0 0 0 0 0 0 0 0 0 0 0 0 0 0 0 0 0
0 0 0 0 0 0 0 0 0 0 0 0 0 0 0 0 0 0 0 0 0 0 0 0
27 0 66 43 11 42 36 55 61 5 8 14 70 35 18 59 37 58 24 3 67 6 61 46
12 62 1 14 17 68 27 3 67 54 33 31 35 0 51 58 54 46 5 1 38 29 37 37
56 26 65 57 33 62 58 2 11 49 26 17 61 39 10 17 46 30 66 68 55 14 23 23
63 51 30 39 9 10 20 17 33 6 16 19 8 17 32 48 38 10 40 64 3 39 50 64
0 0 0 0 0 0 0 0 0 0 0 0 0 0 0 0 0 0 0 0 0 0 0 0
0 0 0 0 0 0 0 0 0 0 0 0 0 0 0 0 0 0 0 0 0 0 0 0
13 5 31 56 15 33 44 44 20 32 32 33 59 48 47 3 33 34 56 42 47 71 3 61
43 27 20 57 21 9 61 43 6 0 53 8 29 43 40 8 22 70 59 50 40 3 59 15
43 62 71 28 3 18 40 17 14 45 3 9 12 35 19 34 32 23 64 49 31 34 54 34
37 39 36 42 30 12 36 23 36 69 70 65 69 13 47 71 32 59 2 56 40 50 57 9
0 0 0 0 0 0 0 0 0 0 0 0 0 0 0 0 0 0 0 0 0 0 0 0
0 0 0 0 0 0 0 0 0 0 0 0 0 0 0 0 0 0 0 0 0 0 0 0
23 68 9 66 38 4 9 46 3 9 44 0 20 57 55 13 51 12 3 29 13 44 0 16
10 43 1 31 49 65 19 47 8 5 7 45 42 54 39 70 40 22 5 1 3 67 33 50
6 41 43 23 51 4 31 40 46 17 29 23 56 29 25 46 45 17 29 69 23 71 37 7
26 12 49 65 0 49 15 68 4 22 20 40 16 31 54 33 71 38 45 51 20 22 33 64
0 0 0 0 0 0 0 0 0 0 0 0 0 0 0 0 0 0 0 0 0 0 0 0
0 0 0 0 0 0 0 0 0 0 0 0 0 0 0 0 0 0 0 0 0 0 0 0
13 18 45 16 55 29 12 25 41 9 17 34 22 25 63 61 12 18 48 16 41 61 39 8
14 71 11 48 69 50 0 1 3 12 37 58 26 34 15 44 36 46 11 66 70 6 24 4
15 68 8 53 59 43 20 33 62 38 55 59 25 17 7 63 63 71 63 37 29 52 54 54
52 17 71 49 23 54 33 8 38 68 28 65 33 6 46 36 27 0 60 66 34 14 14 20
0 0 0 0 0 0 0 0 0 0 0 0 0 0 0 0 0 0 0 0 0 0 0 0
0 0 0 0 0 0 0 0 0 0 0 0 0 0 0 0 0 0 0 0 0 0 0 0
24 66 57 6 46 67 3 47 14 22 21 14 40 44 0 31 37 8 9 26 30 27 24 5
66 52 28 2 67 35 32 37 56 24 52 54 18 16 34 68 17 11 61 57 55 66 38 62
43 30 12 29 0 40 34 13 24 2 68 14 35 65 56 65 30 26 71 57 48 24 50 8
8 54 0 60 61 27 54 54 5 55 12 44 64 31 5 13 2 67 48 36 7 29 1 65
0 0 0 0 0 0 0 0 0 0 0 0 0 0 0 0 0 0 0 0 0 0 0 0
0 0 0 0 0 0 0 0 0 0 0 0 0 0 0 0 0 0 0 0 0 0 0 0
45 46 66 30 61 41 9 24 30 58 22 63 2 69 53 36 59 37 31 34 71 2 52 9
30 70 56 57 6 59 18 17 36 57 42 57 46 42 69 2 28 7 66 42 49 30 45 27
5 60 47 42 40 23 70 21 48 66 3 45 38 58 28 34 7 20 31 67 59 52 68 12
24 49 54 24 40 66 54 14 57 31 19 44 54 56 31 46 2 49 24 17 6 44 16 11
0 0 0 0 0 0 0 0 0 0 0 0 0 0 0 0 0 0 0 0 0 0 0 0
0 0 0 0 0 0 0 0 0 0 0 0 0 0 0 0 0 0 0 0 0 0 0 0
68 65 59 2 60 39 33 60 5 29 43 0 58 36 45 68 20 44 51 20 46 14 24 45
54 13 70 6 22 33 6 55 14 31 67 2 41 66 32 28 60 11 2 60 32 21 22 68
68 22 65 60 37 0 49 44 14 30 65 53 0 68 29 53 38 71 44 55 14 38 63 22
22 64 38 34 42 24 19 21 33 47 43 22 11 8 30 23 34 55 22 24 12 35 19 18
0 0 0 0 0 0 0 0 0 0 0 0 0 0 0 0 0 0 0 0 0 0 0 0
0 0 0 0 0 0 0 0 0 0 0 0 0 0 0 0 0 0 0 0 0 0 0 0
62 64 2 27 27 25 45 29 29 52 15 55 14 41 30 19 62 51 8 68 58 47 69 37
70 60 24 64 63 68 4 30 11 41 43 14 23 50 48 66 12 39 33 67 71 53 61 43
30 17 34 65 47 54 61 34 26 0 52 52 68 33 63 47 53 70 68 63 69 52 47 37
70 4 49 46 24 56 17 11 10 13 65 50 12 36 1 21 65 62 26 57 2 53 20 62
0 0 0 0 0 0 0 0 0 0 0 0 0 0 0 0 0 0 0 0 0 0 0 0
0 0 0 0 0 0 0 0 0 0 0 0 0 0 0 0 0 0 0 0 0 0 0 0
58 6 21 64 28 64 53 25 29 20 69 45 30 13 46 36 43 19 27 57 13 60 16 58
24 12 29 51 25 15 70 68 20 6 9 3 0 51 32 35 12 30 64 69 38 46 16 45
20 31 14 49 57 25 47 1 70 18 43 31 16 16 37 29 33 51 27 52 38 2 28 35
11 12 31 28 15 16 59 66 11 47 31 38 42 12 18 11 31 70 67 38 23 31 70 0
0 0 0 0 0 0 0 0 0 0 0 0 0 0 0 0 0 0 0 0 0 0 0 0
0 0 0 0 0 0 0 0 0 0 0 0 0 0 0 0 0 0 0 0 0 0 0 0
70 2 35 63 1 39 0 60 41 69 65 61 64 37 9 8 18 11 0 54 15 58 36 44
8 24 23 21 36 70 20 27 53 41 8 71 42 29 29 15 25 36 49 71 17 20 10 11
51 55 59 35 15 18 53 0 24 17 16 46 29 2 59 59 33 13 48 56 13 4 55 30
40 60 33 23 50 65 26 46 46 5 40 5 47 53 31 24 58 64 10 37 68 46 38 23
0 0 0 0 0 0 0 0 0 0 0 0 0 0 0 0 0 0 0 0 0 0 0 0
0 0 0 0 0 0 0 0 0 0 0 0 0 0 0 0 0 0 0 0 0 0 0 0
14 20 62 14 63 54 69 45 11 12 8 6 47 13 46 65 14 57 65 21 22 60 70 52
37 7 66 35 60 29 61 0 21 3 70 14 19 70 38 2 43 33 65 26 41 28 34 36
21 65 59 65 50 15 46 62 6 8 3 49 52 68 20 10 4 67 9 39 7 25 7 67
4 27 20 57 68 53 32 20 62 38 22 19 3 4 28 2 36 27 54 34 20 71 60 25
0 0 0 0 0 0 0 0 0 0 0 0 0 0 0 0 0 0 0 0 0 0 0 0
0 0 0 0 0 0 0 0 0 0 0 0 0 0 0 0 0 0 0 0 0 0 0 0
20 1 70 23 4 37 71 0 36 31 65 8 55 3 30 26 31 49 4 12 23 17 16 2
67 32 4 70 35 42 36 41 29 25 55 16 16 59 19 14 52 6 35 1 28 10 33 35
8 49 17 30 23 71 49 0 3 56 9 28 10 8 47 38 15 66 20 0 2 35 15 51
14 25 1 70 46 28 39 70 0 64 64 3 59 14 46 59 15 26 39 21 46 49 34 6
0 0 0 0 0 0 0 0 0 0 0 0 0 0 0 0 0 0 0 0 0 0 0 0
0 0 0 0 0 0 0 0 0 0 0 0 0 0 0 0 0 0 0 0 0 0 0 0
34 50 2 30 4 70 9 37 62 69 26 34 24 35 66 35 37 1 35 23 27 53 42 1
24 64 40 59 63 64 34 30 36 20 46 22 31 18 35 59 60 37 44 69 23 13 12 17
67 8 11 50 53 23 48 54 35 8 2 58 28 13 16 43 10 14 36 49 29 55 39 19
9 44 40 0 58 33 38 21 29 21 50 7 34 0 42 43 53 48 14 18 58 32 54 36
0 0 0 0 0 0 0 0 0 0 0 0 0 0 0 0 0 0 0 0 0 0 0 0
0 0 0 0 0 0 0 0 0 0 0 0 0 0 0 0 0 0 0 0 0 0 0 0
25 53 30 12 66 7 57 67 42 39 2 47 35 59 1 23 27 19 65 52 57 38 60 11
59 33 58 57 13 30 29 57 61 13 55 5 14 69 64 5 70 16 45 8 42 38 12 59
65 5 12 13 36 68 3 12 39 58 64 67 38 13 19 19 53 5 40 20 14 46 55 14
30 34 69 43 34 23 53 3 23 44 44 20 17 63 10 1 15 35 31 33 39 64 62 4
0 0 0 0 0 0 0 0 0 0 0 0 0 0 0 0 0 0 0 0 0 0 0 0
0 0 0 0 0 0 0 0 0 0 0 0 0 0 0 0 0 0 0 0 0 0 0 0
44 8 67 7 38 71 43 11 10 0 30 25 6 12 44 53 61 40 31 50 29 65 26 35
44 8 26 70 62 65 7 29 13 6 53 71 61 5 39 35 43 19 36 40 31 0 2 63
70 62 2 38 38 63 58 8 13 1 62 49 48 40 6 7 19 43 22 37 40 30 43 51
53 38 20 58 70 21 67 30 68 60 58 51 7 6 21 22 45 28 49 44 15 30 40 71
0 0 0 0 0 0 0 0 0 0 0 0 0 0 0 0 0 0 0 0 0 0 0 0
0 0 0 0 0 0 0 0 0 0 0 0 0 0 0 0 0 0 0 0 0 0 0 0
24 17 15 18 4 19 41 37 53 25 65 7 5 48 38 16 50 56 43 69 31 22 41 30
51 4 46 23 50 32 34 7 69 51 42 31 69 42 7 5 36 45 4 69 66 9 50 10
6 22 67 69 48 18 17 17 43 2 3 43 51 8 51 66 17 3 0 37 5 18 56 7
45 65 68 48 12 28 71 38 43 49 68 21 19 9 20 6 37 51 13 65 3 49 57 57
0 0 0 0 0 0 0 0 0 0 0 0 0 0 0 0 0 0 0 0 0 0 0 0
0 0 0 0 0 0 0 0 0 0 0 0 0 0 0 0 0 0 0 0 0 0 0 0
35 17 34 6 49 66 12 7 51 55 67 22 19 45 48 12 10 71 3 50 28 22 4 21
71 45 40 21 5 67 58 0 64 8 66 18 47 60 54 70 53 0 68 26 0 29 6 54
9 15 63 58 24 28 68 35 28 56 44 32 52 21 57 29 35 57 30 61 33 5 10 24
47 19 32 33 49 36 40 63 47 34 67 4 0 58 13 12 50 17 35 9 20 59 2 48
0 0 0 0 0 0 0 0 0 0 0 0 0 0 0 0 0 0 0 0 0 0 0 0
0 0 0 0 0 0 0 0 0 0 0 0 0 0 0 0 0 0 0 0 0 0 0 0
36 59 0 20 14 0 61 55 12 41 68 9 1 34 31 37 22 60 23 33 56 47 48 33
37 41 19 37 60 23 68 20 8 13 33 69 59 18 32 19 4 41 46 21 24 4 17 13
3 54 3 40 28 13 52 39 63 15 6 14 19 6 63 11 7 6 37 54 8 27 29 27
55 49 0 61 52 34 71 60 10 55 71 1 71 56 64 27 65 48 15 8 44 1 26 20
0 0 0 0 0 0 0 0 0 0 0 0 0 0 0 0 0 0 0 0 0 0 0 0
0 0 0 0 0 0 0 0 0 0 0 0 0 0 0 0 0 0 0 0 0 0 0 0
21 30 40 13 70 50 46 56 3 42 61 66 42 45 9 34 7 29 37 32 62 19 46 36
23 52 27 10 51 46 63 42 62 5 16 26 42 33 19 69 44 57 57 33 24 44 22 59
32 36 33 10 34 13 12 21 21 34 6 16 46 12 18 34 53 15 4 1 1 49 43 28
59 59 67 45 18 33 62 13 7 14 47 11 29 19 60 32 29 71 71 36 43 44 22 59
0 0 0 0 0 0 0 0 0 0 0 0 0 0 0 0 0 0 0 0 0 0 0 0
0 0 0 0 0 0 0 0 0 0 0 0 0 0 0 0 0 0 0 0 0 0 0 0
16 29 14 1 46 15 12 37 67 64 68 46 12 21 69 64 12 59 59 3 7 40 18 31
21 16 6 71 43 61 30 61 20 27 14 18 67 7 35 25 31 42 16 44 23 5 46 13
67 6 0 54 48 45 68 17 46 11 67 44 71 6 61 63 50 53 43 68 53 49 37 11
42 55 11 46 2 48 27 56 0 29 2 39 66 67 64 47 61 41 48 13 57 23 14 12
0 0 0 0 0 0 0 0 0 0 0 0 0 0 0 0 0 0 0 0 0 0 0 0
0 0 0 0 0 0 0 0 0 0 0 0 0 0 0 0 0 0 0 0 0 0 0 0
58 49 53 71 12 23 26 61 48 22 12 54 32 47 24 25 4 24 45 25 49 63 46 35
0 1 27 37 57 69 5 59 9 18 47 32 11 1 24 65 51 39 55 64 1 32 47 7
51 55 1 58 59 56 15 37 69 23 0 30 33 35 47 14 63 3 51 24 65 31 2 8
34 42 17 45 50 13 9 7 21 31 37 60 57 63 18 17 10 62 70 25 58 21 21 4
0 0 0 0 0 0 0 0 0 0 0 0 0 0 0 0 0 0 0 0 0 0 0 0
0 0 0 0 0 0 0 0 0 0 0 0 0 0 0 0 0 0 0 0 0 0 0 0
6 21 18 16 66 45 46 51 59 41 45 3 49 14 17 45 1 3 55 10 28 34 34 35
25 9 1 49 31 6 51 6 50 60 22 39 7 68 68 71 24 59 17 6 58 66 35 16
17 60 35 28 20 49 27 61 71 39 30 39 55 68 53 4 23 63 40 55 27 11 16 41
67 25 52 70 4 30 28 24 5 1 17 3 13 15 25 24 0 9 66 10 63 60 18 33
0 0 0 0 0 0 0 0 0 0 0 0 0 0 0 0 0 0 0 0 0 0 0 0
0 0 0 0 0 0 0 0 0 0 0 0 0 0 0 0 0 0 0 0 0 0 0 0
7 30 50 54 62 66 17 11 7 39 23 25 14 69 21 5 59 52 55 42 55 13 52 48
67 15 49 6 22 32 51 4 58 43 46 62 66 52 15 30 49 44 31 38 60 56 52 16
64 18 7 14 31 13 50 46 8 23 7 49 4 46 68 33 22 49 38 33 65 31 55 66
19 12 38 38 58 29 34 9 41 15 62 4 37 60 59 35 69 12 3 7 35 40 67 5
0 0 0 0 0 0 0 0 0 0 0 0 0 0 0 0 0 0 0 0 0 0 0 0
0 0 0 0 0 0 0 0 0 0 0 0 0 0 0 0 0 0 0 0 0 0 0 0
7 33 69 30 22 43 65 38 5 6 30 7 48 8 19 56 45 50 33 70 56 56 26 56
2 8 47 13 15 15 61 5 21 55 29 64 46 14 54 7 0 53 2 29 27 66 58 65
29 11 6 18 7 68 58 7 45 51 41 23 66 24 40 39 37 32 41 65 46 13 51 50
49 66 60 47 39 37 28 14 59 7 67 8 40 44 46 15 12 19 48 14 19 49 69 38
0 0 0 0 0 0 0 0 0 0 0 0 0 0 0 0 0 0 0 0 0 0 0 0
0 0 0 0 0 0 0 0 0 0 0 0 0 0 0 0 0 0 0 0 0 0 0 0
58 19 1 57 23 18 69 28 62 22 11 44 14 13 52 12 44 34 28 16 5 2 26 28
19 8 49 38 5 46 67 33 9 61 68 55 5 64 36 7 57 26 26 50 31 50 15 29
9 57 4 32 46 33 40 56 27 54 14 59 69 7 14 12 71 10 49 15 12 61 15 70
35 33 49 63 31 36 37 3 64 55 17 7 22 0 33 50 34 52 52 66 12 31 24 52
0 0 0 0 0 0 0 0 0 0 0 0 0 0 0 0 0 0 0 0 0 0 0 0
0 0 0 0 0 0 0 0 0 0 0 0 0 0 0 0 0 0 0 0 0 0 0 0
5 65 70 0 42 1 53 62 28 28 38 13 41 46 70 15 6 7 58 40 26 11 2 71
21 16 36 24 30 12 41 48 70 43 37 30 20 59 16 17 62 45 0 36 27 59 16 29
21 39 5 30 36 20 24 51 53 47 11 21 34 69 0 2 31 60 44 64 61 59 41 39
3 8 50 45 59 0 52 71 51 66 27 4 55 25 50 65 33 66 59 25 9 66 71 54
0 0 0 0 0 0 0 0 0 0 0 0 0 0 0 0 0 0 0 0 0 0 0 0
0 0 0 0 0 0 0 0 0 0 0 0 0 0 0 0 0 0 0 0 0 0 0 0
5 41 70 57 47 43 38 43 39 39 37 12 10 33 67 63 68 3 15 18 41 34 47 24
20 39 51 1 30 6 8 64 68 6 44 50 59 3 14 6 21 0 0 45 57 27 11 6
15 35 47 64 50 62 17 59 31 18 5 64 18 58 30 12 38 60 24 16 50 57 61 3
57 7 63 39 43 61 68 25 69 13 36 15 27 14 56 9 62 51 38 62 15 66 68 52
0 0 0 0 0 0 0 0 0 0 0 0 0 0 0 0 0 0 0 0 0 0 0 0
0 0 0 0 0 0 0 0 0 0 0 0 0 0 0 0 0 0 0 0 0 0 0 0
5 34 15 13 38 3 8 6 28 35 37 61 25 67 34 4 49 26 57 44 9 34 2 36
33 25 17 63 31 34 25 29 67 21 54 61 8 9 23 12 44 45 14 53 4 60 21 51
15 45 35 28 15 18 5 70 4 38 64 18 24 30 29 38 15 71 13 65 28 56 40 46
2 10 6 38 19 29 59 65 46 25 23 36 18 17 34 53 18 11 20 17 39 31 69 43
0 0 0 0 0 0 0 0 0 0 0 0 0 0 0 0 0 0 0 0 0 0 0 0
0 0 0 0 0 0 0 0 0 0 0 0 0 0 0 0 0 0 0 0 0 0 0 0
66 33 40 71 26 65 62 35 47 24 31 51 67 60 36 67 59 21 1 62 5 52 16 15
67 8 26 24 34 21 23 7 19 42 31 4 67 56 33 41 51 70 21 10 25 59 0 61
3 67 64 42 57 67 12 63 23 38 62 34 53 42 15 58 6 34 21 44 47 6 17 11
33 45 48 59 23 22 15 51 47 35 42 62 12 20 14 16 34 48 27 61 68 59 40 19
0 0 0 0 0 0 0 0 0 0 0 0 0 0 0 0 0 0 0 0 0 0 0 0
0 0 0 0 0 0 0 0 0 0 0 0 0 0 0 0 0 0 0 0 0 0 0 0
45 19 62 52 55 16 60 51 39 55 42 40 60 69 30 65 5 69 0 44 45 33 47 61
10 14 33 65 43 32 31 41 50 61 60 25 37 0 35 7 15 13 55 34 70 39 49 21
67 41 60 71 9 13 59 4 57 62 37 63 46 36 50 0 12 22 47 36 22 27 49 28
17 70 38 7 63 25 54 28 60 9 51 12 27 44 35 21 19 41 58 15 0 50 24 44
0 0 0 0 0 0 0 0 0 0 0 0 0 0 0 0 0 0 0 0 0 0 0 0
0 0 0 0 0 0 0 0 0 0 0 0 0 0 0 0 0 0 0 0 0 0 0 0
32 54 49 41 46 41 56 45 47 70 26 7 9 14 47 18 36 45 51 55 28 27 59 13
19 16 66 22 26 27 62 6 22 16 14 31 48 33 43 21 60 34 27 2 25 52 14 36
29 2 4 16 35 20 64 64 53 10 1 25 2 21 63 44 2 32 21 10 42 10 71 55
48 16 34 24 58 6 68 28 71 11 0 40 63 21 50 64 0 31 71 58 54 64 49 65
0 0 0 0 0 0 0 0 0 0 0 0 0 0 0 0 0 0 0 0 0 0 0 0
0 0 0 0 0 0 0 0 0 0 0 0 0 0 0 0 0 0 0 0 0 0 0 0
25 56 25 47 30 31 18 36 25 48 40 13 8 3 43 30 35 15 21 60 29 57 39 62
4 16 12 65 12 49 4 36 46 10 4 3 5 57 6 34 59 19 4 4 56 54 36 33
29 41 6 37 60 33 57 41 43 28 33 36 29 54 1 69 65 1 19 16 19 44 37 48
2 12 26 13 20 47 15 2 59 65 50 28 70 54 56 68 50 8 63 70 4 14 67 53
0 0 0 0 0 0 0 0 0 0 0 0 0 0 0 0 0 0 0 0 0 0 0 0
0 0 0 0 0 0 0 0 0 0 0 0 0 0 0 0 0 0 0 0 0 0 0 0
58 71 26 19 36 34 58 53 7 47 58 3 32 7 69 50 14 47 48 56 66 62 41 42
6 9 62 24 12 47 12 64 0 46 32 61 37 10 34 13 23 33 31 36 59 8 26 57
61 47 26 36 56 58 29 41 61 37 28 10 14 0 22 11 0 24 59 50 14 64 52 16
55 29 1 47 43 14 17 60 61 1 21 30 5 44 28 41 34 24 19 14 13 35 16 58
0 0 0 0 0 0 0 0 0 0 0 0 0 0 0 0 0 0 0 0 0 0 0 0
0 0 0 0 0 0 0 0 0 0 0 0 0 0 0 0 0 0 0 0 0 0 0 0
41 56 63 57 3 70 22 4 42 71 61 1 23 26 4 53 37 67 48 29 56 17 31 4
55 69 69 24 0 60 20 36 67 28 51 45 43 47 1 28 63 38 3 67 20 4 28 16
60 31 70 56 48 59 61 0 33 57 16 48 29 16 54 14 42 57 42 6 45 43 34 61
36 53 35 50 71 55 3 21 23 32 31 49 18 43 69 13 55 23 48 69 47 67 19 44
0 0 0 0 0 0 0 0 0 0 0 0 0 0 0 0 0 0 0 0 0 0 0 0
0 0 0 0 0 0 0 0 0 0 0 0 0 0 0 0 0 0 0 0 0 0 0 0
16 61 8 57 56 32 38 38 69 56 0 71 25 5 40 1 22 2 66 67 60 10 3 13
65 53 30 43 60 1 46 29 45 34 12 16 33 31 10 58 43 23 54 8 11 14 16 27
4 25 32 33 65 46 0 31 29 8 2 54 9 71 31 2 22 50 26 19 14 3 7 45
16 53 60 40 35 59 22 24 15 4 43 60 54 16 10 2 31 31 26 46 11 27 32 57
0 0 0 0 0 0 0 0 0 0 0 0 0 0 0 0 0 0 0 0 0 0 0 0
0 0 0 0 0 0 0 0 0 0 0 0 0 0 0 0 0 0 0 0 0 0 0 0
57 23 50 12 58 16 54 19 50 61 15 48 7 56 47 27 15 8 63 63 61 50 54 10
12 4 2 26 38 1 40 3 29 65 52 33 65 14 8 8 29 66 52 67 11 36 19 54
31 64 17 49 4 44 61 64 20 3 42 46 52 63 41 67 39 1 12 31 63 43 22 41
52 50 42 49 16 58 24 36 18 58 65 29 22 4 47 30 9 40 16 19 54 37 19 20
0 0 0 0 0 0 0 0 0 0 0 0 0 0 0 0 0 0 0 0 0 0 0 0
0 0 0 0 0 0 0 0 0 0 0 0 0 0 0 0 0 0 0 0 0 0 0 0
3 31 7 19 66 62 55 53 50 51 9 29 33 21 1 8 55 40 40 12 42 26 28 63
34 16 67 41 35 14 68 71 21 70 38 7 7 50 27 39 31 26 54 7 60 36 58 43
33 32 15 57 23 31 22 65 62 70 54 65 60 48 28 10 65 12 54 67 51 6 64 34
64 34 5 17 65 0 22 48 6 42 33 48 21 46 10 49 36 61 30 39 27 48 26 23
0 0 0 0 0 0 0 0 0 0 0 0 0 0 0 0 0 0 0 0 0 0 0 0
0 0 0 0 0 0 0 0 0 0 0 0 0 0 0 0 0 0 0 0 0 0 0 0
23 44 68 66 44 71 12 57 69 45 6 59 33 18 29 8 13 0 17 7 25 2 59 71
35 22 58 24 23 33 22 62 62 45 13 30 7 52 48 4 56 59 56 68 8 41 16 48
48 64 23 57 57 35 39 3 51 62 50 39 25 4 23 47 35 63 34 2 60 70 68 35
62 20 66 63 8 57 36 46 58 70 31 41 15 47 3 25 8 36 49 24 63 31 46 15
0 0 0 0 0 0 0 0 0 0 0 0 0 0 0 0 0 0 0 0 0 0 0 0
0 0 0 0 0 0 0 0 0 0 0 0 0 0 0 0 0 0 0 0 0 0 0 0
36 14 5 56 34 64 39 11 36 34 16 10 13 55 4 27 50 29 17 20 40 48 4 46
51 60 8 41 28 5 21 47 12 12 67 69 4 62 43 13 54 41 20 30 56 14 39 31
10 71 2 20 63 64 45 59 42 52 47 57 21 4 59 71 34 55 16 14 33 4 22 55
22 29 68 65 10 26 52 60 10 53 9 40 37 11 15 46 10 62 19 58 60 70 26 26
0 0 0 0 0 0 0 0 0 0 0 0 0 0 0 0 0 0 0 0 0 0 0 0
0 0 0 0 0 0 0 0 0 0 0 0 0 0 0 0 0 0 0 0 0 0 0 0
31 59 52 7 38 52 7 53 20 14 65 25 37 68 19 24 62 14 2 60 57 47 1 4
62 57 2 14 35 67 61 16 36 58 67 24 13 40 6 56 61 19 24 67 40 2 2 1
37 21 71 67 1 47 23 49 22 31 8 21 13 15 49 65 64 38 45 35 12 4 49 55
60 33 30 24 43 46 52 45 21 16 19 9 19 14 18 50 56 68 18 27 33 18 12 15
0 0 0 0 0 0 0 0 0 0 0 0 0 0 0 0 0 0 0 0 0 0 0 0
0 0 0 0 0 0 0 0 0 0 0 0 0 0 0 0 0 0 0 0 0 0 0 0
51 42 41 5 6 48 9 28 21 1 31 56 9 58 11 2 60 35 4 54 20 14 27 19
69 11 22 69 58 12 47 62 20 69 64 18 52 36 49 54 21 66 6 11 33 32 71 8
65 43 34 30 27 30 63 5 45 2 64 57 64 9 68 59 66 67 8 69 1 6 30 16
20 58 29 40 58 66 26 46 60 9 40 8 46 55 20 33 21 54 28 62 68 6 57 8
0 0 0 0 0 0 0 0 0 0 0 0 0 0 0 0 0 0 0 0 0 0 0 0
0 0 0 0 0 0 0 0 0 0 0 0 0 0 0 0 0 0 0 0 0 0 0 0
18 24 31 4 60 34 25 71 35 24 5 7 35 27 31 11 25 38 44 33 55 37 52 6
71 47 37 35 31 49 10 23 14 41 28 61 26 30 42 0 37 39 12 37 27 7 7 35
32 57 24 68 21 57 17 54 69 64 28 21 18 62 38 51 10 4 26 64 0 70 62 43
50 39 43 66 24 20 54 57 68 4 70 14 70 20 57 53 22 20 60 43 5 42 8 49
0 0 0 0 0 0 0 0 0 0 0 0 0 0 0 0 0 0 0 0 0 0 0 0
0 0 0 0 0 0 0 0 0 0 0 0 0 0 0 0 0 0 0 0 0 0 0 0
15 33 51 17 62 3 60 64 60 44 12 17 45 6 71 36 31 28 45 34 51 63 11 29
60 16 8 2 45 14 8 32 64 10 4 23 8 55 26 27 35 46 49 4 21 8 31 12
15 58 35 24 70 38 26 31 55 44 6 42 13 47 43 10 49 22 64 12 30 27 43 60
48 31 5 42 17 30 52 45 65 11 42 0 66 40 54 46 22 37 6 22 28 50 41 16
0 0 0 0 0 0 0 0 0 0 0 0 0 0 0 0 0 0 0 0 0 0 0 0
0 0 0 0 0 0 0 0 0 0 0 0 0 0 0 0 0 0 0 0 0 0 0 0
55 61 52 25 14 37 26 12 50 44 15 44 32 27 35 26 30 22 15 59 11 17 43 60
11 1 22 10 25 9 68 48 9 3 55 16 19 28 34 60 59 66 41 52 45 6 61 56
53 14 31 45 70 71 15 69 52 12 69 1 66 6 20 46 29 64 52 56 62 50 36 49
44 43 54 36 32 57 16 28 57 12 16 7 44 62 5 2 41 21 54 50 22 8 25 28
0 0 0 0 0 0 0 0 0 0 0 0 0 0 0 0 0 0 0 0 0 0 0 0
0 0 0 0 0 0 0 0 0 0 0 0 0 0 0 0 0 0 0 0 0 0 0 0
46 62 38 25 60 36 64 54 34 10 3 26 33 63 15 36 32 13 58 46 23 33 33 41
40 8 34 61 36 40 37 44 55 67 32 12 3 70 34 57 63 35 63 71 48 13 28 57
6 25 26 68 70 64 4 9 43 6 21 51 52 23 0 66 37 40 9 37 48 39 59 35
69 12 59 24 13 37 18 18 29 23 34 42 9 48 6 23 10 50 58 33 18 39 63 9
0 0 0 0 0 0 0 0 0 0 0 0 0 0 0 0 0 0 0 0 0 0 0 0
0 0 0 0 0 0 0 0 0 0 0 0 0 0 0 0 0 0 0 0 0 0 0 0
67 29 26 58 55 41 7 71 13 13 31 47 57 67 25 39 28 34 64 49 5 36 67 3
11 59 39 58 20 63 42 63 34 59 12 19 20 40 71 19 49 52 8 60 50 45 38 29
52 54 18 42 67 14 11 8 5 1 53 7 46 44 6 22 12 70 23 53 29 65 1 27
9 34 43 66 39 65 61 69 65 21 47 12 12 22 14 61 25 57 56 2 32 44 8 60
0 0 0 0 0 0 0 0 0 0 0 0 0 0 0 0 0 0 0 0 0 0 0 0
0 0 0 0 0 0 0 0 0 0 0 0 0 0 0 0 0 0 0 0 0 0 0 0
64 19 52 15 59 71 29 10 1 48 63 3 11 8 63 12 38 65 69 32 44 69 69 38
64 34 52 22 20 28 52 5 30 52 48 61 9 30 50 32 67 50 14 31 11 25 35 70
9 22 18 11 71 25 40 4 20 53 69 67 33 61 56 24 71 21 24 40 17 68 55 51
56 17 46 41 20 45 45 70 67 46 6 60 30 22 2 44 45 22 47 63 62 35 14 71
0 0 0 0 0 0 0 0 0 0 0 0 0 0 0 0 0 0 0 0 0 0 0 0
0 0 0 0 0 0 0 0 0 0 0 0 0 0 0 0 0 0 0 0 0 0 0 0
24 41 67 2 2 39 39 3 59 9 45 57 67 3 16 32 29 64 57 9 24 5 60 63
16 20 4 53 70 44 61 63 11 62 67 53 66 1 38 29 55 29 56 43 39 11 18 53
60 57 25 14 17 50 32 69 9 7 42 66 10 38 45 63 71 36 22 53 4 3 45 62
13 20 43 31 9 41 57 31 23 62 41 33 13 66 65 6 50 69 49 12 50 24 68 40
0 0 0 0 0 0 0 0 0 0 0 0 0 0 0 0 0 0 0 0 0 0 0 0
0 0 0 0 0 0 0 0 0 0 0 0 0 0 0 0 0 0 0 0 0 0 0 0
43 46 20 24 69 14 48 12 29 21 34 18 6 52 15 49 71 24 29 14 54 30 38 18
60 31 40 47 52 44 65 43 50 9 9 62 50 0 20 35 37 61 16 50 63 27 46 49
15 45 24 30 50 60 25 27 7 71 2 34 17 5 66 61 35 4 31 26 39 46 40 4
68 16 37 13 20 28 5 28 28 19 31 57 28 26 62 1 3 66 43 58 46 38 10 61
0 0 0 0 0 0 0 0 0 0 0 0 0 0 0 0 0 0 0 0 0 0 0 0
0 0 0 0 0 0 0 0 0 0 0 0 0 0 0 0 0 0 0 0 0 0 0 0
25 41 15 22 50 31 49 39 30 36 57 17 62 56 66 21 15 19 51 29 14 22 62 51
36 29 34 36 11 22 21 52 62 37 59 3 58 47 63 4 45 59 42 14 68 27 32 23
45 24 13 5 66 47 26 7 23 69 11 15 22 19 7 43 67 11 39 35 3 16 62 71
67 14 5 64 31 34 12 42 70 18 5 0 47 37 15 55 25 40 43 58 57 32 58 25
0 0 0 0 0 0 0 0 0 0 0 0 0 0 0 0 0 0 0 0 0 0 0 0
0 0 0 0 0 0 0 0 0 0 0 0 0 0 0 0 0 0 0 0 0 0 0 0
50 28 28 31 8 33 60 15 71 4 2 19 20 15 20 42 2 60 22 55 56 41 32 40
20 61 48 16 41 69 11 8 25 38 65 68 31 44 34 23 69 17 55 69 36 53 46 37
25 23 30 63 36 10 69 61 58 69 25 66 51 36 37 52 42 18 67 60 24 4 53 53
33 53 43 36 1 12 58 29 56 1 7 28 56 43 7 39 12 22 52 50 0 10 59 59
0 0 0 0 0 0 0 0 0 0 0 0 0 0 0 0 0 0 0 0 0 0 0 0
0 0 0 0 0 0 0 0 0 0 0 0 0 0 0 0 0 0 0 0 0 0 0 0
65 12 44 10 70 66 33 44 21 48 33 55 29 46 60 56 60 22 37 62 3 35 16 51
43 20 16 59 62 25 42 28 19 36 11 35 30 53 3 8 26 2 25 55 22 61 41 14
50 12 16 39 42 30 38 52 8 34 11 42 37 32 17 54 59 0 33 17 20 64 55 22
9 18 26 69 10 71 34 45 7 40 39 8 14 36 27 55 16 68 65 47 2 37 40 17
0 0 0 0 0 0 0 0 0 0 0 0 0 0 0 0 0 0 0 0 0 0 0 0
0 0 0 0 0 0 0 0 0 0 0 0 0 0 0 0 0 0 0 0 0 0 0 0
0 60 21 30 54 63 27 63 67 70 27 11 5 44 60 37 29 45 63 3 5 47 41 18
31 32 47 65 15 47 42 36 14 52 57 20 21 61 1 35 66 50 27 65 16 16 18 46
71 6 15 44 5 67 40 2 67 66 65 8 61 27 28 41 29 51 63 1 69 35 39 10
34 69 24 55 48 64 11 0 1 23 65 39 55 24 33 56 70 17 18 63 26 52 64 57
0 0 0 0 0 0 0 0 0 0 0 0 0 0 0 0 0 0 0 0 0 0 0 0
0 0 0 0 0 0 0 0 0 0 0 0 0 0 0 0 0 0 0 0 0 0 0 0
53 16 19 27 7 57 61 43 57 29 7 69 9 64 65 66 45 58 36 54 47 67 32 70
29 62 58 26 19 43 58 25 43 25 35 13 58 58 29 54 48 49 14 13 27 62 12 60
12 62 36 28 33 31 22 45 35 46 34 40 7 29 24 21 48 30 21 45 40 40 53 64
14 1 31 6 57 52 29 22 70 17 28 52 55 41 37 40 6 60 0 54 43 25 56 44
0 0 0 0 0 0 0 0 0 0 0 0 0 0 0 0 0 0 0 0 0 0 0 0
0 0 0 0 0 0 0 0 0 0 0 0 0 0 0 0 0 0 0 0 0 0 0 0
41 45 53 27 49 41 56 2 55 18 24 6 2 64 39 36 39 24 36 40 11 5 13 0
42 2 5 13 47 17 48 33 2 65 67 53 54 25 69 14 41 25 31 21 17 25 67 5
46 59 17 13 69 7 60 62 22 33 60 64 8 6 45 44 5 25 35 13 61 65 41 64
30 54 40 39 62 8 17 3 68 7 53 29 49 51 60 19 68 53 48 55 9 14 64 32
0 0 0 0 0 0 0 0 0 0 0 0 0 0 0 0 0 0 0 0 0 0 0 0
0 0 0 0 0 0 0 0 0 0 0 0 0 0 0 0 0 0 0 0 0 0 0 0
14 33 23 39 36 12 57 39 11 17 13 4 64 22 54 60 70 22 49 65 47 64 10 5
44 57 28 11 40 70 38 18 44 48 48 70 9 27 50 3 1 41 22 56 66 5 56 18
18 38 40 36 9 6 5 62 12 49 14 65 22 38 37 62 67 18 63 4 8 26 8 43
21 50 53 38 63 59 52 14 59 32 25 66 63 55 53 1 33 4 10 37 22 57 41 64
0 0 0 0 0 0 0 0 0 0 0 0 0 0 0 0 0 0 0 0 0 0 0 0
0 0 0 0 0 0 0 0 0 0 0 0 0 0 0 0 0 0 0 0 0 0 0 0
41 23 61 35 60 57 34 67 17 34 48 65 50 35 35 20 31 45 20 30 44 50 30 2
18 17 61 18 8 61 6 7 70 62 53 19 67 47 63 38 25 58 34 38 34 32 52 0
23 39 66 14 13 40 34 12 2 44 53 16 64 2 69 57 12 12 16 10 10 31 43 34
24 19 38 61 35 41 34 26 57 23 21 69 27 1 45 46 20 51 46 68 14 33 27 56
0 0 0 0 0 0 0 0 0 0 0 0 0 0 0 0 0 0 0 0 0 0 0 0
0 0 0 0 0 0 0 0 0 0 0 0 0 0 0 0 0 0 0 0 0 0 0 0
51 3 27 65 29 50 13 37 54 7 7 51 3 35 21 71 34 38 61 60 5 24 47 43
47 69 3 60 34 21 32 15 9 61 34 43 54 68 4 21 57 53 71 54 67 51 42 60
27 49 51 10 31 48 30 24 52 33 12 52 54 54 1 57 17 0 7 16 67 71 25 34
57 35 47 63 50 0 53 12 59 15 46 65 44 66 54 30 58 69 25 25 22 27 33 63
0 0 0 0 0 0 0 0 0 0 0 0 0 0 0 0 0 0 0 0 0 0 0 0
0 0 0 0 0 0 0 0 0 0 0 0 0 0 0 0 0 0 0 0 0 0 0 0
25 63 38 17 13 26 63 0 59 57 17 32 20 11 15 11 61 29 60 63 6 69 54 23
19 69 39 16 6 44 31 71 68 6 59 14 57 44 35 20 25 15 30 57 24 35 26 40
39 49 55 46 8 43 25 2 63 64 64 14 10 51 59 37 70 61 8 15 9 36 46 30
35 51 52 31 22 31 54 10 37 58 68 41 34 39 9 7 57 27 34 68 33 18 29 31
0 0 0 0 0 0 0 0 0 0 0 0 0 0 0 0 0 0 0 0 0 0 0 0
0 0 0 0 0 0 0 0 0 0 0 0 0 0 0 0 0 0 0 0 0 0 0 0
68 9 52 8 37 29 63 0 13 70 58 66 3 22 30 28 58 12 37 20 32 0 3 18
19 64 13 66 37 55 71 4 10 58 67 20 11 25 64 22 65 3 4 4 11 19 55 61
63 27 29 42 8 9 14 22 12 42 69 21 56 30 62 38 10 63 42 7 48 61 39 12
67 66 71 15 67 31 62 39 64 40 43 7 66 8 27 33 15 32 68 24 13 29 6 39
0 0 0 0 0 0 0 0 0 0 0 0 0 0 0 0 0 0 0 0 0 0 0 0
0 0 0 0 0 0 0 0 0 0 0 0 0 0 0 0 0 0 0 0 0 0 0 0
26 68 57 20 53 0 33 10 51 54 60 46 52 51 60 9 47 54 42 31 62 61 7 4
51 64 23 15 23 46 60 66 35 38 62 11 6 27 17 66 33 41 62 34 19 40 69 50
3 16 39 11 48 46 49 24 55 20 7 47 45 4 22 3 71 10 71 39 16 28 54 20
60 30 63 18 11 33 26 32 51 6 9 7 25 6 69 1 67 13 9 33 26 64 20 49
0 0 0 0 0 0 0 0 0 0 0 0 0 0 0 0 0 0 0 0 0 0 0 0
0 0 0 0 0 0 0 0 0 0 0 0 0 0 0 0 0 0 0 0 0 0 0 0
31 33 41 49 17 25 65 14 11 30 38 70 8 31 29 56 40 3 43 13 37 8 10 44
3 34 5 26 28 31 39 53 14 67 9 2 68 69 35 50 59 20 27 26 16 60 15 62
52 24 32 46 67 14 0 54 32 0 7 52 6 42 24 59 30 54 67 21 47 5 26 57
16 33 53 51 61 60 60 59 27 63 4 20 67 67 70 5 18 1 69 41 62 42 31 34
0 0 0 0 0 0 0 0 0 0 0 0 0 0 0 0 0 0 0 0 0 0 0 0
0 0 0 0 0 0 0 0 0 0 0 0 0 0 0 0 0 0 0 0 0 0 0 0
66 55 53 27 58 15 44 18 60 62 34 45 46 37 61 61 55 45 15 71 34 36 58 36
60 42 52 32 45 61 69 18 68 52 53 21 44 16 47 58 20 60 49 7 47 56 23 40
42 58 19 42 23 25 18 44 5 61 34 25 42 56 40 56 10 56 36 2 24 12 51 9
45 24 40 9 57 11 13 26 66 46 38 12 26 53 54 11 56 44 18 29 49 26 48 61
0 0 0 0 0 0 0 0 0 0 0 0 0 0 0 0 0 0 0 0 0 0 0 0
0 0 0 0 0 0 0 0 0 0 0 0 0 0 0 0 0 0 0 0 0 0 0 0
26 24 36 17 37 16 47 41 71 43 30 66 12 12 22 69 9 48 62 46 28 23 61 52
2 52 64 71 10 19 50 49 58 24 2 18 56 39 3 69 30 39 63 21 29 41 24 49
24 38 66 57 29 65 49 9 32 29 51 32 65 68 69 27 27 49 71 34 21 61 31 8
20 68 33 14 19 47 25 15 66 6 49 23 59 63 65 31 14 61 2 48 33 12 28 15
0 0 0 0 0 0 0 0 0 0 0 0 0 0 0 0 0 0 0 0 0 0 0 0
0 0 0 0 0 0 0 0 0 0 0 0 0 0 0 0 0 0 0 0 0 0 0 0
63 29 41 65 10 52 59 34 60 40 64 25 66 57 57 70 51 60 22 48 61 60 31 61
5 11 37 70 29 5 54 70 18 42 64 59 33 30 61 28 35 11 16 40 49 0 57 56
58 0 33 26 29 44 49 56 12 20 59 8 11 33 39 22 12 10 57 0 55 62 14 53
7 8 70 6 15 14 17 60 34 3 31 53 56 33 60 35 47 15 3 59 10 12 47 67
0 0 0 0 0 0 0 0 0 0 0 0 0 0 0 0 0 0 0 0 0 0 0 0
0 0 0 0 0 0 0 0 0 0 0 0 0 0 0 0 0 0 0 0 0 0 0 0
53 36 41 47 13 62 46 24 43 43 1 54 58 59 26 16 71 25 61 2 64 20 23 64
62 6 24 59 50 9 62 24 53 4 49 7 18 8 64 50 5 59 32 42 65 0 54 58
57 33 46 53 27 34 23 16 20 17 53 3 52 51 11 60 65 11 21 0 22 36 39 70
11 48 57 9 19 0 60 28 4 34 36 5 26 15 39 5 53 13 17 36 31 51 26 33
0 0 0 0 0 0 0 0 0 0 0 0 0 0 0 0 0 0 0 0 0 0 0 0
0 0 0 0 0 0 0 0 0 0 0 0 0 0 0 0 0 0 0 0 0 0 0 0
70 13 38 49 12 1 17 1 43 15 37 47 38 44 35 42 36 71 49 7 64 53 65 3
34 41 56 8 62 5 68 12 11 61 62 7 1 66 49 11 64 52 31 22 47 51 64 69
15 41 67 14 23 27 3 66 62 51 69 18 6 19 62 5 54 30 10 12 32 57 67 34
29 4 30 70 49 52 67 58 33 42 67 16 37 61 24 49 45 71 61 16 29 9 70 23
0 0 0 0 0 0 0 0 0 0 0 0 0 0 0 0 0 0 0 0 0 0 0 0
0 0 0 0 0 0 0 0 0 0 0 0 0 0 0 0 0 0 0 0 0 0 0 0
42 7 52 41 51 5 43 70 54 22 8 30 17 35 67 46 55 64 24 13 29 61 13 31
67 10 17 46 71 25 29 64 39 27 67 41 48 47 71 66 48 29 6 0 61 41 6 8
33 36 36 13 1 10 50 71 62 43 68 49 52 44 24 57 42 64 25 18 46 26 49 5
31 54 0 24 71 20 28 58 37 31 22 10 69 59 31 50 5 25 42 16 9 52 59 5
0 0 0 0 0 0 0 0 0 0 0 0 0 0 0 0 0 0 0 0 0 0 0 0
0 0 0 0 0 0 0 0 0 0 0 0 0 0 0 0 0 0 0 0 0 0 0 0
10 16 54 43 38 51 53 29 32 51 34 56 19 55 3 58 6 6 5 10 67 0 25 37
56 67 20 28 30 69 70 51 27 37 59 24 57 52 69 50 45 53 54 66 32 30 69 45
27 58 39 70 9 67 8 24 28 21 14 71 62 22 66 3 2 56 50 37 55 50 17 68
29 66 47 11 49 18 21 41 49 54 22 30 56 64 5 18 53 16 35 5 31 42 2 40
0 0 0 0 0 0 0 0 0 0 0 0 0 0 0 0 0 0 0 0 0 0 0 0
0 0 0 0 0 0 0 0 0 0 0 0 0 0 0 0 0 0 0 0 0 0 0 0
36 55 69 24 47 64 5 48 28 2 0 43 36 16 52 61 56 48 49 46 61 46 59 53
11 45 28 23 12 23 45 40 61 4 25 28 39 49 32 4 66 67 25 41 33 59 49 59
0 40 4 21 44 46 43 61 23 17 30 25 30 24 52 20 39 56 66 20 10 37 70 58
16 6 20 23 55 40 7 28 33 0 13 46 26 27 40 36 35 38 68 15 45 27 56 10
0 0 0 0 0 0 0 0 0 0 0 0 0 0 0 0 0 0 0 0 0 0 0 0
0 0 0 0 0 0 0 0 0 0 0 0 0 0 0 0 0 0 0 0 0 0 0 0
26 8 56 56 5 65 16 4 7 25 1 39 2 27 38 16 51 28 39 12 64 36 22 43
3 22 64 54 34 48 24 7 42 58 50 63 3 6 22 52 50 1 45 53 67 14 10 16
53 13 11 54 22 3 18 30 18 50 70 25 6 37 11 24 40 10 17 43 54 55 20 30
40 56 1 23 65 63 65 69 6 63 10 57 4 43 0 48 33 15 64 18 47 33 57 60
0 0 0 0 0 0 0 0 0 0 0 0 0 0 0 0 0 0 0 0 0 0 0 0
0 0 0 0 0 0 0 0 0 0 0 0 0 0 0 0 0 0 0 0 0 0 0 0
71 0 32 12 36 17 1 59 4 17 68 69 52 26 27 66 51 50 2 17 11 3 2 5
54 60 20 40 28 32 45 25 51 25 65 70 62 20 29 23 70 16 5 50 45 45 32 64
60 27 63 64 49 66 58 68 1 61 1 68 28 21 23 10 38 47 26 25 47 33 39 59
27 7 62 36 32 32 34 40 40 38 36 8 9 25 51 4 55 42 57 18 43 68 0 14
0 0 0 0 0 0 0 0 0 0 0 0 0 0 0 0 0 0 0 0 0 0 0 0
0 0 0 0 0 0 0 0 0 0 0 0 0 0 0 0 0 0 0 0 0 0 0 0
35 11 12 49 50 8 13 68 5 57 56 0 16 38 50 62 66 51 36 42 51 60 70 20
66 7 30 46 60 69 44 25 30 59 1 46 21 14 38 9 49 28 42 65 25 26 71 7
9 34 50 60 8 38 34 57 23 20 24 64 10 6 3 5 17 40 19 40 35 3 21 18
66 4 36 43 10 54 64 6 1 0 1 41 9 1 55 52 34 21 13 16 70 21 28 60
0 0 0 0 0 0 0 0 0 0 0 0 0 0 0 0 0 0 0 0 0 0 0 0
0 0 0 0 0 0 0 0 0 0 0 0 0 0 0 0 0 0 0 0 0 0 0 0
67 14 61 17 45 46 16 61 63 58 60 23 50 8 51 8 60 12 11 5 18 18 46 34
49 67 39 17 0 23 57 38 44 29 51 0 44 6 40 47 52 63 63 11 5 16 67 48
19 0 48 0 53 3 57 33 68 21 36 31 31 38 44 19 61 60 23 71 56 44 12 40
25 67 45 28 36 34 64 25 55 12 27 70 57 16 30 63 69 38 49 70 44 64 32 0
0 0 0 0 0 0 0 0 0 0 0 0 0 0 0 0 0 0 0 0 0 0 0 0
0 0 0 0 0 0 0 0 0 0 0 0 0 0 0 0 0 0 0 0 0 0 0 0
2 57 15 55 66 12 62 4 32 8 68 68 44 48 22 61 38 33 34 25 18 30 35 57
45 56 45 23 37 41 31 19 52 34 12 42 47 10 49 17 31 12 48 55 5 43 8 48
28 37 4 51 69 49 3 54 3 39 48 27 44 10 14 3 68 54 28 23 7 24 63 26
29 26 66 4 21 42 67 42 52 52 63 47 16 69 55 22 8 23 31 54 41 26 51 37
0 0 0 0 0 0 0 0 0 0 0 0 0 0 0 0 0 0 0 0 0 0 0 0
0 0 0 0 0 0 0 0 0 0 0 0 0 0 0 0 0 0 0 0 0 0 0 0
60 71 40 21 66 44 23 3 67 41 29 9 59 36 3 12 14 27 68 57 17 11 47 11
41 37 11 50 29 19 66 29 11 58 15 37 34 12 20 27 2 9 32 65 47 16 40 61
8 33 22 25 60 10 60 35 58 50 66 64 9 46 53 29 56 67 28 41 10 15 31 10
25 46 8 22 54 35 0 38 26 28 20 7 22 60 49 8 53 58 57 40 18 38 26 28
0 0 0 0 0 0 0 0 0 0 0 0 0 0 0 0 0 0 0 0 0 0 0 0
0 0 0 0 0 0 0 0 0 0 0 0 0 0 0 0 0 0 0 0 0 0 0 0
7 66 57 70 14 24 18 55 69 71 66 67 4 12 65 5 1 32 40 65 50 25 64 7
19 68 19 5 14 12 5 64 46 22 59 47 31 8 20 12 46 25 35 18 39 57 31 28
20 0 55 34 64 57 66 39 57 21 39 54 35 32 48 42 55 4 8 30 66 18 70 4
52 63 42 67 29 20 41 62 6 15 31 66 14 28 63 51 37 9 22 31 4 32 28 31
0 0 0 0 0 0 0 0 0 0 0 0 0 0 0 0 0 0 0 0 0 0 0 0
0 0 0 0 0 0 0 0 0 0 0 0 0 0 0 0 0 0 0 0 0 0 0 0
19 63 62 64 46 71 28 39 24 23 19 44 18 44 59 53 19 7 54 17 66 38 20 13
36 30 37 39 24 39 49 45 56 22 49 25 29 21 35 67 47 14 5 49 52 20 2 32
20 55 14 32 38 7 62 17 15 31 38 47 66 49 20 45 7 62 16 16 21 53 4 27
2 15 42 2 45 0 7 4 65 33 68 15 29 11 15 68 44 37 36 6 25 51 36 36
0 0 0 0 0 0 0 0 0 0 0 0 0 0 0 0 0 0 0 0 0 0 0 0
0 0 0 0 0 0 0 0 0 0 0 0 0 0 0 0 0 0 0 0 0 0 0 0
1 52 16 65 32 19 36 35 39 11 25 41 11 12 0 53 19 30 65 8 20 62 59 17
61 19 7 26 7 19 65 56 20 3 37 49 5 18 18 41 21 49 55 61 45 47 47 34
65 22 8 14 33 30 19 18 3 40 42 16 20 31 39 53 34 7 21 4 13 22 13 35
31 42 19 39 60 30 65 61 17 26 41 28 16 70 21 31 50 69 65 39 58 44 23 11
0 0 0 0 0 0 0 0 0 0 0 0 0 0 0 0 0 0 0 0 0 0 0 0
0 0 0 0 0 0 0 0 0 0 0 0 0 0 0 0 0 0 0 0 0 0 0 0
34 3 2 12 71 38 41 33 24 50 20 30 54 53 15 1 50 71 54 17 1 12 9 9
33 4 13 33 24 11 65 56 36 12 67 7 32 51 54 9 8 64 43 68 32 64 70 10
64 52 25 45 30 61 58 35 47 61 71 37 2 26 6 71 21 18 44 71 63 6 35 9
17 57 17 61 47 61 36 22 14 51 24 41 26 60 6 13 1 20 41 40 4 13 24 6
0 0 0 0 0 0 0 0 0 0 0 0 0 0 0 0 0 0 0 0 0 0 0 0
0 0 0 0 0 0 0 0 0 0 0 0 0 0 0 0 0 0 0 0 0 0 0 0
57 23 48 64 37 58 9 27 29 62 0 38 69 4 26 60 4 28 47 69 33 14 50 52
49 55 57 50 31 22 62 1 44 8 47 51 53 50 62 30 0 58 69 55 69 21 39 71
69 4 56 66 16 71 63 38 42 1 53 11 39 30 49 8 70 52 14 10 5 67 7 43
59 13 27 55 26 39 47 37 57 60 42 52 56 27 60 13 56 66 22 0 55 4 57 42
0 0 0 0 0 0 0 0 0 0 0 0 0 0 0 0 0 0 0 0 0 0 0 0
0 0 0 0 0 0 0 0 0 0 0 0 0 0 0 0 0 0 0 0 0 0 0 0
62 30 60 20 56 11 49 32 51 18 51 32 34 64 66 71 42 5 20 63 57 30 12 14
6 64 17 27 48 60 45 60 47 23 65 44 67 1 32 1 41 51 34 22 69 17 10 69
4 28 39 17 35 58 23 13 28 26 16 43 11 46 59 54 45 9 23 23 65 38 29 2
24 36 16 8 30 45 37 52 1 56 35 47 45 69 20 48 15 42 9 21 40 9 16 43
0 0 0 0 0 0 0 0 0 0 0 0 0 0 0 0 0 0 0 0 0 0 0 0
0 0 0 0 0 0 0 0 0 0 0 0 0 0 0 0 0 0 0 0 0 0 0 0
37 13 26 32 17 47 50 20 66 51 64 39 32 36 40 23 6 35 32 43 63 38 16 68
57 0 43 70 24 36 12 33 21 6 55 58 33 42 28 18 32 50 11 53 44 0 56 40
49 21 51 6 6 63 69 45 54 68 55 12 51 61 2 14 52 25 8 15 69 46 55 65
1 50 43 9 39 28 53 10 17 2 5 21 19 28 44 47 6 66 61 45 34 65 56 11
0 0 0 0 0 0 0 0 0 0 0 0 0 0 0 0 0 0 0 0 0 0 0 0
0 0 0 0 0 0 0 0 0 0 0 0 0 0 0 0 0 0 0 0 0 0 0 0
64 26 9 42 36 37 39 60 21 36 15 67 12 8 48 37 4 8 3 38 25 64 45 64
70 7 51 2 63 28 62 54 8 10 40 39 37 24 21 29 35 30 62 71 53 36 48 70
20 32 48 52 1 71 64 68 63 2 41 27 16 43 53 22 43 64 67 15 20 23 70 39
45 67 45 65 19 20 41 68 19 71 49 62 50 52 2 0 0 56 64 53 54 25 7 12
0 0 0 0 0 0 0 0 0 0 0 0 0 0 0 0 0 0 0 0 0 0 0 0
0 0 0 0 0 0 0 0 0 0 0 0 0 0 0 0 0 0 0 0 0 0 0 0
37 6 8 48 46 65 66 15 22 6 40 43 65 14 69 15 11 28 18 34 55 11 57 43
31 24 40 18 43 22 19 54 71 70 58 38 65 8 59 26 53 32 61 20 33 6 18 29
20 70 2 48 60 65 41 56 25 47 41 31 47 21 51 52 28 44 54 42 55 59 21 8
68 2 67 9 67 47 66 0 32 57 28 30 71 59 60 65 44 27 47 20 54 67 56 23
0 0 0 0 0 0 0 0 0 0 0 0 0 0 0 0 0 0 0 0 0 0 0 0
0 0 0 0 0 0 0 0 0 0 0 0 0 0 0 0 0 0 0 0 0 0 0 0
27 2 56 23 31 16 39 49 0 17 50 10 63 4 39 24 7 70 27 66 41 35 36 32
35 60 28 33 2 1 42 67 27 42 34 4 66 5 46 46 71 32 55 40 19 27 37 55
18 54 5 10 7 60 14 35 7 16 62 2 20 34 71 3 54 67 58 50 46 61 67 39
40 39 1 34 9 60 70 13 36 2 69 49 66 30 29 7 39 53 40 11 4 23 66 58
0 0 0 0 0 0 0 0 0 0 0 0 0 0 0 0 0 0 0 0 0 0 0 0
0 0 0 0 0 0 0 0 0 0 0 0 0 0 0 0 0 0 0 0 0 0 0 0
33 38 10 32 3 61 12 70 62 64 40 44 21 64 44 20 64 37 46 63 14 50 71 55
24 25 38 53 57 58 66 43 68 0 36 12 27 43 26 16 63 42 63 69 21 38 20 18
40 57 57 13 38 34 32 0 49 36 43 14 51 69 22 48 52 10 71 4 22 39 39 36
35 7 55 66 71 33 26 55 42 50 4 36 17 39 14 31 41 3 32 5 3 59 50 24
0 0 0 0 0 0 0 0 0 0 0 0 0 0 0 0 0 0 0 0 0 0 0 0
0 0 0 0 0 0 0 0 0 0 0 0 0 0 0 0 0 0 0 0 0 0 0 0
2 21 69 9 20 37 40 13 21 16 4 9 48 52 36 1 70 28 18 28 63 11 23 51
59 37 61 47 25 10 15 9 16 60 39 47 43 16 27 58 31 70 28 62 26 53 57 40
15 21 64 24 45 64 22 56 12 55 0 14 50 70 43 42 47 37 29 10 34 67 63 58
12 47 4 45 66 65 8 23 9 26 34 12 28 51 4 8 57 62 9 66 71 58 49 6
0 0 0 0 0 0 0 0 0 0 0 0 0 0 0 0 0 0 0 0 0 0 0 0
0 0 0 0 0 0 0 0 0 0 0 0 0 0 0 0 0 0 0 0 0 0 0 0
32 43 40 54 39 42 48 35 60 13 15 17 35 25 43 35 11 58 32 39 14 23 37 40
12 40 40 65 55 71 38 26 22 46 26 25 22 19 23 59 33 12 54 11 60 38 14 67
30 58 15 43 51 2 7 43 27 35 20 69 44 49 55 61 53 25 16 62 46 26 22 51
0 1 48 50 30 30 42 29 38 41 66 20 59 54 68 68 36 19 26 49 13 10 58 59
0 0 0 0 0 0 0 0 0 0 0 0 0 0 0 0 0 0 0 0 0 0 0 0
0 0 0 0 0 0 0 0 0 0 0 0 0 0 0 0 0 0 0 0 0 0 0 0
31 44 30 10 56 6 10 29 60 48 17 63 28 3 54 31 59 69 5 18 52 59 56 30
27 64 39 49 68 66 59 24 52 24 3 3 47 63 57 35 60 22 47 30 37 40 69 27
69 3 58 64 59 45 35 36 34 68 10 23 44 11 10 24 62 20 23 27 67 43 55 24
21 8 53 30 45 66 40 39 6 42 10 53 52 41 15 7 61 55 30 69 37 57 33 14
0 0 0 0 0 0 0 0 0 0 0 0 0 0 0 0 0 0 0 0 0 0 0 0
0 0 0 0 0 0 0 0 0 0 0 0 0 0 0 0 0 0 0 0 0 0 0 0
37 55 25 57 62 63 68 59 22 52 51 3 5 42 71 18 2 34 57 57 0 31 39 68
13 56 32 29 68 62 22 18 36 18 8 45 12 23 1 68 27 2 21 37 54 43 24 23
66 28 23 32 62 71 8 11 56 47 46 33 6 34 21 54 67 18 24 57 48 54 62 66
18 0 59 17 30 54 19 7 25 69 37 20 21 16 61 25 62 2 51 33 34 6 22 50
0 0 0 0 0 0 0 0 0 0 0 0 0 0 0 0 0 0 0 0 0 0 0 0
0 0 0 0 0 0 0 0 0 0 0 0 0 0 0 0 0 0 0 0 0 0 0 0
61 44 51 11 33 35 26 5 20 14 56 27 10 2 4 4 32 39 71 42 41 9 18 63
36 48 58 23 42 23 2 57 9 1 39 66 13 34 50 67 58 29 10 56 56 10 63 26
32 6 40 36 62 4 46 33 41 26 67 65 61 44 23 8 43 57 54 65 38 27 54 18
7 2 61 0 21 53 14 52 64 19 12 31 1 14 64 27 52 39 71 16 14 47 66 39
0 0 0 0 0 0 0 0 0 0 0 0 0 0 0 0 0 0 0 0 0 0 0 0
0 0 0 0 0 0 0 0 0 0 0 0 0 0 0 0 0 0 0 0 0 0 0 0
64 50 66 8 25 52 70 25 52 16 48 21 28 42 12 52 23 16 45 37 46 9 54 19
16 14 41 39 70 61 54 15 35 22 69 38 5 20 58 40 21 14 44 17 64 49 30 24
41 56 21 26 32 58 20 51 6 69 71 47 40 52 38 46 67 46 47 36 47 7 13 19
25 52 43 62 0 9 69 26 30 57 60 36 61 69 24 44 17 23 55 61 65 33 2 19
0 0 0 0 0 0 0 0 0 0 0 0 0 0 0 0 0 0 0 0 0 0 0 0
0 0 0 0 0 0 0 0 0 0 0 0 0 0 0 0 0 0 0 0 0 0 0 0
64 64 28 34 39 49 30 11 41 60 43 18 4 69 49 22 49 54 55 0 21 55 19 24
41 19 19 66 25 32 70 58 10 65 2 31 27 69 34 30 54 34 42 23 16 21 53 9
67 46 63 53 56 49 21 15 43 28 1 8 42 36 39 32 67 42 50 24 30 16 31 27
68 8 5 19 62 0 1 68 3 20 7 56 68 12 19 12 15 60 6 34 60 54 20 1
0 0 0 0 0 0 0 0 0 0 0 0 0 0 0 0 0 0 0 0 0 0 0 0
0 0 0 0 0 0 0 0 0 0 0 0 0 0 0 0 0 0 0 0 0 0 0 0
60 16 6 71 43 10 7 33 59 41 31 13 47 36 25 62 65 30 64 1 15 28 49 46
47 20 10 47 1 64 3 6 55 44 13 3 13 32 15 64 0 63 18 22 33 64 51 2
34 62 71 51 5 22 21 3 57 35 14 2 23 0 40 15 17 9 53 64 17 69 66 0
26 37 14 45 46 50 51 56 28 9 27 50 24 32 32 5 43 30 57 17 18 11 8 68
0 0 0 0 0 0 0 0 0 0 0 0 0 0 0 0 0 0 0 0 0 0 0 0
0 0 0 0 0 0 0 0 0 0 0 0 0 0 0 0 0 0 0 0 0 0 0 0
25 16 5 47 12 65 59 29 25 20 14 16 58 9 52 58 52 42 70 54 9 44 41 34
38 63 27 37 30 34 67 51 11 61 17 44 15 29 50 13 64 63 16 34 66 58 60 62
46 17 55 50 43 4 16 44 17 69 65 46 23 35 58 62 29 26 37 64 39 53 18 30
68 18 43 10 9 10 65 60 45 56 59 15 62 17 53 28 1 36 8 11 37 61 42 20
0 0 0 0 0 0 0 0 0 0 0 0 0 0 0 0 0 0 0 0 0 0 0 0
0 0 0 0 0 0 0 0 0 0 0 0 0 0 0 0 0 0 0 0 0 0 0 0
882 882 0 0 0 0 0 0 0 0 0 0 0 0 0 0 0 0 0 0 0 0 0 0 0 0
2853 2859 54 65 16 17 27 61 1 42 24 67 23 22 61 21 38 3 66 40 43 68 70 33 2 51
3410 3426 62 63 18 61 67 17 12 64 38 71 38 36 26 33 29 3 16 41 22 55 53 35 25 62
3666 4360 31 2 12 11 33 59 63 28 55 50 24 11 40 31 60 42 0 19 39 41 50 47 33 6
1809 1809 60 45 55 41 42 17 15 19 67 67 35 69 31 30 64 53 42 3 18 60 49 10 19 68
3243 3260 58 68 44 31 9 49 22 50 10 21 12 29 53 3 4 65 71 6 21 58 25 23 53 3
3474 3516 7 68 66 54 48 36 10 12 25 26 45 0 26 15 60 42 1 24 8 64 26 35 18 24
81 101 48 9 33 44 29 38 33 50 23 40 55 23 66 36 6 25 64 40 68 56 45 20 56 57
2414 2414 0 0 0 0 0 0 0 0 0 0 0 0 0 0 0 0 0 0 0 0 0 0 0 0
2318 2324 0 0 0 0 0 0 0 0 0 0 0 0 0 0 0 0 0 0 0 0 0 0 0 0
1774 1786 39 71 8 21 27 34 14 44 34 25 24 31 5 43 38 25 20 14 19 1 8 63 2 34
636 3318 7 66 45 61 34 42 36 1 44 63 17 39 32 18 5 50 43 25 4 66 22 24 29 70
2462 2462 0 0 0 0 0 0 0 0 0 0 0 0 0 0 0 0 0 0 0 0 0 0 0 0
2091 2112 52 61 45 52 16 71 62 14 4 11 9 32 5 24 56 71 20 43 4 17 70 66 39 3
4939 4950 50 68 52 32 38 2 64 68 20 56 56 8 42 56 8 24 56 50 28 22 68 4 46 70
1507 2283 7 7 22 68 13 17 22 38 14 4 5 10 57 22 46 13 31 62 3 41 18 49 63 67
1539 1539 40 64 0 12 0 66 26 10 44 56 48 22 8 6 14 30 28 62 32 28 16 38 36 2
1740 1756 13 52 42 12 24 36 34 5 36 43 18 44 44 27 64 27 5 60 43 57 63 15 12 28
3356 3395 0 0 0 0 0 0 0 0 0 0 0 0 0 0 0 0 0 0 0 0 0 0 0 0
795 2178 1 24 63 12 36 8 21 42 24 50 49 26 37 61 7 56 68 63 57 43 1 40 70 42
2044 2044 0 56 32 32 0 16 64 0 0 32 56 8 24 32 8 64 64 48 16 0 40 16 24 56
1724 1741 45 41 55 21 71 17 17 71 53 53 1 5 63 46 12 36 14 55 3 1 29 47 56 63
1840 1846 25 67 62 20 36 41 45 34 59 46 45 31 57 19 44 50 69 58 49 25 44 68 3 45
68 530 52 4 23 66 60 48 12 3 15 14 6 47 42 23 24 24 15 59 1 3 26 54 33 59
3115 3115 1 40 48 59 71 35 26 62 32 63 22 45 8 14 29 9 61 7 47 35 10 18 24 65
3045 3055 16 57 49 4 8 49 68 21 16 69 39 19 9 16 57 42 65 71 31 68 7 63 17 10
3294 3329 55 15 42 50 12 59 20 39 64 40 46 21 26 37 54 21 26 54 61 26 54 48 10 69
1042 1509 6 50 14 45 30 60 54 21 37 38 43 16 61 43 2 14 48 70 69 37 54 27 3 21
3012 3012 46 40 3 27 45 32 43 43 6 3 30 14 51 54 54 9 1 52 17 41 66 71 30 21
1378 1396 37 58 7 68 70 34 56 36 26 59 31 20 50 1 14 38 6 71 25 22 54 33 65 48
2527 2543 55 7 65 14 5 58 38 34 13 0 20 54 57 52 34 53 29 65 46 5 70 31 12 4
3528 4467 44 70 59 49 14 48 29 37 3 4 71 64 16 13 50 69 21 25 41 59 44 0 11 31
1308 1308 19 68 15 21 3 38 21 50 1 5 31 70 10 47 15 37 57 59 42 21 26 50 34 7
2572 2580 42 25 19 21 24 14 35 19 59 39 15 35 16 21 15 71 23 65 6 43 34 21 9 60
4393 4439 36 8 20 16 44 60 24 52 24 24 20 4 0 8 44 4 48 40 52 0 56 52 0 60
119 2573 9 2 61 4 23 18 52 9 17 67 40 33 5 65 28 36 43 5 8 21 60 27 61 41
2862 2862 64 1 54 5 64 15 20 65 49 23 8 31 62 16 29 26 1 49 63 10 28 46 42 28
1980 2003 30 40 60 29 9 54 57 60 44 27 5 9 63 10 63 39 43 19 67 27 66 69 71 15
3219 3235 60 24 24 24 12 48 36 60 12 36 0 12 60 36 36 60 24 60 36 60 36 60 48 0
1235 1594 56 47 23 64 42 32 52 29 52 68 22 39 6 22 46 27 18 42 18 70 30 34 21 11
3014 3014 0 0 0 0 0 0 0 0 0 0 0 0 0 0 0 0 0 0 0 0 0 0 0 0
2281 2293 36 46 6 51 58 36 4 8 2 50 11 23 42 24 71 45 7 6 32 68 0 2 24 51
3382 3424 38 61 0 2 62 70 13 4 56 7 37 7 43 9 54 71 56 26 34 52 60 63 66 53
772 1513 18 19 7 23 34 47 48 65 4 55 56 11 51 24 53 7 19 31 68 33 61 60 32 45
4279 4279 39 35 69 51 6 42 8 52 34 65 18 16 50 33 35 14 71 60 37 5 6 64 20 27
3007 3013 16 16 54 38 12 54 70 38 46 28 54 0 20 22 40 4 54 60 26 6 30 6 30 64
4813 4843 32 24 18 35 47 68 39 5 53 9 5 66 24 3 20 32 56 7 4 5 35 55 68 42
2711 3716 26 56 49 18 9 7 42 44 55 65 41 41 3 13 48 58 10 53 23 21 57 15 55 16
4317 4317 24 47 69 0 20 6 32 61 35 7 65 56 40 13 5 63 51 16 35 3 24 21 4 24
3998 3998 65 26 5 67 26 23 35 23 66 21 19 49 35 26 51 67 28 51 60 13 13 44 9 65
73 105 32 10 17 12 30 18 55 11 39 15 29 68 63 34 39 50 36 1 44 16 30 46 30 54
1094 2303 21 23 42 62 6 54 55 41 49 29 6 31 36 9 56 38 17 39 22 18 46 38 52 44
3207 3207 45 63 42 33 36 24 51 27 24 15 27 18 0 39 6 30 69 33 3 3 0 0 57 51
810 811 40 45 21 45 55 57 68 53 61 14 63 38 63 48 71 1 46 16 70 37 16 38 6 49
1081 1086 70 27 43 44 31 10 36 54 51 11 45 63 7 45 7 39 3 9 70 38 17 56 59 14
33 101 56 70 66 32 60 45 52 59 9 46 40 69 40 68 22 39 42 12 68 28 18 41 53 44
3714 3714 40 40 14 20 14 2 4 64 22 48 66 68 44 36 60 20 0 60 50 12 12 26 10 40
4897 4914 26 68 18 54 17 43 27 12 44 59 53 22 57 66 62 3 70 65 63 33 12 13 38 42
2836 2872 57 7 58 59 12 2 70 37 7 23 33 14 15 53 9 36 12 52 68 21 35 20 14 28
568 2919 1 53 69 6 36 18 12 55 29 15 42 14 66 56 11 35 7 10 61 20 7 13 15 1
4897 4897 0 0 0 0 0 0 0 0 0 0 0 0 0 0 0 0 0 0 0 0 0 0 0 0
4243 4264 68 12 47 62 53 53 59 11 19 50 12 17 43 42 40 1 45 40 38 61 17 47 33 13
2285 2294 38 46 37 55 31 10 22 51 57 49 58 59 23 40 35 47 64 41 41 67 56 60 7 43
16 1210 14 42 70 58 0 45 24 22 37 12 62 33 34 36 69 32 5 60 29 66 43 24 24 67
3521 3521 66 71 67 36 2 64 52 30 71 21 10 69 54 20 8 4 30 22 46 56 19 34 37 0
1686 1694 53 38 41 29 70 54 6 63 65 69 69 11 65 14 40 35 23 47 30 62 7 66 50 66
586 598 27 13 3 6 43 2 25 69 35 66 34 27 68 61 70 23 71 44 34 36 19 24 20 43
2686 2851 59 60 4 8 19 20 38 70 44 60 1 37 31 33 39 68 25 65 11 22 61 40 29 8
84 84 48 64 64 56 8 56 48 8 56 24 48 64 0 40 16 48 32 48 24 32 40 32 48 40
3079 3100 50 62 57 39 27 52 53 34 13 4 63 36 19 0 62 35 21 29 23 44 55 32 33 25
3730 3749 34 40 69 56 34 38 22 62 24 49 37 61 33 44 19 16 23 20 28 1 20 32 25 6
40 583 33 38 17 57 23 34 26 19 45 22 39 10 64 31 15 13 38 67 15 13 16 50 26 36
2005 2005 0 0 0 0 0 0 0 0 0 0 0 0 0 0 0 0 0 0 0 0 0 0 0 0
577 582 15 48 69 39 18 66 30 45 45 33 27 60 66 3 48 21 54 36 63 51 60 39 30 24
3484 3484 0 8 22 27 63 64 26 29 22 32 48 64 38 22 11 62 26 38 48 45 66 47 55 50
176 347 8 46 49 66 21 12 0 60 9 32 35 68 55 11 6 9 7 34 40 21 51 59 14 40
1338 1338 39 32 69 10 66 56 61 21 39 10 6 25 43 70 60 8 45 60 47 38 35 12 22 11
2104 2119 60 30 66 0 12 12 36 54 42 60 0 6 6 48 60 0 36 30 42 42 66 18 24 30
1392 1393 9 64 0 32 24 68 60 25 34 65 48 25 59 62 10 48 60 33 64 39 21 22 36 13
3323 3749 65 12 47 1 36 37 1 48 56 57 16 8 26 25 26 0 14 26 37 65 55 47 28 44
2351 2351 58 35 30 7 50 48 25 27 35 1 37 32 22 66 29 20 9 33 50 0 36 12 11 50
4655 4656 71 10 47 62 56 20 5 11 43 5 11 29 10 15 45 44 25 16 19 16 17 59 24 15
4173 4188 21 41 48 26 33 34 30 12 35 54 3 69 58 70 66 20 3 6 25 37 29 63 29 71
873 953 5 22 27 17 13 45 36 57 37 69 4 20 33 26 62 66 13 18 37 41 52 60 66 58
2966 2966 22 44 16 40 53 59 55 71 62 42 69 43 22 60 12 57 15 62 24 54 23 16 42 16
3252 3259 11 5 23 58 4 58 26 38 57 49 25 39 27 9 54 32 2 31 11 60 54 42 64 58
251 287 32 10 44 59 17 47 65 50 39 53 43 67 22 68 24 6 49 36 46 10 5 63 52 12
1261 1473 43 52 39 48 8 28 45 47 22 68 61 67 16 31 42 33 63 11 58 43 19 15 38 26
3470 3470 0 0 0 0 0 0 0 0 0 0 0 0 0 0 0 0 0 0 0 0 0 0 0 0
1471 1472 56 14 29 51 5 15 35 10 70 28 0 6 49 30 33 32 21 68 24 44 29 44 70 38
1242 1288 5 32 28 59 0 41 27 69 34 68 29 65 9 6 66 24 7 43 40 41 6 23 3 62
2117 4045 16 23 56 55 24 27 66 35 59 39 57 65 13 51 55 36 57 67 12 18 50 20 1 63
4683 4683 10 70 16 70 68 46 44 48 68 8 42 8 32 18 26 44 12 4 42 50 2 62 34 24
2836 2847 41 3 22 31 8 2 55 12 26 13 62 65 13 35 17 41 59 10 66 63 19 60 52 10
1886 1928 68 46 10 38 26 44 47 60 41 71 45 62 64 4 9 21 16 42 27 21 3 3 13 4
955 2352 14 68 37 57 25 23 24 7 59 18 17 24 15 7 43 9 55 59 60 62 53 5 25 21
3981 3981 23 13 12 71 38 17 17 69 25 52 61 10 8 49 67 1 54 5 20 21 47 47 10 42
1483 1485 11 54 14 0 52 49 9 34 25 1 6 13 20 64 29 44 46 48 33 5 70 69 27 4
4918 4922 34 29 27 57 42 31 22 4 31 29 64 64 68 26 12 14 39 35 9 19 48 14 27 66
3020 3322 33 24 5 68 44 10 56 47 27 67 56 48 49 34 10 49 53 1 11 9 65 60 3 29
491 491 18 57 71 51 38 37 42 33 54 2 62 44 19 25 19 11 7 32 66 55 26 45 4 31
501 512 12 41 34 3 50 51 70 65 61 38 33 56 16 17 5 17 12 17 55 55 41 60 32 4
212 249 43 13 68 3 52 14 54 9 10 46 1 46 30 35 57 28 7 13 13 20 35 27 19 7
1138 3217 50 47 68 27 4 30 38 24 37 68 35 8 48 1 2 22 52 14 15 29 31 21 67 61
2661 2661 16 0 8 0 68 52 36 0 56 68 32 36 44 28 4 20 60 56 48 52 52 24 48 48
3521 3524 18 9 0 54 63 0 18 54 27 45 0 45 18 0 0 27 45 0 45 9 9 36 63 27
4084 4097 58 22 8 41 41 18 49 24 49 5 36 22 58 51 19 51 44 30 6 23 47 54 14 23
509 935 62 18 26 40 26 26 52 28 44 56 68 34 10 42 24 50 36 64 60 14 14 14 34 14
4977 4977 20 16 46 52 50 49 49 65 18 61 15 21 14 24 9 6 71 15 66 5 31 16 59 25
651 661 44 32 7 46 62 1 63 35 50 5 60 27 58 50 68 48 67 71 16 28 17 18 38 45
1216 1228 41 71 44 15 71 1 5 4 16 18 4 68 41 4 54 42 23 64 66 3 43 3 51 36
125 712 22 68 61 10 39 8 22 24 10 42 44 46 10 21 33 36 57 38 41 51 27 2 15 13
2956 2956 42 62 16 0 38 22 40 66 26 68 54 24 28 32 52 6 70 48 26 36 4 24 66 46
3212 3220 18 32 0 23 44 45 28 2 23 42 14 17 34 1 58 27 18 48 16 39 35 28 14 2
2079 2093 45 40 43 38 51 36 12 22 70 6 27 17 7 13 24 8 66 27 38 58 28 26 59 57
58 454 20 2 26 25 33 0 27 14 66 52 27 34 69 33 52 14 17 57 66 38 19 1 60 38
285 285 63 48 44 12 66 35 18 65 16 48 29 39 8 7 25 1 66 33 53 54 44 50 41 14
444 449 6 59 55 43 64 68 46 49 50 55 13 49 7 46 6 61 14 54 28 58 35 22 26 12
177 206 57 63 51 6 54 48 15 54 24 18 48 21 39 9 45 21 15 18 51 45 0 15 36 45
534 777 48 8 32 32 56 8 8 56 24 16 56 16 16 48 64 64 8 56 16 16 48 32 64 32
914 914 5 22 38 70 4 3 67 8 28 31 37 41 49 41 12 11 61 62 22 67 14 13 9 56
2504 2513 61 70 14 67 60 34 0 42 23 30 66 51 2 16 46 33 23 43 3 48 14 0 61 36
4130 4167 48 67 49 2 61 65 50 70 18 36 35 54 7 55 60 15 68 59 55 16 5 8 15 21
518 644 58 10 52 70 16 44 48 48 34 8 38 66 22 28 28 68 20 8 2 70 58 44 48 16
4242 4242 39 1 20 61 2 50 19 40 9 21 30 65 34 64 35 66 53 56 12 30 60 54 50 54
2595 2600 37 24 20 66 55 35 59 28 49 49 64 33 28 69 14 41 17 34 28 50 5 70 66 60
4400 4426 52 14 71 16 59 40 9 13 31 69 9 13 21 28 39 44 69 71 70 11 43 46 33 59
121 3424 28 52 60 42 70 58 5 27 31 47 6 24 32 18 47 37 13 27 43 34 43 66 32 54
1665 1665 25 23 1 20 16 42 35 46 1 28 69 16 2 15 9 7 32 9 30 7 20 15 71 21
774 778 43 21 22 19 52 63 69 48 11 46 45 43 28 66 42 64 53 62 27 11 70 61 71 28
2412 2457 25 58 37 42 33 37 2 15 60 46 55 3 10 52 52 7 49 9 56 24 31 53 14 7
119 630 63 61 15 34 27 4 30 3 69 32 60 17 24 47 52 37 37 26 71 27 43 30 69 45
647 647 38 10 52 8 23 16 71 39 71 12 12 59 62 34 34 14 29 13 61 51 47 12 62 39
2719 2737 58 36 61 11 57 44 0 65 52 48 19 62 55 0 2 37 43 71 24 63 43 10 58 48
1028 1064 60 60 1 56 26 62 52 54 67 47 57 61 50 29 6 34 38 61 69 21 42 56 12 30
1503 4862 59 59 56 53 66 13 59 59 63 5 43 49 30 14 17 13 67 27 66 8 24 49 23 0
256 256 3 16 22 45 15 71 59 22 60 43 68 28 28 41 55 23 55 21 23 11 68 56 4 27
4819 4837 13 47 65 65 71 46 2 20 67 59 42 62 23 18 62 67 37 49 36 60 16 38 69 45
3972 4019 46 27 69 31 1 68 61 42 35 5 8 22 29 59 19 5 70 36 63 63 54 26 22 29
77 395 40 29 4 18 7 52 51 15 52 68 18 17 11 45 60 1 53 6 43 56 20 17 58 34
3927 3927 40 17 18 11 23 71 33 34 8 66 45 66 57 58 48 25 56 34 27 70 40 56 58 21
616 627 31 29 36 60 15 54 61 4 13 18 67 4 6 2 70 71 21 39 0 36 11 55 63 63
2336 2360 54 29 28 69 8 37 62 24 45 0 32 63 16 54 21 38 67 42 38 63 61 47 47 16
857 1652 63 66 30 18 69 69 9 42 45 30 21 39 54 60 69 12 69 66 24 63 9 24 27 66
3758 3758 35 40 48 42 3 42 58 27 36 37 16 15 17 17 9 45 48 55 58 9 66 1 71 30
4935 4947 19 30 10 37 48 57 46 49 27 62 48 58 30 33 68 16 33 62 31 50 67 29 9 67
22 25 45 18 45 9 9 45 27 0 27 18 63 0 63 9 36 45 0 45 9 63 18 9 0 63
3501 3530 67 50 45 48 49 23 26 19 50 4 17 28 31 44 43 54 37 4 55 71 21 59 2 7
3417 3417 26 61 17 44 30 46 39 54 67 38 57 65 38 12 70 46 43 58 59 23 64 69 66 7
4423 4431 18 20 70 13 28 42 42 22 31 55 40 17 47 15 67 55 9 21 56 6 67 67 60 51
2953 2985 25 32 41 66 44 66 26 3 63 28 63 23 67 14 41 8 63 44 9 17 45 5 62 33
2591 4945 2 36 68 17 17 53 14 49 70 33 28 6 0 2 48 4 14 12 35 69 20 43 32 59
2560 2560 11 20 33 64 52 71 1 13 68 68 5 5 44 58 18 36 2 24 35 58 28 48 5 4
4683 4684 60 12 48 48 12 36 24 0 36 36 12 48 12 48 48 0 60 0 60 48 36 0 12 24
3912 3933 60 10 27 53 31 46 64 70 19 15 40 17 5 44 3 33 27 49 41 10 24 50 43 16
1346 2419 13 54 16 41 5 7 37 24 50 27 31 34 27 69 5 62 14 19 8 68 35 36 43 27
4883 4883 38 70 7 32 36 9 43 69 37 57 14 49 71 32 30 53 59 27 42 14 69 2 4 1
937 949 71 56 33 16 9 53 39 39 37 53 4 2 11 8 67 26 29 68 0 71 8 68 31 64
2556 2601 26 31 49 25 24 7 9 57 4 14 46 42 10 64 6 11 40 15 19 30 17 58 65 12
1858 2131 68 2 7 40 37 31 45 40 67 41 53 62 0 61 52 68 21 8 47 50 32 44 58 67
3892 3892 52 9 65 4 68 43 8 26 50 16 69 59 39 65 53 50 36 33 29 68 26 31 64 43
1174 1195 62 19 11 14 46 53 50 55 68 60 42 65 3 29 11 31 53 69 16 38 6 51 9 29
4511 4542 56 19 0 55 51 40 11 9 33 17 29 17 24 44 15 32 43 30 18 71 11 18 65 7
2868 4239 20 66 64 50 3 26 50 66 26 28 3 23 58 70 21 32 59 7 19 26 19 17 35 38
1135 1135 11 65 57 12 57 32 4 2 5 51 20 5 42 17 38 68 47 7 70 23 17 65 53 15
1373 1381 28 64 25 18 22 56 29 8 8 41 65 35 26 12 43 40 17 71 26 22 33 24 52 36
1148 1149 48 12 0 60 12 56 64 68 12 56 28 4 20 56 4 40 44 36 12 4 20 4 48 20
3760 4866 5 41 70 34 19 0 61 55 32 10 35 58 65 48 3 1 46 69 54 0 10 32 52 18
2950 2950 16 32 0 24 56 16 40 56 56 0 32 32 8 0 8 0 64 24 40 0 0 56 8 48
625 637 9 22 23 16 2 46 52 38 27 31 13 24 50 62 18 65 12 9 60 14 43 36 30 38
1992 2031 56 12 36 32 60 12 62 0 62 4 30 2 40 8 18 6 0 30 26 58 16 4 66 68
2407 2697 26 11 17 67 8 27 8 51 56 68 59 20 10 44 34 53 8 39 14 63 65 25 18 54
3652 3652 56 28 42 8 46 38 18 24 28 46 38 28 34 34 52 20 6 38 68 56 8 16 34 54
2024 2043 13 54 22 27 16 16 23 7 7 65 21 53 32 29 65 38 32 46 19 64 10 25 28 45
3473 3498 5 59 4 71 16 58 22 62 48 67 42 51 3 66 38 19 42 61 16 15 40 0 41 38
232 2491 69 34 42 63 27 18 60 45 71 38 8 27 28 61 20 54 71 38 14 54 64 59 8 45
4061 4061 16 16 12 64 33 13 48 21 0 24 11 69 16 18 5 45 24 16 61 67 20 41 11 49
3975 3995 20 46 42 68 54 32 48 4 42 56 38 18 48 22 62 44 12 12 40 46 28 10 8 0
3612 3647 25 68 64 53 51 27 28 64 15 39 24 7 10 32 36 69 44 18 53 44 30 66 47 22
1820 3376 8 9 67 30 50 47 16 52 66 54 59 70 48 57 23 2 8 33 36 56 14 37 46 44
3331 3331 0 0 0 0 0 0 0 0 0 0 0 0 0 0 0 0 0 0 0 0 0 0 0 0
2690 2707 50 39 56 54 36 63 71 27 14 6 68 26 28 47 46 47 64 33 56 33 50 38 57 59
3799 3816 23 23 11 7 39 29 23 59 18 16 48 35 35 41 50 16 47 42 19 19 20 58 70 12
2366 4317 35 35 65 32 59 55 9 60 51 49 52 50 37 60 62 43 58 55 0 42 10 22 31 71
578 578 0 0 0 0 0 0 0 0 0 0 0 0 0 0 0 0 0 0 0 0 0 0 0 0
4566 4585 32 61 64 63 57 64 71 44 37 32 17 69 29 13 34 43 26 8 15 16 66 20 42 58
547 582 48 48 64 64 56 16 0 16 40 48 48 40 56 32 24 48 48 24 64 8 32 64 48 64
800 1021 52 55 60 36 9 3 14 70 2 56 11 44 47 13 29 43 53 27 34 60 56 29 7 34
2926 2926 69 45 66 60 27 69 21 9 9 36 33 69 57 42 3 45 45 69 60 42 63 51 45 63
4719 4726 19 48 34 27 19 18 24 64 24 57 56 61 55 47 49 18 7 3 60 46 0 58 65 44
267 295 47 45 16 54 31 16 18 25 54 27 61 38 53 26 65 58 57 40 17 7 53 21 65 4
1836 2833 67 29 63 4 14 55 21 1 28 13 49 6 56 39 56 44 40 11 15 57 12 3 52 39
1836 1836 55 30 6 36 34 28 11 33 30 24 26 49 42 33 64 29 16 6 37 4 41 16 25 69
2934 2949 60 8 18 4 10 22 14 32 56 4 64 62 12 48 60 12 36 12 64 24 48 30 44 48
3107 3138 21 16 17 65 48 66 17 8 19 71 30 35 21 34 18 28 42 30 49 3 1 20 55 63
1 1 0 0 0 0 0 0 0 0 0 0 0 0 0 0 0 0 0 0 0 0 0 0 0 0
4809 4809 36 4 28 4 56 32 28 32 48 8 56 68 24 60 60 32 12 48 8 24 68 48 44 68
4299 4320 59 66 38 67 46 25 36 9 22 34 58 0 43 53 27 22 16 54 48 64 27 55 46 17
3247 3250 48 64 48 24 16 24 40 40 48 48 64 16 32 8 56 56 0 56 32 48 64 8 24 0
1551 2592 38 15 19 45 5 4 44 69 29 49 4 1 62 39 6 59 67 50 35 27 50 40 68 52
3277 3277 0 0 0 0 0 0 0 0 0 0 0 0 0 0 0 0 0 0 0 0 0 0 0 0
3237 3247 61 10 1 56 21 2 4 26 46 21 17 56 20 59 4 70 44 24 31 21 44 17 34 53
4111 4138 44 3 54 19 38 31 19 43 52 16 39 16 30 33 7 68 29 61 13 48 3 2 41 22
1951 3228 23 11 58 65 13 67 67 39 34 57 2 11 1 21 3 34 45 4 18 50 19 26 24 65
2588 2588 47 58 64 2 5 19 27 61 6 45 71 38 50 45 24 3 2 50 3 11 9 38 20 43
3325 3336 20 3 2 58 50 45 67 62 51 26 59 40 27 52 56 13 70 68 24 59 65 14 57 27
2068 2108 50 59 50 25 56 56 28 46 43 60 23 17 50 3 50 69 11 11 35 2 14 24 68 11
63 291 50 64 58 62 11 69 24 51 4 23 51 11 26 32 57 61 64 29 32 10 40 39 19 31
2684 2684 0 0 0 0 0 0 0 0 0 0 0 0 0 0 0 0 0 0 0 0 0 0 0 0
4784 4787 14 44 13 40 38 33 3 10 62 47 8 68 8 12 25 6 30 32 35 56 12 60 11 14
2475 2505 17 62 22 17 12 3 21 31 35 12 57 63 36 71 13 35 19 23 27 4 33 12 45 20
2989 4437 56 54 6 0 12 4 46 38 52 0 26 62 12 56 16 56 0 14 42 8 58 46 44 36
3814 3814 18 42 6 24 66 18 48 42 30 54 6 48 48 66 54 42 54 60 30 18 54 36 66 30
1369 1381 54 2 40 64 27 15 14 33 23 34 41 11 3 56 65 5 25 35 41 56 38 1 24 1
3838 3885 61 29 40 43 59 42 31 41 9 22 28 69 10 55 18 29 67 22 65 14 7 63 61 18
1244 1963 19 32 43 54 44 69 38 60 16 14 59 55 59 39 36 8 4 67 6 70 40 64 24 65
2776 2776 24 65 25 33 36 28 61 58 25 31 33 25 20 65 51 69 19 17 11 32 44 43 5 22
1766 1771 67 41 68 19 12 57 1 8 27 61 24 54 17 15 67 60 24 9 62 51 57 58 40 58
4506 4532 57 43 52 39 63 0 56 38 55 14 21 4 54 8 63 21 17 45 63 7 44 60 32 46
123 391 69 17 25 40 1 32 23 28 11 22 39 28 30 62 57 32 7 0 30 51 28 57 15 6
1413 1413 22 1 49 61 4 47 18 25 41 63 51 1 43 21 12 45 2 17 26 70 6 52 38 40
2962 2985 39 5 66 13 10 21 23 71 31 24 50 37 36 49 21 0 38 29 5 41 59 15 58 20
2557 2572 7 54 67 25 19 11 19 0 47 41 17 43 6 64 19 55 29 5 38 61 23 9 49 67
3858 4815 30 70 10 54 64 66 53 37 18 57 42 2 44 47 34 19 57 9 67 35 51 45 46 33
321 321 54 19 5 3 5 7 11 63 71 59 30 21 56 58 68 25 8 47 65 45 21 47 63 64
3408 3408 7 14 55 12 61 21 45 38 47 6 14 54 9 59 12 30 32 71 12 28 34 56 52 18
988 995 71 58 23 15 61 38 48 36 23 20 26 15 25 17 50 49 16 1 47 29 52 29 67 46
1065 4725 10 50 43 2 16 40 66 16 60 19 37 1 40 24 27 3 29 17 53 37 45 69 71 3
4510 4510 0 0 0 0 0 36 36 36 36 0 36 36 36 36 36 36 36 36 0 0 36 0 0 36
3675 3675 4 37 26 13 9 2 48 62 56 13 71 14 33 5 25 25 1 61 7 3 15 69 46 45
3831 3872 51 27 3 56 42 22 31 43 16 36 27 29 50 27 39 22 49 22 28 16 0 23 7 45
2050 4787 5 49 20 40 67 21 62 30 19 51 42 62 4 58 1 4 4 36 17 28 1 23 1 62
4345 4345 0 0 0 0 0 0 0 0 0 0 0 0 0 0 0 0 0 0 0 0 0 0 0 0
4735 4752 4 31 26 59 2 55 47 20 7 52 35 25 54 38 8 67 20 6 60 54 12 8 40 31
2517 2547 69 65 10 35 13 62 15 17 66 23 58 35 22 51 26 43 16 66 42 35 64 39 64 15
459 977 0 0 0 0 0 0 0 0 0 0 0 0 0 0 0 0 0 0 0 0 0 0 0 0
3883 3883 0 0 0 0 0 0 0 0 0 0 0 0 0 0 0 0 0 0 0 0 0 0 0 0
2014 2017 24 65 57 53 15 48 1 25 58 55 30 31 10 52 52 27 6 22 54 11 25 40 16 44
735 759 27 70 44 58 16 19 9 29 39 24 30 13 48 14 52 32 4 60 59 5 13 41 31 14
1532 3553 4 59 21 5 65 51 22 32 24 44 69 70 33 5 12 50 53 10 36 21 62 32 3 34
379 379 0 59 54 56 42 68 17 63 3 64 66 12 23 6 3 49 62 36 15 5 62 22 19 23
412 426 4 58 5 70 32 67 21 38 37 46 55 4 27 32 2 28 30 59 43 55 21 41 53 11
2674 2689 22 18 38 48 8 22 50 50 46 0 46 8 8 8 28 12 26 26 52 44 34 46 54 6
1594 3091 32 24 40 24 24 32 64 8 16 0 40 32 8 0 24 64 40 8 64 8 16 32 32 64
142 142 48 13 23 4 15 48 32 34 61 70 32 18 23 64 41 69 47 40 13 38 24 65 66 10
3221 3224 37 70 61 67 32 33 28 14 50 47 40 47 14 43 63 18 21 9 5 10 35 67 65 45
4206 4225 30 70 37 69 36 53 61 48 3 61 49 46 12 45 42 0 36 50 70 35 64 25 10 70
2338 4496 8 12 23 36 23 63 65 30 37 48 24 60 7 64 33 71 13 69 64 55 58 67 37 8
3281 3281 19 8 58 40 67 36 31 34 22 34 64 51 5 9 31 36 19 27 3 21 5 62 22 5
2808 2831 3 67 8 43 25 42 47 50 6 35 52 20 59 8 24 0 9 28 40 1 36 69 27 54
209 240 54 24 36 54 24 0 30 42 0 42 30 54 48 66 6 12 48 54 0 48 54 36 6 60
3772 4088 68 13 35 23 35 7 57 66 62 10 43 52 38 71 63 20 47 57 64 24 59 7 38 18
2875 2875 0 0 0 0 0 0 0 0 0 0 0 0 0 0 0 0 0 0 0 0 0 0 0 0
1693 1702 50 30 60 34 34 20 43 67 2 15 43 14 20 9 48 8 23 3 57 60 71 19 22 54
4777 4782 44 9 4 56 61 5 63 0 37 22 10 66 3 46 30 52 10 12 61 68 8 0 3 18
2360 2408 15 5 11 13 28 29 44 46 5 57 34 52 5 20 9 57 47 24 48 11 15 43 32 63
1571 1571 60 5 62 23 64 23 37 9 33 54 59 10 52 58 28 5 1 63 28 0 48 19 22 55
2898 2905 39 37 42 16 11 42 22 58 52 57 67 20 19 58 59 52 9 50 14 35 0 71 44 69
1629 1668 10 36 58 40 28 40 30 14 54 16 34 30 2 34 4 24 4 56 8 16 10 16 22 62
2051 2620 26 54 28 67 38 0 8 27 39 6 66 41 71 13 60 43 28 37 14 21 22 17 10 37
672 672 52 16 43 4 35 24 33 50 68 24 70 62 62 68 16 15 56 59 27 56 1 68 20 70
2948 2969 40 40 16 14 6 42 62 18 68 52 12 52 22 24 30 44 4 70 24 0 4 36 22 34
2008 2037 22 54 69 57 42 58 9 15 48 35 61 63 44 4 5 28 7 22 37 17 27 37 62 29
4699 4728 67 34 47 3 57 44 63 18 5 66 31 9 12 10 9 4 8 24 20 20 36 0 68 15
564 564 71 47 55 21 38 48 36 8 55 67 49 40 64 6 64 19 9 3 4 70 24 5 41 9
3115 3122 64 38 58 68 16 10 5 36 58 66 58 2 71 58 26 39 13 53 39 60 45 16 51 22
774 811 2 30 3 20 1 37 71 52 33 33 60 43 40 20 30 12 58 34 49 3 70 57 44 4
1949 4097 54 42 8 19 45 26 26 32 36 15 68 57 23 16 67 18 36 57 24 32 70 43 32 61
4776 4776 45 36 16 68 63 10 26 7 31 4 13 50 7 69 55 37 35 68 17 38 39 66 23 42
1887 1889 51 31 50 33 59 64 19 26 55 44 1 53 33 55 69 27 57 68 2 51 14 42 27 20
1222 1261 48 34 49 41 40 39 5 53 25 7 47 63 42 34 40 55 28 38 30 22 28 2 52 54
2307 4535 68 26 65 26 16 3 23 2 24 60 64 3 47 41 65 37 30 23 67 59 36 66 16 60
1044 1044 6 62 18 18 50 14 66 24 36 12 36 16 26 28 26 2 42 34 8 32 16 6 12 62
3177 3183 17 19 30 48 49 17 30 48 1 35 48 44 40 29 37 43 45 62 38 64 20 17 13 61
3629 3643 10 12 40 6 0 10 8 52 38 6 22 64 34 48 14 36 50 52 8 66 4 60 22 22
461 4953 0 42 67 67 1 35 12 33 20 7 71 50 5 54 14 28 0 41 66 62 27 42 43 53
3980 3980 36 55 31 17 45 31 18 62 29 65 46 67 47 15 63 17 38 51 63 15 23 5 12 34
3773 3785 0 33 11 37 4 25 23 35 66 63 26 13 24 33 71 5 56 0 8 34 63 50 61 32
2866 2903 58 19 28 70 66 61 67 24 70 22 16 17 15 17 58 41 69 33 63 65 57 8 40 10
642 1002 49 1 51 3 20 3 40 49 10 27 30 63 7 57 31 18 60 21 25 47 8 57 11 46
4853 4853 43 62 59 45 67 15 25 22 50 20 39 7 68 41 51 32 50 61 3 35 67 2 69 44
2857 2878 5 1 47 60 47 32 33 33 26 36 29 69 28 24 24 70 34 70 37 6 35 59 53 2
4942 4961 57 58 58 39 17 61 52 63 58 68 71 68 50 6 63 10 14 35 17 57 0 47 36 33
641 1765 62 20 70 26 36 6 50 36 48 12 64 58 56 26 8 68 56 4 26 8 18 36 66 32
387 387 6 26 18 43 29 10 3 69 17 54 68 58 16 0 9 44 53 18 18 58 0 38 67 43
3667 3675 0 33 28 4 20 41 20 0 52 65 32 32 29 28 35 34 38 10 52 53 46 40 15 42
1805 1811 31 33 49 31 17 68 48 62 57 63 23 10 16 17 29 36 15 7 39 18 59 38 39 48
2049 4876 60 26 9 70 31 33 38 7 35 29 20 22 53 63 40 31 1 56 18 20 47 19 42 29
1603 1603 16 53 11 54 38 53 58 50 16 16 42 16 9 4 54 54 49 25 7 40 54 39 35 22
2377 2386 58 66 64 57 11 19 36 60 11 41 41 11 20 36 65 67 10 24 44 11 25 46 34 36
2269 2269 64 23 29 64 3 39 49 38 40 32 56 5 6 54 4 59 32 71 45 1 67 58 22 48
129 147 51 17 10 55 52 7 58 53 63 65 62 18 22 32 70 59 33 65 32 12 14 53 60 22
973 973 0 0 0 0 0 0 0 0 0 0 0 0 0 0 0 0 0 0 0 0 0 0 0 0
2425 2440 26 57 22 60 23 48 33 40 24 53 0 22 55 26 4 23 60 21 25 38 54 6 18 10
635 666 67 48 49 10 55 33 11 16 27 44 37 43 10 51 69 14 2 32 13 41 60 60 0 47
2506 4458 2 64 10 28 8 22 34 2 52 36 26 64 24 46 62 14 8 66 64 38 28 10 22 10
1357 1357 0 0 0 0 0 0 0 0 0 0 0 0 0 0 0 0 0 0 0 0 0 0 0 0
3940 3956 31 35 48 23 19 10 20 36 55 62 45 43 71 4 8 15 32 49 25 15 61 28 23 5
2940 2954 40 44 18 6 50 40 10 32 68 54 44 8 20 18 20 54 16 6 10 54 18 68 20 66
772 1417 59 5 24 30 22 59 34 32 18 21 47 55 33 28 27 69 2 67 63 51 16 54 58 45
3156 3156 34 65 61 59 13 65 59 45 7 65 52 63 41 70 0 29 20 67 29 56 9 43 45 26
3973 3978 67 49 51 48 67 63 69 33 14 61 50 29 44 18 49 57 26 10 16 8 2 9 23 32
14 22 5 69 42 35 47 68 18 30 40 53 51 69 7 42 20 60 41 21 35 35 49 47 26 35
3431 4828 6 59 10 62 41 8 9 43 24 49 27 36 29 46 50 54 7 15 16 42 56 11 50 6
740 740 58 37 24 67 6 1 33 61 36 16 37 2 57 48 35 57 71 65 13 31 20 10 35 55
3019 3035 10 38 22 69 45 24 23 31 66 15 68 13 35 12 22 6 20 44 3 46 17 38 16 14
1952 1995 4 18 5 71 62 44 21 6 1 19 47 57 32 17 19 18 15 47 12 69 33 1 68 5
1625 2388 57 19 31 25 9 2 9 38 8 9 9 53 68 47 54 31 62 50 62 65 11 56 25 11
4723 4723 5 60 0 36 7 42 67 64 32 33 53 21 41 42 41 63 12 56 30 33 64 56 0 55
2150 2158 1 45 46 24 10 2 65 27 6 62 67 6 5 62 31 59 8 23 19 70 34 46 18 71
2693 2729 25 48 16 54 21 12 42 30 60 70 7 59 29 65 63 42 49 65 71 64 37 70 45 44
24 70 45 5 61 68 31 2 37 43 67 14 61 3 24 66 65 1 18 6 25 69 27 12 63 32
1397 1397 17 25 40 2 60 9 20 18 5 47 64 15 2 41 16 21 13 20 30 53 9 55 36 1
3004 3007 67 58 50 44 32 62 67 66 56 3 34 10 46 67 56 11 21 33 9 53 17 41 16 42
2056 2079 9 22 57 11 26 8 66 62 16 41 1 71 19 22 13 53 34 54 2 68 37 67 63 64
449 3493 12 66 16 50 32 20 8 22 18 44 22 36 18 64 38 22 52 18 26 36 6 10 36 36
2616 2616 32 12 12 52 16 20 56 60 28 8 68 12 56 44 60 16 36 28 4 8 60 60 52 24
2718 2730 0 23 53 35 57 50 17 45 64 23 4 3 53 25 26 67 16 11 59 3 4 51 32 12
3188 3216 71 4 27 60 24 31 11 63 71 44 14 66 4 2 5 2 13 15 34 70 29 69 9 71
44 54 50 14 14 43 61 45 15 46 27 26 61 30 64 65 34 71 29 66 7 4 12 41 42 16
4779 4779 70 24 34 31 56 67 63 49 11 52 62 26 41 58 15 59 48 21 53 63 5 29 57 9
2232 2253 23 38 32 33 50 10 4 19 66 55 29 40 50 13 29 27 54 40 42 45 60 32 43 1
2212 2244 16 7 44 58 52 42 68 43 57 39 28 38 4 62 66 21 29 33 0 35 59 67 46 61
896 3685 43 69 19 61 67 25 68 11 41 4 11 3 34 63 26 66 10 36 3 24 37 33 28 15
1990 1990 35 12 3 22 7 41 21 6 15 62 13 6 22 37 2 11 26 31 16 24 4 54 41 20
4877 4879 6 70 12 38 60 54 24 10 48 60 68 26 22 52 48 10 46 26 22 18 64 26 66 20
1556 1575 44 13 42 21 68 9 6 7 30 34 32 52 16 16 18 12 67 42 3 63 28 0 63 54
2163 3413 20 24 38 70 12 0 42 4 30 64 22 44 42 34 46 10 22 4 10 58 44 6 18 56
2430 2430 18 50 13 4 51 39 35 22 50 53 38 46 47 6 7 44 66 62 48 25 58 11 20 52
4362 4366 51 63 38 71 43 35 54 3 42 68 15 33 39 17 50 52 64 22 18 50 41 64 44 49
54 71 38 69 27 8 18 25 22 50 37 1 7 35 29 11 6 17 29 44 34 21 49 7 22 55
1797 2664 8 66 43 11 59 50 58 24 52 5 47 70 56 66 16 4 42 18 54 25 27 45 52 46
1044 1044 52 47 16 20 41 45 45 57 42 42 58 56 10 48 69 33 18 40 24 5 19 55 47 42
1146 1150 27 18 27 54 54 9 27 63 63 0 18 63 18 45 0 18 54 45 63 63 36 27 9 27
1572 1603 0 48 34 4 52 30 18 22 12 70 66 48 4 4 48 6 10 10 50 8 12 42 66 8
649 3905 57 24 58 7 11 67 68 61 58 41 41 18 51 53 60 10 42 9 24 62 12 4 6 71
1667 1667 64 23 11 18 34 42 28 14 1 28 31 22 71 39 6 64 32 53 57 11 13 4 35 32
1811 1811 2 71 38 52 66 12 26 46 24 14 33 27 10 1 36 4 28 15 10 43 9 45 51 24
3180 3190 40 35 26 14 5 22 23 57 33 15 6 15 31 16 53 6 3 16 45 50 57 16 49 70
24 1289 42 6 22 24 17 40 44 18 6 26 3 12 68 69 40 65 18 66 68 23 59 38 59 45
2011 2011 0 0 0 0 0 0 0 0 0 0 0 0 0 0 0 0 0 0 0 0 0 0 0 0
4885 4890 36 7 31 49 43 56 15 27 4 46 35 57 70 29 48 61 65 10 31 35 70 11 27 20
237 247 52 39 68 8 48 24 13 39 22 24 65 53 4 8 11 1 49 35 37 26 70 31 19 66
782 969 42 71 21 62 57 35 64 23 34 6 10 69 47 32 32 9 54 40 70 65 71 57 54 42
1811 1811 19 10 51 23 48 6 14 24 62 44 5 48 40 21 7 50 11 43 45 70 65 66 52 54
895 907 28 19 2 46 6 50 56 19 16 15 52 48 21 46 50 69 21 31 26 4 52 32 66 66
4081 4087 13 53 13 22 4 0 7 8 62 42 21 43 26 13 30 12 15 2 23 51 71 44 2 71
417 1511 70 27 19 49 48 67 48 5 38 55 41 60 22 69 71 58 53 70 58 69 54 59 51 28
3264 3264 43 38 49 71 65 62 16 14 55 31 1 59 66 1 56 54 16 14 63 11 32 50 52 3
3933 3952 1 16 33 31 52 54 7 21 66 13 70 20 15 70 24 59 49 44 44 42 44 9 38 55
2850 2860 58 26 68 58 52 50 52 46 44 20 34 52 42 56 22 50 6 6 48 42 32 52 38 62
348 3547 36 39 38 24 33 46 64 17 34 69 64 21 27 26 5 63 21 2 68 10 64 2 49 31
1274 1274 13 39 6 62 20 33 59 5 55 25 68 49 63 12 16 65 59 44 63 17 36 10 71 49
48 69 10 37 20 36 40 63 55 40 18 8 23 29 62 58 64 30 25 32 51 29 56 19 51 69
532 542 48 6 24 12 42 33 57 69 15 0 66 3 6 69 6 3 33 18 39 57 24 24 69 51
1200 1230 44 26 59 49 65 44 31 57 55 53 5 46 59 35 7 23 32 23 52 52 22 37 44 17
1899 1899 18 42 24 12 18 33 36 36 24 42 54 66 51 9 69 12 0 27 54 54 42 57 57 39
1670 1685 71 15 71 60 53 1 63 12 13 49 62 62 21 34 35 70 0 3 14 24 5 14 22 40
971 990 53 70 22 59 19 53 5 21 30 60 57 41 32 69 2 34 20 6 5 3 66 13 70 63
1722 4677 71 11 41 55 32 14 37 56 70 21 39 28 47 57 13 29 21 11 2 65 66 63 11 39
3978 3978 33 30 65 19 65 46 37 46 41 43 39 56 44 60 5 64 19 47 71 67 43 24 70 25
3440 3455 21 4 10 36 54 69 64 62 3 17 31 38 3 2 65 3 53 44 36 2 26 45 38 9
3257 3267 12 54 55 22 30 1 2 36 6 71 34 23 13 26 56 39 20 2 8 4 71 37 8 10
1239 4536 18 9 50 16 50 34 56 24 11 14 45 38 56 41 11 27 62 9 36 31 34 19 67 21
109 109 0 0 0 0 0 0 0 0 0 0 0 0 0 0 0 0 0 0 0 0 0 0 0 0
4421 4430 59 61 45 25 14 28 37 39 70 36 7 68 56 30 8 23 21 64 16 25 69 43 70 63
2100 2142 43 4 67 23 9 11 18 5 64 34 2 7 4 25 70 4 42 35 63 31 5 7 35 45
2200 3807 50 66 11 2 15 6 48 62 12 50 25 37 5 69 44 7 17 54 42 28 59 44 35 26
2336 2336 45 55 16 54 21 66 37 59 33 23 21 37 53 21 62 4 47 44 2 71 29 61 24 12
4280 4294 65 0 20 54 36 39 56 24 27 8 41 33 56 69 8 65 43 48 34 18 52 7 71 26
3896 3913 41 53 7 43 7 15 29 42 47 51 12 48 46 59 28 36 4 46 20 17 30 61 25 58
553 1193 0 11 52 37 25 28 37 5 62 47 71 62 61 15 55 40 67 8 37 38 57 50 6 0
3327 3327 39 21 51 39 45 69 42 33 3 48 0 6 45 24 12 33 12 6 48 45 66 27 57 45
4699 4715 14 24 57 7 44 13 27 29 12 43 37 69 33 36 14 5 45 25 2 24 52 68 70 44
3224 3235 8 40 26 10 16 64 24 64 10 58 6 6 42 34 58 12 68 14 56 40 20 4 42 2
2938 3503 63 28 59 17 61 40 49 23 18 39 45 17 26 65 2 35 52 60 57 15 27 22 41 41
800 800 0 0 0 0 0 0 0 0 0 0 0 0 0 0 0 0 0 0 0 0 0 0 0 0
1170 1189 48 42 14 0 15 62 68 7 56 19 6 13 24 22 57 55 6 35 28 19 69 42 46 64
2583 2591 13 7 36 42 43 71 49 40 35 10 29 41 13 41 32 34 55 15 18 29 50 42 42 36
2698 3903 51 10 55 39 70 63 33 60 51 50 54 28 37 1 33 59 26 62 13 42 57 8 35 5
2285 2285 57 34 33 25 23 57 53 3 24 23 60 8 17 69 44 11 17 54 3 43 47 16 21 17
2510 2530 7 4 1 65 33 67 37 14 11 27 20 32 45 47 2 9 6 23 64 71 18 12 59 60
903 925 71 28 69 60 50 56 31 63 16 25 12 59 65 13 56 51 42 26 2 15 23 60 3 0
459 1963 19 9 65 44 69 58 31 57 3 71 36 67 46 19 58 58 47 22 46 27 28 71 31 71
3686 3686 0 0 0 0 0 0 0 0 0 0 0 0 0 0 0 0 0 0 0 0 0 0 0 0
2904 2924 53 65 67 45 35 42 43 12 27 50 52 57 71 56 45 51 56 66 15 32 29 53 58 67
4546 4567 3 28 52 43 52 34 33 4 33 40 23 58 35 55 45 49 50 36 20 52 36 34 6 26
431 1690 38 31 54 39 11 45 22 55 41 68 51 9 22 34 20 48 64 16 39 12 69 49 29 63
2778 2778 62 40 56 63 57 34 41 6 9 26 12 56 0 47 56 17 38 24 65 20 49 26 9 10
1413 1433 42 23 25 31 57 1 54 52 21 40 20 67 40 33 57 17 63 12 50 49 55 10 51 20
1241 1259 40 64 8 17 7 7 48 10 45 69 52 13 31 2 35 68 55 1 40 41 25 30 19 45
103 884 60 17 64 57 59 42 24 8 34 51 61 32 69 22 41 61 47 42 28 58 39 46 39 23
4014 4014 11 69 64 28 31 34 43 22 63 50 46 11 45 61 1 67 71 63 49 68 30 16 3 15
4306 4306 42 42 6 63 3 27 60 36 12 36 60 21 0 48 27 60 0 51 60 30 42 27 39 54
4718 4721 2 43 44 9 28 66 33 26 55 3 4 40 60 33 35 8 62 42 54 8 19 34 20 22
611 805 50 64 10 30 70 2 13 34 16 24 52 40 49 25 54 57 40 19 61 59 13 60 61 67
4766 4766 0 0 0 0 0 0 0 0 0 0 0 0 0 0 0 0 0 0 0 0 0 0 0 0
1688 1708 69 6 45 64 41 7 57 35 44 3 71 21 14 51 62 71 7 49 42 34 0 7 55 41
1317 1323 24 24 41 53 38 26 5 52 40 21 60 20 18 49 41 63 19 1 11 64 23 67 70 61
149 1464 22 4 8 50 24 44 26 62 70 22 68 26 24 30 36 22 30 64 8 44 60 20 54 50
4290 4290 48 49 71 13 50 19 65 54 46 36 51 43 65 9 8 6 15 44 47 58 13 37 42 54
2893 2907 5 32 0 19 10 20 16 5 48 71 34 14 33 17 36 7 51 32 3 67 48 10 37 21
1794 1835 65 23 30 19 45 57 22 63 7 70 67 63 62 63 20 16 40 32 0 26 40 27 11 54
239 336 66 54 30 26 34 24 62 54 64 62 60 68 4 40 52 22 16 52 64 42 24 38 34 52
362 362 20 52 37 47 37 24 59 54 49 35 36 19 32 46 11 70 37 47 68 17 40 53 40 3
434 439 58 17 32 3 61 63 0 37 41 50 38 59 16 5 5 66 63 46 52 26 16 25 66 46
3708 3714 37 27 11 4 63 20 51 40 58 12 63 22 29 50 11 20 66 40 65 18 33 30 67 31
2161 3962 54 44 16 40 14 2 58 46 14 58 12 10 12 8 28 6 70 52 62 6 6 64 42 36
1795 1795 0 0 0 0 0 0 0 0 0 0 0 0 0 0 0 0 0 0 0 0 0 0 0 0
4578 4578 6 3 2 50 60 71 67 3 16 57 48 16 12 50 8 71 20 1 53 19 8 36 11 65
3425 3472 26 0 68 62 14 36 68 4 56 36 12 26 60 52 34 54 16 32 16 20 46 16 24 54
945 3579 55 15 20 16 35 33 16 29 8 7 20 20 51 31 54 60 62 13 3 7 40 15 52 24
2973 2973 46 4 60 56 32 26 3 53 49 7 70 38 53 31 31 58 14 37 67 9 23 15 30 3
4593 4596 7 71 8 25 53 14 41 61 41 25 10 50 40 36 46 28 50 40 69 63 8 21 8 69
1261 1282 0 53 2 2 48 22 30 57 18 67 14 34 35 26 18 40 26 64 70 36 52 32 33 55
4 1715 66 60 36 28 32 28 30 56 46 30 8 62 12 6 8 36 42 32 30 62 34 12 54 58
1736 1736 63 22 38 65 65 41 17 9 56 38 1 7 69 3 48 5 26 57 41 16 13 12 24 13
3578 3598 46 3 15 23 60 30 56 39 29 28 56 57 46 31 12 48 61 19 7 65 55 45 24 42
2637 2664 6 20 40 39 0 38 62 14 50 71 49 11 61 32 54 35 12 51 38 67 47 49 11 15
72 1638 41 3 42 9 30 24 49 31 57 44 40 51 63 50 51 68 51 7 49 13 23 30 15 64
4279 4279 50 5 8 4 23 0 47 48 71 35 29 46 71 62 68 5 71 11 4 38 65 48 46 60
1564 1582 34 25 8 12 51 9 10 67 18 36 70 0 55 7 42 16 6 43 37 6 67 21 4 15
2042 2050 50 32 55 37 31 64 40 53 19 21 37 55 2 24 3 24 6 68 62 52 69 15 6 35
1757 2617 51 56 34 67 25 35 8 71 8 68 30 61 48 32 68 10 30 63 28 14 70 15 45 16
3114 3114 68 56 56 24 0 64 36 4 8 12 16 32 20 28 16 48 0 32 36 24 32 44 60 60
1512 1514 0 0 0 0 0 0 0 0 0 0 0 0 0 0 0 0 0 0 0 0 0 0 0 0
4031 4070 21 20 50 54 10 3 24 38 52 24 16 49 12 26 34 4 4 47 59 5 25 46 35 48
4486 4700 28 14 43 58 9 35 39 54 9 13 55 13 7 31 38 22 63 57 23 67 70 58 30 29
1791 1791 56 28 45 44 47 69 22 9 6 36 7 4 1 22 32 29 56 23 23 62 3 22 69 51
3528 3534 54 6 68 21 43 67 26 61 4 17 63 59 35 64 44 56 39 41 37 35 0 43 52 25
1820 1860 48 15 52 26 13 58 30 43 17 37 22 58 38 57 68 28 14 29 47 3 6 30 69 23
787 1635 38 9 14 9 26 31 3 42 7 38 14 18 14 48 65 3 56 68 64 3 6 2 17 0
4936 4936 51 36 12 9 42 57 18 3 27 18 66 12 18 69 30 30 15 24 39 48 3 27 21 39
79 94 47 40 26 60 10 32 68 41 12 11 40 25 70 29 8 71 14 3 19 57 10 15 15 19
1565 1605 10 18 32 1 3 30 13 55 35 22 24 50 8 31 1 40 21 53 47 15 29 0 16 19
3263 4155 63 32 40 29 53 57 48 63 44 6 16 2 43 1 23 2 26 71 42 36 1 59 51 28
1876 1876 27 6 2 71 50 62 40 68 71 69 52 30 2 59 54 11 7 46 9 2 37 48 13 45
3801 3807 43 36 71 37 20 50 48 49 10 24 5 59 67 54 41 67 54 16 33 39 16 57 24 45
3226 3261 66 35 18 11 35 43 68 15 25 26 6 41 3 1 43 35 54 4 45 5 35 23 60 50
196 1397 62 58 10 7 50 14 1 31 27 62 34 38 52 46 15 42 27 17 37 43 65 25 20 61
842 842 0 0 0 0 0 0 0 0 0 0 0 0 0 0 0 0 0 0 0 0 0 0 0 0
3140 3163 61 54 41 63 4 38 5 32 57 4 69 70 70 15 2 15 46 38 26 62 68 69 45 55
607 636 15 31 8 69 31 25 57 8 55 21 39 48 15 38 58 3 4 10 58 60 8 48 40 9
525 4426 17 54 30 34 12 9 14 26 35 13 25 41 4 9 27 8 6 67 16 64 33 15 41 28
751 751 48 43 70 38 58 9 28 6 30 64 7 40 32 0 30 17 39 12 45 68 36 69 44 42
303 314 59 61 18 11 42 61 33 39 40 13 64 62 54 58 17 31 8 69 22 49 64 70 60 23
2089 2097 54 21 12 52 43 70 16 0 53 15 29 47 45 18 27 31 49 53 57 37 66 50 25 71
980 1779 64 9 24 36 5 36 49 17 35 33 10 8 67 32 27 9 45 68 67 10 33 12 14 66
2479 2479 0 0 0 0 0 0 0 0 0 0 0 0 0 0 0 0 0 0 0 0 0 0 0 0
1298 1317 58 61 56 0 59 4 51 18 51 55 29 50 8 45 65 27 27 30 65 1 4 36 57 8
4001 4047 54 0 6 24 10 6 22 52 34 44 54 2 26 42 64 26 14 52 4 20 30 28 60 10
1895 4566 66 30 7 11 19 34 35 21 7 63 63 26 64 16 67 25 52 39 66 11 61 23 35 49
1417 1417 28 15 66 21 48 58 70 6 71 61 13 42 49 45 56 44 9 5 46 19 6 54 14 49
2522 2540 26 52 61 2 59 2 53 57 24 59 8 58 7 36 41 12 8 50 48 49 19 34 42 56
4890 4903 67 15 0 6 26 61 5 70 2 0 53 28 5 17 44 44 68 30 42 56 70 51 34 39
3903 4089 24 10 46 21 28 69 11 0 42 4 24 52 45 5 44 60 22 16 2 13 18 58 55 44
3862 3862 32 44 20 24 68 64 28 12 32 8 28 4 60 4 0 16 4 20 44 60 20 4 52 0
4185 4195 54 46 29 27 39 34 63 17 27 37 27 52 42 21 31 28 31 39 44 11 23 35 54 66
2983 3027 52 13 69 11 21 7 25 54 46 9 39 36 1 11 13 22 62 46 52 60 25 4 27 42
1523 4538 48 60 13 26 32 10 13 62 22 31 56 55 33 70 27 25 14 3 19 25 57 59 52 39
1375 1375 46 46 2 14 36 26 5 49 0 52 69 46 50 59 69 63 52 42 16 54 43 58 15 69
3870 3881 15 35 33 13 57 11 0 55 18 39 45 38 25 10 57 5 55 60 4 66 67 23 22 28
1770 1786 70 68 3 62 36 22 33 38 47 49 47 13 8 26 71 52 33 3 7 54 3 66 31 27
427 4057 5 53 52 4 43 48 58 42 54 9 15 26 35 43 60 12 39 45 45 44 5 1 43 66
3570 3570 32 9 31 51 29 62 42 70 30 6 13 41 6 38 68 48 10 36 9 71 29 44 32 44
1115 1122 26 50 33 33 19 68 9 27 33 8 57 43 54 65 26 23 67 9 30 31 31 33 41 55
4585 4600 0 56 16 32 56 32 48 48 24 56 48 8 48 48 24 40 64 48 0 16 0 48 40 32
695 2587 16 12 47 11 56 9 44 33 43 70 43 61 58 70 32 62 17 70 44 20 23 51 4 11
2040 2040 17 22 37 3 63 60 62 28 41 67 1 3 60 54 31 69 53 46 47 14 66 57 22 40
3185 3193 20 49 13 26 28 61 47 2 14 25 3 46 20 35 19 1 49 22 63 62 28 47 58 38
4965 4998 43 28 9 54 39 34 16 44 46 10 20 29 57 56 28 64 33 51 24 38 57 34 23 63
3606 4106 46 65 11 56 0 68 37 7 44 57 38 10 48 45 3 35 14 26 60 3 29 35 40 8
3539 3539 51 14 32 34 21 67 22 54 21 2 2 54 12 15 45 28 51 48 44 55 59 33 48 63
954 960 45 8 39 37 42 11 38 54 68 44 26 47 11 54 67 10 18 55 68 41 46 37 4 21
2028 2073 46 13 62 31 42 54 53 29 7 60 71 3 59 47 19 28 7 57 68 34 71 55 44 58
1876 2554 42 24 12 71 14 51 22 45 20 16 18 22 13 63 70 44 58 28 34 3 68 35 37 70
845 845 26 60 12 26 22 44 48 64 56 60 70 34 24 6 20 26 66 0 6 12 28 16 60 50
708 715 2 13 41 46 16 65 47 20 16 18 26 70 20 15 45 35 23 19 8 60 33 33 50 61
454 465 32 55 32 17 21 24 3 35 43 71 45 28 58 71 49 25 28 70 10 40 13 45 70 18
24 1637 48 14 2 41 39 59 29 57 51 3 33 9 69 51 33 71 28 1 16 16 64 63 28 37
916 916 32 45 57 34 7 4 30 31 57 53 58 37 71 15 1 47 39 48 52 53 26 57 60 65
3551 3573 28 64 43 51 13 56 11 26 36 70 16 13 32 60 26 68 5 60 46 41 70 29 26 10
2138 2144 22 0 28 64 6 21 25 50 29 68 3 53 7 0 34 69 20 27 69 35 20 26 24 54
694 3485 9 27 45 62 29 53 4 32 68 12 32 8 31 1 46 45 37 21 40 51 31 25 23 53
542 542 0 0 0 0 0 0 0 0 0 0 0 0 0 0 0 0 0 0 0 0 0 0 0 0
2356 2377 39 56 55 14 32 60 5 70 23 33 53 23 39 43 20 65 43 55 21 11 71 55 64 48
2088 2132 54 24 57 60 15 61 69 64 28 34 53 61 47 19 63 66 20 42 66 4 64 45 19 27
3814 4243 8 52 34 53 17 54 65 55 65 71 62 25 64 52 43 47 28 26 6 40 68 60 46 26
2710 2710 25 63 68 68 6 66 41 3 16 56 40 5 26 5 37 29 6 59 64 4 49 42 32 1
3289 3295 8 5 50 71 20 27 36 1 50 2 46 24 44 52 36 23 24 71 59 13 16 0 28 21
1350 1380 35 53 8 36 68 11 52 29 60 18 6 65 5 57 70 44 18 63 25 67 33 50 26 14
1665 2758 4 67 51 41 56 29 36 32 7 61 3 19 45 68 24 62 42 24 28 41 67 30 52 41
2138 2138 0 0 0 0 0 0 0 0 0 0 0 0 0 0 0 0 0 0 0 0 0 0 0 0
87 91 26 47 28 25 60 58 19 52 30 42 23 49 21 13 36 13 40 9 26 33 6 7 27 8
3178 3180 36 38 15 52 8 17 1 37 32 44 69 9 8 51 12 45 63 6 70 50 14 61 38 24
1428 1562 38 60 35 71 23 49 37 49 31 55 47 43 59 12 46 51 60 26 62 50 0 32 71 0
2798 2798 0 0 0 0 0 0 0 0 0 0 0 0 0 0 0 0 0 0 0 0 0 0 0 0
4019 4023 58 68 65 6 61 53 54 37 46 41 6 36 35 24 58 62 28 64 15 67 53 13 35 54
2414 2458 27 38 14 44 63 16 68 64 34 26 33 1 53 61 9 19 44 69 41 22 51 61 31 69
655 744 51 16 65 56 22 45 5 7 57 45 49 69 66 45 33 25 52 39 24 9 50 11 1 28
3994 3994 61 69 42 63 59 30 59 14 12 8 6 40 38 40 58 21 0 70 45 16 28 9 70 25
2218 2220 24 44 50 24 66 0 66 43 48 52 40 22 41 34 29 65 67 56 53 23 65 58 71 61
595 615 5 47 49 40 21 8 58 20 65 33 47 51 26 16 13 27 51 53 68 52 33 7 45 47
572 623 34 52 4 25 51 21 66 62 12 35 51 34 2 45 7 52 47 35 55 12 12 14 45 21
1592 1592 0 0 0 0 0 0 0 0 0 0 0 0 0 0 0 0 0 0 0 0 0 0 0 0
4075 4087 5 61 29 63 4 10 27 63 56 18 56 55 58 33 13 14 23 61 4 12 19 32 31 25
4690 4717 53 70 1 8 24 59 50 43 65 49 45 6 38 68 38 21 28 54 6 9 8 62 33 11
250 325 27 3 60 21 63 71 29 43 47 21 6 68 58 59 42 8 28 58 28 26 21 57 0 11
3707 3707 22 64 52 44 66 64 56 28 36 60 40 64 26 14 44 70 48 36 6 34 46 42 4 34
2325 2334 43 49 2 35 30 5 14 22 0 61 34 19 35 52 69 63 58 37 36 12 10 68 27 71
2280 2322 16 59 0 24 38 67 43 57 2 10 26 44 8 32 35 31 20 31 46 39 19 17 70 36
2636 3992 3 43 50 21 13 7 42 38 31 4 25 8 47 14 54 11 56 16 64 23 28 8 65 0
2457 2457 64 24 20 12 20 0 48 24 24 0 0 32 16 0 32 0 16 8 36 40 40 52 28 40
736 747 2 13 4 38 51 57 23 36 20 56 39 54 64 63 8 56 19 16 61 41 51 3 62 38
3361 3407 34 16 71 51 43 45 3 37 71 63 33 4 10 62 27 10 69 61 52 66 44 56 24 58
3595 3653 56 4 57 25 4 8 20 20 14 70 30 33 4 42 69 25 67 43 53 1 52 71 24 1
1360 1360 44 38 63 19 37 70 71 56 8 64 46 18 46 15 50 68 40 42 60 9 24 25 25 38
2272 2288 24 0 47 63 50 16 20 56 4 54 34 3 16 38 18 51 4 43 42 40 70 22 56 44
2227 2260 45 10 0 64 47 21 55 9 28 43 38 47 18 50 20 28 10 51 25 22 2 42 40 7
2541 3316 35 3 33 9 20 9 1 26 61 52 46 41 41 10 38 29 46 0 51 16 22 62 66 70
396 396 71 56 6 41 50 3 60 39 6 17 17 53 45 33 13 30 47 71 37 16 45 51 43 39
4611 4618 69 41 8 22 51 15 24 61 55 61 24 48 16 19 17 67 65 15 42 47 14 69 29 8
3541 3586 63 1 54 16 26 60 53 13 33 3 15 51 17 54 7 54 52 45 56 22 26 49 67 39
1960 2177 50 8 42 4 15 70 1 50 40 37 43 6 6 70 39 70 14 63 41 49 62 7 59 7
3739 3739 0 0 0 0 0 0 0 0 0 0 0 0 0 0 0 0 0 0 0 0 0 0 0 0
4012 4028 46 48 31 12 64 41 2 14 7 68 44 13 54 23 67 12 51 66 9 54 59 56 34 49
2625 2657 28 25 26 26 28 23 38 46 31 67 8 54 43 56 21 19 33 33 29 67 51 53 4 39
1786 2147 43 52 70 40 60 25 55 29 45 5 69 70 47 59 71 32 2 71 15 53 39 52 62 46
682 682 28 16 16 8 44 0 68 64 22 62 48 46 20 32 28 20 2 20 10 14 56 30 24 62
1853 1874 49 64 41 2 52 60 45 22 13 25 37 1 36 33 48 2 61 25 28 42 38 58 13 44
1521 1537 31 45 57 40 45 17 27 54 35 38 7 13 46 36 17 55 4 8 50 24 14 23 8 58
624 1157 32 16 45 56 71 59 12 2 47 27 11 65 19 32 10 65 13 66 65 65 71 64 9 40
721 721 0 0 0 0 0 0 0 0 0 0 0 0 0 0 0 0 0 0 0 0 0 0 0 0
2459 2472 60 59 65 25 37 70 53 31 31 40 11 26 49 68 62 25 54 59 41 41 11 23 28 65
644 654 13 8 40 44 12 15 11 4 48 49 26 26 60 23 69 58 41 63 32 30 20 0 31 42
1948 2439 57 55 44 67 49 20 9 13 6 33 15 61 60 28 71 70 45 45 8 54 1 71 9 66
1039 1039 49 52 61 59 18 26 60 63 67 24 45 57 24 37 66 16 0 64 61 59 32 33 45 27
4745 4766 47 25 16 27 56 2 23 13 38 34 8 42 65 23 49 1 68 16 23 69 0 17 2 41
4537 4583 0 0 0 0 0 0 0 0 0 0 0 0 0 0 0 0 0 0 0 0 0 0 0 0
1732 2662 40 60 28 35 16 65 49 35 69 6 12 18 56 35 22 56 39 57 14 37 49 65 54 58
1625 1625 67 66 44 28 12 34 65 70 69 0 31 71 32 36 7 19 13 30 59 59 1 62 11 14
406 418 27 4 5 26 71 5 52 34 27 55 24 63 17 39 3 55 18 59 16 51 14 41 2 41
4537 4583 12 3 27 14 56 9 2 42 45 19 1 55 52 69 57 67 33 5 51 70 17 41 10 51
1543 2005 3 13 58 70 18 16 48 49 35 45 56 71 33 53 40 14 0 0 9 40 21 20 30 34
2485 2485 0 0 0 0 0 0 0 0 0 0 0 0 0 0 0 0 0 0 0 0 0 0 0 0
173 196 14 56 20 14 42 70 24 58 58 8 50 12 52 2 18 50 60 26 58 34 18 18 14 60
4649 4668 17 68 62 23 3 57 54 25 68 52 40 7 60 70 55 28 61 37 8 41 65 45 11 3
3888 4708 22 32 22 0 2 46 34 28 44 8 8 4 10 70 16 48 70 26 64 10 38 42 14 42
1252 1252 49 22 17 63 14 31 70 69 66 43 20 31 27 48 71 33 37 61 18 50 70 24 17 66
1820 1830 60 62 21 43 38 11 50 57 63 64 58 31 26 33 44 36 47 37 28 35 66 31 1 25
1440 1461 35 57 61 29 43 46 22 8 67 63 16 50 22 58 23 60 0 24 46 58 25 11 34 62
2404 3087 67 56 25 34 6 20 5 35 4 36 52 71 11 46 68 8 35 11 0 40 44 51 13 53
4225 4225 18 51 42 44 14 58 43 13 57 35 3 65 28 59 23 16 11 19 42 39 17 14 24 60
4060 4066 45 38 40 61 37 43 55 49 8 69 2 41 18 12 48 51 31 28 55 16 9 58 14 7
4042 4064 4 43 39 63 54 63 51 3 67 60 25 57 49 63 61 45 35 25 17 68 58 1 54 44
2067 4137 56 68 44 16 68 44 0 44 28 64 56 68 20 8 44 52 40 32 68 64 64 40 12 16
4237 4237 50 63 50 6 23 68 38 64 62 24 62 57 19 44 7 22 29 25 14 45 55 21 13 28
2058 2064 24 16 27 19 61 21 42 55 49 67 37 28 59 63 63 29 28 35 51 61 34 1 67 25
4957 4979 55 32 53 18 60 40 12 71 26 53 53 19 68 12 4 14 27 14 37 54 25 65 55 53
906 1920 1 64 28 49 3 46 0 68 44 70 15 71 1 2 32 22 9 26 6 57 4 48 32 27
451 451 3 20 0 53 23 34 67 52 9 21 40 2 34 48 0 69 53 6 38 40 16 35 65 29
4227 4234 51 50 48 70 15 23 46 27 43 23 24 19 41 35 71 40 52 63 34 63 36 18 67 42
4230 4237 7 0 57 1 38 15 58 55 37 60 42 21 1 33 11 41 3 30 29 66 50 5 68 41
555 1397 25 40 60 69 56 46 25 51 6 31 25 2 53 20 31 67 27 19 53 27 9 52 26 9
3965 3965 39 35 19 68 32 18 38 68 71 55 9 20 3 57 35 44 32 61 5 24 38 21 43 26
1687 1699 58 6 69 26 26 15 4 8 29 48 47 10 26 11 49 45 18 38 43 61 45 56 40 31
2182 2193 40 39 65 55 35 39 70 29 55 57 26 47 44 9 61 23 54 58 25 41 11 3 36 19
120 141 20 38 57 46 63 35 15 45 50 11 64 60 70 17 20 22 29 58 67 0 50 33 59 21
2725 2725 0 0 0 0 0 0 0 0 0 0 0 0 0 0 0 0 0 0 0 0 0 0 0 0
2279 2283 19 55 23 55 50 34 61 25 50 38 47 43 16 63 37 12 56 22 64 25 20 53 63 57
797 815 6 34 30 9 50 50 41 43 53 28 27 51 68 17 20 23 32 2 12 69 18 18 6 42
3629 4126 5 6 45 49 62 16 59 62 60 8 21 45 34 37 15 13 52 49 44 44 37 58 49 40
3827 3827 42 12 21 6 42 33 45 33 3 42 21 51 36 0 12 54 54 51 60 45 45 27 57 42
949 968 66 20 18 40 54 52 70 56 28 14 28 66 6 10 50 4 48 70 56 54 4 52 36 46
2141 2155 38 2 58 66 8 46 60 2 70 52 40 0 6 16 36 68 52 38 28 6 8 4 48 28
3496 4609 41 30 40 12 38 43 11 33 0 22 51 65 51 18 45 65 41 0 30 27 68 15 63 47
3179 3179 9 27 9 36 18 18 27 63 36 54 63 9 63 18 36 45 0 18 54 27 36 27 9 18
4638 4638 67 42 17 67 5 30 45 71 18 66 9 5 40 61 68 15 67 38 52 0 42 21 31 18
3042 3072 57 61 34 23 6 65 22 46 68 22 24 29 21 59 18 31 30 40 49 0 42 18 50 18
891 4299 58 22 16 4 60 14 40 68 70 15 33 41 15 17 5 39 43 20 36 1 28 1 66 15
73 73 12 66 42 55 36 40 36 14 2 44 28 20 28 34 31 71 13 11 71 31 5 19 55 71
357 380 20 51 62 54 59 45 54 28 29 3 30 56 18 65 13 17 0 56 24 39 28 60 28 13
1861 1875 53 47 56 21 33 28 45 19 63 43 38 2 31 30 48 18 48 36 69 69 68 48 64 62
181 292 45 15 67 69 64 26 41 71 31 18 48 53 46 63 41 63 37 39 48 48 28 8 46 54
1683 1683 15 24 41 46 49 23 4 23 36 64 6 40 63 46 70 45 46 41 44 21 39 29 54 32
961 961 0 0 0 0 0 0 0 0 0 0 0 0 0 0 0 0 0 0 0 0 0 0 0 0
859 874 34 47 37 58 34 16 13 34 24 3 24 57 37 51 63 3 66 0 71 12 34 51 25 66
442 2120 14 44 69 51 12 70 30 29 6 37 34 41 18 17 58 7 1 25 33 67 7 2 19 14
3529 3529 36 6 70 41 11 38 23 58 68 39 19 12 70 24 30 10 57 31 23 59 35 50 31 50
3790 3808 59 20 43 27 66 21 53 26 33 45 69 30 2 34 2 48 55 16 62 67 45 64 56 17
1755 1781 37 6 28 21 31 12 28 52 24 43 30 32 50 52 22 29 51 16 21 66 19 44 26 16
3447 3809 52 19 37 55 62 53 14 3 11 41 53 44 64 17 23 46 52 43 58 55 52 9 55 59
398 398 0 0 0 0 0 0 0 0 0 0 0 0 0 0 0 0 0 0 0 0 0 0 0 0
4342 4364 39 24 39 60 42 48 9 6 27 24 69 48 42 12 66 6 0 27 18 18 0 3 39 0
4565 4571 46 11 67 35 6 5 7 20 36 1 22 64 71 62 67 4 63 57 40 64 57 15 22 9
1355 2946 15 29 16 12 59 37 51 71 3 19 41 31 18 37 65 53 16 23 63 44 38 44 35 19
3298 3298 48 60 36 48 24 64 68 36 64 32 52 56 32 52 64 12 32 48 16 32 48 60 36 12
900 913 0 56 38 48 7 37 16 9 61 35 46 31 52 54 16 49 69 69 11 12 32 59 30 42
108 141 69 48 63 6 63 24 24 21 15 36 63 48 24 69 42 33 18 45 69 12 42 15 15 48
873 1721 32 4 27 70 26 50 3 31 50 45 1 38 34 48 23 17 3 53 21 38 38 30 15 29
4320 4320 0 48 24 48 24 0 0 24 48 0 24 48 24 24 24 0 0 0 0 48 0 48 0 24
4373 4374 38 57 38 43 0 33 46 14 62 33 12 22 52 35 57 61 43 31 41 65 67 11 60 54
4391 4401 59 58 52 71 58 59 46 21 21 68 8 63 0 40 21 47 21 13 52 20 52 0 42 2
1328 4246 1 49 17 2 66 16 25 11 56 13 50 11 54 67 49 10 71 36 67 24 41 45 4 43
4762 4762 1 26 1 8 28 50 62 33 3 53 44 62 21 23 0 66 40 70 63 43 8 6 17 67
701 704 2 61 48 58 36 18 16 65 16 41 61 30 16 20 9 14 23 18 10 52 30 71 45 5
3945 3948 22 13 64 59 54 58 1 29 67 49 35 41 16 47 29 17 64 45 28 9 20 71 43 38
2007 2819 24 7 34 15 57 70 10 25 36 12 46 18 18 24 43 42 61 54 10 47 50 53 29 21
2326 2326 2 29 5 29 48 63 57 0 55 1 1 0 12 21 6 50 44 39 5 27 66 29 14 50
585 596 56 39 21 24 0 54 12 61 27 19 51 27 54 10 28 66 61 18 53 55 46 23 63 42
245 281 8 44 68 64 12 28 8 20 40 52 24 12 12 24 28 4 12 40 52 8 24 68 4 32
1764 2178 45 61 31 37 5 48 52 50 35 9 14 6 49 43 32 48 19 41 14 49 41 12 59 57
1533 1533 25 40 45 49 31 11 35 22 50 25 15 25 23 12 57 53 61 40 63 29 61 46 37 41
2647 2652 66 10 49 61 9 24 43 67 5 15 56 66 22 65 13 40 8 29 20 40 31 45 9 45
4297 4337 28 25 50 41 12 54 48 12 29 55 7 48 8 41 46 7 28 27 29 63 50 51 1 31
563 1100 21 21 31 25 58 59 1 59 64 30 59 53 62 66 50 22 45 1 8 29 49 18 68 21
384 384 10 56 50 20 26 10 58 48 8 18 8 62 10 64 68 4 28 64 36 22 42 44 50 30
2422 2439 8 4 66 51 12 46 20 11 40 68 21 47 13 38 29 3 68 11 41 11 33 62 58 58
424 447 0 12 4 69 48 13 26 48 10 44 53 25 54 33 70 65 70 42 61 51 63 21 51 15
436 2466 24 53 36 43 0 2 24 58 37 60 34 61 45 16 1 35 10 29 27 39 20 32 62 45
183 183 16 10 4 34 48 52 40 60 26 50 40 38 56 56 20 46 6 2 52 62 34 52 4 24
3148 3151 18 0 36 54 36 18 54 54 18 0 18 0 0 54 18 18 18 18 18 18 54 18 18 18
1538 1547 48 11 9 2 50 49 71 55 50 14 29 10 36 18 33 53 68 31 45 5 71 7 19 39
850 1197 16 32 18 58 7 56 71 24 20 24 4 50 40 32 10 20 35 44 57 32 44 41 19 8
3082 3082 54 48 24 30 18 60 24 60 66 54 36 36 60 48 0 60 60 60 30 30 0 42 0 24
157 175 44 7 65 10 71 61 32 7 25 23 52 32 37 24 59 22 48 9 12 26 59 49 40 68
1995 2024 0 49 65 5 62 21 25 47 7 17 40 36 4 22 71 49 68 8 49 17 71 44 22 60
1204 4722 17 12 2 57 17 29 40 36 27 7 53 63 26 66 61 13 26 32 71 4 24 61 50 11
2959 2959 53 24 42 32 43 39 26 28 63 57 23 55 41 15 13 2 71 24 36 19 39 69 5 42
1743 1745 19 63 44 33 58 16 40 14 40 20 9 67 32 44 71 54 22 51 29 22 62 13 18 50
2147 2165 47 51 49 24 44 25 22 2 62 61 25 49 8 49 38 41 37 8 70 52 8 23 67 36
402 2253 47 26 66 61 46 61 70 30 9 41 26 30 48 55 25 24 20 13 0 36 26 6 3 9
1462 1462 6 41 29 14 39 49 49 55 28 14 56 71 64 20 15 11 16 13 43 23 68 13 54 34
2320 2338 69 51 53 31 37 38 56 63 51 52 4 28 54 29 34 8 10 8 25 63 36 43 14 22
514 535 15 13 38 42 45 15 29 61 11 0 30 69 16 10 64 61 48 41 57 34 38 32 46 44
3569 3778 47 23 63 64 60 67 48 57 57 6 17 66 6 22 1 48 15 42 22 1 40 22 33 13
2897 2897 22 8 40 66 22 10 47 40 21 29 56 25 28 69 3 3 65 23 24 29 32 45 43 48
694 706 33 69 18 2 15 40 61 39 65 68 61 42 71 54 1 48 22 21 71 56 13 71 52 26
3896 3937 57 65 16 68 27 37 15 55 24 33 59 40 1 54 47 53 10 5 57 23 42 48 10 29
350 354 19 52 40 33 1 68 45 65 25 40 9 8 64 12 48 28 8 12 18 36 60 32 36 62
3578 3578 36 23 34 12 31 22 58 29 24 31 19 7 23 2 44 4 45 37 28 2 66 25 56 53
1329 1350 3 69 23 27 53 11 58 15 47 61 63 13 50 11 57 60 2 50 20 39 47 66 54 15
382 404 55 45 13 38 16 42 21 6 59 19 38 11 71 60 55 4 7 54 26 69 48 43 34 62
583 632 0 0 0 0 0 0 0 0 0 0 0 0 0 0 0 0 0 0 0 0 0 0 0 0
1622 1622 54 2 45 22 21 50 43 66 66 41 38 63 47 10 29 23 57 56 9 52 38 31 42 2
2757 2763 43 67 58 35 40 19 14 56 25 69 6 67 59 24 14 54 6 45 47 8 34 33 0 67
1924 1925 70 34 68 64 60 29 37 33 17 55 5 69 63 26 37 37 66 14 55 47 71 38 9 31
1344 3547 36 64 32 1 2 15 10 15 37 35 25 48 22 58 30 15 61 20 51 5 1 49 57 41
1797 1797 36 18 0 0 36 0 0 36 18 36 54 36 54 36 36 36 36 54 54 0 18 18 18 54
2069 2081 45 18 9 0 18 54 63 27 36 18 45 54 27 27 18 0 0 54 27 36 45 18 54 63
2084 2088 30 46 52 56 62 30 60 71 23 69 47 7 30 50 65 41 6 15 1 69 24 16 70 63
792 858 65 8 50 63 71 38 34 16 23 20 54 41 26 53 12 64 67 29 23 42 67 13 23 29
3211 3211 0 0 0 0 0 0 0 0 0 0 0 0 0 0 0 0 0 0 0 0 0 0 0 0
1980 1992 36 59 71 39 6 30 20 4 43 11 36 14 65 24 25 59 16 57 56 62 28 0 67 7
2395 2429 7 44 12 68 37 11 6 47 68 10 17 11 6 29 21 4 69 47 3 61 41 16 13 65
603 614 0 10 19 21 56 64 2 1 53 49 33 14 53 27 55 26 5 55 60 50 55 39 65 27
2970 2970 41 60 44 63 58 56 48 36 62 44 38 51 13 3 67 68 61 30 40 35 1 36 68 43
32 38 63 36 63 27 18 54 0 45 27 63 54 0 36 63 36 36 27 36 36 18 18 27 63 36
2351 2394 44 57 49 69 56 21 70 24 30 14 23 58 26 17 20 12 17 71 45 24 5 48 34 69
8 26 68 16 7 33 19 37 61 25 35 34 61 68 4 67 34 42 68 61 32 4 26 18 19 48
69 69 24 16 16 40 16 8 32 56 32 32 40 8 24 16 32 8 56 8 8 32 48 64 48 32
1124 1140 65 41 55 15 11 40 16 33 36 32 4 52 45 34 32 62 36 7 10 66 38 54 16 42
3940 3949 67 69 14 60 23 38 54 33 68 5 60 45 11 2 30 0 29 22 40 13 61 32 24 22
158 2736 16 30 32 56 18 56 8 64 34 50 70 38 22 24 60 18 68 10 28 38 38 44 2 36
4518 4518 36 69 57 62 8 31 69 2 7 48 11 63 52 14 44 60 36 54 37 44 24 18 0 17
1007 1025 18 22 2 33 61 71 65 61 38 29 71 65 57 34 34 54 1 22 39 28 5 0 17 40
816 850 32 50 58 43 23 35 23 49 29 30 61 7 55 23 26 67 32 39 29 31 67 26 24 20
1146 4579 18 45 23 0 55 69 9 23 27 50 2 2 62 24 65 18 30 6 40 62 3 10 12 24
20 20 70 59 43 47 29 69 31 15 62 57 19 10 70 16 17 58 55 2 16 25 44 67 19 43
3399 3403 17 4 18 42 70 63 51 50 35 35 71 34 14 50 13 68 47 2 50 50 30 68 30 29
526 531 44 0 16 52 24 56 68 36 28 40 52 12 28 40 48 64 56 36 16 16 0 36 60 12
105 106 26 11 23 48 45 25 26 51 49 41 15 54 55 54 55 63 54 14 61 13 8 0 61 68
474 474 16 16 42 26 61 16 49 50 3 27 71 3 27 29 53 20 13 6 19 22 25 54 26 60
2001 2011 61 21 38 45 1 12 46 42 66 68 23 42 20 66 4 36 47 45 58 30 59 12 56 34
2652 2689 21 61 34 13 67 39 12 12 69 61 24 28 23 25 0 13 0 59 40 68 27 51 66 42
1498 1676 48 2 24 59 20 71 60 50 23 62 38 56 51 64 19 7 51 3 15 61 70 54 20 25
3772 3772 59 48 59 39 2 14 34 16 31 2 41 66 8 50 61 69 5 53 45 63 64 62 7 22
4827 4832 53 20 16 5 37 62 46 71 66 39 32 13 36 64 52 33 42 52 33 18 26 70 33 13
4699 4744 29 22 34 16 6 51 44 28 68 63 58 15 69 59 5 6 24 31 55 70 66 24 70 40
43 3567 17 51 3 62 30 14 45 9 10 35 13 18 22 4 68 46 57 41 21 71 25 53 43 13
3285 3285 24 24 16 0 32 48 16 8 0 56 56 24 64 24 16 8 8 48 16 16 24 40 56 0
2068 2082 65 44 26 0 58 35 39 2 71 33 45 29 58 13 63 46 59 6 6 40 5 25 3 60
397 404 3 43 21 48 32 3 41 35 18 29 35 38 27 34 15 36 68 5 71 33 51 42 58 9
846 3025 34 68 36 6 52 44 11 4 61 69 12 69 50 63 0 64 24 9 41 32 49 68 44 43
3167 3167 24 0 24 24 0 48 0 0 24 0 48 24 24 0 48 0 48 0 48 0 0 0 48 0
2798 2808 51 23 13 60 69 19 59 1 28 49 40 56 30 31 42 59 12 63 63 51 20 45 39 18
566 576 64 0 15 13 47 42 51 12 45 6 40 36 39 69 67 7 18 12 30 13 37 67 13 43
3914 4211 68 13 11 15 62 39 53 49 16 41 52 62 9 34 30 61 69 36 16 21 3 25 4 43
4577 4577 42 6 10 60 0 40 48 30 34 22 22 42 68 66 0 4 62 48 16 56 50 46 10 6
2965 2968 54 67 22 28 49 15 12 17 36 68 25 41 23 57 66 67 2 55 50 37 10 6 69 37
3645 3677 9 11 26 61 7 13 43 53 7 69 50 29 54 6 58 23 16 18 71 44 40 36 50 28
878 1170 25 46 51 38 2 25 2 17 10 41 13 8 61 40 0 51 16 43 0 12 27 27 51 24
1753 1753 55 43 47 60 10 53 55 32 65 40 20 64 68 47 55 3 12 23 9 20 42 70 59 25
833 836 26 50 48 31 22 25 69 29 40 32 43 44 55 59 41 36 68 65 1 71 26 54 8 51
905 908 27 3 41 25 36 3 44 30 3 29 40 59 39 48 18 39 39 40 64 33 62 30 37 17
254 454 68 14 45 58 20 59 33 65 63 51 69 47 2 55 7 24 0 11 23 41 36 33 43 10
3937 3937 6 18 50 25 52 48 34 21 19 41 12 61 12 35 22 56 18 54 68 1 58 17 33 52
3686 3696 61 46 8 3 58 47 1 69 3 65 7 21 28 2 23 37 17 46 37 56 24 63 53 38
3171 3216 53 61 3 41 10 33 18 69 51 10 24 52 27 35 55 65 13 10 69 64 71 41 44 49
613 726 12 66 52 26 1 20 12 37 55 56 68 62 11 64 36 54 1 35 52 39 12 19 63 14
2456 2456 0 0 0 0 0 0 0 0 0 0 0 0 0 0 0 0 0 0 0 0 0 0 0 0
3087 3088 26 47 9 20 16 40 26 1 14 38 65 2 16 33 64 5 46 71 12 52 27 63 26 66
1135 1176 63 60 39 64 28 52 36 32 61 27 8 28 20 30 8 46 3 55 50 40 32 64 18 61
508 733 33 1 6 26 59 43 32 24 54 38 49 45 64 67 66 7 53 68 65 63 66 11 37 23
300 300 52 56 40 68 44 48 64 36 68 56 44 0 0 36 64 28 48 56 24 44 52 12 68 16
2694 2702 29 6 10 18 60 54 22 60 50 17 7 64 64 32 38 70 29 69 63 28 25 32 22 70
3268 3273 3 52 33 67 61 0 1 45 52 15 55 26 2 53 66 52 5 13 17 56 8 50 46 59
2080 2173 31 68 17 9 22 32 31 39 29 64 65 33 45 37 9 9 30 33 61 55 0 0 35 61
3782 3782 30 54 43 58 48 15 48 70 46 31 7 63 27 53 24 4 69 40 12 29 67 14 20 65
2325 2325 20 52 11 12 64 33 20 65 63 59 51 1 10 27 21 60 18 16 54 43 47 61 19 14
4142 4178 17 23 43 41 42 3 15 42 4 63 36 11 53 65 28 58 19 68 50 50 70 38 66 60
420 631 16 38 19 32 60 60 55 10 48 26 37 41 45 20 35 36 68 51 56 19 67 18 50 69
2662 2662 36 36 0 36 36 0 36 0 0 36 0 36 36 36 36 36 36 36 36 0 0 0 0 0
1485 1490 39 50 17 2 18 42 51 68 7 68 62 48 3 45 67 53 30 59 9 13 56 37 53 51
570 593 27 5 3 59 47 66 51 13 17 31 17 56 51 45 4 47 69 35 33 15 45 66 57 68
1810 3959 27 27 24 67 17 9 13 13 7 64 62 24 51 7 34 16 2 33 46 34 57 26 61 55
3466 3466 48 56 29 67 45 66 20 71 42 59 52 19 49 54 48 1 71 58 64 33 3 27 1 44
1391 1404 32 36 33 56 17 32 57 11 11 10 62 11 51 29 48 7 48 43 59 48 4 8 13 11
125 127 28 52 30 36 26 68 35 13 54 22 45 38 24 42 49 58 55 68 26 8 68 6 68 58
1449 3138 9 63 57 65 18 25 29 11 0 12 34 61 12 20 26 62 30 41 31 17 47 44 28 59
3204 3204 21 60 18 12 3 39 69 66 39 18 60 48 15 30 51 57 0 54 30 15 54 30 24 21
3324 3325 17 4 27 49 33 38 70 22 15 9 10 31 41 64 58 7 9 68 10 60 7 29 46 34
3948 3949 44 30 5 53 14 20 26 28 0 41 46 15 48 8 25 28 47 5 62 28 49 20 40 53
27 497 34 45 61 66 60 2 9 19 55 2 62 31 38 23 51 18 28 69 43 32 4 25 29 13
3412 3412 24 12 20 64 16 68 36 16 36 56 20 68 24 68 12 4 48 64 0 64 48 0 68 44
3346 3353 39 70 33 69 30 61 42 50 27 56 54 48 3 65 7 43 53 65 6 11 28 42 20 31
182 208 29 39 13 35 45 40 15 12 5 15 37 48 55 53 71 15 6 23 39 52 39 25 68 11
309 1831 40 2 67 54 51 42 49 42 29 53 4 40 52 47 13 4 7 43 19 50 53 29 57 6
1603 1603 33 45 29 40 41 44 27 21 28 36 23 48 22 18 50 70 34 30 31 45 57 1 52 62
559 564 0 39 2 65 71 25 51 20 68 67 41 64 7 19 69 23 51 58 56 9 21 19 40 53
3479 3521 66 22 54 46 5 65 55 65 48 67 39 55 49 14 47 58 52 22 57 44 35 70 61 62
1093 1430 64 55 6 0 64 43 64 35 63 51 12 67 68 0 70 5 28 64 17 36 36 57 51 37
1695 1695 25 46 67 60 69 38 17 14 2 29 31 13 40 63 3 71 45 23 20 14 5 52 44 60
407 408 34 66 64 67 49 0 9 23 41 29 2 15 13 31 22 0 39 10 39 62 34 57 33 51
2506 2546 8 67 65 11 63 18 9 41 20 6 37 39 21 11 11 31 48 39 10 58 23 58 38 48
98 4076 67 69 44 19 54 20 17 27 19 1 46 59 66 34 10 25 37 1 7 8 2 51 17 4
3021 3021 48 57 9 54 42 24 48 60 63 36 6 6 42 0 39 57 57 27 45 45 3 21 24 39
4605 4610 31 62 7 19 32 20 30 15 13 66 24 30 33 23 10 27 48 71 66 29 9 35 33 49
3521 3551 26 50 1 12 68 47 27 6 63 70 48 37 40 43 33 35 70 27 34 36 13 11 14 38
1563 4165 35 46 32 16 30 13 38 21 70 35 6 18 4 54 36 17 40 36 46 36 23 9 55 37
1834 1834 1 52 17 23 65 64 20 64 56 68 7 62 6 17 42 21 17 46 53 0 48 53 51 58
2240 2250 58 30 61 59 19 16 60 23 9 13 63 67 52 66 20 30 49 25 64 33 43 36 48 27
819 842 7 5 7 27 64 44 21 59 41 0 11 65 31 64 30 40 23 27 15 34 33 8 69 6
581 1666 9 15 56 48 21 20 43 54 41 7 33 20 59 39 67 3 5 35 61 39 22 9 29 64
182 182 0 0 0 0 0 0 0 0 0 0 0 0 0 0 0 0 0 0 0 0 0 0 0 0
1090 1093 46 71 55 67 56 11 3 60 62 64 3 70 0 64 33 45 56 53 24 21 22 16 71 38
4121 4151 20 31 43 49 40 23 23 41 41 65 5 35 32 25 66 22 34 40 36 43 46 61 63 39
880 4766 35 40 33 4 27 70 17 36 34 23 63 58 16 54 42 37 19 10 24 68 68 29 46 43
4843 4843 23 41 9 24 41 49 64 53 59 2 25 8 2 11 24 29 68 59 31 66 68 11 52 2
819 826 49 30 30 59 33 25 18 43 21 21 34 45 56 55 61 56 71 67 35 17 48 59 44 13
4005 4030 50 6 15 27 9 32 23 25 42 20 38 70 21 12 36 13 9 16 2 39 26 50 18 59
4042 4649 41 27 54 71 5 4 20 66 22 48 44 57 68 35 35 39 22 61 18 10 38 1 64 7
1493 1493 52 48 36 12 52 48 56 36 16 44 60 4 60 16 48 8 56 8 60 20 8 28 28 12
513 529 35 28 39 35 60 57 52 50 33 44 15 50 25 24 26 61 33 51 57 46 39 36 36 57
4257 4274 28 64 41 19 68 54 63 12 13 46 4 66 19 1 17 3 65 58 19 61 48 47 27 5
91 778 64 44 12 1 42 26 68 61 63 14 6 21 49 47 51 11 36 46 16 57 20 22 50 17
197 197 43 61 22 66 12 59 10 56 47 14 12 37 56 50 20 20 45 18 68 63 55 61 29 9
246 257 62 71 20 33 20 52 28 39 10 10 50 58 27 44 45 8 60 40 36 45 65 16 1 2
56 66 7 28 32 58 44 20 51 18 69 65 31 59 39 60 49 15 14 28 50 17 63 70 17 51
554 1202 25 13 32 68 0 29 57 12 12 24 45 58 60 49 35 42 18 43 55 65 23 29 25 31
3881 3881 27 37 58 49 3 53 54 54 66 69 21 24 61 3 17 20 47 38 66 51 30 21 56 0
2336 2343 55 2 3 39 38 20 40 56 39 15 38 23 55 34 3 44 38 19 9 17 45 4 17 10
965 1001 3 39 4 50 70 19 65 6 38 40 27 37 12 64 62 12 42 42 69 60 3 11 45 28
310 566 0 18 0 18 18 18 18 36 0 18 0 18 54 54 18 0 18 18 36 18 0 18 54 18
2759 2759 29 13 53 48 4 46 8 57 4 31 0 65 38 59 21 62 18 39 11 66 23 45 14 32
2719 2739 65 45 17 1 11 67 9 71 65 34 71 57 30 38 4 39 23 57 32 35 3 45 70 62
1199 1217 61 41 18 62 41 27 71 47 50 42 35 50 63 53 41 37 20 10 28 58 17 51 0 35
65 594 14 17 70 49 61 68 28 37 28 23 38 9 47 0 40 24 62 0 67 2 24 13 7 15
3107 3107 71 10 34 61 1 23 18 0 41 8 43 12 69 2 7 18 34 63 70 39 22 36 10 67
1924 1930 63 13 13 35 10 46 12 37 9 43 16 23 51 55 66 60 5 41 9 49 6 31 62 42
3716 3751 54 60 66 30 60 6 24 48 42 6 18 36 30 48 0 36 60 12 18 60 48 60 36 54
2839 3203 32 45 36 17 22 58 27 32 9 31 68 23 0 7 4 52 0 28 39 32 19 47 0 71
246 246 64 26 0 70 6 12 48 26 28 12 24 18 38 30 34 10 4 60 26 36 42 56 62 56
2482 2483 21 55 69 7 18 24 1 25 35 2 64 25 4 27 21 9 49 17 36 19 17 47 15 41
1923 1953 44 16 32 0 32 56 40 44 36 56 24 36 36 56 64 20 40 40 20 12 28 20 0 24
1162 4359 40 28 30 70 4 52 58 28 14 30 52 28 10 26 30 60 58 70 30 12 70 12 70 34
4270 4270 42 62 54 2 26 8 58 58 68 38 26 2 52 16 56 16 62 24 64 28 32 44 52 50
914 925 50 44 49 34 25 51 3 68 41 67 61 62 38 35 17 65 43 45 52 38 27 55 21 14
3308 3345 54 15 42 3 27 12 45 69 30 48 42 36 57 36 0 27 63 36 3 0 63 24 6 30
903 1515 55 34 42 30 29 8 69 50 3 39 67 26 42 58 48 60 58 16 22 14 11 68 54 53
3503 3503 34 37 54 42 12 19 67 0 37 36 5 53 16 29 23 18 0 69 16 20 9 52 45 12
3420 3442 40 4 54 55 34 2 70 58 51 42 41 53 52 43 12 60 35 9 40 1 21 63 61 11
345 389 46 50 32 65 54 53 24 44 2 8 51 1 29 31 69 15 21 68 55 48 61 19 46 13
84 251 7 10 59 29 31 42 15 40 37 41 12 33 8 26 20 15 9 32 32 60 20 68 50 65
2062 2062 36 42 18 12 6 60 60 42 54 48 12 48 54 54 12 42 0 42 18 42 0 18 18 66
820 833 30 51 12 0 69 27 21 27 15 57 63 54 66 45 0 12 3 15 33 0 54 6 3 33
371 382 12 64 70 49 70 63 15 26 50 21 4 1 48 47 65 68 37 14 11 25 60 44 24 23
3416 4031 43 7 41 6 43 24 6 52 48 48 54 42 49 19 50 63 60 29 36 31 18 48 55 41
4006 4006 47 54 41 68 0 59 24 18 12 19 53 40 14 39 9 45 51 64 14 40 6 10 25 8
4807 4811 18 6 6 6 12 48 42 12 0 48 48 30 36 54 54 12 18 0 12 0 30 0 66 30
4484 4505 38 60 36 48 24 26 0 30 2 62 56 26 44 56 56 42 2 24 52 36 12 4 24 60
526 548 22 40 31 39 31 19 20 28 63 60 8 53 55 44 29 63 52 33 61 5 35 51 38 10
2758 2758 55 34 22 71 10 4 8 14 55 69 57 34 11 0 47 60 3 15 50 53 4 12 51 1
4730 4741 16 23 64 20 9 34 15 63 67 62 45 38 58 53 58 14 43 13 4 48 6 53 66 43
1293 1339 18 69 45 26 24 56 40 62 51 16 59 4 56 50 49 28 44 48 41 69 0 71 60 70
748 987 24 23 56 45 26 63 42 33 36 44 62 50 13 38 8 65 55 27 12 3 34 26 33 71
865 865 0 0 0 0 0 0 0 0 0 0 0 0 0 0 0 0 0 0 0 0 0 0 0 0
1609 1629 16 52 65 29 27 25 9 12 10 14 50 33 10 56 64 24 57 1 12 18 36 33 53 51
1922 1959 12 66 56 16 68 68 40 4 14 40 10 64 48 18 20 38 32 54 30 32 34 40 0 8
3098 3961 45 3 13 69 47 50 69 32 8 64 25 15 43 26 67 60 21 32 25 45 55 37 62 41
4261 4261 34 66 26 30 12 49 51 40 70 12 44 56 45 13 40 46 60 26 17 29 25 46 53 9
1573 1588 46 70 30 39 38 42 40 26 59 25 61 70 55 67 56 50 24 62 59 67 23 8 3 63
1406 1453 19 2 38 62 53 63 66 45 49 36 9 51 52 3 12 34 65 51 55 23 38 61 60 47
1370 1809 65 16 34 7 66 51 52 50 34 52 48 69 12 35 43 47 54 19 37 55 24 11 58 20
3024 3024 44 50 0 47 26 26 51 25 3 4 0 37 6 57 47 62 2 68 59 19 10 38 14 20
1876 1885 11 9 58 66 9 64 14 23 60 15 5 37 28 6 34 70 48 53 53 3 20 11 68 22
1819 1857 38 41 46 63 26 48 11 40 38 63 23 20 46 50 58 36 41 39 7 1 60 61 57 2
637 3986 64 34 38 22 66 26 20 40 30 54 40 32 30 22 6 2 24 68 46 60 54 10 34 14
4814 4814 45 15 54 10 48 57 3 42 53 47 44 37 35 57 17 51 70 20 23 64 68 33 41 29
4191 4208 3 33 36 39 42 45 30 60 33 27 36 51 51 33 48 48 6 45 0 42 51 33 18 54
4593 4600 24 18 16 26 32 26 68 62 14 48 58 42 70 24 60 10 26 30 10 44 50 40 28 54
147 970 40 43 58 8 39 44 17 42 0 44 10 47 14 62 68 66 49 35 47 46 37 40 21 21
3929 3929 57 55 31 22 43 61 47 71 12 33 53 33 17 68 56 22 38 15 11 13 39 16 28 70
951 958 2 52 34 29 28 51 54 67 54 14 43 22 55 15 18 35 49 11 49 59 70 71 30 19
175 187 46 7 50 31 46 28 23 13 52 3 3 63 37 43 8 29 7 12 7 47 30 18 56 29
42 950 66 25 67 27 6 68 58 41 63 11 54 2 10 25 14 56 3 57 45 51 67 4 68 33
2812 2812 54 20 6 54 70 58 62 52 4 60 46 50 38 62 42 10 46 20 16 54 64 22 56 6
2537 2548 46 57 4 47 14 1 46 53 43 46 7 11 35 27 27 27 62 29 70 10 43 30 46 8
4487 4495 23 68 11 9 63 54 5 19 17 51 13 42 29 58 14 23 8 49 47 37 57 34 53 49
387 4861 54 7 33 2 34 29 70 36 34 31 44 63 68 10 51 49 30 62 29 33 43 40 12 30
4818 4818 33 0 27 27 57 0 36 12 12 30 36 15 6 45 45 15 15 39 51 36 21 9 6 27
1071 1083 2 62 10 38 48 56 62 46 40 34 38 56 58 22 32 36 2 46 66 10 50 28 2 36
3649 3671 68 68 54 60 16 16 38 2 16 64 34 24 62 22 4 32 0 6 20 16 18 46 38 60
475 789 33 46 26 5 0 58 39 71 12 14 5 36 58 58 45 69 6 71 45 38 12 36 43 45
2271 2271 66 30 54 60 36 24 60 12 66 24 60 54 30 0 60 24 54 12 24 54 48 60 54 6
3851 3855 63 27 0 9 0 18 9 45 63 54 45 36 45 63 27 27 18 0 54 45 0 0 63 45
3274 3316 5 13 2 16 42 6 68 42 49 23 69 2 16 27 33 43 34 57 30 31 22 46 42 0
5 37 46 0 32 15 14 15 49 33 48 39 58 5 15 67 14 44 30 43 52 50 21 0 31 70
1560 1560 21 69 60 51 66 9 69 42 69 57 0 39 63 12 63 57 18 21 27 15 54 30 15 21
3415 3420 18 8 65 54 57 10 34 59 16 55 35 57 40 45 1 9 55 10 57 19 28 59 0 32
4755 4800 22 57 30 65 54 7 57 17 38 22 23 46 67 40 67 16 51 22 52 10 53 6 57 70
2364 4415 5 64 40 12 43 50 47 29 32 9 12 64 69 55 65 33 23 2 64 49 1 36 51 9
2379 2379 8 34 0 64 34 12 34 66 48 44 60 30 56 64 34 20 30 46 54 20 0 36 70 36
2723 2742 41 43 53 22 26 48 62 32 56 55 47 40 67 7 51 53 53 60 24 3 14 56 58 30
2492 2517 32 61 63 6 35 18 25 71 67 46 33 43 12 39 48 57 23 21 10 38 33 41 10 3
566 3385 4 30 13 57 22 48 71 21 58 70 3 25 49 67 51 48 58 54 61 61 35 39 4 9
4344 4344 62 44 60 2 12 30 58 32 12 0 8 32 24 4 16 20 36 0 0 22 6 52 54 62
3981 3986 34 22 16 30 3 23 23 68 18 0 37 8 69 10 12 21 15 36 5 33 61 42 31 55
3709 3728 47 68 7 29 41 51 61 23 61 46 64 60 17 10 62 21 5 66 0 5 70 1 55 47
690 715 1 43 20 20 18 47 27 25 42 19 45 22 3 21 17 29 23 42 35 0 20 15 53 21
4695 4695 5 43 46 14 17 31 65 1 59 59 41 25 15 5 47 33 44 38 8 23 67 36 5 69
1134 1145 0 0 0 0 0 0 0 0 0 0 0 0 0 0 0 0 0 0 0 0 0 0 0 0
4157 4172 25 1 2 50 67 22 4 10 35 43 63 5 57 68 4 23 18 63 5 66 60 71 51 65
247 776 6 26 60 3 29 36 39 21 59 21 37 48 12 21 9 6 10 62 66 22 26 7 61 9
3721 3721 52 3 57 12 17 17 35 15 19 8 34 30 9 39 18 28 24 13 30 11 7 59 55 63
1365 1377 56 22 22 6 4 51 1 46 10 29 41 38 38 61 22 27 28 60 37 8 37 52 69 71
4442 4473 63 22 52 17 28 44 50 13 32 18 52 30 39 61 16 29 2 62 7 57 52 48 26 32
659 3337 6 69 17 43 67 13 28 28 17 24 26 57 52 8 52 65 14 68 48 1 44 67 53 29
1097 1097 28 47 9 57 50 0 37 27 48 48 43 26 27 18 16 23 18 61 10 23 28 30 40 15
4891 4910 27 53 59 15 18 7 31 37 9 60 50 68 64 3 36 21 16 26 14 40 7 20 65 26
4423 4438 23 68 63 0 68 40 27 52 63 57 20 12 8 69 1 25 39 0 57 65 1 8 6 4
510 4247 69 61 29 51 69 41 11 19 2 24 32 47 20 12 54 6 61 67 41 52 44 20 69 35
1801 1801 0 0 0 0 0 0 0 0 0 0 0 0 0 0 0 0 0 0 0 0 0 0 0 0
4539 4559 12 55 44 48 4 3 5 43 63 40 3 33 67 37 47 6 8 64 24 59 51 34 42 43
2895 2906 31 21 34 26 13 43 64 13 43 46 32 24 35 52 12 54 5 32 55 1 47 53 18 19
249 956 22 2 35 67 28 23 30 57 12 58 66 36 8 20 40 40 68 4 12 36 48 70 39 3
2104 2104 18 9 27 0 18 18 54 9 27 54 36 9 45 0 18 36 18 45 63 63 63 27 36 9
327 342 0 36 37 29 9 25 31 5 27 2 49 11 54 21 16 34 25 52 27 1 21 34 28 25
941 964 4 52 43 11 47 24 38 50 4 6 3 62 16 23 50 28 10 21 17 3 43 66 56 15
2980 3034 53 24 65 28 9 60 50 54 24 8 69 68 36 8 17 44 37 46 25 4 5 52 19 14
2192 2192 0 0 0 0 0 0 0 0 0 0 0 0 0 0 0 0 0 0 0 0 0 0 0 0
2018 2023 61 42 37 52 46 50 1 63 28 50 31 42 41 61 51 25 32 27 39 37 41 71 56 69
4332 4351 40 53 68 66 8 21 37 17 26 49 55 25 49 38 35 58 43 15 7 19 27 4 47 8
1609 3200 31 11 4 18 71 65 14 29 37 15 16 69 30 7 27 1 52 42 71 19 26 26 55 70
2209 2209 23 41 16 12 45 49 38 58 30 37 8 67 13 7 50 51 21 28 7 22 15 18 65 42
3788 3793 66 64 45 28 53 8 36 9 71 3 44 10 16 12 36 44 31 14 66 11 54 15 27 66
3549 3582 9 61 57 30 49 37 27 53 16 13 20 11 12 64 35 14 15 43 0 65 52 34 17 4
170 324 26 54 39 62 26 7 7 12 46 1 8 71 25 54 27 52 60 16 62 62 70 60 37 14
2221 2221 36 49 51 18 42 42 30 39 59 47 17 63 10 15 53 29 61 25 65 51 59 23 2 1
3064 3073 44 70 67 29 45 32 71 69 10 35 63 66 44 60 61 22 45 43 41 21 12 10 67 67
3915 3917 22 30 68 22 41 49 34 35 55 50 50 42 66 56 49 54 56 5 52 22 65 55 44 64
1078 2075 64 17 69 12 13 2 27 42 67 15 40 33 2 42 44 50 70 36 35 65 5 21 36 26
2538 2538 25 31 24 9 63 18 22 35 36 37 51 26 46 15 61 15 31 53 20 0 49 33 71 62
4255 4263 18 20 60 36 8 70 10 26 32 10 4 68 32 10 8 18 70 58 2 6 48 0 56 38
1371 1409 10 65 13 42 54 63 53 64 52 37 39 38 34 2 50 50 28 24 42 4 39 61 25 12
1937 4692 5 71 22 53 24 27 10 42 30 5 5 67 15 63 44 28 22 32 13 45 21 38 37 35
2917 2917 0 0 0 0 0 0 0 0 0 0 0 0 0 0 0 0 0 0 0 0 0 0 0 0
4767 4789 31 32 39 25 56 45 10 30 46 24 17 6 52 3 53 30 70 53 25 35 24 62 28 13
4937 4966 20 20 13 40 51 22 33 43 23 34 7 31 22 67 0 51 11 22 62 27 11 24 24 17
577 809 71 40 23 64 44 4 59 60 64 28 51 49 36 10 48 25 39 11 61 4 10 30 17 64
2410 2410 39 33 70 65 43 46 18 35 32 63 33 38 34 24 17 53 14 32 12 7 49 11 31 59
2743 2751 35 53 33 64 32 36 17 69 68 35 23 39 64 21 12 23 68 9 65 49 45 10 34 41
1745 1768 2 32 15 43 70 47 34 33 45 58 19 40 50 28 63 11 58 30 22 69 63 56 17 9
166 2719 11 24 16 42 12 37 19 19 6 38 46 3 33 38 18 46 30 30 3 34 20 9 46 28
2184 2184 54 11 15 25 16 50 17 56 36 33 35 36 68 65 6 31 57 61 11 61 46 26 22 23
2546 2559 34 32 29 38 14 45 10 0 24 26 34 52 43 6 4 42 29 33 61 3 34 51 34 13
659 704 62 41 66 56 59 30 8 25 5 39 49 7 10 41 18 11 27 41 31 6 66 66 52 2
2088 3145 48 6 66 60 48 66 33 36 66 18 66 42 51 66 42 27 57 33 27 36 9 48 63 30
2243 2243 6 24 38 20 3 0 3 52 41 70 31 44 62 12 44 50 6 69 32 13 19 43 44 37
3840 3847 0 57 19 5 38 11 65 42 33 8 63 17 39 12 70 61 21 59 39 61 47 31 15 29
284 297 46 63 67 41 0 61 66 50 64 34 71 30 32 61 33 41 60 54 21 62 30 31 65 63
1877 4002 5 65 22 12 12 52 57 63 71 18 20 54 59 71 35 13 19 7 66 23 33 26 3 53
3157 3157 0 0 0 0 0 0 0 0 0 0 0 0 0 0 0 0 0 0 0 0 0 0 0 0
1665 1678 24 38 70 26 50 42 24 8 58 2 34 4 22 34 0 68 36 56 18 14 36 22 44 46
1745 1773 8 46 55 35 62 0 62 66 33 34 20 28 63 20 13 49 37 66 9 42 47 9 5 69
529 1760 29 53 4 59 67 3 56 11 45 39 0 29 26 50 13 5 9 33 41 36 32 16 48 28
2405 2405 32 40 48 0 8 56 32 0 48 48 56 8 64 40 24 32 40 40 56 48 0 64 48 16
1953 1953 0 54 0 63 18 36 45 18 9 0 27 45 27 9 0 9 0 54 0 45 36 0 9 36
2082 2098 1 2 42 50 32 40 3 38 23 61 12 38 7 62 31 66 35 44 55 55 47 11 62 36
300 488 70 12 30 49 19 55 44 4 34 16 11 31 66 28 51 38 64 55 58 51 55 44 64 38
567 567 0 4 58 60 14 24 44 40 28 44 48 68 68 14 70 42 28 48 6 66 40 22 16 4
2923 2926 29 69 10 60 51 13 21 25 49 36 17 53 33 50 27 13 21 29 28 50 39 51 69 31
2860 2882 60 55 57 71 47 41 21 17 68 6 34 3 17 69 45 25 11 64 46 58 43 18 6 1
239 672 28 19 39 31 11 55 27 18 57 27 26 14 43 62 60 37 4 42 11 27 63 60 14 52
654 654 25 50 6 44 26 37 56 38 45 13 16 29 28 35 12 60 42 31 20 24 27 6 66 16
4333 4355 6 58 64 20 55 17 52 40 0 65 30 54 67 48 59 37 28 28 48 65 32 68 61 35
88 113 32 31 54 21 29 36 49 22 28 48 50 33 67 26 64 32 6 31 12 52 63 69 2 63
571 2936 58 27 70 68 44 19 49 68 5 12 37 25 47 55 29 45 34 69 20 35 70 5 36 1
3216 3216 24 8 24 56 8 24 40 56 8 48 8 32 16 64 40 48 0 48 64 24 56 40 56 56
2351 2366 34 8 59 58 48 28 47 10 62 29 18 10 61 28 55 41 10 26 52 11 22 17 63 64
3053 3090 40 11 41 36 49 11 38 39 29 6 28 40 51 42 2 29 29 7 16 27 52 56 25 9
536 3893 16 20 16 40 13 1 2 21 17 30 24 44 61 46 4 9 21 37 39 17 14 60 17 26
3371 3371 40 54 20 62 58 30 36 4 66 22 64 52 8 58 48 4 68 20 14 30 20 62 46 54
1048 1067 20 2 64 9 64 35 43 16 68 10 71 37 21 28 21 51 60 57 41 43 18 5 2 1
4170 4212 16 30 15 8 12 7 35 69 18 24 63 69 70 10 36 42 15 54 42 9 52 39 19 55
1823 4657 42 50 48 55 63 13 17 30 60 68 3 18 27 24 14 16 0 31 43 3 71 35 19 68
4820 4820 55 55 15 34 68 56 36 28 0 34 56 40 29 66 54 29 66 12 46 3 42 47 66 20
2718 2730 15 60 50 30 47 23 18 16 25 66 37 11 14 20 9 1 21 37 60 34 13 17 17 65
1568 1610 61 21 24 51 2 50 27 70 42 50 6 53 34 8 21 42 66 37 5 12 28 57 58 19
1071 3109 61 0 60 15 39 2 40 52 61 1 57 29 54 33 45 52 10 9 62 14 55 27 58 55
975 975 29 54 17 33 15 35 20 4 3 53 62 13 9 56 10 39 59 66 70 31 57 18 40 6
2178 2180 54 18 0 24 60 66 24 18 0 30 30 12 36 36 30 6 54 12 30 66 12 6 30 54
4857 4886 20 57 52 39 59 31 39 32 71 25 68 15 28 54 62 3 46 12 60 61 47 46 39 22
49 99 17 47 61 71 68 64 14 4 18 15 16 11 64 15 9 10 56 31 26 68 27 43 66 40
4440 4440 51 21 33 26 10 58 37 41 50 2 11 34 46 63 24 57 47 3 66 56 48 35 10 12
3393 3410 68 38 39 7 5 2 20 21 5 14 10 9 49 35 46 26 10 17 13 56 50 58 12 51
3787 3792 39 24 67 43 26 37 53 26 45 65 69 42 66 22 66 36 7 12 18 63 37 16 44 37
1179 1508 71 64 1 28 11 17 57 38 62 17 60 37 40 66 58 37 8 23 12 41 2 36 12 63
1499 1499 0 24 48 48 0 24 0 24 0 48 24 48 24 0 48 0 24 48 48 0 48 0 24 0
2772 2778 48 7 39 15 12 20 11 22 47 9 43 63 36 31 25 63 53 27 41 20 16 49 11 66
2849 2862 33 41 26 37 0 43 0 27 4 30 63 29 58 28 0 9 68 52 13 43 55 0 57 60
144 784 14 19 27 35 55 25 12 39 17 43 58 30 47 36 38 62 52 6 60 31 57 23 46 5
1201 1201 0 0 0 0 0 0 0 0 0 0 0 0 0 0 0 0 0 0 0 0 0 0 0 0
3659 3659 64 58 18 66 69 38 20 18 58 47 42 50 8 28 57 58 24 48 39 32 16 65 0 2
4839 4858 12 1 22 18 60 65 64 28 37 71 62 8 23 66 47 66 53 20 28 0 32 68 46 46
3286 3510 54 66 42 42 24 66 6 66 0 18 30 36 30 30 42 30 6 6 24 30 54 12 48 30
3406 3406 16 2 68 32 37 59 53 57 65 47 19 50 68 15 13 33 22 42 61 68 59 13 31 49
1082 1086 63 12 50 14 25 38 28 68 58 66 56 66 46 20 26 0 48 65 14 68 54 24 46 38
1835 1844 50 28 6 16 17 37 15 30 9 34 18 14 63 43 63 12 36 33 48 4 41 63 29 44
4292 4449 26 57 7 2 22 63 44 62 4 67 65 70 37 68 26 5 49 9 60 50 7 53 42 43
4590 4590 34 26 30 70 35 61 67 25 62 65 31 36 18 1 2 37 18 43 52 1 15 23 21 11
979 998 56 48 8 48 8 24 32 24 8 56 64 32 24 16 32 0 40 0 48 8 24 64 0 0
2460 2497 31 39 18 21 38 27 29 52 21 24 47 32 6 70 44 22 22 66 16 57 34 27 53 17
1610 2293 32 70 10 10 59 4 22 33 43 53 36 8 4 71 41 8 21 61 13 57 3 55 19 30
3597 3597 71 5 21 23 33 30 60 20 23 17 54 31 68 20 5 69 46 44 60 62 33 34 60 34
573 580 68 0 47 13 54 6 11 4 18 32 59 51 43 36 23 56 2 23 30 45 37 46 66 39
727 756 51 6 65 64 2 33 2 19 37 38 58 55 18 35 21 10 35 47 2 45 48 50 39 67
236 248 0 18 18 18 0 54 36 54 36 54 18 54 0 36 36 18 0 54 0 18 0 18 0 0
1280 1280 0 0 0 0 0 0 0 0 0 0 0 0 0 0 0 0 0 0 0 0 0 0 0 0
2648 2662 11 1 20 12 44 53 61 34 37 0 59 19 71 26 30 49 51 65 13 10 16 41 63 21
3661 3664 16 30 51 26 45 69 50 49 37 70 25 5 12 7 38 68 3 49 53 7 3 56 70 70
3861 4006 17 57 10 69 25 41 66 71 59 16 39 32 71 28 33 28 60 20 34 42 10 18 20 14
737 737 38 8 64 46 60 38 32 54 50 54 28 28 50 22 52 12 32 12 46 2 34 52 22 40
2001 2016 7 16 48 32 21 48 33 12 16 68 32 64 43 65 53 37 67 70 67 20 32 12 53 26
1839 1854 45 5 48 43 56 22 14 64 37 28 20 57 67 53 6 39 41 17 31 19 54 66 64 32
290 1485 45 39 64 37 66 17 7 57 2 32 20 14 52 61 5 22 27 62 66 54 43 8 22 9
4361 4361 15 48 15 30 30 60 9 12 63 12 57 6 12 42 24 66 36 9 0 0 36 33 33 54
4237 4237 68 51 56 61 9 14 45 49 71 58 56 3 33 1 67 10 3 35 46 1 26 68 39 45
3699 3713 70 4 52 33 68 57 19 65 50 15 38 2 15 46 29 42 12 19 4 48 41 70 45 31
548 779 36 12 8 14 14 13 33 17 1 18 24 51 22 2 52 65 37 41 9 44 19 70 69 71
3919 3919 0 0 0 0 0 0 0 0 0 0 0 0 0 0 0 0 0 0 0 0 0 0 0 0
3696 3711 3 49 47 64 14 7 43 57 22 10 32 34 4 64 52 6 14 41 29 40 60 4 5 32
1791 1809 10 50 60 5 40 31 67 28 40 15 41 1 50 67 60 18 40 17 61 71 59 49 51 69
1981 2066 19 27 17 51 17 12 0 55 54 57 43 58 65 63 58 20 10 17 44 0 24 28 19 69
2476 2476 33 6 63 30 14 53 69 40 16 38 40 31 28 13 58 37 22 19 12 44 56 31 17 65
1681 1691 65 26 21 16 27 34 12 43 12 2 33 41 68 32 70 12 21 56 20 55 49 24 47 36
2473 2505 5 27 21 71 20 5 28 38 19 23 64 33 14 42 61 28 1 3 51 68 5 49 63 56
1608 1925 42 56 21 61 57 48 17 42 43 59 41 61 26 60 62 36 20 19 61 7 58 60 27 29
2894 2894 56 42 65 0 33 44 53 22 25 1 13 50 31 65 21 6 24 60 0 56 66 56 38 30
3092 3100 34 15 62 61 65 68 53 53 40 68 67 62 44 6 67 56 28 47 6 43 2 58 1 63
3918 3950 21 33 16 54 15 45 5 14 31 36 69 4 10 18 46 49 43 19 9 50 61 55 15 61
1633 1701 3 54 10 27 1 64 49 27 20 65 39 1 50 69 54 30 13 43 60 54 65 14 48 27
3310 3310 58 66 54 6 66 4 46 14 24 8 68 28 12 16 8 6 44 6 8 60 18 20 46 46
250 262 47 33 40 30 41 67 57 3 5 34 53 52 56 64 33 4 63 20 31 11 67 51 53 10
4685 4704 43 39 12 12 22 59 14 35 62 10 56 58 67 11 3 25 0 16 71 2 38 53 64 18
537 669 8 37 41 34 36 64 16 35 54 62 58 34 46 69 12 16 57 45 59 35 24 58 18 41
4692 4692 63 36 33 0 39 39 54 54 15 69 30 54 27 0 18 69 30 6 30 27 54 45 45 27
2441 2450 24 51 46 12 19 47 42 47 56 60 49 45 59 11 11 8 61 21 15 11 9 28 34 26
2095 2127 68 62 52 29 54 27 70 35 7 43 7 0 26 9 48 31 59 15 65 7 56 60 20 34
419 967 70 29 67 45 6 52 69 5 23 6 43 24 34 30 5 22 68 31 63 62 45 48 27 31
1135 1135 29 70 69 66 43 0 40 25 44 12 68 49 68 35 29 17 25 51 14 0 52 7 17 15
4820 4836 68 5 23 21 51 5 39 59 48 26 51 12 27 58 43 63 32 16 43 33 69 25 65 23
1708 1739 30 3 71 38 42 26 38 46 4 10 40 36 57 61 37 19 60 54 3 1 26 2 40 21
145 2932 26 12 13 43 40 33 18 27 59 5 47 43 1 39 39 25 41 38 62 6 32 62 41 45
1479 1479 3 56 36 30 47 25 8 2 15 5 65 43 48 39 62 25 22 41 55 5 50 60 23 58
1186 1195 57 65 13 25 37 66 21 56 12 18 12 17 26 70 48 40 51 57 71 61 68 26 30 36
3039 3063 4 12 56 34 44 5 8 25 57 57 20 57 14 35 2 25 51 0 41 52 56 44 71 61
131 1752 42 50 53 31 21 5 32 22 62 35 18 45 63 41 35 70 51 7 38 14 68 57 28 48
950 950 56 58 61 5 54 63 39 26 56 15 16 46 68 41 38 67 47 35 22 57 67 61 24 53
190 195 12 38 50 63 11 37 4 31 46 39 45 5 29 62 3 34 52 15 24 48 27 59 7 44
89 129 32 24 56 0 24 48 16 24 56 24 40 16 16 8 8 0 64 64 24 64 0 0 16 56
3197 4997 54 46 57 8 8 24 1 23 35 14 53 3 29 65 37 47 47 38 18 45 41 7 30 66
2696 2696 0 0 0 0 0 0 0 0 0 0 0 0 0 0 0 0 0 0 0 0 0 0 0 0
4606 4625 50 10 50 54 18 4 58 40 14 34 22 16 66 36 36 42 12 48 10 44 26 38 44 40
3347 3349 17 16 38 45 10 23 10 35 61 55 56 10 47 2 44 18 47 25 66 12 43 42 69 21
1579 4857 32 17 35 50 13 47 70 38 34 44 7 65 32 37 4 68 65 49 28 43 57 60 57 17
942 942 31 11 14 29 3 30 40 17 24 22 66 57 45 49 46 41 36 70 8 17 35 7 58 44
1936 1952 52 28 66 62 58 52 38 70 52 40 36 50 4 14 0 70 40 46 52 58 44 62 16 30
3947 3988 32 54 49 7 7 29 44 1 38 69 39 17 55 15 47 67 67 26 51 9 29 44 63 45
2184 2496 69 8 6 64 19 25 36 51 29 71 13 67 11 60 47 67 2 14 13 33 8 11 45 10
3144 3144 38 33 27 2 47 38 15 11 37 7 57 53 43 6 30 65 20 11 5 14 51 56 64 50
841 856 27 30 22 34 60 4 68 49 56 48 28 24 13 0 11 65 42 46 71 27 67 45 65 13
2234 2281 0 0 0 0 0 0 0 0 0 0 0 0 0 0 0 0 0 0 0 0 0 0 0 0
3337 3493 20 48 10 5 4 1 8 32 36 62 57 55 41 25 65 71 55 5 15 11 6 9 26 49
3351 3351 19 71 49 45 67 32 23 71 60 62 71 59 21 66 34 52 12 35 11 26 53 29 42 41
1135 1145 61 34 30 64 14 32 24 3 35 20 63 59 36 54 49 20 4 26 19 65 1 18 29 55
1210 1227 39 47 58 0 41 61 27 13 30 54 53 40 5 50 25 49 44 29 36 27 58 31 43 38
2554 3940 36 28 12 18 42 67 6 24 62 15 68 60 21 46 5 6 61 49 63 14 51 48 58 35
3077 3077 42 12 0 42 69 27 12 0 3 24 21 6 57 45 54 63 66 6 51 21 18 51 30 12
979 991 19 14 18 40 28 15 4 45 52 42 34 58 21 53 11 56 25 35 59 29 11 28 22 67
1187 1212 29 47 12 27 23 22 53 6 6 48 36 51 62 7 52 62 40 2 2 21 51 56 14 24
934 1212 15 23 45 32 6 16 34 45 11 49 48 29 61 46 53 50 16 42 68 58 62 52 26 4
1022 1022 15 60 24 69 15 55 21 70 60 19 0 27 22 20 44 2 45 24 30 10 63 54 55 51
2918 2928 36 21 3 3 21 63 24 18 24 6 69 39 12 45 48 51 39 27 39 27 66 54 9 12
4485 4524 10 24 4 59 26 21 44 18 26 61 68 33 52 62 9 11 29 32 1 60 1 30 4 30
797 1551 14 22 45 5 4 38 5 23 69 18 0 25 67 32 52 20 29 18 3 63 34 63 31 65
3384 3384 62 24 4 20 40 12 62 53 68 48 29 27 43 66 12 11 25 30 68 27 28 33 11 50
1642 1649 33 27 22 40 37 20 57 24 35 8 68 4 46 28 26 37 56 66 68 71 56 15 9 40
4685 4720 54 37 48 3 53 13 9 16 71 45 65 32 9 11 32 64 42 21 20 27 25 41 40 3
181 1445 17 13 30 67 58 23 5 34 9 43 35 35 64 10 45 21 22 49 15 37 1 28 23 20
999 999 26 59 28 29 35 45 7 71 69 30 28 65 28 20 17 36 64 11 59 60 52 0 26 0
3055 3064 43 27 26 36 54 62 69 39 63 23 71 53 1 58 31 40 66 43 15 30 4 65 48 18
747 781 8 35 27 18 37 71 62 55 56 67 26 45 64 18 45 5 45 30 24 69 55 36 4 51
1061 1314 47 42 57 28 23 6 53 38 10 26 69 7 14 10 30 67 21 45 25 27 48 70 55 4
3213 3213 46 68 16 1 0 19 2 60 65 22 50 1 0 39 36 53 0 54 62 47 23 2 10 24
3588 3602 23 46 39 22 17 5 46 13 39 53 3 71 30 49 31 44 28 71 27 31 53 41 31 0
4338 4370 16 34 41 36 50 5 9 19 18 45 5 13 8 50 38 54 65 34 26 61 43 10 39 11
413 684 24 6 9 12 30 54 51 48 21 42 3 54 21 27 24 21 6 45 54 30 33 51 15 27
3860 3860 2 69 34 57 53 65 52 63 15 56 41 61 60 46 22 26 70 2 9 35 10 65 6 10
2402 2408 54 59 60 5 38 70 39 31 54 42 36 33 38 44 47 0 2 20 46 54 15 39 63 48
3712 3741 6 2 42 20 51 25 48 49 33 65 19 8 19 66 46 48 10 21 67 1 38 16 48 21
1771 3546 6 8 43 36 24 12 46 23 25 20 40 33 32 48 33 35 58 67 32 50 13 60 58 40
2567 2567 14 32 17 12 38 1 58 49 42 14 4 44 63 32 68 49 12 6 41 66 38 23 14 68
2921 2933 54 13 17 5 0 58 38 3 65 49 44 65 50 9 9 28 13 44 27 43 36 3 15 50
1672 1703 36 23 61 45 58 39 69 70 58 9 50 65 21 42 33 5 15 51 59 48 64 69 67 18
225 4520 41 40 13 9 15 21 36 37 61 49 62 17 30 32 65 9 66 61 47 45 41 10 60 35
133 133 0 0 0 0 0 0 0 0 0 0 0 0 0 0 0 0 0 0 0 0 0 0 0 0
3260 3276 49 33 50 18 11 14 54 56 57 54 47 68 49 7 33 17 61 41 42 28 67 49 62 6
3592 3619 58 70 17 21 9 11 67 66 11 33 19 43 46 31 67 30 24 54 2 56 1 66 11 2
885 2366 29 29 4 52 22 34 8 58 20 22 44 60 31 33 25 56 20 44 4 8 31 36 59 70
3884 3884 0 0 0 0 0 0 0 0 0 0 0 0 0 0 0 0 0 0 0 0 0 0 0 0
1598 1620 49 67 24 1 67 63 23 55 40 8 66 49 38 4 54 26 70 50 20 67 22 12 2 22
959 966 18 62 23 67 3 40 26 62 51 47 68 60 8 65 34 67 4 2 60 69 0 65 37 14
3291 3495 22 45 27 42 48 7 7 14 15 56 71 49 7 55 51 17 30 4 49 26 36 50 49 50
4676 4676 0 0 0 0 0 0 0 0 0 0 0 0 0 0 0 0 0 0 0 0 0 0 0 0
4568 4587 52 10 45 71 58 48 3 9 50 71 60 5 15 13 12 41 30 12 45 41 64 46 51 31
2304 2346 9 54 21 57 52 24 52 6 68 32 64 42 43 59 40 17 53 34 2 45 40 52 35 49
1201 2606 65 34 50 35 47 31 15 17 31 18 54 32 50 31 63 14 14 14 66 25 26 25 53 50
4607 4607 25 34 68 56 55 52 8 8 1 26 53 29 34 33 27 28 34 40 33 26 66 26 19 35
4190 4209 49 52 41 68 51 21 16 51 45 45 14 29 1 59 12 55 35 68 1 60 49 63 1 4
4589 4607 51 33 32 40 49 49 40 49 25 54 44 24 71 66 27 32 52 36 59 64 13 62 5 45
3384 4425 34 62 10 41 53 70 65 23 6 43 49 59 51 41 39 68 66 11 56 34 8 34 6 22
250 250 67 45 59 21 21 43 62 12 33 28 18 6 0 21 12 44 71 42 50 46 10 40 30 16
1583 1589 1 56 32 59 59 41 67 8 32 67 48 71 21 5 37 37 27 55 23 71 56 12 21 52
832 871 13 34 7 29 32 17 2 34 3 64 3 23 38 25 50 18 15 2 35 26 39 69 55 51
209 830 18 25 68 39 39 25 6 71 49 15 40 6 25 35 22 32 10 54 58 1 32 51 43 34
3918 3918 22 44 11 64 38 24 30 23 2 60 34 66 8 7 59 11 41 62 49 46 47 3 58 26
2500 2507 48 30 24 54 0 6 48 12 66 30 60 66 48 12 24 36 18 6 12 54 0 66 54 30
2080 2123 22 40 2 70 22 13 36 14 4 10 0 68 13 49 25 57 3 22 68 56 3 29 0 15
547 1922 53 18 64 36 70 57 32 13 33 16 62 34 19 50 10 46 20 34 35 38 61 46 55 62
2692 2692 0 14 69 12 25 40 7 10 60 12 62 64 52 1 1 34 16 38 60 19 9 40 7 15
130 144 24 3 15 18 68 9 51 48 33 41 57 31 30 49 12 4 37 41 27 58 5 45 53 30
2556 2582 50 57 6 17 14 9 71 36 16 70 42 9 5 59 17 12 8 32 41 13 56 60 16 51
1022 3941 7 69 59 8 33 25 1 55 24 14 12 42 33 62 57 9 46 35 27 54 40 22 55 32
2091 2091 53 49 13 60 67 53 56 0 9 24 7 18 61 28 48 63 36 54 39 5 8 13 51 12
703 704 0 0 0 0 0 0 0 0 0 0 0 0 0 0 0 0 0 0 0 0 0 0 0 0
4798 4817 18 69 40 24 61 44 18 21 12 9 0 30 41 55 25 27 22 16 57 41 71 30 36 66
196 3135 34 64 41 45 34 54 41 66 38 2 58 58 62 36 53 2 68 18 65 14 27 14 59 56
4671 4671 59 65 16 67 1 21 13 0 48 70 16 16 5 16 43 48 62 6 7 57 67 23 28 31
4875 4876 61 64 47 14 25 1 27 34 11 28 5 4 6 7 62 60 9 43 8 43 17 60 59 58
588 601 19 7 11 42 42 55 69 13 68 7 65 0 13 67 6 18 57 66 59 21 61 67 14 64
1279 3737 29 49 53 14 69 20 32 18 11 3 38 18 22 45 1 50 4 42 14 21 38 53 27 22
1547 1547 69 45 60 51 30 3 9 9 57 15 69 63 18 18 3 63 57 33 66 36 60 63 57 12
1673 1678 54 57 25 19 53 35 64 4 63 69 35 46 29 15 20 42 60 46 53 27 60 49 66 25
755 769 70 15 52 59 23 40 43 4 62 68 71 65 31 43 45 37 2 70 6 40 62 52 20 1
2793 4084 0 36 63 45 0 36 27 54 18 36 45 18 27 27 27 9 18 18 0 18 9 18 27 36
3041 3041 21 46 68 13 69 38 44 19 9 21 15 13 33 63 38 40 18 57 13 4 9 30 50 24
3619 3640 59 59 64 71 70 57 2 12 60 19 3 33 22 24 53 5 16 35 13 65 68 41 53 21
3537 3553 2 50 63 69 34 5 71 63 42 29 40 4 34 7 1 66 2 16 18 60 27 66 56 35
421 2638 57 8 15 1 26 20 14 4 66 28 34 12 26 56 23 31 70 25 18 60 54 12 11 24
835 835 0 0 0 0 0 0 0 0 0 0 0 0 0 0 0 0 0 0 0 0 0 0 0 0
62 73 46 32 68 38 4 13 60 3 29 28 49 10 10 55 48 28 27 28 14 17 25 4 65 48
1006 1033 4 70 44 12 13 36 3 21 4 47 42 11 62 60 60 56 11 65 39 18 60 36 31 56
21 1638 39 47 42 69 62 22 55 50 64 8 43 35 18 45 26 6 70 48 16 66 1 32 10 69
2201 2201 60 35 1 44 53 62 10 28 54 66 35 52 28 17 14 10 42 63 8 54 2 2 29 2
1444 1450 42 18 40 13 56 11 22 42 48 43 6 23 21 44 54 9 45 33 48 39 34 61 30 43
2880 2890 60 36 60 0 54 36 60 54 42 60 48 12 30 18 66 18 36 30 12 42 12 54 12 36
4381 4858 4 60 6 22 63 35 9 10 38 63 41 64 32 18 9 1 7 30 69 18 11 37 46 19
606 606 43 23 19 61 4 64 68 69 35 43 7 51 30 42 71 16 57 15 59 62 56 27 57 2
2901 2904 9 31 14 52 59 4 1 45 3 15 60 22 44 48 11 51 43 34 38 44 62 48 6 37
3455 3460 34 39 67 47 25 29 8 47 13 56 13 49 52 28 21 49 31 21 68 70 27 5 50 17
530 826 60 28 4 28 38 38 24 26 16 42 66 0 2 44 66 70 68 18 2 30 58 24 32 0
3023 3023 18 39 25 15 27 9 66 9 3 2 70 12 12 57 62 15 5 45 12 37 59 23 53 2
2719 2724 54 36 18 24 66 0 6 60 42 60 0 36 18 12 0 24 42 42 18 6 12 36 12 12
1587 1628 3 45 66 13 63 35 40 24 11 15 53 1 61 30 64 71 54 12 52 16 28 28 62 54
1723 2857 46 30 71 56 12 9 24 64 21 25 63 34 49 63 51 16 3 0 52 60 42 61 63 14
739 739 0 0 0 0 0 0 0 0 0 0 0 0 0 0 0 0 0 0 0 0 0 0 0 0
4472 4487 25 60 5 44 21 56 49 6 25 61 5 34 30 60 54 25 5 2 41 34 13 5 2 0
1538 1582 20 37 5 56 3 38 24 57 10 17 7 52 64 24 47 35 13 56 35 32 39 38 50 25
3186 3299 49 10 29 57 2 24 33 3 68 47 3 1 65 43 61 65 45 33 9 49 32 55 30 57
109 109 0 0 0 0 0 0 0 0 0 0 0 0 0 0 0 0 0 0 0 0 0 0 0 0
877 892 23 4 50 0 15 52 28 61 21 40 8 15 68 69 8 10 59 18 2 63 26 24 7 42
403 438 13 59 70 28 59 56 59 20 11 39 51 35 36 28 21 69 22 3 68 4 23 62 34 42
4582 4663 48 30 60 48 50 20 32 54 6 32 2 54 2 28 36 28 40 64 36 18 30 36 24 66
3907 3907 0 0 0 0 0 0 0 0 0 0 0 0 0 0 0 0 0 0 0 0 0 0 0 0
4515 4520 54 66 48 12 48 24 30 48 66 30 24 6 66 18 12 48 66 18 18 6 54 30 66 42
1663 1666 28 52 68 24 20 0 52 68 36 8 28 0 36 4 48 44 8 0 24 40 56 0 4 8
4056 4509 5 26 61 55 38 44 0 49 41 7 43 51 38 41 64 28 51 53 64 17 14 57 35 58
1110 1110 69 46 23 16 45 42 43 18 57 0 10 8 54 58 44 47 45 21 52 26 5 16 12 10
2737 2750 53 68 45 4 52 68 0 59 27 9 0 29 43 29 16 47 23 12 26 27 54 30 34 65
2404 2405 0 46 47 7 10 0 43 48 40 3 20 71 34 41 67 10 1 69 60 28 57 5 22 71
466 1575 32 24 55 5 10 43 5 38 54 2 71 39 9 15 38 55 16 32 9 45 0 6 39 13
2149 2149 3 67 30 18 21 7 46 21 65 67 25 59 6 53 70 25 49 10 58 59 46 46 0 64
4111 4134 0 31 5 21 17 36 17 57 12 16 29 51 12 67 31 27 43 21 7 51 6 58 20 16
3212 3236 18 48 54 0 66 12 69 15 36 66 18 15 69 48 63 0 33 63 45 57 69 9 60 33
3188 3397 33 18 60 61 41 3 61 7 18 38 20 28 62 31 5 62 4 21 23 63 43 16 59 21
4604 4604 0 0 0 0 0 0 0 0 0 0 0 0 0 0 0 0 0 0 0 0 0 0 0 0
1982 1989 12 19 63 54 58 48 15 62 20 39 60 40 21 26 62 23 18 22 70 28 44 38 70 21
4174 4189 58 65 36 70 68 21 71 13 5 34 14 33 63 64 27 54 44 27 49 50 32 64 26 39
1676 1871 47 30 28 8 64 52 27 57 38 36 36 51 40 15 30 15 4 64 51 60 33 14 49 23
1071 1071 0 9 0 9 63 18 36 63 18 27 54 63 27 9 0 45 54 36 36 36 63 54 18 36
1620 1642 48 58 52 37 3 59 28 43 30 15 38 1 39 71 8 43 16 42 17 9 33 21 58 28
2051 2082 18 53 55 0 25 16 69 68 18 52 30 32 30 68 41 50 38 63 11 61 53 54 3 44
178 708 34 57 21 10 63 65 27 55 24 17 63 6 62 64 1 66 47 28 46 7 65 36 6 38
1476 1476 40 31 61 54 6 4 70 70 17 43 64 58 70 30 34 28 29 28 56 3 22 60 50 8
3523 3540 18 6 42 33 29 11 30 6 57 24 36 6 35 59 19 0 7 14 12 41 65 57 65 65
442 456 45 61 31 27 8 57 57 44 5 44 71 43 26 16 35 54 41 60 45 14 65 20 20 3
450 907 65 65 20 61 38 7 71 70 23 49 65 22 30 15 20 53 26 27 45 23 28 29 71 28
927 927 6 33 37 67 29 9 70 47 56 51 17 40 28 2 30 63 18 10 62 48 20 23 61 50
701 703 65 8 34 26 68 60 23 23 9 7 23 70 13 50 1 29 12 12 47 12 47 39 56 57
2973 2996 17 56 26 45 45 42 13 55 36 40 54 48 12 56 49 54 29 14 3 47 16 55 60 66
1576 1951 47 1 16 34 38 23 35 26 34 41 45 0 37 51 34 44 32 8 57 34 55 10 68 57
715 715 68 62 9 6 62 1 46 4 48 19 71 8 10 37 3 57 60 43 69 3 6 1 0 6
1833 1838 34 65 30 45 68 68 3 49 15 36 27 18 3 63 14 12 13 30 44 21 4 35 65 53
3058 3084 69 59 5 4 8 19 65 2 51 54 62 60 54 19 42 30 47 28 32 65 60 50 5 3
603 752 20 22 49 45 57 35 42 61 7 65 70 19 43 2 26 10 40 32 52 62 57 12 33 56
1001 1001 18 42 30 24 48 36 24 66 66 0 42 30 0 18 48 18 48 30 24 12 48 0 12 48
1598 1618 33 23 1 8 38 60 34 68 70 29 36 50 17 68 43 38 53 38 15 0 34 52 19 50
4851 4854 58 28 7 22 14 40 71 68 38 56 49 40 68 42 43 66 35 13 30 22 65 25 16 61
368 1712 44 0 53 10 41 64 24 62 36 61 23 8 16 24 5 41 44 9 63 33 33 40 58 31
2912 2912 44 68 19 65 25 25 50 36 66 24 47 55 66 71 7 1 18 21 48 29 67 16 71 70
3289 3300 65 7 3 24 19 64 35 30 7 8 60 64 67 12 34 24 18 12 5 6 17 11 54 15
1818 1827 36 54 26 6 25 1 9 0 2 15 10 2 46 13 6 58 60 53 5 52 39 34 43 60
396 1139 25 5 58 31 51 64 38 30 70 53 42 26 47 30 65 36 1 61 8 2 63 1 10 14
2780 2780 0 0 0 0 0 0 0 0 0 0 0 0 0 0 0 0 0 0 0 0 0 0 0 0
2282 2290 67 0 70 30 33 68 68 27 36 37 34 41 54 66 7 44 3 14 20 64 62 21 38 47
2180 2186 48 71 22 57 23 47 0 29 46 1 54 30 16 56 32 54 34 54 51 49 71 22 53 35
1804 4326 64 67 63 7 63 1 22 0 36 11 27 47 60 71 46 70 45 2 44 28 48 54 0 69
2685 2685 51 18 68 51 25 70 38 59 48 51 38 15 43 58 27 61 7 42 13 65 33 16 4 46
815 831 10 37 34 19 60 5 34 44 26 68 8 50 17 21 64 13 18 58 66 44 32 31 29 45
4360 4362 53 31 4 51 35 19 12 7 36 48 49 29 43 25 10 44 4 64 66 26 53 54 70 13
428 1780 12 16 28 2 50 48 50 28 22 38 70 68 42 46 28 48 2 20 6 24 30 26 2 58
444 444 0 0 42 66 54 24 66 36 30 54 0 24 0 24 60 48 66 54 12 36 12 36 12 0
3785 3798 38 36 35 59 70 15 28 37 4 70 33 54 10 71 30 41 52 13 28 3 17 38 70 10
1408 1427 4 32 64 68 16 60 28 64 20 52 4 4 28 48 28 36 68 24 48 36 32 48 48 60
65 456 1 62 62 8 58 18 20 29 36 47 70 10 65 50 37 13 3 6 28 6 13 30 10 2
2771 2771 38 6 40 0 48 2 36 16 50 16 6 56 2 4 36 14 24 40 58 52 44 32 58 42
3290 3311 55 8 64 67 19 55 68 43 47 8 68 60 67 51 71 69 7 56 38 62 15 9 33 35
2021 2043 36 24 21 63 65 6 21 29 61 22 16 43 56 69 25 17 7 45 52 13 38 31 50 63
743 1308 57 35 0 45 5 22 4 27 60 69 32 38 54 49 68 24 62 53 41 63 20 5 13 52
536 536 0 0 0 0 0 0 0 0 0 0 0 0 0 0 0 0 0 0 0 0 0 0 0 0
189 190 4 22 5 14 66 12 17 3 43 19 25 0 62 11 55 28 55 3 18 20 5 17 18 32
2241 2255 29 28 66 70 2 37 9 68 65 9 59 70 46 31 44 14 26 5 65 29 21 69 42 45
2569 3104 54 52 32 62 49 50 23 43 61 12 19 30 1 33 26 69 53 42 8 12 9 10 42 55
2828 2828 0 0 0 0 0 0 0 0 0 0 0 0 0 0 0 0 0 0 0 0 0 0 0 0
4727 4729 7 10 71 18 18 16 22 22 51 64 29 53 63 14 5 60 5 8 10 14 69 44 44 32
580 581 4 17 3 14 39 68 14 71 13 21 49 19 27 40 9 7 51 10 67 37 24 62 32 41
395 2410 42 51 10 0 57 53 29 5 6 53 63 30 46 10 3 34 23 41 41 51 46 30 36 35
3951 3951 24 24 48 0 48 24 24 24 48 48 48 24 48 24 48 48 48 48 48 0 48 24 24 0
2274 2276 58 47 15 42 70 65 51 46 21 54 7 3 42 4 12 1 58 1 67 21 7 44 15 62
3177 3202 47 32 59 36 20 14 1 56 8 2 1 51 4 56 59 20 47 66 38 46 38 9 45 56
875 1531 62 0 9 10 12 41 38 51 5 19 14 33 50 56 4 63 30 69 1 40 31 45 25 52
1926 1926 36 24 48 36 12 12 48 0 12 24 0 36 24 0 60 48 0 0 0 12 48 24 36 12
1054 1062 29 10 28 24 51 12 16 30 61 71 15 60 29 6 69 0 21 59 35 58 34 31 16 9
3913 3959 25 47 5 9 31 2 42 8 32 2 26 44 45 19 20 67 62 28 2 10 69 70 26 25
379 746 44 34 35 26 11 65 15 40 19 12 55 50 54 51 11 31 31 22 41 24 29 14 52 55
2468 2468 0 0 0 0 0 0 0 0 0 0 0 0 0 0 0 0 0 0 0 0 0 0 0 0
2342 2347 47 71 53 70 18 1 24 68 0 58 62 25 42 50 3 17 8 67 60 50 7 34 45 29
296 318 15 69 57 28 64 9 15 62 11 57 42 55 66 27 44 45 70 69 39 41 9 40 58 44
88 4295 63 3 39 14 18 17 8 44 3 71 6 54 47 56 10 53 42 38 32 39 22 45 37 41
1160 1160 0 0 0 0 0 0 0 0 0 0 0 0 0 0 0 0 0 0 0 0 0 0 0 0
2641 2654 38 61 28 66 21 49 15 64 28 69 26 51 27 39 19 47 55 66 4 45 37 64 60 12
3593 3606 30 6 51 39 3 30 27 39 24 57 42 36 39 45 18 39 51 48 15 42 12 36 24 39
2129 3360 23 52 54 12 24 23 10 27 61 24 30 42 53 61 6 0 7 69 26 55 2 68 16 32
1301 1301 28 20 20 32 20 36 52 28 68 24 32 8 40 60 24 36 36 12 24 64 36 68 8 56
643 661 39 53 23 51 28 17 64 23 43 55 55 20 15 61 47 8 17 20 34 48 55 69 26 64
1928 1970 58 58 16 36 25 52 54 20 41 27 30 58 28 46 7 11 18 37 69 50 25 1 17 48
3917 4135 20 8 69 22 12 22 44 40 5 28 41 61 45 67 57 31 34 56 62 60 43 44 23 17
1302 1302 44 48 8 20 64 0 12 60 28 8 16 32 40 32 28 56 24 16 0 40 8 40 52 60
4507 4513 64 32 31 65 43 21 65 43 40 10 51 68 26 39 47 21 22 9 28 38 14 34 39 55
1163 1172 17 66 8 55 17 42 30 10 30 52 20 49 49 70 32 3 70 56 67 24 71 21 25 23
1084 1137 0 50 36 38 34 26 4 8 54 32 50 46 30 30 14 22 32 4 58 16 42 10 64 40
101 101 31 5 35 3 2 44 12 30 39 60 66 43 28 39 27 47 13 25 12 22 36 17 3 62
869 885 34 47 69 68 46 0 6 20 16 23 41 6 60 35 50 71 1 21 68 9 30 22 54 26
1383 1405 71 24 68 65 54 20 1 64 44 45 27 67 0 58 24 28 55 24 8 7 19 53 16 53
2254 2838 68 28 40 48 16 8 48 64 8 4 40 48 56 44 32 0 28 56 28 8 40 48 48 8
4099 4099 57 60 15 7 29 43 42 63 69 14 3 10 62 39 16 17 31 58 54 59 6 34 45 68
9 11 53 70 26 32 15 45 63 21 40 69 39 4 0 7 42 1 51 19 53 8 21 28 50 37
1323 1363 64 11 33 62 13 70 15 24 68 55 65 19 48 68 34 25 67 47 9 14 23 53 51 7
57 3468 15 45 38 33 23 42 60 27 65 40 64 7 40 51 25 18 53 15 65 69 26 71 40 51
1310 1310 0 0 0 0 0 0 0 0 0 0 0 0 0 0 0 0 0 0 0 0 0 0 0 0
2551 2558 37 42 54 6 47 52 6 70 52 39 7 1 25 42 52 40 8 44 53 31 30 27 18 10
2804 2813 50 69 51 42 24 30 10 43 22 33 54 21 35 59 69 15 15 52 40 18 28 6 50 5
228 4779 53 24 66 32 40 2 34 2 49 15 47 30 59 39 15 29 23 5 25 52 63 27 50 54
2367 2367 49 62 60 2 62 58 42 8 7 68 59 46 38 31 4 28 70 60 29 5 11 32 33 41
371 387 33 17 8 30 3 38 52 50 62 33 69 32 59 25 37 64 29 69 32 20 24 22 66 63
4926 4941 41 62 24 29 57 20 9 11 36 23 6 62 57 24 25 64 21 18 49 46 27 17 40 36
1110 4174 56 52 34 4 44 44 36 6 2 40 46 30 32 50 36 34 56 70 18 56 46 24 68 8
3096 3096 4 29 11 17 69 47 58 41 26 17 4 45 54 71 65 38 36 20 53 18 34 35 31 32
3172 3180 54 57 22 45 35 13 19 37 33 2 61 68 56 42 12 31 37 37 37 4 27 44 15 21
1648 1665 30 40 58 4 8 60 64 20 16 8 56 42 42 0 54 10 70 38 66 16 64 30 18 26
1897 4842 67 22 42 50 45 50 26 51 50 6 8 15 13 66 27 71 4 23 30 65 67 0 41 60
4573 4573 0 0 0 0 0 0 0 0 0 0 0 0 0 0 0 0 0 0 0 0 0 0 0 0
1610 1614 30 20 20 55 32 1 44 5 32 11 30 6 47 39 56 49 27 65 58 59 40 41 65 59
583 623 10 27 33 10 67 48 42 16 10 44 63 0 69 62 66 1 6 64 62 30 29 55 38 29
12 31 61 4 14 3 16 31 4 71 40 38 60 26 12 58 37 9 66 1 28 50 14 59 2 30
2608 2608 42 8 68 32 46 10 50 64 24 64 12 28 26 64 44 22 24 44 58 6 4 54 46 12
106 107 20 61 49 55 38 27 25 51 24 46 53 66 50 37 57 37 61 41 11 53 2 60 71 42
197 207 15 26 68 57 5 51 30 27 42 23 54 37 63 19 6 35 16 69 51 4 45 14 47 51
1504 3462 37 6 68 42 29 64 12 40 71 12 16 37 56 62 28 14 52 52 14 33 70 25 63 16
4571 4571 45 45 12 24 30 45 48 24 63 54 6 15 9 3 6 36 51 66 21 27 36 57 27 30
3105 3107 50 8 64 32 48 44 12 24 10 18 22 42 60 30 64 20 10 36 48 12 42 66 34 64
924 937 71 4 44 69 23 71 38 54 7 61 41 51 4 57 32 30 70 3 36 42 14 57 47 37
233 3346 35 28 30 67 3 56 39 63 31 15 5 59 2 6 43 30 56 52 67 37 10 28 62 58
350 350 41 11 11 36 60 14 16 58 0 51 54 48 14 66 40 67 48 29 48 31 26 1 33 44
3291 3295 26 36 27 51 52 50 3 60 58 63 57 58 52 24 35 16 64 51 28 56 65 46 17 25
365 382 21 63 32 68 51 12 14 2 6 66 23 0 69 35 55 21 21 24 62 23 19 52 71 37
531 2643 23 23 12 58 8 52 15 5 7 16 33 42 19 64 47 70 35 55 56 42 55 22 30 30
4718 4718 0 0 0 0 0 0 0 0 0 0 0 0 0 0 0 0 0 0 0 0 0 0 0 0
3260 3275 47 53 43 35 16 65 37 38 9 5 20 30 47 51 32 40 2 24 30 69 27 14 44 54
3637 3660 57 42 67 51 68 55 64 43 43 51 50 59 51 28 50 24 32 24 24 31 11 13 60 56
38 1250 38 70 48 20 26 66 32 40 22 26 28 50 64 52 42 24 28 64 60 58 12 66 22 62
2749 2749 0 28 67 67 60 41 49 4 55 37 45 26 4 47 60 32 56 52 50 30 6 20 27 62
2324 2343 69 7 65 55 50 64 52 7 61 46 5 6 57 17 61 8 6 14 61 36 51 54 30 62
4816 4846 16 61 62 61 6 61 29 1 61 21 37 23 44 62 65 54 66 65 25 43 22 65 47 69
1213 2762 53 33 63 4 67 30 56 5 22 31 29 61 2 19 70 57 43 35 63 9 34 70 49 27
4652 4652 40 51 50 62 27 38 1 10 18 19 36 31 68 32 26 12 2 37 2 60 69 48 14 42
4249 4271 2 8 37 30 14 69 68 16 57 19 66 9 36 19 39 57 5 42 20 3 11 19 63 15
711 724 14 27 10 45 70 22 36 58 50 18 7 59 57 27 19 51 56 51 46 29 12 0 67 2
1213 1354 63 58 40 60 39 52 6 3 50 54 54 69 33 7 33 69 19 7 0 62 49 71 55 12
794 794 23 50 41 55 57 9 56 19 35 6 48 27 33 39 8 56 50 54 45 12 26 42 20 44
4470 4476 55 2 44 12 7 40 36 19 14 59 37 45 18 1 23 66 46 29 11 16 45 63 59 10
4566 4579 18 48 46 12 6 4 42 30 22 22 16 18 14 24 0 58 38 36 28 20 2 4 34 30
2774 3900 36 6 33 54 39 39 48 9 9 0 6 21 54 63 57 48 60 60 48 69 66 54 69 6
3740 3740 1 45 52 23 55 1 4 29 37 10 9 66 55 14 25 13 58 65 8 31 8 25 59 16
4884 4889 5 37 38 3 25 46 15 66 47 41 7 55 18 32 14 49 10 35 19 61 17 70 60 69
4500 4546 27 5 27 17 27 34 41 61 23 17 22 33 39 70 7 6 9 24 27 65 69 34 45 44
1216 2580 48 33 20 22 71 53 56 31 30 35 11 28 23 53 45 45 44 19 1 47 67 58 36 43
4988 4988 0 0 0 0 0 0 0 0 0 0 0 0 0 0 0 0 0 0 0 0 0 0 0 0
4489 4510 6 17 42 7 58 47 71 26 66 11 5 50 25 15 34 24 69 3 46 60 53 3 56 60
3657 3683 37 8 58 37 1 31 17 27 61 42 64 56 48 45 44 15 64 37 49 55 48 46 29 64
2854 2928 51 57 38 56 49 8 54 65 45 8 10 8 0 49 35 68 46 63 41 33 53 37 17 42
2355 2355 3 52 31 64 66 36 0 59 68 7 16 39 6 62 60 32 3 37 9 14 70 56 10 43
3759 3782 41 36 2 42 5 17 6 22 14 35 29 10 36 58 60 54 20 19 17 47 4 59 23 28
3042 3057 30 24 27 18 6 30 42 39 12 54 6 48 69 15 69 30 51 0 15 12 69 15 30 39
3744 3963 39 54 42 56 33 54 22 45 29 19 6 8 48 41 0 10 2 26 19 35 7 22 39 27
4194 4194 41 29 39 44 34 58 18 71 51 38 66 70 23 64 16 6 61 59 1 43 48 22 58 49
2009 2028 7 26 32 18 15 61 0 14 0 56 25 7 26 53 18 28 43 54 16 38 21 50 44 5
1780 1794 0 8 59 54 71 67 44 55 56 46 33 16 57 8 70 47 66 61 19 68 1 26 45 61
2291 3131 17 44 17 32 47 6 29 48 32 37 5 14 49 9 50 58 14 70 22 24 48 64 19 10
3012 3012 17 71 9 55 6 27 17 10 5 50 36 36 46 20 38 2 45 66 31 30 33 57 6 59
2308 2310 46 56 35 21 30 18 39 6 35 14 6 70 36 64 3 0 7 59 31 14 31 9 63 8
3640 3661 57 41 26 4 56 31 12 51 15 27 68 54 11 70 11 24 69 21 9 50 45 12 15 64
61 97 70 64 42 54 9 38 45 18 41 3 62 64 12 2 7 31 38 55 25 11 29 54 54 1
4037 4037 9 3 41 11 54 31 54 42 15 65 60 20 1 0 13 63 2 32 28 33 7 49 21 7
776 790 4 68 35 32 50 25 33 55 69 61 60 28 68 16 39 2 50 17 60 33 41 57 62 50
1559 1570 30 4 12 3 37 6 58 39 49 30 39 7 24 1 23 41 22 5 12 7 43 62 3 43
1960 3479 67 51 19 39 27 40 31 40 22 64 4 50 60 55 6 58 4 58 39 9 59 41 20 2
1500 1500 38 42 66 52 30 10 20 10 46 37 8 8 61 42 5 24 33 43 58 35 2 40 30 36
639 656 60 3 0 63 56 25 35 0 4 16 49 56 16 21 28 36 22 60 43 5 43 47 0 55
3967 4011 25 26 21 11 56 62 68 34 30 14 64 12 17 8 42 45 34 57 29 70 17 2 32 58
261 761 5 44 36 7 14 35 71 19 36 16 48 37 49 32 1 6 63 37 65 25 30 43 64 43
1229 1229 15 45 42 21 51 21 66 6 27 21 21 24 9 42 45 24 42 6 60 54 12 63 57 0
3251 3268 24 60 69 48 42 27 48 0 27 9 57 69 54 0 3 3 30 45 48 48 27 27 27 54
1710 1721 17 45 43 12 14 7 44 28 29 44 53 62 19 12 24 69 39 28 0 5 40 9 58 10
131 3439 40 43 16 28 3 12 31 59 49 1 6 44 55 25 44 65 17 65 45 52 21 28 46 41
2650 2650 45 54 0 18 63 45 45 54 27 27 27 0 54 45 45 54 0 36 27 18 36 45 63 36
1141 1161 46 48 40 41 43 0 42 23 70 30 12 35 23 40 55 69 24 47 32 25 60 44 30 65
823 851 0 68 13 52 62 21 67 7 33 4 71 2 38 28 16 36 47 28 41 9 8 49 24 37
651 2478 1 41 45 1 21 57 34 51 21 37 71 4 35 9 50 14 46 62 11 32 48 10 5 26
1072 1072 56 32 40 16 56 48 24 56 24 56 0 56 56 40 8 32 56 64 48 8 0 56 8 32
1297 1303 64 48 34 10 8 18 48 42 2 4 20 10 44 52 14 22 60 56 42 20 28 32 14 48
2951 2970 0 33 10 67 57 50 44 18 14 22 27 45 32 2 67 25 50 63 30 44 23 56 29 71
41 4954 34 20 24 54 44 30 26 30 48 60 52 32 30 38 44 16 24 68 0 44 24 62 0 52
168 168 8 16 56 0 8 64 64 16 48 16 64 8 48 16 24 24 24 16 24 24 8 0 32 8
331 340 45 52 23 7 70 10 45 70 39 18 39 9 27 23 59 26 52 26 62 32 17 43 15 25
1745 1752 36 9 36 45 0 9 63 9 9 45 45 54 63 9 63 0 54 63 36 54 54 27 63 36
349 843 47 65 6 43 56 5 67 1 65 5 52 64 33 6 69 1 19 21 0 51 57 2 45 32
3970 3970 48 48 16 32 56 64 16 56 56 16 24 0 48 40 8 8 24 56 56 8 56 24 16 16
1590 1604 42 25 44 53 43 31 10 39 20 25 46 56 59 8 6 29 62 64 67 46 20 7 36 69
1682 1699 21 40 10 4 69 34 64 56 55 66 53 58 29 28 62 5 26 58 66 6 20 5 64 57
597 4593 0 0 0 0 0 0 0 0 0 0 0 0 0 0 0 0 0 0 0 0 0 0 0 0
1738 1738 3 43 11 44 23 18 50 10 17 28 2 34 10 32 34 22 13 63 24 43 66 42 18 47
3286 3305 50 11 10 38 31 25 33 5 5 32 41 66 8 70 24 16 11 18 26 9 19 6 4 35
2140 2162 56 57 41 47 34 30 16 59 67 36 6 71 34 26 3 5 23 54 32 50 54 20 54 44
1768 2274 54 27 9 0 54 54 18 27 9 18 36 27 63 0 54 36 54 63 45 45 45 9 36 27
865 865 69 49 44 52 60 10 41 10 49 20 51 48 16 56 8 48 45 65 44 16 21 36 69 12
2329 2344 24 5 66 42 3 29 5 60 47 35 37 48 48 10 71 25 36 22 28 3 8 27 24 28
2430 2441 31 20 15 47 49 34 16 6 11 13 56 58 51 69 61 61 30 14 18 52 48 48 55 2
840 3305 7 24 59 31 56 5 25 7 45 57 17 64 23 19 3 46 15 71 9 37 6 34 51 60
3788 3788 0 0 0 0 0 0 0 0 0 0 0 0 0 0 0 0 0 0 0 0 0 0 0 0
4034 4035 60 17 59 27 45 62 47 55 70 27 57 55 66 44 50 20 38 56 49 26 47 34 64 37
3894 3902 69 34 14 52 17 21 65 26 21 69 66 40 21 6 45 65 31 21 31 33 33 13 4 11
92 414 45 64 45 68 60 37 52 42 56 0 46 39 37 65 61 53 1 32 20 29 23 49 32 18
2461 2461 0 0 0 0 0 0 0 0 0 0 0 0 0 0 0 0 0 0 0 0 0 0 0 0
1743 1765 54 12 14 11 67 31 12 2 35 47 53 4 16 20 15 30 2 8 41 53 39 4 56 1
127 136 6 60 31 17 49 37 42 31 51 11 70 58 40 16 24 37 42 55 59 55 2 43 65 44
2219 2808 22 50 43 60 13 40 45 30 24 69 8 66 64 20 21 10 71 41 35 33 15 32 34 9
1131 1131 69 51 36 64 13 0 49 63 68 44 2 56 2 21 2 33 23 54 14 16 32 42 70 61
4754 4766 54 3 15 54 48 15 18 69 42 66 39 33 33 21 45 66 51 6 6 66 6 48 60 0
3257 3270 47 43 22 32 62 40 18 33 23 10 46 47 39 9 41 24 25 40 20 32 8 9 63 13
1199 3412 12 5 11 71 53 66 56 41 58 21 39 6 34 16 6 34 26 3 68 29 52 35 42 71
3307 3307 0 0 0 0 0 0 0 0 0 0 0 0 0 0 0 0 0 0 0 0 0 0 0 0
145 162 0 0 0 0 0 0 0 0 0 0 0 0 0 0 0 0 0 0 0 0 0 0 0 0
4186 4216 41 8 3 22 7 37 1 60 12 19 19 30 48 21 67 1 38 45 64 27 35 4 28 25
928 1750 56 38 58 20 36 37 30 54 43 10 0 22 69 65 5 40 18 51 44 0 62 52 4 42
1502 1502 54 6 15 42 5 60 45 54 28 34 51 3 53 70 55 28 32 45 18 36 15 67 20 27
4136 4155 50 49 51 17 2 2 41 22 67 50 64 43 69 37 9 15 2 3 2 21 49 37 32 63
167 167 33 31 20 34 4 43 8 29 12 61 0 49 19 6 71 41 66 22 57 19 36 49 62 61
1425 1613 18 50 49 13 27 28 49 5 59 25 42 1 65 53 36 52 16 13 29 49 4 70 63 20
3011 3011 1 3 26 56 17 0 13 57 5 56 59 51 27 40 9 42 25 54 41 48 12 59 38 2
4466 4485 58 64 23 13 2 57 41 31 65 18 25 45 49 38 42 50 70 21 39 0 24 2 34 41
3631 3675 15 0 1 25 43 0 46 20 41 58 66 28 67 28 0 58 45 20 28 31 21 21 16 20
548 2765 47 51 46 37 52 20 66 13 17 16 2 5 0 50 28 16 29 5 57 5 53 14 66 38
3921 3921 54 27 36 9 54 9 9 54 18 45 27 36 9 18 27 9 9 63 54 27 18 0 18 54
3383 3390 44 40 0 64 68 0 20 60 56 52 20 64 44 56 48 36 68 0 52 36 68 0 32 0
1935 1941 53 5 57 26 32 69 22 42 40 47 14 65 62 48 0 70 35 15 60 3 43 14 60 51
625 2729 51 3 37 37 4 2 36 8 11 42 38 35 33 71 18 61 18 8 61 30 51 7 68 50
2251 2251 11 58 61 13 7 46 51 7 52 13 60 53 52 45 20 45 0 39 3 48 45 20 69 19
3178 3192 41 29 26 59 62 33 58 50 66 70 63 40 37 60 6 10 68 32 6 4 22 34 10 36
1295 1321 4 27 22 37 23 49 24 32 35 0 71 12 30 68 9 17 55 71 50 39 55 62 18 40
81 1677 64 40 62 33 71 69 69 14 17 47 14 22 36 68 60 48 62 35 23 21 39 49 43 15
2320 2320 26 24 7 4 57 53 63 21 43 55 0 53 3 50 32 50 57 12 67 3 46 16 62 7
349 371 0 24 0 0 60 48 0 24 0 60 0 36 0 12 60 48 12 60 12 24 48 12 0 36
274 287 32 0 44 56 36 56 28 48 0 44 4 52 52 52 52 68 52 0 48 52 4 8 24 44
57 439 42 20 29 11 13 18 50 45 35 27 22 52 32 21 61 13 70 1 31 26 16 17 69 27
2936 2936 0 0 0 0 0 0 0 0 0 0 0 0 0 0 0 0 0 0 0 0 0 0 0 0
3621 3629 62 39 2 29 45 54 47 29 60 21 55 15 2 63 6 29 64 38 33 56 5 18 70 16
3841 3861 61 50 4 10 63 64 7 32 46 24 38 9 60 35 66 47 59 40 38 58 5 19 52 68
707 1543 14 49 65 59 21 10 36 66 56 11 13 39 0 6 8 61 52 25 61 18 67 11 51 7
1669 1669 0 0 0 0 0 0 0 0 0 0 0 0 0 0 0 0 0 0 0 0 0 0 0 0
1710 1722 54 27 10 66 5 27 38 5 40 17 64 22 46 16 37 7 19 1 55 53 33 59 25 34
1281 1296 47 61 42 9 16 57 46 57 25 24 9 5 71 60 44 53 44 69 16 55 22 33 10 2
749 1752 63 11 64 37 0 60 51 64 66 49 58 6 38 13 59 49 16 11 23 68 8 13 43 25
4488 4488 12 27 60 9 60 69 24 60 6 6 30 3 27 12 12 42 36 27 54 66 60 15 36 57
2903 2924 63 58 4 62 54 22 65 38 41 54 21 65 63 45 38 19 71 24 5 67 45 62 63 2
4515 4534 11 35 64 21 24 10 53 44 20 5 59 11 61 34 26 49 29 2 19 0 48 69 26 52
171 3018 37 43 50 8 1 67 21 28 7 55 48 0 31 12 27 61 64 26 40 59 1 1 48 51
4365 4365 15 44 7 1 50 36 25 55 26 27 43 4 27 4 22 60 38 67 52 13 2 66 43 30
1019 1035 31 2 21 44 28 47 38 49 1 36 28 24 3 13 19 51 12 49 53 63 12 35 40 48
892 905 67 11 45 41 20 23 56 26 31 65 64 27 39 12 38 51 43 48 24 53 18 10 53 69
2388 2913 21 48 51 40 19 64 49 46 39 40 18 18 9 57 40 5 33 70 23 55 70 2 51 0
4119 4119 8 14 8 21 58 17 2 64 38 28 28 54 58 48 15 1 16 0 52 37 24 12 56 40
2961 2979 18 8 24 30 4 64 44 14 18 48 40 68 30 68 62 40 36 66 28 16 12 62 22 66
4573 4600 38 62 17 68 42 61 32 67 47 6 35 64 41 2 52 4 61 40 24 59 54 7 32 62
456 1420 10 4 42 14 8 20 22 42 20 38 15 10 56 35 43 69 4 21 45 68 0 54 25 37
3939 3939 47 58 57 58 53 43 3 54 58 23 69 64 46 45 15 60 7 35 64 61 39 46 20 63
95 102 56 47 59 8 25 50 6 10 5 25 29 27 31 45 55 40 39 30 34 36 49 48 15 62
3608 3621 31 57 55 7 57 48 52 66 18 45 58 37 11 60 12 26 68 39 8 46 23 21 52 54
3742 4699 59 67 1 31 25 69 62 4 71 38 58 2 30 71 36 2 47 8 50 44 59 30 2 12
469 469 8 19 22 32 5 69 35 16 21 38 44 43 18 43 36 0 35 1 29 7 30 35 38 13
3421 3437 28 40 62 0 48 19 26 47 8 61 60 61 54 35 46 49 7 39 1 12 26 52 25 1
1767 1784 16 46 48 34 56 6 60 10 40 12 14 34 30 70 42 64 0 44 34 28 14 58 2 2
1026 1028 8 6 65 46 1 44 68 48 50 69 22 4 35 11 37 71 68 58 31 23 22 41 22 53
708 708 32 48 40 0 40 8 48 24 8 48 0 16 48 56 48 8 40 8 64 56 16 56 40 16
3846 3858 49 35 43 22 39 38 50 38 66 55 41 10 62 11 66 54 22 12 51 49 63 43 18 13
2964 2996 18 14 51 59 3 31 30 51 62 43 22 57 26 25 3 17 47 34 42 26 43 49 31 61
1496 1651 0 65 19 3 11 59 14 57 48 18 12 3 33 16 61 40 57 13 0 51 62 5 11 44
1321 1321 20 42 68 20 4 38 32 19 37 71 71 47 49 41 63 25 66 42 17 9 1 24 45 0
1874 1878 71 58 51 26 12 36 31 57 18 34 13 14 50 38 41 58 67 42 71 0 50 15 36 68
3570 3604 46 44 56 56 8 28 8 68 60 18 64 10 20 12 68 18 10 16 18 12 16 46 38 40
3046 3515 66 0 54 42 30 48 24 36 60 6 48 0 24 30 30 12 12 42 24 12 12 6 12 42
2073 2073 0 0 24 0 0 0 48 48 24 48 24 0 48 0 24 24 24 24 24 48 0 48 0 24
2718 2727 70 67 23 37 18 48 13 48 6 61 42 68 69 70 22 25 25 41 7 23 20 39 14 22
2729 2771 46 15 12 12 45 35 27 6 51 42 47 11 40 22 43 8 31 57 66 26 39 35 49 47
2 19 41 6 43 6 23 70 43 34 54 48 15 58 58 60 28 40 48 53 64 55 15 36 62 46
2912 2912 29 56 18 19 13 7 41 46 64 25 15 7 29 33 16 57 63 22 41 4 50 42 67 69
3800 3823 2 42 62 50 24 58 38 24 58 46 14 26 44 2 58 38 54 0 30 32 66 12 10 14
3555 3562 60 49 43 28 39 55 6 52 29 63 30 7 35 61 1 7 19 45 57 62 2 57 22 16
401 3736 3 1 38 69 59 24 24 22 42 60 63 10 26 57 22 12 23 10 31 33 58 52 12 58
2186 2186 18 54 52 54 53 12 12 44 51 9 43 70 38 20 9 52 7 26 64 46 34 11 60 50
2631 2640 46 46 49 17 36 40 27 57 28 30 38 46 32 65 1 55 8 44 0 36 47 70 58 32
3877 3908 40 19 37 27 24 65 40 13 26 53 4 12 43 25 5 67 5 33 61 48 34 0 53 24
1789 2883 58 67 69 53 61 54 22 5 38 1 18 36 9 19 39 49 64 24 63 28 71 64 5 14
313 313 0 0 0 0 0 0 0 0 0 0 0 0 0 0 0 0 0 0 0 0 0 0 0 0
109 117 6 9 53 53 7 56 36 31 10 36 27 44 54 6 71 46 2 26 2 33 48 36 13 18
1755 1766 36 37 32 55 54 61 40 37 62 55 56 18 40 5 23 40 60 67 35 3 32 19 26 27
1652 1985 16 10 36 7 41 37 7 20 11 53 54 70 7 39 35 42 17 19 7 61 54 56 57 1
3901 3901 28 7 52 57 12 61 44 32 57 65 13 46 32 1 20 34 42 16 1 20 31 47 30 63
325 345 27 27 45 54 18 36 18 54 54 45 9 36 0 36 0 9 63 45 18 9 18 36 0 45
1921 1953 34 31 54 52 61 45 16 13 42 23 48 62 60 35 67 45 20 42 19 33 38 23 59 8
211 623 24 64 24 0 16 32 24 48 8 40 16 64 40 24 0 56 32 32 56 32 32 56 48 0
2414 2414 0 0 0 0 0 0 0 0 0 0 0 0 0 0 0 0 0 0 0 0 0 0 0 0
862 866 0 0 0 0 0 0 0 0 0 0 0 0 0 0 0 0 0 0 0 0 0 0 0 0
2199 2210 43 70 56 50 5 34 16 69 26 37 27 40 3 57 57 63 11 43 57 71 66 28 23 9
225 602 64 21 21 68 55 9 2 59 23 18 54 47 26 0 71 43 64 2 42 50 4 62 48 0
4184 4184 10 39 47 20 48 2 26 44 40 47 16 71 29 33 68 17 42 57 69 54 71 52 5 6
2050 2068 38 55 19 60 57 71 65 53 7 19 40 36 8 61 9 11 11 9 59 16 29 26 26 36
4086 4116 6 42 42 30 54 54 42 36 12 12 12 6 36 18 36 42 66 0 48 36 0 60 0 54
566 1513 42 52 69 69 18 36 35 30 36 61 27 5 19 13 58 59 51 6 32 51 12 44 12 68
4592 4592 58 48 52 14 9 53 7 7 67 54 57 20 49 66 66 51 28 62 60 37 12 26 42 48
3653 3671 11 46 44 51 71 55 47 54 39 34 1 18 42 27 6 37 29 3 53 55 64 49 56 57
803 819 70 15 36 11 29 64 27 60 46 43 27 8 47 8 32 2 67 67 58 54 10 48 9 17
111 1038 67 13 60 24 27 21 34 33 68 45 59 10 16 38 58 64 67 22 45 61 57 58 46 57
1300 1300 41 30 15 9 56 17 40 39 27 34 19 32 71 66 36 29 60 56 7 30 49 40 51 69
3714 3728 68 57 59 1 11 41 14 18 6 2 20 66 6 14 53 16 5 1 50 21 39 11 42 32
3935 3949 27 61 64 28 70 65 38 47 9 71 56 23 3 66 37 19 22 23 46 18 8 43 12 31
835 1500 10 4 46 50 6 28 12 6 40 34 10 66 66 68 60 24 56 48 30 70 56 70 18 70
4108 4108 40 50 66 56 42 34 56 64 64 20 18 10 60 12 32 56 18 20 54 58 20 56 40 42
4844 4853 70 8 31 65 71 27 17 33 42 27 22 57 52 1 54 12 69 69 4 0 71 69 3 6
3663 3696 35 6 3 9 47 3 8 62 19 4 54 67 52 17 6 5 52 51 13 70 53 20 21 54
2511 2827 56 45 50 4 29 30 58 3 26 41 52 35 48 37 70 1 44 27 58 28 9 19 50 52
1402 1402 5 51 67 30 24 34 36 31 43 36 62 25 20 10 24 36 63 21 70 56 54 12 66 49
3577 3594 0 5 49 53 44 69 49 39 40 50 71 41 10 67 3 37 26 25 40 36 40 14 30 69
127 164 59 33 38 57 23 18 57 1 64 68 25 22 18 58 0 5 37 61 58 64 56 38 60 24
34 2340 59 7 41 2 19 60 39 48 64 7 66 64 55 15 8 27 5 21 60 37 35 63 33 17
2063 2063 33 62 25 8 32 8 69 34 63 66 16 53 12 3 22 1 34 58 31 55 3 27 53 37
442 446 49 33 69 64 14 64 30 27 8 18 56 70 22 28 19 65 15 60 16 32 32 17 53 38
3781 3789 42 33 57 12 18 66 0 0 18 27 63 66 12 48 39 54 57 12 33 12 30 66 66 15
4287 4514 24 25 15 71 63 32 11 56 50 21 23 55 26 35 51 70 33 61 53 19 65 43 57 5
282 282 14 66 44 30 24 58 36 14 62 0 22 32 4 6 42 12 34 2 58 36 60 8 0 68
2140 2155 36 49 17 53 46 56 20 32 2 13 37 27 60 28 37 41 51 43 5 42 14 59 64 48
389 429 12 64 8 38 70 70 60 8 56 36 6 2 44 44 2 14 64 46 24 56 14 22 60 0
96 639 38 20 13 44 46 21 22 54 52 48 56 61 31 6 54 35 18 8 44 46 19 1 67 37
2893 2893 53 23 8 4 36 37 43 0 56 47 65 27 15 50 56 59 45 39 67 71 24 15 41 8
4717 4724 2 48 38 32 70 36 36 52 28 16 42 12 2 10 30 42 26 28 50 28 14 52 28 34
539 551 35 44 66 5 44 16 56 42 13 15 70 21 71 26 46 62 8 61 48 55 57 38 59 29
4026 4092 41 2 42 4 50 71 43 27 44 57 20 22 18 40 26 43 13 20 25 1 12 26 51 29
2499 2499 17 13 30 56 62 48 50 12 51 16 21 35 56 45 43 58 13 6 23 59 54 71 5 8
4120 4141 10 3 6 24 52 57 66 3 32 55 50 48 22 11 69 33 3 67 8 49 15 4 14 48
2157 2188 61 64 14 8 14 36 20 22 44 47 37 9 3 28 62 15 59 54 20 16 24 48 30 2
527 4973 57 30 16 40 55 31 26 7 2 6 70 34 67 29 48 29 33 64 23 24 53 50 41 15
3286 3286 20 10 58 60 26 60 58 56 70 6 18 60 24 12 62 64 26 54 0 38 54 42 12 38
4870 4873 61 23 11 38 20 66 0 11 9 63 30 53 21 58 19 56 5 32 54 6 2 49 19 20
4457 4470 48 70 46 36 40 42 42 28 26 70 10 56 56 48 50 40 0 68 38 0 20 24 40 50
1014 1179 6 29 58 53 60 12 66 65 51 63 55 17 63 43 59 59 66 41 58 2 60 45 10 12
3652 3652 48 24 36 48 60 12 36 0 24 60 12 24 60 60 24 48 36 12 48 48 48 24 60 36
2271 2273 1 42 59 40 55 19 54 25 64 36 44 6 31 50 33 15 27 12 47 17 38 71 56 5
2638 2664 60 6 20 52 54 36 44 54 68 42 32 66 48 56 10 68 64 40 26 10 2 6 10 6
3048 4836 63 40 22 50 40 8 0 33 5 48 14 60 28 57 33 62 43 46 55 46 61 25 50 31
29 29 37 43 68 16 48 48 2 50 27 18 29 48 54 69 54 29 42 63 61 68 32 49 30 24
458 466 54 21 64 51 30 40 41 10 0 20 11 9 30 45 55 39 64 7 54 25 30 55 40 45
1960 1983 32 0 25 17 33 11 20 3 54 21 36 47 37 18 23 28 24 43 64 43 38 0 53 22
1052 4438 54 17 50 62 31 17 43 53 61 17 12 45 63 24 25 54 6 58 65 10 23 52 18 61
4508 4508 0 0 0 0 0 0 0 0 0 0 0 0 0 0 0 0 0 0 0 0 0 0 0 0
806 824 24 70 62 46 54 60 30 64 34 30 54 0 8 24 8 0 22 54 28 60 60 46 0 10
3676 3693 12 65 56 22 53 71 32 43 2 2 57 32 52 44 42 71 35 14 5 59 70 57 29 2
1883 3506 18 36 12 13 64 21 7 26 35 3 2 45 30 63 26 55 63 43 61 69 29 13 32 29
1444 1444 43 7 70 42 66 4 16 16 15 20 52 36 3 42 9 32 60 53 46 62 62 57 40 8
2543 2554 67 51 49 5 52 21 5 67 35 25 59 15 27 10 69 2 4 24 19 7 27 65 57 1
4636 4664 24 40 32 60 60 16 28 52 48 32 20 16 56 12 32 48 8 32 36 44 60 32 48 60
3416 4585 10 68 57 62 39 37 68 2 46 18 71 46 13 20 18 54 63 52 45 26 68 28 8 14
106 106 37 22 2 28 60 64 66 39 12 15 66 19 43 4 64 69 9 41 40 32 6 11 52 62
27 29 50 8 42 20 33 48 4 39 65 60 61 61 14 42 43 31 40 26 20 11 63 20 64 67
3049 3096 10 29 60 65 3 59 25 56 9 19 6 13 4 7 59 21 10 57 2 16 16 27 22 58
3721 4585 15 32 56 28 13 29 62 33 54 1 45 25 70 36 33 15 71 17 15 8 63 29 24 34
1888 1888 63 0 18 18 27 36 45 18 45 27 9 18 54 36 63 36 0 63 9 36 63 54 18 36
3948 3963 39 68 69 34 41 36 32 37 66 4 48 39 70 28 2 69 18 43 67 52 70 56 19 70
4271 4276 34 14 64 70 70 36 22 10 30 30 42 52 18 2 44 6 44 46 68 44 66 26 62 28
3611 4795 33 7 45 42 6 59 7 20 57 28 18 25 38 26 69 13 62 69 69 61 50 56 5 53
4654 4654 17 24 37 36 42 18 30 40 5 50 22 25 42 36 55 12 16 46 10 34 14 54 69 39
4425 4426 33 58 29 15 68 10 9 38 64 61 7 27 39 13 3 27 5 16 19 20 39 13 22 37
2488 2511 52 62 30 54 44 40 62 52 28 6 50 8 46 42 46 62 38 46 20 8 22 52 28 50
1095 4268 39 57 56 70 17 57 10 46 62 13 59 70 48 50 34 53 16 45 13 21 2 30 3 69
4555 4555 62 4 40 41 57 52 9 25 70 23 57 7 15 32 60 13 66 47 67 55 54 48 41 10
3155 3175 63 37 70 1 6 33 42 9 34 68 68 65 41 8 61 55 18 20 14 63 62 70 7 69
3868 3907 31 15 32 19 1 63 14 16 10 12 23 57 61 51 45 62 67 69 29 18 64 44 23 29
438 2112 8 66 28 14 6 10 34 48 10 30 42 36 50 16 46 10 28 38 70 4 34 64 50 34
1645 1645 26 18 51 69 1 56 37 47 29 64 13 64 44 62 67 15 31 29 65 3 2 5 48 3
999 1005 1 55 23 50 46 60 18 37 71 2 19 19 22 57 46 39 44 65 22 54 22 68 60 10
2490 2504 20 22 10 18 0 38 5 36 16 49 48 10 12 8 38 69 8 55 58 57 55 63 64 54
2962 4494 2 18 31 30 43 41 44 62 28 40 23 47 36 57 42 29 64 4 10 57 18 46 14 44
3497 3497 36 8 20 61 54 8 39 64 6 36 59 3 49 19 12 28 17 33 66 25 33 25 36 20
1691 1693 41 16 12 28 26 64 15 31 14 29 69 42 28 16 6 38 60 57 63 50 69 58 65 34
1229 1260 4 54 0 56 20 3 32 9 8 0 69 30 9 15 6 71 36 28 70 24 64 53 31 52
1239 1791 25 61 14 3 67 64 49 25 67 19 1 40 62 39 53 25 33 37 41 58 11 43 68 41
2397 2397 46 1 45 51 34 59 27 56 23 56 60 63 65 38 14 17 56 53 13 28 15 47 21 9
4379 4381 48 24 48 0 24 0 0 48 48 0 24 24 0 48 24 0 48 24 48 24 48 0 48 24
4832 4839 62 66 24 17 36 49 69 55 32 5 38 50 17 69 49 12 50 42 53 18 39 28 61 61
100 555 17 4 31 44 3 44 41 48 44 66 59 3 53 7 19 6 56 53 37 48 58 6 0 41
653 653 0 36 0 36 0 0 36 0 0 0 36 0 36 36 36 36 0 0 36 0 36 0 0 0
4562 4574 47 37 62 2 16 64 60 8 67 36 14 19 69 48 26 68 24 22 38 1 53 44 60 8
3574 3576 39 25 17 64 24 53 37 13 43 64 55 64 59 11 20 23 61 43 34 16 28 70 10 47
906 3921 3 13 63 36 16 25 42 39 36 33 36 44 13 23 31 19 21 35 40 25 35 66 15 49
4627 4627 52 22 59 44 56 68 57 61 70 25 1 11 53 15 58 25 6 48 39 38 54 17 71 7
3572 3586 12 48 36 24 36 60 0 36 0 48 48 12 12 36 0 36 60 0 60 24 24 24 24 60
1047 1047 21 5 5 33 2 27 18 20 7 11 7 0 14 57 54 56 17 69 16 59 12 38 57 42
3320 3486 50 68 16 40 52 43 11 44 70 39 3 47 27 0 5 65 31 12 66 9 49 65 48 49
3362 3362 0 0 0 0 0 0 0 0 0 0 0 0 0 0 0 0 0 0 0 0 0 0 0 0
3534 3545 67 53 37 39 63 17 38 66 29 47 59 47 67 12 44 44 46 42 26 30 11 64 32 12
4767 4768 55 51 15 35 19 32 47 37 36 63 9 47 21 57 47 71 64 12 29 24 61 54 17 25
3117 4840 29 38 9 7 54 49 12 31 57 64 36 66 32 18 69 43 58 19 8 61 15 0 19 60
3227 3227 0 0 0 0 0 0 0 0 0 0 0 0 0 0 0 0 0 0 0 0 0 0 0 0
1636 1643 60 33 57 2 31 52 1 48 14 39 12 54 54 31 20 10 25 33 68 49 30 37 3 36
3038 3059 48 56 20 38 24 26 44 38 66 24 8 34 40 66 64 64 6 52 64 40 52 14 14 50
275 1141 0 32 0 32 40 48 48 8 24 56 8 48 0 48 64 24 32 16 0 32 48 24 64 8
4674 4674 62 24 71 52 62 24 70 68 21 1 33 34 60 19 18 17 24 34 19 2 12 45 18 29
459 462 32 58 52 60 6 0 58 30 44 2 32 2 4 22 14 54 40 56 62 52 30 54 34 14
2052 2065 28 6 26 40 62 60 22 24 40 16 28 8 28 20 26 36 56 18 34 18 26 40 70 28
4141 4700 7 6 66 6 29 60 57 44 38 50 43 49 18 8 13 25 32 70 39 22 58 18 52 38
1714 1714 16 63 26 23 10 7 64 1 44 17 14 36 42 64 0 7 65 28 70 55 4 12 13 70
578 583 33 40 70 44 58 67 24 65 39 49 16 48 8 11 6 30 19 53 4 26 49 66 66 11
2378 2396 31 50 27 56 69 33 24 57 22 38 34 2 0 30 33 60 45 62 20 11 69 4 49 51
2295 2932 45 35 0 27 41 23 9 69 56 12 56 32 28 43 22 15 39 22 0 66 66 53 18 46
895 895 65 5 29 50 17 48 11 41 27 2 28 69 32 12 53 50 59 50 49 12 62 57 6 13
4743 4745 50 20 28 20 70 22 28 58 22 58 38 10 28 28 50 36 48 10 44 10 54 20 48 24
3076 3103 60 44 16 41 45 7 58 31 8 9 27 33 40 53 42 43 10 58 47 44 63 28 63 34
294 3845 7 22 56 22 11 67 53 22 59 46 52 66 1 45 9 18 71 8 63 26 36 25 25 49
2213 2213 4 47 52 13 48 38 53 44 37 52 21 20 36 54 27 49 59 69 19 61 17 30 8 37
3610 3631 58 12 11 25 20 43 37 1 16 42 41 18 4 42 54 20 7 10 54 0 56 4 43 36
1032 1068 49 47 48 65 48 44 38 33 35 6 18 29 37 15 3 8 38 18 71 57 29 42 3 54
607 3621 10 22 53 69 39 32 42 44 70 19 3 50 30 50 13 62 37 15 14 57 6 48 67 23
42 42 56 6 43 63 65 37 40 6 29 63 60 20 68 55 38 41 57 45 15 59 50 16 34 53
4289 4289 16 2 65 40 9 47 0 35 66 5 0 60 24 61 2 47 34 21 69 54 36 58 54 54
1559 1573 66 46 58 23 49 7 0 2 8 16 70 27 20 60 14 8 19 9 53 48 52 37 12 34
2292 4925 62 13 1 48 14 68 71 51 62 36 54 71 68 64 3 14 71 44 64 64 55 59 30 10
884 884 35 13 36 40 25 40 37 46 12 53 41 31 37 32 68 10 19 23 2 64 2 34 60 23
4184 4207 26 10 17 11 70 15 57 48 3 2 33 14 26 37 7 69 69 15 18 25 16 19 16 30
2357 2398 22 18 36 56 46 4 18 44 58 64 32 0 36 54 16 50 14 68 64 4 48 62 38 24
2180 4005 18 42 57 57 6 33 12 21 60 30 36 21 54 51 21 27 30 3 51 63 63 3 54 9
4334 4334 43 51 22 36 18 24 63 27 41 64 17 49 34 54 52 1 19 38 54 34 21 38 19 52
4222 4232 34 33 25 58 63 47 57 57 21 4 70 64 3 64 37 27 29 26 57 21 65 34 1 63
2497 2511 64 24 48 56 8 64 16 0 16 0 40 0 16 0 48 32 16 48 56 32 32 8 0 32
801 2525 7 40 52 35 43 20 55 39 66 70 61 39 70 58 50 19 60 7 48 68 54 56 46 71
4790 4790 0 0 0 0 0 0 0 0 0 0 0 0 0 0 0 0 0 0 0 0 0 0 0 0
3518 3537 71 70 55 61 39 9 70 19 10 37 0 2 28 69 24 66 29 12 39 1 6 14 43 68
3574 3604 59 43 43 65 38 53 29 25 2 5 10 6 22 70 38 15 27 22 35 9 7 8 53 3
3834 4019 53 50 8 49 35 59 22 35 63 69 71 33 33 8 66 23 31 24 43 13 61 64 3 57
1142 1142 0 0 0 0 0 0 0 0 0 0 0 0 0 0 0 0 0 0 0 0 0 0 0 0
3173 3183 15 42 34 34 64 9 23 3 62 1 71 66 15 1 63 22 25 65 57 67 51 48 10 8
1545 1573 45 10 56 13 56 4 1 67 65 39 55 51 29 42 20 63 61 39 64 67 10 26 44 59
2928 2964 29 11 49 39 17 8 22 25 45 27 34 9 71 32 26 53 20 16 26 12 57 55 51 36
489 489 24 46 45 59 52 30 52 35 14 39 6 42 46 0 71 40 65 50 6 1 11 26 68 55
2871 2874 23 29 48 70 60 70 49 51 55 50 18 65 34 42 71 16 25 59 66 42 22 9 62 26
1518 1535 26 59 65 69 50 54 54 67 7 1 5 52 14 50 52 66 35 68 41 9 30 41 60 12
877 1115 28 28 31 44 57 36 15 68 18 55 21 9 23 48 30 36 12 52 63 71 46 55 70 66
2448 2448 32 8 48 16 48 0 56 8 0 48 32 64 8 32 48 8 32 32 40 16 8 16 40 48
43 48 64 2 58 33 12 44 48 19 0 31 35 34 64 28 21 24 0 70 25 20 19 9 5 43
255 287 67 29 71 7 3 16 21 58 49 47 50 21 5 36 7 39 23 40 39 33 69 62 35 50
1586 2882 65 65 28 26 30 41 48 43 46 53 19 17 58 27 4 66 63 39 68 47 41 6 18 5
1114 1114 32 48 56 56 0 48 16 16 64 64 56 56 64 24 48 16 40 24 0 48 0 8 0 32
163 185 60 62 0 6 71 22 56 28 51 6 55 43 39 60 14 55 61 41 3 60 29 7 22 12
2708 2719 1 26 71 58 22 36 19 14 43 22 42 7 51 7 29 28 60 57 42 34 18 63 9 2
3240 4820 62 53 3 34 57 29 65 63 0 30 36 62 7 30 67 36 53 48 16 62 54 13 44 7
2306 2306 0 0 0 0 0 0 0 0 0 0 0 0 0 0 0 0 0 0 0 0 0 0 0 0
4519 4537 19 60 33 53 22 17 11 12 67 67 62 14 61 13 29 16 26 50 49 1 15 26 7 33
1275 1313 54 13 60 40 44 58 68 46 14 51 44 44 1 12 43 37 32 55 12 5 8 44 39 29
85 337 36 22 30 68 12 45 48 58 24 18 12 18 13 30 45 15 45 56 18 8 51 9 28 63
3587 3587 44 28 64 56 68 60 0 16 44 64 56 60 52 36 36 60 28 8 20 60 24 56 16 68
419 423 25 43 37 9 50 3 47 37 42 51 11 28 36 30 47 27 19 53 66 33 69 24 68 71
4827 4829 59 49 56 66 57 27 46 58 50 32 21 47 31 3 30 25 44 47 59 34 53 32 6 31
1182 4282 58 5 30 52 42 21 56 69 33 41 43 6 12 3 8 35 51 49 40 61 1 56 61 48
3276 3276 4 36 54 18 18 12 68 42 70 34 2 52 32 32 50 52 20 58 46 12 26 52 40 10
4168 4181 49 36 50 28 15 57 69 25 65 30 4 18 51 55 34 59 14 38 17 7 70 16 11 3
2890 2891 32 15 34 26 39 55 9 17 60 60 70 71 44 24 65 52 25 47 49 9 51 41 33 16
2754 4754 6 11 56 24 43 4 50 38 71 56 17 4 53 39 31 43 26 9 32 25 63 19 50 5
4963 4963 48 29 25 37 45 56 34 25 32 46 13 49 20 48 1 55 3 71 67 35 21 62 8 57
2249 2254 6 33 12 3 35 57 36 26 44 49 38 49 5 5 37 67 13 58 71 0 59 45 26 52
628 656 23 37 39 41 18 25 32 47 25 10 6 35 14 40 66 35 29 43 30 38 58 26 20 31
816 4941 28 43 13 53 13 27 43 5 8 6 4 23 14 18 54 13 69 39 14 56 29 50 68 55
2800 2800 68 9 40 57 32 30 41 53 70 25 65 65 6 20 70 71 10 68 16 67 56 71 27 30
2537 2555 32 42 48 12 44 6 54 58 32 28 60 0 14 4 8 12 22 10 36 42 52 36 58 2
3513 3534 39 52 21 46 7 5 64 7 18 0 11 2 27 64 57 42 71 10 63 9 31 17 22 61
636 1574 45 54 30 63 21 42 42 69 54 6 69 30 57 63 3 18 45 42 60 33 15 45 3 51
4824 4824 70 32 60 20 14 56 50 68 30 12 50 56 62 38 48 14 54 10 38 56 70 54 20 58
2037 2056 7 34 49 48 61 59 1 55 48 60 53 66 45 22 69 54 66 12 68 19 71 68 17 56
2812 2818 14 0 62 16 46 14 10 10 54 22 58 56 14 70 50 66 48 54 58 42 50 36 16 2
24 24 43 4 50 21 16 49 4 17 40 2 60 62 12 22 19 63 30 55 28 14 50 5 38 66
4249 4249 0 0 0 0 0 0 0 0 0 0 0 0 0 0 0 0 0 0 0 0 0 0 0 0
4110 4126 45 20 60 13 66 40 39 5 70 9 56 35 69 28 2 55 19 19 10 12 37 33 54 39
1 15 8 56 54 64 60 64 8 52 8 62 60 64 64 16 14 68 24 10 20 24 34 56 14 68
1322 2010 17 59 50 71 36 6 55 7 3 29 31 59 55 68 12 9 32 42 68 60 62 45 26 33
2915 2915 35 34 51 10 28 8 10 29 64 52 40 35 60 0 40 51 19 67 27 21 6 11 66 35
514 520 66 43 66 21 46 36 33 36 1 6 18 27 62 26 51 43 49 0 11 10 36 4 45 58
360 364 39 0 43 8 31 3 11 16 13 9 71 23 66 41 51 45 33 7 13 19 52 21 21 20
430 511 51 56 57 48 69 28 53 69 6 53 12 24 41 14 5 30 18 36 35 65 30 60 41 51
4558 4558 36 36 36 0 0 0 36 0 0 36 0 0 0 0 36 0 36 0 36 0 0 0 0 0
28 47 66 14 48 42 46 19 18 46 11 66 28 51 5 61 65 14 53 16 6 7 59 28 35 48
3897 3929 24 12 15 4 34 31 70 9 29 70 28 58 47 27 9 42 62 46 42 59 3 15 44 47
1150 3273 12 67 22 61 46 6 35 6 33 63 34 68 17 44 54 21 40 31 49 70 60 45 24 49
1476 1476 24 69 15 18 18 60 42 42 3 33 24 6 42 18 6 60 39 60 48 9 42 36 30 48
1734 1739 60 4 48 18 0 50 32 18 14 42 14 58 4 38 62 50 22 42 30 48 20 46 6 6
2216 2248 69 39 9 60 60 27 0 30 24 12 9 27 57 42 24 36 27 9 66 66 69 0 54 24
3069 4303 20 43 50 66 68 10 65 13 13 47 6 5 61 39 30 54 46 14 61 28 6 10 43 27
2871 2871 64 38 69 59 10 45 15 65 71 59 37 41 45 57 26 34 7 37 62 41 6 62 7 13
3494 3508 7 39 71 19 65 49 69 48 27 57 17 35 31 45 22 36 54 11 60 44 13 14 61 12
2540 2584 32 65 24 60 65 41 19 8 15 53 35 24 58 47 49 64 24 8 29 59 4 25 38 19
157 1158 26 27 8 34 32 18 70 66 67 12 33 38 30 43 53 70 5 67 34 40 45 66 35 37
2173 2173 39 22 48 62 64 63 10 46 56 56 23 17 12 15 12 0 35 45 67 71 64 50 38 42
1876 1886 69 63 12 69 33 9 24 27 39 3 0 3 66 24 30 36 42 27 24 66 24 39 0 21
1488 1504 0 0 0 0 0 0 0 0 0 0 0 0 0 0 0 0 0 0 0 0 0 0 0 0
360 484 63 30 39 32 16 43 34 10 62 13 10 34 30 54 26 53 58 69 41 51 24 67 57 19
354 354 30 48 3 27 15 60 48 57 9 57 30 54 42 36 15 9 69 54 45 33 57 27 66 57
4810 4818 25 37 50 23 16 10 45 38 39 66 32 34 42 63 32 68 52 64 65 2 65 30 9 55
311 311 60 52 58 58 0 45 59 12 34 3 35 31 56 62 31 64 27 63 6 23 19 67 31 57
2220 4921 44 30 20 28 30 58 54 20 32 68 14 40 54 34 10 70 14 36 28 26 38 10 70 16
2733 2733 19 18 54 25 24 21 41 56 41 15 12 33 42 12 41 0 55 27 24 48 53 40 44 66
3444 3458 55 7 33 48 37 11 18 46 31 44 6 38 8 57 14 48 2 19 62 24 60 21 62 41
2551 2589 68 25 43 64 19 7 44 66 17 64 21 28 43 13 38 67 58 14 37 43 29 6 7 32
395 490 20 22 61 6 6 64 4 38 8 25 4 51 1 41 57 18 70 42 65 15 36 42 45 44
697 697 0 0 0 0 0 0 0 0 0 0 0 0 0 0 0 0 0 0 0 0 0 0 0 0
2530 2534 0 12 4 56 46 66 8 10 56 54 48 14 70 0 16 60 38 36 66 56 64 2 42 68
1334 1353 43 40 12 53 18 68 67 35 9 36 39 24 48 62 61 54 13 6 39 21 2 65 56 59
2700 3114 45 26 63 7 9 42 21 21 20 33 26 27 14 58 52 15 17 30 2 40 2 1 11 41
30 30 8 0 68 52 4 36 60 64 4 44 56 24 32 8 0 36 60 56 64 8 52 28 12 48
3320 3336 31 7 43 18 55 49 21 26 2 68 69 42 66 6 69 6 8 6 25 7 30 24 59 32
1715 1728 52 45 71 58 69 13 22 47 1 29 12 8 40 49 51 12 16 31 9 8 15 34 0 25
2575 4266 26 1 32 36 31 32 42 18 14 59 38 48 32 5 18 24 51 38 14 66 40 13 37 15
1765 1765 0 0 0 0 0 0 0 0 0 0 0 0 0 0 0 0 0 0 0 0 0 0 0 0
8 20 10 11 10 15 21 70 47 34 63 29 25 45 15 0 21 60 44 18 4 43 49 23 41 61
3006 3044 20 56 68 36 48 64 56 32 28 24 4 56 40 64 48 0 4 0 56 56 4 68 48 48
3416 4599 34 7 50 31 67 70 26 55 20 7 16 6 71 38 26 54 56 26 41 54 10 13 39 17
1991 1991 67 38 31 57 65 22 41 46 24 26 3 45 57 65 5 48 64 59 71 54 5 50 47 1
776 798 56 58 71 37 11 10 0 71 6 71 13 7 10 2 36 71 62 37 16 47 14 59 28 21
2381 2394 20 40 32 24 18 3 34 68 47 16 67 29 15 13 19 70 27 51 41 34 44 32 22 11
536 3327 56 7 12 62 18 44 36 26 31 37 62 17 47 39 3 6 11 36 26 19 13 66 22 52
1316 1316 0 0 0 0 0 0 0 0 0 0 0 0 0 0 0 0 0 0 0 0 0 0 0 0
1491 1503 29 17 69 19 38 42 37 44 31 1 7 13 18 8 51 69 61 12 65 70 41 5 36 42
1811 1850 6 16 10 71 23 26 67 24 64 50 14 63 61 47 66 37 32 22 46 35 19 33 1 2
1495 1996 26 19 45 67 63 65 25 53 58 39 27 19 66 34 71 51 21 1 41 9 24 19 24 21
2066 2066 13 25 46 15 39 15 29 63 8 17 71 7 24 70 68 13 46 9 5 0 56 67 30 19
2673 2693 24 65 37 64 62 25 10 28 0 60 7 44 44 53 18 5 28 34 19 71 2 60 11 58
609 647 7 49 71 19 45 59 43 56 57 2 59 46 8 33 49 71 44 23 23 52 14 68 15 36
1912 2861 67 24 46 17 29 36 56 8 40 11 40 67 64 60 48 23 47 28 24 20 19 24 11 64
1321 1321 58 26 25 66 69 52 18 69 23 26 29 20 30 31 11 7 22 17 37 5 8 50 34 18
4971 4992 27 57 30 9 8 39 15 25 26 7 68 65 67 33 52 11 35 13 71 68 71 7 23 12
556 564 45 7 61 18 18 47 32 1 47 56 5 6 29 27 54 62 11 2 36 40 53 9 67 69
365 517 16 43 50 19 46 5 62 2 41 14 50 57 42 32 11 3 67 65 51 13 46 67 16 58
3263 3263 51 50 17 0 69 31 59 68 5 57 9 55 64 19 23 46 10 24 58 62 55 2 35 70
4668 4676 63 20 32 7 19 44 39 20 23 28 53 20 48 54 45 66 1 27 2 38 61 15 14 70
4480 4508 62 45 29 27 19 18 9 24 0 24 26 64 29 6 57 30 46 4 61 5 28 16 68 28
26 848 39 52 25 8 50 18 1 11 29 61 70 29 43 55 5 32 31 27 30 15 23 48 66 51
4883 4883 48 26 54 47 12 36 40 71 13 42 52 7 8 52 54 56 28 9 29 41 52 5 4 35
1540 1548 41 7 8 64 20 25 31 17 4 51 53 46 66 17 41 70 55 62 65 40 37 14 26 23
3414 3430 70 64 3 71 18 40 21 63 9 15 57 6 27 26 66 25 48 69 44 31 44 68 45 68
178 282 10 23 64 52 62 29 48 57 51 32 47 34 47 40 4 51 47 5 60 41 68 26 0 46
2074 2074 55 71 35 13 60 56 0 32 57 69 15 44 31 39 46 14 27 23 31 31 21 46 28 29
3086 3109 41 62 49 42 52 35 4 63 0 19 66 59 10 34 37 47 26 64 1 30 68 26 58 10
4809 4820 10 14 58 52 18 50 60 68 28 28 64 22 26 36 10 0 46 30 0 40 50 24 50 8
1040 2260 40 5 36 9 3 33 64 17 68 46 48 35 7 26 68 46 67 22 41 14 71 21 24 36
2277 2277 32 28 38 3 12 60 21 57 5 42 37 27 45 54 11 9 0 21 70 21 65 28 31 4
4511 4527 26 6 4 26 2 6 20 52 48 0 28 28 70 12 24 8 30 36 8 64 36 54 20 12
965 975 39 52 35 51 54 10 58 20 2 54 47 39 15 13 62 23 45 68 26 1 52 45 61 50
1850 3094 40 71 23 13 18 24 8 0 48 66 25 57 49 21 67 4 27 35 58 68 27 71 29 22
3716 3716 8 19 47 70 68 37 67 52 62 37 58 60 39 49 31 29 61 19 44 19 4 28 61 0
4777 4800 58 39 56 15 61 4 20 27 28 22 52 16 6 26 39 9 39 5 50 21 67 26 15 21
4566 4583 30 22 0 26 20 42 36 12 26 22 27 11 15 13 50 6 49 32 22 49 2 62 68 11
193 2041 69 40 56 0 17 20 62 70 52 2 70 10 13 27 30 19 70 7 19 43 47 1 51 17
2321 2321 0 18 0 18 0 0 54 54 0 0 18 18 0 0 54 18 54 36 18 0 54 54 18 54
795 797 8 27 58 14 70 7 62 38 50 34 33 66 51 11 13 64 22 10 32 64 29 40 36 33
2851 2854 32 60 36 12 36 60 64 16 44 0 0 68 56 0 4 12 28 64 20 0 16 8 48 36
4408 4697 22 9 1 51 23 53 10 20 39 12 43 58 30 1 28 50 1 2 39 27 16 5 42 28
776 776 0 0 0 0 0 0 0 0 0 0 0 0 0 0 0 0 0 0 0 0 0 0 0 0
3119 3136 54 45 43 9 71 21 40 23 47 13 69 38 12 9 6 27 18 31 67 71 68 45 56 71
1688 1693 60 17 70 63 23 58 7 61 38 58 68 50 46 4 59 0 44 30 1 3 65 68 69 44
898 4295 45 63 10 66 65 17 41 11 15 12 70 11 35 52 61 68 30 10 52 70 59 65 13 7
1215 1215 70 70 8 47 61 14 0 16 40 4 49 39 23 39 58 67 1 36 7 64 18 20 70 0
4592 4613 61 43 17 44 57 6 13 16 67 27 5 71 6 39 2 43 20 14 71 18 30 37 17 62
4309 4314 32 63 23 0 38 10 3 30 6 63 50 35 43 41 50 71 67 12 8 41 22 54 48 21
495 908 39 57 15 57 58 45 39 61 21 35 36 32 22 41 43 11 7 24 6 5 46 12 35 6
4199 4199 51 33 12 21 30 63 21 57 36 51 48 42 24 63 45 15 39 24 33 42 3 33 24 54
2803 2812 23 46 14 41 38 25 30 47 31 5 13 60 54 9 50 28 46 25 54 67 47 0 38 66
1052 1091 24 13 9 39 40 71 56 19 64 36 67 48 2 41 25 27 39 38 35 15 39 9 61 71
2559 3379 40 11 54 68 40 14 65 10 41 8 45 43 18 53 66 15 66 28 64 17 39 0 47 23
1016 1016 27 37 25 10 10 57 60 51 48 16 36 16 62 13 57 51 19 36 26 18 52 47 64 31
4364 4376 54 36 3 25 64 39 51 52 45 18 23 54 25 69 16 7 48 64 17 56 36 60 42 65
1131 1133 22 29 36 26 29 67 54 23 19 8 20 26 49 47 14 8 7 29 15 5 3 33 60 19
121 709 61 47 19 9 4 58 50 39 4 22 31 63 13 11 50 39 65 47 13 45 23 5 65 6
1837 1837 0 0 0 0 0 0 0 0 0 0 0 0 0 0 0 0 0 0 0 0 0 0 0 0
605 617 29 25 69 49 20 24 53 25 34 27 39 56 70 33 38 40 29 39 30 48 64 55 11 56
3113 3136 13 52 9 56 60 17 30 38 32 66 64 21 60 1 17 13 65 53 57 69 18 70 54 64
186 412 45 13 35 21 47 14 34 23 59 50 27 66 5 48 4 34 33 38 60 30 27 28 18 10
2240 2240 7 4 68 11 12 19 22 16 58 14 11 54 53 4 18 33 25 57 20 28 10 43 32 20
2700 2701 14 31 7 69 62 14 29 59 17 2 26 52 22 44 64 45 38 45 9 60 43 7 54 34
2724 2770 28 65 11 36 7 48 26 0 13 39 51 29 34 66 14 21 19 51 47 12 34 42 57 67
47 100 16 42 34 9 1 63 8 5 63 40 24 39 17 69 29 10 10 27 24 15 4 50 11 26
2209 2209 0 0 0 0 0 0 0 0 0 0 0 0 0 0 0 0 0 0 0 0 0 0 0 0
1738 1740 52 28 19 7 68 70 5 65 45 49 12 56 52 31 67 25 52 65 16 12 45 53 62 45
3933 3944 21 57 31 35 69 26 54 39 62 6 19 45 55 30 30 44 36 25 41 7 37 55 37 45
235 1839 4 26 9 45 24 0 57 68 4 60 36 9 35 5 40 36 53 66 31 37 61 63 53 43
330 330 28 16 36 52 4 32 32 68 28 56 60 16 4 16 44 4 20 24 48 16 16 28 60 36
1383 1392 36 19 61 32 1 27 50 42 2 60 29 8 67 19 60 59 40 62 41 40 28 58 60 67
657 666 66 31 1 3 9 1 68 48 33 56 56 18 45 43 27 43 10 25 11 63 27 2 20 19
1165 4605 3 58 8 62 3 15 60 46 57 66 45 25 5 38 43 66 4 23 51 13 31 6 30 19
1741 1741 13 30 48 60 33 62 40 7 43 6 36 30 5 64 1 59 56 11 29 32 32 43 21 50
3373 3375 25 71 38 41 19 46 37 39 63 52 40 31 57 54 47 13 52 26 44 38 46 67 45 59
3346 3368 12 63 71 50 64 30 37 19 38 1 66 15 34 66 17 53 51 69 38 27 44 6 49 18
1186 3659 27 2 33 39 27 24 38 70 71 30 8 26 33 35 34 33 17 70 47 56 44 61 64 71
1023 1023 45 57 5 69 1 40 51 19 58 58 20 59 15 71 11 31 54 42 19 29 25 41 50 69
3424 3439 58 25 6 27 57 24 65 53 2 68 66 22 18 0 5 56 60 60 34 58 16 44 18 4
2030 2037 25 16 29 36 5 29 38 12 18 57 37 15 35 49 9 26 47 16 60 40 40 33 20 37
238 395 24 4 44 29 59 35 29 62 12 58 11 22 63 60 12 58 28 6 59 45 14 53 26 56
4262 4262 21 25 55 54 52 58 8 52 44 52 53 14 67 71 0 7 37 23 6 2 34 11 48 21
2284 2297 42 46 18 64 47 44 70 12 22 40 59 71 21 5 13 51 44 15 30 24 5 55 23 29
4038 4052 8 14 60 47 42 55 2 0 44 7 26 21 12 8 22 42 42 23 50 71 43 26 10 32
448 1521 7 2 15 15 25 44 40 29 45 21 2 17 15 62 41 61 55 0 55 45 25 1 38 63
4697 4697 20 18 54 30 41 58 25 64 31 35 55 29 26 28 66 50 60 2 13 55 7 43 35 9
2786 2801 30 36 56 44 55 34 54 68 36 33 56 38 70 61 62 56 55 29 66 24 67 45 28 40
832 842 52 20 44 32 34 58 38 56 44 28 58 24 22 44 14 70 44 62 22 6 24 6 32 58
1944 2430 23 27 63 18 30 13 38 18 9 9 20 56 31 42 66 31 62 42 44 53 4 39 25 11
2585 2585 44 20 68 64 24 0 52 24 60 36 68 0 44 20 28 44 0 4 44 12 24 20 24 60
3785 3790 53 30 70 37 20 30 33 34 53 44 51 16 0 7 23 24 36 12 33 26 36 29 5 65
3065 3088 9 5 12 45 22 8 13 24 4 23 67 27 46 70 10 37 31 50 34 42 5 31 60 42
417 754 4 17 67 38 60 61 54 9 16 15 59 55 17 6 30 23 13 14 10 33 62 57 13 40
4040 4040 0 0 0 0 0 0 0 0 0 0 0 0 0 0 0 0 0 0 0 0 0 0 0 0
2400 2421 41 69 11 39 9 63 54 30 23 16 67 56 41 38 9 39 69 36 29 62 12 6 33 65
4233 4239 36 12 60 2 44 44 40 58 50 36 70 4 30 26 50 36 14 34 16 6 2 6 44 64
107 3302 21 43 38 35 12 38 42 67 18 58 41 21 13 10 2 54 40 43 28 59 46 25 32 59
2489 2489 71 31 12 56 49 60 59 0 45 55 63 35 11 24 71 24 12 31 14 13 1 50 52 68
3343 3343 0 0 0 0 0 0 0 0 0 0 0 0 0 0 0 0 0 0 0 0 0 0 0 0
3170 3198 44 34 10 28 11 4 57 39 62 40 58 39 24 14 14 36 13 45 47 37 63 68 58 20
153 4061 40 22 22 52 68 59 60 70 11 66 63 31 30 23 51 56 66 58 35 66 41 16 51 64
4290 4290 57 18 12 0 24 66 51 9 6 57 69 39 18 48 57 3 3 42 60 36 51 69 15 42
4683 4704 46 59 58 23 44 11 10 19 18 71 53 22 44 11 17 11 62 7 3 67 19 51 59 60
3381 3428 22 64 0 54 2 25 37 52 3 68 60 36 68 0 54 6 32 67 63 26 47 44 61 31
858 1629 0 0 18 18 18 36 18 36 0 36 54 36 18 18 54 0 18 18 54 36 18 36 18 54
4458 4458 60 15 51 67 44 0 47 56 7 44 19 5 3 4 63 33 48 55 7 62 17 70 41 53
2332 2337 46 21 12 27 57 7 47 26 53 31 41 41 62 32 47 32 60 0 1 61 1 71 10 40
2880 2910 3 48 18 6 15 0 3 27 60 54 36 21 6 51 57 30 45 0 18 48 42 69 45 30
2525 4759 38 43 55 59 0 9 30 23 21 50 14 60 9 23 37 62 11 44 20 9 5 22 71 41
351 351 0 24 36 36 6 48 0 24 36 6 0 18 0 66 6 48 66 6 30 24 12 66 0 18
579 587 5 31 63 54 5 14 69 18 27 35 57 39 12 11 23 14 2 46 39 63 5 17 57 46
2427 2443 36 34 48 5 15 71 53 61 69 62 49 47 45 45 55 11 30 23 58 4 40 34 13 39
2304 4495 1 5 64 41 28 35 23 21 5 34 62 10 66 24 35 54 57 27 25 55 51 61 33 60
555 555 36 15 65 22 54 53 52 51 45 1 41 12 45 1 27 30 25 57 40 14 40 39 31 13
3650 3654 55 42 10 27 46 62 57 10 44 36 49 24 40 31 65 69 38 31 64 54 57 0 39 8
4543 4564 32 38 2 52 56 42 50 46 16 64 66 4 40 18 36 32 18 64 52 62 12 26 4 36
578 1852 63 5 44 11 63 54 53 71 71 60 24 56 67 71 43 30 43 71 15 35 46 27 18 14
4346 4346 57 28 8 58 71 20 35 22 66 44 60 26 31 71 49 19 37 64 67 25 40 44 14 5
1147 1150 27 18 27 54 54 9 27 63 63 0 18 63 18 45 0 18 54 45 63 63 36 27 9 27
376 413 57 22 3 49 50 36 47 48 68 28 60 63 63 22 18 11 10 39 22 26 44 69 32 48
1752 2069 31 42 26 33 27 50 21 28 11 12 52 12 9 44 41 41 40 54 17 31 42 31 55 39
543 543 70 58 21 7 29 28 11 68 52 61 19 53 44 19 63 60 14 16 5 20 3 43 63 37
1927 1945 36 45 18 18 0 45 63 9 63 27 45 36 9 54 27 0 9 45 9 27 54 45 63 9
4854 4893 44 63 44 58 50 63 16 61 63 39 0 13 2 27 38 51 19 16 40 38 51 17 56 69
54 375 47 61 4 66 23 31 71 18 11 7 31 65 51 47 46 23 24 58 71 45 6 70 12 64
325 325 36 4 43 68 3 53 38 34 43 10 26 70 41 34 53 41 8 69 51 19 17 55 40 27
420 436 16 4 12 6 27 41 63 66 55 39 4 13 10 13 15 48 49 61 9 60 15 9 54 29
1669 1709 24 47 56 15 14 46 3 12 24 32 21 49 67 6 29 33 1 60 63 69 21 0 25 60
1938 2573 1 61 45 37 30 53 22 34 10 33 30 57 33 4 16 54 67 60 64 9 51 54 69 56
2139 2139 36 26 33 23 18 44 64 0 54 23 28 41 70 45 13 17 62 35 38 7 6 41 71 34
1593 1609 27 59 7 37 1 60 57 44 11 33 25 42 30 49 18 16 65 35 65 29 18 28 54 24
1476 1498 63 57 18 12 5 25 43 34 60 18 66 25 34 28 48 3 48 10 46 43 49 57 31 25
387 835 17 44 7 4 42 44 62 65 71 3 1 40 57 30 1 48 0 19 51 5 28 55 17 68
1162 1162 0 0 0 0 0 0 0 0 0 0 0 0 0 0 0 0 0 0 0 0 0 0 0 0
3149 3161 33 5 3 31 67 43 22 57 28 3 26 60 5 36 45 22 66 67 60 6 55 25 47 43
1349 1389 36 51 15 33 51 69 57 27 0 63 69 9 54 66 9 21 24 63 54 60 6 27 0 42
4172 4882 26 65 71 15 4 35 17 50 60 59 26 12 9 48 50 3 58 61 0 63 1 57 27 46
4408 4408 12 54 6 54 18 48 12 12 66 48 24 24 18 66 30 6 42 0 18 60 30 18 6 48
1810 1824 32 70 2 70 46 50 68 8 18 48 44 34 56 50 34 32 10 18 60 48 32 18 60 36
2419 2450 36 0 54 66 48 30 48 54 6 48 48 42 54 36 60 30 6 24 42 36 0 6 54 12
1420 4000 0 27 41 57 40 20 44 64 24 23 41 57 51 12 9 70 38 35 8 32 35 38 57 32
2663 2663 24 36 0 36 48 24 60 24 0 0 60 48 60 0 36 12 36 12 24 48 0 12 60 36
3077 3078 50 64 0 38 23 21 52 0 1 56 19 50 19 51 54 9 46 2 17 7 42 53 46 4
1805 1805 32 68 71 30 64 1 67 37 16 42 0 23 39 13 68 2 27 52 44 40 70 53 22 20
3704 4640 50 6 67 66 42 26 22 66 62 55 11 15 15 20 19 46 5 22 34 23 59 54 4 26
2379 2379 55 36 61 38 46 49 57 59 51 57 47 0 58 16 71 64 33 18 67 31 30 55 59 51
1621 1622 30 7 26 71 15 67 9 61 29 11 25 10 36 46 61 20 30 52 67 10 46 1 39 40
3519 3531 39 27 42 51 45 39 45 45 15 60 6 18 27 30 30 36 6 3 24 69 33 18 66 12
813 1091 45 45 70 57 47 49 15 16 41 8 8 53 33 39 31 1 11 1 4 56 20 36 41 11
4788 4788 0 0 36 0 36 36 0 0 36 0 36 36 36 0 36 36 36 36 36 36 0 0 0 36
2400 2417 60 71 59 71 39 32 30 36 32 48 33 14 36 39 54 65 27 71 2 54 23 53 7 6
1140 1166 60 30 68 68 0 36 0 32 28 6 38 64 56 28 48 64 20 0 36 10 22 60 30 24
191 713 16 27 49 57 44 69 12 47 3 67 2 51 5 45 55 39 43 67 29 23 33 63 6 43
2039 2039 5 57 16 52 66 26 23 55 42 10 16 47 26 41 70 10 11 35 56 53 41 17 3 13
2172 2179 36 30 51 66 64 49 32 22 34 19 49 15 63 49 6 64 64 28 67 62 58 13 43 41
2386 2401 51 68 32 67 32 0 17 69 34 16 29 71 48 63 9 5 57 39 70 61 19 30 15 61
642 944 69 37 4 55 52 21 61 25 23 8 50 63 46 6 30 57 4 41 41 71 25 70 51 17
2854 2854 8 60 36 12 36 60 16 40 20 0 0 44 32 0 28 12 52 16 68 0 40 56 48 36
3654 3658 8 40 27 14 55 41 65 25 22 59 28 47 38 0 23 50 44 56 4 66 8 45 8 21
4251 4269 30 11 23 33 2 60 22 28 43 4 10 44 34 5 62 29 39 25 64 36 38 37 23 63
837 1058 35 40 48 35 20 55 25 55 16 26 5 11 37 17 18 60 27 17 0 69 70 30 1 10
2943 2943 40 32 41 28 8 36 61 46 34 16 51 31 28 16 31 68 24 19 40 12 15 6 66 67
3670 3672 35 34 52 10 44 24 5 32 46 24 14 29 12 69 49 45 44 18 64 49 4 28 26 69
2471 2496 24 29 21 17 59 40 25 46 44 49 43 63 43 9 42 28 37 54 19 63 41 10 21 20
771 886 43 3 5 47 31 55 50 35 8 57 43 55 30 38 67 51 49 14 18 61 0 2 30 51
1115 1115 28 18 71 22 15 31 0 11 69 49 28 20 27 56 36 67 8 35 11 41 65 7 43 46
3734 3734 0 0 0 0 0 0 0 0 0 0 0 0 0 0 0 0 0 0 0 0 0 0 0 0
1549 1549 15 29 22 32 49 44 7 45 27 41 10 66 13 19 60 53 45 36 26 29 50 30 36 53
810 968 10 70 44 52 42 56 56 38 48 22 20 66 38 12 8 20 48 30 68 0 30 46 60 44
519 519 6 21 0 21 48 0 24 27 30 21 12 57 60 15 48 42 69 0 3 0 60 60 27 57
4501 4507 4 26 6 28 40 64 28 46 32 54 24 18 12 9 6 12 9 36 22 48 60 61 31 5
2347 2351 49 38 43 41 26 52 39 21 32 38 56 52 56 37 64 6 2 51 14 5 14 65 63 66
1225 2479 60 42 9 25 41 61 30 68 4 30 70 5 47 46 17 52 35 35 64 68 13 53 29 67
2821 2821 0 0 0 0 0 0 0 0 0 0 0 0 0 0 0 0 0 0 0 0 0 0 0 0
1509 1517 0 24 16 68 70 6 14 62 46 36 20 12 60 8 54 10 10 10 64 10 32 50 20 70
1553 1594 16 26 51 46 10 8 22 3 39 13 23 55 10 9 46 63 63 1 17 40 38 28 29 53
916 1367 65 36 54 69 40 12 33 3 7 7 1 7 27 35 62 16 47 16 63 4 63 15 50 17
2027 2027 18 9 63 63 54 45 9 54 0 0 9 9 45 54 54 0 63 63 9 54 27 36 63 9
2355 2373 28 66 42 38 52 52 48 50 22 58 8 6 24 48 64 8 20 50 16 28 66 56 50 24
1547 1555 46 47 23 61 25 25 13 56 24 65 49 60 27 18 14 34 26 32 1 20 48 25 32 14
2738 3561 30 10 16 65 47 34 22 46 64 58 33 41 57 30 45 1 2 17 29 12 24 59 3 48
461 461 4 28 36 56 8 44 56 36 32 64 20 12 52 36 4 4 4 44 20 56 56 64 36 44
4834 4846 64 23 28 38 46 21 28 57 53 3 19 66 25 52 9 58 31 41 34 26 12 40 29 21
3904 3919 54 58 38 21 39 65 7 56 48 0 51 47 24 66 39 68 63 35 44 6 43 70 64 13
2557 3677 48 21 43 46 15 3 50 53 22 20 0 69 23 38 36 15 56 16 31 35 44 7 68 34
3430 3430 56 56 8 64 0 32 16 0 24 24 32 0 40 16 56 56 16 24 8 0 64 16 40 64
2238 2243 64 0 16 20 20 64 26 52 14 30 70 64 56 22 44 22 56 2 16 18 48 12 56 28
812 818 55 14 41 38 29 53 45 54 65 31 14 34 69 38 69 37 64 21 60 47 59 57 29 65
2476 2954 27 45 60 51 63 48 63 0 42 3 24 33 21 21 63 9 51 27 57 18 36 18 18 42
788 788 69 6 35 71 65 38 30 12 46 51 50 21 54 1 51 7 51 3 60 30 7 44 15 44
4556 4560 22 39 11 68 16 17 49 33 23 66 44 58 43 48 26 29 30 24 18 25 11 40 43 41
3137 3183 8 12 66 24 64 46 68 12 2 18 6 10 70 38 70 26 70 0 36 32 64 62 62 58
1520 4021 35 28 12 12 9 30 2 35 68 56 48 69 63 67 56 34 37 71 8 28 38 8 29 42
1138 1138 53 38 10 25 48 9 24 34 65 45 38 52 52 51 5 40 7 5 3 29 45 16 30 35
1076 1098 60 9 31 29 50 4 71 55 30 6 2 71 38 36 21 39 38 55 41 46 66 19 10 22
2931 2934 36 41 0 13 6 41 30 51 69 36 10 27 46 14 16 6 16 24 0 69 69 10 42 3
2469 4688 11 42 25 67 26 59 40 52 23 65 38 18 28 35 4 38 2 44 57 62 35 45 66 43
2969 2969 24 24 57 33 3 42 54 6 57 63 39 9 48 60 33 39 51 48 51 30 54 42 24 15
1810 1830 58 24 10 3 67 7 44 3 20 42 21 46 9 59 1 59 28 14 44 5 40 1 28 22
1254 1300 15 68 53 26 29 11 63 20 0 0 27 9 58 43 50 18 13 40 54 58 66 48 2 45
2092 3271 14 57 57 28 66 19 68 28 32 38 60 38 52 3 58 38 2 2 19 48 51 6 15 63
1853 1853 16 7 61 5 17 5 43 33 34 69 9 35 60 54 69 23 59 29 45 37 45 68 43 61
3679 3698 50 46 8 22 66 18 34 52 62 60 18 16 48 50 62 26 54 56 28 32 6 46 2 38
1060 1061 24 46 69 54 50 52 23 31 32 19 50 24 16 35 23 25 17 46 19 34 7 12 42 71
105 222 2 28 50 71 35 64 27 53 47 1 65 68 14 28 37 41 35 6 10 35 42 32 63 39
3120 3120 48 14 4 2 2 50 20 4 28 36 6 16 20 4 58 38 14 14 24 24 20 56 48 54
3431 3449 59 51 70 63 29 52 27 3 37 52 60 70 5 39 40 28 52 30 18 51 3 33 51 49
2089 2133 50 49 42 14 38 28 44 51 8 0 12 1 4 17 67 4 62 21 16 16 6 17 49 68
160 651 10 26 70 18 26 12 58 30 40 46 44 54 16 48 70 36 42 2 24 6 0 48 44 22
2632 2632 44 22 25 10 20 71 40 29 50 32 36 70 20 58 64 64 28 15 61 54 64 15 31 26
4072 4084 71 33 59 33 18 0 69 67 70 10 34 11 4 13 15 40 3 15 50 32 61 68 29 67
2403 2447 42 48 60 42 12 48 0 42 66 60 66 60 54 6 66 48 60 60 60 18 18 30 60 30
999 2472 71 35 47 34 16 8 22 10 44 47 41 10 42 46 69 10 51 69 63 39 13 62 29 17
808 808 55 29 22 48 57 8 30 20 46 10 44 58 66 44 62 12 31 63 44 7 14 53 64 6
4345 4363 46 53 60 71 65 62 67 48 38 68 41 11 0 51 71 39 22 71 2 4 28 54 16 62
503 544 66 39 31 61 8 63 42 29 43 47 29 1 11 29 25 24 48 69 63 36 15 6 25 57
2349 3226 46 8 68 56 30 19 30 61 70 38 63 10 43 38 23 31 59 40 36 32 54 3 26 12
2248 2248 47 28 66 35 66 11 49 38 36 63 53 33 27 6 7 63 7 42 46 15 48 31 14 12
1338 1338 0 36 36 36 36 54 54 0 36 54 0 36 0 18 0 18 36 54 18 54 36 36 0 0
2183 2186 45 59 11 28 30 31 58 30 19 33 8 38 43 6 64 29 48 64 0 41 2 69 33 13
143 2220 62 65 19 57 31 17 38 54 38 8 9 60 16 54 62 1 15 68 7 62 70 0 70 3
1105 1105 0 0 0 0 0 0 0 0 0 0 0 0 0 0 0 0 0 0 0 0 0 0 0 0
3859 3865 64 2 14 70 46 47 29 16 70 70 5 47 18 69 18 39 4 45 48 21 71 55 4 63
4883 4929 32 56 8 66 56 62 65 51 63 44 21 27 0 22 30 69 56 23 14 3 24 71 34 24
1154 4965 1 19 19 35 13 10 6 33 14 0 6 30 28 40 70 49 31 10 46 53 43 69 25 21
3904 3904 2 43 42 42 53 3 56 41 4 18 35 64 31 51 14 56 28 45 64 15 51 56 32 14
960 977 31 63 33 10 49 68 17 15 47 51 2 41 41 45 31 24 1 59 4 19 28 37 44 43
872 876 53 58 58 13 62 22 45 43 63 64 17 0 55 70 38 49 63 17 17 36 49 53 53 48
720 978 67 10 28 17 54 29 69 34 70 7 45 2 3 41 40 69 23 8 30 58 53 26 48 67
2883 2883 50 70 29 50 13 10 0 4 47 29 20 21 47 14 5 40 15 10 67 48 42 69 20 7
1481 1481 0 55 64 62 25 21 26 1 24 8 55 24 69 14 57 6 10 37 24 25 1 20 65 60
4125 4133 52 46 68 32 20 70 70 42 58 26 18 66 66 10 30 0 58 34 0 70 68 36 42 34
479 1684 59 1 50 56 31 39 23 35 2 5 66 3 44 65 43 31 24 32 55 38 7 22 0 37
3002 3002 29 25 58 70 51 8 66 21 43 6 51 57 11 57 10 51 69 28 35 2 28 30 57 42
1781 1784 5 25 15 59 68 68 44 38 48 61 52 52 67 71 18 12 44 61 23 14 23 55 4 44
2334 2337 23 3 9 69 0 5 34 28 19 44 28 16 40 19 16 19 3 12 47 17 59 4 68 32
1481 3908 25 6 51 66 70 40 19 59 52 66 4 9 18 22 2 7 70 11 23 26 22 54 1 20
3052 3052 70 22 67 3 26 17 51 2 16 16 39 70 71 14 36 71 24 61 64 66 50 28 9 56
410 427 43 16 21 32 1 28 42 62 53 62 52 54 55 5 43 67 5 54 56 27 67 35 40 69
1277 1280 56 8 0 40 8 16 64 8 0 32 56 48 8 64 8 40 56 56 48 0 48 40 32 0
565 708 69 53 31 69 20 13 11 36 63 54 52 65 1 12 0 11 44 47 21 70 36 22 66 45
1267 1267 0 0 0 0 0 0 0 0 0 0 0 0 0 0 0 0 0 0 0 0 0 0 0 0
1385 1400 15 52 67 29 64 50 36 37 12 33 33 27 12 32 16 41 35 64 29 10 10 27 52 66
4022 4047 48 57 53 31 54 46 44 28 35 14 17 69 53 38 32 37 45 51 43 18 12 69 65 44
1400 3679 39 26 57 17 36 34 22 49 60 5 11 1 41 43 52 17 57 42 36 3 5 34 10 34
2603 2603 43 18 6 19 53 58 27 59 17 57 33 55 28 62 25 55 55 32 11 65 33 6 31 59
4733 4741 52 30 33 7 4 23 29 25 22 56 31 47 33 10 5 27 50 60 63 47 40 20 28 38
1204 1213 9 28 10 1 9 5 61 5 15 9 46 22 62 0 1 63 20 11 1 29 49 69 10 42
3161 4024 4 4 12 33 46 5 25 55 7 71 2 40 46 53 28 70 30 0 21 46 68 25 65 67
1611 1611 48 36 36 60 36 60 48 60 60 0 48 48 24 0 48 24 12 36 0 24 24 12 60 36
3196 3197 0 14 24 20 49 31 35 50 9 53 48 19 22 68 40 13 68 63 48 24 28 54 7 43
3551 3555 2 47 39 61 68 44 27 70 15 16 64 17 34 25 65 27 52 29 48 0 65 23 17 38
1446 2046 3 51 54 39 18 24 57 0 66 54 15 45 57 27 27 30 3 54 54 30 63 42 60 27
2442 2442 24 24 48 64 64 16 40 24 8 16 64 56 48 24 56 40 8 32 56 48 24 8 24 64
435 446 16 3 66 30 57 65 29 22 48 67 66 7 71 20 27 37 12 43 43 62 33 59 21 25
2026 2039 46 43 12 8 28 51 45 59 22 22 12 10 46 30 47 66 52 1 27 23 43 67 53 48
396 2725 24 66 22 70 2 48 71 28 45 42 3 27 2 51 4 55 41 30 37 58 29 13 27 40
3853 3853 0 0 0 0 0 0 0 0 0 0 0 0 0 0 0 0 0 0 0 0 0 0 0 0
4399 4401 10 68 18 9 28 7 60 58 7 22 25 55 68 38 11 30 53 11 64 36 23 11 26 35
2345 2375 3 27 21 21 41 39 31 42 46 43 49 8 48 68 6 10 18 22 13 23 67 68 33 0
974 1040 32 28 30 54 22 44 70 64 64 34 20 38 56 42 64 18 62 52 50 30 22 52 28 0
4999 4999 69 24 32 48 24 33 11 48 34 36 39 29 50 13 6 15 13 10 40 46 45 3 40 57
4007 4013 62 13 62 54 35 28 42 66 6 2 53 28 0 27 62 70 14 42 28 63 25 40 42 15
1849 1890 61 14 10 20 17 13 7 22 12 28 17 21 29 66 14 14 10 24 6 70 14 7 27 60
1325 1722 48 12 26 4 29 3 32 62 30 32 30 4 58 31 24 69 23 17 54 59 7 39 62 38
490 490 40 59 5 57 47 60 43 67 41 37 33 10 5 34 16 23 45 1 31 2 6 10 66 21
3061 3081 27 26 16 45 1 11 0 36 40 19 67 48 30 29 71 23 4 49 47 65 6 30 43 42
3858 3888 35 51 40 14 25 2 47 48 24 31 20 5 68 46 33 2 43 29 70 59 44 28 28 59
1405 2405 39 67 24 55 2 57 27 19 61 69 20 17 36 39 11 16 32 20 4 8 10 39 52 69
4245 4245 15 42 12 28 60 43 15 47 14 24 34 10 67 7 30 14 7 34 47 62 66 37 53 65
3536 3554 27 24 60 27 60 48 51 45 42 30 33 57 6 21 57 48 0 66 21 30 15 60 24 6
4753 4753 14 12 21 43 14 0 49 47 66 67 57 33 6 25 35 47 37 53 35 39 53 70 49 39
153 592 56 12 33 6 25 23 41 0 19 71 1 1 21 6 57 70 11 19 70 28 20 3 29 60
4095 4095 11 56 47 52 44 58 23 69 35 6 0 51 68 11 15 38 40 45 46 2 39 60 18 37
2340 2359 38 20 0 26 54 10 26 30 50 40 44 62 58 46 6 16 0 58 10 6 26 44 64 66
2450 2464 22 12 63 3 71 11 50 10 62 3 56 39 66 64 35 21 14 21 59 43 51 33 55 21
37 2447 20 37 70 9 25 5 27 1 50 14 58 13 70 51 47 16 43 71 39 33 59 70 10 22
4647 4647 20 32 56 48 32 68 48 12 60 36 24 20 60 0 44 32 52 0 68 28 28 8 20 68
2207 2212 60 50 40 0 70 2 22 54 12 66 16 52 42 56 16 12 70 6 16 54 42 56 52 66
2204 2241 27 65 9 34 19 50 48 6 37 49 19 28 19 13 49 17 63 49 65 18 24 45 63 66
55 98 32 56 48 24 8 56 64 8 32 24 8 24 32 56 24 0 40 8 48 48 40 0 40 24
3294 3294 61 22 8 24 23 12 58 33 19 16 5 33 64 16 56 30 38 55 23 33 60 3 32 61
2009 2031 0 48 24 0 24 0 0 24 48 48 0 48 0 48 48 24 0 24 48 48 24 48 0 48
1480 1481 48 20 64 28 4 32 12 32 42 16 54 24 54 18 14 40 54 70 6 62 50 60 2 46
1358 1895 69 64 0 12 16 35 33 39 3 25 21 32 21 61 3 70 0 43 7 45 27 62 52 0
3488 3488 0 0 0 0 0 0 0 0 0 0 0 0 0 0 0 0 0 0 0 0 0 0 0 0
2861 2864 24 18 42 24 24 48 42 18 18 24 6 6 54 30 48 60 60 12 6 48 66 60 18 48
4923 4947 23 36 37 29 3 58 59 69 20 5 14 61 36 47 65 48 47 31 11 5 14 33 6 46
978 2002 14 67 20 52 6 40 30 1 54 45 32 43 8 2 56 49 32 32 23 15 7 52 67 35
484 484 18 36 17 36 63 10 69 36 54 62 20 6 70 63 19 13 39 41 37 29 10 51 52 24
1321 1324 63 26 60 11 10 16 32 17 25 18 3 28 4 5 71 41 64 4 2 62 3 64 61 5
2261 2267 20 50 57 12 0 12 15 66 1 7 31 44 15 4 67 58 38 3 49 56 6 38 12 15
1284 1745 67 65 26 69 50 47 66 36 52 26 32 65 16 34 56 23 2 28 31 3 6 26 67 48
3692 3692 45 18 10 45 4 59 41 30 58 43 55 19 67 41 37 13 30 10 59 14 46 43 51 23
533 548 56 33 16 14 25 48 65 56 24 48 3 2 39 3 32 51 36 6 15 41 8 71 26 33
3107 3137 40 69 17 63 27 54 25 3 68 22 3 37 34 42 42 31 23 36 66 67 8 12 71 71
2885 4315 50 37 10 1 61 16 18 10 40 67 31 53 34 55 0 11 70 5 62 28 43 21 55 44
119 119 70 60 20 41 58 67 28 29 41 61 41 6 68 31 42 66 1 27 59 15 6 18 24 0
1174 1197 40 30 42 46 50 15 1 60 17 18 58 61 7 33 33 40 20 21 50 6 38 1 31 5
3439 3471 28 64 14 36 48 55 62 8 37 41 67 48 68 0 42 17 52 9 54 44 5 34 30 59
64 2836 68 35 52 48 14 2 40 32 17 33 34 7 30 51 18 3 31 55 40 55 69 44 23 56
1587 1587 34 27 7 56 70 25 66 62 44 44 7 20 58 61 67 59 55 53 29 10 18 40 41 70
546 569 1 56 60 45 2 52 33 8 2 68 45 39 9 39 37 61 46 31 37 69 10 14 54 34
672 688 37 39 5 61 22 60 61 56 36 47 10 65 39 30 63 68 19 25 3 21 43 12 44 29
257 528 36 20 39 66 62 44 50 30 1 71 49 53 61 44 54 44 8 44 0 30 44 61 4 47
4719 4719 30 19 36 37 17 62 25 10 23 2 49 59 13 62 40 31 47 25 24 48 67 9 25 3
624 646 50 5 60 3 49 36 35 56 33 20 55 31 2 52 45 13 71 50 51 4 70 44 1 39
2122 2129 36 2 14 14 28 60 22 34 16 4 34 2 26 42 32 2 42 68 36 42 48 12 6 58
2321 2433 9 2 23 28 51 65 12 0 34 70 36 47 1 45 66 13 19 53 69 54 14 71 59 61
2388 2388 59 34 53 9 53 24 47 15 42 2 33 5 63 57 62 70 36 37 22 55 61 11 66 3
1282 1305 55 23 64 49 52 22 46 16 40 38 63 9 26 52 64 35 54 17 34 45 58 50 65 42
1084 1107 22 40 64 29 29 14 53 10 40 64 20 1 5 68 36 26 51 57 1 39 44 30 61 34
92 616 35 18 0 47 27 32 20 61 0 0 29 1 55 16 36 20 65 20 26 35 57 43 37 37
2647 2647 66 2 39 3 34 29 63 61 66 15 62 44 66 26 61 21 38 40 22 19 13 67 1 35
3919 3931 63 29 18 59 41 42 46 66 67 10 34 9 43 32 15 70 10 54 38 50 25 42 1 71
3098 3124 12 10 60 20 69 62 3 12 27 35 65 51 36 71 57 6 58 46 4 27 51 32 62 63
2 705 39 29 65 35 69 27 6 20 57 6 54 55 42 23 42 29 59 33 9 2 57 40 55 8
2060 2060 36 61 47 46 49 53 51 64 20 3 31 69 63 1 51 62 67 19 54 5 58 10 65 22
3772 3779 2 11 8 34 70 52 7 44 49 23 23 17 41 19 41 5 5 42 20 8 2 22 50 69
3021 3061 58 69 11 26 71 42 30 55 61 58 50 40 49 32 9 54 55 46 41 11 33 53 13 44
158 1282 51 50 22 35 35 2 66 35 65 11 4 25 13 40 59 45 45 65 24 30 54 47 67 33
3757 3757 16 61 40 18 60 51 14 65 33 21 39 69 53 52 48 67 27 56 8 30 64 27 46 70
1178 1181 12 25 64 63 3 31 66 43 53 11 37 62 32 10 25 30 51 47 32 49 59 36 5 53
1481 1502 18 63 46 28 54 61 44 15 13 39 47 17 1 18 42 60 43 22 37 59 63 23 31 61
62 140 52 26 23 23 66 14 34 17 34 21 37 64 68 48 41 35 30 31 58 44 8 53 63 30
4014 4014 24 0 48 48 12 24 0 24 48 12 12 36 60 60 60 48 12 60 24 48 12 36 60 0
3190 3195 12 30 4 4 8 37 40 37 31 50 69 66 33 55 6 41 71 13 71 50 51 9 45 22
3601 3606 24 26 63 14 12 31 63 15 53 32 22 19 1 27 62 15 31 30 7 22 40 20 52 18
1499 3956 30 10 56 46 56 50 34 8 58 54 50 68 52 52 64 6 4 58 50 48 4 50 66 2
4433 4433 40 56 56 16 48 0 64 56 8 0 48 0 48 56 16 40 8 8 16 64 64 40 0 40
3052 3072 0 15 10 70 25 42 25 51 50 29 19 34 40 68 2 69 48 39 33 12 65 62 63 47
147 147 22 49 40 47 61 0 11 51 14 2 52 25 18 14 49 16 56 15 19 13 27 64 18 32
512 2012 68 36 8 49 41 9 71 30 10 15 61 58 52 46 4 55 22 0 25 2 64 51 32 2
3788 3788 0 0 0 0 0 0 0 0 0 0 0 0 0 0 0 0 0 0 0 0 0 0 0 0
4139 4145 32 27 62 54 0 38 22 67 15 55 69 25 39 41 13 62 57 68 21 55 43 25 16 53
2025 2067 18 26 38 21 30 29 57 55 40 27 11 1 57 23 44 26 1 16 41 46 44 45 64 9
336 917 15 14 50 11 14 17 23 37 65 32 65 17 26 66 70 67 21 27 18 11 29 32 46 3
4814 4814 0 0 0 0 0 0 0 0 0 0 0 0 0 0 0 0 0 0 0 0 0 0 0 0
2173 2192 42 38 41 61 38 6 65 11 46 22 3 10 22 58 7 9 70 48 27 1 38 43 52 43
1608 1612 36 27 27 27 27 63 54 45 45 0 0 36 0 36 18 0 9 27 18 54 54 45 9 9
4538 4832 56 2 28 22 50 20 68 20 60 4 60 28 2 28 6 62 48 70 16 24 58 16 34 10
3209 3209 9 27 45 63 0 54 18 36 18 54 36 45 63 27 36 0 9 0 36 9 18 36 36 63
3710 3711 69 21 51 36 39 12 63 42 36 18 51 0 33 54 69 42 0 66 63 36 9 54 27 33
4131 4158 33 44 63 17 21 57 43 45 33 41 7 30 53 7 31 50 69 70 64 6 39 46 43 59
1481 4058 9 48 69 18 36 45 42 21 45 54 42 63 45 42 69 15 12 0 54 18 21 27 57 18
48 48 0 48 48 24 0 0 0 48 48 24 48 0 48 0 48 24 24 48 0 24 0 0 24 48
886 900 60 48 0 37 14 30 2 1 58 69 50 13 7 16 57 1 14 69 39 27 42 51 1 3
2781 2820 48 5 54 60 30 33 54 43 47 47 8 1 51 69 46 9 27 19 11 1 47 24 47 2
1566 1929 31 38 70 51 26 28 15 12 59 68 65 42 54 15 54 14 30 52 20 62 25 14 25 7
698 698 0 0 0 0 0 0 0 0 0 0 0 0 0 0 0 0 0 0 0 0 0 0 0 0
2604 2626 2 8 54 17 52 14 68 26 39 51 27 68 7 37 55 69 42 67 16 36 71 37 19 61
1836 1869 28 21 53 29 59 40 54 35 64 41 52 7 34 52 69 0 37 1 70 4 48 40 26 69
955 989 18 66 42 68 14 64 24 6 70 6 26 68 4 24 48 52 4 42 24 60 12 48 30 12
4109 4109 51 36 9 60 21 33 15 12 21 36 51 36 45 0 54 3 42 15 45 18 15 21 63 12
3119 3135 64 17 4 41 52 25 49 62 61 0 52 53 58 46 7 22 66 31 46 58 38 50 6 7
918 925 64 48 4 32 48 32 44 68 12 68 12 56 12 64 48 20 28 32 4 16 40 0 28 68
300 1367 9 8 34 38 66 30 17 60 42 17 44 24 4 50 21 44 2 13 43 36 38 43 68 11
2953 2953 25 34 64 42 13 66 19 9 56 5 46 9 61 3 21 26 23 9 36 15 17 9 27 20
1004 1007 26 51 12 33 1 61 37 16 41 59 29 4 61 48 59 51 18 53 69 62 19 50 39 65
394 413 0 2 0 26 10 42 42 52 48 66 16 2 6 14 18 64 50 58 52 58 48 2 14 58
1390 2621 39 66 64 30 59 18 8 46 36 20 5 68 46 22 61 54 63 57 71 21 67 39 26 51
1828 1828 62 42 2 44 19 23 26 21 23 29 43 15 69 7 34 11 30 11 42 9 44 69 57 23
731 753 0 4 31 71 68 42 6 63 21 28 16 32 22 49 30 18 64 43 8 13 41 63 37 17
2247 2269 61 34 17 2 38 0 25 70 26 70 27 39 64 5 13 4 33 52 3 33 26 41 9 49
670 2161 35 52 26 13 10 2 52 29 64 65 22 52 24 20 27 46 1 30 34 57 39 17 46 36
753 753 52 0 28 12 52 12 16 24 56 40 24 20 0 48 48 40 40 12 12 68 52 0 56 48
2488 2505 35 45 32 11 61 10 48 17 32 46 36 51 5 69 27 35 4 1 31 63 41 47 67 35
1185 1224 63 36 0 41 65 47 44 19 31 18 53 58 29 62 5 12 0 0 42 41 71 56 42 39
3204 3865 5 2 15 11 37 22 37 57 60 20 16 37 54 14 61 3 32 28 8 30 23 21 66 29
1482 1482 66 68 60 16 26 40 12 58 40 48 64 48 4 10 34 22 48 48 48 16 10 18 46 34
3933 3953 48 4 32 14 17 6 20 54 6 44 65 7 7 57 56 18 42 45 20 45 42 44 19 5
2848 2870 42 60 2 16 6 10 52 16 26 46 0 24 14 18 30 0 40 0 22 6 44 16 4 46
1404 1716 49 57 61 28 20 64 68 69 9 45 9 3 70 46 3 68 57 53 61 28 65 59 23 4
2571 2571 19 6 26 45 28 61 11 31 22 32 0 58 28 30 6 59 1 70 1 62 56 15 44 69
3574 3578 3 9 9 24 36 33 21 45 63 60 15 36 39 63 12 51 33 63 54 24 24 6 18 27
1242 1257 1 49 28 41 13 69 65 46 27 33 67 55 4 13 65 45 20 3 12 0 0 45 64 19
192 1060 13 54 66 2 9 49 34 58 65 23 42 47 21 19 0 35 57 25 33 60 51 30 23 4
987 987 36 58 29 44 3 18 16 62 42 11 40 65 48 9 68 34 17 12 60 7 1 43 55 50
1492 1509 22 13 18 12 45 47 10 68 31 19 30 17 34 22 68 50 54 55 20 71 32 42 5 57
3141 3176 46 66 42 46 32 47 24 23 16 44 64 57 60 61 71 68 14 30 19 44 59 44 18 7
1680 4218 10 21 46 71 21 32 68 70 30 38 11 23 20 22 11 37 30 33 69 30 0 65 14 20
3081 3081 53 10 63 64 62 6 60 27 57 41 14 26 55 5 49 52 25 28 46 27 66 2 64 1
2585 2590 0 0 0 0 0 0 0 0 0 0 0 0 0 0 0 0 0 0 0 0 0 0 0 0
3351 3364 62 15 8 31 7 12 55 34 19 20 54 59 13 27 18 14 33 1 18 26 60 51 1 65
858 2574 42 61 27 5 70 34 37 70 0 32 59 27 26 71 1 27 18 43 39 61 9 34 12 5
1398 1398 52 55 20 69 49 11 71 8 36 33 45 28 28 37 47 58 14 2 32 12 63 17 15 71
4282 4286 57 55 67 45 4 46 28 14 13 46 35 17 39 7 22 47 57 4 24 57 17 50 6 10
1308 1342 12 42 0 66 12 0 60 66 54 48 6 12 12 12 18 30 48 66 36 60 36 18 66 48
3421 3694 5 34 16 64 8 21 7 15 16 12 56 12 69 10 28 8 36 56 12 5 63 7 30 19
4766 4766 48 49 13 70 65 69 71 45 9 36 14 0 21 45 34 24 36 43 4 25 70 53 25 40
3610 3626 51 36 28 7 43 71 30 35 50 53 66 30 69 0 19 49 28 7 66 55 14 69 17 30
1974 2012 66 58 46 10 68 36 50 10 16 10 18 38 66 66 18 42 14 52 8 50 4 42 22 38
1192 1373 42 14 53 14 56 15 69 63 26 44 49 59 61 31 18 28 22 27 66 6 11 55 62 44
4338 4338 0 0 24 48 48 48 0 0 48 24 24 48 48 48 0 24 24 0 48 48 48 48 24 24
2452 2466 43 25 28 10 39 7 53 49 52 63 17 65 70 5 21 19 24 39 65 41 16 70 32 24
220 264 9 18 14 49 61 14 68 54 57 30 11 63 36 44 44 4 41 25 29 32 57 23 45 67
1809 3556 1 4 70 19 51 5 52 28 1 2 6 28 1 28 44 17 58 48 11 35 13 34 27 68
3242 3242 45 1 1 24 41 49 55 55 21 37 14 65 67 20 46 46 35 21 36 6 42 33 21 2
1035 1042 50 53 28 29 11 68 45 10 44 0 19 7 10 44 32 37 66 25 42 64 20 26 14 71
2102 2129 4 6 19 15 40 70 69 22 15 15 1 20 42 17 17 70 68 51 67 70 2 62 64 65
1108 2664 44 11 7 12 21 67 36 14 5 37 33 2 27 12 51 11 10 58 25 18 18 0 69 44
3299 3299 21 5 22 44 14 48 44 2 21 58 3 45 11 21 19 65 30 59 20 30 68 11 16 45
2601 2603 62 37 42 64 1 5 20 31 2 23 44 61 58 56 47 28 37 54 54 0 13 61 56 17
2771 2806 23 22 52 62 68 14 71 71 30 24 29 30 63 64 60 38 21 70 25 61 63 3 50 65
310 2711 25 70 69 3 22 12 6 39 3 2 62 63 44 48 53 40 51 68 18 6 71 21 66 39
1208 1208 0 37 33 50 50 28 11 10 35 25 50 17 68 18 29 68 15 0 6 67 54 52 33 11
475 489 15 65 69 13 0 36 54 5 35 41 40 52 48 56 64 15 3 15 69 15 24 3 31 57
235 282 35 47 27 48 58 24 1 10 69 40 20 55 4 65 38 10 16 57 33 20 18 71 29 42
206 4204 5 66 53 32 66 65 22 71 23 49 65 1 54 71 67 17 67 46 45 64 12 38 1 7
300 300 55 8 67 16 58 15 42 14 34 25 37 23 62 41 56 28 17 20 71 2 67 35 0 12
870 883 25 47 35 37 63 33 12 40 10 32 7 47 62 58 53 32 24 5 60 41 47 52 0 3
2612 2615 67 31 43 49 15 37 58 70 67 29 25 4 20 49 22 25 16 34 56 38 70 59 7 31
985 1704 68 8 44 56 35 57 61 52 10 65 6 56 45 66 38 58 45 20 52 22 61 44 18 41
4291 4291 56 32 40 29 48 0 34 21 5 69 14 65 1 32 0 25 55 37 14 14 54 41 24 57
2906 2925 39 17 26 68 36 57 32 56 56 10 69 43 56 31 13 12 4 11 8 51 12 60 50 53
10 36 43 52 6 65 42 9 40 36 38 71 16 17 23 6 70 49 49 26 3 2 27 10 22 46
2331 4676 62 36 70 33 32 18 66 60 19 29 59 71 9 23 43 28 37 11 61 64 18 26 18 1
4544 4544 0 0 0 0 0 0 0 0 0 0 0 0 0 0 0 0 0 0 0 0 0 0 0 0
2337 2352 3 59 60 45 50 66 68 55 54 40 3 6 20 46 26 19 62 18 17 27 14 56 68 54
2624 2645 21 46 1 71 40 26 8 51 66 56 59 34 44 51 36 21 12 33 25 33 68 56 12 53
1642 4158 12 39 28 18 45 51 2 27 1 26 69 44 21 29 8 50 41 12 12 20 23 14 0 11
3045 3045 16 56 48 48 8 64 16 48 8 64 16 0 64 8 16 56 48 56 64 48 16 0 64 64
2513 2519 40 3 14 57 51 48 20 15 36 57 7 26 3 2 30 39 7 21 55 1 40 11 28 16
2643 2664 57 67 14 17 32 40 15 54 58 14 37 44 1 17 56 55 17 32 24 29 14 39 43 63
234 3381 14 5 30 24 29 14 13 50 40 60 4 57 9 40 14 11 37 63 20 32 48 61 0 9
65 65 1 8 0 30 53 56 67 42 58 19 10 26 61 8 23 48 64 35 36 14 45 17 25 25
4151 4154 2 67 66 67 33 51 22 51 21 43 64 61 68 49 28 11 41 6 60 53 63 11 61 22
2141 2179 27 42 30 18 3 30 54 57 12 36 69 15 30 9 18 45 12 66 33 45 18 54 15 36
283 3883 68 51 17 10 47 30 29 60 25 67 38 22 49 69 52 69 26 16 38 36 50 55 27 46
3359 3359 54 27 45 63 63 36 27 27 18 63 63 0 63 45 54 54 27 27 9 45 0 45 27 0
2397 2418 40 13 62 68 60 19 18 54 52 40 55 58 25 19 6 57 6 11 67 28 66 3 17 0
4939 4942 22 59 14 53 16 26 34 63 61 49 18 12 70 29 7 14 45 39 65 59 71 23 40 44
839 1697 60 26 18 44 38 64 10 24 18 8 56 70 10 38 20 44 46 58 54 48 62 34 24 30
3802 3802 6 6 20 54 0 12 20 22 48 22 68 32 12 62 16 10 14 44 4 28 58 18 68 36
3151 3151 0 0 0 0 0 0 0 0 0 0 0 0 0 0 0 0 0 0 0 0 0 0 0 0
3511 3519 37 53 43 47 46 65 31 14 57 47 39 69 62 61 65 14 36 68 8 49 63 57 45 35
44 409 7 64 17 22 14 59 60 62 36 8 4 56 12 35 26 43 16 16 25 63 37 2 8 61
4128 4128 64 28 44 28 12 4 16 56 60 40 36 16 36 16 40 48 60 20 20 52 36 12 16 64
4306 4321 46 26 2 47 60 49 10 45 11 11 41 64 50 32 50 5 15 60 5 26 62 43 20 58
3937 3971 69 21 36 51 21 33 54 42 69 18 54 63 0 66 60 21 9 27 60 24 24 69 33 18
67 362 13 32 49 41 13 10 18 46 27 58 38 53 44 7 31 13 52 37 25 8 59 48 52 63
3329 3329 26 39 1 62 50 23 18 59 53 42 54 64 29 5 64 5 71 17 8 30 67 45 40 44
3939 3944 24 14 52 55 64 14 41 37 5 69 36 11 66 52 5 2 21 38 3 58 52 29 58 19
3699 3730 54 35 13 59 49 54 0 54 9 0 32 13 51 70 42 15 56 31 67 42 25 32 59 6
956 1276 18 2 28 7 44 70 16 62 55 58 67 34 18 55 13 56 55 36 50 8 68 20 36 53
2647 2647 0 0 0 0 0 0 0 0 0 0 0 0 0 0 0 0 0 0 0 0 0 0 0 0
4717 4740 52 64 68 40 8 57 3 69 41 53 0 31 65 45 46 47 50 43 12 8 45 52 9 13
2918 2952 34 23 57 27 61 30 7 61 7 8 70 61 62 53 48 39 59 24 49 43 45 8 40 0
320 554 48 45 30 51 66 18 6 9 42 45 18 57 63 24 3 33 39 51 51 60 54 0 57 6
2043 2043 55 65 30 1 53 16 57 55 51 2 18 52 17 15 49 54 4 30 60 11 23 47 41 39
2904 2910 68 13 50 59 16 30 16 3 9 35 66 20 68 64 33 36 36 67 23 4 4 32 37 8
1092 1106 24 0 60 36 42 48 36 0 36 0 48 60 12 6 36 36 30 0 24 6 36 24 18 18
784 2094 58 38 54 32 64 36 22 22 26 0 12 22 30 14 40 16 58 26 30 64 26 14 58 10
3341 3341 65 69 34 68 63 54 68 59 51 39 60 36 9 34 5 69 51 11 41 25 31 39 24 44
2956 2976 18 35 48 8 1 25 39 31 41 52 11 1 4 9 32 38 66 46 24 42 53 70 24 49
3896 3910 66 33 44 50 70 16 23 63 0 57 9 13 63 13 35 48 10 41 13 47 71 58 13 25
3 4401 7 58 9 44 42 12 56 38 13 23 35 9 41 31 70 17 59 2 71 29 10 38 30 50
2812 2812 47 5 24 18 44 6 16 67 13 44 69 42 63 36 68 0 5 49 13 35 9 0 31 55
1140 1153 9 51 31 18 36 2 7 14 67 65 52 34 35 2 21 10 7 68 37 71 36 21 36 14
236 283 71 37 18 67 38 33 47 24 16 54 34 51 22 35 38 59 24 25 20 45 45 47 66 36
1610 1651 71 68 16 49 12 33 20 37 37 43 71 62 50 41 24 44 67 66 24 38 36 14 56 46
4868 4868 0 0 0 0 0 0 0 0 0 0 0 0 0 0 0 0 0 0 0 0 0 0 0 0
3339 3362 19 25 37 68 11 38 11 35 24 21 13 1 52 23 10 30 27 6 58 66 23 18 16 16
2842 2867 25 68 71 58 61 50 22 37 35 14 25 55 45 56 16 62 0 33 57 45 20 10 35 26
1723 2322 0 16 41 63 43 41 2 40 59 33 41 68 38 48 37 34 10 7 1 45 65 39 58 70
3432 3432 51 8 35 47 53 14 29 41 38 30 22 58 34 25 15 7 11 10 27 14 8 1 30 42
4090 4104 3 67 11 31 18 47 65 43 65 26 51 38 67 53 14 10 40 70 12 39 7 25 22 22
3972 4019 12 32 19 49 28 61 69 29 27 36 21 70 61 31 70 70 63 58 20 47 69 26 11 26
3887 4909 68 47 14 14 4 54 19 65 12 40 0 13 64 1 1 60 55 16 39 56 63 35 7 13
1570 1570 45 28 59 16 7 23 28 17 39 45 70 57 24 55 5 68 29 37 22 41 3 65 27 27
4189 4189 23 53 51 9 55 63 13 62 53 7 40 8 3 69 34 8 63 42 19 12 19 40 24 37
3185 3195 11 12 6 48 16 39 29 62 53 6 9 26 71 34 53 5 9 22 69 15 70 35 61 29
1049 1399 29 24 3 10 47 20 25 48 25 46 64 5 4 52 58 1 36 9 20 9 32 66 64 29
1335 1335 0 8 5 14 28 70 51 5 7 37 7 10 16 40 47 66 39 12 1 38 50 61 3 70
4067 4073 52 31 34 22 2 21 7 50 47 15 34 7 15 71 1 4 13 13 24 63 55 20 35 21
3145 3183 61 25 22 66 6 11 34 19 53 42 32 18 66 40 55 61 25 54 70 29 6 67 22 19
114 215 9 14 2 3 16 60 63 16 42 19 27 16 60 71 28 6 41 61 34 32 15 40 54 67
4548 4548 66 18 69 9 42 57 45 3 9 3 57 36 45 27 18 69 66 6 30 21 66 9 9 12
1511 1512 19 61 10 32 9 65 61 30 57 58 69 46 45 47 32 64 40 27 31 64 25 38 57 20
1307 1317 36 40 59 7 14 21 68 25 9 40 63 69 18 56 30 64 37 11 65 70 51 70 50 10
1073 2437 20 9 42 54 65 13 57 54 31 64 62 59 1 26 63 65 33 15 16 56 53 28 10 21
1159 1159 0 0 0 0 0 0 0 0 0 0 0 0 0 0 0 0 0 0 0 0 0 0 0 0
3765 3778 60 40 49 49 49 29 23 49 50 27 19 0 19 68 23 18 4 28 32 20 38 56 57 14
3253 3294 11 65 67 53 61 62 11 19 49 65 50 51 3 10 44 9 8 39 55 56 50 46 12 15
1621 4048 59 44 38 10 69 8 52 62 18 30 68 8 1 67 10 11 60 54 39 29 71 21 50 29
4059 4059 3 56 24 14 68 39 24 26 2 18 68 59 54 4 2 50 48 23 5 43 51 32 15 34
4078 4083 32 35 22 20 12 16 9 28 16 20 51 0 62 17 13 29 36 44 25 50 64 70 1 39
3860 3872 60 54 66 30 24 60 6 42 66 66 36 24 42 6 12 48 18 18 60 66 30 0 24 30
2106 3831 3 63 22 62 43 0 10 9 56 15 50 13 58 1 38 37 16 64 6 31 8 26 8 30
2334 2334 40 34 69 63 56 60 3 48 59 36 17 49 37 1 33 9 24 22 25 69 22 2 66 41
1662 1668 8 23 29 16 5 8 51 26 36 26 46 30 3 24 29 54 54 42 9 42 14 4 0 20
4358 4397 60 51 6 6 12 54 39 69 36 48 0 57 48 21 21 36 3 48 27 24 27 15 3 57
497 1983 64 14 17 65 9 2 45 32 40 57 27 29 28 25 36 52 41 26 48 33 51 21 5 71
3550 3550 29 62 43 68 40 69 11 69 71 47 41 40 53 17 6 30 22 7 60 5 56 63 26 28
2874 2894 8 30 3 32 27 43 69 20 26 57 7 33 62 71 59 41 51 14 62 4 9 64 51 33
3914 3953 44 32 17 28 11 59 34 65 57 10 42 60 14 5 58 3 10 52 1 48 25 66 48 60
1990 2370 50 61 15 51 2 12 69 31 9 57 26 0 64 61 47 13 22 4 34 51 59 5 53 21
3073 3073 23 18 69 32 0 19 23 42 67 2 3 20 51 3 33 6 61 11 45 24 27 24 58 56
2745 2761 40 53 17 8 6 65 68 38 48 54 43 58 69 50 53 27 34 70 51 27 18 29 44 9
3858 3904 12 18 11 40 19 43 7 70 61 28 0 64 30 48 24 60 33 58 46 8 36 63 33 65
48 140 49 33 16 19 32 17 54 52 17 18 58 65 67 33 10 49 48 66 49 12 49 68 69 56
4480 4480 3 58 23 52 6 17 65 51 23 39 39 65 63 9 18 53 11 10 56 43 37 48 61 17
257 265 64 3 7 70 38 56 32 16 49 13 48 20 10 31 17 44 41 61 0 25 14 50 30 54
405 449 20 60 67 67 65 68 43 10 13 21 48 20 68 36 46 40 15 53 54 10 58 6 2 0
729 998 22 45 44 4 69 2 24 62 21 22 57 7 67 41 2 36 1 44 6 23 12 15 57 44
3548 3548 0 0 0 0 0 0 0 0 0 0 0 0 0 0 0 0 0 0 0 0 0 0 0 0
2846 2849 57 15 3 32 3 16 32 66 52 49 31 3 22 54 68 60 62 39 31 29 63 13 1 33
3914 3927 26 7 24 37 46 24 1 33 54 67 24 15 23 52 68 49 61 32 68 57 6 69 5 21
927 4962 64 63 29 45 58 24 17 54 22 8 20 59 0 52 40 61 30 6 3 29 2 68 24 51
2159 2159 3 30 33 36 42 36 18 60 60 39 63 48 66 42 24 42 57 0 33 60 33 39 30 24
4050 4052 48 66 28 7 36 2 23 38 36 12 30 54 33 28 41 46 4 5 34 59 21 16 54 43
1617 1631 46 71 47 42 66 43 63 19 54 50 38 64 30 42 5 66 0 45 17 10 29 10 34 60
37 1483 61 50 47 56 41 18 37 14 61 29 23 8 59 11 10 23 23 23 49 61 44 38 12 27
637 637 0 0 0 0 0 0 0 0 0 0 0 0 0 0 0 0 0 0 0 0 0 0 0 0
2048 2070 32 14 7 34 37 8 16 38 3 55 14 23 10 20 48 0 56 33 27 35 27 61 20 27
1586 1586 11 70 57 9 40 5 59 30 53 40 67 31 43 52 11 13 63 50 9 55 42 9 0 28
1334 1764 24 49 59 6 8 38 1 69 33 3 20 54 62 60 55 48 11 27 45 32 31 21 5 27
222 222 34 2 49 37 21 8 59 37 70 8 30 57 13 33 52 56 21 9 51 18 12 19 21 70
2672 2686 16 48 64 56 40 56 8 56 40 16 8 32 16 16 40 16 48 64 16 16 64 40 16 64
1344 1371 43 24 7 3 45 22 22 35 43 31 58 5 20 35 50 38 2 37 12 41 65 4 66 51
1261 2432 58 40 2 48 66 14 36 4 28 8 18 40 12 30 36 40 26 2 8 60 6 60 54 64
1676 1676 0 8 70 62 17 19 15 15 33 25 27 4 35 51 15 11 62 9 51 8 60 16 62 56
2947 2959 15 10 59 35 55 15 45 7 25 3 40 53 39 25 36 38 37 15 60 58 52 51 31 48
2477 2488 21 71 31 47 62 56 67 29 33 46 66 17 54 25 29 11 49 19 68 19 13 67 49 39
88 108 16 63 36 34 57 61 39 34 37 24 47 6 40 39 24 49 71 64 53 34 63 36 33 67
4691 4691 60 10 68 56 28 40 16 18 46 60 66 6 64 38 0 12 58 16 18 58 48 30 38 14
575 593 43 38 13 23 3 58 32 69 47 7 64 61 57 69 56 61 1 2 45 66 8 44 21 23
3325 3361 70 49 8 33 71 0 67 71 53 4 26 46 25 40 10 15 64 40 45 7 17 45 51 5
279 2705 66 22 35 57 42 24 60 67 28 67 15 71 34 14 30 4 22 47 52 24 47 28 11 5
3097 3097 61 58 21 71 42 42 30 30 44 24 23 56 39 64 5 61 35 0 2 41 38 39 28 61
4320 4330 23 22 68 39 45 67 18 30 31 22 30 47 26 49 45 11 50 40 15 13 10 6 51 65
2301 2321 48 46 28 25 29 1 67 56 14 53 20 12 27 50 66 52 45 4 8 56 64 6 34 31
862 905 64 3 58 46 23 48 34 48 15 25 43 31 51 6 7 20 39 68 49 24 26 14 57 18
4745 4745 24 28 0 8 66 14 68 18 46 44 20 32 38 34 48 42 24 60 42 18 32 32 10 8
1318 1325 22 55 43 29 16 58 63 3 25 4 40 56 33 58 0 50 7 67 18 10 38 25 38 51
947 982 60 31 54 32 30 34 0 25 53 40 27 3 62 37 49 48 28 7 65 22 22 63 41 24
710 716 70 14 17 2 12 11 51 68 57 67 44 17 32 21 29 66 64 15 56 24 15 59 70 1
4699 4699 0 0 0 0 0 0 0 0 0 0 0 0 0 0 0 0 0 0 0 0 0 0 0 0
3975 3975 54 24 34 49 5 4 28 15 35 12 24 4 52 17 40 58 23 2 32 61 57 68 53 4
707 743 28 3 35 62 50 54 63 57 59 63 69 70 50 14 26 19 3 44 37 31 22 47 0 13
847 3867 46 22 49 71 65 17 34 24 45 59 17 22 40 62 27 6 43 51 0 3 22 60 69 39
2991 2991 16 35 16 55 20 55 60 33 57 59 0 22 45 71 14 58 12 59 56 15 41 18 34 66
744 752 11 15 13 1 20 27 8 25 54 37 48 41 11 71 67 32 56 65 25 3 22 29 17 0
1196 1235 64 46 23 66 58 8 48 8 11 15 38 29 37 34 2 1 57 18 51 71 53 33 63 3
342 4300 49 37 63 31 63 40 31 62 25 71 69 67 63 48 45 33 69 5 66 0 3 20 19 55
2656 2656 23 33 32 12 38 62 14 66 22 40 43 47 47 43 16 40 7 70 31 48 0 22 30 43
785 803 59 16 20 4 3 46 8 18 36 1 53 46 38 13 64 44 24 57 4 23 66 23 6 62
2184 2190 70 46 66 65 14 1 34 25 42 2 10 50 48 58 41 57 6 35 31 47 26 48 43 48
1628 1939 33 34 69 62 2 54 39 29 51 9 65 43 65 65 30 6 54 45 46 30 6 62 39 1
2500 2500 50 9 12 6 4 54 22 51 10 45 68 28 14 32 42 70 61 60 25 70 32 0 46 6
3212 3220 36 57 43 1 26 48 41 65 69 12 0 4 61 19 16 14 34 6 27 7 26 21 34 8
3052 3071 36 24 45 55 31 54 63 25 48 35 23 10 30 32 8 45 13 42 68 35 8 43 47 0
47 1156 24 63 11 38 2 49 71 32 36 13 0 33 66 51 68 59 62 53 60 63 13 27 27 24
3960 3960 64 47 50 25 60 11 51 34 12 37 16 6 14 70 28 16 15 28 45 48 50 70 32 13
4283 4291 63 0 36 8 44 8 1 65 40 43 53 71 34 38 39 57 69 18 0 42 63 51 63 22
400 435 20 36 11 23 36 2 49 60 64 1 67 13 64 62 50 55 48 70 65 24 62 59 19 48
615 2067 46 28 13 50 62 11 61 64 41 64 35 9 46 2 27 50 43 5 3 39 32 21 66 49
4012 4012 26 0 20 66 24 70 33 55 50 8 44 29 1 17 55 30 56 3 21 24 27 66 0 39
4553 4566 13 65 1 0 20 53 2 61 13 22 67 18 34 17 48 62 43 5 57 7 5 68 49 65
4594 4602 60 48 65 4 25 28 56 57 16 66 8 38 5 54 53 69 10 27 11 56 66 4 58 15
1706 1892 42 42 15 54 45 39 3 48 48 54 33 24 57 60 48 45 30 60 3 24 21 42 63 42
2461 2461 0 0 0 0 0 0 0 0 0 0 0 0 0 0 0 0 0 0 0 0 0 0 0 0
3584 3592 69 12 71 47 35 14 60 33 19 61 21 3 55 33 54 13 64 2 63 12 37 36 41 14
1691 1712 47 21 8 30 43 42 56 41 30 69 54 51 20 69 23 16 29 29 53 56 26 23 58 15
1135 2568 45 0 34 63 43 42 30 43 25 49 6 57 47 16 11 41 16 47 44 64 55 68 30 69
4526 4526 0 0 0 0 0 0 0 0 0 0 0 0 0 0 0 0 0 0 0 0 0 0 0 0
1847 1855 46 13 57 25 31 4 46 61 1 5 33 40 56 24 48 12 36 39 23 58 53 23 52 29
346 348 40 13 30 16 8 43 11 33 5 55 48 10 58 44 13 1 63 16 36 14 37 58 25 19
358 4588 15 59 68 33 49 14 28 14 64 57 48 24 58 34 22 32 50 10 27 1 60 67 57 14
3117 3117 63 40 18 35 50 10 57 65 15 24 65 10 65 11 54 13 2 30 22 48 68 62 36 70
4408 4414 60 69 9 6 21 54 7 35 6 59 62 59 10 62 51 58 29 23 6 5 30 8 1 15
3305 3333 19 14 67 12 71 55 56 11 26 66 31 46 19 42 65 54 69 2 54 46 24 29 58 47
937 4705 13 40 29 56 5 19 29 10 39 22 3 58 34 66 62 39 66 13 25 60 0 55 66 70
4916 4916 0 0 0 0 0 0 0 0 0 0 0 0 0 0 0 0 0 0 0 0 0 0 0 0
4494 4516 33 7 55 59 2 65 1 4 54 12 9 10 54 6 55 47 66 39 37 6 27 69 17 64
3446 3454 44 14 13 1 11 3 67 2 12 29 34 26 40 6 51 24 38 49 67 2 50 11 53 42
3 65 71 34 54 4 53 24 12 28 57 66 34 57 8 65 53 68 32 7 70 27 70 58 46 37
3662 3662 52 71 69 33 8 38 17 56 12 13 4 48 4 50 45 37 65 53 60 41 50 30 13 44
4499 4511 7 71 64 48 16 64 32 62 29 43 25 40 66 28 8 40 16 56 57 2 46 30 38 34
1745 1770 19 49 13 31 11 17 51 28 18 58 7 39 48 0 33 10 35 34 30 51 14 28 11 18
2185 3763 70 4 65 16 60 30 66 9 21 4 61 1 5 16 4 24 35 14 44 10 17 36 44 50
545 545 59 12 25 65 50 48 71 57 70 39 68 56 50 28 19 57 8 67 22 18 15 59 7 58
606 627 50 11 12 23 47 25 48 2 62 52 63 38 23 46 64 70 71 58 37 23 39 36 28 27
47 74 60 56 65 7 48 24 39 12 61 7 39 51 36 46 13 55 59 58 28 57 38 6 25 13
4412 4709 38 28 57 66 19 18 31 15 56 39 40 0 71 27 3 41 69 35 69 62 27 45 29 54
4608 4608 0 48 48 0 48 0 24 48 60 60 0 48 36 36 24 48 0 12 60 48 0 48 12 60
2410 2413 25 22 67 25 15 63 71 1 45 35 5 43 5 33 40 44 54 58 7 43 54 41 41 17
3913 3932 64 30 62 63 43 11 44 17 54 49 29 29 6 41 55 38 0 62 3 30 33 53 64 35
448 3255 26 66 4 19 3 47 9 26 67 63 34 45 36 27 67 5 2 9 29 4 16 66 16 16
3775 3775 0 0 0 0 0 0 0 0 0 0 0 0 0 0 0 0 0 0 0 0 0 0 0 0
1822 1838 21 29 69 44 56 30 39 59 65 12 69 52 36 38 12 48 37 37 13 20 28 68 13 48
3472 3503 46 30 5 0 4 55 9 26 33 38 44 45 27 31 57 44 3 38 25 45 58 4 70 27
119 1306 46 47 49 24 46 65 19 57 16 8 26 3 20 68 13 33 7 44 58 46 59 51 67 37
3578 3578 0 0 0 0 0 0 0 0 0 0 0 0 0 0 0 0 0 0 0 0 0 0 0 0
2626 2639 49 35 47 59 29 21 47 17 21 60 44 11 27 48 62 28 63 6 55 23 64 68 29 64
195 235 27 8 66 2 3 5 21 49 4 29 28 32 4 33 44 52 14 48 56 13 3 71 39 24
945 4401 68 18 34 2 9 11 61 4 32 11 58 0 52 17 45 54 47 39 55 27 67 50 5 15
4500 4500 61 32 50 71 18 44 53 60 37 45 38 28 33 25 25 52 51 37 66 19 12 1 70 11
886 901 16 1 31 18 14 8 39 32 55 21 24 54 64 38 33 4 8 18 56 34 16 44 31 50
388 388 22 34 39 64 40 18 4 65 54 13 56 4 36 27 3 48 12 21 60 52 39 17 17 44
15 19 39 37 63 1 53 46 34 26 66 11 3 40 61 34 48 12 18 57 53 45 7 27 43 8
2256 2256 35 58 68 10 20 22 23 36 39 5 32 48 28 47 34 12 20 12 61 27 9 15 45 53
1183 1200 69 40 23 12 36 20 58 31 43 27 61 23 44 0 31 34 42 13 38 21 62 31 40 17
2825 2869 48 60 58 54 14 22 60 8 69 15 54 3 25 25 60 71 6 58 31 64 12 26 42 19
1932 3433 41 2 38 68 21 12 12 44 42 70 39 64 36 26 11 40 37 15 9 47 39 68 70 58
4242 4242 43 9 57 7 63 47 1 41 27 31 68 51 21 55 39 65 30 0 44 36 58 14 43 18
1069 1076 22 28 17 41 13 51 57 49 30 31 9 49 22 17 70 46 22 2 69 16 45 49 61 64
1356 1391 57 48 30 69 3 60 24 27 45 69 57 12 36 9 6 42 60 15 9 21 45 54 18 66
214 1120 10 34 70 39 34 4 70 32 15 47 20 13 53 39 23 11 21 65 22 30 43 37 40 51
1474 1474 54 45 45 54 27 36 45 36 45 36 0 63 45 63 18 54 63 9 27 36 27 45 36 63
4403 4417 60 49 63 53 22 23 41 66 50 62 40 5 58 34 29 46 27 10 5 49 46 60 30 57
2733 2744 32 46 65 9 31 41 58 59 6 21 33 49 21 24 59 54 12 36 34 19 65 18 30 48
887 3196 32 62 23 0 60 56 59 23 69 39 37 17 60 30 45 55 70 13 40 25 38 18 34 32
2172 2172 53 13 46 27 22 44 50 51 48 5 12 21 60 48 10 1 24 29 33 64 57 5 33 53
847 865 56 12 56 36 56 52 48 20 60 32 44 64 32 36 20 48 56 60 56 12 52 4 40 64
1728 1750 49 24 22 54 71 37 45 43 37 20 1 42 55 29 71 45 0 37 36 43 6 29 22 62
107 177 16 65 5 18 22 63 48 22 7 35 3 6 39 22 27 66 13 39 12 38 28 52 22 7
392 392 0 0 0 0 0 0 0 0 0 0 0 0 0 0 0 0 0 0 0 0 0 0 0 0
4803 4811 43 11 25 57 60 69 11 9 71 67 10 65 45 42 71 67 38 35 66 2 29 5 64 12
3897 3934 1 55 13 7 21 34 24 51 44 61 58 36 37 13 63 36 11 32 13 59 48 61 33 30
2681 4980 18 41 31 45 41 54 69 10 63 26 21 43 5 33 40 50 6 41 22 3 0 26 20 56
3844 3844 16 61 8 35 39 63 2 35 39 67 14 32 43 61 66 20 50 62 60 57 15 19 70 23
2459 2468 43 18 20 25 13 14 40 26 56 28 23 69 55 67 5 57 4 42 30 35 4 59 19 15
3726 3771 19 63 8 27 37 21 19 48 64 56 40 67 37 41 70 14 71 42 57 56 66 70 46 26
1632 2235 71 38 53 0 33 36 58 71 70 20 23 17 65 19 57 64 51 49 20 65 46 18 54 44
1380 1380 14 68 56 6 34 24 14 12 40 42 58 62 58 6 60 56 60 60 30 68 32 56 24 52
1824 1846 9 12 6 6 0 57 51 27 9 33 39 0 69 45 12 57 9 60 24 18 27 18 42 6
2604 2642 63 47 7 54 70 68 47 22 14 41 26 52 34 30 5 49 19 47 5 25 5 52 27 66
3313 3454 0 15 44 71 37 29 48 18 17 28 5 46 4 40 57 23 67 51 36 48 41 17 15 55
1647 1647 16 12 27 71 61 63 65 8 2 42 8 0 55 19 20 65 7 66 2 62 14 55 39 50
3112 3124 42 26 18 66 56 10 39 38 38 22 12 10 43 36 16 39 5 33 5 22 21 38 37 8
2044 2070 33 70 30 69 6 70 29 42 62 57 62 31 28 31 13 62 5 53 3 29 39 9 68 14
987 1336 60 0 24 12 48 36 36 12 12 0 36 24 60 0 12 12 36 12 0 24 36 60 36 12
3676 3676 66 34 32 60 20 1 59 71 39 13 40 2 62 63 60 21 46 26 52 50 6 35 48 15
3836 3847 7 65 62 52 28 42 33 57 39 69 48 35 27 53 33 59 16 20 40 69 58 22 21 37
252 281 0 28 28 3 2 66 63 3 40 41 7 18 68 39 60 55 36 44 42 71 10 60 7 34
209 808 68 23 2 12 50 66 12 46 28 17 71 57 14 57 33 11 22 28 9 48 32 3 71 28
2231 2231 54 27 18 21 66 42 33 30 42 39 69 18 3 30 9 6 60 63 18 60 12 36 54 24
3962 3965 51 37 2 51 11 33 26 40 53 29 27 4 31 5 57 5 33 29 33 57 65 1 20 52
3692 3706 37 37 10 4 68 43 69 68 70 69 0 61 64 60 32 6 13 59 34 47 61 67 19 65
556 2081 24 48 24 0 24 24 48 0 0 48 48 24 48 48 48 24 48 24 24 24 24 0 24 0
1191 1191 37 38 58 47 37 35 33 56 7 71 22 13 70 54 53 43 40 60 58 42 40 69 5 3
22 45 0 0 0 0 0 0 0 0 0 0 0 0 0 0 0 0 0 0 0 0 0 0 0 0
583 629 39 27 25 4 21 28 0 57 62 24 67 19 6 55 26 31 57 48 1 8 56 68 3 23
3793 3925 68 36 7 23 3 35 63 47 14 11 28 46 22 41 55 36 0 9 37 49 4 5 29 32
2583 2583 19 52 35 12 10 63 64 30 64 39 41 6 35 55 39 29 64 0 10 23 64 3 43 41
401 417 3 23 0 48 16 70 27 21 61 3 41 26 70 53 12 49 56 60 26 17 10 52 31 35
4000 4020 54 31 69 67 2 17 4 7 21 39 67 65 33 0 51 58 33 23 20 31 29 60 11 12
1274 4078 59 18 41 23 36 65 54 42 5 30 15 3 8 25 54 11 9 25 29 38 36 12 30 57
394 394 38 10 17 31 69 47 63 24 42 29 18 28 21 23 21 46 5 12 24 9 17 16 41 12
3060 3062 41 63 24 61 45 28 67 69 64 57 36 7 62 70 61 51 60 31 4 55 47 5 29 68
3519 3520 48 30 36 17 54 38 29 33 28 7 12 46 50 68 20 19 45 55 29 17 45 43 4 65
3165 4018 11 24 4 63 10 38 45 59 2 62 27 23 16 35 37 30 2 16 29 16 65 16 26 30
4380 4380 47 22 17 24 28 21 3 65 17 63 43 28 63 65 25 21 53 49 56 16 56 63 68 49
1671 1672 69 42 9 24 33 69 54 42 69 63 24 9 0 51 27 51 6 15 12 30 15 54 18 24
2598 2636 22 8 40 10 61 10 62 3 8 21 60 35 55 69 9 49 60 9 25 18 20 33 68 28
3796 4166 17 35 20 33 69 24 57 41 0 62 36 1 48 56 37 39 7 4 60 8 13 8 22 26
2053 2053 44 30 49 48 26 65 49 12 57 62 34 11 22 65 49 53 18 6 29 49 6 71 64 22
3374 3388 42 30 66 12 42 24 60 36 36 6 24 60 54 18 66 6 60 66 12 12 42 42 18 30
11 20 63 5 17 31 57 42 14 38 48 71 43 24 71 10 62 28 52 27 17 49 69 1 45 36
17 1039 44 70 8 22 40 8 62 38 70 48 2 46 62 18 24 20 2 16 20 6 54 24 68 28
1405 1405 0 0 0 0 0 0 0 0 0 0 0 0 0 0 0 0 0 0 0 0 0 0 0 0
223 245 60 60 26 1 1 60 17 16 4 40 69 10 55 57 64 40 23 5 2 36 65 53 56 30
2015 2036 62 16 10 45 45 70 35 33 67 1 45 50 26 14 17 70 64 61 32 35 59 35 65 7
261 414 52 62 28 14 24 62 37 40 49 65 8 55 65 19 33 66 50 24 6 22 45 9 38 49
2182 2182 6 11 58 29 55 12 23 47 23 65 26 29 17 4 31 51 19 65 37 67 50 29 60 3
4745 4767 56 54 48 53 40 28 63 25 70 61 7 45 17 3 54 39 52 11 8 3 67 18 22 44
1866 1887 70 19 52 22 22 11 5 29 5 66 31 69 23 42 0 30 53 26 25 5 3 50 47 22
3508 3667 16 3 47 56 16 38 28 26 37 47 59 49 51 41 16 44 20 48 49 52 66 13 6 12
4333 4333 3 7 41 71 8 46 33 11 10 17 65 10 54 2 60 39 27 63 61 10 60 46 28 45
4529 4551 41 37 61 10 29 50 53 25 9 9 12 50 39 41 65 22 31 63 9 34 37 23 28 48
3214 3256 57 12 1 24 23 2 39 68 26 28 67 9 25 17 13 15 9 20 61 27 7 61 32 59
955 4235 66 57 8 37 40 42 49 48 4 24 44 13 15 50 23 9 64 37 61 47 5 45 39 46
3279 3279 48 8 24 8 8 0 64 16 16 32 0 56 48 64 32 64 56 24 56 0 8 16 48 56
320 335 33 18 6 68 48 67 31 31 22 71 29 30 12 57 48 11 62 22 40 5 58 63 11 35
2538 2549 18 52 44 9 47 17 42 19 27 14 48 24 71 28 26 40 68 36 33 21 42 55 46 61
1884 2424 68 40 0 11 12 60 58 34 19 44 52 25 42 9 68 45 69 22 14 1 56 7 12 13
3949 3949 58 43 29 34 25 17 13 50 7 36 35 19 21 1 36 36 46 57 12 35 64 50 40 19
4401 4418 64 18 8 39 63 4 22 61 4 43 50 23 33 7 52 62 68 24 9 8 70 69 17 10
2156 2179 6 59 57 25 17 21 11 18 58 56 19 6 50 12 10 62 24 62 64 29 53 6 45 44
758 813 7 13 55 63 70 4 3 11 15 65 4 65 68 15 68 51 21 9 9 12 3 59 57 15
3629 3629 38 11 21 13 1 30 49 14 19 10 6 0 50 47 13 43 65 14 25 2 12 14 24 54
1836 1848 31 42 30 57 48 34 19 7 2 35 65 67 25 70 10 19 42 44 11 58 26 5 22 67
3931 3955 46 58 62 7 35 59 49 31 53 37 11 43 39 68 21 19 34 37 26 58 33 16 20 18
71 182 22 42 8 27 39 0 6 70 0 68 16 27 62 53 38 54 1 13 15 60 28 37 62 21
4373 4373 2 37 41 54 22 29 46 71 0 36 58 18 65 27 63 2 8 4 62 66 0 59 6 13
3841 3862 7 59 65 62 67 34 5 37 58 65 53 10 11 1 32 16 20 13 21 66 62 39 24 34
4111 4139 63 18 22 11 69 51 55 31 63 32 44 67 16 53 37 1 47 51 28 66 6 67 7 0
1128 3964 0 0 0 0 0 0 0 0 0 0 0 0 0 0 0 0 0 0 0 0 0 0 0 0
1015 1015 0 0 0 0 0 0 0 0 0 0 0 0 0 0 0 0 0 0 0 0 0 0 0 0
267 274 43 1 42 57 10 22 23 53 50 28 36 61 45 37 17 1 68 4 14 64 27 9 10 6
1498 1527 30 11 40 47 43 40 56 37 21 39 55 65 21 22 44 19 58 67 53 66 41 47 29 60
3507 3917 33 43 17 25 10 29 17 41 33 54 3 36 29 66 5 13 2 3 58 36 35 58 65 16
3765 3765 4 30 0 4 65 21 2 52 60 45 38 27 26 40 4 17 43 39 40 3 23 24 34 40
4377 4388 21 20 6 71 5 26 65 69 62 34 61 22 50 31 3 50 33 59 37 10 70 42 66 63
4940 4982 56 5 15 63 16 2 22 5 52 30 44 31 22 31 61 0 43 43 7 17 56 48 71 54
2706 4344 1 5 43 69 40 20 64 9 21 37 43 47 65 27 31 19 17 48 60 44 2 64 14 11
4587 4587 23 70 69 31 2 57 8 42 28 17 55 7 43 49 70 4 67 62 3 44 27 70 38 36
3940 3948 39 4 65 42 54 18 61 70 28 2 54 42 10 68 50 67 31 32 43 58 29 2 15 7
564 580 18 37 66 19 31 49 5 46 48 16 7 9 47 1 52 7 55 8 40 66 44 52 23 53
28 41 60 48 28 68 48 0 32 12 4 60 40 40 56 52 64 24 4 16 56 32 64 28 36 56
3255 3255 50 42 66 52 18 2 26 12 44 66 0 24 12 22 58 32 46 34 56 2 22 52 48 26
1199 1214 0 38 3 27 46 44 2 29 65 61 16 46 49 53 57 36 21 38 38 59 38 9 26 70
108 147 38 46 8 64 52 22 52 44 36 32 20 42 42 0 8 30 46 68 40 26 28 32 20 16
1265 4386 40 64 42 68 22 4 10 0 26 38 60 20 52 22 20 52 50 38 48 24 28 16 26 10
901 901 0 0 0 0 0 0 0 0 0 0 0 0 0 0 0 0 0 0 0 0 0 0 0 0
4845 4849 2 42 8 50 30 43 66 34 44 67 36 53 20 22 28 41 70 20 2 8 0 61 59 3
902 911 37 32 8 17 69 67 60 63 49 67 23 30 18 3 53 32 66 61 15 35 11 31 24 38
2320 3848 16 24 10 26 52 27 57 47 39 67 41 24 21 7 39 30 12 6 14 69 8 9 2 35
4547 4547 46 19 54 15 14 18 40 42 8 7 31 7 68 43 20 42 27 64 23 70 70 51 34 50
4394 4396 55 58 60 51 10 23 6 17 25 44 8 59 16 56 1 35 49 65 52 52 52 64 18 10
2426 2445 53 35 58 21 21 2 57 28 13 64 5 29 11 32 37 5 64 10 36 22 49 2 58 22
69 210 44 34 38 27 65 56 49 14 31 32 8 30 45 24 66 54 69 18 70 40 67 40 43 71
530 530 3 16 49 1 8 9 45 51 56 30 33 15 20 47 41 59 51 31 38 14 38 65 13 0
2889 2898 17 71 10 16 8 67 40 18 26 0 22 8 24 47 0 54 52 13 17 45 45 64 14 70
3013 3040 31 14 1 44 59 38 34 69 52 49 5 26 38 10 67 16 38 28 3 33 57 25 38 52
3127 3342 51 16 66 3 14 7 20 2 19 59 34 9 40 56 2 70 66 46 63 70 17 39 20 64
335 335 12 44 64 48 0 48 0 0 32 8 40 48 48 56 32 40 4 24 36 4 52 12 32 52
1980 1983 6 40 44 34 62 28 42 46 24 44 70 6 16 28 16 42 64 54 60 28 12 12 56 50
3172 3194 60 57 37 16 2 14 57 7 12 60 63 36 56 55 54 56 6 45 61 2 33 28 35 16
624 1462 60 21 48 63 54 15 38 0 2 36 63 48 27 45 63 62 11 12 43 32 39 3 0 59
3502 3502 12 59 7 30 60 16 28 23 47 62 43 34 71 20 50 21 2 46 0 51 69 44 66 35
874 893 24 63 41 55 21 16 7 58 37 45 37 70 8 66 70 12 15 65 59 16 58 49 14 30
3891 3907 4 48 68 18 52 50 52 0 60 8 64 36 52 32 64 70 48 10 42 16 22 58 58 48
1817 2260 63 64 56 8 0 49 58 61 32 18 37 54 36 66 62 18 41 35 53 16 9 53 25 8
4442 4442 0 0 0 0 0 0 0 0 0 0 0 0 0 0 0 0 0 0 0 0 0 0 0 0
1672 1678 13 69 30 41 29 22 15 9 14 44 63 66 1 23 48 12 36 27 23 41 58 65 33 21
1213 1254 8 27 24 18 55 14 70 63 35 61 49 42 36 42 16 66 39 1 6 49 50 38 39 71
3769 4382 15 32 71 44 53 51 7 46 4 63 71 24 6 33 57 1 32 17 18 17 35 36 2 27
1435 1435 6 0 39 32 63 55 21 65 46 40 7 44 0 36 46 50 42 48 42 34 18 0 56 41
3624 3633 69 13 60 5 26 28 45 10 19 46 16 18 15 21 67 70 69 23 24 32 39 5 17 40
728 738 3 62 50 28 1 7 9 14 6 19 67 49 37 48 15 15 4 28 43 47 59 48 17 29
1056 4844 22 52 33 33 69 0 17 32 47 8 51 25 45 27 29 17 60 66 19 67 13 14 42 10
329 329 21 34 28 29 65 56 67 61 23 5 0 44 61 64 38 37 64 17 26 40 53 61 65 48
2088 2097 48 18 1 8 18 5 33 8 4 51 29 67 69 1 27 45 57 50 8 36 24 4 31 27
36 56 55 62 38 41 1 64 63 60 50 60 70 51 39 49 27 34 67 16 48 64 70 24 42 58
59 1665 16 23 32 52 47 64 23 58 31 67 9 10 30 19 42 27 41 16 8 44 28 17 61 29
1825 1825 0 0 0 0 0 0 0 0 0 0 0 0 0 0 0 0 0 0 0 0 0 0 0 0
427 430 34 56 42 34 42 66 44 68 60 50 30 70 8 28 40 62 40 58 32 8 34 12 50 28
3957 3986 46 41 23 12 19 57 51 43 0 13 1 54 45 66 36 70 7 44 5 34 20 3 24 37
3336 3766 7 71 53 26 64 53 71 11 59 54 50 29 50 67 61 45 20 19 27 16 71 49 15 69
3063 3063 0 0 0 0 0 0 0 0 0 0 0 0 0 0 0 0 0 0 0 0 0 0 0 0
4365 4367 62 11 9 59 29 70 19 39 33 10 52 57 25 0 47 18 54 70 67 51 0 0 60 33
363 377 21 58 48 54 18 3 70 3 58 18 36 64 59 11 5 3 18 16 9 50 65 61 68 23
120 730 4 20 38 0 42 26 56 38 16 4 50 58 48 40 2 28 66 40 26 20 4 4 36 22
2252 2252 43 22 16 10 26 47 15 57 29 5 17 16 1 35 26 63 40 62 48 58 50 69 69 51
3561 3564 68 19 34 29 14 7 8 48 17 31 45 17 18 70 39 61 23 32 56 38 34 4 26 69
3123 3132 61 25 71 65 2 18 20 3 41 31 45 15 63 10 25 23 3 25 31 43 0 11 7 20
1696 2320 32 52 13 34 45 44 18 16 15 64 10 34 25 20 4 35 36 41 7 19 5 61 19 59
2976 2976 21 52 50 18 68 32 49 43 48 33 58 21 61 40 5 10 33 9 13 12 16 51 7 41
817 829 63 28 34 31 32 65 55 69 69 19 49 63 12 16 16 54 40 12 40 28 36 50 8 45
2214 2233 52 20 28 30 55 48 60 12 22 21 58 36 3 10 32 28 13 34 15 56 43 6 40 54
1316 2994 63 63 51 7 59 64 23 48 33 26 48 14 57 56 60 63 54 46 13 66 35 14 27 56
2186 2186 0 0 0 0 0 0 0 0 0 0 0 0 0 0 0 0 0 0 0 0 0 0 0 0
3787 3806 5 21 63 10 11 24 24 16 24 19 71 13 58 71 7 0 54 1 58 55 28 46 12 6
1967 1976 39 23 20 17 56 40 45 6 25 4 18 34 31 6 51 34 52 49 38 24 16 60 9 69
1117 2005 62 42 54 16 67 21 50 31 11 29 2 64 69 9 51 62 59 14 61 46 48 69 40 1
2736 2736 4 32 56 36 24 20 48 48 16 8 68 8 24 32 28 32 16 16 20 44 40 20 56 32
1106 1111 58 8 6 62 2 42 39 55 16 30 8 5 3 42 25 26 48 29 22 55 54 6 6 70
3182 3209 16 7 33 50 69 2 5 51 15 38 51 25 26 51 41 24 67 5 23 14 9 6 47 53
561 1214 3 17 8 20 44 28 22 69 52 58 20 29 64 8 45 36 55 36 27 64 62 20 42 11
1382 1382 20 42 67 53 7 39 22 49 27 15 43 6 43 23 11 34 10 59 19 37 67 12 19 23
2934 2952 54 57 2 3 7 4 6 23 68 31 57 66 37 57 28 16 9 60 32 67 36 30 70 17
831 862 18 67 17 42 55 20 36 47 11 10 7 65 60 19 18 14 46 50 65 56 60 30 56 60
709 1204 42 71 36 61 64 54 11 62 40 16 37 13 8 0 39 51 69 57 40 56 12 57 26 33
3943 3943 0 0 0 0 0 0 0 0 0 0 0 0 0 0 0 0 0 0 0 0 0 0 0 0
1949 1957 34 63 57 23 70 59 62 71 5 12 17 47 53 70 31 31 46 58 12 25 24 64 10 12
1046 1070 8 48 60 8 20 64 64 12 52 32 12 4 60 48 60 44 44 12 24 40 44 68 64 68
1786 2447 16 16 16 34 6 62 19 51 31 41 68 37 41 13 6 55 30 44 36 32 19 30 19 32
630 630 1 58 29 25 28 10 27 43 26 37 66 26 44 36 50 68 28 50 48 23 43 42 55 26
1381 1398 52 19 40 0 64 49 41 39 62 4 7 4 13 71 31 52 21 68 1 28 29 28 43 11
2371 2413 20 68 22 44 63 5 51 37 18 17 59 63 0 54 51 33 41 10 11 6 50 13 69 64
2218 2853 41 52 5 41 32 17 34 26 20 5 47 9 9 29 16 54 46 35 58 24 19 20 43 0
1503 1503 67 34 36 3 24 43 38 46 19 17 4 43 8 63 11 61 33 6 16 56 63 19 45 19
1130 1137 1 16 16 59 6 34 41 57 35 17 48 27 20 32 62 52 71 34 43 19 4 52 23 22
2085 2103 24 33 52 19 8 23 1 70 40 23 45 59 58 29 68 20 40 26 30 9 18 29 3 62
376 2551 66 30 66 60 24 38 62 60 34 8 70 64 34 48 28 22 26 24 26 8 12 54 38 46
3640 3640 9 54 54 63 27 45 18 18 63 45 18 9 18 18 18 9 18 54 9 0 54 0 63 36
1802 1817 67 46 36 60 58 4 49 20 62 52 53 24 19 47 34 38 66 29 61 17 64 46 42 9
570 607 12 69 46 53 71 14 71 31 6 14 4 64 26 36 24 5 67 5 7 28 58 22 71 20
4434 4630 7 21 33 65 3 31 70 50 32 40 43 65 7 35 43 36 63 28 27 56 64 22 60 17
3343 3343 0 0 0 0 0 0 0 0 0 0 0 0 0 0 0 0 0 0 0 0 0 0 0 0
4732 4738 33 60 66 45 30 33 36 42 71 8 39 31 52 7 57 26 40 48 33 3 4 61 37 30
1361 1391 43 49 19 51 41 15 31 27 59 27 26 13 41 42 42 16 60 63 15 1 61 55 69 56
1427 2598 21 36 22 30 35 62 23 16 1 38 54 36 5 31 5 70 16 23 60 24 17 15 51 36
3144 3144 60 69 10 35 16 14 21 7 15 21 25 2 59 11 14 65 67 42 40 56 22 67 2 67
3889 3910 34 47 66 66 1 15 16 13 68 18 55 8 59 39 22 16 44 9 8 3 39 16 40 22
2855 2893 40 58 56 42 64 68 10 0 51 10 0 0 22 5 46 45 9 26 61 55 34 51 20 7
2106 2494 3 52 3 68 36 66 37 63 42 62 11 18 25 6 30 47 57 0 67 67 53 21 42 52
2158 2158 21 25 1 45 23 26 10 56 39 60 0 46 37 21 26 6 44 67 27 56 20 39 42 52
4948 4951 59 55 51 55 26 26 70 25 56 53 69 49 68 44 49 31 34 31 11 65 41 55 25 19
3448 3477 30 46 26 8 14 57 63 20 50 35 14 29 64 61 69 64 28 58 3 35 67 59 1 7
4115 4315 58 0 36 59 1 6 52 61 48 18 62 28 34 50 55 35 9 8 53 20 7 60 6 65
412 412 15 56 22 0 11 54 54 35 46 66 61 40 40 57 3 7 44 33 53 60 37 12 66 54
4241 4252 22 68 46 56 16 6 28 54 44 58 16 2 46 0 68 22 26 26 10 48 52 12 6 52
3152 3155 31 20 10 70 48 28 41 65 63 0 17 66 38 61 60 6 0 4 22 39 70 71 17 15
1427 4561 15 15 44 15 3 33 53 24 13 46 65 45 32 60 44 23 23 25 35 55 62 44 34 23
3682 3682 18 54 36 27 45 9 45 9 0 45 9 18 54 9 9 27 27 36 45 54 63 18 36 45
2601 2617 11 50 67 51 15 12 6 40 31 58 50 30 30 14 44 14 42 1 70 40 34 60 46 40
356 403 15 45 71 12 17 19 12 20 39 37 10 64 49 7 21 7 6 69 66 5 30 16 18 47
152 1096 7 16 54 9 19 19 39 36 41 20 56 5 68 4 55 30 56 22 45 30 39 36 29 23
1886 1886 39 57 15 41 42 47 11 20 33 4 69 9 17 31 62 64 2 71 35 6 14 8 17 15
3145 3164 46 10 62 45 13 4 60 20 45 69 17 41 53 49 38 57 62 27 2 61 7 46 64 3
315 338 48 64 56 64 40 40 24 16 0 24 48 24 24 56 56 32 40 56 56 56 56 64 24 16
488 1140 59 53 47 59 50 15 44 45 30 58 37 29 8 40 50 23 52 41 47 58 57 36 0 49
2775 2775 22 43 38 36 47 67 7 47 47 12 43 17 14 40 47 28 26 7 36 56 48 18 8 67
3665 3677 35 35 54 18 61 63 58 64 46 7 26 10 50 43 3 0 18 67 15 54 67 50 2 9
1566 1572 27 47 56 41 49 65 32 14 48 48 15 2 2 38 18 3 37 46 64 46 64 21 25 71
1189 4444 10 41 41 41 34 5 30 35 26 19 23 16 64 29 10 55 22 7 35 40 43 65 54 33
4043 4043 50 65 35 32 15 24 61 17 24 31 3 46 52 36 20 11 71 64 5 45 15 2 13 31
1719 1738 0 0 61 62 1 52 48 68 44 62 43 51 33 41 49 39 42 27 49 24 56 5 20 27
2682 2710 65 33 50 47 52 22 23 3 57 62 36 42 19 44 13 17 6 28 22 3 45 9 67 13
178 457 58 26 4 48 70 46 68 32 24 56 38 34 50 40 24 66 58 44 12 22 64 8 64 64
4134 4134 71 36 9 66 55 20 44 14 54 20 24 41 65 6 28 41 6 57 33 67 43 46 4 6
2136 2152 22 70 4 46 26 24 16 44 10 4 0 70 36 52 18 26 38 16 46 26 32 26 44 20
4891 4930 70 44 10 26 52 2 44 66 2 18 62 38 40 38 56 32 4 56 50 34 66 42 20 64
1583 3904 28 8 47 28 38 12 67 44 41 62 52 16 19 55 39 0 30 70 61 0 12 44 53 11
2293 2293 35 57 7 49 25 30 53 59 5 52 26 20 16 17 0 58 1 7 53 57 34 7 48 1
4737 4744 58 45 18 19 60 46 41 30 31 59 23 45 25 24 57 50 40 11 0 45 20 34 58 69
2598 2611 33 1 14 19 67 29 13 62 62 24 52 46 50 33 13 17 28 61 8 66 56 71 33 7
2618 2650 31 66 12 29 7 14 11 1 25 41 56 12 71 60 22 44 52 43 22 53 19 8 29 39
2044 2044 31 20 42 14 71 7 55 37 9 9 28 62 20 16 34 67 33 31 25 22 46 63 69 14
4571 4593 39 29 19 20 59 2 13 18 8 62 12 34 24 22 65 38 11 11 49 21 12 20 20 34
23 60 30 61 34 42 41 35 4 66 11 43 0 5 70 45 35 30 6 15 3 21 61 41 49 41
3232 3589 8 62 15 54 52 34 63 13 43 26 22 70 6 31 35 65 52 20 8 6 16 49 3 54
4412 4412 0 0 0 0 0 0 0 0 0 0 0 0 0 0 0 0 0 0 0 0 0 0 0 0
1343 1352 48 8 55 24 60 15 10 46 17 31 32 52 44 66 48 36 58 27 50 52 32 55 23 33
2795 2811 52 1 42 45 20 20 49 52 1 34 65 17 14 26 22 67 68 37 51 11 26 35 49 32
2003 3266 43 2 43 22 68 22 39 34 37 46 58 56 53 49 4 70 11 70 65 20 61 7 6 44
1839 1839 42 36 42 36 42 12 6 54 6 6 54 6 66 12 48 30 24 42 60 6 48 24 66 36
1579 1585 62 60 34 50 58 50 66 2 54 14 42 44 68 48 56 66 2 36 8 2 4 34 50 30
2504 2509 52 32 46 28 32 46 2 16 26 14 37 22 42 17 69 31 9 17 58 16 59 58 13 3
337 4290 0 0 0 0 0 0 0 0 0 0 0 0 0 0 0 0 0 0 0 0 0 0 0 0
69 69 14 59 64 7 31 3 56 16 39 10 35 7 44 13 18 32 58 6 58 53 7 59 17 7
3108 3109 68 52 40 2 53 34 46 59 7 55 45 2 70 57 57 62 59 41 53 71 1 33 41 71
1552 1583 42 61 1 51 27 39 42 47 29 55 67 2 18 13 37 60 52 14 26 16 58 3 60 70
1801 4428 48 42 6 62 44 68 14 43 55 45 56 54 57 31 38 36 38 46 30 44 59 67 31 12
2454 2454 56 18 54 56 12 28 16 62 48 60 30 8 52 18 32 2 70 12 48 6 48 20 70 30
2300 2321 30 40 13 22 2 43 41 71 11 61 30 69 51 71 16 42 50 24 28 68 59 41 26 21
4527 4547 26 53 25 43 60 19 34 41 24 62 60 54 64 67 48 5 44 48 9 5 53 27 38 7
560 4315 24 20 62 24 8 68 58 58 66 44 16 6 62 28 48 16 56 40 68 70 66 28 6 62
918 918 33 20 67 10 13 67 40 19 49 35 52 65 62 45 5 39 68 5 40 51 32 39 14 71
4007 4030 0 18 21 57 41 12 56 26 62 22 18 1 40 66 41 4 61 71 56 37 42 23 30 5
585 593 15 18 14 67 21 20 38 16 29 10 9 16 11 12 24 42 7 30 18 26 5 26 10 9
1281 3493 16 48 60 36 0 32 36 0 52 4 20 40 28 36 12 48 32 20 12 40 44 24 8 16
3467 3467 60 8 32 20 40 0 64 40 40 32 36 40 32 44 40 0 12 44 20 0 48 68 56 56
3244 3248 34 31 67 45 31 4 0 34 12 71 48 14 47 12 22 43 51 42 26 50 70 63 16 46
645 671 71 26 57 46 67 36 36 37 28 65 33 47 29 5 57 8 7 45 48 71 23 26 13 60
1299 4400 69 50 1 1 1 10 65 46 60 11 5 45 42 58 28 58 44 70 62 37 8 65 69 59
3244 3244 45 27 45 45 63 18 45 0 0 0 9 63 27 18 27 36 45 0 9 45 63 45 54 9
2245 2266 18 69 22 30 30 13 66 17 31 29 51 49 10 25 63 30 25 7 28 63 68 18 19 64
411 439 9 23 58 7 19 34 50 50 38 37 49 45 27 52 59 46 67 12 69 12 61 13 40 57
1053 1572 65 49 61 56 3 26 26 66 58 6 20 29 48 34 48 50 54 48 53 8 69 4 39 4
1060 1060 18 56 43 62 71 69 16 25 46 45 67 16 53 32 48 19 66 25 66 47 69 28 54 56
4365 4378 12 20 71 23 0 59 8 47 46 16 69 25 5 33 32 28 69 45 48 60 17 1 71 44
4557 4592 59 46 31 61 50 67 14 0 38 57 35 55 57 13 40 2 39 50 7 16 71 56 66 60
1553 1612 55 23 4 52 38 14 34 42 40 38 34 25 23 68 61 48 25 13 51 64 11 28 46 41
1898 1898 0 0 0 0 0 0 0 0 0 0 0 0 0 0 0 0 0 0 0 0 0 0 0 0
446 450 57 39 3 9 21 9 21 1 56 37 18 54 57 42 32 7 36 46 64 1 26 19 10 2
4600 4618 29 70 8 67 21 67 42 64 3 24 15 60 54 65 17 33 7 20 25 45 54 2 9 53
329 1956 10 32 9 21 66 49 10 17 45 68 3 51 22 25 50 70 32 12 12 10 24 50 35 70
2966 2966 28 65 20 33 40 66 37 17 31 14 27 10 15 41 33 49 22 65 48 4 1 7 46 70
215 225 14 44 2 16 48 6 38 52 8 58 22 58 30 18 44 12 16 50 60 24 44 6 60 50
351 390 55 71 2 35 13 11 69 31 0 68 66 57 9 70 35 46 21 28 17 26 42 28 43 64
2144 2861 58 57 41 21 33 2 17 8 59 50 34 50 35 33 0 36 4 57 3 50 50 34 47 59
3841 3841 0 0 0 0 0 0 0 0 0 0 0 0 0 0 0 0 0 0 0 0 0 0 0 0
1776 1792 65 33 5 17 36 24 38 53 7 51 31 53 22 64 23 4 11 54 28 32 51 7 71 14
2424 2457 35 39 42 65 69 34 55 35 30 12 30 41 28 15 59 17 13 51 57 42 30 29 16 24
3770 4921 52 24 57 59 66 47 40 21 19 30 4 1 35 52 1 8 64 49 49 53 4 31 71 43
4074 4074 20 66 24 10 18 24 44 38 20 32 22 14 2 42 64 8 26 14 34 68 28 36 42 36
4251 4271 22 23 21 59 28 30 5 46 63 15 16 59 24 33 23 25 45 13 11 16 29 49 3 55
2443 2466 71 1 4 0 14 12 7 28 52 33 64 15 4 61 42 45 63 49 20 57 42 1 48 4
777 1462 17 68 4 54 17 66 7 29 11 11 70 58 22 34 15 17 31 22 23 3 25 25 40 46
2936 2936 0 0 0 0 0 0 0 0 0 0 0 0 0 0 0 0 0 0 0 0 0 0 0 0
3652 3674 47 66 8 0 36 46 61 15 18 43 1 4 40 46 8 21 64 46 25 70 58 24 68 19
3575 3613 4 52 12 47 0 38 49 1 62 8 70 30 15 49 10 33 31 43 14 56 62 7 23 49
881 944 16 21 57 37 62 4 41 33 39 22 4 1 66 35 50 28 39 44 48 5 67 56 37 43
2142 2142 40 24 16 8 56 40 64 0 0 24 16 56 48 48 24 48 24 16 16 40 40 64 8 8
385 394 26 32 70 2 22 70 47 0 53 38 48 5 55 19 4 63 62 33 51 13 36 37 39 52
2185 2205 4 62 48 40 61 11 23 71 17 71 10 45 46 37 10 29 49 59 17 15 38 4 71 28
533 665 6 3 64 67 64 0 14 7 71 18 15 36 64 5 64 16 31 16 45 45 52 7 40 57
258 258 32 18 3 29 42 30 44 63 47 2 18 61 61 41 10 2 66 6 4 13 38 31 21 13
1738 1757 29 44 28 24 18 16 22 63 71 56 41 20 19 31 24 16 59 44 33 51 44 13 26 19
3489 3516 18 48 31 62 45 28 14 16 55 59 34 23 36 44 9 55 67 4 22 70 63 32 53 0
4105 4136 43 26 3 16 50 19 17 22 49 21 0 23 1 65 37 61 69 34 0 1 26 44 17 38
4767 4767 44 55 14 10 56 67 61 49 37 19 19 33 53 46 43 62 17 67 28 37 1 15 13 61
1923 1924 42 54 12 32 60 52 60 8 58 58 42 40 54 16 14 34 24 44 4 16 36 52 18 54
3189 3215 55 43 10 31 31 53 12 25 69 30 45 66 66 64 22 54 3 3 21 56 43 52 50 24
5 88 31 45 63 37 63 43 8 60 35 68 25 66 60 15 20 39 46 69 65 58 10 5 39 40
4766 4766 0 0 0 0 0 0 0 0 0 0 0 0 0 0 0 0 0 0 0 0 0 0 0 0
2927 2934 71 66 18 62 28 61 12 36 46 34 56 9 27 32 69 49 45 28 48 30 23 54 7 6
3711 3740 46 54 25 70 7 70 57 52 65 15 6 62 4 41 71 8 0 54 9 9 14 15 27 63
209 2830 49 12 41 43 66 58 64 27 13 65 56 0 62 12 9 48 42 43 1 20 66 36 36 37
2286 2286 16 32 32 56 24 48 24 64 16 40 64 32 48 48 8 24 64 8 24 24 56 64 40 0
3535 3552 18 36 27 9 36 9 63 9 54 27 36 18 36 45 63 0 0 54 54 18 63 18 54 45
4716 4728 7 65 32 24 8 7 67 63 54 11 12 32 22 40 17 3 57 46 10 58 14 24 71 7
189 553 19 31 52 66 54 3 42 17 50 49 54 68 53 64 27 15 53 2 26 23 0 71 5 56
196 196 33 11 64 11 58 54 51 28 40 32 31 2 9 7 1 60 49 61 61 67 40 21 15 23
641 654 29 18 44 4 54 47 24 49 37 68 19 0 15 42 61 59 68 55 21 7 18 58 53 64
3323 3350 41 58 45 27 69 49 59 31 3 68 15 33 57 38 31 25 32 42 57 56 41 19 10 51
3654 3917 57 13 48 69 53 33 6 9 55 17 20 15 5 15 55 26 24 48 50 20 50 56 60 64
4930 4930 70 16 61 61 22 27 39 27 11 11 16 57 45 61 63 46 38 70 33 61 60 58 14 48
4185 4197 61 57 25 32 16 64 16 30 54 18 13 4 61 23 14 38 20 6 20 38 40 44 10 32
1150 1196 68 36 53 70 40 65 52 67 37 13 42 49 56 26 20 71 22 55 3 18 51 45 21 48
177 891 34 6 55 13 15 16 27 64 23 26 59 23 48 8 13 17 69 34 2 71 29 45 10 10
1100 1100 13 14 47 6 47 35 20 26 53 55 69 32 64 14 30 4 5 15 50 63 3 4 50 40
3702 3710 19 57 66 57 21 66 50 18 60 10 32 24 67 39 23 63 13 30 34 11 61 4 59 23
465 490 44 8 37 58 36 50 41 0 27 40 13 66 16 49 19 42 70 53 33 55 48 36 26 38
1433 3676 55 70 20 49 45 35 0 61 53 4 13 67 37 30 66 54 60 46 23 48 62 69 27 40
712 712 59 25 42 41 33 17 34 55 0 58 53 42 18 36 17 69 71 63 69 45 4 33 64 35
543 563 71 58 42 40 49 53 61 30 27 17 43 24 20 2 67 17 3 52 19 57 43 20 30 62
2034 2039 45 59 6 42 44 8 12 12 67 25 41 54 49 38 11 11 70 28 64 45 61 11 19 21
4668 4874 54 18 6 36 30 26 31 32 30 50 4 26 33 4 5 4 39 51 67 4 19 16 18 56
3262 3262 47 24 23 17 14 23 53 12 63 45 33 0 20 32 50 44 7 71 56 67 31 58 61 14
885 886 20 28 20 6 44 46 52 62 4 20 16 10 16 62 58 30 0 66 60 30 38 16 20 32
3117 3151 55 16 4 16 45 22 65 58 11 48 1 37 70 20 19 62 33 71 70 66 32 66 39 41
68 242 14 44 33 26 39 4 65 6 23 49 3 6 17 26 25 5 70 10 45 19 5 56 49 52
2383 2383 0 0 0 0 0 0 0 0 0 0 0 0 0 0 0 0 0 0 0 0 0 0 0 0
3900 3919 35 64 40 13 28 9 43 23 8 24 65 7 50 71 52 63 61 17 40 5 22 64 69 53
2477 2508 62 36 1 54 42 42 43 32 1 26 43 58 7 71 58 53 8 67 0 14 44 14 3 31
3583 4947 44 43 54 36 32 57 16 28 57 12 16 7 44 62 5 2 41 21 54 50 22 8 25 28
3114 3114 62 32 32 60 0 16 18 46 20 30 4 44 50 34 4 12 0 8 54 24 44 2 42 6
3814 3824 65 15 51 5 36 25 51 50 13 3 57 69 68 45 33 37 67 46 41 16 53 48 47 29
3346 3378 64 0 13 52 37 68 36 34 44 29 1 25 39 44 33 39 68 63 65 64 13 21 38 44
1303 3958 43 8 30 14 48 19 3 51 63 2 45 45 2 9 52 70 7 55 31 50 44 0 58 14
4725 4725 66 60 60 51 48 45 36 27 3 60 66 15 12 27 12 18 66 36 6 51 48 21 48 24
4449 4460 43 38 29 28 5 41 34 70 55 42 9 37 60 70 40 64 51 7 48 19 2 33 70 38
1391 1428 20 59 49 1 69 59 41 26 2 70 3 11 1 45 16 34 41 23 31 59 26 55 67 62
1415 2525 52 63 48 65 46 1 46 35 64 2 68 15 29 67 7 22 53 18 22 11 23 21 2 29
3728 3728 53 47 67 58 45 3 6 53 31 46 56 30 22 64 34 36 46 41 9 59 65 50 39 27
3627 3647 65 45 34 16 67 17 67 59 69 11 62 53 25 70 0 28 13 23 2 12 67 2 4 42
1420 1425 21 0 50 55 29 55 41 8 30 41 48 51 56 61 63 10 22 21 44 67 29 65 32 58
45 339 44 34 48 29 33 61 51 9 39 34 14 71 34 22 12 43 34 47 47 55 31 41 37 30
4032 4032 19 49 50 14 43 49 21 11 56 32 46 65 57 10 70 4 7 28 58 47 39 69 20 63
648 658 9 36 5 54 20 70 4 1 57 39 38 10 48 31 49 2 27 23 70 7 64 2 49 21
649 675 8 40 16 8 64 48 16 56 64 40 16 0 16 56 64 8 40 8 40 24 56 16 0 24
1827 2166 64 44 18 56 12 30 62 52 0 0 26 18 20 34 34 64 68 18 56 22 2 22 64 6
306 306 35 68 1 69 59 71 66 55 19 69 65 18 7 8 31 42 12 30 22 21 25 43 12 39
3443 3465 9 6 65 14 18 38 22 38 4 62 40 31 68 66 40 69 21 60 55 6 32 43 39 61
4809 4827 2 43 39 64 48 30 68 53 28 54 20 34 3 21 65 0 34 52 16 45 47 31 2 56
467 1636 68 49 31 41 67 12 67 48 47 7 9 71 19 60 33 30 44 51 10 61 63 60 54 21
2514 2514 44 8 66 71 32 63 11 70 23 14 28 40 25 41 27 40 49 6 42 35 21 52 50 33
2846 2854 14 68 7 18 9 12 21 54 68 25 47 33 11 22 69 39 21 10 28 36 36 58 24 40
1607 1614 19 46 48 56 63 0 24 30 16 12 22 8 36 42 12 54 35 25 24 49 49 8 56 47
148 177 46 37 4 45 42 62 64 66 55 62 62 34 4 13 22 43 65 53 46 2 50 32 61 22
2767 2767 37 0 27 0 22 12 56 40 22 24 43 41 6 39 23 24 12 35 63 59 7 48 0 17
1319 1342 23 11 53 71 43 70 23 3 69 23 51 14 13 26 16 21 24 52 34 32 4 4 69 38
1261 1269 30 59 54 16 65 63 36 53 36 59 68 33 49 35 62 52 62 16 48 49 42 39 37 68
972 2723 60 17 63 41 15 55 11 44 32 10 58 38 49 49 29 59 62 50 50 48 60 71 58 5
2753 2753 5 3 18 4 21 45 53 1 25 42 31 44 16 43 40 14 5 40 0 30 6 24 54 37
4730 4751 13 46 67 29 37 7 25 45 60 44 31 32 20 2 11 43 68 31 6 54 27 49 70 66
3951 3986 23 17 43 0 63 55 29 41 34 57 69 63 22 34 28 47 53 8 58 21 55 56 40 66
865 915 0 27 15 5 68 28 20 8 7 9 46 15 21 22 15 61 19 3 63 7 32 59 15 55
4151 4151 8 48 48 64 24 8 32 32 40 32 16 16 8 8 16 56 40 56 40 40 32 48 40 8
875 888 33 26 67 59 25 12 11 4 64 60 42 28 51 18 26 27 48 56 55 63 45 48 70 64
4008 4009 10 13 17 35 2 43 58 29 59 3 37 55 9 46 35 48 11 29 6 53 19 14 47 18
193 4315 64 36 24 59 46 22 37 65 23 36 52 58 61 1 21 62 66 52 61 20 18 67 28 63
4534 4534 54 17 5 5 66 53 34 69 15 20 40 9 43 8 15 36 19 19 40 5 3 11 18 49
3280 3283 62 50 48 24 30 50 34 52 68 28 14 62 52 22 0 44 48 0 66 4 32 58 52 32
1082 1127 15 24 57 27 2 54 32 39 60 50 48 44 33 62 21 63 3 25 27 56 10 25 40 6
79 212 51 69 65 39 36 66 13 38 29 8 21 30 7 49 65 14 66 10 5 43 12 27 11 10
1737 1737 24 5 67 57 70 60 53 66 60 45 6 62 43 53 13 45 45 8 21 70 20 4 2 6
366 369 71 43 68 37 27 66 14 11 12 15 15 7 0 8 42 53 51 66 52 34 13 54 68 50
90 124 25 67 22 61 49 25 31 41 0 23 59 23 55 27 24 20 3 5 54 38 51 25 31 13
392 512 18 42 12 20 50 26 36 66 8 58 50 32 20 8 24 48 58 28 10 14 22 52 20 26
2034 2034 0 0 0 0 0 0 0 0 0 0 0 0 0 0 0 0 0 0 0 0 0 0 0 0
2030 2046 56 37 36 61 67 10 22 12 52 22 52 59 36 38 5 34 45 20 44 10 21 37 50 39
33 45 32 4 36 46 19 7 4 39 63 41 37 44 26 28 44 68 30 50 41 12 1 40 60 67
485 673 3 66 2 10 45 8 8 46 12 28 0 70 29 53 26 34 69 48 13 45 33 36 64 46
2216 2216 11 70 39 30 63 4 46 3 65 31 51 36 18 33 43 30 7 45 10 40 60 13 59 40
4396 4410 69 33 64 7 64 19 56 21 37 17 19 69 17 45 23 39 70 1 13 46 38 33 35 36
179 203 22 2 47 23 55 59 32 23 58 21 26 20 50 17 8 35 71 63 48 67 32 16 25 16
734 3281 49 22 8 0 67 54 35 0 48 21 57 15 16 18 18 7 60 66 6 10 45 2 35 0
3956 3956 7 67 62 4 26 29 63 28 19 43 62 48 4 19 27 35 51 41 59 44 10 15 13 57
4601 4617 70 60 28 50 46 70 30 52 64 46 46 2 32 54 70 16 40 40 24 32 20 40 20 40
2225 2270 33 36 36 3 9 45 15 42 24 33 48 9 54 15 57 63 66 33 63 54 27 39 0 0
3344 4604 2 71 28 6 62 36 37 50 55 1 21 69 49 68 27 38 62 31 63 10 38 1 8 49
522 522 24 38 50 54 24 48 38 48 8 8 4 26 32 2 60 28 68 68 48 54 56 44 6 40
3231 3232 46 28 12 45 3 57 59 45 13 27 15 38 36 28 40 25 24 44 25 2 27 32 54 30
3944 3986 3 21 48 71 51 44 7 42 11 39 5 35 24 26 29 54 43 12 68 17 0 22 7 7
5 36 14 36 16 39 63 26 35 60 67 61 55 40 7 45 61 6 42 16 4 32 54 2 51 16
3187 3187 64 47 22 17 1 28 32 14 34 62 31 51 26 16 9 66 32 1 70 19 20 10 35 54
2952 2965 3 28 71 61 37 5 32 23 33 44 28 68 6 6 6 27 41 6 42 63 38 3 47 19
3628 3635 33 39 46 50 33 44 5 39 68 5 43 63 48 34 10 13 49 5 0 64 41 6 70 62
729 769 31 61 60 68 69 41 30 51 44 69 55 14 4 3 32 31 31 25 27 9 38 46 14 70
66 66 31 56 39 20 45 1 18 14 28 8 22 17 21 65 63 52 21 47 34 2 7 2 11 43
2482 2500 9 30 71 26 32 63 24 32 65 29 19 22 42 40 46 10 46 70 16 12 5 29 62 17
215 239 8 62 11 22 44 21 36 69 56 15 31 39 43 24 41 62 28 36 20 3 14 41 59 44
335 1784 23 61 60 21 33 12 50 15 18 5 46 58 40 23 16 24 2 5 13 7 56 49 15 30
2701 2701 64 43 13 39 67 57 19 28 25 58 42 35 11 67 24 17 56 53 8 14 10 48 8 57
2740 2746 69 15 54 60 56 20 31 61 68 69 57 30 9 22 61 70 35 34 44 2 29 56 5 38
4269 4313 41 13 17 51 27 31 25 32 22 5 32 71 64 18 14 7 0 69 10 23 11 42 32 8
518 3023 53 43 20 52 62 39 20 38 32 41 50 24 46 4 70 66 29 8 7 66 60 41 52 29
2005 2005 41 0 68 1 27 56 47 21 68 14 23 36 0 70 61 17 67 42 16 33 25 0 71 55
4718 4739 66 50 63 38 30 28 66 11 51 9 46 59 22 44 48 44 49 51 68 60 21 62 40 43
4788 4788 37 49 56 48 34 9 33 17 11 14 41 1 20 21 50 64 59 15 40 19 0 69 56 68
2259 2969 19 16 37 71 57 60 52 30 38 6 62 58 52 54 63 44 36 55 58 29 43 2 42 5
119 119 23 70 34 61 52 2 58 22 66 14 61 69 23 1 43 60 31 43 69 16 30 29 62 40
850 853 37 4 5 19 14 4 68 57 52 67 45 11 34 41 44 37 55 8 24 38 41 40 26 20
4310 4339 24 36 6 14 66 62 20 38 62 58 68 48 62 28 4 70 70 44 56 12 8 0 30 18
306 352 26 27 56 42 34 47 16 30 28 3 9 63 5 64 21 43 16 29 12 45 70 5 32 47
2026 2026 67 53 64 7 21 49 67 69 41 71 68 41 1 56 48 8 60 70 1 33 56 54 30 18
4821 4836 49 70 59 34 53 67 47 16 21 9 1 59 24 29 5 6 48 23 18 48 7 11 18 56
2839 2883 41 34 58 71 54 32 71 52 61 25 0 59 68 52 29 9 33 26 71 33 25 3 62 36
959 3747 67 5 2 51 24 66 12 61 29 62 10 6 54 41 26 21 42 36 36 11 56 33 36 9
2540 2540 0 0 0 0 0 0 0 0 0 0 0 0 0 0 0 0 0 0 0 0 0 0 0 0
983 1004 18 58 1 10 52 2 59 49 7 27 59 21 9 68 10 40 1 13 54 14 26 12 58 35
239 249 51 38 3 28 49 61 48 62 30 52 32 9 4 10 17 51 16 33 19 39 13 46 34 52
1250 3740 0 63 71 64 63 23 47 0 15 2 64 59 67 54 8 52 67 10 36 37 20 12 7 58
2889 2889 53 67 46 28 57 50 30 29 49 13 34 68 31 7 69 39 16 51 34 48 4 44 5 37
439 445 28 37 4 7 68 53 50 27 37 41 34 66 9 18 62 26 38 49 26 38 37 6 5 53
175 205 5 45 26 11 0 71 15 61 65 48 63 57 32 6 61 31 21 69 22 69 59 39 54 48
3885 4083 11 18 4 4 70 44 68 50 41 6 13 17 49 66 19 14 9 49 30 66 2 53 40 27
37 37 33 1 46 57 20 39 41 29 41 15 45 15 56 20 18 37 36 67 60 26 9 20 63 67
1061 1082 62 54 70 50 8 52 32 19 46 23 9 56 2 59 10 71 34 29 10 35 71 36 47 20
1264 1293 22 12 43 27 44 54 10 22 18 33 64 7 38 35 33 57 38 8 69 8 46 11 52 52
1388 1756 42 21 68 49 18 1 35 52 0 56 31 47 44 14 70 52 0 59 28 9 32 10 27 19
4214 4214 0 0 0 0 0 0 0 0 0 0 0 0 0 0 0 0 0 0 0 0 0 0 0 0
4694 4696 39 39 27 42 12 27 18 27 42 39 36 15 12 24 3 15 69 60 48 36 66 9 30 57
405 413 45 64 64 71 57 53 63 62 5 54 40 66 63 40 22 66 11 2 36 45 18 27 7 3
493 1783 13 42 39 3 9 9 10 31 60 69 48 22 12 52 64 25 9 55 36 19 12 24 44 30
4086 4086 0 0 0 0 0 0 0 0 0 0 0 0 0 0 0 0 0 0 0 0 0 0 0 0
1425 1447 54 47 71 35 24 26 53 36 63 22 24 29 50 49 47 18 28 65 24 8 11 70 16 5
1634 1668 16 1 12 38 25 70 52 54 69 36 10 31 23 19 17 40 22 58 31 36 5 59 55 63
354 3281 68 36 42 45 54 12 48 11 32 49 6 1 14 43 44 3 4 42 3 47 3 12 12 45
3137 3137 24 27 21 62 48 10 27 35 4 64 34 21 16 41 21 8 13 51 40 16 47 18 58 71
3947 3967 6 36 12 60 36 6 60 18 24 48 24 54 48 24 54 24 60 60 60 30 18 48 48 54
3558 3603 56 21 17 12 46 9 42 16 9 7 35 52 17 15 12 23 56 50 50 47 58 67 29 57
835 2216 11 54 21 32 62 54 63 52 1 26 36 30 22 67 41 47 59 65 67 26 65 32 32 46
1256 1256 0 0 0 0 0 0 0 0 0 0 0 0 0 0 0 0 0 0 0 0 0 0 0 0
2698 2699 44 49 17 64 58 28 26 59 39 19 34 36 71 28 35 27 60 64 43 34 26 41 46 29
4305 4334 53 71 30 25 26 68 61 46 51 5 58 7 20 39 48 58 11 65 11 2 35 49 6 26
1553 1755 19 29 13 8 16 28 39 61 14 25 57 69 31 20 15 41 28 64 65 42 48 60 14 8
3494 3494 0 0 0 0 0 0 0 0 0 0 0 0 0 0 0 0 0 0 0 0 0 0 0 0
2859 2871 48 37 31 49 29 49 61 40 14 22 14 70 26 1 19 34 68 10 31 1 69 14 66 32
4388 4425 2 3 51 17 50 42 1 62 35 2 49 41 64 5 63 6 30 51 63 44 16 56 6 14
94 3449 30 0 22 20 5 32 10 7 13 65 70 69 16 28 4 7 56 44 38 28 58 1 41 57
4219 4219 46 60 29 0 8 56 38 58 43 66 68 66 15 38 5 49 62 5 27 57 18 21 60 24
1894 1905 9 70 37 56 32 7 67 47 42 41 49 54 3 21 12 43 31 26 29 30 68 55 34 27
4292 4335 14 58 14 26 13 6 40 21 17 61 40 58 19 50 54 53 52 13 28 71 62 68 31 39
4340 4721 36 33 7 14 34 68 66 31 1 15 35 26 43 3 57 52 19 63 48 56 31 47 6 6
4888 4888 34 42 21 54 6 69 40 55 61 58 53 51 50 9 7 27 18 56 35 36 66 57 44 66
4891 4894 48 13 33 25 39 50 2 66 48 16 12 50 68 32 49 37 35 5 70 37 3 43 24 4
384 401 8 20 2 17 25 2 22 70 20 71 13 14 58 8 11 44 30 54 65 65 65 40 56 61
1949 2164 66 50 63 45 22 4 41 28 71 6 45 25 64 39 1 33 5 53 26 48 1 4 38 0
2921 2921 56 66 64 42 37 8 18 48 40 3 27 37 29 54 44 64 41 36 44 57 58 68 52 8
3471 3475 1 3 66 62 18 36 59 71 62 6 60 24 12 13 3 30 51 4 0 45 27 69 14 31
1538 1584 14 66 53 34 24 44 70 8 60 45 67 7 64 24 29 45 47 15 71 23 3 11 65 61
19 913 23 5 59 66 58 45 60 62 37 60 5 19 38 36 48 11 7 44 29 16 25 47 35 45
3537 3537 13 41 14 7 57 42 58 28 55 46 55 22 45 65 67 16 70 36 66 37 70 60 38 59
3778 3778 17 8 64 5 56 53 38 9 31 69 44 64 39 61 20 41 2 47 27 5 38 22 43 40
747 783 15 18 48 48 27 0 48 57 0 33 42 9 57 66 6 18 45 12 18 9 63 0 6 3
3055 4132 71 52 66 16 54 68 44 60 18 9 6 3 58 10 50 57 53 68 71 4 18 31 69 34
844 844 62 59 8 43 51 24 44 62 65 44 52 64 70 4 15 40 71 33 3 17 12 34 52 52
579 581 39 3 39 48 63 36 9 6 39 9 39 30 12 45 60 12 3 57 48 27 12 27 45 42
2176 2184 43 45 8 23 31 33 37 57 33 40 66 8 15 66 9 40 60 11 50 32 14 65 22 71
1355 4403 24 56 24 48 16 0 64 32 64 8 24 16 40 16 48 32 0 24 24 40 40 32 64 40
993 993 44 50 42 42 49 19 11 20 4 43 20 13 19 53 63 11 43 16 42 44 45 53 14 3
1975 1987 24 59 10 8 34 53 21 53 12 22 26 36 32 29 59 42 71 69 15 65 6 9 61 22
4070 4104 25 48 15 38 38 64 46 10 8 35 1 33 40 1 27 65 67 70 20 37 57 65 6 59
460 546 69 6 46 6 43 42 47 64 64 54 3 50 55 60 58 51 14 40 23 40 26 44 48 10
4439 4439 48 43 10 17 41 49 65 20 26 2 4 23 45 39 5 26 17 38 58 25 54 56 54 14
68 85 55 35 66 32 64 5 47 13 5 47 26 52 19 26 67 43 14 46 54 66 43 48 45 5
2676 2694 33 50 35 30 43 34 31 58 63 38 71 11 49 42 38 57 17 11 68 13 5 9 71 54
814 1903 8 33 35 50 6 40 38 54 43 9 12 50 66 66 50 44 55 56 44 9 46 36 10 52
501 501 65 55 29 52 1 9 4 39 52 46 45 62 45 57 26 43 51 47 56 37 11 18 27 14
647 652 63 18 63 0 0 18 18 63 63 45 36 18 18 63 45 0 9 9 0 45 18 18 63 63
3593 3618 60 18 55 45 3 2 53 7 40 43 52 18 63 53 6 65 9 56 45 8 46 32 10 51
39 557 58 31 41 48 64 15 63 49 18 67 21 69 15 15 33 47 41 30 10 57 58 61 2 62
3779 3779 22 7 14 56 53 26 14 34 17 41 5 69 61 25 10 33 62 56 67 30 68 48 69 51
97 120 36 68 58 38 16 28 52 30 0 18 50 60 64 24 70 10 16 14 8 0 4 42 46 56
4164 4172 58 44 57 58 26 13 4 14 25 52 33 54 31 6 60 1 25 34 35 42 3 66 1 6
107 2564 32 35 29 20 37 34 70 9 42 13 49 11 65 2 33 23 32 45 39 4 26 23 43 13
4546 4546 54 1 41 13 22 18 49 49 21 19 54 44 13 16 66 58 66 9 61 9 28 18 25 9
4359 4366 4 48 20 40 24 24 68 16 20 40 52 64 56 64 64 32 32 28 8 32 0 20 68 0
160 203 64 33 54 4 66 61 17 20 13 21 15 67 33 17 17 23 58 64 31 37 35 11 47 27
3217 3640 30 68 22 34 52 48 60 16 10 28 10 22 56 38 30 8 50 32 18 10 8 58 62 50
4737 4737 45 13 18 49 43 62 7 71 9 36 47 38 6 43 50 12 47 1 38 53 21 22 2 26
1606 1627 2 45 65 57 9 33 12 51 65 24 62 42 16 12 20 30 29 45 68 64 36 51 49 71
2353 2371 0 48 48 0 48 24 0 48 48 0 24 48 0 48 48 24 24 48 0 24 0 24 48 24
1743 4590 43 28 70 71 34 71 16 50 15 57 60 4 35 56 54 49 70 45 49 41 55 33 59 45
2969 2969 50 69 66 70 56 17 65 65 1 62 44 10 14 60 48 20 21 12 51 11 34 45 37 71
1522 1537 26 2 58 30 22 50 36 24 52 46 22 58 32 68 52 70 58 12 26 50 54 66 50 32
953 966 45 48 66 70 60 33 49 58 58 0 45 20 56 22 34 13 15 3 44 64 70 56 69 37
3011 3172 20 52 26 57 28 63 39 21 24 0 18 4 32 57 43 60 40 63 43 35 58 60 64 53
3898 3898 50 42 10 54 22 22 2 52 46 46 0 8 16 24 32 24 8 62 6 54 40 16 62 6
1427 1448 42 1 36 60 6 67 67 50 3 46 3 1 17 49 63 22 11 33 42 50 62 17 54 3
610 614 63 21 46 14 7 12 58 33 70 43 45 41 30 8 70 16 51 1 38 50 20 51 64 33
809 2350 31 1 59 6 66 45 56 3 29 61 38 4 7 65 39 0 18 28 0 22 29 50 39 11
794 794 34 57 61 68 29 43 19 63 65 42 55 32 59 42 8 48 6 18 58 44 38 63 8 19
1805 1817 58 24 60 22 60 40 56 10 14 16 62 2 16 46 20 22 66 16 46 8 0 52 48 4
594 606 4 54 29 7 2 54 69 29 15 43 12 34 22 71 61 5 1 45 32 49 9 18 24 10
224 1943 54 45 47 11 20 20 5 18 12 45 66 0 30 42 19 1 41 63 70 62 68 63 47 58
425 425 24 18 12 22 56 22 12 20 4 50 46 6 54 22 30 28 56 28 0 8 22 38 0 6
3543 3557 48 15 6 45 60 12 27 42 57 42 27 54 69 54 33 66 18 39 45 6 36 24 51 6
2494 2527 28 11 66 47 54 57 2 51 52 14 32 25 54 22 54 17 45 32 47 53 26 1 56 21
490 526 14 66 38 20 0 32 10 40 70 2 2 70 20 70 0 42 48 30 62 66 48 68 60 2
1607 1607 0 0 18 54 54 54 0 0 36 36 54 54 36 0 36 0 36 36 0 0 36 54 54 36
3899 3920 69 1 11 57 42 16 49 70 30 50 35 9 58 1 62 4 30 18 30 48 42 56 31 13
1801 1802 0 0 0 0 0 0 0 0 0 0 0 0 0 0 0 0 0 0 0 0 0 0 0 0
639 2437 39 23 25 50 65 66 43 34 39 42 40 30 2 36 3 59 60 51 55 31 14 43 0 42
1164 1164 34 29 55 30 42 43 46 44 46 9 66 1 36 24 28 21 44 32 11 69 19 7 65 58
1455 1455 57 33 69 6 21 63 33 39 63 0 39 12 57 60 63 69 0 33 60 69 36 30 9 45
2192 2201 8 36 15 61 4 40 29 57 24 52 35 49 28 15 33 55 56 8 31 11 55 45 17 31
3266 4517 20 55 63 25 46 64 3 59 59 42 66 44 8 59 26 38 70 69 34 25 5 9 63 55
147 147 16 69 18 24 38 38 49 46 14 16 59 45 71 25 19 33 56 6 69 4 6 65 29 38
2219 2219 69 15 45 36 24 51 60 48 24 12 33 63 15 6 6 18 69 9 24 60 27 36 48 30
2829 2842 71 26 25 59 15 3 43 45 17 66 5 11 16 0 60 17 10 54 28 48 4 0 27 43
838 1813 53 34 16 59 8 14 71 69 53 30 65 23 14 21 26 56 46 59 10 32 17 63 25 11
2830 2830 32 48 68 52 20 4 16 60 20 16 0 16 36 28 8 16 36 52 32 64 64 8 0 56
2830 2847 8 24 56 54 65 47 43 37 71 47 31 18 35 37 59 52 4 26 64 7 44 15 42 52
3134 3144 36 59 71 28 69 8 1 58 10 16 59 32 70 14 69 40 23 50 20 23 20 33 37 44
2507 3763 48 9 56 11 59 56 61 38 71 2 20 61 37 44 12 64 55 62 65 12 58 20 12 34
1465 1465 0 0 0 0 0 0 0 0 0 0 0 0 0 0 0 0 0 0 0 0 0 0 0 0
725 746 12 65 34 47 57 60 1 0 44 49 60 47 21 30 39 49 43 61 63 26 55 38 59 50
1378 1404 37 44 71 53 49 50 49 60 67 28 22 15 8 68 43 12 44 1 56 14 70 51 46 49
2351 3101 28 29 20 62 9 67 36 5 9 41 31 12 56 33 26 64 48 64 16 35 65 62 8 64
1668 1668 59 13 25 52 48 26 70 23 41 49 14 47 20 15 29 66 69 13 48 20 33 65 16 69
3556 3568 10 18 3 10 37 9 2 3 39 52 15 39 44 52 67 64 42 7 53 38 4 39 40 70
2061 2091 57 58 44 17 39 58 1 21 18 40 22 28 58 18 34 3 23 44 61 27 35 29 22 25
45 356 39 51 63 10 18 22 44 25 27 49 68 3 64 56 40 18 64 53 21 13 46 70 54 60
2594 2594 0 0 0 0 0 0 0 0 0 0 0 0 0 0 0 0 0 0 0 0 0 0 0 0
14 21 52 10 57 60 1 22 6 33 17 28 1 23 14 34 26 8 47 10 54 52 17 45 60 7
2319 2334 26 2 60 68 56 34 4 49 47 11 71 12 0 37 63 32 50 2 10 16 51 6 52 65
170 2426 0 0 0 0 0 0 0 0 0 0 0 0 0 0 0 0 0 0 0 0 0 0 0 0
450 450 8 40 41 60 71 39 27 25 36 9 14 20 56 51 48 19 25 36 61 34 57 13 8 21
3086 3106 38 39 13 30 54 26 51 17 4 26 32 40 59 57 4 43 46 19 51 33 48 51 51 56
1302 1323 16 9 65 14 55 15 58 9 29 6 66 48 53 41 31 12 30 60 31 59 37 21 39 13
1779 2630 48 57 49 35 15 27 5 29 39 28 19 40 15 25 60 56 65 4 12 27 32 29 45 16
4094 4094 0 0 0 0 0 0 0 0 0 0 0 0 0 0 0 0 0 0 0 0 0 0 0 0
2575 2577 27 25 62 34 63 43 46 60 71 71 35 54 31 20 39 68 23 7 16 63 43 20 48 38
1285 1308 39 59 24 23 47 52 31 32 64 47 2 12 67 3 25 25 53 69 53 10 0 12 56 15
956 1572 34 6 39 63 47 69 30 54 45 29 46 51 8 55 6 33 49 70 3 32 15 47 62 29
4541 4541 39 54 0 54 0 9 60 69 30 15 39 60 51 54 57 27 42 33 39 60 33 21 57 15
1527 1550 18 24 42 24 36 60 39 17 35 43 3 23 2 65 10 59 63 12 69 20 18 41 36 64
2386 2433 19 37 39 23 23 3 63 26 10 64 28 67 37 56 5 2 55 0 46 35 5 70 52 32
4767 4839 37 70 40 2 53 62 65 36 18 69 67 49 44 33 2 29 57 51 65 55 60 70 25 51
2109 2109 44 3 58 28 38 15 32 45 34 50 57 46 29 63 64 13 61 13 34 8 19 1 0 38
895 915 54 54 8 1 54 49 33 20 11 3 18 47 42 20 19 32 4 42 19 50 68 13 59 17
1928 1957 13 20 25 14 11 65 28 7 64 27 27 49 1 5 18 22 29 29 54 54 40 24 35 57
1074 2121 60 13 10 31 25 30 68 30 38 62 60 12 7 22 49 49 53 2 15 40 56 21 41 21
2675 2675 40 52 0 52 4 32 0 60 36 64 64 20 60 8 16 60 28 56 4 24 48 8 16 56
874 879 26 17 18 60 59 8 67 54 22 10 7 54 37 8 27 36 12 55 17 48 40 31 1 33
343 376 6 41 57 27 55 49 42 16 23 70 37 3 70 68 63 44 17 35 59 15 29 70 4 61
163 449 60 44 3 37 29 28 40 68 8 49 18 14 59 37 20 30 34 1 45 43 0 54 70 2
4782 4782 71 17 46 71 35 0 63 63 41 65 67 71 65 53 47 45 22 67 43 42 36 4 20 21
1036 1040 69 3 42 63 51 48 33 69 24 18 63 51 60 63 69 42 21 33 18 48 15 3 3 15
4594 4622 28 38 37 68 69 14 60 56 27 21 63 39 39 49 28 3 20 70 53 63 3 1 33 22
1 6 29 68 68 11 43 20 38 49 50 20 12 57 29 14 50 43 49 33 43 34 44 70 44 41
3737 3737 54 54 9 54 63 54 9 36 9 63 54 54 36 9 63 0 0 54 9 9 54 63 27 63
427 433 18 30 3 52 40 63 40 39 30 27 44 22 37 18 21 2 31 0 53 68 65 67 19 35
4925 4943 6 46 11 19 24 12 25 32 40 4 30 57 28 22 22 54 45 64 31 61 54 23 24 31
2209 4025 14 11 57 32 46 60 59 20 15 18 23 10 63 24 68 7 66 38 67 46 11 10 71 31
2471 2471 54 62 56 52 4 9 45 51 0 20 4 16 51 13 52 60 50 43 62 6 9 26 4 57
2719 2733 39 0 37 28 5 41 68 59 17 8 24 26 36 40 46 12 30 9 68 27 41 18 10 23
2604 2609 47 32 54 68 56 25 15 20 40 11 13 25 39 23 6 60 64 66 38 45 43 71 32 46
2221 2862 4 34 52 0 50 28 16 52 14 20 16 56 44 46 14 30 50 10 14 34 30 18 6 2
2629 2629 43 13 52 39 30 8 70 30 20 21 0 25 38 52 69 14 58 19 20 57 25 13 53 42
3602 3603 52 71 45 61 44 55 35 19 59 64 62 57 24 31 63 12 15 54 54 13 40 52 31 54
3293 3303 34 55 21 39 57 15 31 46 69 3 45 53 11 2 22 17 27 4 11 34 18 60 29 47
2727 3692 57 4 29 28 29 16 58 7 29 69 9 59 56 64 57 33 61 52 29 70 37 18 16 7
3038 3038 0 0 0 0 0 0 0 0 0 0 0 0 0 0 0 0 0 0 0 0 0 0 0 0
201 219 8 16 13 20 57 4 13 11 10 23 43 42 67 53 30 51 64 19 6 49 2 19 32 58
3355 3377 49 55 11 27 60 31 9 47 60 47 33 2 33 41 15 49 53 25 28 37 41 42 32 37
28 221 0 2 70 44 18 26 56 44 60 66 4 12 4 4 8 22 24 12 24 38 32 28 24 42
4255 4255 13 52 7 49 26 56 55 30 69 35 15 9 42 43 43 31 1 37 3 44 1 26 69 3
941 951 9 26 30 48 33 27 55 16 21 61 7 5 16 17 59 17 5 52 30 58 66 66 19 67
3860 3884 18 32 47 5 10 32 19 48 64 18 15 64 65 58 32 36 37 58 58 32 21 23 37 42
973 3488 27 36 33 68 27 13 29 71 39 20 43 61 10 10 8 4 42 30 13 29 20 7 71 42
1558 1558 71 18 26 8 45 26 6 59 60 17 67 57 35 37 37 43 60 35 69 62 46 12 12 23
2050 2065 12 49 34 21 68 40 54 62 31 9 26 47 20 0 39 38 0 18 62 37 45 1 65 56
3877 3923 42 24 43 50 1 70 50 21 31 54 0 46 13 61 26 13 10 3 59 32 38 5 22 40
1820 3054 36 48 24 24 24 0 36 12 12 0 60 24 24 60 48 0 12 48 0 12 48 48 12 36
4328 4328 0 0 0 0 0 0 0 0 0 0 0 0 0 0 0 0 0 0 0 0 0 0 0 0
992 1011 14 25 6 64 51 68 70 3 45 2 41 50 70 52 50 46 16 5 29 4 6 59 14 55
2224 2265 10 44 29 66 45 22 54 53 71 64 57 71 51 56 49 49 50 69 4 47 19 48 64 3
3225 4300 2 26 70 64 24 13 60 8 22 30 0 45 29 18 11 1 5 31 50 71 35 62 41 13
2967 2967 0 37 51 64 50 13 31 27 14 9 9 69 21 35 11 23 8 23 66 47 51 32 28 14
4401 4417 26 50 4 3 49 68 51 9 3 51 5 43 70 54 58 34 68 9 48 36 33 3 33 51
2749 2750 11 40 26 34 5 70 66 67 21 17 30 16 20 9 58 14 18 63 8 49 17 49 20 43
2832 4053 40 8 32 24 64 40 8 40 40 24 24 0 48 48 64 56 24 40 0 8 16 24 48 48
4374 4374 37 26 66 27 38 12 0 4 41 11 9 58 27 29 34 62 25 58 33 14 13 27 44 46
4761 4769 36 70 1 11 61 10 36 13 15 35 14 36 70 8 38 50 71 13 66 10 66 27 21 68
933 936 52 15 70 23 19 42 69 1 5 4 58 54 32 22 64 45 17 59 8 24 60 58 33 11
1124 3158 36 0 40 40 60 6 42 28 16 6 68 32 44 52 48 66 62 38 0 24 12 26 24 34
4649 4649 48 16 17 39 39 29 57 21 69 2 62 57 31 28 17 41 29 9 22 14 60 58 44 29
1138 1148 58 50 59 24 14 15 8 6 71 25 38 24 9 7 17 24 58 3 52 46 54 48 13 13
1647 1687 68 8 60 62 40 50 42 38 30 44 18 48 30 52 56 14 26 14 44 56 32 28 0 40
1159 1561 3 57 26 38 2 12 51 23 41 39 41 18 38 21 64 3 38 14 68 46 15 43 1 64
4115 4115 41 8 0 66 37 45 8 8 49 11 8 21 24 67 12 47 5 52 67 12 46 64 30 32
4536 4557 48 24 62 37 47 54 66 1 47 64 0 19 12 39 6 28 23 10 28 71 33 35 65 36
912 938 4 16 20 56 36 32 8 64 24 40 64 44 4 4 24 64 56 32 16 56 4 60 8 8
90 265 36 33 12 28 30 27 23 3 11 27 53 40 67 61 36 38 0 14 23 61 1 54 36 41
1567 1567 14 4 51 2 11 35 20 71 41 30 33 5 18 1 25 70 49 35 34 49 43 63 65 40
3135 3141 18 50 4 7 28 57 67 40 55 5 6 61 26 43 18 47 39 65 27 12 19 16 31 32
1813 1841 34 66 2 65 22 52 20 44 34 71 70 11 55 16 0 45 45 45 68 12 64 1 30 9
3860 4348 51 61 66 52 33 18 71 12 11 25 70 71 12 5 6 22 38 60 26 23 39 59 68 62
2706 2706 57 58 49 33 47 4 46 65 17 50 65 67 70 1 1 29 32 45 5 65 8 25 69 23
3116 3126 52 70 54 34 66 54 40 46 46 22 38 68 56 6 8 2 28 42 26 42 52 54 24 50
2336 2342 30 63 33 63 9 60 21 45 42 48 27 12 6 69 12 27 30 21 15 30 45 39 30 45
578 2552 17 46 48 8 36 19 13 61 66 46 55 25 30 8 20 14 57 56 4 13 48 15 69 39
3798 3798 24 28 20 36 24 46 70 64 10 60 18 18 38 56 52 8 10 30 68 68 66 68 4 42
48 71 47 61 7 37 21 2 41 63 9 12 29 47 31 50 6 71 16 9 55 31 42 10 27 40
1732 1734 42 39 71 48 25 19 47 11 61 60 22 12 43 9 3 54 48 56 2 25 49 71 41 40
88 4838 65 47 26 67 50 28 24 47 12 39 63 11 22 33 1 17 18 27 26 48 63 7 10 10
4065 4065 47 28 54 59 54 64 70 50 15 21 17 15 32 42 11 17 13 50 33 40 31 44 69 33
1134 1141 54 0 9 22 12 13 13 22 24 45 68 62 2 62 13 1 4 42 69 15 34 38 67 22
2454 2498 62 9 0 8 30 22 1 5 48 24 39 50 64 9 65 44 55 48 12 33 66 17 28 21
463 1103 28 47 1 34 42 36 45 45 65 71 65 63 58 12 16 12 55 65 20 26 21 35 41 10
1543 1543 0 0 0 0 0 0 0 0 0 0 0 0 0 0 0 0 0 0 0 0 0 0 0 0
3333 3355 27 33 24 29 3 32 39 35 30 17 55 51 42 47 34 62 17 67 38 27 54 22 37 59
1883 1903 56 58 12 22 49 63 37 40 20 70 32 34 38 33 5 28 33 49 4 31 70 11 29 27
30 3799 23 64 7 57 20 43 36 23 19 43 45 12 21 44 15 68 1 2 22 38 63 44 48 15
1198 1198 31 17 25 35 48 4 66 2 45 69 67 39 37 60 0 29 52 68 22 57 32 55 62 2
1176 1187 7 23 8 41 5 66 22 16 30 20 17 9 0 1 35 40 40 68 61 17 62 12 13 39
2955 2958 68 47 36 12 64 60 59 45 70 32 45 5 51 10 56 52 31 42 47 3 23 29 48 61
516 1490 40 62 70 59 54 59 12 55 14 36 28 22 53 56 23 19 64 52 34 35 60 7 60 49
4824 4824 68 27 15 62 9 64 57 62 71 69 57 54 30 18 5 64 18 16 60 34 45 41 11 54
41 49 26 69 58 52 69 52 43 63 66 24 9 30 3 53 40 7 28 30 2 57 53 29 55 61
3187 3223 21 43 13 11 60 2 42 38 58 58 46 51 39 67 42 62 61 40 0 63 56 30 22 45
556 4225 0 41 56 3 20 50 0 59 30 27 31 67 47 3 23 26 46 10 22 69 35 2 35 56
1541 1541 60 52 16 52 40 4 8 0 28 0 68 32 52 68 44 24 48 52 8 12 16 44 36 4
2447 2463 6 21 24 12 21 39 39 24 18 42 6 57 39 54 30 63 0 39 48 48 54 9 66 15
3726 3759 31 64 7 11 0 70 22 15 54 66 43 10 48 15 57 53 9 20 3 37 28 9 71 39
568 690 4 50 15 71 37 40 47 40 25 68 28 8 58 16 51 58 49 26 63 7 38 59 51 7
3068 3068 0 0 0 0 0 0 0 0 0 0 0 0 0 0 0 0 0 0 0 0 0 0 0 0
1491 1511 12 39 6 36 31 5 67 3 65 29 38 2 20 9 12 71 44 50 45 51 48 47 26 9
1383 1419 60 65 14 26 54 34 60 68 23 34 64 36 3 22 7 40 31 48 65 31 1 20 60 67
2532 4377 51 17 70 59 18 9 13 4 28 22 17 6 15 12 44 35 15 29 29 30 15 14 24 64
3512 3512 38 71 1 36 19 12 67 48 27 49 60 20 58 62 10 49 63 37 41 25 9 45 47 53
702 709 14 54 49 54 61 64 64 46 54 28 36 8 30 27 39 42 49 14 7 47 33 24 57 19
2490 2528 9 2 16 38 65 1 20 57 59 13 58 68 61 32 58 34 16 66 65 48 40 34 61 21
670 2936 17 71 63 28 71 8 65 4 18 59 62 59 3 57 11 13 28 5 20 23 64 68 32 26
2634 2634 34 63 14 54 43 56 0 58 2 13 49 42 35 2 64 20 22 68 46 46 9 26 32 24
4828 4829 46 37 53 36 19 48 2 56 42 21 61 54 30 21 16 36 26 2 0 67 0 67 40 13
3193 3197 40 17 32 46 70 40 46 40 40 43 60 23 59 42 4 15 41 35 27 29 70 42 10 10
745 1342 71 45 39 10 64 71 17 53 7 25 71 15 6 10 61 68 38 44 39 71 2 71 22 39
4203 4203 41 45 21 10 63 58 3 12 17 43 50 47 64 36 25 63 55 36 16 43 58 17 24 70
2641 2649 25 59 71 29 18 45 6 1 25 66 49 9 57 68 53 3 64 70 21 68 48 35 45 43
3682 3716 0 4 40 64 32 0 46 70 26 44 64 14 38 24 46 60 64 8 16 6 58 24 16 16
298 689 26 48 28 62 4 30 64 64 4 10 38 18 4 14 22 28 44 66 12 36 2 58 48 54
38 38 68 9 0 25 28 6 27 53 64 7 10 27 20 22 31 70 23 34 7 23 5 56 23 65
2590 2601 9 52 15 16 26 63 50 59 22 29 48 5 8 43 66 22 50 18 62 50 45 70 29 46
524 553 60 18 63 68 53 12 13 45 47 8 41 65 48 61 21 31 53 70 52 20 68 54 44 0
252 1247 24 14 70 11 4 28 33 0 49 61 20 23 61 30 34 60 9 37 51 56 21 35 52 36
2536 2536 36 60 60 6 63 0 9 0 27 0 39 57 66 3 51 63 33 48 24 33 24 3 30 27
465 480 7 63 54 53 9 26 56 2 49 61 49 16 17 23 40 7 68 57 35 55 52 35 56 38
487 524 23 34 8 47 3 65 32 28 60 70 25 57 19 9 36 64 66 26 31 49 49 4 9 19
902 1807 37 46 67 44 43 22 4 24 44 26 57 10 17 13 65 22 29 7 46 27 9 27 47 65
1943 1943 36 46 64 22 20 20 40 52 48 62 18 42 12 18 60 22 62 6 14 10 64 8 20 62
3605 3627 24 8 19 47 62 42 68 29 0 47 4 64 22 64 66 35 51 25 55 49 13 63 64 52
2 14 2 17 29 36 20 69 54 5 46 11 0 32 26 50 40 21 0 13 38 38 55 48 71 50
921 3297 21 62 36 71 3 33 58 59 1 50 8 16 11 23 55 15 21 71 43 66 64 67 52 67
1680 1680 23 47 62 62 1 3 55 19 47 25 0 62 37 29 1 37 37 7 1 31 59 41 29 34
4230 4246 68 66 13 8 27 71 38 16 24 66 56 61 54 15 14 17 50 38 61 16 18 64 2 25
298 317 6 4 4 34 24 61 5 62 34 16 42 69 33 47 18 23 14 40 58 14 54 36 71 48
3792 3841 58 33 49 49 7 39 10 64 45 22 15 45 38 29 36 25 22 23 14 67 66 60 38 54
956 956 48 15 33 6 52 5 44 65 28 19 42 11 15 65 67 59 0 1 3 62 51 6 48 20
4735 4741 18 10 58 71 4 54 38 58 51 50 46 44 38 8 7 68 37 55 54 30 47 33 51 16
2977 3014 24 44 44 40 32 36 52 36 0 8 32 44 40 36 16 20 36 64 16 68 68 48 52 32
107 704 45 6 10 1 54 45 61 54 26 17 61 55 18 22 32 35 62 14 48 11 40 63 41 32
82 82 17 70 63 44 52 71 42 51 58 2 57 29 71 66 40 55 14 29 44 56 21 30 60 5
2336 2354 6 1 48 36 35 68 21 63 40 36 0 32 22 17 55 26 44 27 9 6 60 10 48 61
4551 4564 34 10 67 37 4 45 33 13 23 41 20 51 0 23 5 55 34 29 15 57 25 19 51 22
252 485 34 36 40 52 52 54 60 14 32 38 68 66 28 70 28 36 12 64 66 2 28 12 48 48
426 426 48 60 0 60 0 48 48 24 12 12 36 60 48 48 60 36 48 36 36 0 12 36 60 60
1319 1341 14 54 5 1 60 44 26 67 62 47 55 53 9 31 16 53 63 52 32 38 18 45 10 39
1093 1136 13 36 11 36 15 22 13 25 3 67 46 6 12 26 26 3 70 39 66 19 48 56 47 4
2494 4377 62 8 35 18 52 10 25 19 17 16 0 5 21 59 64 22 42 21 2 20 12 17 62 61
4404 4404 50 26 9 46 25 3 30 29 61 35 27 51 28 63 11 3 68 51 68 61 46 2 3 52
1946 1964 36 24 22 41 65 60 18 34 58 5 4 64 4 2 37 53 33 23 5 16 47 61 53 16
1529 1558 30 8 17 61 25 61 23 53 5 46 12 70 41 9 68 22 3 60 29 29 29 20 60 28
148 1263 5 0 11 23 69 65 54 27 43 11 42 65 69 4 12 5 20 60 27 19 45 33 43 33
2296 2296 15 31 31 50 42 16 39 34 50 43 57 59 48 18 69 39 40 58 45 18 15 55 65 48
436 444 46 0 5 55 34 67 50 68 56 22 4 38 56 32 49 9 63 5 60 26 52 62 42 8
4858 4876 12 46 30 22 60 60 68 28 48 20 4 40 12 56 44 54 16 58 60 62 64 68 50 46
10 149 49 18 54 41 25 68 20 48 19 43 35 8 22 55 7 35 12 31 3 69 49 40 28 20
2747 2747 36 36 36 0 0 0 0 36 0 36 0 0 0 0 0 36 0 0 36 36 0 0 0 0
2809 2821 52 9 57 56 38 44 24 50 38 12 39 16 1 31 34 36 62 32 26 68 2 50 22 26
2744 2788 33 22 16 41 8 26 62 33 31 8 43 59 34 45 36 7 25 8 1 64 48 9 15 51
1173 1351 42 70 28 64 3 35 22 58 67 61 1 16 45 65 55 65 70 36 40 15 33 25 11 20
242 242 0 0 0 0 0 0 0 0 0 0 0 0 0 0 0 0 0 0 0 0 0 0 0 0
1848 1863 26 17 58 64 16 43 14 32 10 6 13 61 64 5 50 26 65 16 42 59 66 17 66 54
4704 4744 60 53 10 8 28 14 25 7 12 15 11 42 71 23 2 24 67 42 28 69 48 38 17 61
85 4285 17 47 68 67 58 47 45 0 24 59 11 59 52 37 5 71 56 51 5 22 71 24 16 63
2118 2118 16 66 16 11 38 62 36 22 7 53 16 3 66 3 11 47 0 21 58 8 48 1 66 48
354 366 59 67 20 27 29 25 29 31 65 30 1 46 45 35 47 65 27 46 13 71 30 13 63 19
4096 4111 34 66 40 18 20 6 2 68 60 0 18 44 70 2 50 38 4 24 16 60 30 42 52 52
1000 1155 3 0 9 9 36 50 53 29 59 10 70 60 40 28 63 20 8 49 38 35 36 4 67 11
4307 4307 12 37 11 32 51 1 10 60 29 63 3 34 5 4 48 71 18 15 12 2 58 61 66 2
3956 3970 24 2 54 60 55 26 38 21 67 37 23 64 17 42 48 0 21 6 37 60 51 42 19 33
3375 3382 13 44 45 60 46 54 45 19 14 23 18 28 65 28 22 71 56 31 68 66 45 12 51 51
2125 2228 28 34 34 62 10 16 2 54 12 14 50 66 42 46 16 28 12 22 40 66 60 56 18 24
824 824 10 31 38 11 62 3 14 37 39 26 24 51 7 27 3 11 59 23 62 57 9 37 3 7
664 671 40 14 12 10 64 54 36 54 24 36 28 6 34 16 18 62 6 36 62 12 0 36 64 8
4950 4970 44 49 52 17 44 24 42 29 14 25 0 58 63 32 5 34 62 60 25 70 53 48 18 45
683 1498 19 1 54 65 28 64 32 51 57 67 44 30 59 59 27 63 61 59 49 1 1 39 47 27
109 109 0 0 0 0 0 0 0 0 0 0 0 0 0 0 0 0 0 0 0 0 0 0 0 0
2629 2637 8 0 28 30 29 22 30 20 58 53 65 15 61 34 41 7 41 16 26 14 42 7 10 39
1676 1678 8 38 54 50 42 66 24 56 26 66 10 36 14 50 40 52 52 56 42 54 68 30 60 38
638 758 33 45 39 45 39 15 18 63 33 36 45 57 18 15 18 69 30 42 12 33 30 15 30 66
4927 4927 0 0 0 0 0 0 0 0 0 0 0 0 0 0 0 0 0 0 0 0 0 0 0 0
3040 3041 57 69 27 30 33 6 27 69 9 69 12 60 60 15 0 42 24 60 60 45 51 57 18 6
34 41 47 13 6 32 68 26 2 70 7 51 50 32 67 20 46 46 57 35 0 68 31 10 6 13
286 3490 40 18 36 44 52 29 62 43 27 39 30 9 34 41 61 45 67 27 51 36 27 30 16 41
2376 2376 7 52 25 55 51 9 62 69 47 43 27 27 13 48 11 38 32 27 38 53 30 43 71 31
1090 1100 34 7 16 5 56 52 2 33 41 60 6 52 32 18 66 0 57 43 10 69 68 62 21 37
3283 3296 50 14 14 13 18 59 50 55 57 71 70 12 23 15 29 20 48 11 67 36 19 20 40 18
728 1503 67 53 57 51 8 5 5 51 20 57 36 48 63 52 31 18 22 64 17 49 18 29 6 62
1934 1934 0 0 0 0 0 0 0 0 0 0 0 0 0 0 0 0 0 0 0 0 0 0 0 0
1304 1307 0 39 66 14 35 62 70 59 37 65 18 2 61 63 56 63 21 5 23 12 44 6 39 40
1470 1507 12 68 55 16 20 57 18 28 38 32 36 30 54 16 56 23 47 28 33 14 36 42 55 50
1105 1112 47 65 18 70 46 56 48 2 60 35 35 26 41 30 51 55 66 64 30 19 28 48 47 6
4044 4044 55 35 55 8 13 15 53 61 36 48 44 42 32 6 29 0 66 20 12 23 24 52 36 62
1548 1568 70 53 46 43 58 37 54 42 12 9 48 2 19 32 38 40 45 39 19 45 29 13 45 13
3024 3051 40 17 64 10 35 68 10 9 36 68 38 45 56 39 8 69 54 67 21 53 22 50 59 70
2806 3966 24 40 8 0 24 40 64 40 40 24 0 0 8 8 64 32 40 48 56 56 48 56 16 24
3131 3131 26 46 71 40 27 23 70 65 35 31 22 3 51 13 19 25 44 40 22 6 36 20 62 20
1868 1884 47 71 43 58 58 49 37 46 29 69 57 38 67 65 59 54 57 60 38 62 55 10 5 40
505 549 14 63 53 43 69 13 23 57 31 8 32 35 13 25 41 17 41 16 37 41 34 43 39 10
61 3141 7 37 35 54 40 1 22 61 40 3 14 64 21 10 17 59 53 59 34 32 61 2 31 68
138 138 8 70 20 54 55 56 66 42 49 24 31 33 38 64 21 8 18 2 11 20 29 44 21 23
3059 3074 48 40 16 4 22 42 22 30 56 52 56 50 50 24 12 60 48 34 28 0 20 48 52 2
778 801 19 27 42 54 32 56 41 29 36 8 29 59 58 32 30 65 70 22 54 1 61 18 15 67
1008 4586 16 44 25 62 15 6 24 47 30 2 29 29 13 65 16 44 64 59 40 7 18 54 40 42
2848 2848 58 23 28 58 22 69 3 10 50 46 53 45 71 23 22 37 53 14 65 1 10 18 49 33
1883 1895 41 11 56 16 4 2 70 28 6 42 65 3 2 56 27 15 6 23 35 69 11 55 4 58
1997 1997 68 13 13 30 57 5 37 32 4 5 59 65 62 66 52 1 53 4 56 25 62 10 8 60
754 3168 61 61 51 5 37 32 11 52 3 64 13 51 54 55 58 18 63 69 13 34 6 17 60 12
4970 4970 49 52 55 45 47 15 41 60 30 22 65 56 35 62 35 21 39 46 30 55 24 63 49 3
1671 1692 71 52 43 59 2 60 5 59 39 2 59 30 56 69 38 59 46 50 50 39 22 27 25 18
684 725 55 35 31 23 47 69 16 4 61 54 59 69 1 56 68 65 58 23 64 41 3 39 16 8
334 3037 66 61 64 14 57 31 2 3 19 60 60 70 65 27 42 64 59 41 63 29 11 37 52 27
4367 4367 55 55 40 71 24 67 54 33 7 66 12 22 41 49 13 71 66 39 11 13 26 65 65 7
4510 4531 60 21 9 28 30 67 62 11 25 32 23 68 40 48 63 20 20 42 66 46 6 53 31 51
3352 3370 0 1 26 65 68 12 54 3 66 38 60 65 64 1 17 44 29 6 59 21 2 37 63 6
1079 1228 53 55 60 36 52 68 0 10 63 29 10 14 63 63 20 7 71 71 62 22 43 2 23 27
4054 4054 0 24 0 36 24 0 48 12 48 36 36 24 60 12 60 12 24 60 0 48 48 48 0 60
2805 2811 63 65 26 13 62 67 42 26 52 21 11 7 43 17 62 4 6 48 43 51 43 46 23 29
3836 3856 13 60 40 8 42 50 67 41 2 6 28 51 46 3 57 6 45 4 16 43 22 24 9 56
42 1267 1 39 44 19 68 59 59 70 25 37 67 59 52 16 31 35 42 31 53 53 11 40 9 8
4737 4737 8 65 8 61 55 24 4 32 48 1 51 8 62 53 59 59 32 1 59 36 9 23 58 35
2989 3009 27 49 43 54 19 45 8 0 33 26 61 34 26 30 64 9 70 58 71 27 6 35 8 25
2191 2220 70 10 30 36 20 0 42 20 54 8 36 28 14 50 56 16 46 42 20 42 42 18 54 34
154 2021 5 4 25 48 26 16 68 39 71 39 15 30 7 0 24 66 27 18 11 34 47 29 19 38
2895 2895 28 48 48 16 36 64 36 68 32 56 8 60 56 60 60 8 60 24 16 8 56 4 36 64
2566 2587 51 47 44 32 28 62 15 29 54 5 65 33 53 37 61 22 33 40 37 45 68 4 51 6
1811 1818 61 5 7 14 6 1 71 10 6 38 44 8 64 16 32 69 57 43 64 3 70 1 58 11
2435 4081 12 6 57 18 48 48 15 39 18 24 51 57 39 45 36 27 24 42 45 51 51 9 21 9
518 518 64 56 49 18 19 3 13 6 46 55 67 47 69 2 63 35 25 49 38 27 59 2 23 6
1363 1376 8 53 19 39 8 9 32 33 59 59 31 32 39 57 60 33 19 61 23 51 19 6 53 39
675 716 20 33 32 37 13 7 42 30 41 20 24 58 17 40 19 68 22 58 32 28 42 41 31 24
2298 2872 11 44 64 21 53 44 52 44 22 44 28 54 22 0 59 13 22 29 61 6 50 33 51 39
805 805 46 50 39 6 68 59 38 64 51 52 39 20 31 54 70 58 44 10 33 70 55 71 39 52
3233 3241 27 71 29 59 18 7 56 65 21 46 50 30 52 15 35 46 43 38 28 64 47 28 29 44
886 907 51 5 71 42 49 64 70 16 64 34 27 9 61 65 39 36 19 51 13 60 17 0 9 58
1175 2525 18 29 50 41 70 65 38 69 36 14 11 52 67 64 29 27 37 44 43 68 60 11 30 13
2372 2372 50 33 50 34 33 55 61 40 20 35 16 33 45 9 26 68 40 34 34 42 60 14 26 23
69 89 16 36 34 46 68 46 51 1 62 16 40 38 43 50 71 44 18 61 5 53 50 41 5 42
3801 3844 41 26 30 13 71 44 2 54 67 67 15 10 59 41 55 50 46 67 63 30 62 26 70 53
1085 4046 60 11 31 68 28 34 25 11 50 16 21 32 42 39 18 41 20 66 22 2 36 47 27 17
4408 4408 32 18 24 50 18 20 0 71 67 61 12 9 12 21 69 63 53 4 51 13 27 7 49 38
1136 1153 8 24 48 40 64 0 24 0 56 8 16 40 16 64 56 56 56 56 64 16 0 64 32 48
2250 2282 69 30 3 15 41 66 67 55 47 5 4 40 26 42 48 48 14 5 35 56 15 43 5 15
1757 3292 26 52 34 33 51 40 57 54 66 1 15 71 25 60 48 70 68 45 64 42 69 20 33 14
4475 4475 16 68 40 68 60 20 52 44 56 0 20 68 56 56 44 52 12 12 36 56 16 16 8 28
4603 4604 0 0 0 0 0 0 0 0 0 0 0 0 0 0 0 0 0 0 0 0 0 0 0 0
670 686 54 33 5 53 12 43 71 17 13 8 33 62 50 24 14 23 22 69 18 33 59 24 35 59
1192 1783 51 26 38 64 50 64 22 66 15 46 65 11 24 47 0 31 2 0 16 39 66 34 17 55
885 885 25 32 27 26 37 39 53 53 29 7 57 35 34 10 61 55 0 15 31 20 50 17 60 12
1591 1614 26 6 36 8 42 10 28 59 30 52 21 44 57 9 8 27 48 24 41 59 8 33 0 1
3793 3821 31 57 21 19 36 23 21 46 35 69 15 3 28 27 39 11 53 2 55 32 43 24 49 67
3086 3229 47 9 54 2 41 32 59 63 6 19 60 67 36 63 31 5 35 53 56 8 18 71 16 46
3855 3855 55 19 38 26 6 41 37 53 31 7 65 13 71 10 43 66 36 66 43 14 2 20 67 58
1322 1333 7 29 53 40 12 15 15 70 51 9 58 27 14 26 8 0 55 59 36 11 46 2 17 52
1553 1584 63 54 0 12 9 12 66 57 15 60 54 30 30 21 21 54 60 21 42 60 21 18 6 66
544 1198 37 4 17 65 59 52 67 19 54 69 30 8 3 48 40 1 2 18 38 0 31 55 6 11
3232 3232 0 0 0 24 24 48 24 48 0 48 48 24 48 48 24 0 24 0 0 48 24 24 24 24
70 73 56 48 21 27 31 8 51 55 4 69 14 5 48 64 3 10 14 28 22 29 18 56 39 11
3609 3638 10 19 68 36 68 58 6 30 45 36 3 58 34 38 35 31 44 33 5 51 69 0 64 28
325 346 38 32 37 37 47 23 23 37 42 17 71 26 32 1 62 44 48 46 43 3 56 46 27 55
3867 3867 49 9 60 33 56 64 41 52 43 70 35 50 64 13 48 25 27 47 10 12 6 41 70 58
3516 3539 46 30 58 19 21 9 16 60 32 42 16 9 52 66 54 13 28 21 45 57 2 61 1 36
897 905 15 71 23 39 63 42 47 39 37 21 49 35 7 10 40 57 70 1 45 40 56 71 60 1
784 990 35 66 42 11 69 36 23 25 12 20 58 63 35 58 11 64 53 63 8 47 42 66 50 68
4138 4138 30 68 68 44 18 48 36 40 12 24 20 22 14 4 62 2 58 26 4 28 4 44 62 14
2522 2533 28 26 68 40 1 47 30 47 64 21 24 41 43 16 56 60 31 70 53 10 22 15 71 50
1839 1874 44 8 52 36 64 68 8 8 8 36 44 24 32 40 16 16 16 36 40 8 24 24 48 20
203 244 11 51 24 27 40 20 53 31 35 30 8 1 30 30 44 38 68 60 49 23 48 66 39 15
2114 2114 0 0 0 0 0 0 0 0 0 0 0 0 0 0 0 0 0 0 0 0 0 0 0 0
2391 2392 50 27 5 55 29 12 61 69 43 19 14 21 56 23 3 20 24 28 30 45 4 29 27 59
4373 4420 65 14 45 50 53 7 41 49 25 52 63 23 3 47 52 53 64 17 14 33 42 70 33 42
3122 3474 52 23 1 19 27 63 25 25 40 56 53 38 47 25 4 44 61 28 55 21 11 58 12 46
3911 3911 16 0 64 24 36 28 40 68 44 32 64 40 32 28 0 52 68 0 16 60 64 32 68 68
3061 3066 65 25 3 23 23 64 60 27 53 49 28 17 27 48 47 60 50 20 27 31 63 67 26 28
883 887 60 60 24 36 0 48 0 54 60 66 18 6 60 18 54 42 54 18 54 24 36 24 60 12
1906 2747 38 56 22 66 34 38 28 30 48 52 48 46 42 36 6 52 32 22 54 12 10 54 40 14
1087 1087 5 11 21 16 34 13 15 54 1 69 25 63 68 20 27 43 47 70 30 17 20 46 57 15
4419 4429 36 42 3 42 51 60 9 9 57 18 27 21 33 0 9 30 18 66 15 3 42 15 39 39
1440 1471 62 7 20 59 10 20 13 57 65 67 44 45 19 21 16 23 36 16 17 25 46 25 64 60
214 251 24 1 49 31 26 16 17 23 6 38 0 6 52 2 29 35 43 45 49 11 66 36 12 22
4303 4303 47 25 60 56 57 14 34 23 14 7 16 53 69 39 63 66 60 27 12 46 62 37 48 16
3449 3463 0 29 36 9 9 30 53 32 32 25 40 55 17 66 55 49 33 70 71 23 4 55 15 71
3219 3254 40 63 38 65 40 20 11 37 16 57 42 16 38 63 19 25 50 54 60 40 9 65 34 13
419 589 1 41 64 27 51 44 39 26 40 0 29 6 29 20 5 44 67 52 16 44 64 8 9 9
876 876 17 67 61 58 8 47 44 66 62 33 45 64 48 11 32 12 5 69 58 68 13 23 27 37
2806 2825 8 6 20 28 0 28 22 48 54 68 40 46 24 4 8 34 2 18 50 58 64 12 66 52
4845 4860 9 10 64 48 58 0 12 61 48 58 56 51 51 60 28 4 14 37 9 59 25 56 22 52
124 3390 22 66 17 57 45 25 67 58 40 5 49 31 33 27 5 1 15 15 68 13 66 25 62 71
435 435 12 18 48 60 48 36 60 36 42 0 54 12 36 42 30 60 30 42 60 24 54 36 66 6
2874 2879 9 1 22 16 36 50 35 68 3 29 45 4 22 25 52 16 0 1 36 6 4 48 45 52
4604 4613 8 46 5 53 22 5 40 9 35 30 26 59 45 38 3 50 36 41 23 51 28 39 23 33
1382 1805 57 6 63 4 29 41 22 29 48 40 43 1 71 5 18 7 18 3 38 67 34 49 30 28
187 187 56 62 25 39 62 18 40 61 36 14 71 28 46 16 43 14 31 22 40 52 56 5 21 57
1966 1970 47 65 54 12 5 56 47 32 12 5 36 48 8 31 36 33 11 53 19 31 11 13 64 53
1146 1167 50 17 23 65 60 51 14 50 11 42 45 70 69 8 32 9 17 23 71 40 31 62 15 4
308 802 52 2 16 54 2 6 34 8 24 68 38 10 8 12 58 14 56 2 32 28 6 26 38 34
2285 2285 53 2 69 30 21 50 61 56 68 55 50 39 58 6 27 37 48 47 68 50 69 16 62 44
2390 2404 65 34 17 3 61 4 5 51 23 20 27 7 59 32 62 41 17 69 49 27 15 66 50 5
3129 3145 21 50 25 56 8 23 40 60 6 37 49 17 67 12 25 28 19 45 26 27 52 12 60 50
2252 4053 42 8 38 22 36 70 50 25 1 19 10 51 0 10 44 35 28 26 59 29 18 52 51 50
3040 3040 67 47 9 10 59 26 9 23 27 23 4 44 44 53 48 38 56 20 68 63 41 67 54 50
1792 1799 49 30 61 57 39 46 7 4 68 28 20 35 15 41 31 30 37 19 67 37 9 70 17 47
1363 1364 0 0 0 0 0 0 0 0 0 0 0 0 0 0 0 0 0 0 0 0 0 0 0 0
1666 4773 71 46 29 67 37 22 8 70 59 11 5 7 42 5 64 54 8 70 27 55 16 34 44 15
1557 1557 36 64 68 24 20 0 12 60 16 64 36 28 60 44 8 52 40 52 60 60 16 36 20 68
434 453 8 62 30 19 39 31 7 1 36 41 46 24 29 58 48 63 30 47 1 33 45 8 10 14
3374 3411 9 23 8 56 34 13 31 34 66 50 33 25 46 68 43 15 10 53 27 61 12 6 31 53
2348 2910 5 20 41 36 42 32 27 60 11 55 21 61 5 4 26 30 70 26 12 42 45 42 39 71
3540 3540 66 30 28 2 64 10 42 28 46 18 50 48 56 68 60 18 24 10 54 12 56 22 10 34
950 951 64 61 30 67 53 1 26 30 66 24 53 61 67 40 2 42 14 31 4 61 22 63 16 19
2189 2195 39 22 39 49 4 11 38 24 46 3 65 33 15 43 32 58 44 17 14 33 65 57 52 45
1647 1839 41 39 63 59 5 18 48 0 4 33 11 67 71 21 37 22 41 36 27 3 64 61 49 30
1636 1636 61 14 42 11 51 47 39 29 6 49 30 8 8 53 6 33 13 55 14 61 63 24 12 56
1175 1184 65 19 17 54 56 67 67 6 55 41 7 10 24 62 39 30 58 62 17 33 12 35 70 38
3566 3612 0 0 0 0 0 0 0 0 0 0 0 0 0 0 0 0 0 0 0 0 0 0 0 0
2076 3142 47 28 0 23 46 27 69 28 35 19 22 2 66 42 1 70 9 6 65 6 21 33 25 60
2051 2051 18 63 0 45 18 45 27 36 36 45 36 45 27 45 0 54 63 0 18 54 27 18 36 18
4301 4305 20 46 3 50 15 1 51 4 24 10 51 63 27 15 0 34 34 59 59 39 53 50 4 38
2097 2106 18 33 25 62 65 25 57 46 10 66 30 43 38 33 9 9 58 36 50 19 16 38 12 36
2227 3178 45 55 23 36 61 58 57 10 35 67 34 58 3 54 71 46 18 57 63 54 36 0 19 15
4315 4315 0 0 0 0 0 0 0 0 0 0 0 0 0 0 0 0 0 0 0 0 0 0 0 0
4076 4094 45 43 67 8 24 15 14 8 61 51 19 40 11 51 29 45 33 3 58 21 33 32 62 28
2456 2489 9 61 67 57 16 46 55 23 20 46 8 33 25 68 33 33 18 54 48 22 53 34 16 52
2411 3938 50 21 71 65 25 70 32 36 10 49 12 2 27 44 24 34 35 22 66 19 52 11 6 55
3716 3716 63 39 57 17 58 25 14 39 3 36 60 61 2 37 68 67 42 55 52 59 68 28 44 21
1838 1850 16 66 48 24 35 46 59 43 23 43 49 15 49 15 30 6 58 46 41 9 49 29 48 43
1572 1578 18 47 2 33 17 20 62 27 9 28 51 38 66 29 38 57 65 9 52 35 2 48 10 25
1706 1919 48 47 26 4 29 22 0 62 9 60 66 62 12 4 25 17 4 1 11 2 52 44 46 71
2840 2840 69 17 13 24 57 10 54 62 51 60 6 42 70 56 42 57 46 14 5 12 27 39 23 63
3468 3484 52 52 36 46 57 53 66 24 55 54 66 31 12 33 68 41 22 7 42 31 23 12 42 12
4104 4134 68 24 10 58 16 19 42 24 9 30 14 54 57 1 56 65 46 47 65 57 10 46 27 16
3402 3826 49 41 65 6 25 52 59 28 30 4 34 12 52 53 40 58 11 69 58 27 38 1 69 1
2222 2222 0 0 0 0 0 0 0 0 0 0 0 0 0 0 0 0 0 0 0 0 0 0 0 0
4406 4410 47 4 2 47 42 68 38 21 17 38 37 52 59 38 23 50 12 68 15 58 71 66 6 4
2890 2928 49 63 12 24 47 25 17 33 3 39 68 50 64 35 20 34 41 15 32 71 17 59 18 53
140 3379 18 63 0 4 70 55 71 13 16 57 39 2 43 44 55 47 2 70 52 60 6 3 65 17
3903 3903 35 64 62 46 43 60 21 66 42 28 38 55 61 33 25 28 61 64 71 7 69 43 49 66
855 866 23 56 5 42 46 28 55 52 52 47 61 12 25 22 59 37 59 3 65 5 64 64 42 21
2434 2434 4 25 14 70 52 39 51 64 44 11 14 69 21 49 50 25 56 40 50 19 63 64 42 15
145 520 67 0 48 10 57 34 52 25 37 16 56 51 13 65 4 61 68 62 16 67 0 12 35 53
820 820 21 11 5 50 29 37 49 44 66 65 49 17 63 35 10 49 7 69 51 16 33 0 38 46
4874 4875 0 10 59 26 20 69 48 14 34 0 70 1 16 56 29 58 64 6 22 40 10 15 64 36
3865 3879 54 67 61 51 25 5 3 45 4 27 24 22 32 65 16 13 64 50 12 37 0 46 46 48
953 3797 40 70 40 6 70 64 4 24 10 26 2 0 70 46 62 38 34 4 62 24 36 34 66 68
4996 4996 32 33 42 64 34 41 12 64 53 10 39 20 10 31 66 48 50 27 53 7 7 12 61 29
81 86 61 24 31 18 26 17 65 22 19 69 42 50 22 15 18 38 26 63 35 34 25 69 26 32
1595 1640 67 61 7 32 62 28 47 19 11 58 29 39 67 46 61 21 57 26 71 10 42 66 37 3
2370 4117 67 43 29 54 69 43 17 36 16 27 56 28 12 43 35 22 45 47 0 53 1 64 56 35
2473 2473 35 4 69 23 51 32 54 2 41 35 43 1 61 52 60 5 46 40 41 7 31 1 56 47
1473 1485 31 66 55 52 45 33 3 35 12 2 58 32 34 8 43 12 9 7 59 4 61 54 40 38
2444 2460 27 45 11 14 26 30 31 58 10 70 31 55 24 56 3 0 0 47 32 22 40 45 26 9
60 72 24 16 48 24 24 48 8 16 24 24 24 56 0 8 56 8 40 32 24 64 24 24 16 0
4446 4446 46 10 44 26 7 35 12 14 56 52 62 23 59 47 7 59 33 49 46 65 34 21 68 46
3583 3591 42 30 12 24 6 18 0 48 6 48 24 54 30 54 54 54 66 24 6 18 0 24 12 6
1798 1829 48 23 11 64 37 15 65 53 32 67 0 39 65 2 62 52 42 6 66 22 42 58 57 35
386 2948 59 44 7 47 15 6 34 21 16 10 1 40 68 20 27 71 39 52 52 42 15 2 34 5
4324 4324 52 64 60 8 44 12 68 0 0 4 68 0 0 36 36 44 36 36 20 16 4 56 28 68
2568 2589 25 57 47 43 19 57 64 44 2 65 9 36 19 28 58 66 41 51 42 19 18 17 10 0
3676 3719 17 53 64 30 15 50 58 11 18 67 3 42 44 18 58 25 24 22 36 64 65 27 57 64
383 484 2 48 52 50 26 36 53 16 11 52 48 19 0 37 66 25 69 3 48 14 7 64 64 61
2020 2020 30 62 16 22 16 62 54 25 60 48 45 38 61 8 48 0 22 70 64 54 47 36 69 26
2333 2338 51 47 61 41 16 17 2 20 71 68 4 48 48 7 8 31 39 52 59 69 15 36 12 64
4405 4414 38 45 1 21 63 8 26 26 47 44 16 40 51 47 65 1 43 60 63 34 41 39 13 68
46 57 50 59 60 52 69 28 33 1 13 70 1 10 50 70 29 59 2 0 17 31 4 2 49 15
1018 1018 19 60 68 1 11 47 2 66 28 38 33 26 8 27 13 45 55 43 18 60 29 4 47 26
3088 3106 68 59 27 12 17 42 21 48 43 55 2 32 37 61 18 69 69 70 19 45 67 23 44 21
2363 2400 58 15 9 27 60 66 56 31 1 12 30 55 32 28 15 6 62 71 57 24 11 4 53 12
2117 4055 61 59 19 22 57 60 60 15 45 26 70 17 56 3 63 13 20 62 43 2 27 48 20 1
4831 4831 15 68 59 22 33 69 44 13 28 23 0 52 41 15 36 61 40 24 32 28 31 40 42 71
1552 1557 56 19 35 9 29 22 70 67 3 31 53 53 21 27 49 41 59 59 41 67 46 20 16 6
4041 4064 44 17 36 35 32 53 55 36 4 1 15 43 66 33 55 14 2 33 50 69 47 23 9 62
926 1069 58 8 15 50 56 57 42 67 33 20 2 16 16 20 7 21 53 38 58 32 24 35 28 22
4523 4523 68 29 69 40 13 56 26 17 34 22 0 38 24 67 26 36 12 67 4 15 55 35 15 33
325 341 49 1 23 35 49 28 7 29 30 3 32 20 40 64 52 26 23 57 52 49 9 10 12 27
2826 2870 65 26 4 0 14 3 24 69 60 30 49 62 24 65 40 43 34 12 66 20 43 62 12 49
780 1011 50 52 12 20 9 21 22 0 13 31 27 12 50 51 18 67 49 64 64 38 53 24 67 49
2976 2976 65 69 13 52 25 33 44 49 27 37 53 40 2 7 63 15 39 10 68 19 14 17 39 31
2263 2267 69 31 55 65 25 52 27 54 44 5 25 52 54 6 27 16 23 67 34 70 14 3 71 52
1131 1145 59 48 63 33 62 62 35 36 25 65 44 55 46 33 49 51 40 58 13 22 63 13 67 33
1781 1923 60 50 3 64 58 40 58 3 37 19 21 44 51 8 51 48 43 15 31 10 38 46 14 56
2744 2744 23 65 0 54 13 19 51 28 57 61 34 4 19 28 58 57 26 16 39 32 22 35 13 37
3332 3332 27 59 20 53 9 2 11 69 23 0 33 4 15 59 43 20 47 35 49 48 55 31 26 69
363 380 46 60 1 54 59 49 4 14 27 48 46 16 25 56 29 45 59 66 60 7 10 42 38 8
287 857 48 70 41 50 7 9 44 42 25 1 56 41 59 13 18 50 22 11 59 37 44 17 34 57
879 879 71 45 70 40 15 57 50 16 55 16 1 60 10 30 60 30 64 1 20 23 16 30 18 17
2809 2812 27 41 42 45 14 35 18 26 32 1 59 11 19 65 58 68 66 20 15 39 35 14 3 21
274 281 8 28 71 28 41 60 26 15 71 3 69 6 42 52 4 31 0 5 54 70 30 52 36 50
380 1097 38 17 61 66 58 69 40 27 46 71 63 55 34 18 23 15 1 32 1 62 58 40 20 29
2273 2273 15 30 24 21 66 54 57 3 33 63 30 12 57 54 48 69 51 18 0 24 36 36 60 27
2745 2745 67 41 58 35 24 32 26 21 70 5 24 56 4 25 59 41 57 2 8 51 56 23 46 17
954 990 59 1 27 33 8 10 47 43 33 61 45 1 42 70 63 52 66 9 14 1 46 28 20 38
14 42 71 28 63 19 58 13 70 22 50 13 55 61 19 30 70 26 22 69 35 5 26 44 62 52
1635 1635 60 12 24 60 12 60 24 24 12 36 36 36 0 36 24 24 48 48 36 48 12 60 36 48
4452 4465 42 54 45 24 66 0 27 39 39 36 6 42 63 54 33 0 24 3 33 24 54 15 30 69
3839 3883 65 1 1 27 38 12 33 16 39 56 41 41 54 24 30 46 34 14 52 59 30 58 57 3
1009 4936 49 18 9 2 57 1 52 66 37 25 46 45 69 19 27 14 60 19 12 54 50 47 43 52
2387 2387 20 0 60 64 24 64 16 68 12 8 24 24 36 20 52 24 60 60 60 24 56 0 60 4
4809 4831 42 62 40 71 54 41 40 16 41 2 29 29 10 40 16 28 25 57 22 54 31 4 34 40
4977 4985 10 45 27 19 15 26 41 39 7 32 7 1 1 38 60 26 40 23 13 17 25 19 29 68
1010 4051 49 17 51 36 24 49 63 69 47 70 69 70 56 45 40 59 58 20 38 36 17 55 68 47
4714 4714 16 52 15 34 8 57 15 52 67 32 44 59 13 14 65 49 43 68 5 58 35 69 61 20
1642 1647 54 59 0 38 63 43 26 16 13 43 18 1 17 55 60 5 30 61 56 34 45 35 65 25
4634 4665 22 49 29 48 60 20 52 61 25 55 60 45 2 38 26 50 2 33 54 42 57 33 64 39
1828 4456 65 49 1 61 59 37 46 44 41 68 49 39 1 4 54 43 44 44 21 59 22 28 2 66
2166 2166 41 7 19 52 47 49 23 18 67 37 46 55 53 12 13 33 2 67 52 49 51 57 60 17
4315 4322 70 32 2 22 30 14 30 42 48 4 60 4 44 40 18 50 48 14 48 36 28 8 28 8
770 801 42 25 63 3 12 19 7 9 15 23 19 2 65 65 13 53 12 18 60 17 5 30 3 69
514 1002 33 32 60 15 47 20 24 65 8 7 53 30 40 67 15 67 54 8 56 44 2 31 66 60
635 635 67 9 46 21 44 8 7 16 28 27 26 58 4 24 57 4 57 21 32 13 67 37 18 21
857 870 0 57 18 66 42 21 60 48 6 30 39 24 18 30 45 45 54 6 0 42 30 3 30 0
721 740 59 17 11 12 53 69 4 49 36 47 57 0 10 69 54 3 29 50 43 33 47 10 17 14
2160 2550 50 24 43 16 60 28 8 6 57 52 29 43 46 53 26 66 19 7 43 44 66 31 51 57
3897 3897 12 32 19 59 25 51 31 4 60 21 54 38 12 6 27 58 68 27 23 18 57 71 50 19
4667 4684 27 19 65 55 38 53 2 12 40 60 18 1 67 38 5 46 69 12 19 32 63 57 11 31
4172 4206 43 1 24 67 65 3 68 36 33 3 54 2 58 17 29 9 62 40 10 61 18 36 70 67
2214 4294 45 15 30 45 42 30 48 36 69 51 0 69 39 57 33 69 57 21 15 51 69 3 3 45
679 679 0 0 0 0 0 0 0 0 0 0 0 0 0 0 0 0 0 0 0 0 0 0 0 0
806 812 34 12 40 18 4 34 44 10 66 12 36 52 42 70 20 30 70 58 52 36 6 68 44 34
2067 2105 16 28 38 20 8 23 11 20 11 18 71 64 15 22 53 38 64 40 14 8 45 52 52 69
3299 4188 4 27 42 8 6 69 28 25 34 13 53 22 4 45 2 4 40 46 32 67 59 27 42 63
2691 2691 14 57 52 56 25 45 71 10 44 4 10 22 50 26 9 55 54 56 57 59 60 38 21 32
3991 4012 64 17 27 30 24 51 50 21 14 1 45 27 38 51 67 61 45 56 70 36 33 57 7 58
1654 1662 55 24 5 66 14 35 4 37 7 13 47 45 55 9 59 4 12 54 21 31 33 21 62 29
696 1273 8 14 6 31 34 7 59 8 46 32 36 8 18 50 43 63 8 69 66 38 7 61 8 41
3689 3689 63 36 27 9 36 27 0 54 9 36 54 27 63 18 45 9 27 63 63 27 54 9 27 9
4298 4305 13 48 67 53 20 50 30 21 23 41 65 57 2 7 30 62 29 27 36 53 42 71 23 46
4798 4829 21 23 22 26 42 46 48 17 17 15 29 14 2 48 21 43 0 17 34 42 53 68 1 32
449 1011 34 48 4 58 3 68 21 2 55 34 62 39 67 52 16 38 35 32 37 51 41 7 18 14
1240 1240 39 64 66 28 17 6 39 33 13 70 0 64 60 27 29 10 32 48 26 38 21 37 21 55
2419 2427 31 65 12 2 30 19 28 36 69 2 8 15 25 30 60 0 20 18 28 4 53 2 39 61
3854 3861 30 32 54 12 22 41 39 43 56 69 25 27 60 45 42 10 61 53 6 25 45 41 55 26
422 448 52 46 6 46 28 62 28 12 40 12 36 62 44 52 12 62 32 70 68 56 26 58 28 22
4975 4975 4 19 64 48 70 61 9 32 60 34 32 7 15 43 7 65 33 43 29 44 47 62 7 46
2426 2438 18 71 12 41 4 35 39 54 12 54 64 19 35 11 20 43 50 31 16 47 41 51 69 21
85 117 50 31 14 2 8 62 14 34 27 4 4 6 51 34 55 49 58 59 61 25 44 63 40 18
62 81 14 12 6 20 40 59 61 61 16 23 58 21 41 69 37 12 43 10 18 63 41 53 24 15
2110 2110 66 56 22 33 10 54 47 12 18 52 16 51 29 47 44 63 66 2 59 51 59 21 32 53
4201 4209 39 27 42 54 7 19 38 29 4 45 38 48 51 46 43 6 11 20 6 49 70 15 4 15
740 754 46 48 7 63 58 54 4 36 35 58 21 38 9 3 0 52 22 48 66 47 40 6 59 24
955 3564 24 57 56 25 47 5 38 23 31 61 16 71 41 69 68 8 20 38 52 0 8 23 60 68
388 388 37 21 0 62 4 55 13 52 71 49 11 45 33 52 0 53 45 64 67 23 32 32 51 9
1204 1226 56 63 68 66 45 43 11 65 44 17 1 8 14 47 9 15 6 54 0 35 29 40 0 71
790 818 26 62 36 65 55 45 8 53 55 50 25 54 29 12 62 43 24 2 10 60 68 59 68 58
330 1233 31 48 71 3 19 69 38 50 24 6 39 58 21 40 35 45 5 68 37 23 28 50 30 43
3425 3425 10 10 22 13 63 34 55 45 2 35 9 28 62 41 29 28 3 19 61 46 35 14 64 11
3864 3884 13 70 4 6 59 61 69 28 10 67 36 67 60 34 63 68 6 37 71 19 64 38 68 60
4170 4196 39 41 31 67 69 40 66 57 48 44 61 57 43 26 38 12 3 44 66 33 48 32 66 13
2117 2707 10 19 28 42 27 44 54 36 60 60 19 39 8 25 44 6 55 54 60 56 56 30 3 28
1352 1352 66 31 37 13 5 16 11 69 68 49 35 22 49 1 22 27 50 30 69 18 40 3 47 45
1835 1838 50 29 54 21 1 66 13 2 50 30 24 21 0 61 20 67 64 18 3 66 64 55 27 29
2701 2702 42 46 12 22 52 69 50 39 17 29 53 35 22 29 68 16 22 68 12 53 34 63 64 58
1676 4786 39 36 9 51 62 35 30 71 10 39 50 71 61 48 20 63 59 41 33 66 63 63 24 51
888 888 24 65 17 13 35 7 60 22 37 56 33 41 8 27 42 51 68 36 6 66 27 65 38 68
4761 4781 60 44 0 4 12 24 52 64 20 68 20 16 48 52 44 44 12 36 16 28 32 28 48 36
2549 2591 19 51 50 69 1 40 47 16 37 53 54 58 16 54 69 29 70 43 40 32 53 0 50 9
754 2743 33 4 42 64 70 54 2 66 50 34 32 57 40 69 24 3 20 30 65 12 24 30 51 35
3159 3159 0 0 0 0 0 0 0 0 0 0 0 0 0 0 0 0 0 0 0 0 0 0 0 0
752 764 28 59 62 42 68 37 41 45 45 36 17 40 47 53 13 39 5 63 26 58 66 31 4 16
4474 4474 33 17 9 68 38 30 19 58 43 65 37 49 66 38 48 11 30 61 21 50 11 68 41 54
117 1356 60 18 12 21 69 9 51 51 45 18 12 33 60 33 54 51 33 27 42 27 6 48 42 12
310 310 22 45 17 0 55 0 56 48 68 29 1 21 5 41 42 33 12 34 64 19 39 48 11 37
1629 1644 61 11 45 13 3 58 18 51 32 16 19 5 68 2 58 16 44 39 43 44 21 15 33 7
86 116 4 13 57 26 39 0 0 35 31 20 28 58 22 60 2 40 45 45 23 51 21 69 59 44
212 2219 56 38 0 66 24 6 40 16 28 64 8 8 4 68 20 68 2 32 66 10 20 20 60 16
2073 2073 63 31 9 39 15 57 41 16 13 6 31 27 42 61 42 66 58 52 15 30 9 22 36 44
2634 2641 46 60 64 40 62 54 46 60 0 50 8 30 50 30 0 18 16 56 70 8 34 64 2 16
113 155 63 63 24 26 32 39 13 68 6 58 65 59 33 44 38 21 18 45 47 27 47 71 4 39
142 4641 40 58 52 0 12 38 66 34 50 46 62 20 12 22 6 62 24 30 12 64 34 16 8 40
3367 3367 26 26 71 2 36 21 39 5 42 36 37 24 55 66 70 66 69 12 34 61 52 46 23 24
2276 2299 20 70 67 21 39 56 63 10 18 63 35 2 41 60 14 28 48 49 13 33 52 48 33 48
107 108 24 24 36 60 12 48 36 60 36 0 12 36 60 36 48 12 60 24 60 48 36 48 24 48
441 1044 44 0 32 44 20 36 28 52 52 40 48 32 28 16 48 32 16 0 32 56 32 60 68 8
4861 4861 16 28 9 65 39 10 66 21 5 50 12 36 22 14 66 10 53 71 11 7 63 25 4 4
1171 1193 66 42 26 47 42 34 12 54 67 6 49 49 6 70 22 54 20 27 60 15 0 47 31 1
749 779 32 39 19 6 69 7 22 51 16 36 24 25 9 28 71 26 46 46 22 16 23 60 64 54
39 55 32 30 24 14 66 51 9 0 40 51 10 14 44 15 38 32 66 26 23 28 20 12 69 63
1856 1856 28 13 67 67 13 27 68 60 49 55 28 61 5 11 32 21 12 45 30 66 57 6 45 29
1107 1128 22 65 68 51 29 61 27 53 22 16 2 29 20 9 7 44 23 67 51 9 55 26 38 38
2159 2180 50 20 62 6 12 12 16 44 70 66 52 52 26 18 8 38 12 58 8 18 70 38 2 66
1243 4245 6 8 23 62 31 14 62 26 56 33 2 26 23 42 13 33 17 25 69 65 31 24 56 34
3089 3089 32 62 30 70 0 6 70 70 66 16 62 62 34 0 68 12 14 32 18 28 4 28 66 18
565 570 15 2 21 69 9 42 18 8 12 60 67 55 11 32 50 43 63 70 57 62 15 58 42 14
1186 1205 25 3 14 71 0 53 58 32 63 68 25 21 62 43 31 3 51 60 30 30 14 0 11 2
419 1697 13 50 67 25 45 10 58 37 8 23 9 64 43 13 52 6 24 3 49 70 36 45 16 27
3036 3036 47 26 53 43 53 28 35 47 33 3 21 54 67 5 14 14 71 41 11 18 52 17 65 69
4075 4076 23 70 54 0 61 17 22 52 47 49 63 14 6 11 67 0 69 68 37 17 64 17 30 63
367 413 20 35 1 1 38 8 11 61 40 37 57 43 29 66 59 35 71 40 0 59 10 43 24 61
590 3559 49 42 33 3 37 55 66 24 44 36 46 7 71 3 20 46 70 4 34 66 58 7 68 11
2363 2363 37 5 15 71 63 65 55 11 39 19 1 21 2 66 36 68 66 28 7 53 11 41 35 10
1323 1342 44 68 62 12 68 28 68 26 56 40 36 44 52 32 36 34 50 50 70 36 62 14 44 44
3718 3748 11 22 1 8 31 31 30 18 26 40 19 30 70 5 10 22 26 19 24 60 20 22 70 19
4225 4795 26 56 37 13 64 58 9 6 5 44 28 56 42 57 16 38 51 65 5 24 3 30 12 36
1743 1743 7 51 65 53 63 71 43 55 46 69 12 13 54 23 65 26 25 34 37 29 11 21 25 42
3498 3521 59 62 13 38 70 52 16 42 55 7 43 5 22 44 2 23 7 37 13 61 8 55 48 26
334 351 36 46 18 12 12 2 26 28 26 38 26 36 70 36 52 12 36 66 14 68 40 62 4 18
139 208 35 24 69 32 20 43 52 38 24 51 6 17 32 2 32 8 56 11 59 53 37 5 63 53
1046 1046 32 65 27 66 62 36 38 28 34 17 16 50 64 65 32 59 7 25 4 27 65 32 18 36
111 113 35 10 11 51 25 2 38 50 28 44 43 23 8 55 12 50 1 44 30 21 12 70 57 67
2563 2596 63 14 0 59 21 30 59 34 25 30 4 21 28 59 2 3 23 65 7 18 55 49 33 56
1510 1765 37 69 44 66 0 15 48 3 8 11 15 23 44 19 30 60 35 20 44 56 71 67 31 49
4060 4060 15 35 13 14 29 65 63 16 6 60 38 69 9 66 62 1 49 25 5 0 24 61 65 1
3150 3166 67 70 24 60 50 8 51 55 37 12 63 47 43 14 8 59 54 65 55 28 31 56 32 10
2801 2819 1 24 51 9 59 45 29 32 62 26 9 17 5 23 3 67 59 66 66 59 32 27 34 1
1319 2808 25 51 38 59 45 6 7 16 3 57 62 61 27 39 17 70 46 9 58 20 45 64 54 14
3304 3304 51 59 9 9 2 6 37 12 0 64 36 65 59 23 24 58 8 51 51 51 51 23 7 31
3742 3750 39 43 71 28 33 13 55 59 29 0 64 61 27 43 62 7 18 5 59 35 10 48 29 12
1754 1770 30 50 37 48 51 61 21 36 65 39 9 21 32 67 47 19 64 28 44 26 69 62 0 19
73 215 62 49 61 66 31 24 9 27 66 0 57 59 56 25 23 34 9 23 70 5 50 19 56 19
3766 3766 24 24 24 48 24 48 48 12 60 60 48 0 36 36 60 36 24 48 36 36 12 12 12 48
3534 3555 48 50 17 57 30 15 29 53 60 19 46 12 26 33 69 0 12 64 58 12 41 30 2 57
3250 3290 61 65 20 7 50 68 37 24 3 2 3 33 56 43 57 4 21 65 68 53 0 50 17 60
1235 2020 39 58 67 21 13 5 65 28 63 4 6 70 41 66 61 46 28 36 27 32 0 70 52 9
3122 3122 5 8 50 16 37 25 11 55 19 42 11 65 30 33 54 69 5 33 41 3 12 15 38 58
1632 1641 0 0 0 0 0 0 0 0 0 0 0 0 0 0 0 0 0 0 0 0 0 0 0 0
2767 2775 42 35 5 31 51 23 17 57 16 34 67 62 65 22 71 6 68 29 64 39 21 6 32 64
104 3101 48 3 54 55 50 35 22 16 38 29 38 41 10 54 60 69 70 40 15 71 10 46 34 65
3728 3728 0 0 0 0 0 0 0 0 0 0 0 0 0 0 0 0 0 0 0 0 0 0 0 0
3971 3982 4 31 12 61 54 28 14 12 30 37 45 15 52 44 19 21 46 36 17 29 59 13 33 5
1543 1565 15 13 6 27 47 36 14 1 16 35 13 22 33 59 48 36 47 57 45 11 33 16 27 38
821 4379 34 54 31 52 68 20 1 15 55 26 5 31 17 49 12 24 19 36 23 38 41 35 35 20
451 451 0 0 0 0 0 0 0 0 0 0 0 0 0 0 0 0 0 0 0 0 0 0 0 0
1630 1653 41 27 19 52 8 67 46 0 30 46 6 25 23 8 12 43 28 38 13 33 51 42 37 70
433 469 25 51 7 47 27 18 23 29 20 37 26 27 60 50 11 66 51 13 12 35 30 26 38 39
176 1085 8 70 34 40 20 70 44 38 66 10 58 32 66 70 22 38 0 56 56 30 8 22 62 8
2527 2527 65 16 6 35 49 46 16 60 5 69 57 30 43 16 12 26 37 67 35 38 54 56 45 28
1458 1468 56 0 10 70 6 12 47 9 44 53 70 19 47 45 44 44 53 50 42 13 8 49 71 63
1028 1028 31 13 37 26 23 38 49 38 10 18 45 71 18 24 67 26 13 55 63 62 59 38 46 17
128 1066 65 56 54 31 70 45 41 20 64 1 70 0 18 45 49 1 36 71 37 44 3 0 35 5
3469 3469 57 64 63 50 56 2 35 51 36 29 39 42 1 45 71 45 43 30 47 18 65 46 8 40
994 1012 44 42 18 15 22 58 1 55 56 46 48 2 46 43 33 45 63 50 38 16 9 60 1 6
3522 3536 66 17 70 27 18 49 24 26 21 63 10 35 29 22 50 29 47 30 46 52 49 52 69 66
279 3780 60 62 58 14 11 25 52 25 56 40 53 4 39 36 1 29 8 65 11 55 36 12 9 41
1404 1404 36 60 60 0 0 24 36 0 0 60 48 60 36 12 36 36 12 12 60 0 12 36 60 0
4553 4573 54 57 8 67 50 22 18 66 67 0 17 20 9 69 29 2 3 50 22 67 48 52 52 14
3419 3454 9 11 13 49 32 57 52 12 46 6 50 7 48 58 1 9 57 66 33 40 59 19 36 62
178 349 25 61 12 0 30 67 22 0 6 25 16 28 37 32 67 63 7 5 38 60 59 19 3 64
4595 4595 31 53 41 66 68 53 57 7 33 44 4 13 1 14 62 68 46 61 12 27 44 3 15 22
2898 2917 9 22 13 54 35 6 38 16 48 59 26 16 45 13 43 70 46 56 41 23 3 13 34 66
891 921 31 11 50 70 64 29 23 17 23 38 38 68 56 12 6 16 8 36 67 8 58 66 13 57
3404 4085 58 61 44 29 24 45 54 15 37 68 25 24 21 16 65 37 48 26 37 17 20 53 4 29
3866 3866 0 13 43 31 33 24 23 39 9 56 8 66 9 33 57 6 34 28 56 31 24 38 23 31
2790 2812 20 59 56 57 32 31 2 48 18 46 56 33 68 14 4 43 8 7 10 5 18 18 19 17
4380 4401 26 29 69 59 38 14 29 2 62 60 45 34 5 36 30 4 43 59 27 66 22 50 40 65
369 4774 35 31 39 67 1 5 47 36 67 26 56 16 17 50 30 70 56 63 34 37 22 58 21 23
160 160 34 0 11 12 69 56 19 23 3 48 48 16 34 55 55 38 60 29 59 56 42 53 1 28
509 531 3 0 24 33 0 30 39 63 15 42 33 45 15 6 54 24 30 63 60 42 54 63 9 63
3191 3208 65 35 3 29 31 24 33 32 22 14 16 48 32 18 23 4 36 29 7 15 22 34 35 60
1545 1657 37 55 48 66 25 53 28 24 7 39 65 17 11 1 65 64 55 1 2 67 34 53 16 0
1144 1144 40 0 8 24 40 8 0 24 24 24 32 32 40 24 48 32 56 48 40 40 24 56 64 32
1277 1289 6 69 56 18 1 69 29 40 28 2 2 25 34 62 35 6 23 35 49 52 68 63 70 17
2706 2731 26 54 29 70 12 62 60 15 9 47 22 24 4 20 2 56 3 39 69 66 71 7 62 0
88 1013 19 45 52 57 43 56 56 3 71 70 51 62 23 51 8 28 16 62 22 61 49 56 63 27
2043 2043 27 65 18 51 40 21 9 31 5 37 1 27 11 7 64 66 33 63 0 29 37 39 24 10
3559 3566 68 18 31 22 58 36 41 5 34 67 10 24 8 22 69 3 51 5 29 17 31 70 4 67
3438 3473 30 61 20 38 35 3 9 59 44 20 71 23 7 13 15 7 43 28 48 38 55 35 61 31
2100 3690 2 16 27 56 35 28 8 60 63 0 15 7 16 16 11 61 56 64 50 25 12 7 65 45
4248 4248 57 69 69 48 63 53 20 54 19 3 22 37 50 32 7 43 46 24 13 71 38 69 34 20
3341 3344 62 69 48 39 46 5 18 19 47 41 27 64 33 55 31 58 16 51 20 34 0 20 54 64
3396 3427 66 12 10 14 24 60 14 54 32 30 64 6 68 56 10 44 36 48 50 50 22 12 18 16
2196 4339 9 52 12 48 15 35 7 54 28 39 62 62 47 8 39 30 62 3 16 39 59 48 46 63
4283 4283 17 65 30 18 24 61 34 49 28 56 14 53 34 25 16 33 64 9 26 30 12 2 40 60
3755 3766 3 14 60 3 9 6 68 60 34 0 44 55 6 6 35 33 47 70 64 12 51 0 11 45
2573 2606 50 3 51 21 31 11 48 26 34 41 66 53 53 35 35 1 49 7 24 64 7 0 8 41
160 201 66 8 12 1 7 2 26 53 60 42 32 19 15 44 46 59 57 57 30 55 34 39 44 48
3427 3427 0 0 0 0 0 0 0 0 0 0 0 0 0 0 0 0 0 0 0 0 0 0 0 0
3095 3110 19 5 3 65 62 0 39 29 11 49 24 34 46 22 40 26 53 27 64 57 5 11 7 40
4965 4988 41 41 48 38 46 63 65 20 50 37 59 45 23 48 44 62 29 29 41 43 21 33 39 44
1919 4605 40 8 8 63 49 35 54 28 31 22 7 22 14 55 7 61 53 62 25 43 57 8 14 43
641 641 42 37 5 27 8 57 14 17 54 8 32 4 66 9 21 9 8 19 42 51 12 54 48 22
139 160 53 68 3 52 24 10 69 49 14 25 12 43 35 16 24 32 32 25 22 39 37 58 26 11
538 538 54 36 54 0 0 18 54 54 54 36 0 54 36 18 18 54 36 54 0 0 18 54 36 18
286 4044 31 71 37 40 20 19 40 51 62 35 32 0 1 35 31 45 11 12 12 14 70 55 3 20
4793 4793 20 48 40 62 23 22 0 54 40 0 11 20 30 66 48 31 6 54 23 33 43 49 10 69
3523 3539 11 62 58 42 4 26 20 28 69 20 33 39 9 19 12 56 38 54 45 43 54 45 50 71
3704 3724 0 0 0 0 0 0 0 0 0 0 0 0 0 0 0 0 0 0 0 0 0 0 0 0
89 437 17 27 47 11 4 2 31 63 33 46 29 9 61 35 48 68 9 10 53 36 6 69 42 33
93 93 48 62 38 46 14 41 70 9 1 45 4 10 8 32 53 1 32 17 70 24 66 1 53 42
4521 4529 6 63 14 67 2 57 18 52 45 11 50 33 59 5 56 34 3 22 50 48 62 18 3 25
3565 3601 24 38 0 5 36 64 19 4 63 59 31 32 37 70 22 25 38 39 54 57 13 60 14 6
1749 4619 16 40 13 71 1 55 47 13 54 41 62 46 68 47 31 8 68 11 47 27 4 17 15 22
1937 1937 62 46 70 18 70 20 30 60 10 30 70 2 10 0 6 26 46 22 68 20 50 36 58 22
3037 3053 2 71 36 45 36 18 56 39 36 5 71 48 60 33 48 37 58 65 28 5 13 5 50 18
21 42 8 40 71 70 47 21 42 53 61 63 65 17 71 21 16 37 0 18 8 17 53 2 69 63
400 1031 65 50 39 17 57 50 65 27 17 29 53 49 55 8 25 71 18 0 1 14 45 66 1 16
145 145 25 60 54 4 64 6 15 46 63 39 68 68 20 13 9 62 10 32 29 43 5 18 42 60
2613 2628 0 30 38 52 32 14 46 28 56 34 6 54 34 36 66 24 36 36 22 4 10 40 56 26
2541 2567 45 4 34 35 51 47 9 12 25 19 56 24 67 2 27 55 52 55 67 39 24 46 12 59
302 1622 52 50 17 19 7 12 9 38 5 23 36 9 57 2 55 36 65 8 71 35 38 20 23 67
1421 1421 24 19 62 57 18 19 12 22 68 60 66 68 54 48 31 14 55 1 54 39 24 55 47 70
1899 1916 6 60 64 30 17 41 19 54 38 28 67 8 29 23 55 43 22 44 17 30 15 35 24 18
1884 1886 57 31 59 34 15 60 38 30 52 50 16 59 37 29 22 63 30 6 41 16 52 47 43 44
3847 4369 68 45 40 9 57 48 69 6 58 18 63 53 40 0 5 69 62 4 42 25 17 9 43 9
3735 3735 29 52 40 68 29 52 54 61 32 62 8 37 69 19 66 66 47 40 15 4 35 5 64 61
4805 4824 26 59 12 68 44 31 38 20 54 39 53 47 7 66 52 48 63 46 21 12 63 8 59 13
194 233 20 38 0 57 19 32 4 26 43 47 14 5 34 58 38 11 0 13 40 16 26 10 59 13
2488 3822 14 14 11 24 36 40 46 14 39 25 5 42 14 45 13 69 47 68 65 19 36 8 0 15
4869 4869 68 30 42 34 12 48 20 64 8 56 8 8 56 48 28 22 68 6 4 22 36 12 2 30
4884 4901 17 40 14 12 32 45 58 7 6 71 16 51 6 69 6 33 32 32 8 8 37 2 38 25
3244 3269 13 66 32 9 51 62 15 21 61 46 47 66 3 41 66 67 44 9 50 31 47 55 67 59
267 2876 15 8 58 8 12 42 65 0 66 17 62 48 34 44 3 26 68 19 31 60 14 1 50 11
1729 1729 50 42 48 32 25 23 52 3 4 20 17 34 35 14 56 14 34 68 60 66 58 53 36 39
2725 2748 64 37 38 30 3 48 27 36 20 22 16 44 26 6 42 0 47 16 50 67 33 51 21 28
1510 1544 0 1 19 13 23 19 23 44 2 14 39 33 32 24 15 23 41 8 56 14 25 25 17 20
14 236 9 29 25 63 34 18 36 37 33 7 25 66 17 13 35 65 70 52 19 68 60 53 13 26
2258 2258 0 0 0 0 0 0 0 0 0 0 0 0 0 0 0 0 0 0 0 0 0 0 0 0
343 354 8 31 7 32 47 5 57 39 70 35 35 22 37 3 40 10 58 62 12 15 52 20 71 5
4746 4792 40 48 56 8 48 32 32 56 56 0 8 24 48 8 48 24 32 0 24 24 56 64 8 48
2252 4072 52 66 29 53 38 10 21 44 25 49 66 21 55 1 10 53 29 10 24 47 46 47 44 49
2684 2684 0 0 0 0 0 0 0 0 0 0 0 0 0 0 0 0 0 0 0 0 0 0 0 0
4 15 50 50 57 60 70 21 14 31 24 13 4 58 20 49 30 13 37 32 13 3 20 42 20 17
4615 4623 64 27 7 11 12 47 2 37 21 28 27 1 45 66 52 13 29 65 33 35 22 37 14 66
246 919 14 24 59 0 20 53 0 43 60 68 26 67 47 5 30 7 37 52 24 4 31 14 58 64
541 541 0 0 0 0 0 0 0 0 0 0 0 0 0 0 0 0 0 0 0 0 0 0 0 0
2132 2147 65 26 46 57 46 3 23 9 52 11 35 54 18 67 69 20 55 5 47 48 65 67 7 25
3811 3852 7 63 28 39 52 31 15 64 4 18 59 6 38 26 26 68 38 26 68 50 28 16 67 61
1932 4238 71 69 61 17 1 44 33 39 14 39 46 51 67 31 9 35 56 14 26 32 11 38 43 50
3088 3088 64 63 5 42 22 25 56 20 6 18 13 2 24 15 49 70 64 39 36 16 58 35 26 28
3370 3372 42 31 68 68 57 64 48 15 37 19 14 48 30 50 1 38 2 69 35 62 60 40 40 15
4938 4955 8 51 48 34 11 70 64 51 20 69 7 61 19 45 23 63 47 58 56 19 14 63 53 12
1727 3752 48 4 69 61 51 48 29 31 4 64 8 40 15 10 41 41 70 60 33 52 71 4 70 11
1847 1847 16 44 52 4 12 32 16 40 16 68 60 8 40 60 64 48 52 16 36 36 16 16 64 0
311 321 61 18 19 36 10 38 34 38 66 4 68 40 11 42 5 65 64 56 18 65 25 22 36 44
953 973 11 41 6 44 19 47 26 36 59 24 24 52 32 2 68 19 25 3 10 68 44 55 54 65
211 1545 55 71 40 60 54 22 49 0 21 34 10 18 38 35 2 32 30 20 68 48 69 1 10 24
1940 1940 36 62 6 57 16 71 0 12 33 40 4 45 4 13 4 71 58 4 59 1 66 44 11 50
2688 2710 62 24 62 0 24 24 48 60 66 26 8 34 46 64 36 48 38 28 22 68 68 26 0 58
865 872 55 19 32 65 6 22 54 7 1 23 40 40 51 67 7 7 29 39 1 35 33 31 25 3
1769 2033 48 27 31 62 29 46 55 39 15 23 53 12 23 16 35 71 65 52 55 27 45 64 51 46
1386 1386 8 62 41 38 29 13 3 60 8 18 65 44 48 30 50 36 31 61 16 63 31 18 6 6
2946 2966 6 64 54 70 8 8 29 9 38 1 47 70 71 29 45 20 38 50 12 66 47 48 20 63
3980 4021 56 32 56 24 60 4 4 40 0 0 44 64 12 8 24 60 12 0 4 12 20 48 68 44
1072 1310 32 43 60 71 18 21 68 50 57 0 10 62 15 54 35 45 62 2 39 35 62 53 69 64
3079 3079 0 0 0 0 0 0 0 0 0 0 0 0 0 0 0 0 0 0 0 0 0 0 0 0
321 336 0 36 36 18 0 36 54 36 54 36 18 0 18 54 54 36 54 0 18 36 54 54 54 0
3239 3245 29 18 21 14 27 24 12 50 26 47 17 34 18 61 60 16 66 40 25 17 38 27 0 23
614 1152 62 19 25 23 47 10 63 19 63 58 26 5 7 63 35 16 2 19 18 10 11 8 30 24
2065 2065 60 21 51 20 36 25 1 31 6 31 62 18 29 36 48 22 33 39 14 62 40 68 62 44
3415 3427 0 5 0 42 38 28 50 68 49 4 56 41 32 52 13 60 52 8 22 16 55 57 22 19
1764 1798 59 11 8 57 58 19 44 27 43 10 31 17 27 68 7 20 48 54 60 52 25 32 62 67
1636 2114 39 56 29 41 51 29 11 5 43 40 20 33 35 20 70 31 46 45 7 26 46 49 4 30
2377 2377 0 0 0 0 0 0 0 0 0 0 0 0 0 0 0 0 0 0 0 0 0 0 0 0
1482 1485 54 61 50 57 59 66 71 69 41 27 68 11 58 11 5 36 61 7 50 11 36 23 0 1
3507 3512 3 66 37 53 58 26 7 4 61 24 56 17 45 5 65 3 57 55 16 11 48 10 4 26
3311 3389 19 6 3 71 50 46 60 37 2 58 59 64 11 37 68 40 61 2 33 69 21 14 32 50
2464 2464 31 70 36 45 58 46 14 58 14 69 11 48 24 29 55 10 47 0 55 31 18 26 48 3
760 770 0 9 60 49 0 9 39 37 38 4 17 55 68 40 50 69 42 47 40 9 64 16 30 53
3709 3717 15 38 7 7 70 28 46 63 12 8 69 57 58 7 5 49 64 46 65 6 48 69 11 28
814 3650 4 4 46 8 56 40 60 52 8 56 26 64 68 46 4 36 44 0 42 2 2 28 40 24
1320 1320 2 41 67 46 62 54 8 18 23 52 14 50 34 66 2 36 44 66 31 11 17 36 4 43
1029 1047 39 64 17 50 26 29 33 14 20 0 44 66 34 67 14 13 3 41 12 54 36 62 27 58
109 114 38 35 34 14 36 55 23 33 26 39 2 15 27 18 42 18 17 38 46 9 35 36 31 44
3114 4041 32 62 5 53 14 67 38 28 28 12 59 16 47 12 18 55 51 55 51 11 5 25 59 47
1353 1353 50 7 41 9 67 6 19 28 12 30 65 20 71 1 49 27 42 33 37 13 52 38 64 30
3368 3378 63 30 35 61 0 15 49 26 43 6 25 55 14 68 14 33 64 56 25 52 63 12 42 38
186 211 59 12 46 34 42 19 7 29 11 54 5 9 40 33 61 34 39 24 53 35 32 26 11 5
2799 3933 54 33 51 48 51 48 27 63 33 6 69 27 24 6 27 45 24 21 27 6 36 15 36 27
196 196 38 9 19 38 71 55 64 67 57 47 39 6 37 36 64 23 45 35 33 68 49 38 3 52
1936 1946 47 69 40 15 6 36 5 59 67 9 6 47 22 26 22 65 69 61 15 24 26 35 25 44
412 427 54 21 65 63 31 7 44 2 67 21 65 60 8 60 64 58 65 3 38 1 45 55 27 28
788 927 19 64 12 10 1 37 59 60 21 55 30 35 53 42 43 71 25 5 16 14 32 49 61 35
283 283 28 69 52 23 52 23 62 4 43 1 52 12 11 25 41 59 71 65 6 61 67 64 13 57
3732 3751 3 37 29 13 22 55 5 22 34 20 71 2 10 45 19 13 35 42 39 57 52 22 59 9
1239 1251 21 48 31 6 62 22 38 11 26 55 46 35 49 27 44 0 13 69 53 33 46 20 32 56
1937 3902 30 68 18 6 69 25 20 48 1 37 39 46 19 59 18 36 29 59 29 8 34 49 38 64
4459 4459 7 21 65 61 18 65 71 16 52 37 41 12 19 70 5 26 47 36 17 27 43 23 47 35
3528 3530 60 12 20 44 48 48 28 52 20 28 16 4 56 28 8 48 20 68 56 44 16 8 32 68
2037 2079 21 45 8 16 57 24 31 7 68 53 1 58 67 58 45 1 47 50 7 20 31 23 34 25
287 1655 35 56 57 68 53 28 59 28 32 61 39 13 24 14 53 39 19 56 56 40 41 68 68 24
4709 4709 12 33 41 46 25 10 64 21 9 23 66 42 2 22 45 63 7 36 62 61 44 51 45 70
4888 4894 68 11 16 59 20 60 67 20 38 10 9 41 18 67 35 4 53 31 22 57 51 42 33 49
3006 3048 16 17 68 18 44 59 0 5 52 2 52 2 68 62 68 0 45 59 40 30 63 19 27 5
2368 3401 38 8 33 41 29 16 34 42 10 35 33 14 14 7 60 53 37 30 30 45 64 47 16 33
3761 3761 25 60 55 18 23 71 9 62 40 11 8 36 20 6 59 25 41 24 26 13 67 70 53 37
2208 2211 14 8 54 59 57 8 42 66 49 32 21 48 18 39 65 2 41 54 10 69 68 0 7 43
1909 1953 68 10 3 68 9 47 6 6 11 11 7 58 38 33 58 23 3 55 13 57 7 37 23 25
2047 3087 29 3 24 39 40 39 39 23 47 52 12 20 61 24 56 66 70 57 39 28 53 24 71 32
3203 3203 36 49 14 56 41 63 65 28 34 45 27 1 17 25 12 41 31 0 34 65 50 64 0 2
2010 2025 32 0 25 7 47 44 43 34 9 19 1 67 67 18 17 38 16 62 62 55 54 70 41 38
3596 3631 24 67 30 13 26 51 5 0 66 20 68 33 50 2 2 45 42 64 44 69 38 40 70 17
1719 1755 18 37 51 51 29 4 10 71 28 22 45 61 15 41 19 44 40 70 14 19 66 19 10 44
3318 3318 13 27 56 45 34 67 17 3 31 36 40 42 21 24 37 40 71 26 61 43 50 0 6 11
1839 1843 25 36 40 66 10 53 31 27 31 67 45 16 47 71 68 65 25 70 34 28 17 10 14 48
2477 2516 3 66 65 70 28 6 22 25 39 21 12 23 69 5 68 4 65 58 32 0 6 3 71 28
1327 4469 28 56 2 22 38 21 1 59 24 56 28 58 37 19 55 29 42 23 64 46 7 26 61 19
146 146 0 0 0 0 0 0 0 0 0 0 0 0 0 0 0 0 0 0 0 0 0 0 0 0
459 465 27 43 54 12 19 31 3 68 68 71 43 12 60 37 29 61 64 38 30 8 23 46 56 36
2669 2699 59 16 71 22 50 61 58 4 47 11 4 51 62 26 35 20 46 18 68 43 9 54 30 2
70 495 69 60 41 12 49 54 43 8 6 7 22 50 4 47 14 43 33 45 31 6 25 65 35 10
4042 4042 24 67 26 44 10 65 41 28 28 45 50 26 24 9 2 12 5 39 9 8 32 54 48 7
3105 3108 61 40 49 49 8 36 41 26 13 42 52 40 61 71 71 69 5 26 69 29 4 61 64 50
4579 4605 59 51 3 68 33 31 6 40 55 15 38 54 66 69 68 53 16 59 24 3 69 22 64 48
1491 4132 67 54 16 4 49 70 9 62 34 15 28 24 69 37 23 28 27 0 45 46 38 69 65 21
868 868 14 38 8 18 44 28 52 30 2 62 48 0 62 70 54 22 50 62 18 38 2 22 18 14
4826 4840 21 32 61 46 36 44 28 28 44 59 25 48 71 9 2 45 66 59 4 67 43 6 61 0
3839 3855 44 14 10 12 11 18 1 67 52 44 46 26 5 12 66 1 6 14 33 11 34 51 43 14
6 17 45 34 52 21 16 19 29 12 57 47 5 18 47 2 10 21 71 6 69 46 4 39 6 56
3316 3316 29 35 1 37 41 2 25 37 18 35 0 36 6 43 10 44 31 14 66 28 69 54 32 51
2545 2565 24 6 60 50 0 26 48 68 54 34 54 8 16 26 66 10 40 14 54 70 62 62 42 54
2848 2879 36 14 56 44 3 63 16 33 71 20 56 26 56 8 25 39 21 16 45 45 21 12 7 22
271 331 40 34 2 33 35 37 18 45 31 15 35 68 69 19 66 9 25 15 50 56 6 1 32 60
4838 4838 0 0 0 0 0 0 0 0 0 0 0 0 0 0 0 0 0 0 0 0 0 0 0 0
3752 3757 40 44 12 60 44 68 16 24 8 52 68 36 32 44 68 48 64 52 48 36 52 44 28 28
4210 4220 27 60 66 60 6 24 21 33 24 57 36 0 15 30 27 69 54 24 63 18 18 63 6 3
1079 2018 62 61 4 34 55 39 34 19 51 3 54 33 42 57 65 61 41 69 17 14 64 31 16 3
715 715 0 0 0 0 0 0 0 0 0 0 0 0 0 0 0 0 0 0 0 0 0 0 0 0
4118 4140 51 66 12 1 46 65 52 10 66 4 17 52 65 14 10 0 2 59 23 22 4 47 8 13
2709 2725 45 60 53 42 51 64 29 56 17 26 0 10 3 46 68 4 7 49 67 19 48 30 58 54
1681 4566 29 17 9 12 63 4 9 36 18 55 64 10 20 31 51 29 22 28 5 64 2 43 25 69
2634 2634 53 21 56 58 0 46 29 39 44 61 30 41 15 10 9 14 35 42 7 48 35 57 15 54
1767 1785 47 68 2 24 16 38 25 16 36 43 31 4 7 66 11 36 3 33 17 40 32 33 5 52
1651 1673 39 13 12 45 21 14 66 6 61 24 29 65 35 66 6 33 28 63 25 43 29 65 20 3
2217 3068 56 48 47 53 0 55 36 12 10 62 60 7 37 52 3 52 66 3 45 8 42 64 55 40
4799 4799 12 68 62 12 22 2 36 64 58 2 20 2 12 16 32 16 44 16 0 52 48 24 30 18
2967 2990 11 2 38 58 58 3 20 29 12 17 29 5 42 12 35 20 51 5 8 63 18 28 58 4
296 313 45 65 49 53 24 9 19 4 42 50 11 49 70 2 37 62 53 10 10 48 1 13 50 25
9 203 12 39 24 36 13 38 30 68 46 13 23 54 30 59 55 4 65 48 60 3 35 42 12 65
2684 2684 0 0 0 0 0 0 0 0 0 0 0 0 0 0 0 0 0 0 0 0 0 0 0 0
1452 1469 30 40 67 5 70 46 24 24 67 10 15 34 33 41 18 65 25 44 49 46 45 21 4 51
4371 4403 17 29 14 2 6 30 33 47 0 43 11 23 5 53 31 2 32 17 66 49 5 36 34 60
676 1068 68 61 49 19 11 69 60 8 25 4 9 29 32 63 52 3 66 36 66 42 51 47 22 44
1272 1272 19 31 25 7 4 13 13 50 45 1 6 24 21 29 39 36 45 11 42 23 13 25 70 65
871 872 1 57 19 27 23 48 49 25 26 67 31 64 31 57 27 31 41 25 66 5 58 60 32 27
1782 1790 31 56 36 7 52 48 46 35 67 2 18 37 17 19 70 17 46 8 28 71 52 46 12 28
1182 2473 22 5 65 51 29 36 10 26 36 70 15 5 58 39 8 61 23 14 20 69 31 58 3 15
4218 4218 10 62 68 7 27 45 6 52 42 7 16 12 9 61 41 4 19 67 46 45 43 56 40 43
3828 3844 42 61 42 23 53 61 21 48 67 18 8 47 23 67 17 61 25 44 59 39 3 55 41 70
574 609 57 2 11 25 45 58 70 25 46 32 47 26 44 23 23 3 53 33 21 24 51 64 47 1
274 433 70 42 45 5 51 60 66 69 17 27 48 46 22 66 65 57 61 52 51 59 63 41 4 37
1361 1361 36 10 4 62 27 63 58 20 2 16 16 14 53 53 19 59 41 53 16 61 3 9 30 10
2294 2308 6 47 53 57 26 53 38 4 27 1 61 50 59 19 44 9 15 5 41 49 1 0 68 67
2880 2896 44 45 15 32 58 29 48 6 60 62 57 63 0 38 22 10 49 14 47 14 61 27 36 13
873 1649 32 44 49 45 55 48 49 60 49 22 29 11 69 65 56 69 23 58 51 10 23 9 18 45
618 618 20 38 48 68 51 61 44 0 20 65 12 6 3 55 33 65 14 36 20 68 23 18 6 7
4772 4776 17 41 10 66 44 25 58 66 45 6 23 59 67 48 29 21 65 68 41 37 62 33 24 68
4474 4512 41 61 17 62 45 60 17 49 8 7 17 31 52 66 50 59 63 11 50 28 48 0 34 45
2277 4615 64 32 55 37 10 8 16 16 71 11 39 64 15 23 48 17 34 53 15 30 64 71 12 68
1838 1838 0 0 0 0 0 0 0 0 0 0 0 0 0 0 0 0 0 0 0 0 0 0 0 0
1878 1879 8 40 32 16 16 48 40 0 24 56 24 64 0 56 16 64 40 40 0 40 8 16 16 48
2136 2146 7 8 51 44 10 0 17 59 1 39 6 69 38 9 52 63 47 51 58 37 15 29 65 12
3700 4101 68 46 50 22 3 32 54 36 0 19 1 23 1 49 15 12 9 11 24 56 13 25 5 54
3317 3317 52 34 60 8 24 36 24 34 2 64 10 0 64 0 44 60 42 44 58 66 4 14 12 40
1662 1683 45 71 44 69 39 53 56 49 68 65 34 26 29 70 44 43 13 8 47 11 15 52 42 58
2226 2262 5 46 7 3 44 10 5 37 57 28 29 11 64 24 4 6 61 14 4 43 71 62 18 19
3492 4023 58 5 40 66 24 13 44 48 57 19 61 28 50 4 4 2 63 46 28 16 41 39 19 24
2544 2544 28 40 67 6 31 54 12 12 40 53 56 46 40 11 22 25 11 39 55 43 14 48 37 27
3380 3402 53 29 32 64 36 61 34 51 24 24 15 60 70 11 57 66 21 49 52 26 14 52 59 43
48 70 62 43 62 31 54 64 6 52 27 29 71 57 30 69 50 30 36 65 26 24 36 7 0 11
198 769 67 50 65 49 32 41 51 15 59 4 8 51 38 71 71 11 68 11 42 46 3 16 62 20
4543 4543 0 0 0 0 0 0 0 0 0 0 0 0 0 0 0 0 0 0 0 0 0 0 0 0
123 140 41 42 38 19 51 38 41 23 42 13 15 40 41 54 23 38 68 70 34 3 48 17 22 47
3953 3993 44 68 60 12 58 6 64 62 2 62 4 0 8 4 8 42 66 32 12 62 50 4 46 12
1236 1394 0 71 0 26 5 64 64 10 70 57 5 19 25 48 37 49 23 55 35 18 46 50 26 27
205 205 0 0 0 0 0 0 0 0 0 0 0 0 0 0 0 0 0 0 0 0 0 0 0 0
3150 3157 27 36 36 18 9 9 27 63 27 63 18 27 54 36 54 9 0 0 27 18 0 0 9 45
694 716 46 42 44 42 20 26 62 14 18 2 18 28 12 30 66 36 62 40 62 58 66 6 18 38
2795 4679 54 15 5 46 23 54 27 10 9 45 32 65 29 13 69 30 36 60 30 32 70 59 63 3
1086 1086 40 66 10 68 23 29 65 39 34 23 63 62 42 1 22 36 53 48 33 24 29 53 6 52
3987 4003 20 40 22 20 48 67 56 19 64 41 67 39 7 53 25 41 42 47 2 3 36 19 51 1
340 341 36 36 40 68 52 24 32 12 64 0 16 24 16 16 0 60 24 36 8 68 36 60 40 56
3044 4547 24 24 15 10 18 43 15 43 32 52 53 62 30 66 20 69 47 52 25 34 4 47 70 37
21 21 13 27 1 32 15 20 63 26 1 7 58 56 41 42 52 41 8 16 12 48 6 63 29 20
3420 3428 32 48 68 52 4 8 16 52 0 36 64 48 32 36 64 16 4 28 36 20 12 64 4 64
3848 3885 50 17 14 47 68 16 28 16 33 36 12 43 71 25 21 47 30 60 2 23 19 29 3 45
2398 4335 36 56 0 0 20 60 28 56 16 28 68 24 36 0 4 48 28 64 0 12 20 28 24 8
438 438 46 2 0 48 6 38 0 62 28 25 59 22 15 31 4 25 64 41 46 22 64 41 8 40
4283 4298 66 4 36 53 2 8 61 12 30 42 38 29 71 3 27 33 35 6 0 2 2 66 22 43
4710 4730 16 62 14 44 54 10 50 46 54 34 70 22 8 32 18 36 28 70 40 22 0 56 64 26
586 893 49 70 9 19 67 50 58 56 16 23 44 64 65 13 58 27 35 40 54 8 62 33 68 56
732 732 27 13 13 16 64 36 57 34 52 42 13 9 28 50 67 7 33 43 21 22 66 33 33 4
1465 1478 37 23 34 37 21 16 66 61 63 61 51 67 68 58 18 1 14 16 11 39 9 17 36 54
4509 4519 68 12 40 4 8 32 42 46 32 32 64 58 56 54 64 56 6 64 62 70 14 22 16 14
2133 3819 3 56 7 65 32 26 42 32 37 26 44 69 28 8 59 17 59 66 18 17 17 19 37 2
1130 1130 0 1 49 48 49 68 7 0 66 27 65 20 67 50 45 25 4 64 56 14 24 51 41 16
3586 3592 65 61 11 33 62 50 52 31 49 36 61 21 56 15 9 64 48 14 24 10 13 7 33 69
719 761 7 50 26 58 42 39 3 67 3 69 53 63 58 58 61 15 41 22 49 43 71 30 44 57
1278 3010 47 69 54 19 9 12 60 27 11 34 70 42 31 52 28 71 20 33 2 15 68 7 48 17
4854 4854 61 7 56 17 11 5 41 33 7 40 65 37 37 43 27 17 8 4 70 10 23 31 12 9
1582 1594 43 65 17 61 48 25 45 67 65 65 57 4 37 7 22 21 0 22 54 12 29 13 40 40
4926 4935 46 22 71 63 17 67 60 54 64 51 56 42 61 55 30 13 70 27 13 40 36 17 40 19
1409 1546 16 32 0 64 24 32 56 0 56 16 32 48 56 48 64 16 48 40 40 24 24 16 64 64
4533 4533 66 12 16 34 28 20 4 8 30 60 10 12 60 18 18 28 46 26 58 56 68 22 4 0
1464 1482 60 42 60 11 11 19 4 39 59 21 21 31 27 38 6 65 30 69 69 71 57 70 33 39
257 265 4 38 34 40 21 23 58 12 34 18 5 46 49 30 56 12 71 7 63 63 11 4 22 68
322 2036 31 26 41 16 58 41 24 29 31 68 1 35 27 29 25 68 66 63 35 52 37 63 1 25
4385 4385 56 40 0 16 56 8 24 16 64 64 56 64 48 0 24 16 24 48 40 8 24 32 8 0
4704 4719 43 5 34 12 69 67 38 71 57 47 15 30 12 23 48 51 35 61 45 66 57 10 12 59
592 601 59 27 33 70 2 21 10 42 19 21 39 0 54 42 37 53 47 58 35 29 26 12 28 61
3355 4095 48 66 61 45 33 66 0 69 54 63 65 26 70 9 46 52 24 13 18 52 44 31 64 8
229 229 0 0 0 0 0 0 0 0 0 0 0 0 0 0 0 0 0 0 0 0 0 0 0 0
1336 1350 45 13 14 32 36 71 14 29 68 16 69 51 1 30 2 35 9 25 47 23 31 41 64 53
2199 2239 41 69 17 35 29 30 61 49 35 37 32 48 56 35 41 42 7 21 53 65 28 64 70 20
112 1288 23 49 60 56 45 51 34 10 51 35 60 26 62 4 43 68 38 6 1 67 8 42 26 9
3662 3662 16 44 17 2 40 0 29 44 58 54 14 31 8 20 33 7 49 49 46 63 48 11 19 45
3299 3314 67 7 12 60 63 55 3 42 29 2 22 65 42 64 54 42 26 14 44 13 69 71 20 36
2552 2556 58 4 38 36 42 10 22 50 68 60 12 18 30 60 6 28 10 32 28 48 24 42 12 22
2257 2390 49 22 70 69 67 9 61 40 0 67 45 44 16 28 44 65 20 4 62 57 47 46 8 3
4560 4560 39 12 18 50 50 24 50 44 32 0 39 23 61 42 5 5 41 32 34 58 39 41 70 34
4188 4191 61 67 23 12 44 51 6 42 34 30 32 47 63 45 1 55 43 2 42 26 50 0 40 1
4698 4741 55 35 66 61 53 31 49 18 0 15 48 62 44 26 69 33 60 70 36 65 44 61 20 45
389 1627 15 55 30 62 55 17 48 2 58 62 26 6 41 4 44 23 0 8 47 48 27 60 33 28
3154 3154 65 32 70 49 64 66 17 44 66 45 10 34 36 29 57 63 43 1 36 13 51 38 24 64
3402 3414 19 18 2 34 52 65 61 14 28 70 71 11 57 56 33 44 11 5 48 46 4 17 15 45
3609 3620 51 0 27 6 3 51 0 66 48 9 51 9 45 54 42 60 9 9 51 15 39 51 33 63
486 1209 3 0 70 60 44 63 43 13 34 47 4 50 10 33 53 57 53 48 50 69 57 15 0 33
4218 4218 44 28 40 2 18 54 12 56 12 2 56 24 54 38 22 32 26 50 44 54 2 16 32 2
146 156 26 41 35 28 64 11 71 13 2 16 71 0 25 15 18 27 1 70 18 48 34 52 62 32
3037 3047 37 4 25 66 27 19 66 37 35 43 13 26 37 71 4 67 62 28 67 14 63 1 49 65
1352 4748 0 1 71 50 17 31 46 24 61 60 62 24 52 60 18 2 39 20 39 45 52 11 1 52
3705 3705 10 20 38 16 23 11 7 38 3 1 36 47 9 38 48 23 18 10 13 35 62 45 15 69
1995 1995 48 3 15 69 24 9 45 24 33 12 24 33 24 21 3 54 69 60 48 21 63 51 42 27
2047 2055 33 18 13 64 13 29 53 17 29 19 9 29 25 65 51 1 46 38 56 4 31 55 64 10
1966 3965 7 20 68 20 38 46 56 3 71 8 35 65 5 65 54 54 67 21 19 7 26 32 14 42
3525 3525 28 34 19 6 69 13 40 71 19 22 50 49 38 27 19 55 64 33 67 16 60 44 56 52
4128 4142 31 19 59 25 66 25 49 71 30 10 27 22 63 7 67 33 60 53 35 16 66 60 64 10
3229 3246 42 39 63 69 26 2 42 67 25 9 13 58 30 59 28 55 51 19 2 20 64 70 50 15
345 558 32 13 7 36 40 62 70 70 15 4 1 14 25 6 6 31 40 13 50 59 71 0 32 69
4377 4377 32 42 32 53 51 59 47 6 46 52 19 52 30 65 23 45 9 37 12 5 35 35 55 5
812 816 15 3 67 45 61 24 28 60 64 24 40 71 30 18 43 34 54 70 58 55 1 13 10 62
3179 3180 68 62 63 4 0 57 57 61 16 20 45 1 24 59 4 5 31 30 46 58 54 21 22 16
1720 2828 24 57 44 63 11 0 40 53 64 35 3 45 44 10 9 59 25 66 38 65 31 49 23 57
3763 3763 0 0 0 0 0 0 0 0 0 0 0 0 0 0 0 0 0 0 0 0 0 0 0 0
3898 3899 24 0 48 0 48 48 24 48 48 48 0 24 48 0 24 0 24 24 0 0 48 48 24 0
2379 2403 28 42 49 7 25 25 31 14 44 30 13 0 21 27 65 18 49 24 55 16 58 23 50 64
348 461 7 38 61 63 63 54 39 40 7 64 3 31 41 59 2 23 62 40 30 40 46 12 30 19
1299 1299 0 50 19 49 54 29 46 9 70 43 41 14 36 68 18 16 32 64 26 39 6 65 9 52
2716 2716 12 16 28 40 24 32 8 48 0 16 12 4 8 20 56 24 56 20 68 8 36 8 4 12
4989 4989 1 67 14 33 29 16 36 7 68 49 39 60 17 52 26 13 16 65 71 36 58 25 14 49
75 949 21 5 0 37 21 16 52 40 57 61 11 42 68 2 39 9 48 18 32 6 26 22 64 52
1495 1495 0 0 0 0 0 0 0 0 0 0 0 0 0 0 0 0 0 0 0 0 0 0 0 0
3738 3742 35 44 51 13 46 51 11 18 71 15 31 68 24 30 29 1 15 15 24 59 24 50 14 46
4164 4174 40 41 49 53 7 34 35 61 54 67 63 35 23 58 1 20 12 2 45 1 45 63 71 4
707 3581 40 22 7 47 19 64 54 11 33 67 27 40 29 20 41 61 30 52 69 13 1 28 40 24
255 255 12 65 55 10 70 2 52 60 10 17 50 1 52 23 15 42 62 60 44 34 61 50 36 2
362 374 38 48 22 42 18 38 5 34 13 62 13 46 32 46 23 45 33 49 39 59 19 44 62 3
3854 3895 5 15 34 23 25 59 22 49 37 38 12 58 30 55 43 4 54 27 61 7 19 38 29 26
7 608 41 63 19 10 24 53 39 43 37 10 14 5 21 4 12 54 25 5 68 50 25 36 50 28
2765 2765 52 16 8 20 68 36 24 68 28 64 12 56 16 52 12 32 4 28 36 68 24 68 44 68
4653 4665 20 6 53 14 52 70 49 17 13 39 48 2 69 56 67 66 68 37 50 0 15 60 31 35
4069 4078 27 13 69 20 3 7 68 46 66 52 31 9 71 17 17 0 23 26 43 49 49 40 26 47
2202 4255 45 51 37 41 51 65 51 13 52 47 51 70 4 11 1 16 10 60 9 31 38 1 52 15
1402 1402 7 11 59 32 50 23 41 21 14 11 4 30 22 28 1 39 47 42 25 65 10 40 25 41
680 681 16 56 50 45 46 18 6 64 23 0 53 8 59 6 4 58 30 47 44 39 67 6 45 65
4983 4999 29 23 30 8 18 2 27 17 45 44 49 26 2 30 1 54 40 51 55 14 71 38 12 63
307 349 0 0 36 0 0 0 0 36 36 36 36 36 36 0 0 0 0 0 0 36 0 0 0 0
4826 4826 51 71 12 45 57 19 26 22 5 30 60 15 33 9 56 71 18 1 50 33 68 3 65 35
206 222 56 37 59 6 21 63 25 66 6 41 45 7 46 69 29 31 65 52 14 15 0 42 2 37
1436 1437 46 21 15 69 6 67 69 19 30 63 70 13 5 58 11 1 1 27 0 66 35 56 8 35
462 3364 25 32 47 42 58 29 44 13 67 65 9 71 39 68 17 37 36 57 47 49 8 11 34 65
860 860 0 0 0 0 0 0 0 0 0 0 0 0 0 0 0 0 0 0 0 0 0 0 0 0
24 26 26 31 46 49 3 71 19 63 62 69 24 27 10 4 18 64 63 71 31 36 10 7 8 5
1015 1032 17 47 10 54 65 2 10 51 19 21 11 68 10 61 22 10 14 57 9 20 31 43 7 8
943 1037 16 46 0 52 38 50 36 48 42 0 66 20 60 4 4 26 12 2 52 6 44 20 38 30
4453 4453 15 38 42 58 47 6 10 7 71 23 56 57 31 65 35 2 1 2 38 64 5 65 54 43
1624 1637 12 4 60 64 24 16 48 28 48 16 0 60 20 48 56 0 36 28 4 0 60 52 20 40
3202 3237 32 28 2 48 4 4 28 0 30 28 36 56 58 28 64 28 6 52 14 66 8 66 24 2
2131 3796 20 16 14 13 47 64 33 16 2 53 7 68 2 41 25 11 52 56 55 68 25 64 70 65
4298 4298 0 0 0 0 0 0 0 0 0 0 0 0 0 0 0 0 0 0 0 0 0 0 0 0
2555 2570 42 0 36 20 55 6 26 69 65 40 28 41 42 59 11 15 1 21 57 55 62 47 60 13
36 78 20 28 64 28 14 40 49 55 32 71 27 41 53 13 70 47 40 23 38 57 13 15 39 48
188 1396 49 28 13 66 10 61 12 42 42 14 49 34 46 21 11 57 31 34 35 49 30 65 37 51
2495 2495 70 30 66 36 30 70 30 36 46 32 38 2 48 14 58 6 12 24 54 58 4 54 36 54
2205 2215 71 48 2 40 29 62 0 22 59 57 24 32 8 5 31 10 70 42 47 55 64 56 50 2
1269 1304 65 59 49 64 23 63 53 38 39 40 19 24 40 65 43 61 62 16 64 40 5 65 9 61
133 3297 44 44 20 17 0 3 23 36 38 36 29 11 61 68 41 4 25 18 50 47 67 46 6 49
3455 3455 17 25 16 3 16 63 4 40 24 52 55 0 34 71 50 0 24 35 58 52 62 40 45 54
2292 2298 31 47 28 67 49 41 59 46 9 48 11 51 25 62 25 57 20 0 58 40 26 29 10 68
3005 3021 66 45 33 58 48 29 53 15 38 39 33 15 2 5 68 5 46 37 67 18 45 64 33 23
1395 2524 26 57 29 2 5 20 27 46 68 36 53 36 18 53 43 2 30 15 39 68 13 48 1 3
3741 3741 0 0 0 0 0 0 0 0 0 0 0 0 0 0 0 0 0 0 0 0 0 0 0 0
4232 4238 53 4 28 61 51 50 26 26 43 33 21 10 10 25 13 35 24 35 70 1 26 61 14 13
181 189 6 21 56 46 23 65 53 12 26 2 8 35 36 8 1 54 16 8 22 43 29 12 44 9
1206 4669 26 8 46 34 7 55 59 23 22 67 31 0 61 52 23 14 11 68 40 16 54 17 64 18
70 70 35 63 40 23 53 45 56 27 66 48 4 9 56 5 58 45 9 67 49 17 43 68 65 18
326 345 2 2 14 44 44 60 44 50 41 11 62 70 27 57 52 40 58 65 3 8 27 53 0 71
3694 3721 27 56 57 60 37 60 7 27 17 41 31 53 37 48 40 61 11 51 60 41 43 50 5 4
304 3983 70 12 67 44 49 20 49 46 57 35 48 12 0 65 37 16 6 20 33 13 18 49 19 47
3752 3752 23 70 70 5 57 70 13 57 54 17 55 38 14 70 64 42 57 37 48 50 16 34 16 48
152 155 51 48 37 65 21 62 64 14 35 43 52 46 38 32 50 49 60 12 63 27 23 33 53 28
2378 2380 8 30 34 22 40 26 20 54 46 18 10 0 22 70 62 20 50 26 0 10 38 20 66 36
419 1877 54 56 4 14 34 28 0 36 46 58 38 48 18 62 28 42 38 44 48 28 2 34 26 10
3154 3154 48 35 44 10 25 39 49 30 62 42 71 16 71 70 21 21 37 28 52 62 66 62 19 70
2718 2722 4 14 37 16 49 7 9 22 36 61 5 61 70 33 70 63 51 66 37 44 59 36 36 38
3734 3762 17 60 24 49 41 7 61 53 15 46 26 40 20 31 70 52 60 53 35 26 64 42 21 49
36 137 60 24 57 30 0 0 45 24 51 12 0 69 45 21 9 3 51 66 6 6 6 9 51 69
123 123 45 54 19 40 50 4 30 3 24 20 45 24 68 18 50 65 0 19 12 43 52 28 30 0
4857 4874 24 8 0 68 56 0 56 48 20 0 20 28 36 20 20 32 32 60 44 32 32 60 56 48
1533 1552 66 5 64 4 51 23 22 30 61 48 54 18 69 55 23 42 54 67 21 22 20 60 69 27
1926 2393 18 39 43 49 32 52 68 56 41 46 68 22 27 7 49 4 64 11 33 33 43 13 68 3
406 406 46 47 31 62 48 35 59 21 20 60 51 10 22 38 16 59 37 70 31 64 10 64 12 25
3792 3806 15 25 52 4 49 60 41 16 21 3 20 57 53 0 22 5 14 34 55 70 9 7 55 8
2911 2925 46 51 55 9 32 5 26 66 49 71 13 45 41 42 66 4 40 61 68 16 2 22 70 70
129 2369 43 49 47 14 1 21 66 59 0 71 26 50 16 70 44 26 0 54 28 17 17 57 40 43
390 390 55 66 57 68 70 69 24 50 31 67 57 42 34 2 30 8 64 10 63 53 39 34 0 58
4545 4545 6 28 47 32 37 63 61 45 65 50 47 70 62 11 0 25 36 23 65 23 30 4 62 23
3563 3600 58 48 4 65 42 10 5 21 39 5 59 47 64 32 25 55 8 63 30 13 58 5 19 14
155 523 35 3 0 21 64 7 22 14 37 4 63 51 29 13 33 49 0 15 13 24 43 8 0 3
1272 1272 23 16 23 16 61 8 26 71 37 67 2 6 23 5 41 38 65 29 0 12 1 38 37 34
4511 4520 71 16 62 29 58 60 56 23 18 63 6 28 69 28 69 2 38 14 18 40 43 18 42 32
2332 2351 11 51 0 4 8 69 57 12 49 34 6 30 1 58 25 26 18 23 59 43 5 57 34 12
527 1564 53 53 66 6 41 41 6 27 49 68 53 27 18 31 36 27 52 32 41 62 31 44 28 39
774 774 64 33 13 20 10 31 68 56 25 16 55 5 71 63 33 67 15 23 21 46 37 4 5 37
4605 4624 41 11 44 43 49 25 44 21 50 42 23 41 45 68 69 23 51 58 62 39 60 0 39 49
1760 1763 38 42 71 39 50 13 37 36 23 37 50 70 7 61 20 10 64 63 64 4 51 3 18 33
77 4504 63 55 54 44 21 16 7 1 39 65 2 67 10 11 21 1 13 55 40 16 25 1 61 23
4219 4219 0 0 0 0 0 0 0 0 0 0 0 0 0 0 0 0 0 0 0 0 0 0 0 0
1089 1106 27 55 38 39 46 53 14 37 53 57 16 61 60 9 61 1 70 47 63 7 6 4 1 1
4525 4530 53 15 23 40 9 8 47 26 47 49 33 23 34 37 68 12 44 69 19 51 0 60 41 15
862 2718 42 54 10 32 11 43 64 50 53 54 2 1 1 40 34 17 8 14 43 68 23 40 21 56
367 367 0 0 0 0 0 0 0 0 0 0 0 0 0 0 0 0 0 0 0 0 0 0 0 0
4465 4481 11 19 40 0 53 1 26 65 54 41 25 1 43 8 49 34 43 70 35 44 61 45 36 15
660 691 56 71 41 15 17 21 26 44 17 9 62 67 18 40 64 60 67 31 37 16 23 15 35 62
73 1211 50 54 54 30 60 10 18 62 62 56 42 66 54 44 26 44 54 52 54 14 14 36 44 4
3337 3337 0 0 0 0 0 0 0 0 0 0 0 0 0 0 0 0 0 0 0 0 0 0 0 0
269 279 50 63 62 39 19 20 40 5 8 32 7 70 69 6 45 5 48 30 46 42 55 13 39 61
2708 2729 7 68 9 23 41 17 9 36 53 50 43 7 61 0 45 60 25 1 54 15 57 48 53 20
141 1741 28 56 36 54 18 48 42 20 34 60 24 32 38 46 66 38 0 36 26 12 14 40 2 54
3907 3907 57 50 4 10 64 21 50 26 68 35 17 62 46 40 70 2 14 28 18 21 46 62 45 13
3380 3383 0 48 0 56 56 40 8 40 24 0 40 0 24 0 40 0 40 8 48 64 16 16 64 48
2824 2869 66 67 56 7 29 27 12 31 65 16 53 34 70 30 16 29 18 68 66 2 52 22 56 5
4544 4758 15 69 55 42 36 4 48 57 7 13 49 15 14 39 0 22 53 12 52 56 23 1 19 69
4963 4963 64 30 68 58 48 63 55 3 4 32 62 68 38 62 2 12 10 59 29 58 66 17 6 5
3186 3192 6 17 52 17 67 68 14 51 24 13 28 42 69 27 51 46 16 51 5 34 56 66 64 11
2802 2834 66 21 63 11 11 11 61 50 53 48 40 8 64 49 68 0 37 11 49 18 20 44 13 11
1502 4288 32 37 56 43 27 37 68 57 32 31 25 45 30 47 10 30 66 71 48 60 62 24 48 64
3464 3464 23 16 4 31 15 20 43 33 60 65 35 41 70 5 9 3 49 28 67 58 21 61 9 11
4906 4910 56 61 48 65 60 21 56 66 26 46 1 47 14 6 31 71 22 26 11 71 54 13 43 14
220 247 60 9 51 66 27 52 14 29 30 48 57 19 4 26 27 41 24 28 68 42 49 63 24 46
590 3424 49 41 3 31 56 6 38 26 44 1 12 55 36 29 14 63 28 4 26 12 40 20 48 11
1791 1791 55 1 31 26 70 60 40 25 30 44 2 29 15 31 3 49 58 5 50 44 54 18 43 70
2767 2772 46 40 5 20 71 33 10 28 57 9 35 29 4 2 51 44 55 19 53 7 1 42 48 22
2365 2396 11 30 15 66 49 3 65 18 41 7 2 12 2 37 70 48 61 71 8 62 18 25 70 70
25 79 23 2 16 39 35 39 33 24 16 67 35 32 44 39 19 46 44 24 56 40 39 67 39 25
417 417 37 20 37 16 18 51 48 23 67 27 37 0 37 18 21 9 19 54 70 48 44 51 41 24
180 187 56 37 9 66 2 46 10 16 29 35 9 59 35 23 47 4 54 21 17 21 3 35 11 28
696 711 47 27 60 9 55 53 68 58 63 7 28 9 43 56 50 8 44 46 22 9 68 33 39 10
2617 4594 48 33 34 61 3 25 42 66 14 5 52 13 58 34 61 44 16 59 57 38 39 40 64 28
458 458 0 0 0 0 0 0 0 0 0 0 0 0 0 0 0 0 0 0 0 0 0 0 0 0
3336 3343 54 63 0 63 63 54 45 63 18 9 9 63 36 9 0 63 45 27 9 0 18 63 45 45
249 249 67 30 35 42 42 55 23 39 36 59 70 59 1 57 34 43 38 68 38 64 18 12 24 21
2005 3852 62 56 22 30 32 28 34 49 39 14 5 54 36 70 6 13 43 22 45 23 46 28 64 30
1251 1251 44 13 32 14 5 54 5 25 53 69 6 62 28 44 27 58 22 30 59 36 59 45 70 45
1666 1674 1 20 44 2 4 15 33 32 51 52 4 65 57 48 47 66 62 11 9 52 19 14 7 21
1652 1693 44 40 66 36 54 36 56 26 14 58 14 70 48 6 44 68 32 42 8 44 48 2 58 58
637 841 0 0 0 0 0 0 0 0 0 0 0 0 0 0 0 0 0 0 0 0 0 0 0 0
2888 2888 0 0 0 0 0 0 0 0 0 0 0 0 0 0 0 0 0 0 0 0 0 0 0 0
1054 1063 18 40 34 10 36 62 43 25 15 26 31 57 57 29 69 54 31 51 22 54 31 49 63 34
717 721 62 1 51 12 25 17 14 23 31 50 25 35 5 50 40 6 33 32 50 61 2 54 58 1
1390 3878 12 0 68 48 32 12 16 24 54 68 4 12 68 6 8 66 10 16 6 42 64 66 44 62
3038 3038 61 42 28 42 15 44 47 67 31 62 17 69 71 44 67 43 41 13 46 25 4 60 42 34
3087 3087 48 66 24 24 24 24 6 12 60 60 24 54 0 18 66 12 30 36 0 60 0 18 12 42
3049 3072 20 18 4 68 1 37 42 24 37 35 51 30 44 71 17 35 56 23 3 62 23 59 55 0
431 2609 16 2 29 40 29 31 44 69 38 39 48 52 16 35 59 14 4 8 19 30 52 17 31 58
428 428 66 19 43 28 46 60 41 15 54 25 35 36 53 10 18 41 1 2 17 43 12 4 36 8
3171 3188 10 14 42 40 36 12 14 70 8 68 46 2 22 36 16 42 64 28 20 22 0 30 50 44
691 712 9 39 9 38 59 52 36 29 15 47 5 28 45 13 21 68 10 48 63 24 2 7 54 18
2290 3387 68 32 29 6 24 54 35 23 43 14 29 33 46 56 40 65 54 35 62 68 28 30 68 37
980 980 0 0 0 0 0 0 0 0 0 0 0 0 0 0 0 0 0 0 0 0 0 0 0 0
2959 2979 51 2 27 0 20 38 31 34 15 20 13 54 62 47 39 17 46 33 56 65 38 66 67 33
2607 2648 56 52 14 12 6 28 14 36 6 54 28 70 34 2 0 68 2 2 0 64 58 22 30 34
1199 1614 70 38 14 32 68 14 50 66 68 38 40 12 4 64 10 30 38 60 34 2 28 40 34 50
3261 3261 49 71 29 62 42 31 0 58 37 55 27 31 57 45 69 38 60 45 15 43 49 44 41 44
4646 4651 16 60 68 30 29 11 13 4 49 53 69 50 40 11 10 55 9 14 50 18 23 67 59 13
1655 1700 57 22 30 23 49 17 34 36 35 57 55 59 70 61 22 45 68 10 58 38 24 7 68 36
3539 3575 3 57 50 66 66 39 52 65 42 28 20 58 53 52 35 14 20 38 28 60 4 26 60 5
1044 1044 42 50 54 54 38 2 30 24 36 12 36 64 14 4 14 62 6 46 32 56 64 42 12 50
2698 2702 41 61 49 15 48 38 41 30 58 29 3 37 1 58 26 24 69 65 65 18 21 27 25 63
3906 3939 12 42 26 22 47 44 63 21 64 13 59 23 0 6 47 7 69 16 6 1 45 46 64 28
2407 2469 53 41 22 34 17 54 30 68 56 42 17 7 20 46 43 48 32 33 50 60 36 47 24 14
3918 3918 31 21 12 68 38 47 61 42 6 33 11 40 64 12 36 12 12 31 16 55 21 1 8 45
3162 3184 14 63 14 53 54 16 24 24 71 54 34 11 59 69 25 33 70 42 64 24 24 48 19 9
3635 3656 22 15 43 21 8 63 49 1 0 60 69 65 69 24 69 22 40 37 42 40 22 56 48 1
1062 2423 71 7 30 33 61 5 67 2 32 66 37 4 64 59 46 34 2 13 53 65 8 55 64 51
2019 2019 27 15 42 60 3 51 18 33 3 24 18 6 24 21 66 18 45 24 33 18 6 18 33 24
236 245 52 49 15 46 9 69 5 27 1 63 3 48 62 50 57 30 69 39 4 12 7 38 69 2
4704 4714 26 16 50 24 15 2 17 63 58 1 40 1 26 44 48 4 13 59 8 2 16 71 65 32
88 387 50 7 60 71 30 49 33 9 17 5 5 70 1 4 24 64 44 14 48 45 10 58 46 21
3570 3570 9 2 26 11 31 34 44 17 0 57 4 24 12 3 18 6 63 2 16 37 16 49 20 16
1630 1632 56 28 4 60 6 10 14 64 48 70 24 52 36 70 64 54 18 18 20 14 32 48 40 14
1972 2014 19 23 31 55 24 71 18 10 26 61 67 13 55 48 55 7 3 29 25 67 13 33 29 23
1116 1413 64 30 40 37 36 1 56 33 70 32 58 39 20 3 63 13 23 0 44 43 15 45 25 60
977 977 24 48 0 0 48 0 0 48 0 0 24 24 48 24 24 24 0 0 24 48 0 48 24 48
3289 3295 17 29 21 26 2 22 34 46 37 6 9 62 55 7 38 33 16 18 23 9 13 50 69 33
1 2 0 0 0 0 0 0 0 0 0 0 0 0 0 0 0 0 0 0 0 0 0 0 0 0
2573 3147 54 3 36 42 39 51 45 45 66 45 51 66 63 42 66 36 9 42 33 15 39 15 24 39
1612 1612 48 48 18 6 48 54 60 54 54 36 48 6 60 18 48 0 36 24 30 66 66 24 24 36
3702 3725 45 14 59 62 6 23 56 14 68 39 12 31 25 38 12 66 71 65 64 12 61 41 47 27
2820 2846 31 1 38 3 54 6 21 39 4 3 52 42 21 44 44 20 71 23 33 31 11 33 65 35
130 276 10 53 17 51 67 47 2 42 24 55 39 65 47 33 33 8 30 12 32 38 40 50 54 66
3592 3592 36 0 0 36 36 36 0 0 0 0 36 36 0 36 0 36 36 36 0 36 0 0 36 0
327 347 13 66 25 21 69 58 2 37 43 8 57 16 67 38 45 41 55 40 64 56 38 69 45 65
4452 4481 18 13 41 14 0 66 25 44 20 35 66 10 33 16 33 13 6 2 7 52 64 8 19 40
721 3354 69 63 6 19 19 30 45 53 60 14 55 70 52 48 17 41 7 68 67 62 4 0 58 57
2791 2791 0 0 0 0 0 0 0 0 0 0 0 0 0 0 0 0 0 0 0 0 0 0 0 0
4206 4217 22 11 50 54 25 3 6 43 11 30 17 69 25 40 23 12 9 60 25 16 21 30 26 7
57 65 42 65 65 6 68 54 31 42 49 51 45 36 18 67 56 29 25 39 29 5 21 64 8 28
1392 3203 63 68 31 70 12 23 36 20 17 59 32 56 42 34 17 11 64 17 45 24 33 8 8 57
3042 3042 19 25 70 70 67 50 14 34 52 4 12 32 29 29 41 2 44 2 36 40 51 41 47 48
3864 3868 54 26 48 47 52 48 37 28 28 25 25 7 63 44 55 51 9 17 48 51 37 31 7 21
4219 4246 5 54 21 14 27 53 22 59 14 48 40 40 63 7 64 63 10 67 44 18 12 36 30 42
3345 4004 44 31 21 42 55 24 31 17 31 31 56 53 13 30 64 45 33 65 10 67 24 1 28 1
4584 4584 15 65 9 33 29 11 4 47 3 59 36 57 45 58 16 63 10 21 34 10 57 6 4 20
1056 1078 49 27 60 16 17 25 54 35 46 64 26 23 31 41 69 68 14 49 19 31 46 10 46 40
944 991 64 34 0 34 39 4 65 4 51 69 3 6 14 57 56 47 39 22 21 31 34 5 21 11
3488 4993 60 32 32 25 71 55 70 10 14 62 10 65 14 35 31 67 57 60 54 43 12 70 22 59
563 563 52 30 31 38 63 59 49 37 29 8 31 32 25 42 10 66 53 2 28 27 35 10 71 13
1624 1641 43 33 45 60 58 0 66 9 52 20 14 55 17 12 50 4 27 63 39 50 57 17 23 70
1287 1321 44 10 16 22 57 9 64 56 70 36 7 10 44 25 40 26 53 7 49 70 65 67 28 70
1615 2247 52 36 8 32 44 28 8 48 20 52 24 32 0 36 36 16 44 0 12 28 52 60 40 52
2830 2830 26 12 53 67 41 55 4 51 23 22 54 58 45 25 20 40 27 49 62 34 34 56 36 32
1390 1404 4 40 13 0 14 42 51 63 53 38 56 6 58 27 50 31 14 63 57 50 24 52 30 10
13 19 66 30 53 0 57 68 20 4 36 21 16 61 48 45 60 71 11 53 40 33 30 51 15 35
1764 2025 35 4 20 48 63 37 8 60 42 10 2 17 39 12 15 51 60 21 13 68 4 51 43 39
3271 3271 16 46 34 21 19 50 3 43 53 67 60 59 70 62 55 6 12 37 67 43 71 3 9 35
1952 1959 3 42 21 15 33 3 42 69 48 6 54 30 54 48 6 12 63 60 33 39 21 30 42 30
3467 3512 52 29 3 21 25 48 60 37 41 27 5 52 50 4 45 10 42 33 69 41 54 37 49 53
2545 4119 54 23 32 5 18 65 41 58 49 62 51 17 2 58 10 28 32 13 44 66 31 41 43 34
3705 3705 7 32 71 54 0 13 71 35 59 32 69 53 17 13 66 53 0 35 13 51 51 25 25 10
1142 1162 23 51 44 2 22 34 2 48 46 31 61 54 67 26 30 26 4 31 34 40 53 12 5 41
1269 1278 56 12 63 10 43 68 35 39 18 22 8 44 20 58 22 49 19 40 53 39 67 32 25 29
761 3827 32 34 38 48 32 0 14 70 1 21 1 14 52 47 9 49 4 34 9 30 3 2 29 39
1372 1372 26 37 56 51 17 32 39 21 14 6 1 20 21 69 18 10 63 35 29 60 11 71 25 18
2790 2807 56 63 14 4 47 66 22 57 62 59 52 17 48 55 34 19 44 9 22 28 27 1 14 52
1125 1144 25 27 54 29 59 21 36 41 4 45 59 59 0 43 9 71 57 26 54 63 3 17 33 61
1701 3621 44 20 17 23 62 44 54 60 11 32 19 65 37 17 32 46 42 16 71 36 55 7 20 54
2144 2144 1 56 2 4 19 0 25 18 5 69 67 29 9 41 10 50 68 50 49 51 67 67 67 65
595 614 54 35 54 29 1 50 64 61 36 6 0 11 57 35 44 12 33 27 62 50 19 5 5 67
2842 2862 12 62 11 35 25 71 51 36 31 20 44 4 22 38 55 34 8 67 10 18 37 37 14 48
1 1 0 0 0 0 0 0 0 0 0 0 0 0 0 0 0 0 0 0 0 0 0 0 0 0
570 570 63 20 27 54 13 58 11 54 67 64 53 21 40 11 0 55 59 54 14 51 58 10 62 51
538 559 3 38 35 17 40 26 28 47 67 50 59 16 67 55 45 35 24 10 49 2 38 29 44 34
3018 3046 3 14 41 20 5 21 67 22 55 49 6 8 40 68 33 44 4 16 52 68 44 39 27 3
709 1349 2 12 46 48 56 38 40 42 22 6 58 64 24 68 16 24 20 4 30 6 70 10 12 66
4751 4751 57 46 30 45 67 21 6 19 3 47 56 64 33 6 0 57 24 58 66 14 19 11 3 3
280 280 24 68 30 36 70 36 58 16 36 70 46 62 34 66 70 22 2 64 32 14 46 24 24 30
4635 4675 12 64 36 20 56 32 36 0 52 12 52 8 20 56 36 56 0 36 40 0 40 0 36 36
993 1458 67 18 71 70 64 0 29 24 56 44 13 66 12 40 41 5 55 1 2 38 62 23 14 50
511 511 0 0 0 0 0 0 0 0 0 0 0 0 0 0 0 0 0 0 0 0 0 0 0 0
993 1013 2 48 43 50 51 62 66 52 63 29 71 29 15 50 43 49 47 13 7 8 20 60 35 15
771 814 14 28 64 56 20 16 20 52 60 36 46 56 34 36 48 58 4 4 46 60 40 58 22 10
977 2780 69 5 61 56 69 68 69 51 48 66 19 65 4 33 37 2 16 54 43 65 55 64 41 46
4499 4499 50 64 34 4 46 58 24 36 10 64 52 68 8 14 56 2 44 4 0 14 70 26 42 26
2753 2763 42 33 18 1 23 62 58 38 17 64 21 58 26 66 6 67 65 51 9 44 41 54 46 41
4230 4257 18 4 2 13 54 63 47 17 58 32 42 31 55 21 2 22 65 68 56 13 22 21 67 2
133 134 0 0 0 0 0 0 0 0 0 0 0 0 0 0 0 0 0 0 0 0 0 0 0 0
4557 4557 54 33 7 50 16 41 23 10 24 65 2 62 49 16 39 39 58 61 42 7 48 3 26 26
23 30 67 12 7 54 70 35 67 46 11 40 26 58 7 63 65 26 67 43 59 37 36 29 51 9
2417 2434 43 4 9 60 30 40 59 6 31 9 13 13 23 50 58 6 15 55 33 59 18 20 45 24
108 683 50 35 37 15 33 46 7 6 19 62 5 3 25 30 37 4 66 57 5 2 0 37 8 9
651 651 54 54 18 54 0 54 36 18 18 36 36 54 54 18 18 0 0 54 36 36 0 54 0 18
1928 1950 57 48 23 13 66 63 47 48 20 67 57 30 15 53 45 49 19 5 46 49 32 12 20 50
3390 3415 9 64 2 32 44 22 29 23 64 20 7 42 68 4 61 49 54 47 14 14 66 25 30 45
2168 2478 57 22 49 11 38 35 24 64 34 8 39 6 46 55 17 67 53 6 3 11 12 32 38 40
2374 2374 11 3 50 25 17 27 49 68 17 19 15 1 59 64 19 26 59 52 12 52 54 60 21 40
123 131 52 25 33 59 4 47 33 46 2 3 71 2 68 55 21 63 52 36 43 30 1 12 11 30
4002 4027 31 9 7 51 45 18 58 20 4 39 6 15 11 57 4 3 11 3 54 13 64 51 63 32
255 2050 38 21 53 12 29 24 55 16 35 43 51 26 8 55 43 57 19 59 36 0 35 56 51 54
2545 2545 52 20 7 1 38 66 52 14 48 26 29 7 24 60 40 48 20 52 42 19 57 22 29 44
622 628 55 70 24 13 4 39 19 45 71 12 30 38 35 61 63 28 47 20 12 2 17 6 52 28
1655 1695 16 64 61 22 20 51 45 62 25 0 45 30 18 7 28 55 47 59 19 13 42 67 38 50
1314 4181 23 31 34 66 13 14 15 19 66 30 63 49 70 17 22 70 59 17 15 32 7 38 32 34
4777 4777 0 0 0 0 0 0 0 0 0 0 0 0 0 0 0 0 0 0 0 0 0 0 0 0
3408 3408 46 46 68 2 30 32 24 18 20 56 4 44 52 34 58 2 58 26 30 46 34 0 4 30
1104 1105 39 47 47 17 40 46 39 19 68 17 61 34 44 17 44 3 3 19 64 48 46 48 42 61
922 3657 25 50 30 34 42 68 39 15 8 70 35 30 14 4 60 21 29 41 34 52 21 8 56 43
3853 3853 0 0 0 0 0 0 0 0 0 0 0 0 0 0 0 0 0 0 0 0 0 0 0 0
4042 4046 12 70 48 54 18 64 34 30 34 60 6 70 22 42 4 56 68 40 52 14 38 50 26 24
1766 1794 24 47 20 1 37 24 20 70 37 39 26 21 63 26 20 17 42 20 57 24 30 1 26 63
150 324 38 24 67 53 62 4 65 68 15 57 35 59 0 26 1 7 43 17 30 39 30 20 66 61
1455 1455 0 60 14 32 21 60 58 65 29 38 48 21 55 47 2 49 39 34 11 69 11 42 53 41
22 29 68 52 60 42 14 32 9 61 21 10 14 68 62 14 0 25 8 8 25 63 28 35 68 54
4665 4677 3 50 30 5 10 42 4 66 6 31 25 27 15 55 39 58 26 3 50 48 32 32 19 46
3793 4747 39 6 2 34 47 11 34 3 5 69 2 4 64 49 54 26 52 33 30 51 33 6 34 61
4227 4227 32 48 32 8 0 40 24 24 24 8 32 56 24 56 56 0 40 16 24 24 40 32 56 0
3604 3616 41 30 61 50 22 67 48 2 59 57 56 36 11 26 4 23 68 27 21 37 69 28 23 33
738 782 31 71 67 14 60 33 39 46 56 69 63 23 65 28 36 10 70 24 21 10 61 2 38 46
125 638 61 50 61 34 40 57 18 55 17 68 53 3 7 53 37 13 46 69 45 70 71 44 0 18
372 372 70 13 69 48 39 35 62 7 0 69 10 17 22 68 31 57 26 12 6 38 54 38 3 43
1272 1280 19 51 26 4 35 39 1 1 69 66 28 43 29 70 17 48 12 31 43 35 60 6 34 10
2025 2056 22 59 33 50 2 32 35 14 26 39 31 20 27 22 34 71 56 68 13 23 21 28 31 56
1909 2915 29 20 40 45 4 45 14 13 33 46 35 15 31 1 11 4 37 20 49 17 52 13 40 3
2395 2395 42 51 63 25 26 29 29 27 10 70 27 12 13 26 46 17 31 48 66 40 26 48 66 39
752 753 19 44 19 54 5 47 46 2 3 18 40 50 15 70 68 51 20 61 42 23 71 8 1 62
2752 2774 30 46 48 32 28 30 12 8 18 4 56 28 30 28 26 50 32 22 14 60 40 62 34 62
1761 3109 12 50 71 39 56 57 15 36 63 33 28 40 0 13 45 12 66 17 5 68 69 11 35 26
3205 3205 47 49 17 30 40 19 27 1 62 69 30 0 42 34 9 44 30 63 5 6 56 43 19 55
2989 3003 26 22 29 26 44 34 64 37 26 27 23 69 29 12 2 42 67 67 61 30 47 25 23 3
3787 3823 64 17 18 27 12 21 23 4 61 43 33 67 62 38 41 10 23 68 48 68 0 9 37 21
20 26 24 63 18 58 41 60 15 41 32 30 39 63 13 3 53 54 36 61 46 10 10 13 62 32
3101 3101 23 56 32 1 19 19 16 27 51 24 55 54 29 36 37 22 1 65 71 10 10 47 71 63
525 528 27 21 54 51 51 24 45 54 39 66 36 24 69 6 27 6 51 21 54 6 24 18 54 42
2364 2382 47 61 5 64 23 43 65 12 52 4 56 57 56 61 50 51 33 16 8 52 36 52 46 59
1289 2732 6 41 64 35 56 6 21 13 34 56 54 25 8 21 55 44 46 52 65 45 38 35 51 25
4643 4643 36 70 52 0 30 52 52 42 33 47 54 15 52 58 71 32 55 8 32 16 36 3 57 14
171 176 10 45 61 35 21 2 15 70 39 54 1 6 42 13 44 42 21 69 60 62 7 38 60 26
2839 2859 59 34 50 40 12 63 7 49 66 56 71 23 20 67 48 45 64 17 1 53 57 36 54 41
120 1402 18 0 18 36 54 36 18 36 18 0 54 54 0 18 0 18 18 36 36 18 36 36 36 18
3091 3091 0 0 0 0 0 0 0 0 0 0 0 0 0 0 0 0 0 0 0 0 0 0 0 0
1241 1261 68 9 68 12 19 53 38 2 62 30 55 12 19 59 38 69 66 64 41 19 65 48 2 23
1373 1419 19 61 9 58 50 47 66 1 33 27 50 7 20 23 58 14 59 41 32 19 14 58 8 43
1154 3844 63 34 29 4 66 63 31 30 12 60 12 5 59 64 4 54 29 61 43 38 52 61 9 28
2988 2988 27 33 58 16 42 9 56 7 70 59 33 48 66 11 54 0 60 61 69 64 61 63 23 63
3448 3450 56 0 32 32 0 0 32 32 8 64 48 40 40 8 8 32 48 16 56 0 8 32 24 24
3829 3840 70 51 31 36 40 67 63 46 16 33 47 24 17 38 68 20 47 17 62 29 58 55 1 70
1319 2862 36 37 20 34 63 4 29 70 12 31 20 5 54 0 63 52 53 21 42 64 27 27 14 5
926 926 0 0 0 0 0 0 0 0 0 0 0 0 0 0 0 0 0 0 0 0 0 0 0 0
1687 1687 0 0 0 0 0 0 0 0 0 0 0 0 0 0 0 0 0 0 0 0 0 0 0 0
1694 1739 6 70 58 27 45 65 16 55 64 23 59 66 25 67 40 19 44 18 61 8 53 1 5 27
1387 2966 50 17 7 64 67 2 21 7 12 56 37 13 4 33 64 34 63 1 60 49 39 42 16 9
1370 1370 11 2 17 29 3 29 8 59 65 33 15 42 69 59 10 15 65 65 22 36 49 52 70 10
3565 3588 38 30 25 19 69 62 12 13 11 5 58 1 5 14 32 53 23 13 22 17 47 21 15 46
604 642 28 64 33 24 39 34 9 70 51 23 32 26 34 29 55 18 41 7 0 63 0 54 34 64
1026 2228 8 38 22 38 63 69 5 15 45 49 39 11 10 66 49 16 33 45 29 33 17 30 67 41
3945 3945 57 65 16 46 57 45 15 56 29 19 7 50 15 17 2 7 41 58 15 44 22 18 13 25
1267 1290 53 6 10 24 44 43 1 10 36 61 66 20 22 40 71 18 20 16 52 24 48 20 54 1
686 730 14 54 49 54 61 64 64 46 54 28 36 8 30 27 39 42 49 14 7 47 33 24 57 19
407 1106 21 63 68 17 30 40 10 41 57 45 19 5 17 10 63 17 18 12 52 64 0 30 52 14
2826 2826 12 66 44 5 65 68 11 34 33 3 12 55 43 7 60 6 18 41 32 39 33 49 21 40
3493 3496 7 1 60 59 3 6 71 24 34 11 24 45 33 67 17 56 51 18 33 31 35 13 46 14
3181 3210 18 66 9 39 55 23 61 34 68 3 7 40 67 63 40 6 45 70 7 6 44 27 70 51
122 134 34 57 27 9 41 11 45 42 52 9 54 31 44 63 52 38 38 49 27 27 39 29 9 67
4442 4442 48 51 47 30 60 49 64 41 64 64 26 10 41 58 14 50 31 22 44 3 28 46 63 21
2317 2330 31 32 56 65 37 26 57 4 49 5 61 36 59 36 61 11 71 35 36 62 32 40 48 45
3073 3113 20 3 64 63 12 9 68 10 44 11 62 37 22 53 14 67 53 38 26 69 67 21 57 49
703 2008 0 0 0 0 0 0 0 0 0 0 0 0 0 0 0 0 0 0 0 0 0 0 0 0
4801 4801 29 61 48 55 25 68 37 66 54 26 66 71 57 15 2 49 24 62 65 33 54 48 14 30
1906 1913 61 24 36 14 7 48 7 31 21 0 67 46 54 31 15 33 58 3 13 5 55 45 57 3
4276 4300 59 0 43 8 7 23 9 5 52 45 19 9 14 16 56 10 29 18 59 41 67 31 19 59
524 1044 4 17 38 29 34 64 60 53 32 55 37 17 58 30 43 42 3 17 57 56 22 45 26 5
254 254 2 14 37 46 44 28 37 19 11 13 41 6 68 59 70 53 45 3 49 2 10 0 37 37
4682 4703 63 46 11 33 41 18 28 42 67 36 7 20 52 16 63 14 26 30 61 33 62 14 15 5
1233 1248 38 14 65 8 1 5 9 49 56 58 47 58 33 26 55 1 42 36 39 7 20 3 50 9
1850 1956 68 60 38 14 62 67 7 4 57 64 68 22 63 60 2 66 17 44 4 71 59 31 28 47
3820 3820 22 4 28 27 54 29 30 54 63 37 47 65 24 47 21 19 5 38 29 9 30 54 43 32
3331 3353 30 32 12 32 62 71 44 41 7 54 38 71 28 13 7 23 24 71 24 69 7 43 34 54
2118 2159 42 56 71 4 42 62 7 36 22 49 22 35 47 0 51 44 41 54 8 55 59 66 44 8
1642 2624 59 50 50 1 18 70 3 43 68 42 67 31 63 13 14 60 15 49 53 61 29 44 31 5
4881 4881 43 42 3 53 7 21 50 15 71 69 54 20 36 13 32 9 25 35 44 3 36 6 60 30
3801 3807 31 21 46 45 16 26 35 62 49 32 11 39 68 9 47 19 63 32 2 10 6 54 59 65
3795 3826 10 50 54 34 44 18 49 3 29 49 66 62 58 6 67 9 12 67 57 29 10 61 2 27
181 481 20 39 27 64 30 25 0 68 19 7 48 54 52 16 34 34 5 32 54 10 11 51 2 49
4926 4926 43 3 49 58 68 22 13 20 14 71 48 61 10 31 5 28 10 30 20 19 62 29 41 52
4895 4918 49 4 64 4 33 15 22 9 17 66 51 63 46 70 31 48 36 20 30 6 70 43 48 36
4497 4514 36 27 51 2 60 55 39 45 21 50 32 42 56 50 71 40 60 26 4 52 10 47 56 49
667 751 43 43 5 1 31 31 52 17 58 62 45 69 0 27 5 9 64 6 39 58 42 55 59 12
2314 2314 0 0 0 0 0 0 0 0 0 0 0 0 0 0 0 0 0 0 0 0 0 0 0 0
2261 2265 36 63 52 53 4 8 8 11 45 45 54 68 40 20 70 31 48 18 51 34 49 14 17 13
3294 3327 3 9 63 71 59 2 71 29 30 12 29 62 31 37 65 43 66 1 58 62 60 36 46 22
720 3682 5 22 50 50 65 44 18 51 33 25 10 58 6 32 44 49 68 39 17 68 38 40 52 0
4870 4870 0 32 0 8 16 8 64 16 40 40 48 24 32 16 64 56 64 48 48 16 8 40 56 48
1188 1206 48 34 43 23 47 67 43 6 8 19 5 54 12 39 40 26 57 50 32 25 10 38 27 66
4035 4061 58 23 68 11 11 30 40 19 57 62 20 12 70 34 1 43 26 31 70 11 2 67 19 28
6 16 41 2 6 51 25 53 31 67 40 31 5 20 19 40 4 56 49 30 46 7 49 4 39 22
1644 1644 65 8 46 40 25 38 71 4 18 41 36 4 9 1 32 2 0 49 7 59 24 42 36 30
827 850 18 63 16 47 38 47 0 13 25 33 49 68 59 68 5 64 67 66 52 56 40 5 13 48
292 327 33 18 6 20 48 43 7 7 70 23 53 30 12 57 48 35 14 70 16 29 34 63 35 59
3499 3690 11 15 32 24 57 55 38 17 69 52 66 3 52 16 59 64 24 17 63 8 42 26 20 65
438 438 45 68 21 7 30 19 27 33 62 62 59 50 56 65 23 68 28 37 53 46 70 45 46 15
1838 1840 66 18 3 45 66 6 21 45 66 57 9 57 51 69 60 42 48 3 66 48 69 30 15 0
536 561 33 31 49 50 50 56 29 0 11 29 29 53 15 62 51 66 40 55 61 9 58 56 56 31
81 351 66 65 45 11 16 49 34 45 20 48 8 60 26 27 60 34 22 24 52 6 55 51 38 19
2233 2233 0 0 0 0 0 0 0 0 0 0 0 0 0 0 0 0 0 0 0 0 0 0 0 0
1082 1094 68 36 27 0 23 5 53 6 12 22 11 0 64 7 41 22 29 58 67 25 64 15 27 9
2041 2053 18 6 60 54 0 36 42 0 54 12 54 6 48 12 48 12 54 18 12 12 54 36 24 12
50 2059 22 17 46 71 63 20 23 15 14 71 60 2 39 61 61 7 4 71 58 27 6 17 63 19
2983 2983 0 0 0 0 0 0 0 0 0 0 0 0 0 0 0 0 0 0 0 0 0 0 0 0
2561 2570 7 54 55 53 20 5 68 45 61 59 13 41 46 22 17 9 38 62 8 41 28 59 42 47
2992 2993 38 67 55 42 35 49 55 58 58 49 36 32 10 28 20 26 51 51 8 67 44 4 27 43
2678 2792 41 10 47 27 53 45 10 46 7 22 64 60 56 22 23 5 23 36 38 30 16 62 24 18
2987 2987 68 4 48 40 68 0 68 28 44 64 16 40 40 12 60 36 12 32 52 32 64 8 40 36
4531 4548 57 34 52 43 60 30 70 32 41 40 2 23 18 61 12 53 40 45 64 28 59 67 64 10
4448 4491 15 50 51 60 53 33 36 0 18 52 30 59 4 66 2 45 47 56 58 60 70 54 3 23
560 2272 48 50 39 11 33 32 26 20 35 65 51 50 16 6 66 48 59 17 62 1 61 27 13 53
1720 1720 60 26 40 49 56 13 56 34 44 29 59 2 34 60 26 29 37 43 24 62 59 36 41 52
1405 1415 36 36 60 24 12 56 52 68 60 64 0 24 28 44 8 56 24 52 16 32 8 28 0 4
3860 3867 26 8 32 22 30 18 24 35 21 25 4 11 42 15 68 65 65 27 65 23 62 26 34 63
296 440 9 27 26 6 46 66 64 43 66 27 58 42 20 47 4 58 57 32 22 36 41 18 45 2
2103 2103 5 20 40 50 7 27 4 56 3 40 19 2 11 23 15 51 51 26 69 51 34 46 20 55
1097 1098 35 51 35 57 4 7 17 36 37 48 18 11 38 69 31 39 18 45 66 6 1 25 64 45
4217 4250 36 42 35 2 2 12 35 21 46 12 16 71 69 14 28 11 23 19 23 0 43 26 15 2
674 1464 13 67 7 66 10 14 71 61 3 65 38 3 18 53 68 18 69 54 66 37 22 27 12 67
4628 4628 0 0 0 0 0 0 0 0 0 0 0 0 0 0 0 0 0 0 0 0 0 0 0 0
209 231 0 0 24 0 0 48 24 24 0 48 48 48 0 48 24 48 0 0 0 24 24 24 24 24
797 820 4 6 24 52 61 57 29 51 39 60 33 20 9 60 71 48 29 14 21 36 70 14 19 17
1191 3241 7 40 41 15 67 55 46 63 64 31 0 48 47 50 24 61 10 47 22 40 62 31 19 38
1376 1376 0 0 0 0 0 0 0 0 0 0 0 0 0 0 0 0 0 0 0 0 0 0 0 0
1933 1933 0 0 0 0 0 0 0 0 0 0 0 0 0 0 0 0 0 0 0 0 0 0 0 0
3693 3737 47 57 41 65 43 66 44 63 67 31 63 67 32 51 42 20 32 35 11 7 55 57 49 52
1556 4376 7 22 61 64 35 38 48 9 10 64 31 13 11 54 45 69 3 50 42 5 31 64 20 47
4923 4923 41 54 38 3 20 30 51 33 30 29 21 28 12 45 28 16 33 11 31 21 25 38 40 63
4053 4075 15 15 29 54 27 28 41 30 40 17 38 64 66 31 52 0 46 35 24 51 38 37 3 10
519 538 36 22 60 25 21 27 31 44 0 9 2 13 44 10 50 2 70 2 5 4 63 19 61 7
2098 4323 63 66 26 69 42 17 24 71 39 21 27 16 36 26 56 31 11 21 19 8 60 21 1 40
1902 1902 19 27 1 56 61 66 54 61 60 59 13 16 67 59 42 17 66 24 50 71 44 71 36 62
2325 2333 29 8 10 17 2 68 56 65 22 30 61 66 29 11 60 66 70 1 33 23 30 63 10 4
4565 4577 19 26 61 44 47 46 6 46 9 42 10 45 25 50 46 16 41 65 30 20 59 57 1 62
1505 2845 49 36 64 7 16 68 44 27 18 55 22 43 6 4 7 52 18 0 33 2 6 51 62 28
3415 3415 49 4 8 18 0 26 26 68 67 62 62 24 50 58 14 45 10 10 61 6 71 19 53 14
1355 1360 19 67 61 39 26 9 70 51 43 70 42 68 54 55 9 23 50 38 19 68 26 50 27 24
4505 4509 58 10 18 44 60 10 0 66 18 68 44 44 16 50 14 68 40 34 26 4 10 50 50 46
97 367 70 47 6 7 27 18 26 41 29 1 49 42 25 21 58 71 28 26 71 24 69 20 69 33
2974 2974 28 2 56 30 44 0 26 48 18 52 54 8 46 50 50 14 66 26 42 8 0 44 26 54
2377 2380 68 32 29 55 13 7 51 24 59 67 47 51 15 43 36 8 28 24 63 63 7 16 32 36
2317 2333 13 7 32 37 15 52 37 43 11 67 49 67 26 36 11 66 61 17 44 48 22 66 66 54
967 1674 5 4 6 8 38 66 50 39 4 33 10 63 16 24 57 44 9 68 62 45 35 68 25 27
1812 1812 56 48 24 16 64 48 8 56 16 40 32 16 32 40 64 48 64 32 0 24 16 40 40 0
4845 4846 71 54 0 62 0 38 16 23 52 32 0 57 47 24 66 44 20 41 39 29 35 14 62 26
2255 2265 27 55 6 38 37 53 56 39 69 32 30 29 71 18 53 8 25 0 42 37 31 36 50 19
569 3573 10 59 32 39 15 47 67 14 42 35 54 53 69 32 38 63 54 36 52 19 49 21 11 7
2432 2432 0 0 0 0 0 0 0 0 0 0 0 0 0 0 0 0 0 0 0 0 0 0 0 0
4789 4801 62 32 11 5 28 28 53 50 42 45 67 36 46 27 11 49 59 70 16 32 48 55 17 0
511 530 16 71 31 51 22 58 49 45 57 36 11 26 54 44 0 1 69 56 48 37 56 68 58 39
913 2188 59 17 49 6 3 55 38 45 32 54 15 10 54 14 20 63 20 60 59 57 21 61 49 7
2390 2390 65 2 48 42 55 42 9 25 0 3 9 5 16 26 69 18 54 60 29 18 8 28 24 18
1276 1279 53 11 19 57 37 13 9 15 39 69 4 51 2 55 3 47 40 39 1 68 40 48 16 63
968 980 62 3 36 47 26 17 34 20 7 38 42 5 65 41 7 43 10 57 69 36 47 62 34 54
1069 1732 15 62 9 45 71 56 20 16 14 11 38 43 19 62 10 6 31 65 49 23 20 34 27 63
870 870 0 59 63 28 0 37 57 17 49 65 58 15 36 24 3 24 17 22 4 18 68 40 5 43
3105 3113 53 42 34 20 66 50 68 38 5 47 71 45 66 67 8 10 55 46 28 22 37 49 37 10
1433 1476 42 12 49 31 10 66 24 0 63 60 16 50 0 60 39 25 21 28 0 22 28 1 4 4
3063 3370 64 3 26 62 57 1 69 28 36 60 40 8 15 59 30 71 5 61 31 54 10 16 33 7
920 920 12 68 43 47 57 1 48 46 66 24 37 70 71 24 28 51 36 29 8 4 25 47 22 13
2447 2452 8 56 12 40 48 36 32 20 36 12 8 52 56 8 12 56 8 8 64 40 20 4 64 12
1537 1582 32 55 41 38 13 13 8 21 53 43 56 65 25 67 41 9 53 20 60 23 55 32 11 4
239 1236 15 66 21 26 62 7 6 23 22 63 27 40 43 64 64 21 56 29 64 4 69 69 37 64
3044 3044 0 0 0 0 0 0 0 0 0 0 0 0 0 0 0 0 0 0 0 0 0 0 0 0
2494 2516 50 41 54 15 32 8 65 37 20 8 37 55 25 8 44 2 56 34 32 36 53 49 4 53
2566 2594 66 66 30 30 36 12 24 48 60 30 24 36 24 48 6 30 24 6 6 42 24 66 42 24
1744 3393 7 16 24 29 66 31 25 70 58 64 58 46 6 64 64 64 43 54 3 62 47 24 31 47
2961 2961 40 32 24 56 40 64 0 64 56 0 16 64 40 16 16 0 64 64 48 0 48 8 40 40
2744 2764 62 39 57 19 36 23 17 70 59 4 71 4 6 60 68 26 33 3 32 17 51 15 32 47
3405 3427 67 43 36 44 54 68 11 19 59 44 45 51 45 50 31 29 22 23 36 26 44 67 59 58
358 1896 30 60 66 66 0 24 36 24 60 48 30 42 30 18 36 18 30 12 12 42 24 66 6 24
3280 3280 10 59 34 59 32 64 2 61 68 41 0 38 28 55 21 61 60 46 35 9 20 29 19 70
642 656 17 56 34 6 62 33 17 44 32 0 61 51 1 71 20 64 5 7 22 20 8 12 25 23
3853 3887 9 36 0 63 9 45 45 18 0 18 9 54 0 45 45 0 54 9 45 54 18 27 27 54
368 750 4 37 17 23 11 42 59 2 53 59 48 4 35 63 38 14 36 51 63 7 70 44 3 2
3588 3588 32 19 7 62 42 12 43 57 9 68 25 71 34 56 51 45 60 23 13 57 44 64 64 17
4326 4334 42 41 41 21 60 64 34 12 2 5 28 65 43 66 17 64 66 13 58 43 0 26 46 58
1345 1352 30 35 61 71 68 31 28 13 38 30 14 3 15 16 11 45 8 25 27 52 17 69 71 51
970 1799 33 58 19 56 19 44 35 61 7 1 36 69 48 57 70 68 45 52 63 27 48 22 15 53
1952 1952 11 33 35 61 48 5 5 66 39 52 16 59 48 8 22 17 46 43 55 33 13 59 3 28
2381 2397 8 49 70 31 48 47 46 52 43 32 27 15 31 70 32 66 27 1 13 41 59 71 17 47
1609 1609 0 0 0 0 0 0 0 0 0 0 0 0 0 0 0 0 0 0 0 0 0 0 0 0
1803 4464 15 70 41 71 23 34 69 57 11 7 17 13 37 58 8 12 16 46 70 63 64 35 35 8
3548 3548 53 70 44 59 61 21 49 15 26 15 37 53 26 55 64 65 51 45 13 27 29 69 31 47
549 564 0 0 0 0 0 0 0 0 0 0 0 0 0 0 0 0 0 0 0 0 0 0 0 0
3144 3169 4 33 10 64 67 7 25 38 26 19 63 58 19 34 21 44 57 52 30 65 11 59 70 49
495 1000 59 17 5 54 64 25 0 19 7 65 37 66 4 9 48 58 39 11 22 25 8 70 1 52
768 768 9 53 27 50 10 62 45 17 51 54 3 61 24 32 19 7 1 25 12 25 39 31 22 46
3252 3266 1 35 36 43 14 8 46 32 13 25 71 14 27 34 69 30 13 8 69 16 24 31 42 31
1162 1163 66 68 62 16 62 64 46 2 38 26 0 66 24 42 20 40 18 56 54 54 24 68 30 10
2714 3110 49 7 24 2 63 70 45 21 47 6 6 31 46 67 53 43 44 1 1 0 31 28 46 40
1900 1900 60 4 37 45 6 49 71 27 26 20 27 52 63 32 44 49 71 56 32 24 13 47 18 32
4780 4803 57 58 17 29 43 55 12 56 35 28 27 32 8 33 29 17 62 68 45 20 4 33 6 2
4770 4814 44 54 32 45 4 9 50 53 45 33 1 9 28 38 23 35 31 12 37 21 23 33 32 54
1959 3326 63 6 21 57 54 21 33 57 0 69 18 27 60 51 27 6 39 15 15 36 24 21 21 69
5000 5000 65 30 12 63 64 8 23 24 55 9 49 34 23 17 70 30 11 42 34 17 67 47 15 52
4567 4567 0 0 0 0 0 0 0 0 0 0 0 0 0 0 0 0 0 0 0 0 0 0 0 0
3804 3832 55 24 70 69 52 50 52 46 60 20 35 14 43 52 37 0 61 62 39 39 32 38 24 31
1648 2196 45 25 14 37 44 16 17 64 13 54 63 19 70 54 26 50 21 7 30 2 27 68 60 48
1484 1484 66 33 63 17 70 22 6 42 57 45 24 29 22 27 46 65 50 46 1 61 71 9 20 53
4375 4380 44 70 26 2 70 48 48 32 32 26 10 68 22 48 10 66 10 4 32 64 64 46 10 24
3602 3611 1 6 7 70 33 32 18 68 18 16 27 69 60 50 58 16 22 68 8 53 55 37 19 58
4046 4247 19 1 15 39 32 0 32 71 48 64 64 16 59 13 2 66 9 16 63 52 20 57 53 59
3976 3976 58 64 32 52 44 6 10 30 16 22 40 32 60 32 52 52 38 14 68 68 22 50 36 70
1360 1374 7 59 29 50 27 4 4 37 5 16 32 37 15 56 34 16 41 47 57 25 10 50 42 57
3236 3253 57 3 47 16 50 55 35 50 57 18 31 70 32 26 58 6 66 3 27 36 1 71 30 20
937 3372 4 10 48 14 44 6 11 35 66 12 44 47 10 70 2 23 4 70 6 49 68 22 31 5
2769 2769 35 44 5 12 51 24 41 50 43 42 52 48 30 16 23 52 49 61 4 9 46 42 5 25
23 31 0 0 0 0 0 0 0 0 0 0 0 0 0 0 0 0 0 0 0 0 0 0 0 0
63 101 37 49 34 0 48 55 57 40 41 30 32 42 57 25 35 39 39 67 28 19 45 48 10 1
205 590 32 52 60 26 11 18 27 18 22 65 23 47 44 68 29 66 47 48 45 53 49 5 50 69
19 19 41 28 19 69 5 61 10 35 70 0 16 4 29 61 6 53 11 32 24 66 68 0 68 17
4258 4278 24 48 6 0 16 57 4 66 62 40 61 18 1 30 53 13 52 68 22 66 70 10 71 69
3065 3078 40 32 26 61 68 43 5 38 38 46 44 34 71 53 44 19 21 29 58 32 12 49 14 8
1231 4897 25 35 56 5 46 50 66 62 11 30 45 29 18 63 6 31 1 11 32 16 67 34 16 0
1756 1756 60 20 40 24 24 8 24 44 68 44 20 44 36 36 28 28 48 32 40 28 8 16 60 44
2522 2524 60 42 30 52 0 24 54 2 66 22 58 40 28 34 26 42 12 54 50 38 48 62 36 60
3487 3532 12 57 23 40 0 16 5 20 45 65 17 3 10 39 9 29 32 43 44 34 32 12 45 67
2392 3288 15 2 69 64 25 24 57 28 1 27 3 49 9 24 41 32 8 24 31 3 44 48 19 27
4175 4175 26 38 14 62 40 45 16 70 34 69 40 14 23 55 9 62 52 71 9 4 58 5 62 23
742 742 6 36 6 12 18 30 0 42 12 12 18 66 60 30 30 30 6 24 12 18 36 12 0 60
3797 3814 20 2 23 28 61 55 47 52 32 50 4 35 44 61 42 59 29 25 11 48 16 50 22 63
1348 2448 9 45 45 45 54 54 63 27 54 18 45 9 0 45 63 36 0 18 0 27 36 63 45 27
4261 4261 26 65 46 50 6 39 59 21 69 26 27 48 18 69 9 56 12 57 28 39 46 65 29 45
1502 1504 67 59 16 65 28 61 22 62 6 58 27 37 70 37 5 8 69 11 47 21 42 21 22 46
642 682 57 68 21 18 34 1 51 38 28 63 64 55 53 21 54 12 4 35 21 42 21 58 13 60
363 2181 38 55 52 61 51 3 36 57 69 65 46 40 58 14 67 63 64 20 18 20 34 35 21 54
1667 1667 53 49 71 43 65 56 42 62 52 17 3 69 35 55 3 34 41 2 19 39 24 33 37 10
3538 3545 9 43 55 23 67 12 48 31 1 39 67 51 36 33 25 11 1 24 65 53 57 55 12 37
406 441 70 64 13 51 13 61 17 45 24 61 39 5 47 24 66 26 1 44 15 42 53 8 8 30
409 1440 4 16 62 14 47 19 22 39 66 38 27 58 30 4 44 48 6 66 2 55 18 16 2 28
598 598 57 43 23 57 46 47 10 52 7 34 40 71 64 1 69 59 53 69 39 46 70 10 42 10
2425 2430 34 3 26 61 20 15 65 28 71 54 13 2 1 10 33 59 24 56 28 56 52 18 54 32
3569 3588 8 15 38 13 49 13 37 3 5 42 61 9 59 44 32 50 52 24 54 7 7 69 6 45
1190 2338 52 49 37 33 6 15 3 39 36 49 39 1 20 57 30 49 54 53 63 0 14 65 28 11
3811 3811 0 0 0 0 0 0 0 0 0 0 0 0 0 0 0 0 0 0 0 0 0 0 0 0
2022 2035 4 16 20 16 0 20 4 32 60 20 0 20 44 12 0 68 36 68 60 36 56 48 60 68
2388 2406 53 68 60 14 15 18 38 48 56 13 27 0 40 23 45 57 47 67 53 57 28 34 0 7
789 1211 36 69 18 15 57 69 42 0 27 0 21 63 51 51 15 39 0 66 45 0 9 21 0 12
2616 2616 16 60 60 44 8 28 64 12 68 40 52 60 64 4 12 8 36 68 20 40 12 12 44 48
4324 4344 24 40 27 31 32 6 39 24 69 7 33 30 39 22 42 56 29 50 59 56 66 19 9 32
3872 3908 51 61 11 5 46 70 7 5 48 68 44 35 24 64 59 67 48 3 63 57 13 36 27 49
1017 3315 8 23 52 3 37 70 61 65 70 22 8 63 69 34 54 3 48 39 1 28 13 44 8 54
120 120 0 44 57 9 60 69 27 36 8 49 30 32 22 68 37 12 51 28 5 44 7 6 68 37
2792 2812 10 34 1 32 34 66 63 67 38 35 39 54 1 21 57 41 17 18 67 34 67 51 59 9
1830 1864 1 54 31 24 61 38 31 69 67 61 9 61 23 56 2 41 46 25 10 13 2 34 35 48
437 1234 32 9 68 4 26 16 2 31 17 69 8 12 65 21 39 61 16 68 48 6 58 32 41 16
3932 3932 0 0 0 0 0 0 0 0 0 0 0 0 0 0 0 0 0 0 0 0 0 0 0 0
844 852 0 66 28 71 39 71 10 71 59 70 5 32 14 71 58 40 45 37 66 31 37 66 15 19
1118 1153 29 59 27 8 64 70 2 26 41 21 35 13 20 28 13 57 30 13 49 27 36 21 12 70
523 4728 19 62 9 65 38 57 49 47 22 7 8 4 24 70 63 31 41 48 45 42 9 40 57 18
56 56 0 20 70 36 42 27 67 33 60 43 66 48 15 60 50 9 48 41 16 68 64 45 40 59
849 857 56 43 0 14 2 26 51 48 27 0 42 37 51 50 43 68 10 24 20 53 9 39 69 1
3627 3670 34 16 2 64 46 8 22 42 2 34 10 50 56 52 58 34 24 0 48 28 8 38 54 18
167 1297 48 32 40 64 8 32 56 16 64 16 8 48 0 56 56 24 32 40 16 0 64 0 64 0
3627 3627 10 67 68 37 32 47 37 38 22 54 6 3 44 16 22 29 4 22 38 33 16 48 56 45
307 310 28 18 40 69 49 14 29 4 6 57 30 53 41 43 71 13 4 21 53 44 0 15 47 54
747 784 54 67 57 16 52 49 63 26 21 0 35 14 53 65 26 12 20 4 50 50 44 68 36 27
1402 2708 42 2 1 39 25 69 9 41 60 26 67 5 36 54 63 4 28 60 17 64 29 46 61 49
2644 2644 30 30 69 12 9 15 66 30 12 66 63 24 27 0 60 60 12 18 45 36 48 3 51 54
2945 2950 35 26 4 4 70 71 54 59 20 14 17 18 25 18 15 38 9 50 57 4 26 14 62 49
3659 3678 36 47 32 7 66 42 64 7 23 39 69 26 9 28 55 23 38 52 1 59 32 10 29 0
279 1135 31 37 47 62 69 40 48 63 10 24 5 14 60 31 2 8 57 39 22 60 45 4 2 2
2913 2913 4 62 56 42 24 12 68 68 44 58 30 62 2 38 52 58 18 26 42 44 70 42 52 18
1412 1415 38 33 31 33 40 58 9 1 48 18 60 47 34 28 31 8 67 60 15 65 69 41 43 22
175 191 0 39 31 11 50 26 22 50 69 25 48 24 8 7 63 69 16 55 55 24 67 7 16 69
2804 4428 57 45 9 27 3 39 33 54 51 27 0 12 24 12 0 12 36 27 51 15 24 12 63 27
556 556 36 60 60 60 12 60 48 60 48 24 60 48 48 12 36 24 0 48 48 60 24 24 24 12
2730 2737 44 59 29 70 46 25 14 39 63 59 6 13 50 71 55 30 70 27 58 44 50 54 24 63
4867 4873 27 46 27 43 41 61 11 41 62 8 60 48 1 50 11 49 65 24 24 59 61 53 58 60
1018 1318 9 67 40 22 22 16 5 64 11 49 11 7 10 17 41 18 64 26 64 7 50 9 44 10
4682 4682 30 32 34 67 27 63 19 56 48 0 62 38 54 58 39 32 68 29 64 51 57 37 69 11
2791 2798 39 13 16 22 22 21 38 2 36 51 57 24 11 70 69 4 47 38 1 43 71 70 14 51
3218 3227 8 0 44 66 50 24 4 44 64 44 56 28 42 8 14 6 18 50 40 42 50 10 46 10
794 1493 68 28 36 24 0 16 12 52 16 36 36 40 24 64 20 12 8 44 8 24 8 40 60 4
3404 3404 0 0 0 0 0 0 0 0 0 0 0 0 0 0 0 0 0 0 0 0 0 0 0 0
3018 3041 25 11 70 50 61 63 18 16 26 58 0 3 30 33 64 7 62 29 66 55 12 30 37 38
2494 2536 30 26 27 53 38 42 62 36 65 39 7 43 31 0 30 15 61 66 55 19 54 64 28 0
438 515 22 18 55 13 6 27 17 61 25 41 13 31 48 12 30 30 61 44 2 55 30 18 67 63
97 97 0 0 0 0 0 0 0 0 0 0 0 0 0 0 0 0 0 0 0 0 0 0 0 0
1014 1021 0 58 68 4 36 8 22 50 4 22 28 42 18 22 70 28 40 70 46 38 14 6 52 38
1797 1817 31 19 37 68 51 60 21 11 15 18 3 59 21 54 11 33 0 64 19 23 24 54 67 62
1495 4717 10 63 30 40 50 64 63 46 36 6 2 4 61 41 34 26 64 47 41 9 57 26 45 1
3775 3775 35 39 45 40 61 22 50 67 5 69 45 54 40 70 15 16 16 59 34 42 55 17 15 16
4327 4346 24 7 6 0 33 26 57 17 43 20 8 64 31 55 21 24 68 7 71 31 13 3 25 2
3241 3279 15 55 24 18 29 40 43 15 29 9 53 44 17 49 60 21 37 48 20 37 57 17 34 24
1273 1825 45 51 57 16 41 38 6 39 27 49 48 55 33 20 34 23 70 3 11 27 47 54 69 66
2861 2861 48 64 64 32 64 48 32 24 8 24 48 32 40 32 16 8 48 56 48 8 40 0 0 64
2551 2567 16 68 42 6 62 2 58 16 30 18 40 18 48 48 58 14 16 66 18 10 26 32 64 60
700 722 46 69 35 0 43 57 43 44 40 24 20 16 24 1 58 24 9 27 62 27 28 63 4 52
316 412 20 5 62 35 44 21 6 53 57 19 69 5 21 65 50 6 9 28 51 37 21 30 0 11
2095 2095 0 0 0 0 0 0 0 0 0 0 0 0 0 0 0 0 0 0 0 0 0 0 0 0
4379 4392 18 31 5 26 16 15 11 40 46 19 17 47 71 30 37 34 21 55 33 23 27 70 51 46
2882 2914 36 52 58 62 8 14 50 68 6 64 58 16 44 24 46 54 52 54 28 0 62 36 42 66
1276 1524 2 4 65 20 59 14 2 12 5 24 63 16 18 28 31 65 30 3 43 4 3 11 17 30
4458 4458 14 49 23 25 59 22 2 3 14 10 22 62 7 22 28 62 24 0 26 35 69 62 28 11
2680 2683 3 64 41 56 22 11 71 43 26 63 21 46 61 16 0 37 44 10 3 33 38 32 8 8
2485 2499 44 24 52 27 33 13 3 20 60 17 38 66 69 62 45 67 25 49 35 56 31 52 19 48
731 4442 45 35 14 10 27 17 33 32 2 0 60 57 4 30 28 45 12 4 6 59 27 71 57 53
478 478 8 0 48 69 71 63 34 12 10 32 42 69 46 53 25 18 22 39 68 66 16 6 32 21
3027 3043 6 56 54 30 12 2 54 54 70 58 50 70 16 66 2 8 18 52 40 66 22 26 36 56
3739 3779 57 0 27 45 3 27 62 58 1 7 62 58 59 15 38 24 0 18 61 45 19 31 2 62
106 109 0 48 48 37 0 19 60 13 50 53 6 12 63 23 14 15 21 53 11 49 36 49 39 35
3059 3059 20 31 55 25 55 54 11 52 48 16 45 0 39 43 61 13 28 46 67 16 33 47 63 18
316 325 7 10 26 35 11 23 50 38 34 26 46 46 33 31 27 19 47 33 0 16 35 40 14 65
2795 2817 2 36 56 0 47 55 40 65 56 49 19 5 13 11 2 68 58 4 64 53 47 62 37 10
782 3972 58 2 55 9 34 50 40 12 2 56 55 17 61 24 59 40 4 49 18 35 56 21 34 29
3036 3036 62 22 38 48 28 18 62 7 37 45 26 51 10 68 10 19 4 14 45 31 26 52 7 4
2410 2411 25 16 13 38 27 46 6 45 28 9 41 68 36 51 57 57 11 9 60 35 30 14 19 2
3858 3873 30 36 56 42 34 37 27 46 22 53 62 8 52 38 46 29 38 50 52 53 53 3 33 26
324 2220 68 5 28 17 27 11 34 41 1 66 14 16 50 62 26 43 42 46 64 17 12 70 57 25
4605 4605 0 54 45 45 54 45 0 9 27 54 18 27 45 54 27 18 36 9 63 27 36 63 63 9
2453 2463 70 60 43 48 32 52 59 30 44 50 20 26 18 64 27 33 12 18 40 66 38 25 47 46
2027 2028 54 23 25 33 10 51 15 10 32 32 39 71 51 50 26 40 57 1 23 2 61 68 33 47
957 1656 24 68 19 38 44 68 16 47 24 20 24 1 35 51 62 5 50 63 44 67 53 32 19 17
4392 4392 24 62 67 4 9 28 12 37 18 54 20 61 15 59 32 20 56 70 67 13 50 71 8 62
805 825 67 6 65 9 20 53 38 36 28 53 61 15 54 2 30 37 36 58 21 37 61 65 21 0
1705 1706 57 13 41 20 36 50 60 71 3 25 38 5 37 59 57 1 68 19 33 50 16 17 61 20
1821 3929 35 4 17 69 16 33 25 32 67 15 2 19 30 49 9 15 57 66 7 37 1 25 48 52
1937 1937 67 23 71 9 35 10 15 30 5 51 71 1 5 0 3 13 59 47 34 10 25 18 65 11
3062 3069 26 18 34 32 8 28 10 58 24 28 12 62 42 8 20 64 2 38 16 8 60 18 10 22
1944 1977 56 32 29 4 11 68 39 65 70 65 13 13 49 59 33 48 38 54 33 14 12 50 62 26
4063 4604 7 4 71 45 37 46 11 33 34 9 1 38 68 64 57 53 46 53 25 45 29 42 6 38
2731 2731 0 0 0 0 0 0 0 0 0 0 0 0 0 0 0 0 0 0 0 0 0 0 0 0
3136 3143 43 41 16 68 15 32 25 54 22 35 44 62 61 64 24 60 18 28 61 53 20 48 23 56
2827 2827 0 0 0 0 0 0 0 0 0 0 0 0 0 0 0 0 0 0 0 0 0 0 0 0
246 3855 26 30 2 54 44 36 16 60 34 54 50 8 44 10 8 32 36 62 48 48 4 46 6 30
4393 4393 0 53 16 48 9 49 57 50 7 13 42 59 43 61 1 62 16 29 4 63 14 44 71 36
3295 3307 50 18 70 42 51 58 19 17 59 69 16 34 29 32 28 38 63 43 37 20 5 57 33 32
1432 1454 48 31 3 20 66 71 34 22 69 1 9 27 50 11 68 54 38 23 11 42 10 1 11 40
1689 2818 40 66 4 15 51 56 51 35 67 33 61 12 33 71 36 2 53 33 68 21 8 71 27 10
2571 2571 55 22 29 28 70 5 17 69 62 41 15 41 24 54 12 54 51 41 69 16 39 16 27 32
447 459 0 61 10 50 35 16 49 55 42 25 56 1 58 35 55 3 20 68 3 10 31 11 65 11
3056 3089 66 36 21 36 6 9 0 18 24 18 15 21 33 57 57 54 33 63 12 0 6 6 3 6
267 968 43 26 24 34 60 58 61 41 45 45 59 2 2 49 40 47 66 39 21 42 69 34 29 40
3853 3853 0 0 0 0 0 0 0 0 0 0 0 0 0 0 0 0 0 0 0 0 0 0 0 0
3961 3978 11 23 31 23 64 47 5 30 62 2 58 9 7 3 0 53 57 54 30 46 42 18 27 69
239 263 23 0 53 35 59 14 28 24 18 48 12 32 40 28 14 13 57 33 31 23 40 71 53 40
709 1082 21 39 7 2 26 9 15 64 16 60 2 24 30 22 63 56 42 0 3 67 20 38 29 45
4750 4750 6 38 59 67 65 71 48 15 38 47 13 35 18 7 51 50 23 7 49 3 71 7 13 59
1338 1352 51 18 25 61 19 65 59 27 66 31 15 28 57 45 17 7 68 27 12 34 71 55 63 68
1613 1633 21 46 64 19 34 19 36 9 42 48 26 26 53 52 10 56 29 22 25 38 24 27 47 66
1102 2700 0 64 32 64 32 32 0 8 48 32 8 0 8 56 56 16 16 0 64 16 24 8 56 16
4765 4765 0 0 0 0 0 0 0 0 0 0 0 0 0 0 0 0 0 0 0 0 0 0 0 0
831 846 13 42 50 56 49 49 22 47 9 48 52 49 55 3 12 0 69 68 48 51 3 14 10 19
949 991 18 71 14 52 66 48 12 47 46 2 15 56 34 53 66 33 61 71 8 24 53 56 28 39
192 4559 28 24 9 24 38 1 19 35 70 9 17 38 40 16 30 69 53 33 5 50 46 7 25 22
2969 2969 57 53 10 33 67 25 7 57 69 60 3 26 47 59 4 71 30 65 52 71 56 28 10 15
3650 3653 13 40 5 10 63 57 1 2 36 66 24 4 38 59 47 2 8 55 55 2 35 2 51 56
4552 4572 35 25 2 45 43 54 8 35 2 53 53 39 28 50 27 55 39 53 13 47 59 30 62 57
689 1839 38 20 45 0 61 51 67 0 5 10 7 45 26 60 2 10 16 17 49 14 22 38 1 17
2207 2207 43 12 26 44 42 43 47 24 17 25 62 3 17 69 0 28 38 68 22 18 27 4 41 41
2573 2589 50 56 43 46 63 37 38 55 17 60 47 65 61 22 28 32 21 1 63 22 48 46 24 37
4915 4920 63 8 28 20 59 7 25 20 54 58 49 1 40 36 66 15 35 50 3 60 48 68 59 11
681 1311 42 52 13 71 31 4 52 52 43 66 56 68 16 14 3 7 68 52 71 4 33 16 65 18
2399 2399 0 0 0 0 0 0 0 0 0 0 0 0 0 0 0 0 0 0 0 0 0 0 0 0
1803 1819 48 15 39 15 0 51 18 36 30 18 45 30 66 69 6 21 69 42 15 15 6 36 24 6
2187 2232 69 2 66 20 36 67 32 12 37 66 48 50 7 44 23 38 3 39 1 29 5 70 11 46
53 625 40 55 14 51 4 50 52 8 51 33 34 35 8 26 67 58 28 70 71 12 27 2 9 32
4979 4979 17 32 21 2 8 10 68 51 6 69 47 23 64 4 14 70 19 70 23 36 23 31 37 43
4066 4086 25 14 35 27 4 12 52 29 60 62 19 17 13 53 29 34 51 14 16 69 65 7 4 30
1505 1537 29 2 21 47 35 64 28 12 35 42 50 10 21 41 40 51 27 52 51 42 34 19 44 47
166 423 37 46 31 63 53 68 50 49 2 38 44 57 66 63 9 15 65 49 22 64 34 21 64 55
2116 2116 58 26 63 39 50 45 13 69 28 5 45 29 39 65 65 38 14 53 33 41 65 23 33 6
965 978 69 7 67 35 46 9 59 56 37 16 45 8 13 3 19 45 11 67 36 15 35 20 34 63
2955 2969 16 55 18 62 54 38 68 62 28 51 47 30 34 55 23 17 33 26 64 19 10 28 22 39
163 285 2 38 20 24 70 42 12 11 23 29 54 31 70 59 59 0 2 71 44 66 70 28 33 40
3054 3054 35 22 46 58 62 15 39 12 42 16 64 17 12 45 3 4 48 52 12 16 65 3 6 49
2525 2536 68 58 46 38 50 40 48 40 60 14 20 36 46 8 20 48 50 52 36 2 0 66 20 34
3806 3850 19 1 2 51 71 26 54 41 11 62 29 19 5 48 68 28 47 50 70 12 30 50 6 7
71 116 19 68 22 61 64 47 20 64 42 22 50 66 27 2 34 20 30 23 7 15 10 7 23 39
1889 1889 24 58 24 25 57 28 51 17 58 7 43 24 51 4 38 46 2 10 26 64 28 48 71 35
3143 3143 60 68 8 36 16 24 32 36 68 40 36 64 44 44 32 44 28 8 28 60 28 36 64 48
2215 2253 12 59 70 8 8 54 21 27 60 21 27 39 68 22 17 26 67 50 17 6 4 21 52 39
2822 4012 38 49 1 26 71 47 68 45 33 26 15 28 9 39 27 14 71 27 43 15 28 49 69 13
4161 4161 48 12 21 59 67 3 70 42 27 17 13 60 24 53 40 23 18 71 41 70 58 9 18 40
1782 1801 14 7 46 12 5 45 65 21 49 39 41 23 70 4 70 16 17 4 10 39 23 67 0 69
3694 3702 64 22 14 63 48 13 53 31 60 68 21 21 61 30 41 41 0 38 69 47 43 54 48 32
2549 4292 9 4 59 64 4 58 6 65 15 13 34 25 59 63 37 71 38 3 62 33 28 60 5 42
4692 4692 36 0 12 0 60 60 0 0 12 12 24 0 36 0 0 12 24 48 24 36 0 36 36 36
443 454 0 0 2 34 54 56 34 60 70 6 24 32 48 56 68 64 58 54 4 60 4 60 4 24
313 322 60 25 53 23 64 22 34 55 36 19 70 26 23 62 66 51 21 22 23 30 57 63 33 52
1476 2560 46 55 17 65 32 26 39 44 15 39 60 71 21 15 46 63 18 62 66 36 4 38 12 55
244 244 57 30 29 8 24 30 3 63 62 23 38 47 41 53 12 24 61 21 23 21 25 65 54 9
3777 3787 62 66 10 40 35 17 24 40 49 16 35 10 23 21 12 41 6 30 49 53 47 54 46 36
256 260 16 54 60 49 65 46 5 56 34 40 69 64 30 13 7 43 61 3 23 36 12 17 33 1
3243 4330 13 36 20 45 64 49 4 67 34 1 48 31 71 34 71 6 60 27 67 44 65 64 19 57
1276 1276 62 48 62 24 6 44 54 50 42 68 12 46 44 6 44 68 54 26 42 0 10 54 50 0
3462 3480 27 12 60 6 33 63 63 60 33 60 33 69 12 57 27 21 66 66 9 33 3 24 30 39
6 13 20 53 25 18 35 14 61 49 39 33 55 55 50 12 64 66 18 24 37 0 25 37 44 34
1625 2800 15 44 11 33 32 4 31 47 45 3 22 63 68 40 64 2 13 54 35 48 31 53 13 56
2236 2236 41 51 44 17 18 0 12 21 37 11 63 10 48 3 46 20 10 11 29 38 52 56 6 17
1465 1482 51 48 11 55 11 8 36 3 50 6 3 27 28 70 12 27 35 54 33 50 41 71 48 36
3694 3707 70 37 10 23 46 50 37 31 25 37 13 66 39 60 42 26 28 60 26 51 29 70 69 32
353 1806 71 69 10 38 32 60 19 1 17 42 61 22 52 23 34 46 56 12 37 37 19 59 63 27
1145 1145 36 42 38 12 12 30 18 22 16 18 44 10 68 44 10 44 0 64 40 26 12 0 26 44
4865 4874 1 37 37 51 25 68 13 54 70 68 55 66 28 4 53 56 63 50 20 32 58 69 69 6
4148 4186 68 29 49 1 42 65 12 44 62 55 7 23 59 49 41 18 67 56 4 13 71 61 68 51
290 315 66 15 50 6 5 40 45 69 34 17 5 35 23 1 21 3 24 59 26 3 7 25 47 20
2133 2133 69 47 28 37 36 26 0 50 65 39 52 26 46 64 41 5 4 31 42 19 4 53 54 25
4445 4457 8 1 4 65 38 52 71 14 3 42 61 1 15 60 35 45 42 49 33 55 45 14 42 54
1206 1242 54 30 71 59 48 58 54 45 42 32 23 19 29 7 57 26 33 8 8 63 70 44 12 27
291 497 27 0 16 21 6 45 44 6 29 39 57 9 65 23 69 23 36 26 21 66 45 55 39 42
4570 4570 10 8 22 20 14 28 58 6 54 70 32 10 14 64 0 34 30 44 44 68 58 68 42 38
2743 2750 47 57 23 24 58 2 4 45 2 49 50 68 14 4 46 67 28 46 33 35 0 8 40 26
4412 4417 45 28 19 20 25 3 35 3 15 11 47 58 35 3 57 64 53 39 4 40 38 63 22 14
1063 2264 58 28 71 23 67 69 39 31 66 49 63 31 58 71 34 10 58 38 51 16 27 31 43 64
4582 4582 48 18 18 6 36 36 48 24 48 36 48 12 66 18 12 36 54 0 0 54 54 18 66 36
4511 4518 48 31 57 54 20 5 7 59 67 71 55 17 43 24 10 8 70 64 53 3 65 2 7 42
3468 3504 52 21 10 14 48 32 5 64 21 11 11 26 56 25 17 43 0 15 33 57 3 50 5 35
697 1036 33 35 22 44 43 47 20 5 43 1 66 1 63 53 34 19 5 53 9 0 14 25 55 45
2115 2115 18 46 62 32 16 25 3 32 24 29 21 16 20 24 64 4 17 56 8 26 63 55 7 51
4431 4439 24 47 19 11 15 52 7 70 22 59 17 65 26 71 55 4 45 23 17 69 47 59 31 1
1833 1877 8 23 18 20 2 3 11 39 68 23 70 37 32 3 41 42 22 0 65 55 43 27 66 67
1972 2547 46 49 5 5 2 3 39 38 41 70 44 11 26 19 19 48 41 56 70 1 3 17 38 3
2907 2907 34 16 0 14 68 64 8 34 24 22 44 52 66 58 0 62 30 16 6 38 24 68 50 42
3783 3805 46 34 21 35 32 25 37 67 41 26 12 4 0 42 68 4 37 65 18 47 12 59 19 70
3088 3117 52 63 7 28 4 55 22 13 32 36 53 46 19 2 49 0 27 39 15 49 59 6 37 40
1100 1908 59 7 8 28 9 2 51 60 34 18 18 30 25 52 44 70 69 4 69 25 30 45 16 55
1459 1459 8 0 18 13 45 1 50 41 51 25 18 33 70 59 18 40 62 55 28 23 12 27 25 25
4487 4504 32 71 67 54 65 63 44 12 57 46 12 50 25 60 1 39 3 51 10 22 61 5 49 36
2793 2820 58 24 5 26 53 37 9 71 47 54 69 15 7 20 1 27 21 54 38 38 26 54 5 19
4 82 20 47 66 38 53 49 65 23 25 37 66 60 1 42 28 47 71 3 48 40 36 55 12 32
3418 3418 21 70 71 46 29 26 62 13 56 46 69 17 20 20 0 61 21 26 42 40 23 10 17 57
4978 4994 6 71 61 29 48 16 4 20 3 67 16 50 47 64 39 42 49 68 28 49 5 21 42 32
181 206 2 25 31 1 34 64 71 3 63 40 32 3 30 62 7 0 31 49 61 4 67 47 71 42
1723 2374 12 10 1 54 26 8 54 70 48 9 65 24 63 53 8 4 37 39 33 43 45 20 14 35
4612 4612 12 48 36 15 36 39 12 36 66 30 12 45 51 63 18 30 69 21 12 12 24 18 36 63
4935 4945 27 2 22 31 48 59 28 15 23 56 24 52 18 5 4 26 31 40 69 28 51 41 65 1
2251 2251 68 27 14 52 56 7 22 21 10 31 6 27 42 43 18 8 36 9 29 18 23 61 53 4
3066 3198 55 65 18 10 28 34 30 23 65 47 26 14 25 3 57 17 11 50 15 16 64 20 59 5
4823 4823 64 48 39 23 33 60 48 32 65 29 1 15 22 29 0 51 20 48 39 69 62 28 23 33
1185 1197 70 5 60 64 42 26 37 13 59 39 46 30 5 27 60 4 3 49 50 63 18 17 54 54
3580 3614 28 4 22 22 20 37 22 46 49 49 35 69 6 31 48 59 12 17 49 14 70 4 61 71
1547 3728 48 61 54 50 61 25 33 19 52 4 15 9 54 8 59 49 39 12 33 34 11 44 12 15
1991 1991 47 17 38 36 46 22 1 12 35 40 9 16 47 70 13 8 11 15 33 71 65 61 16 2
3469 3486 4 35 38 27 58 53 29 46 17 16 40 61 60 15 7 56 56 61 23 26 8 54 39 9
3788 3829 14 25 26 19 38 61 47 29 53 40 19 58 43 19 2 5 10 9 28 63 26 5 8 43
1669 1816 68 52 0 68 40 68 24 32 44 44 44 36 60 48 56 48 52 68 60 16 64 44 0 28
2793 2793 6 18 6 48 54 24 36 54 6 60 66 54 54 54 24 24 6 36 36 30 24 48 18 30
1481 1499 59 34 6 45 48 70 35 48 43 32 30 52 41 58 36 4 16 34 6 64 57 63 43 67
4958 4994 5 58 8 60 47 8 5 28 31 30 13 2 53 11 42 23 34 57 30 14 24 31 51 70
164 4924 25 38 4 41 68 46 6 7 50 16 68 68 70 13 42 20 26 32 21 24 43 18 35 24
1316 1316 14 49 12 51 10 64 6 39 63 39 29 6 3 67 23 44 15 60 32 59 39 46 16 21
4218 4222 70 50 66 52 32 44 60 20 44 66 26 20 60 54 8 30 70 46 22 20 54 8 30 44
4161 4192 42 68 0 36 61 30 56 5 50 35 38 48 67 45 57 31 71 1 60 64 49 32 38 5
1943 2020 56 48 51 46 7 43 43 15 24 23 61 57 48 5 56 61 57 20 6 7 43 17 57 9
2204 2204 7 10 16 14 35 4 5 38 43 36 21 10 7 59 55 2 67 45 3 60 43 8 24 67
4701 4703 11 13 50 40 32 42 69 22 21 55 30 44 70 15 55 36 35 64 69 48 47 1 26 7
1091 1097 56 0 8 46 66 34 62 62 14 42 66 56 14 44 4 24 56 6 46 50 24 18 60 26
274 3602 36 55 40 29 55 12 50 40 5 63 27 42 59 61 10 4 17 4 56 3 70 61 45 54
3867 3867 18 63 9 27 36 54 63 9 9 9 18 0 9 63 18 0 45 9 18 45 27 36 0 63
991 1007 29 46 41 28 26 34 54 60 14 12 4 16 70 61 24 34 56 23 47 40 49 7 1 39
3352 3383 22 41 45 48 0 37 52 5 21 26 15 32 55 38 13 20 42 65 39 56 32 31 35 26
1177 1735 25 71 47 26 49 68 69 20 38 6 68 56 18 51 42 63 5 31 38 59 50 31 26 64
2423 2423 24 33 0 36 24 18 39 54 69 60 66 39 24 3 57 54 3 42 3 69 9 54 3 45
1031 1035 24 2 23 38 4 59 54 3 4 21 64 16 42 20 47 34 53 6 21 39 16 48 34 7
3214 3254 12 48 32 20 60 52 44 60 36 4 40 68 12 44 52 4 4 68 68 56 52 44 56 64
2066 3948 56 12 64 5 16 56 57 41 36 25 57 63 7 22 17 20 56 12 13 36 63 24 57 38
4573 4573 41 21 51 26 35 11 11 49 16 64 19 9 49 12 17 49 68 16 6 23 5 68 66 21
2000 2020 71 6 42 36 21 11 25 30 8 25 58 62 5 45 16 16 29 71 68 13 5 70 20 70
2139 2173 2 42 58 26 62 16 70 32 52 62 68 10 16 20 20 70 36 32 14 0 70 24 38 64
259 3500 60 57 3 55 26 18 0 9 62 69 55 47 50 71 34 32 11 66 57 33 19 51 50 30
1728 1728 12 4 20 0 68 0 32 56 44 28 8 64 28 64 52 40 28 32 36 12 44 44 48 20
3040 3061 40 7 23 21 38 28 50 16 26 28 4 24 8 38 20 60 47 31 33 13 17 1 36 41
1122 1128 23 13 65 19 52 39 29 60 17 6 67 1 49 52 14 62 14 54 21 71 17 49 53 34
841 3045 71 52 68 3 62 61 1 29 44 69 19 14 10 69 22 65 5 54 49 47 43 1 8 67
1080 1080 56 54 6 6 24 65 3 13 42 1 62 2 44 20 55 46 16 56 34 71 61 16 21 29
1624 1628 36 44 1 1 27 64 67 33 26 52 31 30 12 4 65 0 59 4 71 4 42 11 65 40
4137 4160 47 17 52 51 62 70 54 7 12 49 60 61 57 23 0 6 44 42 59 24 5 57 48 9
705 2780 67 18 39 55 7 35 63 59 36 46 0 56 43 49 28 39 40 54 8 69 38 14 57 5
2583 2583 34 17 8 1 6 46 1 69 13 19 27 19 9 26 39 13 30 8 51 69 66 15 5 58
3787 3798 12 30 42 60 18 42 6 66 0 60 42 42 12 18 24 18 6 36 36 6 18 48 48 18
653 653 57 28 64 47 39 1 23 52 61 16 50 11 5 48 29 35 59 66 19 11 9 60 48 47
2189 3917 9 26 24 31 36 16 59 47 35 13 61 12 9 4 26 34 50 30 67 16 56 65 5 31
4848 4848 5 12 42 0 8 57 67 52 62 19 61 49 68 46 16 64 26 39 69 53 46 50 24 24
1233 1250 54 29 65 16 47 1 9 60 7 33 61 10 57 69 36 63 57 42 30 2 71 2 54 65
1476 1523 30 5 2 29 1 52 59 5 15 45 65 47 43 21 29 2 64 40 44 21 31 43 46 18
385 1844 3 65 55 56 69 34 42 29 9 9 25 56 48 14 58 64 24 71 62 26 4 50 35 32
356 356 61 14 4 56 57 3 17 39 25 65 50 38 37 60 47 10 56 9 36 68 59 28 66 26
3225 3234 6 67 4 22 49 6 21 29 63 48 8 57 59 8 35 41 43 58 28 47 55 37 69 70
2640 2658 28 8 59 60 38 47 43 7 58 54 4 24 19 4 1 39 22 27 13 60 46 8 4 50
1242 1373 32 57 37 26 68 47 71 66 18 35 38 39 39 13 41 2 36 51 40 46 19 68 42 64
4557 4557 58 12 44 36 20 12 38 50 58 66 26 22 44 6 30 62 26 40 34 60 34 46 40 48
903 915 7 29 21 59 53 41 68 56 40 26 61 27 15 30 62 51 34 9 24 17 39 22 56 9
126 139 8 54 58 70 0 55 57 33 29 64 30 54 61 22 9 67 46 38 5 2 37 61 67 62
39 4356 32 5 33 22 33 36 6 42 32 59 17 67 16 53 44 69 51 8 44 37 4 4 54 27
4245 4245 36 28 42 12 8 39 63 33 65 1 66 60 47 69 8 53 45 53 17 71 46 30 19 14
3970 3983 17 57 53 49 36 19 49 0 26 36 37 39 47 16 0 70 6 32 22 10 40 48 33 3
3639 3644 14 27 32 31 36 17 11 18 58 67 1 71 5 56 70 35 61 59 24 34 37 0 66 22
59 1318 29 59 53 25 24 17 32 59 44 68 31 44 61 46 44 50 4 33 11 55 61 70 20 40
2430 2430 21 65 38 3 67 13 37 69 8 64 16 21 21 57 10 17 2 51 26 63 23 24 46 11
651 656 56 8 52 62 48 41 22 36 68 3 71 1 63 30 52 60 36 62 31 54 11 42 7 67
19 31 34 26 54 70 41 20 11 34 16 2 14 59 42 18 46 39 21 59 21 14 42 21 7 53
1157 3910 70 16 16 14 62 29 22 1 9 12 9 9 39 28 68 67 52 40 50 64 55 61 70 60
352 352 16 2 10 69 66 58 58 47 3 61 9 51 16 71 24 65 43 25 14 26 26 2 30 49
1643 1665 35 30 15 54 49 67 36 4 16 4 19 22 34 71 67 65 29 20 2 12 43 11 20 30
440 483 38 59 61 55 34 50 26 45 12 50 31 56 68 16 33 35 11 20 61 45 33 52 25 23
7 635 27 66 30 48 54 42 15 13 1 45 34 64 23 11 68 49 57 21 63 18 7 8 3 43
3059 3059 69 13 51 5 10 43 7 44 60 44 1 20 70 20 13 15 26 20 64 60 5 67 61 39
309 324 28 48 1 64 21 10 12 56 39 16 42 32 61 43 49 31 34 11 25 52 38 13 65 69
4767 4787 9 53 26 2 9 54 58 2 45 0 30 42 9 19 28 22 21 34 49 23 38 35 14 57
3728 4408 51 10 67 53 20 50 58 59 43 51 3 57 50 71 30 66 35 27 42 31 48 69 25 12
1293 1293 28 25 20 35 15 30 33 44 13 1 24 51 34 4 27 16 67 52 12 68 20 64 61 5
3452 3455 14 56 68 50 10 10 64 56 30 4 6 14 36 28 2 4 54 54 4 20 2 38 30 34
4838 4852 38 11 50 47 57 32 69 31 36 0 25 53 1 11 17 18 34 16 25 62 49 16 47 70
2380 3824 25 10 47 26 25 0 56 3 4 19 55 63 42 69 69 29 37 56 70 6 26 63 25 28
169 169 48 20 9 43 36 52 39 9 46 39 57 4 29 54 52 51 8 6 10 1 18 48 14 62
1209 1211 54 63 1 58 53 61 14 65 7 36 14 13 60 27 27 28 51 49 19 47 7 64 22 7
3897 3921 62 5 10 46 40 27 60 29 11 60 25 54 70 22 41 37 63 13 65 66 21 3 30 35
271 3955 25 3 12 4 71 67 21 9 24 21 1 41 7 39 20 1 41 30 49 65 60 19 62 66
4365 4365 49 50 64 6 40 18 70 63 48 57 24 22 5 34 31 3 18 24 65 65 28 14 33 38
4403 4420 0 0 0 0 0 0 0 0 0 0 0 0 0 0 0 0 0 0 0 0 0 0 0 0
342 382 62 15 70 0 56 31 70 48 22 10 0 64 8 31 64 35 3 51 39 23 59 26 70 45
97 1071 0 0 0 0 0 0 0 0 0 0 0 0 0 0 0 0 0 0 0 0 0 0 0 0
4664 4664 58 57 70 55 31 20 4 52 7 22 29 22 60 68 23 5 14 18 42 29 14 28 65 46
1375 1394 11 32 18 55 38 31 29 43 31 71 0 54 42 29 65 55 53 5 26 66 8 13 46 31
2053 2089 39 2 60 43 8 6 38 0 33 71 53 51 71 6 6 54 16 38 33 41 42 70 55 57
1713 2607 63 53 23 1 68 55 57 5 61 47 46 24 58 29 12 43 31 4 24 27 69 70 59 65
1679 1679 36 44 58 54 18 4 44 50 38 22 34 68 26 18 24 6 16 16 0 16 60 58 62 40
3398 3419 62 2 28 2 32 49 2 32 17 68 40 37 43 57 57 2 29 71 14 43 68 35 68 17
799 819 24 0 22 51 13 18 32 69 33 50 10 24 1 60 11 32 10 24 37 24 59 61 11 3
1573 4761 2 43 34 59 29 70 2 56 54 40 68 21 42 16 15 63 4 26 28 61 17 13 3 58
1240 1240 11 61 56 45 4 0 67 28 31 37 66 3 66 11 29 4 11 44 52 52 34 69 56 24
2041 2047 60 15 66 69 66 9 6 42 3 42 42 66 45 60 15 18 69 33 24 6 60 51 60 39
4308 4355 35 38 71 43 7 70 0 3 59 62 15 58 69 16 18 32 6 61 40 44 34 46 41 45
305 3373 61 2 70 7 70 40 21 25 52 34 20 13 2 5 69 15 67 56 67 31 48 10 0 51
4136 4136 35 4 32 20 16 32 9 1 36 54 28 16 14 32 69 21 33 26 35 55 17 16 42 24
1173 1193 55 60 27 20 12 38 43 32 16 21 5 7 34 37 18 58 61 21 7 30 51 3 19 6
3550 3550 21 7 14 5 11 50 54 31 25 31 65 59 62 58 35 68 55 24 40 23 39 36 15 21
788 4150 48 42 23 25 70 62 22 3 6 69 52 69 35 34 62 64 11 63 33 61 40 53 8 39
537 537 18 0 10 62 24 66 30 58 52 70 46 22 52 4 32 44 26 46 18 60 36 32 8 4
2298 2299 44 57 26 17 18 38 39 65 39 6 12 4 62 28 53 19 24 37 53 0 65 58 8 3
3338 3355 34 30 64 60 63 63 49 39 20 32 9 37 55 12 26 31 64 67 36 46 29 1 13 21
634 4150 29 4 10 8 46 40 18 68 67 32 43 13 34 44 23 30 64 45 25 37 26 21 44 12
864 864 64 40 30 1 36 1 11 11 28 56 10 45 52 16 62 26 68 3 24 48 39 25 25 4
4030 4032 69 27 12 9 21 55 4 27 43 5 29 8 32 38 57 26 49 44 12 27 38 28 27 2
1354 1386 25 27 4 58 0 43 45 29 36 70 45 7 69 23 4 65 57 64 51 65 12 69 44 43
2769 4505 24 59 69 31 40 34 69 60 16 52 59 31 69 6 18 29 36 37 15 6 48 52 60 25
2702 2702 26 39 9 56 43 6 48 32 70 26 45 55 29 50 22 10 25 57 35 42 49 70 51 28
2989 2995 24 43 63 27 52 45 66 61 38 8 70 14 2 48 4 11 24 57 11 38 65 7 70 23
834 850 34 53 70 1 23 71 57 65 31 17 48 11 65 56 4 62 45 46 51 15 27 15 0 7
1546 2834 45 8 55 53 36 7 18 57 51 13 30 9 30 24 35 3 22 43 34 19 31 22 59 22
976 976 10 33 0 25 10 19 2 16 29 70 30 31 43 67 65 65 62 15 39 0 25 46 2 18
4341 4358 32 60 44 50 20 32 0 32 34 10 58 6 34 36 40 46 68 34 70 0 68 30 6 14
2009 2021 24 37 41 23 48 64 36 0 47 40 0 45 54 31 21 23 19 64 14 44 49 10 62 35
1295 1700 27 50 4 69 13 34 46 45 15 33 53 0 40 35 62 8 50 33 1 41 3 52 18 70
4668 4668 12 52 21 8 63 52 20 62 34 59 22 11 38 24 71 59 40 31 50 4 28 10 44 56
2776 2799 27 44 63 13 66 35 14 46 71 15 50 8 31 16 18 44 17 8 42 32 17 68 62 12
922 965 71 43 49 2 51 38 14 54 38 70 62 40 64 25 50 49 50 9 33 0 15 34 45 12
3686 3982 23 35 16 9 30 67 17 2 56 0 4 60 28 59 30 32 62 25 17 29 21 20 33 51
874 874 0 0 0 0 0 0 0 0 0 0 0 0 0 0 0 0 0 0 0 0 0 0 0 0
3852 3861 48 48 24 40 40 48 48 64 0 40 8 64 48 56 0 48 24 0 48 8 16 32 24 64
1527 1528 62 67 0 0 24 50 36 64 8 20 69 18 50 52 1 41 0 55 43 45 11 66 5 30
181 313 60 22 2 64 28 67 53 55 28 21 18 40 34 30 46 29 54 48 41 12 68 24 40 4
2024 2024 0 0 0 0 0 0 0 0 0 0 0 0 0 0 0 0 0 0 0 0 0 0 0 0
3434 3442 65 44 55 5 27 28 56 65 19 59 9 27 63 3 59 25 23 25 7 49 13 49 53 46
1881 1897 59 59 13 47 20 60 53 3 56 0 17 38 55 27 37 36 39 33 46 37 36 9 33 42
1039 3217 60 42 27 1 23 7 41 56 14 8 3 66 54 23 61 42 0 43 45 59 68 9 9 61
820 820 40 41 24 56 40 31 35 9 35 67 9 30 21 40 33 41 11 59 66 54 2 65 42 30
4751 4762 36 59 62 48 24 52 15 45 53 14 59 38 62 40 9 54 12 25 30 18 36 61 36 51
3232 3273 20 26 21 67 19 43 33 12 6 25 51 51 45 45 8 53 31 17 60 8 14 63 47 64
56 593 40 39 1 15 12 40 60 35 47 7 58 41 53 66 8 5 62 28 67 7 59 29 12 34
3991 3991 58 52 7 46 65 13 12 9 35 69 42 46 60 36 50 69 37 21 18 57 51 66 65 55
3019 3037 1 43 33 47 22 40 35 2 11 45 26 14 39 49 59 33 43 59 21 48 21 22 60 18
2503 2550 39 22 7 48 42 15 21 33 25 11 10 67 33 41 23 71 31 37 39 22 43 48 33 64
159 2349 58 34 57 59 16 21 8 39 51 60 16 17 68 69 58 30 30 20 19 7 1 20 38 12
3135 3135 56 8 56 56 64 32 24 56 32 8 64 16 24 48 40 48 0 0 48 40 48 24 48 32
24 26 60 26 32 53 34 28 23 26 60 69 62 14 64 61 6 54 7 64 61 56 3 42 40 28
4630 4660 5 65 30 31 60 61 70 41 9 58 12 40 69 19 34 10 31 35 54 56 23 62 40 63
1311 1894 47 42 12 27 7 71 5 49 28 71 36 50 27 24 30 31 5 30 63 59 10 36 2 47
467 467 63 7 1 0 64 7 4 63 68 52 4 14 34 19 65 22 33 47 60 5 52 32 37 51
2221 2234 1 38 42 60 39 39 4 27 7 53 14 54 25 37 9 38 43 32 62 7 24 63 61 37
3806 3846 32 3 14 16 13 42 6 34 0 7 29 28 69 51 19 35 38 9 1 13 48 12 68 62
1312 2307 16 58 7 40 19 41 3 37 28 21 37 59 69 69 11 57 25 56 42 4 49 7 30 7
1309 1309 37 39 43 21 7 32 57 9 14 58 10 63 44 10 12 21 56 46 19 37 3 62 5 16
1877 1891 27 63 39 22 34 29 5 66 9 1 49 38 15 17 19 58 61 28 50 26 67 46 45 0
1167 1209 62 60 50 1 56 5 71 5 64 0 71 57 26 18 56 36 43 39 65 70 26 35 24 23
2247 2431 41 59 40 22 43 29 66 56 7 41 25 55 48 21 7 21 18 37 64 52 0 32 42 29
4415 4415 18 19 10 58 55 34 34 45 12 13 59 56 30 70 70 37 63 65 66 63 4 34 12 54
1342 1353 15 42 59 7 14 63 7 59 2 33 71 60 16 44 17 56 19 25 47 65 18 70 3 0
4650 4696 67 41 51 28 65 69 50 1 34 7 31 38 70 6 64 54 44 30 63 63 55 44 12 64
3842 4683 62 38 67 59 19 15 23 57 47 43 63 30 20 26 48 25 28 7 36 49 57 8 16 61
3082 3082 3 32 28 23 33 70 52 70 29 27 42 30 58 44 12 10 34 10 35 11 24 1 60 52
4149 4167 68 21 0 6 1 62 44 20 52 50 55 4 35 40 58 46 5 65 63 44 37 45 64 57
637 682 57 21 5 44 70 69 70 21 11 3 23 30 65 17 7 52 23 34 19 58 46 18 43 7
523 1154 55 15 34 46 35 39 55 37 48 7 35 71 11 5 35 13 65 45 57 34 33 68 8 36
1149 1149 48 30 0 42 30 56 28 14 30 20 46 22 2 56 22 4 26 18 30 22 2 58 48 38
3339 3354 53 6 36 25 4 67 6 70 27 50 48 23 37 36 70 7 14 68 58 41 14 49 48 60
3299 3346 7 25 16 66 20 24 63 8 7 64 65 25 61 26 53 5 36 40 21 49 70 57 7 11
3788 4159 6 39 30 57 6 16 45 59 35 34 58 3 26 9 48 29 40 56 15 5 2 47 23 35
749 749 23 53 37 36 39 43 36 20 48 31 55 70 38 42 2 32 71 60 5 4 5 47 43 67
3442 3461 38 65 64 51 16 6 3 10 36 29 16 40 17 66 52 43 19 45 33 68 6 48 66 20
1325 1325 71 9 40 54 51 63 36 44 3 5 48 23 68 56 34 59 44 0 25 20 43 61 1 39
1328 4524 48 60 36 6 30 12 30 60 66 30 12 60 18 42 18 24 6 48 42 30 48 48 42 60
1332 1332 33 51 20 28 57 18 50 9 55 57 31 44 67 58 54 58 1 67 32 28 63 58 17 45
3229 3241 3 5 59 12 0 52 34 42 36 36 60 17 2 60 28 41 15 25 31 31 19 26 2 57
2487 2504 40 47 52 63 3 0 26 32 70 51 62 27 53 18 66 66 9 64 32 59 56 71 69 14
215 1564 51 37 32 10 0 16 23 35 15 37 36 37 70 71 18 62 6 12 21 38 42 35 26 49
4755 4755 57 64 8 70 52 42 69 54 22 26 11 49 11 25 64 63 56 69 66 57 17 29 24 54
1752 1759 69 32 10 6 69 11 42 2 35 47 23 65 0 45 25 43 48 62 10 7 47 31 15 20
3024 3062 40 35 36 62 21 36 19 55 8 58 6 71 44 3 43 15 8 18 29 34 0 27 24 41
774 2623 9 62 65 41 58 64 44 28 47 9 61 46 37 59 20 29 7 58 49 44 20 49 37 30
3308 3308 24 32 55 14 24 16 35 34 1 46 21 19 69 35 10 1 13 0 29 18 61 23 25 36
135 138 56 31 45 4 68 51 71 57 27 23 56 31 33 7 69 19 23 36 52 60 27 46 70 52
2951 2962 17 56 10 38 65 32 17 60 63 21 45 55 51 38 56 0 16 64 66 16 23 52 9 45
1114 4924 18 18 66 48 48 30 48 36 66 24 54 12 12 60 18 6 12 18 66 54 6 48 48 36
2687 2687 34 16 42 62 16 62 66 17 4 25 62 58 8 26 15 22 62 60 60 27 36 45 14 70
1371 1380 17 52 29 26 52 60 3 10 21 71 66 22 46 26 45 2 16 5 9 71 1 2 24 47
3997 3998 0 0 0 0 0 0 0 0 0 0 0 0 0 0 0 0 0 0 0 0 0 0 0 0
2963 3417 9 33 27 53 40 32 69 35 11 67 23 35 64 13 46 69 11 33 69 21 10 14 45 46
4765 4765 62 47 31 24 13 65 13 19 42 64 41 25 60 23 1 39 60 48 46 25 14 64 53 50
4503 4526 40 67 39 24 43 41 8 37 59 49 11 25 68 51 13 59 31 6 58 22 45 26 70 3
4388 4415 59 33 36 49 60 67 24 28 3 34 49 21 56 70 13 71 9 64 54 67 7 68 30 62
1842 2200 67 50 19 4 24 43 36 60 20 46 6 65 66 27 66 29 42 60 14 30 62 19 6 3
560 560 68 4 13 57 62 7 15 10 68 62 50 39 68 24 11 59 51 52 10 30 46 67 60 42
4954 4962 1 65 66 52 41 51 61 50 6 12 20 63 52 3 18 10 44 42 35 45 49 35 5 12
70 117 25 39 2 38 28 50 20 51 71 65 24 19 18 69 22 10 33 41 22 69 67 66 35 17
72 1809 53 58 55 12 68 21 30 7 71 53 44 30 38 54 69 66 3 5 36 11 2 71 58 39
3928 3928 44 16 52 12 60 32 8 52 48 48 60 12 64 60 4 8 8 0 40 56 8 16 24 20
4401 4411 14 36 49 12 67 70 29 48 66 9 14 46 64 61 58 67 6 65 20 29 4 21 49 19
53 94 57 12 48 3 62 29 65 27 49 50 24 31 6 45 66 47 49 49 22 69 23 50 1 40
375 438 35 59 21 13 40 54 65 71 13 40 22 62 30 55 64 0 10 49 59 7 16 2 14 68
2259 2259 40 64 56 24 32 32 56 32 24 64 32 64 16 0 56 32 64 16 16 56 16 40 24 0
1438 1440 58 61 6 69 45 47 2 60 43 38 20 2 35 20 57 9 62 65 70 29 33 58 17 15
2431 2443 33 37 56 28 40 16 27 6 48 37 1 45 70 25 59 40 58 56 48 68 69 37 29 41
836 3721 54 14 56 51 52 41 4 35 71 24 63 4 18 71 36 29 39 18 0 36 66 53 48 28
4202 4202 0 0 0 0 0 0 0 0 0 0 0 0 0 0 0 0 0 0 0 0 0 0 0 0
4403 4420 48 67 5 20 46 5 42 30 35 55 20 8 67 7 69 68 16 33 6 10 19 64 26 55
1874 1899 66 57 22 51 9 16 41 53 70 25 25 61 34 55 13 25 57 13 71 14 49 5 40 42
1304 4137 17 4 55 28 51 34 18 70 16 62 33 49 40 18 40 35 6 20 6 9 34 38 9 1
4477 4477 57 14 57 0 66 35 30 3 12 21 7 37 52 63 12 46 63 66 15 30 8 11 55 17
4182 4192 68 46 64 32 10 70 4 30 64 60 30 44 48 42 36 36 38 2 56 10 24 28 28 66
700 744 6 43 10 29 34 27 42 29 69 26 13 57 4 34 9 55 1 32 62 49 68 14 35 70
2146 3284 43 25 0 42 53 55 67 69 27 66 12 53 42 15 33 50 57 20 12 17 48 2 16 51
4574 4574 0 0 0 0 0 0 0 0 0 0 0 0 0 0 0 0 0 0 0 0 0 0 0 0
4327 4346 37 62 49 70 10 11 28 35 10 23 5 14 8 65 56 32 62 27 54 51 12 50 47 44
73 85 26 36 24 19 50 66 69 15 20 69 50 24 0 58 4 1 24 38 24 68 17 41 35 2
58 396 8 62 65 1 33 1 25 33 51 37 62 49 55 4 7 0 47 55 43 17 17 8 51 45
1777 1777 0 0 0 0 0 0 0 0 0 0 0 0 0 0 0 0 0 0 0 0 0 0 0 0
3954 3955 63 20 67 35 34 39 63 33 47 58 47 27 23 62 14 31 55 0 67 2 12 20 40 36
2033 2035 18 19 44 7 52 30 53 39 17 11 38 65 46 16 54 36 45 47 5 20 33 62 67 57
3257 4339 4 16 34 22 2 12 38 36 16 54 36 56 18 12 10 48 44 50 16 32 44 62 46 36
2082 2082 40 10 20 30 48 30 6 64 30 66 24 60 56 2 22 58 68 54 62 44 2 68 26 58
1956 1967 52 16 54 30 4 46 58 30 36 70 58 48 50 14 70 62 26 12 46 56 62 44 0 0
4862 4863 34 20 46 14 54 4 64 46 18 52 24 2 20 32 42 32 24 48 26 38 36 36 4 28
1668 3226 9 65 18 32 30 54 26 58 40 51 46 36 40 47 14 18 47 56 7 66 22 16 24 68
1833 1833 55 67 17 63 53 61 66 67 60 20 7 23 3 54 14 50 24 51 10 61 43 63 42 71
4708 4720 13 58 25 46 40 12 25 20 33 49 35 27 33 34 12 41 27 50 63 19 42 23 50 12
1321 1322 70 42 62 29 20 45 18 40 54 52 60 14 53 6 7 57 36 4 45 22 0 44 55 16
3051 4025 25 13 59 7 70 37 36 59 9 10 37 41 43 64 29 43 8 43 51 15 36 23 65 22
2295 2295 56 0 37 69 69 46 10 23 22 68 66 38 67 34 65 43 25 15 2 12 8 65 52 26
3032 3037 52 56 45 57 49 27 58 29 33 43 58 36 46 26 18 53 42 20 57 62 27 2 52 8
3246 3293 53 33 55 21 19 35 71 49 61 17 65 69 27 67 59 23 53 32 47 44 26 26 45 12
3791 4228 64 24 12 56 0 8 60 4 56 64 12 40 8 20 12 16 68 36 8 44 28 8 12 28
3814 3814 11 62 62 14 0 6 70 32 15 45 26 57 29 0 3 71 32 17 54 47 44 7 10 53
1638 1648 67 49 11 31 1 24 38 38 68 69 40 23 8 20 39 66 49 50 69 42 29 23 49 38
2342 2367 61 18 35 67 56 24 55 69 4 52 12 30 70 33 64 32 48 33 40 55 46 43 15 68
85 4507 4 32 0 12 21 53 27 56 26 43 21 28 26 52 22 66 29 39 1 24 71 66 14 53
3205 3205 22 36 70 26 60 58 25 51 34 44 66 23 13 15 49 46 63 66 22 8 57 45 5 69
4 7 1 67 35 24 61 34 36 6 53 29 66 13 65 49 4 47 15 56 69 7 67 15 64 0
2563 2608 71 44 42 37 65 3 8 45 48 37 56 26 7 26 71 38 14 29 48 7 7 29 21 44
687 1768 47 12 31 22 26 23 31 45 65 56 53 50 31 32 39 28 45 60 29 40 46 65 11 18
89 89 29 33 69 63 61 30 66 58 32 46 13 54 45 63 37 71 5 60 39 6 46 51 8 10
4011 4018 18 68 32 21 19 71 34 4 40 34 35 17 12 12 45 13 38 44 52 14 19 14 28 31
2732 2757 27 19 18 45 21 65 51 36 20 64 19 60 52 2 13 68 41 48 57 34 7 68 41 16
4080 4919 24 40 44 52 48 32 32 32 24 48 4 68 44 64 28 60 40 64 32 24 32 20 16 64
1372 1372 68 58 8 6 50 56 30 66 20 60 58 8 66 42 36 4 54 14 26 24 62 14 10 36
1167 1186 14 32 30 26 38 58 16 56 10 34 56 24 58 64 62 42 36 12 14 26 48 24 8 68
1689 1719 32 27 56 20 47 15 60 23 9 46 28 10 12 48 52 58 14 26 64 42 51 20 39 5
809 2667 23 61 65 10 25 67 23 26 32 41 29 26 27 52 48 18 12 55 16 41 21 24 32 11
1951 1951 0 0 0 0 0 0 0 0 0 0 0 0 0 0 0 0 0 0 0 0 0 0 0 0
3513 3532 54 63 39 34 11 53 45 23 26 19 18 53 62 27 26 54 3 32 21 50 12 15 71 10
4 9 59 27 67 64 1 22 38 41 68 65 0 27 48 8 69 23 47 61 22 67 26 37 3 71
2582 4985 26 14 29 70 15 46 17 53 46 54 70 33 26 54 1 14 39 49 25 4 49 25 47 21
1808 1808 0 0 0 0 0 0 0 0 0 0 0 0 0 0 0 0 0 0 0 0 0 0 0 0
1302 1315 8 70 53 61 46 51 30 28 45 54 16 21 42 25 67 14 60 0 28 15 30 57 3 56
3622 3660 66 18 62 61 9 36 49 20 4 32 48 67 41 60 33 5 68 7 33 62 24 33 37 32
165 252 63 8 8 57 62 60 21 34 42 20 63 32 17 39 63 50 1 13 48 19 5 49 63 71
4722 4722 32 35 22 17 32 24 50 67 24 64 30 66 65 10 39 36 18 30 0 62 3 23 3 45
4755 4773 68 59 27 0 4 21 48 30 9 39 17 54 10 0 20 39 33 54 55 2 64 32 47 22
955 973 10 0 16 1 49 3 6 63 35 67 1 51 66 12 41 62 64 22 29 5 43 48 25 57
281 1152 20 48 10 51 52 64 64 66 24 33 56 63 28 58 54 20 42 52 64 43 33 59 66 71
1984 1984 39 43 3 0 57 18 66 64 12 0 47 62 66 55 32 52 22 60 28 58 17 45 63 44
3445 3445 44 50 23 60 49 67 64 43 60 43 37 16 46 0 53 25 31 39 23 70 53 12 36 5
319 336 55 50 9 42 6 62 53 52 28 31 8 27 62 6 19 63 13 0 46 38 35 56 4 5
1311 1433 49 33 6 24 11 38 9 30 17 22 52 37 9 42 30 23 66 54 23 34 65 9 41 35
1330 1330 26 20 32 53 69 16 15 10 57 65 14 26 7 28 70 59 66 20 50 59 1 49 4 3
839 859 53 26 38 67 67 3 17 34 20 56 27 7 42 28 32 27 23 37 46 34 59 14 66 65
663 672 59 45 21 62 2 34 40 21 34 14 28 66 5 42 4 5 60 10 41 29 49 45 67 42
116 264 36 57 61 35 18 20 68 38 22 30 41 58 59 40 63 68 38 4 59 10 29 49 5 59
4316 4316 10 48 51 50 14 43 12 63 50 26 56 23 70 2 64 31 52 18 14 59 63 0 50 34
1161 1181 16 28 68 44 66 53 61 4 3 30 2 23 37 47 1 45 52 6 38 69 14 28 46 46
2035 2048 26 65 11 29 70 25 54 4 39 70 37 42 19 59 5 44 70 39 22 7 14 68 1 12
176 4229 44 14 49 43 3 13 46 4 57 19 24 35 0 56 2 23 43 71 15 56 62 30 14 70
1138 1138 29 5 24 14 29 4 17 56 30 17 38 14 55 38 35 53 10 37 47 55 14 46 67 49
3760 3770 68 50 11 58 44 40 37 43 32 26 13 51 15 45 14 63 68 22 57 27 55 25 37 55
1063 1100 48 33 64 43 11 51 52 47 68 62 0 33 19 12 62 69 33 1 1 15 66 57 62 0
2771 4793 55 55 49 11 52 4 15 14 26 64 41 58 16 10 35 33 38 16 4 17 35 64 71 60
3143 3143 48 64 16 0 32 48 64 0 64 8 0 56 16 16 64 16 56 16 56 48 56 0 56 24
3079 3097 70 57 36 57 26 27 10 55 9 3 9 5 62 52 43 59 21 44 12 4 28 54 30 63
323 333 13 35 15 48 51 68 29 53 59 43 18 64 40 55 42 38 35 23 56 36 11 18 65 58
887 3530 15 53 0 1 57 47 37 4 7 58 29 40 5 39 22 61 44 29 17 56 40 8 2 0
1574 1574 0 0 0 0 0 0 0 0 0 0 0 0 0 0 0 0 0 0 0 0 0 0 0 0
443 457 11 22 54 24 67 33 35 33 19 61 22 5 63 62 36 27 27 37 0 46 40 24 52 43
3848 3850 8 55 3 43 63 21 31 59 47 5 19 9 42 71 54 37 13 59 53 16 14 6 60 42
2768 3258 31 41 26 45 54 55 22 70 56 49 67 23 31 57 14 68 38 44 47 19 39 62 63 1
4154 4154 4 4 20 17 18 17 62 29 20 36 1 61 63 15 35 68 50 11 64 54 15 35 19 47
1793 1815 28 69 33 20 60 57 22 50 13 1 48 2 59 45 50 67 27 22 56 23 71 29 62 7
2951 2972 10 59 26 53 15 18 71 62 70 71 47 62 67 55 48 61 56 60 29 35 30 16 63 67
21 702 70 10 0 38 64 16 62 34 62 6 12 56 30 0 2 40 26 8 46 36 70 22 2 60
4706 4706 58 48 25 0 39 17 38 50 37 48 12 2 68 62 70 2 67 54 41 18 20 3 23 25
218 231 7 57 29 58 62 12 3 26 14 38 52 40 28 69 55 17 50 18 70 58 63 68 10 57
3996 4028 10 54 9 66 42 39 51 44 35 2 47 12 57 35 58 26 3 50 43 70 65 29 45 36
477 4752 11 64 49 38 44 25 2 27 58 33 20 25 65 36 44 7 10 20 4 1 44 6 71 26
4466 4466 0 0 0 0 0 0 0 0 0 0 0 0 0 0 0 0 0 0 0 0 0 0 0 0
4867 4884 26 4 22 4 42 40 46 6 44 36 38 34 46 58 44 20 68 14 22 12 14 58 42 60
3074 3116 17 24 50 8 52 54 63 3 71 38 15 27 62 22 61 54 30 58 1 37 17 25 52 12
1926 2566 41 41 21 13 51 50 58 40 33 1 33 36 17 27 6 60 48 50 59 46 9 15 60 3
2039 2039 0 0 48 48 24 0 0 24 0 48 48 0 48 0 48 0 48 24 0 24 24 24 0 24
1072 1090 37 57 51 61 15 39 68 14 2 22 24 54 42 67 4 0 4 26 29 68 48 32 35 58
2056 2085 60 1 54 35 33 45 49 7 42 17 60 71 67 18 24 46 49 28 29 43 70 34 61 5
944 2221 69 36 55 20 62 23 58 21 57 67 63 30 21 52 45 66 35 11 55 19 19 59 0 55
1935 1935 56 32 8 0 24 16 16 24 48 56 40 64 56 24 56 0 56 24 32 16 48 24 24 24
961 973 32 0 16 48 24 12 56 48 4 56 16 36 8 64 52 32 12 32 28 16 68 24 24 60
3272 3277 9 50 65 3 17 32 8 36 36 47 23 36 56 55 61 63 47 34 59 58 11 13 21 64
1674 2677 4 41 31 68 62 49 21 47 56 32 50 65 48 46 45 42 29 45 34 35 42 48 11 0
3902 3902 18 9 49 58 13 26 64 35 53 12 56 64 5 11 63 48 9 15 46 31 21 52 48 65
3058 3077 28 66 16 38 50 0 62 28 40 66 44 22 6 42 54 18 12 22 22 6 64 32 22 60
4408 4410 11 49 26 40 62 46 52 11 16 24 22 64 65 31 32 5 67 36 37 64 14 30 53 32
1357 3020 34 54 30 62 38 54 60 52 6 42 46 44 4 22 56 58 20 12 16 12 16 22 2 42
4246 4246 2 60 33 25 40 6 35 1 48 65 45 18 70 55 59 2 38 49 46 6 21 64 27 28
2744 2751 25 43 71 2 41 16 65 71 51 35 36 25 17 11 66 35 0 28 40 44 5 7 17 41
2386 2432 62 24 36 56 71 69 0 62 56 12 26 24 10 14 68 46 36 20 47 21 10 8 20 35
2757 3942 16 20 17 38 57 16 35 8 40 55 4 40 71 5 31 20 53 64 38 54 55 62 57 71
3260 3260 7 58 20 31 70 32 21 15 18 35 60 45 4 20 59 1 37 29 24 33 71 26 64 19
1786 1809 30 14 62 40 52 54 1 40 9 27 4 5 34 34 50 65 66 26 58 22 55 26 17 8
568 583 40 48 60 52 20 48 60 0 60 24 40 24 60 60 52 4 24 48 24 4 52 28 28 28
426 4281 5 29 31 32 13 50 54 64 51 14 39 6 29 16 13 0 2 49 60 34 40 0 15 3
3316 3316 22 34 38 38 46 4 14 38 36 34 0 0 12 50 20 16 26 28 60 56 30 36 64 66
4559 4572 50 48 33 11 39 65 27 55 17 61 11 68 12 40 4 57 28 13 0 41 47 50 64 55
4448 4449 32 3 25 55 0 1 65 39 20 50 33 5 42 52 26 36 22 61 53 51 33 9 38 10
3684 4498 51 54 70 49 33 46 57 62 66 53 42 41 53 46 58 58 32 29 45 25 42 10 64 21
1799 1799 44 44 28 68 60 52 44 40 20 36 32 12 32 20 12 40 12 16 52 60 64 16 16 52
3692 3714 60 28 48 57 43 30 31 4 51 12 43 39 61 16 18 15 44 29 63 40 23 53 25 40
441 450 51 53 26 42 69 70 29 49 60 21 8 23 7 65 21 21 22 55 30 55 41 70 56 18
564 679 57 50 67 32 14 0 12 52 5 69 19 38 62 30 18 35 58 53 62 56 3 66 62 44
1929 1929 26 18 9 40 20 50 0 20 34 28 31 7 55 38 3 67 48 71 27 27 15 52 56 3
4728 4741 11 34 20 67 20 65 14 45 27 40 21 56 28 26 41 57 44 56 43 53 42 61 68 69
2708 2712 48 32 10 18 46 34 59 6 6 34 65 35 4 29 47 66 41 59 68 65 71 30 4 22
2304 3090 8 70 8 60 14 20 38 38 24 12 40 58 52 68 58 4 54 50 22 64 48 0 14 68
2632 2632 55 12 69 43 40 24 19 9 32 15 59 33 45 22 10 28 6 3 2 6 20 23 57 71
2060 2061 0 0 0 0 0 0 0 0 0 0 0 0 0 0 0 0 0 0 0 0 0 0 0 0
3752 3766 49 62 8 56 26 36 50 55 0 66 29 45 40 64 71 26 33 59 11 67 9 23 41 36
333 1902 56 40 71 35 23 62 50 7 53 0 28 41 31 51 66 18 16 54 66 42 71 7 56 2
500 500 0 0 0 0 0 0 0 0 0 0 0 0 0 0 0 0 0 0 0 0 0 0 0 0
4853 4855 26 45 40 4 3 44 36 56 57 29 33 1 63 26 25 36 23 65 9 8 40 6 40 18
2226 2245 63 21 35 65 19 6 63 1 39 49 0 55 56 71 22 45 23 56 48 56 48 22 3 19
33 2106 53 62 45 30 2 51 31 20 5 21 49 18 36 16 37 46 52 71 45 20 32 54 65 11
2263 2263 52 8 6 64 48 42 48 56 26 58 12 62 58 25 35 45 0 10 0 1 70 16 3 52
4855 4856 0 0 0 0 0 0 0 0 0 0 0 0 0 0 0 0 0 0 0 0 0 0 0 0
155 169 70 32 69 55 56 60 52 64 19 3 36 26 57 2 19 41 47 0 0 31 36 26 52 2
63 2205 51 67 45 11 17 70 56 30 55 45 24 51 62 70 44 68 33 67 48 68 70 9 14 28
4289 4289 3 62 2 1 9 6 50 31 46 52 46 26 27 36 51 44 56 49 8 34 39 54 19 48
4362 4378 50 13 33 64 64 35 55 16 5 20 27 52 28 13 0 17 53 54 4 38 52 56 67 49
3148 3171 13 0 46 2 4 20 25 13 59 22 15 66 8 45 40 32 0 66 24 9 58 69 27 35
1510 3580 27 9 61 24 33 38 40 4 22 45 64 66 67 66 46 23 60 62 33 49 54 50 1 5
1161 1161 0 0 0 0 0 0 0 0 0 0 0 0 0 0 0 0 0 0 0 0 0 0 0 0
1367 1382 15 0 47 68 22 35 53 36 0 54 33 45 58 50 43 68 11 62 39 60 49 33 57 29
387 392 39 41 66 28 25 51 58 6 57 19 6 14 22 28 11 52 0 30 65 47 24 14 28 71
85 95 12 60 32 56 0 52 12 44 44 52 24 24 64 28 64 56 60 24 16 0 64 44 28 36
3388 3388 22 65 67 2 68 18 37 69 7 22 35 69 46 59 26 65 34 8 67 49 42 14 3 1
1518 1521 64 52 1 23 36 51 20 52 44 23 43 50 52 40 6 22 20 26 21 39 36 25 40 19
2205 2205 26 28 15 39 67 39 33 34 63 62 59 52 18 41 57 19 55 29 50 64 36 47 30 32
77 564 28 7 21 67 38 8 59 24 58 34 69 71 51 15 4 44 48 31 53 18 39 60 62 60
4404 4404 70 22 27 50 35 33 42 55 71 49 9 57 68 45 1 33 52 57 52 71 50 46 33 44
2182 2195 44 67 21 22 29 32 22 11 71 71 31 34 36 12 52 64 6 8 9 54 68 38 71 28
1491 1503 59 39 33 67 68 63 35 40 41 21 65 61 34 1 65 8 57 28 39 34 43 38 70 32
1487 3195 32 37 63 67 49 36 27 40 40 26 57 32 32 29 68 58 16 33 17 45 61 4 14 65
61 61 0 0 0 0 0 0 0 0 0 0 0 0 0 0 0 0 0 0 0 0 0 0 0 0
1728 1747 48 62 40 14 16 54 2 62 46 62 14 52 34 6 50 24 20 2 8 68 52 34 50 24
373 385 6 20 66 60 7 53 56 27 55 56 31 18 65 71 28 15 27 63 25 10 44 67 42 25
143 674 29 53 20 37 44 18 58 66 64 25 3 1 70 52 11 57 21 38 70 13 56 12 25 71
2378 2378 0 44 32 13 38 1 36 64 16 65 50 60 30 70 34 39 36 24 5 60 35 70 19 22
2359 2370 43 37 69 1 5 46 64 61 62 26 14 31 27 47 26 21 68 56 28 8 11 54 28 61
774 821 18 36 0 36 18 54 36 54 36 54 18 0 54 36 36 36 54 0 54 0 18 0 36 36
1275 4006 53 40 2 33 49 44 27 1 27 34 29 4 63 5 3 67 7 37 24 21 17 28 60 66
4713 4713 40 16 32 24 24 8 48 48 32 48 40 0 24 40 24 64 56 24 32 8 0 48 32 0
4135 4141 31 62 68 54 65 56 53 45 24 19 52 60 61 29 63 55 48 40 54 53 37 41 15 20
3099 3134 33 21 9 26 1 23 34 19 44 71 24 67 30 3 14 5 18 23 47 60 54 39 7 17
1286 1596 19 0 13 21 19 68 60 21 8 28 32 66 55 28 35 30 33 19 4 60 43 43 59 47
4599 4599 27 29 34 68 65 32 12 21 33 65 30 8 12 3 42 31 19 3 0 52 27 39 49 59
434 436 50 63 32 10 56 18 46 66 7 12 69 62 30 55 41 46 65 7 10 16 9 66 23 49
886 897 58 29 26 43 58 20 27 47 57 11 69 35 23 2 61 38 9 46 45 46 1 25 62 24
724 1544 28 18 38 70 39 9 44 5 65 50 32 38 56 21 62 28 54 36 29 32 2 67 34 55
4107 4107 17 11 2 7 62 25 49 56 6 22 11 8 17 35 53 29 40 18 40 26 69 23 34 60
429 440 44 36 33 60 50 49 10 41 28 15 54 36 59 14 41 68 21 10 43 68 1 1 41 25
938 962 39 27 21 7 21 45 54 24 53 10 29 11 54 63 4 17 25 7 14 22 19 18 22 50
389 3129 24 17 9 2 15 39 69 1 71 52 37 17 32 33 45 28 69 54 52 41 1 9 42 17
489 489 25 21 8 42 62 20 46 56 47 43 4 22 21 61 22 10 50 24 62 53 62 66 23 25
2377 2382 0 0 0 0 0 0 0 0 0 0 0 0 0 0 0 0 0 0 0 0 0 0 0 0
2849 2851 36 36 0 36 0 36 0 36 0 0 36 36 0 0 0 36 0 0 36 36 36 0 36 0
2096 2144 56 55 18 38 23 54 43 38 3 24 9 42 62 52 35 30 43 39 24 66 22 16 1 23
697 697 67 25 8 9 37 13 70 64 11 64 38 63 55 30 67 17 48 60 22 28 71 13 6 69
3445 3455 44 40 52 20 70 62 54 54 22 24 38 12 70 32 24 52 60 50 16 54 62 22 56 2
3682 3685 62 56 14 70 29 43 64 26 17 56 68 38 33 15 60 52 24 70 28 57 18 61 47 67
53 763 8 63 61 8 32 18 31 44 28 9 43 67 69 55 8 37 55 66 54 61 24 29 32 53
2912 2912 0 0 0 0 0 0 0 0 0 0 0 0 0 0 0 0 0 0 0 0 0 0 0 0
863 885 9 71 45 61 60 22 27 38 64 38 61 45 39 39 15 48 38 1 61 63 29 70 26 52
524 528 12 68 15 49 62 53 29 67 7 16 18 14 56 42 71 47 37 22 21 52 1 37 37 34
798 2017 31 32 39 3 24 49 14 33 30 39 3 69 9 57 69 56 70 27 63 69 61 3 64 12
1414 1414 24 40 68 38 16 6 22 52 48 52 26 70 0 58 10 52 0 40 66 34 70 70 18 24
3279 3299 28 18 21 55 69 70 41 15 12 19 58 27 49 17 61 33 38 30 28 66 14 63 1 64
4061 4066 29 57 53 50 42 3 69 2 10 39 0 46 18 56 46 36 15 22 33 51 59 67 39 68
1122 4034 66 25 56 6 21 4 49 42 40 30 7 69 43 67 47 34 33 68 32 56 53 58 18 53
1168 1168 10 60 10 0 52 65 13 32 26 11 56 12 40 57 25 69 27 20 10 46 24 40 63 43
4830 4851 59 58 52 13 55 44 47 12 37 67 47 12 29 21 60 70 44 53 8 54 13 36 66 46
861 899 32 20 37 2 70 9 45 8 27 62 69 44 55 3 7 48 6 21 22 32 34 14 7 9
133 4600 54 36 24 71 24 23 39 5 36 2 43 42 27 10 59 16 20 21 69 26 34 67 27 17
1791 1791 24 12 9 60 51 9 30 45 54 36 3 12 21 30 24 33 24 51 51 6 63 30 9 63
2846 2860 20 35 69 21 49 64 32 37 7 33 69 42 12 23 38 71 13 41 9 4 18 44 29 26
1533 1561 4 20 61 65 32 24 19 24 5 8 6 40 28 3 3 19 48 43 13 50 67 24 35 62
1251 2322 41 31 67 59 14 16 51 31 54 39 57 31 47 29 23 67 38 43 19 29 2 54 45 34
756 756 71 19 2 51 68 66 36 2 21 54 2 2 1 4 0 1 15 23 63 57 20 4 30 16
3902 3904 56 16 24 24 8 48 56 32 40 0 8 64 40 24 32 56 64 0 64 24 24 56 32 32
1698 1701 31 49 53 49 0 11 24 27 59 65 63 26 39 40 55 35 36 39 25 9 52 14 8 3
1029 2904 2 19 65 49 2 38 66 60 29 25 46 48 21 7 31 41 53 70 26 66 10 28 12 9
4160 4160 56 67 39 59 55 55 45 18 38 36 59 56 3 53 43 44 2 50 50 4 66 55 53 31
2341 2347 38 57 2 54 37 16 6 38 30 14 6 11 43 34 20 38 46 35 70 17 65 23 48 13
2397 2427 43 6 1 32 48 57 14 57 55 50 35 55 13 48 67 27 48 7 32 20 22 63 35 6
716 2213 23 41 2 10 51 48 33 30 0 42 7 3 31 27 22 51 3 37 71 47 59 29 59 31
2992 2992 0 36 36 36 36 36 36 54 18 36 54 54 18 0 18 36 0 36 18 18 36 18 0 54
1081 1083 23 57 45 7 54 40 26 47 5 35 62 21 59 16 15 44 9 61 43 69 28 44 70 25
3192 3230 55 61 45 54 16 35 54 7 55 48 58 68 21 30 58 60 41 26 21 26 22 63 62 62
193 2754 42 53 12 47 27 38 23 7 10 7 50 3 71 7 24 48 7 43 35 6 67 63 36 0
2286 2286 51 11 32 61 66 22 24 16 10 18 59 12 44 45 59 30 40 18 67 67 55 60 31 5
4864 4877 60 33 18 45 48 30 36 51 54 18 54 12 69 6 33 21 24 51 36 33 54 51 3 30
3036 3053 12 48 5 28 62 13 68 57 66 27 70 47 58 36 40 56 66 1 48 67 48 41 3 32
494 4916 3 37 55 65 48 36 6 6 23 47 62 58 1 51 44 14 69 20 69 3 48 45 10 30
455 455 24 48 24 48 48 24 48 24 0 0 24 0 0 24 24 48 24 0 24 24 0 48 24 24
2248 2251 42 3 28 57 11 17 5 4 62 55 16 4 68 49 50 51 59 50 35 11 30 22 39 59
718 753 61 56 31 26 39 2 40 35 61 34 20 57 11 50 60 13 3 45 44 61 29 71 9 9
3304 4168 13 3 55 66 71 55 28 2 60 56 62 59 36 17 55 44 33 70 64 59 13 58 16 30
1477 1477 15 49 21 5 64 35 13 59 66 22 8 43 5 20 67 55 38 32 49 41 9 39 24 2
1523 1536 46 45 35 45 15 30 4 16 18 61 65 56 32 46 14 65 17 39 39 15 64 61 69 50
2550 2581 23 5 3 26 7 69 18 14 69 54 53 62 68 61 71 53 39 30 27 4 26 6 6 57
3115 4674 10 6 44 70 68 5 62 15 35 19 62 14 25 10 66 42 63 2 56 40 69 70 29 27
937 937 0 0 0 0 0 0 0 0 0 0 0 0 0 0 0 0 0 0 0 0 0 0 0 0
890 903 37 19 60 30 36 29 33 40 43 67 39 51 27 65 12 1 66 22 23 43 18 38 21 45
3999 4000 10 18 47 71 68 70 61 5 71 70 34 13 16 50 10 18 33 15 57 39 61 33 11 64
1036 4438 20 70 50 67 68 60 3 49 28 40 13 18 67 47 37 4 31 33 15 41 60 28 65 70
3982 3982 2 66 10 10 67 13 7 63 18 42 47 54 43 6 46 37 9 42 7 26 47 43 62 42
762 769 49 30 11 52 45 20 4 35 63 65 33 26 52 59 57 26 52 1 46 14 68 24 65 10
981 1025 59 37 65 67 51 0 10 7 47 69 44 31 17 52 38 61 41 71 52 52 33 65 34 48
294 370 18 1 4 22 31 57 21 17 16 33 11 42 1 46 0 30 45 14 32 62 1 58 6 56
2377 2377 45 6 29 60 50 36 28 65 67 67 44 55 44 51 29 34 57 34 7 51 45 4 59 28
1610 1631 24 1 23 51 7 31 34 57 24 66 0 51 69 20 5 68 9 5 0 27 58 37 7 28
2176 2217 31 29 14 45 40 19 15 0 19 3 55 38 62 34 43 32 69 54 68 60 50 29 24 70
777 1596 60 6 54 25 6 24 9 44 48 48 51 13 68 26 48 68 30 19 48 45 46 54 64 5
1794 1794 52 16 16 40 4 36 32 24 64 48 64 12 36 56 12 12 64 36 36 56 40 28 4 20
2162 2167 34 12 24 30 12 20 30 36 46 48 32 42 40 12 0 0 28 40 60 52 52 54 2 26
1443 1446 16 16 60 24 24 68 24 60 20 64 52 40 40 32 20 24 16 60 16 28 56 44 32 52
204 285 14 32 23 28 3 2 7 62 25 26 33 40 15 10 55 45 63 22 63 34 32 21 8 47
2255 2255 33 56 55 9 7 69 8 13 30 22 30 19 13 20 62 43 53 25 55 47 17 3 10 45
1571 1574 4 71 58 54 28 22 39 51 65 54 1 55 52 49 52 56 67 7 68 43 67 5 14 65
1757 1800 28 60 49 28 67 0 5 18 40 14 55 0 17 5 59 52 16 51 58 55 20 27 40 26
984 2098 6 33 18 24 5 24 55 67 51 61 14 47 70 44 39 41 55 43 46 40 37 62 48 21
4036 4036 30 12 7 22 66 1 64 41 45 66 27 44 17 47 42 50 16 1 13 4 30 68 22 20
4989 5000 14 7 31 42 4 9 3 25 25 0 63 57 45 61 45 29 22 46 15 6 70 7 40 51
3154 3195 41 13 14 69 60 54 27 58 41 12 55 53 35 1 65 71 69 32 38 68 18 12 50 9
1016 2561 64 53 39 58 5 61 49 68 33 21 44 53 71 2 39 9 3 17 25 61 33 53 35 35
2415 2415 22 30 23 35 3 37 33 20 69 38 4 36 63 38 71 20 52 39 57 5 23 46 48 67
3599 3615 63 6 44 28 23 12 21 10 26 34 0 18 4 29 55 58 48 26 60 37 29 66 11 62
2231 2266 21 54 49 41 63 29 32 67 24 24 46 41 55 26 17 34 44 11 25 28 25 59 48 37
200 3643 2 42 0 42 37 5 6 58 9 41 41 57 18 13 20 46 6 22 34 56 43 68 70 9
4478 4478 52 1 64 36 32 62 49 19 21 33 10 40 14 3 13 56 12 46 4 8 7 44 4 15
1352 1355 7 1 22 15 7 40 18 26 26 46 40 46 43 26 25 62 41 1 32 27 10 17 45 15
1455 1460 56 34 22 7 38 45 16 23 42 27 68 14 44 49 60 70 36 4 70 22 27 2 51 39
2100 2536 1 54 19 37 61 29 12 58 0 42 31 0 36 36 50 27 39 1 3 6 65 1 23 32
255 255 33 10 48 63 48 48 54 36 69 59 48 13 38 9 36 37 26 65 66 63 55 36 52 26
2992 3001 9 30 24 3 39 51 60 69 39 33 27 24 15 36 66 6 36 30 54 42 21 48 63 27
1441 1446 34 26 31 32 64 30 8 65 1 49 34 5 39 69 37 57 70 6 12 44 12 7 44 67
3219 3313 64 51 16 35 66 62 9 49 53 57 38 13 65 20 3 67 14 11 16 70 14 61 36 68
885 885 71 58 37 56 26 7 33 15 1 19 26 28 70 55 8 45 39 4 19 43 67 13 3 70
4698 4712 44 71 45 37 46 22 1 64 25 44 40 32 57 38 14 48 25 12 49 10 43 12 9 49
1442 1484 37 59 31 68 0 58 31 48 71 27 50 61 57 7 34 37 6 33 58 48 56 4 17 63
1628 4190 67 18 30 33 10 17 25 42 25 15 8 2 54 20 19 65 1 22 63 28 15 1 38 11
2718 2718 33 64 9 5 52 39 52 41 67 13 30 16 39 57 34 47 7 71 62 24 21 5 61 14
3857 3880 48 46 30 52 9 50 22 36 23 69 19 15 9 24 64 64 24 30 32 60 42 1 59 7
1141 1166 48 31 50 8 47 51 38 31 40 70 51 55 26 40 15 24 34 53 34 52 48 19 26 8
1320 1876 70 33 63 15 44 42 13 10 39 57 48 7 58 12 64 47 2 35 41 44 0 22 61 44
1588 1588 6 14 48 21 40 40 28 47 43 61 4 64 24 50 7 39 63 7 26 44 46 37 34 23
3633 3644 9 46 24 27 65 63 28 14 53 7 34 3 30 24 2 61 22 46 9 38 36 38 7 26
759 785 63 22 24 4 9 0 10 30 16 27 8 49 35 32 65 62 58 14 39 33 51 26 4 26
2 2 0 0 0 0 0 0 0 0 0 0 0 0 0 0 0 0 0 0 0 0 0 0 0 0
621 621 12 34 20 53 50 29 55 10 63 39 67 43 15 47 69 34 22 30 44 21 25 68 23 62
874 891 39 59 45 39 60 4 15 4 27 65 58 53 43 48 71 52 18 10 59 3 63 8 38 33
3301 3348 36 66 48 36 60 0 18 18 54 24 60 42 66 18 0 66 48 36 24 48 24 66 12 6
1172 1283 47 41 36 1 47 13 61 26 70 40 20 12 27 16 58 36 61 10 62 19 61 13 15 16
722 722 44 45 3 12 60 20 12 52 40 70 7 38 64 45 8 2 62 39 46 20 52 24 53 17
2245 2248 18 18 66 60 36 66 66 6 36 6 0 42 54 24 12 30 18 48 0 36 54 60 36 36
2596 2637 62 56 17 49 25 3 19 8 28 57 15 65 7 18 57 65 21 59 10 41 58 35 1 27
70 1694 32 44 29 30 51 3 18 57 26 56 60 19 27 48 37 68 15 21 35 43 3 54 10 45
194 194 0 0 0 0 0 0 0 0 0 0 0 0 0 0 0 0 0 0 0 0 0 0 0 0
3418 3425 18 15 34 20 14 31 3 10 56 64 3 9 1 19 68 59 67 55 61 50 34 47 60 25
737 749 49 45 49 38 57 71 42 71 18 61 25 29 12 71 37 63 36 66 20 34 34 62 0 67
3751 4152 23 31 27 7 56 46 58 64 19 17 10 31 4 13 39 5 51 62 63 46 56 51 42 67
199 199 22 48 62 32 53 64 16 65 9 48 52 53 28 53 2 28 12 52 69 30 19 50 0 30
3324 3325 10 55 49 58 41 24 45 43 58 0 26 18 58 29 10 13 41 71 42 2 17 56 27 22
2424 2452 29 44 34 47 57 70 0 31 56 1 46 41 10 43 23 43 28 37 36 7 29 54 10 40
2039 4794 17 30 54 26 16 53 28 55 4 30 38 47 66 10 65 63 5 8 13 67 63 51 53 52
2125 2125 33 47 12 46 40 25 43 33 42 32 24 41 69 64 49 18 13 48 22 57 28 61 52 46
4801 4818 26 27 26 34 32 8 54 4 68 34 45 23 47 28 52 5 33 31 38 44 64 52 57 7
4511 4531 1 20 34 48 68 3 23 54 28 38 56 11 9 14 5 36 43 70 1 30 67 22 46 9
1437 1510 70 66 26 55 51 57 37 17 67 17 17 62 46 66 15 67 59 30 26 14 51 46 48 37
2636 2636 43 10 28 43 4 31 66 12 65 5 19 3 4 56 56 48 55 26 64 1 13 10 23 6
1404 1408 18 70 46 60 60 28 66 0 60 70 56 70 42 38 42 30 2 26 58 60 26 66 46 36
4323 4356 9 20 70 25 63 51 30 0 55 46 9 28 31 34 53 28 62 1 3 21 56 18 16 46
2376 4354 46 49 40 42 4 17 46 0 0 37 40 52 63 52 0 32 0 9 42 69 20 48 8 5
1558 1558 69 31 10 24 65 60 28 3 27 12 50 43 60 49 16 67 17 9 19 36 18 10 48 4
6 29 40 69 10 69 48 71 3 35 47 39 40 71 37 31 42 66 59 63 24 27 42 9 66 29
4862 4898 7 31 69 68 40 3 58 19 2 29 19 24 63 66 62 58 54 69 46 24 23 37 44 55
1627 2086 37 62 22 24 9 50 17 3 67 56 33 41 9 53 44 19 52 6 41 50 52 22 33 51
3489 3489 35 41 16 52 69 19 9 14 19 42 71 71 14 37 23 60 61 29 70 40 63 42 66 50
447 470 47 7 58 48 30 67 60 18 28 57 53 43 9 13 47 17 55 19 38 24 52 34 37 8
4295 4315 20 1 63 14 18 46 67 33 44 12 57 3 70 52 62 32 14 67 33 16 63 69 22 34
24 2282 36 51 69 56 4 19 30 50 4 53 48 8 43 40 14 31 3 19 23 0 48 62 14 56
1687 1687 35 51 17 67 36 4 42 67 19 8 47 64 43 2 12 55 18 18 44 32 13 45 12 52
1109 1127 45 8 57 37 45 29 55 51 52 49 38 52 69 35 42 12 40 45 23 58 17 45 16 18
861 865 3 50 29 0 20 18 45 64 49 30 12 68 9 54 55 30 50 30 36 40 4 1 47 24
2655 4832 46 2 69 18 8 53 48 13 29 66 23 65 31 17 34 23 62 44 67 42 57 61 1 12
1017 1017 50 8 24 10 64 60 62 30 32 44 8 10 12 52 50 22 62 28 50 4 12 10 16 68
3070 3084 70 57 70 28 15 44 33 20 71 58 66 71 0 67 29 59 19 11 29 22 51 45 27 35
1439 1450 70 56 48 20 64 48 18 22 2 36 30 64 70 32 30 52 32 70 46 20 62 20 70 58
1340 2916 56 1 55 47 14 1 32 6 63 54 35 47 63 51 31 3 18 57 48 1 62 66 13 54
3963 3963 30 24 68 64 8 36 12 22 34 56 70 16 54 24 40 62 0 0 62 36 6 30 34 44
3265 3265 18 39 24 49 43 10 61 30 4 28 69 11 2 5 9 57 21 60 24 34 71 34 24 38
4678 4722 67 46 63 19 21 35 12 53 50 52 15 30 9 66 44 8 26 50 37 45 34 29 32 45
339 409 12 24 44 34 70 66 8 24 12 52 32 8 34 48 44 2 32 26 2 26 48 28 48 60
4763 4763 51 7 58 0 36 48 22 42 45 59 35 9 39 0 0 10 69 52 43 2 32 66 55 17
2539 2539 43 13 8 29 66 14 18 11 39 56 13 2 6 34 8 58 47 2 5 16 4 42 18 57
1895 1913 8 30 34 60 48 4 56 31 60 2 56 35 27 47 48 20 31 43 48 16 40 54 52 3
2222 3270 12 35 3 54 34 5 61 68 60 47 9 8 26 11 3 31 39 60 15 64 24 51 70 66
4123 4123 0 0 0 0 0 0 0 0 0 0 0 0 0 0 0 0 0 0 0 0 0 0 0 0
1178 1186 16 6 46 0 12 10 20 54 40 12 52 10 70 6 46 6 46 54 4 32 20 54 70 22
3358 3402 43 13 71 64 35 0 33 51 6 18 13 49 62 65 54 6 32 56 48 36 60 25 65 70
88 104 52 26 2 5 8 17 35 43 58 36 17 51 41 29 29 37 15 37 37 8 53 52 10 19
2551 2551 0 0 0 0 0 0 0 0 0 0 0 0 0 0 0 0 0 0 0 0 0 0 0 0
4718 4736 46 60 0 45 62 10 66 68 24 70 1 70 63 64 43 50 9 16 67 35 68 16 13 66
444 478 22 58 16 32 48 10 34 56 42 6 66 32 32 58 30 12 18 46 44 24 24 34 44 32
1350 2451 22 32 10 0 49 38 33 29 70 39 18 71 20 60 42 13 0 30 9 51 21 64 54 19
4856 4856 0 0 0 0 0 0 0 0 0 0 0 0 0 0 0 0 0 0 0 0 0 0 0 0
857 859 13 18 6 21 59 15 53 19 68 64 1 4 8 49 45 27 62 19 40 52 70 50 52 26
841 850 1 1 6 45 18 62 55 43 2 47 27 43 17 9 59 4 16 55 37 17 28 3 47 41
360 3576 62 41 63 44 54 5 38 11 14 54 28 11 15 18 25 67 52 25 70 36 2 33 68 66
2803 2803 65 32 16 21 49 43 22 69 20 3 42 8 37 29 36 43 37 54 8 29 16 0 52 64
4924 4932 70 48 56 12 22 68 30 36 46 60 28 4 2 56 54 60 50 40 42 16 58 44 12 10
863 876 52 45 20 3 70 58 22 23 53 46 63 16 49 32 49 6 50 22 65 64 46 6 39 8
639 3389 14 59 37 16 50 18 8 61 45 58 13 68 68 0 15 58 28 33 6 22 54 6 55 4
1646 1646 50 5 45 1 70 22 13 71 30 44 14 55 22 37 9 24 1 53 9 33 60 23 32 42
3920 3922 63 65 1 29 53 21 8 70 62 66 41 39 3 66 20 47 3 52 18 15 33 58 70 13
2533 2549 4 17 26 41 42 42 48 67 51 24 12 48 36 29 19 36 27 30 6 22 26 0 43 57
201 2345 41 38 10 12 21 16 2 5 16 36 32 12 46 5 1 71 20 48 8 44 9 49 7 9
131 131 16 34 40 37 12 46 45 63 37 21 60 31 58 39 42 43 24 63 37 28 60 25 8 30
4074 4078 42 20 67 65 14 12 62 29 68 25 61 62 71 31 20 55 12 7 36 6 69 57 66 7
4107 4111 25 61 65 37 18 19 65 56 7 45 19 22 11 29 8 64 3 59 51 59 19 63 13 70
962 3264 9 55 35 57 10 50 9 30 44 68 61 53 33 28 44 66 4 41 65 57 43 55 26 71
917 917 45 0 54 45 27 54 36 54 36 45 18 18 18 63 27 0 45 27 45 9 9 45 36 36
855 860 59 67 29 40 50 50 15 70 68 8 38 46 40 52 4 36 48 54 11 4 41 17 42 70
648 659 16 31 71 36 1 50 21 18 58 23 25 13 16 20 29 63 2 0 3 14 12 25 20 52
1466 4863 44 66 41 44 5 61 21 20 7 37 42 56 32 29 56 17 1 33 69 51 62 67 45 31
2521 2521 0 0 0 0 0 0 0 0 0 0 0 0 0 0 0 0 0 0 0 0 0 0 0 0
387 403 19 47 68 36 55 29 22 8 29 21 12 34 38 8 29 34 16 24 63 53 2 52 44 19
154 158 51 65 22 55 51 11 31 59 23 57 29 32 59 57 22 40 37 28 65 45 47 11 51 58
480 829 56 7 24 54 61 64 54 55 60 57 51 71 31 45 2 37 35 3 23 44 59 46 65 22
2537 2537 0 9 0 27 36 9 36 45 63 54 9 9 0 9 45 0 45 54 27 63 9 45 0 0
272 288 38 42 28 12 64 11 13 26 6 19 0 47 8 16 0 44 39 50 38 2 49 16 52 7
4551 4560 30 12 43 66 3 28 53 38 12 61 40 66 27 71 24 65 50 29 52 10 3 48 6 11
815 1374 71 31 1 8 43 34 71 2 44 69 37 7 41 31 4 63 71 46 31 29 1 39 10 28
2045 2045 50 54 12 10 36 52 60 66 48 52 30 44 62 48 2 32 6 16 20 34 36 10 44 56
1930 1930 48 24 48 48 48 0 48 48 48 48 0 24 24 0 24 0 48 24 48 0 24 48 24 48
1931 1948 21 28 60 71 22 19 41 50 13 37 28 37 37 57 69 52 60 43 65 10 69 32 34 66
1258 4316 14 14 8 70 51 69 14 59 45 65 20 57 0 28 65 71 62 44 13 16 34 44 71 25
898 898 52 37 37 4 66 2 32 34 55 47 24 19 70 51 15 65 25 56 33 35 24 49 29 70
676 689 51 40 21 1 65 9 43 16 20 58 5 11 59 9 36 71 47 25 59 19 68 45 52 53
3660 3696 56 40 66 38 40 13 40 27 45 4 38 51 38 48 42 49 55 19 29 5 29 20 17 62
2771 3259 10 31 57 37 19 47 30 53 70 1 66 51 63 64 58 46 45 35 35 64 57 54 17 53
4622 4622 34 6 40 26 12 31 63 36 13 27 41 68 24 59 19 22 58 48 44 32 69 6 15 66
4690 4709 6 1 38 57 10 52 37 41 68 20 44 29 29 0 61 30 70 36 64 61 5 46 70 42
2624 2655 23 5 37 63 48 20 3 9 27 28 42 25 2 52 2 46 69 31 71 35 56 36 31 7
276 534 26 61 41 56 29 11 3 53 51 34 36 32 27 40 12 19 8 26 64 65 66 20 9 17
2776 2776 0 0 0 0 0 0 0 0 0 0 0 0 0 0 0 0 0 0 0 0 0 0 0 0
3962 3980 40 67 19 2 54 18 18 33 39 2 14 64 65 1 40 45 61 49 16 8 68 33 44 60
2089 2106 48 12 24 12 39 45 15 30 3 18 69 12 3 66 6 0 42 36 57 63 21 33 6 6
1164 1692 59 59 47 17 51 20 16 59 38 4 61 17 6 0 19 64 46 25 2 46 32 49 42 29
1366 1366 32 48 40 32 24 8 56 48 32 16 64 0 64 24 24 48 0 56 56 64 48 0 0 56
1576 1576 36 54 36 18 18 0 36 54 18 0 54 36 36 18 36 18 18 18 0 54 36 0 36 18
158 192 30 55 13 44 46 12 21 45 69 39 36 52 9 59 26 63 63 38 4 67 11 21 47 65
375 1032 38 33 43 71 4 6 27 20 21 9 53 41 45 57 24 21 45 8 41 14 9 67 6 16
4438 4438 62 65 35 5 59 43 17 61 64 31 29 63 30 18 69 2 32 50 31 35 33 41 3 22
1152 1154 48 48 48 48 0 48 0 24 48 48 48 24 48 24 48 48 24 48 24 0 48 48 48 24
1029 1066 47 10 10 38 53 65 41 4 44 60 22 18 14 33 43 69 27 45 28 26 14 1 21 6
331 3948 3 47 6 34 39 1 59 13 43 28 9 35 37 37 36 4 18 6 32 20 1 4 50 63
1455 1455 27 27 63 18 63 45 27 45 45 0 45 36 27 36 45 63 0 27 36 63 36 18 27 63
2933 2940 55 44 54 63 22 7 28 9 10 34 48 69 56 38 55 31 29 53 9 36 58 54 63 65
68 71 57 26 2 5 9 61 30 7 19 3 64 46 26 55 46 54 33 69 57 52 38 30 42 37
12 50 17 50 29 42 67 53 58 68 63 18 26 49 10 26 66 6 0 33 25 61 70 58 26 56
4893 4893 53 20 56 61 40 71 36 55 51 7 29 13 7 60 0 1 71 6 61 64 52 46 31 37
3384 3407 37 70 62 10 59 59 61 55 38 58 22 47 54 46 62 6 55 64 2 33 62 41 23 39
1203 1239 4 69 45 23 33 70 37 23 57 15 25 25 24 0 19 69 2 26 26 66 47 49 11 34
847 1229 63 14 15 3 9 39 26 66 28 26 36 18 58 40 33 63 66 33 15 25 12 62 7 41
3229 3229 33 52 19 16 61 2 37 19 62 20 5 70 35 12 71 28 13 13 71 12 45 18 45 30
1503 1507 12 1 3 67 66 61 57 39 21 36 40 58 46 13 71 35 7 41 19 20 48 56 46 24
3238 3259 31 33 34 70 59 67 55 58 53 33 11 52 8 41 59 40 2 46 45 58 45 71 50 32
609 3018 66 24 36 18 12 36 54 6 54 24 12 60 60 24 54 36 24 36 0 36 60 0 18 18
159 159 46 2 39 5 39 58 9 2 47 58 37 49 28 51 30 51 40 44 2 26 17 33 24 61
320 325 59 61 31 43 5 37 27 31 41 35 35 19 60 28 59 36 51 67 55 8 19 64 27 33
3982 4014 54 31 10 31 61 10 54 51 50 6 10 71 9 61 41 31 29 55 15 41 53 28 19 55
1047 1236 47 22 21 46 14 31 63 40 17 8 22 59 26 49 25 46 54 42 36 69 58 48 26 22
1475 1475 20 56 15 8 32 71 29 25 68 10 60 62 15 32 31 7 67 11 63 38 18 25 29 67
4393 4416 31 36 51 2 4 36 26 68 24 59 60 58 32 42 41 23 60 17 26 60 67 29 54 50
3834 3842 8 64 64 48 24 0 40 8 8 48 16 24 32 24 64 48 56 40 48 0 56 32 32 24
278 1210 37 5 3 52 25 43 71 47 13 21 66 5 66 37 49 60 5 49 37 53 9 63 69 3
137 137 0 55 6 64 1 34 23 47 6 21 62 40 71 40 64 69 9 45 63 47 5 33 45 69
4446 4446 67 27 21 14 19 15 63 18 51 6 14 33 61 1 49 7 38 21 50 55 66 54 45 58
2729 2764 6 54 60 21 54 9 9 39 54 57 57 69 45 3 66 30 12 3 48 66 42 18 9 33
1765 1870 2 33 44 50 18 13 38 32 2 51 62 63 32 30 61 12 66 7 12 32 32 51 47 35
3113 3113 28 17 13 17 61 52 51 23 63 57 35 22 0 64 18 37 31 55 15 17 44 67 64 15
669 692 54 32 26 30 60 28 54 68 4 44 68 14 48 44 34 54 10 18 48 2 2 8 14 68
3895 3916 69 20 8 23 28 15 65 21 20 48 63 17 10 33 24 65 59 43 60 55 38 64 67 15
2446 2775 45 60 38 59 5 44 29 18 55 66 63 48 69 33 44 5 34 33 53 36 38 20 31 45
3130 3130 26 65 31 28 62 27 66 69 19 5 35 67 1 47 5 22 0 12 3 65 51 8 7 52
2677 2680 54 2 54 12 12 38 38 70 66 0 70 48 44 32 48 68 30 66 32 56 70 34 42 50
3716 3736 61 53 18 1 31 24 0 35 71 40 30 28 42 39 32 0 69 6 14 40 43 32 21 28
1134 1760 67 50 39 62 13 31 15 58 32 71 1 50 18 56 54 9 65 41 67 8 7 66 9 63
2493 2493 48 64 40 48 8 16 16 56 32 48 64 48 40 32 32 56 56 48 0 0 48 64 64 40
826 836 34 45 70 27 43 38 42 36 12 70 58 47 51 11 54 7 33 13 32 5 55 40 6 38
718 748 35 44 33 14 59 22 15 63 11 42 40 62 67 48 48 13 32 46 12 44 11 26 61 10
722 2474 60 71 33 21 63 40 70 32 9 54 34 36 10 71 26 43 36 63 38 25 69 54 54 40
527 527 22 48 28 26 68 22 58 60 6 52 62 28 20 50 18 36 10 10 68 30 62 6 14 4
1957 1971 12 20 54 29 31 69 53 40 3 71 34 42 10 36 67 70 13 12 71 27 66 66 51 28
32 63 11 31 26 39 11 15 64 65 58 1 51 38 36 10 16 52 9 64 15 34 39 57 64 59
428 3628 62 11 31 1 57 38 56 1 57 62 9 2 68 57 8 52 34 5 44 17 26 44 44 28
480 480 24 36 64 28 4 18 64 66 6 38 70 30 58 34 16 16 8 64 70 0 60 54 42 14
3413 3420 43 12 32 39 20 27 16 61 28 12 30 22 47 71 47 39 65 29 34 67 36 68 18 0
1868 1899 25 65 4 42 19 25 7 5 18 29 24 48 11 35 34 13 31 48 0 68 39 69 31 60
1707 3365 19 5 39 20 8 69 37 55 41 40 63 65 27 17 44 30 10 43 34 44 37 32 43 6
2788 2788 8 48 44 56 8 4 56 60 8 0 56 60 48 12 16 8 52 8 0 4 20 4 40 44
4676 4677 64 33 18 36 57 67 7 35 20 67 25 48 4 67 30 15 35 69 17 67 47 21 31 15
2077 2092 48 11 35 57 66 11 49 33 36 36 66 6 26 2 53 52 46 54 27 60 55 29 66 7
2266 3133 26 42 26 26 19 17 70 9 49 28 5 7 34 16 10 47 67 54 16 62 71 50 29 45
3066 3066 2 42 34 54 14 42 42 32 64 28 14 34 38 60 6 68 62 16 28 10 60 70 48 32
3982 3995 0 20 70 5 22 8 40 41 6 59 51 24 55 15 33 4 50 59 9 30 20 67 0 48
2522 2569 35 17 23 16 36 3 59 4 27 43 23 67 61 6 64 14 65 49 61 42 60 48 50 63
2720 3998 27 67 3 18 7 5 69 29 11 12 38 42 29 36 29 69 43 9 51 54 38 34 3 6
4072 4072 54 36 18 18 18 9 27 54 0 9 63 9 9 0 27 45 63 9 0 27 63 63 27 0
244 251 53 63 25 17 44 15 3 52 68 68 2 64 69 30 6 16 29 5 20 3 15 20 38 31
970 1001 38 3 28 14 10 32 15 10 64 12 16 47 59 16 10 52 8 60 17 40 47 39 21 34
106 1987 5 52 30 8 14 0 68 47 54 7 39 59 17 11 28 6 69 39 56 21 46 30 23 57
1113 1113 64 24 32 64 32 8 56 56 16 0 56 16 32 64 40 32 16 40 56 64 0 56 56 56
1669 1673 54 54 66 16 51 51 65 7 60 54 51 17 53 69 7 32 42 4 2 7 56 53 35 0
139 146 0 48 48 24 0 24 24 0 0 48 0 0 24 0 24 24 0 48 48 48 24 24 0 24
1683 2153 66 55 41 59 14 14 10 22 46 53 15 18 30 64 43 66 45 71 53 20 23 68 9 36
3260 3260 0 0 0 0 0 0 0 0 0 0 0 0 0 0 0 0 0 0 0 0 0 0 0 0
2160 2178 18 50 0 32 64 14 52 62 30 22 34 8 44 26 44 30 34 28 60 44 28 40 42 66
1339 1363 47 40 56 43 17 28 54 54 24 6 25 29 46 0 70 6 1 39 53 53 7 31 63 45
156 619 69 28 41 10 60 5 24 4 63 31 54 50 25 15 10 58 27 16 59 71 33 16 11 4
1831 1831 0 0 0 0 0 0 0 0 0 0 0 0 0 0 0 0 0 0 0 0 0 0 0 0
4401 4414 68 24 68 53 48 9 62 7 45 62 0 30 6 24 62 68 1 43 27 4 37 25 34 20
1846 1884 4 22 4 30 65 20 27 65 2 37 39 6 59 22 66 40 49 29 43 63 9 24 10 8
1329 3284 45 53 63 8 70 67 22 6 61 70 18 14 52 32 43 32 5 61 40 3 63 6 70 8
3328 3328 27 55 25 6 23 7 16 38 10 56 13 37 26 60 37 37 66 14 8 15 51 39 56 5
1263 1271 39 54 4 25 23 20 54 34 20 10 40 10 27 27 5 10 43 46 38 27 7 62 64 25
1946 1964 0 64 34 42 1 48 60 16 21 15 20 60 10 26 59 59 8 61 55 2 21 35 45 2
130 566 2 14 48 70 16 16 22 30 10 38 64 12 14 60 62 68 38 64 70 16 22 26 42 28
3290 3290 0 0 0 0 0 0 0 0 0 0 0 0 0 0 0 0 0 0 0 0 0 0 0 0
2763 2773 45 20 50 12 37 37 0 66 43 13 25 6 9 10 50 17 41 43 13 8 60 62 47 53
423 423 25 12 30 48 35 62 14 63 11 34 35 47 7 61 17 15 29 16 2 25 49 64 51 31
228 1391 23 22 15 32 2 56 61 7 22 26 51 9 3 18 10 49 15 15 40 40 64 56 46 42
2161 2161 0 0 0 0 0 0 0 0 0 0 0 0 0 0 0 0 0 0 0 0 0 0 0 0
469 473 39 16 19 28 8 58 41 64 17 69 67 47 24 38 10 5 20 68 47 66 48 57 22 19
3586 3601 33 21 23 21 51 32 41 63 71 15 10 60 70 18 15 15 49 43 8 37 6 21 37 35
750 1546 17 19 6 4 27 7 52 24 2 9 28 54 68 30 10 29 53 36 69 12 47 68 39 58
2531 2531 6 23 38 44 45 41 21 21 61 31 27 56 3 60 57 7 62 43 46 54 58 36 67 18
2591 2610 71 60 71 39 26 70 41 21 69 1 5 40 21 9 5 58 58 3 52 13 54 24 27 35
4741 4751 48 47 64 43 28 69 17 63 56 30 7 33 65 54 30 70 55 53 47 51 24 70 51 9
47 76 27 0 54 18 9 27 63 36 63 45 45 9 54 18 9 9 18 27 18 27 9 54 54 9
700 700 36 36 36 36 36 36 36 0 0 0 36 36 36 0 36 0 36 0 0 36 36 0 0 0
2863 2883 52 58 32 55 44 39 34 28 34 71 61 34 30 50 23 10 36 3 68 24 40 1 35 0
3060 3097 32 22 36 55 41 21 53 52 0 48 36 2 17 47 38 64 0 60 32 58 31 5 35 28
1428 1628 28 4 30 62 32 66 22 34 14 12 26 10 44 64 44 2 42 48 62 12 50 10 4 26
4790 4790 0 0 0 0 0 0 0 0 0 0 0 0 0 0 0 0 0 0 0 0 0 0 0 0
3445 3462 2 48 45 44 9 48 51 68 1 51 65 13 29 60 61 34 41 7 67 53 42 68 54 46
1157 1169 25 38 8 28 46 51 37 17 58 64 64 1 40 58 15 20 15 18 18 62 67 46 44 61
1593 3052 8 56 12 12 52 40 40 56 64 32 8 64 0 16 40 0 24 32 28 48 64 52 68 0
1994 1994 56 61 26 51 1 41 70 52 6 18 50 64 2 10 8 48 27 30 47 6 5 36 0 32
4145 4165 24 46 43 65 44 68 1 32 6 66 36 12 4 58 65 40 21 34 21 10 20 24 64 23
27 44 71 2 35 50 41 56 26 64 6 62 4 35 4 10 30 25 36 16 17 14 71 20 56 69
1062 4063 32 24 37 58 19 7 8 61 49 17 71 40 70 57 28 61 16 21 59 31 38 12 22 7
283 283 0 0 0 0 0 0 0 0 0 0 0 0 0 0 0 0 0 0 0 0 0 0 0 0
2795 2804 59 13 12 35 37 13 64 41 34 51 6 14 45 36 20 32 62 62 42 26 40 35 49 1
1 4 69 0 40 59 6 22 7 15 40 71 52 71 6 62 63 48 64 70 55 32 59 39 13 36
1734 1904 34 19 4 7 22 49 58 7 40 9 60 45 33 1 51 8 36 2 30 60 60 59 43 15
2444 2444 45 14 22 13 34 49 27 35 32 43 18 14 5 32 20 38 70 58 7 70 50 58 56 67
1347 1367 24 66 65 64 65 39 7 50 47 10 67 19 31 65 33 68 37 31 62 50 27 23 31 48
2421 2449 7 48 14 24 35 24 54 52 50 56 1 1 29 51 71 19 44 55 45 42 29 33 57 65
408 3987 7 55 11 51 19 68 23 8 70 53 50 71 7 17 42 21 55 29 54 53 24 45 23 50
3518 3518 0 0 0 0 0 0 0 0 0 0 0 0 0 0 0 0 0 0 0 0 0 0 0 0
1340 1347 39 9 11 53 47 28 1 18 56 70 60 4 70 24 47 42 61 46 52 63 8 15 64 50
4404 4404 18 53 50 51 37 13 61 34 53 24 70 17 55 5 33 55 60 58 45 3 19 41 38 6
1991 4486 69 71 52 67 44 58 55 64 29 58 55 61 62 9 19 30 4 67 58 8 71 13 55 56
1497 1497 0 32 16 56 64 16 64 24 40 24 0 56 64 56 40 32 32 0 56 40 32 0 64 56
4759 4764 48 34 32 15 67 58 47 20 64 19 24 33 54 30 33 69 12 27 62 2 22 8 10 19
823 825 0 26 0 14 54 6 58 30 8 2 24 20 36 40 0 14 58 16 4 52 6 62 16 14
1553 1959 27 0 0 25 43 62 69 44 68 35 39 60 44 55 28 41 27 9 38 41 0 17 21 57
1818 1818 66 24 5 9 37 56 28 26 54 43 24 31 65 0 37 44 38 43 29 46 62 60 65 67
2294 2313 53 48 63 68 70 24 16 9 2 21 50 26 6 31 27 49 43 54 29 66 52 41 57 51
1102 1111 56 53 61 50 12 71 17 36 6 13 40 24 37 23 58 59 5 54 49 2 53 14 0 56
1569 3368 22 29 23 36 29 17 27 28 39 55 29 3 53 7 8 64 71 66 18 6 47 26 46 1
4556 4556 0 0 0 0 0 0 0 0 0 0 0 0 0 0 0 0 0 0 0 0 0 0 0 0
3325 3328 18 54 0 36 36 36 18 36 36 36 36 18 54 36 18 0 18 0 36 0 36 18 18 18
192 229 71 24 28 64 22 22 26 6 4 47 64 10 50 14 25 8 19 19 69 21 32 8 39 35
1312 3833 14 21 61 1 40 20 23 49 37 44 56 60 45 57 68 22 24 37 35 25 17 48 33 27
4784 4784 0 0 0 0 0 0 0 0 0 0 0 0 0 0 0 0 0 0 0 0 0 0 0 0
4744 4756 8 0 4 16 54 38 24 58 6 0 44 56 26 70 52 34 0 36 66 18 20 20 10 0
4260 4277 13 39 35 24 13 66 67 14 62 68 0 62 67 11 4 55 4 9 69 49 52 21 30 41
157 2278 56 56 8 32 40 43 57 56 31 39 5 30 15 0 34 45 48 53 57 8 44 13 28 51
2709 2709 25 51 58 12 3 51 10 62 8 36 13 62 29 32 50 59 56 37 4 7 28 55 13 30
4005 4005 8 56 0 68 56 52 24 24 64 56 28 68 64 64 32 68 48 20 28 44 32 56 28 20
362 402 62 32 20 27 59 38 22 69 61 11 11 41 35 60 12 63 18 34 61 13 70 37 65 4
37 296 21 67 59 31 62 45 2 13 18 53 56 43 66 65 66 11 16 2 8 1 23 3 12 34
3056 3056 69 14 52 32 44 29 8 60 28 44 54 0 33 34 12 70 21 10 6 56 39 0 41 67
685 707 19 45 24 43 70 63 28 39 69 28 58 38 52 29 12 54 64 37 64 12 5 59 32 64
485 496 62 28 38 36 28 24 32 60 68 44 64 18 56 6 38 36 12 70 48 30 54 42 64 50
601 1589 8 49 41 64 59 4 28 2 35 0 45 20 11 55 46 71 70 51 19 15 25 24 20 0
57 57 60 60 12 24 36 12 42 0 48 24 54 18 30 48 24 24 66 42 18 60 30 48 42 6
870 883 25 19 41 25 29 12 2 31 5 43 14 38 0 62 71 66 62 65 64 50 60 25 9 2
149 186 67 62 36 4 55 14 67 22 48 64 38 24 13 19 17 10 52 36 3 35 0 47 58 47
2493 2537 41 68 30 41 63 8 34 71 8 56 6 63 6 45 66 38 32 2 39 6 54 53 49 43
3348 3348 38 48 40 57 21 21 48 44 42 6 47 32 46 41 21 2 55 42 7 1 47 30 3 16
4254 4255 10 7 3 62 33 45 53 43 41 58 32 39 67 23 48 38 25 62 71 18 60 22 23 24
1216 1251 52 51 40 13 62 1 30 11 33 56 34 6 44 21 12 54 29 63 13 43 14 35 57 67
1760 2823 13 44 36 46 69 25 40 57 34 34 58 1 50 25 44 24 48 0 45 31 38 65 19 41
445 445 0 0 0 0 0 0 0 0 0 0 0 0 0 0 0 0 0 0 0 0 0 0 0 0
1575 1591 62 60 8 12 30 32 68 18 54 44 36 32 56 10 34 24 56 66 60 36 70 40 68 48
4744 4777 29 51 6 22 16 15 71 35 0 18 60 10 42 51 15 37 30 16 5 60 51 26 30 45
1848 2702 69 23 50 33 54 14 33 48 9 9 28 49 9 25 13 38 10 0 36 51 42 14 39 61
3133 3133 12 30 45 8 43 48 42 52 21 30 10 55 33 22 35 54 60 16 71 3 45 5 68 55
583 590 40 48 32 40 8 0 56 40 32 0 16 24 64 8 32 48 64 16 48 32 16 24 8 24
812 816 27 18 27 54 27 54 9 63 36 0 27 27 27 54 0 9 27 63 0 18 36 27 27 63
1013 2242 47 65 21 4 3 9 56 33 18 65 71 54 53 18 43 20 27 56 27 62 59 59 29 11
3794 3794 27 7 61 14 63 9 51 60 20 31 58 66 36 63 56 29 19 53 14 38 25 6 44 61
1334 1340 24 34 58 54 6 69 45 52 10 49 64 50 8 7 20 63 70 17 31 13 34 66 56 44
3832 3879 10 58 61 3 52 66 61 14 43 38 62 54 68 9 28 34 70 61 31 8 14 26 14 38
552 1397 28 55 61 68 42 23 38 50 13 12 57 25 43 39 59 5 5 29 27 56 41 24 15 55
951 951 21 70 64 47 62 19 14 37 56 9 32 34 7 5 50 31 66 23 40 36 14 55 29 36
4814 4825 17 5 48 40 27 32 8 13 19 63 3 20 49 37 53 9 70 63 8 63 10 8 31 10
2353 2380 42 30 34 44 5 37 36 17 49 49 24 7 61 55 23 4 55 36 22 51 15 62 45 56
4584 4895 12 30 27 2 30 66 63 71 21 34 59 19 67 25 29 9 31 36 28 39 39 31 40 36
3687 3687 61 23 58 65 44 31 30 69 51 56 70 31 61 37 56 24 25 6 37 3 15 23 45 71
2091 2110 52 22 53 19 21 49 10 17 51 70 37 25 57 41 25 44 45 61 4 32 0 59 25 43
1593 1596 32 3 27 12 12 41 11 16 8 50 59 15 28 62 45 39 21 58 60 70 52 19 50 31
665 882 12 61 20 16 37 59 52 7 44 42 5 61 40 39 64 36 68 31 41 50 21 68 67 48
4501 4501 0 0 0 0 0 0 0 0 0 0 0 0 0 0 0 0 0 0 0 0 0 0 0 0
2875 2879 22 71 29 29 18 40 31 47 45 30 8 0 65 6 0 13 52 44 53 18 22 12 1 55
4280 4284 2 57 1 12 68 61 34 49 12 36 58 4 51 61 47 3 19 31 62 35 8 15 32 67
731 2479 10 33 54 15 18 49 66 40 3 14 19 24 3 70 38 57 67 36 42 47 37 57 23 39
2206 2206 59 49 53 13 42 2 50 26 17 44 19 17 3 26 62 59 60 7 10 35 40 68 19 25
4306 4309 25 22 29 23 2 13 65 51 36 61 4 24 8 7 26 24 16 50 56 23 67 10 25 32
1929 1945 48 66 39 27 63 69 69 63 63 21 24 15 3 54 66 63 66 54 21 33 63 9 18 9
1991 3499 13 60 31 57 44 26 54 10 32 25 2 10 47 56 35 25 3 67 10 42 67 22 53 56
1640 1640 70 1 62 42 34 11 61 50 55 29 8 32 53 12 16 3 23 16 66 5 0 66 71 47
2636 2639 3 21 14 44 38 23 11 18 44 70 33 71 44 67 6 37 32 24 17 24 28 38 65 36
915 920 47 26 71 53 59 49 8 3 7 58 1 13 9 7 58 34 25 36 6 6 55 16 46 40
1793 4473 29 3 15 4 0 55 35 63 33 52 25 48 65 33 20 49 19 21 18 64 64 46 54 57
2200 2200 37 61 15 43 26 40 36 16 21 69 17 69 67 46 53 14 8 47 26 50 6 11 43 24
1950 1960 1 15 15 14 58 34 68 62 2 6 55 62 24 42 65 31 38 66 3 3 33 69 15 15
2277 2306 6 12 30 39 54 18 27 24 60 42 42 39 45 9 21 27 69 57 45 9 39 69 51 36
2342 4334 65 4 59 22 64 48 71 63 19 66 7 1 19 37 65 29 45 49 39 11 29 15 66 56
1654 1654 62 24 55 71 62 10 63 46 11 40 62 8 70 21 11 14 51 31 39 6 56 41 35 46
86 101 43 34 48 45 20 49 54 15 45 51 33 3 61 62 12 39 1 7 0 65 12 12 22 37
3142 3173 32 27 64 62 44 25 20 41 60 13 4 70 0 25 36 9 0 27 65 39 10 36 25 24
1992 3033 1 45 40 44 64 68 59 39 57 19 44 45 70 22 48 48 57 16 56 3 34 41 50 67
230 230 0 0 0 0 0 0 0 0 0 0 0 0 0 0 0 0 0 0 0 0 0 0 0 0
1305 1309 12 63 55 65 26 6 63 61 50 65 56 42 39 40 15 36 18 13 58 5 30 38 8 7
4227 4262 25 34 10 1 36 61 22 54 36 66 3 60 53 14 31 37 18 1 41 6 4 17 70 42
978 2746 2 16 49 5 26 3 69 55 30 1 21 12 1 27 59 49 5 40 65 34 7 58 42 36
1617 1617 19 62 4 69 7 1 43 25 59 39 25 33 66 6 34 42 16 38 2 12 20 31 31 55
3037 3060 0 24 20 61 63 69 55 17 36 66 67 14 14 43 44 3 61 47 35 16 69 5 8 54
965 1012 37 31 46 52 28 50 64 56 11 71 8 37 50 10 63 27 26 21 25 8 55 46 68 45
3695 4268 62 10 6 54 16 70 32 30 4 20 46 18 10 52 16 66 56 56 60 24 20 34 32 26
1599 1599 24 51 21 12 21 27 6 36 9 27 30 63 18 42 9 24 54 42 42 36 30 48 33 51
4494 4513 32 28 31 51 62 59 9 65 70 30 34 5 30 70 24 7 11 38 25 28 63 7 30 65
2771 2799 30 32 17 65 60 21 1 14 33 53 65 57 56 67 10 32 64 26 45 43 28 13 4 18
36 611 26 7 20 57 67 33 55 2 19 26 8 53 11 45 45 53 67 5 36 50 59 51 33 33
4894 4894 18 54 54 36 54 54 18 0 0 54 18 18 18 36 36 18 18 18 54 18 18 54 54 36
1155 1161 52 38 50 24 52 44 16 24 0 4 28 12 56 20 14 26 70 8 4 62 54 50 42 18
1704 1733 0 0 32 40 8 32 48 40 40 16 56 0 24 16 32 24 0 24 56 24 16 64 40 24
1546 3492 29 38 47 22 33 42 16 58 10 66 22 63 41 1 33 66 68 34 29 65 47 34 67 28
2970 2970 1 68 2 45 9 2 17 33 16 69 48 33 8 21 38 41 54 56 49 19 39 20 41 42
215 232 40 20 0 3 0 42 71 11 0 15 67 43 62 34 63 30 71 33 6 22 27 36 53 70
2565 2606 58 35 49 20 26 21 7 69 66 23 19 15 49 38 4 62 62 31 56 33 41 42 0 40
399 505 54 36 0 18 18 54 18 54 54 18 0 0 36 36 36 0 36 18 18 0 36 54 18 0
2417 2417 3 51 36 39 6 39 51 18 45 0 18 9 21 24 36 48 18 12 15 66 66 60 9 18
2765 2770 32 10 27 39 45 59 16 16 50 5 0 35 8 53 21 26 68 34 38 1 66 70 2 16
1770 1813 15 54 37 22 25 55 47 53 62 56 3 41 27 21 17 32 26 34 12 29 54 39 8 50
100 1088 34 49 52 60 0 11 22 25 62 48 39 44 54 61 49 0 22 57 8 14 39 19 35 5
1525 1525 62 71 3 39 44 56 67 24 25 54 57 9 66 68 52 43 14 49 50 64 22 2 47 31
1749 1752 20 10 22 28 57 47 6 23 13 30 35 53 41 9 31 2 12 67 71 52 53 49 63 42
3542 3568 25 12 6 37 5 45 51 28 51 3 50 34 44 21 49 38 45 45 60 24 53 21 19 65
834 3293 47 12 29 47 14 44 58 68 9 53 49 59 26 29 2 14 57 14 68 65 63 8 69 56
1467 1467 39 69 54 55 64 11 29 66 1 12 18 35 66 70 30 28 42 42 60 13 51 71 18 54
1231 1231 0 0 0 0 0 0 0 0 0 0 0 0 0 0 0 0 0 0 0 0 0 0 0 0
2021 2066 61 37 2 10 10 63 62 12 2 40 9 45 4 41 56 35 6 36 50 21 0 8 35 56
554 2523 37 31 32 46 35 67 29 21 70 63 47 21 68 23 44 40 11 54 43 61 51 22 65 3
2512 2512 68 61 22 26 23 38 16 1 67 59 10 31 46 56 2 28 67 7 44 34 16 49 12 30
1794 1814 60 13 43 20 59 21 40 47 53 22 66 25 44 18 19 60 29 71 45 68 47 23 53 62
709 731 0 40 44 44 58 44 44 49 7 40 2 32 3 2 67 14 15 19 9 5 34 53 2 60
749 814 3 8 62 9 66 57 43 43 18 6 38 37 65 28 5 1 18 17 4 3 66 21 42 45
2446 2446 1 45 26 33 53 16 41 54 28 43 29 46 1 29 67 29 6 43 21 6 4 45 15 8
1169 1174 6 5 62 1 20 26 1 15 1 33 37 20 44 30 11 5 48 20 9 21 1 63 60 66
1517 1545 8 57 51 69 58 29 39 45 27 6 55 71 30 45 68 20 15 16 8 19 25 66 1 5
26 1905 12 53 64 1 29 24 30 17 46 68 8 3 64 39 32 15 52 5 19 52 64 18 37 55
3618 3618 37 42 59 71 12 43 61 47 65 61 59 65 34 55 54 46 63 43 18 24 57 40 34 23
3524 3547 28 71 39 15 57 9 24 5 65 11 16 4 61 3 66 28 6 44 51 31 16 28 14 51
2613 2656 54 36 17 13 44 31 53 38 60 33 23 28 40 40 10 66 38 0 21 52 8 62 4 62
2256 3752 42 18 68 59 55 14 3 62 44 39 28 15 21 18 20 66 69 35 28 69 20 5 17 40
4235 4235 48 0 8 15 36 26 20 30 19 69 69 42 12 59 26 66 2 42 60 27 29 66 20 62
3958 3977 10 64 38 0 42 6 14 32 38 14 36 42 28 16 64 28 26 62 62 18 40 48 42 66
711 731 6 11 69 16 58 44 24 53 22 20 7 64 35 51 17 11 37 62 56 22 38 33 64 29
1340 3171 53 35 30 44 3 47 60 36 10 65 20 46 36 14 66 45 33 52 65 28 11 12 47 22
14 14 9 14 27 35 53 67 18 14 7 41 16 17 4 50 24 56 13 45 43 1 65 45 50 61
576 576 18 2 66 30 26 34 36 52 16 42 70 64 44 48 42 44 46 36 32 40 26 2 44 48
2844 2844 65 48 7 70 16 45 69 61 42 42 61 11 52 14 11 0 46 54 40 68 18 56 17 6
554 1094 32 11 25 1 48 30 69 8 60 55 58 50 69 57 24 11 7 67 0 1 43 5 52 45
2784 2784 1 55 71 24 47 34 25 48 64 43 15 25 4 24 63 17 37 55 51 42 58 71 10 55
2723 2745 22 45 14 49 36 43 10 66 65 65 62 71 65 61 4 41 13 11 22 70 56 7 31 56
2187 2191 53 3 5 0 47 21 55 41 26 69 1 3 65 1 2 14 20 1 53 8 2 22 41 41
702 1603 57 34 18 17 26 64 68 42 23 50 71 70 11 63 51 63 66 59 70 58 62 53 61 67
4516 4516 54 24 60 30 12 48 60 6 18 54 36 6 18 36 6 66 0 18 24 18 36 18 12 60
3870 3872 0 0 0 0 0 0 0 0 0 0 0 0 0 0 0 0 0 0 0 0 0 0 0 0
1832 1856 16 30 13 32 32 4 2 22 55 63 67 56 23 16 20 27 71 9 61 45 57 26 26 20
350 4422 44 1 51 13 50 5 53 7 30 7 30 36 39 50 4 5 35 50 28 41 57 17 68 31
3450 3450 32 71 2 5 24 14 20 29 3 43 7 53 64 60 50 30 71 9 18 51 68 11 38 2
1804 1807 11 51 69 17 43 26 70 28 69 67 0 65 47 57 56 71 31 34 62 34 69 32 17 11
3332 3363 55 25 7 14 33 28 39 29 63 62 44 18 16 53 7 30 50 50 50 20 33 15 33 63
1532 2115 18 6 5 21 55 37 33 6 31 61 10 53 6 24 60 23 47 43 40 33 3 19 68 25
213 213 65 14 52 54 19 29 43 19 31 59 6 28 30 27 9 38 50 36 39 70 10 71 14 37
825 840 17 54 11 62 22 11 54 22 13 32 27 27 41 29 52 2 30 19 56 59 14 0 21 16
1119 1125 53 70 48 48 10 19 12 15 61 29 24 45 18 29 64 58 58 42 26 19 5 41 23 47
42 195 15 30 31 53 28 7 38 56 0 49 31 0 60 46 25 14 42 17 42 61 20 8 17 15
1729 1729 64 9 23 69 47 55 50 69 66 39 6 57 28 16 52 32 19 46 50 61 40 63 7 49
811 819 36 13 17 69 71 19 2 51 41 11 25 16 26 13 0 49 59 48 9 29 62 2 17 37
4833 4861 54 8 42 59 18 71 61 21 56 15 10 52 43 71 51 6 22 22 37 38 47 64 61 37
392 462 70 57 29 23 33 9 50 16 3 57 9 26 2 44 44 24 25 27 64 11 71 17 67 42
3961 3961 62 67 20 66 45 21 69 13 37 12 20 10 17 2 2 12 18 26 8 28 71 67 23 57
2813 2833 62 64 30 20 31 10 28 68 65 45 48 54 21 51 37 56 16 59 7 68 6 56 28 61
3257 3272 24 12 0 51 9 42 27 21 36 12 51 33 66 45 0 27 45 63 66 27 9 33 42 57
1696 4421 54 11 34 11 67 48 54 8 36 46 31 8 21 4 18 6 33 32 40 34 0 40 11 53
2407 2407 71 11 38 38 65 10 4 63 28 27 54 52 29 56 34 38 52 19 46 58 53 58 44 13
1928 1949 65 64 55 37 69 69 65 6 37 22 37 28 21 40 61 11 34 0 36 24 41 0 36 28
4699 4721 62 29 32 55 28 23 71 16 49 62 42 36 10 6 26 8 71 34 51 71 6 71 44 61
3007 4901 18 30 30 20 16 36 12 63 38 51 43 69 22 71 9 13 29 32 24 71 41 14 8 45
1289 1289 42 70 36 36 10 14 38 37 45 26 47 36 27 24 45 6 53 13 48 4 38 31 39 52
2005 2028 48 22 8 0 26 34 38 50 18 36 0 4 26 56 60 34 58 50 18 62 44 14 42 0
398 400 14 61 45 22 5 38 61 64 19 63 20 50 21 35 60 5 22 50 65 2 41 52 1 39
749 1698 67 43 19 3 60 59 26 1 9 58 50 48 8 69 5 41 56 48 21 22 54 44 63 42
349 349 0 0 0 0 0 0 0 0 0 0 0 0 0 0 0 0 0 0 0 0 0 0 0 0
4736 4746 18 33 44 27 58 67 21 32 27 58 18 66 61 65 11 52 19 60 32 71 29 35 2 3
539 580 15 46 60 61 29 7 39 15 54 34 22 62 34 13 0 63 12 69 66 32 65 54 27 19
258 483 14 31 30 23 27 42 10 1 61 41 65 42 41 21 26 55 68 58 55 24 45 52 45 33
1243 1243 56 37 19 49 29 13 48 13 53 70 61 68 67 50 48 58 52 23 60 63 55 39 31 39
4535 4548 34 25 52 5 46 56 16 22 47 44 0 4 49 65 2 0 3 58 70 27 56 13 58 51
4664 4707 61 1 18 16 21 33 3 63 52 33 63 68 6 8 57 2 42 61 34 37 48 5 71 56
126 252 5 40 61 45 57 48 65 41 47 43 7 51 55 49 5 42 65 50 66 4 68 71 22 19
4085 4085 42 64 0 53 36 55 51 63 0 28 14 7 70 50 25 22 15 56 39 51 0 14 4 66
3987 3991 30 48 45 58 48 30 46 3 28 3 56 9 70 9 24 33 62 25 39 18 57 6 44 4
4796 4835 59 16 4 27 66 26 30 32 16 67 0 59 48 61 7 45 53 42 31 41 19 11 14 65
454 456 49 15 54 40 62 3 69 9 39 55 67 3 43 54 0 69 24 8 67 28 67 33 45 19
3099 3099 49 11 6 45 63 44 18 21 59 20 25 11 20 0 21 40 71 17 56 5 24 34 8 7
949 971 37 21 51 14 32 30 32 5 63 49 27 58 36 51 29 38 45 25 58 18 50 51 55 34
3613 3623 9 6 18 71 29 6 26 39 25 2 61 29 53 39 37 68 45 43 58 58 44 33 26 47
338 3256 9 39 68 52 13 5 70 30 15 25 53 48 13 36 40 12 16 2 60 48 12 68 13 44
74 74 0 0 0 0 0 0 0 0 0 0 0 0 0 0 0 0 0 0 0 0 0 0 0 0
4318 4318 43 61 63 0 68 16 17 55 28 50 61 34 28 51 44 45 41 42 59 65 58 6 23 69
155 166 62 12 46 32 36 4 40 42 42 2 70 28 46 60 28 40 42 8 54 64 18 50 30 12
6 56 8 41 6 58 39 27 23 36 1 22 53 67 7 60 5 71 38 4 18 55 21 38 50 2
4143 4143 51 46 43 21 36 13 23 36 18 38 3 5 33 27 41 54 57 43 55 54 45 57 45 69
1305 1314 68 12 6 32 63 10 21 10 42 49 1 31 30 61 69 24 60 10 34 4 9 42 19 18
2437 2474 26 55 57 59 1 26 25 3 35 66 1 34 25 22 20 13 20 51 39 23 31 27 4 31
3708 4355 55 2 46 25 19 54 66 51 52 26 3 19 27 21 54 58 63 58 46 63 32 71 53 31
2861 2861 54 18 54 0 18 54 54 54 36 0 18 36 0 36 18 0 54 36 0 18 0 18 36 0
3780 3796 55 13 66 38 39 5 63 52 56 8 12 40 12 45 11 25 2 69 2 32 55 14 69 71
3729 3738 60 63 58 69 63 13 25 15 68 16 61 26 40 12 35 47 63 1 21 41 22 69 64 40
1542 3767 64 39 1 5 50 5 9 63 37 43 19 66 4 57 41 44 22 40 30 63 64 68 28 65
3652 3652 23 66 39 42 53 45 34 68 35 71 17 51 0 62 29 35 48 26 38 5 22 61 46 39
255 270 56 27 17 10 2 42 37 1 63 5 48 39 41 63 6 4 18 14 42 42 46 71 12 14
829 876 42 16 70 27 65 24 45 70 65 11 59 39 20 69 6 36 43 27 36 8 6 17 30 52
307 2148 50 6 45 66 28 29 49 23 30 34 43 26 5 49 47 65 26 11 62 22 30 28 17 39
3364 3364 19 40 16 16 64 41 1 8 38 30 25 20 61 51 0 62 15 35 24 58 16 56 22 4
3533 3551 60 29 54 5 2 15 53 54 9 54 15 71 40 8 22 10 69 5 45 9 27 3 70 6
2487 2512 7 43 13 32 18 33 28 0 21 2 57 40 64 10 47 66 67 11 18 35 22 58 24 3
229 683 67 67 33 55 1 60 65 13 56 42 66 43 38 49 16 67 36 51 47 36 10 69 65 1
2879 2879 56 24 0 0 56 48 32 56 56 8 8 56 40 48 24 56 32 40 16 24 8 16 48 48
2691 2713 41 0 61 61 50 27 62 34 12 9 44 69 55 29 36 26 59 15 8 28 14 13 56 56
4248 4272 52 4 40 47 58 70 15 32 7 11 13 31 34 57 50 1 59 6 56 61 47 18 59 64
2144 2711 32 68 17 16 23 20 51 5 65 13 71 53 64 17 5 55 0 4 71 39 27 42 13 27
4930 4930 57 0 48 54 21 66 21 18 33 66 30 42 15 24 69 6 51 24 3 60 63 18 54 51
4485 4495 12 2 50 56 50 6 46 8 42 8 66 4 52 32 2 28 58 40 36 12 16 70 70 22
4850 4857 1 48 1 69 69 64 65 46 68 46 43 54 68 1 45 48 18 16 46 55 10 69 55 55
1206 2557 65 30 43 14 50 45 44 52 24 68 6 37 55 21 41 9 34 52 64 46 64 64 17 38
4214 4214 5 38 43 40 64 65 58 7 60 53 55 47 43 29 59 42 31 52 46 43 64 43 32 46
1734 1750 24 44 49 68 47 62 60 29 6 2 41 70 29 27 4 0 36 27 27 65 43 45 49 15
1487 1499 34 19 18 5 28 59 40 47 56 69 43 69 2 5 67 46 61 56 66 62 59 21 4 44
2888 3986 40 44 69 26 18 3 37 23 0 14 71 24 54 70 20 43 5 60 39 49 5 70 12 9
4478 4478 46 67 47 60 40 23 53 14 71 17 19 29 44 48 26 17 40 29 68 53 68 28 0 32
3372 3394 37 41 12 45 26 1 12 19 33 29 42 37 47 57 55 56 68 61 4 59 1 20 11 67
2054 2060 61 13 35 71 49 4 54 30 9 27 16 33 13 40 50 35 28 13 52 29 58 2 57 57
159 2351 28 60 20 44 68 64 8 60 36 36 48 32 24 32 68 24 16 60 32 8 8 44 44 24
2998 2998 24 37 22 37 66 22 31 4 66 21 56 51 40 54 27 60 44 33 60 40 0 49 47 46
2483 2488 33 13 7 1 5 55 38 2 0 44 11 51 3 45 42 10 28 13 66 29 11 66 48 9
15 26 36 38 38 14 10 61 4 46 15 21 48 44 40 41 44 2 57 21 58 31 42 33 59 54
26 4130 9 7 1 21 49 36 8 20 13 64 69 64 19 50 26 28 70 44 4 56 58 21 5 71
1457 1457 40 57 41 61 30 25 0 14 16 31 1 46 39 5 23 70 26 15 16 56 59 69 41 28
3798 3816 17 0 31 13 22 57 67 6 28 68 49 48 44 27 1 13 22 13 56 61 24 65 48 16
1504 1541 24 26 4 48 24 39 10 11 14 71 3 58 66 49 23 6 61 54 12 47 32 34 10 5
87 234 7 47 19 16 6 69 21 70 5 20 7 13 20 35 6 61 44 30 18 50 53 34 70 38
4176 4176 0 48 64 8 50 51 68 4 58 25 68 31 19 35 70 68 14 3 39 34 19 60 68 34
2548 2568 44 44 30 0 8 58 37 4 65 63 58 12 28 24 15 48 38 57 37 66 41 70 38 48
4366 4381 16 50 11 70 31 37 37 70 45 3 43 47 8 67 16 37 50 47 12 16 20 55 35 64
554 1044 30 46 11 32 55 69 10 70 39 18 50 10 1 32 57 54 48 2 7 66 31 8 4 21
4136 4136 0 0 0 0 0 0 0 0 0 0 0 0 0 0 0 0 0 0 0 0 0 0 0 0
3623 3627 64 28 8 36 68 12 32 0 28 4 0 16 8 68 32 64 48 44 0 16 40 4 64 60
2158 2185 0 54 9 18 54 63 45 9 36 27 18 0 18 54 45 9 0 9 0 27 63 45 54 63
592 3689 61 3 9 19 55 7 44 58 59 61 5 3 37 51 38 66 68 56 50 48 5 46 1 43
3917 3917 48 38 55 30 35 15 70 70 59 54 57 55 55 65 67 49 47 34 54 12 71 62 70 41
4328 4336 13 33 66 32 27 48 66 3 34 9 53 32 47 9 13 36 25 48 70 69 38 53 16 4
2424 2461 66 41 14 69 41 12 18 50 1 21 63 23 26 39 0 50 24 31 20 18 27 54 11 42
3273 4678 4 14 61 12 17 0 5 28 22 6 61 1 0 4 25 1 70 19 28 35 22 70 27 14
3548 3548 69 64 56 3 50 29 4 35 37 5 13 27 10 39 32 32 42 11 26 5 43 18 48 15
456 479 37 56 9 2 21 36 22 51 4 33 48 42 42 33 65 11 65 18 52 26 66 51 51 28
2188 2217 26 44 17 2 9 55 41 46 28 40 5 33 24 58 52 55 55 32 39 33 15 3 26 9
27 95 56 63 51 38 71 17 11 23 49 22 47 56 51 23 61 60 61 35 54 71 64 12 46 47
1104 1104 6 31 46 10 10 48 30 26 7 28 29 62 23 8 59 9 31 46 39 61 55 11 61 63
832 833 43 5 31 38 60 3 45 59 67 29 51 15 64 17 49 0 47 56 5 40 57 35 9 70
3084 3131 13 69 35 20 67 68 59 57 58 23 21 26 13 28 8 14 35 59 31 34 4 35 6 53
150 1030 32 7 35 16 67 0 50 52 50 9 66 70 8 46 26 60 23 41 27 47 0 12 14 23
2510 2510 0 0 0 0 0 0 0 0 0 0 0 0 0 0 0 0 0 0 0 0 0 0 0 0
190 207 30 22 36 34 48 50 66 14 62 48 34 54 24 68 70 26 14 14 44 62 42 50 28 64
4484 4526 23 52 64 70 55 10 48 61 9 37 19 12 68 23 55 50 24 62 3 57 28 22 61 15
871 1921 38 15 50 15 6 45 52 49 26 62 31 27 47 49 24 41 4 33 17 4 33 22 53 50
1101 1101 36 45 24 27 39 48 66 57 63 54 15 12 30 6 42 66 63 24 42 51 48 3 51 42
2349 2372 51 14 38 63 56 42 16 15 11 13 50 17 2 33 29 64 7 2 16 35 21 28 7 61
2987 3033 35 33 26 2 31 43 5 23 50 16 25 65 11 51 23 8 40 46 67 16 44 47 26 34
513 2854 21 29 38 59 68 70 51 1 43 58 65 30 70 48 3 29 56 38 13 10 58 12 46 1
4279 4279 35 67 34 16 37 71 60 62 19 38 25 30 10 42 51 23 58 7 39 29 36 39 20 17
1942 1954 8 37 7 63 44 33 66 17 58 30 67 19 71 71 3 47 57 20 27 14 59 4 66 9
3645 3664 49 12 34 36 62 45 63 53 46 39 57 22 28 38 54 58 46 44 27 66 45 48 54 67
2727 4022 44 24 58 30 11 1 2 43 23 62 22 25 24 69 49 12 29 68 26 32 9 28 61 70
2755 2755 25 53 41 46 56 36 46 66 31 29 22 49 24 12 60 34 61 30 23 10 27 20 37 3
2739 2749 45 36 32 60 7 36 34 54 36 49 51 21 66 70 17 22 53 30 3 37 16 49 17 69
1228 1240 13 4 17 38 38 46 42 10 12 4 20 25 13 17 15 66 25 56 57 7 57 12 1 12
2453 3952 13 55 12 53 37 62 15 8 7 8 44 65 19 47 8 47 49 30 63 45 54 16 40 6
1087 1087 0 0 0 0 0 0 0 0 0 0 0 0 0 0 0 0 0 0 0 0 0 0 0 0
3526 3530 32 2 42 35 8 41 50 34 14 40 65 27 59 31 11 1 55 65 41 56 54 47 45 16
825 838 36 64 56 62 0 58 38 26 2 59 42 0 36 67 53 19 9 24 8 66 44 54 56 24
496 695 1 12 37 1 8 31 22 50 10 25 66 44 63 40 6 58 40 37 7 37 45 52 13 52
4442 4442 21 11 9 8 62 6 29 15 5 36 56 15 29 70 11 44 63 58 3 12 27 58 45 66
1704 1724 37 52 41 9 59 3 17 37 54 21 51 47 22 16 30 26 4 4 65 26 51 31 42 28
4066 4103 69 54 39 46 61 39 51 20 2 19 22 51 1 18 53 33 24 30 42 13 31 56 51 8
664 2647 23 40 2 65 59 7 23 25 27 34 0 10 52 33 29 56 62 52 32 35 36 17 51 6
95 95 14 45 58 14 31 56 12 17 17 16 61 33 47 1 50 0 33 15 63 10 34 48 41 23
4299 4307 1 4 46 70 36 59 57 1 19 31 46 44 20 56 0 59 13 55 21 66 43 46 18 28
366 410 21 69 48 66 41 10 49 28 46 1 23 13 37 55 40 43 67 21 14 26 43 23 61 9
1323 2732 54 33 36 0 69 0 18 15 42 21 9 66 42 51 18 54 9 21 12 9 42 9 69 51
115 115 0 0 0 0 0 0 0 0 0 0 0 0 0 0 0 0 0 0 0 0 0 0 0 0
1141 1141 0 0 0 0 0 0 0 0 0 0 0 0 0 0 0 0 0 0 0 0 0 0 0 0
3862 3894 58 49 9 39 26 12 3 57 71 53 29 36 47 30 39 17 51 62 68 52 62 71 57 69
2244 4797 14 52 44 44 28 15 36 42 6 17 10 71 51 61 56 68 8 65 27 28 33 36 6 60
559 559 63 46 50 56 40 19 66 43 44 71 56 34 57 25 71 31 2 11 42 38 43 12 61 38
3715 3732 36 54 18 0 0 0 36 18 36 18 54 18 54 18 18 0 36 18 18 36 54 54 36 18
591 616 5 25 52 9 49 6 15 71 46 56 62 51 20 30 37 30 30 37 56 16 60 37 61 13
1101 1638 19 38 59 60 29 8 40 4 20 19 31 35 37 49 3 19 31 39 23 58 68 17 13 33
253 253 27 23 57 65 45 66 63 66 14 9 22 7 41 46 23 1 27 16 43 47 23 31 26 53
815 820 31 29 71 26 23 11 39 12 26 55 59 31 57 65 30 31 13 3 57 56 35 48 38 14
4151 4166 60 16 69 15 17 71 24 10 3 39 34 17 1 27 34 53 70 70 52 40 43 5 55 20
466 1105 52 7 11 33 23 46 25 24 4 24 70 71 26 25 53 24 62 34 18 15 66 37 56 65
2719 2719 0 0 0 0 0 0 0 0 0 0 0 0 0 0 0 0 0 0 0 0 0 0 0 0
4711 4723 67 70 53 69 29 12 10 42 55 31 11 68 60 49 27 17 40 36 61 6 55 21 46 58
1958 1983 19 3 14 65 66 22 35 48 15 8 0 46 15 26 63 42 32 53 18 10 40 46 3 45
993 4053 1 43 17 71 57 48 16 62 61 46 23 40 43 49 59 36 1 12 61 16 32 41 42 4
3169 3169 0 0 0 0 0 0 0 0 0 0 0 0 0 0 0 0 0 0 0 0 0 0 0 0
4338 4354 15 69 17 16 56 42 11 57 51 69 43 23 32 66 41 64 2 12 27 33 46 58 26 36
4804 4822 31 55 0 47 43 66 3 40 56 0 5 18 23 31 32 29 68 2 24 56 53 7 46 68
2710 3826 53 1 48 46 35 54 17 25 11 70 40 64 64 21 15 63 39 62 13 26 70 20 64 27
4911 4911 24 34 59 21 67 71 26 60 27 30 30 70 19 17 10 29 40 56 54 42 8 52 1 68
2590 2597 32 36 60 0 68 64 48 64 48 16 52 56 8 64 44 40 36 0 68 64 48 56 28 32
2681 2701 16 2 68 57 34 31 67 32 39 19 28 12 52 59 27 24 57 48 63 64 3 60 52 29
609 1533 45 21 39 52 6 44 20 32 47 12 25 20 9 19 35 59 32 38 42 11 22 28 60 6
4982 4982 29 12 13 24 47 45 58 45 2 34 47 63 22 0 16 7 3 57 42 31 61 67 38 64
2596 2610 22 8 21 29 71 46 14 68 2 21 7 38 2 15 47 2 43 36 7 57 54 56 52 20
1421 1441 18 46 22 63 60 71 63 2 68 2 8 1 68 54 31 1 19 2 68 12 62 11 69 69
564 833 26 51 23 52 23 1 29 43 58 6 50 37 67 69 12 58 64 5 9 47 28 53 57 25
1974 1974 6 30 39 6 45 33 39 57 6 63 57 21 48 39 12 57 27 36 48 3 15 69 3 57
4701 4716 9 69 57 9 18 3 48 15 3 42 63 69 3 3 3 9 36 45 66 3 33 57 6 33
1724 1732 43 16 39 16 53 70 37 5 10 40 42 34 36 24 48 42 51 38 60 65 13 49 58 3
3227 3561 1 35 28 10 5 31 62 39 5 36 30 44 21 63 20 44 27 43 53 64 29 6 47 20
1533 1533 43 45 50 47 64 20 48 19 33 45 12 1 53 25 69 12 0 64 31 7 40 29 64 68
949 956 17 43 29 10 41 64 70 45 26 29 25 23 10 11 68 46 57 7 45 30 6 4 58 61
4764 4810 54 60 55 26 20 8 16 29 34 38 4 60 57 71 8 17 4 47 69 13 48 28 71 51
1825 4888 4 3 42 12 38 50 67 13 61 12 13 40 19 10 7 23 11 60 53 40 36 38 18 16
3383 3383 63 65 53 30 18 0 23 11 15 66 63 37 13 38 50 18 63 55 38 6 45 33 9 34
2439 2454 4 28 26 40 22 50 64 22 70 14 58 46 16 56 0 60 24 26 2 0 18 24 42 28
3369 3387 17 58 53 9 30 62 44 65 60 54 67 2 30 16 48 29 64 23 25 5 21 39 26 66
1416 3341 22 38 10 3 51 20 27 45 49 10 37 59 53 54 16 18 71 60 20 18 9 25 45 57
2911 2911 17 3 69 65 71 39 7 61 48 53 48 22 41 60 6 56 43 44 35 13 64 55 0 41
1950 1952 0 0 0 0 0 0 0 0 0 0 0 0 0 0 0 0 0 0 0 0 0 0 0 0
4560 4600 66 37 27 20 9 54 5 7 22 1 26 41 11 65 33 39 26 57 3 64 59 32 0 69
817 1214 50 4 11 25 39 28 49 44 1 37 22 34 55 16 15 39 30 0 65 35 1 57 17 33
1692 1692 15 3 59 39 1 12 50 18 53 31 59 66 5 17 7 44 38 19 60 41 0 34 64 40
2244 2244 56 13 50 61 21 30 64 16 2 26 6 13 46 68 17 67 22 64 6 61 45 31 15 56
4180 4212 26 34 16 46 71 50 61 3 4 20 39 57 12 69 49 34 30 40 3 11 63 66 54 66
3283 3742 45 56 50 11 55 53 22 22 1 63 49 65 42 68 40 37 54 47 8 66 50 12 56 41
4316 4316 0 0 0 0 0 0 0 0 0 0 0 0 0 0 0 0 0 0 0 0 0 0 0 0
4172 4188 3 49 60 64 67 53 18 53 34 10 50 64 69 7 55 42 22 14 56 21 49 55 58 60
3389 3415 59 11 26 71 15 64 28 29 44 40 0 2 40 11 55 29 21 51 39 59 31 62 50 1
3820 4686 32 40 8 15 3 56 42 38 12 16 34 70 35 10 71 51 48 5 28 13 55 33 24 69
2465 2465 37 54 51 14 9 0 22 54 35 57 70 2 17 27 13 44 44 23 18 17 12 5 53 11
1035 1039 53 68 26 37 55 13 70 43 1 0 50 7 20 6 34 71 26 62 18 30 40 11 64 69
1662 1689 43 26 21 50 57 67 63 5 9 62 5 8 14 33 3 44 57 7 54 61 8 60 49 30
593 1547 71 9 14 43 22 52 56 22 17 22 49 48 55 68 47 43 11 63 19 57 70 51 0 20
1411 1411 64 23 7 59 64 67 45 38 25 32 44 53 62 20 21 52 50 15 28 65 25 16 18 30
3167 3175 21 64 62 38 38 43 6 30 60 31 6 23 23 67 8 53 33 56 60 57 48 5 20 41
4699 4738 31 60 51 40 25 34 9 18 1 24 34 27 14 9 2 53 60 14 29 33 41 8 41 7
2368 2798 9 48 15 66 69 34 35 21 19 34 30 18 38 9 57 60 46 4 53 63 68 51 53 43
2292 2292 8 8 24 64 32 56 16 64 32 48 32 56 56 8 56 48 64 0 0 0 48 0 0 8
4726 4733 48 19 56 10 11 39 33 64 71 22 33 56 15 36 44 53 13 47 55 1 28 43 12 63
103 140 46 40 71 5 32 54 67 44 17 13 54 16 63 68 23 17 0 9 38 19 12 11 54 59
2648 4538 26 58 20 19 60 67 6 64 68 8 4 33 68 62 27 4 7 9 9 31 8 6 24 5
4332 4332 24 18 45 57 63 45 18 45 69 63 30 48 21 54 6 9 33 18 60 54 12 48 33 51
201 220 47 23 7 49 22 18 66 4 27 3 42 67 66 57 69 38 29 16 1 33 28 56 41 52
1049 1072 16 9 14 61 44 70 47 17 56 29 29 7 9 8 21 13 5 62 57 3 55 4 14 5
2069 4377 43 21 35 61 29 13 14 61 51 32 21 7 42 11 26 58 8 9 62 41 40 51 42 23
2795 2795 57 71 27 27 25 46 35 37 10 59 27 21 30 47 17 14 22 70 26 40 28 1 28 69
589 610 60 23 5 46 67 9 33 2 65 32 59 6 24 56 58 26 15 58 20 37 68 58 29 41
2780 2786 29 32 26 37 19 56 28 37 5 59 53 18 34 67 10 31 27 5 17 55 29 46 21 68
2490 2997 8 26 43 32 43 50 23 59 70 65 55 64 45 36 45 60 33 16 30 22 13 71 32 24
3275 3275 18 1 21 32 54 34 28 69 62 24 50 23 37 68 23 66 70 35 66 69 65 48 53 51
641 643 24 52 44 36 56 12 8 20 0 56 8 64 48 36 12 36 56 52 24 60 48 0 48 64
69 82 18 2 66 62 16 12 26 60 52 30 56 18 38 32 34 56 4 66 16 56 48 46 52 50
3941 4962 12 19 25 45 24 60 63 32 32 66 7 64 68 49 39 60 54 36 66 28 61 26 22 45
1846 1846 9 45 0 54 36 45 63 27 18 9 54 0 54 18 27 18 36 63 63 18 36 54 45 0
360 381 20 14 36 35 4 29 68 52 69 21 3 5 46 36 10 57 62 58 11 56 55 20 34 50
1588 1627 10 18 51 61 22 35 22 69 46 40 56 31 0 29 46 68 29 22 30 68 52 41 36 67
168 497 10 63 67 27 50 30 59 20 50 6 54 70 55 70 6 35 2 25 68 23 19 1 54 21
871 871 0 0 0 0 0 0 0 0 0 0 0 0 0 0 0 0 0 0 0 0 0 0 0 0
1367 1379 60 63 10 41 59 46 25 25 8 68 39 36 47 37 62 64 1 41 33 28 55 1 19 54
1984 1996 7 25 52 11 56 8 26 38 69 10 62 66 33 9 35 42 29 28 65 31 4 23 31 58
826 4846 57 33 12 62 55 27 70 51 54 41 58 63 24 68 49 17 42 47 59 34 67 66 39 7
1512 1512 56 29 5 7 44 37 3 60 0 31 39 15 20 1 38 19 19 2 67 47 44 63 10 59
4015 4031 51 23 16 63 31 58 24 26 55 60 14 58 28 53 24 36 36 3 18 63 65 20 66 63
1841 1861 42 59 16 46 51 52 16 56 8 53 68 58 44 55 46 17 64 42 71 43 53 58 39 3
1669 4225 37 27 21 15 68 45 7 18 63 53 23 51 10 71 51 13 67 40 61 8 5 60 49 71
3950 3950 0 0 0 0 0 0 0 0 0 0 0 0 0 0 0 0 0 0 0 0 0 0 0 0
1800 1800 18 44 34 32 60 26 22 14 0 54 8 32 64 40 54 48 0 58 68 6 68 0 4 38
757 782 27 52 54 9 69 0 22 17 8 47 43 38 31 51 7 10 23 33 14 38 45 68 37 56
740 2539 15 15 45 8 1 42 30 41 52 31 65 16 39 7 18 69 34 48 34 67 44 11 44 54
2986 2986 44 70 14 23 58 32 38 31 37 0 12 67 21 44 55 36 4 32 5 9 65 6 23 11
3644 3650 63 36 45 9 54 36 0 54 63 45 27 9 36 0 27 9 45 45 63 27 18 27 0 54
2191 2197 49 68 41 21 39 46 27 25 59 8 61 10 63 26 34 35 17 44 55 16 37 31 17 37
225 3928 3 43 64 34 58 43 13 53 57 13 59 25 61 36 36 11 18 8 51 68 63 23 13 69
2167 2167 0 0 0 0 0 0 0 0 0 0 0 0 0 0 0 0 0 0 0 0 0 0 0 0
118 125 8 33 70 9 32 22 37 55 71 5 58 38 64 51 44 52 7 59 62 15 40 3 56 58
4092 4096 36 2 59 43 63 51 8 4 9 66 61 67 8 12 46 28 21 21 10 51 38 18 32 55
656 1491 50 60 6 64 6 60 58 64 0 28 42 30 38 54 4 6 28 20 42 26 18 4 60 44
1273 1273 0 0 0 0 0 0 0 0 0 0 0 0 0 0 0 0 0 0 0 0 0 0 0 0
1553 1553 64 16 48 0 8 16 8 8 56 56 0 64 32 8 48 48 32 8 56 16 56 64 24 0
2596 2643 58 42 21 70 18 18 20 26 30 1 68 6 61 22 13 44 9 40 23 2 59 6 59 0
2832 3385 34 14 58 22 40 28 44 32 44 36 24 10 54 14 32 40 42 40 56 10 52 0 16 54
3985 3985 55 14 63 18 52 66 57 22 21 41 52 62 37 5 57 70 66 20 56 69 33 36 0 41
3498 3504 24 50 30 4 68 24 0 46 18 40 6 40 62 64 36 2 28 16 56 54 70 0 4 2
3394 3431 27 27 22 27 47 11 9 68 71 65 24 4 34 19 56 42 54 71 58 52 23 19 70 41
2143 4404 16 34 41 68 2 4 16 41 36 58 54 3 17 65 55 0 35 39 31 48 51 18 69 37
4966 4966 62 40 64 22 64 52 44 36 0 36 16 54 24 10 38 64 18 4 6 38 36 50 48 10
1231 1237 55 63 70 24 9 35 71 62 56 68 69 7 70 17 20 27 3 16 22 19 12 60 66 42
623 665 32 6 67 55 3 65 30 30 18 32 66 23 55 25 50 25 45 4 7 44 18 2 9 36
1281 2116 8 21 33 18 44 23 16 0 66 12 43 44 4 41 17 21 57 47 35 71 16 63 35 33
4759 4759 61 24 70 45 43 30 67 15 7 48 15 59 42 42 67 37 6 10 61 38 65 71 44 66
4831 4837 8 47 26 9 8 30 71 64 20 44 15 9 7 34 64 67 40 45 31 4 6 18 4 65
362 363 36 32 9 37 61 44 63 3 46 9 31 26 70 14 46 34 18 9 66 26 33 64 7 55
1992 2024 28 17 71 9 47 2 58 29 47 60 3 42 48 58 69 15 44 46 2 10 18 66 5 52
1712 1712 0 0 0 0 0 0 0 0 0 0 0 0 0 0 0 0 0 0 0 0 0 0 0 0
3543 3553 66 60 66 18 48 0 48 60 24 54 54 6 54 18 54 0 0 36 48 48 6 66 18 36
1766 1787 36 7 34 19 2 34 48 58 55 18 23 58 20 58 69 7 32 32 11 56 63 2 48 33
86 332 61 62 19 20 58 32 4 23 65 7 41 4 29 18 28 50 69 6 3 22 37 5 41 70
2355 2355 62 46 54 33 56 2 42 30 41 57 52 24 5 7 61 49 71 13 45 10 9 26 45 7
4643 4666 4 17 43 34 32 4 22 65 23 29 2 1 28 50 16 30 2 59 38 30 21 65 70 1
4431 4450 38 46 51 5 37 21 38 29 69 65 2 27 13 35 7 64 63 24 39 34 16 26 69 17
373 4733 27 64 51 18 69 23 65 62 15 41 52 30 59 61 56 9 52 18 10 47 61 43 26 34
4643 4643 30 40 66 6 58 50 68 70 28 20 36 70 48 24 8 44 70 24 36 50 66 12 8 20
2567 2581 64 66 13 11 16 12 24 50 67 50 35 44 50 26 55 56 9 60 0 30 70 43 31 27
1733 1740 26 22 24 21 19 16 63 49 33 13 15 41 47 52 46 35 51 69 23 49 28 35 24 69
1536 1841 20 65 36 3 24 69 4 16 46 28 44 8 58 50 38 50 47 68 39 55 38 2 42 52
3845 3845 25 46 42 42 5 35 66 24 61 52 5 56 49 13 30 4 62 20 6 47 39 14 60 34
4589 4605 61 35 1 19 2 51 55 33 32 21 17 43 58 7 70 53 30 50 54 18 48 36 5 27
960 964 70 43 39 33 38 35 67 20 47 10 34 35 9 54 43 55 53 25 50 7 27 33 45 27
34 1176 24 11 68 65 40 61 22 8 48 25 43 59 19 4 68 5 21 30 54 24 12 47 45 30
2782 2782 31 18 9 47 8 42 45 6 2 39 12 20 4 66 54 41 35 45 42 54 0 11 20 26
574 576 3 23 14 67 54 42 57 58 42 21 7 24 16 15 46 20 19 12 11 26 6 1 9 16
4371 4415 9 3 63 28 4 6 48 62 2 54 68 36 50 64 35 0 29 38 52 16 6 37 32 32
1203 4310 45 15 31 53 56 59 66 51 2 71 45 61 45 62 49 51 51 21 65 57 39 34 39 62
1964 1964 0 0 0 0 0 0 0 0 0 0 0 0 0 0 0 0 0 0 0 0 0 0 0 0
3314 3317 9 35 8 8 14 28 9 8 60 50 25 41 57 46 71 29 46 2 52 15 36 15 15 36
4348 4358 5 28 47 44 32 17 26 5 21 12 40 12 68 1 60 18 13 32 7 6 58 60 17 28
2754 3691 19 5 35 1 33 31 69 3 60 41 45 5 43 13 14 52 27 35 48 20 9 68 43 45
3208 3208 11 43 20 51 19 6 53 19 51 61 41 30 58 62 41 40 41 15 69 54 29 27 19 45
3496 3519 20 38 65 71 65 17 51 4 63 62 9 14 6 13 70 10 42 23 18 51 13 31 7 62
4256 4268 25 15 38 18 45 33 37 20 42 23 11 48 18 35 25 66 59 26 6 55 61 34 10 9
54 194 37 0 68 52 1 59 5 46 23 27 63 61 68 32 17 45 40 43 64 31 13 38 8 17
3295 3295 0 0 0 0 0 0 0 0 0 0 0 0 0 0 0 0 0 0 0 0 0 0 0 0
3662 3680 25 29 38 38 25 0 34 46 20 0 10 40 6 21 71 27 31 42 5 41 2 2 61 60
3098 3105 45 61 35 17 34 52 7 41 17 51 22 44 2 52 24 42 39 71 52 29 63 57 25 28
728 1889 50 65 44 12 58 64 44 54 61 10 31 26 63 50 70 2 30 63 15 52 25 41 17 67
1257 1257 34 58 40 26 58 18 50 52 6 18 46 22 64 58 2 18 32 54 0 48 48 66 40 46
1338 1345 36 68 64 42 56 43 15 15 32 56 53 58 10 67 62 10 18 51 43 22 11 63 27 66
311 326 51 56 57 60 14 13 71 63 66 41 50 45 6 2 7 63 35 43 24 41 18 8 21 55
343 1980 49 7 38 43 41 12 57 61 12 1 28 6 35 17 51 12 20 59 23 70 65 17 41 57
2000 2000 14 49 7 56 56 16 14 25 14 19 21 53 54 44 57 32 60 32 35 24 4 50 9 20
4240 4259 51 38 32 44 56 64 40 48 8 59 7 62 47 43 10 52 37 12 36 17 32 41 41 23
2877 2906 32 40 11 37 41 54 42 61 58 4 18 41 69 55 49 12 4 3 11 34 37 65 48 1
75 131 32 10 16 2 6 63 10 0 37 41 46 71 62 32 39 13 42 27 40 12 6 41 12 41
2234 2234 0 0 0 0 0 0 0 0 0 0 0 0 0 0 0 0 0 0 0 0 0 0 0 0
4463 4476 60 67 6 59 18 27 41 63 38 25 10 6 32 13 38 32 42 13 26 9 54 43 35 54
1587 1589 14 25 18 39 13 14 8 35 38 45 21 44 4 55 57 37 25 10 30 13 51 50 10 63
650 4885 20 50 12 34 36 22 6 14 24 64 2 62 54 38 36 34 52 28 30 14 6 24 24 66
3799 3799 61 63 45 23 71 15 14 13 52 14 49 38 60 67 33 27 51 5 27 15 11 49 70 40
220 239 34 58 42 38 68 4 42 54 4 2 16 58 14 8 10 28 28 32 52 16 40 64 4 52
2227 2268 19 55 50 35 52 13 19 42 42 39 47 4 46 32 44 32 18 18 33 63 47 14 60 35
1017 1604 3 57 12 39 42 63 24 14 53 57 31 53 35 0 26 36 66 43 12 26 28 17 24 70
2429 2429 36 27 9 36 45 27 36 27 36 9 0 9 36 27 54 27 9 45 63 63 0 54 63 36
2425 2437 12 65 25 22 3 3 35 37 0 37 29 2 18 64 44 67 47 56 56 12 56 7 60 30
2779 2819 4 21 53 33 60 46 55 14 12 51 60 56 29 32 61 53 16 25 45 39 54 26 35 67
330 3616 1 46 36 53 23 18 60 22 50 34 31 37 61 45 13 45 44 47 6 7 49 13 59 36
3953 3953 3 17 34 1 55 62 44 66 10 25 37 17 35 32 4 69 29 60 71 62 16 55 3 68
3874 3884 0 0 9 45 36 36 63 27 36 9 54 36 63 9 36 9 9 36 18 63 27 18 36 45
2836 2860 48 63 3 20 44 6 47 66 39 10 31 5 39 22 27 3 0 69 11 48 66 0 9 64
495 4758 17 44 54 54 57 63 44 24 10 65 57 68 27 9 57 67 51 34 27 58 61 41 23 65
3295 3295 0 0 0 0 0 0 0 0 0 0 0 0 0 0 0 0 0 0 0 0 0 0 0 0
3273 3278 30 60 51 3 27 36 48 39 15 27 3 12 48 6 27 6 36 63 21 48 45 36 24 57
154 166 25 35 46 40 68 26 63 34 12 10 7 69 18 8 42 70 68 2 2 35 3 3 68 19
591 2406 23 61 70 64 54 55 10 64 0 37 40 47 7 31 45 25 44 42 16 22 0 54 44 70
1144 1144 8 0 16 48 8 16 0 48 48 48 64 64 8 48 24 64 40 24 8 8 48 40 56 64
4918 4918 63 38 20 66 1 10 3 21 65 43 46 61 16 70 44 2 32 27 61 32 7 11 21 15
2947 2973 20 16 58 29 47 42 59 25 62 67 61 11 11 56 27 8 42 17 69 43 66 1 29 23
1240 2632 71 66 12 0 1 0 57 13 71 14 15 23 50 1 11 23 67 1 5 64 36 71 39 20
3078 3078 22 38 48 12 30 68 40 20 26 24 36 4 50 48 6 28 40 32 58 66 18 0 70 56
1932 1942 41 6 36 25 6 18 12 39 25 10 27 25 43 24 66 5 45 30 11 37 7 47 8 38
1434 1457 15 9 71 16 36 24 24 49 49 59 43 34 38 42 61 57 8 43 64 15 8 7 40 32
587 1604 69 70 28 50 60 36 55 46 12 21 65 30 20 71 59 30 71 9 24 39 38 40 41 65
4235 4235 70 61 29 16 52 27 24 65 67 49 71 16 58 64 41 27 17 67 54 35 1 8 42 27
1977 1987 48 62 24 38 71 35 39 28 34 20 28 6 18 42 51 39 51 65 36 59 10 11 59 22
3042 3055 23 16 32 22 8 39 15 27 49 63 19 42 6 55 51 62 13 46 59 15 50 20 32 61
1223 2533 28 11 20 16 44 45 29 36 29 2 24 39 44 6 43 60 50 43 11 44 2 65 44 0
3583 3583 0 0 0 0 0 0 0 0 0 0 0 0 0 0 0 0 0 0 0 0 0 0 0 0
1614 1617 25 7 21 56 4 22 48 13 9 26 42 36 4 2 57 26 63 11 50 59 32 5 20 37
2353 2380 30 29 42 31 37 54 0 68 3 35 63 16 21 11 64 56 29 32 34 63 2 65 25 40
684 1636 65 36 32 4 8 24 22 67 23 18 68 57 28 64 43 4 2 26 43 61 17 17 17 49
3187 3187 0 3 15 42 28 21 62 67 52 25 46 27 68 37 28 46 21 51 24 32 36 59 1 52
1725 1742 18 30 61 63 40 11 71 8 11 29 9 29 38 43 69 49 59 38 60 21 34 71 69 2
803 841 33 11 8 6 35 2 36 44 39 44 39 59 38 52 6 65 17 60 22 50 31 49 16 48
292 892 39 0 35 1 20 65 9 37 65 65 36 64 66 67 63 5 70 33 16 63 32 40 55 65
2263 2263 0 0 0 0 0 0 0 0 0 0 0 0 0 0 0 0 0 0 0 0 0 0 0 0
2397 2398 12 24 34 4 15 59 4 44 6 40 44 65 71 64 11 19 39 6 16 44 30 1 26 49
2584 2607 14 59 37 66 48 50 18 46 0 53 63 1 65 11 66 66 71 65 9 31 46 24 62 32
230 1146 20 40 67 8 63 7 18 61 42 29 36 43 54 41 39 4 57 67 32 43 6 45 26 30
677 677 66 42 36 12 30 12 60 48 30 48 42 24 0 18 66 18 12 54 66 54 18 66 0 18
4743 4752 39 39 27 69 21 57 60 12 27 18 60 18 24 6 9 42 33 12 66 6 21 27 33 0
2186 2190 33 49 54 47 55 41 71 63 59 69 71 56 60 67 68 9 43 55 0 32 13 28 62 16
1009 1926 32 8 0 6 0 51 55 71 10 16 60 41 28 57 49 33 26 1 4 62 20 25 18 43
1579 1579 0 0 0 0 0 0 0 0 0 0 0 0 0 0 0 0 0 0 0 0 0 0 0 0
4347 4350 48 58 57 41 33 1 49 59 22 11 69 8 8 60 33 27 57 12 18 4 52 49 61 51
1875 1887 31 14 25 57 49 50 23 26 31 2 26 36 23 2 65 44 60 66 69 19 5 52 60 66
1562 4092 2 20 66 23 67 43 40 11 5 6 66 71 14 37 55 56 23 5 3 67 30 13 54 14
3168 3168 25 71 32 32 22 12 17 21 28 13 7 67 53 22 26 51 56 27 44 1 67 8 46 27
1247 1263 56 0 0 60 16 18 12 28 35 27 37 4 49 27 10 37 31 26 23 33 26 24 23 37
687 734 8 32 8 12 20 52 0 12 52 40 28 8 28 16 24 12 0 44 28 44 36 16 16 32
184 1084 0 42 54 30 60 0 12 36 60 66 24 0 12 18 6 48 12 24 18 60 0 18 42 18
41 41 41 52 31 22 25 12 12 32 34 24 22 1 36 23 66 0 26 26 17 56 8 3 66 18
3509 3524 16 14 52 60 48 9 12 12 61 44 65 5 67 39 17 1 50 19 2 39 34 23 42 1
4632 4660 71 5 38 66 54 46 41 8 33 60 35 25 13 65 56 58 27 59 46 68 39 20 31 21
2304 3419 17 66 14 63 53 19 7 39 19 3 71 65 2 65 65 19 12 42 3 68 67 22 28 22
3882 3882 3 48 15 26 12 33 42 54 61 37 0 47 41 10 4 70 54 60 65 42 71 9 67 35
1479 1488 31 50 39 40 12 48 25 17 68 57 24 39 49 65 63 26 47 52 38 2 16 64 46 13
2231 2250 53 38 9 31 2 8 41 15 20 15 44 0 60 59 3 17 11 32 56 45 67 59 61 69
981 1206 51 17 40 27 26 64 62 49 55 11 7 3 49 28 46 50 67 40 1 34 39 33 55 71
18 18 12 55 23 48 0 38 39 9 61 40 12 64 20 61 39 69 27 33 13 10 25 14 4 23
957 965 36 63 3 9 14 28 17 40 17 45 17 9 35 26 21 49 67 7 42 6 71 20 13 52
509 530 38 31 49 34 36 34 15 35 20 52 14 49 0 21 20 38 39 62 14 60 56 52 34 7
1147 1507 63 51 10 0 4 8 34 33 36 20 9 45 10 31 18 20 38 52 56 52 64 11 70 57
1537 1537 54 41 60 69 15 57 28 21 66 62 24 42 23 60 25 71 56 23 46 25 54 19 66 6
2278 2296 64 14 31 20 15 34 46 34 35 32 34 34 23 28 69 30 65 48 23 33 44 57 66 50
2742 2767 17 59 32 35 18 24 12 39 12 23 56 42 54 3 67 11 37 50 16 71 2 65 8 47
399 3331 44 4 24 38 59 66 34 8 54 29 55 38 56 14 60 47 68 14 54 22 0 12 11 11
3244 3244 71 42 34 18 56 1 47 13 24 37 69 8 68 2 14 45 0 67 67 0 6 46 37 5
435 444 10 9 45 29 56 25 57 22 14 7 61 64 55 32 24 16 68 52 2 13 36 66 66 54
4046 4052 30 40 47 13 4 60 12 56 61 71 26 25 14 67 22 51 9 12 22 23 10 59 70 61
4552 4830 54 9 10 59 33 55 6 16 9 70 47 12 19 19 49 39 68 71 55 29 53 64 70 37
4363 4363 0 0 0 0 0 0 0 0 0 0 0 0 0 0 0 0 0 0 0 0 0 0 0 0
2150 2152 69 16 34 9 69 49 44 35 26 27 68 45 29 55 9 5 61 46 4 1 34 67 64 41
4869 4872 53 28 61 44 63 61 48 57 3 41 65 9 14 46 42 47 15 59 24 71 51 33 6 6
2164 3586 11 12 65 15 22 10 10 34 17 13 52 32 63 26 35 0 49 23 37 69 19 7 18 11
2466 2466 12 62 15 56 38 14 5 26 33 24 58 21 53 31 65 8 38 21 69 63 6 6 67 36
3558 3571 18 51 19 51 22 28 3 57 20 25 69 46 50 32 22 27 40 60 12 34 62 13 22 22
1523 1527 18 71 28 26 16 2 19 28 52 62 26 68 35 12 53 44 30 4 6 22 16 51 32 37
329 3867 4 44 55 58 60 51 10 16 66 64 41 45 50 57 22 8 6 47 47 50 34 17 66 52
12 12 14 29 40 7 25 57 8 35 34 33 18 5 49 35 17 7 10 11 48 23 16 48 33 71
3928 3942 38 66 8 4 62 12 48 52 58 54 20 10 64 8 34 16 16 58 0 30 46 62 58 20
1120 1131 32 34 16 41 8 59 48 20 33 59 37 58 60 7 20 44 0 0 4 16 13 14 16 26
1515 4928 67 7 14 65 28 40 18 54 7 56 30 28 25 66 57 26 48 36 62 3 17 2 26 19
3717 3717 18 11 32 58 19 39 37 6 61 5 65 34 9 19 48 68 27 56 39 8 52 8 51 31
4476 4486 50 66 59 69 54 46 2 45 59 5 56 29 36 47 29 27 37 42 7 17 29 68 64 17
335 356 51 66 45 18 30 41 47 22 50 48 41 56 9 18 52 65 26 4 46 12 21 6 51 34
441 3304 16 52 4 32 48 28 12 32 12 16 16 20 40 28 64 32 28 8 24 52 52 12 56 60
2140 2140 35 24 52 42 56 63 67 62 38 33 59 44 47 6 67 56 63 35 47 18 27 66 13 9
3612 3627 33 42 57 4 48 32 20 37 10 29 30 29 10 20 26 13 53 0 18 14 48 61 21 18
2847 2872 45 50 44 54 17 45 50 9 50 71 39 43 6 0 11 36 54 25 9 22 2 68 5 62
1869 1901 67 55 59 12 61 24 33 58 63 12 43 42 45 56 31 9 50 35 36 52 63 10 25 45
1799 1799 40 40 32 16 48 8 40 56 64 0 16 24 16 64 24 56 24 8 8 48 32 8 8 8
1430 1438 59 46 71 0 64 52 49 36 71 32 31 71 14 6 2 21 55 15 34 0 41 15 3 55
346 362 50 58 12 32 54 42 46 46 16 32 20 60 14 66 26 28 14 22 64 24 54 70 18 60
3531 4125 28 18 13 45 65 1 19 8 20 25 18 29 45 31 49 70 5 6 33 59 16 62 49 15
4276 4276 18 30 48 6 54 12 54 66 30 54 18 36 42 18 60 54 36 6 36 12 18 66 54 12
1052 1075 29 27 1 23 69 36 7 47 1 42 50 46 23 43 29 39 35 20 65 23 10 5 25 34
3 3 70 31 63 6 11 51 18 42 60 33 26 44 10 16 60 10 58 38 34 31 0 32 0 31
2164 3283 20 12 38 30 52 0 8 25 56 38 69 32 30 17 52 7 27 4 23 31 50 48 40 17
3729 3729 42 4 30 58 44 26 8 16 30 42 30 60 66 64 32 28 4 20 14 68 40 60 60 18
387 396 12 24 32 60 0 68 52 44 8 28 64 32 36 32 60 36 44 0 48 48 56 64 4 36
1394 1409 24 57 12 60 24 69 39 27 3 36 9 27 6 42 9 45 66 15 45 57 54 51 21 30
181 217 32 12 32 44 0 20 24 12 28 44 44 12 12 60 28 8 28 12 8 28 32 28 8 4
4388 4388 0 0 0 0 0 0 0 0 0 0 0 0 0 0 0 0 0 0 0 0 0 0 0 0
344 351 22 52 59 69 57 66 43 17 59 5 69 23 5 46 48 70 5 5 59 63 18 70 34 69
1463 1466 26 65 40 26 44 52 42 27 21 1 34 19 62 4 7 1 34 32 58 61 59 23 30 3
662 1106 49 4 55 34 71 46 59 9 24 67 64 11 7 21 69 7 49 44 21 31 0 23 28 41
3993 3993 64 28 4 64 16 52 40 4 32 12 44 68 8 68 52 12 68 8 0 64 60 36 60 16
3776 3791 23 37 65 42 39 12 41 8 35 30 60 50 69 59 20 36 26 6 33 14 11 34 41 14
1697 1734 40 70 54 54 21 40 13 56 14 29 32 55 27 21 27 48 6 34 3 27 45 13 48 19
3030 4132 12 14 19 43 31 18 62 33 8 17 47 36 16 12 44 70 31 70 46 69 28 32 54 60
4783 4783 3 31 16 6 38 64 14 43 48 57 59 23 36 52 57 43 13 33 5 27 26 56 1 66
1209 1210 34 61 71 64 71 11 61 31 47 29 37 40 61 65 34 60 67 66 38 35 70 54 56 46
2586 2608 52 54 31 26 31 19 48 41 39 0 17 7 11 44 60 40 33 71 41 52 56 28 24 37
1958 2982 5 40 36 33 35 60 57 9 58 35 25 8 58 69 15 66 14 68 62 29 70 60 64 58
1807 1807 0 0 0 0 0 0 0 0 0 0 0 0 0 0 0 0 0 0 0 0 0 0 0 0
2126 2133 38 37 17 67 4 60 41 47 28 24 15 23 25 7 22 61 21 18 10 57 38 14 31 31
698 709 68 67 5 14 40 14 59 24 54 35 0 65 43 16 58 66 15 61 14 38 38 41 14 46
76 606 4 39 70 56 14 50 52 27 21 26 31 33 20 69 4 56 28 39 50 41 8 55 49 40
2345 2345 47 51 22 17 37 48 45 3 57 25 39 11 30 62 40 36 38 11 68 55 10 29 8 20
2233 2256 30 65 33 6 0 61 58 17 0 35 22 24 44 52 35 30 64 63 6 34 52 22 69 45
919 933 22 12 29 36 31 1 40 43 46 37 15 23 16 41 36 27 16 50 56 42 67 25 69 5
1217 2209 40 13 26 63 1 13 20 9 66 31 66 13 59 71 5 34 65 62 52 38 13 59 45 7
2145 2145 0 56 64 64 40 40 64 56 48 48 56 8 32 64 0 64 48 56 56 16 24 8 64 8
1591 1592 56 8 29 69 47 69 23 14 63 43 7 19 71 15 68 26 7 0 65 39 35 5 53 4
1242 1268 68 4 38 20 50 38 26 0 66 24 52 40 64 38 58 0 30 42 24 6 70 46 58 58
826 2200 35 30 12 61 64 45 29 35 13 0 0 13 40 16 44 5 65 1 14 0 45 63 29 48
4118 4118 0 0 0 0 0 0 0 0 0 0 0 0 0 0 0 0 0 0 0 0 0 0 0 0
2065 2079 46 0 7 44 12 34 26 25 1 34 53 13 31 40 16 51 2 71 26 36 3 23 27 63
2177 2218 10 62 56 42 2 58 70 18 2 48 14 20 28 66 64 32 54 12 42 58 26 66 4 10
2270 4539 4 25 11 35 35 11 2 59 21 66 45 33 55 38 21 42 56 42 47 68 26 61 28 18
3082 3082 46 59 30 61 11 38 29 37 10 42 28 29 5 49 25 39 44 2 70 36 44 14 50 25
4956 4964 15 64 55 42 63 6 32 69 66 30 62 55 20 67 21 29 47 53 42 39 71 51 3 58
1648 1661 30 15 3 37 8 8 15 67 31 40 65 64 50 59 10 47 45 59 50 24 47 70 67 16
910 1479 45 44 38 31 50 53 47 37 45 64 22 55 52 61 1 57 3 35 70 15 42 36 65 23
1715 1715 28 38 68 26 39 42 69 46 16 10 48 70 35 47 45 51 26 18 67 53 69 34 33 29
4009 4015 61 17 3 63 26 65 67 66 58 17 45 42 62 20 27 6 45 52 58 70 68 49 61 71
3607 3611 64 45 54 61 3 46 64 32 30 66 52 26 30 44 59 54 28 57 10 3 63 9 0 30
889 2529 54 28 52 54 10 22 44 34 46 14 46 24 20 40 8 30 28 46 34 52 18 26 28 34
3067 3067 0 0 0 0 0 0 0 0 0 0 0 0 0 0 0 0 0 0 0 0 0 0 0 0
918 937 50 21 11 38 13 62 0 42 35 34 29 70 15 1 62 51 30 43 17 27 51 36 2 70
1442 1451 26 22 32 35 69 43 70 71 26 31 1 20 13 56 60 18 53 38 0 25 1 14 55 40
1148 2978 20 12 47 20 58 54 14 21 37 30 1 67 15 44 62 39 20 5 22 44 55 31 55 63
3116 3116 0 0 0 0 0 0 0 0 0 0 0 0 0 0 0 0 0 0 0 0 0 0 0 0
305 325 24 62 30 18 3 48 71 66 29 49 20 48 41 59 51 20 64 65 70 28 48 47 67 60
1894 1922 5 2 61 47 7 18 7 38 24 26 58 25 20 70 56 1 6 6 44 30 33 43 48 40
948 3821 11 26 69 67 44 10 58 22 45 8 16 48 70 70 52 71 64 18 19 15 25 35 54 70
1446 1446 8 56 24 56 24 48 40 40 40 32 56 24 32 64 56 64 32 56 8 16 32 64 0 48
4340 4349 58 24 30 0 28 10 32 48 42 28 62 26 56 0 70 40 42 14 58 30 6 36 26 54
1543 1583 26 45 35 13 39 60 24 30 32 8 33 41 71 24 7 0 66 63 24 20 26 42 30 2
1261 4198 6 39 54 54 57 9 51 0 39 60 30 63 45 42 33 66 9 12 60 66 69 48 48 66
272 272 39 22 68 20 43 64 38 6 4 45 11 1 20 38 30 37 45 9 7 49 59 34 25 49
4887 4906 27 21 0 24 15 6 27 9 39 66 0 66 63 60 30 36 60 60 21 63 27 66 30 60
1769 1794 65 20 3 10 71 45 50 21 64 63 48 43 6 59 27 68 48 6 12 23 48 35 67 49
921 4078 41 40 9 58 28 8 14 0 28 12 6 68 6 2 37 50 24 31 68 64 42 56 30 63
32 32 69 30 56 33 41 64 24 16 11 61 57 46 5 30 6 31 22 34 10 48 50 38 5 18
1304 1318 26 13 19 51 36 37 62 4 52 4 49 26 13 22 32 56 35 38 69 61 63 2 26 55
4750 4753 61 56 45 69 44 54 2 18 39 63 11 26 8 34 10 56 12 36 13 28 42 44 7 23
18 302 4 48 2 32 60 16 30 8 50 24 62 62 60 26 62 8 70 26 12 26 52 30 46 40
4890 4890 23 4 4 61 69 11 46 31 41 57 51 29 42 25 65 46 55 52 17 48 19 42 38 59
2669 2669 25 8 52 3 33 2 5 13 69 16 65 56 11 30 42 48 60 23 71 46 21 40 60 34
650 690 24 51 9 15 15 51 12 60 21 3 27 9 57 36 42 42 36 42 51 15 21 12 18 9
1927 2834 28 56 66 70 46 48 36 12 24 42 48 12 52 68 48 24 62 64 24 38 62 48 44 10
1508 1508 0 0 0 0 0 0 0 0 0 0 0 0 0 0 0 0 0 0 0 0 0 0 0 0
2305 2322 36 15 4 49 18 24 7 45 0 14 26 9 20 11 65 50 29 50 30 53 41 0 50 29
1849 1863 19 13 31 50 13 13 51 19 33 23 37 21 67 7 30 51 45 59 64 0 60 50 7 69
1 43 4 71 40 42 8 65 59 21 71 12 11 8 26 56 4 24 65 14 33 47 67 67 31 31
3183 3183 70 71 59 20 58 38 15 21 35 26 69 36 15 56 52 69 26 11 45 1 6 58 58 14
1790 1806 17 14 39 57 47 8 63 34 60 7 61 8 13 52 23 41 4 10 57 60 0 51 61 7
6 29 36 8 51 28 6 46 0 37 56 0 12 34 39 26 51 53 61 33 69 16 60 38 62 33
2766 3919 8 10 48 27 68 62 2 42 1 34 33 31 18 70 5 0 17 55 55 41 7 54 28 29
1037 1037 49 56 56 46 15 19 64 49 53 9 5 33 8 51 14 0 57 57 12 27 16 22 58 22
1108 1130 58 26 44 68 38 11 18 23 58 56 44 67 66 2 30 69 39 12 42 8 48 11 15 70
1063 1078 48 40 44 12 12 4 28 4 32 60 52 28 64 68 16 40 40 8 44 24 12 36 68 56
859 868 53 26 50 57 8 67 34 9 59 17 69 18 59 31 66 46 29 35 57 65 17 64 21 53
2348 2348 8 67 30 64 53 66 29 35 58 26 31 30 0 23 57 25 61 41 5 32 61 38 63 64
3713 3724 30 64 56 50 60 0 30 6 64 14 0 30 64 44 50 42 70 12 50 52 70 26 26 66
4285 4292 60 32 68 60 64 52 48 68 44 40 60 64 20 0 52 32 32 64 60 32 36 48 28 32
2627 4701 5 16 54 19 35 17 69 49 3 2 4 71 32 4 27 37 10 2 14 52 62 71 67 63
3210 3210 61 7 42 9 64 64 41 25 26 41 51 45 48 14 30 67 41 20 43 6 55 46 15 17
2341 2357 50 10 16 30 56 0 70 68 52 52 14 68 10 60 16 44 34 10 54 38 24 42 28 2
2617 2656 10 51 14 66 67 59 49 9 14 2 0 12 55 43 25 53 44 47 35 38 12 9 51 40
1543 2338 49 12 71 50 55 19 46 20 0 21 28 55 20 12 29 65 51 9 64 9 35 64 51 54
3548 3548 0 0 0 0 0 0 0 0 0 0 0 0 0 0 0 0 0 0 0 0 0 0 0 0
1627 1635 10 32 56 66 21 68 70 14 33 71 48 35 36 26 50 0 0 9 46 16 34 69 47 7
1331 1376 14 31 8 19 64 12 0 11 36 36 3 30 63 45 62 47 42 32 59 67 69 52 3 19
706 3091 66 63 5 58 50 29 49 51 46 27 62 15 30 70 24 46 42 40 39 48 14 18 49 56
1036 1036 23 31 51 16 0 71 29 68 40 20 34 51 28 29 40 70 0 51 7 66 34 62 70 55
4535 4552 16 9 35 21 41 13 69 67 57 58 7 48 27 57 0 41 19 71 55 64 25 0 63 7
4430 4475 0 67 58 56 28 18 2 58 55 17 25 28 42 52 9 14 46 39 8 43 14 24 12 5
369 2331 20 61 33 70 2 50 54 63 45 7 18 70 58 25 38 62 58 42 26 45 64 64 71 48
546 546 8 8 56 44 52 16 20 0 68 52 60 56 28 16 4 4 64 48 8 36 28 12 52 36
378 396 12 50 57 26 58 33 62 68 39 51 9 46 40 4 57 12 16 21 57 39 65 64 28 17
3457 3485 11 10 28 5 66 32 38 66 68 40 57 26 62 17 66 50 39 39 55 26 14 65 36 24
428 434 40 4 42 52 52 26 16 6 28 66 60 8 2 28 18 56 62 4 50 8 14 70 58 46
2548 2548 60 60 12 0 36 48 24 48 24 24 36 24 48 24 60 0 24 36 0 36 24 0 24 48
590 601 24 67 55 66 32 71 4 8 68 6 14 19 57 30 52 24 50 46 34 7 65 61 29 10
3509 3516 59 65 65 37 67 48 1 25 29 1 56 37 71 52 64 51 50 49 13 24 54 68 20 40
1760 2820 38 1 31 21 45 64 63 36 12 16 1 49 26 14 44 34 25 36 57 31 19 1 29 68
2813 2813 24 48 24 24 48 24 24 0 48 48 0 48 24 48 48 48 24 48 24 0 24 0 24 48
1448 1454 12 49 9 1 9 66 3 63 4 4 69 26 67 25 71 50 20 45 45 26 71 5 56 59
875 876 71 19 5 30 41 46 61 63 8 18 52 21 19 4 33 57 10 54 30 31 19 6 5 44
934 2454 71 71 38 13 37 53 68 27 25 29 6 49 56 18 59 65 43 41 59 4 50 62 6 46
3983 3983 56 32 56 24 24 40 40 40 0 0 8 64 48 8 24 24 48 0 40 48 56 48 32 8
3149 3162 43 12 38 27 6 19 20 40 28 24 0 36 54 47 20 28 37 31 13 38 46 39 42 39
864 874 20 22 0 62 23 70 43 21 71 42 12 68 13 57 51 12 15 20 4 14 61 56 71 4
2217 2483 70 51 54 22 4 22 29 55 28 29 60 64 32 13 46 19 31 6 0 63 28 56 1 64
4529 4529 69 39 1 68 55 63 14 31 29 29 18 25 70 10 37 35 41 56 1 51 38 27 2 30
35 57 0 0 0 0 0 0 0 0 0 0 0 0 0 0 0 0 0 0 0 0 0 0 0 0
767 799 15 64 48 37 12 18 34 19 7 19 62 15 45 44 47 69 38 3 47 24 3 53 23 11
1010 2873 16 21 46 22 9 59 26 34 55 45 0 29 43 37 70 27 61 67 55 26 4 7 68 33
2451 2451 42 60 42 12 9 12 57 24 51 69 57 66 15 69 39 24 39 45 30 9 15 0 69 45
3058 3072 21 39 7 10 20 3 25 49 39 28 18 68 8 37 5 10 57 45 0 31 46 54 6 61
4612 4627 32 12 42 17 15 29 36 30 3 70 45 28 58 66 56 12 46 59 43 33 30 38 34 67
92 1808 58 9 9 51 39 35 39 58 42 52 65 26 19 40 68 12 11 66 52 38 46 7 19 56
157 157 64 49 13 51 65 16 58 44 47 28 9 53 46 46 51 44 57 30 67 15 24 48 52 24
1839 1857 37 22 41 48 17 69 47 67 41 1 22 34 29 62 37 42 45 45 39 40 16 27 32 5
3266 3284 40 64 17 41 59 32 36 9 19 71 49 48 16 2 3 6 56 17 69 60 23 12 22 5
1227 1675 66 48 55 15 26 70 71 15 60 58 66 27 56 68 4 55 48 62 60 17 11 4 29 68
36 36 36 10 11 34 53 66 39 1 69 1 30 69 50 46 36 60 30 16 25 69 3 55 61 55
3261 3274 46 57 4 33 16 13 42 15 41 9 11 51 41 46 39 30 22 35 62 71 29 61 68 19
1000 1000 59 67 22 53 36 55 41 3 45 7 65 7 27 49 60 28 7 5 47 6 31 18 71 24
3078 3129 0 39 24 27 45 51 58 3 65 30 62 46 40 51 34 51 47 26 2 67 61 29 61 38
4373 4373 36 51 49 61 13 50 46 53 38 46 66 6 31 43 16 37 55 53 25 29 43 8 7 10
3537 3545 54 45 38 52 53 5 42 2 65 57 46 33 34 31 57 54 0 38 30 48 43 5 35 35
4497 4506 36 10 42 10 45 70 4 69 60 15 15 12 12 2 31 0 55 57 69 24 52 0 27 21
817 851 4 26 7 26 3 32 28 22 46 45 34 36 35 8 56 13 47 60 34 37 22 46 24 3
3277 3277 34 13 51 30 67 8 22 51 44 17 24 13 54 2 11 51 1 49 21 58 4 67 48 59
4286 4292 13 57 12 70 45 37 47 14 38 33 40 17 20 58 9 54 64 71 6 69 27 2 36 31
3290 3315 3 47 49 6 15 17 28 1 13 46 49 19 9 8 49 37 36 26 19 9 64 58 3 34
2709 3692 35 19 40 23 13 7 17 17 2 1 22 64 22 60 61 51 57 39 10 41 34 71 62 17
730 730 67 51 51 65 19 16 20 14 63 22 71 4 71 51 52 39 47 7 40 54 50 31 42 64
408 421 39 24 43 49 52 40 60 7 10 57 45 51 47 34 23 68 20 50 24 33 53 51 58 54
2797 2831 13 55 65 71 57 2 5 39 5 17 40 34 34 69 71 61 55 4 39 23 27 34 64 16
364 539 7 29 8 61 18 53 61 2 59 63 37 16 24 16 40 43 28 67 50 7 14 5 55 56
170 170 16 32 21 9 50 10 17 42 40 15 6 1 60 44 17 65 3 64 54 52 10 56 59 18
2235 2241 1 25 32 11 20 71 46 41 44 59 18 4 63 42 39 16 44 32 58 3 41 43 47 32
3484 3519 30 63 43 41 65 17 28 65 24 56 26 65 39 45 35 20 3 59 60 26 59 59 33 22
160 557 69 53 26 56 33 16 61 11 22 11 39 69 46 21 30 5 0 14 38 29 10 35 16 33
4099 4099 0 0 0 0 0 0 0 0 0 0 0 0 0 0 0 0 0 0 0 0 0 0 0 0
4669 4673 17 18 62 17 31 33 43 54 65 7 41 49 65 7 47 49 66 24 60 34 36 60 59 45
2379 2387 17 41 22 7 65 6 49 56 51 12 35 35 27 0 20 11 15 7 32 31 69 22 55 4
1783 2622 25 10 50 0 44 51 42 35 56 55 0 35 55 0 65 8 18 25 7 69 18 56 42 43
1429 1429 0 0 0 0 0 0 0 0 0 0 0 0 0 0 0 0 0 0 0 0 0 0 0 0
4007 4019 60 38 46 0 30 12 40 12 56 14 20 22 50 22 6 66 18 2 18 20 68 6 20 54
2475 2503 32 57 66 42 20 33 51 49 42 34 55 69 27 4 42 13 65 7 16 63 2 70 47 8
2252 3633 32 58 8 29 11 27 41 30 21 14 57 41 20 3 42 27 31 36 19 3 65 60 39 9
3122 3122 0 0 0 0 0 0 0 0 0 0 0 0 0 0 0 0 0 0 0 0 0 0 0 0
2452 2455 36 9 63 0 54 54 0 27 0 54 63 0 18 45 36 45 63 18 36 63 36 18 27 27
3137 3139 3 63 66 48 22 22 26 32 0 55 56 42 44 8 56 46 40 22 24 20 21 4 70 62
454 2558 35 46 12 12 27 10 17 69 37 1 26 43 45 50 32 23 66 31 61 37 7 53 20 28
3729 3729 15 58 57 67 62 71 44 16 21 51 21 42 3 28 32 10 22 38 5 14 4 42 6 63
619 623 35 29 69 42 9 42 41 18 22 39 22 41 29 70 44 2 65 32 27 41 39 14 47 63
867 885 71 58 13 40 62 1 36 61 39 34 8 39 31 31 65 61 69 56 14 24 13 71 14 39
1752 3114 42 30 42 4 42 20 4 60 20 14 50 42 32 36 4 12 64 42 50 34 18 50 26 66
1253 1253 16 67 45 26 57 32 69 3 29 35 42 70 28 32 23 21 15 26 47 41 2 64 23 10
2328 2333 19 53 70 31 14 49 26 24 50 22 67 52 40 61 63 26 0 1 52 65 26 29 14 17
29 51 23 42 55 42 43 64 34 50 11 44 42 60 27 21 56 41 61 3 29 13 6 8 23 57
1620 2617 53 6 26 49 52 16 63 42 9 24 16 8 63 35 7 61 7 5 18 21 66 40 67 38
1464 1464 24 40 28 8 40 16 48 36 64 64 48 64 48 20 48 20 52 8 64 16 60 60 64 36
3493 3503 57 23 69 6 26 23 67 29 58 11 6 25 50 40 47 19 40 17 22 31 46 7 3 59
884 913 35 65 42 13 28 69 40 38 29 20 48 9 12 35 13 55 20 46 36 30 7 24 17 66
697 1634 26 30 49 12 1 0 38 16 39 46 68 25 7 41 61 55 71 52 71 29 13 67 1 50
1882 1882 14 43 8 3 36 58 23 69 60 40 35 32 12 3 15 33 24 66 25 29 52 51 37 66
2555 2556 61 60 15 61 49 60 26 49 3 28 70 30 67 22 46 14 16 52 44 26 31 6 10 61
4599 4629 52 51 53 65 34 15 63 1 28 57 36 57 70 17 55 41 65 5 70 62 29 51 33 2
17 372 24 60 42 21 55 59 64 68 22 12 42 41 57 30 58 17 36 1 38 31 37 39 52 32
3925 3925 0 0 0 0 0 0 0 0 0 0 0 0 0 0 0 0 0 0 0 0 0 0 0 0
966 983 65 10 48 34 54 64 59 22 31 42 44 52 60 36 4 71 9 32 60 25 71 34 23 11
3795 3800 71 29 55 50 43 56 58 40 39 17 52 37 57 70 67 59 65 18 34 66 71 36 39 12
141 329 30 42 71 8 37 54 56 32 22 25 46 64 49 27 38 26 61 17 41 58 0 34 57 36
1113 1113 46 0 64 6 0 17 8 55 4 9 0 67 12 69 68 41 53 69 64 53 0 26 41 65
4349 4350 70 7 41 54 23 70 7 8 71 66 65 39 6 25 33 71 30 54 35 24 29 49 48 16
3374 3374 4 5 46 30 57 65 64 68 33 26 18 60 27 56 34 37 57 71 36 61 19 6 53 64
2372 4763 8 71 2 58 48 31 64 31 45 50 22 59 51 69 38 23 35 70 8 58 44 17 19 69
3305 3305 9 69 29 68 11 16 33 35 13 59 10 31 52 9 45 5 44 11 48 32 71 44 15 0
2398 2405 31 71 24 51 38 15 24 23 26 6 7 35 51 59 7 65 36 13 18 69 57 11 14 31
3133 3144 45 16 25 58 70 22 42 56 26 51 2 6 66 38 0 48 11 46 8 5 26 57 23 0
292 4209 35 27 4 3 29 25 59 22 42 65 40 24 56 15 56 26 42 69 11 8 12 69 31 68
1252 1252 54 36 36 54 36 54 54 54 18 36 36 54 36 54 18 0 0 36 54 36 18 36 36 18
2981 2992 41 17 60 67 41 42 19 14 49 28 54 16 47 59 61 27 6 9 55 17 66 10 49 8
4940 4958 20 58 68 46 22 24 28 34 52 24 44 40 54 70 52 4 2 8 58 38 38 44 44 36
978 2560 18 64 16 10 43 51 44 27 47 70 70 60 23 31 62 68 34 22 37 30 4 16 30 2
369 369 42 42 48 36 36 24 30 66 36 24 24 30 42 24 60 66 42 60 42 6 6 54 66 42
538 538 12 63 36 26 36 57 60 22 7 51 63 20 65 61 48 5 9 65 61 2 67 54 0 21
4452 4471 44 56 4 68 12 48 2 6 30 58 50 44 58 16 60 10 68 2 44 48 24 34 2 36
87 404 10 71 67 9 71 16 71 39 5 7 14 43 59 66 34 19 45 17 24 55 13 11 44 48
2113 2113 4 56 24 42 47 9 47 9 48 55 42 24 44 58 30 24 50 5 9 16 47 16 4 23
442 449 68 68 24 20 68 28 12 4 64 36 52 0 60 16 68 8 0 68 4 0 64 68 4 52
3446 3462 33 42 59 6 3 20 34 12 70 42 58 15 9 46 54 34 2 38 26 61 31 34 66 48
1993 4487 35 65 49 54 32 20 24 68 41 8 20 5 16 51 39 29 54 40 18 11 59 13 63 59
1217 1217 68 14 24 9 69 35 70 25 17 23 33 4 19 18 40 29 3 30 6 37 33 11 8 60
4769 4790 12 3 39 63 66 21 6 12 57 39 12 60 51 12 3 21 6 0 48 39 69 48 57 12
2704 2705 32 42 44 32 45 41 0 69 7 2 17 36 19 23 36 68 5 6 8 13 37 9 25 7
171 174 37 51 23 58 71 43 13 18 37 27 17 3 69 5 26 8 57 10 45 4 68 63 6 30
1285 1285 63 10 44 54 60 45 3 41 2 3 23 26 52 64 16 29 67 54 26 30 9 49 48 41
1892 1896 55 32 53 19 26 10 16 68 25 32 52 31 54 4 2 57 44 27 33 27 4 69 3 10
2497 2538 57 66 12 41 51 19 21 58 64 27 41 62 7 45 8 48 4 58 54 44 67 70 71 6
571 1581 22 24 69 30 65 23 63 0 56 43 24 53 46 10 7 6 31 71 34 55 40 58 71 25
4975 4975 26 50 22 60 55 12 67 41 33 27 53 12 53 50 35 15 43 39 66 70 32 2 37 29
4940 4961 2 42 49 43 11 48 9 61 9 26 42 21 3 66 13 51 66 27 30 33 21 54 30 60
2587 2623 58 17 42 61 36 16 47 55 37 27 43 50 12 41 7 67 49 16 5 52 60 46 30 42
1645 2656 61 18 44 40 68 41 32 22 14 0 12 45 12 47 8 56 66 58 50 22 51 49 23 58
394 394 0 12 0 12 60 36 36 24 0 36 24 12 36 12 36 24 12 60 24 60 0 12 12 60
2 3 68 10 37 34 32 67 71 54 0 33 33 13 44 54 70 40 28 3 2 24 59 37 27 35
3762 3803 64 48 32 0 0 0 48 64 48 32 32 32 8 8 48 48 16 0 32 8 16 8 56 48
1342 1794 24 15 18 63 21 33 66 66 57 12 27 15 48 48 45 63 12 39 48 51 21 33 0 9
2178 2178 38 53 7 22 0 9 18 43 8 52 22 31 52 57 57 53 68 40 56 25 49 25 62 34
1786 1791 60 36 26 32 18 50 16 30 0 56 30 48 34 60 56 2 68 34 54 4 58 48 50 22
2082 2122 14 4 40 10 50 4 56 52 66 22 50 50 42 48 66 62 68 48 2 40 54 28 30 42
127 2372 48 24 70 61 60 48 17 43 42 48 46 53 47 63 51 9 14 61 54 60 53 26 26 34
3948 3948 7 2 30 71 42 1 59 32 8 40 13 5 27 42 55 19 35 21 31 36 65 24 15 31
4039 4061 57 41 15 50 66 56 24 19 12 31 46 8 65 33 59 2 48 29 19 42 31 62 13 65
771 796 61 20 28 23 65 1 39 29 51 16 66 34 9 62 8 68 40 52 6 56 36 43 7 4
2463 4039 22 50 60 71 41 20 15 42 8 29 64 9 57 2 0 11 51 40 4 33 71 58 67 70
2601 2601 51 49 4 43 58 41 5 48 12 35 1 9 2 27 54 18 44 66 14 32 63 41 2 46
3514 3534 65 40 50 14 68 42 34 32 50 67 26 26 47 2 61 0 24 9 62 27 53 24 34 18
2618 2649 68 10 68 52 54 59 15 42 14 27 0 6 60 59 22 68 42 2 70 46 62 29 7 47
1735 3808 4 28 66 28 68 64 50 49 31 7 34 26 70 70 44 49 45 24 20 43 8 20 8 35
981 981 58 64 28 0 32 8 57 14 17 68 12 11 56 69 33 53 45 14 0 27 42 9 51 55
3261 3262 41 43 58 32 71 50 45 57 58 0 52 60 18 58 39 43 7 12 13 39 9 44 25 11
3230 3276 32 13 20 43 6 65 68 56 51 57 14 46 7 47 35 47 59 19 47 47 16 41 38 61
185 4437 9 5 9 19 42 11 36 71 28 13 33 49 25 37 2 9 14 64 69 2 67 13 38 8
3088 3088 32 42 6 9 43 24 53 17 58 6 46 50 53 19 11 61 3 1 59 54 68 50 68 52
656 672 49 31 35 12 29 16 60 22 23 48 34 36 17 38 60 52 31 30 0 15 65 57 2 26
566 571 34 31 50 46 37 6 70 40 21 53 0 55 67 42 68 12 25 31 28 70 68 42 10 66
2772 3695 44 18 63 67 50 50 34 1 68 43 8 43 49 22 11 19 47 53 26 56 56 14 19 1
1996 1996 7 6 6 8 12 42 18 18 49 14 56 60 69 17 49 6 62 20 51 68 63 23 62 14
3215 3229 36 71 32 19 4 7 21 17 43 62 57 0 59 31 9 70 15 36 62 42 5 56 30 40
1852 1867 41 21 51 17 33 38 21 54 65 10 30 46 53 67 37 6 59 34 49 71 50 14 10 3
1035 1127 49 59 32 47 13 45 25 40 36 34 17 30 28 19 48 24 63 21 23 60 7 56 66 66
3937 3937 0 0 0 0 0 0 0 0 0 0 0 0 0 0 0 0 0 0 0 0 0 0 0 0
1795 1804 37 47 8 40 71 50 56 46 60 56 61 49 71 26 18 59 0 36 24 4 41 44 16 25
3486 3520 2 27 4 46 37 46 12 60 9 49 20 43 44 54 62 44 30 61 36 62 35 60 60 57
2203 3511 12 66 15 29 3 11 53 30 28 62 31 60 3 29 31 34 59 68 61 24 66 61 46 20
1001 1001 6 46 50 64 32 12 16 62 38 0 46 26 0 6 8 54 32 26 40 20 32 48 44 32
2696 2702 3 11 62 24 31 20 63 61 57 3 0 17 39 9 36 57 58 6 64 40 35 19 47 7
4689 4705 57 38 59 22 63 33 13 55 21 37 55 46 46 42 18 13 55 69 60 48 22 38 30 32
45 1774 19 58 54 47 48 6 25 0 56 35 71 67 40 63 54 68 3 37 17 34 38 49 40 42
769 769 0 0 0 0 0 0 0 0 0 0 0 0 0 0 0 0 0 0 0 0 0 0 0 0
4240 4246 66 33 59 8 5 58 15 71 23 39 43 19 16 21 30 60 46 13 41 42 56 27 33 38
2172 2203 11 26 19 23 70 6 6 12 29 41 34 2 25 43 26 53 22 41 32 51 13 43 17 7
2544 3294 66 20 29 44 34 25 34 37 23 14 51 40 11 51 45 68 13 57 10 6 42 13 57 0
727 727 67 0 12 63 15 38 48 33 55 17 69 27 10 31 10 28 34 5 55 16 69 71 24 12
2983 3005 9 7 5 20 29 62 6 55 39 52 32 27 57 9 4 51 49 35 52 37 14 69 27 24
2283 2300 16 23 61 69 67 8 14 70 30 27 30 21 1 8 8 42 31 6 54 27 0 7 33 30
652 4213 11 57 67 66 21 63 40 32 28 71 67 30 55 19 67 10 5 23 33 59 33 71 50 12
686 686 0 0 0 0 0 0 0 0 0 0 0 0 0 0 0 0 0 0 0 0 0 0 0 0
2600 2614 71 46 48 3 37 48 47 25 1 19 62 59 70 37 29 63 60 8 32 43 38 58 65 68
4864 4882 29 12 18 66 49 30 69 48 22 6 33 53 38 1 61 26 56 45 7 40 67 52 57 11
129 451 40 21 65 11 64 24 15 24 68 61 52 22 25 45 58 37 14 45 46 64 32 68 53 19
3976 3976 43 35 47 43 8 42 19 46 47 41 66 12 27 20 55 26 3 11 35 18 40 48 26 33
4828 4841 56 15 50 28 56 28 43 26 13 21 43 67 40 31 24 31 27 52 2 35 3 23 22 3
2679 2680 41 62 22 13 38 52 59 68 52 55 12 30 23 60 49 65 44 4 27 21 39 66 3 34
1738 2625 8 27 62 8 9 37 62 7 16 64 31 45 65 22 16 8 14 10 14 45 28 15 65 53
3801 3801 3 9 61 68 48 34 46 11 52 61 24 47 53 37 35 64 39 56 68 47 0 49 5 16
4922 4925 22 71 45 54 27 58 24 6 6 42 66 37 9 56 57 55 31 38 24 71 7 52 54 22
616 630 42 48 12 45 21 21 69 0 12 54 66 0 69 0 6 6 42 39 57 42 48 57 63 27
432 1900 18 60 28 66 58 53 4 49 44 68 71 29 69 30 48 37 45 40 6 0 4 8 32 37
1817 1817 16 42 38 48 62 24 18 54 26 34 46 20 50 4 30 58 34 20 42 30 18 0 38 28
1012 1022 47 53 27 47 65 15 71 1 63 41 6 42 63 48 70 0 24 13 21 19 43 39 7 30
1161 1169 38 31 67 33 69 37 28 0 11 32 47 17 33 49 38 17 11 36 21 67 31 46 30 43
582 2881 27 68 10 45 1 56 18 16 62 15 41 13 32 21 29 23 28 50 34 50 9 60 41 51
4396 4396 47 38 0 15 14 7 54 1 65 4 40 67 56 4 53 67 5 13 44 32 8 44 18 38
2718 2732 24 56 16 12 58 48 28 2 12 22 68 30 46 32 62 50 14 32 48 24 70 12 14 4
3675 3717 68 9 64 0 20 65 44 47 10 62 67 51 39 47 45 63 70 67 10 57 8 4 65 42
34 165 68 58 23 55 34 39 16 8 38 1 3 57 29 66 71 0 59 71 23 35 31 4 62 10
4418 4418 0 0 0 0 0 0 0 0 0 0 0 0 0 0 0 0 0 0 0 0 0 0 0 0
1614 1631 16 4 54 21 70 20 21 2 49 46 30 43 60 18 58 32 40 40 66 47 47 69 13 60
3284 3313 35 43 7 49 46 14 53 19 49 59 18 23 41 40 27 38 50 10 4 61 42 65 34 8
385 2812 49 36 11 40 19 56 51 25 53 36 52 70 0 3 48 47 7 2 1 31 20 52 45 39
4171 4171 18 10 50 6 45 6 51 18 36 51 18 19 40 16 35 64 63 38 49 13 54 49 30 58
3684 3694 44 44 20 34 24 70 24 14 6 54 42 58 16 2 8 18 16 30 0 24 44 44 2 22
2704 2715 1 22 15 54 40 1 5 61 25 54 51 5 43 68 39 26 71 4 27 26 11 20 0 58
1020 4402 25 65 3 10 30 34 58 10 50 12 62 28 12 41 13 20 12 62 8 10 44 42 0 11
3054 3054 12 11 7 54 21 31 42 34 60 52 64 6 69 62 66 51 41 52 63 22 60 3 30 11
1797 1814 52 61 56 53 7 22 59 56 66 20 3 59 56 41 56 17 10 31 22 35 64 0 64 66
1248 1272 14 71 50 1 49 21 14 61 68 38 10 59 19 34 18 6 6 66 65 70 39 51 13 60
1003 1528 21 13 41 32 14 26 39 46 63 36 34 52 48 55 28 17 0 9 24 1 56 36 29 0
1369 1369 0 0 0 0 0 0 0 0 0 0 0 0 0 0 0 0 0 0 0 0 0 0 0 0
2086 2108 49 30 3 66 55 29 44 29 5 66 60 17 16 17 62 59 23 0 29 30 34 49 34 4
3456 3484 22 23 53 70 60 63 26 44 5 47 23 12 48 60 60 57 38 40 14 27 44 65 69 35
2188 3318 50 25 53 2 24 3 30 25 20 38 41 32 70 60 11 7 54 56 29 58 28 67 69 32
2785 2785 0 0 0 0 0 0 0 0 0 0 0 0 0 0 0 0 0 0 0 0 0 0 0 0
1276 1287 41 8 69 62 27 57 39 36 26 23 57 10 34 27 45 3 30 38 11 26 57 3 6 42
4059 4080 3 6 7 66 20 7 68 11 30 19 56 35 44 68 21 59 60 42 56 33 52 66 65 34
173 2177 62 18 64 0 16 70 24 4 40 20 48 28 46 50 24 0 28 54 4 32 24 50 46 60
2180 2180 6 32 45 21 20 26 61 34 40 56 27 30 39 0 34 49 23 36 61 37 60 5 44 11
2817 2840 44 41 5 55 40 62 30 0 22 9 65 49 29 50 46 22 28 20 12 61 5 56 52 46
3100 3112 12 52 0 36 36 8 0 60 12 8 60 48 44 68 16 20 16 68 20 4 28 24 40 0
1015 2490 6 6 6 14 32 58 30 32 40 6 24 58 10 4 34 12 62 38 34 28 24 36 16 70
1624 1624 3 0 3 15 48 54 15 39 21 9 21 60 51 30 57 9 45 54 0 12 39 30 6 57
2146 2158 70 35 60 21 54 15 22 38 19 20 52 15 21 51 29 53 32 10 17 25 33 68 19 21
2102 2118 62 26 54 62 24 10 60 60 8 14 60 22 18 4 36 0 30 56 32 14 38 0 6 28
1700 2988 10 0 62 53 53 33 66 7 38 45 23 21 19 28 23 48 70 63 20 65 3 2 20 14
2366 2366 0 0 0 0 0 0 0 0 0 0 0 0 0 0 0 0 0 0 0 0 0 0 0 0
2763 2769 45 68 60 32 39 66 15 46 2 66 0 45 37 36 15 71 45 39 47 16 55 53 56 30
3040 3058 26 7 37 66 0 9 62 9 9 5 34 66 25 33 33 63 60 59 66 52 46 3 61 63
1009 4538 38 70 3 0 68 27 16 47 31 16 40 7 27 29 58 62 23 61 9 2 67 63 40 45
507 507 36 48 40 64 16 8 44 68 32 8 44 36 32 20 0 4 64 60 24 4 68 36 36 16
2268 2269 60 18 58 64 67 62 63 21 31 5 2 48 13 35 50 50 66 33 61 7 50 56 1 48
160 183 68 39 14 7 20 54 0 70 43 55 36 45 4 8 42 9 69 67 14 33 55 2 42 0
2712 4004 41 63 4 40 4 54 50 50 70 31 19 69 35 49 15 57 33 59 47 17 13 34 49 67
683 683 62 67 66 54 31 47 22 14 12 70 19 39 70 5 65 59 62 3 26 36 62 63 36 4
4089 4101 6 23 38 18 59 59 45 19 39 69 27 54 63 28 16 39 28 39 36 56 5 20 1 12
893 932 30 68 67 49 44 10 17 68 47 31 36 12 7 46 16 17 18 23 69 8 21 63 33 16
513 566 3 22 15 65 27 63 62 15 32 6 18 59 51 69 46 61 13 5 7 39 48 0 65 48
1046 1046 0 0 0 0 0 0 0 0 0 0 0 0 0 0 0 0 0 0 0 0 0 0 0 0
3378 3390 40 9 60 58 55 13 40 27 69 6 29 10 18 49 38 42 37 6 54 9 46 48 18 64
2522 2562 36 36 36 36 0 36 0 36 0 0 0 0 36 0 0 36 0 0 36 36 0 0 0 0
37 975 39 11 63 16 55 20 49 22 71 49 55 14 12 37 60 20 59 17 24 19 68 59 5 18
3345 3345 64 68 32 8 52 32 64 8 24 36 40 32 60 40 32 52 64 64 36 8 24 24 24 40
1982 2005 34 28 12 56 40 64 60 28 34 40 52 24 58 54 50 8 48 36 70 12 34 34 16 4
799 807 57 71 33 15 19 69 50 58 65 64 6 52 45 10 35 35 67 51 15 24 0 14 41 37
1684 3793 40 40 29 61 53 0 26 21 23 17 38 10 1 3 20 18 45 60 6 44 69 11 9 19
1277 1277 24 24 54 3 6 66 57 33 45 42 60 45 60 21 33 12 33 51 36 27 63 30 6 45
2566 2580 5 53 25 12 50 69 13 6 1 25 19 31 41 14 6 10 41 11 55 16 32 0 48 25
4023 4053 26 48 58 59 34 27 18 22 65 25 25 62 27 37 57 68 68 54 7 44 13 38 22 43
1506 2344 42 2 69 32 7 24 20 56 14 29 22 40 22 26 3 29 37 51 43 32 61 11 16 17
2283 2283 37 65 49 49 70 62 19 47 6 34 1 69 16 33 59 28 48 34 0 39 52 27 1 47
783 800 28 66 20 49 45 49 35 10 24 1 47 57 16 70 4 40 23 8 53 60 58 12 0 70
2291 2295 53 4 46 50 45 9 64 6 56 34 30 16 71 29 4 44 47 31 27 58 45 23 19 8
222 460 11 19 30 14 61 70 0 66 64 16 15 62 7 43 14 10 20 61 67 65 24 48 41 35
3897 3897 36 24 39 15 21 63 3 12 36 9 54 6 36 54 63 66 60 63 51 18 45 51 42 39
2385 2402 62 48 45 69 48 38 16 4 45 0 63 23 55 30 11 19 14 66 34 58 58 65 8 46
4196 4227 0 0 0 0 0 0 0 0 0 0 0 0 0 0 0 0 0 0 0 0 0 0 0 0
658 3435 40 66 33 0 19 65 27 62 48 20 44 7 52 68 58 50 18 60 22 38 24 49 14 64
4452 4452 64 54 0 12 29 27 54 54 13 71 60 28 8 23 13 5 34 59 24 36 47 61 17 25
1932 1950 10 28 8 12 40 40 52 34 30 44 60 38 70 52 0 26 8 0 14 62 46 26 36 20
4517 4535 34 15 29 57 16 71 47 54 26 43 30 12 55 3 15 53 7 63 43 13 0 31 36 39
1602 2890 25 71 49 39 69 15 67 13 0 23 12 35 62 9 44 56 55 25 20 41 39 33 26 56
3933 3933 34 55 12 66 39 38 63 19 52 30 32 6 22 41 10 11 28 67 24 70 70 25 22 45
966 978 55 42 22 14 49 3 9 50 2 51 55 31 32 9 26 68 52 1 19 9 71 20 43 35
1589 1621 17 1 39 6 16 53 24 9 48 11 40 62 33 56 48 18 38 35 32 11 28 52 51 10
4230 4920 45 66 39 22 69 32 36 60 48 14 11 62 5 29 37 65 63 8 61 4 67 26 54 43
1399 1399 0 0 0 0 0 0 0 0 0 0 0 0 0 0 0 0 0 0 0 0 0 0 0 0
4922 4924 46 55 51 26 63 4 14 54 32 58 16 39 13 24 21 53 59 30 14 23 5 36 48 46
3497 3543 35 49 44 51 50 43 0 56 42 58 13 7 14 62 4 9 3 43 56 52 69 67 23 58
2243 2504 32 56 4 14 10 32 64 8 48 42 16 6 62 20 64 38 10 62 42 6 4 62 68 50
2846 2846 0 0 0 0 0 0 0 0 0 0 0 0 0 0 0 0 0 0 0 0 0 0 0 0
771 787 56 45 17 24 62 3 24 64 9 44 67 29 59 47 33 15 7 67 9 30 65 40 29 61
4845 4850 37 66 58 24 54 68 26 55 52 10 48 9 13 50 38 52 66 25 41 51 71 60 4 58
1583 2685 56 8 46 34 36 2 50 24 2 52 36 40 46 36 52 54 56 34 10 66 0 58 70 8
3632 3632 0 0 0 0 0 0 0 0 0 0 0 0 0 0 0 0 0 0 0 0 0 0 0 0
4533 4556 16 37 70 10 59 21 51 39 51 48 8 15 66 50 48 6 50 33 45 4 35 15 60 65
868 886 46 8 40 48 6 48 53 46 50 12 63 16 52 25 51 32 21 13 36 20 29 27 6 5
105 109 66 3 63 48 69 33 18 3 9 9 15 54 39 54 15 15 30 30 21 69 0 24 21 60
4178 4178 0 0 0 0 0 0 0 0 0 0 0 0 0 0 0 0 0 0 0 0 0 0 0 0
274 276 51 64 29 23 58 2 65 22 70 26 9 55 48 52 43 1 4 13 25 49 63 56 49 32
1888 1895 71 65 54 71 36 52 59 12 13 50 70 36 39 53 16 1 58 52 60 30 40 4 71 44
293 1479 37 71 43 49 64 29 39 16 38 23 69 3 50 24 35 62 49 10 20 60 27 64 38 56
719 719 59 45 46 30 62 52 29 1 48 70 45 63 69 40 0 54 23 14 65 48 7 65 37 51
287 300 40 14 38 26 14 38 48 18 70 10 38 10 34 62 68 50 0 14 62 34 18 12 46 8
1704 1743 1 25 48 8 66 53 29 50 24 19 46 16 63 5 33 63 17 25 55 27 1 37 60 16
915 4799 6 59 21 59 44 46 36 59 58 62 23 29 54 58 56 39 33 29 42 11 35 29 59 32
1523 1523 41 38 29 61 68 11 63 17 48 55 22 36 51 49 46 13 58 56 16 31 35 41 63 55
551 560 19 38 5 9 71 38 1 49 4 46 22 42 28 3 63 66 34 30 5 64 12 26 2 32
2445 2453 28 4 46 32 23 50 15 14 39 5 47 32 41 17 65 14 35 17 8 65 37 6 17 67
51 1495 7 45 61 2 37 65 61 47 4 46 19 53 22 47 52 29 50 30 61 14 24 60 8 63
3601 3601 42 56 71 12 51 24 15 49 37 1 24 66 56 46 46 68 11 50 8 15 54 61 6 34
3479 3483 38 45 16 38 25 30 55 35 37 50 58 45 39 47 8 35 0 60 17 50 27 27 63 27
4676 4694 30 10 4 38 60 2 68 64 68 40 54 44 64 6 66 28 48 64 22 66 66 70 34 64
657 2178 18 49 27 61 56 35 66 38 54 20 25 47 19 38 35 24 59 44 39 25 37 12 32 31
2124 2124 37 27 25 31 54 18 4 61 36 0 53 14 55 46 31 5 17 13 58 43 34 5 12 24
1188 1194 30 52 22 39 28 21 50 58 54 1 20 30 36 27 0 1 33 9 26 31 13 16 38 18
1789 1807 50 50 10 10 46 23 27 53 3 30 68 37 12 34 54 37 55 56 63 66 18 44 7 51
87 204 9 43 42 21 29 68 66 69 3 53 23 27 54 24 13 17 59 2 41 3 24 7 7 1
2962 2962 63 40 48 69 2 32 58 25 63 60 20 70 69 70 13 20 54 51 50 44 42 13 29 51
2368 2391 69 54 33 0 9 63 45 21 45 60 15 36 9 0 9 69 33 60 42 15 51 18 18 36
555 568 50 16 13 29 14 10 69 44 10 69 44 31 44 30 56 34 16 15 18 43 28 15 9 46
2062 4158 68 18 42 67 6 27 44 61 58 12 27 2 57 26 23 13 4 64 27 62 32 26 34 21
4782 4782 6 36 30 54 6 6 12 54 24 24 6 6 36 48 54 18 54 48 48 0 42 66 36 54
4006 4028 46 51 20 34 60 17 21 67 47 12 21 71 30 25 50 17 41 27 67 43 35 47 36 57
1712 1734 53 35 52 38 63 16 24 20 10 20 14 44 35 18 51 24 48 68 70 48 55 36 66 2
1313 1566 32 51 58 43 23 17 49 63 4 34 58 37 36 71 64 53 33 2 2 18 67 66 36 15
2213 2213 5 26 53 14 59 22 52 64 1 46 51 33 52 25 46 66 17 29 9 33 43 23 19 33
289 307 35 12 9 55 60 69 30 31 24 53 70 23 15 16 1 49 54 50 7 52 20 0 46 8
4065 4086 53 64 10 8 31 10 8 16 11 35 44 64 65 50 12 35 26 27 27 45 56 5 56 61
18 766 56 9 49 27 57 48 51 33 32 25 20 28 47 2 42 25 71 22 4 50 46 40 16 11
2925 2925 4 15 59 53 66 42 58 19 13 51 58 61 28 55 49 52 15 4 39 61 66 23 33 70
2568 2575 68 14 38 53 28 48 25 67 42 58 57 61 1 64 11 63 14 55 44 30 9 62 56 15
2906 2912 13 19 3 71 8 56 13 46 8 70 19 47 14 38 19 29 68 2 40 53 27 40 69 11
64 210 42 48 52 26 37 8 42 62 9 0 53 11 55 37 66 7 66 22 67 32 60 64 49 41
4618 4618 60 18 20 24 48 14 48 16 0 52 8 58 34 52 4 10 62 42 46 0 62 56 20 66
876 892 30 55 66 65 38 17 70 50 58 9 45 70 70 31 64 61 12 7 59 25 30 45 41 66
3335 3340 2 20 36 40 24 14 70 48 28 28 66 22 26 34 10 2 2 30 50 18 34 58 26 24
444 1452 9 65 31 47 55 55 13 70 28 10 0 19 21 0 6 29 71 33 47 16 71 35 62 36
3109 3109 0 0 0 0 0 0 0 0 0 0 0 0 0 0 0 0 0 0 0 0 0 0 0 0
3985 4001 56 52 32 67 41 32 7 64 68 5 68 19 28 17 40 49 42 59 61 49 1 64 34 6
2512 2537 60 58 8 29 7 67 36 59 45 23 51 71 40 1 2 14 14 68 19 56 30 15 9 19
1686 4618 66 46 15 70 6 49 71 54 44 62 37 57 61 38 47 63 4 48 36 45 8 47 44 69
1611 1611 10 12 62 51 6 14 3 39 19 67 32 15 57 1 48 31 66 40 27 47 49 29 48 12
2854 2859 28 59 67 47 8 5 60 56 48 65 38 67 31 61 67 45 34 43 48 63 22 69 46 42
4563 4567 38 50 60 12 58 32 52 34 30 66 14 2 36 0 16 66 70 32 62 62 4 70 42 20
1727 2763 68 49 59 45 41 58 45 16 8 60 66 34 58 65 1 38 62 64 40 54 51 14 9 18
3163 3163 27 68 19 70 6 7 23 20 56 22 13 8 25 10 67 7 5 53 41 60 60 30 59 65
2720 2736 67 39 66 71 5 28 10 2 70 41 66 64 54 38 39 20 64 64 58 66 44 7 71 29
2409 2439 33 50 55 54 52 62 9 40 41 71 2 56 71 10 31 15 50 31 0 0 50 53 31 63
3764 4482 40 19 7 36 54 61 48 43 49 34 36 68 18 15 1 61 23 20 20 0 57 22 40 39
2565 2565 18 41 71 12 35 26 33 3 69 2 18 29 51 26 54 26 0 53 31 17 28 55 16 13
2513 2526 14 47 7 14 12 58 1 31 33 17 51 44 12 57 19 19 32 11 69 67 34 35 62 0
4132 4138 9 48 16 60 41 57 41 38 42 34 31 13 20 62 28 66 65 27 53 62 10 66 42 30
49 81 49 51 5 23 0 41 49 52 1 4 53 65 43 51 11 55 64 1 30 41 29 10 51 35
3498 3498 48 66 42 30 6 42 60 36 6 6 24 66 24 66 48 30 6 24 24 42 66 60 54 48
407 409 46 36 16 28 28 18 60 2 56 26 20 30 4 10 4 36 12 40 30 62 4 12 48 48
2376 2422 35 67 13 18 20 38 51 10 2 28 44 66 8 36 16 65 15 17 22 28 17 62 28 55
1131 1750 49 33 1 5 41 63 52 43 35 16 27 25 19 48 15 70 68 13 1 31 69 10 41 5
3689 3689 38 15 46 61 25 12 26 35 41 41 57 48 9 31 65 34 42 35 24 38 16 9 13 58
3878 3900 17 24 12 8 53 11 37 18 38 33 50 43 22 12 19 54 70 43 39 29 46 60 14 34
4007 4039 27 0 68 46 39 63 32 31 59 2 39 11 23 48 6 7 18 45 6 59 10 62 25 20
1215 4383 17 61 50 27 63 36 53 7 51 8 63 26 9 28 27 63 58 9 65 17 35 23 30 33
563 563 20 67 62 34 11 71 70 50 51 13 60 39 65 47 13 38 34 64 47 34 35 48 53 7
3718 3738 48 27 50 12 42 66 25 43 24 57 3 15 17 2 70 56 67 8 35 24 29 61 10 15
1 22 54 48 63 18 60 37 38 3 12 19 50 34 30 71 2 7 7 54 39 13 54 16 62 17
759 954 30 3 3 62 23 25 56 32 16 39 34 60 6 43 33 22 43 54 66 37 38 56 66 31
3634 3634 49 64 7 0 7 1 65 62 26 29 51 29 53 71 46 71 30 37 2 68 9 29 42 59
1642 1651 31 26 56 43 61 8 21 53 1 59 66 44 44 56 54 28 3 52 22 42 24 56 5 10
3685 3711 62 43 25 20 36 32 4 68 17 25 60 56 5 70 31 37 66 5 60 42 58 35 31 58
2571 4595 65 49 51 65 22 34 9 38 16 55 27 45 61 53 69 12 66 63 11 66 9 54 5 15
4372 4372 27 33 45 68 20 66 24 58 46 18 52 36 70 32 49 0 55 10 44 8 66 23 16 16
1617 1639 36 8 64 4 32 8 12 44 52 64 68 48 48 28 32 0 28 40 44 36 52 60 56 24
1597 1634 53 40 10 9 28 27 60 36 30 38 22 70 2 41 45 54 22 23 66 53 35 55 28 19
621 2108 25 39 59 36 50 38 6 57 11 70 62 66 14 49 28 14 62 32 30 3 1 9 50 45
114 114 44 10 34 60 46 0 42 30 60 0 66 38 56 58 62 52 66 38 4 26 20 22 32 46
2569 2581 42 36 12 54 24 6 66 42 60 48 0 60 24 36 36 66 6 60 6 12 48 18 48 54
1 5 52 12 71 12 70 8 44 26 36 15 30 56 20 12 23 38 24 49 14 68 57 0 67 14
1427 2292 29 54 6 19 63 32 20 54 64 25 58 32 4 37 5 36 28 54 46 59 4 36 64 45
1745 1745 9 24 35 58 35 24 62 60 41 55 18 3 9 26 60 37 71 47 21 14 52 70 54 60
4820 4829 71 59 49 59 33 44 40 17 8 48 62 10 70 49 16 0 36 46 35 23 23 16 43 3
198 236 55 3 57 45 29 26 69 2 15 53 67 68 47 61 17 61 62 19 39 36 43 69 38 41
1591 2783 29 65 20 35 0 33 57 66 57 43 6 42 20 57 22 10 68 12 55 65 67 7 28 3
4725 4725 2 4 4 7 32 33 60 15 23 52 26 67 44 15 44 42 26 60 70 31 8 65 56 16
1107 1111 20 19 49 28 56 37 48 26 70 66 2 49 6 4 63 67 7 55 14 68 35 40 68 36
621 627 3 16 5 48 12 44 46 12 41 47 31 0 8 14 18 59 60 13 60 62 13 38 4 42
2358 4047 26 63 47 39 33 68 6 31 59 70 39 16 11 12 7 15 18 9 26 55 27 61 63 55
2993 2993 52 59 40 57 19 49 35 54 3 6 15 49 32 60 50 34 18 1 71 47 71 59 66 11
3039 3040 28 68 36 16 44 56 36 44 36 44 64 56 56 20 48 32 32 32 8 36 44 28 0 8
2015 2028 19 60 40 19 42 62 44 16 9 3 54 33 33 17 26 17 7 53 39 57 41 1 55 37
27 832 26 65 20 37 55 31 50 14 52 31 23 40 10 39 26 20 29 5 36 69 45 5 61 60
400 400 64 17 11 69 30 16 18 21 51 57 11 16 1 28 58 23 4 31 21 40 35 48 43 42
4104 4109 32 21 45 20 41 41 30 8 54 26 7 63 26 52 12 14 11 24 67 25 68 40 68 11
4360 4404 47 1 51 21 12 3 62 22 32 17 5 63 61 14 11 12 11 36 26 54 10 35 52 69
78 214 57 11 38 45 48 14 61 5 60 25 34 47 54 41 29 53 3 22 37 58 70 42 45 42
182 182 0 0 0 0 0 0 0 0 0 0 0 0 0 0 0 0 0 0 0 0 0 0 0 0
3096 3106 10 19 66 9 6 10 32 54 39 71 0 34 68 15 66 45 2 13 1 9 16 64 51 51
784 806 60 26 69 31 24 59 9 71 61 27 51 31 68 34 4 55 61 27 60 14 40 43 11 53
1202 3015 45 11 54 65 44 47 5 14 69 68 20 19 14 32 58 41 35 67 30 29 45 32 7 46
579 579 15 61 22 18 44 51 7 2 40 53 21 39 42 4 31 22 24 34 71 25 18 65 52 48
432 437 31 30 38 68 51 70 15 62 24 23 20 21 44 39 46 21 41 64 64 28 36 58 17 57
2785 2799 27 17 31 13 47 60 21 65 42 17 29 13 46 31 43 18 24 66 18 30 62 9 40 29
676 4291 53 70 32 16 9 34 24 71 62 24 30 69 67 58 36 4 59 32 32 44 70 22 37 61
2859 2859 59 6 7 36 25 39 21 2 17 63 14 53 71 30 7 42 3 7 34 0 57 44 43 52
3364 3387 38 70 66 62 49 41 70 15 31 35 15 60 19 27 41 13 22 67 35 36 33 16 57 9
1054 1060 13 9 45 34 53 23 60 32 36 6 9 71 7 38 63 22 32 57 1 33 52 62 65 29
1250 3681 44 8 15 48 24 55 1 56 63 34 1 26 53 13 0 63 16 52 5 21 26 71 41 43
2367 2367 61 54 11 60 65 38 21 33 20 69 63 43 8 23 59 8 63 71 27 65 27 12 14 33
3277 3291 0 66 58 3 17 38 37 27 36 53 68 54 25 12 39 61 27 27 25 47 57 58 42 16
3026 3068 46 70 19 6 37 23 53 20 40 2 4 25 36 33 65 20 1 48 33 1 31 34 14 19
3319 4083 33 32 51 21 19 65 10 2 53 62 2 53 38 39 21 69 39 6 52 45 60 34 67 42
2282 2282 69 57 21 11 21 49 39 61 44 9 65 67 3 66 49 9 60 33 51 50 53 61 45 26
2720 2731 19 0 2 4 62 24 58 56 52 38 40 62 42 58 69 36 9 27 26 59 61 8 12 29
2553 2600 47 4 11 42 4 3 67 66 2 14 24 13 20 59 46 27 12 65 8 32 53 15 65 2
115 311 71 23 24 6 69 62 34 33 29 22 46 35 7 46 20 54 41 9 8 6 34 52 65 27
3570 3570 67 69 38 47 63 7 31 70 35 12 14 53 52 34 19 44 7 49 65 31 20 29 26 11
4151 4153 42 3 28 54 19 17 63 24 12 2 29 27 52 33 10 43 30 20 33 68 19 55 63 13
919 960 65 35 11 48 6 49 5 28 65 28 13 19 0 27 57 61 35 9 25 35 47 57 53 54
60 504 47 39 55 52 47 44 57 52 69 54 53 40 2 22 71 24 33 4 62 21 64 3 53 34
1788 1788 61 1 21 47 38 12 40 29 65 57 39 61 68 38 57 20 1 70 26 2 47 59 41 50
4217 4230 16 45 57 71 52 69 50 37 29 65 62 33 5 33 0 65 3 15 47 58 30 42 2 20
644 651 33 30 9 0 0 30 54 9 33 27 36 54 54 57 51 24 15 39 24 27 30 6 33 57
2923 3051 3 67 52 36 47 20 60 33 2 40 61 9 19 33 59 27 20 54 2 33 28 26 37 71
3159 3159 51 64 50 23 7 39 29 66 25 14 15 9 40 43 40 10 31 7 17 26 70 63 66 44
806 828 29 54 24 40 23 36 7 15 50 68 38 63 62 25 14 62 53 32 6 59 45 10 59 23
3348 3374 7 20 32 27 4 27 20 40 22 34 21 1 61 49 46 60 66 68 58 54 27 64 21 21
696 3161 0 0 0 0 0 0 0 0 0 0 0 0 0 0 0 0 0 0 0 0 0 0 0 0
4912 4912 66 8 19 9 24 12 63 12 61 13 43 28 41 35 40 35 67 57 38 50 39 19 62 39
2162 2171 39 12 37 45 71 37 36 41 25 67 16 5 29 15 54 8 0 25 8 4 67 2 13 12
1570 1573 39 35 35 24 27 19 5 21 0 35 8 34 4 43 5 25 61 54 7 40 4 44 17 17
9 142 50 9 11 53 27 16 55 63 17 20 6 41 32 14 40 21 6 38 4 41 4 65 12 66
2172 2172 27 27 27 0 0 63 36 18 45 27 27 36 54 27 27 54 18 63 27 54 0 54 0 45
1953 1969 12 47 12 35 49 25 64 40 41 37 5 57 43 7 40 48 58 24 13 61 4 25 59 51
1814 1843 51 32 37 59 10 46 15 45 55 70 20 58 36 61 66 61 28 26 10 70 42 64 29 64
1309 2781 3 10 0 45 34 11 61 35 43 52 15 68 7 67 31 58 64 63 1 27 57 3 49 53
826 826 18 54 36 18 36 0 18 36 0 36 54 18 36 0 54 0 36 36 0 54 36 54 18 36
4829 4844 56 14 36 23 31 48 7 4 1 48 5 22 2 11 24 44 3 30 28 47 53 27 32 2
813 847 18 67 19 60 7 36 52 45 18 47 38 36 33 43 47 41 26 58 3 53 52 4 26 25
599 914 12 10 51 55 22 45 70 7 28 19 54 8 7 60 24 25 51 42 63 45 65 66 9 39
1302 1302 55 69 33 55 28 20 68 30 3 66 36 41 39 61 35 5 37 37 12 6 7 57 19 38
4667 4688 15 3 35 36 2 0 11 50 39 0 6 67 48 60 8 40 63 13 62 14 64 28 49 4
3952 3957 52 66 53 53 42 7 3 59 4 43 7 49 68 15 34 12 56 26 14 37 51 30 68 34
46 1074 51 49 67 40 23 33 29 53 69 67 21 40 47 57 69 67 51 11 39 5 8 4 34 21
4238 4238 71 19 69 24 41 24 16 46 57 6 28 21 32 46 18 62 39 53 18 68 15 45 42 49
621 639 63 39 44 10 43 25 28 44 70 8 4 67 62 2 51 27 48 23 57 29 48 56 18 2
1992 2022 38 35 4 19 16 60 36 40 28 56 70 58 7 23 23 36 37 52 5 41 24 67 43 0
1657 1936 26 32 2 22 38 37 43 47 43 41 30 31 55 42 25 4 33 63 58 54 17 40 52 3
2335 2335 56 11 59 17 68 54 0 46 64 32 2 40 52 61 68 65 40 7 59 11 17 58 61 65
725 745 8 52 28 24 16 42 20 64 49 71 9 60 62 36 22 58 3 58 67 13 47 47 61 36
3619 3653 29 25 16 45 56 28 18 43 38 54 2 55 68 32 14 37 51 31 54 39 16 36 67 27
365 1497 70 28 18 64 40 24 4 48 54 2 10 44 66 32 36 4 50 52 30 10 20 68 56 50
3173 3173 26 9 10 39 2 20 0 68 13 2 18 45 29 19 55 59 18 22 24 24 36 28 13 39
2 7 28 58 20 12 50 20 14 18 42 34 68 56 32 46 32 56 48 50 6 24 58 56 70 22
4446 4451 50 29 67 24 20 31 13 53 28 71 65 53 56 61 34 69 42 64 49 50 4 68 31 7
1512 1708 49 38 11 15 34 29 63 68 10 45 55 39 67 19 21 37 49 12 60 54 9 19 13 38
2768 2768 27 2 32 19 30 64 22 3 20 51 26 11 36 28 41 13 42 25 63 65 61 12 64 0
664 668 5 5 12 55 68 22 42 21 42 7 54 54 37 54 28 19 13 11 66 46 37 68 50 15
925 953 22 39 66 55 36 45 36 34 47 71 45 51 12 55 45 58 28 8 12 20 17 51 7 55
1195 1766 0 44 62 50 2 0 30 24 66 12 36 16 66 2 24 70 20 60 58 60 32 22 58 6
4651 4651 3 65 22 2 63 34 15 9 54 50 66 68 39 58 33 4 24 41 54 59 66 58 0 48
3433 3441 6 58 40 57 9 71 0 0 25 12 43 51 65 32 4 17 16 18 12 24 46 53 31 41
21 64 23 15 31 20 7 16 13 21 21 43 54 50 18 52 62 12 49 45 64 35 3 57 42 30
118 301 65 4 13 26 46 19 11 57 29 59 51 5 9 0 52 40 43 53 34 27 16 7 17 48
116 116 52 21 17 46 26 48 19 45 52 53 7 55 31 28 3 18 9 12 8 30 42 53 43 19
393 414 55 60 34 36 54 26 67 70 56 51 38 10 35 68 59 29 61 60 12 20 18 39 35 26
1843 1855 45 34 60 60 69 4 67 41 17 18 49 39 49 38 33 38 27 67 15 0 8 11 24 37
3066 3274 34 29 45 51 40 43 47 26 46 42 50 6 68 15 52 47 23 50 24 46 8 0 45 15
3273 3273 51 37 21 71 41 9 20 41 21 25 67 17 24 28 68 34 22 30 53 13 5 54 37 58
1462 1475 26 32 3 36 52 2 50 43 57 44 10 1 20 57 10 26 11 71 19 59 43 19 56 68
815 823 70 68 3 54 39 35 37 62 63 1 28 32 45 69 67 38 28 39 47 66 35 58 56 20
76 830 28 19 9 34 35 67 19 59 62 0 64 42 35 22 63 70 39 58 66 53 18 16 37 70
659 659 42 32 63 44 13 36 38 52 41 46 70 17 41 28 32 8 36 4 11 62 69 69 43 68
3445 3463 57 48 24 29 61 12 52 26 17 0 4 18 18 70 65 33 70 19 14 19 23 41 42 17
3130 3134 23 10 3 23 52 42 18 13 23 16 46 38 54 69 46 40 57 51 29 3 51 42 40 45
231 1005 63 26 35 47 55 41 40 44 64 68 20 43 19 31 9 5 54 61 43 50 38 56 68 22
1592 1592 10 38 55 69 62 23 19 39 48 18 44 29 48 51 69 8 17 14 13 25 62 1 69 22
1794 1799 63 64 48 24 5 19 44 5 61 18 25 12 65 13 68 59 53 59 71 29 36 54 0 0
925 933 66 34 35 0 28 44 39 57 34 13 30 55 63 58 62 38 2 40 13 36 4 10 2 8
312 3019 44 8 48 36 52 64 20 68 16 40 40 44 48 16 60 4 36 4 8 52 36 44 40 68
1762 1762 46 65 14 25 39 12 62 51 17 2 21 38 42 23 29 45 41 51 11 10 3 47 71 15
419 423 56 37 36 18 10 47 46 25 51 59 52 2 2 24 0 71 31 3 30 36 25 16 14 24
1571 1618 66 70 66 2 44 65 53 69 6 52 17 70 37 55 27 30 26 60 13 58 68 21 45 5
2014 3565 39 49 32 48 10 2 23 0 63 60 28 54 59 27 45 49 41 56 11 42 16 26 43 9
2092 2092 24 55 1 35 29 64 66 16 8 62 16 31 58 6 59 33 71 1 29 57 70 54 43 58
2780 2784 8 3 2 12 45 17 27 8 32 6 17 21 43 40 2 53 64 52 54 59 34 44 49 65
423 432 67 33 46 13 42 36 0 37 37 20 6 6 47 13 22 9 45 69 51 36 8 49 0 21
18 57 46 37 5 13 5 25 64 53 42 24 66 7 69 63 68 64 37 22 50 4 44 40 51 34
2309 2309 30 41 49 41 7 37 23 14 36 33 67 8 34 49 44 47 41 47 42 56 61 47 63 50
757 775 18 9 36 60 21 27 69 3 51 39 27 6 24 63 57 27 48 66 3 12 6 36 36 54
1008 1008 67 18 68 17 45 20 31 33 19 51 25 41 16 32 47 8 20 14 63 13 34 18 50 28
649 3507 66 48 24 62 57 7 28 6 59 5 55 19 3 57 24 28 25 10 3 66 50 55 45 54
4780 4780 42 24 6 36 6 42 66 24 60 60 42 48 66 6 24 60 30 18 24 24 66 42 42 6
2256 2261 22 1 15 42 70 23 60 5 5 3 48 67 44 39 7 17 67 47 50 6 49 32 4 24
726 769 0 10 26 24 44 38 46 36 12 67 29 57 18 63 61 62 10 17 34 49 23 49 42 24
1079 1236 66 6 15 0 30 66 15 18 39 66 12 66 33 60 60 27 42 0 45 57 9 39 63 12
1431 1431 40 15 62 47 39 35 55 57 40 66 68 14 33 67 11 15 0 56 47 69 10 53 9 3
3509 3516 43 59 27 58 35 29 63 63 53 28 53 40 46 68 17 31 48 33 65 39 13 24 32 52
2540 2552 19 65 32 69 51 27 21 2 3 14 44 53 41 18 15 1 51 61 67 15 0 51 1 56
3397 3482 2 49 48 40 29 67 29 46 60 65 67 30 34 37 60 32 57 48 38 3 38 39 42 65
3069 3069 15 9 41 40 21 70 27 0 34 39 65 49 64 34 44 70 2 13 48 39 4 63 45 7
1984 2001 68 6 68 35 28 65 55 50 2 0 54 57 5 68 44 39 64 51 62 28 32 54 39 67
1737 1754 69 2 45 24 60 31 7 27 61 36 67 44 26 4 7 13 71 60 57 24 61 29 51 30
2245 4404 21 64 32 21 52 38 71 57 22 28 30 58 50 11 37 37 20 62 40 4 49 68 17 3
3309 3309 17 50 58 57 41 50 18 24 5 57 6 58 53 24 58 31 39 21 0 43 59 34 39 62
789 810 63 48 59 51 53 37 57 19 37 38 48 4 11 35 56 7 32 28 62 36 51 20 43 2
3945 3988 25 67 13 38 43 13 61 27 51 42 68 66 14 50 59 7 6 26 24 13 24 16 70 46
2111 3904 62 55 21 9 64 43 11 43 18 71 53 54 38 42 43 54 22 28 69 32 55 53 58 13
3145 3145 14 52 58 16 33 36 65 1 45 7 21 7 12 69 37 14 3 42 30 40 66 54 53 66
1366 1366 46 16 53 54 0 45 14 6 34 42 22 59 13 32 30 27 5 67 42 24 65 66 17 38
3673 3694 5 44 44 33 47 66 11 17 21 2 8 23 4 42 71 28 21 56 56 42 2 5 30 7
346 486 6 54 38 68 26 32 2 52 70 66 40 28 26 22 62 34 16 20 20 16 34 48 70 10
2144 2144 22 66 31 25 62 27 5 58 15 8 24 48 17 58 41 4 9 39 68 4 5 67 35 15
713 734 44 7 10 71 23 27 63 60 30 47 5 69 15 27 56 51 24 7 67 35 60 1 45 64
2181 2215 57 48 13 21 46 8 60 57 58 12 10 20 59 69 48 40 69 21 57 33 38 38 68 45
1105 4043 22 13 1 64 61 55 49 38 64 25 51 34 18 1 47 23 60 6 24 69 70 68 10 33
3190 3190 68 55 19 38 52 67 41 14 26 31 21 34 68 29 61 7 55 10 9 2 52 41 46 50
1000 1018 58 54 45 67 65 38 15 34 24 15 58 39 56 43 42 61 55 14 13 37 37 68 14 56
2108 2112 27 68 58 60 28 34 45 39 47 6 47 1 67 9 47 25 0 43 47 35 69 33 53 65
320 1257 64 18 30 8 28 38 67 70 47 57 32 47 23 31 40 41 16 34 15 64 0 8 40 68
3093 3093 38 16 44 45 47 63 37 66 18 47 35 66 66 6 58 71 16 4 43 43 65 3 18 4
2950 2957 21 32 9 59 9 31 33 3 44 51 46 65 69 37 53 27 32 3 7 21 70 54 5 48
4590 4633 9 35 28 45 28 51 21 63 3 24 61 4 17 60 7 67 29 43 53 32 55 2 57 12
3375 4751 51 64 30 25 51 52 31 36 37 18 67 13 42 29 48 1 35 0 67 69 56 31 36 14
3265 3265 0 0 0 0 0 0 0 0 0 0 0 0 0 0 0 0 0 0 0 0 0 0 0 0
576 590 0 0 0 0 0 0 0 0 0 0 0 0 0 0 0 0 0 0 0 0 0 0 0 0
910 954 17 34 19 8 55 24 2 40 10 18 54 11 17 21 54 18 44 60 10 14 11 39 36 28
973 1787 57 41 23 20 5 40 41 4 41 5 11 11 49 13 17 12 35 26 9 37 20 51 30 2
3981 3981 51 59 8 47 34 33 15 34 57 23 13 17 64 51 69 1 68 31 4 47 20 70 17 58
541 545 18 32 38 62 60 64 18 6 60 42 64 40 36 40 50 6 48 34 4 36 2 42 50 68
3028 3044 32 42 38 30 70 32 68 64 32 70 34 40 32 32 54 42 64 18 16 28 0 48 46 60
21 3508 61 53 1 14 14 51 71 18 39 31 3 2 9 67 41 2 35 44 18 26 61 14 23 24
983 983 64 44 23 71 25 48 51 4 19 37 69 63 41 14 26 62 47 50 26 0 68 64 64 65
3001 3008 67 5 52 23 22 37 16 63 47 36 7 71 67 39 46 30 46 50 3 10 32 1 28 31
1373 1375 65 64 70 49 2 58 12 65 43 55 67 50 54 48 28 40 43 27 52 36 32 11 55 1
1823 2064 31 47 10 43 23 69 38 45 35 53 29 26 39 55 18 41 6 38 37 16 56 24 47 60
2656 2656 48 48 40 32 0 0 16 0 64 48 64 24 24 40 56 64 56 8 16 56 40 48 56 48
4406 4407 64 8 48 56 40 16 48 48 16 48 40 24 48 40 48 8 32 40 8 56 32 64 24 48
2243 2277 0 7 6 71 56 48 69 4 36 60 40 19 54 71 22 65 37 47 25 11 14 58 36 25
591 1088 48 66 18 30 14 40 48 2 58 14 38 38 38 64 64 54 22 56 44 58 32 16 68 34
1282 1282 15 20 0 49 70 30 0 59 41 69 60 64 66 41 41 64 32 46 61 48 2 36 3 5
1915 1935 45 63 19 51 46 22 17 62 8 39 38 3 30 43 9 22 61 68 43 51 13 45 11 48
4095 4123 54 17 64 11 36 70 37 20 49 16 9 37 5 46 67 65 2 65 3 24 11 5 41 68
209 352 67 12 61 30 13 50 50 63 9 71 32 23 44 4 18 52 71 40 48 53 23 59 20 14
4885 4885 0 0 0 0 0 0 0 0 0 0 0 0 0 0 0 0 0 0 0 0 0 0 0 0
1257 1259 20 29 68 58 36 4 31 40 41 38 68 22 48 21 67 16 52 24 49 60 26 31 57 63
2660 2686 21 63 65 52 11 16 2 57 14 52 13 27 42 60 54 37 63 65 11 11 15 65 40 11
1794 4434 38 35 29 46 60 33 11 26 56 51 13 56 1 20 8 65 16 55 70 67 25 18 14 18
1195 1195 63 50 23 11 28 34 29 47 10 53 69 39 14 59 49 35 55 28 53 56 43 62 32 19
4367 4379 66 0 56 7 47 44 34 29 66 30 0 28 28 59 22 68 54 26 71 42 44 25 37 56
369 387 19 12 11 23 39 14 36 30 62 0 26 1 52 57 39 35 11 26 51 39 32 2 26 33
2743 4894 60 42 16 48 10 64 50 64 40 0 28 48 64 36 14 64 14 44 68 8 22 6 62 20
4338 4338 24 24 68 28 64 64 24 60 52 20 32 16 16 40 36 56 32 60 40 4 64 4 68 32
79 93 52 35 64 10 63 30 21 56 17 63 27 52 67 60 9 0 68 47 45 31 43 65 70 64
3834 3834 71 57 46 5 0 35 36 21 46 64 44 53 24 44 19 49 4 16 9 17 22 9 16 8
2967 3007 46 70 31 49 33 6 6 8 48 69 55 43 44 29 56 52 38 49 2 27 40 31 28 27
3682 3682 34 62 4 59 13 65 37 41 0 29 9 18 22 9 25 59 51 68 13 46 31 42 68 53
2715 2738 0 0 0 0 0 0 0 0 0 0 0 0 0 0 0 0 0 0 0 0 0 0 0 0
2407 2427 42 39 34 28 62 19 13 20 24 55 37 34 15 4 69 7 29 29 1 61 19 24 61 1
360 669 71 1 41 26 51 36 60 16 42 49 29 2 41 50 45 24 32 29 44 28 19 5 23 71
344 344 0 0 0 0 0 0 0 0 0 0 0 0 0 0 0 0 0 0 0 0 0 0 0 0
3636 3647 5 33 9 30 42 27 41 12 21 18 42 42 7 36 69 42 64 2 67 53 41 39 10 4
3693 3738 3 34 65 42 37 34 29 31 35 15 65 7 61 22 44 71 61 67 10 39 15 26 63 52
3220 3483 32 9 15 22 64 22 51 30 8 13 24 19 59 67 37 22 1 36 51 62 32 24 27 68
3192 3192 34 32 66 20 26 42 18 68 68 28 38 28 2 34 56 54 20 50 4 54 28 26 46 66
2100 2116 8 68 28 2 68 30 4 66 66 14 18 28 52 46 56 10 30 66 54 6 60 24 48 44
1700 1733 67 27 11 28 63 10 1 16 34 13 63 40 66 71 27 52 23 62 23 38 62 52 57 62
189 839 4 12 29 63 62 0 64 51 21 59 58 37 70 54 26 54 6 32 70 13 43 65 62 55
3216 3216 46 32 52 4 31 63 6 31 31 20 15 9 60 50 54 31 64 25 11 27 46 27 35 51
2740 2754 44 28 7 39 57 54 15 61 1 44 26 30 30 54 51 1 44 41 52 53 52 3 63 58
4792 4798 11 24 17 17 21 70 2 20 40 27 49 13 36 9 55 50 31 43 47 54 70 20 44 27
449 469 47 25 31 4 22 58 50 49 6 4 30 17 50 55 40 48 20 50 20 52 8 47 69 39
345 345 60 56 36 8 68 40 52 24 36 40 4 20 56 40 64 44 24 64 36 8 36 28 16 4
1674 1693 31 69 5 8 47 22 45 58 36 21 43 58 66 3 56 22 49 2 43 47 38 23 54 61
3297 3338 43 41 9 22 45 41 25 7 37 68 56 27 52 50 49 27 2 49 18 26 10 15 56 24
259 323 20 0 26 66 52 44 18 2 6 64 4 16 4 68 60 32 2 14 70 44 10 30 46 50
4226 4226 0 0 0 0 0 0 0 0 0 0 0 0 0 0 0 0 0 0 0 0 0 0 0 0
996 1013 20 16 64 44 44 32 40 40 68 68 32 52 36 40 20 52 0 12 56 8 32 4 48 4
591 606 30 61 33 61 19 2 21 2 13 14 31 12 12 61 43 44 4 52 0 50 63 53 35 71
2278 2314 67 14 15 22 23 40 17 6 12 63 12 27 0 69 25 5 65 44 44 18 21 58 56 4
1477 1477 40 55 15 60 59 31 16 62 28 50 53 34 14 52 4 58 59 32 23 40 49 38 22 33
4767 4785 53 12 24 55 7 6 9 38 53 2 24 43 41 4 37 29 27 71 9 34 23 2 67 59
4543 4580 30 0 43 22 4 17 8 48 40 9 48 62 19 57 18 15 1 8 41 10 52 16 39 56
690 1577 7 58 57 67 57 51 26 26 17 64 22 21 64 2 40 29 1 22 43 50 64 2 9 69
3361 3361 16 24 7 31 70 18 29 55 22 34 5 12 20 19 66 66 16 29 26 44 7 7 21 31
3912 3920 28 69 43 57 70 44 63 70 25 14 30 37 15 21 8 61 47 56 67 22 4 61 9 44
1130 1135 35 54 45 26 43 24 13 46 26 44 42 43 64 67 24 4 9 47 30 15 21 8 17 4
1220 1280 5 33 1 21 16 32 61 21 34 36 52 70 11 63 13 8 47 33 14 11 28 59 47 31
3496 3496 30 38 58 4 26 2 22 58 70 66 52 14 48 34 12 20 20 2 66 68 28 20 54 68
1742 1759 16 40 36 44 48 64 8 32 52 8 16 8 44 40 44 28 60 24 20 16 12 4 52 60
3658 3673 40 24 34 20 9 52 5 56 40 60 19 24 50 14 34 2 24 54 35 64 44 56 55 0
3205 3635 53 40 16 45 41 62 39 49 20 35 3 64 59 0 41 38 49 25 40 1 46 2 54 19
4393 4393 0 0 0 0 0 0 0 0 0 0 0 0 0 0 0 0 0 0 0 0 0 0 0 0
3004 3007 9 45 69 54 6 33 3 15 54 45 24 51 33 39 24 36 3 36 24 9 66 63 24 3
2135 2162 70 0 38 58 19 21 35 39 49 55 55 4 49 2 68 68 29 53 70 43 6 36 69 11
446 1326 36 20 6 32 40 32 48 0 43 13 36 1 29 18 57 8 22 60 63 14 69 1 64 45
4187 4187 30 69 33 21 54 30 27 6 30 21 9 69 42 51 33 33 6 48 36 66 63 42 9 12
3253 3259 28 14 67 29 45 44 59 69 60 24 51 15 40 30 65 26 41 62 37 19 2 63 18 63
2342 2360 54 54 61 26 1 55 17 68 6 15 62 43 6 48 20 67 16 34 48 58 46 20 21 25
312 2707 14 50 64 2 52 68 12 36 4 58 34 58 18 46 58 18 6 56 38 68 40 12 52 4
2970 2970 22 27 17 66 4 31 2 34 15 23 4 63 4 41 69 42 32 56 30 21 67 65 58 56
1273 1295 47 51 51 19 37 15 49 54 5 23 46 10 11 31 69 55 50 28 8 0 67 70 2 47
112 140 18 26 50 46 57 15 53 59 50 30 52 59 70 61 63 25 58 59 64 22 30 58 30 70
2770 4292 21 35 66 3 25 10 46 33 25 44 69 42 34 61 21 7 56 53 24 29 67 2 29 65
2325 2325 38 2 54 48 36 42 58 46 6 36 38 2 24 68 10 16 26 44 32 40 42 38 18 48
4715 4726 64 62 24 8 70 30 10 40 62 28 46 16 2 40 44 34 30 22 50 30 0 22 68 14
4683 4706 52 14 56 22 12 16 8 29 42 36 36 37 29 46 54 40 59 14 66 3 55 17 27 26
1477 3129 8 17 36 33 14 21 70 60 62 59 46 40 50 4 37 9 1 8 40 14 6 6 61 48
4168 4168 27 36 18 27 63 9 9 45 36 27 54 54 45 9 0 36 0 18 63 9 54 18 36 45
804 808 64 13 70 34 42 29 67 7 66 12 35 34 69 2 61 20 31 54 46 70 58 44 25 10
1815 1835 2 4 1 5 57 10 24 35 19 63 70 52 15 68 13 53 7 24 57 22 62 40 38 30
904 1372 39 19 37 33 32 0 68 69 3 49 34 51 34 50 12 6 50 57 23 69 44 28 27 17
1527 1527 14 67 57 66 64 16 21 14 3 9 39 70 1 51 5 38 65 54 31 41 40 24 12 35
3449 3460 57 40 8 45 19 1 71 39 57 47 46 47 9 49 33 38 22 41 71 13 5 52 63 4
4712 4745 48 6 0 24 30 54 66 48 6 12 30 48 42 48 60 66 54 30 42 54 0 30 60 6
266 297 42 36 18 30 38 28 24 40 64 44 26 14 0 4 66 28 4 36 70 56 68 30 44 6
850 850 21 18 30 16 13 15 22 44 12 46 61 52 57 33 55 23 65 2 49 52 55 58 0 53
1225 1244 31 61 25 27 40 56 4 66 15 66 0 49 7 18 49 65 65 46 68 18 24 11 35 57
4867 4895 39 44 15 1 64 10 47 24 10 38 29 35 35 22 28 8 20 39 59 62 65 9 69 26
2690 3631 68 0 10 61 36 4 17 0 6 15 36 5 4 17 4 1 65 1 21 37 54 29 9 55
3892 3892 68 9 49 44 28 59 16 34 10 32 21 19 15 49 61 10 36 57 13 28 34 71 56 59
45 55 33 23 6 15 41 61 32 67 39 63 31 56 50 63 0 0 62 25 29 49 60 17 18 9
2363 2371 34 6 47 47 6 66 11 15 56 49 5 43 37 28 60 10 25 71 2 50 70 34 14 24
684 1625 47 2 9 64 67 8 26 31 6 12 67 2 68 41 47 50 13 30 25 65 55 54 62 67
1773 1773 60 6 36 24 54 66 48 0 18 42 36 48 42 18 30 48 42 12 54 60 42 12 24 18
1886 1909 0 17 69 0 3 12 1 47 7 14 51 53 45 24 19 23 59 69 27 60 7 39 58 41
4825 4829 54 21 12 51 9 15 57 66 18 66 24 18 51 33 57 66 21 48 0 39 15 39 39 21
183 286 35 0 43 31 33 53 49 30 13 6 38 30 68 14 12 13 26 35 53 62 1 19 17 0
3052 3052 66 0 56 44 58 32 26 18 8 42 60 46 50 52 42 22 48 50 10 4 4 52 36 70
2916 2916 57 31 8 18 16 10 5 27 22 1 6 0 8 1 65 69 58 8 57 32 22 29 64 11
423 469 26 60 62 22 35 61 58 39 36 47 20 37 58 15 26 29 54 61 4 38 22 25 66 53
169 1668 25 8 56 47 55 18 42 70 51 63 13 6 17 19 37 20 49 43 46 18 59 35 50 50
3445 3445 40 13 44 50 46 36 1 39 6 40 60 17 41 65 51 45 55 8 68 29 44 19 46 30
3919 3930 19 30 15 47 60 71 55 52 53 63 67 32 13 22 17 14 41 45 4 59 48 58 54 50
1433 1473 57 47 65 44 56 48 31 2 14 47 66 47 32 5 64 5 66 54 20 13 8 55 55 47
3337 4063 17 38 61 68 71 26 2 69 32 54 47 6 31 56 58 56 34 15 27 46 58 23 9 52
3256 3256 6 12 54 18 60 41 70 70 23 60 6 5 50 65 42 56 2 27 17 36 51 55 21 26
2057 2068 25 37 7 38 48 34 18 47 32 46 32 28 44 8 46 13 3 66 29 9 6 40 45 32
357 391 21 69 48 6 30 45 60 12 66 48 6 39 57 60 3 6 63 27 54 27 0 24 3 18
1436 1464 7 61 34 30 39 59 47 40 41 56 49 42 13 69 69 42 65 9 16 37 9 19 47 12
1442 1442 48 71 66 53 42 70 42 39 28 60 66 16 34 19 10 45 44 61 67 22 10 25 26 47
2532 2537 28 54 70 66 16 7 15 21 23 47 49 46 13 7 39 5 46 2 69 43 34 50 53 21
2914 2926 55 8 70 65 1 8 14 49 2 1 53 68 13 49 4 38 1 56 53 24 55 17 55 68
730 733 70 24 30 34 60 30 30 14 18 26 10 42 68 28 66 24 28 42 8 62 20 22 36 0
4914 4914 48 0 32 16 24 36 20 32 20 40 52 4 36 12 40 24 12 48 36 60 8 36 32 68
1486 1489 58 19 6 5 28 50 25 2 62 9 55 18 2 23 22 40 46 11 21 59 29 57 64 65
1969 1987 26 34 13 2 63 59 37 67 50 21 43 7 64 13 4 67 57 36 16 1 29 23 1 43
93 113 34 16 51 5 34 64 35 20 55 15 21 20 49 31 50 63 43 31 5 15 18 42 47 21
1699 1699 0 0 0 0 0 0 0 0 0 0 0 0 0 0 0 0 0 0 0 0 0 0 0 0
4561 4583 70 2 34 46 46 8 34 38 48 62 42 30 68 40 42 52 4 8 8 4 56 62 64 32
4477 4517 49 69 56 9 70 7 25 9 22 20 39 55 52 11 47 31 39 26 41 57 8 45 0 26
474 3739 44 32 42 30 56 38 50 14 24 26 30 0 2 58 30 6 14 8 10 40 14 52 52 32
1792 1792 67 70 22 13 26 17 31 0 9 48 1 2 0 36 1 15 18 57 71 9 65 40 19 26
2181 2185 63 60 36 41 62 46 68 58 12 35 57 65 25 52 4 19 52 31 27 69 61 59 3 55
1685 1709 22 15 11 26 3 35 53 26 50 21 44 16 6 57 56 3 5 11 43 27 44 17 70 46
534 2147 10 2 52 50 60 28 60 18 20 68 58 30 6 44 8 40 64 56 16 36 16 16 18 20
4461 4461 1 14 39 3 66 2 26 70 30 43 54 58 16 4 39 41 30 14 39 34 26 66 24 28
1461 1482 23 5 45 60 10 5 4 28 30 68 51 70 45 21 32 25 8 49 25 53 11 11 13 37
1505 1510 16 10 26 14 40 6 2 6 18 46 60 10 60 30 52 56 44 6 4 58 64 62 4 38
1459 2398 33 53 10 40 71 11 47 30 10 29 70 0 31 20 1 59 3 17 54 56 46 48 38 49
4597 4597 51 8 66 18 58 71 36 43 22 20 71 63 63 44 17 11 41 23 25 66 62 6 70 22
1275 1298 40 10 65 23 38 2 15 19 65 52 40 68 8 2 52 71 45 26 58 23 24 61 22 48
1567 1569 66 60 30 30 60 6 12 18 12 42 66 48 6 24 48 18 30 12 18 12 60 30 12 24
847 2670 63 28 48 4 28 38 42 23 2 3 23 14 39 17 14 42 14 16 31 29 63 71 29 56
1834 1834 9 30 67 40 1 21 15 31 39 34 47 45 48 6 44 44 58 24 17 6 44 9 27 29
3323 3340 0 8 40 48 8 40 32 40 24 40 56 56 48 32 64 56 56 8 64 48 64 16 32 8
294 340 28 54 62 70 8 36 19 49 8 20 59 38 45 32 10 7 57 53 36 40 50 4 66 33
1141 1938 46 16 37 1 24 69 15 63 55 69 56 61 29 58 46 50 58 55 50 6 27 59 20 65
2141 2141 9 48 54 51 57 15 12 66 18 51 9 39 57 30 63 9 45 21 0 60 15 45 63 51
1166 1168 53 51 11 65 40 45 24 58 70 23 2 57 63 67 53 42 63 40 32 49 14 4 63 64
4787 4832 56 39 19 21 11 12 12 13 45 9 68 52 5 5 2 67 54 71 3 31 10 30 41 38
839 1295 58 31 18 38 25 32 27 44 55 70 44 24 33 41 8 44 61 2 51 45 3 54 46 4
2385 2385 0 48 24 48 0 24 24 0 48 24 48 0 48 0 24 24 24 24 0 48 48 24 24 24
4069 4071 11 43 26 3 5 3 44 9 49 63 1 28 68 49 26 62 65 42 3 19 71 1 6 54
1883 1910 42 71 65 58 27 48 58 51 36 39 61 69 28 54 9 43 23 51 41 13 36 52 42 39
2979 3179 1 7 21 47 17 23 31 4 3 38 48 70 49 66 53 59 7 50 56 40 63 5 14 21
3210 3210 19 57 45 0 39 65 18 17 57 18 3 2 42 11 35 24 61 44 8 3 55 49 53 34
1628 1650 63 8 10 68 28 7 32 1 42 58 46 56 59 24 43 36 5 19 40 43 37 35 39 20
4824 4835 66 33 12 18 48 3 66 51 33 9 45 66 3 48 63 48 27 51 12 54 24 42 57 33
443 1158 45 18 24 30 27 42 48 15 45 36 51 48 33 69 51 60 45 51 18 36 30 39 45 18
1987 1987 0 0 0 0 0 0 0 0 0 0 0 0 0 0 0 0 0 0 0 0 0 0 0 0
3641 3654 20 30 42 47 17 62 12 44 61 24 16 62 33 19 40 49 64 31 47 20 58 44 30 5
1592 1622 34 13 15 71 37 57 34 13 40 5 71 57 21 15 1 42 19 10 4 17 33 44 5 3
1372 4719 2 27 7 35 26 3 34 55 54 25 20 64 13 23 17 70 48 0 3 32 67 29 17 32
4509 4509 4 40 11 71 46 31 35 19 50 0 6 17 30 60 4 13 53 56 47 34 37 1 58 67
4501 4502 0 0 0 0 0 0 0 0 0 0 0 0 0 0 0 0 0 0 0 0 0 0 0 0
50 77 39 52 50 63 57 23 71 56 47 25 49 49 45 52 39 22 34 69 62 26 64 52 33 20
366 2414 42 30 3 19 22 53 5 21 5 49 39 51 20 44 22 71 52 48 56 62 22 24 28 28
1679 1679 70 43 14 12 27 71 71 53 29 56 53 39 61 52 16 10 23 14 15 35 56 62 32 23
2714 2731 10 45 47 37 45 12 31 58 60 57 10 17 18 25 48 19 36 60 58 0 29 7 66 14
2807 2854 69 62 37 13 0 14 28 28 58 0 57 40 29 66 21 9 15 17 49 65 49 51 28 59
1143 3108 5 49 59 62 54 32 46 9 52 14 69 55 61 69 53 71 48 13 63 57 62 3 24 65
549 549 46 13 57 66 62 32 57 4 68 65 34 10 1 46 68 55 58 56 43 32 62 30 33 31
4876 4891 12 39 16 6 0 54 16 36 38 1 7 58 56 63 14 28 68 44 32 64 25 71 17 71
3791 3797 38 56 48 24 6 42 64 44 34 0 38 48 70 56 54 44 10 22 16 14 38 22 10 2
340 539 32 60 68 68 20 20 4 60 12 32 64 28 60 68 68 12 52 16 12 68 8 36 36 48
381 381 30 12 36 66 30 60 24 48 54 0 66 30 48 30 36 54 24 60 18 36 30 66 60 42
4688 4691 10 50 48 10 48 68 31 46 43 55 1 10 36 47 59 15 61 48 11 15 13 26 47 22
3049 3054 46 46 29 52 1 33 46 36 59 66 9 62 45 63 53 47 0 45 38 5 18 14 42 22
1333 2740 10 63 20 33 31 2 41 52 59 29 24 6 16 69 32 29 37 12 49 10 6 30 16 30
4970 4970 43 32 18 41 47 59 70 11 27 31 42 27 14 58 70 2 18 25 5 35 69 49 43 13
4031 4040 0 30 32 23 23 68 25 23 70 51 22 20 54 16 13 56 21 69 49 65 48 53 35 37
3166 3188 22 6 27 28 36 15 35 69 42 32 23 65 34 63 6 39 61 54 48 44 50 43 52 22
192 2823 7 48 66 27 18 5 38 43 23 58 35 56 12 14 9 7 70 23 19 31 1 3 10 48
3140 3140 0 0 0 0 0 0 0 0 0 0 0 0 0 0 0 0 0 0 0 0 0 0 0 0
2260 2276 3 33 27 22 49 54 42 58 9 3 43 30 21 66 42 6 15 66 69 38 6 12 34 1
305 346 43 5 60 23 32 24 31 70 25 14 36 64 7 4 41 0 54 71 9 47 2 56 69 6
3193 3710 9 64 43 33 15 41 45 65 4 54 44 2 52 10 36 57 1 57 61 9 46 64 60 47
3692 3692 0 0 0 0 0 0 0 0 0 0 0 0 0 0 0 0 0 0 0 0 0 0 0 0
125 133 68 18 25 59 24 61 41 26 51 57 29 49 20 10 63 48 41 40 9 23 61 69 9 4
904 942 19 67 60 19 45 44 14 26 33 66 35 30 63 55 48 29 26 70 46 8 6 1 20 20
940 4598 51 59 19 6 45 67 33 37 59 24 9 24 13 4 25 29 32 35 70 59 46 48 7 37
388 388 40 27 21 20 37 11 49 38 12 55 22 49 24 6 28 28 67 35 24 46 45 50 19 56
4962 4967 38 34 46 54 28 66 8 34 20 8 58 50 38 44 34 52 68 12 54 30 64 26 66 0
1915 1918 47 61 6 62 21 19 70 12 64 57 45 49 71 55 31 59 45 57 38 22 61 37 39 47
316 659 55 6 52 21 47 8 18 23 4 3 34 6 5 52 16 49 13 37 56 52 67 17 57 11
2142 2142 56 48 8 40 64 56 32 0 0 48 8 64 24 24 48 24 48 8 8 56 56 32 40 40
3775 3787 41 56 69 56 1 48 52 10 9 60 17 19 57 28 23 42 58 20 19 42 29 47 14 27
4219 4230 32 52 71 60 50 1 15 15 59 34 12 61 69 12 16 32 9 47 0 32 45 18 30 62
91 2106 12 34 26 18 24 50 30 70 40 44 58 44 40 36 26 54 8 46 6 18 70 24 40 34
828 828 61 50 20 56 9 4 38 21 19 10 71 8 62 23 52 71 27 51 32 51 18 47 15 43
2450 2456 65 21 52 63 55 58 46 54 18 28 0 38 23 59 25 32 36 61 24 39 5 20 54 68
2131 2147 24 18 20 53 43 9 25 48 52 14 44 25 0 39 68 35 34 31 0 19 45 32 15 30
469 1522 13 7 47 20 70 6 28 66 12 58 54 61 22 50 55 17 11 65 67 7 46 44 60 65
1319 1319 63 57 9 3 4 29 15 35 67 9 46 17 1 15 38 14 9 38 20 14 25 23 59 47
134 139 42 27 31 30 28 53 43 19 33 39 54 31 33 7 31 37 67 22 24 22 5 50 50 48
2059 2068 40 64 13 38 20 22 6 51 2 0 8 23 16 13 0 67 62 1 31 27 21 64 66 66
516 1349 30 48 1 19 62 49 37 19 62 18 71 52 33 70 46 46 0 1 13 0 3 70 42 47
4920 4920 2 28 14 18 6 56 34 20 34 4 10 42 38 56 16 22 12 60 50 18 68 58 40 22
1359 1361 70 16 61 65 13 25 24 48 20 30 53 13 47 57 25 42 55 15 66 20 15 53 65 12
2204 2245 68 68 35 67 23 36 58 64 20 42 49 62 51 50 20 42 25 34 8 25 59 9 46 25
1909 2607 57 71 69 60 68 57 33 8 38 7 60 47 11 61 65 28 44 70 0 61 4 71 29 47
4708 4708 64 61 57 55 71 37 5 50 44 0 50 41 57 1 52 47 31 33 41 21 60 48 66 9
3707 3721 28 42 13 62 24 10 19 69 55 56 12 57 47 25 49 42 70 28 68 51 31 29 38 50
4422 4446 46 63 42 45 41 52 2 8 39 11 26 36 27 8 49 71 38 1 54 2 20 3 13 34
57 2178 34 24 34 30 56 61 19 58 35 12 15 5 26 14 55 7 47 37 20 68 10 68 50 2
2886 2886 20 19 21 39 57 69 40 8 64 48 58 42 38 13 9 21 59 39 15 53 30 39 20 64
1003 1020 5 34 7 20 3 41 51 55 69 18 14 48 61 8 52 47 14 50 41 11 28 43 34 31
3592 3606 44 26 35 3 35 10 66 57 69 48 57 15 30 65 33 65 28 34 6 38 32 55 0 37
4363 4744 46 26 5 9 42 57 15 19 22 59 62 3 27 26 30 6 9 4 36 14 34 63 65 62
3755 3755 53 18 49 35 44 37 1 39 63 42 33 0 36 36 48 61 14 56 10 38 27 5 66 36
2483 2487 7 54 62 52 66 49 18 41 4 44 24 21 5 52 57 43 28 15 26 14 41 47 61 40
3817 3840 59 44 56 37 6 47 71 41 60 53 3 0 34 32 53 20 35 4 17 26 52 5 49 30
1423 2510 24 59 8 35 50 37 45 1 26 22 59 59 48 70 31 47 17 0 23 59 67 39 14 59
120 120 4 24 20 54 6 51 44 28 4 25 4 46 23 18 25 58 44 23 66 1 23 44 60 70
3187 3198 64 38 60 60 46 43 2 36 57 60 17 60 12 18 32 18 57 40 8 16 35 13 64 29
2456 2457 27 45 14 41 41 63 0 63 60 48 56 41 2 40 59 71 66 36 57 17 40 54 35 55
142 246 43 55 12 50 28 67 63 12 20 26 7 68 21 3 33 30 33 53 35 61 53 1 54 41
3286 3286 16 8 32 48 64 48 32 16 56 48 0 48 48 24 64 8 64 0 0 16 0 48 24 16
844 844 54 0 18 0 0 18 36 18 54 18 0 36 0 0 18 36 54 18 36 18 0 54 36 18
1381 1422 2 46 67 14 23 67 71 56 52 62 31 15 9 38 69 29 52 38 13 60 13 46 2 64
2560 3613 5 23 21 48 12 15 69 47 58 8 32 31 18 35 7 59 25 17 43 10 14 32 45 5
2458 2458 51 54 27 18 15 48 33 18 69 51 33 51 15 36 45 6 60 18 27 57 12 0 27 39
2290 2297 26 28 47 65 37 37 49 4 28 0 61 62 20 36 12 51 47 15 53 40 71 9 34 9
3848 3863 49 24 55 46 32 44 46 51 15 12 31 49 71 0 53 23 38 23 21 10 8 8 8 37
145 357 28 37 20 62 25 32 37 13 41 49 62 30 56 11 65 53 31 27 11 21 29 54 15 67
4824 4824 17 52 30 46 61 28 7 34 69 42 7 64 49 1 24 61 9 59 1 64 17 45 46 11
3911 3912 6 43 37 2 35 46 70 36 24 30 64 26 61 32 38 5 39 61 35 27 45 33 70 26
3272 3315 15 62 35 59 23 48 1 12 35 33 51 6 68 20 17 50 50 7 48 2 60 60 4 53
1902 4512 48 12 40 32 36 0 16 36 64 12 64 60 24 40 20 64 56 8 52 20 4 12 20 12
2528 2528 0 0 0 0 0 0 0 0 0 0 0 0 0 0 0 0 0 0 0 0 0 0 0 0
4190 4201 23 44 3 40 25 55 37 42 30 37 19 66 48 3 67 37 56 63 46 45 53 58 28 25
2598 2623 26 55 19 12 24 60 56 25 31 59 31 68 20 5 9 3 2 16 14 47 22 4 69 52
600 1190 36 28 32 24 60 28 64 56 32 12 44 48 60 4 56 56 24 20 56 28 16 60 64 68
1127 1127 17 35 54 7 36 63 65 27 4 61 34 22 11 65 29 6 36 32 60 27 54 33 4 43
3055 3055 0 0 0 0 0 0 0 0 0 0 0 0 0 0 0 0 0 0 0 0 0 0 0 0
4413 4442 33 30 15 29 63 51 61 0 41 41 55 0 14 18 36 33 41 46 49 5 56 60 36 56
150 396 56 51 29 1 45 16 33 24 65 35 49 3 64 29 55 56 29 24 1 62 1 0 13 66
3629 3629 3 22 9 58 33 49 43 50 13 12 53 42 24 3 60 27 29 3 38 3 40 57 65 12
2686 2692 44 53 58 36 58 31 48 14 2 12 3 10 6 27 53 65 52 28 31 15 18 36 66 2
3279 3280 42 52 33 1 26 18 2 30 23 6 47 20 29 9 65 28 46 66 21 38 50 26 10 19
1970 4652 70 11 29 0 36 17 6 62 14 21 22 60 67 67 26 26 28 12 43 64 18 32 41 54
1110 1110 19 15 6 34 7 39 16 7 17 45 2 56 63 39 21 50 12 26 0 0 68 23 37 71
335 347 41 43 54 53 3 68 0 5 24 6 12 10 60 10 62 57 22 3 0 35 57 53 66 54
202 245 70 53 44 1 0 24 71 3 35 43 50 56 68 65 39 28 59 45 36 31 25 5 6 29
844 2802 22 58 57 24 50 30 49 62 1 22 60 38 71 12 52 45 6 0 59 23 31 9 17 68
1132 1132 60 45 3 27 69 39 12 66 39 42 3 39 3 3 51 60 12 66 33 39 30 48 9 54
1011 1012 35 50 49 45 48 40 39 32 9 27 58 3 56 36 9 42 20 70 28 1 65 1 23 29
4280 4303 34 25 61 37 28 64 69 5 33 39 47 43 52 60 12 46 70 68 52 64 5 55 19 5
1325 4013 0 19 16 18 62 27 66 70 32 40 30 45 13 65 64 67 27 51 33 6 33 56 36 39
1046 1046 57 52 32 57 42 21 8 3 7 35 30 21 15 13 8 17 28 45 48 47 24 38 70 9
726 739 39 27 51 0 40 60 32 33 21 24 22 70 53 35 66 9 27 22 58 22 16 31 59 36
3019 3026 18 32 41 19 36 17 17 51 35 33 6 26 4 34 20 60 5 51 14 10 68 42 39 17
1024 1495 9 52 50 43 56 27 18 38 21 27 43 58 28 39 54 57 27 33 20 3 25 7 66 20
2165 2165 27 32 49 51 4 37 54 7 37 63 62 71 70 0 21 69 58 61 50 57 9 6 41 66
604 613 8 58 13 50 70 55 44 24 54 54 33 45 55 10 9 1 9 13 24 0 27 68 16 32
110 157 27 8 63 32 49 26 66 41 35 70 46 57 7 17 52 45 67 32 51 50 47 27 24 70
573 796 26 24 55 44 26 55 50 30 42 21 29 26 23 41 24 33 1 18 23 14 56 0 34 19
1047 1047 68 3 45 19 42 71 48 57 46 42 0 43 44 48 70 7 7 50 39 45 26 12 1 26
3705 3705 54 0 0 36 18 54 18 63 45 27 54 18 45 63 18 36 18 36 0 18 27 27 63 36
2793 2834 27 10 34 28 11 17 21 41 2 10 66 11 46 59 8 41 34 39 56 42 3 2 52 39
843 1098 1 66 65 9 1 25 58 11 45 39 19 26 5 48 39 25 45 33 1 21 34 40 43 64
4330 4330 45 33 30 12 39 60 42 63 54 45 45 0 3 9 21 0 45 48 30 21 6 45 12 24
2391 2413 8 34 37 16 66 68 39 53 17 5 47 22 11 47 23 5 59 60 36 41 8 20 48 65
1003 1022 56 55 52 5 56 68 57 17 62 9 7 69 64 61 17 71 6 19 24 19 23 71 70 66
264 4100 33 39 18 24 19 70 66 14 51 34 12 53 62 31 1 60 49 63 49 19 42 41 33 70
3873 3873 66 31 39 46 48 68 8 24 48 22 0 70 8 7 47 15 70 53 18 54 49 55 22 43
2444 2448 65 71 32 70 10 66 45 66 54 20 40 0 0 21 44 11 55 11 32 71 64 7 24 37
1912 1925 10 13 14 66 49 31 12 58 44 33 2 43 1 26 9 27 48 47 35 40 56 48 41 24
2 2 0 0 0 0 0 0 0 0 0 0 0 0 0 0 0 0 0 0 0 0 0 0 0 0
1385 1385 61 49 64 3 43 60 33 55 13 56 12 33 1 63 7 39 34 1 64 43 8 14 38 59
2130 2146 53 2 36 53 42 25 59 30 70 59 8 32 31 63 32 26 15 66 13 51 58 70 50 69
2320 2337 37 9 26 37 11 40 5 24 8 34 11 61 4 51 62 17 39 50 69 5 48 14 68 59
1749 4525 28 34 49 25 48 68 65 10 26 47 14 19 48 60 28 3 60 26 59 14 0 29 48 17
2374 2374 69 45 6 39 15 45 39 60 15 21 9 39 69 48 21 6 69 12 36 12 18 36 27 48
3642 3644 38 58 47 8 57 13 28 36 13 47 49 52 39 12 37 43 34 32 4 55 26 63 27 51
523 542 7 12 34 5 14 7 25 6 3 22 59 10 62 65 9 42 49 37 2 63 35 51 59 58
347 349 2 31 25 26 50 53 5 54 29 31 57 38 43 2 38 34 42 9 23 58 36 27 30 61
2478 2478 15 27 36 69 54 24 12 6 3 18 42 24 63 69 39 42 36 0 9 57 69 42 48 24
4746 4768 28 48 61 10 31 2 43 31 67 53 61 64 10 15 71 10 9 15 5 19 43 61 7 69
1968 1995 10 36 24 54 26 64 48 24 70 52 48 64 4 18 60 40 2 8 40 46 44 16 20 2
1658 4585 65 40 51 13 69 14 34 70 63 57 10 67 41 64 34 19 45 32 34 24 55 5 70 46
2537 2537 35 55 17 56 38 12 48 41 7 11 44 9 54 32 51 60 66 25 13 44 19 14 69 63
4809 4832 31 33 46 37 66 11 38 13 12 3 4 54 55 6 67 65 15 67 69 55 19 17 37 15
2143 2174 65 44 62 0 57 20 35 49 40 35 44 23 68 66 49 54 53 24 5 4 24 19 38 67
329 3690 53 31 23 35 4 38 47 1 2 6 48 13 9 49 11 35 15 53 3 54 3 67 33 8
1496 1496 0 0 0 0 0 0 0 0 0 0 0 0 0 0 0 0 0 0 0 0 0 0 0 0
296 314 23 11 56 7 8 20 55 34 18 37 63 57 36 35 42 20 62 4 4 67 32 29 8 6
4232 4249 21 55 13 63 13 70 34 15 3 70 23 26 17 37 22 14 38 22 26 46 6 1 67 33
220 2088 62 59 6 38 14 60 40 37 58 61 48 63 20 40 35 38 63 1 10 54 67 27 18 36
3035 3035 60 48 0 0 24 18 60 66 54 42 42 54 60 30 18 12 36 66 0 66 54 12 24 66
4068 4083 9 52 11 35 13 37 33 34 37 52 47 16 17 50 35 59 46 9 71 26 39 68 49 13
3115 3148 5 25 17 41 35 65 6 35 13 37 67 38 23 52 54 71 60 13 64 15 44 8 9 68
195 4584 37 11 25 8 67 31 45 47 70 20 48 3 62 68 28 12 62 62 42 4 25 45 19 65
2636 2636 38 25 46 40 21 26 59 46 60 11 24 63 2 18 6 70 47 64 13 39 11 62 32 10
2938 2958 38 5 20 46 30 24 1 48 52 68 57 11 32 21 6 16 23 59 12 63 29 60 68 23
177 195 49 65 43 16 51 59 68 39 46 2 8 0 36 6 64 49 60 35 37 65 38 58 8 24
2090 4603 24 12 48 4 8 70 53 11 36 22 27 4 69 19 57 29 40 10 43 26 32 18 39 36
2292 2292 67 2 56 35 71 71 10 26 70 66 34 48 12 40 37 4 21 6 15 52 5 59 50 36
1420 1443 12 24 48 60 48 36 12 48 60 12 12 12 12 0 12 36 60 0 0 36 24 0 0 36
1517 1523 66 7 7 55 49 21 39 70 50 62 21 55 8 40 31 39 21 38 46 34 59 5 19 56
378 1312 32 15 51 64 63 25 18 29 21 40 27 67 28 0 37 16 29 58 66 69 60 22 6 65
3765 3765 20 1 37 40 50 58 68 43 44 13 18 17 56 20 67 7 11 66 32 19 43 57 71 29
1366 1369 33 27 66 69 36 6 0 33 66 18 6 15 33 60 6 3 36 15 51 42 21 36 39 69
330 364 64 1 68 54 67 58 28 61 22 37 0 55 39 1 40 15 57 47 17 14 11 33 24 14
173 704 10 32 39 61 65 62 15 54 31 21 44 6 10 68 54 0 57 55 62 16 8 38 16 42
737 737 54 50 50 59 13 64 17 35 52 11 30 1 58 59 8 12 65 30 11 22 17 16 6 51
3296 3298 65 14 63 3 3 39 11 68 12 9 54 28 4 25 71 52 45 29 31 20 6 45 37 70
4385 4421 50 7 32 12 63 25 21 62 37 47 42 45 23 69 41 7 21 62 26 47 60 12 30 44
752 802 49 5 67 1 62 38 6 48 17 29 44 64 13 31 70 14 17 50 65 37 54 69 18 38
1098 1098 10 63 43 2 71 59 35 36 16 27 34 45 28 28 30 63 1 71 38 16 6 46 23 10
2545 2546 0 0 0 0 0 0 0 0 0 0 0 0 0 0 0 0 0 0 0 0 0 0 0 0
1452 1472 44 24 44 25 2 54 23 56 43 44 2 27 24 25 43 42 57 53 38 66 34 42 59 12
156 3755 24 26 37 57 43 30 22 20 38 26 3 3 37 11 7 16 33 17 42 3 66 47 14 67
4744 4744 32 56 64 56 16 40 64 40 40 40 56 64 64 64 32 0 48 64 8 64 0 56 48 24
1978 1987 5 30 49 68 63 40 26 7 35 29 3 28 27 25 37 43 63 41 44 48 31 14 63 45
3504 3546 42 24 66 48 60 66 48 30 54 30 42 0 48 12 6 48 36 54 18 42 48 54 60 36
64 570 69 70 23 47 67 23 31 52 64 12 16 39 52 13 35 66 50 26 47 59 6 52 2 70
1539 1539 28 9 66 8 7 14 49 4 37 5 36 69 48 23 23 13 20 18 43 66 65 27 49 38
4491 4511 59 32 68 60 44 20 42 68 26 2 66 12 31 5 61 60 34 37 43 51 25 38 48 7
3684 3705 61 13 50 9 53 59 0 53 14 46 67 5 41 69 36 49 55 64 32 19 40 15 59 15
1266 1737 37 35 64 7 53 19 70 16 41 63 63 39 48 3 10 64 62 62 69 56 47 37 45 68
2665 2665 47 4 14 8 15 63 17 26 47 71 50 1 24 64 23 11 18 25 0 47 33 39 67 5
4658 4674 14 69 48 34 65 1 67 36 35 64 4 9 30 56 30 63 30 38 38 62 14 60 14 15
4245 4252 50 37 0 63 50 0 47 60 6 28 46 12 12 52 19 54 42 17 1 42 24 65 45 37
2318 2552 40 58 49 7 58 8 42 70 13 52 47 38 11 25 6 24 50 33 1 69 44 70 32 18
4748 4748 0 0 0 0 0 0 0 0 0 0 0 0 0 0 0 0 0 0 0 0 0 0 0 0
4384 4396 3 44 53 54 9 42 56 41 65 61 61 53 23 49 63 66 57 5 27 2 66 6 28 18
3741 3757 30 14 6 35 33 45 8 56 66 26 59 5 67 66 37 22 38 54 52 34 50 30 59 65
365 783 31 69 4 69 69 17 41 39 60 4 26 25 52 49 47 62 70 27 69 48 65 63 5 60
4044 4044 28 1 32 62 26 69 35 41 7 41 29 68 34 30 21 57 36 59 18 52 54 15 46 2
4799 4802 10 11 30 40 70 19 9 70 3 30 21 20 28 4 29 28 29 23 9 38 35 12 16 29
2070 2114 69 42 51 48 18 0 0 18 33 63 33 51 21 39 24 33 27 0 9 57 48 24 36 6
771 3732 29 1 12 47 42 20 28 21 16 46 69 34 49 9 13 46 59 23 65 51 9 25 60 44
1812 1812 15 19 2 42 15 50 19 14 34 4 24 36 17 53 11 58 61 1 66 21 69 67 24 33
1452 1469 24 66 13 47 61 13 15 12 53 36 1 12 52 30 48 65 59 15 52 9 10 61 3 24
3007 3011 46 19 35 35 1 52 70 71 25 31 37 48 13 50 33 26 62 44 36 4 43 42 58 28
497 1297 53 44 55 51 50 5 53 43 36 42 15 70 28 60 40 30 45 55 15 46 62 46 28 54
3477 3477 0 8 64 56 32 48 40 48 40 40 8 16 8 64 0 56 64 64 8 0 8 16 32 8
1426 1438 64 5 16 69 43 0 58 23 31 4 27 41 71 56 8 0 70 24 24 28 38 15 41 23
359 378 54 18 40 48 38 36 50 56 40 42 50 30 10 66 32 58 30 58 56 52 2 26 42 22
3046 3245 5 10 70 58 56 34 61 46 54 38 48 16 47 8 11 68 44 52 64 12 1 5 36 26
3150 3150 61 28 36 6 31 47 61 1 13 9 70 37 34 52 2 55 32 40 21 14 8 56 63 11
1179 1193 66 19 10 38 29 30 41 46 26 16 70 25 27 1 48 34 42 40 24 2 39 21 63 68
2923 2963 65 48 33 24 21 7 47 36 39 16 62 1 54 9 47 40 4 4 27 6 53 63 68 5
893 4323 11 8 50 28 44 11 59 11 42 17 64 48 0 38 62 10 13 19 48 70 25 19 24 35
3346 3346 20 36 44 32 56 64 0 32 16 40 20 32 60 52 48 24 28 0 4 20 8 24 40 52
4009 4028 0 0 0 0 0 0 0 0 0 0 0 0 0 0 0 0 0 0 0 0 0 0 0 0
3697 3707 8 23 42 54 10 17 37 61 21 3 5 38 40 34 24 8 26 64 63 19 69 19 14 33
2706 3696 2 48 3 20 46 37 11 64 23 0 56 47 65 66 39 17 26 30 7 12 24 70 35 69
4255 4255 0 0 0 0 0 0 0 0 0 0 0 0 0 0 0 0 0 0 0 0 0 0 0 0
3401 3402 0 0 48 48 0 0 48 24 48 0 48 48 24 0 24 48 48 24 0 0 24 24 0 48
2531 2543 69 27 71 6 49 10 38 66 31 5 16 3 0 15 31 29 40 59 11 24 44 48 68 32
2294 3530 27 58 3 27 23 53 7 14 26 66 47 1 67 7 57 29 47 58 32 63 56 35 40 39
1816 1816 58 44 5 33 16 21 9 35 56 37 35 64 30 32 10 57 56 63 29 6 11 6 11 7
1054 1060 48 29 2 51 55 32 57 30 66 45 52 62 66 7 15 11 5 51 71 59 40 14 67 46
2911 2955 33 39 46 23 12 56 62 65 23 22 71 51 45 42 6 62 67 56 53 23 13 46 40 7
2319 3002 40 47 65 47 44 13 7 68 16 59 7 27 16 27 16 54 16 17 65 31 56 50 5 52
4740 4740 4 36 52 12 21 32 7 21 27 52 22 13 12 33 57 6 22 34 58 4 61 6 36 63
1281 1293 10 8 62 30 4 0 70 28 24 58 68 60 64 68 24 0 68 24 58 40 22 60 34 20
1732 1760 35 25 39 1 20 62 56 30 64 57 24 34 35 15 22 71 9 63 7 66 49 2 10 68
4674 4812 45 27 9 3 66 9 36 24 36 12 36 3 63 18 21 36 69 60 63 6 9 45 57 39
2961 2961 5 37 57 68 61 58 40 21 37 57 13 52 48 19 62 59 56 38 14 65 0 35 42 5
4722 4745 22 44 46 32 26 70 48 52 46 36 2 8 18 14 0 26 26 62 46 10 34 22 38 44
1743 1786 50 13 69 69 55 56 56 52 20 20 70 68 50 42 7 53 19 1 66 58 67 29 53 52
1714 4246 36 1 0 33 17 19 52 47 71 13 58 40 12 11 71 59 57 70 29 65 15 59 46 44
4082 4082 26 30 68 58 25 1 32 24 58 43 66 44 17 32 0 13 42 38 7 5 41 46 48 23
1204 1218 3 48 63 17 1 56 24 65 6 15 9 26 50 3 55 60 32 57 54 39 19 63 32 62
4732 4763 12 19 49 37 12 29 27 19 7 21 20 65 29 2 62 63 69 70 68 56 61 18 31 0
380 733 22 17 24 46 29 63 36 1 23 34 68 34 7 51 36 71 42 35 13 20 39 61 20 29
897 897 9 15 15 18 30 66 39 66 21 39 63 27 30 24 54 36 57 0 57 45 42 63 36 30
4232 4240 15 33 65 56 7 65 6 54 55 16 70 41 47 13 21 59 24 61 7 19 27 42 35 11
3924 3933 29 60 31 70 59 25 60 60 6 20 41 42 39 42 0 65 36 30 64 3 61 22 66 60
3458 4926 4 64 53 57 39 8 52 18 43 38 55 13 51 45 37 6 13 69 58 30 32 28 7 3
2102 2102 52 11 21 35 39 2 36 65 39 51 19 13 2 1 61 1 26 13 42 18 15 22 64 65
4923 4930 48 69 3 21 54 6 24 30 66 51 45 36 9 12 63 6 15 0 63 63 45 33 15 51
4629 4671 54 44 3 13 30 21 11 6 56 57 31 27 17 50 17 17 19 58 50 18 46 69 37 58
62 949 24 24 32 60 24 36 8 24 52 20 44 64 48 28 64 16 0 32 68 56 0 12 48 8
2375 2375 1 55 26 52 13 18 43 42 23 12 8 32 38 37 24 71 69 34 4 70 48 53 29 48
1540 1548 21 16 39 30 66 56 47 34 47 19 36 24 20 5 68 37 33 0 5 53 33 56 42 29
2667 2709 29 34 59 39 27 66 8 11 49 44 68 4 9 20 43 57 55 12 5 64 65 2 70 0
728 3977 57 48 0 69 60 18 39 27 12 30 12 69 54 42 21 15 3 42 21 42 18 33 24 66
1008 1008 41 54 4 19 63 52 5 3 17 57 11 67 56 40 61 64 52 58 45 23 38 54 22 44
4508 4522 23 71 64 12 34 0 39 16 69 67 46 1 37 63 60 54 49 53 15 5 43 61 25 15
4819 4856 0 38 12 44 34 41 28 63 38 42 20 5 62 50 21 55 68 56 59 2 51 62 47 67
3244 4019 36 10 57 21 61 51 51 57 35 68 60 18 29 55 50 22 14 0 57 63 27 57 37 21
4369 4369 46 33 8 26 53 66 59 51 5 34 26 64 15 17 53 21 63 36 2 55 63 42 30 43
684 697 22 60 27 16 26 47 45 62 61 42 11 61 18 62 13 42 16 23 24 40 71 57 60 65
1643 1659 31 42 18 65 64 13 21 36 29 32 12 15 44 38 59 37 9 45 56 1 56 48 67 55
571 1429 48 6 64 62 18 49 45 59 22 30 38 36 10 10 13 22 3 32 23 68 15 62 67 39
4332 4332 8 48 60 28 36 60 24 60 68 36 16 64 4 0 8 36 68 24 32 48 40 16 68 44
4458 4471 37 3 14 6 60 37 4 0 28 58 30 14 47 41 2 14 45 57 2 57 60 46 44 35
3629 3633 42 18 0 54 48 30 12 18 0 48 30 18 12 60 36 18 36 60 42 54 30 66 12 0
415 2009 18 40 27 20 71 45 51 14 69 19 30 42 67 4 61 53 14 55 47 10 65 57 69 51
4289 4289 35 44 24 28 25 65 26 23 0 59 45 9 45 11 46 2 69 71 16 57 38 57 34 43
2344 2355 4 16 42 33 4 62 28 59 64 58 41 1 70 44 68 12 30 12 0 31 15 24 37 56
2037 2039 36 7 9 62 21 28 61 30 26 12 13 39 63 26 9 23 37 55 5 29 30 53 35 34
43 398 51 27 66 2 60 16 48 10 1 16 5 41 53 56 61 13 18 22 33 48 55 65 50 36
4529 4529 3 54 3 40 28 13 52 39 63 15 6 14 19 6 63 11 7 6 37 54 8 27 29 27
4719 4731 46 65 54 64 71 1 7 9 54 0 48 17 11 65 45 66 6 7 0 35 23 34 68 66
3297 3299 33 29 58 20 38 40 40 38 49 18 19 65 7 37 47 41 62 71 36 62 44 35 52 21
615 2234 24 6 0 71 4 32 20 65 29 38 30 71 44 59 10 0 16 56 10 46 8 68 13 22
3784 3784 66 21 69 60 18 42 0 0 18 63 27 42 60 24 51 54 69 60 21 60 6 42 42 3
10 28 21 16 59 45 4 18 11 31 29 15 43 53 61 4 22 32 63 50 25 27 66 39 32 59
1248 1266 47 7 51 19 3 66 45 44 47 55 16 13 31 13 51 16 19 39 23 65 42 60 56 21
642 2387 57 39 68 58 53 36 65 55 1 0 30 11 41 37 5 21 41 28 37 54 17 17 39 3
2987 2987 4 68 24 32 4 0 4 44 28 8 56 32 32 60 12 36 60 40 20 40 8 64 32 36
2404 2421 23 67 61 61 49 55 6 8 42 64 5 3 22 21 4 7 66 44 64 68 41 14 1 36
623 645 31 71 42 50 51 54 38 9 14 63 12 51 14 50 50 23 6 31 22 27 64 52 64 20
2358 4398 18 54 69 5 70 14 11 12 11 38 28 30 51 51 61 47 39 36 37 19 14 27 35 35
930 930 48 0 24 48 0 48 0 0 48 48 48 24 48 24 0 0 24 0 0 24 24 0 0 0
1373 1379 10 14 11 4 33 59 46 1 20 17 12 54 44 21 57 18 15 1 41 5 46 49 50 42
3413 3429 58 70 50 55 7 45 14 24 65 52 12 4 32 21 44 15 1 32 71 9 55 45 20 64
2442 4109 32 24 16 60 56 8 68 8 16 44 4 36 24 8 0 36 40 28 40 12 56 28 44 24
4674 4674 48 17 60 33 17 54 62 50 68 4 57 27 32 68 69 7 63 66 6 29 15 32 52 37
1157 1163 8 27 43 12 69 11 12 2 4 70 20 26 40 2 67 2 2 71 53 2 11 44 10 15
2068 2103 28 52 28 46 20 8 38 22 14 60 64 66 38 8 16 48 10 26 64 4 24 12 40 44
3267 3577 26 69 24 49 71 42 56 34 5 10 47 52 42 35 6 62 40 55 60 52 37 54 65 40
1391 1391 28 40 36 20 22 10 26 26 62 34 62 54 68 28 12 0 10 16 32 32 58 70 10 60
4756 4756 12 63 60 21 24 42 66 54 12 0 0 42 63 45 30 45 15 39 42 48 54 3 48 54
1357 1381 1 7 67 65 56 33 56 55 39 44 18 52 12 55 63 15 6 62 29 18 54 26 31 60
1078 3271 68 70 4 44 54 38 14 66 18 20 38 18 58 48 56 0 46 16 6 42 70 58 6 2
4373 4373 36 57 59 47 23 22 26 55 34 26 6 66 5 65 56 71 53 55 11 7 65 64 29 62
4539 4559 40 19 71 39 13 27 37 5 55 34 63 68 67 35 18 17 51 5 13 62 63 8 19 45
4113 4133 28 10 26 56 48 64 34 32 34 12 36 42 18 44 52 38 20 62 24 2 48 8 40 18
778 4300 57 6 59 53 55 42 33 55 68 66 12 58 43 14 27 68 57 57 49 69 70 32 8 19
3446 3446 56 8 55 70 25 8 6 20 45 51 38 37 26 62 17 12 41 58 20 5 60 69 33 41
4710 4711 7 71 38 67 18 27 44 7 1 49 7 17 21 65 13 11 28 68 61 29 58 7 38 69
1879 1908 7 30 12 66 53 7 35 32 61 0 11 3 47 1 63 60 58 70 20 68 0 24 12 23
673 4276 34 27 14 68 21 64 6 65 27 63 64 50 16 55 18 50 42 1 33 19 40 42 23 0
2159 2159 53 21 35 35 3 55 24 22 59 48 11 64 59 23 20 22 4 26 33 38 10 70 62 42
3450 3456 14 70 13 69 41 8 14 22 27 40 15 38 54 30 52 60 42 52 40 8 14 21 25 55
1633 1677 54 60 0 54 36 30 66 36 36 6 42 30 24 12 12 30 18 12 66 66 12 48 30 36
594 2566 67 3 27 68 21 44 17 14 59 20 15 34 33 28 27 5 54 23 8 44 71 30 29 61
3601 3601 3 17 33 33 21 61 20 61 39 22 3 64 36 31 29 11 53 40 2 19 6 27 30 54
1540 1549 56 38 8 21 24 16 46 5 30 58 15 3 60 6 68 65 65 28 62 32 36 25 34 44
2091 2111 25 67 3 26 36 16 20 2 56 37 33 68 21 55 52 17 44 58 30 50 70 43 1 13
205 381 26 30 44 22 8 59 0 55 63 3 27 50 9 20 12 18 49 38 27 66 7 58 54 51
1412 1412 32 12 3 64 70 58 71 14 21 16 67 9 48 22 47 57 11 38 47 8 5 4 12 63
480 483 12 36 38 29 17 9 2 51 66 13 5 60 53 14 14 50 61 2 5 9 30 36 21 19
2685 2702 51 18 55 3 38 62 68 52 13 6 28 63 0 34 54 36 67 51 13 49 48 42 6 70
1724 2007 49 17 19 71 8 11 23 49 26 39 60 63 45 67 23 63 31 14 55 45 40 12 56 56
1086 1086 36 57 18 3 69 57 42 48 63 48 57 51 63 63 3 51 48 42 33 24 45 33 24 60
1204 1225 57 33 13 55 39 58 2 5 42 56 29 62 32 27 21 8 36 13 38 38 43 55 71 42
4262 4303 21 67 40 39 71 2 51 13 55 23 21 62 61 9 38 31 22 71 30 22 9 69 71 58
1532 1980 25 39 43 52 56 30 26 58 58 9 47 27 66 18 56 38 0 19 14 48 25 60 13 50
363 363 64 60 14 29 51 3 44 36 52 34 14 22 71 30 70 17 44 59 17 59 18 32 52 28
4904 4924 7 58 28 58 53 3 58 35 22 65 58 26 18 69 12 26 9 14 26 30 62 69 12 3
4027 4061 28 54 35 14 37 8 28 25 11 68 15 50 56 36 23 38 6 2 56 44 20 4 25 56
2345 3876 71 66 11 56 15 54 19 56 8 13 54 1 6 70 6 25 30 2 7 48 65 3 19 65
2681 2681 30 68 12 18 69 31 46 52 29 1 48 44 39 50 12 70 27 21 47 46 52 52 41 64
3579 3584 52 12 60 18 28 44 4 70 50 58 44 42 60 38 62 4 66 50 32 12 38 22 18 44
1203 1244 62 16 58 31 29 48 58 16 19 43 61 33 22 65 57 40 63 10 8 71 56 15 2 36
2219 2562 40 66 68 24 30 64 68 30 48 36 14 6 62 36 58 56 26 0 48 2 16 20 54 16
3716 3716 8 36 19 38 21 53 39 44 0 24 32 34 13 68 0 19 2 35 32 12 50 40 52 30
2329 2341 46 30 59 38 39 32 14 49 19 63 58 48 38 11 63 36 38 21 23 20 29 54 7 10
3050 3067 48 51 17 7 12 43 66 63 0 58 45 21 27 2 5 20 36 50 39 46 50 30 27 10
440 507 6 51 19 20 41 6 55 30 49 49 23 32 64 55 17 28 63 52 32 62 29 59 43 1
249 249 32 28 20 40 68 52 16 52 40 44 32 44 52 48 12 52 60 8 20 48 0 68 68 64
1456 1473 58 56 53 58 52 29 17 46 61 51 53 23 41 11 62 66 56 69 11 68 33 64 14 49
536 574 3 2 28 11 18 62 71 2 28 58 51 17 47 11 47 11 10 17 69 31 24 26 46 34
1391 1814 7 29 28 55 57 57 54 1 49 35 25 33 17 63 33 24 24 45 11 22 66 4 12 29
1853 1853 53 43 14 58 22 66 67 20 29 14 28 26 47 12 55 7 3 16 51 10 52 9 45 38
1390 1393 51 60 30 12 60 9 69 30 18 21 66 6 33 63 36 57 57 36 63 3 45 9 21 57
1001 1026 29 7 38 27 47 31 31 50 46 30 55 3 25 56 37 34 25 54 35 16 42 9 38 48
358 1009 26 24 36 70 38 14 38 38 64 54 6 18 56 22 6 6 36 28 0 56 4 40 2 62
2967 2967 59 21 60 24 46 40 15 4 31 45 56 68 27 2 20 37 49 47 23 55 2 15 24 49
3805 3810 30 58 33 13 43 60 40 64 34 28 6 16 12 52 6 56 38 46 11 25 42 9 36 5
1047 1054 0 20 22 68 46 8 68 2 14 32 42 14 10 36 62 58 26 46 12 20 58 30 56 18
1066 1753 47 16 33 60 13 21 38 33 32 20 62 11 8 42 13 12 51 22 5 3 67 26 27 35
560 560 0 0 0 0 0 0 0 0 0 0 0 0 0 0 0 0 0 0 0 0 0 0 0 0
1322 1331 71 18 54 68 21 17 5 31 52 68 17 10 0 35 27 37 67 25 63 7 67 6 16 14
1906 1949 4 13 1 19 24 15 70 6 50 35 41 62 53 23 40 50 10 9 15 56 21 47 18 27
3745 3957 30 12 18 6 18 0 48 30 66 66 48 6 24 24 66 54 60 30 60 54 66 42 24 12
264 264 54 55 51 1 69 42 30 31 32 5 50 64 69 45 18 48 30 8 56 33 57 42 17 32
93 104 12 10 44 25 69 47 60 44 46 48 15 59 19 48 14 40 44 66 50 3 2 65 19 6
4697 4715 32 4 44 7 50 52 23 45 49 34 17 7 6 11 58 31 29 31 40 41 69 49 54 7
2 2377 66 3 29 21 8 57 5 9 67 42 14 32 57 59 19 12 40 70 23 2 61 68 13 20
3480 3480 56 0 40 8 64 48 40 56 40 32 40 0 0 56 56 56 48 24 56 8 24 48 0 48
987 997 32 14 12 30 52 37 4 57 39 67 31 4 70 5 62 36 65 26 69 58 9 16 8 24
1751 1793 62 7 26 27 45 69 25 21 63 18 54 39 56 41 32 26 29 20 36 52 41 51 42 49
2863 3098 38 46 0 21 3 51 28 41 37 60 35 21 17 30 9 50 61 6 0 16 68 50 24 23
3644 3644 46 7 16 35 56 15 63 28 53 22 55 43 40 71 40 8 25 2 37 26 60 37 16 30
3626 3642 21 38 4 58 42 56 14 61 54 45 46 0 37 2 27 26 8 65 3 16 16 13 31 62
2897 2921 43 37 7 49 34 41 6 42 3 1 54 45 65 37 68 59 1 46 52 63 54 14 33 9
432 846 21 49 52 52 32 45 6 68 48 11 71 39 8 65 28 51 18 10 69 31 59 58 1 66
992 992 39 17 57 34 41 40 6 22 56 70 38 29 5 26 56 26 12 62 14 50 14 35 49 71
3698 3701 58 46 64 62 5 58 31 35 27 46 30 22 32 48 69 59 23 57 29 70 20 47 46 6
1922 1954 20 44 47 42 33 13 46 33 12 65 19 16 2 51 62 12 38 12 5 22 63 69 51 69
365 2280 32 59 35 16 50 34 31 24 37 35 44 58 50 60 64 53 22 30 69 11 52 2 29 3
4544 4544 17 37 50 61 25 69 19 45 68 71 13 54 7 26 52 40 65 71 1 50 44 23 57 22
230 241 11 52 30 9 11 55 1 16 19 55 15 27 0 42 14 60 43 67 47 0 60 70 10 50
1785 1792 1 7 67 6 28 45 35 50 49 12 41 30 23 48 68 7 53 28 71 60 54 23 19 5
79 3260 59 23 29 19 15 43 48 38 48 55 64 25 46 64 33 54 37 58 59 40 14 24 38 15
1165 1165 27 35 44 20 7 55 31 43 8 41 32 0 28 62 8 9 18 60 61 42 34 40 1 49
2138 2139 16 4 53 22 39 44 27 69 70 68 70 68 33 32 21 0 71 51 45 40 43 42 62 59
4486 4531 19 1 38 29 1 70 41 1 5 45 3 29 18 57 16 61 14 20 41 64 58 34 28 67
3111 4739 9 35 55 50 37 62 44 8 62 31 49 26 62 1 47 1 70 4 6 13 8 41 58 7
4146 4146 28 36 54 8 59 32 71 47 55 55 59 39 10 15 2 64 54 65 11 29 26 6 50 36
1916 1933 20 33 28 42 34 55 49 43 7 25 11 68 47 24 34 68 4 57 64 32 36 6 8 68
1827 1855 62 69 41 49 29 3 28 27 66 13 22 18 49 2 43 63 26 38 49 49 32 11 68 28
2846 4301 15 40 21 66 19 39 17 47 26 6 24 67 40 20 13 65 49 49 15 8 62 53 66 13
4917 4917 52 28 56 8 20 68 8 32 48 60 16 12 8 0 64 44 24 20 8 4 36 32 40 8
4258 4267 41 13 5 5 25 27 69 71 65 55 58 12 34 48 36 41 0 60 17 65 71 29 34 10
1654 1700 10 11 39 67 68 70 32 10 43 40 45 70 56 41 69 60 62 28 36 4 51 14 56 71
199 1577 4 12 12 12 44 52 28 8 48 8 44 12 44 16 28 64 4 56 56 12 52 0 24 8
1136 1136 0 0 0 0 0 0 0 0 0 0 0 0 0 0 0 0 0 0 0 0 0 0 0 0
2141 2155 65 19 34 50 56 41 4 2 14 10 48 13 0 53 33 46 63 48 21 62 64 65 62 48
2003 2025 30 6 43 38 29 5 18 17 49 30 60 34 39 70 54 53 0 13 20 15 56 35 59 54
285 1897 28 1 15 3 25 50 37 22 34 10 50 50 28 40 61 55 52 31 69 23 3 46 28 34
540 540 54 18 18 18 18 0 36 36 36 0 36 54 0 0 36 18 36 54 54 36 54 18 18 36
4724 4735 30 56 61 40 18 46 37 36 28 8 28 55 4 49 6 41 69 17 69 36 6 47 11 7
203 245 53 22 35 69 0 8 12 51 47 26 40 7 5 14 54 69 35 60 11 45 24 30 40 24
2914 3243 57 23 48 23 31 26 63 15 60 30 15 6 5 25 20 10 52 42 64 33 13 61 50 64
1360 1360 53 22 27 38 12 24 50 58 51 38 36 48 64 35 7 30 0 1 11 10 24 39 51 0
2958 2960 62 3 62 11 21 40 18 12 64 43 2 50 20 70 28 39 13 11 4 12 21 46 28 59
1703 1722 53 52 52 24 31 4 48 65 6 47 50 50 54 54 67 53 44 22 23 32 12 65 47 46
653 3081 42 58 29 37 56 47 13 15 49 54 18 34 24 35 31 55 67 47 56 4 23 47 60 33
3848 3848 0 0 0 0 0 0 0 0 0 0 0 0 0 0 0 0 0 0 0 0 0 0 0 0
2365 2388 10 0 18 4 66 40 50 50 56 34 66 46 16 70 46 36 50 6 38 70 18 16 56 66
1725 1746 71 9 25 4 34 23 0 57 17 10 55 41 55 4 23 50 54 4 12 42 5 29 65 5
1711 2030 20 14 48 52 46 16 4 42 62 22 26 14 42 70 36 16 10 42 68 24 16 32 50 16
1848 1848 15 66 17 59 28 10 31 23 68 13 63 13 39 45 43 33 69 31 10 51 21 3 68 46
4749 4761 40 61 30 39 18 24 34 42 8 58 56 42 39 65 64 13 57 33 64 58 40 21 18 46
2752 2777 6 18 46 54 24 44 66 4 12 46 0 46 70 70 24 50 0 68 4 22 52 38 62 58
278 343 70 48 58 8 26 21 44 36 8 34 60 52 38 21 7 63 20 66 21 54 36 1 7 10
2794 2794 34 13 3 35 7 1 10 18 34 22 13 35 40 49 0 29 0 16 6 24 5 30 15 50
1989 2011 57 4 41 62 58 19 3 1 39 58 44 21 6 3 11 23 50 41 42 34 62 66 50 26
3678 3722 46 17 33 5 40 49 16 35 61 58 25 56 54 50 54 50 41 67 20 4 25 40 11 23
1765 3383 71 49 20 56 27 13 35 30 20 62 64 9 66 29 58 70 28 67 30 10 64 62 39 16
3915 3915 18 24 18 36 0 0 0 12 36 24 42 66 18 54 42 60 36 36 30 36 48 54 24 18
4021 4041 54 42 42 51 21 36 21 9 45 63 57 0 0 36 60 36 45 3 18 54 42 18 0 39
4745 4783 18 51 27 42 12 63 6 21 18 54 3 69 21 21 69 6 27 30 54 6 42 36 48 24
1939 3531 40 18 19 3 10 66 25 38 3 24 30 67 18 35 9 15 66 46 66 54 19 38 64 46
3599 3599 54 19 19 41 62 63 66 61 57 28 54 45 29 45 51 51 50 64 64 63 12 9 57 9
2920 2924 67 50 30 58 0 43 4 22 2 44 31 40 47 35 44 30 11 57 48 27 45 60 54 48
929 954 57 18 17 0 18 69 29 55 18 42 32 63 7 0 24 26 47 52 65 61 63 26 10 50
348 481 50 50 57 20 53 60 58 22 67 67 6 12 15 60 53 26 71 66 41 64 57 23 53 54
4593 4593 40 62 71 58 11 0 43 29 46 4 3 44 48 60 59 53 63 55 31 19 21 57 33 57
4611 4616 37 61 8 67 22 60 27 64 55 36 31 53 15 21 36 71 42 36 52 21 25 20 71 10
778 782 13 0 14 69 62 43 36 22 61 51 11 42 34 52 31 6 65 51 35 65 26 26 11 11
3 143 7 15 6 2 48 13 63 8 65 33 21 57 40 0 29 42 4 59 60 67 45 15 68 60
2056 2056 11 26 57 5 4 6 47 8 7 10 46 57 62 34 68 8 22 11 32 8 23 56 65 20
4753 4753 0 0 0 0 0 0 0 0 0 0 0 0 0 0 0 0 0 0 0 0 0 0 0 0
4388 4424 38 15 65 52 38 0 32 55 35 7 34 27 64 42 17 31 3 8 36 26 55 60 14 6
436 445 18 55 51 60 56 18 13 30 9 54 45 2 58 49 1 45 34 27 12 64 17 50 47 26
3423 3423 0 18 18 45 0 0 45 18 0 27 45 9 9 36 63 63 63 18 45 45 0 27 0 18
3282 3286 36 12 48 60 60 0 12 48 48 60 24 48 12 24 12 60 60 48 0 24 12 60 48 48
644 683 18 3 30 11 61 18 69 2 59 48 23 39 20 58 15 57 25 43 51 26 55 22 6 2
424 4755 25 16 11 12 7 55 69 64 18 27 48 38 2 14 32 34 7 62 31 71 69 31 2 11
1757 1757 24 53 23 14 34 26 17 56 9 18 4 66 35 11 30 0 7 66 0 6 55 56 1 66
656 667 47 21 42 48 14 70 24 13 71 2 56 4 50 16 26 64 17 31 58 7 7 58 20 6
1094 1096 68 60 50 6 23 28 42 48 54 24 64 62 58 53 6 42 1 36 56 41 66 32 15 51
951 3836 30 31 21 6 50 35 59 44 38 41 28 28 64 52 66 71 45 49 52 32 3 34 25 47
209 209 18 24 18 18 24 18 12 6 42 66 12 66 30 48 12 18 6 12 6 6 12 36 36 42
4906 4920 49 3 16 31 38 21 14 63 3 70 55 57 45 50 12 44 1 17 69 10 19 47 66 51
4397 4428 49 47 8 71 58 32 4 27 36 58 54 46 50 6 60 51 67 32 46 0 2 4 36 23
2240 2737 18 25 53 32 57 33 66 24 5 34 64 5 9 69 11 55 25 52 54 37 59 59 29 21
1905 1905 32 16 48 64 24 16 32 48 40 24 24 32 64 56 56 64 8 16 16 16 16 48 64 24
2377 2389 16 48 35 41 35 37 25 36 17 57 17 45 41 5 28 52 40 64 9 17 1 52 0 48
1318 1349 64 36 38 8 35 51 66 67 58 19 17 26 63 26 1 35 24 30 15 55 26 41 40 41
2439 4940 61 70 27 65 69 50 61 37 55 35 39 42 53 34 22 30 15 65 40 7 43 15 25 43
2850 2850 44 32 58 15 61 23 51 69 40 45 39 22 18 11 71 21 32 49 53 37 27 42 62 7
1573 1580 53 42 63 51 16 70 34 64 46 52 58 38 46 46 61 64 14 32 8 39 3 6 11 51
350 369 68 28 38 58 43 25 1 11 44 4 70 17 67 46 29 13 37 24 50 0 41 31 68 32
497 4106 65 42 7 25 18 37 55 38 5 55 63 35 57 18 12 48 63 60 35 52 9 41 69 59
2363 2363 60 3 34 70 7 56 9 69 27 38 57 20 15 26 25 28 14 26 51 3 63 31 69 8
3919 3939 34 37 35 2 46 58 32 12 57 68 30 51 58 48 42 29 53 48 14 17 57 22 23 44
2854 2891 24 24 0 0 0 0 48 48 0 24 24 48 0 0 24 48 48 48 24 48 48 48 0 48
206 1449 57 32 66 70 42 6 49 4 42 57 12 8 4 10 61 52 18 53 67 20 46 11 44 67
1276 1276 47 62 26 52 32 37 2 70 6 43 46 54 16 37 23 22 50 33 5 43 57 0 35 57
4590 4596 38 70 40 58 42 68 58 26 42 10 20 60 32 8 4 24 44 56 42 70 24 2 8 34
3230 3241 34 32 60 35 39 33 52 0 52 3 40 64 63 45 8 56 58 7 65 19 22 26 42 36
2 3 45 36 9 18 63 36 18 27 9 9 45 63 9 9 18 54 18 9 45 45 18 36 54 9
3579 3579 25 30 69 69 34 23 13 70 50 4 17 66 9 56 29 34 48 59 68 69 26 40 42 50
1449 1462 56 17 37 1 63 71 50 3 19 32 2 49 12 44 28 70 25 21 70 22 39 7 37 18
1770 1817 44 12 12 4 4 68 28 64 52 44 0 68 24 52 12 40 60 40 60 44 64 16 48 4
1026 3769 23 32 62 45 42 31 40 46 0 14 41 48 27 67 57 13 61 17 14 18 3 30 7 66
3261 3261 68 5 17 3 38 63 15 53 49 20 63 4 11 19 65 59 21 0 46 12 9 16 41 46
4931 4952 57 45 21 54 21 3 6 45 54 6 12 36 27 45 18 45 3 57 48 39 57 9 54 0
467 484 40 36 56 8 48 54 16 66 38 14 38 18 10 54 28 8 0 20 30 24 68 30 34 58
665 1088 64 64 55 41 28 32 19 4 11 13 66 2 17 44 52 35 34 23 5 20 49 71 65 58
392 392 21 16 52 37 21 28 40 29 70 14 53 46 70 0 70 2 26 71 39 19 60 10 68 7
3659 3660 18 34 32 17 68 39 16 5 71 29 44 12 36 22 43 26 21 62 52 31 30 16 62 17
387 416 56 24 70 58 60 6 46 44 42 0 18 64 46 16 58 24 38 0 14 58 64 34 44 36
147 1296 46 14 1 28 71 2 25 68 15 43 17 50 48 70 42 30 8 45 68 43 6 51 63 63
674 674 0 0 0 0 0 0 0 0 0 0 0 0 0 0 0 0 0 0 0 0 0 0 0 0
2747 2748 53 20 29 60 71 64 33 32 44 31 66 21 32 5 9 42 31 9 34 27 58 18 68 68
3074 3118 66 66 42 66 24 30 60 54 6 30 12 24 24 18 66 54 48 36 30 36 54 48 24 54
710 1392 27 16 8 14 46 63 23 24 50 24 35 60 10 67 51 40 15 38 54 42 17 2 19 33
2140 2140 24 40 56 32 16 40 48 56 16 56 16 32 0 32 8 8 24 56 40 40 64 56 32 32
903 908 30 54 30 12 12 36 42 36 6 60 12 54 0 24 30 18 54 24 12 24 42 60 36 36
569 591 48 50 35 65 27 29 3 50 3 6 48 65 69 55 54 58 25 19 18 8 27 68 25 62
898 2401 64 56 0 8 56 24 56 24 24 64 48 24 16 8 56 16 24 8 0 16 0 0 56 0
4990 4990 67 4 2 67 29 56 15 30 11 52 17 15 17 64 3 56 0 27 18 62 21 56 39 58
4376 4398 48 12 31 68 59 44 32 20 25 21 33 67 6 0 10 22 22 51 52 32 57 51 21 31
38 78 16 58 24 4 36 45 10 45 70 1 32 1 42 44 45 45 35 31 45 51 49 26 8 12
1322 1888 25 67 71 25 18 65 60 21 41 23 15 56 21 22 55 41 24 21 49 69 4 68 14 69
3704 3704 0 0 0 0 0 0 0 0 0 0 0 0 0 0 0 0 0 0 0 0 0 0 0 0
4986 4998 24 16 24 44 52 64 52 60 68 68 4 4 20 0 52 8 20 48 64 28 60 64 4 64
1254 1254 15 47 7 36 40 28 36 32 31 70 50 48 15 50 30 38 31 39 27 16 71 12 34 19
413 2061 0 0 0 0 0 0 0 0 0 0 0 0 0 0 0 0 0 0 0 0 0 0 0 0
4463 4463 60 40 54 50 19 16 35 46 46 6 63 66 61 3 63 8 46 62 11 30 51 13 54 48
3504 3515 37 48 23 0 6 24 26 18 22 19 21 58 7 3 18 39 25 7 22 17 18 38 33 70
316 324 53 11 37 19 65 23 55 35 21 69 23 22 10 9 55 38 2 20 53 45 39 61 33 42
2464 2848 0 0 67 52 18 43 21 41 64 30 38 18 0 31 22 27 1 1 53 23 0 3 3 62
562 562 2 23 51 69 67 56 38 67 38 16 45 41 28 59 70 17 39 15 19 7 35 44 28 4
3009 3023 29 44 61 17 62 36 44 49 53 8 18 5 70 38 45 1 45 26 21 29 52 46 56 3
3449 3469 1 42 14 19 38 16 39 10 29 27 1 65 19 36 55 9 69 66 3 58 17 61 11 59
1377 2202 11 39 58 5 67 5 45 31 40 1 62 65 56 19 58 4 56 47 26 23 28 1 62 30
2620 2620 9 27 19 66 64 35 33 14 37 38 58 36 20 15 45 42 36 53 13 21 56 44 59 49
4806 4824 19 47 38 70 56 14 48 30 41 22 33 24 38 19 41 26 57 25 55 64 70 38 47 45
4400 4425 19 17 24 27 69 4 66 58 59 17 21 2 10 57 66 67 15 17 50 14 18 16 31 40
925 4436 29 39 26 14 70 39 43 46 10 7 3 18 67 59 24 47 7 46 7 69 17 20 61 58
2948 2948 4 39 18 63 36 61 47 54 4 25 1 30 21 17 51 68 9 45 42 12 54 29 12 59
1917 1938 31 38 28 37 49 27 22 10 1 22 60 29 2 36 65 54 64 14 34 45 14 16 59 55
24 30 23 22 46 31 23 54 25 64 18 53 25 0 9 5 50 19 32 37 43 46 70 70 50 20
864 2323 62 50 61 11 43 52 7 18 71 38 29 57 40 40 36 32 45 67 29 36 10 43 7 35
1511 1511 32 64 8 24 16 32 8 40 24 56 16 64 56 40 24 24 24 32 32 8 16 40 32 56
3980 3999 42 13 70 12 39 59 24 71 34 23 11 68 65 15 70 40 54 69 66 29 48 15 9 61
4568 4612 26 22 6 26 67 17 11 53 58 1 11 0 54 41 10 41 54 71 8 41 3 7 69 55
505 1980 26 68 18 31 12 25 68 65 48 43 23 67 55 69 22 53 13 40 36 14 54 28 24 31
1902 1902 50 18 14 64 62 60 36 62 48 34 38 8 2 34 12 22 60 48 52 58 40 58 0 4
533 555 67 12 48 63 8 24 57 24 38 71 26 6 3 20 53 25 37 50 52 2 0 24 54 19
4767 4780 50 2 22 15 8 15 13 5 7 48 0 63 71 51 64 5 68 43 49 65 26 69 14 8
468 1219 44 43 45 43 60 66 39 68 10 7 34 32 57 23 51 9 50 51 5 32 44 4 20 28
2902 2902 32 32 48 32 32 40 16 48 24 48 48 40 64 32 64 8 8 16 16 0 40 56 0 0
2865 2877 70 46 16 21 12 25 20 6 26 47 55 6 68 56 3 54 14 43 60 26 12 21 13 2
3654 3701 38 14 67 38 22 37 56 29 24 39 3 38 31 62 68 51 41 38 4 18 51 59 8 38
797 2592 46 52 39 33 22 36 70 58 16 22 9 46 42 58 50 34 3 32 21 13 51 49 15 40
3192 3192 57 24 45 6 33 9 9 6 6 66 15 66 33 57 60 27 6 33 66 27 30 33 3 45
4099 4122 42 57 5 21 64 47 34 22 12 71 8 9 23 67 3 39 65 19 62 0 65 19 28 13
4877 4878 48 45 6 69 36 42 36 39 42 66 18 24 45 6 57 57 48 15 60 21 42 27 51 42
1005 3425 7 10 62 49 69 70 66 29 16 51 28 39 38 23 51 53 42 53 70 27 47 22 44 14
710 710 0 0 0 0 0 0 0 0 0 0 0 0 0 0 0 0 0 0 0 0 0 0 0 0
4270 4282 21 68 0 62 58 56 11 42 2 17 6 69 43 57 57 19 69 48 40 57 50 10 69 22
2684 2731 30 42 48 54 33 39 66 3 27 63 6 69 66 57 69 18 3 60 15 12 9 3 63 27
271 881 0 0 0 0 0 0 0 0 0 0 0 0 0 0 0 0 0 0 0 0 0 0 0 0
3344 3344 0 0 0 0 0 0 0 0 0 0 0 0 0 0 0 0 0 0 0 0 0 0 0 0
2396 2411 4 12 67 12 51 28 66 41 54 49 29 29 8 71 65 23 61 5 32 10 30 21 44 64
4326 4348 52 58 70 55 70 40 36 4 7 51 7 37 47 18 4 1 70 71 69 40 14 65 57 69
3302 3880 11 48 11 67 32 66 0 20 55 66 57 2 14 54 56 40 10 63 10 26 55 34 41 13
32 32 60 25 3 35 19 65 35 45 46 66 2 31 39 62 17 59 41 55 32 5 59 8 40 56
3087 3103 67 19 50 30 34 4 60 33 61 69 49 54 27 15 14 42 29 64 39 13 71 68 29 38
1575 1600 35 55 56 28 4 42 43 18 5 29 36 11 65 25 23 18 43 45 9 54 41 39 37 11
2493 3708 7 50 32 4 14 63 55 51 67 30 3 53 62 55 41 17 55 0 30 48 39 33 39 6
2543 2543 47 21 42 48 71 41 43 12 6 27 39 3 2 52 32 39 28 67 58 42 44 29 1 58
2889 2894 36 0 0 0 0 36 0 0 36 36 0 36 36 36 36 0 0 36 36 36 0 0 0 36
2897 2932 10 67 20 13 0 18 54 66 42 53 47 39 33 51 34 25 57 33 45 66 35 25 50 65
524 3069 54 53 8 68 9 59 18 44 35 40 62 18 69 39 11 47 45 66 5 52 29 45 38 28
3627 3627 62 24 69 2 25 18 5 23 13 17 43 26 42 13 55 57 55 48 46 64 56 7 7 34
292 298 53 52 52 66 19 18 48 1 59 6 38 20 42 60 47 49 34 4 31 28 28 37 52 21
4566 4584 39 17 41 54 32 18 43 35 15 66 9 40 64 52 14 2 24 48 50 70 36 39 17 45
1 1 0 0 0 0 0 0 0 0 0 0 0 0 0 0 0 0 0 0 0 0 0 0 0 0
3697 3697 66 7 26 66 44 4 53 24 51 39 46 64 68 37 0 37 4 69 61 36 18 13 71 71
519 531 11 6 29 61 27 17 27 14 62 39 6 47 44 70 62 52 7 9 59 20 12 47 6 58
1859 1885 31 48 38 57 34 12 45 40 56 8 48 52 13 2 0 29 24 62 34 44 55 39 0 61
903 1280 46 8 55 37 26 58 41 21 11 17 57 7 27 56 34 29 67 32 59 38 28 11 50 22
4959 4959 22 1 68 26 41 48 24 25 24 53 8 36 6 43 67 41 22 45 14 67 9 50 48 15
1898 1902 2 24 28 60 70 28 31 17 31 31 50 46 22 28 70 3 23 45 21 1 46 4 24 48
2896 2922 0 57 42 19 22 48 28 51 26 38 59 53 6 40 22 38 70 3 23 48 62 59 51 8
460 827 21 44 5 29 5 7 38 24 7 38 58 30 25 20 57 48 54 61 41 38 46 68 71 14
2328 2328 47 63 12 8 14 35 53 70 28 68 1 20 40 50 63 69 19 48 24 50 10 48 0 25
3848 3870 4 44 68 6 34 26 12 60 24 18 44 54 46 64 68 8 38 70 14 18 10 42 26 42
4235 4239 36 28 20 43 23 21 35 50 27 20 33 17 71 43 0 45 27 55 16 56 45 66 48 70
1109 1146 58 51 42 2 54 51 43 22 25 71 16 25 59 58 68 57 57 4 23 61 24 50 46 54
894 894 27 53 69 55 4 38 49 7 4 38 10 66 29 57 32 69 19 67 47 39 13 0 55 20
4227 4240 27 34 51 57 24 4 41 30 39 15 11 56 41 10 70 54 67 26 43 43 10 68 66 11
2499 2539 32 57 48 39 50 51 8 11 47 4 5 43 58 9 37 4 35 50 13 7 61 59 6 40
2078 2222 22 35 49 60 3 22 40 42 54 14 27 14 64 40 40 41 49 50 15 40 20 6 16 26
3250 3250 50 55 2 65 35 56 20 15 27 35 16 5 10 51 2 59 10 44 71 63 57 27 48 8
3550 3564 39 7 69 33 45 25 32 18 51 17 18 56 40 15 5 43 16 27 66 51 26 44 57 65
2747 2776 43 41 59 0 44 69 30 6 0 33 65 52 35 14 6 62 51 4 43 58 65 49 55 1
668 977 2 58 4 4 18 30 44 10 38 60 62 54 26 22 24 6 42 70 0 22 50 44 28 54
4775 4775 6 26 38 20 16 14 50 4 54 56 56 28 20 30 46 2 68 50 16 30 18 0 20 60
3757 3767 40 13 67 26 28 68 59 59 40 46 62 9 24 33 37 0 16 47 54 45 65 53 35 68
2617 2619 0 0 0 0 0 0 0 0 0 0 0 0 0 0 0 0 0 0 0 0 0 0 0 0
182 4001 21 13 18 1 44 70 16 21 23 24 56 28 26 50 17 37 63 17 31 71 59 28 4 37
3995 3995 58 0 3 65 60 34 2 61 37 8 27 63 19 1 14 30 19 54 16 58 41 27 38 68
1762 1770 53 55 54 18 50 23 27 67 69 23 29 58 10 2 29 64 58 6 2 71 59 48 27 23
539 547 27 38 23 51 65 29 8 23 35 54 23 45 28 2 69 71 71 71 64 46 30 70 19 21
1783 3226 35 18 28 25 44 21 24 62 44 41 47 11 23 48 36 6 7 71 63 6 50 3 51 20
3700 3700 13 50 2 22 19 62 25 16 12 5 61 3 36 2 6 51 17 37 5 59 13 44 51 41
3967 3979 31 1 47 31 42 3 29 32 30 28 6 32 2 12 54 11 21 21 70 38 41 39 48 22
272 280 19 28 40 12 39 27 14 7 2 14 51 9 61 46 30 28 67 31 41 4 49 55 40 27
2743 3625 54 39 52 6 23 1 64 21 64 8 26 22 16 4 16 42 25 49 48 4 58 15 18 36
4607 4607 68 32 64 40 20 32 16 16 20 16 52 4 32 12 36 56 32 8 12 16 24 16 20 52
4669 4682 7 26 68 70 27 22 41 27 16 34 68 64 32 26 61 21 58 67 43 23 25 70 14 1
1808 1815 54 30 9 60 30 6 66 9 9 42 30 21 48 6 27 15 48 27 36 12 51 66 66 6
1111 1860 2 42 7 44 5 27 64 46 1 46 68 32 45 57 59 66 36 55 43 46 58 68 41 35
4432 4432 10 49 3 34 30 38 23 67 67 22 21 15 26 49 71 69 1 57 20 20 59 15 6 63
522 540 11 13 5 4 35 51 61 58 37 25 1 8 19 24 45 61 36 56 3 49 30 54 42 17
236 251 58 45 17 29 30 40 14 37 48 58 35 15 58 57 23 47 28 21 9 57 44 60 3 48
1823 2290 45 66 22 2 17 45 55 25 17 2 28 59 59 25 65 44 67 17 62 33 38 8 57 29
4418 4418 0 0 0 0 0 0 0 0 0 0 0 0 0 0 0 0 0 0 0 0 0 0 0 0
4011 4024 68 32 68 28 6 64 48 28 36 58 18 2 46 38 26 44 66 46 32 68 50 58 22 40
3693 3694 22 54 0 52 3 43 54 71 41 59 63 31 49 9 11 10 51 56 58 48 13 33 71 15
1552 1933 47 25 65 60 34 40 34 7 40 62 9 52 33 23 19 61 17 47 38 24 44 43 67 70
4473 4473 56 65 69 56 43 49 32 23 18 62 58 13 66 63 53 44 28 61 44 60 71 52 3 24
1996 2001 27 18 7 71 62 29 8 63 27 50 68 27 32 3 26 1 25 39 42 1 8 6 38 7
711 715 27 15 21 8 58 4 52 37 37 33 22 9 13 6 71 54 7 12 24 37 28 66 7 1
821 3767 33 19 25 1 24 29 26 59 52 53 38 39 24 9 2 33 67 9 6 24 4 26 58 17
1584 1584 45 66 36 31 13 52 36 68 62 31 24 46 10 57 25 29 57 4 53 5 33 54 11 11
3666 3681 7 33 17 38 28 59 38 37 57 30 3 32 58 35 4 17 37 59 66 28 61 19 64 0
2899 2934 56 44 49 2 11 27 13 64 10 11 11 16 60 9 48 55 64 63 50 27 45 14 31 51
253 2299 1 17 55 17 17 3 42 19 16 30 69 52 36 25 57 10 16 54 66 21 34 38 42 67
3534 3534 36 36 0 18 54 54 36 18 0 18 54 54 54 0 0 0 54 18 18 54 0 54 0 18
3094 3113 12 48 28 69 39 18 9 62 44 2 8 11 71 68 17 61 25 48 12 3 32 12 64 30
4175 4177 0 48 16 56 26 15 44 28 10 13 44 19 7 47 22 44 62 39 3 58 7 60 44 58
2153 4146 41 39 49 46 0 28 61 46 39 69 4 9 17 65 44 18 59 59 49 13 7 40 18 59
4793 4793 4 24 8 70 19 62 0 54 8 0 31 4 6 42 24 35 30 54 19 21 23 53 2 57
159 171 0 66 30 23 40 16 32 33 60 23 45 16 10 69 9 66 60 15 59 45 16 66 43 3
3618 3645 69 69 52 2 33 14 65 45 38 35 55 45 48 4 70 1 25 17 60 70 47 60 28 2
2753 4479 6 47 0 28 61 23 20 3 31 26 33 34 15 44 23 5 64 26 51 53 44 54 41 49
2239 2239 47 16 8 15 36 18 14 48 16 29 66 29 70 52 54 66 71 45 28 47 46 25 49 16
4049 4058 57 37 45 46 33 66 67 13 32 61 55 62 25 23 69 40 61 0 13 56 5 3 54 39
1828 1858 10 30 58 12 14 58 66 20 20 22 32 12 60 62 46 18 24 26 60 50 68 54 8 30
981 1602 0 11 66 16 56 22 10 40 57 66 52 23 9 13 20 70 10 41 44 30 48 24 29 27
4798 4798 58 35 24 12 47 68 32 3 45 18 34 48 69 9 63 34 55 37 71 63 70 47 59 48
819 825 53 36 65 35 40 48 43 18 8 10 18 17 39 70 53 43 39 54 25 12 57 67 37 38
239 283 65 26 46 62 11 16 45 14 54 39 22 36 46 27 9 55 1 32 60 70 55 65 39 12
379 469 1 18 16 10 46 63 6 11 56 35 38 57 58 19 58 18 66 4 57 17 58 66 12 48
2752 2752 69 66 1 3 19 16 34 37 48 22 10 66 9 14 15 53 13 48 1 24 44 52 56 10
480 485 29 10 4 32 43 8 21 35 25 28 43 24 51 22 65 16 46 63 65 12 13 41 5 7
4917 4935 66 21 25 51 52 11 2 56 65 26 40 22 36 15 32 19 8 10 24 42 11 70 71 26
1002 2126 71 13 42 18 33 57 65 58 24 31 29 46 3 59 22 10 59 22 68 53 7 38 31 5
864 864 48 12 36 24 12 36 24 24 24 60 48 12 60 36 0 0 24 24 0 48 12 24 0 36
789 800 32 60 12 9 18 66 31 30 37 33 39 29 54 21 55 45 0 11 56 11 42 13 37 17
1125 1153 21 64 21 6 33 33 33 44 4 28 1 45 1 54 4 67 18 53 62 60 15 39 19 57
1053 1286 4 68 67 6 32 12 29 41 1 24 31 9 13 31 9 63 43 50 10 46 25 25 40 8
2334 2334 34 67 9 8 10 41 26 13 18 32 19 59 12 41 5 30 67 50 20 44 25 52 54 9
2784 2793 20 63 69 57 34 57 43 55 15 55 34 25 52 24 17 63 47 43 51 26 57 9 56 49
4674 4698 14 70 66 16 51 0 61 18 69 37 55 47 20 32 24 14 34 68 27 67 13 29 35 11
1604 4570 44 28 4 19 17 53 4 9 36 36 17 71 26 15 24 3 66 38 48 0 58 56 5 70
4595 4595 18 66 48 36 54 66 0 18 42 60 60 12 6 36 18 12 36 12 54 24 42 36 6 42
498 505 4 6 66 64 46 42 34 71 68 12 45 21 50 21 30 32 51 37 56 42 38 45 8 22
2321 2365 65 45 38 16 18 61 41 32 58 63 36 47 22 41 26 62 11 70 24 71 18 52 22 18
1490 2521 6 37 62 2 3 9 6 0 65 37 52 59 54 15 68 19 1 19 6 16 53 32 68 27
3654 3654 50 10 0 3 2 43 67 11 39 27 51 25 71 39 47 56 6 27 25 22 64 11 46 19
292 294 52 63 42 29 46 32 27 38 46 53 53 71 71 45 68 27 36 34 1 32 12 29 26 63
4225 4272 64 43 8 35 50 57 67 25 67 10 43 33 66 64 45 51 56 39 27 69 1 24 70 61
638 949 26 49 19 25 70 3 58 63 47 62 23 65 51 22 20 40 38 12 15 43 18 53 45 43
774 774 66 1 39 13 44 59 28 59 19 42 38 26 15 37 61 30 15 15 59 49 39 14 52 49
3341 3360 30 24 6 68 54 23 63 45 58 61 65 26 9 43 22 17 47 65 17 47 52 11 36 32
633 673 36 66 42 15 15 15 18 36 9 27 57 48 27 57 9 60 42 33 66 36 42 12 42 18
129 1654 50 43 13 29 54 43 10 13 25 26 22 37 37 16 26 27 5 11 45 45 52 63 37 47
1306 1306 12 48 42 62 32 14 28 68 70 8 30 44 58 36 50 66 36 50 38 48 44 36 66 34
380 400 29 59 32 29 21 37 23 44 70 37 51 26 61 4 67 60 0 13 64 58 25 71 64 2
1644 1691 71 65 31 66 43 0 65 13 63 10 53 36 9 41 6 37 28 54 66 14 70 18 41 46
1576 1584 60 54 18 18 66 48 30 60 36 30 60 18 18 42 6 66 0 12 30 36 60 12 36 24
1626 1626 15 10 64 46 52 47 20 14 65 48 5 49 47 17 50 51 47 16 46 48 24 44 11 27
2922 2928 62 47 37 71 36 66 28 71 27 44 59 7 12 44 47 28 51 9 3 19 60 52 24 18
4939 4946 13 60 62 53 45 54 0 1 16 18 12 24 40 60 12 13 71 69 41 65 55 49 13 71
8 1085 52 21 25 62 5 47 62 38 5 39 47 53 4 65 0 52 54 7 39 20 33 42 63 64
1887 1887 8 64 16 16 48 64 16 56 64 40 8 0 0 0 16 48 24 24 56 8 0 40 40 24
4098 4116 20 38 17 62 45 64 2 36 13 17 50 45 21 55 3 45 5 71 68 12 11 71 36 39
4856 4869 44 51 18 71 58 35 16 7 25 43 60 21 16 29 71 25 19 11 53 69 19 13 55 31
2144 2934 27 22 68 62 64 21 48 31 53 53 60 60 27 15 52 66 21 4 39 57 18 69 6 65
1488 1488 3 39 27 6 21 69 30 24 42 18 66 54 15 33 39 30 39 24 27 33 51 36 3 33
978 1000 36 10 33 15 50 11 36 52 20 30 44 44 36 9 58 67 3 46 1 69 13 12 44 10
4362 4388 8 18 63 64 54 25 26 68 12 37 22 54 12 38 47 29 61 55 34 61 49 25 40 51
283 434 65 67 31 15 43 37 54 33 34 4 14 6 34 14 26 69 71 23 68 14 2 25 37 66
1748 1748 44 6 31 34 61 45 21 63 68 14 42 19 41 27 21 26 13 32 3 67 25 65 61 64
3922 3937 56 14 3 3 31 22 59 51 7 66 25 12 6 18 66 66 59 28 39 16 64 68 25 4
3516 3518 13 43 41 2 25 29 7 54 67 64 17 46 38 12 71 58 18 27 37 33 39 12 9 61
1674 3214 64 9 28 4 47 38 53 31 46 62 31 66 7 42 65 27 56 70 58 69 44 65 14 44
4181 4181 63 8 31 62 11 24 12 56 9 6 18 58 31 6 6 34 15 23 15 66 27 53 71 12
3001 3022 65 64 34 1 65 37 20 32 58 6 15 21 33 52 71 9 60 29 0 61 1 51 31 63
904 935 49 3 15 61 21 35 11 25 21 66 69 0 32 56 35 27 42 10 43 58 47 69 57 57
412 418 31 16 59 12 52 60 29 14 37 17 41 17 30 19 36 7 25 38 11 60 37 33 30 28
4274 4274 31 48 35 24 57 38 68 19 16 65 35 63 35 14 33 3 54 59 44 31 57 69 52 33
2793 2811 25 29 38 7 26 46 27 70 60 9 7 48 24 12 53 25 21 2 12 54 4 13 16 34
3810 3829 50 6 21 2 43 2 32 2 1 45 4 21 32 68 52 29 56 55 31 37 8 48 54 10
534 3931 49 14 69 56 18 19 22 30 18 45 7 46 69 40 17 67 26 48 19 38 53 38 25 0
3230 3230 25 34 44 51 51 21 51 30 69 7 29 10 69 47 31 44 6 6 70 53 40 55 69 33
1013 1016 8 40 56 40 48 24 32 16 40 64 0 48 16 16 64 40 24 40 64 48 16 48 16 32
686 721 18 2 41 46 57 16 20 30 14 48 68 8 42 55 43 70 13 2 23 39 33 28 37 71
2056 3732 48 50 14 58 46 32 60 8 40 4 8 2 20 12 34 30 58 14 46 6 44 36 26 20
2647 2647 0 0 0 0 0 0 0 0 0 0 0 0 0 0 0 0 0 0 0 0 0 0 0 0
3496 3511 48 48 48 30 57 12 42 63 60 42 15 12 54 18 6 33 15 57 30 3 63 12 27 9
1314 1344 34 49 58 18 50 41 32 20 70 1 23 65 39 50 65 47 58 32 44 11 67 71 32 24
1461 2796 6 4 13 32 63 23 32 21 14 12 65 68 71 53 35 65 67 6 8 34 49 59 37 66
3987 3987 36 68 52 44 38 70 44 18 22 54 28 48 68 64 48 38 66 36 0 10 50 64 30 32
1059 1076 41 54 18 69 5 41 39 61 0 52 45 27 45 17 69 13 49 13 18 28 59 69 59 38
4362 4374 31 14 42 9 41 17 62 44 57 10 68 9 67 44 60 3 19 57 26 38 68 3 47 67
2483 4205 5 60 66 6 29 15 3 57 27 23 54 9 52 14 0 27 32 64 55 28 36 66 49 31
1462 1462 33 48 30 14 16 12 14 56 39 54 18 28 69 42 40 13 66 17 42 58 10 27 2 12
3968 3985 68 64 37 3 55 3 12 59 44 33 57 11 22 42 50 70 51 16 48 43 24 71 12 52
3853 3881 59 64 23 39 54 57 40 68 45 58 57 64 42 26 0 67 33 26 52 65 22 68 64 2
530 4109 25 17 28 35 0 2 18 44 17 22 18 18 60 70 11 4 21 28 18 20 6 14 30 5
685 685 43 69 55 4 19 3 60 63 11 41 71 25 44 41 15 3 35 28 9 5 12 22 68 17
4845 4849 21 69 21 12 24 9 12 0 54 24 18 3 6 27 51 0 66 48 57 39 12 57 6 54
1419 1429 37 35 1 57 9 19 69 29 71 61 24 2 48 31 56 22 44 64 40 63 13 37 17 68
1403 2317 25 45 7 40 14 47 39 48 38 52 46 63 60 21 53 3 11 61 23 21 61 9 65 56
2972 2972 19 11 57 61 55 0 7 47 44 14 71 33 0 59 68 42 14 3 13 62 31 40 22 60
3059 3068 9 4 12 50 33 3 53 33 17 8 39 39 5 2 8 55 17 0 33 61 5 36 35 26
3162 3163 30 18 48 54 6 60 6 66 24 36 42 12 18 30 24 12 48 12 24 54 18 18 48 36
66 3358 13 5 33 66 14 53 16 67 21 30 15 34 8 65 66 21 48 40 50 35 38 54 63 32
3383 3383 18 6 6 36 36 0 42 42 18 36 18 30 30 60 60 36 18 66 60 36 54 54 54 12
4440 4461 66 50 56 15 34 13 54 47 12 55 22 39 66 30 11 62 60 41 46 70 39 2 19 45
3293 3325 18 23 41 28 39 12 63 16 59 26 54 37 59 68 7 7 40 53 69 7 26 13 59 67
1340 4962 66 21 36 24 45 12 9 12 36 36 18 60 12 66 39 12 63 54 6 60 15 51 63 54
4365 4365 18 26 14 21 19 35 40 14 32 69 9 71 48 48 37 59 30 14 45 37 30 57 31 23
2676 2690 25 37 63 65 21 21 56 41 57 3 15 41 8 63 8 35 34 57 9 48 0 40 45 25
204 210 64 28 18 9 58 47 2 12 56 32 70 71 58 55 21 21 63 60 45 46 70 24 23 60
106 153 22 68 42 62 16 41 58 40 55 7 9 55 9 40 58 24 24 11 48 20 16 61 60 51
4885 4885 46 25 53 13 42 70 57 6 41 57 27 7 56 17 59 4 17 8 69 14 45 56 47 11
740 749 27 49 37 20 8 61 39 21 51 50 50 71 17 6 24 43 37 25 31 68 15 53 12 4
1610 1634 47 38 45 49 28 65 3 52 68 21 27 59 17 7 19 53 43 64 56 46 3 15 9 44
1331 2641 44 32 24 52 7 19 7 45 46 23 35 36 31 59 58 61 20 21 9 43 1 59 16 23
4629 4629 0 9 0 45 0 0 54 54 9 0 0 27 45 9 0 45 54 18 18 63 36 18 63 9
2041 2049 57 13 46 57 24 36 37 24 21 26 27 43 38 62 26 26 57 15 62 14 3 24 16 56
3393 3397 22 70 23 56 25 16 55 65 50 32 56 37 26 70 66 67 6 28 9 57 8 36 12 8
209 4362 35 61 47 42 67 26 56 10 6 5 4 52 50 1 60 24 24 26 8 65 40 19 8 68
803 803 14 8 24 62 24 10 62 70 66 48 56 22 36 64 68 36 28 24 48 2 32 58 30 4
1123 1142 0 60 5 25 28 47 46 49 66 38 20 42 23 22 68 65 23 49 7 40 67 43 58 7
1820 1859 15 47 59 65 50 51 37 50 70 56 47 11 7 38 41 68 57 45 48 12 17 55 14 59
3 319 65 2 21 14 48 39 34 27 8 9 48 48 37 19 6 21 6 57 20 0 53 64 30 22
3465 3465 69 63 66 57 57 30 6 45 21 57 18 12 30 9 66 63 21 27 57 36 30 18 24 12
4807 4814 0 0 0 0 0 0 0 0 0 0 0 0 0 0 0 0 0 0 0 0 0 0 0 0
3916 3921 55 32 20 35 14 24 26 54 64 47 15 49 36 28 52 37 7 1 58 10 56 45 28 62
143 620 16 27 42 65 27 49 37 18 50 55 8 21 27 33 51 6 55 45 2 23 30 11 5 15
510 510 6 36 24 36 12 54 0 54 60 24 54 36 42 36 42 48 0 66 60 42 36 42 54 24
4382 4383 39 44 8 64 15 69 39 50 59 54 17 25 60 4 45 22 26 10 68 33 23 16 32 23
2995 3019 11 61 51 45 27 31 71 9 64 56 10 3 14 63 42 2 42 19 6 18 39 3 36 35
887 1597 30 55 14 35 44 6 18 47 50 71 21 46 55 21 63 46 58 60 53 46 53 38 56 70
3126 3126 18 6 26 56 30 58 62 56 46 6 64 68 44 32 50 62 52 34 0 44 28 36 38 68
3934 3957 44 27 54 66 52 5 60 68 22 65 59 23 2 57 42 11 3 68 60 56 23 35 43 28
765 767 11 48 26 21 46 46 23 41 62 38 39 44 61 0 35 5 11 45 53 2 46 20 32 30
2395 2695 1 48 5 24 4 47 22 51 10 49 11 4 35 18 1 25 19 53 26 36 28 35 24 21
2560 2560 60 19 1 11 47 70 62 40 45 16 68 71 19 12 62 29 62 43 63 44 68 11 67 37
2306 2314 18 22 35 38 28 46 14 71 27 24 68 54 4 5 60 63 13 37 28 28 71 12 25 63
2219 2227 42 54 30 0 60 6 60 54 24 0 66 42 0 48 54 30 48 66 18 54 48 60 6 54
1040 2378 19 70 70 0 43 0 58 43 30 60 64 63 32 41 24 62 0 6 51 61 32 1 8 19
1017 1017 39 48 0 51 60 54 57 45 12 66 12 51 18 6 3 33 21 6 3 6 54 15 24 30
724 741 56 70 52 41 50 69 69 17 27 63 38 11 13 16 23 0 18 33 32 28 56 29 50 39
4420 4437 34 60 11 3 9 14 47 13 68 63 2 68 61 26 14 33 26 45 63 50 47 16 20 69
3105 4951 48 8 40 64 36 16 40 16 32 32 56 52 40 68 40 36 4 32 20 56 60 40 20 24
3456 3456 59 15 20 16 46 11 48 48 34 21 56 64 19 28 53 57 62 71 0 5 55 32 1 32
2212 2218 25 47 62 69 19 27 69 11 66 2 28 46 33 21 21 70 21 49 3 26 2 67 39 12
4743 4774 41 19 27 17 63 16 69 19 60 13 33 9 51 43 11 39 58 64 45 62 55 44 27 15
4109 4739 69 0 3 55 0 11 3 33 49 12 60 32 62 37 49 11 34 9 12 30 60 48 34 11
4102 4102 64 0 64 56 56 32 40 16 16 56 64 16 56 8 48 56 8 16 8 40 56 40 64 40
656 678 14 15 70 32 53 62 4 71 43 57 7 57 2 35 26 17 9 55 33 14 30 62 16 62
3856 3872 30 29 68 35 0 51 25 27 62 19 12 64 69 67 57 27 53 60 61 14 7 37 25 51
395 865 43 5 53 11 33 57 61 44 45 17 1 9 18 2 18 2 3 22 0 57 6 17 0 25
4479 4479 6 22 32 27 65 30 20 17 15 71 36 71 53 9 18 21 23 63 50 50 15 67 47 41
2064 2074 34 20 48 58 60 22 10 26 4 32 40 4 16 46 10 56 70 36 30 46 64 70 58 60
741 758 60 15 37 29 39 33 7 4 62 10 61 33 1 51 46 53 71 42 66 29 18 0 32 22
3804 4874 66 59 52 20 52 21 36 0 68 15 31 1 43 47 31 69 31 60 5 57 41 33 6 49
2850 2850 9 63 54 27 36 45 18 63 18 0 9 45 36 0 36 9 0 0 27 63 63 36 45 18
1330 1343 27 63 3 18 6 63 27 30 60 60 12 69 9 66 42 33 18 12 6 69 66 54 15 60
803 838 67 44 71 20 7 16 3 53 40 61 44 49 47 37 15 19 71 20 21 33 60 21 62 49
451 871 15 64 58 63 25 59 20 29 22 13 46 12 4 38 43 22 43 27 17 52 7 60 10 70
1094 1094 43 31 5 60 51 29 53 62 21 2 22 68 66 15 56 11 25 65 37 40 55 4 51 23
551 555 17 66 30 7 4 31 24 56 7 12 49 14 40 51 19 54 21 35 61 54 30 38 11 40
4810 4834 61 50 44 45 68 54 48 4 24 24 23 5 6 55 16 39 31 20 12 31 58 5 2 4
3355 3490 2 55 6 31 47 18 16 38 42 54 55 45 32 44 8 7 14 67 69 25 59 0 19 7
2927 2927 2 19 61 15 48 66 24 35 67 22 41 39 52 62 71 36 63 31 63 27 24 46 54 34
1957 1978 17 21 7 57 45 51 4 71 40 22 9 18 39 50 9 54 42 37 70 53 62 67 32 53
3058 3079 18 49 23 2 29 31 16 22 0 48 63 68 2 49 54 20 31 15 67 33 19 42 30 26
1706 3792 37 12 20 60 51 3 11 64 68 28 1 30 31 57 25 33 35 14 10 40 26 67 2 24
1925 1925 51 49 44 37 2 1 2 44 40 35 29 0 36 14 37 46 5 40 58 33 63 37 15 66
4766 4783 60 12 27 38 11 59 67 55 9 25 7 6 21 8 48 44 25 11 7 24 32 6 38 16
588 611 45 61 15 65 25 23 63 10 12 45 14 56 12 23 45 70 8 35 51 61 27 10 19 44
3214 3612 1 2 25 15 29 65 35 60 27 66 6 31 28 56 19 11 47 34 48 5 28 24 62 25
2318 2318 0 0 0 0 0 0 0 0 0 0 0 0 0 0 0 0 0 0 0 0 0 0 0 0
4061 4061 16 51 59 16 71 64 65 23 68 33 46 1 65 43 48 64 71 48 18 27 31 58 7 68
3671 3708 24 40 56 32 36 8 68 24 60 48 48 44 32 40 12 24 36 12 20 24 28 24 60 40
290 1063 32 31 4 59 13 31 9 0 30 43 50 71 61 52 45 65 70 15 12 65 5 70 5 61
4027 4027 0 0 0 0 0 0 0 0 0 0 0 0 0 0 0 0 0 0 0 0 0 0 0 0
1157 1167 6 70 0 28 21 68 26 55 39 33 39 2 33 44 18 67 36 6 68 54 37 24 54 13
1513 1522 60 66 55 12 38 64 56 54 66 61 67 59 10 45 62 23 57 70 62 35 19 71 64 11
2396 3484 66 13 67 71 47 44 33 39 16 3 5 62 20 21 66 39 33 14 53 11 36 61 44 59
2877 2877 45 71 6 13 50 34 59 4 62 46 18 20 23 30 31 56 38 42 40 23 31 24 26 43
1601 1613 16 64 0 0 32 56 32 24 56 48 32 48 48 64 56 48 48 0 64 0 64 64 32 32
1642 1669 55 26 17 23 14 52 6 7 65 53 61 42 27 24 70 0 33 29 65 22 66 63 68 9
26 100 19 3 70 18 11 35 29 7 61 54 42 41 49 61 33 52 41 14 35 12 55 8 8 38
3299 3299 60 28 8 16 64 24 16 40 60 8 60 36 4 60 20 4 24 28 40 24 64 4 32 36
3793 3799 0 0 27 9 63 9 9 27 18 63 18 18 36 9 9 0 36 45 9 45 36 63 9 18
4223 4242 4 43 54 51 2 16 15 35 58 42 45 20 24 71 35 4 12 20 20 71 11 57 10 71
291 3046 21 48 58 58 49 0 56 47 12 40 27 16 67 28 60 25 22 59 61 20 62 0 32 3
3229 3229 0 0 0 0 0 0 0 0 0 0 0 0 0 0 0 0 0 0 0 0 0 0 0 0
4278 4281 24 0 24 0 24 0 0 0 48 48 48 0 48 0 48 24 48 48 0 48 0 0 0 48
1718 1745 70 4 67 13 26 65 33 52 4 26 8 28 66 40 33 41 43 46 38 62 25 16 38 57
893 2648 54 63 44 27 39 62 19 53 53 28 31 43 22 49 30 30 39 25 27 55 31 40 45 38
3571 3571 23 2 22 29 21 32 38 48 16 12 54 3 47 51 53 25 65 25 21 29 70 57 27 5
663 682 48 44 59 20 27 45 50 55 42 23 11 25 30 55 21 39 35 14 13 3 2 53 63 64
731 777 62 40 12 8 54 4 53 17 63 58 37 45 5 29 26 44 34 5 45 1 35 55 4 71
1710 4412 36 33 54 42 57 48 21 27 57 18 36 15 57 24 27 21 15 51 69 0 63 9 30 30
3460 3460 16 53 38 54 59 67 5 29 16 14 13 55 47 33 31 43 47 62 6 4 9 27 69 9
3056 3077 11 64 29 29 13 46 2 17 53 57 36 58 70 56 35 16 27 71 49 60 41 63 65 69
1605 1608 40 28 30 50 6 58 36 64 60 36 14 6 12 28 36 36 20 16 0 36 0 30 14 28
2142 4968 59 49 52 43 21 23 41 13 37 24 17 22 56 38 71 29 68 7 69 39 43 42 39 1
1187 1187 36 36 60 36 36 12 60 60 0 24 24 36 48 24 24 24 60 12 12 24 0 0 60 36
1873 1883 45 70 43 31 36 41 69 66 31 15 3 61 51 28 54 25 61 29 40 7 62 64 1 46
3918 3941 20 54 8 59 17 32 25 63 30 68 22 0 23 67 22 52 34 18 28 30 61 13 11 36
1739 2376 42 12 66 21 18 54 9 24 60 6 6 21 63 27 39 9 15 3 63 27 21 15 33 36
1147 1147 6 13 28 58 34 27 49 34 66 51 33 29 29 26 34 10 25 61 5 66 41 52 21 65
1554 1574 36 25 42 37 66 55 30 38 7 31 11 7 61 38 39 38 39 51 61 64 24 35 4 24
1809 1814 8 69 33 39 27 10 33 69 67 35 17 40 52 11 43 60 15 14 48 1 66 22 70 51
1449 1489 27 48 0 39 53 56 44 30 53 6 1 31 20 4 11 24 6 12 46 13 25 3 32 37
3004 3004 26 21 71 23 33 6 2 14 31 67 57 0 41 40 51 55 27 46 47 64 15 30 28 62
3624 3642 68 26 56 25 60 64 49 30 48 54 57 3 32 64 27 39 35 4 42 15 57 68 13 60
4069 4097 58 41 18 67 66 21 8 35 17 45 37 46 26 28 24 17 2 34 39 16 46 45 44 13
402 1596 24 16 68 2 64 42 10 28 24 4 14 10 48 70 70 4 0 40 30 22 10 10 54 48
3224 3224 0 0 0 0 0 0 0 0 0 0 0 0 0 0 0 0 0 0 0 0 0 0 0 0
3541 3561 48 60 24 0 60 48 0 60 48 60 0 36 60 36 60 12 36 12 0 60 0 24 60 60
2247 2251 27 51 59 10 18 23 47 1 18 61 36 55 57 4 62 5 3 32 24 54 33 22 54 6
2676 3607 9 9 18 69 54 10 41 36 7 65 31 67 3 8 51 20 20 7 62 4 49 1 56 44
3347 3347 5 59 11 64 60 27 1 1 2 8 29 40 26 65 61 25 61 60 59 47 47 69 39 65
572 580 49 36 44 56 42 3 36 57 1 13 16 68 14 3 7 44 67 29 54 21 27 63 0 26
2996 3016 17 56 22 6 23 2 48 24 7 14 58 26 44 2 7 63 15 31 48 27 56 57 71 21
1187 3907 30 61 21 41 11 8 11 46 40 25 9 31 34 65 16 48 1 56 49 62 28 69 49 49
602 602 4 64 1 54 50 4 29 45 9 56 60 0 68 63 39 20 39 71 1 3 42 52 10 23
3285 3305 30 0 35 56 18 33 71 54 22 35 54 42 35 64 50 7 35 0 6 43 64 33 48 48
4909 4947 61 19 65 62 29 50 35 32 21 15 25 12 44 36 64 26 42 11 53 13 54 14 67 44
2964 3930 48 60 48 46 64 22 7 34 53 23 36 59 56 7 33 9 20 56 49 56 1 57 21 38
437 437 36 42 58 34 18 47 41 51 2 4 26 44 30 60 50 5 59 2 40 64 36 60 67 45
565 585 27 29 14 35 24 48 44 65 30 7 68 47 9 56 11 18 28 71 22 29 4 40 8 67
4014 4014 37 62 45 52 40 6 45 13 16 71 3 7 43 50 45 15 51 32 68 0 11 53 64 14
897 3225 54 48 10 67 42 39 28 25 44 7 1 32 1 23 50 66 2 68 47 25 70 61 29 42
2793 2793 64 61 61 52 56 29 69 19 3 43 15 50 43 43 8 13 60 42 12 6 27 34 3 14
1164 1167 64 29 4 7 2 60 46 25 4 2 44 37 4 24 70 71 37 13 57 8 9 39 66 70
2523 2530 24 0 32 0 58 52 60 40 36 42 51 7 18 40 47 34 12 30 46 21 59 46 5 64
60 378 34 36 38 0 22 47 7 42 71 53 0 11 10 20 64 13 18 39 26 14 18 70 39 51
4880 4880 0 0 0 0 0 0 0 0 0 0 0 0 0 0 0 0 0 0 0 0 0 0 0 0
2498 2516 42 7 28 11 61 13 23 61 33 5 23 65 48 18 58 34 41 2 48 12 69 32 53 19
1736 1772 25 10 25 5 13 70 53 6 55 49 14 7 20 12 20 51 21 14 19 34 71 16 31 69
1278 1853 59 62 25 66 63 25 32 8 62 44 41 30 23 6 0 4 22 40 68 39 14 58 46 66
151 151 57 69 56 27 31 20 46 4 51 40 45 22 61 46 69 4 16 16 23 7 3 45 44 3
3301 3315 19 0 42 53 46 66 11 8 54 55 40 41 55 43 60 57 28 0 16 20 28 40 27 22
2256 2293 25 60 50 37 68 44 30 34 44 50 15 20 38 44 64 27 25 8 59 40 44 19 1 9
440 2242 34 1 19 5 32 40 32 64 19 16 5 25 31 14 8 65 7 67 19 34 44 40 33 1
574 574 58 9 9 55 5 29 25 69 45 52 10 19 5 40 23 34 10 26 12 53 71 64 31 21
734 757 14 0 22 70 62 18 40 24 32 12 64 70 56 0 4 20 4 42 26 46 62 48 8 68
3068 3083 52 8 48 12 66 38 16 8 14 24 18 52 2 66 60 22 52 20 70 66 36 54 28 8
2646 4344 13 12 5 66 14 37 31 47 1 28 10 3 30 29 71 1 37 45 46 11 16 4 40 54
4925 4925 12 48 0 60 33 39 24 12 63 66 57 27 24 51 21 6 51 24 51 63 12 39 6 63
1386 1407 3 44 5 42 42 62 21 14 56 49 43 6 29 57 68 65 60 22 58 1 17 16 25 22
2534 2567 65 33 10 60 4 14 19 36 6 38 44 32 4 37 20 46 66 43 20 57 71 32 1 35
2459 4694 31 28 47 3 1 60 54 31 59 18 50 24 24 45 9 51 16 12 54 12 43 26 41 24
2613 2613 27 31 41 44 0 27 60 25 52 27 48 53 64 48 42 49 13 21 20 33 16 55 9 18
1259 1277 32 14 12 7 1 44 5 39 26 55 71 6 5 32 24 39 36 63 49 71 37 50 57 66
4839 4851 55 17 7 6 17 30 66 18 3 1 29 62 36 14 25 24 29 62 22 35 30 23 22 27
516 1313 58 8 37 14 1 0 13 31 60 33 48 33 60 18 24 61 65 24 6 42 68 13 63 34
3012 3012 14 50 54 58 60 18 14 4 38 20 0 0 4 8 44 44 54 12 34 12 6 30 60 2
2195 2205 51 45 69 18 30 66 51 57 9 54 60 54 9 57 54 63 54 21 6 3 54 63 30 6
1535 1538 18 36 0 9 54 18 63 45 9 0 45 0 18 45 63 63 54 9 18 27 36 63 9 18
1129 2101 62 9 6 31 22 66 25 2 6 19 13 34 2 7 62 42 42 11 61 3 45 59 41 62
296 296 11 9 22 27 59 46 34 22 17 49 54 13 14 3 36 14 48 69 70 43 19 56 53 47
864 879 28 67 9 26 43 57 38 56 2 65 58 13 29 21 60 12 26 62 0 52 37 8 6 57
2612 2633 32 66 47 13 38 62 40 26 38 50 62 59 40 67 62 25 24 58 7 4 23 50 38 70
392 1205 54 19 14 65 47 64 2 64 63 41 69 40 29 61 61 37 47 20 21 38 16 61 47 6
3103 3103 29 29 25 65 39 26 26 47 55 3 19 68 59 34 13 35 36 6 69 8 52 12 37 61
3503 3507 15 49 54 53 47 19 68 35 49 54 39 7 59 70 6 62 67 35 46 46 48 54 51 68
4188 4200 29 21 46 47 68 66 2 33 43 59 41 66 57 45 17 40 34 2 47 47 67 10 69 7
789 1695 66 8 65 52 24 21 36 55 40 67 8 62 2 27 19 53 23 1 2 62 3 6 42 52
3360 3360 24 29 67 36 60 54 44 51 41 21 39 16 48 20 54 25 18 18 62 32 22 67 29 34
1534 1541 30 64 37 7 18 3 17 46 0 44 22 20 36 60 64 45 59 38 59 40 45 47 21 7
1461 1472 1 39 41 37 68 48 9 40 11 35 19 25 58 61 44 27 2 35 46 0 42 33 21 65
1126 1933 40 48 0 56 0 64 16 64 24 8 32 8 0 40 32 64 24 8 0 16 8 56 24 24
4719 4719 15 39 9 42 30 33 15 9 18 36 63 39 66 48 54 27 9 69 45 3 66 42 66 45
3030 3039 10 14 70 24 44 0 10 29 71 27 64 21 62 22 8 71 32 4 45 5 28 56 47 50
2629 2662 46 69 57 63 61 12 65 43 0 69 29 40 9 59 59 23 38 56 62 20 56 50 18 50
523 783 58 9 28 7 4 41 60 24 68 39 54 65 57 60 70 44 5 16 22 19 6 5 51 0
715 715 0 0 0 0 0 0 0 0 0 0 0 0 0 0 0 0 0 0 0 0 0 0 0 0
3804 3805 24 24 24 0 0 0 24 0 48 24 48 24 48 0 24 0 0 48 48 0 24 48 0 48
3507 3533 64 35 15 66 50 63 14 19 64 45 37 47 16 18 60 0 71 50 29 45 53 2 5 63
1460 4394 8 57 21 46 58 49 38 32 19 6 33 15 24 36 5 26 1 12 36 11 37 26 7 13
3181 3181 0 0 0 0 0 0 0 0 0 0 0 0 0 0 0 0 0 0 0 0 0 0 0 0
421 440 24 9 30 67 70 24 40 30 39 33 65 25 70 60 69 11 22 21 71 14 53 43 31 29
3247 3259 6 68 37 26 27 64 45 40 47 67 38 70 31 46 34 51 4 4 56 2 34 40 48 65
7 256 27 30 4 15 59 60 66 64 65 16 50 11 12 32 52 1 47 38 41 67 25 27 61 57
4303 4303 70 2 30 31 23 29 45 28 57 52 37 33 35 55 20 6 36 3 46 10 71 3 21 10
3246 3248 38 69 44 51 38 69 56 48 46 5 46 7 65 65 36 49 3 44 59 65 47 22 49 48
2115 2140 29 27 0 15 41 34 2 66 58 51 19 45 36 64 50 68 15 25 31 42 18 69 9 53
677 2498 48 7 59 63 66 67 66 63 49 68 13 8 7 22 42 51 50 30 64 0 37 27 16 46
4257 4257 54 15 23 48 36 58 62 68 26 67 8 4 44 33 58 25 36 59 29 13 21 6 53 46
3273 3274 63 34 71 8 33 54 57 6 58 65 6 49 49 53 11 30 47 10 47 63 34 29 26 40
2153 2164 45 57 57 64 43 68 52 10 9 38 26 46 32 1 58 21 9 58 25 17 10 57 29 71
279 1893 42 30 35 23 64 49 36 25 39 15 49 26 36 18 65 69 35 16 45 54 71 46 14 34
1709 1709 15 45 57 66 33 54 21 54 12 42 21 42 54 48 36 12 33 69 15 9 66 3 42 45
332 354 65 65 2 62 24 42 22 64 56 36 64 18 44 22 60 66 37 28 55 17 47 43 70 29
2704 2724 28 10 68 67 37 52 71 17 56 20 66 32 49 51 31 21 0 32 51 38 32 11 32 45
34 35 35 25 30 9 10 36 68 59 64 13 43 38 39 58 50 42 11 66 12 21 55 64 36 7
3916 3916 70 3 65 43 47 16 1 32 58 11 20 6 3 26 61 27 62 2 46 16 17 4 59 67
3394 3416 42 66 50 15 30 5 53 8 59 27 34 52 27 40 38 57 70 17 49 19 43 37 43 4
1013 1019 69 40 44 55 21 65 34 50 28 70 55 18 12 49 31 19 1 49 10 56 71 48 1 50
482 3798 50 23 13 54 27 22 19 18 21 62 28 35 45 28 64 16 37 4 48 68 70 41 69 5
875 875 24 0 56 56 0 8 56 16 32 40 48 64 0 32 48 56 16 48 0 16 56 24 16 48
2213 2233 3 48 67 53 44 23 54 31 69 8 32 71 42 37 69 41 54 68 65 35 30 5 30 62
4479 4518 3 23 1 12 31 63 61 46 8 64 65 27 38 33 55 7 69 14 36 10 62 64 7 22
1356 3405 22 13 9 32 4 47 14 23 24 4 58 3 2 48 23 35 31 6 3 31 46 6 34 49
